model,state,target,target_family,posthoc_identity,observed_family,same_family,own_object_match,assisted_fallback,baseline_answer,baseline_response_file,baseline_p_A,baseline_p_A_lower,baseline_p_A_upper,baseline_p_C,baseline_p_C_lower,baseline_p_C_upper,ablation_answer,ablation_response_file,ablation_p_A,ablation_p_A_lower,ablation_p_A_upper,ablation_p_C,ablation_p_C_lower,ablation_p_C_upper,p_A_change_lower,p_A_change_upper
qwen3.5:4b,original,Gear_Large,gear,Gear_Large,gear,True,True,False,A,../vlm_four_scene_20260925/raw/qwen3.5-4b/original/Gear_Large/Gear_Large.json,0.6104155105475253,0.6104155105475253,0.6104155105475253,0.246117946932092,0.246117946932092,0.246117946932092,A,qwen3.5-4b/responses/original/Gear_Large/Gear_Large.json,0.7165725184340198,0.7165725184340198,0.7165725184340198,0.15939019410649044,0.15939019410649044,0.15939019410649044,0.10615700788649451,0.10615700788649451
qwen3.5:4b,original,Gear_Medium,gear,Gear_Large,gear,True,False,False,A,../vlm_four_scene_20260925/raw/qwen3.5-4b/original/Gear_Medium/Gear_Large.json,0.49734177923198464,0.49734177923198464,0.49734177923198464,0.33961077348227164,0.33961077348227164,0.33961077348227164,A,qwen3.5-4b/responses/original/Gear_Medium/Gear_Large.json,0.7165725184340198,0.7165725184340198,0.7165725184340198,0.15939019410649044,0.15939019410649044,0.15939019410649044,0.21923073920203517,0.21923073920203517
qwen3.5:4b,original,Gear_Small,gear,Gear_Large,gear,True,False,False,A,../vlm_four_scene_20260925/raw/qwen3.5-4b/original/Gear_Small/Gear_Large.json,0.46311089382856313,0.46311089382856313,0.46311089382856313,0.36795801516119186,0.36795801516119186,0.36795801516119186,A,qwen3.5-4b/responses/original/Gear_Small/Gear_Large.json,0.7165725184340198,0.7165725184340198,0.7165725184340198,0.15939019410649044,0.15939019410649044,0.15939019410649044,0.2534616246054567,0.2534616246054567
qwen3.5:4b,original,Waterproof_Male,Waterproof_Male,Gear_Large,gear,False,False,False,C,../vlm_four_scene_20260925/raw/qwen3.5-4b/original/Waterproof_Male/Gear_Large.json,0.0803495727985102,0.0803495727985102,0.0803495727985102,0.6118881638988691,0.6118881638988691,0.6118881638988691,C,qwen3.5-4b/responses/original/Waterproof_Male/Gear_Large.json,0.07409523026952135,0.07409523026952135,0.07409523026952135,0.6743312503515486,0.6743312503515486,0.6743312503515486,-0.006254342528988849,-0.006254342528988849
qwen3.5:4b,original,M12_Hex_Nut,hex_nut,Gear_Large,gear,False,False,False,C,../vlm_four_scene_20260925/raw/qwen3.5-4b/original/M12_Hex_Nut/Gear_Large.json,0.11518332082603552,0.11518332082603552,0.11518332082603552,0.6174135752584132,0.6174135752584132,0.6174135752584132,C,qwen3.5-4b/responses/original/M12_Hex_Nut/Gear_Large.json,0.03509906578170005,0.03509906578170005,0.03509906578170005,0.5023301718981509,0.5023301718981509,0.5023301718981509,-0.08008425504433547,-0.08008425504433547
qwen3.5:4b,original,M16_Hex_Nut,hex_nut,Gear_Large,gear,False,False,False,C,../vlm_four_scene_20260925/raw/qwen3.5-4b/original/M16_Hex_Nut/Gear_Large.json,0.12733949853467721,0.12733949853467721,0.12733949853467721,0.6376357603881855,0.6376357603881855,0.6376357603881855,C,qwen3.5-4b/responses/original/M16_Hex_Nut/Gear_Large.json,0.03509906578170005,0.03509906578170005,0.03509906578170005,0.5023301718981509,0.5023301718981509,0.5023301718981509,-0.09224043275297716,-0.09224043275297716
qwen3.5:4b,original,RGOCG16-50_16mm,round_pin,Gear_Large,gear,False,False,False,C,../vlm_four_scene_20260925/raw/qwen3.5-4b/original/RGOCG16-50_16mm/Gear_Large.json,0.18821797024990736,0.18821797024990736,0.18821797024990736,0.5998005779439446,0.5998005779439446,0.5998005779439446,C,qwen3.5-4b/responses/original/RGOCG16-50_16mm/Gear_Large.json,0.03867484614244319,0.03867484614244319,0.03867484614244319,0.804959481901695,0.804959481901695,0.804959481901695,-0.14954312410746418,-0.14954312410746418
qwen3.5:4b,original,RGOCG12-50_12mm,round_pin,Gear_Large,gear,False,False,False,C,../vlm_four_scene_20260925/raw/qwen3.5-4b/original/RGOCG12-50_12mm/Gear_Large.json,0.20766234992109728,0.20766234992109728,0.20766234992109728,0.5895553253615066,0.5895553253615066,0.5895553253615066,C,qwen3.5-4b/responses/original/RGOCG12-50_12mm/Gear_Large.json,0.03867484614244319,0.03867484614244319,0.03867484614244319,0.804959481901695,0.804959481901695,0.804959481901695,-0.1689875037786541,-0.1689875037786541
qwen3.5:4b,original,RGOCG8-50_8mm,round_pin,Gear_Large,gear,False,False,False,C,../vlm_four_scene_20260925/raw/qwen3.5-4b/original/RGOCG8-50_8mm/Gear_Large.json,0.15487183643690802,0.15487183643690802,0.15487183643690802,0.6382973707101339,0.6382973707101339,0.6382973707101339,C,qwen3.5-4b/responses/original/RGOCG8-50_8mm/Gear_Large.json,0.03867484614244319,0.03867484614244319,0.03867484614244319,0.804959481901695,0.804959481901695,0.804959481901695,-0.11619699029446484,-0.11619699029446484
qwen3.5:4b,original,USB_Male,USB_Male,Gear_Large,gear,False,False,False,C,../vlm_four_scene_20260925/raw/qwen3.5-4b/original/USB_Male/Gear_Large.json,0.04035512038637085,0.04035512038637085,0.04035512038637085,0.8185350853985431,0.8185350853985431,0.8185350853985431,C,qwen3.5-4b/responses/original/USB_Male/Gear_Large.json,0.015506473340565038,0.015506473340565038,0.015506473340565038,0.918087718300437,0.918087718300437,0.918087718300437,-0.024848647045805815,-0.024848647045805815
qwen3.5:4b,original,DSUB_Male,DSUB_Male,Gear_Large,gear,False,False,False,C,../vlm_four_scene_20260925/raw/qwen3.5-4b/original/DSUB_Male/Gear_Large.json,0.07201893309958247,0.07201893309958247,0.07201893309958247,0.8155263657455778,0.8155263657455778,0.8155263657455778,C,qwen3.5-4b/responses/original/DSUB_Male/Gear_Large.json,0.022194173872493894,0.022194173872493894,0.022194173872493894,0.951922355301152,0.951922355301152,0.951922355301152,-0.04982475922708858,-0.04982475922708858
qwen3.5:4b,original,Gear_Large,gear,Gear_Medium,gear,True,False,False,A,../vlm_four_scene_20260925/raw/qwen3.5-4b/original/Gear_Large/Gear_Medium.json,0.8254046422493737,0.8254046422493737,0.8254046422493737,0.07898508388894224,0.07898508388894224,0.07898508388894224,A,qwen3.5-4b/responses/original/Gear_Large/Gear_Medium.json,0.9185423268161821,0.9185423268161821,0.9185423268161821,0.04241463253041264,0.04241463253041264,0.04241463253041264,0.09313768456680838,0.09313768456680838
qwen3.5:4b,original,Gear_Medium,gear,Gear_Medium,gear,True,True,False,A,../vlm_four_scene_20260925/raw/qwen3.5-4b/original/Gear_Medium/Gear_Medium.json,0.8425060462755548,0.8425060462755548,0.8425060462755548,0.07244963671072385,0.07244963671072385,0.07244963671072385,A,qwen3.5-4b/responses/original/Gear_Medium/Gear_Medium.json,0.9185423268161821,0.9185423268161821,0.9185423268161821,0.04241463253041264,0.04241463253041264,0.04241463253041264,0.07603628054062728,0.07603628054062728
qwen3.5:4b,original,Gear_Small,gear,Gear_Medium,gear,True,False,False,A,../vlm_four_scene_20260925/raw/qwen3.5-4b/original/Gear_Small/Gear_Medium.json,0.8009448051659074,0.8009448051659074,0.8009448051659074,0.10108176523093997,0.10108176523093997,0.10108176523093997,A,qwen3.5-4b/responses/original/Gear_Small/Gear_Medium.json,0.9185423268161821,0.9185423268161821,0.9185423268161821,0.04241463253041264,0.04241463253041264,0.04241463253041264,0.1175975216502747,0.1175975216502747
qwen3.5:4b,original,Waterproof_Male,Waterproof_Male,Gear_Medium,gear,False,False,False,C,../vlm_four_scene_20260925/raw/qwen3.5-4b/original/Waterproof_Male/Gear_Medium.json,0.06800005758353171,0.06800005758353171,0.06800005758353171,0.5556615572617356,0.5556615572617356,0.5556615572617356,C,qwen3.5-4b/responses/original/Waterproof_Male/Gear_Medium.json,0.06878008620848719,0.06878008620848719,0.06878008620848719,0.6175118593946571,0.6175118593946571,0.6175118593946571,0.0007800286249554783,0.0007800286249554783
qwen3.5:4b,original,M12_Hex_Nut,hex_nut,Gear_Medium,gear,False,False,False,C,../vlm_four_scene_20260925/raw/qwen3.5-4b/original/M12_Hex_Nut/Gear_Medium.json,0.0618094928462194,0.0618094928462194,0.0618094928462194,0.5997770543127914,0.5997770543127914,0.5997770543127914,B,qwen3.5-4b/responses/original/M12_Hex_Nut/Gear_Medium.json,0.05404230777263712,0.05404230777263712,0.05404230777263712,0.19411742845520996,0.19411742845520996,0.19411742845520996,-0.007767185073582282,-0.007767185073582282
qwen3.5:4b,original,M16_Hex_Nut,hex_nut,Gear_Medium,gear,False,False,False,C,../vlm_four_scene_20260925/raw/qwen3.5-4b/original/M16_Hex_Nut/Gear_Medium.json,0.08909369234149986,0.08909369234149986,0.08909369234149986,0.7056382255376966,0.7056382255376966,0.7056382255376966,B,qwen3.5-4b/responses/original/M16_Hex_Nut/Gear_Medium.json,0.05404230777263712,0.05404230777263712,0.05404230777263712,0.19411742845520996,0.19411742845520996,0.19411742845520996,-0.03505138456886274,-0.03505138456886274
qwen3.5:4b,original,RGOCG16-50_16mm,round_pin,Gear_Medium,gear,False,False,False,C,../vlm_four_scene_20260925/raw/qwen3.5-4b/original/RGOCG16-50_16mm/Gear_Medium.json,0.13466827479481752,0.13466827479481752,0.13466827479481752,0.5688246546803403,0.5688246546803403,0.5688246546803403,C,qwen3.5-4b/responses/original/RGOCG16-50_16mm/Gear_Medium.json,0.06509012248902392,0.06509012248902392,0.06509012248902392,0.5229682385116562,0.5229682385116562,0.5229682385116562,-0.0695781523057936,-0.0695781523057936
qwen3.5:4b,original,RGOCG12-50_12mm,round_pin,Gear_Medium,gear,False,False,False,C,../vlm_four_scene_20260925/raw/qwen3.5-4b/original/RGOCG12-50_12mm/Gear_Medium.json,0.1378452760074517,0.1378452760074517,0.1378452760074517,0.5454195738808808,0.5454195738808808,0.5454195738808808,C,qwen3.5-4b/responses/original/RGOCG12-50_12mm/Gear_Medium.json,0.06509012248902392,0.06509012248902392,0.06509012248902392,0.5229682385116562,0.5229682385116562,0.5229682385116562,-0.07275515351842778,-0.07275515351842778
qwen3.5:4b,original,RGOCG8-50_8mm,round_pin,Gear_Medium,gear,False,False,False,C,../vlm_four_scene_20260925/raw/qwen3.5-4b/original/RGOCG8-50_8mm/Gear_Medium.json,0.14548423834718324,0.14548423834718324,0.14548423834718324,0.6226581883953927,0.6226581883953927,0.6226581883953927,C,qwen3.5-4b/responses/original/RGOCG8-50_8mm/Gear_Medium.json,0.06509012248902392,0.06509012248902392,0.06509012248902392,0.5229682385116562,0.5229682385116562,0.5229682385116562,-0.08039411585815932,-0.08039411585815932
qwen3.5:4b,original,USB_Male,USB_Male,Gear_Medium,gear,False,False,False,C,../vlm_four_scene_20260925/raw/qwen3.5-4b/original/USB_Male/Gear_Medium.json,0.020088264777826013,0.020088264777826013,0.020088264777826013,0.7756787576449431,0.7756787576449431,0.7756787576449431,C,qwen3.5-4b/responses/original/USB_Male/Gear_Medium.json,0.01980505604721256,0.01980505604721256,0.01980505604721256,0.8080902077960905,0.8080902077960905,0.8080902077960905,-0.00028320873061345175,-0.00028320873061345175
qwen3.5:4b,original,DSUB_Male,DSUB_Male,Gear_Medium,gear,False,False,False,C,../vlm_four_scene_20260925/raw/qwen3.5-4b/original/DSUB_Male/Gear_Medium.json,0.052187422513735184,0.052187422513735184,0.052187422513735184,0.5879108813279114,0.5879108813279114,0.5879108813279114,C,qwen3.5-4b/responses/original/DSUB_Male/Gear_Medium.json,0.02716161934816493,0.02716161934816493,0.02716161934816493,0.889505801945076,0.889505801945076,0.889505801945076,-0.025025803165570255,-0.025025803165570255
qwen3.5:4b,original,Gear_Large,gear,Gear_Small,gear,True,False,False,A,../vlm_four_scene_20260925/raw/qwen3.5-4b/original/Gear_Large/Gear_Small.json,0.8348908974973622,0.8348908974973622,0.8348908974973622,0.07294193369053474,0.07294193369053474,0.07294193369053474,A,qwen3.5-4b/responses/original/Gear_Large/Gear_Small.json,0.9387978900574507,0.9387978900574507,0.9387978900574507,0.03024629399159694,0.03024629399159694,0.03024629399159694,0.1039069925600885,0.1039069925600885
qwen3.5:4b,original,Gear_Medium,gear,Gear_Small,gear,True,False,False,A,../vlm_four_scene_20260925/raw/qwen3.5-4b/original/Gear_Medium/Gear_Small.json,0.772917684753256,0.772917684753256,0.772917684753256,0.0973710350637934,0.0973710350637934,0.0973710350637934,A,qwen3.5-4b/responses/original/Gear_Medium/Gear_Small.json,0.9387978900574507,0.9387978900574507,0.9387978900574507,0.03024629399159694,0.03024629399159694,0.03024629399159694,0.16588020530419478,0.16588020530419478
qwen3.5:4b,original,Gear_Small,gear,Gear_Small,gear,True,True,False,A,../vlm_four_scene_20260925/raw/qwen3.5-4b/original/Gear_Small/Gear_Small.json,0.7839611796920684,0.7839611796920684,0.7839611796920684,0.09624378712591646,0.09624378712591646,0.09624378712591646,A,qwen3.5-4b/responses/original/Gear_Small/Gear_Small.json,0.9387978900574507,0.9387978900574507,0.9387978900574507,0.03024629399159694,0.03024629399159694,0.03024629399159694,0.15483671036538238,0.15483671036538238
qwen3.5:4b,original,Waterproof_Male,Waterproof_Male,Gear_Small,gear,False,False,False,C,../vlm_four_scene_20260925/raw/qwen3.5-4b/original/Waterproof_Male/Gear_Small.json,0.21386414380419289,0.21386414380419289,0.21386414380419289,0.5714727129683072,0.5714727129683072,0.5714727129683072,A,qwen3.5-4b/responses/original/Waterproof_Male/Gear_Small.json,0.4241194153581057,0.4241194153581057,0.4241194153581057,0.280166543703196,0.280166543703196,0.280166543703196,0.21025527155391283,0.21025527155391283
qwen3.5:4b,original,M12_Hex_Nut,hex_nut,Gear_Small,gear,False,False,False,C,../vlm_four_scene_20260925/raw/qwen3.5-4b/original/M12_Hex_Nut/Gear_Small.json,0.25808203920892336,0.25808203920892336,0.25808203920892336,0.4783245800121259,0.4783245800121259,0.4783245800121259,B,qwen3.5-4b/responses/original/M12_Hex_Nut/Gear_Small.json,0.1418473043006798,0.1418473043006798,0.1418473043006798,0.21377714845822143,0.21377714845822143,0.21377714845822143,-0.11623473490824357,-0.11623473490824357
qwen3.5:4b,original,M16_Hex_Nut,hex_nut,Gear_Small,gear,False,False,False,C,../vlm_four_scene_20260925/raw/qwen3.5-4b/original/M16_Hex_Nut/Gear_Small.json,0.37006720705585733,0.37006720705585733,0.37006720705585733,0.39176225621105126,0.39176225621105126,0.39176225621105126,B,qwen3.5-4b/responses/original/M16_Hex_Nut/Gear_Small.json,0.1418473043006798,0.1418473043006798,0.1418473043006798,0.21377714845822143,0.21377714845822143,0.21377714845822143,-0.22821990275517753,-0.22821990275517753
qwen3.5:4b,original,RGOCG16-50_16mm,round_pin,Gear_Small,gear,False,False,False,C,../vlm_four_scene_20260925/raw/qwen3.5-4b/original/RGOCG16-50_16mm/Gear_Small.json,0.2378215981059641,0.2378215981059641,0.2378215981059641,0.500506865465046,0.500506865465046,0.500506865465046,C,qwen3.5-4b/responses/original/RGOCG16-50_16mm/Gear_Small.json,0.1465881469954758,0.1465881469954758,0.1465881469954758,0.49371368244407626,0.49371368244407626,0.49371368244407626,-0.0912334511104883,-0.0912334511104883
qwen3.5:4b,original,RGOCG12-50_12mm,round_pin,Gear_Small,gear,False,False,False,C,../vlm_four_scene_20260925/raw/qwen3.5-4b/original/RGOCG12-50_12mm/Gear_Small.json,0.18714362993855066,0.18714362993855066,0.18714362993855066,0.5593848079050855,0.5593848079050855,0.5593848079050855,C,qwen3.5-4b/responses/original/RGOCG12-50_12mm/Gear_Small.json,0.1465881469954758,0.1465881469954758,0.1465881469954758,0.49371368244407626,0.49371368244407626,0.49371368244407626,-0.04055548294307487,-0.04055548294307487
qwen3.5:4b,original,RGOCG8-50_8mm,round_pin,Gear_Small,gear,False,False,False,C,../vlm_four_scene_20260925/raw/qwen3.5-4b/original/RGOCG8-50_8mm/Gear_Small.json,0.33887713303113143,0.33887713303113143,0.33887713303113143,0.4822031758372499,0.4822031758372499,0.4822031758372499,C,qwen3.5-4b/responses/original/RGOCG8-50_8mm/Gear_Small.json,0.1465881469954758,0.1465881469954758,0.1465881469954758,0.49371368244407626,0.49371368244407626,0.49371368244407626,-0.19228898603565564,-0.19228898603565564
qwen3.5:4b,original,USB_Male,USB_Male,Gear_Small,gear,False,False,False,C,../vlm_four_scene_20260925/raw/qwen3.5-4b/original/USB_Male/Gear_Small.json,0.05372102051557933,0.05372102051557933,0.05372102051557933,0.8176761880203947,0.8176761880203947,0.8176761880203947,C,qwen3.5-4b/responses/original/USB_Male/Gear_Small.json,0.03650748815434634,0.03650748815434634,0.03650748815434634,0.860498183722287,0.860498183722287,0.860498183722287,-0.01721353236123299,-0.01721353236123299
qwen3.5:4b,original,DSUB_Male,DSUB_Male,Gear_Small,gear,False,False,False,C,../vlm_four_scene_20260925/raw/qwen3.5-4b/original/DSUB_Male/Gear_Small.json,0.2538499706474925,0.2538499706474925,0.2538499706474925,0.5985845299258261,0.5985845299258261,0.5985845299258261,C,qwen3.5-4b/responses/original/DSUB_Male/Gear_Small.json,0.05305554418451748,0.05305554418451748,0.05305554418451748,0.8489744682202149,0.8489744682202149,0.8489744682202149,-0.20079442646297502,-0.20079442646297502
qwen3.5:4b,original,Gear_Large,gear,Waterproof_Male,Waterproof_Male,False,False,False,C,../vlm_four_scene_20260925/raw/qwen3.5-4b/original/Gear_Large/Waterproof_Male.json,0.13760058439571177,0.13760058439571177,0.13760058439571177,0.5710635313299253,0.5710635313299253,0.5710635313299253,C,qwen3.5-4b/responses/original/Gear_Large/Waterproof_Male.json,0.03871854052419395,0.03871854052419395,0.03871854052419395,0.616281630493526,0.616281630493526,0.616281630493526,-0.09888204387151782,-0.09888204387151782
qwen3.5:4b,original,Gear_Medium,gear,Waterproof_Male,Waterproof_Male,False,False,False,C,../vlm_four_scene_20260925/raw/qwen3.5-4b/original/Gear_Medium/Waterproof_Male.json,0.16876967850993418,0.16876967850993418,0.16876967850993418,0.6100753459399312,0.6100753459399312,0.6100753459399312,C,qwen3.5-4b/responses/original/Gear_Medium/Waterproof_Male.json,0.03871854052419395,0.03871854052419395,0.03871854052419395,0.616281630493526,0.616281630493526,0.616281630493526,-0.13005113798574025,-0.13005113798574025
qwen3.5:4b,original,Gear_Small,gear,Waterproof_Male,Waterproof_Male,False,False,False,C,../vlm_four_scene_20260925/raw/qwen3.5-4b/original/Gear_Small/Waterproof_Male.json,0.1505143778056554,0.1505143778056554,0.1505143778056554,0.540545706745133,0.540545706745133,0.540545706745133,C,qwen3.5-4b/responses/original/Gear_Small/Waterproof_Male.json,0.03871854052419395,0.03871854052419395,0.03871854052419395,0.616281630493526,0.616281630493526,0.616281630493526,-0.11179583728146146,-0.11179583728146146
qwen3.5:4b,original,Waterproof_Male,Waterproof_Male,Waterproof_Male,Waterproof_Male,True,True,False,A,../vlm_four_scene_20260925/raw/qwen3.5-4b/original/Waterproof_Male/Waterproof_Male.json,0.8100212196257536,0.8100212196257536,0.8100212196257536,0.09020523807363821,0.09020523807363821,0.09020523807363821,A,qwen3.5-4b/responses/original/Waterproof_Male/Waterproof_Male.json,0.8729751709970281,0.8729751709970281,0.8729751709970281,0.055018780915478405,0.055018780915478405,0.055018780915478405,0.06295395137127457,0.06295395137127457
qwen3.5:4b,original,M12_Hex_Nut,hex_nut,Waterproof_Male,Waterproof_Male,False,False,False,C,../vlm_four_scene_20260925/raw/qwen3.5-4b/original/M12_Hex_Nut/Waterproof_Male.json,0.09043123251391852,0.09043123251391852,0.09043123251391852,0.6240975266639054,0.6240975266639054,0.6240975266639054,C,qwen3.5-4b/responses/original/M12_Hex_Nut/Waterproof_Male.json,0.07888178532957828,0.07888178532957828,0.07888178532957828,0.6000864387396182,0.6000864387396182,0.6000864387396182,-0.011549447184340242,-0.011549447184340242
qwen3.5:4b,original,M16_Hex_Nut,hex_nut,Waterproof_Male,Waterproof_Male,False,False,False,C,../vlm_four_scene_20260925/raw/qwen3.5-4b/original/M16_Hex_Nut/Waterproof_Male.json,0.1113198127550373,0.1113198127550373,0.1113198127550373,0.6346905770285164,0.6346905770285164,0.6346905770285164,C,qwen3.5-4b/responses/original/M16_Hex_Nut/Waterproof_Male.json,0.07888178532957828,0.07888178532957828,0.07888178532957828,0.6000864387396182,0.6000864387396182,0.6000864387396182,-0.03243802742545902,-0.03243802742545902
qwen3.5:4b,original,RGOCG16-50_16mm,round_pin,Waterproof_Male,Waterproof_Male,False,False,False,C,../vlm_four_scene_20260925/raw/qwen3.5-4b/original/RGOCG16-50_16mm/Waterproof_Male.json,0.32814755585129296,0.32814755585129296,0.32814755585129296,0.458308791720382,0.458308791720382,0.458308791720382,B,qwen3.5-4b/responses/original/RGOCG16-50_16mm/Waterproof_Male.json,0.1099592784276834,0.1099592784276834,0.1099592784276834,0.4394803247753358,0.4394803247753358,0.4394803247753358,-0.21818827742360958,-0.21818827742360958
qwen3.5:4b,original,RGOCG12-50_12mm,round_pin,Waterproof_Male,Waterproof_Male,False,False,False,C,../vlm_four_scene_20260925/raw/qwen3.5-4b/original/RGOCG12-50_12mm/Waterproof_Male.json,0.3780663703342484,0.3780663703342484,0.3780663703342484,0.403974612419343,0.403974612419343,0.403974612419343,B,qwen3.5-4b/responses/original/RGOCG12-50_12mm/Waterproof_Male.json,0.1099592784276834,0.1099592784276834,0.1099592784276834,0.4394803247753358,0.4394803247753358,0.4394803247753358,-0.268107091906565,-0.268107091906565
qwen3.5:4b,original,RGOCG8-50_8mm,round_pin,Waterproof_Male,Waterproof_Male,False,False,False,C,../vlm_four_scene_20260925/raw/qwen3.5-4b/original/RGOCG8-50_8mm/Waterproof_Male.json,0.34140227701003606,0.34140227701003606,0.34140227701003606,0.45584309312950533,0.45584309312950533,0.45584309312950533,B,qwen3.5-4b/responses/original/RGOCG8-50_8mm/Waterproof_Male.json,0.1099592784276834,0.1099592784276834,0.1099592784276834,0.4394803247753358,0.4394803247753358,0.4394803247753358,-0.23144299858235268,-0.23144299858235268
qwen3.5:4b,original,USB_Male,USB_Male,Waterproof_Male,Waterproof_Male,False,False,False,C,../vlm_four_scene_20260925/raw/qwen3.5-4b/original/USB_Male/Waterproof_Male.json,0.19290677758751126,0.19290677758751126,0.19290677758751126,0.5247501219310564,0.5247501219310564,0.5247501219310564,C,qwen3.5-4b/responses/original/USB_Male/Waterproof_Male.json,0.06708992268435524,0.06708992268435524,0.06708992268435524,0.5079296167491636,0.5079296167491636,0.5079296167491636,-0.12581685490315603,-0.12581685490315603
qwen3.5:4b,original,DSUB_Male,DSUB_Male,Waterproof_Male,Waterproof_Male,False,False,False,A,../vlm_four_scene_20260925/raw/qwen3.5-4b/original/DSUB_Male/Waterproof_Male.json,0.45931090204341724,0.45931090204341724,0.45931090204341724,0.29114667983911025,0.29114667983911025,0.29114667983911025,B,qwen3.5-4b/responses/original/DSUB_Male/Waterproof_Male.json,0.2560209457766076,0.2560209457766076,0.2560209457766076,0.2643273445908843,0.2643273445908843,0.2643273445908843,-0.20328995626680962,-0.20328995626680962
qwen3.5:4b,original,Gear_Large,gear,M12_Hex_Nut,hex_nut,False,False,False,A,../vlm_four_scene_20260925/raw/qwen3.5-4b/original/Gear_Large/M12_Hex_Nut.json,0.5587233286099362,0.5587233286099362,0.5587233286099362,0.3643985184750792,0.3643985184750792,0.3643985184750792,A,qwen3.5-4b/responses/original/Gear_Large/M12_Hex_Nut.json,0.7328685028212598,0.7328685028212598,0.7328685028212598,0.169998304587755,0.169998304587755,0.169998304587755,0.17414517421132358,0.17414517421132358
qwen3.5:4b,original,Gear_Medium,gear,M12_Hex_Nut,hex_nut,False,False,False,C,../vlm_four_scene_20260925/raw/qwen3.5-4b/original/Gear_Medium/M12_Hex_Nut.json,0.44042806117806327,0.44042806117806327,0.44042806117806327,0.4955267141340026,0.4955267141340026,0.4955267141340026,A,qwen3.5-4b/responses/original/Gear_Medium/M12_Hex_Nut.json,0.7328685028212598,0.7328685028212598,0.7328685028212598,0.169998304587755,0.169998304587755,0.169998304587755,0.29244044164319655,0.29244044164319655
qwen3.5:4b,original,Gear_Small,gear,M12_Hex_Nut,hex_nut,False,False,False,A,../vlm_four_scene_20260925/raw/qwen3.5-4b/original/Gear_Small/M12_Hex_Nut.json,0.5019451856974617,0.5019451856974617,0.5019451856974617,0.4225754817116553,0.4225754817116553,0.4225754817116553,A,qwen3.5-4b/responses/original/Gear_Small/M12_Hex_Nut.json,0.7328685028212598,0.7328685028212598,0.7328685028212598,0.169998304587755,0.169998304587755,0.169998304587755,0.2309233171237981,0.2309233171237981
qwen3.5:4b,original,Waterproof_Male,Waterproof_Male,M12_Hex_Nut,hex_nut,False,False,False,C,../vlm_four_scene_20260925/raw/qwen3.5-4b/original/Waterproof_Male/M12_Hex_Nut.json,0.3816928477997116,0.3816928477997116,0.3816928477997116,0.5265367585411774,0.5265367585411774,0.5265367585411774,A,qwen3.5-4b/responses/original/Waterproof_Male/M12_Hex_Nut.json,0.6007388068455143,0.6007388068455143,0.6007388068455143,0.2536962899101856,0.2536962899101856,0.2536962899101856,0.2190459590458027,0.2190459590458027
qwen3.5:4b,original,M12_Hex_Nut,hex_nut,M12_Hex_Nut,hex_nut,True,True,False,A,../vlm_four_scene_20260925/raw/qwen3.5-4b/original/M12_Hex_Nut/M12_Hex_Nut.json,0.4906622950564832,0.4906622950564832,0.4906622950564832,0.4371647253523842,0.4371647253523842,0.4371647253523842,A,qwen3.5-4b/responses/original/M12_Hex_Nut/M12_Hex_Nut.json,0.6991695150825163,0.6991695150825163,0.6991695150825163,0.17288933208593477,0.17288933208593477,0.17288933208593477,0.20850722002603317,0.20850722002603317
qwen3.5:4b,original,M16_Hex_Nut,hex_nut,M12_Hex_Nut,hex_nut,True,False,False,A,../vlm_four_scene_20260925/raw/qwen3.5-4b/original/M16_Hex_Nut/M12_Hex_Nut.json,0.516789433902735,0.516789433902735,0.516789433902735,0.4198632719133723,0.4198632719133723,0.4198632719133723,A,qwen3.5-4b/responses/original/M16_Hex_Nut/M12_Hex_Nut.json,0.6991695150825163,0.6991695150825163,0.6991695150825163,0.17288933208593477,0.17288933208593477,0.17288933208593477,0.18238008117978133,0.18238008117978133
qwen3.5:4b,original,RGOCG16-50_16mm,round_pin,M12_Hex_Nut,hex_nut,False,False,False,C,../vlm_four_scene_20260925/raw/qwen3.5-4b/original/RGOCG16-50_16mm/M12_Hex_Nut.json,0.2987367324598525,0.2987367324598525,0.2987367324598525,0.6130813927783393,0.6130813927783393,0.6130813927783393,C,qwen3.5-4b/responses/original/RGOCG16-50_16mm/M12_Hex_Nut.json,0.2774000719315941,0.2774000719315941,0.2774000719315941,0.5319439026817643,0.5319439026817643,0.5319439026817643,-0.02133666052825839,-0.02133666052825839
qwen3.5:4b,original,RGOCG12-50_12mm,round_pin,M12_Hex_Nut,hex_nut,False,False,False,C,../vlm_four_scene_20260925/raw/qwen3.5-4b/original/RGOCG12-50_12mm/M12_Hex_Nut.json,0.2514210035316664,0.2514210035316664,0.2514210035316664,0.6364843816245749,0.6364843816245749,0.6364843816245749,C,qwen3.5-4b/responses/original/RGOCG12-50_12mm/M12_Hex_Nut.json,0.2774000719315941,0.2774000719315941,0.2774000719315941,0.5319439026817643,0.5319439026817643,0.5319439026817643,0.025979068399927696,0.025979068399927696
qwen3.5:4b,original,RGOCG8-50_8mm,round_pin,M12_Hex_Nut,hex_nut,False,False,False,C,../vlm_four_scene_20260925/raw/qwen3.5-4b/original/RGOCG8-50_8mm/M12_Hex_Nut.json,0.2980438473178784,0.2980438473178784,0.2980438473178784,0.6013822417268009,0.6013822417268009,0.6013822417268009,C,qwen3.5-4b/responses/original/RGOCG8-50_8mm/M12_Hex_Nut.json,0.2774000719315941,0.2774000719315941,0.2774000719315941,0.5319439026817643,0.5319439026817643,0.5319439026817643,-0.020643775386284313,-0.020643775386284313
qwen3.5:4b,original,USB_Male,USB_Male,M12_Hex_Nut,hex_nut,False,False,False,C,../vlm_four_scene_20260925/raw/qwen3.5-4b/original/USB_Male/M12_Hex_Nut.json,0.07704609554934752,0.07704609554934752,0.07704609554934752,0.8648051044633588,0.8648051044633588,0.8648051044633588,C,qwen3.5-4b/responses/original/USB_Male/M12_Hex_Nut.json,0.06434267508022858,0.06434267508022858,0.06434267508022858,0.8197036957834852,0.8197036957834852,0.8197036957834852,-0.012703420469118945,-0.012703420469118945
qwen3.5:4b,original,DSUB_Male,DSUB_Male,M12_Hex_Nut,hex_nut,False,False,False,C,../vlm_four_scene_20260925/raw/qwen3.5-4b/original/DSUB_Male/M12_Hex_Nut.json,0.1733238416469171,0.1733238416469171,0.1733238416469171,0.7475813714354025,0.7475813714354025,0.7475813714354025,C,qwen3.5-4b/responses/original/DSUB_Male/M12_Hex_Nut.json,0.14206775569996644,0.14206775569996644,0.14206775569996644,0.7463878457247072,0.7463878457247072,0.7463878457247072,-0.031256085946950674,-0.031256085946950674
qwen3.5:4b,original,Gear_Large,gear,M16_Hex_Nut,hex_nut,False,False,False,C,../vlm_four_scene_20260925/raw/qwen3.5-4b/original/Gear_Large/M16_Hex_Nut.json,0.327529991319933,0.327529991319933,0.327529991319933,0.6107219373437062,0.6107219373437062,0.6107219373437062,A,qwen3.5-4b/responses/original/Gear_Large/M16_Hex_Nut.json,0.45473504881028454,0.45473504881028454,0.45473504881028454,0.4182963595522384,0.4182963595522384,0.4182963595522384,0.12720505749035155,0.12720505749035155
qwen3.5:4b,original,Gear_Medium,gear,M16_Hex_Nut,hex_nut,False,False,False,C,../vlm_four_scene_20260925/raw/qwen3.5-4b/original/Gear_Medium/M16_Hex_Nut.json,0.32121532015737514,0.32121532015737514,0.32121532015737514,0.6239731824232795,0.6239731824232795,0.6239731824232795,A,qwen3.5-4b/responses/original/Gear_Medium/M16_Hex_Nut.json,0.45473504881028454,0.45473504881028454,0.45473504881028454,0.4182963595522384,0.4182963595522384,0.4182963595522384,0.1335197286529094,0.1335197286529094
qwen3.5:4b,original,Gear_Small,gear,M16_Hex_Nut,hex_nut,False,False,False,C,../vlm_four_scene_20260925/raw/qwen3.5-4b/original/Gear_Small/M16_Hex_Nut.json,0.3198986802673168,0.3198986802673168,0.3198986802673168,0.6223562334355768,0.6223562334355768,0.6223562334355768,A,qwen3.5-4b/responses/original/Gear_Small/M16_Hex_Nut.json,0.45473504881028454,0.45473504881028454,0.45473504881028454,0.4182963595522384,0.4182963595522384,0.4182963595522384,0.1348363685429677,0.1348363685429677
qwen3.5:4b,original,Waterproof_Male,Waterproof_Male,M16_Hex_Nut,hex_nut,False,False,False,C,../vlm_four_scene_20260925/raw/qwen3.5-4b/original/Waterproof_Male/M16_Hex_Nut.json,0.409219299042399,0.409219299042399,0.409219299042399,0.5056982720770985,0.5056982720770985,0.5056982720770985,A,qwen3.5-4b/responses/original/Waterproof_Male/M16_Hex_Nut.json,0.5168679876514586,0.5168679876514586,0.5168679876514586,0.334861505832509,0.334861505832509,0.334861505832509,0.10764868860905957,0.10764868860905957
qwen3.5:4b,original,M12_Hex_Nut,hex_nut,M16_Hex_Nut,hex_nut,True,False,False,C,../vlm_four_scene_20260925/raw/qwen3.5-4b/original/M12_Hex_Nut/M16_Hex_Nut.json,0.35114149765728675,0.35114149765728675,0.35114149765728675,0.5939875900458449,0.5939875900458449,0.5939875900458449,A,qwen3.5-4b/responses/original/M12_Hex_Nut/M16_Hex_Nut.json,0.7574878283693869,0.7574878283693869,0.7574878283693869,0.14031881159504897,0.14031881159504897,0.14031881159504897,0.40634633071210013,0.40634633071210013
qwen3.5:4b,original,M16_Hex_Nut,hex_nut,M16_Hex_Nut,hex_nut,True,True,False,C,../vlm_four_scene_20260925/raw/qwen3.5-4b/original/M16_Hex_Nut/M16_Hex_Nut.json,0.4039860981527006,0.4039860981527006,0.4039860981527006,0.5298783246788142,0.5298783246788142,0.5298783246788142,A,qwen3.5-4b/responses/original/M16_Hex_Nut/M16_Hex_Nut.json,0.7574878283693869,0.7574878283693869,0.7574878283693869,0.14031881159504897,0.14031881159504897,0.14031881159504897,0.3535017302166863,0.3535017302166863
qwen3.5:4b,original,RGOCG16-50_16mm,round_pin,M16_Hex_Nut,hex_nut,False,False,False,C,../vlm_four_scene_20260925/raw/qwen3.5-4b/original/RGOCG16-50_16mm/M16_Hex_Nut.json,0.3059276514527449,0.3059276514527449,0.3059276514527449,0.6117715760163304,0.6117715760163304,0.6117715760163304,C,qwen3.5-4b/responses/original/RGOCG16-50_16mm/M16_Hex_Nut.json,0.2554104492744591,0.2554104492744591,0.2554104492744591,0.5453690238889061,0.5453690238889061,0.5453690238889061,-0.050517202178285814,-0.050517202178285814
qwen3.5:4b,original,RGOCG12-50_12mm,round_pin,M16_Hex_Nut,hex_nut,False,False,False,C,../vlm_four_scene_20260925/raw/qwen3.5-4b/original/RGOCG12-50_12mm/M16_Hex_Nut.json,0.23904921566475287,0.23904921566475287,0.23904921566475287,0.674155166512552,0.674155166512552,0.674155166512552,C,qwen3.5-4b/responses/original/RGOCG12-50_12mm/M16_Hex_Nut.json,0.2554104492744591,0.2554104492744591,0.2554104492744591,0.5453690238889061,0.5453690238889061,0.5453690238889061,0.016361233609706233,0.016361233609706233
qwen3.5:4b,original,RGOCG8-50_8mm,round_pin,M16_Hex_Nut,hex_nut,False,False,False,C,../vlm_four_scene_20260925/raw/qwen3.5-4b/original/RGOCG8-50_8mm/M16_Hex_Nut.json,0.31895265852808236,0.31895265852808236,0.31895265852808236,0.5962605367764974,0.5962605367764974,0.5962605367764974,C,qwen3.5-4b/responses/original/RGOCG8-50_8mm/M16_Hex_Nut.json,0.2554104492744591,0.2554104492744591,0.2554104492744591,0.5453690238889061,0.5453690238889061,0.5453690238889061,-0.06354220925362325,-0.06354220925362325
qwen3.5:4b,original,USB_Male,USB_Male,M16_Hex_Nut,hex_nut,False,False,False,C,../vlm_four_scene_20260925/raw/qwen3.5-4b/original/USB_Male/M16_Hex_Nut.json,0.09760693003018532,0.09760693003018532,0.09760693003018532,0.8438032898924521,0.8438032898924521,0.8438032898924521,C,qwen3.5-4b/responses/original/USB_Male/M16_Hex_Nut.json,0.0580491836425871,0.0580491836425871,0.0580491836425871,0.8364461683872462,0.8364461683872462,0.8364461683872462,-0.03955774638759822,-0.03955774638759822
qwen3.5:4b,original,DSUB_Male,DSUB_Male,M16_Hex_Nut,hex_nut,False,False,False,C,../vlm_four_scene_20260925/raw/qwen3.5-4b/original/DSUB_Male/M16_Hex_Nut.json,0.17814473701108055,0.17814473701108055,0.17814473701108055,0.738290836785134,0.738290836785134,0.738290836785134,C,qwen3.5-4b/responses/original/DSUB_Male/M16_Hex_Nut.json,0.12915411773812616,0.12915411773812616,0.12915411773812616,0.7585143491643285,0.7585143491643285,0.7585143491643285,-0.048990619272954394,-0.048990619272954394
qwen3.5:4b,original,Gear_Large,gear,RGOCG16-50_16mm,round_pin,False,False,False,C,../vlm_four_scene_20260925/raw/qwen3.5-4b/original/Gear_Large/RGOCG16-50_16mm.json,0.04191646944800078,0.04191646944800078,0.04191646944800078,0.8233865535332516,0.8233865535332516,0.8233865535332516,C,qwen3.5-4b/responses/original/Gear_Large/RGOCG16-50_16mm.json,0.04004994406224495,0.04004994406224495,0.04004994406224495,0.9110459666199974,0.9110459666199974,0.9110459666199974,-0.0018665253857558309,-0.0018665253857558309
qwen3.5:4b,original,Gear_Medium,gear,RGOCG16-50_16mm,round_pin,False,False,False,C,../vlm_four_scene_20260925/raw/qwen3.5-4b/original/Gear_Medium/RGOCG16-50_16mm.json,0.06724917047811091,0.06724917047811091,0.06724917047811091,0.8143147233902975,0.8143147233902975,0.8143147233902975,C,qwen3.5-4b/responses/original/Gear_Medium/RGOCG16-50_16mm.json,0.04004994406224495,0.04004994406224495,0.04004994406224495,0.9110459666199974,0.9110459666199974,0.9110459666199974,-0.02719922641586596,-0.02719922641586596
qwen3.5:4b,original,Gear_Small,gear,RGOCG16-50_16mm,round_pin,False,False,False,C,../vlm_four_scene_20260925/raw/qwen3.5-4b/original/Gear_Small/RGOCG16-50_16mm.json,0.04089196501615886,0.04089196501615886,0.04089196501615886,0.8640881207852127,0.8640881207852127,0.8640881207852127,C,qwen3.5-4b/responses/original/Gear_Small/RGOCG16-50_16mm.json,0.04004994406224495,0.04004994406224495,0.04004994406224495,0.9110459666199974,0.9110459666199974,0.9110459666199974,-0.000842020953913912,-0.000842020953913912
qwen3.5:4b,original,Waterproof_Male,Waterproof_Male,RGOCG16-50_16mm,round_pin,False,False,False,C,../vlm_four_scene_20260925/raw/qwen3.5-4b/original/Waterproof_Male/RGOCG16-50_16mm.json,0.09916035056861879,0.09916035056861879,0.09916035056861879,0.8165927574083662,0.8165927574083662,0.8165927574083662,C,qwen3.5-4b/responses/original/Waterproof_Male/RGOCG16-50_16mm.json,0.07137109675362256,0.07137109675362256,0.07137109675362256,0.8555932021594892,0.8555932021594892,0.8555932021594892,-0.027789253814996223,-0.027789253814996223
qwen3.5:4b,original,M12_Hex_Nut,hex_nut,RGOCG16-50_16mm,round_pin,False,False,False,C,../vlm_four_scene_20260925/raw/qwen3.5-4b/original/M12_Hex_Nut/RGOCG16-50_16mm.json,0.07696733188008661,0.07696733188008661,0.07696733188008661,0.8371095046313712,0.8371095046313712,0.8371095046313712,C,qwen3.5-4b/responses/original/M12_Hex_Nut/RGOCG16-50_16mm.json,0.026494663868933822,0.026494663868933822,0.026494663868933822,0.8270278621974279,0.8270278621974279,0.8270278621974279,-0.05047266801115279,-0.05047266801115279
qwen3.5:4b,original,M16_Hex_Nut,hex_nut,RGOCG16-50_16mm,round_pin,False,False,False,C,../vlm_four_scene_20260925/raw/qwen3.5-4b/original/M16_Hex_Nut/RGOCG16-50_16mm.json,0.11589056611886607,0.11589056611886607,0.11589056611886607,0.8066093922115375,0.8066093922115375,0.8066093922115375,C,qwen3.5-4b/responses/original/M16_Hex_Nut/RGOCG16-50_16mm.json,0.026494663868933822,0.026494663868933822,0.026494663868933822,0.8270278621974279,0.8270278621974279,0.8270278621974279,-0.08939590224993224,-0.08939590224993224
qwen3.5:4b,original,RGOCG16-50_16mm,round_pin,RGOCG16-50_16mm,round_pin,True,True,False,A,../vlm_four_scene_20260925/raw/qwen3.5-4b/original/RGOCG16-50_16mm/RGOCG16-50_16mm.json,0.8207688964013089,0.8207688964013089,0.8207688964013089,0.12422380375656873,0.12422380375656873,0.12422380375656873,A,qwen3.5-4b/responses/original/RGOCG16-50_16mm/RGOCG16-50_16mm.json,0.9117066271321583,0.9117066271321583,0.9117066271321583,0.05219803700384625,0.05219803700384625,0.05219803700384625,0.09093773073084943,0.09093773073084943
qwen3.5:4b,original,RGOCG12-50_12mm,round_pin,RGOCG16-50_16mm,round_pin,True,False,False,A,../vlm_four_scene_20260925/raw/qwen3.5-4b/original/RGOCG12-50_12mm/RGOCG16-50_16mm.json,0.8237968713825414,0.8237968713825414,0.8237968713825414,0.1219181448680059,0.1219181448680059,0.1219181448680059,A,qwen3.5-4b/responses/original/RGOCG12-50_12mm/RGOCG16-50_16mm.json,0.9117066271321583,0.9117066271321583,0.9117066271321583,0.05219803700384625,0.05219803700384625,0.05219803700384625,0.0879097557496169,0.0879097557496169
qwen3.5:4b,original,RGOCG8-50_8mm,round_pin,RGOCG16-50_16mm,round_pin,True,False,False,A,../vlm_four_scene_20260925/raw/qwen3.5-4b/original/RGOCG8-50_8mm/RGOCG16-50_16mm.json,0.82611286752557,0.82611286752557,0.82611286752557,0.11406278886451077,0.11406278886451077,0.11406278886451077,A,qwen3.5-4b/responses/original/RGOCG8-50_8mm/RGOCG16-50_16mm.json,0.9117066271321583,0.9117066271321583,0.9117066271321583,0.05219803700384625,0.05219803700384625,0.05219803700384625,0.08559375960658833,0.08559375960658833
qwen3.5:4b,original,USB_Male,USB_Male,RGOCG16-50_16mm,round_pin,False,False,False,C,../vlm_four_scene_20260925/raw/qwen3.5-4b/original/USB_Male/RGOCG16-50_16mm.json,0.1334639170617692,0.1334639170617692,0.1334639170617692,0.7688364909363328,0.7688364909363328,0.7688364909363328,C,qwen3.5-4b/responses/original/USB_Male/RGOCG16-50_16mm.json,0.03259606449869432,0.03259606449869432,0.03259606449869432,0.7974591307310614,0.7974591307310614,0.7974591307310614,-0.10086785256307487,-0.10086785256307487
qwen3.5:4b,original,DSUB_Male,DSUB_Male,RGOCG16-50_16mm,round_pin,False,False,False,C,../vlm_four_scene_20260925/raw/qwen3.5-4b/original/DSUB_Male/RGOCG16-50_16mm.json,0.13789880684752528,0.13789880684752528,0.13789880684752528,0.747578385966784,0.747578385966784,0.747578385966784,C,qwen3.5-4b/responses/original/DSUB_Male/RGOCG16-50_16mm.json,0.027907999113580217,0.027907999113580217,0.027907999113580217,0.8947102441935405,0.8947102441935405,0.8947102441935405,-0.10999080773394507,-0.10999080773394507
qwen3.5:4b,original,Gear_Large,gear,RGOCG12-50_12mm,round_pin,False,False,False,C,../vlm_four_scene_20260925/raw/qwen3.5-4b/original/Gear_Large/RGOCG12-50_12mm.json,0.05574482163437416,0.05574482163437416,0.05574482163437416,0.8769008486464208,0.8769008486464208,0.8769008486464208,C,qwen3.5-4b/responses/original/Gear_Large/RGOCG12-50_12mm.json,0.03325722005943476,0.03325722005943476,0.03325722005943476,0.9297861425325872,0.9297861425325872,0.9297861425325872,-0.022487601574939398,-0.022487601574939398
qwen3.5:4b,original,Gear_Medium,gear,RGOCG12-50_12mm,round_pin,False,False,False,C,../vlm_four_scene_20260925/raw/qwen3.5-4b/original/Gear_Medium/RGOCG12-50_12mm.json,0.06059426594524976,0.06059426594524976,0.06059426594524976,0.895793976357853,0.895793976357853,0.895793976357853,C,qwen3.5-4b/responses/original/Gear_Medium/RGOCG12-50_12mm.json,0.03325722005943476,0.03325722005943476,0.03325722005943476,0.9297861425325872,0.9297861425325872,0.9297861425325872,-0.027337045885815002,-0.027337045885815002
qwen3.5:4b,original,Gear_Small,gear,RGOCG12-50_12mm,round_pin,False,False,False,C,../vlm_four_scene_20260925/raw/qwen3.5-4b/original/Gear_Small/RGOCG12-50_12mm.json,0.058250863717881955,0.058250863717881955,0.058250863717881955,0.8808104343818237,0.8808104343818237,0.8808104343818237,C,qwen3.5-4b/responses/original/Gear_Small/RGOCG12-50_12mm.json,0.03325722005943476,0.03325722005943476,0.03325722005943476,0.9297861425325872,0.9297861425325872,0.9297861425325872,-0.024993643658447195,-0.024993643658447195
qwen3.5:4b,original,Waterproof_Male,Waterproof_Male,RGOCG12-50_12mm,round_pin,False,False,False,C,../vlm_four_scene_20260925/raw/qwen3.5-4b/original/Waterproof_Male/RGOCG12-50_12mm.json,0.07999173694823411,0.07999173694823411,0.07999173694823411,0.8581668716812848,0.8581668716812848,0.8581668716812848,C,qwen3.5-4b/responses/original/Waterproof_Male/RGOCG12-50_12mm.json,0.06316160142321037,0.06316160142321037,0.06316160142321037,0.8850333668355128,0.8850333668355128,0.8850333668355128,-0.016830135525023743,-0.016830135525023743
qwen3.5:4b,original,M12_Hex_Nut,hex_nut,RGOCG12-50_12mm,round_pin,False,False,False,C,../vlm_four_scene_20260925/raw/qwen3.5-4b/original/M12_Hex_Nut/RGOCG12-50_12mm.json,0.0867447314173945,0.0867447314173945,0.0867447314173945,0.849811965562073,0.849811965562073,0.849811965562073,C,qwen3.5-4b/responses/original/M12_Hex_Nut/RGOCG12-50_12mm.json,0.029853857119013227,0.029853857119013227,0.029853857119013227,0.9014562956762477,0.9014562956762477,0.9014562956762477,-0.05689087429838127,-0.05689087429838127
qwen3.5:4b,original,M16_Hex_Nut,hex_nut,RGOCG12-50_12mm,round_pin,False,False,False,C,../vlm_four_scene_20260925/raw/qwen3.5-4b/original/M16_Hex_Nut/RGOCG12-50_12mm.json,0.07795800778202766,0.07795800778202766,0.07795800778202766,0.8556317697586902,0.8556317697586902,0.8556317697586902,C,qwen3.5-4b/responses/original/M16_Hex_Nut/RGOCG12-50_12mm.json,0.029853857119013227,0.029853857119013227,0.029853857119013227,0.9014562956762477,0.9014562956762477,0.9014562956762477,-0.04810415066301443,-0.04810415066301443
qwen3.5:4b,original,RGOCG16-50_16mm,round_pin,RGOCG12-50_12mm,round_pin,True,False,False,A,../vlm_four_scene_20260925/raw/qwen3.5-4b/original/RGOCG16-50_16mm/RGOCG12-50_12mm.json,0.8212339304226303,0.8212339304226303,0.8212339304226303,0.13443095346873224,0.13443095346873224,0.13443095346873224,A,qwen3.5-4b/responses/original/RGOCG16-50_16mm/RGOCG12-50_12mm.json,0.8831431835459116,0.8831431835459116,0.8831431835459116,0.07502571665542494,0.07502571665542494,0.07502571665542494,0.06190925312328133,0.06190925312328133
qwen3.5:4b,original,RGOCG12-50_12mm,round_pin,RGOCG12-50_12mm,round_pin,True,True,False,A,../vlm_four_scene_20260925/raw/qwen3.5-4b/original/RGOCG12-50_12mm/RGOCG12-50_12mm.json,0.7887711565504301,0.7887711565504301,0.7887711565504301,0.16412638051326894,0.16412638051326894,0.16412638051326894,A,qwen3.5-4b/responses/original/RGOCG12-50_12mm/RGOCG12-50_12mm.json,0.8831431835459116,0.8831431835459116,0.8831431835459116,0.07502571665542494,0.07502571665542494,0.07502571665542494,0.09437202699548153,0.09437202699548153
qwen3.5:4b,original,RGOCG8-50_8mm,round_pin,RGOCG12-50_12mm,round_pin,True,False,False,A,../vlm_four_scene_20260925/raw/qwen3.5-4b/original/RGOCG8-50_8mm/RGOCG12-50_12mm.json,0.8534841594437667,0.8534841594437667,0.8534841594437667,0.10732726525516635,0.10732726525516635,0.10732726525516635,A,qwen3.5-4b/responses/original/RGOCG8-50_8mm/RGOCG12-50_12mm.json,0.8831431835459116,0.8831431835459116,0.8831431835459116,0.07502571665542494,0.07502571665542494,0.07502571665542494,0.029659024102144937,0.029659024102144937
qwen3.5:4b,original,USB_Male,USB_Male,RGOCG12-50_12mm,round_pin,False,False,False,C,../vlm_four_scene_20260925/raw/qwen3.5-4b/original/USB_Male/RGOCG12-50_12mm.json,0.10537904779926094,0.10537904779926094,0.10537904779926094,0.8253477221833482,0.8253477221833482,0.8253477221833482,C,qwen3.5-4b/responses/original/USB_Male/RGOCG12-50_12mm.json,0.04961549659947275,0.04961549659947275,0.04961549659947275,0.8253719754566826,0.8253719754566826,0.8253719754566826,-0.05576355119978819,-0.05576355119978819
qwen3.5:4b,original,DSUB_Male,DSUB_Male,RGOCG12-50_12mm,round_pin,False,False,False,C,../vlm_four_scene_20260925/raw/qwen3.5-4b/original/DSUB_Male/RGOCG12-50_12mm.json,0.12660146627821994,0.12660146627821994,0.12660146627821994,0.750302380265809,0.750302380265809,0.750302380265809,C,qwen3.5-4b/responses/original/DSUB_Male/RGOCG12-50_12mm.json,0.030996174149100886,0.030996174149100886,0.030996174149100886,0.9264702202712025,0.9264702202712025,0.9264702202712025,-0.09560529212911906,-0.09560529212911906
qwen3.5:4b,original,Gear_Large,gear,RGOCG8-50_8mm,round_pin,False,False,False,C,../vlm_four_scene_20260925/raw/qwen3.5-4b/original/Gear_Large/RGOCG8-50_8mm.json,0.06217424775031518,0.06217424775031518,0.06217424775031518,0.8762028215699301,0.8762028215699301,0.8762028215699301,C,qwen3.5-4b/responses/original/Gear_Large/RGOCG8-50_8mm.json,0.03940027184752016,0.03940027184752016,0.03940027184752016,0.9254147439873872,0.9254147439873872,0.9254147439873872,-0.02277397590279502,-0.02277397590279502
qwen3.5:4b,original,Gear_Medium,gear,RGOCG8-50_8mm,round_pin,False,False,False,C,../vlm_four_scene_20260925/raw/qwen3.5-4b/original/Gear_Medium/RGOCG8-50_8mm.json,0.061176681609761314,0.061176681609761314,0.061176681609761314,0.8925981507427128,0.8925981507427128,0.8925981507427128,C,qwen3.5-4b/responses/original/Gear_Medium/RGOCG8-50_8mm.json,0.03940027184752016,0.03940027184752016,0.03940027184752016,0.9254147439873872,0.9254147439873872,0.9254147439873872,-0.021776409762241156,-0.021776409762241156
qwen3.5:4b,original,Gear_Small,gear,RGOCG8-50_8mm,round_pin,False,False,False,C,../vlm_four_scene_20260925/raw/qwen3.5-4b/original/Gear_Small/RGOCG8-50_8mm.json,0.0626743324733782,0.0626743324733782,0.0626743324733782,0.8847526317266131,0.8847526317266131,0.8847526317266131,C,qwen3.5-4b/responses/original/Gear_Small/RGOCG8-50_8mm.json,0.03940027184752016,0.03940027184752016,0.03940027184752016,0.9254147439873872,0.9254147439873872,0.9254147439873872,-0.023274060625858038,-0.023274060625858038
qwen3.5:4b,original,Waterproof_Male,Waterproof_Male,RGOCG8-50_8mm,round_pin,False,False,False,C,../vlm_four_scene_20260925/raw/qwen3.5-4b/original/Waterproof_Male/RGOCG8-50_8mm.json,0.09815096451675202,0.09815096451675202,0.09815096451675202,0.8467264717514128,0.8467264717514128,0.8467264717514128,C,qwen3.5-4b/responses/original/Waterproof_Male/RGOCG8-50_8mm.json,0.04808335911239658,0.04808335911239658,0.04808335911239658,0.9161226127083913,0.9161226127083913,0.9161226127083913,-0.050067605404355446,-0.050067605404355446
qwen3.5:4b,original,M12_Hex_Nut,hex_nut,RGOCG8-50_8mm,round_pin,False,False,False,C,../vlm_four_scene_20260925/raw/qwen3.5-4b/original/M12_Hex_Nut/RGOCG8-50_8mm.json,0.057745197807248815,0.057745197807248815,0.057745197807248815,0.9001584656646189,0.9001584656646189,0.9001584656646189,C,qwen3.5-4b/responses/original/M12_Hex_Nut/RGOCG8-50_8mm.json,0.03632243165869016,0.03632243165869016,0.03632243165869016,0.9062268738319819,0.9062268738319819,0.9062268738319819,-0.021422766148558654,-0.021422766148558654
qwen3.5:4b,original,M16_Hex_Nut,hex_nut,RGOCG8-50_8mm,round_pin,False,False,False,C,../vlm_four_scene_20260925/raw/qwen3.5-4b/original/M16_Hex_Nut/RGOCG8-50_8mm.json,0.06734791276069887,0.06734791276069887,0.06734791276069887,0.8945394147507647,0.8945394147507647,0.8945394147507647,C,qwen3.5-4b/responses/original/M16_Hex_Nut/RGOCG8-50_8mm.json,0.03632243165869016,0.03632243165869016,0.03632243165869016,0.9062268738319819,0.9062268738319819,0.9062268738319819,-0.031025481102008715,-0.031025481102008715
qwen3.5:4b,original,RGOCG16-50_16mm,round_pin,RGOCG8-50_8mm,round_pin,True,False,False,A,../vlm_four_scene_20260925/raw/qwen3.5-4b/original/RGOCG16-50_16mm/RGOCG8-50_8mm.json,0.7874722431217093,0.7874722431217093,0.7874722431217093,0.1705658088809311,0.1705658088809311,0.1705658088809311,A,qwen3.5-4b/responses/original/RGOCG16-50_16mm/RGOCG8-50_8mm.json,0.925677600238027,0.925677600238027,0.925677600238027,0.04833123922084015,0.04833123922084015,0.04833123922084015,0.13820535711631776,0.13820535711631776
qwen3.5:4b,original,RGOCG12-50_12mm,round_pin,RGOCG8-50_8mm,round_pin,True,False,False,A,../vlm_four_scene_20260925/raw/qwen3.5-4b/original/RGOCG12-50_12mm/RGOCG8-50_8mm.json,0.7625306829135357,0.7625306829135357,0.7625306829135357,0.1981013336652059,0.1981013336652059,0.1981013336652059,A,qwen3.5-4b/responses/original/RGOCG12-50_12mm/RGOCG8-50_8mm.json,0.925677600238027,0.925677600238027,0.925677600238027,0.04833123922084015,0.04833123922084015,0.04833123922084015,0.16314691732449138,0.16314691732449138
qwen3.5:4b,original,RGOCG8-50_8mm,round_pin,RGOCG8-50_8mm,round_pin,True,True,False,A,../vlm_four_scene_20260925/raw/qwen3.5-4b/original/RGOCG8-50_8mm/RGOCG8-50_8mm.json,0.6939817635946619,0.6939817635946619,0.6939817635946619,0.2572696273292702,0.2572696273292702,0.2572696273292702,A,qwen3.5-4b/responses/original/RGOCG8-50_8mm/RGOCG8-50_8mm.json,0.925677600238027,0.925677600238027,0.925677600238027,0.04833123922084015,0.04833123922084015,0.04833123922084015,0.23169583664336513,0.23169583664336513
qwen3.5:4b,original,USB_Male,USB_Male,RGOCG8-50_8mm,round_pin,False,False,False,C,../vlm_four_scene_20260925/raw/qwen3.5-4b/original/USB_Male/RGOCG8-50_8mm.json,0.16085868650729188,0.16085868650729188,0.16085868650729188,0.7888483462586829,0.7888483462586829,0.7888483462586829,C,qwen3.5-4b/responses/original/USB_Male/RGOCG8-50_8mm.json,0.053461937648692656,0.053461937648692656,0.053461937648692656,0.8674655547976386,0.8674655547976386,0.8674655547976386,-0.10739674885859922,-0.10739674885859922
qwen3.5:4b,original,DSUB_Male,DSUB_Male,RGOCG8-50_8mm,round_pin,False,False,False,C,../vlm_four_scene_20260925/raw/qwen3.5-4b/original/DSUB_Male/RGOCG8-50_8mm.json,0.13431126485516545,0.13431126485516545,0.13431126485516545,0.7863068039910752,0.7863068039910752,0.7863068039910752,C,qwen3.5-4b/responses/original/DSUB_Male/RGOCG8-50_8mm.json,0.04152912690689806,0.04152912690689806,0.04152912690689806,0.9258425803481144,0.9258425803481144,0.9258425803481144,-0.0927821379482674,-0.0927821379482674
qwen3.5:4b,original,Gear_Large,gear,USB_Male,USB_Male,False,False,False,B,../vlm_four_scene_20260925/raw/qwen3.5-4b/original/Gear_Large/USB_Male.json,0.01728446498213313,0.01728446498213313,0.01728446498213313,0.3316567460848699,0.3316567460848699,0.3316567460848699,C,qwen3.5-4b/responses/original/Gear_Large/USB_Male.json,0.03134392848970735,0.03134392848970735,0.03134392848970735,0.7898133432486628,0.7898133432486628,0.7898133432486628,0.01405946350757422,0.01405946350757422
qwen3.5:4b,original,Gear_Medium,gear,USB_Male,USB_Male,False,False,False,C,../vlm_four_scene_20260925/raw/qwen3.5-4b/original/Gear_Medium/USB_Male.json,0.032662173717130885,0.032662173717130885,0.032662173717130885,0.6284847940954016,0.6284847940954016,0.6284847940954016,C,qwen3.5-4b/responses/original/Gear_Medium/USB_Male.json,0.03134392848970735,0.03134392848970735,0.03134392848970735,0.7898133432486628,0.7898133432486628,0.7898133432486628,-0.001318245227423534,-0.001318245227423534
qwen3.5:4b,original,Gear_Small,gear,USB_Male,USB_Male,False,False,False,B,../vlm_four_scene_20260925/raw/qwen3.5-4b/original/Gear_Small/USB_Male.json,0.012841545302516747,0.012841545302516747,0.012841545302516747,0.41953108577790466,0.41953108577790466,0.41953108577790466,C,qwen3.5-4b/responses/original/Gear_Small/USB_Male.json,0.03134392848970735,0.03134392848970735,0.03134392848970735,0.7898133432486628,0.7898133432486628,0.7898133432486628,0.018502383187190604,0.018502383187190604
qwen3.5:4b,original,Waterproof_Male,Waterproof_Male,USB_Male,USB_Male,False,False,False,A,../vlm_four_scene_20260925/raw/qwen3.5-4b/original/Waterproof_Male/USB_Male.json,0.5799141494638945,0.5799141494638945,0.5799141494638945,0.2193938612783572,0.2193938612783572,0.2193938612783572,B,qwen3.5-4b/responses/original/Waterproof_Male/USB_Male.json,0.2885719801694394,0.2885719801694394,0.2885719801694394,0.26638194396514464,0.26638194396514464,0.26638194396514464,-0.2913421692944551,-0.2913421692944551
qwen3.5:4b,original,M12_Hex_Nut,hex_nut,USB_Male,USB_Male,False,False,False,C,../vlm_four_scene_20260925/raw/qwen3.5-4b/original/M12_Hex_Nut/USB_Male.json,0.043991607200934514,0.043991607200934514,0.043991607200934514,0.671532208093757,0.671532208093757,0.671532208093757,C,qwen3.5-4b/responses/original/M12_Hex_Nut/USB_Male.json,0.03656359409567539,0.03656359409567539,0.03656359409567539,0.8157405901377469,0.8157405901377469,0.8157405901377469,-0.007428013105259125,-0.007428013105259125
qwen3.5:4b,original,M16_Hex_Nut,hex_nut,USB_Male,USB_Male,False,False,False,C,../vlm_four_scene_20260925/raw/qwen3.5-4b/original/M16_Hex_Nut/USB_Male.json,0.040684974603276566,0.040684974603276566,0.040684974603276566,0.6740320978943913,0.6740320978943913,0.6740320978943913,C,qwen3.5-4b/responses/original/M16_Hex_Nut/USB_Male.json,0.03656359409567539,0.03656359409567539,0.03656359409567539,0.8157405901377469,0.8157405901377469,0.8157405901377469,-0.004121380507601177,-0.004121380507601177
qwen3.5:4b,original,RGOCG16-50_16mm,round_pin,USB_Male,USB_Male,False,False,False,B,../vlm_four_scene_20260925/raw/qwen3.5-4b/original/RGOCG16-50_16mm/USB_Male.json,0.14209351738147386,0.14209351738147386,0.14209351738147386,0.38008649132708894,0.38008649132708894,0.38008649132708894,C,qwen3.5-4b/responses/original/RGOCG16-50_16mm/USB_Male.json,0.2086969415229547,0.2086969415229547,0.2086969415229547,0.47067910519555034,0.47067910519555034,0.47067910519555034,0.06660342414148085,0.06660342414148085
qwen3.5:4b,original,RGOCG12-50_12mm,round_pin,USB_Male,USB_Male,False,False,False,B,../vlm_four_scene_20260925/raw/qwen3.5-4b/original/RGOCG12-50_12mm/USB_Male.json,0.1312903795671968,0.1312903795671968,0.1312903795671968,0.3940618222366623,0.3940618222366623,0.3940618222366623,C,qwen3.5-4b/responses/original/RGOCG12-50_12mm/USB_Male.json,0.2086969415229547,0.2086969415229547,0.2086969415229547,0.47067910519555034,0.47067910519555034,0.47067910519555034,0.0774065619557579,0.0774065619557579
qwen3.5:4b,original,RGOCG8-50_8mm,round_pin,USB_Male,USB_Male,False,False,False,B,../vlm_four_scene_20260925/raw/qwen3.5-4b/original/RGOCG8-50_8mm/USB_Male.json,0.1295867705760853,0.1295867705760853,0.1295867705760853,0.38563397377461817,0.38563397377461817,0.38563397377461817,C,qwen3.5-4b/responses/original/RGOCG8-50_8mm/USB_Male.json,0.2086969415229547,0.2086969415229547,0.2086969415229547,0.47067910519555034,0.47067910519555034,0.47067910519555034,0.0791101709468694,0.0791101709468694
qwen3.5:4b,original,USB_Male,USB_Male,USB_Male,USB_Male,True,True,False,A,../vlm_four_scene_20260925/raw/qwen3.5-4b/original/USB_Male/USB_Male.json,0.8700935810351655,0.8700935810351655,0.8700935810351655,0.0582566275596112,0.0582566275596112,0.0582566275596112,A,qwen3.5-4b/responses/original/USB_Male/USB_Male.json,0.8765800641234416,0.8765800641234416,0.8765800641234416,0.02668556674647683,0.02668556674647683,0.02668556674647683,0.0064864830882760405,0.0064864830882760405
qwen3.5:4b,original,DSUB_Male,DSUB_Male,USB_Male,USB_Male,False,False,False,A,../vlm_four_scene_20260925/raw/qwen3.5-4b/original/DSUB_Male/USB_Male.json,0.6951338732400051,0.6951338732400051,0.6951338732400051,0.14270886294415996,0.14270886294415996,0.14270886294415996,A,qwen3.5-4b/responses/original/DSUB_Male/USB_Male.json,0.7526491814313091,0.7526491814313091,0.7526491814313091,0.08594043428952203,0.08594043428952203,0.08594043428952203,0.057515308191304015,0.057515308191304015
qwen3.5:4b,original,Gear_Large,gear,DSUB_Male,DSUB_Male,False,False,False,C,../vlm_four_scene_20260925/raw/qwen3.5-4b/original/Gear_Large/DSUB_Male.json,0.049245961458293734,0.049245961458293734,0.049245961458293734,0.6715162377346146,0.6715162377346146,0.6715162377346146,C,qwen3.5-4b/responses/original/Gear_Large/DSUB_Male.json,0.05192243875862447,0.05192243875862447,0.05192243875862447,0.6397056539052918,0.6397056539052918,0.6397056539052918,0.002676477300330736,0.002676477300330736
qwen3.5:4b,original,Gear_Medium,gear,DSUB_Male,DSUB_Male,False,False,False,C,../vlm_four_scene_20260925/raw/qwen3.5-4b/original/Gear_Medium/DSUB_Male.json,0.04666348395586989,0.04666348395586989,0.04666348395586989,0.7407475211370497,0.7407475211370497,0.7407475211370497,C,qwen3.5-4b/responses/original/Gear_Medium/DSUB_Male.json,0.05192243875862447,0.05192243875862447,0.05192243875862447,0.6397056539052918,0.6397056539052918,0.6397056539052918,0.005258954802754581,0.005258954802754581
qwen3.5:4b,original,Gear_Small,gear,DSUB_Male,DSUB_Male,False,False,False,C,../vlm_four_scene_20260925/raw/qwen3.5-4b/original/Gear_Small/DSUB_Male.json,0.046330944637740075,0.046330944637740075,0.046330944637740075,0.7066098542006619,0.7066098542006619,0.7066098542006619,C,qwen3.5-4b/responses/original/Gear_Small/DSUB_Male.json,0.05192243875862447,0.05192243875862447,0.05192243875862447,0.6397056539052918,0.6397056539052918,0.6397056539052918,0.005591494120884395,0.005591494120884395
qwen3.5:4b,original,Waterproof_Male,Waterproof_Male,DSUB_Male,DSUB_Male,False,False,False,A,../vlm_four_scene_20260925/raw/qwen3.5-4b/original/Waterproof_Male/DSUB_Male.json,0.7652422212317157,0.7652422212317157,0.7652422212317157,0.124803994233674,0.124803994233674,0.124803994233674,A,qwen3.5-4b/responses/original/Waterproof_Male/DSUB_Male.json,0.8530514788479018,0.8530514788479018,0.8530514788479018,0.07108623708049751,0.07108623708049751,0.07108623708049751,0.08780925761618608,0.08780925761618608
qwen3.5:4b,original,M12_Hex_Nut,hex_nut,DSUB_Male,DSUB_Male,False,False,False,C,../vlm_four_scene_20260925/raw/qwen3.5-4b/original/M12_Hex_Nut/DSUB_Male.json,0.07780352023318221,0.07780352023318221,0.07780352023318221,0.7250498018343324,0.7250498018343324,0.7250498018343324,C,qwen3.5-4b/responses/original/M12_Hex_Nut/DSUB_Male.json,0.06284359272599857,0.06284359272599857,0.06284359272599857,0.6898732178109049,0.6898732178109049,0.6898732178109049,-0.01495992750718364,-0.01495992750718364
qwen3.5:4b,original,M16_Hex_Nut,hex_nut,DSUB_Male,DSUB_Male,False,False,False,C,../vlm_four_scene_20260925/raw/qwen3.5-4b/original/M16_Hex_Nut/DSUB_Male.json,0.0895230816902933,0.0895230816902933,0.0895230816902933,0.757116923357609,0.757116923357609,0.757116923357609,C,qwen3.5-4b/responses/original/M16_Hex_Nut/DSUB_Male.json,0.06284359272599857,0.06284359272599857,0.06284359272599857,0.6898732178109049,0.6898732178109049,0.6898732178109049,-0.02667948896429473,-0.02667948896429473
qwen3.5:4b,original,RGOCG16-50_16mm,round_pin,DSUB_Male,DSUB_Male,False,False,False,C,../vlm_four_scene_20260925/raw/qwen3.5-4b/original/RGOCG16-50_16mm/DSUB_Male.json,0.38737994519401703,0.38737994519401703,0.38737994519401703,0.41757411854573334,0.41757411854573334,0.41757411854573334,C,qwen3.5-4b/responses/original/RGOCG16-50_16mm/DSUB_Male.json,0.16479664695663956,0.16479664695663956,0.16479664695663956,0.45295205348684314,0.45295205348684314,0.45295205348684314,-0.22258329823737746,-0.22258329823737746
qwen3.5:4b,original,RGOCG12-50_12mm,round_pin,DSUB_Male,DSUB_Male,False,False,False,C,../vlm_four_scene_20260925/raw/qwen3.5-4b/original/RGOCG12-50_12mm/DSUB_Male.json,0.3589801406031748,0.3589801406031748,0.3589801406031748,0.4640925215856088,0.4640925215856088,0.4640925215856088,C,qwen3.5-4b/responses/original/RGOCG12-50_12mm/DSUB_Male.json,0.16479664695663956,0.16479664695663956,0.16479664695663956,0.45295205348684314,0.45295205348684314,0.45295205348684314,-0.19418349364653523,-0.19418349364653523
qwen3.5:4b,original,RGOCG8-50_8mm,round_pin,DSUB_Male,DSUB_Male,False,False,False,A,../vlm_four_scene_20260925/raw/qwen3.5-4b/original/RGOCG8-50_8mm/DSUB_Male.json,0.40888059436488094,0.40888059436488094,0.40888059436488094,0.3926919742653171,0.3926919742653171,0.3926919742653171,C,qwen3.5-4b/responses/original/RGOCG8-50_8mm/DSUB_Male.json,0.16479664695663956,0.16479664695663956,0.16479664695663956,0.45295205348684314,0.45295205348684314,0.45295205348684314,-0.24408394740824138,-0.24408394740824138
qwen3.5:4b,original,USB_Male,USB_Male,DSUB_Male,DSUB_Male,False,False,False,A,../vlm_four_scene_20260925/raw/qwen3.5-4b/original/USB_Male/DSUB_Male.json,0.44191169363498023,0.44191169363498023,0.44191169363498023,0.4137984277538152,0.4137984277538152,0.4137984277538152,C,qwen3.5-4b/responses/original/USB_Male/DSUB_Male.json,0.32559509454244173,0.32559509454244173,0.32559509454244173,0.4092282995572601,0.4092282995572601,0.4092282995572601,-0.1163165990925385,-0.1163165990925385
qwen3.5:4b,original,DSUB_Male,DSUB_Male,DSUB_Male,DSUB_Male,True,True,False,A,../vlm_four_scene_20260925/raw/qwen3.5-4b/original/DSUB_Male/DSUB_Male.json,0.7939588468329908,0.7939588468329908,0.7939588468329908,0.11812202114783044,0.11812202114783044,0.11812202114783044,A,qwen3.5-4b/responses/original/DSUB_Male/DSUB_Male.json,0.8389554668286853,0.8389554668286853,0.8389554668286853,0.06569828377074137,0.06569828377074137,0.06569828377074137,0.04499661999569449,0.04499661999569449
qwen3.5:4b,state_101,Gear_Large,gear,Gear_Large,gear,True,True,False,A,../vlm_four_scene_20260925/raw/qwen3.5-4b/state_101/Gear_Large/Gear_Large.json,0.753693156351122,0.753693156351122,0.753693156351122,0.11995488531388179,0.11995488531388179,0.11995488531388179,A,qwen3.5-4b/responses/state_101/Gear_Large/Gear_Large.json,0.8901720056518654,0.8901720056518654,0.8901720056518654,0.05666914704886195,0.05666914704886195,0.05666914704886195,0.1364788493007434,0.1364788493007434
qwen3.5:4b,state_101,Gear_Medium,gear,Gear_Large,gear,True,False,False,A,../vlm_four_scene_20260925/raw/qwen3.5-4b/state_101/Gear_Medium/Gear_Large.json,0.7244817512655805,0.7244817512655805,0.7244817512655805,0.14809585598666622,0.14809585598666622,0.14809585598666622,A,qwen3.5-4b/responses/state_101/Gear_Medium/Gear_Large.json,0.8901720056518654,0.8901720056518654,0.8901720056518654,0.05666914704886195,0.05666914704886195,0.05666914704886195,0.16569025438628493,0.16569025438628493
qwen3.5:4b,state_101,Gear_Small,gear,Gear_Large,gear,True,False,False,A,../vlm_four_scene_20260925/raw/qwen3.5-4b/state_101/Gear_Small/Gear_Large.json,0.7340821072169195,0.7340821072169195,0.7340821072169195,0.10651509417592273,0.10651509417592273,0.10651509417592273,A,qwen3.5-4b/responses/state_101/Gear_Small/Gear_Large.json,0.8901720056518654,0.8901720056518654,0.8901720056518654,0.05666914704886195,0.05666914704886195,0.05666914704886195,0.15608989843494592,0.15608989843494592
qwen3.5:4b,state_101,Waterproof_Male,Waterproof_Male,Gear_Large,gear,False,False,False,B,../vlm_four_scene_20260925/raw/qwen3.5-4b/state_101/Waterproof_Male/Gear_Large.json,0.06355190933239868,0.06355190933239868,0.06355190933239868,0.37343298920717566,0.37343298920717566,0.37343298920717566,C,qwen3.5-4b/responses/state_101/Waterproof_Male/Gear_Large.json,0.05949843681908875,0.05949843681908875,0.05949843681908875,0.586921141916546,0.586921141916546,0.586921141916546,-0.004053472513309932,-0.004053472513309932
qwen3.5:4b,state_101,M12_Hex_Nut,hex_nut,Gear_Large,gear,False,False,False,C,../vlm_four_scene_20260925/raw/qwen3.5-4b/state_101/M12_Hex_Nut/Gear_Large.json,0.0832279971133427,0.0832279971133427,0.0832279971133427,0.4774117803608578,0.4774117803608578,0.4774117803608578,B,qwen3.5-4b/responses/state_101/M12_Hex_Nut/Gear_Large.json,0.04303787635649736,0.04303787635649736,0.04303787635649736,0.204740318825372,0.204740318825372,0.204740318825372,-0.04019012075684533,-0.04019012075684533
qwen3.5:4b,state_101,M16_Hex_Nut,hex_nut,Gear_Large,gear,False,False,False,C,../vlm_four_scene_20260925/raw/qwen3.5-4b/state_101/M16_Hex_Nut/Gear_Large.json,0.11837979159289604,0.11837979159289604,0.11837979159289604,0.5156877681902047,0.5156877681902047,0.5156877681902047,B,qwen3.5-4b/responses/state_101/M16_Hex_Nut/Gear_Large.json,0.04303787635649736,0.04303787635649736,0.04303787635649736,0.204740318825372,0.204740318825372,0.204740318825372,-0.07534191523639867,-0.07534191523639867
qwen3.5:4b,state_101,RGOCG16-50_16mm,round_pin,Gear_Large,gear,False,False,False,C,../vlm_four_scene_20260925/raw/qwen3.5-4b/state_101/RGOCG16-50_16mm/Gear_Large.json,0.20669708961323074,0.20669708961323074,0.20669708961323074,0.5098930093467003,0.5098930093467003,0.5098930093467003,C,qwen3.5-4b/responses/state_101/RGOCG16-50_16mm/Gear_Large.json,0.04414780464451758,0.04414780464451758,0.04414780464451758,0.6565985645721885,0.6565985645721885,0.6565985645721885,-0.16254928496871318,-0.16254928496871318
qwen3.5:4b,state_101,RGOCG12-50_12mm,round_pin,Gear_Large,gear,False,False,False,C,../vlm_four_scene_20260925/raw/qwen3.5-4b/state_101/RGOCG12-50_12mm/Gear_Large.json,0.23177754074668705,0.23177754074668705,0.23177754074668705,0.44103444294524724,0.44103444294524724,0.44103444294524724,C,qwen3.5-4b/responses/state_101/RGOCG12-50_12mm/Gear_Large.json,0.04414780464451758,0.04414780464451758,0.04414780464451758,0.6565985645721885,0.6565985645721885,0.6565985645721885,-0.1876297361021695,-0.1876297361021695
qwen3.5:4b,state_101,RGOCG8-50_8mm,round_pin,Gear_Large,gear,False,False,False,C,../vlm_four_scene_20260925/raw/qwen3.5-4b/state_101/RGOCG8-50_8mm/Gear_Large.json,0.24363237943693486,0.24363237943693486,0.24363237943693486,0.4176671155375358,0.4176671155375358,0.4176671155375358,C,qwen3.5-4b/responses/state_101/RGOCG8-50_8mm/Gear_Large.json,0.04414780464451758,0.04414780464451758,0.04414780464451758,0.6565985645721885,0.6565985645721885,0.6565985645721885,-0.19948457479241727,-0.19948457479241727
qwen3.5:4b,state_101,USB_Male,USB_Male,Gear_Large,gear,False,False,False,C,../vlm_four_scene_20260925/raw/qwen3.5-4b/state_101/USB_Male/Gear_Large.json,0.03671689693938049,0.03671689693938049,0.03671689693938049,0.759328787153478,0.759328787153478,0.759328787153478,C,qwen3.5-4b/responses/state_101/USB_Male/Gear_Large.json,0.01560715842438755,0.01560715842438755,0.01560715842438755,0.8851864930493764,0.8851864930493764,0.8851864930493764,-0.02110973851499294,-0.02110973851499294
qwen3.5:4b,state_101,DSUB_Male,DSUB_Male,Gear_Large,gear,False,False,False,C,../vlm_four_scene_20260925/raw/qwen3.5-4b/state_101/DSUB_Male/Gear_Large.json,0.07259873793156991,0.07259873793156991,0.07259873793156991,0.5137096558857532,0.5137096558857532,0.5137096558857532,C,qwen3.5-4b/responses/state_101/DSUB_Male/Gear_Large.json,0.02871823155427172,0.02871823155427172,0.02871823155427172,0.9060158740056959,0.9060158740056959,0.9060158740056959,-0.04388050637729819,-0.04388050637729819
qwen3.5:4b,state_101,Gear_Large,gear,Gear_Medium,gear,True,False,False,A,../vlm_four_scene_20260925/raw/qwen3.5-4b/state_101/Gear_Large/Gear_Medium.json,0.8600717771790488,0.8600717771790488,0.8600717771790488,0.0596024508439654,0.0596024508439654,0.0596024508439654,A,qwen3.5-4b/responses/state_101/Gear_Large/Gear_Medium.json,0.908855079964167,0.908855079964167,0.908855079964167,0.03836233174402318,0.03836233174402318,0.03836233174402318,0.04878330278511822,0.04878330278511822
qwen3.5:4b,state_101,Gear_Medium,gear,Gear_Medium,gear,True,True,False,A,../vlm_four_scene_20260925/raw/qwen3.5-4b/state_101/Gear_Medium/Gear_Medium.json,0.8524430967284703,0.8524430967284703,0.8524430967284703,0.06593488593350254,0.06593488593350254,0.06593488593350254,A,qwen3.5-4b/responses/state_101/Gear_Medium/Gear_Medium.json,0.908855079964167,0.908855079964167,0.908855079964167,0.03836233174402318,0.03836233174402318,0.03836233174402318,0.05641198323569674,0.05641198323569674
qwen3.5:4b,state_101,Gear_Small,gear,Gear_Medium,gear,True,False,False,A,../vlm_four_scene_20260925/raw/qwen3.5-4b/state_101/Gear_Small/Gear_Medium.json,0.8452042381930959,0.8452042381930959,0.8452042381930959,0.06729420748439464,0.06729420748439464,0.06729420748439464,A,qwen3.5-4b/responses/state_101/Gear_Small/Gear_Medium.json,0.908855079964167,0.908855079964167,0.908855079964167,0.03836233174402318,0.03836233174402318,0.03836233174402318,0.06365084177107116,0.06365084177107116
qwen3.5:4b,state_101,Waterproof_Male,Waterproof_Male,Gear_Medium,gear,False,False,False,B,../vlm_four_scene_20260925/raw/qwen3.5-4b/state_101/Waterproof_Male/Gear_Medium.json,0.05114583598740536,0.05114583598740536,0.05114583598740536,0.3326461983278454,0.3326461983278454,0.3326461983278454,C,qwen3.5-4b/responses/state_101/Waterproof_Male/Gear_Medium.json,0.07681484415851823,0.07681484415851823,0.07681484415851823,0.6886902546303385,0.6886902546303385,0.6886902546303385,0.025669008171112874,0.025669008171112874
qwen3.5:4b,state_101,M12_Hex_Nut,hex_nut,Gear_Medium,gear,False,False,False,C,../vlm_four_scene_20260925/raw/qwen3.5-4b/state_101/M12_Hex_Nut/Gear_Medium.json,0.04899084356670003,0.04899084356670003,0.04899084356670003,0.4993607607776638,0.4993607607776638,0.4993607607776638,B,qwen3.5-4b/responses/state_101/M12_Hex_Nut/Gear_Medium.json,0.0483934807711009,0.0483934807711009,0.0483934807711009,0.22460943510459128,0.22460943510459128,0.22460943510459128,-0.0005973627955991323,-0.0005973627955991323
qwen3.5:4b,state_101,M16_Hex_Nut,hex_nut,Gear_Medium,gear,False,False,False,B,../vlm_four_scene_20260925/raw/qwen3.5-4b/state_101/M16_Hex_Nut/Gear_Medium.json,0.03642990435166173,0.03642990435166173,0.03642990435166173,0.30552747919675255,0.30552747919675255,0.30552747919675255,B,qwen3.5-4b/responses/state_101/M16_Hex_Nut/Gear_Medium.json,0.0483934807711009,0.0483934807711009,0.0483934807711009,0.22460943510459128,0.22460943510459128,0.22460943510459128,0.011963576419439174,0.011963576419439174
qwen3.5:4b,state_101,RGOCG16-50_16mm,round_pin,Gear_Medium,gear,False,False,False,C,../vlm_four_scene_20260925/raw/qwen3.5-4b/state_101/RGOCG16-50_16mm/Gear_Medium.json,0.1931584519306867,0.1931584519306867,0.1931584519306867,0.5321915233017799,0.5321915233017799,0.5321915233017799,C,qwen3.5-4b/responses/state_101/RGOCG16-50_16mm/Gear_Medium.json,0.031774757623706934,0.031774757623706934,0.031774757623706934,0.589737415037155,0.589737415037155,0.589737415037155,-0.16138369430697977,-0.16138369430697977
qwen3.5:4b,state_101,RGOCG12-50_12mm,round_pin,Gear_Medium,gear,False,False,False,C,../vlm_four_scene_20260925/raw/qwen3.5-4b/state_101/RGOCG12-50_12mm/Gear_Medium.json,0.1946752690046142,0.1946752690046142,0.1946752690046142,0.4550139564587287,0.4550139564587287,0.4550139564587287,C,qwen3.5-4b/responses/state_101/RGOCG12-50_12mm/Gear_Medium.json,0.031774757623706934,0.031774757623706934,0.031774757623706934,0.589737415037155,0.589737415037155,0.589737415037155,-0.16290051138090728,-0.16290051138090728
qwen3.5:4b,state_101,RGOCG8-50_8mm,round_pin,Gear_Medium,gear,False,False,False,C,../vlm_four_scene_20260925/raw/qwen3.5-4b/state_101/RGOCG8-50_8mm/Gear_Medium.json,0.1865889307762609,0.1865889307762609,0.1865889307762609,0.47250844830624095,0.47250844830624095,0.47250844830624095,C,qwen3.5-4b/responses/state_101/RGOCG8-50_8mm/Gear_Medium.json,0.031774757623706934,0.031774757623706934,0.031774757623706934,0.589737415037155,0.589737415037155,0.589737415037155,-0.15481417315255397,-0.15481417315255397
qwen3.5:4b,state_101,USB_Male,USB_Male,Gear_Medium,gear,False,False,False,C,../vlm_four_scene_20260925/raw/qwen3.5-4b/state_101/USB_Male/Gear_Medium.json,0.018291506460034027,0.018291506460034027,0.018291506460034027,0.5197615090350706,0.5197615090350706,0.5197615090350706,C,qwen3.5-4b/responses/state_101/USB_Male/Gear_Medium.json,0.01606768437610811,0.01606768437610811,0.01606768437610811,0.7759643286172373,0.7759643286172373,0.7759643286172373,-0.0022238220839259186,-0.0022238220839259186
qwen3.5:4b,state_101,DSUB_Male,DSUB_Male,Gear_Medium,gear,False,False,False,B,../vlm_four_scene_20260925/raw/qwen3.5-4b/state_101/DSUB_Male/Gear_Medium.json,0.039423603451124785,0.039423603451124785,0.039423603451124785,0.4063845923181345,0.4063845923181345,0.4063845923181345,C,qwen3.5-4b/responses/state_101/DSUB_Male/Gear_Medium.json,0.030383191691038314,0.030383191691038314,0.030383191691038314,0.8213518211718907,0.8213518211718907,0.8213518211718907,-0.009040411760086471,-0.009040411760086471
qwen3.5:4b,state_101,Gear_Large,gear,Gear_Small,gear,True,False,False,A,../vlm_four_scene_20260925/raw/qwen3.5-4b/state_101/Gear_Large/Gear_Small.json,0.8248564640053259,0.8248564640053259,0.8248564640053259,0.09274671856639678,0.09274671856639678,0.09274671856639678,A,qwen3.5-4b/responses/state_101/Gear_Large/Gear_Small.json,0.9210460210778294,0.9210460210778294,0.9210460210778294,0.05051304290436922,0.05051304290436922,0.05051304290436922,0.09618955707250354,0.09618955707250354
qwen3.5:4b,state_101,Gear_Medium,gear,Gear_Small,gear,True,False,False,A,../vlm_four_scene_20260925/raw/qwen3.5-4b/state_101/Gear_Medium/Gear_Small.json,0.7801948773618902,0.7801948773618902,0.7801948773618902,0.13147798154446336,0.13147798154446336,0.13147798154446336,A,qwen3.5-4b/responses/state_101/Gear_Medium/Gear_Small.json,0.9210460210778294,0.9210460210778294,0.9210460210778294,0.05051304290436922,0.05051304290436922,0.05051304290436922,0.1408511437159392,0.1408511437159392
qwen3.5:4b,state_101,Gear_Small,gear,Gear_Small,gear,True,True,False,A,../vlm_four_scene_20260925/raw/qwen3.5-4b/state_101/Gear_Small/Gear_Small.json,0.7844674628007785,0.7844674628007785,0.7844674628007785,0.12767082358131374,0.12767082358131374,0.12767082358131374,A,qwen3.5-4b/responses/state_101/Gear_Small/Gear_Small.json,0.9210460210778294,0.9210460210778294,0.9210460210778294,0.05051304290436922,0.05051304290436922,0.05051304290436922,0.1365785582770509,0.1365785582770509
qwen3.5:4b,state_101,Waterproof_Male,Waterproof_Male,Gear_Small,gear,False,False,False,C,../vlm_four_scene_20260925/raw/qwen3.5-4b/state_101/Waterproof_Male/Gear_Small.json,0.07718214776498102,0.07718214776498102,0.07718214776498102,0.6320632726048891,0.6320632726048891,0.6320632726048891,C,qwen3.5-4b/responses/state_101/Waterproof_Male/Gear_Small.json,0.1902607889881461,0.1902607889881461,0.1902607889881461,0.5813862615987747,0.5813862615987747,0.5813862615987747,0.11307864122316509,0.11307864122316509
qwen3.5:4b,state_101,M12_Hex_Nut,hex_nut,Gear_Small,gear,False,False,False,C,../vlm_four_scene_20260925/raw/qwen3.5-4b/state_101/M12_Hex_Nut/Gear_Small.json,0.16711716665810494,0.16711716665810494,0.16711716665810494,0.6525970060003774,0.6525970060003774,0.6525970060003774,B,qwen3.5-4b/responses/state_101/M12_Hex_Nut/Gear_Small.json,0.05790521881778025,0.05790521881778025,0.05790521881778025,0.3733534018631146,0.3733534018631146,0.3733534018631146,-0.1092119478403247,-0.1092119478403247
qwen3.5:4b,state_101,M16_Hex_Nut,hex_nut,Gear_Small,gear,False,False,False,C,../vlm_four_scene_20260925/raw/qwen3.5-4b/state_101/M16_Hex_Nut/Gear_Small.json,0.27925664741422335,0.27925664741422335,0.27925664741422335,0.5262845854458376,0.5262845854458376,0.5262845854458376,B,qwen3.5-4b/responses/state_101/M16_Hex_Nut/Gear_Small.json,0.05790521881778025,0.05790521881778025,0.05790521881778025,0.3733534018631146,0.3733534018631146,0.3733534018631146,-0.2213514285964431,-0.2213514285964431
qwen3.5:4b,state_101,RGOCG16-50_16mm,round_pin,Gear_Small,gear,False,False,False,C,../vlm_four_scene_20260925/raw/qwen3.5-4b/state_101/RGOCG16-50_16mm/Gear_Small.json,0.12280834634320897,0.12280834634320897,0.12280834634320897,0.6164180545063526,0.6164180545063526,0.6164180545063526,C,qwen3.5-4b/responses/state_101/RGOCG16-50_16mm/Gear_Small.json,0.04599275860441322,0.04599275860441322,0.04599275860441322,0.7210633120277684,0.7210633120277684,0.7210633120277684,-0.07681558773879575,-0.07681558773879575
qwen3.5:4b,state_101,RGOCG12-50_12mm,round_pin,Gear_Small,gear,False,False,False,C,../vlm_four_scene_20260925/raw/qwen3.5-4b/state_101/RGOCG12-50_12mm/Gear_Small.json,0.13471300785699958,0.13471300785699958,0.13471300785699958,0.657448940479764,0.657448940479764,0.657448940479764,C,qwen3.5-4b/responses/state_101/RGOCG12-50_12mm/Gear_Small.json,0.04599275860441322,0.04599275860441322,0.04599275860441322,0.7210633120277684,0.7210633120277684,0.7210633120277684,-0.08872024925258636,-0.08872024925258636
qwen3.5:4b,state_101,RGOCG8-50_8mm,round_pin,Gear_Small,gear,False,False,False,C,../vlm_four_scene_20260925/raw/qwen3.5-4b/state_101/RGOCG8-50_8mm/Gear_Small.json,0.19853311738619697,0.19853311738619697,0.19853311738619697,0.6268274779667302,0.6268274779667302,0.6268274779667302,C,qwen3.5-4b/responses/state_101/RGOCG8-50_8mm/Gear_Small.json,0.04599275860441322,0.04599275860441322,0.04599275860441322,0.7210633120277684,0.7210633120277684,0.7210633120277684,-0.15254035878178374,-0.15254035878178374
qwen3.5:4b,state_101,USB_Male,USB_Male,Gear_Small,gear,False,False,False,C,../vlm_four_scene_20260925/raw/qwen3.5-4b/state_101/USB_Male/Gear_Small.json,0.047759815954598474,0.047759815954598474,0.047759815954598474,0.8261957182557879,0.8261957182557879,0.8261957182557879,C,qwen3.5-4b/responses/state_101/USB_Male/Gear_Small.json,0.021624866082182916,0.021624866082182916,0.021624866082182916,0.8631106066335386,0.8631106066335386,0.8631106066335386,-0.026134949872415558,-0.026134949872415558
qwen3.5:4b,state_101,DSUB_Male,DSUB_Male,Gear_Small,gear,False,False,False,C,../vlm_four_scene_20260925/raw/qwen3.5-4b/state_101/DSUB_Male/Gear_Small.json,0.13151550901100587,0.13151550901100587,0.13151550901100587,0.748273497384921,0.748273497384921,0.748273497384921,C,qwen3.5-4b/responses/state_101/DSUB_Male/Gear_Small.json,0.029884179735003708,0.029884179735003708,0.029884179735003708,0.9181378452886045,0.9181378452886045,0.9181378452886045,-0.10163132927600216,-0.10163132927600216
qwen3.5:4b,state_101,Gear_Large,gear,Waterproof_Male,Waterproof_Male,False,False,False,C,../vlm_four_scene_20260925/raw/qwen3.5-4b/state_101/Gear_Large/Waterproof_Male.json,0.1853370572145116,0.1853370572145116,0.1853370572145116,0.5460746766128013,0.5460746766128013,0.5460746766128013,C,qwen3.5-4b/responses/state_101/Gear_Large/Waterproof_Male.json,0.061974097645733084,0.061974097645733084,0.061974097645733084,0.5557624830959641,0.5557624830959641,0.5557624830959641,-0.12336295956877852,-0.12336295956877852
qwen3.5:4b,state_101,Gear_Medium,gear,Waterproof_Male,Waterproof_Male,False,False,False,C,../vlm_four_scene_20260925/raw/qwen3.5-4b/state_101/Gear_Medium/Waterproof_Male.json,0.16597778937505064,0.16597778937505064,0.16597778937505064,0.5786336662538567,0.5786336662538567,0.5786336662538567,C,qwen3.5-4b/responses/state_101/Gear_Medium/Waterproof_Male.json,0.061974097645733084,0.061974097645733084,0.061974097645733084,0.5557624830959641,0.5557624830959641,0.5557624830959641,-0.10400369172931756,-0.10400369172931756
qwen3.5:4b,state_101,Gear_Small,gear,Waterproof_Male,Waterproof_Male,False,False,False,C,../vlm_four_scene_20260925/raw/qwen3.5-4b/state_101/Gear_Small/Waterproof_Male.json,0.14229307867017413,0.14229307867017413,0.14229307867017413,0.5980316272398137,0.5980316272398137,0.5980316272398137,C,qwen3.5-4b/responses/state_101/Gear_Small/Waterproof_Male.json,0.061974097645733084,0.061974097645733084,0.061974097645733084,0.5557624830959641,0.5557624830959641,0.5557624830959641,-0.08031898102444104,-0.08031898102444104
qwen3.5:4b,state_101,Waterproof_Male,Waterproof_Male,Waterproof_Male,Waterproof_Male,True,True,False,A,../vlm_four_scene_20260925/raw/qwen3.5-4b/state_101/Waterproof_Male/Waterproof_Male.json,0.7830064248338079,0.7830064248338079,0.7830064248338079,0.09481695211170849,0.09481695211170849,0.09481695211170849,A,qwen3.5-4b/responses/state_101/Waterproof_Male/Waterproof_Male.json,0.8852753606056656,0.8852753606056656,0.8852753606056656,0.04744721607391141,0.04744721607391141,0.04744721607391141,0.1022689357718577,0.1022689357718577
qwen3.5:4b,state_101,M12_Hex_Nut,hex_nut,Waterproof_Male,Waterproof_Male,False,False,False,C,../vlm_four_scene_20260925/raw/qwen3.5-4b/state_101/M12_Hex_Nut/Waterproof_Male.json,0.08599928063235586,0.08599928063235586,0.08599928063235586,0.5170271957218042,0.5170271957218042,0.5170271957218042,C,qwen3.5-4b/responses/state_101/M12_Hex_Nut/Waterproof_Male.json,0.06654013561840266,0.06654013561840266,0.06654013561840266,0.6509740324520741,0.6509740324520741,0.6509740324520741,-0.019459145013953197,-0.019459145013953197
qwen3.5:4b,state_101,M16_Hex_Nut,hex_nut,Waterproof_Male,Waterproof_Male,False,False,False,C,../vlm_four_scene_20260925/raw/qwen3.5-4b/state_101/M16_Hex_Nut/Waterproof_Male.json,0.11666931064018111,0.11666931064018111,0.11666931064018111,0.5380039811487329,0.5380039811487329,0.5380039811487329,C,qwen3.5-4b/responses/state_101/M16_Hex_Nut/Waterproof_Male.json,0.06654013561840266,0.06654013561840266,0.06654013561840266,0.6509740324520741,0.6509740324520741,0.6509740324520741,-0.05012917502177845,-0.05012917502177845
qwen3.5:4b,state_101,RGOCG16-50_16mm,round_pin,Waterproof_Male,Waterproof_Male,False,False,False,C,../vlm_four_scene_20260925/raw/qwen3.5-4b/state_101/RGOCG16-50_16mm/Waterproof_Male.json,0.29385117295616636,0.29385117295616636,0.29385117295616636,0.495795620955989,0.495795620955989,0.495795620955989,C,qwen3.5-4b/responses/state_101/RGOCG16-50_16mm/Waterproof_Male.json,0.11831458402946897,0.11831458402946897,0.11831458402946897,0.6125019200633989,0.6125019200633989,0.6125019200633989,-0.17553658892669738,-0.17553658892669738
qwen3.5:4b,state_101,RGOCG12-50_12mm,round_pin,Waterproof_Male,Waterproof_Male,False,False,False,C,../vlm_four_scene_20260925/raw/qwen3.5-4b/state_101/RGOCG12-50_12mm/Waterproof_Male.json,0.36205206560143277,0.36205206560143277,0.36205206560143277,0.4506369142900568,0.4506369142900568,0.4506369142900568,C,qwen3.5-4b/responses/state_101/RGOCG12-50_12mm/Waterproof_Male.json,0.11831458402946897,0.11831458402946897,0.11831458402946897,0.6125019200633989,0.6125019200633989,0.6125019200633989,-0.2437374815719638,-0.2437374815719638
qwen3.5:4b,state_101,RGOCG8-50_8mm,round_pin,Waterproof_Male,Waterproof_Male,False,False,False,C,../vlm_four_scene_20260925/raw/qwen3.5-4b/state_101/RGOCG8-50_8mm/Waterproof_Male.json,0.3183763841960803,0.3183763841960803,0.3183763841960803,0.48497920590718757,0.48497920590718757,0.48497920590718757,C,qwen3.5-4b/responses/state_101/RGOCG8-50_8mm/Waterproof_Male.json,0.11831458402946897,0.11831458402946897,0.11831458402946897,0.6125019200633989,0.6125019200633989,0.6125019200633989,-0.2000618001666113,-0.2000618001666113
qwen3.5:4b,state_101,USB_Male,USB_Male,Waterproof_Male,Waterproof_Male,False,False,False,C,../vlm_four_scene_20260925/raw/qwen3.5-4b/state_101/USB_Male/Waterproof_Male.json,0.16411076807528302,0.16411076807528302,0.16411076807528302,0.5991323728379522,0.5991323728379522,0.5991323728379522,C,qwen3.5-4b/responses/state_101/USB_Male/Waterproof_Male.json,0.06603388678452851,0.06603388678452851,0.06603388678452851,0.6668182068096468,0.6668182068096468,0.6668182068096468,-0.09807688129075451,-0.09807688129075451
qwen3.5:4b,state_101,DSUB_Male,DSUB_Male,Waterproof_Male,Waterproof_Male,False,False,False,A,../vlm_four_scene_20260925/raw/qwen3.5-4b/state_101/DSUB_Male/Waterproof_Male.json,0.43385144926177927,0.43385144926177927,0.43385144926177927,0.28630902455064344,0.28630902455064344,0.28630902455064344,A,qwen3.5-4b/responses/state_101/DSUB_Male/Waterproof_Male.json,0.4103620908392398,0.4103620908392398,0.4103620908392398,0.2520728327752664,0.2520728327752664,0.2520728327752664,-0.023489358422539464,-0.023489358422539464
qwen3.5:4b,state_101,Gear_Large,gear,M12_Hex_Nut,hex_nut,False,False,False,C,../vlm_four_scene_20260925/raw/qwen3.5-4b/state_101/Gear_Large/M12_Hex_Nut.json,0.38733155232309363,0.38733155232309363,0.38733155232309363,0.5080512155592125,0.5080512155592125,0.5080512155592125,A,qwen3.5-4b/responses/state_101/Gear_Large/M12_Hex_Nut.json,0.43072776810276797,0.43072776810276797,0.43072776810276797,0.3628454802131459,0.3628454802131459,0.3628454802131459,0.04339621577967434,0.04339621577967434
qwen3.5:4b,state_101,Gear_Medium,gear,M12_Hex_Nut,hex_nut,False,False,False,C,../vlm_four_scene_20260925/raw/qwen3.5-4b/state_101/Gear_Medium/M12_Hex_Nut.json,0.275610373906604,0.275610373906604,0.275610373906604,0.6601568381001396,0.6601568381001396,0.6601568381001396,A,qwen3.5-4b/responses/state_101/Gear_Medium/M12_Hex_Nut.json,0.43072776810276797,0.43072776810276797,0.43072776810276797,0.3628454802131459,0.3628454802131459,0.3628454802131459,0.155117394196164,0.155117394196164
qwen3.5:4b,state_101,Gear_Small,gear,M12_Hex_Nut,hex_nut,False,False,False,C,../vlm_four_scene_20260925/raw/qwen3.5-4b/state_101/Gear_Small/M12_Hex_Nut.json,0.3889988548256258,0.3889988548256258,0.3889988548256258,0.5190448738574418,0.5190448738574418,0.5190448738574418,A,qwen3.5-4b/responses/state_101/Gear_Small/M12_Hex_Nut.json,0.43072776810276797,0.43072776810276797,0.43072776810276797,0.3628454802131459,0.3628454802131459,0.3628454802131459,0.04172891327714218,0.04172891327714218
qwen3.5:4b,state_101,Waterproof_Male,Waterproof_Male,M12_Hex_Nut,hex_nut,False,False,False,C,../vlm_four_scene_20260925/raw/qwen3.5-4b/state_101/Waterproof_Male/M12_Hex_Nut.json,0.39668627821328434,0.39668627821328434,0.39668627821328434,0.4710990743360279,0.4710990743360279,0.4710990743360279,A,qwen3.5-4b/responses/state_101/Waterproof_Male/M12_Hex_Nut.json,0.595075500778544,0.595075500778544,0.595075500778544,0.2402612298033604,0.2402612298033604,0.2402612298033604,0.19838922256525965,0.19838922256525965
qwen3.5:4b,state_101,M12_Hex_Nut,hex_nut,M12_Hex_Nut,hex_nut,True,True,False,A,../vlm_four_scene_20260925/raw/qwen3.5-4b/state_101/M12_Hex_Nut/M12_Hex_Nut.json,0.6210907165976777,0.6210907165976777,0.6210907165976777,0.2969172068729796,0.2969172068729796,0.2969172068729796,A,qwen3.5-4b/responses/state_101/M12_Hex_Nut/M12_Hex_Nut.json,0.7337578471166589,0.7337578471166589,0.7337578471166589,0.12730191827443368,0.12730191827443368,0.12730191827443368,0.11266713051898125,0.11266713051898125
qwen3.5:4b,state_101,M16_Hex_Nut,hex_nut,M12_Hex_Nut,hex_nut,True,False,False,A,../vlm_four_scene_20260925/raw/qwen3.5-4b/state_101/M16_Hex_Nut/M12_Hex_Nut.json,0.7029058883794778,0.7029058883794778,0.7029058883794778,0.21144669531589472,0.21144669531589472,0.21144669531589472,A,qwen3.5-4b/responses/state_101/M16_Hex_Nut/M12_Hex_Nut.json,0.7337578471166589,0.7337578471166589,0.7337578471166589,0.12730191827443368,0.12730191827443368,0.12730191827443368,0.030851958737181162,0.030851958737181162
qwen3.5:4b,state_101,RGOCG16-50_16mm,round_pin,M12_Hex_Nut,hex_nut,False,False,False,C,../vlm_four_scene_20260925/raw/qwen3.5-4b/state_101/RGOCG16-50_16mm/M12_Hex_Nut.json,0.2721298323537318,0.2721298323537318,0.2721298323537318,0.5882148109444426,0.5882148109444426,0.5882148109444426,C,qwen3.5-4b/responses/state_101/RGOCG16-50_16mm/M12_Hex_Nut.json,0.31727131897665134,0.31727131897665134,0.31727131897665134,0.45660150483430667,0.45660150483430667,0.45660150483430667,0.04514148662291956,0.04514148662291956
qwen3.5:4b,state_101,RGOCG12-50_12mm,round_pin,M12_Hex_Nut,hex_nut,False,False,False,C,../vlm_four_scene_20260925/raw/qwen3.5-4b/state_101/RGOCG12-50_12mm/M12_Hex_Nut.json,0.19397317729303898,0.19397317729303898,0.19397317729303898,0.654570215686618,0.654570215686618,0.654570215686618,C,qwen3.5-4b/responses/state_101/RGOCG12-50_12mm/M12_Hex_Nut.json,0.31727131897665134,0.31727131897665134,0.31727131897665134,0.45660150483430667,0.45660150483430667,0.45660150483430667,0.12329814168361236,0.12329814168361236
qwen3.5:4b,state_101,RGOCG8-50_8mm,round_pin,M12_Hex_Nut,hex_nut,False,False,False,C,../vlm_four_scene_20260925/raw/qwen3.5-4b/state_101/RGOCG8-50_8mm/M12_Hex_Nut.json,0.21276048507816997,0.21276048507816997,0.21276048507816997,0.6862283307444491,0.6862283307444491,0.6862283307444491,C,qwen3.5-4b/responses/state_101/RGOCG8-50_8mm/M12_Hex_Nut.json,0.31727131897665134,0.31727131897665134,0.31727131897665134,0.45660150483430667,0.45660150483430667,0.45660150483430667,0.10451083389848137,0.10451083389848137
qwen3.5:4b,state_101,USB_Male,USB_Male,M12_Hex_Nut,hex_nut,False,False,False,C,../vlm_four_scene_20260925/raw/qwen3.5-4b/state_101/USB_Male/M12_Hex_Nut.json,0.0723502623106099,0.0723502623106099,0.0723502623106099,0.8481823219207753,0.8481823219207753,0.8481823219207753,C,qwen3.5-4b/responses/state_101/USB_Male/M12_Hex_Nut.json,0.054068482915354106,0.054068482915354106,0.054068482915354106,0.7908173821162211,0.7908173821162211,0.7908173821162211,-0.01828177939525579,-0.01828177939525579
qwen3.5:4b,state_101,DSUB_Male,DSUB_Male,M12_Hex_Nut,hex_nut,False,False,False,C,../vlm_four_scene_20260925/raw/qwen3.5-4b/state_101/DSUB_Male/M12_Hex_Nut.json,0.18281723499492294,0.18281723499492294,0.18281723499492294,0.7146091380768826,0.7146091380768826,0.7146091380768826,C,qwen3.5-4b/responses/state_101/DSUB_Male/M12_Hex_Nut.json,0.12129253588800117,0.12129253588800117,0.12129253588800117,0.7555630139837388,0.7555630139837388,0.7555630139837388,-0.06152469910692178,-0.06152469910692178
qwen3.5:4b,state_101,Gear_Large,gear,M16_Hex_Nut,hex_nut,False,False,False,A,../vlm_four_scene_20260925/raw/qwen3.5-4b/state_101/Gear_Large/M16_Hex_Nut.json,0.5468911492711814,0.5468911492711814,0.5468911492711814,0.3850194618391135,0.3850194618391135,0.3850194618391135,A,qwen3.5-4b/responses/state_101/Gear_Large/M16_Hex_Nut.json,0.8649626961684397,0.8649626961684397,0.8649626961684397,0.09059593194175225,0.09059593194175225,0.09059593194175225,0.31807154689725825,0.31807154689725825
qwen3.5:4b,state_101,Gear_Medium,gear,M16_Hex_Nut,hex_nut,False,False,False,A,../vlm_four_scene_20260925/raw/qwen3.5-4b/state_101/Gear_Medium/M16_Hex_Nut.json,0.4799308651456833,0.4799308651456833,0.4799308651456833,0.4691854094365391,0.4691854094365391,0.4691854094365391,A,qwen3.5-4b/responses/state_101/Gear_Medium/M16_Hex_Nut.json,0.8649626961684397,0.8649626961684397,0.8649626961684397,0.09059593194175225,0.09059593194175225,0.09059593194175225,0.3850318310227564,0.3850318310227564
qwen3.5:4b,state_101,Gear_Small,gear,M16_Hex_Nut,hex_nut,False,False,False,A,../vlm_four_scene_20260925/raw/qwen3.5-4b/state_101/Gear_Small/M16_Hex_Nut.json,0.5769595356401199,0.5769595356401199,0.5769595356401199,0.34548888585883286,0.34548888585883286,0.34548888585883286,A,qwen3.5-4b/responses/state_101/Gear_Small/M16_Hex_Nut.json,0.8649626961684397,0.8649626961684397,0.8649626961684397,0.09059593194175225,0.09059593194175225,0.09059593194175225,0.28800316052831976,0.28800316052831976
qwen3.5:4b,state_101,Waterproof_Male,Waterproof_Male,M16_Hex_Nut,hex_nut,False,False,False,C,../vlm_four_scene_20260925/raw/qwen3.5-4b/state_101/Waterproof_Male/M16_Hex_Nut.json,0.3798382518452335,0.3798382518452335,0.3798382518452335,0.5220281465330664,0.5220281465330664,0.5220281465330664,A,qwen3.5-4b/responses/state_101/Waterproof_Male/M16_Hex_Nut.json,0.5371690459027929,0.5371690459027929,0.5371690459027929,0.2715679614811311,0.2715679614811311,0.2715679614811311,0.1573307940575594,0.1573307940575594
qwen3.5:4b,state_101,M12_Hex_Nut,hex_nut,M16_Hex_Nut,hex_nut,True,False,False,C,../vlm_four_scene_20260925/raw/qwen3.5-4b/state_101/M12_Hex_Nut/M16_Hex_Nut.json,0.3126069784076001,0.3126069784076001,0.3126069784076001,0.6314773571878105,0.6314773571878105,0.6314773571878105,A,qwen3.5-4b/responses/state_101/M12_Hex_Nut/M16_Hex_Nut.json,0.39385753035015697,0.39385753035015697,0.39385753035015697,0.3354792964451073,0.3354792964451073,0.3354792964451073,0.08125055194255687,0.08125055194255687
qwen3.5:4b,state_101,M16_Hex_Nut,hex_nut,M16_Hex_Nut,hex_nut,True,True,False,A,../vlm_four_scene_20260925/raw/qwen3.5-4b/state_101/M16_Hex_Nut/M16_Hex_Nut.json,0.6025005025449773,0.6025005025449773,0.6025005025449773,0.31819323572433317,0.31819323572433317,0.31819323572433317,A,qwen3.5-4b/responses/state_101/M16_Hex_Nut/M16_Hex_Nut.json,0.39385753035015697,0.39385753035015697,0.39385753035015697,0.3354792964451073,0.3354792964451073,0.3354792964451073,-0.20864297219482036,-0.20864297219482036
qwen3.5:4b,state_101,RGOCG16-50_16mm,round_pin,M16_Hex_Nut,hex_nut,False,False,False,C,../vlm_four_scene_20260925/raw/qwen3.5-4b/state_101/RGOCG16-50_16mm/M16_Hex_Nut.json,0.2634123610098792,0.2634123610098792,0.2634123610098792,0.6499305968417703,0.6499305968417703,0.6499305968417703,A,qwen3.5-4b/responses/state_101/RGOCG16-50_16mm/M16_Hex_Nut.json,0.407944182003388,0.407944182003388,0.407944182003388,0.38613432631367683,0.38613432631367683,0.38613432631367683,0.1445318209935088,0.1445318209935088
qwen3.5:4b,state_101,RGOCG12-50_12mm,round_pin,M16_Hex_Nut,hex_nut,False,False,False,C,../vlm_four_scene_20260925/raw/qwen3.5-4b/state_101/RGOCG12-50_12mm/M16_Hex_Nut.json,0.19110383876913833,0.19110383876913833,0.19110383876913833,0.7333195746512414,0.7333195746512414,0.7333195746512414,A,qwen3.5-4b/responses/state_101/RGOCG12-50_12mm/M16_Hex_Nut.json,0.407944182003388,0.407944182003388,0.407944182003388,0.38613432631367683,0.38613432631367683,0.38613432631367683,0.21684034323424967,0.21684034323424967
qwen3.5:4b,state_101,RGOCG8-50_8mm,round_pin,M16_Hex_Nut,hex_nut,False,False,False,C,../vlm_four_scene_20260925/raw/qwen3.5-4b/state_101/RGOCG8-50_8mm/M16_Hex_Nut.json,0.2692158211667656,0.2692158211667656,0.2692158211667656,0.6621865724344784,0.6621865724344784,0.6621865724344784,A,qwen3.5-4b/responses/state_101/RGOCG8-50_8mm/M16_Hex_Nut.json,0.407944182003388,0.407944182003388,0.407944182003388,0.38613432631367683,0.38613432631367683,0.38613432631367683,0.13872836083662238,0.13872836083662238
qwen3.5:4b,state_101,USB_Male,USB_Male,M16_Hex_Nut,hex_nut,False,False,False,C,../vlm_four_scene_20260925/raw/qwen3.5-4b/state_101/USB_Male/M16_Hex_Nut.json,0.13786200524381423,0.13786200524381423,0.13786200524381423,0.7996274175396887,0.7996274175396887,0.7996274175396887,C,qwen3.5-4b/responses/state_101/USB_Male/M16_Hex_Nut.json,0.054166155376561095,0.054166155376561095,0.054166155376561095,0.7767787515624277,0.7767787515624277,0.7767787515624277,-0.08369584986725313,-0.08369584986725313
qwen3.5:4b,state_101,DSUB_Male,DSUB_Male,M16_Hex_Nut,hex_nut,False,False,False,C,../vlm_four_scene_20260925/raw/qwen3.5-4b/state_101/DSUB_Male/M16_Hex_Nut.json,0.20450819399426987,0.20450819399426987,0.20450819399426987,0.7132852020307595,0.7132852020307595,0.7132852020307595,C,qwen3.5-4b/responses/state_101/DSUB_Male/M16_Hex_Nut.json,0.17545140626883188,0.17545140626883188,0.17545140626883188,0.6471572484934341,0.6471572484934341,0.6471572484934341,-0.029056787725437988,-0.029056787725437988
qwen3.5:4b,state_101,Gear_Large,gear,RGOCG16-50_16mm,round_pin,False,False,False,C,../vlm_four_scene_20260925/raw/qwen3.5-4b/state_101/Gear_Large/RGOCG16-50_16mm.json,0.045706912973588094,0.045706912973588094,0.045706912973588094,0.8972467216169275,0.8972467216169275,0.8972467216169275,C,qwen3.5-4b/responses/state_101/Gear_Large/RGOCG16-50_16mm.json,0.0463393294302856,0.0463393294302856,0.0463393294302856,0.8928788273642896,0.8928788273642896,0.8928788273642896,0.000632416456697503,0.000632416456697503
qwen3.5:4b,state_101,Gear_Medium,gear,RGOCG16-50_16mm,round_pin,False,False,False,C,../vlm_four_scene_20260925/raw/qwen3.5-4b/state_101/Gear_Medium/RGOCG16-50_16mm.json,0.06196929570447911,0.06196929570447911,0.06196929570447911,0.8919787437178939,0.8919787437178939,0.8919787437178939,C,qwen3.5-4b/responses/state_101/Gear_Medium/RGOCG16-50_16mm.json,0.0463393294302856,0.0463393294302856,0.0463393294302856,0.8928788273642896,0.8928788273642896,0.8928788273642896,-0.01562996627419351,-0.01562996627419351
qwen3.5:4b,state_101,Gear_Small,gear,RGOCG16-50_16mm,round_pin,False,False,False,C,../vlm_four_scene_20260925/raw/qwen3.5-4b/state_101/Gear_Small/RGOCG16-50_16mm.json,0.06017597906523492,0.06017597906523492,0.06017597906523492,0.8674141744991885,0.8674141744991885,0.8674141744991885,C,qwen3.5-4b/responses/state_101/Gear_Small/RGOCG16-50_16mm.json,0.0463393294302856,0.0463393294302856,0.0463393294302856,0.8928788273642896,0.8928788273642896,0.8928788273642896,-0.013836649634949322,-0.013836649634949322
qwen3.5:4b,state_101,Waterproof_Male,Waterproof_Male,RGOCG16-50_16mm,round_pin,False,False,False,C,../vlm_four_scene_20260925/raw/qwen3.5-4b/state_101/Waterproof_Male/RGOCG16-50_16mm.json,0.10747258006022103,0.10747258006022103,0.10747258006022103,0.8364566506930622,0.8364566506930622,0.8364566506930622,C,qwen3.5-4b/responses/state_101/Waterproof_Male/RGOCG16-50_16mm.json,0.05676473667878175,0.05676473667878175,0.05676473667878175,0.8647705304059904,0.8647705304059904,0.8647705304059904,-0.050707843381439285,-0.050707843381439285
qwen3.5:4b,state_101,M12_Hex_Nut,hex_nut,RGOCG16-50_16mm,round_pin,False,False,False,C,../vlm_four_scene_20260925/raw/qwen3.5-4b/state_101/M12_Hex_Nut/RGOCG16-50_16mm.json,0.07822020333112877,0.07822020333112877,0.07822020333112877,0.8649213365213755,0.8649213365213755,0.8649213365213755,C,qwen3.5-4b/responses/state_101/M12_Hex_Nut/RGOCG16-50_16mm.json,0.04464777283817189,0.04464777283817189,0.04464777283817189,0.8580158368634327,0.8580158368634327,0.8580158368634327,-0.03357243049295688,-0.03357243049295688
qwen3.5:4b,state_101,M16_Hex_Nut,hex_nut,RGOCG16-50_16mm,round_pin,False,False,False,C,../vlm_four_scene_20260925/raw/qwen3.5-4b/state_101/M16_Hex_Nut/RGOCG16-50_16mm.json,0.08132150232070395,0.08132150232070395,0.08132150232070395,0.8659455725035975,0.8659455725035975,0.8659455725035975,C,qwen3.5-4b/responses/state_101/M16_Hex_Nut/RGOCG16-50_16mm.json,0.04464777283817189,0.04464777283817189,0.04464777283817189,0.8580158368634327,0.8580158368634327,0.8580158368634327,-0.036673729482532065,-0.036673729482532065
qwen3.5:4b,state_101,RGOCG16-50_16mm,round_pin,RGOCG16-50_16mm,round_pin,True,True,False,A,../vlm_four_scene_20260925/raw/qwen3.5-4b/state_101/RGOCG16-50_16mm/RGOCG16-50_16mm.json,0.8274818677355338,0.8274818677355338,0.8274818677355338,0.12748309163811603,0.12748309163811603,0.12748309163811603,A,qwen3.5-4b/responses/state_101/RGOCG16-50_16mm/RGOCG16-50_16mm.json,0.8718926249745242,0.8718926249745242,0.8718926249745242,0.06670712729826773,0.06670712729826773,0.06670712729826773,0.04441075723899046,0.04441075723899046
qwen3.5:4b,state_101,RGOCG12-50_12mm,round_pin,RGOCG16-50_16mm,round_pin,True,False,False,A,../vlm_four_scene_20260925/raw/qwen3.5-4b/state_101/RGOCG12-50_12mm/RGOCG16-50_16mm.json,0.7244012851877862,0.7244012851877862,0.7244012851877862,0.21773466775217928,0.21773466775217928,0.21773466775217928,A,qwen3.5-4b/responses/state_101/RGOCG12-50_12mm/RGOCG16-50_16mm.json,0.8718926249745242,0.8718926249745242,0.8718926249745242,0.06670712729826773,0.06670712729826773,0.06670712729826773,0.147491339786738,0.147491339786738
qwen3.5:4b,state_101,RGOCG8-50_8mm,round_pin,RGOCG16-50_16mm,round_pin,True,False,False,A,../vlm_four_scene_20260925/raw/qwen3.5-4b/state_101/RGOCG8-50_8mm/RGOCG16-50_16mm.json,0.6874626262426403,0.6874626262426403,0.6874626262426403,0.26122566475351844,0.26122566475351844,0.26122566475351844,A,qwen3.5-4b/responses/state_101/RGOCG8-50_8mm/RGOCG16-50_16mm.json,0.8718926249745242,0.8718926249745242,0.8718926249745242,0.06670712729826773,0.06670712729826773,0.06670712729826773,0.18442999873188393,0.18442999873188393
qwen3.5:4b,state_101,USB_Male,USB_Male,RGOCG16-50_16mm,round_pin,False,False,False,C,../vlm_four_scene_20260925/raw/qwen3.5-4b/state_101/USB_Male/RGOCG16-50_16mm.json,0.08197465559326478,0.08197465559326478,0.08197465559326478,0.8288800742905912,0.8288800742905912,0.8288800742905912,C,qwen3.5-4b/responses/state_101/USB_Male/RGOCG16-50_16mm.json,0.04629804981622995,0.04629804981622995,0.04629804981622995,0.710746773297291,0.710746773297291,0.710746773297291,-0.035676605777034825,-0.035676605777034825
qwen3.5:4b,state_101,DSUB_Male,DSUB_Male,RGOCG16-50_16mm,round_pin,False,False,False,C,../vlm_four_scene_20260925/raw/qwen3.5-4b/state_101/DSUB_Male/RGOCG16-50_16mm.json,0.10422782931996626,0.10422782931996626,0.10422782931996626,0.7435699805334646,0.7435699805334646,0.7435699805334646,C,qwen3.5-4b/responses/state_101/DSUB_Male/RGOCG16-50_16mm.json,0.03845558159278012,0.03845558159278012,0.03845558159278012,0.9026046396650068,0.9026046396650068,0.9026046396650068,-0.06577224772718614,-0.06577224772718614
qwen3.5:4b,state_101,Gear_Large,gear,RGOCG12-50_12mm,round_pin,False,False,False,C,../vlm_four_scene_20260925/raw/qwen3.5-4b/state_101/Gear_Large/RGOCG12-50_12mm.json,0.08012980023494765,0.08012980023494765,0.08012980023494765,0.8488181198998959,0.8488181198998959,0.8488181198998959,C,qwen3.5-4b/responses/state_101/Gear_Large/RGOCG12-50_12mm.json,0.0389584709923343,0.0389584709923343,0.0389584709923343,0.9156526306298463,0.9156526306298463,0.9156526306298463,-0.041171329242613346,-0.041171329242613346
qwen3.5:4b,state_101,Gear_Medium,gear,RGOCG12-50_12mm,round_pin,False,False,False,C,../vlm_four_scene_20260925/raw/qwen3.5-4b/state_101/Gear_Medium/RGOCG12-50_12mm.json,0.06361489690276756,0.06361489690276756,0.06361489690276756,0.8793347440014772,0.8793347440014772,0.8793347440014772,C,qwen3.5-4b/responses/state_101/Gear_Medium/RGOCG12-50_12mm.json,0.0389584709923343,0.0389584709923343,0.0389584709923343,0.9156526306298463,0.9156526306298463,0.9156526306298463,-0.02465642591043326,-0.02465642591043326
qwen3.5:4b,state_101,Gear_Small,gear,RGOCG12-50_12mm,round_pin,False,False,False,C,../vlm_four_scene_20260925/raw/qwen3.5-4b/state_101/Gear_Small/RGOCG12-50_12mm.json,0.08727804559127499,0.08727804559127499,0.08727804559127499,0.8471263044967591,0.8471263044967591,0.8471263044967591,C,qwen3.5-4b/responses/state_101/Gear_Small/RGOCG12-50_12mm.json,0.0389584709923343,0.0389584709923343,0.0389584709923343,0.9156526306298463,0.9156526306298463,0.9156526306298463,-0.048319574598940686,-0.048319574598940686
qwen3.5:4b,state_101,Waterproof_Male,Waterproof_Male,RGOCG12-50_12mm,round_pin,False,False,False,C,../vlm_four_scene_20260925/raw/qwen3.5-4b/state_101/Waterproof_Male/RGOCG12-50_12mm.json,0.12541655342125524,0.12541655342125524,0.12541655342125524,0.8211854719892432,0.8211854719892432,0.8211854719892432,C,qwen3.5-4b/responses/state_101/Waterproof_Male/RGOCG12-50_12mm.json,0.06934122201156416,0.06934122201156416,0.06934122201156416,0.8677937366405669,0.8677937366405669,0.8677937366405669,-0.05607533140969108,-0.05607533140969108
qwen3.5:4b,state_101,M12_Hex_Nut,hex_nut,RGOCG12-50_12mm,round_pin,False,False,False,C,../vlm_four_scene_20260925/raw/qwen3.5-4b/state_101/M12_Hex_Nut/RGOCG12-50_12mm.json,0.07293810783419147,0.07293810783419147,0.07293810783419147,0.8904970874048693,0.8904970874048693,0.8904970874048693,C,qwen3.5-4b/responses/state_101/M12_Hex_Nut/RGOCG12-50_12mm.json,0.04652122882785581,0.04652122882785581,0.04652122882785581,0.8748877073458338,0.8748877073458338,0.8748877073458338,-0.02641687900633566,-0.02641687900633566
qwen3.5:4b,state_101,M16_Hex_Nut,hex_nut,RGOCG12-50_12mm,round_pin,False,False,False,C,../vlm_four_scene_20260925/raw/qwen3.5-4b/state_101/M16_Hex_Nut/RGOCG12-50_12mm.json,0.07863474960748698,0.07863474960748698,0.07863474960748698,0.889155927619626,0.889155927619626,0.889155927619626,C,qwen3.5-4b/responses/state_101/M16_Hex_Nut/RGOCG12-50_12mm.json,0.04652122882785581,0.04652122882785581,0.04652122882785581,0.8748877073458338,0.8748877073458338,0.8748877073458338,-0.03211352077963117,-0.03211352077963117
qwen3.5:4b,state_101,RGOCG16-50_16mm,round_pin,RGOCG12-50_12mm,round_pin,True,False,False,A,../vlm_four_scene_20260925/raw/qwen3.5-4b/state_101/RGOCG16-50_16mm/RGOCG12-50_12mm.json,0.6389315804747685,0.6389315804747685,0.6389315804747685,0.3148632818475143,0.3148632818475143,0.3148632818475143,A,qwen3.5-4b/responses/state_101/RGOCG16-50_16mm/RGOCG12-50_12mm.json,0.8597065199203356,0.8597065199203356,0.8597065199203356,0.09222894467534229,0.09222894467534229,0.09222894467534229,0.22077493944556714,0.22077493944556714
qwen3.5:4b,state_101,RGOCG12-50_12mm,round_pin,RGOCG12-50_12mm,round_pin,True,True,False,A,../vlm_four_scene_20260925/raw/qwen3.5-4b/state_101/RGOCG12-50_12mm/RGOCG12-50_12mm.json,0.6596873424616883,0.6596873424616883,0.6596873424616883,0.28513743468034336,0.28513743468034336,0.28513743468034336,A,qwen3.5-4b/responses/state_101/RGOCG12-50_12mm/RGOCG12-50_12mm.json,0.8597065199203356,0.8597065199203356,0.8597065199203356,0.09222894467534229,0.09222894467534229,0.09222894467534229,0.2000191774586474,0.2000191774586474
qwen3.5:4b,state_101,RGOCG8-50_8mm,round_pin,RGOCG12-50_12mm,round_pin,True,False,False,A,../vlm_four_scene_20260925/raw/qwen3.5-4b/state_101/RGOCG8-50_8mm/RGOCG12-50_12mm.json,0.6318428433478668,0.6318428433478668,0.6318428433478668,0.31218768583434653,0.31218768583434653,0.31218768583434653,A,qwen3.5-4b/responses/state_101/RGOCG8-50_8mm/RGOCG12-50_12mm.json,0.8597065199203356,0.8597065199203356,0.8597065199203356,0.09222894467534229,0.09222894467534229,0.09222894467534229,0.22786367657246887,0.22786367657246887
qwen3.5:4b,state_101,USB_Male,USB_Male,RGOCG12-50_12mm,round_pin,False,False,False,C,../vlm_four_scene_20260925/raw/qwen3.5-4b/state_101/USB_Male/RGOCG12-50_12mm.json,0.09914463010440454,0.09914463010440454,0.09914463010440454,0.8538348641198107,0.8538348641198107,0.8538348641198107,C,qwen3.5-4b/responses/state_101/USB_Male/RGOCG12-50_12mm.json,0.05526077849973208,0.05526077849973208,0.05526077849973208,0.8648231587787821,0.8648231587787821,0.8648231587787821,-0.04388385160467246,-0.04388385160467246
qwen3.5:4b,state_101,DSUB_Male,DSUB_Male,RGOCG12-50_12mm,round_pin,False,False,False,C,../vlm_four_scene_20260925/raw/qwen3.5-4b/state_101/DSUB_Male/RGOCG12-50_12mm.json,0.12834949523868086,0.12834949523868086,0.12834949523868086,0.7875627311284283,0.7875627311284283,0.7875627311284283,C,qwen3.5-4b/responses/state_101/DSUB_Male/RGOCG12-50_12mm.json,0.03204412553040563,0.03204412553040563,0.03204412553040563,0.9158645850523319,0.9158645850523319,0.9158645850523319,-0.09630536970827523,-0.09630536970827523
qwen3.5:4b,state_101,Gear_Large,gear,RGOCG8-50_8mm,round_pin,False,False,False,C,../vlm_four_scene_20260925/raw/qwen3.5-4b/state_101/Gear_Large/RGOCG8-50_8mm.json,0.07077473427900417,0.07077473427900417,0.07077473427900417,0.739134553115773,0.739134553115773,0.739134553115773,C,qwen3.5-4b/responses/state_101/Gear_Large/RGOCG8-50_8mm.json,0.04461833886581022,0.04461833886581022,0.04461833886581022,0.9160752303036491,0.9160752303036491,0.9160752303036491,-0.02615639541319395,-0.02615639541319395
qwen3.5:4b,state_101,Gear_Medium,gear,RGOCG8-50_8mm,round_pin,False,False,False,C,../vlm_four_scene_20260925/raw/qwen3.5-4b/state_101/Gear_Medium/RGOCG8-50_8mm.json,0.0492736313833435,0.0492736313833435,0.0492736313833435,0.9076115468188182,0.9076115468188182,0.9076115468188182,C,qwen3.5-4b/responses/state_101/Gear_Medium/RGOCG8-50_8mm.json,0.04461833886581022,0.04461833886581022,0.04461833886581022,0.9160752303036491,0.9160752303036491,0.9160752303036491,-0.0046552925175332785,-0.0046552925175332785
qwen3.5:4b,state_101,Gear_Small,gear,RGOCG8-50_8mm,round_pin,False,False,False,C,../vlm_four_scene_20260925/raw/qwen3.5-4b/state_101/Gear_Small/RGOCG8-50_8mm.json,0.052420678291408666,0.052420678291408666,0.052420678291408666,0.8855671877818189,0.8855671877818189,0.8855671877818189,C,qwen3.5-4b/responses/state_101/Gear_Small/RGOCG8-50_8mm.json,0.04461833886581022,0.04461833886581022,0.04461833886581022,0.9160752303036491,0.9160752303036491,0.9160752303036491,-0.007802339425598444,-0.007802339425598444
qwen3.5:4b,state_101,Waterproof_Male,Waterproof_Male,RGOCG8-50_8mm,round_pin,False,False,False,C,../vlm_four_scene_20260925/raw/qwen3.5-4b/state_101/Waterproof_Male/RGOCG8-50_8mm.json,0.10027711249603982,0.10027711249603982,0.10027711249603982,0.819269181123003,0.819269181123003,0.819269181123003,C,qwen3.5-4b/responses/state_101/Waterproof_Male/RGOCG8-50_8mm.json,0.051927799260989414,0.051927799260989414,0.051927799260989414,0.8879200830663863,0.8879200830663863,0.8879200830663863,-0.04834931323505041,-0.04834931323505041
qwen3.5:4b,state_101,M12_Hex_Nut,hex_nut,RGOCG8-50_8mm,round_pin,False,False,False,C,../vlm_four_scene_20260925/raw/qwen3.5-4b/state_101/M12_Hex_Nut/RGOCG8-50_8mm.json,0.07764902410754786,0.07764902410754786,0.07764902410754786,0.8507319116797271,0.8507319116797271,0.8507319116797271,C,qwen3.5-4b/responses/state_101/M12_Hex_Nut/RGOCG8-50_8mm.json,0.04410646870241322,0.04410646870241322,0.04410646870241322,0.8596272514248241,0.8596272514248241,0.8596272514248241,-0.033542555405134636,-0.033542555405134636
qwen3.5:4b,state_101,M16_Hex_Nut,hex_nut,RGOCG8-50_8mm,round_pin,False,False,False,C,../vlm_four_scene_20260925/raw/qwen3.5-4b/state_101/M16_Hex_Nut/RGOCG8-50_8mm.json,0.09024038671178776,0.09024038671178776,0.09024038671178776,0.8496664147155147,0.8496664147155147,0.8496664147155147,C,qwen3.5-4b/responses/state_101/M16_Hex_Nut/RGOCG8-50_8mm.json,0.04410646870241322,0.04410646870241322,0.04410646870241322,0.8596272514248241,0.8596272514248241,0.8596272514248241,-0.04613391800937454,-0.04613391800937454
qwen3.5:4b,state_101,RGOCG16-50_16mm,round_pin,RGOCG8-50_8mm,round_pin,True,False,False,A,../vlm_four_scene_20260925/raw/qwen3.5-4b/state_101/RGOCG16-50_16mm/RGOCG8-50_8mm.json,0.6974309052820917,0.6974309052820917,0.6974309052820917,0.2502124307972779,0.2502124307972779,0.2502124307972779,A,qwen3.5-4b/responses/state_101/RGOCG16-50_16mm/RGOCG8-50_8mm.json,0.8977884042177331,0.8977884042177331,0.8977884042177331,0.06140344106422925,0.06140344106422925,0.06140344106422925,0.20035749893564136,0.20035749893564136
qwen3.5:4b,state_101,RGOCG12-50_12mm,round_pin,RGOCG8-50_8mm,round_pin,True,False,False,A,../vlm_four_scene_20260925/raw/qwen3.5-4b/state_101/RGOCG12-50_12mm/RGOCG8-50_8mm.json,0.6489095068100339,0.6489095068100339,0.6489095068100339,0.29714116649974787,0.29714116649974787,0.29714116649974787,A,qwen3.5-4b/responses/state_101/RGOCG12-50_12mm/RGOCG8-50_8mm.json,0.8977884042177331,0.8977884042177331,0.8977884042177331,0.06140344106422925,0.06140344106422925,0.06140344106422925,0.2488788974076992,0.2488788974076992
qwen3.5:4b,state_101,RGOCG8-50_8mm,round_pin,RGOCG8-50_8mm,round_pin,True,True,False,A,../vlm_four_scene_20260925/raw/qwen3.5-4b/state_101/RGOCG8-50_8mm/RGOCG8-50_8mm.json,0.6585484667279258,0.6585484667279258,0.6585484667279258,0.29286132568247675,0.29286132568247675,0.29286132568247675,A,qwen3.5-4b/responses/state_101/RGOCG8-50_8mm/RGOCG8-50_8mm.json,0.8977884042177331,0.8977884042177331,0.8977884042177331,0.06140344106422925,0.06140344106422925,0.06140344106422925,0.23923993748980732,0.23923993748980732
qwen3.5:4b,state_101,USB_Male,USB_Male,RGOCG8-50_8mm,round_pin,False,False,False,C,../vlm_four_scene_20260925/raw/qwen3.5-4b/state_101/USB_Male/RGOCG8-50_8mm.json,0.11099807436108912,0.11099807436108912,0.11099807436108912,0.8397872477009247,0.8397872477009247,0.8397872477009247,C,qwen3.5-4b/responses/state_101/USB_Male/RGOCG8-50_8mm.json,0.0513882546139327,0.0513882546139327,0.0513882546139327,0.8486533149182647,0.8486533149182647,0.8486533149182647,-0.05960981974715642,-0.05960981974715642
qwen3.5:4b,state_101,DSUB_Male,DSUB_Male,RGOCG8-50_8mm,round_pin,False,False,False,C,../vlm_four_scene_20260925/raw/qwen3.5-4b/state_101/DSUB_Male/RGOCG8-50_8mm.json,0.13614355795439462,0.13614355795439462,0.13614355795439462,0.7720931816160146,0.7720931816160146,0.7720931816160146,C,qwen3.5-4b/responses/state_101/DSUB_Male/RGOCG8-50_8mm.json,0.0315296569102538,0.0315296569102538,0.0315296569102538,0.9354566940743089,0.9354566940743089,0.9354566940743089,-0.10461390104414081,-0.10461390104414081
qwen3.5:4b,state_101,Gear_Large,gear,USB_Male,USB_Male,False,False,True,B,../vlm_four_scene_20260925/raw/qwen3.5-4b/state_101/Gear_Large/USB_Male.json,0.01527815638913772,0.01527815638913772,0.01527815638913772,0.37679755775385065,0.37679755775385065,0.37679755775385065,C,qwen3.5-4b/responses/state_101/Gear_Large/USB_Male.json,0.01851225774463795,0.01851225774463795,0.01851225774463795,0.7777249740293166,0.7777249740293166,0.7777249740293166,0.0032341013555002296,0.0032341013555002296
qwen3.5:4b,state_101,Gear_Medium,gear,USB_Male,USB_Male,False,False,True,C,../vlm_four_scene_20260925/raw/qwen3.5-4b/state_101/Gear_Medium/USB_Male.json,0.02130449624513955,0.02130449624513955,0.02130449624513955,0.5962485244121495,0.5962485244121495,0.5962485244121495,C,qwen3.5-4b/responses/state_101/Gear_Medium/USB_Male.json,0.01851225774463795,0.01851225774463795,0.01851225774463795,0.7777249740293166,0.7777249740293166,0.7777249740293166,-0.002792238500501601,-0.002792238500501601
qwen3.5:4b,state_101,Gear_Small,gear,USB_Male,USB_Male,False,False,True,C,../vlm_four_scene_20260925/raw/qwen3.5-4b/state_101/Gear_Small/USB_Male.json,0.012990117308095607,0.012990117308095607,0.012990117308095607,0.7231004747220194,0.7231004747220194,0.7231004747220194,C,qwen3.5-4b/responses/state_101/Gear_Small/USB_Male.json,0.01851225774463795,0.01851225774463795,0.01851225774463795,0.7777249740293166,0.7777249740293166,0.7777249740293166,0.005522140436542342,0.005522140436542342
qwen3.5:4b,state_101,Waterproof_Male,Waterproof_Male,USB_Male,USB_Male,False,False,True,A,../vlm_four_scene_20260925/raw/qwen3.5-4b/state_101/Waterproof_Male/USB_Male.json,0.728931605195499,0.728931605195499,0.728931605195499,0.12397857824684254,0.12397857824684254,0.12397857824684254,B,qwen3.5-4b/responses/state_101/Waterproof_Male/USB_Male.json,0.3879597208831292,0.3879597208831292,0.3879597208831292,0.1866734515791362,0.1866734515791362,0.1866734515791362,-0.34097188431236986,-0.34097188431236986
qwen3.5:4b,state_101,M12_Hex_Nut,hex_nut,USB_Male,USB_Male,False,False,True,B,../vlm_four_scene_20260925/raw/qwen3.5-4b/state_101/M12_Hex_Nut/USB_Male.json,0.014429720018195235,0.014429720018195235,0.014429720018195235,0.3880778804178937,0.3880778804178937,0.3880778804178937,C,qwen3.5-4b/responses/state_101/M12_Hex_Nut/USB_Male.json,0.016065761412278293,0.016065761412278293,0.016065761412278293,0.8366639556143651,0.8366639556143651,0.8366639556143651,0.0016360413940830574,0.0016360413940830574
qwen3.5:4b,state_101,M16_Hex_Nut,hex_nut,USB_Male,USB_Male,False,False,True,C,../vlm_four_scene_20260925/raw/qwen3.5-4b/state_101/M16_Hex_Nut/USB_Male.json,0.018978306714207444,0.018978306714207444,0.018978306714207444,0.5643799949478464,0.5643799949478464,0.5643799949478464,C,qwen3.5-4b/responses/state_101/M16_Hex_Nut/USB_Male.json,0.016065761412278293,0.016065761412278293,0.016065761412278293,0.8366639556143651,0.8366639556143651,0.8366639556143651,-0.002912545301929151,-0.002912545301929151
qwen3.5:4b,state_101,RGOCG16-50_16mm,round_pin,USB_Male,USB_Male,False,False,True,C,../vlm_four_scene_20260925/raw/qwen3.5-4b/state_101/RGOCG16-50_16mm/USB_Male.json,0.17663595895904619,0.17663595895904619,0.17663595895904619,0.48079609213187946,0.48079609213187946,0.48079609213187946,B,qwen3.5-4b/responses/state_101/RGOCG16-50_16mm/USB_Male.json,0.11250104628899345,0.11250104628899345,0.11250104628899345,0.4431733064615353,0.4431733064615353,0.4431733064615353,-0.06413491267005274,-0.06413491267005274
qwen3.5:4b,state_101,RGOCG12-50_12mm,round_pin,USB_Male,USB_Male,False,False,True,B,../vlm_four_scene_20260925/raw/qwen3.5-4b/state_101/RGOCG12-50_12mm/USB_Male.json,0.1245355605853721,0.1245355605853721,0.1245355605853721,0.36743073117033204,0.36743073117033204,0.36743073117033204,B,qwen3.5-4b/responses/state_101/RGOCG12-50_12mm/USB_Male.json,0.11250104628899345,0.11250104628899345,0.11250104628899345,0.4431733064615353,0.4431733064615353,0.4431733064615353,-0.012034514296378654,-0.012034514296378654
qwen3.5:4b,state_101,RGOCG8-50_8mm,round_pin,USB_Male,USB_Male,False,False,True,B,../vlm_four_scene_20260925/raw/qwen3.5-4b/state_101/RGOCG8-50_8mm/USB_Male.json,0.09868059604349706,0.09868059604349706,0.09868059604349706,0.4086111379118096,0.4086111379118096,0.4086111379118096,B,qwen3.5-4b/responses/state_101/RGOCG8-50_8mm/USB_Male.json,0.11250104628899345,0.11250104628899345,0.11250104628899345,0.4431733064615353,0.4431733064615353,0.4431733064615353,0.013820450245496385,0.013820450245496385
qwen3.5:4b,state_101,USB_Male,USB_Male,USB_Male,USB_Male,True,True,True,A,../vlm_four_scene_20260925/raw/qwen3.5-4b/state_101/USB_Male/USB_Male.json,0.9069645979948108,0.9069645979948108,0.9069645979948108,0.0352193896929818,0.0352193896929818,0.0352193896929818,A,qwen3.5-4b/responses/state_101/USB_Male/USB_Male.json,0.8857170935983154,0.8857170935983154,0.8857170935983154,0.031836969428377125,0.031836969428377125,0.031836969428377125,-0.021247504396495365,-0.021247504396495365
qwen3.5:4b,state_101,DSUB_Male,DSUB_Male,USB_Male,USB_Male,False,False,True,A,../vlm_four_scene_20260925/raw/qwen3.5-4b/state_101/DSUB_Male/USB_Male.json,0.7925171886722632,0.7925171886722632,0.7925171886722632,0.0946999924090709,0.0946999924090709,0.0946999924090709,A,qwen3.5-4b/responses/state_101/DSUB_Male/USB_Male.json,0.7592350830940751,0.7592350830940751,0.7592350830940751,0.0820814172842884,0.0820814172842884,0.0820814172842884,-0.033282105578188115,-0.033282105578188115
qwen3.5:4b,state_101,Gear_Large,gear,DSUB_Male,DSUB_Male,False,False,False,C,../vlm_four_scene_20260925/raw/qwen3.5-4b/state_101/Gear_Large/DSUB_Male.json,0.049919251601932564,0.049919251601932564,0.049919251601932564,0.7013759679990074,0.7013759679990074,0.7013759679990074,C,qwen3.5-4b/responses/state_101/Gear_Large/DSUB_Male.json,0.03637191360460372,0.03637191360460372,0.03637191360460372,0.7574029063695432,0.7574029063695432,0.7574029063695432,-0.013547337997328844,-0.013547337997328844
qwen3.5:4b,state_101,Gear_Medium,gear,DSUB_Male,DSUB_Male,False,False,False,C,../vlm_four_scene_20260925/raw/qwen3.5-4b/state_101/Gear_Medium/DSUB_Male.json,0.06421408170854684,0.06421408170854684,0.06421408170854684,0.7513063560200229,0.7513063560200229,0.7513063560200229,C,qwen3.5-4b/responses/state_101/Gear_Medium/DSUB_Male.json,0.03637191360460372,0.03637191360460372,0.03637191360460372,0.7574029063695432,0.7574029063695432,0.7574029063695432,-0.02784216810394312,-0.02784216810394312
qwen3.5:4b,state_101,Gear_Small,gear,DSUB_Male,DSUB_Male,False,False,False,C,../vlm_four_scene_20260925/raw/qwen3.5-4b/state_101/Gear_Small/DSUB_Male.json,0.05166332079237618,0.05166332079237618,0.05166332079237618,0.7188111627328846,0.7188111627328846,0.7188111627328846,C,qwen3.5-4b/responses/state_101/Gear_Small/DSUB_Male.json,0.03637191360460372,0.03637191360460372,0.03637191360460372,0.7574029063695432,0.7574029063695432,0.7574029063695432,-0.015291407187772457,-0.015291407187772457
qwen3.5:4b,state_101,Waterproof_Male,Waterproof_Male,DSUB_Male,DSUB_Male,False,False,False,A,../vlm_four_scene_20260925/raw/qwen3.5-4b/state_101/Waterproof_Male/DSUB_Male.json,0.7316230640955116,0.7316230640955116,0.7316230640955116,0.11419946960907298,0.11419946960907298,0.11419946960907298,A,qwen3.5-4b/responses/state_101/Waterproof_Male/DSUB_Male.json,0.5952584084071832,0.5952584084071832,0.5952584084071832,0.19208460094439772,0.19208460094439772,0.19208460094439772,-0.13636465568832834,-0.13636465568832834
qwen3.5:4b,state_101,M12_Hex_Nut,hex_nut,DSUB_Male,DSUB_Male,False,False,False,C,../vlm_four_scene_20260925/raw/qwen3.5-4b/state_101/M12_Hex_Nut/DSUB_Male.json,0.07344841463790291,0.07344841463790291,0.07344841463790291,0.7123499518282699,0.7123499518282699,0.7123499518282699,C,qwen3.5-4b/responses/state_101/M12_Hex_Nut/DSUB_Male.json,0.04822965507508089,0.04822965507508089,0.04822965507508089,0.7277708038706433,0.7277708038706433,0.7277708038706433,-0.025218759562822025,-0.025218759562822025
qwen3.5:4b,state_101,M16_Hex_Nut,hex_nut,DSUB_Male,DSUB_Male,False,False,False,C,../vlm_four_scene_20260925/raw/qwen3.5-4b/state_101/M16_Hex_Nut/DSUB_Male.json,0.1146552355299007,0.1146552355299007,0.1146552355299007,0.6547219837745711,0.6547219837745711,0.6547219837745711,C,qwen3.5-4b/responses/state_101/M16_Hex_Nut/DSUB_Male.json,0.04822965507508089,0.04822965507508089,0.04822965507508089,0.7277708038706433,0.7277708038706433,0.7277708038706433,-0.0664255804548198,-0.0664255804548198
qwen3.5:4b,state_101,RGOCG16-50_16mm,round_pin,DSUB_Male,DSUB_Male,False,False,False,C,../vlm_four_scene_20260925/raw/qwen3.5-4b/state_101/RGOCG16-50_16mm/DSUB_Male.json,0.30439787706243576,0.30439787706243576,0.30439787706243576,0.4599870925899794,0.4599870925899794,0.4599870925899794,C,qwen3.5-4b/responses/state_101/RGOCG16-50_16mm/DSUB_Male.json,0.14553228659110848,0.14553228659110848,0.14553228659110848,0.42761263509457154,0.42761263509457154,0.42761263509457154,-0.15886559047132728,-0.15886559047132728
qwen3.5:4b,state_101,RGOCG12-50_12mm,round_pin,DSUB_Male,DSUB_Male,False,False,False,C,../vlm_four_scene_20260925/raw/qwen3.5-4b/state_101/RGOCG12-50_12mm/DSUB_Male.json,0.29581287969448994,0.29581287969448994,0.29581287969448994,0.45847690609452574,0.45847690609452574,0.45847690609452574,C,qwen3.5-4b/responses/state_101/RGOCG12-50_12mm/DSUB_Male.json,0.14553228659110848,0.14553228659110848,0.14553228659110848,0.42761263509457154,0.42761263509457154,0.42761263509457154,-0.15028059310338146,-0.15028059310338146
qwen3.5:4b,state_101,RGOCG8-50_8mm,round_pin,DSUB_Male,DSUB_Male,False,False,False,C,../vlm_four_scene_20260925/raw/qwen3.5-4b/state_101/RGOCG8-50_8mm/DSUB_Male.json,0.23483215625251497,0.23483215625251497,0.23483215625251497,0.5367626700670508,0.5367626700670508,0.5367626700670508,C,qwen3.5-4b/responses/state_101/RGOCG8-50_8mm/DSUB_Male.json,0.14553228659110848,0.14553228659110848,0.14553228659110848,0.42761263509457154,0.42761263509457154,0.42761263509457154,-0.08929986966140649,-0.08929986966140649
qwen3.5:4b,state_101,USB_Male,USB_Male,DSUB_Male,DSUB_Male,False,False,False,C,../vlm_four_scene_20260925/raw/qwen3.5-4b/state_101/USB_Male/DSUB_Male.json,0.29186997638944784,0.29186997638944784,0.29186997638944784,0.5371537096098151,0.5371537096098151,0.5371537096098151,C,qwen3.5-4b/responses/state_101/USB_Male/DSUB_Male.json,0.2898606695329738,0.2898606695329738,0.2898606695329738,0.41993395072418127,0.41993395072418127,0.41993395072418127,-0.002009306856474047,-0.002009306856474047
qwen3.5:4b,state_101,DSUB_Male,DSUB_Male,DSUB_Male,DSUB_Male,True,True,False,A,../vlm_four_scene_20260925/raw/qwen3.5-4b/state_101/DSUB_Male/DSUB_Male.json,0.7251843899942628,0.7251843899942628,0.7251843899942628,0.1330154018907818,0.1330154018907818,0.1330154018907818,A,qwen3.5-4b/responses/state_101/DSUB_Male/DSUB_Male.json,0.8566402820385145,0.8566402820385145,0.8566402820385145,0.05894391443399895,0.05894391443399895,0.05894391443399895,0.13145589204425168,0.13145589204425168
qwen3.5:4b,state_202,Gear_Large,gear,Gear_Large,gear,True,True,False,A,../vlm_four_scene_20260925/raw/qwen3.5-4b/state_202/Gear_Large/Gear_Large.json,0.6775711105383179,0.6775711105383179,0.6775711105383179,0.187206441041413,0.187206441041413,0.187206441041413,A,qwen3.5-4b/responses/state_202/Gear_Large/Gear_Large.json,0.881754516409195,0.881754516409195,0.881754516409195,0.06143530536236178,0.06143530536236178,0.06143530536236178,0.20418340587087713,0.20418340587087713
qwen3.5:4b,state_202,Gear_Medium,gear,Gear_Large,gear,True,False,False,A,../vlm_four_scene_20260925/raw/qwen3.5-4b/state_202/Gear_Medium/Gear_Large.json,0.6895347216996923,0.6895347216996923,0.6895347216996923,0.17157101497689378,0.17157101497689378,0.17157101497689378,A,qwen3.5-4b/responses/state_202/Gear_Medium/Gear_Large.json,0.881754516409195,0.881754516409195,0.881754516409195,0.06143530536236178,0.06143530536236178,0.06143530536236178,0.19221979470950268,0.19221979470950268
qwen3.5:4b,state_202,Gear_Small,gear,Gear_Large,gear,True,False,False,A,../vlm_four_scene_20260925/raw/qwen3.5-4b/state_202/Gear_Small/Gear_Large.json,0.6605804022050445,0.6605804022050445,0.6605804022050445,0.15987783382298518,0.15987783382298518,0.15987783382298518,A,qwen3.5-4b/responses/state_202/Gear_Small/Gear_Large.json,0.881754516409195,0.881754516409195,0.881754516409195,0.06143530536236178,0.06143530536236178,0.06143530536236178,0.22117411420415045,0.22117411420415045
qwen3.5:4b,state_202,Waterproof_Male,Waterproof_Male,Gear_Large,gear,False,False,False,B,../vlm_four_scene_20260925/raw/qwen3.5-4b/state_202/Waterproof_Male/Gear_Large.json,0.08484546689256685,0.08484546689256685,0.08484546689256685,0.4552397400857907,0.4552397400857907,0.4552397400857907,C,qwen3.5-4b/responses/state_202/Waterproof_Male/Gear_Large.json,0.08620248770956974,0.08620248770956974,0.08620248770956974,0.542607555527343,0.542607555527343,0.542607555527343,0.0013570208170028963,0.0013570208170028963
qwen3.5:4b,state_202,M12_Hex_Nut,hex_nut,Gear_Large,gear,False,False,False,C,../vlm_four_scene_20260925/raw/qwen3.5-4b/state_202/M12_Hex_Nut/Gear_Large.json,0.07696061591137572,0.07696061591137572,0.07696061591137572,0.5712078708532251,0.5712078708532251,0.5712078708532251,B,qwen3.5-4b/responses/state_202/M12_Hex_Nut/Gear_Large.json,0.06250047636280999,0.06250047636280999,0.06250047636280999,0.276469694503273,0.276469694503273,0.276469694503273,-0.014460139548565731,-0.014460139548565731
qwen3.5:4b,state_202,M16_Hex_Nut,hex_nut,Gear_Large,gear,False,False,False,C,../vlm_four_scene_20260925/raw/qwen3.5-4b/state_202/M16_Hex_Nut/Gear_Large.json,0.08359708118266183,0.08359708118266183,0.08359708118266183,0.6578330461567924,0.6578330461567924,0.6578330461567924,B,qwen3.5-4b/responses/state_202/M16_Hex_Nut/Gear_Large.json,0.06250047636280999,0.06250047636280999,0.06250047636280999,0.276469694503273,0.276469694503273,0.276469694503273,-0.021096604819851844,-0.021096604819851844
qwen3.5:4b,state_202,RGOCG16-50_16mm,round_pin,Gear_Large,gear,False,False,False,C,../vlm_four_scene_20260925/raw/qwen3.5-4b/state_202/RGOCG16-50_16mm/Gear_Large.json,0.17081572204971204,0.17081572204971204,0.17081572204971204,0.5306707076132716,0.5306707076132716,0.5306707076132716,C,qwen3.5-4b/responses/state_202/RGOCG16-50_16mm/Gear_Large.json,0.04322917592325586,0.04322917592325586,0.04322917592325586,0.667580662259139,0.667580662259139,0.667580662259139,-0.12758654612645617,-0.12758654612645617
qwen3.5:4b,state_202,RGOCG12-50_12mm,round_pin,Gear_Large,gear,False,False,False,C,../vlm_four_scene_20260925/raw/qwen3.5-4b/state_202/RGOCG12-50_12mm/Gear_Large.json,0.16505516544941456,0.16505516544941456,0.16505516544941456,0.5212669372326566,0.5212669372326566,0.5212669372326566,C,qwen3.5-4b/responses/state_202/RGOCG12-50_12mm/Gear_Large.json,0.04322917592325586,0.04322917592325586,0.04322917592325586,0.667580662259139,0.667580662259139,0.667580662259139,-0.1218259895261587,-0.1218259895261587
qwen3.5:4b,state_202,RGOCG8-50_8mm,round_pin,Gear_Large,gear,False,False,False,C,../vlm_four_scene_20260925/raw/qwen3.5-4b/state_202/RGOCG8-50_8mm/Gear_Large.json,0.16505207632920785,0.16505207632920785,0.16505207632920785,0.5985345822242516,0.5985345822242516,0.5985345822242516,C,qwen3.5-4b/responses/state_202/RGOCG8-50_8mm/Gear_Large.json,0.04322917592325586,0.04322917592325586,0.04322917592325586,0.667580662259139,0.667580662259139,0.667580662259139,-0.12182290040595198,-0.12182290040595198
qwen3.5:4b,state_202,USB_Male,USB_Male,Gear_Large,gear,False,False,False,C,../vlm_four_scene_20260925/raw/qwen3.5-4b/state_202/USB_Male/Gear_Large.json,0.030553653856840723,0.030553653856840723,0.030553653856840723,0.6640382978577272,0.6640382978577272,0.6640382978577272,C,qwen3.5-4b/responses/state_202/USB_Male/Gear_Large.json,0.02149317273836706,0.02149317273836706,0.02149317273836706,0.8648365096784225,0.8648365096784225,0.8648365096784225,-0.009060481118473664,-0.009060481118473664
qwen3.5:4b,state_202,DSUB_Male,DSUB_Male,Gear_Large,gear,False,False,False,C,../vlm_four_scene_20260925/raw/qwen3.5-4b/state_202/DSUB_Male/Gear_Large.json,0.10242921665327837,0.10242921665327837,0.10242921665327837,0.626896376966009,0.626896376966009,0.626896376966009,C,qwen3.5-4b/responses/state_202/DSUB_Male/Gear_Large.json,0.029622210550577715,0.029622210550577715,0.029622210550577715,0.8907163720022648,0.8907163720022648,0.8907163720022648,-0.07280700610270065,-0.07280700610270065
qwen3.5:4b,state_202,Gear_Large,gear,Gear_Medium,gear,True,False,False,A,../vlm_four_scene_20260925/raw/qwen3.5-4b/state_202/Gear_Large/Gear_Medium.json,0.8026625525058094,0.8026625525058094,0.8026625525058094,0.09179760690975451,0.09179760690975451,0.09179760690975451,A,qwen3.5-4b/responses/state_202/Gear_Large/Gear_Medium.json,0.914089621325703,0.914089621325703,0.914089621325703,0.046453852283483,0.046453852283483,0.046453852283483,0.11142706881989362,0.11142706881989362
qwen3.5:4b,state_202,Gear_Medium,gear,Gear_Medium,gear,True,True,False,A,../vlm_four_scene_20260925/raw/qwen3.5-4b/state_202/Gear_Medium/Gear_Medium.json,0.8012583872519058,0.8012583872519058,0.8012583872519058,0.10544376279371842,0.10544376279371842,0.10544376279371842,A,qwen3.5-4b/responses/state_202/Gear_Medium/Gear_Medium.json,0.914089621325703,0.914089621325703,0.914089621325703,0.046453852283483,0.046453852283483,0.046453852283483,0.11283123407379725,0.11283123407379725
qwen3.5:4b,state_202,Gear_Small,gear,Gear_Medium,gear,True,False,False,A,../vlm_four_scene_20260925/raw/qwen3.5-4b/state_202/Gear_Small/Gear_Medium.json,0.7943680887542294,0.7943680887542294,0.7943680887542294,0.10222630820380635,0.10222630820380635,0.10222630820380635,A,qwen3.5-4b/responses/state_202/Gear_Small/Gear_Medium.json,0.914089621325703,0.914089621325703,0.914089621325703,0.046453852283483,0.046453852283483,0.046453852283483,0.11972153257147367,0.11972153257147367
qwen3.5:4b,state_202,Waterproof_Male,Waterproof_Male,Gear_Medium,gear,False,False,False,C,../vlm_four_scene_20260925/raw/qwen3.5-4b/state_202/Waterproof_Male/Gear_Medium.json,0.04094779893955259,0.04094779893955259,0.04094779893955259,0.5300608754839411,0.5300608754839411,0.5300608754839411,C,qwen3.5-4b/responses/state_202/Waterproof_Male/Gear_Medium.json,0.10111693291282677,0.10111693291282677,0.10111693291282677,0.5896009040090227,0.5896009040090227,0.5896009040090227,0.060169133973274176,0.060169133973274176
qwen3.5:4b,state_202,M12_Hex_Nut,hex_nut,Gear_Medium,gear,False,False,False,C,../vlm_four_scene_20260925/raw/qwen3.5-4b/state_202/M12_Hex_Nut/Gear_Medium.json,0.066029950975461,0.066029950975461,0.066029950975461,0.6259372739145826,0.6259372739145826,0.6259372739145826,B,qwen3.5-4b/responses/state_202/M12_Hex_Nut/Gear_Medium.json,0.056113841789030165,0.056113841789030165,0.056113841789030165,0.21219073339941902,0.21219073339941902,0.21219073339941902,-0.009916109186430828,-0.009916109186430828
qwen3.5:4b,state_202,M16_Hex_Nut,hex_nut,Gear_Medium,gear,False,False,False,C,../vlm_four_scene_20260925/raw/qwen3.5-4b/state_202/M16_Hex_Nut/Gear_Medium.json,0.05386762947582858,0.05386762947582858,0.05386762947582858,0.6828850002943917,0.6828850002943917,0.6828850002943917,B,qwen3.5-4b/responses/state_202/M16_Hex_Nut/Gear_Medium.json,0.056113841789030165,0.056113841789030165,0.056113841789030165,0.21219073339941902,0.21219073339941902,0.21219073339941902,0.002246212313201587,0.002246212313201587
qwen3.5:4b,state_202,RGOCG16-50_16mm,round_pin,Gear_Medium,gear,False,False,False,C,../vlm_four_scene_20260925/raw/qwen3.5-4b/state_202/RGOCG16-50_16mm/Gear_Medium.json,0.07525287366096442,0.07525287366096442,0.07525287366096442,0.6473140112107436,0.6473140112107436,0.6473140112107436,C,qwen3.5-4b/responses/state_202/RGOCG16-50_16mm/Gear_Medium.json,0.028426692114132825,0.028426692114132825,0.028426692114132825,0.6624388101650953,0.6624388101650953,0.6624388101650953,-0.046826181546831595,-0.046826181546831595
qwen3.5:4b,state_202,RGOCG12-50_12mm,round_pin,Gear_Medium,gear,False,False,False,C,../vlm_four_scene_20260925/raw/qwen3.5-4b/state_202/RGOCG12-50_12mm/Gear_Medium.json,0.06221676124109846,0.06221676124109846,0.06221676124109846,0.6459215871743645,0.6459215871743645,0.6459215871743645,C,qwen3.5-4b/responses/state_202/RGOCG12-50_12mm/Gear_Medium.json,0.028426692114132825,0.028426692114132825,0.028426692114132825,0.6624388101650953,0.6624388101650953,0.6624388101650953,-0.03379006912696564,-0.03379006912696564
qwen3.5:4b,state_202,RGOCG8-50_8mm,round_pin,Gear_Medium,gear,False,False,False,C,../vlm_four_scene_20260925/raw/qwen3.5-4b/state_202/RGOCG8-50_8mm/Gear_Medium.json,0.12386435658834608,0.12386435658834608,0.12386435658834608,0.6573246706219046,0.6573246706219046,0.6573246706219046,C,qwen3.5-4b/responses/state_202/RGOCG8-50_8mm/Gear_Medium.json,0.028426692114132825,0.028426692114132825,0.028426692114132825,0.6624388101650953,0.6624388101650953,0.6624388101650953,-0.09543766447421326,-0.09543766447421326
qwen3.5:4b,state_202,USB_Male,USB_Male,Gear_Medium,gear,False,False,False,C,../vlm_four_scene_20260925/raw/qwen3.5-4b/state_202/USB_Male/Gear_Medium.json,0.02915874753469313,0.02915874753469313,0.02915874753469313,0.8538812411915663,0.8538812411915663,0.8538812411915663,C,qwen3.5-4b/responses/state_202/USB_Male/Gear_Medium.json,0.015887928028797217,0.015887928028797217,0.015887928028797217,0.885112228143448,0.885112228143448,0.885112228143448,-0.013270819505895912,-0.013270819505895912
qwen3.5:4b,state_202,DSUB_Male,DSUB_Male,Gear_Medium,gear,False,False,False,C,../vlm_four_scene_20260925/raw/qwen3.5-4b/state_202/DSUB_Male/Gear_Medium.json,0.036905907707013116,0.036905907707013116,0.036905907707013116,0.8063578049696558,0.8063578049696558,0.8063578049696558,C,qwen3.5-4b/responses/state_202/DSUB_Male/Gear_Medium.json,0.038547137278312216,0.038547137278312216,0.038547137278312216,0.884516718563638,0.884516718563638,0.884516718563638,0.0016412295712990993,0.0016412295712990993
qwen3.5:4b,state_202,Gear_Large,gear,Gear_Small,gear,True,False,False,A,../vlm_four_scene_20260925/raw/qwen3.5-4b/state_202/Gear_Large/Gear_Small.json,0.7174407189554329,0.7174407189554329,0.7174407189554329,0.11428420508358571,0.11428420508358571,0.11428420508358571,A,qwen3.5-4b/responses/state_202/Gear_Large/Gear_Small.json,0.7844842023091715,0.7844842023091715,0.7844842023091715,0.08957872134870919,0.08957872134870919,0.08957872134870919,0.06704348335373855,0.06704348335373855
qwen3.5:4b,state_202,Gear_Medium,gear,Gear_Small,gear,True,False,False,A,../vlm_four_scene_20260925/raw/qwen3.5-4b/state_202/Gear_Medium/Gear_Small.json,0.6792448678797771,0.6792448678797771,0.6792448678797771,0.13095153449008679,0.13095153449008679,0.13095153449008679,A,qwen3.5-4b/responses/state_202/Gear_Medium/Gear_Small.json,0.7844842023091715,0.7844842023091715,0.7844842023091715,0.08957872134870919,0.08957872134870919,0.08957872134870919,0.10523933442939437,0.10523933442939437
qwen3.5:4b,state_202,Gear_Small,gear,Gear_Small,gear,True,True,False,A,../vlm_four_scene_20260925/raw/qwen3.5-4b/state_202/Gear_Small/Gear_Small.json,0.7646126243912581,0.7646126243912581,0.7646126243912581,0.10146173570219719,0.10146173570219719,0.10146173570219719,A,qwen3.5-4b/responses/state_202/Gear_Small/Gear_Small.json,0.7844842023091715,0.7844842023091715,0.7844842023091715,0.08957872134870919,0.08957872134870919,0.08957872134870919,0.019871577917913386,0.019871577917913386
qwen3.5:4b,state_202,Waterproof_Male,Waterproof_Male,Gear_Small,gear,False,False,False,C,../vlm_four_scene_20260925/raw/qwen3.5-4b/state_202/Waterproof_Male/Gear_Small.json,0.10977764454076865,0.10977764454076865,0.10977764454076865,0.6638077461686162,0.6638077461686162,0.6638077461686162,B,qwen3.5-4b/responses/state_202/Waterproof_Male/Gear_Small.json,0.2171065320027108,0.2171065320027108,0.2171065320027108,0.3649537092469663,0.3649537092469663,0.3649537092469663,0.10732888746194215,0.10732888746194215
qwen3.5:4b,state_202,M12_Hex_Nut,hex_nut,Gear_Small,gear,False,False,False,C,../vlm_four_scene_20260925/raw/qwen3.5-4b/state_202/M12_Hex_Nut/Gear_Small.json,0.1486700280409403,0.1486700280409403,0.1486700280409403,0.5365313745673502,0.5365313745673502,0.5365313745673502,B,qwen3.5-4b/responses/state_202/M12_Hex_Nut/Gear_Small.json,0.05961296741707078,0.05961296741707078,0.05961296741707078,0.14331863813764595,0.14331863813764595,0.14331863813764595,-0.0890570606238695,-0.0890570606238695
qwen3.5:4b,state_202,M16_Hex_Nut,hex_nut,Gear_Small,gear,False,False,False,C,../vlm_four_scene_20260925/raw/qwen3.5-4b/state_202/M16_Hex_Nut/Gear_Small.json,0.3353840484327576,0.3353840484327576,0.3353840484327576,0.41418667800639636,0.41418667800639636,0.41418667800639636,B,qwen3.5-4b/responses/state_202/M16_Hex_Nut/Gear_Small.json,0.05961296741707078,0.05961296741707078,0.05961296741707078,0.14331863813764595,0.14331863813764595,0.14331863813764595,-0.2757710810156868,-0.2757710810156868
qwen3.5:4b,state_202,RGOCG16-50_16mm,round_pin,Gear_Small,gear,False,False,False,C,../vlm_four_scene_20260925/raw/qwen3.5-4b/state_202/RGOCG16-50_16mm/Gear_Small.json,0.14797319106846246,0.14797319106846246,0.14797319106846246,0.527001384389362,0.527001384389362,0.527001384389362,C,qwen3.5-4b/responses/state_202/RGOCG16-50_16mm/Gear_Small.json,0.05358267946158327,0.05358267946158327,0.05358267946158327,0.4868832519770334,0.4868832519770334,0.4868832519770334,-0.0943905116068792,-0.0943905116068792
qwen3.5:4b,state_202,RGOCG12-50_12mm,round_pin,Gear_Small,gear,False,False,False,C,../vlm_four_scene_20260925/raw/qwen3.5-4b/state_202/RGOCG12-50_12mm/Gear_Small.json,0.17952069151209404,0.17952069151209404,0.17952069151209404,0.523972044878455,0.523972044878455,0.523972044878455,C,qwen3.5-4b/responses/state_202/RGOCG12-50_12mm/Gear_Small.json,0.05358267946158327,0.05358267946158327,0.05358267946158327,0.4868832519770334,0.4868832519770334,0.4868832519770334,-0.12593801205051078,-0.12593801205051078
qwen3.5:4b,state_202,RGOCG8-50_8mm,round_pin,Gear_Small,gear,False,False,False,C,../vlm_four_scene_20260925/raw/qwen3.5-4b/state_202/RGOCG8-50_8mm/Gear_Small.json,0.19476482259007735,0.19476482259007735,0.19476482259007735,0.4551468684988011,0.4551468684988011,0.4551468684988011,C,qwen3.5-4b/responses/state_202/RGOCG8-50_8mm/Gear_Small.json,0.05358267946158327,0.05358267946158327,0.05358267946158327,0.4868832519770334,0.4868832519770334,0.4868832519770334,-0.1411821431284941,-0.1411821431284941
qwen3.5:4b,state_202,USB_Male,USB_Male,Gear_Small,gear,False,False,False,C,../vlm_four_scene_20260925/raw/qwen3.5-4b/state_202/USB_Male/Gear_Small.json,0.06703653501638802,0.06703653501638802,0.06703653501638802,0.7983278636364411,0.7983278636364411,0.7983278636364411,C,qwen3.5-4b/responses/state_202/USB_Male/Gear_Small.json,0.01608420375878371,0.01608420375878371,0.01608420375878371,0.8476533340578154,0.8476533340578154,0.8476533340578154,-0.050952331257604316,-0.050952331257604316
qwen3.5:4b,state_202,DSUB_Male,DSUB_Male,Gear_Small,gear,False,False,False,C,../vlm_four_scene_20260925/raw/qwen3.5-4b/state_202/DSUB_Male/Gear_Small.json,0.15221156666021163,0.15221156666021163,0.15221156666021163,0.720896015271382,0.720896015271382,0.720896015271382,C,qwen3.5-4b/responses/state_202/DSUB_Male/Gear_Small.json,0.043884106632840675,0.043884106632840675,0.043884106632840675,0.7946404220961945,0.7946404220961945,0.7946404220961945,-0.10832746002737095,-0.10832746002737095
qwen3.5:4b,state_202,Gear_Large,gear,Waterproof_Male,Waterproof_Male,False,False,False,C,../vlm_four_scene_20260925/raw/qwen3.5-4b/state_202/Gear_Large/Waterproof_Male.json,0.24264673408977827,0.24264673408977827,0.24264673408977827,0.5943980690323752,0.5943980690323752,0.5943980690323752,C,qwen3.5-4b/responses/state_202/Gear_Large/Waterproof_Male.json,0.08918935206309575,0.08918935206309575,0.08918935206309575,0.7540787444725039,0.7540787444725039,0.7540787444725039,-0.15345738202668252,-0.15345738202668252
qwen3.5:4b,state_202,Gear_Medium,gear,Waterproof_Male,Waterproof_Male,False,False,False,C,../vlm_four_scene_20260925/raw/qwen3.5-4b/state_202/Gear_Medium/Waterproof_Male.json,0.21054529998694588,0.21054529998694588,0.21054529998694588,0.6543001481189356,0.6543001481189356,0.6543001481189356,C,qwen3.5-4b/responses/state_202/Gear_Medium/Waterproof_Male.json,0.08918935206309575,0.08918935206309575,0.08918935206309575,0.7540787444725039,0.7540787444725039,0.7540787444725039,-0.12135594792385013,-0.12135594792385013
qwen3.5:4b,state_202,Gear_Small,gear,Waterproof_Male,Waterproof_Male,False,False,False,C,../vlm_four_scene_20260925/raw/qwen3.5-4b/state_202/Gear_Small/Waterproof_Male.json,0.24951519850579867,0.24951519850579867,0.24951519850579867,0.580635012881606,0.580635012881606,0.580635012881606,C,qwen3.5-4b/responses/state_202/Gear_Small/Waterproof_Male.json,0.08918935206309575,0.08918935206309575,0.08918935206309575,0.7540787444725039,0.7540787444725039,0.7540787444725039,-0.16032584644270292,-0.16032584644270292
qwen3.5:4b,state_202,Waterproof_Male,Waterproof_Male,Waterproof_Male,Waterproof_Male,True,True,False,A,../vlm_four_scene_20260925/raw/qwen3.5-4b/state_202/Waterproof_Male/Waterproof_Male.json,0.6959017021453745,0.6959017021453745,0.6959017021453745,0.17577639814350243,0.17577639814350243,0.17577639814350243,A,qwen3.5-4b/responses/state_202/Waterproof_Male/Waterproof_Male.json,0.8149529064679002,0.8149529064679002,0.8149529064679002,0.09735193094061736,0.09735193094061736,0.09735193094061736,0.1190512043225257,0.1190512043225257
qwen3.5:4b,state_202,M12_Hex_Nut,hex_nut,Waterproof_Male,Waterproof_Male,False,False,False,C,../vlm_four_scene_20260925/raw/qwen3.5-4b/state_202/M12_Hex_Nut/Waterproof_Male.json,0.12809453726157952,0.12809453726157952,0.12809453726157952,0.7527507544649309,0.7527507544649309,0.7527507544649309,C,qwen3.5-4b/responses/state_202/M12_Hex_Nut/Waterproof_Male.json,0.06371702218600116,0.06371702218600116,0.06371702218600116,0.7524290787941886,0.7524290787941886,0.7524290787941886,-0.06437751507557836,-0.06437751507557836
qwen3.5:4b,state_202,M16_Hex_Nut,hex_nut,Waterproof_Male,Waterproof_Male,False,False,False,C,../vlm_four_scene_20260925/raw/qwen3.5-4b/state_202/M16_Hex_Nut/Waterproof_Male.json,0.1509001012375061,0.1509001012375061,0.1509001012375061,0.716599704533305,0.716599704533305,0.716599704533305,C,qwen3.5-4b/responses/state_202/M16_Hex_Nut/Waterproof_Male.json,0.06371702218600116,0.06371702218600116,0.06371702218600116,0.7524290787941886,0.7524290787941886,0.7524290787941886,-0.08718307905150495,-0.08718307905150495
qwen3.5:4b,state_202,RGOCG16-50_16mm,round_pin,Waterproof_Male,Waterproof_Male,False,False,False,C,../vlm_four_scene_20260925/raw/qwen3.5-4b/state_202/RGOCG16-50_16mm/Waterproof_Male.json,0.23437115337414116,0.23437115337414116,0.23437115337414116,0.6244928179562079,0.6244928179562079,0.6244928179562079,C,qwen3.5-4b/responses/state_202/RGOCG16-50_16mm/Waterproof_Male.json,0.0884620504618464,0.0884620504618464,0.0884620504618464,0.6994124735784283,0.6994124735784283,0.6994124735784283,-0.14590910291229475,-0.14590910291229475
qwen3.5:4b,state_202,RGOCG12-50_12mm,round_pin,Waterproof_Male,Waterproof_Male,False,False,False,C,../vlm_four_scene_20260925/raw/qwen3.5-4b/state_202/RGOCG12-50_12mm/Waterproof_Male.json,0.24107737392036843,0.24107737392036843,0.24107737392036843,0.6221769961059097,0.6221769961059097,0.6221769961059097,C,qwen3.5-4b/responses/state_202/RGOCG12-50_12mm/Waterproof_Male.json,0.0884620504618464,0.0884620504618464,0.0884620504618464,0.6994124735784283,0.6994124735784283,0.6994124735784283,-0.15261532345852202,-0.15261532345852202
qwen3.5:4b,state_202,RGOCG8-50_8mm,round_pin,Waterproof_Male,Waterproof_Male,False,False,False,C,../vlm_four_scene_20260925/raw/qwen3.5-4b/state_202/RGOCG8-50_8mm/Waterproof_Male.json,0.25294134156760756,0.25294134156760756,0.25294134156760756,0.5870807920871057,0.5870807920871057,0.5870807920871057,C,qwen3.5-4b/responses/state_202/RGOCG8-50_8mm/Waterproof_Male.json,0.0884620504618464,0.0884620504618464,0.0884620504618464,0.6994124735784283,0.6994124735784283,0.6994124735784283,-0.16447929110576115,-0.16447929110576115
qwen3.5:4b,state_202,USB_Male,USB_Male,Waterproof_Male,Waterproof_Male,False,False,False,C,../vlm_four_scene_20260925/raw/qwen3.5-4b/state_202/USB_Male/Waterproof_Male.json,0.1502298424224701,0.1502298424224701,0.1502298424224701,0.7521040439243714,0.7521040439243714,0.7521040439243714,C,qwen3.5-4b/responses/state_202/USB_Male/Waterproof_Male.json,0.13731624906896028,0.13731624906896028,0.13731624906896028,0.5933813511164429,0.5933813511164429,0.5933813511164429,-0.012913593353509806,-0.012913593353509806
qwen3.5:4b,state_202,DSUB_Male,DSUB_Male,Waterproof_Male,Waterproof_Male,False,False,False,C,../vlm_four_scene_20260925/raw/qwen3.5-4b/state_202/DSUB_Male/Waterproof_Male.json,0.20742075524506537,0.20742075524506537,0.20742075524506537,0.6573750379317884,0.6573750379317884,0.6573750379317884,A,qwen3.5-4b/responses/state_202/DSUB_Male/Waterproof_Male.json,0.5020670875070627,0.5020670875070627,0.5020670875070627,0.30769519556195823,0.30769519556195823,0.30769519556195823,0.2946463322619974,0.2946463322619974
qwen3.5:4b,state_202,Gear_Large,gear,M12_Hex_Nut,hex_nut,False,False,False,A,../vlm_four_scene_20260925/raw/qwen3.5-4b/state_202/Gear_Large/M12_Hex_Nut.json,0.6411496412026078,0.6411496412026078,0.6411496412026078,0.2922452926358109,0.2922452926358109,0.2922452926358109,A,qwen3.5-4b/responses/state_202/Gear_Large/M12_Hex_Nut.json,0.6911659751390938,0.6911659751390938,0.6911659751390938,0.16196861881533942,0.16196861881533942,0.16196861881533942,0.05001633393648608,0.05001633393648608
qwen3.5:4b,state_202,Gear_Medium,gear,M12_Hex_Nut,hex_nut,False,False,False,A,../vlm_four_scene_20260925/raw/qwen3.5-4b/state_202/Gear_Medium/M12_Hex_Nut.json,0.6523000693260603,0.6523000693260603,0.6523000693260603,0.2662938061079037,0.2662938061079037,0.2662938061079037,A,qwen3.5-4b/responses/state_202/Gear_Medium/M12_Hex_Nut.json,0.6911659751390938,0.6911659751390938,0.6911659751390938,0.16196861881533942,0.16196861881533942,0.16196861881533942,0.03886590581303351,0.03886590581303351
qwen3.5:4b,state_202,Gear_Small,gear,M12_Hex_Nut,hex_nut,False,False,False,A,../vlm_four_scene_20260925/raw/qwen3.5-4b/state_202/Gear_Small/M12_Hex_Nut.json,0.6611332230303729,0.6611332230303729,0.6611332230303729,0.2540591016304288,0.2540591016304288,0.2540591016304288,A,qwen3.5-4b/responses/state_202/Gear_Small/M12_Hex_Nut.json,0.6911659751390938,0.6911659751390938,0.6911659751390938,0.16196861881533942,0.16196861881533942,0.16196861881533942,0.030032752108720917,0.030032752108720917
qwen3.5:4b,state_202,Waterproof_Male,Waterproof_Male,M12_Hex_Nut,hex_nut,False,False,False,A,../vlm_four_scene_20260925/raw/qwen3.5-4b/state_202/Waterproof_Male/M12_Hex_Nut.json,0.6706134099122717,0.6706134099122717,0.6706134099122717,0.2545516687651545,0.2545516687651545,0.2545516687651545,A,qwen3.5-4b/responses/state_202/Waterproof_Male/M12_Hex_Nut.json,0.7604188297333514,0.7604188297333514,0.7604188297333514,0.13240688704335354,0.13240688704335354,0.13240688704335354,0.0898054198210797,0.0898054198210797
qwen3.5:4b,state_202,M12_Hex_Nut,hex_nut,M12_Hex_Nut,hex_nut,True,True,False,A,../vlm_four_scene_20260925/raw/qwen3.5-4b/state_202/M12_Hex_Nut/M12_Hex_Nut.json,0.5912167379174877,0.5912167379174877,0.5912167379174877,0.3230961100546994,0.3230961100546994,0.3230961100546994,A,qwen3.5-4b/responses/state_202/M12_Hex_Nut/M12_Hex_Nut.json,0.7750439696434371,0.7750439696434371,0.7750439696434371,0.10511411878132831,0.10511411878132831,0.10511411878132831,0.1838272317259494,0.1838272317259494
qwen3.5:4b,state_202,M16_Hex_Nut,hex_nut,M12_Hex_Nut,hex_nut,True,False,False,A,../vlm_four_scene_20260925/raw/qwen3.5-4b/state_202/M16_Hex_Nut/M12_Hex_Nut.json,0.6652587717422048,0.6652587717422048,0.6652587717422048,0.23220952397065173,0.23220952397065173,0.23220952397065173,A,qwen3.5-4b/responses/state_202/M16_Hex_Nut/M12_Hex_Nut.json,0.7750439696434371,0.7750439696434371,0.7750439696434371,0.10511411878132831,0.10511411878132831,0.10511411878132831,0.10978519790123231,0.10978519790123231
qwen3.5:4b,state_202,RGOCG16-50_16mm,round_pin,M12_Hex_Nut,hex_nut,False,False,False,C,../vlm_four_scene_20260925/raw/qwen3.5-4b/state_202/RGOCG16-50_16mm/M12_Hex_Nut.json,0.2567306342515473,0.2567306342515473,0.2567306342515473,0.6223500385475984,0.6223500385475984,0.6223500385475984,C,qwen3.5-4b/responses/state_202/RGOCG16-50_16mm/M12_Hex_Nut.json,0.38493756575393717,0.38493756575393717,0.38493756575393717,0.40749896758235366,0.40749896758235366,0.40749896758235366,0.12820693150238988,0.12820693150238988
qwen3.5:4b,state_202,RGOCG12-50_12mm,round_pin,M12_Hex_Nut,hex_nut,False,False,False,C,../vlm_four_scene_20260925/raw/qwen3.5-4b/state_202/RGOCG12-50_12mm/M12_Hex_Nut.json,0.23154923575548128,0.23154923575548128,0.23154923575548128,0.6393401543373507,0.6393401543373507,0.6393401543373507,C,qwen3.5-4b/responses/state_202/RGOCG12-50_12mm/M12_Hex_Nut.json,0.38493756575393717,0.38493756575393717,0.38493756575393717,0.40749896758235366,0.40749896758235366,0.40749896758235366,0.1533883299984559,0.1533883299984559
qwen3.5:4b,state_202,RGOCG8-50_8mm,round_pin,M12_Hex_Nut,hex_nut,False,False,False,C,../vlm_four_scene_20260925/raw/qwen3.5-4b/state_202/RGOCG8-50_8mm/M12_Hex_Nut.json,0.2528671460229456,0.2528671460229456,0.2528671460229456,0.61069578316437,0.61069578316437,0.61069578316437,C,qwen3.5-4b/responses/state_202/RGOCG8-50_8mm/M12_Hex_Nut.json,0.38493756575393717,0.38493756575393717,0.38493756575393717,0.40749896758235366,0.40749896758235366,0.40749896758235366,0.1320704197309916,0.1320704197309916
qwen3.5:4b,state_202,USB_Male,USB_Male,M12_Hex_Nut,hex_nut,False,False,False,C,../vlm_four_scene_20260925/raw/qwen3.5-4b/state_202/USB_Male/M12_Hex_Nut.json,0.1452312323945481,0.1452312323945481,0.1452312323945481,0.7633849917830687,0.7633849917830687,0.7633849917830687,C,qwen3.5-4b/responses/state_202/USB_Male/M12_Hex_Nut.json,0.1600931920969147,0.1600931920969147,0.1600931920969147,0.63974464243377,0.63974464243377,0.63974464243377,0.01486195970236659,0.01486195970236659
qwen3.5:4b,state_202,DSUB_Male,DSUB_Male,M12_Hex_Nut,hex_nut,False,False,False,C,../vlm_four_scene_20260925/raw/qwen3.5-4b/state_202/DSUB_Male/M12_Hex_Nut.json,0.3292887368724914,0.3292887368724914,0.3292887368724914,0.5873767652955031,0.5873767652955031,0.5873767652955031,C,qwen3.5-4b/responses/state_202/DSUB_Male/M12_Hex_Nut.json,0.21654969045844472,0.21654969045844472,0.21654969045844472,0.5800080371700557,0.5800080371700557,0.5800080371700557,-0.11273904641404667,-0.11273904641404667
qwen3.5:4b,state_202,Gear_Large,gear,M16_Hex_Nut,hex_nut,False,False,False,C,../vlm_four_scene_20260925/raw/qwen3.5-4b/state_202/Gear_Large/M16_Hex_Nut.json,0.36799692459830935,0.36799692459830935,0.36799692459830935,0.47211564358838704,0.47211564358838704,0.47211564358838704,C,qwen3.5-4b/responses/state_202/Gear_Large/M16_Hex_Nut.json,0.321786222293909,0.321786222293909,0.321786222293909,0.3866571525288442,0.3866571525288442,0.3866571525288442,-0.04621070230440033,-0.04621070230440033
qwen3.5:4b,state_202,Gear_Medium,gear,M16_Hex_Nut,hex_nut,False,False,False,C,../vlm_four_scene_20260925/raw/qwen3.5-4b/state_202/Gear_Medium/M16_Hex_Nut.json,0.3596717541527953,0.3596717541527953,0.3596717541527953,0.5358306123568538,0.5358306123568538,0.5358306123568538,C,qwen3.5-4b/responses/state_202/Gear_Medium/M16_Hex_Nut.json,0.321786222293909,0.321786222293909,0.321786222293909,0.3866571525288442,0.3866571525288442,0.3866571525288442,-0.03788553185888627,-0.03788553185888627
qwen3.5:4b,state_202,Gear_Small,gear,M16_Hex_Nut,hex_nut,False,False,False,C,../vlm_four_scene_20260925/raw/qwen3.5-4b/state_202/Gear_Small/M16_Hex_Nut.json,0.3594953617988555,0.3594953617988555,0.3594953617988555,0.45910135106404815,0.45910135106404815,0.45910135106404815,C,qwen3.5-4b/responses/state_202/Gear_Small/M16_Hex_Nut.json,0.321786222293909,0.321786222293909,0.321786222293909,0.3866571525288442,0.3866571525288442,0.3866571525288442,-0.037709139504946476,-0.037709139504946476
qwen3.5:4b,state_202,Waterproof_Male,Waterproof_Male,M16_Hex_Nut,hex_nut,False,False,False,C,../vlm_four_scene_20260925/raw/qwen3.5-4b/state_202/Waterproof_Male/M16_Hex_Nut.json,0.3640616691591461,0.3640616691591461,0.3640616691591461,0.44931872811775786,0.44931872811775786,0.44931872811775786,A,qwen3.5-4b/responses/state_202/Waterproof_Male/M16_Hex_Nut.json,0.49825948043578844,0.49825948043578844,0.49825948043578844,0.2429119544564538,0.2429119544564538,0.2429119544564538,0.13419781127664232,0.13419781127664232
qwen3.5:4b,state_202,M12_Hex_Nut,hex_nut,M16_Hex_Nut,hex_nut,True,False,False,A,../vlm_four_scene_20260925/raw/qwen3.5-4b/state_202/M12_Hex_Nut/M16_Hex_Nut.json,0.7894225751750417,0.7894225751750417,0.7894225751750417,0.1303798132649896,0.1303798132649896,0.1303798132649896,A,qwen3.5-4b/responses/state_202/M12_Hex_Nut/M16_Hex_Nut.json,0.8171926133802192,0.8171926133802192,0.8171926133802192,0.06751735019996444,0.06751735019996444,0.06751735019996444,0.02777003820517754,0.02777003820517754
qwen3.5:4b,state_202,M16_Hex_Nut,hex_nut,M16_Hex_Nut,hex_nut,True,True,False,A,../vlm_four_scene_20260925/raw/qwen3.5-4b/state_202/M16_Hex_Nut/M16_Hex_Nut.json,0.7341122548264903,0.7341122548264903,0.7341122548264903,0.15266565071531008,0.15266565071531008,0.15266565071531008,A,qwen3.5-4b/responses/state_202/M16_Hex_Nut/M16_Hex_Nut.json,0.8171926133802192,0.8171926133802192,0.8171926133802192,0.06751735019996444,0.06751735019996444,0.06751735019996444,0.08308035855372886,0.08308035855372886
qwen3.5:4b,state_202,RGOCG16-50_16mm,round_pin,M16_Hex_Nut,hex_nut,False,False,False,C,../vlm_four_scene_20260925/raw/qwen3.5-4b/state_202/RGOCG16-50_16mm/M16_Hex_Nut.json,0.19411571605830846,0.19411571605830846,0.19411571605830846,0.6002392230535899,0.6002392230535899,0.6002392230535899,C,qwen3.5-4b/responses/state_202/RGOCG16-50_16mm/M16_Hex_Nut.json,0.1520061403321083,0.1520061403321083,0.1520061403321083,0.4427743790508216,0.4427743790508216,0.4427743790508216,-0.042109575726200166,-0.042109575726200166
qwen3.5:4b,state_202,RGOCG12-50_12mm,round_pin,M16_Hex_Nut,hex_nut,False,False,False,C,../vlm_four_scene_20260925/raw/qwen3.5-4b/state_202/RGOCG12-50_12mm/M16_Hex_Nut.json,0.17025043053647348,0.17025043053647348,0.17025043053647348,0.595252163930724,0.595252163930724,0.595252163930724,C,qwen3.5-4b/responses/state_202/RGOCG12-50_12mm/M16_Hex_Nut.json,0.1520061403321083,0.1520061403321083,0.1520061403321083,0.4427743790508216,0.4427743790508216,0.4427743790508216,-0.018244290204365188,-0.018244290204365188
qwen3.5:4b,state_202,RGOCG8-50_8mm,round_pin,M16_Hex_Nut,hex_nut,False,False,False,C,../vlm_four_scene_20260925/raw/qwen3.5-4b/state_202/RGOCG8-50_8mm/M16_Hex_Nut.json,0.19782406914186917,0.19782406914186917,0.19782406914186917,0.6402767252599154,0.6402767252599154,0.6402767252599154,C,qwen3.5-4b/responses/state_202/RGOCG8-50_8mm/M16_Hex_Nut.json,0.1520061403321083,0.1520061403321083,0.1520061403321083,0.4427743790508216,0.4427743790508216,0.4427743790508216,-0.04581792880976088,-0.04581792880976088
qwen3.5:4b,state_202,USB_Male,USB_Male,M16_Hex_Nut,hex_nut,False,False,False,C,../vlm_four_scene_20260925/raw/qwen3.5-4b/state_202/USB_Male/M16_Hex_Nut.json,0.08152024482715192,0.08152024482715192,0.08152024482715192,0.6885440941619497,0.6885440941619497,0.6885440941619497,C,qwen3.5-4b/responses/state_202/USB_Male/M16_Hex_Nut.json,0.04173722764167425,0.04173722764167425,0.04173722764167425,0.674106064944565,0.674106064944565,0.674106064944565,-0.03978301718547767,-0.03978301718547767
qwen3.5:4b,state_202,DSUB_Male,DSUB_Male,M16_Hex_Nut,hex_nut,False,False,False,C,../vlm_four_scene_20260925/raw/qwen3.5-4b/state_202/DSUB_Male/M16_Hex_Nut.json,0.2653068558062117,0.2653068558062117,0.2653068558062117,0.5444158238067649,0.5444158238067649,0.5444158238067649,C,qwen3.5-4b/responses/state_202/DSUB_Male/M16_Hex_Nut.json,0.13487877484002042,0.13487877484002042,0.13487877484002042,0.47084765971664627,0.47084765971664627,0.47084765971664627,-0.1304280809661913,-0.1304280809661913
qwen3.5:4b,state_202,Gear_Large,gear,RGOCG16-50_16mm,round_pin,False,False,False,C,../vlm_four_scene_20260925/raw/qwen3.5-4b/state_202/Gear_Large/RGOCG16-50_16mm.json,0.048184037742832274,0.048184037742832274,0.048184037742832274,0.8776295753865571,0.8776295753865571,0.8776295753865571,C,qwen3.5-4b/responses/state_202/Gear_Large/RGOCG16-50_16mm.json,0.051050627684366696,0.051050627684366696,0.051050627684366696,0.8960318558755578,0.8960318558755578,0.8960318558755578,0.0028665899415344226,0.0028665899415344226
qwen3.5:4b,state_202,Gear_Medium,gear,RGOCG16-50_16mm,round_pin,False,False,False,C,../vlm_four_scene_20260925/raw/qwen3.5-4b/state_202/Gear_Medium/RGOCG16-50_16mm.json,0.060896609107762845,0.060896609107762845,0.060896609107762845,0.8838280445587571,0.8838280445587571,0.8838280445587571,C,qwen3.5-4b/responses/state_202/Gear_Medium/RGOCG16-50_16mm.json,0.051050627684366696,0.051050627684366696,0.051050627684366696,0.8960318558755578,0.8960318558755578,0.8960318558755578,-0.009845981423396148,-0.009845981423396148
qwen3.5:4b,state_202,Gear_Small,gear,RGOCG16-50_16mm,round_pin,False,False,False,C,../vlm_four_scene_20260925/raw/qwen3.5-4b/state_202/Gear_Small/RGOCG16-50_16mm.json,0.04537014490595202,0.04537014490595202,0.04537014490595202,0.9018152363492216,0.9018152363492216,0.9018152363492216,C,qwen3.5-4b/responses/state_202/Gear_Small/RGOCG16-50_16mm.json,0.051050627684366696,0.051050627684366696,0.051050627684366696,0.8960318558755578,0.8960318558755578,0.8960318558755578,0.005680482778414674,0.005680482778414674
qwen3.5:4b,state_202,Waterproof_Male,Waterproof_Male,RGOCG16-50_16mm,round_pin,False,False,False,C,../vlm_four_scene_20260925/raw/qwen3.5-4b/state_202/Waterproof_Male/RGOCG16-50_16mm.json,0.0887993886946662,0.0887993886946662,0.0887993886946662,0.8170748325981039,0.8170748325981039,0.8170748325981039,C,qwen3.5-4b/responses/state_202/Waterproof_Male/RGOCG16-50_16mm.json,0.06389429280074502,0.06389429280074502,0.06389429280074502,0.8754984096649899,0.8754984096649899,0.8754984096649899,-0.02490509589392119,-0.02490509589392119
qwen3.5:4b,state_202,M12_Hex_Nut,hex_nut,RGOCG16-50_16mm,round_pin,False,False,False,C,../vlm_four_scene_20260925/raw/qwen3.5-4b/state_202/M12_Hex_Nut/RGOCG16-50_16mm.json,0.07146086253958532,0.07146086253958532,0.07146086253958532,0.8757058386345018,0.8757058386345018,0.8757058386345018,C,qwen3.5-4b/responses/state_202/M12_Hex_Nut/RGOCG16-50_16mm.json,0.03516324206136226,0.03516324206136226,0.03516324206136226,0.8561103948328741,0.8561103948328741,0.8561103948328741,-0.03629762047822306,-0.03629762047822306
qwen3.5:4b,state_202,M16_Hex_Nut,hex_nut,RGOCG16-50_16mm,round_pin,False,False,False,C,../vlm_four_scene_20260925/raw/qwen3.5-4b/state_202/M16_Hex_Nut/RGOCG16-50_16mm.json,0.08555521101892398,0.08555521101892398,0.08555521101892398,0.8603997259758248,0.8603997259758248,0.8603997259758248,C,qwen3.5-4b/responses/state_202/M16_Hex_Nut/RGOCG16-50_16mm.json,0.03516324206136226,0.03516324206136226,0.03516324206136226,0.8561103948328741,0.8561103948328741,0.8561103948328741,-0.05039196895756172,-0.05039196895756172
qwen3.5:4b,state_202,RGOCG16-50_16mm,round_pin,RGOCG16-50_16mm,round_pin,True,True,False,A,../vlm_four_scene_20260925/raw/qwen3.5-4b/state_202/RGOCG16-50_16mm/RGOCG16-50_16mm.json,0.8036398259658203,0.8036398259658203,0.8036398259658203,0.15872216205295947,0.15872216205295947,0.15872216205295947,A,qwen3.5-4b/responses/state_202/RGOCG16-50_16mm/RGOCG16-50_16mm.json,0.8676931253170184,0.8676931253170184,0.8676931253170184,0.07977338058541401,0.07977338058541401,0.07977338058541401,0.06405329935119808,0.06405329935119808
qwen3.5:4b,state_202,RGOCG12-50_12mm,round_pin,RGOCG16-50_16mm,round_pin,True,False,False,A,../vlm_four_scene_20260925/raw/qwen3.5-4b/state_202/RGOCG12-50_12mm/RGOCG16-50_16mm.json,0.8061450115470139,0.8061450115470139,0.8061450115470139,0.14927265324165548,0.14927265324165548,0.14927265324165548,A,qwen3.5-4b/responses/state_202/RGOCG12-50_12mm/RGOCG16-50_16mm.json,0.8676931253170184,0.8676931253170184,0.8676931253170184,0.07977338058541401,0.07977338058541401,0.07977338058541401,0.061548113770004464,0.061548113770004464
qwen3.5:4b,state_202,RGOCG8-50_8mm,round_pin,RGOCG16-50_16mm,round_pin,True,False,False,A,../vlm_four_scene_20260925/raw/qwen3.5-4b/state_202/RGOCG8-50_8mm/RGOCG16-50_16mm.json,0.802025974665222,0.802025974665222,0.802025974665222,0.15306234280987815,0.15306234280987815,0.15306234280987815,A,qwen3.5-4b/responses/state_202/RGOCG8-50_8mm/RGOCG16-50_16mm.json,0.8676931253170184,0.8676931253170184,0.8676931253170184,0.07977338058541401,0.07977338058541401,0.07977338058541401,0.0656671506517964,0.0656671506517964
qwen3.5:4b,state_202,USB_Male,USB_Male,RGOCG16-50_16mm,round_pin,False,False,False,C,../vlm_four_scene_20260925/raw/qwen3.5-4b/state_202/USB_Male/RGOCG16-50_16mm.json,0.10754391381195821,0.10754391381195821,0.10754391381195821,0.8167092760469756,0.8167092760469756,0.8167092760469756,C,qwen3.5-4b/responses/state_202/USB_Male/RGOCG16-50_16mm.json,0.039289412682741776,0.039289412682741776,0.039289412682741776,0.8260403891837427,0.8260403891837427,0.8260403891837427,-0.06825450112921644,-0.06825450112921644
qwen3.5:4b,state_202,DSUB_Male,DSUB_Male,RGOCG16-50_16mm,round_pin,False,False,False,C,../vlm_four_scene_20260925/raw/qwen3.5-4b/state_202/DSUB_Male/RGOCG16-50_16mm.json,0.1335556546152817,0.1335556546152817,0.1335556546152817,0.7216054129270616,0.7216054129270616,0.7216054129270616,C,qwen3.5-4b/responses/state_202/DSUB_Male/RGOCG16-50_16mm.json,0.036921045183599496,0.036921045183599496,0.036921045183599496,0.8941073443755575,0.8941073443755575,0.8941073443755575,-0.09663460943168221,-0.09663460943168221
qwen3.5:4b,state_202,Gear_Large,gear,RGOCG12-50_12mm,round_pin,False,False,False,C,../vlm_four_scene_20260925/raw/qwen3.5-4b/state_202/Gear_Large/RGOCG12-50_12mm.json,0.05239171578376944,0.05239171578376944,0.05239171578376944,0.8206909312431342,0.8206909312431342,0.8206909312431342,C,qwen3.5-4b/responses/state_202/Gear_Large/RGOCG12-50_12mm.json,0.0456193928572799,0.0456193928572799,0.0456193928572799,0.8948867335490979,0.8948867335490979,0.8948867335490979,-0.006772322926489535,-0.006772322926489535
qwen3.5:4b,state_202,Gear_Medium,gear,RGOCG12-50_12mm,round_pin,False,False,False,C,../vlm_four_scene_20260925/raw/qwen3.5-4b/state_202/Gear_Medium/RGOCG12-50_12mm.json,0.06894316504293956,0.06894316504293956,0.06894316504293956,0.826540949286202,0.826540949286202,0.826540949286202,C,qwen3.5-4b/responses/state_202/Gear_Medium/RGOCG12-50_12mm.json,0.0456193928572799,0.0456193928572799,0.0456193928572799,0.8948867335490979,0.8948867335490979,0.8948867335490979,-0.023323772185659654,-0.023323772185659654
qwen3.5:4b,state_202,Gear_Small,gear,RGOCG12-50_12mm,round_pin,False,False,False,C,../vlm_four_scene_20260925/raw/qwen3.5-4b/state_202/Gear_Small/RGOCG12-50_12mm.json,0.06146205718822764,0.06146205718822764,0.06146205718822764,0.8100470262457955,0.8100470262457955,0.8100470262457955,C,qwen3.5-4b/responses/state_202/Gear_Small/RGOCG12-50_12mm.json,0.0456193928572799,0.0456193928572799,0.0456193928572799,0.8948867335490979,0.8948867335490979,0.8948867335490979,-0.01584266433094774,-0.01584266433094774
qwen3.5:4b,state_202,Waterproof_Male,Waterproof_Male,RGOCG12-50_12mm,round_pin,False,False,False,C,../vlm_four_scene_20260925/raw/qwen3.5-4b/state_202/Waterproof_Male/RGOCG12-50_12mm.json,0.09893004123472907,0.09893004123472907,0.09893004123472907,0.780797419858496,0.780797419858496,0.780797419858496,C,qwen3.5-4b/responses/state_202/Waterproof_Male/RGOCG12-50_12mm.json,0.07051091270072891,0.07051091270072891,0.07051091270072891,0.8305019734781347,0.8305019734781347,0.8305019734781347,-0.02841912853400015,-0.02841912853400015
qwen3.5:4b,state_202,M12_Hex_Nut,hex_nut,RGOCG12-50_12mm,round_pin,False,False,False,C,../vlm_four_scene_20260925/raw/qwen3.5-4b/state_202/M12_Hex_Nut/RGOCG12-50_12mm.json,0.07754349789758695,0.07754349789758695,0.07754349789758695,0.816368516471657,0.816368516471657,0.816368516471657,C,qwen3.5-4b/responses/state_202/M12_Hex_Nut/RGOCG12-50_12mm.json,0.04117556943369449,0.04117556943369449,0.04117556943369449,0.789321840589829,0.789321840589829,0.789321840589829,-0.03636792846389246,-0.03636792846389246
qwen3.5:4b,state_202,M16_Hex_Nut,hex_nut,RGOCG12-50_12mm,round_pin,False,False,False,C,../vlm_four_scene_20260925/raw/qwen3.5-4b/state_202/M16_Hex_Nut/RGOCG12-50_12mm.json,0.10955098485999543,0.10955098485999543,0.10955098485999543,0.8082165689499154,0.8082165689499154,0.8082165689499154,C,qwen3.5-4b/responses/state_202/M16_Hex_Nut/RGOCG12-50_12mm.json,0.04117556943369449,0.04117556943369449,0.04117556943369449,0.789321840589829,0.789321840589829,0.789321840589829,-0.06837541542630093,-0.06837541542630093
qwen3.5:4b,state_202,RGOCG16-50_16mm,round_pin,RGOCG12-50_12mm,round_pin,True,False,False,A,../vlm_four_scene_20260925/raw/qwen3.5-4b/state_202/RGOCG16-50_16mm/RGOCG12-50_12mm.json,0.8295634431339391,0.8295634431339391,0.8295634431339391,0.11800616121962443,0.11800616121962443,0.11800616121962443,A,qwen3.5-4b/responses/state_202/RGOCG16-50_16mm/RGOCG12-50_12mm.json,0.9117690342043975,0.9117690342043975,0.9117690342043975,0.05382857510113824,0.05382857510113824,0.05382857510113824,0.08220559107045833,0.08220559107045833
qwen3.5:4b,state_202,RGOCG12-50_12mm,round_pin,RGOCG12-50_12mm,round_pin,True,True,False,A,../vlm_four_scene_20260925/raw/qwen3.5-4b/state_202/RGOCG12-50_12mm/RGOCG12-50_12mm.json,0.7724974840791579,0.7724974840791579,0.7724974840791579,0.1758969259792609,0.1758969259792609,0.1758969259792609,A,qwen3.5-4b/responses/state_202/RGOCG12-50_12mm/RGOCG12-50_12mm.json,0.9117690342043975,0.9117690342043975,0.9117690342043975,0.05382857510113824,0.05382857510113824,0.05382857510113824,0.13927155012523962,0.13927155012523962
qwen3.5:4b,state_202,RGOCG8-50_8mm,round_pin,RGOCG12-50_12mm,round_pin,True,False,False,A,../vlm_four_scene_20260925/raw/qwen3.5-4b/state_202/RGOCG8-50_8mm/RGOCG12-50_12mm.json,0.8063648341658578,0.8063648341658578,0.8063648341658578,0.14228001802386067,0.14228001802386067,0.14228001802386067,A,qwen3.5-4b/responses/state_202/RGOCG8-50_8mm/RGOCG12-50_12mm.json,0.9117690342043975,0.9117690342043975,0.9117690342043975,0.05382857510113824,0.05382857510113824,0.05382857510113824,0.10540420003853967,0.10540420003853967
qwen3.5:4b,state_202,USB_Male,USB_Male,RGOCG12-50_12mm,round_pin,False,False,False,C,../vlm_four_scene_20260925/raw/qwen3.5-4b/state_202/USB_Male/RGOCG12-50_12mm.json,0.15295746165398366,0.15295746165398366,0.15295746165398366,0.7727773237816246,0.7727773237816246,0.7727773237816246,C,qwen3.5-4b/responses/state_202/USB_Male/RGOCG12-50_12mm.json,0.046625417104896816,0.046625417104896816,0.046625417104896816,0.7812611456467475,0.7812611456467475,0.7812611456467475,-0.10633204454908685,-0.10633204454908685
qwen3.5:4b,state_202,DSUB_Male,DSUB_Male,RGOCG12-50_12mm,round_pin,False,False,False,C,../vlm_four_scene_20260925/raw/qwen3.5-4b/state_202/DSUB_Male/RGOCG12-50_12mm.json,0.19601374705776098,0.19601374705776098,0.19601374705776098,0.6818077473908066,0.6818077473908066,0.6818077473908066,C,qwen3.5-4b/responses/state_202/DSUB_Male/RGOCG12-50_12mm.json,0.03257077028976055,0.03257077028976055,0.03257077028976055,0.9118810271269094,0.9118810271269094,0.9118810271269094,-0.16344297676800043,-0.16344297676800043
qwen3.5:4b,state_202,Gear_Large,gear,RGOCG8-50_8mm,round_pin,False,False,False,C,../vlm_four_scene_20260925/raw/qwen3.5-4b/state_202/Gear_Large/RGOCG8-50_8mm.json,0.08162170521767839,0.08162170521767839,0.08162170521767839,0.8468285258765149,0.8468285258765149,0.8468285258765149,C,qwen3.5-4b/responses/state_202/Gear_Large/RGOCG8-50_8mm.json,0.036652113352163666,0.036652113352163666,0.036652113352163666,0.9221201551450381,0.9221201551450381,0.9221201551450381,-0.044969591865514726,-0.044969591865514726
qwen3.5:4b,state_202,Gear_Medium,gear,RGOCG8-50_8mm,round_pin,False,False,False,C,../vlm_four_scene_20260925/raw/qwen3.5-4b/state_202/Gear_Medium/RGOCG8-50_8mm.json,0.07087534107897284,0.07087534107897284,0.07087534107897284,0.8612081462179705,0.8612081462179705,0.8612081462179705,C,qwen3.5-4b/responses/state_202/Gear_Medium/RGOCG8-50_8mm.json,0.036652113352163666,0.036652113352163666,0.036652113352163666,0.9221201551450381,0.9221201551450381,0.9221201551450381,-0.03422322772680917,-0.03422322772680917
qwen3.5:4b,state_202,Gear_Small,gear,RGOCG8-50_8mm,round_pin,False,False,False,C,../vlm_four_scene_20260925/raw/qwen3.5-4b/state_202/Gear_Small/RGOCG8-50_8mm.json,0.0630397721035718,0.0630397721035718,0.0630397721035718,0.8675358247063486,0.8675358247063486,0.8675358247063486,C,qwen3.5-4b/responses/state_202/Gear_Small/RGOCG8-50_8mm.json,0.036652113352163666,0.036652113352163666,0.036652113352163666,0.9221201551450381,0.9221201551450381,0.9221201551450381,-0.02638765875140813,-0.02638765875140813
qwen3.5:4b,state_202,Waterproof_Male,Waterproof_Male,RGOCG8-50_8mm,round_pin,False,False,False,C,../vlm_four_scene_20260925/raw/qwen3.5-4b/state_202/Waterproof_Male/RGOCG8-50_8mm.json,0.16353923894135286,0.16353923894135286,0.16353923894135286,0.7280930257623512,0.7280930257623512,0.7280930257623512,C,qwen3.5-4b/responses/state_202/Waterproof_Male/RGOCG8-50_8mm.json,0.06122638053558513,0.06122638053558513,0.06122638053558513,0.8832223436449332,0.8832223436449332,0.8832223436449332,-0.10231285840576773,-0.10231285840576773
qwen3.5:4b,state_202,M12_Hex_Nut,hex_nut,RGOCG8-50_8mm,round_pin,False,False,False,C,../vlm_four_scene_20260925/raw/qwen3.5-4b/state_202/M12_Hex_Nut/RGOCG8-50_8mm.json,0.07762050086086798,0.07762050086086798,0.07762050086086798,0.8806789569611234,0.8806789569611234,0.8806789569611234,C,qwen3.5-4b/responses/state_202/M12_Hex_Nut/RGOCG8-50_8mm.json,0.04149669296816944,0.04149669296816944,0.04149669296816944,0.8708747081254566,0.8708747081254566,0.8708747081254566,-0.03612380789269854,-0.03612380789269854
qwen3.5:4b,state_202,M16_Hex_Nut,hex_nut,RGOCG8-50_8mm,round_pin,False,False,False,C,../vlm_four_scene_20260925/raw/qwen3.5-4b/state_202/M16_Hex_Nut/RGOCG8-50_8mm.json,0.08332798698474346,0.08332798698474346,0.08332798698474346,0.8691275726906111,0.8691275726906111,0.8691275726906111,C,qwen3.5-4b/responses/state_202/M16_Hex_Nut/RGOCG8-50_8mm.json,0.04149669296816944,0.04149669296816944,0.04149669296816944,0.8708747081254566,0.8708747081254566,0.8708747081254566,-0.04183129401657402,-0.04183129401657402
qwen3.5:4b,state_202,RGOCG16-50_16mm,round_pin,RGOCG8-50_8mm,round_pin,True,False,False,A,../vlm_four_scene_20260925/raw/qwen3.5-4b/state_202/RGOCG16-50_16mm/RGOCG8-50_8mm.json,0.7539055401873733,0.7539055401873733,0.7539055401873733,0.2025659873884238,0.2025659873884238,0.2025659873884238,A,qwen3.5-4b/responses/state_202/RGOCG16-50_16mm/RGOCG8-50_8mm.json,0.9107787014234323,0.9107787014234323,0.9107787014234323,0.055316775085515676,0.055316775085515676,0.055316775085515676,0.156873161236059,0.156873161236059
qwen3.5:4b,state_202,RGOCG12-50_12mm,round_pin,RGOCG8-50_8mm,round_pin,True,False,False,A,../vlm_four_scene_20260925/raw/qwen3.5-4b/state_202/RGOCG12-50_12mm/RGOCG8-50_8mm.json,0.6929019766695945,0.6929019766695945,0.6929019766695945,0.2593084991394083,0.2593084991394083,0.2593084991394083,A,qwen3.5-4b/responses/state_202/RGOCG12-50_12mm/RGOCG8-50_8mm.json,0.9107787014234323,0.9107787014234323,0.9107787014234323,0.055316775085515676,0.055316775085515676,0.055316775085515676,0.2178767247538378,0.2178767247538378
qwen3.5:4b,state_202,RGOCG8-50_8mm,round_pin,RGOCG8-50_8mm,round_pin,True,True,False,A,../vlm_four_scene_20260925/raw/qwen3.5-4b/state_202/RGOCG8-50_8mm/RGOCG8-50_8mm.json,0.7338775387336851,0.7338775387336851,0.7338775387336851,0.2153934485622864,0.2153934485622864,0.2153934485622864,A,qwen3.5-4b/responses/state_202/RGOCG8-50_8mm/RGOCG8-50_8mm.json,0.9107787014234323,0.9107787014234323,0.9107787014234323,0.055316775085515676,0.055316775085515676,0.055316775085515676,0.1769011626897472,0.1769011626897472
qwen3.5:4b,state_202,USB_Male,USB_Male,RGOCG8-50_8mm,round_pin,False,False,False,C,../vlm_four_scene_20260925/raw/qwen3.5-4b/state_202/USB_Male/RGOCG8-50_8mm.json,0.11485589268129356,0.11485589268129356,0.11485589268129356,0.8179065041875585,0.8179065041875585,0.8179065041875585,C,qwen3.5-4b/responses/state_202/USB_Male/RGOCG8-50_8mm.json,0.04164209586784142,0.04164209586784142,0.04164209586784142,0.8311907667671158,0.8311907667671158,0.8311907667671158,-0.07321379681345214,-0.07321379681345214
qwen3.5:4b,state_202,DSUB_Male,DSUB_Male,RGOCG8-50_8mm,round_pin,False,False,False,C,../vlm_four_scene_20260925/raw/qwen3.5-4b/state_202/DSUB_Male/RGOCG8-50_8mm.json,0.1520921828973258,0.1520921828973258,0.1520921828973258,0.6849806344469584,0.6849806344469584,0.6849806344469584,C,qwen3.5-4b/responses/state_202/DSUB_Male/RGOCG8-50_8mm.json,0.03163149189854026,0.03163149189854026,0.03163149189854026,0.9388629210068403,0.9388629210068403,0.9388629210068403,-0.12046069099878554,-0.12046069099878554
qwen3.5:4b,state_202,Gear_Large,gear,USB_Male,USB_Male,False,False,False,B,../vlm_four_scene_20260925/raw/qwen3.5-4b/state_202/Gear_Large/USB_Male.json,0.013721763826416529,0.013721763826416529,0.013721763826416529,0.12463274937627146,0.12463274937627146,0.12463274937627146,C,qwen3.5-4b/responses/state_202/Gear_Large/USB_Male.json,0.01816587111041678,0.01816587111041678,0.01816587111041678,0.7633211561406031,0.7633211561406031,0.7633211561406031,0.004444107284000251,0.004444107284000251
qwen3.5:4b,state_202,Gear_Medium,gear,USB_Male,USB_Male,False,False,False,B,../vlm_four_scene_20260925/raw/qwen3.5-4b/state_202/Gear_Medium/USB_Male.json,0.027701692979373048,0.027701692979373048,0.027701692979373048,0.3411829021650444,0.3411829021650444,0.3411829021650444,C,qwen3.5-4b/responses/state_202/Gear_Medium/USB_Male.json,0.01816587111041678,0.01816587111041678,0.01816587111041678,0.7633211561406031,0.7633211561406031,0.7633211561406031,-0.009535821868956268,-0.009535821868956268
qwen3.5:4b,state_202,Gear_Small,gear,USB_Male,USB_Male,False,False,False,B,../vlm_four_scene_20260925/raw/qwen3.5-4b/state_202/Gear_Small/USB_Male.json,0.01606486512929442,0.01606486512929442,0.01606486512929442,0.24770957793419035,0.24770957793419035,0.24770957793419035,C,qwen3.5-4b/responses/state_202/Gear_Small/USB_Male.json,0.01816587111041678,0.01816587111041678,0.01816587111041678,0.7633211561406031,0.7633211561406031,0.7633211561406031,0.00210100598112236,0.00210100598112236
qwen3.5:4b,state_202,Waterproof_Male,Waterproof_Male,USB_Male,USB_Male,False,False,False,A,../vlm_four_scene_20260925/raw/qwen3.5-4b/state_202/Waterproof_Male/USB_Male.json,0.5608652113712705,0.5608652113712705,0.5608652113712705,0.20847486885687147,0.20847486885687147,0.20847486885687147,B,qwen3.5-4b/responses/state_202/Waterproof_Male/USB_Male.json,0.3962165306373739,0.3962165306373739,0.3962165306373739,0.13151444292014006,0.13151444292014006,0.13151444292014006,-0.16464868073389666,-0.16464868073389666
qwen3.5:4b,state_202,M12_Hex_Nut,hex_nut,USB_Male,USB_Male,False,False,False,B,../vlm_four_scene_20260925/raw/qwen3.5-4b/state_202/M12_Hex_Nut/USB_Male.json,0.07203483487835265,0.07203483487835265,0.07203483487835265,0.4467648735660147,0.4467648735660147,0.4467648735660147,C,qwen3.5-4b/responses/state_202/M12_Hex_Nut/USB_Male.json,0.03567403870910953,0.03567403870910953,0.03567403870910953,0.7619302246330127,0.7619302246330127,0.7619302246330127,-0.03636079616924311,-0.03636079616924311
qwen3.5:4b,state_202,M16_Hex_Nut,hex_nut,USB_Male,USB_Male,False,False,False,C,../vlm_four_scene_20260925/raw/qwen3.5-4b/state_202/M16_Hex_Nut/USB_Male.json,0.05585409759882639,0.05585409759882639,0.05585409759882639,0.594312301888321,0.594312301888321,0.594312301888321,C,qwen3.5-4b/responses/state_202/M16_Hex_Nut/USB_Male.json,0.03567403870910953,0.03567403870910953,0.03567403870910953,0.7619302246330127,0.7619302246330127,0.7619302246330127,-0.020180058889716856,-0.020180058889716856
qwen3.5:4b,state_202,RGOCG16-50_16mm,round_pin,USB_Male,USB_Male,False,False,False,B,../vlm_four_scene_20260925/raw/qwen3.5-4b/state_202/RGOCG16-50_16mm/USB_Male.json,0.1494493700303716,0.1494493700303716,0.1494493700303716,0.35192031569578064,0.35192031569578064,0.35192031569578064,B,qwen3.5-4b/responses/state_202/RGOCG16-50_16mm/USB_Male.json,0.24768459742061796,0.24768459742061796,0.24768459742061796,0.29955550842811357,0.29955550842811357,0.29955550842811357,0.09823522739024637,0.09823522739024637
qwen3.5:4b,state_202,RGOCG12-50_12mm,round_pin,USB_Male,USB_Male,False,False,False,B,../vlm_four_scene_20260925/raw/qwen3.5-4b/state_202/RGOCG12-50_12mm/USB_Male.json,0.13606056897302282,0.13606056897302282,0.13606056897302282,0.3462070824558091,0.3462070824558091,0.3462070824558091,B,qwen3.5-4b/responses/state_202/RGOCG12-50_12mm/USB_Male.json,0.24768459742061796,0.24768459742061796,0.24768459742061796,0.29955550842811357,0.29955550842811357,0.29955550842811357,0.11162402844759514,0.11162402844759514
qwen3.5:4b,state_202,RGOCG8-50_8mm,round_pin,USB_Male,USB_Male,False,False,False,B,../vlm_four_scene_20260925/raw/qwen3.5-4b/state_202/RGOCG8-50_8mm/USB_Male.json,0.11527870782203944,0.11527870782203944,0.11527870782203944,0.2999149287517857,0.2999149287517857,0.2999149287517857,B,qwen3.5-4b/responses/state_202/RGOCG8-50_8mm/USB_Male.json,0.24768459742061796,0.24768459742061796,0.24768459742061796,0.29955550842811357,0.29955550842811357,0.29955550842811357,0.13240588959857852,0.13240588959857852
qwen3.5:4b,state_202,USB_Male,USB_Male,USB_Male,USB_Male,True,True,False,A,../vlm_four_scene_20260925/raw/qwen3.5-4b/state_202/USB_Male/USB_Male.json,0.889730987512076,0.889730987512076,0.889730987512076,0.04887341036356972,0.04887341036356972,0.04887341036356972,A,qwen3.5-4b/responses/state_202/USB_Male/USB_Male.json,0.9012398731141236,0.9012398731141236,0.9012398731141236,0.02452696723496377,0.02452696723496377,0.02452696723496377,0.011508885602047547,0.011508885602047547
qwen3.5:4b,state_202,DSUB_Male,DSUB_Male,USB_Male,USB_Male,False,False,False,A,../vlm_four_scene_20260925/raw/qwen3.5-4b/state_202/DSUB_Male/USB_Male.json,0.6141752073350786,0.6141752073350786,0.6141752073350786,0.14704457800689882,0.14704457800689882,0.14704457800689882,A,qwen3.5-4b/responses/state_202/DSUB_Male/USB_Male.json,0.7537263107066036,0.7537263107066036,0.7537263107066036,0.0649026633015583,0.0649026633015583,0.0649026633015583,0.139551103371525,0.139551103371525
qwen3.5:4b,state_202,Gear_Large,gear,DSUB_Male,DSUB_Male,False,False,False,C,../vlm_four_scene_20260925/raw/qwen3.5-4b/state_202/Gear_Large/DSUB_Male.json,0.02571978944791342,0.02571978944791342,0.02571978944791342,0.4944042723006964,0.4944042723006964,0.4944042723006964,C,qwen3.5-4b/responses/state_202/Gear_Large/DSUB_Male.json,0.02605790154217645,0.02605790154217645,0.02605790154217645,0.7757630237902882,0.7757630237902882,0.7757630237902882,0.00033811209426302946,0.00033811209426302946
qwen3.5:4b,state_202,Gear_Medium,gear,DSUB_Male,DSUB_Male,False,False,False,C,../vlm_four_scene_20260925/raw/qwen3.5-4b/state_202/Gear_Medium/DSUB_Male.json,0.0415397820889723,0.0415397820889723,0.0415397820889723,0.602251002923234,0.602251002923234,0.602251002923234,C,qwen3.5-4b/responses/state_202/Gear_Medium/DSUB_Male.json,0.02605790154217645,0.02605790154217645,0.02605790154217645,0.7757630237902882,0.7757630237902882,0.7757630237902882,-0.015481880546795848,-0.015481880546795848
qwen3.5:4b,state_202,Gear_Small,gear,DSUB_Male,DSUB_Male,False,False,False,C,../vlm_four_scene_20260925/raw/qwen3.5-4b/state_202/Gear_Small/DSUB_Male.json,0.036724373608314244,0.036724373608314244,0.036724373608314244,0.5645292402498728,0.5645292402498728,0.5645292402498728,C,qwen3.5-4b/responses/state_202/Gear_Small/DSUB_Male.json,0.02605790154217645,0.02605790154217645,0.02605790154217645,0.7757630237902882,0.7757630237902882,0.7757630237902882,-0.010666472066137793,-0.010666472066137793
qwen3.5:4b,state_202,Waterproof_Male,Waterproof_Male,DSUB_Male,DSUB_Male,False,False,False,A,../vlm_four_scene_20260925/raw/qwen3.5-4b/state_202/Waterproof_Male/DSUB_Male.json,0.826397303048004,0.826397303048004,0.826397303048004,0.06367401488332662,0.06367401488332662,0.06367401488332662,A,qwen3.5-4b/responses/state_202/Waterproof_Male/DSUB_Male.json,0.8989899178055725,0.8989899178055725,0.8989899178055725,0.04136398534120022,0.04136398534120022,0.04136398534120022,0.07259261475756851,0.07259261475756851
qwen3.5:4b,state_202,M12_Hex_Nut,hex_nut,DSUB_Male,DSUB_Male,False,False,False,C,../vlm_four_scene_20260925/raw/qwen3.5-4b/state_202/M12_Hex_Nut/DSUB_Male.json,0.09045154477257783,0.09045154477257783,0.09045154477257783,0.6235939795479901,0.6235939795479901,0.6235939795479901,C,qwen3.5-4b/responses/state_202/M12_Hex_Nut/DSUB_Male.json,0.03882060593966667,0.03882060593966667,0.03882060593966667,0.8052700159900587,0.8052700159900587,0.8052700159900587,-0.05163093883291116,-0.05163093883291116
qwen3.5:4b,state_202,M16_Hex_Nut,hex_nut,DSUB_Male,DSUB_Male,False,False,False,C,../vlm_four_scene_20260925/raw/qwen3.5-4b/state_202/M16_Hex_Nut/DSUB_Male.json,0.07644048541957482,0.07644048541957482,0.07644048541957482,0.5949561586743286,0.5949561586743286,0.5949561586743286,C,qwen3.5-4b/responses/state_202/M16_Hex_Nut/DSUB_Male.json,0.03882060593966667,0.03882060593966667,0.03882060593966667,0.8052700159900587,0.8052700159900587,0.8052700159900587,-0.03761987947990815,-0.03761987947990815
qwen3.5:4b,state_202,RGOCG16-50_16mm,round_pin,DSUB_Male,DSUB_Male,False,False,False,C,../vlm_four_scene_20260925/raw/qwen3.5-4b/state_202/RGOCG16-50_16mm/DSUB_Male.json,0.3880866241267041,0.3880866241267041,0.3880866241267041,0.4167581725209893,0.4167581725209893,0.4167581725209893,C,qwen3.5-4b/responses/state_202/RGOCG16-50_16mm/DSUB_Male.json,0.10140809566138487,0.10140809566138487,0.10140809566138487,0.5092376932022445,0.5092376932022445,0.5092376932022445,-0.2866785284653192,-0.2866785284653192
qwen3.5:4b,state_202,RGOCG12-50_12mm,round_pin,DSUB_Male,DSUB_Male,False,False,False,A,../vlm_four_scene_20260925/raw/qwen3.5-4b/state_202/RGOCG12-50_12mm/DSUB_Male.json,0.4625632871711365,0.4625632871711365,0.4625632871711365,0.3604907204180812,0.3604907204180812,0.3604907204180812,C,qwen3.5-4b/responses/state_202/RGOCG12-50_12mm/DSUB_Male.json,0.10140809566138487,0.10140809566138487,0.10140809566138487,0.5092376932022445,0.5092376932022445,0.5092376932022445,-0.3611551915097516,-0.3611551915097516
qwen3.5:4b,state_202,RGOCG8-50_8mm,round_pin,DSUB_Male,DSUB_Male,False,False,False,C,../vlm_four_scene_20260925/raw/qwen3.5-4b/state_202/RGOCG8-50_8mm/DSUB_Male.json,0.39834863889622324,0.39834863889622324,0.39834863889622324,0.4346541217252436,0.4346541217252436,0.4346541217252436,C,qwen3.5-4b/responses/state_202/RGOCG8-50_8mm/DSUB_Male.json,0.10140809566138487,0.10140809566138487,0.10140809566138487,0.5092376932022445,0.5092376932022445,0.5092376932022445,-0.29694054323483837,-0.29694054323483837
qwen3.5:4b,state_202,USB_Male,USB_Male,DSUB_Male,DSUB_Male,False,False,False,C,../vlm_four_scene_20260925/raw/qwen3.5-4b/state_202/USB_Male/DSUB_Male.json,0.22835810239141624,0.22835810239141624,0.22835810239141624,0.5064152543970478,0.5064152543970478,0.5064152543970478,C,qwen3.5-4b/responses/state_202/USB_Male/DSUB_Male.json,0.2243250716937788,0.2243250716937788,0.2243250716937788,0.5234739884606792,0.5234739884606792,0.5234739884606792,-0.004033030697637441,-0.004033030697637441
qwen3.5:4b,state_202,DSUB_Male,DSUB_Male,DSUB_Male,DSUB_Male,True,True,False,A,../vlm_four_scene_20260925/raw/qwen3.5-4b/state_202/DSUB_Male/DSUB_Male.json,0.829964582890229,0.829964582890229,0.829964582890229,0.07849254364379638,0.07849254364379638,0.07849254364379638,A,qwen3.5-4b/responses/state_202/DSUB_Male/DSUB_Male.json,0.8609841496477156,0.8609841496477156,0.8609841496477156,0.05560795055209415,0.05560795055209415,0.05560795055209415,0.031019566757486627,0.031019566757486627
qwen3.5:4b,state_303,Gear_Large,gear,Gear_Large,gear,True,True,False,A,../vlm_four_scene_20260925/raw/qwen3.5-4b/state_303/Gear_Large/Gear_Large.json,0.6737596429396018,0.6737596429396018,0.6737596429396018,0.12094321406536913,0.12094321406536913,0.12094321406536913,A,qwen3.5-4b/responses/state_303/Gear_Large/Gear_Large.json,0.9006081215441512,0.9006081215441512,0.9006081215441512,0.04552033940146919,0.04552033940146919,0.04552033940146919,0.22684847860454938,0.22684847860454938
qwen3.5:4b,state_303,Gear_Medium,gear,Gear_Large,gear,True,False,False,A,../vlm_four_scene_20260925/raw/qwen3.5-4b/state_303/Gear_Medium/Gear_Large.json,0.6722821015334302,0.6722821015334302,0.6722821015334302,0.12880699658275455,0.12880699658275455,0.12880699658275455,A,qwen3.5-4b/responses/state_303/Gear_Medium/Gear_Large.json,0.9006081215441512,0.9006081215441512,0.9006081215441512,0.04552033940146919,0.04552033940146919,0.04552033940146919,0.228326020010721,0.228326020010721
qwen3.5:4b,state_303,Gear_Small,gear,Gear_Large,gear,True,False,False,A,../vlm_four_scene_20260925/raw/qwen3.5-4b/state_303/Gear_Small/Gear_Large.json,0.6482561194131786,0.6482561194131786,0.6482561194131786,0.14311473820360385,0.14311473820360385,0.14311473820360385,A,qwen3.5-4b/responses/state_303/Gear_Small/Gear_Large.json,0.9006081215441512,0.9006081215441512,0.9006081215441512,0.04552033940146919,0.04552033940146919,0.04552033940146919,0.25235200213097253,0.25235200213097253
qwen3.5:4b,state_303,Waterproof_Male,Waterproof_Male,Gear_Large,gear,False,False,False,B,../vlm_four_scene_20260925/raw/qwen3.5-4b/state_303/Waterproof_Male/Gear_Large.json,0.048698891152421625,0.048698891152421625,0.048698891152421625,0.44386219469774474,0.44386219469774474,0.44386219469774474,C,qwen3.5-4b/responses/state_303/Waterproof_Male/Gear_Large.json,0.0735351475676656,0.0735351475676656,0.0735351475676656,0.6000027833618145,0.6000027833618145,0.6000027833618145,0.02483625641524398,0.02483625641524398
qwen3.5:4b,state_303,M12_Hex_Nut,hex_nut,Gear_Large,gear,False,False,False,C,../vlm_four_scene_20260925/raw/qwen3.5-4b/state_303/M12_Hex_Nut/Gear_Large.json,0.0490199128419355,0.0490199128419355,0.0490199128419355,0.6557665451465986,0.6557665451465986,0.6557665451465986,B,qwen3.5-4b/responses/state_303/M12_Hex_Nut/Gear_Large.json,0.04577875039175475,0.04577875039175475,0.04577875039175475,0.2394443662708274,0.2394443662708274,0.2394443662708274,-0.0032411624501807526,-0.0032411624501807526
qwen3.5:4b,state_303,M16_Hex_Nut,hex_nut,Gear_Large,gear,False,False,False,C,../vlm_four_scene_20260925/raw/qwen3.5-4b/state_303/M16_Hex_Nut/Gear_Large.json,0.09023875158775879,0.09023875158775879,0.09023875158775879,0.6842572786289216,0.6842572786289216,0.6842572786289216,B,qwen3.5-4b/responses/state_303/M16_Hex_Nut/Gear_Large.json,0.04577875039175475,0.04577875039175475,0.04577875039175475,0.2394443662708274,0.2394443662708274,0.2394443662708274,-0.044460001196004045,-0.044460001196004045
qwen3.5:4b,state_303,RGOCG16-50_16mm,round_pin,Gear_Large,gear,False,False,False,C,../vlm_four_scene_20260925/raw/qwen3.5-4b/state_303/RGOCG16-50_16mm/Gear_Large.json,0.22047191885349196,0.22047191885349196,0.22047191885349196,0.4007465771142867,0.4007465771142867,0.4007465771142867,C,qwen3.5-4b/responses/state_303/RGOCG16-50_16mm/Gear_Large.json,0.0428051311170195,0.0428051311170195,0.0428051311170195,0.779778122054355,0.779778122054355,0.779778122054355,-0.17766678773647246,-0.17766678773647246
qwen3.5:4b,state_303,RGOCG12-50_12mm,round_pin,Gear_Large,gear,False,False,False,C,../vlm_four_scene_20260925/raw/qwen3.5-4b/state_303/RGOCG12-50_12mm/Gear_Large.json,0.18821482904984765,0.18821482904984765,0.18821482904984765,0.4970181437630374,0.4970181437630374,0.4970181437630374,C,qwen3.5-4b/responses/state_303/RGOCG12-50_12mm/Gear_Large.json,0.0428051311170195,0.0428051311170195,0.0428051311170195,0.779778122054355,0.779778122054355,0.779778122054355,-0.14540969793282815,-0.14540969793282815
qwen3.5:4b,state_303,RGOCG8-50_8mm,round_pin,Gear_Large,gear,False,False,False,C,../vlm_four_scene_20260925/raw/qwen3.5-4b/state_303/RGOCG8-50_8mm/Gear_Large.json,0.21183121542119265,0.21183121542119265,0.21183121542119265,0.558384112396514,0.558384112396514,0.558384112396514,C,qwen3.5-4b/responses/state_303/RGOCG8-50_8mm/Gear_Large.json,0.0428051311170195,0.0428051311170195,0.0428051311170195,0.779778122054355,0.779778122054355,0.779778122054355,-0.16902608430417315,-0.16902608430417315
qwen3.5:4b,state_303,USB_Male,USB_Male,Gear_Large,gear,False,False,False,C,../vlm_four_scene_20260925/raw/qwen3.5-4b/state_303/USB_Male/Gear_Large.json,0.03399732135113374,0.03399732135113374,0.03399732135113374,0.7805079185676375,0.7805079185676375,0.7805079185676375,C,qwen3.5-4b/responses/state_303/USB_Male/Gear_Large.json,0.017687706893392826,0.017687706893392826,0.017687706893392826,0.8998459003875808,0.8998459003875808,0.8998459003875808,-0.01630961445774091,-0.01630961445774091
qwen3.5:4b,state_303,DSUB_Male,DSUB_Male,Gear_Large,gear,False,False,False,C,../vlm_four_scene_20260925/raw/qwen3.5-4b/state_303/DSUB_Male/Gear_Large.json,0.08695757783281345,0.08695757783281345,0.08695757783281345,0.6535247553010783,0.6535247553010783,0.6535247553010783,C,qwen3.5-4b/responses/state_303/DSUB_Male/Gear_Large.json,0.027706660082543317,0.027706660082543317,0.027706660082543317,0.9274508936440118,0.9274508936440118,0.9274508936440118,-0.05925091775027014,-0.05925091775027014
qwen3.5:4b,state_303,Gear_Large,gear,Gear_Medium,gear,True,False,False,A,../vlm_four_scene_20260925/raw/qwen3.5-4b/state_303/Gear_Large/Gear_Medium.json,0.9043536163776351,0.9043536163776351,0.9043536163776351,0.046970953914529066,0.046970953914529066,0.046970953914529066,A,qwen3.5-4b/responses/state_303/Gear_Large/Gear_Medium.json,0.910477399342678,0.910477399342678,0.910477399342678,0.049096781707980354,0.049096781707980354,0.049096781707980354,0.006123782965042901,0.006123782965042901
qwen3.5:4b,state_303,Gear_Medium,gear,Gear_Medium,gear,True,True,False,A,../vlm_four_scene_20260925/raw/qwen3.5-4b/state_303/Gear_Medium/Gear_Medium.json,0.8870468737447404,0.8870468737447404,0.8870468737447404,0.061682506150943194,0.061682506150943194,0.061682506150943194,A,qwen3.5-4b/responses/state_303/Gear_Medium/Gear_Medium.json,0.910477399342678,0.910477399342678,0.910477399342678,0.049096781707980354,0.049096781707980354,0.049096781707980354,0.023430525597937568,0.023430525597937568
qwen3.5:4b,state_303,Gear_Small,gear,Gear_Medium,gear,True,False,False,A,../vlm_four_scene_20260925/raw/qwen3.5-4b/state_303/Gear_Small/Gear_Medium.json,0.8644474206563604,0.8644474206563604,0.8644474206563604,0.06574874022269032,0.06574874022269032,0.06574874022269032,A,qwen3.5-4b/responses/state_303/Gear_Small/Gear_Medium.json,0.910477399342678,0.910477399342678,0.910477399342678,0.049096781707980354,0.049096781707980354,0.049096781707980354,0.04602997868631764,0.04602997868631764
qwen3.5:4b,state_303,Waterproof_Male,Waterproof_Male,Gear_Medium,gear,False,False,False,B,../vlm_four_scene_20260925/raw/qwen3.5-4b/state_303/Waterproof_Male/Gear_Medium.json,0.03324114365212383,0.03324114365212383,0.03324114365212383,0.37380528960885,0.37380528960885,0.37380528960885,C,qwen3.5-4b/responses/state_303/Waterproof_Male/Gear_Medium.json,0.09252358441041285,0.09252358441041285,0.09252358441041285,0.628112976429093,0.628112976429093,0.628112976429093,0.05928244075828902,0.05928244075828902
qwen3.5:4b,state_303,M12_Hex_Nut,hex_nut,Gear_Medium,gear,False,False,False,B,../vlm_four_scene_20260925/raw/qwen3.5-4b/state_303/M12_Hex_Nut/Gear_Medium.json,0.03689263232262234,0.03689263232262234,0.03689263232262234,0.17799368210194452,0.17799368210194452,0.17799368210194452,B,qwen3.5-4b/responses/state_303/M12_Hex_Nut/Gear_Medium.json,0.035113688193358944,0.035113688193358944,0.035113688193358944,0.14837229913877162,0.14837229913877162,0.14837229913877162,-0.0017789441292633962,-0.0017789441292633962
qwen3.5:4b,state_303,M16_Hex_Nut,hex_nut,Gear_Medium,gear,False,False,False,B,../vlm_four_scene_20260925/raw/qwen3.5-4b/state_303/M16_Hex_Nut/Gear_Medium.json,0.032331159185795766,0.032331159185795766,0.032331159185795766,0.3146323409462069,0.3146323409462069,0.3146323409462069,B,qwen3.5-4b/responses/state_303/M16_Hex_Nut/Gear_Medium.json,0.035113688193358944,0.035113688193358944,0.035113688193358944,0.14837229913877162,0.14837229913877162,0.14837229913877162,0.002782529007563178,0.002782529007563178
qwen3.5:4b,state_303,RGOCG16-50_16mm,round_pin,Gear_Medium,gear,False,False,False,B,../vlm_four_scene_20260925/raw/qwen3.5-4b/state_303/RGOCG16-50_16mm/Gear_Medium.json,0.06033752834481669,0.06033752834481669,0.06033752834481669,0.4629586300227848,0.4629586300227848,0.4629586300227848,C,qwen3.5-4b/responses/state_303/RGOCG16-50_16mm/Gear_Medium.json,0.04860488871641073,0.04860488871641073,0.04860488871641073,0.543663445963099,0.543663445963099,0.543663445963099,-0.011732639628405962,-0.011732639628405962
qwen3.5:4b,state_303,RGOCG12-50_12mm,round_pin,Gear_Medium,gear,False,False,False,C,../vlm_four_scene_20260925/raw/qwen3.5-4b/state_303/RGOCG12-50_12mm/Gear_Medium.json,0.10254577122190112,0.10254577122190112,0.10254577122190112,0.5823192530750728,0.5823192530750728,0.5823192530750728,C,qwen3.5-4b/responses/state_303/RGOCG12-50_12mm/Gear_Medium.json,0.04860488871641073,0.04860488871641073,0.04860488871641073,0.543663445963099,0.543663445963099,0.543663445963099,-0.05394088250549039,-0.05394088250549039
qwen3.5:4b,state_303,RGOCG8-50_8mm,round_pin,Gear_Medium,gear,False,False,False,C,../vlm_four_scene_20260925/raw/qwen3.5-4b/state_303/RGOCG8-50_8mm/Gear_Medium.json,0.11825271099481907,0.11825271099481907,0.11825271099481907,0.5214391241507247,0.5214391241507247,0.5214391241507247,C,qwen3.5-4b/responses/state_303/RGOCG8-50_8mm/Gear_Medium.json,0.04860488871641073,0.04860488871641073,0.04860488871641073,0.543663445963099,0.543663445963099,0.543663445963099,-0.06964782227840835,-0.06964782227840835
qwen3.5:4b,state_303,USB_Male,USB_Male,Gear_Medium,gear,False,False,False,C,../vlm_four_scene_20260925/raw/qwen3.5-4b/state_303/USB_Male/Gear_Medium.json,0.021667722004648757,0.021667722004648757,0.021667722004648757,0.7258601717129458,0.7258601717129458,0.7258601717129458,C,qwen3.5-4b/responses/state_303/USB_Male/Gear_Medium.json,0.011069671162962695,0.011069671162962695,0.011069671162962695,0.873208701997742,0.873208701997742,0.873208701997742,-0.010598050841686062,-0.010598050841686062
qwen3.5:4b,state_303,DSUB_Male,DSUB_Male,Gear_Medium,gear,False,False,False,C,../vlm_four_scene_20260925/raw/qwen3.5-4b/state_303/DSUB_Male/Gear_Medium.json,0.0420582088570887,0.0420582088570887,0.0420582088570887,0.5896239230922142,0.5896239230922142,0.5896239230922142,C,qwen3.5-4b/responses/state_303/DSUB_Male/Gear_Medium.json,0.02583722229491106,0.02583722229491106,0.02583722229491106,0.8635103141719646,0.8635103141719646,0.8635103141719646,-0.016220986562177638,-0.016220986562177638
qwen3.5:4b,state_303,Gear_Large,gear,Gear_Small,gear,True,False,False,A,../vlm_four_scene_20260925/raw/qwen3.5-4b/state_303/Gear_Large/Gear_Small.json,0.6767629363036555,0.6767629363036555,0.6767629363036555,0.22416246130933185,0.22416246130933185,0.22416246130933185,A,qwen3.5-4b/responses/state_303/Gear_Large/Gear_Small.json,0.9051365286404947,0.9051365286404947,0.9051365286404947,0.056796346824723995,0.056796346824723995,0.056796346824723995,0.22837359233683918,0.22837359233683918
qwen3.5:4b,state_303,Gear_Medium,gear,Gear_Small,gear,True,False,False,A,../vlm_four_scene_20260925/raw/qwen3.5-4b/state_303/Gear_Medium/Gear_Small.json,0.6349708494537268,0.6349708494537268,0.6349708494537268,0.27436260219980574,0.27436260219980574,0.27436260219980574,A,qwen3.5-4b/responses/state_303/Gear_Medium/Gear_Small.json,0.9051365286404947,0.9051365286404947,0.9051365286404947,0.056796346824723995,0.056796346824723995,0.056796346824723995,0.2701656791867678,0.2701656791867678
qwen3.5:4b,state_303,Gear_Small,gear,Gear_Small,gear,True,True,False,A,../vlm_four_scene_20260925/raw/qwen3.5-4b/state_303/Gear_Small/Gear_Small.json,0.6176970610405126,0.6176970610405126,0.6176970610405126,0.2708418591953988,0.2708418591953988,0.2708418591953988,A,qwen3.5-4b/responses/state_303/Gear_Small/Gear_Small.json,0.9051365286404947,0.9051365286404947,0.9051365286404947,0.056796346824723995,0.056796346824723995,0.056796346824723995,0.28743946759998207,0.28743946759998207
qwen3.5:4b,state_303,Waterproof_Male,Waterproof_Male,Gear_Small,gear,False,False,False,C,../vlm_four_scene_20260925/raw/qwen3.5-4b/state_303/Waterproof_Male/Gear_Small.json,0.10630769078834039,0.10630769078834039,0.10630769078834039,0.7807502189494722,0.7807502189494722,0.7807502189494722,A,qwen3.5-4b/responses/state_303/Waterproof_Male/Gear_Small.json,0.40690061475400924,0.40690061475400924,0.40690061475400924,0.39813263227778345,0.39813263227778345,0.39813263227778345,0.30059292396566883,0.30059292396566883
qwen3.5:4b,state_303,M12_Hex_Nut,hex_nut,Gear_Small,gear,False,False,False,C,../vlm_four_scene_20260925/raw/qwen3.5-4b/state_303/M12_Hex_Nut/Gear_Small.json,0.1861163298712371,0.1861163298712371,0.1861163298712371,0.6881457069207242,0.6881457069207242,0.6881457069207242,B,qwen3.5-4b/responses/state_303/M12_Hex_Nut/Gear_Small.json,0.09915512589722053,0.09915512589722053,0.09915512589722053,0.3505178040474266,0.3505178040474266,0.3505178040474266,-0.08696120397401658,-0.08696120397401658
qwen3.5:4b,state_303,M16_Hex_Nut,hex_nut,Gear_Small,gear,False,False,False,C,../vlm_four_scene_20260925/raw/qwen3.5-4b/state_303/M16_Hex_Nut/Gear_Small.json,0.17805898340339263,0.17805898340339263,0.17805898340339263,0.6863858639502135,0.6863858639502135,0.6863858639502135,B,qwen3.5-4b/responses/state_303/M16_Hex_Nut/Gear_Small.json,0.09915512589722053,0.09915512589722053,0.09915512589722053,0.3505178040474266,0.3505178040474266,0.3505178040474266,-0.0789038575061721,-0.0789038575061721
qwen3.5:4b,state_303,RGOCG16-50_16mm,round_pin,Gear_Small,gear,False,False,False,C,../vlm_four_scene_20260925/raw/qwen3.5-4b/state_303/RGOCG16-50_16mm/Gear_Small.json,0.17491770472531024,0.17491770472531024,0.17491770472531024,0.6953928375793642,0.6953928375793642,0.6953928375793642,C,qwen3.5-4b/responses/state_303/RGOCG16-50_16mm/Gear_Small.json,0.09101270451270128,0.09101270451270128,0.09101270451270128,0.6813095745421456,0.6813095745421456,0.6813095745421456,-0.08390500021260895,-0.08390500021260895
qwen3.5:4b,state_303,RGOCG12-50_12mm,round_pin,Gear_Small,gear,False,False,False,C,../vlm_four_scene_20260925/raw/qwen3.5-4b/state_303/RGOCG12-50_12mm/Gear_Small.json,0.18728749068903527,0.18728749068903527,0.18728749068903527,0.7060543358409183,0.7060543358409183,0.7060543358409183,C,qwen3.5-4b/responses/state_303/RGOCG12-50_12mm/Gear_Small.json,0.09101270451270128,0.09101270451270128,0.09101270451270128,0.6813095745421456,0.6813095745421456,0.6813095745421456,-0.09627478617633399,-0.09627478617633399
qwen3.5:4b,state_303,RGOCG8-50_8mm,round_pin,Gear_Small,gear,False,False,False,C,../vlm_four_scene_20260925/raw/qwen3.5-4b/state_303/RGOCG8-50_8mm/Gear_Small.json,0.24604147062093085,0.24604147062093085,0.24604147062093085,0.6493763830192432,0.6493763830192432,0.6493763830192432,C,qwen3.5-4b/responses/state_303/RGOCG8-50_8mm/Gear_Small.json,0.09101270451270128,0.09101270451270128,0.09101270451270128,0.6813095745421456,0.6813095745421456,0.6813095745421456,-0.15502876610822958,-0.15502876610822958
qwen3.5:4b,state_303,USB_Male,USB_Male,Gear_Small,gear,False,False,False,C,../vlm_four_scene_20260925/raw/qwen3.5-4b/state_303/USB_Male/Gear_Small.json,0.05232504296595431,0.05232504296595431,0.05232504296595431,0.8828984506655781,0.8828984506655781,0.8828984506655781,C,qwen3.5-4b/responses/state_303/USB_Male/Gear_Small.json,0.029814202222532907,0.029814202222532907,0.029814202222532907,0.8854722412021908,0.8854722412021908,0.8854722412021908,-0.022510840743421405,-0.022510840743421405
qwen3.5:4b,state_303,DSUB_Male,DSUB_Male,Gear_Small,gear,False,False,False,C,../vlm_four_scene_20260925/raw/qwen3.5-4b/state_303/DSUB_Male/Gear_Small.json,0.16108381496791715,0.16108381496791715,0.16108381496791715,0.753152716987251,0.753152716987251,0.753152716987251,C,qwen3.5-4b/responses/state_303/DSUB_Male/Gear_Small.json,0.06892396891273302,0.06892396891273302,0.06892396891273302,0.877608899786765,0.877608899786765,0.877608899786765,-0.09215984605518414,-0.09215984605518414
qwen3.5:4b,state_303,Gear_Large,gear,Waterproof_Male,Waterproof_Male,False,False,False,C,../vlm_four_scene_20260925/raw/qwen3.5-4b/state_303/Gear_Large/Waterproof_Male.json,0.12786925790512788,0.12786925790512788,0.12786925790512788,0.5813181371600912,0.5813181371600912,0.5813181371600912,C,qwen3.5-4b/responses/state_303/Gear_Large/Waterproof_Male.json,0.06843201091833992,0.06843201091833992,0.06843201091833992,0.6407993390455832,0.6407993390455832,0.6407993390455832,-0.059437246986787956,-0.059437246986787956
qwen3.5:4b,state_303,Gear_Medium,gear,Waterproof_Male,Waterproof_Male,False,False,False,C,../vlm_four_scene_20260925/raw/qwen3.5-4b/state_303/Gear_Medium/Waterproof_Male.json,0.09887436856541296,0.09887436856541296,0.09887436856541296,0.7113444176784847,0.7113444176784847,0.7113444176784847,C,qwen3.5-4b/responses/state_303/Gear_Medium/Waterproof_Male.json,0.06843201091833992,0.06843201091833992,0.06843201091833992,0.6407993390455832,0.6407993390455832,0.6407993390455832,-0.030442357647073037,-0.030442357647073037
qwen3.5:4b,state_303,Gear_Small,gear,Waterproof_Male,Waterproof_Male,False,False,False,C,../vlm_four_scene_20260925/raw/qwen3.5-4b/state_303/Gear_Small/Waterproof_Male.json,0.10842243801281926,0.10842243801281926,0.10842243801281926,0.6185085199295507,0.6185085199295507,0.6185085199295507,C,qwen3.5-4b/responses/state_303/Gear_Small/Waterproof_Male.json,0.06843201091833992,0.06843201091833992,0.06843201091833992,0.6407993390455832,0.6407993390455832,0.6407993390455832,-0.039990427094479336,-0.039990427094479336
qwen3.5:4b,state_303,Waterproof_Male,Waterproof_Male,Waterproof_Male,Waterproof_Male,True,True,False,A,../vlm_four_scene_20260925/raw/qwen3.5-4b/state_303/Waterproof_Male/Waterproof_Male.json,0.7909752104943765,0.7909752104943765,0.7909752104943765,0.09018341151094333,0.09018341151094333,0.09018341151094333,A,qwen3.5-4b/responses/state_303/Waterproof_Male/Waterproof_Male.json,0.7903996166278365,0.7903996166278365,0.7903996166278365,0.10325613586812385,0.10325613586812385,0.10325613586812385,-0.0005755938665399363,-0.0005755938665399363
qwen3.5:4b,state_303,M12_Hex_Nut,hex_nut,Waterproof_Male,Waterproof_Male,False,False,False,C,../vlm_four_scene_20260925/raw/qwen3.5-4b/state_303/M12_Hex_Nut/Waterproof_Male.json,0.0658317955811658,0.0658317955811658,0.0658317955811658,0.5625065559505548,0.5625065559505548,0.5625065559505548,C,qwen3.5-4b/responses/state_303/M12_Hex_Nut/Waterproof_Male.json,0.049919132585304074,0.049919132585304074,0.049919132585304074,0.7038507432779368,0.7038507432779368,0.7038507432779368,-0.01591266299586172,-0.01591266299586172
qwen3.5:4b,state_303,M16_Hex_Nut,hex_nut,Waterproof_Male,Waterproof_Male,False,False,False,C,../vlm_four_scene_20260925/raw/qwen3.5-4b/state_303/M16_Hex_Nut/Waterproof_Male.json,0.07495377177313403,0.07495377177313403,0.07495377177313403,0.6923003705230083,0.6923003705230083,0.6923003705230083,C,qwen3.5-4b/responses/state_303/M16_Hex_Nut/Waterproof_Male.json,0.049919132585304074,0.049919132585304074,0.049919132585304074,0.7038507432779368,0.7038507432779368,0.7038507432779368,-0.025034639187829957,-0.025034639187829957
qwen3.5:4b,state_303,RGOCG16-50_16mm,round_pin,Waterproof_Male,Waterproof_Male,False,False,False,C,../vlm_four_scene_20260925/raw/qwen3.5-4b/state_303/RGOCG16-50_16mm/Waterproof_Male.json,0.13443890231128325,0.13443890231128325,0.13443890231128325,0.6881405183302127,0.6881405183302127,0.6881405183302127,C,qwen3.5-4b/responses/state_303/RGOCG16-50_16mm/Waterproof_Male.json,0.0498972978366899,0.0498972978366899,0.0498972978366899,0.7036529218026452,0.7036529218026452,0.7036529218026452,-0.08454160447459336,-0.08454160447459336
qwen3.5:4b,state_303,RGOCG12-50_12mm,round_pin,Waterproof_Male,Waterproof_Male,False,False,False,C,../vlm_four_scene_20260925/raw/qwen3.5-4b/state_303/RGOCG12-50_12mm/Waterproof_Male.json,0.1599322563087249,0.1599322563087249,0.1599322563087249,0.6502143048425207,0.6502143048425207,0.6502143048425207,C,qwen3.5-4b/responses/state_303/RGOCG12-50_12mm/Waterproof_Male.json,0.0498972978366899,0.0498972978366899,0.0498972978366899,0.7036529218026452,0.7036529218026452,0.7036529218026452,-0.11003495847203501,-0.11003495847203501
qwen3.5:4b,state_303,RGOCG8-50_8mm,round_pin,Waterproof_Male,Waterproof_Male,False,False,False,C,../vlm_four_scene_20260925/raw/qwen3.5-4b/state_303/RGOCG8-50_8mm/Waterproof_Male.json,0.16493378883096785,0.16493378883096785,0.16493378883096785,0.6765038330575173,0.6765038330575173,0.6765038330575173,C,qwen3.5-4b/responses/state_303/RGOCG8-50_8mm/Waterproof_Male.json,0.0498972978366899,0.0498972978366899,0.0498972978366899,0.7036529218026452,0.7036529218026452,0.7036529218026452,-0.11503649099427796,-0.11503649099427796
qwen3.5:4b,state_303,USB_Male,USB_Male,Waterproof_Male,Waterproof_Male,False,False,False,C,../vlm_four_scene_20260925/raw/qwen3.5-4b/state_303/USB_Male/Waterproof_Male.json,0.12591837722318092,0.12591837722318092,0.12591837722318092,0.6427214190510728,0.6427214190510728,0.6427214190510728,C,qwen3.5-4b/responses/state_303/USB_Male/Waterproof_Male.json,0.10469433276299295,0.10469433276299295,0.10469433276299295,0.5715427496116967,0.5715427496116967,0.5715427496116967,-0.02122404446018797,-0.02122404446018797
qwen3.5:4b,state_303,DSUB_Male,DSUB_Male,Waterproof_Male,Waterproof_Male,False,False,False,C,../vlm_four_scene_20260925/raw/qwen3.5-4b/state_303/DSUB_Male/Waterproof_Male.json,0.2575741351844294,0.2575741351844294,0.2575741351844294,0.5663964856619862,0.5663964856619862,0.5663964856619862,C,qwen3.5-4b/responses/state_303/DSUB_Male/Waterproof_Male.json,0.25599482192526224,0.25599482192526224,0.25599482192526224,0.41256075292354016,0.41256075292354016,0.41256075292354016,-0.0015793132591671588,-0.0015793132591671588
qwen3.5:4b,state_303,Gear_Large,gear,M12_Hex_Nut,hex_nut,False,False,False,A,../vlm_four_scene_20260925/raw/qwen3.5-4b/state_303/Gear_Large/M12_Hex_Nut.json,0.5054016114729819,0.5054016114729819,0.5054016114729819,0.4136841244747376,0.4136841244747376,0.4136841244747376,A,qwen3.5-4b/responses/state_303/Gear_Large/M12_Hex_Nut.json,0.7777361922672602,0.7777361922672602,0.7777361922672602,0.1445645753359793,0.1445645753359793,0.1445645753359793,0.2723345807942783,0.2723345807942783
qwen3.5:4b,state_303,Gear_Medium,gear,M12_Hex_Nut,hex_nut,False,False,False,C,../vlm_four_scene_20260925/raw/qwen3.5-4b/state_303/Gear_Medium/M12_Hex_Nut.json,0.3981844157142091,0.3981844157142091,0.3981844157142091,0.5390128405990562,0.5390128405990562,0.5390128405990562,A,qwen3.5-4b/responses/state_303/Gear_Medium/M12_Hex_Nut.json,0.7777361922672602,0.7777361922672602,0.7777361922672602,0.1445645753359793,0.1445645753359793,0.1445645753359793,0.3795517765530511,0.3795517765530511
qwen3.5:4b,state_303,Gear_Small,gear,M12_Hex_Nut,hex_nut,False,False,False,A,../vlm_four_scene_20260925/raw/qwen3.5-4b/state_303/Gear_Small/M12_Hex_Nut.json,0.47092473171062565,0.47092473171062565,0.47092473171062565,0.44293407587102734,0.44293407587102734,0.44293407587102734,A,qwen3.5-4b/responses/state_303/Gear_Small/M12_Hex_Nut.json,0.7777361922672602,0.7777361922672602,0.7777361922672602,0.1445645753359793,0.1445645753359793,0.1445645753359793,0.30681146055663455,0.30681146055663455
qwen3.5:4b,state_303,Waterproof_Male,Waterproof_Male,M12_Hex_Nut,hex_nut,False,False,False,A,../vlm_four_scene_20260925/raw/qwen3.5-4b/state_303/Waterproof_Male/M12_Hex_Nut.json,0.5257204028082434,0.5257204028082434,0.5257204028082434,0.3664678003060758,0.3664678003060758,0.3664678003060758,A,qwen3.5-4b/responses/state_303/Waterproof_Male/M12_Hex_Nut.json,0.6747255410245753,0.6747255410245753,0.6747255410245753,0.19282600856969773,0.19282600856969773,0.19282600856969773,0.14900513821633188,0.14900513821633188
qwen3.5:4b,state_303,M12_Hex_Nut,hex_nut,M12_Hex_Nut,hex_nut,True,True,False,C,../vlm_four_scene_20260925/raw/qwen3.5-4b/state_303/M12_Hex_Nut/M12_Hex_Nut.json,0.3738367287608314,0.3738367287608314,0.3738367287608314,0.5531116870884096,0.5531116870884096,0.5531116870884096,A,qwen3.5-4b/responses/state_303/M12_Hex_Nut/M12_Hex_Nut.json,0.40766642489384375,0.40766642489384375,0.40766642489384375,0.3706241862863252,0.3706241862863252,0.3706241862863252,0.033829696133012344,0.033829696133012344
qwen3.5:4b,state_303,M16_Hex_Nut,hex_nut,M12_Hex_Nut,hex_nut,True,False,False,A,../vlm_four_scene_20260925/raw/qwen3.5-4b/state_303/M16_Hex_Nut/M12_Hex_Nut.json,0.5321689700870306,0.5321689700870306,0.5321689700870306,0.3762682371011661,0.3762682371011661,0.3762682371011661,A,qwen3.5-4b/responses/state_303/M16_Hex_Nut/M12_Hex_Nut.json,0.40766642489384375,0.40766642489384375,0.40766642489384375,0.3706241862863252,0.3706241862863252,0.3706241862863252,-0.12450254519318682,-0.12450254519318682
qwen3.5:4b,state_303,RGOCG16-50_16mm,round_pin,M12_Hex_Nut,hex_nut,False,False,False,C,../vlm_four_scene_20260925/raw/qwen3.5-4b/state_303/RGOCG16-50_16mm/M12_Hex_Nut.json,0.42746180001177536,0.42746180001177536,0.42746180001177536,0.4608495731788038,0.4608495731788038,0.4608495731788038,C,qwen3.5-4b/responses/state_303/RGOCG16-50_16mm/M12_Hex_Nut.json,0.3803425328178261,0.3803425328178261,0.3803425328178261,0.46082411032774456,0.46082411032774456,0.46082411032774456,-0.047119267193949266,-0.047119267193949266
qwen3.5:4b,state_303,RGOCG12-50_12mm,round_pin,M12_Hex_Nut,hex_nut,False,False,False,C,../vlm_four_scene_20260925/raw/qwen3.5-4b/state_303/RGOCG12-50_12mm/M12_Hex_Nut.json,0.3393276601810779,0.3393276601810779,0.3393276601810779,0.546091602140401,0.546091602140401,0.546091602140401,C,qwen3.5-4b/responses/state_303/RGOCG12-50_12mm/M12_Hex_Nut.json,0.3803425328178261,0.3803425328178261,0.3803425328178261,0.46082411032774456,0.46082411032774456,0.46082411032774456,0.04101487263674819,0.04101487263674819
qwen3.5:4b,state_303,RGOCG8-50_8mm,round_pin,M12_Hex_Nut,hex_nut,False,False,False,C,../vlm_four_scene_20260925/raw/qwen3.5-4b/state_303/RGOCG8-50_8mm/M12_Hex_Nut.json,0.3387734490211888,0.3387734490211888,0.3387734490211888,0.5662231553010091,0.5662231553010091,0.5662231553010091,C,qwen3.5-4b/responses/state_303/RGOCG8-50_8mm/M12_Hex_Nut.json,0.3803425328178261,0.3803425328178261,0.3803425328178261,0.46082411032774456,0.46082411032774456,0.46082411032774456,0.04156908379663732,0.04156908379663732
qwen3.5:4b,state_303,USB_Male,USB_Male,M12_Hex_Nut,hex_nut,False,False,False,C,../vlm_four_scene_20260925/raw/qwen3.5-4b/state_303/USB_Male/M12_Hex_Nut.json,0.21526523062440098,0.21526523062440098,0.21526523062440098,0.7063918679937455,0.7063918679937455,0.7063918679937455,C,qwen3.5-4b/responses/state_303/USB_Male/M12_Hex_Nut.json,0.1186682524721499,0.1186682524721499,0.1186682524721499,0.7055502008805465,0.7055502008805465,0.7055502008805465,-0.09659697815225107,-0.09659697815225107
qwen3.5:4b,state_303,DSUB_Male,DSUB_Male,M12_Hex_Nut,hex_nut,False,False,False,C,../vlm_four_scene_20260925/raw/qwen3.5-4b/state_303/DSUB_Male/M12_Hex_Nut.json,0.31467476433367436,0.31467476433367436,0.31467476433367436,0.58374893071179,0.58374893071179,0.58374893071179,A,qwen3.5-4b/responses/state_303/DSUB_Male/M12_Hex_Nut.json,0.5090368874543523,0.5090368874543523,0.5090368874543523,0.32442250658990496,0.32442250658990496,0.32442250658990496,0.1943621231206779,0.1943621231206779
qwen3.5:4b,state_303,Gear_Large,gear,M16_Hex_Nut,hex_nut,False,False,False,A,../vlm_four_scene_20260925/raw/qwen3.5-4b/state_303/Gear_Large/M16_Hex_Nut.json,0.4532645556316705,0.4532645556316705,0.4532645556316705,0.4419142486213498,0.4419142486213498,0.4419142486213498,A,qwen3.5-4b/responses/state_303/Gear_Large/M16_Hex_Nut.json,0.6778563792262631,0.6778563792262631,0.6778563792262631,0.18912714326211452,0.18912714326211452,0.18912714326211452,0.22459182359459257,0.22459182359459257
qwen3.5:4b,state_303,Gear_Medium,gear,M16_Hex_Nut,hex_nut,False,False,False,C,../vlm_four_scene_20260925/raw/qwen3.5-4b/state_303/Gear_Medium/M16_Hex_Nut.json,0.29795159124025666,0.29795159124025666,0.29795159124025666,0.6318786220906525,0.6318786220906525,0.6318786220906525,A,qwen3.5-4b/responses/state_303/Gear_Medium/M16_Hex_Nut.json,0.6778563792262631,0.6778563792262631,0.6778563792262631,0.18912714326211452,0.18912714326211452,0.18912714326211452,0.3799047879860064,0.3799047879860064
qwen3.5:4b,state_303,Gear_Small,gear,M16_Hex_Nut,hex_nut,False,False,False,C,../vlm_four_scene_20260925/raw/qwen3.5-4b/state_303/Gear_Small/M16_Hex_Nut.json,0.4262001509102408,0.4262001509102408,0.4262001509102408,0.4651841869861194,0.4651841869861194,0.4651841869861194,A,qwen3.5-4b/responses/state_303/Gear_Small/M16_Hex_Nut.json,0.6778563792262631,0.6778563792262631,0.6778563792262631,0.18912714326211452,0.18912714326211452,0.18912714326211452,0.25165622831602225,0.25165622831602225
qwen3.5:4b,state_303,Waterproof_Male,Waterproof_Male,M16_Hex_Nut,hex_nut,False,False,False,C,../vlm_four_scene_20260925/raw/qwen3.5-4b/state_303/Waterproof_Male/M16_Hex_Nut.json,0.4344949239782766,0.4344949239782766,0.4344949239782766,0.4535352083837999,0.4535352083837999,0.4535352083837999,C,qwen3.5-4b/responses/state_303/Waterproof_Male/M16_Hex_Nut.json,0.3844855349807816,0.3844855349807816,0.3844855349807816,0.43809237498759374,0.43809237498759374,0.43809237498759374,-0.05000938899749502,-0.05000938899749502
qwen3.5:4b,state_303,M12_Hex_Nut,hex_nut,M16_Hex_Nut,hex_nut,True,False,False,C,../vlm_four_scene_20260925/raw/qwen3.5-4b/state_303/M12_Hex_Nut/M16_Hex_Nut.json,0.38057538148891146,0.38057538148891146,0.38057538148891146,0.49358636551366797,0.49358636551366797,0.49358636551366797,A,qwen3.5-4b/responses/state_303/M12_Hex_Nut/M16_Hex_Nut.json,0.42907376125035207,0.42907376125035207,0.42907376125035207,0.3050945135599933,0.3050945135599933,0.3050945135599933,0.04849837976144061,0.04849837976144061
qwen3.5:4b,state_303,M16_Hex_Nut,hex_nut,M16_Hex_Nut,hex_nut,True,True,False,C,../vlm_four_scene_20260925/raw/qwen3.5-4b/state_303/M16_Hex_Nut/M16_Hex_Nut.json,0.3918238605967813,0.3918238605967813,0.3918238605967813,0.5164405839377787,0.5164405839377787,0.5164405839377787,A,qwen3.5-4b/responses/state_303/M16_Hex_Nut/M16_Hex_Nut.json,0.42907376125035207,0.42907376125035207,0.42907376125035207,0.3050945135599933,0.3050945135599933,0.3050945135599933,0.037249900653570756,0.037249900653570756
qwen3.5:4b,state_303,RGOCG16-50_16mm,round_pin,M16_Hex_Nut,hex_nut,False,False,False,C,../vlm_four_scene_20260925/raw/qwen3.5-4b/state_303/RGOCG16-50_16mm/M16_Hex_Nut.json,0.34185905469918204,0.34185905469918204,0.34185905469918204,0.478900065553007,0.478900065553007,0.478900065553007,C,qwen3.5-4b/responses/state_303/RGOCG16-50_16mm/M16_Hex_Nut.json,0.19275779625599893,0.19275779625599893,0.19275779625599893,0.547886596305194,0.547886596305194,0.547886596305194,-0.14910125844318312,-0.14910125844318312
qwen3.5:4b,state_303,RGOCG12-50_12mm,round_pin,M16_Hex_Nut,hex_nut,False,False,False,C,../vlm_four_scene_20260925/raw/qwen3.5-4b/state_303/RGOCG12-50_12mm/M16_Hex_Nut.json,0.26849722417115346,0.26849722417115346,0.26849722417115346,0.5877105090293623,0.5877105090293623,0.5877105090293623,C,qwen3.5-4b/responses/state_303/RGOCG12-50_12mm/M16_Hex_Nut.json,0.19275779625599893,0.19275779625599893,0.19275779625599893,0.547886596305194,0.547886596305194,0.547886596305194,-0.07573942791515453,-0.07573942791515453
qwen3.5:4b,state_303,RGOCG8-50_8mm,round_pin,M16_Hex_Nut,hex_nut,False,False,False,C,../vlm_four_scene_20260925/raw/qwen3.5-4b/state_303/RGOCG8-50_8mm/M16_Hex_Nut.json,0.28524241830612085,0.28524241830612085,0.28524241830612085,0.5546167433524558,0.5546167433524558,0.5546167433524558,C,qwen3.5-4b/responses/state_303/RGOCG8-50_8mm/M16_Hex_Nut.json,0.19275779625599893,0.19275779625599893,0.19275779625599893,0.547886596305194,0.547886596305194,0.547886596305194,-0.09248462205012192,-0.09248462205012192
qwen3.5:4b,state_303,USB_Male,USB_Male,M16_Hex_Nut,hex_nut,False,False,False,C,../vlm_four_scene_20260925/raw/qwen3.5-4b/state_303/USB_Male/M16_Hex_Nut.json,0.09981529782102347,0.09981529782102347,0.09981529782102347,0.8125679471025212,0.8125679471025212,0.8125679471025212,C,qwen3.5-4b/responses/state_303/USB_Male/M16_Hex_Nut.json,0.055575875522287564,0.055575875522287564,0.055575875522287564,0.7640558389031893,0.7640558389031893,0.7640558389031893,-0.044239422298735905,-0.044239422298735905
qwen3.5:4b,state_303,DSUB_Male,DSUB_Male,M16_Hex_Nut,hex_nut,False,False,False,C,../vlm_four_scene_20260925/raw/qwen3.5-4b/state_303/DSUB_Male/M16_Hex_Nut.json,0.1917821699613307,0.1917821699613307,0.1917821699613307,0.666094477264629,0.666094477264629,0.666094477264629,C,qwen3.5-4b/responses/state_303/DSUB_Male/M16_Hex_Nut.json,0.19256395507836127,0.19256395507836127,0.19256395507836127,0.6388257748153683,0.6388257748153683,0.6388257748153683,0.000781785117030559,0.000781785117030559
qwen3.5:4b,state_303,Gear_Large,gear,RGOCG16-50_16mm,round_pin,False,False,False,C,../vlm_four_scene_20260925/raw/qwen3.5-4b/state_303/Gear_Large/RGOCG16-50_16mm.json,0.049055630421231455,0.049055630421231455,0.049055630421231455,0.863137127145246,0.863137127145246,0.863137127145246,C,qwen3.5-4b/responses/state_303/Gear_Large/RGOCG16-50_16mm.json,0.04422191477463313,0.04422191477463313,0.04422191477463313,0.8971136195909098,0.8971136195909098,0.8971136195909098,-0.004833715646598326,-0.004833715646598326
qwen3.5:4b,state_303,Gear_Medium,gear,RGOCG16-50_16mm,round_pin,False,False,False,C,../vlm_four_scene_20260925/raw/qwen3.5-4b/state_303/Gear_Medium/RGOCG16-50_16mm.json,0.047860410497474935,0.047860410497474935,0.047860410497474935,0.907646001049802,0.907646001049802,0.907646001049802,C,qwen3.5-4b/responses/state_303/Gear_Medium/RGOCG16-50_16mm.json,0.04422191477463313,0.04422191477463313,0.04422191477463313,0.8971136195909098,0.8971136195909098,0.8971136195909098,-0.0036384957228418058,-0.0036384957228418058
qwen3.5:4b,state_303,Gear_Small,gear,RGOCG16-50_16mm,round_pin,False,False,False,C,../vlm_four_scene_20260925/raw/qwen3.5-4b/state_303/Gear_Small/RGOCG16-50_16mm.json,0.042402863287589694,0.042402863287589694,0.042402863287589694,0.8987107283767506,0.8987107283767506,0.8987107283767506,C,qwen3.5-4b/responses/state_303/Gear_Small/RGOCG16-50_16mm.json,0.04422191477463313,0.04422191477463313,0.04422191477463313,0.8971136195909098,0.8971136195909098,0.8971136195909098,0.0018190514870434354,0.0018190514870434354
qwen3.5:4b,state_303,Waterproof_Male,Waterproof_Male,RGOCG16-50_16mm,round_pin,False,False,False,C,../vlm_four_scene_20260925/raw/qwen3.5-4b/state_303/Waterproof_Male/RGOCG16-50_16mm.json,0.09527465174375459,0.09527465174375459,0.09527465174375459,0.8454420562690278,0.8454420562690278,0.8454420562690278,C,qwen3.5-4b/responses/state_303/Waterproof_Male/RGOCG16-50_16mm.json,0.09818853033045848,0.09818853033045848,0.09818853033045848,0.8281787075775613,0.8281787075775613,0.8281787075775613,0.0029138785867038886,0.0029138785867038886
qwen3.5:4b,state_303,M12_Hex_Nut,hex_nut,RGOCG16-50_16mm,round_pin,False,False,False,C,../vlm_four_scene_20260925/raw/qwen3.5-4b/state_303/M12_Hex_Nut/RGOCG16-50_16mm.json,0.0870241747437954,0.0870241747437954,0.0870241747437954,0.8632757107150346,0.8632757107150346,0.8632757107150346,C,qwen3.5-4b/responses/state_303/M12_Hex_Nut/RGOCG16-50_16mm.json,0.043472859799487805,0.043472859799487805,0.043472859799487805,0.8550548525548998,0.8550548525548998,0.8550548525548998,-0.04355131494430759,-0.04355131494430759
qwen3.5:4b,state_303,M16_Hex_Nut,hex_nut,RGOCG16-50_16mm,round_pin,False,False,False,C,../vlm_four_scene_20260925/raw/qwen3.5-4b/state_303/M16_Hex_Nut/RGOCG16-50_16mm.json,0.08407369170149034,0.08407369170149034,0.08407369170149034,0.8561836488846266,0.8561836488846266,0.8561836488846266,C,qwen3.5-4b/responses/state_303/M16_Hex_Nut/RGOCG16-50_16mm.json,0.043472859799487805,0.043472859799487805,0.043472859799487805,0.8550548525548998,0.8550548525548998,0.8550548525548998,-0.04060083190200254,-0.04060083190200254
qwen3.5:4b,state_303,RGOCG16-50_16mm,round_pin,RGOCG16-50_16mm,round_pin,True,True,False,A,../vlm_four_scene_20260925/raw/qwen3.5-4b/state_303/RGOCG16-50_16mm/RGOCG16-50_16mm.json,0.709742486855967,0.709742486855967,0.709742486855967,0.2342371114090523,0.2342371114090523,0.2342371114090523,A,qwen3.5-4b/responses/state_303/RGOCG16-50_16mm/RGOCG16-50_16mm.json,0.9113856585767511,0.9113856585767511,0.9113856585767511,0.04974755641509217,0.04974755641509217,0.04974755641509217,0.20164317172078416,0.20164317172078416
qwen3.5:4b,state_303,RGOCG12-50_12mm,round_pin,RGOCG16-50_16mm,round_pin,True,False,False,A,../vlm_four_scene_20260925/raw/qwen3.5-4b/state_303/RGOCG12-50_12mm/RGOCG16-50_16mm.json,0.7740518945436552,0.7740518945436552,0.7740518945436552,0.17456268799998367,0.17456268799998367,0.17456268799998367,A,qwen3.5-4b/responses/state_303/RGOCG12-50_12mm/RGOCG16-50_16mm.json,0.9113856585767511,0.9113856585767511,0.9113856585767511,0.04974755641509217,0.04974755641509217,0.04974755641509217,0.13733376403309594,0.13733376403309594
qwen3.5:4b,state_303,RGOCG8-50_8mm,round_pin,RGOCG16-50_16mm,round_pin,True,False,False,A,../vlm_four_scene_20260925/raw/qwen3.5-4b/state_303/RGOCG8-50_8mm/RGOCG16-50_16mm.json,0.7644736121274937,0.7644736121274937,0.7644736121274937,0.18695645967798885,0.18695645967798885,0.18695645967798885,A,qwen3.5-4b/responses/state_303/RGOCG8-50_8mm/RGOCG16-50_16mm.json,0.9113856585767511,0.9113856585767511,0.9113856585767511,0.04974755641509217,0.04974755641509217,0.04974755641509217,0.14691204644925748,0.14691204644925748
qwen3.5:4b,state_303,USB_Male,USB_Male,RGOCG16-50_16mm,round_pin,False,False,False,C,../vlm_four_scene_20260925/raw/qwen3.5-4b/state_303/USB_Male/RGOCG16-50_16mm.json,0.16462364316927397,0.16462364316927397,0.16462364316927397,0.7586855824642003,0.7586855824642003,0.7586855824642003,C,qwen3.5-4b/responses/state_303/USB_Male/RGOCG16-50_16mm.json,0.04835452141887792,0.04835452141887792,0.04835452141887792,0.7672314553135215,0.7672314553135215,0.7672314553135215,-0.11626912175039605,-0.11626912175039605
qwen3.5:4b,state_303,DSUB_Male,DSUB_Male,RGOCG16-50_16mm,round_pin,False,False,False,C,../vlm_four_scene_20260925/raw/qwen3.5-4b/state_303/DSUB_Male/RGOCG16-50_16mm.json,0.18503887504673,0.18503887504673,0.18503887504673,0.6880629607432992,0.6880629607432992,0.6880629607432992,C,qwen3.5-4b/responses/state_303/DSUB_Male/RGOCG16-50_16mm.json,0.033337257796621445,0.033337257796621445,0.033337257796621445,0.8984905467400929,0.8984905467400929,0.8984905467400929,-0.15170161725010856,-0.15170161725010856
qwen3.5:4b,state_303,Gear_Large,gear,RGOCG12-50_12mm,round_pin,False,False,False,C,../vlm_four_scene_20260925/raw/qwen3.5-4b/state_303/Gear_Large/RGOCG12-50_12mm.json,0.05069949046622928,0.05069949046622928,0.05069949046622928,0.8873890619596573,0.8873890619596573,0.8873890619596573,C,qwen3.5-4b/responses/state_303/Gear_Large/RGOCG12-50_12mm.json,0.04060653807370957,0.04060653807370957,0.04060653807370957,0.9079651249261339,0.9079651249261339,0.9079651249261339,-0.010092952392519706,-0.010092952392519706
qwen3.5:4b,state_303,Gear_Medium,gear,RGOCG12-50_12mm,round_pin,False,False,False,C,../vlm_four_scene_20260925/raw/qwen3.5-4b/state_303/Gear_Medium/RGOCG12-50_12mm.json,0.05782591811961858,0.05782591811961858,0.05782591811961858,0.9024264802665432,0.9024264802665432,0.9024264802665432,C,qwen3.5-4b/responses/state_303/Gear_Medium/RGOCG12-50_12mm.json,0.04060653807370957,0.04060653807370957,0.04060653807370957,0.9079651249261339,0.9079651249261339,0.9079651249261339,-0.017219380045909012,-0.017219380045909012
qwen3.5:4b,state_303,Gear_Small,gear,RGOCG12-50_12mm,round_pin,False,False,False,C,../vlm_four_scene_20260925/raw/qwen3.5-4b/state_303/Gear_Small/RGOCG12-50_12mm.json,0.05461595524624364,0.05461595524624364,0.05461595524624364,0.8857172717742113,0.8857172717742113,0.8857172717742113,C,qwen3.5-4b/responses/state_303/Gear_Small/RGOCG12-50_12mm.json,0.04060653807370957,0.04060653807370957,0.04060653807370957,0.9079651249261339,0.9079651249261339,0.9079651249261339,-0.014009417172534067,-0.014009417172534067
qwen3.5:4b,state_303,Waterproof_Male,Waterproof_Male,RGOCG12-50_12mm,round_pin,False,False,False,C,../vlm_four_scene_20260925/raw/qwen3.5-4b/state_303/Waterproof_Male/RGOCG12-50_12mm.json,0.1418158560868546,0.1418158560868546,0.1418158560868546,0.7794815881745402,0.7794815881745402,0.7794815881745402,C,qwen3.5-4b/responses/state_303/Waterproof_Male/RGOCG12-50_12mm.json,0.04980320253183592,0.04980320253183592,0.04980320253183592,0.8838881877029735,0.8838881877029735,0.8838881877029735,-0.09201265355501867,-0.09201265355501867
qwen3.5:4b,state_303,M12_Hex_Nut,hex_nut,RGOCG12-50_12mm,round_pin,False,False,False,C,../vlm_four_scene_20260925/raw/qwen3.5-4b/state_303/M12_Hex_Nut/RGOCG12-50_12mm.json,0.05993305829109988,0.05993305829109988,0.05993305829109988,0.8936615600856461,0.8936615600856461,0.8936615600856461,C,qwen3.5-4b/responses/state_303/M12_Hex_Nut/RGOCG12-50_12mm.json,0.035065207368520444,0.035065207368520444,0.035065207368520444,0.88344853847076,0.88344853847076,0.88344853847076,-0.024867850922579433,-0.024867850922579433
qwen3.5:4b,state_303,M16_Hex_Nut,hex_nut,RGOCG12-50_12mm,round_pin,False,False,False,C,../vlm_four_scene_20260925/raw/qwen3.5-4b/state_303/M16_Hex_Nut/RGOCG12-50_12mm.json,0.10596347133174983,0.10596347133174983,0.10596347133174983,0.8394148944054327,0.8394148944054327,0.8394148944054327,C,qwen3.5-4b/responses/state_303/M16_Hex_Nut/RGOCG12-50_12mm.json,0.035065207368520444,0.035065207368520444,0.035065207368520444,0.88344853847076,0.88344853847076,0.88344853847076,-0.07089826396322937,-0.07089826396322937
qwen3.5:4b,state_303,RGOCG16-50_16mm,round_pin,RGOCG12-50_12mm,round_pin,True,False,False,A,../vlm_four_scene_20260925/raw/qwen3.5-4b/state_303/RGOCG16-50_16mm/RGOCG12-50_12mm.json,0.7116441175759514,0.7116441175759514,0.7116441175759514,0.23615799386791256,0.23615799386791256,0.23615799386791256,A,qwen3.5-4b/responses/state_303/RGOCG16-50_16mm/RGOCG12-50_12mm.json,0.8691329344253139,0.8691329344253139,0.8691329344253139,0.09147690009613219,0.09147690009613219,0.09147690009613219,0.15748881684936256,0.15748881684936256
qwen3.5:4b,state_303,RGOCG12-50_12mm,round_pin,RGOCG12-50_12mm,round_pin,True,True,False,A,../vlm_four_scene_20260925/raw/qwen3.5-4b/state_303/RGOCG12-50_12mm/RGOCG12-50_12mm.json,0.729121496415175,0.729121496415175,0.729121496415175,0.2209059772550948,0.2209059772550948,0.2209059772550948,A,qwen3.5-4b/responses/state_303/RGOCG12-50_12mm/RGOCG12-50_12mm.json,0.8691329344253139,0.8691329344253139,0.8691329344253139,0.09147690009613219,0.09147690009613219,0.09147690009613219,0.14001143801013893,0.14001143801013893
qwen3.5:4b,state_303,RGOCG8-50_8mm,round_pin,RGOCG12-50_12mm,round_pin,True,False,False,A,../vlm_four_scene_20260925/raw/qwen3.5-4b/state_303/RGOCG8-50_8mm/RGOCG12-50_12mm.json,0.7054350872580687,0.7054350872580687,0.7054350872580687,0.24752287561598055,0.24752287561598055,0.24752287561598055,A,qwen3.5-4b/responses/state_303/RGOCG8-50_8mm/RGOCG12-50_12mm.json,0.8691329344253139,0.8691329344253139,0.8691329344253139,0.09147690009613219,0.09147690009613219,0.09147690009613219,0.16369784716724523,0.16369784716724523
qwen3.5:4b,state_303,USB_Male,USB_Male,RGOCG12-50_12mm,round_pin,False,False,False,C,../vlm_four_scene_20260925/raw/qwen3.5-4b/state_303/USB_Male/RGOCG12-50_12mm.json,0.11371319409528921,0.11371319409528921,0.11371319409528921,0.8215351710506364,0.8215351710506364,0.8215351710506364,C,qwen3.5-4b/responses/state_303/USB_Male/RGOCG12-50_12mm.json,0.043422516347889406,0.043422516347889406,0.043422516347889406,0.8333656764241202,0.8333656764241202,0.8333656764241202,-0.0702906777473998,-0.0702906777473998
qwen3.5:4b,state_303,DSUB_Male,DSUB_Male,RGOCG12-50_12mm,round_pin,False,False,False,C,../vlm_four_scene_20260925/raw/qwen3.5-4b/state_303/DSUB_Male/RGOCG12-50_12mm.json,0.13896482091356527,0.13896482091356527,0.13896482091356527,0.7398650074034239,0.7398650074034239,0.7398650074034239,C,qwen3.5-4b/responses/state_303/DSUB_Male/RGOCG12-50_12mm.json,0.03333178192168932,0.03333178192168932,0.03333178192168932,0.919969615097553,0.919969615097553,0.919969615097553,-0.10563303899187595,-0.10563303899187595
qwen3.5:4b,state_303,Gear_Large,gear,RGOCG8-50_8mm,round_pin,False,False,False,C,../vlm_four_scene_20260925/raw/qwen3.5-4b/state_303/Gear_Large/RGOCG8-50_8mm.json,0.04838000637436482,0.04838000637436482,0.04838000637436482,0.8497359138756886,0.8497359138756886,0.8497359138756886,C,qwen3.5-4b/responses/state_303/Gear_Large/RGOCG8-50_8mm.json,0.025918725149805477,0.025918725149805477,0.025918725149805477,0.9320406309825542,0.9320406309825542,0.9320406309825542,-0.022461281224559343,-0.022461281224559343
qwen3.5:4b,state_303,Gear_Medium,gear,RGOCG8-50_8mm,round_pin,False,False,False,C,../vlm_four_scene_20260925/raw/qwen3.5-4b/state_303/Gear_Medium/RGOCG8-50_8mm.json,0.049684852641809975,0.049684852641809975,0.049684852641809975,0.8821914230569698,0.8821914230569698,0.8821914230569698,C,qwen3.5-4b/responses/state_303/Gear_Medium/RGOCG8-50_8mm.json,0.025918725149805477,0.025918725149805477,0.025918725149805477,0.9320406309825542,0.9320406309825542,0.9320406309825542,-0.023766127492004498,-0.023766127492004498
qwen3.5:4b,state_303,Gear_Small,gear,RGOCG8-50_8mm,round_pin,False,False,False,C,../vlm_four_scene_20260925/raw/qwen3.5-4b/state_303/Gear_Small/RGOCG8-50_8mm.json,0.05591482790262654,0.05591482790262654,0.05591482790262654,0.8647140911952184,0.8647140911952184,0.8647140911952184,C,qwen3.5-4b/responses/state_303/Gear_Small/RGOCG8-50_8mm.json,0.025918725149805477,0.025918725149805477,0.025918725149805477,0.9320406309825542,0.9320406309825542,0.9320406309825542,-0.029996102752821066,-0.029996102752821066
qwen3.5:4b,state_303,Waterproof_Male,Waterproof_Male,RGOCG8-50_8mm,round_pin,False,False,False,C,../vlm_four_scene_20260925/raw/qwen3.5-4b/state_303/Waterproof_Male/RGOCG8-50_8mm.json,0.07805308059805077,0.07805308059805077,0.07805308059805077,0.8285163102585247,0.8285163102585247,0.8285163102585247,C,qwen3.5-4b/responses/state_303/Waterproof_Male/RGOCG8-50_8mm.json,0.08393947920535615,0.08393947920535615,0.08393947920535615,0.8295305993886597,0.8295305993886597,0.8295305993886597,0.005886398607305374,0.005886398607305374
qwen3.5:4b,state_303,M12_Hex_Nut,hex_nut,RGOCG8-50_8mm,round_pin,False,False,False,C,../vlm_four_scene_20260925/raw/qwen3.5-4b/state_303/M12_Hex_Nut/RGOCG8-50_8mm.json,0.07455642664554857,0.07455642664554857,0.07455642664554857,0.835080442825452,0.835080442825452,0.835080442825452,C,qwen3.5-4b/responses/state_303/M12_Hex_Nut/RGOCG8-50_8mm.json,0.05055881592957909,0.05055881592957909,0.05055881592957909,0.8446463967627651,0.8446463967627651,0.8446463967627651,-0.02399761071596948,-0.02399761071596948
qwen3.5:4b,state_303,M16_Hex_Nut,hex_nut,RGOCG8-50_8mm,round_pin,False,False,False,C,../vlm_four_scene_20260925/raw/qwen3.5-4b/state_303/M16_Hex_Nut/RGOCG8-50_8mm.json,0.06868766110315239,0.06868766110315239,0.06868766110315239,0.8674811181351,0.8674811181351,0.8674811181351,C,qwen3.5-4b/responses/state_303/M16_Hex_Nut/RGOCG8-50_8mm.json,0.05055881592957909,0.05055881592957909,0.05055881592957909,0.8446463967627651,0.8446463967627651,0.8446463967627651,-0.0181288451735733,-0.0181288451735733
qwen3.5:4b,state_303,RGOCG16-50_16mm,round_pin,RGOCG8-50_8mm,round_pin,True,False,False,A,../vlm_four_scene_20260925/raw/qwen3.5-4b/state_303/RGOCG16-50_16mm/RGOCG8-50_8mm.json,0.8498795010115366,0.8498795010115366,0.8498795010115366,0.08339514442380372,0.08339514442380372,0.08339514442380372,A,qwen3.5-4b/responses/state_303/RGOCG16-50_16mm/RGOCG8-50_8mm.json,0.9279429296774504,0.9279429296774504,0.9279429296774504,0.03738329956641726,0.03738329956641726,0.03738329956641726,0.07806342866591376,0.07806342866591376
qwen3.5:4b,state_303,RGOCG12-50_12mm,round_pin,RGOCG8-50_8mm,round_pin,True,False,False,A,../vlm_four_scene_20260925/raw/qwen3.5-4b/state_303/RGOCG12-50_12mm/RGOCG8-50_8mm.json,0.8681664531569776,0.8681664531569776,0.8681664531569776,0.07297886351796971,0.07297886351796971,0.07297886351796971,A,qwen3.5-4b/responses/state_303/RGOCG12-50_12mm/RGOCG8-50_8mm.json,0.9279429296774504,0.9279429296774504,0.9279429296774504,0.03738329956641726,0.03738329956641726,0.03738329956641726,0.0597764765204728,0.0597764765204728
qwen3.5:4b,state_303,RGOCG8-50_8mm,round_pin,RGOCG8-50_8mm,round_pin,True,True,False,A,../vlm_four_scene_20260925/raw/qwen3.5-4b/state_303/RGOCG8-50_8mm/RGOCG8-50_8mm.json,0.8036292160382614,0.8036292160382614,0.8036292160382614,0.14070376562019324,0.14070376562019324,0.14070376562019324,A,qwen3.5-4b/responses/state_303/RGOCG8-50_8mm/RGOCG8-50_8mm.json,0.9279429296774504,0.9279429296774504,0.9279429296774504,0.03738329956641726,0.03738329956641726,0.03738329956641726,0.12431371363918897,0.12431371363918897
qwen3.5:4b,state_303,USB_Male,USB_Male,RGOCG8-50_8mm,round_pin,False,False,False,C,../vlm_four_scene_20260925/raw/qwen3.5-4b/state_303/USB_Male/RGOCG8-50_8mm.json,0.20458944187859146,0.20458944187859146,0.20458944187859146,0.7221933550884929,0.7221933550884929,0.7221933550884929,C,qwen3.5-4b/responses/state_303/USB_Male/RGOCG8-50_8mm.json,0.06419052420219065,0.06419052420219065,0.06419052420219065,0.7673889903928419,0.7673889903928419,0.7673889903928419,-0.1403989176764008,-0.1403989176764008
qwen3.5:4b,state_303,DSUB_Male,DSUB_Male,RGOCG8-50_8mm,round_pin,False,False,False,C,../vlm_four_scene_20260925/raw/qwen3.5-4b/state_303/DSUB_Male/RGOCG8-50_8mm.json,0.2593084991394083,0.2593084991394083,0.2593084991394083,0.5961760999592045,0.5961760999592045,0.5961760999592045,C,qwen3.5-4b/responses/state_303/DSUB_Male/RGOCG8-50_8mm.json,0.052161125799612344,0.052161125799612344,0.052161125799612344,0.8890563237901519,0.8890563237901519,0.8890563237901519,-0.20714737333979594,-0.20714737333979594
qwen3.5:4b,state_303,Gear_Large,gear,USB_Male,USB_Male,False,False,True,B,../vlm_four_scene_20260925/raw/qwen3.5-4b/state_303/Gear_Large/USB_Male.json,0.013178145051971275,0.013178145051971275,0.013178145051971275,0.20392545906855516,0.20392545906855516,0.20392545906855516,C,qwen3.5-4b/responses/state_303/Gear_Large/USB_Male.json,0.022514063901162187,0.022514063901162187,0.022514063901162187,0.8305581846459718,0.8305581846459718,0.8305581846459718,0.009335918849190912,0.009335918849190912
qwen3.5:4b,state_303,Gear_Medium,gear,USB_Male,USB_Male,False,False,True,C,../vlm_four_scene_20260925/raw/qwen3.5-4b/state_303/Gear_Medium/USB_Male.json,0.022721744897071322,0.022721744897071322,0.022721744897071322,0.5831371528667212,0.5831371528667212,0.5831371528667212,C,qwen3.5-4b/responses/state_303/Gear_Medium/USB_Male.json,0.022514063901162187,0.022514063901162187,0.022514063901162187,0.8305581846459718,0.8305581846459718,0.8305581846459718,-0.0002076809959091347,-0.0002076809959091347
qwen3.5:4b,state_303,Gear_Small,gear,USB_Male,USB_Male,False,False,True,B,../vlm_four_scene_20260925/raw/qwen3.5-4b/state_303/Gear_Small/USB_Male.json,0.016469775732823832,0.016469775732823832,0.016469775732823832,0.3501221983618655,0.3501221983618655,0.3501221983618655,C,qwen3.5-4b/responses/state_303/Gear_Small/USB_Male.json,0.022514063901162187,0.022514063901162187,0.022514063901162187,0.8305581846459718,0.8305581846459718,0.8305581846459718,0.0060442881683383555,0.0060442881683383555
qwen3.5:4b,state_303,Waterproof_Male,Waterproof_Male,USB_Male,USB_Male,False,False,True,A,../vlm_four_scene_20260925/raw/qwen3.5-4b/state_303/Waterproof_Male/USB_Male.json,0.7028337044928189,0.7028337044928189,0.7028337044928189,0.1323142035121654,0.1323142035121654,0.1323142035121654,A,qwen3.5-4b/responses/state_303/Waterproof_Male/USB_Male.json,0.42897541188459837,0.42897541188459837,0.42897541188459837,0.23873569920452184,0.23873569920452184,0.23873569920452184,-0.27385829260822053,-0.27385829260822053
qwen3.5:4b,state_303,M12_Hex_Nut,hex_nut,USB_Male,USB_Male,False,False,True,C,../vlm_four_scene_20260925/raw/qwen3.5-4b/state_303/M12_Hex_Nut/USB_Male.json,0.03774786422596161,0.03774786422596161,0.03774786422596161,0.7789691090965495,0.7789691090965495,0.7789691090965495,C,qwen3.5-4b/responses/state_303/M12_Hex_Nut/USB_Male.json,0.043825825796329154,0.043825825796329154,0.043825825796329154,0.8334135993126919,0.8334135993126919,0.8334135993126919,0.006077961570367545,0.006077961570367545
qwen3.5:4b,state_303,M16_Hex_Nut,hex_nut,USB_Male,USB_Male,False,False,True,C,../vlm_four_scene_20260925/raw/qwen3.5-4b/state_303/M16_Hex_Nut/USB_Male.json,0.051454604773313234,0.051454604773313234,0.051454604773313234,0.6601021854157307,0.6601021854157307,0.6601021854157307,C,qwen3.5-4b/responses/state_303/M16_Hex_Nut/USB_Male.json,0.043825825796329154,0.043825825796329154,0.043825825796329154,0.8334135993126919,0.8334135993126919,0.8334135993126919,-0.00762877897698408,-0.00762877897698408
qwen3.5:4b,state_303,RGOCG16-50_16mm,round_pin,USB_Male,USB_Male,False,False,True,B,../vlm_four_scene_20260925/raw/qwen3.5-4b/state_303/RGOCG16-50_16mm/USB_Male.json,0.14825103114597285,0.14825103114597285,0.14825103114597285,0.23283957842246933,0.23283957842246933,0.23283957842246933,C,qwen3.5-4b/responses/state_303/RGOCG16-50_16mm/USB_Male.json,0.1742781422384553,0.1742781422384553,0.1742781422384553,0.518013052861067,0.518013052861067,0.518013052861067,0.026027111092482458,0.026027111092482458
qwen3.5:4b,state_303,RGOCG12-50_12mm,round_pin,USB_Male,USB_Male,False,False,True,B,../vlm_four_scene_20260925/raw/qwen3.5-4b/state_303/RGOCG12-50_12mm/USB_Male.json,0.1408495162640865,0.1408495162640865,0.1408495162640865,0.3406727262153632,0.3406727262153632,0.3406727262153632,C,qwen3.5-4b/responses/state_303/RGOCG12-50_12mm/USB_Male.json,0.1742781422384553,0.1742781422384553,0.1742781422384553,0.518013052861067,0.518013052861067,0.518013052861067,0.0334286259743688,0.0334286259743688
qwen3.5:4b,state_303,RGOCG8-50_8mm,round_pin,USB_Male,USB_Male,False,False,True,B,../vlm_four_scene_20260925/raw/qwen3.5-4b/state_303/RGOCG8-50_8mm/USB_Male.json,0.12172221277791818,0.12172221277791818,0.12172221277791818,0.4254937065870092,0.4254937065870092,0.4254937065870092,C,qwen3.5-4b/responses/state_303/RGOCG8-50_8mm/USB_Male.json,0.1742781422384553,0.1742781422384553,0.1742781422384553,0.518013052861067,0.518013052861067,0.518013052861067,0.052555929460537124,0.052555929460537124
qwen3.5:4b,state_303,USB_Male,USB_Male,USB_Male,USB_Male,True,True,True,A,../vlm_four_scene_20260925/raw/qwen3.5-4b/state_303/USB_Male/USB_Male.json,0.9329738626041588,0.9329738626041588,0.9329738626041588,0.027601688773259487,0.027601688773259487,0.027601688773259487,A,qwen3.5-4b/responses/state_303/USB_Male/USB_Male.json,0.8955042367772595,0.8955042367772595,0.8955042367772595,0.030001629503830587,0.030001629503830587,0.030001629503830587,-0.03746962582689928,-0.03746962582689928
qwen3.5:4b,state_303,DSUB_Male,DSUB_Male,USB_Male,USB_Male,False,False,True,A,../vlm_four_scene_20260925/raw/qwen3.5-4b/state_303/DSUB_Male/USB_Male.json,0.7905933274678498,0.7905933274678498,0.7905933274678498,0.09691259868090042,0.09691259868090042,0.09691259868090042,A,qwen3.5-4b/responses/state_303/DSUB_Male/USB_Male.json,0.7657333005912547,0.7657333005912547,0.7657333005912547,0.0882241270953795,0.0882241270953795,0.0882241270953795,-0.024860026876595165,-0.024860026876595165
qwen3.5:4b,state_303,Gear_Large,gear,DSUB_Male,DSUB_Male,False,False,False,B,../vlm_four_scene_20260925/raw/qwen3.5-4b/state_303/Gear_Large/DSUB_Male.json,0.029960942549839116,0.029960942549839116,0.029960942549839116,0.3948523482773694,0.3948523482773694,0.3948523482773694,C,qwen3.5-4b/responses/state_303/Gear_Large/DSUB_Male.json,0.019394926296452803,0.019394926296452803,0.019394926296452803,0.7154612493242648,0.7154612493242648,0.7154612493242648,-0.010566016253386313,-0.010566016253386313
qwen3.5:4b,state_303,Gear_Medium,gear,DSUB_Male,DSUB_Male,False,False,False,C,../vlm_four_scene_20260925/raw/qwen3.5-4b/state_303/Gear_Medium/DSUB_Male.json,0.046686163115152064,0.046686163115152064,0.046686163115152064,0.5705238070935741,0.5705238070935741,0.5705238070935741,C,qwen3.5-4b/responses/state_303/Gear_Medium/DSUB_Male.json,0.019394926296452803,0.019394926296452803,0.019394926296452803,0.7154612493242648,0.7154612493242648,0.7154612493242648,-0.02729123681869926,-0.02729123681869926
qwen3.5:4b,state_303,Gear_Small,gear,DSUB_Male,DSUB_Male,False,False,False,C,../vlm_four_scene_20260925/raw/qwen3.5-4b/state_303/Gear_Small/DSUB_Male.json,0.03335831928594351,0.03335831928594351,0.03335831928594351,0.518421177927335,0.518421177927335,0.518421177927335,C,qwen3.5-4b/responses/state_303/Gear_Small/DSUB_Male.json,0.019394926296452803,0.019394926296452803,0.019394926296452803,0.7154612493242648,0.7154612493242648,0.7154612493242648,-0.013963392989490706,-0.013963392989490706
qwen3.5:4b,state_303,Waterproof_Male,Waterproof_Male,DSUB_Male,DSUB_Male,False,False,False,A,../vlm_four_scene_20260925/raw/qwen3.5-4b/state_303/Waterproof_Male/DSUB_Male.json,0.8831476579092841,0.8831476579092841,0.8831476579092841,0.05160606387217458,0.05160606387217458,0.05160606387217458,A,qwen3.5-4b/responses/state_303/Waterproof_Male/DSUB_Male.json,0.889072777923128,0.889072777923128,0.889072777923128,0.049129216887478566,0.049129216887478566,0.049129216887478566,0.005925120013843932,0.005925120013843932
qwen3.5:4b,state_303,M12_Hex_Nut,hex_nut,DSUB_Male,DSUB_Male,False,False,False,C,../vlm_four_scene_20260925/raw/qwen3.5-4b/state_303/M12_Hex_Nut/DSUB_Male.json,0.10708158718941971,0.10708158718941971,0.10708158718941971,0.5797327776849279,0.5797327776849279,0.5797327776849279,C,qwen3.5-4b/responses/state_303/M12_Hex_Nut/DSUB_Male.json,0.04980631361930396,0.04980631361930396,0.04980631361930396,0.7152019092595374,0.7152019092595374,0.7152019092595374,-0.05727527357011575,-0.05727527357011575
qwen3.5:4b,state_303,M16_Hex_Nut,hex_nut,DSUB_Male,DSUB_Male,False,False,False,C,../vlm_four_scene_20260925/raw/qwen3.5-4b/state_303/M16_Hex_Nut/DSUB_Male.json,0.13401551276123413,0.13401551276123413,0.13401551276123413,0.5014141782311108,0.5014141782311108,0.5014141782311108,C,qwen3.5-4b/responses/state_303/M16_Hex_Nut/DSUB_Male.json,0.04980631361930396,0.04980631361930396,0.04980631361930396,0.7152019092595374,0.7152019092595374,0.7152019092595374,-0.08420919914193017,-0.08420919914193017
qwen3.5:4b,state_303,RGOCG16-50_16mm,round_pin,DSUB_Male,DSUB_Male,False,False,False,A,../vlm_four_scene_20260925/raw/qwen3.5-4b/state_303/RGOCG16-50_16mm/DSUB_Male.json,0.5963614430827863,0.5963614430827863,0.5963614430827863,0.231875841624281,0.231875841624281,0.231875841624281,C,qwen3.5-4b/responses/state_303/RGOCG16-50_16mm/DSUB_Male.json,0.07356066126430087,0.07356066126430087,0.07356066126430087,0.491290749704652,0.491290749704652,0.491290749704652,-0.5228007818184854,-0.5228007818184854
qwen3.5:4b,state_303,RGOCG12-50_12mm,round_pin,DSUB_Male,DSUB_Male,False,False,False,A,../vlm_four_scene_20260925/raw/qwen3.5-4b/state_303/RGOCG12-50_12mm/DSUB_Male.json,0.4886385795013504,0.4886385795013504,0.4886385795013504,0.2955828034155103,0.2955828034155103,0.2955828034155103,C,qwen3.5-4b/responses/state_303/RGOCG12-50_12mm/DSUB_Male.json,0.07356066126430087,0.07356066126430087,0.07356066126430087,0.491290749704652,0.491290749704652,0.491290749704652,-0.41507791823704954,-0.41507791823704954
qwen3.5:4b,state_303,RGOCG8-50_8mm,round_pin,DSUB_Male,DSUB_Male,False,False,False,A,../vlm_four_scene_20260925/raw/qwen3.5-4b/state_303/RGOCG8-50_8mm/DSUB_Male.json,0.5044933078976562,0.5044933078976562,0.5044933078976562,0.36117835526479797,0.36117835526479797,0.36117835526479797,C,qwen3.5-4b/responses/state_303/RGOCG8-50_8mm/DSUB_Male.json,0.07356066126430087,0.07356066126430087,0.07356066126430087,0.491290749704652,0.491290749704652,0.491290749704652,-0.43093264663335534,-0.43093264663335534
qwen3.5:4b,state_303,USB_Male,USB_Male,DSUB_Male,DSUB_Male,False,False,False,C,../vlm_four_scene_20260925/raw/qwen3.5-4b/state_303/USB_Male/DSUB_Male.json,0.1802415137478591,0.1802415137478591,0.1802415137478591,0.552906696932371,0.552906696932371,0.552906696932371,C,qwen3.5-4b/responses/state_303/USB_Male/DSUB_Male.json,0.19593165381186634,0.19593165381186634,0.19593165381186634,0.46631880431265244,0.46631880431265244,0.46631880431265244,0.015690140064007235,0.015690140064007235
qwen3.5:4b,state_303,DSUB_Male,DSUB_Male,DSUB_Male,DSUB_Male,True,True,False,A,../vlm_four_scene_20260925/raw/qwen3.5-4b/state_303/DSUB_Male/DSUB_Male.json,0.863619744678796,0.863619744678796,0.863619744678796,0.06908276049823155,0.06908276049823155,0.06908276049823155,A,qwen3.5-4b/responses/state_303/DSUB_Male/DSUB_Male.json,0.8733170581754468,0.8733170581754468,0.8733170581754468,0.04227354640435838,0.04227354640435838,0.04227354640435838,0.009697313496650817,0.009697313496650817
qwen3.5:9b,original,Gear_Large,gear,Gear_Large,gear,True,True,False,A,../vlm_four_scene_20260925/raw/qwen3.5-9b/original/Gear_Large/Gear_Large.json,0.9774237276824911,0.9774237276824911,0.9774237276824911,0.01128623552888266,0.01128623552888266,0.01128623552888266,A,qwen3.5-9b/responses/original/Gear_Large/Gear_Large.json,0.9730386734728668,0.9730386734728668,0.9730386734728668,0.020924233864380335,0.020924233864380335,0.020924233864380335,-0.004385054209624317,-0.004385054209624317
qwen3.5:9b,original,Gear_Medium,gear,Gear_Large,gear,True,False,False,A,../vlm_four_scene_20260925/raw/qwen3.5-9b/original/Gear_Medium/Gear_Large.json,0.9775196321532819,0.9775196321532819,0.9775196321532819,0.01356420281826276,0.01356420281826276,0.01356420281826276,A,qwen3.5-9b/responses/original/Gear_Medium/Gear_Large.json,0.9730386734728668,0.9730386734728668,0.9730386734728668,0.020924233864380335,0.020924233864380335,0.020924233864380335,-0.0044809586804150925,-0.0044809586804150925
qwen3.5:9b,original,Gear_Small,gear,Gear_Large,gear,True,False,False,A,../vlm_four_scene_20260925/raw/qwen3.5-9b/original/Gear_Small/Gear_Large.json,0.9771748186995125,0.9771748186995125,0.9771748186995125,0.011020679933664677,0.011020679933664677,0.011020679933664677,A,qwen3.5-9b/responses/original/Gear_Small/Gear_Large.json,0.9730386734728668,0.9730386734728668,0.9730386734728668,0.020924233864380335,0.020924233864380335,0.020924233864380335,-0.004136145226645738,-0.004136145226645738
qwen3.5:9b,original,Waterproof_Male,Waterproof_Male,Gear_Large,gear,False,False,False,B,../vlm_four_scene_20260925/raw/qwen3.5-9b/original/Waterproof_Male/Gear_Large.json,0.056841321752623616,0.056841321752623616,0.056841321752623616,0.219066869026454,0.219066869026454,0.219066869026454,B,qwen3.5-9b/responses/original/Waterproof_Male/Gear_Large.json,0.010075100479078433,0.010075100479078433,0.010075100479078433,0.23082571168643634,0.23082571168643634,0.23082571168643634,-0.04676622127354518,-0.04676622127354518
qwen3.5:9b,original,M12_Hex_Nut,hex_nut,Gear_Large,gear,False,False,False,B,../vlm_four_scene_20260925/raw/qwen3.5-9b/original/M12_Hex_Nut/Gear_Large.json,0.02234120162826459,0.02234120162826459,0.02234120162826459,0.17606129129659884,0.17606129129659884,0.17606129129659884,B,qwen3.5-9b/responses/original/M12_Hex_Nut/Gear_Large.json,0.0058376977024109915,0.0058376977024109915,0.0058376977024109915,0.025354230118396427,0.025354230118396427,0.025354230118396427,-0.016503503925853598,-0.016503503925853598
qwen3.5:9b,original,M16_Hex_Nut,hex_nut,Gear_Large,gear,False,False,False,B,../vlm_four_scene_20260925/raw/qwen3.5-9b/original/M16_Hex_Nut/Gear_Large.json,0.014956360786881935,0.014956360786881935,0.014956360786881935,0.1458362422737622,0.1458362422737622,0.1458362422737622,B,qwen3.5-9b/responses/original/M16_Hex_Nut/Gear_Large.json,0.0058376977024109915,0.0058376977024109915,0.0058376977024109915,0.025354230118396427,0.025354230118396427,0.025354230118396427,-0.009118663084470943,-0.009118663084470943
qwen3.5:9b,original,RGOCG16-50_16mm,round_pin,Gear_Large,gear,False,False,False,A,../vlm_four_scene_20260925/raw/qwen3.5-9b/original/RGOCG16-50_16mm/Gear_Large.json,0.8547682720768609,0.8547682720768609,0.8547682720768609,0.06920813314146376,0.06920813314146376,0.06920813314146376,B,qwen3.5-9b/responses/original/RGOCG16-50_16mm/Gear_Large.json,0.01581394736524107,0.01581394736524107,0.01581394736524107,0.1843814055052528,0.1843814055052528,0.1843814055052528,-0.8389543247116198,-0.8389543247116198
qwen3.5:9b,original,RGOCG12-50_12mm,round_pin,Gear_Large,gear,False,False,False,A,../vlm_four_scene_20260925/raw/qwen3.5-9b/original/RGOCG12-50_12mm/Gear_Large.json,0.8738993433020787,0.8738993433020787,0.8738993433020787,0.06522519749807146,0.06522519749807146,0.06522519749807146,B,qwen3.5-9b/responses/original/RGOCG12-50_12mm/Gear_Large.json,0.01581394736524107,0.01581394736524107,0.01581394736524107,0.1843814055052528,0.1843814055052528,0.1843814055052528,-0.8580853959368376,-0.8580853959368376
qwen3.5:9b,original,RGOCG8-50_8mm,round_pin,Gear_Large,gear,False,False,False,A,../vlm_four_scene_20260925/raw/qwen3.5-9b/original/RGOCG8-50_8mm/Gear_Large.json,0.8785860499074569,0.8785860499074569,0.8785860499074569,0.06327153659675841,0.06327153659675841,0.06327153659675841,B,qwen3.5-9b/responses/original/RGOCG8-50_8mm/Gear_Large.json,0.01581394736524107,0.01581394736524107,0.01581394736524107,0.1843814055052528,0.1843814055052528,0.1843814055052528,-0.8627721025422158,-0.8627721025422158
qwen3.5:9b,original,USB_Male,USB_Male,Gear_Large,gear,False,False,False,B,../vlm_four_scene_20260925/raw/qwen3.5-9b/original/USB_Male/Gear_Large.json,0.0016751934469810864,0.0016751934469810864,0.0016751934469810864,0.10025490449168202,0.10025490449168202,0.10025490449168202,B,qwen3.5-9b/responses/original/USB_Male/Gear_Large.json,0.006948117395434548,0.006948117395434548,0.006948117395434548,0.4276796984895069,0.4276796984895069,0.4276796984895069,0.005272923948453462,0.005272923948453462
qwen3.5:9b,original,DSUB_Male,DSUB_Male,Gear_Large,gear,False,False,False,B,../vlm_four_scene_20260925/raw/qwen3.5-9b/original/DSUB_Male/Gear_Large.json,0.11083390735137029,0.11083390735137029,0.11083390735137029,0.4197725381636403,0.4197725381636403,0.4197725381636403,C,qwen3.5-9b/responses/original/DSUB_Male/Gear_Large.json,0.010769919848163658,0.010769919848163658,0.010769919848163658,0.7630427395630242,0.7630427395630242,0.7630427395630242,-0.10006398750320664,-0.10006398750320664
qwen3.5:9b,original,Gear_Large,gear,Gear_Medium,gear,True,False,False,A,../vlm_four_scene_20260925/raw/qwen3.5-9b/original/Gear_Large/Gear_Medium.json,0.9913020134196175,0.9913020134196175,0.9913020134196175,0.0051717902139946995,0.0051717902139946995,0.0051717902139946995,A,qwen3.5-9b/responses/original/Gear_Large/Gear_Medium.json,0.9897670153276775,0.9897670153276775,0.9897670153276775,0.008236164127287641,0.008236164127287641,0.008236164127287641,-0.0015349980919400208,-0.0015349980919400208
qwen3.5:9b,original,Gear_Medium,gear,Gear_Medium,gear,True,True,False,A,../vlm_four_scene_20260925/raw/qwen3.5-9b/original/Gear_Medium/Gear_Medium.json,0.9869962927933597,0.9869962927933597,0.9869962927933597,0.008369300207635917,0.008369300207635917,0.008369300207635917,A,qwen3.5-9b/responses/original/Gear_Medium/Gear_Medium.json,0.9897670153276775,0.9897670153276775,0.9897670153276775,0.008236164127287641,0.008236164127287641,0.008236164127287641,0.002770722534317871,0.002770722534317871
qwen3.5:9b,original,Gear_Small,gear,Gear_Medium,gear,True,False,False,A,../vlm_four_scene_20260925/raw/qwen3.5-9b/original/Gear_Small/Gear_Medium.json,0.9836353061920723,0.9836353061920723,0.9836353061920723,0.009209053638246385,0.009209053638246385,0.009209053638246385,A,qwen3.5-9b/responses/original/Gear_Small/Gear_Medium.json,0.9897670153276775,0.9897670153276775,0.9897670153276775,0.008236164127287641,0.008236164127287641,0.008236164127287641,0.0061317091356052345,0.0061317091356052345
qwen3.5:9b,original,Waterproof_Male,Waterproof_Male,Gear_Medium,gear,False,False,False,B,../vlm_four_scene_20260925/raw/qwen3.5-9b/original/Waterproof_Male/Gear_Medium.json,0.0532028104341551,0.0532028104341551,0.0532028104341551,0.1485127855288409,0.1485127855288409,0.1485127855288409,B,qwen3.5-9b/responses/original/Waterproof_Male/Gear_Medium.json,0.006401207864626405,0.006401207864626405,0.006401207864626405,0.2163995266056891,0.2163995266056891,0.2163995266056891,-0.04680160256952869,-0.04680160256952869
qwen3.5:9b,original,M12_Hex_Nut,hex_nut,Gear_Medium,gear,False,False,False,B,../vlm_four_scene_20260925/raw/qwen3.5-9b/original/M12_Hex_Nut/Gear_Medium.json,0.04904436868403699,0.04904436868403699,0.04904436868403699,0.18456661382335396,0.18456661382335396,0.18456661382335396,B,qwen3.5-9b/responses/original/M12_Hex_Nut/Gear_Medium.json,0.007473154186307637,0.007473154186307637,0.007473154186307637,0.02183716944221565,0.02183716944221565,0.02183716944221565,-0.04157121449772935,-0.04157121449772935
qwen3.5:9b,original,M16_Hex_Nut,hex_nut,Gear_Medium,gear,False,False,False,B,../vlm_four_scene_20260925/raw/qwen3.5-9b/original/M16_Hex_Nut/Gear_Medium.json,0.029095025828876603,0.029095025828876603,0.029095025828876603,0.16152124976758256,0.16152124976758256,0.16152124976758256,B,qwen3.5-9b/responses/original/M16_Hex_Nut/Gear_Medium.json,0.007473154186307637,0.007473154186307637,0.007473154186307637,0.02183716944221565,0.02183716944221565,0.02183716944221565,-0.021621871642568964,-0.021621871642568964
qwen3.5:9b,original,RGOCG16-50_16mm,round_pin,Gear_Medium,gear,False,False,False,A,../vlm_four_scene_20260925/raw/qwen3.5-9b/original/RGOCG16-50_16mm/Gear_Medium.json,0.8662574827378895,0.8662574827378895,0.8662574827378895,0.059259240161326845,0.059259240161326845,0.059259240161326845,B,qwen3.5-9b/responses/original/RGOCG16-50_16mm/Gear_Medium.json,0.013132453036368166,0.013132453036368166,0.013132453036368166,0.13079340060545774,0.13079340060545774,0.13079340060545774,-0.8531250297015214,-0.8531250297015214
qwen3.5:9b,original,RGOCG12-50_12mm,round_pin,Gear_Medium,gear,False,False,False,A,../vlm_four_scene_20260925/raw/qwen3.5-9b/original/RGOCG12-50_12mm/Gear_Medium.json,0.900366068771335,0.900366068771335,0.900366068771335,0.05381202213200007,0.05381202213200007,0.05381202213200007,B,qwen3.5-9b/responses/original/RGOCG12-50_12mm/Gear_Medium.json,0.013132453036368166,0.013132453036368166,0.013132453036368166,0.13079340060545774,0.13079340060545774,0.13079340060545774,-0.8872336157349668,-0.8872336157349668
qwen3.5:9b,original,RGOCG8-50_8mm,round_pin,Gear_Medium,gear,False,False,False,A,../vlm_four_scene_20260925/raw/qwen3.5-9b/original/RGOCG8-50_8mm/Gear_Medium.json,0.9001851654460178,0.9001851654460178,0.9001851654460178,0.05112884021202646,0.05112884021202646,0.05112884021202646,B,qwen3.5-9b/responses/original/RGOCG8-50_8mm/Gear_Medium.json,0.013132453036368166,0.013132453036368166,0.013132453036368166,0.13079340060545774,0.13079340060545774,0.13079340060545774,-0.8870527124096497,-0.8870527124096497
qwen3.5:9b,original,USB_Male,USB_Male,Gear_Medium,gear,False,False,False,B,../vlm_four_scene_20260925/raw/qwen3.5-9b/original/USB_Male/Gear_Medium.json,0.00236477497257172,0.00236477497257172,0.00236477497257172,0.09050288481980308,0.09050288481980308,0.09050288481980308,B,qwen3.5-9b/responses/original/USB_Male/Gear_Medium.json,0.00479859667736721,0.00479859667736721,0.00479859667736721,0.17855639316525543,0.17855639316525543,0.17855639316525543,0.00243382170479549,0.00243382170479549
qwen3.5:9b,original,DSUB_Male,DSUB_Male,Gear_Medium,gear,False,False,False,B,../vlm_four_scene_20260925/raw/qwen3.5-9b/original/DSUB_Male/Gear_Medium.json,0.08007873126155997,0.08007873126155997,0.08007873126155997,0.3490091125752922,0.3490091125752922,0.3490091125752922,B,qwen3.5-9b/responses/original/DSUB_Male/Gear_Medium.json,0.010284131468482208,0.010284131468482208,0.010284131468482208,0.4291338406357977,0.4291338406357977,0.4291338406357977,-0.06979459979307776,-0.06979459979307776
qwen3.5:9b,original,Gear_Large,gear,Gear_Small,gear,True,False,False,A,../vlm_four_scene_20260925/raw/qwen3.5-9b/original/Gear_Large/Gear_Small.json,0.9945325853456637,0.9945325853456637,0.9945325853456637,0.0036607721062290174,0.0036607721062290174,0.0036607721062290174,A,qwen3.5-9b/responses/original/Gear_Large/Gear_Small.json,0.9939427972216879,0.9939427972216879,0.9939427972216879,0.004550164224938336,0.004550164224938336,0.004550164224938336,-0.0005897881239758096,-0.0005897881239758096
qwen3.5:9b,original,Gear_Medium,gear,Gear_Small,gear,True,False,False,A,../vlm_four_scene_20260925/raw/qwen3.5-9b/original/Gear_Medium/Gear_Small.json,0.9936383368111742,0.9936383368111742,0.9936383368111742,0.003973171595019707,0.003973171595019707,0.003973171595019707,A,qwen3.5-9b/responses/original/Gear_Medium/Gear_Small.json,0.9939427972216879,0.9939427972216879,0.9939427972216879,0.004550164224938336,0.004550164224938336,0.004550164224938336,0.000304460410513685,0.000304460410513685
qwen3.5:9b,original,Gear_Small,gear,Gear_Small,gear,True,True,False,A,../vlm_four_scene_20260925/raw/qwen3.5-9b/original/Gear_Small/Gear_Small.json,0.9947807192150099,0.9947807192150099,0.9947807192150099,0.003626432550982479,0.003626432550982479,0.003626432550982479,A,qwen3.5-9b/responses/original/Gear_Small/Gear_Small.json,0.9939427972216879,0.9939427972216879,0.9939427972216879,0.004550164224938336,0.004550164224938336,0.004550164224938336,-0.0008379219933219995,-0.0008379219933219995
qwen3.5:9b,original,Waterproof_Male,Waterproof_Male,Gear_Small,gear,False,False,False,B,../vlm_four_scene_20260925/raw/qwen3.5-9b/original/Waterproof_Male/Gear_Small.json,0.06653415500665731,0.06653415500665731,0.06653415500665731,0.2135193272738895,0.2135193272738895,0.2135193272738895,C,qwen3.5-9b/responses/original/Waterproof_Male/Gear_Small.json,0.03573366849186641,0.03573366849186641,0.03573366849186641,0.5841183178227201,0.5841183178227201,0.5841183178227201,-0.0308004865147909,-0.0308004865147909
qwen3.5:9b,original,M12_Hex_Nut,hex_nut,Gear_Small,gear,False,False,False,B,../vlm_four_scene_20260925/raw/qwen3.5-9b/original/M12_Hex_Nut/Gear_Small.json,0.118741015343945,0.118741015343945,0.118741015343945,0.16419031308852097,0.16419031308852097,0.16419031308852097,B,qwen3.5-9b/responses/original/M12_Hex_Nut/Gear_Small.json,0.0116111152661538,0.0116111152661538,0.0116111152661538,0.013948734052705752,0.013948734052705752,0.013948734052705752,-0.1071299000777912,-0.1071299000777912
qwen3.5:9b,original,M16_Hex_Nut,hex_nut,Gear_Small,gear,False,False,False,B,../vlm_four_scene_20260925/raw/qwen3.5-9b/original/M16_Hex_Nut/Gear_Small.json,0.13899979592390355,0.13899979592390355,0.13899979592390355,0.1701233271188033,0.1701233271188033,0.1701233271188033,B,qwen3.5-9b/responses/original/M16_Hex_Nut/Gear_Small.json,0.0116111152661538,0.0116111152661538,0.0116111152661538,0.013948734052705752,0.013948734052705752,0.013948734052705752,-0.12738868065774975,-0.12738868065774975
qwen3.5:9b,original,RGOCG16-50_16mm,round_pin,Gear_Small,gear,False,False,False,A,../vlm_four_scene_20260925/raw/qwen3.5-9b/original/RGOCG16-50_16mm/Gear_Small.json,0.7970093528175625,0.7970093528175625,0.7970093528175625,0.09061541701438033,0.09061541701438033,0.09061541701438033,B,qwen3.5-9b/responses/original/RGOCG16-50_16mm/Gear_Small.json,0.032650113464500835,0.032650113464500835,0.032650113464500835,0.23869036750455552,0.23869036750455552,0.23869036750455552,-0.7643592393530616,-0.7643592393530616
qwen3.5:9b,original,RGOCG12-50_12mm,round_pin,Gear_Small,gear,False,False,False,A,../vlm_four_scene_20260925/raw/qwen3.5-9b/original/RGOCG12-50_12mm/Gear_Small.json,0.7761545826215356,0.7761545826215356,0.7761545826215356,0.11916162510234302,0.11916162510234302,0.11916162510234302,B,qwen3.5-9b/responses/original/RGOCG12-50_12mm/Gear_Small.json,0.032650113464500835,0.032650113464500835,0.032650113464500835,0.23869036750455552,0.23869036750455552,0.23869036750455552,-0.7435044691570347,-0.7435044691570347
qwen3.5:9b,original,RGOCG8-50_8mm,round_pin,Gear_Small,gear,False,False,False,A,../vlm_four_scene_20260925/raw/qwen3.5-9b/original/RGOCG8-50_8mm/Gear_Small.json,0.7750340144218569,0.7750340144218569,0.7750340144218569,0.1125877158133842,0.1125877158133842,0.1125877158133842,B,qwen3.5-9b/responses/original/RGOCG8-50_8mm/Gear_Small.json,0.032650113464500835,0.032650113464500835,0.032650113464500835,0.23869036750455552,0.23869036750455552,0.23869036750455552,-0.7423839009573561,-0.7423839009573561
qwen3.5:9b,original,USB_Male,USB_Male,Gear_Small,gear,False,False,False,B,../vlm_four_scene_20260925/raw/qwen3.5-9b/original/USB_Male/Gear_Small.json,0.005313520507915264,0.005313520507915264,0.005313520507915264,0.2512551647840051,0.2512551647840051,0.2512551647840051,B,qwen3.5-9b/responses/original/USB_Male/Gear_Small.json,0.007470777724682393,0.007470777724682393,0.007470777724682393,0.42853028341813465,0.42853028341813465,0.42853028341813465,0.0021572572167671287,0.0021572572167671287
qwen3.5:9b,original,DSUB_Male,DSUB_Male,Gear_Small,gear,False,False,False,C,../vlm_four_scene_20260925/raw/qwen3.5-9b/original/DSUB_Male/Gear_Small.json,0.1269748805978196,0.1269748805978196,0.1269748805978196,0.4407782648632016,0.4407782648632016,0.4407782648632016,C,qwen3.5-9b/responses/original/DSUB_Male/Gear_Small.json,0.0293667524754925,0.0293667524754925,0.0293667524754925,0.8165646737311436,0.8165646737311436,0.8165646737311436,-0.09760812812232711,-0.09760812812232711
qwen3.5:9b,original,Gear_Large,gear,Waterproof_Male,Waterproof_Male,False,False,False,B,../vlm_four_scene_20260925/raw/qwen3.5-9b/original/Gear_Large/Waterproof_Male.json,0.24640009090304807,0.24640009090304807,0.24640009090304807,0.1959910593444603,0.1959910593444603,0.1959910593444603,C,qwen3.5-9b/responses/original/Gear_Large/Waterproof_Male.json,0.007062533555678058,0.007062533555678058,0.007062533555678058,0.6245639917617307,0.6245639917617307,0.6245639917617307,-0.23933755734737,-0.23933755734737
qwen3.5:9b,original,Gear_Medium,gear,Waterproof_Male,Waterproof_Male,False,False,False,B,../vlm_four_scene_20260925/raw/qwen3.5-9b/original/Gear_Medium/Waterproof_Male.json,0.16446064293169824,0.16446064293169824,0.16446064293169824,0.1677382481802098,0.1677382481802098,0.1677382481802098,C,qwen3.5-9b/responses/original/Gear_Medium/Waterproof_Male.json,0.007062533555678058,0.007062533555678058,0.007062533555678058,0.6245639917617307,0.6245639917617307,0.6245639917617307,-0.15739810937602017,-0.15739810937602017
qwen3.5:9b,original,Gear_Small,gear,Waterproof_Male,Waterproof_Male,False,False,False,B,../vlm_four_scene_20260925/raw/qwen3.5-9b/original/Gear_Small/Waterproof_Male.json,0.11103182109410198,0.11103182109410198,0.11103182109410198,0.27147276793001757,0.27147276793001757,0.27147276793001757,C,qwen3.5-9b/responses/original/Gear_Small/Waterproof_Male.json,0.007062533555678058,0.007062533555678058,0.007062533555678058,0.6245639917617307,0.6245639917617307,0.6245639917617307,-0.10396928753842392,-0.10396928753842392
qwen3.5:9b,original,Waterproof_Male,Waterproof_Male,Waterproof_Male,Waterproof_Male,True,True,False,A,../vlm_four_scene_20260925/raw/qwen3.5-9b/original/Waterproof_Male/Waterproof_Male.json,0.9883934855811446,0.9883934855811446,0.9883934855811446,0.008848611573287025,0.008848611573287025,0.008848611573287025,A,qwen3.5-9b/responses/original/Waterproof_Male/Waterproof_Male.json,0.9965006113046954,0.9965006113046954,0.9965006113046954,0.0029147458760970433,0.0029147458760970433,0.0029147458760970433,0.008107125723550768,0.008107125723550768
qwen3.5:9b,original,M12_Hex_Nut,hex_nut,Waterproof_Male,Waterproof_Male,False,False,False,C,../vlm_four_scene_20260925/raw/qwen3.5-9b/original/M12_Hex_Nut/Waterproof_Male.json,0.12385567461284509,0.12385567461284509,0.12385567461284509,0.5107013469738143,0.5107013469738143,0.5107013469738143,C,qwen3.5-9b/responses/original/M12_Hex_Nut/Waterproof_Male.json,0.020582543055927924,0.020582543055927924,0.020582543055927924,0.6440607224039212,0.6440607224039212,0.6440607224039212,-0.10327313155691717,-0.10327313155691717
qwen3.5:9b,original,M16_Hex_Nut,hex_nut,Waterproof_Male,Waterproof_Male,False,False,False,B,../vlm_four_scene_20260925/raw/qwen3.5-9b/original/M16_Hex_Nut/Waterproof_Male.json,0.09086661322087654,0.09086661322087654,0.09086661322087654,0.42617271600399803,0.42617271600399803,0.42617271600399803,C,qwen3.5-9b/responses/original/M16_Hex_Nut/Waterproof_Male.json,0.020582543055927924,0.020582543055927924,0.020582543055927924,0.6440607224039212,0.6440607224039212,0.6440607224039212,-0.07028407016494861,-0.07028407016494861
qwen3.5:9b,original,RGOCG16-50_16mm,round_pin,Waterproof_Male,Waterproof_Male,False,False,False,A,../vlm_four_scene_20260925/raw/qwen3.5-9b/original/RGOCG16-50_16mm/Waterproof_Male.json,0.8920258899818677,0.8920258899818677,0.8920258899818677,0.0625503111817252,0.0625503111817252,0.0625503111817252,C,qwen3.5-9b/responses/original/RGOCG16-50_16mm/Waterproof_Male.json,0.07537339464574787,0.07537339464574787,0.07537339464574787,0.6840037658048659,0.6840037658048659,0.6840037658048659,-0.8166524953361198,-0.8166524953361198
qwen3.5:9b,original,RGOCG12-50_12mm,round_pin,Waterproof_Male,Waterproof_Male,False,False,False,A,../vlm_four_scene_20260925/raw/qwen3.5-9b/original/RGOCG12-50_12mm/Waterproof_Male.json,0.9025680433454074,0.9025680433454074,0.9025680433454074,0.05761940344548625,0.05761940344548625,0.05761940344548625,C,qwen3.5-9b/responses/original/RGOCG12-50_12mm/Waterproof_Male.json,0.07537339464574787,0.07537339464574787,0.07537339464574787,0.6840037658048659,0.6840037658048659,0.6840037658048659,-0.8271946486996595,-0.8271946486996595
qwen3.5:9b,original,RGOCG8-50_8mm,round_pin,Waterproof_Male,Waterproof_Male,False,False,False,A,../vlm_four_scene_20260925/raw/qwen3.5-9b/original/RGOCG8-50_8mm/Waterproof_Male.json,0.8894907845314864,0.8894907845314864,0.8894907845314864,0.06610144607365548,0.06610144607365548,0.06610144607365548,C,qwen3.5-9b/responses/original/RGOCG8-50_8mm/Waterproof_Male.json,0.07537339464574787,0.07537339464574787,0.07537339464574787,0.6840037658048659,0.6840037658048659,0.6840037658048659,-0.8141173898857386,-0.8141173898857386
qwen3.5:9b,original,USB_Male,USB_Male,Waterproof_Male,Waterproof_Male,False,False,False,B,../vlm_four_scene_20260925/raw/qwen3.5-9b/original/USB_Male/Waterproof_Male.json,0.11525894809859057,0.11525894809859057,0.11525894809859057,0.18224037919509561,0.18224037919509561,0.18224037919509561,B,qwen3.5-9b/responses/original/USB_Male/Waterproof_Male.json,0.03651798676414488,0.03651798676414488,0.03651798676414488,0.44400616648993246,0.44400616648993246,0.44400616648993246,-0.07874096133444569,-0.07874096133444569
qwen3.5:9b,original,DSUB_Male,DSUB_Male,Waterproof_Male,Waterproof_Male,False,False,False,A,../vlm_four_scene_20260925/raw/qwen3.5-9b/original/DSUB_Male/Waterproof_Male.json,0.8073877723549245,0.8073877723549245,0.8073877723549245,0.07110506911320873,0.07110506911320873,0.07110506911320873,A,qwen3.5-9b/responses/original/DSUB_Male/Waterproof_Male.json,0.681746426035514,0.681746426035514,0.681746426035514,0.17793069552144555,0.17793069552144555,0.17793069552144555,-0.12564134631941049,-0.12564134631941049
qwen3.5:9b,original,Gear_Large,gear,M12_Hex_Nut,hex_nut,False,False,False,A,../vlm_four_scene_20260925/raw/qwen3.5-9b/original/Gear_Large/M12_Hex_Nut.json,0.9770920881955736,0.9770920881955736,0.9770920881955736,0.018081481719264776,0.018081481719264776,0.018081481719264776,A,qwen3.5-9b/responses/original/Gear_Large/M12_Hex_Nut.json,0.637896231049225,0.637896231049225,0.637896231049225,0.26905845088380664,0.26905845088380664,0.26905845088380664,-0.3391958571463486,-0.3391958571463486
qwen3.5:9b,original,Gear_Medium,gear,M12_Hex_Nut,hex_nut,False,False,False,A,../vlm_four_scene_20260925/raw/qwen3.5-9b/original/Gear_Medium/M12_Hex_Nut.json,0.9741350416057112,0.9741350416057112,0.9741350416057112,0.019660116912834532,0.019660116912834532,0.019660116912834532,A,qwen3.5-9b/responses/original/Gear_Medium/M12_Hex_Nut.json,0.637896231049225,0.637896231049225,0.637896231049225,0.26905845088380664,0.26905845088380664,0.26905845088380664,-0.3362388105564862,-0.3362388105564862
qwen3.5:9b,original,Gear_Small,gear,M12_Hex_Nut,hex_nut,False,False,False,A,../vlm_four_scene_20260925/raw/qwen3.5-9b/original/Gear_Small/M12_Hex_Nut.json,0.9728611118240856,0.9728611118240856,0.9728611118240856,0.021003900446552176,0.021003900446552176,0.021003900446552176,A,qwen3.5-9b/responses/original/Gear_Small/M12_Hex_Nut.json,0.637896231049225,0.637896231049225,0.637896231049225,0.26905845088380664,0.26905845088380664,0.26905845088380664,-0.33496488077486064,-0.33496488077486064
qwen3.5:9b,original,Waterproof_Male,Waterproof_Male,M12_Hex_Nut,hex_nut,False,False,False,A,../vlm_four_scene_20260925/raw/qwen3.5-9b/original/Waterproof_Male/M12_Hex_Nut.json,0.7637062757387622,0.7637062757387622,0.7637062757387622,0.19312023208459467,0.19312023208459467,0.19312023208459467,C,qwen3.5-9b/responses/original/Waterproof_Male/M12_Hex_Nut.json,0.38637293160332825,0.38637293160332825,0.38637293160332825,0.5765345696182229,0.5765345696182229,0.5765345696182229,-0.3773333441354339,-0.3773333441354339
qwen3.5:9b,original,M12_Hex_Nut,hex_nut,M12_Hex_Nut,hex_nut,True,True,False,A,../vlm_four_scene_20260925/raw/qwen3.5-9b/original/M12_Hex_Nut/M12_Hex_Nut.json,0.9795658589275005,0.9795658589275005,0.9795658589275005,0.01605974118943575,0.01605974118943575,0.01605974118943575,A,qwen3.5-9b/responses/original/M12_Hex_Nut/M12_Hex_Nut.json,0.9466215375830486,0.9466215375830486,0.9466215375830486,0.04161528829895,0.04161528829895,0.04161528829895,-0.03294432134445191,-0.03294432134445191
qwen3.5:9b,original,M16_Hex_Nut,hex_nut,M12_Hex_Nut,hex_nut,True,False,False,A,../vlm_four_scene_20260925/raw/qwen3.5-9b/original/M16_Hex_Nut/M12_Hex_Nut.json,0.9815304872211791,0.9815304872211791,0.9815304872211791,0.014329762065318432,0.014329762065318432,0.014329762065318432,A,qwen3.5-9b/responses/original/M16_Hex_Nut/M12_Hex_Nut.json,0.9466215375830486,0.9466215375830486,0.9466215375830486,0.04161528829895,0.04161528829895,0.04161528829895,-0.034908949638130515,-0.034908949638130515
qwen3.5:9b,original,RGOCG16-50_16mm,round_pin,M12_Hex_Nut,hex_nut,False,False,False,A,../vlm_four_scene_20260925/raw/qwen3.5-9b/original/RGOCG16-50_16mm/M12_Hex_Nut.json,0.8422638204207584,0.8422638204207584,0.8422638204207584,0.12339601721891742,0.12339601721891742,0.12339601721891742,A,qwen3.5-9b/responses/original/RGOCG16-50_16mm/M12_Hex_Nut.json,0.49644488330685654,0.49644488330685654,0.49644488330685654,0.45411551408815637,0.45411551408815637,0.45411551408815637,-0.3458189371139019,-0.3458189371139019
qwen3.5:9b,original,RGOCG12-50_12mm,round_pin,M12_Hex_Nut,hex_nut,False,False,False,A,../vlm_four_scene_20260925/raw/qwen3.5-9b/original/RGOCG12-50_12mm/M12_Hex_Nut.json,0.7701396317147037,0.7701396317147037,0.7701396317147037,0.19156475929910638,0.19156475929910638,0.19156475929910638,A,qwen3.5-9b/responses/original/RGOCG12-50_12mm/M12_Hex_Nut.json,0.49644488330685654,0.49644488330685654,0.49644488330685654,0.45411551408815637,0.45411551408815637,0.45411551408815637,-0.27369474840784713,-0.27369474840784713
qwen3.5:9b,original,RGOCG8-50_8mm,round_pin,M12_Hex_Nut,hex_nut,False,False,False,A,../vlm_four_scene_20260925/raw/qwen3.5-9b/original/RGOCG8-50_8mm/M12_Hex_Nut.json,0.8605676840568351,0.8605676840568351,0.8605676840568351,0.10477793580153241,0.10477793580153241,0.10477793580153241,A,qwen3.5-9b/responses/original/RGOCG8-50_8mm/M12_Hex_Nut.json,0.49644488330685654,0.49644488330685654,0.49644488330685654,0.45411551408815637,0.45411551408815637,0.45411551408815637,-0.3641228007499786,-0.3641228007499786
qwen3.5:9b,original,USB_Male,USB_Male,M12_Hex_Nut,hex_nut,False,False,False,B,../vlm_four_scene_20260925/raw/qwen3.5-9b/original/USB_Male/M12_Hex_Nut.json,0.04233752459013527,0.04233752459013527,0.04233752459013527,0.4292928652422252,0.4292928652422252,0.4292928652422252,C,qwen3.5-9b/responses/original/USB_Male/M12_Hex_Nut.json,0.025077246611236736,0.025077246611236736,0.025077246611236736,0.8753156681248657,0.8753156681248657,0.8753156681248657,-0.017260277978898533,-0.017260277978898533
qwen3.5:9b,original,DSUB_Male,DSUB_Male,M12_Hex_Nut,hex_nut,False,False,False,C,../vlm_four_scene_20260925/raw/qwen3.5-9b/original/DSUB_Male/M12_Hex_Nut.json,0.26742131360658933,0.26742131360658933,0.26742131360658933,0.547630726406935,0.547630726406935,0.547630726406935,C,qwen3.5-9b/responses/original/DSUB_Male/M12_Hex_Nut.json,0.07252970830748626,0.07252970830748626,0.07252970830748626,0.8828851564133098,0.8828851564133098,0.8828851564133098,-0.19489160529910307,-0.19489160529910307
qwen3.5:9b,original,Gear_Large,gear,M16_Hex_Nut,hex_nut,False,False,False,A,../vlm_four_scene_20260925/raw/qwen3.5-9b/original/Gear_Large/M16_Hex_Nut.json,0.9662387959419055,0.9662387959419055,0.9662387959419055,0.026467281979271347,0.026467281979271347,0.026467281979271347,A,qwen3.5-9b/responses/original/Gear_Large/M16_Hex_Nut.json,0.5418456945529572,0.5418456945529572,0.5418456945529572,0.3134837996456254,0.3134837996456254,0.3134837996456254,-0.42439310138894837,-0.42439310138894837
qwen3.5:9b,original,Gear_Medium,gear,M16_Hex_Nut,hex_nut,False,False,False,A,../vlm_four_scene_20260925/raw/qwen3.5-9b/original/Gear_Medium/M16_Hex_Nut.json,0.9377691722943562,0.9377691722943562,0.9377691722943562,0.04956958485299793,0.04956958485299793,0.04956958485299793,A,qwen3.5-9b/responses/original/Gear_Medium/M16_Hex_Nut.json,0.5418456945529572,0.5418456945529572,0.5418456945529572,0.3134837996456254,0.3134837996456254,0.3134837996456254,-0.395923477741399,-0.395923477741399
qwen3.5:9b,original,Gear_Small,gear,M16_Hex_Nut,hex_nut,False,False,False,A,../vlm_four_scene_20260925/raw/qwen3.5-9b/original/Gear_Small/M16_Hex_Nut.json,0.9548695093496103,0.9548695093496103,0.9548695093496103,0.03389690385184633,0.03389690385184633,0.03389690385184633,A,qwen3.5-9b/responses/original/Gear_Small/M16_Hex_Nut.json,0.5418456945529572,0.5418456945529572,0.5418456945529572,0.3134837996456254,0.3134837996456254,0.3134837996456254,-0.4130238147966532,-0.4130238147966532
qwen3.5:9b,original,Waterproof_Male,Waterproof_Male,M16_Hex_Nut,hex_nut,False,False,False,A,../vlm_four_scene_20260925/raw/qwen3.5-9b/original/Waterproof_Male/M16_Hex_Nut.json,0.7515816102068075,0.7515816102068075,0.7515816102068075,0.18880843536094208,0.18880843536094208,0.18880843536094208,A,qwen3.5-9b/responses/original/Waterproof_Male/M16_Hex_Nut.json,0.5109534842618393,0.5109534842618393,0.5109534842618393,0.44254947581370135,0.44254947581370135,0.44254947581370135,-0.24062812594496819,-0.24062812594496819
qwen3.5:9b,original,M12_Hex_Nut,hex_nut,M16_Hex_Nut,hex_nut,True,False,False,A,../vlm_four_scene_20260925/raw/qwen3.5-9b/original/M12_Hex_Nut/M16_Hex_Nut.json,0.9713460801957587,0.9713460801957587,0.9713460801957587,0.022285555252246004,0.022285555252246004,0.022285555252246004,A,qwen3.5-9b/responses/original/M12_Hex_Nut/M16_Hex_Nut.json,0.877113223591023,0.877113223591023,0.877113223591023,0.08790890407223675,0.08790890407223675,0.08790890407223675,-0.09423285660473579,-0.09423285660473579
qwen3.5:9b,original,M16_Hex_Nut,hex_nut,M16_Hex_Nut,hex_nut,True,True,False,A,../vlm_four_scene_20260925/raw/qwen3.5-9b/original/M16_Hex_Nut/M16_Hex_Nut.json,0.963740347292215,0.963740347292215,0.963740347292215,0.028359715036193948,0.028359715036193948,0.028359715036193948,A,qwen3.5-9b/responses/original/M16_Hex_Nut/M16_Hex_Nut.json,0.877113223591023,0.877113223591023,0.877113223591023,0.08790890407223675,0.08790890407223675,0.08790890407223675,-0.08662712370119208,-0.08662712370119208
qwen3.5:9b,original,RGOCG16-50_16mm,round_pin,M16_Hex_Nut,hex_nut,False,False,False,A,../vlm_four_scene_20260925/raw/qwen3.5-9b/original/RGOCG16-50_16mm/M16_Hex_Nut.json,0.7448254123231066,0.7448254123231066,0.7448254123231066,0.2143931213647561,0.2143931213647561,0.2143931213647561,C,qwen3.5-9b/responses/original/RGOCG16-50_16mm/M16_Hex_Nut.json,0.185782053546034,0.185782053546034,0.185782053546034,0.6681724759644057,0.6681724759644057,0.6681724759644057,-0.5590433587770727,-0.5590433587770727
qwen3.5:9b,original,RGOCG12-50_12mm,round_pin,M16_Hex_Nut,hex_nut,False,False,False,A,../vlm_four_scene_20260925/raw/qwen3.5-9b/original/RGOCG12-50_12mm/M16_Hex_Nut.json,0.6945332270809255,0.6945332270809255,0.6945332270809255,0.24655523011142602,0.24655523011142602,0.24655523011142602,C,qwen3.5-9b/responses/original/RGOCG12-50_12mm/M16_Hex_Nut.json,0.185782053546034,0.185782053546034,0.185782053546034,0.6681724759644057,0.6681724759644057,0.6681724759644057,-0.5087511735348915,-0.5087511735348915
qwen3.5:9b,original,RGOCG8-50_8mm,round_pin,M16_Hex_Nut,hex_nut,False,False,False,A,../vlm_four_scene_20260925/raw/qwen3.5-9b/original/RGOCG8-50_8mm/M16_Hex_Nut.json,0.6102721759959859,0.6102721759959859,0.6102721759959859,0.31985414181141447,0.31985414181141447,0.31985414181141447,C,qwen3.5-9b/responses/original/RGOCG8-50_8mm/M16_Hex_Nut.json,0.185782053546034,0.185782053546034,0.185782053546034,0.6681724759644057,0.6681724759644057,0.6681724759644057,-0.42449012244995193,-0.42449012244995193
qwen3.5:9b,original,USB_Male,USB_Male,M16_Hex_Nut,hex_nut,False,False,False,C,../vlm_four_scene_20260925/raw/qwen3.5-9b/original/USB_Male/M16_Hex_Nut.json,0.09804129847616919,0.09804129847616919,0.09804129847616919,0.5154054304032948,0.5154054304032948,0.5154054304032948,C,qwen3.5-9b/responses/original/USB_Male/M16_Hex_Nut.json,0.01904196832339175,0.01904196832339175,0.01904196832339175,0.8927488942073825,0.8927488942073825,0.8927488942073825,-0.07899933015277744,-0.07899933015277744
qwen3.5:9b,original,DSUB_Male,DSUB_Male,M16_Hex_Nut,hex_nut,False,False,False,C,../vlm_four_scene_20260925/raw/qwen3.5-9b/original/DSUB_Male/M16_Hex_Nut.json,0.27084315067310255,0.27084315067310255,0.27084315067310255,0.6439721074697429,0.6439721074697429,0.6439721074697429,C,qwen3.5-9b/responses/original/DSUB_Male/M16_Hex_Nut.json,0.03951335617248661,0.03951335617248661,0.03951335617248661,0.9293781500489515,0.9293781500489515,0.9293781500489515,-0.23132979450061594,-0.23132979450061594
qwen3.5:9b,original,Gear_Large,gear,RGOCG16-50_16mm,round_pin,False,False,False,B,../vlm_four_scene_20260925/raw/qwen3.5-9b/original/Gear_Large/RGOCG16-50_16mm.json,0.0125593991515793,0.0125593991515793,0.0125593991515793,0.22498549059085005,0.22498549059085005,0.22498549059085005,C,qwen3.5-9b/responses/original/Gear_Large/RGOCG16-50_16mm.json,0.01234375317384047,0.01234375317384047,0.01234375317384047,0.8653838677351333,0.8653838677351333,0.8653838677351333,-0.00021564597773882956,-0.00021564597773882956
qwen3.5:9b,original,Gear_Medium,gear,RGOCG16-50_16mm,round_pin,False,False,False,B,../vlm_four_scene_20260925/raw/qwen3.5-9b/original/Gear_Medium/RGOCG16-50_16mm.json,0.008140974610941105,0.008140974610941105,0.008140974610941105,0.33293092057800916,0.33293092057800916,0.33293092057800916,C,qwen3.5-9b/responses/original/Gear_Medium/RGOCG16-50_16mm.json,0.01234375317384047,0.01234375317384047,0.01234375317384047,0.8653838677351333,0.8653838677351333,0.8653838677351333,0.004202778562899365,0.004202778562899365
qwen3.5:9b,original,Gear_Small,gear,RGOCG16-50_16mm,round_pin,False,False,False,B,../vlm_four_scene_20260925/raw/qwen3.5-9b/original/Gear_Small/RGOCG16-50_16mm.json,0.015535381462105109,0.015535381462105109,0.015535381462105109,0.2649846771485399,0.2649846771485399,0.2649846771485399,C,qwen3.5-9b/responses/original/Gear_Small/RGOCG16-50_16mm.json,0.01234375317384047,0.01234375317384047,0.01234375317384047,0.8653838677351333,0.8653838677351333,0.8653838677351333,-0.003191628288264638,-0.003191628288264638
qwen3.5:9b,original,Waterproof_Male,Waterproof_Male,RGOCG16-50_16mm,round_pin,False,False,False,B,../vlm_four_scene_20260925/raw/qwen3.5-9b/original/Waterproof_Male/RGOCG16-50_16mm.json,0.04371126785471414,0.04371126785471414,0.04371126785471414,0.46270323075720826,0.46270323075720826,0.46270323075720826,C,qwen3.5-9b/responses/original/Waterproof_Male/RGOCG16-50_16mm.json,0.013978356984526187,0.013978356984526187,0.013978356984526187,0.9749546057324057,0.9749546057324057,0.9749546057324057,-0.02973291087018795,-0.02973291087018795
qwen3.5:9b,original,M12_Hex_Nut,hex_nut,RGOCG16-50_16mm,round_pin,False,False,False,B,../vlm_four_scene_20260925/raw/qwen3.5-9b/original/M12_Hex_Nut/RGOCG16-50_16mm.json,0.011085264061804706,0.011085264061804706,0.011085264061804706,0.22875016901394174,0.22875016901394174,0.22875016901394174,C,qwen3.5-9b/responses/original/M12_Hex_Nut/RGOCG16-50_16mm.json,0.031473477944231,0.031473477944231,0.031473477944231,0.8854783766959857,0.8854783766959857,0.8854783766959857,0.020388213882426294,0.020388213882426294
qwen3.5:9b,original,M16_Hex_Nut,hex_nut,RGOCG16-50_16mm,round_pin,False,False,False,B,../vlm_four_scene_20260925/raw/qwen3.5-9b/original/M16_Hex_Nut/RGOCG16-50_16mm.json,0.0112264959122948,0.0112264959122948,0.0112264959122948,0.16977120048046956,0.16977120048046956,0.16977120048046956,C,qwen3.5-9b/responses/original/M16_Hex_Nut/RGOCG16-50_16mm.json,0.031473477944231,0.031473477944231,0.031473477944231,0.8854783766959857,0.8854783766959857,0.8854783766959857,0.0202469820319362,0.0202469820319362
qwen3.5:9b,original,RGOCG16-50_16mm,round_pin,RGOCG16-50_16mm,round_pin,True,True,False,A,../vlm_four_scene_20260925/raw/qwen3.5-9b/original/RGOCG16-50_16mm/RGOCG16-50_16mm.json,0.9875548481280664,0.9875548481280664,0.9875548481280664,0.00972651360277704,0.00972651360277704,0.00972651360277704,A,qwen3.5-9b/responses/original/RGOCG16-50_16mm/RGOCG16-50_16mm.json,0.9944975971352898,0.9944975971352898,0.9944975971352898,0.004567193342552697,0.004567193342552697,0.004567193342552697,0.00694274900722347,0.00694274900722347
qwen3.5:9b,original,RGOCG12-50_12mm,round_pin,RGOCG16-50_16mm,round_pin,True,False,False,A,../vlm_four_scene_20260925/raw/qwen3.5-9b/original/RGOCG12-50_12mm/RGOCG16-50_16mm.json,0.9870633479044097,0.9870633479044097,0.9870633479044097,0.009987928367358793,0.009987928367358793,0.009987928367358793,A,qwen3.5-9b/responses/original/RGOCG12-50_12mm/RGOCG16-50_16mm.json,0.9944975971352898,0.9944975971352898,0.9944975971352898,0.004567193342552697,0.004567193342552697,0.004567193342552697,0.007434249230880097,0.007434249230880097
qwen3.5:9b,original,RGOCG8-50_8mm,round_pin,RGOCG16-50_16mm,round_pin,True,False,False,A,../vlm_four_scene_20260925/raw/qwen3.5-9b/original/RGOCG8-50_8mm/RGOCG16-50_16mm.json,0.9884511233524866,0.9884511233524866,0.9884511233524866,0.009193688422058099,0.009193688422058099,0.009193688422058099,A,qwen3.5-9b/responses/original/RGOCG8-50_8mm/RGOCG16-50_16mm.json,0.9944975971352898,0.9944975971352898,0.9944975971352898,0.004567193342552697,0.004567193342552697,0.004567193342552697,0.006046473782803208,0.006046473782803208
qwen3.5:9b,original,USB_Male,USB_Male,RGOCG16-50_16mm,round_pin,False,False,False,B,../vlm_four_scene_20260925/raw/qwen3.5-9b/original/USB_Male/RGOCG16-50_16mm.json,0.04411052798861407,0.04411052798861407,0.04411052798861407,0.16065468904886265,0.16065468904886265,0.16065468904886265,C,qwen3.5-9b/responses/original/USB_Male/RGOCG16-50_16mm.json,0.012722845529302362,0.012722845529302362,0.012722845529302362,0.8456553810733322,0.8456553810733322,0.8456553810733322,-0.03138768245931171,-0.03138768245931171
qwen3.5:9b,original,DSUB_Male,DSUB_Male,RGOCG16-50_16mm,round_pin,False,False,False,C,../vlm_four_scene_20260925/raw/qwen3.5-9b/original/DSUB_Male/RGOCG16-50_16mm.json,0.3764092866118151,0.3764092866118151,0.3764092866118151,0.49713327825283243,0.49713327825283243,0.49713327825283243,C,qwen3.5-9b/responses/original/DSUB_Male/RGOCG16-50_16mm.json,0.012507529862560462,0.012507529862560462,0.012507529862560462,0.9076870705787919,0.9076870705787919,0.9076870705787919,-0.3639017567492546,-0.3639017567492546
qwen3.5:9b,original,Gear_Large,gear,RGOCG12-50_12mm,round_pin,False,False,False,C,../vlm_four_scene_20260925/raw/qwen3.5-9b/original/Gear_Large/RGOCG12-50_12mm.json,0.028245736484632168,0.028245736484632168,0.028245736484632168,0.5866878152057909,0.5866878152057909,0.5866878152057909,C,qwen3.5-9b/responses/original/Gear_Large/RGOCG12-50_12mm.json,0.0110017621729604,0.0110017621729604,0.0110017621729604,0.9450047599364171,0.9450047599364171,0.9450047599364171,-0.017243974311671767,-0.017243974311671767
qwen3.5:9b,original,Gear_Medium,gear,RGOCG12-50_12mm,round_pin,False,False,False,B,../vlm_four_scene_20260925/raw/qwen3.5-9b/original/Gear_Medium/RGOCG12-50_12mm.json,0.026033261253995264,0.026033261253995264,0.026033261253995264,0.4318661124338652,0.4318661124338652,0.4318661124338652,C,qwen3.5-9b/responses/original/Gear_Medium/RGOCG12-50_12mm.json,0.0110017621729604,0.0110017621729604,0.0110017621729604,0.9450047599364171,0.9450047599364171,0.9450047599364171,-0.015031499081034865,-0.015031499081034865
qwen3.5:9b,original,Gear_Small,gear,RGOCG12-50_12mm,round_pin,False,False,False,B,../vlm_four_scene_20260925/raw/qwen3.5-9b/original/Gear_Small/RGOCG12-50_12mm.json,0.014626256688635689,0.014626256688635689,0.014626256688635689,0.47549707251496864,0.47549707251496864,0.47549707251496864,C,qwen3.5-9b/responses/original/Gear_Small/RGOCG12-50_12mm.json,0.0110017621729604,0.0110017621729604,0.0110017621729604,0.9450047599364171,0.9450047599364171,0.9450047599364171,-0.0036244945156752896,-0.0036244945156752896
qwen3.5:9b,original,Waterproof_Male,Waterproof_Male,RGOCG12-50_12mm,round_pin,False,False,False,C,../vlm_four_scene_20260925/raw/qwen3.5-9b/original/Waterproof_Male/RGOCG12-50_12mm.json,0.06475400487240648,0.06475400487240648,0.06475400487240648,0.5764926125322325,0.5764926125322325,0.5764926125322325,C,qwen3.5-9b/responses/original/Waterproof_Male/RGOCG12-50_12mm.json,0.017221652673509703,0.017221652673509703,0.017221652673509703,0.9761443734510591,0.9761443734510591,0.9761443734510591,-0.04753235219889678,-0.04753235219889678
qwen3.5:9b,original,M12_Hex_Nut,hex_nut,RGOCG12-50_12mm,round_pin,False,False,False,B,../vlm_four_scene_20260925/raw/qwen3.5-9b/original/M12_Hex_Nut/RGOCG12-50_12mm.json,0.02815671482153913,0.02815671482153913,0.02815671482153913,0.21742647693811784,0.21742647693811784,0.21742647693811784,C,qwen3.5-9b/responses/original/M12_Hex_Nut/RGOCG12-50_12mm.json,0.03900205806222346,0.03900205806222346,0.03900205806222346,0.9059576406570223,0.9059576406570223,0.9059576406570223,0.01084534324068433,0.01084534324068433
qwen3.5:9b,original,M16_Hex_Nut,hex_nut,RGOCG12-50_12mm,round_pin,False,False,False,B,../vlm_four_scene_20260925/raw/qwen3.5-9b/original/M16_Hex_Nut/RGOCG12-50_12mm.json,0.012260647794985475,0.012260647794985475,0.012260647794985475,0.17616788034270914,0.17616788034270914,0.17616788034270914,C,qwen3.5-9b/responses/original/M16_Hex_Nut/RGOCG12-50_12mm.json,0.03900205806222346,0.03900205806222346,0.03900205806222346,0.9059576406570223,0.9059576406570223,0.9059576406570223,0.02674141026723799,0.02674141026723799
qwen3.5:9b,original,RGOCG16-50_16mm,round_pin,RGOCG12-50_12mm,round_pin,True,False,False,A,../vlm_four_scene_20260925/raw/qwen3.5-9b/original/RGOCG16-50_16mm/RGOCG12-50_12mm.json,0.9849650862006545,0.9849650862006545,0.9849650862006545,0.012362962220840408,0.012362962220840408,0.012362962220840408,A,qwen3.5-9b/responses/original/RGOCG16-50_16mm/RGOCG12-50_12mm.json,0.9952294826666328,0.9952294826666328,0.9952294826666328,0.0042405803936152965,0.0042405803936152965,0.0042405803936152965,0.01026439646597832,0.01026439646597832
qwen3.5:9b,original,RGOCG12-50_12mm,round_pin,RGOCG12-50_12mm,round_pin,True,True,False,A,../vlm_four_scene_20260925/raw/qwen3.5-9b/original/RGOCG12-50_12mm/RGOCG12-50_12mm.json,0.9883113506837229,0.9883113506837229,0.9883113506837229,0.009272566685141223,0.009272566685141223,0.009272566685141223,A,qwen3.5-9b/responses/original/RGOCG12-50_12mm/RGOCG12-50_12mm.json,0.9952294826666328,0.9952294826666328,0.9952294826666328,0.0042405803936152965,0.0042405803936152965,0.0042405803936152965,0.006918131982909914,0.006918131982909914
qwen3.5:9b,original,RGOCG8-50_8mm,round_pin,RGOCG12-50_12mm,round_pin,True,False,False,A,../vlm_four_scene_20260925/raw/qwen3.5-9b/original/RGOCG8-50_8mm/RGOCG12-50_12mm.json,0.9852350951300712,0.9852350951300712,0.9852350951300712,0.011868494255377983,0.011868494255377983,0.011868494255377983,A,qwen3.5-9b/responses/original/RGOCG8-50_8mm/RGOCG12-50_12mm.json,0.9952294826666328,0.9952294826666328,0.9952294826666328,0.0042405803936152965,0.0042405803936152965,0.0042405803936152965,0.009994387536561566,0.009994387536561566
qwen3.5:9b,original,USB_Male,USB_Male,RGOCG12-50_12mm,round_pin,False,False,False,B,../vlm_four_scene_20260925/raw/qwen3.5-9b/original/USB_Male/RGOCG12-50_12mm.json,0.06745144747196366,0.06745144747196366,0.06745144747196366,0.173907733991067,0.173907733991067,0.173907733991067,C,qwen3.5-9b/responses/original/USB_Male/RGOCG12-50_12mm.json,0.01882566501632938,0.01882566501632938,0.01882566501632938,0.8542432215654773,0.8542432215654773,0.8542432215654773,-0.04862578245563428,-0.04862578245563428
qwen3.5:9b,original,DSUB_Male,DSUB_Male,RGOCG12-50_12mm,round_pin,False,False,False,C,../vlm_four_scene_20260925/raw/qwen3.5-9b/original/DSUB_Male/RGOCG12-50_12mm.json,0.25993376655106826,0.25993376655106826,0.25993376655106826,0.6338781765702068,0.6338781765702068,0.6338781765702068,C,qwen3.5-9b/responses/original/DSUB_Male/RGOCG12-50_12mm.json,0.01649268431445446,0.01649268431445446,0.01649268431445446,0.9466444844064452,0.9466444844064452,0.9466444844064452,-0.2434410822366138,-0.2434410822366138
qwen3.5:9b,original,Gear_Large,gear,RGOCG8-50_8mm,round_pin,False,False,False,B,../vlm_four_scene_20260925/raw/qwen3.5-9b/original/Gear_Large/RGOCG8-50_8mm.json,0.01870505059747742,0.01870505059747742,0.01870505059747742,0.2668747000576503,0.2668747000576503,0.2668747000576503,C,qwen3.5-9b/responses/original/Gear_Large/RGOCG8-50_8mm.json,0.008735606869067089,0.008735606869067089,0.008735606869067089,0.9672858116637332,0.9672858116637332,0.9672858116637332,-0.00996944372841033,-0.00996944372841033
qwen3.5:9b,original,Gear_Medium,gear,RGOCG8-50_8mm,round_pin,False,False,False,B,../vlm_four_scene_20260925/raw/qwen3.5-9b/original/Gear_Medium/RGOCG8-50_8mm.json,0.010324072273551466,0.010324072273551466,0.010324072273551466,0.26953511132161434,0.26953511132161434,0.26953511132161434,C,qwen3.5-9b/responses/original/Gear_Medium/RGOCG8-50_8mm.json,0.008735606869067089,0.008735606869067089,0.008735606869067089,0.9672858116637332,0.9672858116637332,0.9672858116637332,-0.0015884654044843773,-0.0015884654044843773
qwen3.5:9b,original,Gear_Small,gear,RGOCG8-50_8mm,round_pin,False,False,False,B,../vlm_four_scene_20260925/raw/qwen3.5-9b/original/Gear_Small/RGOCG8-50_8mm.json,0.0061752442628405175,0.0061752442628405175,0.0061752442628405175,0.330863525187545,0.330863525187545,0.330863525187545,C,qwen3.5-9b/responses/original/Gear_Small/RGOCG8-50_8mm.json,0.008735606869067089,0.008735606869067089,0.008735606869067089,0.9672858116637332,0.9672858116637332,0.9672858116637332,0.0025603626062265716,0.0025603626062265716
qwen3.5:9b,original,Waterproof_Male,Waterproof_Male,RGOCG8-50_8mm,round_pin,False,False,False,B,../vlm_four_scene_20260925/raw/qwen3.5-9b/original/Waterproof_Male/RGOCG8-50_8mm.json,0.04238773187131593,0.04238773187131593,0.04238773187131593,0.35449273980086216,0.35449273980086216,0.35449273980086216,C,qwen3.5-9b/responses/original/Waterproof_Male/RGOCG8-50_8mm.json,0.01559527795780851,0.01559527795780851,0.01559527795780851,0.9756960275332671,0.9756960275332671,0.9756960275332671,-0.026792453913507416,-0.026792453913507416
qwen3.5:9b,original,M12_Hex_Nut,hex_nut,RGOCG8-50_8mm,round_pin,False,False,False,B,../vlm_four_scene_20260925/raw/qwen3.5-9b/original/M12_Hex_Nut/RGOCG8-50_8mm.json,0.015640258605474962,0.015640258605474962,0.015640258605474962,0.23345205565532084,0.23345205565532084,0.23345205565532084,C,qwen3.5-9b/responses/original/M12_Hex_Nut/RGOCG8-50_8mm.json,0.019203413364886363,0.019203413364886363,0.019203413364886363,0.9455229630202433,0.9455229630202433,0.9455229630202433,0.0035631547594114008,0.0035631547594114008
qwen3.5:9b,original,M16_Hex_Nut,hex_nut,RGOCG8-50_8mm,round_pin,False,False,False,B,../vlm_four_scene_20260925/raw/qwen3.5-9b/original/M16_Hex_Nut/RGOCG8-50_8mm.json,0.01715444637347724,0.01715444637347724,0.01715444637347724,0.23135328348930623,0.23135328348930623,0.23135328348930623,C,qwen3.5-9b/responses/original/M16_Hex_Nut/RGOCG8-50_8mm.json,0.019203413364886363,0.019203413364886363,0.019203413364886363,0.9455229630202433,0.9455229630202433,0.9455229630202433,0.0020489669914091242,0.0020489669914091242
qwen3.5:9b,original,RGOCG16-50_16mm,round_pin,RGOCG8-50_8mm,round_pin,True,False,False,A,../vlm_four_scene_20260925/raw/qwen3.5-9b/original/RGOCG16-50_16mm/RGOCG8-50_8mm.json,0.9891374710472235,0.9891374710472235,0.9891374710472235,0.00780369827140802,0.00780369827140802,0.00780369827140802,A,qwen3.5-9b/responses/original/RGOCG16-50_16mm/RGOCG8-50_8mm.json,0.9941895006264415,0.9941895006264415,0.9941895006264415,0.005100055306974225,0.005100055306974225,0.005100055306974225,0.00505202957921802,0.00505202957921802
qwen3.5:9b,original,RGOCG12-50_12mm,round_pin,RGOCG8-50_8mm,round_pin,True,False,False,A,../vlm_four_scene_20260925/raw/qwen3.5-9b/original/RGOCG12-50_12mm/RGOCG8-50_8mm.json,0.9846954942524238,0.9846954942524238,0.9846954942524238,0.011232444904705489,0.011232444904705489,0.011232444904705489,A,qwen3.5-9b/responses/original/RGOCG12-50_12mm/RGOCG8-50_8mm.json,0.9941895006264415,0.9941895006264415,0.9941895006264415,0.005100055306974225,0.005100055306974225,0.005100055306974225,0.00949400637401776,0.00949400637401776
qwen3.5:9b,original,RGOCG8-50_8mm,round_pin,RGOCG8-50_8mm,round_pin,True,True,False,A,../vlm_four_scene_20260925/raw/qwen3.5-9b/original/RGOCG8-50_8mm/RGOCG8-50_8mm.json,0.9892151953345211,0.9892151953345211,0.9892151953345211,0.008030130951610412,0.008030130951610412,0.008030130951610412,A,qwen3.5-9b/responses/original/RGOCG8-50_8mm/RGOCG8-50_8mm.json,0.9941895006264415,0.9941895006264415,0.9941895006264415,0.005100055306974225,0.005100055306974225,0.005100055306974225,0.0049743052919204445,0.0049743052919204445
qwen3.5:9b,original,USB_Male,USB_Male,RGOCG8-50_8mm,round_pin,False,False,False,B,../vlm_four_scene_20260925/raw/qwen3.5-9b/original/USB_Male/RGOCG8-50_8mm.json,0.050886517029774106,0.050886517029774106,0.050886517029774106,0.16079492027324344,0.16079492027324344,0.16079492027324344,C,qwen3.5-9b/responses/original/USB_Male/RGOCG8-50_8mm.json,0.021549619945205,0.021549619945205,0.021549619945205,0.9404937612946992,0.9404937612946992,0.9404937612946992,-0.029336897084569106,-0.029336897084569106
qwen3.5:9b,original,DSUB_Male,DSUB_Male,RGOCG8-50_8mm,round_pin,False,False,False,B,../vlm_four_scene_20260925/raw/qwen3.5-9b/original/DSUB_Male/RGOCG8-50_8mm.json,0.1513103864749153,0.1513103864749153,0.1513103864749153,0.36915938972013157,0.36915938972013157,0.36915938972013157,C,qwen3.5-9b/responses/original/DSUB_Male/RGOCG8-50_8mm.json,0.013032256315464152,0.013032256315464152,0.013032256315464152,0.9603476511645309,0.9603476511645309,0.9603476511645309,-0.13827813015945115,-0.13827813015945115
qwen3.5:9b,original,Gear_Large,gear,USB_Male,USB_Male,False,False,False,B,../vlm_four_scene_20260925/raw/qwen3.5-9b/original/Gear_Large/USB_Male.json,0.00646231544623134,0.00646231544623134,0.00646231544623134,0.416888780662323,0.416888780662323,0.416888780662323,B,qwen3.5-9b/responses/original/Gear_Large/USB_Male.json,0.012151801562052537,0.012151801562052537,0.012151801562052537,0.4241332434629693,0.4241332434629693,0.4241332434629693,0.005689486115821197,0.005689486115821197
qwen3.5:9b,original,Gear_Medium,gear,USB_Male,USB_Male,False,False,False,B,../vlm_four_scene_20260925/raw/qwen3.5-9b/original/Gear_Medium/USB_Male.json,0.008261356993766596,0.008261356993766596,0.008261356993766596,0.3948406986074188,0.3948406986074188,0.3948406986074188,B,qwen3.5-9b/responses/original/Gear_Medium/USB_Male.json,0.012151801562052537,0.012151801562052537,0.012151801562052537,0.4241332434629693,0.4241332434629693,0.4241332434629693,0.0038904445682859407,0.0038904445682859407
qwen3.5:9b,original,Gear_Small,gear,USB_Male,USB_Male,False,False,False,B,../vlm_four_scene_20260925/raw/qwen3.5-9b/original/Gear_Small/USB_Male.json,0.015798827997988853,0.015798827997988853,0.015798827997988853,0.4637357903954325,0.4637357903954325,0.4637357903954325,B,qwen3.5-9b/responses/original/Gear_Small/USB_Male.json,0.012151801562052537,0.012151801562052537,0.012151801562052537,0.4241332434629693,0.4241332434629693,0.4241332434629693,-0.003647026435936316,-0.003647026435936316
qwen3.5:9b,original,Waterproof_Male,Waterproof_Male,USB_Male,USB_Male,False,False,False,A,../vlm_four_scene_20260925/raw/qwen3.5-9b/original/Waterproof_Male/USB_Male.json,0.9624794716018025,0.9624794716018025,0.9624794716018025,0.022557079317194043,0.022557079317194043,0.022557079317194043,B,qwen3.5-9b/responses/original/Waterproof_Male/USB_Male.json,0.1474817005277523,0.1474817005277523,0.1474817005277523,0.1587946655568442,0.1587946655568442,0.1587946655568442,-0.8149977710740501,-0.8149977710740501
qwen3.5:9b,original,M12_Hex_Nut,hex_nut,USB_Male,USB_Male,False,False,False,B,../vlm_four_scene_20260925/raw/qwen3.5-9b/original/M12_Hex_Nut/USB_Male.json,0.009770567042593126,0.009770567042593126,0.009770567042593126,0.2945961133107836,0.2945961133107836,0.2945961133107836,C,qwen3.5-9b/responses/original/M12_Hex_Nut/USB_Male.json,0.029029200853217047,0.029029200853217047,0.029029200853217047,0.7026949504333159,0.7026949504333159,0.7026949504333159,0.01925863381062392,0.01925863381062392
qwen3.5:9b,original,M16_Hex_Nut,hex_nut,USB_Male,USB_Male,False,False,False,B,../vlm_four_scene_20260925/raw/qwen3.5-9b/original/M16_Hex_Nut/USB_Male.json,0.007146816975741185,0.007146816975741185,0.007146816975741185,0.31026145244447945,0.31026145244447945,0.31026145244447945,C,qwen3.5-9b/responses/original/M16_Hex_Nut/USB_Male.json,0.029029200853217047,0.029029200853217047,0.029029200853217047,0.7026949504333159,0.7026949504333159,0.7026949504333159,0.02188238387747586,0.02188238387747586
qwen3.5:9b,original,RGOCG16-50_16mm,round_pin,USB_Male,USB_Male,False,False,False,B,../vlm_four_scene_20260925/raw/qwen3.5-9b/original/RGOCG16-50_16mm/USB_Male.json,0.20698972662262277,0.20698972662262277,0.20698972662262277,0.26965109737062004,0.26965109737062004,0.26965109737062004,B,qwen3.5-9b/responses/original/RGOCG16-50_16mm/USB_Male.json,0.04388740253430307,0.04388740253430307,0.04388740253430307,0.31944218838188826,0.31944218838188826,0.31944218838188826,-0.1631023240883197,-0.1631023240883197
qwen3.5:9b,original,RGOCG12-50_12mm,round_pin,USB_Male,USB_Male,False,False,False,B,../vlm_four_scene_20260925/raw/qwen3.5-9b/original/RGOCG12-50_12mm/USB_Male.json,0.2674633973359153,0.2674633973359153,0.2674633973359153,0.2669364262451424,0.2669364262451424,0.2669364262451424,B,qwen3.5-9b/responses/original/RGOCG12-50_12mm/USB_Male.json,0.04388740253430307,0.04388740253430307,0.04388740253430307,0.31944218838188826,0.31944218838188826,0.31944218838188826,-0.22357599480161222,-0.22357599480161222
qwen3.5:9b,original,RGOCG8-50_8mm,round_pin,USB_Male,USB_Male,False,False,False,B,../vlm_four_scene_20260925/raw/qwen3.5-9b/original/RGOCG8-50_8mm/USB_Male.json,0.2607213642362487,0.2607213642362487,0.2607213642362487,0.2489472197704664,0.2489472197704664,0.2489472197704664,B,qwen3.5-9b/responses/original/RGOCG8-50_8mm/USB_Male.json,0.04388740253430307,0.04388740253430307,0.04388740253430307,0.31944218838188826,0.31944218838188826,0.31944218838188826,-0.21683396170194563,-0.21683396170194563
qwen3.5:9b,original,USB_Male,USB_Male,USB_Male,USB_Male,True,True,False,A,../vlm_four_scene_20260925/raw/qwen3.5-9b/original/USB_Male/USB_Male.json,0.9791847465539907,0.9791847465539907,0.9791847465539907,0.011047139391587826,0.011047139391587826,0.011047139391587826,A,qwen3.5-9b/responses/original/USB_Male/USB_Male.json,0.9863046407538004,0.9863046407538004,0.9863046407538004,0.008469594390021248,0.008469594390021248,0.008469594390021248,0.00711989419980974,0.00711989419980974
qwen3.5:9b,original,DSUB_Male,DSUB_Male,USB_Male,USB_Male,False,False,False,A,../vlm_four_scene_20260925/raw/qwen3.5-9b/original/DSUB_Male/USB_Male.json,0.9787433737781875,0.9787433737781875,0.9787433737781875,0.012032538666878633,0.012032538666878633,0.012032538666878633,A,qwen3.5-9b/responses/original/DSUB_Male/USB_Male.json,0.7301738331964931,0.7301738331964931,0.7301738331964931,0.11344881391649521,0.11344881391649521,0.11344881391649521,-0.24856954058169445,-0.24856954058169445
qwen3.5:9b,original,Gear_Large,gear,DSUB_Male,DSUB_Male,False,False,False,B,../vlm_four_scene_20260925/raw/qwen3.5-9b/original/Gear_Large/DSUB_Male.json,0.012822093995766733,0.012822093995766733,0.012822093995766733,0.27384067720722816,0.27384067720722816,0.27384067720722816,B,qwen3.5-9b/responses/original/Gear_Large/DSUB_Male.json,0.0040635368393312785,0.0040635368393312785,0.0040635368393312785,0.20498851695602216,0.20498851695602216,0.20498851695602216,-0.008758557156435455,-0.008758557156435455
qwen3.5:9b,original,Gear_Medium,gear,DSUB_Male,DSUB_Male,False,False,False,B,../vlm_four_scene_20260925/raw/qwen3.5-9b/original/Gear_Medium/DSUB_Male.json,0.007325074664686039,0.007325074664686039,0.007325074664686039,0.26849988079545345,0.26849988079545345,0.26849988079545345,B,qwen3.5-9b/responses/original/Gear_Medium/DSUB_Male.json,0.0040635368393312785,0.0040635368393312785,0.0040635368393312785,0.20498851695602216,0.20498851695602216,0.20498851695602216,-0.0032615378253547603,-0.0032615378253547603
qwen3.5:9b,original,Gear_Small,gear,DSUB_Male,DSUB_Male,False,False,False,B,../vlm_four_scene_20260925/raw/qwen3.5-9b/original/Gear_Small/DSUB_Male.json,0.013667726794094177,0.013667726794094177,0.013667726794094177,0.38554047978664907,0.38554047978664907,0.38554047978664907,B,qwen3.5-9b/responses/original/Gear_Small/DSUB_Male.json,0.0040635368393312785,0.0040635368393312785,0.0040635368393312785,0.20498851695602216,0.20498851695602216,0.20498851695602216,-0.0096041899547629,-0.0096041899547629
qwen3.5:9b,original,Waterproof_Male,Waterproof_Male,DSUB_Male,DSUB_Male,False,False,False,A,../vlm_four_scene_20260925/raw/qwen3.5-9b/original/Waterproof_Male/DSUB_Male.json,0.9868854282735027,0.9868854282735027,0.9868854282735027,0.00938460702420268,0.00938460702420268,0.00938460702420268,A,qwen3.5-9b/responses/original/Waterproof_Male/DSUB_Male.json,0.9339820176644191,0.9339820176644191,0.9339820176644191,0.030012325063943652,0.030012325063943652,0.030012325063943652,-0.052903410609083545,-0.052903410609083545
qwen3.5:9b,original,M12_Hex_Nut,hex_nut,DSUB_Male,DSUB_Male,False,False,False,B,../vlm_four_scene_20260925/raw/qwen3.5-9b/original/M12_Hex_Nut/DSUB_Male.json,0.01561633719850455,0.01561633719850455,0.01561633719850455,0.20159848345497774,0.20159848345497774,0.20159848345497774,C,qwen3.5-9b/responses/original/M12_Hex_Nut/DSUB_Male.json,0.015567371806697849,0.015567371806697849,0.015567371806697849,0.5116774294821641,0.5116774294821641,0.5116774294821641,-4.896539180670144e-05,-4.896539180670144e-05
qwen3.5:9b,original,M16_Hex_Nut,hex_nut,DSUB_Male,DSUB_Male,False,False,False,B,../vlm_four_scene_20260925/raw/qwen3.5-9b/original/M16_Hex_Nut/DSUB_Male.json,0.008782673803147787,0.008782673803147787,0.008782673803147787,0.304869829114896,0.304869829114896,0.304869829114896,C,qwen3.5-9b/responses/original/M16_Hex_Nut/DSUB_Male.json,0.015567371806697849,0.015567371806697849,0.015567371806697849,0.5116774294821641,0.5116774294821641,0.5116774294821641,0.006784698003550062,0.006784698003550062
qwen3.5:9b,original,RGOCG16-50_16mm,round_pin,DSUB_Male,DSUB_Male,False,False,False,A,../vlm_four_scene_20260925/raw/qwen3.5-9b/original/RGOCG16-50_16mm/DSUB_Male.json,0.6148571293888004,0.6148571293888004,0.6148571293888004,0.21702817812755054,0.21702817812755054,0.21702817812755054,B,qwen3.5-9b/responses/original/RGOCG16-50_16mm/DSUB_Male.json,0.020259039575438908,0.020259039575438908,0.020259039575438908,0.1785169766209278,0.1785169766209278,0.1785169766209278,-0.5945980898133615,-0.5945980898133615
qwen3.5:9b,original,RGOCG12-50_12mm,round_pin,DSUB_Male,DSUB_Male,False,False,False,A,../vlm_four_scene_20260925/raw/qwen3.5-9b/original/RGOCG12-50_12mm/DSUB_Male.json,0.809632481683981,0.809632481683981,0.809632481683981,0.10292106105582886,0.10292106105582886,0.10292106105582886,B,qwen3.5-9b/responses/original/RGOCG12-50_12mm/DSUB_Male.json,0.020259039575438908,0.020259039575438908,0.020259039575438908,0.1785169766209278,0.1785169766209278,0.1785169766209278,-0.7893734421085421,-0.7893734421085421
qwen3.5:9b,original,RGOCG8-50_8mm,round_pin,DSUB_Male,DSUB_Male,False,False,False,A,../vlm_four_scene_20260925/raw/qwen3.5-9b/original/RGOCG8-50_8mm/DSUB_Male.json,0.8053365917367035,0.8053365917367035,0.8053365917367035,0.0942821808157546,0.0942821808157546,0.0942821808157546,B,qwen3.5-9b/responses/original/RGOCG8-50_8mm/DSUB_Male.json,0.020259039575438908,0.020259039575438908,0.020259039575438908,0.1785169766209278,0.1785169766209278,0.1785169766209278,-0.7850775521612645,-0.7850775521612645
qwen3.5:9b,original,USB_Male,USB_Male,DSUB_Male,DSUB_Male,False,False,False,B,../vlm_four_scene_20260925/raw/qwen3.5-9b/original/USB_Male/DSUB_Male.json,0.27367802607745206,0.27367802607745206,0.27367802607745206,0.15167650504083677,0.15167650504083677,0.15167650504083677,B,qwen3.5-9b/responses/original/USB_Male/DSUB_Male.json,0.12362190379556047,0.12362190379556047,0.12362190379556047,0.4216531928702681,0.4216531928702681,0.4216531928702681,-0.15005612228189158,-0.15005612228189158
qwen3.5:9b,original,DSUB_Male,DSUB_Male,DSUB_Male,DSUB_Male,True,True,False,A,../vlm_four_scene_20260925/raw/qwen3.5-9b/original/DSUB_Male/DSUB_Male.json,0.9883656505754764,0.9883656505754764,0.9883656505754764,0.0078004504330009255,0.0078004504330009255,0.0078004504330009255,A,qwen3.5-9b/responses/original/DSUB_Male/DSUB_Male.json,0.9894068840421235,0.9894068840421235,0.9894068840421235,0.007931061274705857,0.007931061274705857,0.007931061274705857,0.0010412334666470846,0.0010412334666470846
qwen3.5:9b,state_101,Gear_Large,gear,Gear_Large,gear,True,True,False,A,../vlm_four_scene_20260925/raw/qwen3.5-9b/state_101/Gear_Large/Gear_Large.json,0.9735164047724816,0.9735164047724816,0.9735164047724816,0.011712705467136666,0.011712705467136666,0.011712705467136666,A,qwen3.5-9b/responses/state_101/Gear_Large/Gear_Large.json,0.9613516313805877,0.9613516313805877,0.9613516313805877,0.024621254793373605,0.024621254793373605,0.024621254793373605,-0.012164773391893924,-0.012164773391893924
qwen3.5:9b,state_101,Gear_Medium,gear,Gear_Large,gear,True,False,False,A,../vlm_four_scene_20260925/raw/qwen3.5-9b/state_101/Gear_Medium/Gear_Large.json,0.9632160065994505,0.9632160065994505,0.9632160065994505,0.013099312364898896,0.013099312364898896,0.013099312364898896,A,qwen3.5-9b/responses/state_101/Gear_Medium/Gear_Large.json,0.9613516313805877,0.9613516313805877,0.9613516313805877,0.024621254793373605,0.024621254793373605,0.024621254793373605,-0.001864375218862846,-0.001864375218862846
qwen3.5:9b,state_101,Gear_Small,gear,Gear_Large,gear,True,False,False,A,../vlm_four_scene_20260925/raw/qwen3.5-9b/state_101/Gear_Small/Gear_Large.json,0.9766026136774995,0.9766026136774995,0.9766026136774995,0.00964480390391946,0.00964480390391946,0.00964480390391946,A,qwen3.5-9b/responses/state_101/Gear_Small/Gear_Large.json,0.9613516313805877,0.9613516313805877,0.9613516313805877,0.024621254793373605,0.024621254793373605,0.024621254793373605,-0.015250982296911797,-0.015250982296911797
qwen3.5:9b,state_101,Waterproof_Male,Waterproof_Male,Gear_Large,gear,False,False,False,B,../vlm_four_scene_20260925/raw/qwen3.5-9b/state_101/Waterproof_Male/Gear_Large.json,0.02989241730502019,0.02989241730502019,0.02989241730502019,0.10238333981803069,0.10238333981803069,0.10238333981803069,C,qwen3.5-9b/responses/state_101/Waterproof_Male/Gear_Large.json,0.015695424479206615,0.015695424479206615,0.015695424479206615,0.5092268573208766,0.5092268573208766,0.5092268573208766,-0.014196992825813576,-0.014196992825813576
qwen3.5:9b,state_101,M12_Hex_Nut,hex_nut,Gear_Large,gear,False,False,False,B,../vlm_four_scene_20260925/raw/qwen3.5-9b/state_101/M12_Hex_Nut/Gear_Large.json,0.0388548017516622,0.0388548017516622,0.0388548017516622,0.135122395510313,0.135122395510313,0.135122395510313,B,qwen3.5-9b/responses/state_101/M12_Hex_Nut/Gear_Large.json,0.0075363365409907715,0.0075363365409907715,0.0075363365409907715,0.029614569926993767,0.029614569926993767,0.029614569926993767,-0.03131846521067143,-0.03131846521067143
qwen3.5:9b,state_101,M16_Hex_Nut,hex_nut,Gear_Large,gear,False,False,False,B,../vlm_four_scene_20260925/raw/qwen3.5-9b/state_101/M16_Hex_Nut/Gear_Large.json,0.021553776850367277,0.021553776850367277,0.021553776850367277,0.12121635985030176,0.12121635985030176,0.12121635985030176,B,qwen3.5-9b/responses/state_101/M16_Hex_Nut/Gear_Large.json,0.0075363365409907715,0.0075363365409907715,0.0075363365409907715,0.029614569926993767,0.029614569926993767,0.029614569926993767,-0.014017440309376506,-0.014017440309376506
qwen3.5:9b,state_101,RGOCG16-50_16mm,round_pin,Gear_Large,gear,False,False,False,A,../vlm_four_scene_20260925/raw/qwen3.5-9b/state_101/RGOCG16-50_16mm/Gear_Large.json,0.6509544770035207,0.6509544770035207,0.6509544770035207,0.09545338373934333,0.09545338373934333,0.09545338373934333,B,qwen3.5-9b/responses/state_101/RGOCG16-50_16mm/Gear_Large.json,0.017640269453663905,0.017640269453663905,0.017640269453663905,0.28374652610695644,0.28374652610695644,0.28374652610695644,-0.6333142075498568,-0.6333142075498568
qwen3.5:9b,state_101,RGOCG12-50_12mm,round_pin,Gear_Large,gear,False,False,False,A,../vlm_four_scene_20260925/raw/qwen3.5-9b/state_101/RGOCG12-50_12mm/Gear_Large.json,0.6995157637995771,0.6995157637995771,0.6995157637995771,0.10921779635152185,0.10921779635152185,0.10921779635152185,B,qwen3.5-9b/responses/state_101/RGOCG12-50_12mm/Gear_Large.json,0.017640269453663905,0.017640269453663905,0.017640269453663905,0.28374652610695644,0.28374652610695644,0.28374652610695644,-0.6818754943459132,-0.6818754943459132
qwen3.5:9b,state_101,RGOCG8-50_8mm,round_pin,Gear_Large,gear,False,False,False,A,../vlm_four_scene_20260925/raw/qwen3.5-9b/state_101/RGOCG8-50_8mm/Gear_Large.json,0.6737207699513981,0.6737207699513981,0.6737207699513981,0.12490901612152361,0.12490901612152361,0.12490901612152361,B,qwen3.5-9b/responses/state_101/RGOCG8-50_8mm/Gear_Large.json,0.017640269453663905,0.017640269453663905,0.017640269453663905,0.28374652610695644,0.28374652610695644,0.28374652610695644,-0.6560805004977341,-0.6560805004977341
qwen3.5:9b,state_101,USB_Male,USB_Male,Gear_Large,gear,False,False,False,B,../vlm_four_scene_20260925/raw/qwen3.5-9b/state_101/USB_Male/Gear_Large.json,0.002670220221966575,0.002670220221966575,0.002670220221966575,0.06912647085858749,0.06912647085858749,0.06912647085858749,B,qwen3.5-9b/responses/state_101/USB_Male/Gear_Large.json,0.0087576282181325,0.0087576282181325,0.0087576282181325,0.3054592325285919,0.3054592325285919,0.3054592325285919,0.006087407996165925,0.006087407996165925
qwen3.5:9b,state_101,DSUB_Male,DSUB_Male,Gear_Large,gear,False,False,False,B,../vlm_four_scene_20260925/raw/qwen3.5-9b/state_101/DSUB_Male/Gear_Large.json,0.10480027120167884,0.10480027120167884,0.10480027120167884,0.2597753188152052,0.2597753188152052,0.2597753188152052,C,qwen3.5-9b/responses/state_101/DSUB_Male/Gear_Large.json,0.022276890960285196,0.022276890960285196,0.022276890960285196,0.8225066688786385,0.8225066688786385,0.8225066688786385,-0.08252338024139365,-0.08252338024139365
qwen3.5:9b,state_101,Gear_Large,gear,Gear_Medium,gear,True,False,False,A,../vlm_four_scene_20260925/raw/qwen3.5-9b/state_101/Gear_Large/Gear_Medium.json,0.9927472472250517,0.9927472472250517,0.9927472472250517,0.004488949752327514,0.004488949752327514,0.004488949752327514,A,qwen3.5-9b/responses/state_101/Gear_Large/Gear_Medium.json,0.9938972593701386,0.9938972593701386,0.9938972593701386,0.004680946473947093,0.004680946473947093,0.004680946473947093,0.0011500121450869205,0.0011500121450869205
qwen3.5:9b,state_101,Gear_Medium,gear,Gear_Medium,gear,True,True,False,A,../vlm_four_scene_20260925/raw/qwen3.5-9b/state_101/Gear_Medium/Gear_Medium.json,0.9901556971635072,0.9901556971635072,0.9901556971635072,0.006498698736558026,0.006498698736558026,0.006498698736558026,A,qwen3.5-9b/responses/state_101/Gear_Medium/Gear_Medium.json,0.9938972593701386,0.9938972593701386,0.9938972593701386,0.004680946473947093,0.004680946473947093,0.004680946473947093,0.0037415622066314658,0.0037415622066314658
qwen3.5:9b,state_101,Gear_Small,gear,Gear_Medium,gear,True,False,False,A,../vlm_four_scene_20260925/raw/qwen3.5-9b/state_101/Gear_Small/Gear_Medium.json,0.9882497790701665,0.9882497790701665,0.9882497790701665,0.0068136409163344815,0.0068136409163344815,0.0068136409163344815,A,qwen3.5-9b/responses/state_101/Gear_Small/Gear_Medium.json,0.9938972593701386,0.9938972593701386,0.9938972593701386,0.004680946473947093,0.004680946473947093,0.004680946473947093,0.005647480299972085,0.005647480299972085
qwen3.5:9b,state_101,Waterproof_Male,Waterproof_Male,Gear_Medium,gear,False,False,False,B,../vlm_four_scene_20260925/raw/qwen3.5-9b/state_101/Waterproof_Male/Gear_Medium.json,0.028609011658374688,0.028609011658374688,0.028609011658374688,0.19312766824514666,0.19312766824514666,0.19312766824514666,B,qwen3.5-9b/responses/state_101/Waterproof_Male/Gear_Medium.json,0.005994103025312641,0.005994103025312641,0.005994103025312641,0.24801982953367,0.24801982953367,0.24801982953367,-0.022614908633062047,-0.022614908633062047
qwen3.5:9b,state_101,M12_Hex_Nut,hex_nut,Gear_Medium,gear,False,False,False,B,../vlm_four_scene_20260925/raw/qwen3.5-9b/state_101/M12_Hex_Nut/Gear_Medium.json,0.025680023050847323,0.025680023050847323,0.025680023050847323,0.17936002404054044,0.17936002404054044,0.17936002404054044,B,qwen3.5-9b/responses/state_101/M12_Hex_Nut/Gear_Medium.json,0.002931706839601115,0.002931706839601115,0.002931706839601115,0.01910465916949781,0.01910465916949781,0.01910465916949781,-0.02274831621124621,-0.02274831621124621
qwen3.5:9b,state_101,M16_Hex_Nut,hex_nut,Gear_Medium,gear,False,False,False,B,../vlm_four_scene_20260925/raw/qwen3.5-9b/state_101/M16_Hex_Nut/Gear_Medium.json,0.013609878356292977,0.013609878356292977,0.013609878356292977,0.13239653305831228,0.13239653305831228,0.13239653305831228,B,qwen3.5-9b/responses/state_101/M16_Hex_Nut/Gear_Medium.json,0.002931706839601115,0.002931706839601115,0.002931706839601115,0.01910465916949781,0.01910465916949781,0.01910465916949781,-0.010678171516691861,-0.010678171516691861
qwen3.5:9b,state_101,RGOCG16-50_16mm,round_pin,Gear_Medium,gear,False,False,False,A,../vlm_four_scene_20260925/raw/qwen3.5-9b/state_101/RGOCG16-50_16mm/Gear_Medium.json,0.7074091434114355,0.7074091434114355,0.7074091434114355,0.11189721193924572,0.11189721193924572,0.11189721193924572,B,qwen3.5-9b/responses/state_101/RGOCG16-50_16mm/Gear_Medium.json,0.009575074193861775,0.009575074193861775,0.009575074193861775,0.1488004012760897,0.1488004012760897,0.1488004012760897,-0.6978340692175737,-0.6978340692175737
qwen3.5:9b,state_101,RGOCG12-50_12mm,round_pin,Gear_Medium,gear,False,False,False,A,../vlm_four_scene_20260925/raw/qwen3.5-9b/state_101/RGOCG12-50_12mm/Gear_Medium.json,0.8832672239265018,0.8832672239265018,0.8832672239265018,0.06155818726585965,0.06155818726585965,0.06155818726585965,B,qwen3.5-9b/responses/state_101/RGOCG12-50_12mm/Gear_Medium.json,0.009575074193861775,0.009575074193861775,0.009575074193861775,0.1488004012760897,0.1488004012760897,0.1488004012760897,-0.8736921497326401,-0.8736921497326401
qwen3.5:9b,state_101,RGOCG8-50_8mm,round_pin,Gear_Medium,gear,False,False,False,A,../vlm_four_scene_20260925/raw/qwen3.5-9b/state_101/RGOCG8-50_8mm/Gear_Medium.json,0.8214053567219304,0.8214053567219304,0.8214053567219304,0.07063107994038036,0.07063107994038036,0.07063107994038036,B,qwen3.5-9b/responses/state_101/RGOCG8-50_8mm/Gear_Medium.json,0.009575074193861775,0.009575074193861775,0.009575074193861775,0.1488004012760897,0.1488004012760897,0.1488004012760897,-0.8118302825280687,-0.8118302825280687
qwen3.5:9b,state_101,USB_Male,USB_Male,Gear_Medium,gear,False,False,False,B,../vlm_four_scene_20260925/raw/qwen3.5-9b/state_101/USB_Male/Gear_Medium.json,0.002965511079217588,0.002965511079217588,0.002965511079217588,0.07059114731817064,0.07059114731817064,0.07059114731817064,B,qwen3.5-9b/responses/state_101/USB_Male/Gear_Medium.json,0.0027588036200778027,0.0027588036200778027,0.0027588036200778027,0.238378032099649,0.238378032099649,0.238378032099649,-0.0002067074591397852,-0.0002067074591397852
qwen3.5:9b,state_101,DSUB_Male,DSUB_Male,Gear_Medium,gear,False,False,False,B,../vlm_four_scene_20260925/raw/qwen3.5-9b/state_101/DSUB_Male/Gear_Medium.json,0.06664853010055193,0.06664853010055193,0.06664853010055193,0.2995069470376154,0.2995069470376154,0.2995069470376154,B,qwen3.5-9b/responses/state_101/DSUB_Male/Gear_Medium.json,0.007386029429756012,0.007386029429756012,0.007386029429756012,0.47474471085426306,0.47474471085426306,0.47474471085426306,-0.059262500670795915,-0.059262500670795915
qwen3.5:9b,state_101,Gear_Large,gear,Gear_Small,gear,True,False,False,A,../vlm_four_scene_20260925/raw/qwen3.5-9b/state_101/Gear_Large/Gear_Small.json,0.9938554167420032,0.9938554167420032,0.9938554167420032,0.004270146515412056,0.004270146515412056,0.004270146515412056,A,qwen3.5-9b/responses/state_101/Gear_Large/Gear_Small.json,0.9951996802234997,0.9951996802234997,0.9951996802234997,0.0038261634180082166,0.0038261634180082166,0.0038261634180082166,0.0013442634814965215,0.0013442634814965215
qwen3.5:9b,state_101,Gear_Medium,gear,Gear_Small,gear,True,False,False,A,../vlm_four_scene_20260925/raw/qwen3.5-9b/state_101/Gear_Medium/Gear_Small.json,0.9876528982790911,0.9876528982790911,0.9876528982790911,0.008980451358019507,0.008980451358019507,0.008980451358019507,A,qwen3.5-9b/responses/state_101/Gear_Medium/Gear_Small.json,0.9951996802234997,0.9951996802234997,0.9951996802234997,0.0038261634180082166,0.0038261634180082166,0.0038261634180082166,0.007546781944408609,0.007546781944408609
qwen3.5:9b,state_101,Gear_Small,gear,Gear_Small,gear,True,True,False,A,../vlm_four_scene_20260925/raw/qwen3.5-9b/state_101/Gear_Small/Gear_Small.json,0.9870051145096616,0.9870051145096616,0.9870051145096616,0.008735369440962305,0.008735369440962305,0.008735369440962305,A,qwen3.5-9b/responses/state_101/Gear_Small/Gear_Small.json,0.9951996802234997,0.9951996802234997,0.9951996802234997,0.0038261634180082166,0.0038261634180082166,0.0038261634180082166,0.008194565713838142,0.008194565713838142
qwen3.5:9b,state_101,Waterproof_Male,Waterproof_Male,Gear_Small,gear,False,False,False,B,../vlm_four_scene_20260925/raw/qwen3.5-9b/state_101/Waterproof_Male/Gear_Small.json,0.061225271135130765,0.061225271135130765,0.061225271135130765,0.22828488585609477,0.22828488585609477,0.22828488585609477,C,qwen3.5-9b/responses/state_101/Waterproof_Male/Gear_Small.json,0.01943612921061355,0.01943612921061355,0.01943612921061355,0.8162390563577054,0.8162390563577054,0.8162390563577054,-0.041789141924517215,-0.041789141924517215
qwen3.5:9b,state_101,M12_Hex_Nut,hex_nut,Gear_Small,gear,False,False,False,B,../vlm_four_scene_20260925/raw/qwen3.5-9b/state_101/M12_Hex_Nut/Gear_Small.json,0.03732996736083882,0.03732996736083882,0.03732996736083882,0.1735088428651965,0.1735088428651965,0.1735088428651965,B,qwen3.5-9b/responses/state_101/M12_Hex_Nut/Gear_Small.json,0.015096704718796844,0.015096704718796844,0.015096704718796844,0.029392795888954354,0.029392795888954354,0.029392795888954354,-0.02223326264204198,-0.02223326264204198
qwen3.5:9b,state_101,M16_Hex_Nut,hex_nut,Gear_Small,gear,False,False,False,B,../vlm_four_scene_20260925/raw/qwen3.5-9b/state_101/M16_Hex_Nut/Gear_Small.json,0.05293991545726971,0.05293991545726971,0.05293991545726971,0.19993417745005088,0.19993417745005088,0.19993417745005088,B,qwen3.5-9b/responses/state_101/M16_Hex_Nut/Gear_Small.json,0.015096704718796844,0.015096704718796844,0.015096704718796844,0.029392795888954354,0.029392795888954354,0.029392795888954354,-0.03784321073847287,-0.03784321073847287
qwen3.5:9b,state_101,RGOCG16-50_16mm,round_pin,Gear_Small,gear,False,False,False,B,../vlm_four_scene_20260925/raw/qwen3.5-9b/state_101/RGOCG16-50_16mm/Gear_Small.json,0.26938876182562504,0.26938876182562504,0.26938876182562504,0.33088521900189266,0.33088521900189266,0.33088521900189266,B,qwen3.5-9b/responses/state_101/RGOCG16-50_16mm/Gear_Small.json,0.012382378290565146,0.012382378290565146,0.012382378290565146,0.2811783690932472,0.2811783690932472,0.2811783690932472,-0.2570063835350599,-0.2570063835350599
qwen3.5:9b,state_101,RGOCG12-50_12mm,round_pin,Gear_Small,gear,False,False,False,B,../vlm_four_scene_20260925/raw/qwen3.5-9b/state_101/RGOCG12-50_12mm/Gear_Small.json,0.2780217308681995,0.2780217308681995,0.2780217308681995,0.28904830322621833,0.28904830322621833,0.28904830322621833,B,qwen3.5-9b/responses/state_101/RGOCG12-50_12mm/Gear_Small.json,0.012382378290565146,0.012382378290565146,0.012382378290565146,0.2811783690932472,0.2811783690932472,0.2811783690932472,-0.2656393525776343,-0.2656393525776343
qwen3.5:9b,state_101,RGOCG8-50_8mm,round_pin,Gear_Small,gear,False,False,False,C,../vlm_four_scene_20260925/raw/qwen3.5-9b/state_101/RGOCG8-50_8mm/Gear_Small.json,0.28185899185898533,0.28185899185898533,0.28185899185898533,0.378239542636131,0.378239542636131,0.378239542636131,B,qwen3.5-9b/responses/state_101/RGOCG8-50_8mm/Gear_Small.json,0.012382378290565146,0.012382378290565146,0.012382378290565146,0.2811783690932472,0.2811783690932472,0.2811783690932472,-0.2694766135684202,-0.2694766135684202
qwen3.5:9b,state_101,USB_Male,USB_Male,Gear_Small,gear,False,False,False,B,../vlm_four_scene_20260925/raw/qwen3.5-9b/state_101/USB_Male/Gear_Small.json,0.0033295554673024733,0.0033295554673024733,0.0033295554673024733,0.12787401387303016,0.12787401387303016,0.12787401387303016,B,qwen3.5-9b/responses/state_101/USB_Male/Gear_Small.json,0.00582634319307336,0.00582634319307336,0.00582634319307336,0.4424420776140279,0.4424420776140279,0.4424420776140279,0.0024967877257708864,0.0024967877257708864
qwen3.5:9b,state_101,DSUB_Male,DSUB_Male,Gear_Small,gear,False,False,False,B,../vlm_four_scene_20260925/raw/qwen3.5-9b/state_101/DSUB_Male/Gear_Small.json,0.07993711571130732,0.07993711571130732,0.07993711571130732,0.4183486959461073,0.4183486959461073,0.4183486959461073,C,qwen3.5-9b/responses/state_101/DSUB_Male/Gear_Small.json,0.012516359779307764,0.012516359779307764,0.012516359779307764,0.9319813845772231,0.9319813845772231,0.9319813845772231,-0.06742075593199956,-0.06742075593199956
qwen3.5:9b,state_101,Gear_Large,gear,Waterproof_Male,Waterproof_Male,False,False,False,B,../vlm_four_scene_20260925/raw/qwen3.5-9b/state_101/Gear_Large/Waterproof_Male.json,0.03569758929809329,0.03569758929809329,0.03569758929809329,0.4106567132305668,0.4106567132305668,0.4106567132305668,B,qwen3.5-9b/responses/state_101/Gear_Large/Waterproof_Male.json,0.005208752903449485,0.005208752903449485,0.005208752903449485,0.30579157785590233,0.30579157785590233,0.30579157785590233,-0.030488836394643802,-0.030488836394643802
qwen3.5:9b,state_101,Gear_Medium,gear,Waterproof_Male,Waterproof_Male,False,False,False,B,../vlm_four_scene_20260925/raw/qwen3.5-9b/state_101/Gear_Medium/Waterproof_Male.json,0.056153255549701686,0.056153255549701686,0.056153255549701686,0.2658226876379004,0.2658226876379004,0.2658226876379004,B,qwen3.5-9b/responses/state_101/Gear_Medium/Waterproof_Male.json,0.005208752903449485,0.005208752903449485,0.005208752903449485,0.30579157785590233,0.30579157785590233,0.30579157785590233,-0.0509445026462522,-0.0509445026462522
qwen3.5:9b,state_101,Gear_Small,gear,Waterproof_Male,Waterproof_Male,False,False,False,B,../vlm_four_scene_20260925/raw/qwen3.5-9b/state_101/Gear_Small/Waterproof_Male.json,0.06979768498893581,0.06979768498893581,0.06979768498893581,0.32144622638376263,0.32144622638376263,0.32144622638376263,B,qwen3.5-9b/responses/state_101/Gear_Small/Waterproof_Male.json,0.005208752903449485,0.005208752903449485,0.005208752903449485,0.30579157785590233,0.30579157785590233,0.30579157785590233,-0.06458893208548633,-0.06458893208548633
qwen3.5:9b,state_101,Waterproof_Male,Waterproof_Male,Waterproof_Male,Waterproof_Male,True,True,False,A,../vlm_four_scene_20260925/raw/qwen3.5-9b/state_101/Waterproof_Male/Waterproof_Male.json,0.9867760539683733,0.9867760539683733,0.9867760539683733,0.010303117086796333,0.010303117086796333,0.010303117086796333,A,qwen3.5-9b/responses/state_101/Waterproof_Male/Waterproof_Male.json,0.9956360459918868,0.9956360459918868,0.9956360459918868,0.0034761001729467856,0.0034761001729467856,0.0034761001729467856,0.008859992023513508,0.008859992023513508
qwen3.5:9b,state_101,M12_Hex_Nut,hex_nut,Waterproof_Male,Waterproof_Male,False,False,False,B,../vlm_four_scene_20260925/raw/qwen3.5-9b/state_101/M12_Hex_Nut/Waterproof_Male.json,0.09623063979009491,0.09623063979009491,0.09623063979009491,0.29711651381927545,0.29711651381927545,0.29711651381927545,C,qwen3.5-9b/responses/state_101/M12_Hex_Nut/Waterproof_Male.json,0.016589739285795914,0.016589739285795914,0.016589739285795914,0.6860877840556534,0.6860877840556534,0.6860877840556534,-0.079640900504299,-0.079640900504299
qwen3.5:9b,state_101,M16_Hex_Nut,hex_nut,Waterproof_Male,Waterproof_Male,False,False,False,B,../vlm_four_scene_20260925/raw/qwen3.5-9b/state_101/M16_Hex_Nut/Waterproof_Male.json,0.06467456051173684,0.06467456051173684,0.06467456051173684,0.3668524420452585,0.3668524420452585,0.3668524420452585,C,qwen3.5-9b/responses/state_101/M16_Hex_Nut/Waterproof_Male.json,0.016589739285795914,0.016589739285795914,0.016589739285795914,0.6860877840556534,0.6860877840556534,0.6860877840556534,-0.048084821225940926,-0.048084821225940926
qwen3.5:9b,state_101,RGOCG16-50_16mm,round_pin,Waterproof_Male,Waterproof_Male,False,False,False,A,../vlm_four_scene_20260925/raw/qwen3.5-9b/state_101/RGOCG16-50_16mm/Waterproof_Male.json,0.8768913099044467,0.8768913099044467,0.8768913099044467,0.06759190615539681,0.06759190615539681,0.06759190615539681,B,qwen3.5-9b/responses/state_101/RGOCG16-50_16mm/Waterproof_Male.json,0.043474860239842705,0.043474860239842705,0.043474860239842705,0.3639709320451198,0.3639709320451198,0.3639709320451198,-0.833416449664604,-0.833416449664604
qwen3.5:9b,state_101,RGOCG12-50_12mm,round_pin,Waterproof_Male,Waterproof_Male,False,False,False,A,../vlm_four_scene_20260925/raw/qwen3.5-9b/state_101/RGOCG12-50_12mm/Waterproof_Male.json,0.9342432005818262,0.9342432005818262,0.9342432005818262,0.03993434337787507,0.03993434337787507,0.03993434337787507,B,qwen3.5-9b/responses/state_101/RGOCG12-50_12mm/Waterproof_Male.json,0.043474860239842705,0.043474860239842705,0.043474860239842705,0.3639709320451198,0.3639709320451198,0.3639709320451198,-0.8907683403419835,-0.8907683403419835
qwen3.5:9b,state_101,RGOCG8-50_8mm,round_pin,Waterproof_Male,Waterproof_Male,False,False,False,A,../vlm_four_scene_20260925/raw/qwen3.5-9b/state_101/RGOCG8-50_8mm/Waterproof_Male.json,0.920568046777644,0.920568046777644,0.920568046777644,0.04887186062837637,0.04887186062837637,0.04887186062837637,B,qwen3.5-9b/responses/state_101/RGOCG8-50_8mm/Waterproof_Male.json,0.043474860239842705,0.043474860239842705,0.043474860239842705,0.3639709320451198,0.3639709320451198,0.3639709320451198,-0.8770931865378013,-0.8770931865378013
qwen3.5:9b,state_101,USB_Male,USB_Male,Waterproof_Male,Waterproof_Male,False,False,False,B,../vlm_four_scene_20260925/raw/qwen3.5-9b/state_101/USB_Male/Waterproof_Male.json,0.0618567562271314,0.0618567562271314,0.0618567562271314,0.15268752767748306,0.15268752767748306,0.15268752767748306,B,qwen3.5-9b/responses/state_101/USB_Male/Waterproof_Male.json,0.020499185823401534,0.020499185823401534,0.020499185823401534,0.21162016132740466,0.21162016132740466,0.21162016132740466,-0.041357570403729865,-0.041357570403729865
qwen3.5:9b,state_101,DSUB_Male,DSUB_Male,Waterproof_Male,Waterproof_Male,False,False,False,A,../vlm_four_scene_20260925/raw/qwen3.5-9b/state_101/DSUB_Male/Waterproof_Male.json,0.6776363174949092,0.6776363174949092,0.6776363174949092,0.0993243938067142,0.0993243938067142,0.0993243938067142,A,qwen3.5-9b/responses/state_101/DSUB_Male/Waterproof_Male.json,0.745054836894706,0.745054836894706,0.745054836894706,0.1089457879627667,0.1089457879627667,0.1089457879627667,0.06741851939979682,0.06741851939979682
qwen3.5:9b,state_101,Gear_Large,gear,M12_Hex_Nut,hex_nut,False,False,False,A,../vlm_four_scene_20260925/raw/qwen3.5-9b/state_101/Gear_Large/M12_Hex_Nut.json,0.9642671933792201,0.9642671933792201,0.9642671933792201,0.02648375065198564,0.02648375065198564,0.02648375065198564,A,qwen3.5-9b/responses/state_101/Gear_Large/M12_Hex_Nut.json,0.7081752931304853,0.7081752931304853,0.7081752931304853,0.21382442691723927,0.21382442691723927,0.21382442691723927,-0.25609190024873474,-0.25609190024873474
qwen3.5:9b,state_101,Gear_Medium,gear,M12_Hex_Nut,hex_nut,False,False,False,A,../vlm_four_scene_20260925/raw/qwen3.5-9b/state_101/Gear_Medium/M12_Hex_Nut.json,0.962129531558148,0.962129531558148,0.962129531558148,0.02887683955865155,0.02887683955865155,0.02887683955865155,A,qwen3.5-9b/responses/state_101/Gear_Medium/M12_Hex_Nut.json,0.7081752931304853,0.7081752931304853,0.7081752931304853,0.21382442691723927,0.21382442691723927,0.21382442691723927,-0.2539542384276626,-0.2539542384276626
qwen3.5:9b,state_101,Gear_Small,gear,M12_Hex_Nut,hex_nut,False,False,False,A,../vlm_four_scene_20260925/raw/qwen3.5-9b/state_101/Gear_Small/M12_Hex_Nut.json,0.9656680806826675,0.9656680806826675,0.9656680806826675,0.0260391708107552,0.0260391708107552,0.0260391708107552,A,qwen3.5-9b/responses/state_101/Gear_Small/M12_Hex_Nut.json,0.7081752931304853,0.7081752931304853,0.7081752931304853,0.21382442691723927,0.21382442691723927,0.21382442691723927,-0.2574927875521822,-0.2574927875521822
qwen3.5:9b,state_101,Waterproof_Male,Waterproof_Male,M12_Hex_Nut,hex_nut,False,False,False,A,../vlm_four_scene_20260925/raw/qwen3.5-9b/state_101/Waterproof_Male/M12_Hex_Nut.json,0.890102031023211,0.890102031023211,0.890102031023211,0.0815091282269672,0.0815091282269672,0.0815091282269672,A,qwen3.5-9b/responses/state_101/Waterproof_Male/M12_Hex_Nut.json,0.865535554658295,0.865535554658295,0.865535554658295,0.11832087466878329,0.11832087466878329,0.11832087466878329,-0.024566476364915935,-0.024566476364915935
qwen3.5:9b,state_101,M12_Hex_Nut,hex_nut,M12_Hex_Nut,hex_nut,True,True,False,A,../vlm_four_scene_20260925/raw/qwen3.5-9b/state_101/M12_Hex_Nut/M12_Hex_Nut.json,0.9753115775402291,0.9753115775402291,0.9753115775402291,0.016292775641450832,0.016292775641450832,0.016292775641450832,A,qwen3.5-9b/responses/state_101/M12_Hex_Nut/M12_Hex_Nut.json,0.9594019668858315,0.9594019668858315,0.9594019668858315,0.032779629525248884,0.032779629525248884,0.032779629525248884,-0.015909610654397666,-0.015909610654397666
qwen3.5:9b,state_101,M16_Hex_Nut,hex_nut,M12_Hex_Nut,hex_nut,True,False,False,A,../vlm_four_scene_20260925/raw/qwen3.5-9b/state_101/M16_Hex_Nut/M12_Hex_Nut.json,0.9704651829630546,0.9704651829630546,0.9704651829630546,0.02054606050020542,0.02054606050020542,0.02054606050020542,A,qwen3.5-9b/responses/state_101/M16_Hex_Nut/M12_Hex_Nut.json,0.9594019668858315,0.9594019668858315,0.9594019668858315,0.032779629525248884,0.032779629525248884,0.032779629525248884,-0.01106321607722316,-0.01106321607722316
qwen3.5:9b,state_101,RGOCG16-50_16mm,round_pin,M12_Hex_Nut,hex_nut,False,False,False,A,../vlm_four_scene_20260925/raw/qwen3.5-9b/state_101/RGOCG16-50_16mm/M12_Hex_Nut.json,0.918541430295373,0.918541430295373,0.918541430295373,0.05919583712160812,0.05919583712160812,0.05919583712160812,A,qwen3.5-9b/responses/state_101/RGOCG16-50_16mm/M12_Hex_Nut.json,0.7467663804038952,0.7467663804038952,0.7467663804038952,0.22988853390399824,0.22988853390399824,0.22988853390399824,-0.17177504989147785,-0.17177504989147785
qwen3.5:9b,state_101,RGOCG12-50_12mm,round_pin,M12_Hex_Nut,hex_nut,False,False,False,A,../vlm_four_scene_20260925/raw/qwen3.5-9b/state_101/RGOCG12-50_12mm/M12_Hex_Nut.json,0.9167520987728447,0.9167520987728447,0.9167520987728447,0.06017102952915675,0.06017102952915675,0.06017102952915675,A,qwen3.5-9b/responses/state_101/RGOCG12-50_12mm/M12_Hex_Nut.json,0.7467663804038952,0.7467663804038952,0.7467663804038952,0.22988853390399824,0.22988853390399824,0.22988853390399824,-0.1699857183689495,-0.1699857183689495
qwen3.5:9b,state_101,RGOCG8-50_8mm,round_pin,M12_Hex_Nut,hex_nut,False,False,False,A,../vlm_four_scene_20260925/raw/qwen3.5-9b/state_101/RGOCG8-50_8mm/M12_Hex_Nut.json,0.9260230030134735,0.9260230030134735,0.9260230030134735,0.055611689424915685,0.055611689424915685,0.055611689424915685,A,qwen3.5-9b/responses/state_101/RGOCG8-50_8mm/M12_Hex_Nut.json,0.7467663804038952,0.7467663804038952,0.7467663804038952,0.22988853390399824,0.22988853390399824,0.22988853390399824,-0.1792566226095783,-0.1792566226095783
qwen3.5:9b,state_101,USB_Male,USB_Male,M12_Hex_Nut,hex_nut,False,False,False,B,../vlm_four_scene_20260925/raw/qwen3.5-9b/state_101/USB_Male/M12_Hex_Nut.json,0.31659741025047866,0.31659741025047866,0.31659741025047866,0.32218967598856496,0.32218967598856496,0.32218967598856496,C,qwen3.5-9b/responses/state_101/USB_Male/M12_Hex_Nut.json,0.020173519566988818,0.020173519566988818,0.020173519566988818,0.9369513392651057,0.9369513392651057,0.9369513392651057,-0.29642389068348984,-0.29642389068348984
qwen3.5:9b,state_101,DSUB_Male,DSUB_Male,M12_Hex_Nut,hex_nut,False,False,False,A,../vlm_four_scene_20260925/raw/qwen3.5-9b/state_101/DSUB_Male/M12_Hex_Nut.json,0.4874162438560635,0.4874162438560635,0.4874162438560635,0.2545196872249212,0.2545196872249212,0.2545196872249212,C,qwen3.5-9b/responses/state_101/DSUB_Male/M12_Hex_Nut.json,0.06691841476250358,0.06691841476250358,0.06691841476250358,0.8959069841153735,0.8959069841153735,0.8959069841153735,-0.4204978290935599,-0.4204978290935599
qwen3.5:9b,state_101,Gear_Large,gear,M16_Hex_Nut,hex_nut,False,False,False,A,../vlm_four_scene_20260925/raw/qwen3.5-9b/state_101/Gear_Large/M16_Hex_Nut.json,0.9719576839269878,0.9719576839269878,0.9719576839269878,0.020867847573508125,0.020867847573508125,0.020867847573508125,A,qwen3.5-9b/responses/state_101/Gear_Large/M16_Hex_Nut.json,0.7962576130052365,0.7962576130052365,0.7962576130052365,0.16939144929209993,0.16939144929209993,0.16939144929209993,-0.17570007092175133,-0.17570007092175133
qwen3.5:9b,state_101,Gear_Medium,gear,M16_Hex_Nut,hex_nut,False,False,False,A,../vlm_four_scene_20260925/raw/qwen3.5-9b/state_101/Gear_Medium/M16_Hex_Nut.json,0.9781398764312801,0.9781398764312801,0.9781398764312801,0.017845994726042067,0.017845994726042067,0.017845994726042067,A,qwen3.5-9b/responses/state_101/Gear_Medium/M16_Hex_Nut.json,0.7962576130052365,0.7962576130052365,0.7962576130052365,0.16939144929209993,0.16939144929209993,0.16939144929209993,-0.18188226342604363,-0.18188226342604363
qwen3.5:9b,state_101,Gear_Small,gear,M16_Hex_Nut,hex_nut,False,False,False,A,../vlm_four_scene_20260925/raw/qwen3.5-9b/state_101/Gear_Small/M16_Hex_Nut.json,0.9758795506445681,0.9758795506445681,0.9758795506445681,0.019124638315610776,0.019124638315610776,0.019124638315610776,A,qwen3.5-9b/responses/state_101/Gear_Small/M16_Hex_Nut.json,0.7962576130052365,0.7962576130052365,0.7962576130052365,0.16939144929209993,0.16939144929209993,0.16939144929209993,-0.17962193763933165,-0.17962193763933165
qwen3.5:9b,state_101,Waterproof_Male,Waterproof_Male,M16_Hex_Nut,hex_nut,False,False,False,A,../vlm_four_scene_20260925/raw/qwen3.5-9b/state_101/Waterproof_Male/M16_Hex_Nut.json,0.7346273619545629,0.7346273619545629,0.7346273619545629,0.21572418961207288,0.21572418961207288,0.21572418961207288,A,qwen3.5-9b/responses/state_101/Waterproof_Male/M16_Hex_Nut.json,0.5842400129940595,0.5842400129940595,0.5842400129940595,0.38372955573764495,0.38372955573764495,0.38372955573764495,-0.15038734896050343,-0.15038734896050343
qwen3.5:9b,state_101,M12_Hex_Nut,hex_nut,M16_Hex_Nut,hex_nut,True,False,False,A,../vlm_four_scene_20260925/raw/qwen3.5-9b/state_101/M12_Hex_Nut/M16_Hex_Nut.json,0.887398185964506,0.887398185964506,0.887398185964506,0.08507237205973193,0.08507237205973193,0.08507237205973193,A,qwen3.5-9b/responses/state_101/M12_Hex_Nut/M16_Hex_Nut.json,0.8791719136436369,0.8791719136436369,0.8791719136436369,0.08643137344110756,0.08643137344110756,0.08643137344110756,-0.008226272320869144,-0.008226272320869144
qwen3.5:9b,state_101,M16_Hex_Nut,hex_nut,M16_Hex_Nut,hex_nut,True,True,False,A,../vlm_four_scene_20260925/raw/qwen3.5-9b/state_101/M16_Hex_Nut/M16_Hex_Nut.json,0.9443078055110133,0.9443078055110133,0.9443078055110133,0.04063468183434407,0.04063468183434407,0.04063468183434407,A,qwen3.5-9b/responses/state_101/M16_Hex_Nut/M16_Hex_Nut.json,0.8791719136436369,0.8791719136436369,0.8791719136436369,0.08643137344110756,0.08643137344110756,0.08643137344110756,-0.06513589186737645,-0.06513589186737645
qwen3.5:9b,state_101,RGOCG16-50_16mm,round_pin,M16_Hex_Nut,hex_nut,False,False,False,A,../vlm_four_scene_20260925/raw/qwen3.5-9b/state_101/RGOCG16-50_16mm/M16_Hex_Nut.json,0.8599063120251513,0.8599063120251513,0.8599063120251513,0.10507250043774136,0.10507250043774136,0.10507250043774136,A,qwen3.5-9b/responses/state_101/RGOCG16-50_16mm/M16_Hex_Nut.json,0.5366270665476914,0.5366270665476914,0.5366270665476914,0.42164711085184803,0.42164711085184803,0.42164711085184803,-0.3232792454774599,-0.3232792454774599
qwen3.5:9b,state_101,RGOCG12-50_12mm,round_pin,M16_Hex_Nut,hex_nut,False,False,False,A,../vlm_four_scene_20260925/raw/qwen3.5-9b/state_101/RGOCG12-50_12mm/M16_Hex_Nut.json,0.7755976904628409,0.7755976904628409,0.7755976904628409,0.18551714364463892,0.18551714364463892,0.18551714364463892,A,qwen3.5-9b/responses/state_101/RGOCG12-50_12mm/M16_Hex_Nut.json,0.5366270665476914,0.5366270665476914,0.5366270665476914,0.42164711085184803,0.42164711085184803,0.42164711085184803,-0.23897062391514945,-0.23897062391514945
qwen3.5:9b,state_101,RGOCG8-50_8mm,round_pin,M16_Hex_Nut,hex_nut,False,False,False,A,../vlm_four_scene_20260925/raw/qwen3.5-9b/state_101/RGOCG8-50_8mm/M16_Hex_Nut.json,0.8056030217958917,0.8056030217958917,0.8056030217958917,0.14590639036969202,0.14590639036969202,0.14590639036969202,A,qwen3.5-9b/responses/state_101/RGOCG8-50_8mm/M16_Hex_Nut.json,0.5366270665476914,0.5366270665476914,0.5366270665476914,0.42164711085184803,0.42164711085184803,0.42164711085184803,-0.2689759552482003,-0.2689759552482003
qwen3.5:9b,state_101,USB_Male,USB_Male,M16_Hex_Nut,hex_nut,False,False,False,A,../vlm_four_scene_20260925/raw/qwen3.5-9b/state_101/USB_Male/M16_Hex_Nut.json,0.4040168006153569,0.4040168006153569,0.4040168006153569,0.32019848466598694,0.32019848466598694,0.32019848466598694,C,qwen3.5-9b/responses/state_101/USB_Male/M16_Hex_Nut.json,0.027813754694342406,0.027813754694342406,0.027813754694342406,0.9186876979464568,0.9186876979464568,0.9186876979464568,-0.3762030459210145,-0.3762030459210145
qwen3.5:9b,state_101,DSUB_Male,DSUB_Male,M16_Hex_Nut,hex_nut,False,False,False,A,../vlm_four_scene_20260925/raw/qwen3.5-9b/state_101/DSUB_Male/M16_Hex_Nut.json,0.7637605152705392,0.7637605152705392,0.7637605152705392,0.1481475924186823,0.1481475924186823,0.1481475924186823,C,qwen3.5-9b/responses/state_101/DSUB_Male/M16_Hex_Nut.json,0.11482065516456154,0.11482065516456154,0.11482065516456154,0.8376573880085861,0.8376573880085861,0.8376573880085861,-0.6489398601059777,-0.6489398601059777
qwen3.5:9b,state_101,Gear_Large,gear,RGOCG16-50_16mm,round_pin,False,False,False,C,../vlm_four_scene_20260925/raw/qwen3.5-9b/state_101/Gear_Large/RGOCG16-50_16mm.json,0.022538000772852618,0.022538000772852618,0.022538000772852618,0.5266216278147965,0.5266216278147965,0.5266216278147965,C,qwen3.5-9b/responses/state_101/Gear_Large/RGOCG16-50_16mm.json,0.01915674707124923,0.01915674707124923,0.01915674707124923,0.9401737467548312,0.9401737467548312,0.9401737467548312,-0.0033812537016033872,-0.0033812537016033872
qwen3.5:9b,state_101,Gear_Medium,gear,RGOCG16-50_16mm,round_pin,False,False,False,B,../vlm_four_scene_20260925/raw/qwen3.5-9b/state_101/Gear_Medium/RGOCG16-50_16mm.json,0.016238359406809105,0.016238359406809105,0.016238359406809105,0.48454215547167867,0.48454215547167867,0.48454215547167867,C,qwen3.5-9b/responses/state_101/Gear_Medium/RGOCG16-50_16mm.json,0.01915674707124923,0.01915674707124923,0.01915674707124923,0.9401737467548312,0.9401737467548312,0.9401737467548312,0.002918387664440126,0.002918387664440126
qwen3.5:9b,state_101,Gear_Small,gear,RGOCG16-50_16mm,round_pin,False,False,False,B,../vlm_four_scene_20260925/raw/qwen3.5-9b/state_101/Gear_Small/RGOCG16-50_16mm.json,0.008793522985206524,0.008793522985206524,0.008793522985206524,0.34060629251914587,0.34060629251914587,0.34060629251914587,C,qwen3.5-9b/responses/state_101/Gear_Small/RGOCG16-50_16mm.json,0.01915674707124923,0.01915674707124923,0.01915674707124923,0.9401737467548312,0.9401737467548312,0.9401737467548312,0.010363224086042707,0.010363224086042707
qwen3.5:9b,state_101,Waterproof_Male,Waterproof_Male,RGOCG16-50_16mm,round_pin,False,False,False,C,../vlm_four_scene_20260925/raw/qwen3.5-9b/state_101/Waterproof_Male/RGOCG16-50_16mm.json,0.06998691697715534,0.06998691697715534,0.06998691697715534,0.7503923206063231,0.7503923206063231,0.7503923206063231,C,qwen3.5-9b/responses/state_101/Waterproof_Male/RGOCG16-50_16mm.json,0.015728779358334336,0.015728779358334336,0.015728779358334336,0.9797276252680526,0.9797276252680526,0.9797276252680526,-0.054258137618821006,-0.054258137618821006
qwen3.5:9b,state_101,M12_Hex_Nut,hex_nut,RGOCG16-50_16mm,round_pin,False,False,False,B,../vlm_four_scene_20260925/raw/qwen3.5-9b/state_101/M12_Hex_Nut/RGOCG16-50_16mm.json,0.052870729806139063,0.052870729806139063,0.052870729806139063,0.44226856012959137,0.44226856012959137,0.44226856012959137,C,qwen3.5-9b/responses/state_101/M12_Hex_Nut/RGOCG16-50_16mm.json,0.05388833644114631,0.05388833644114631,0.05388833644114631,0.8983094111918257,0.8983094111918257,0.8983094111918257,0.0010176066350072455,0.0010176066350072455
qwen3.5:9b,state_101,M16_Hex_Nut,hex_nut,RGOCG16-50_16mm,round_pin,False,False,False,B,../vlm_four_scene_20260925/raw/qwen3.5-9b/state_101/M16_Hex_Nut/RGOCG16-50_16mm.json,0.029589663324275154,0.029589663324275154,0.029589663324275154,0.3166623697811667,0.3166623697811667,0.3166623697811667,C,qwen3.5-9b/responses/state_101/M16_Hex_Nut/RGOCG16-50_16mm.json,0.05388833644114631,0.05388833644114631,0.05388833644114631,0.8983094111918257,0.8983094111918257,0.8983094111918257,0.024298673116871155,0.024298673116871155
qwen3.5:9b,state_101,RGOCG16-50_16mm,round_pin,RGOCG16-50_16mm,round_pin,True,True,False,A,../vlm_four_scene_20260925/raw/qwen3.5-9b/state_101/RGOCG16-50_16mm/RGOCG16-50_16mm.json,0.9777122742657071,0.9777122742657071,0.9777122742657071,0.016888950364159012,0.016888950364159012,0.016888950364159012,A,qwen3.5-9b/responses/state_101/RGOCG16-50_16mm/RGOCG16-50_16mm.json,0.9866198305824748,0.9866198305824748,0.9866198305824748,0.011673563941402725,0.011673563941402725,0.011673563941402725,0.008907556316767762,0.008907556316767762
qwen3.5:9b,state_101,RGOCG12-50_12mm,round_pin,RGOCG16-50_16mm,round_pin,True,False,False,A,../vlm_four_scene_20260925/raw/qwen3.5-9b/state_101/RGOCG12-50_12mm/RGOCG16-50_16mm.json,0.9805344944238391,0.9805344944238391,0.9805344944238391,0.014960619046855491,0.014960619046855491,0.014960619046855491,A,qwen3.5-9b/responses/state_101/RGOCG12-50_12mm/RGOCG16-50_16mm.json,0.9866198305824748,0.9866198305824748,0.9866198305824748,0.011673563941402725,0.011673563941402725,0.011673563941402725,0.006085336158635712,0.006085336158635712
qwen3.5:9b,state_101,RGOCG8-50_8mm,round_pin,RGOCG16-50_16mm,round_pin,True,False,False,A,../vlm_four_scene_20260925/raw/qwen3.5-9b/state_101/RGOCG8-50_8mm/RGOCG16-50_16mm.json,0.9787302606558917,0.9787302606558917,0.9787302606558917,0.016905636943058733,0.016905636943058733,0.016905636943058733,A,qwen3.5-9b/responses/state_101/RGOCG8-50_8mm/RGOCG16-50_16mm.json,0.9866198305824748,0.9866198305824748,0.9866198305824748,0.011673563941402725,0.011673563941402725,0.011673563941402725,0.007889569926583073,0.007889569926583073
qwen3.5:9b,state_101,USB_Male,USB_Male,RGOCG16-50_16mm,round_pin,False,False,False,B,../vlm_four_scene_20260925/raw/qwen3.5-9b/state_101/USB_Male/RGOCG16-50_16mm.json,0.03656903418298924,0.03656903418298924,0.03656903418298924,0.17298527770603542,0.17298527770603542,0.17298527770603542,C,qwen3.5-9b/responses/state_101/USB_Male/RGOCG16-50_16mm.json,0.017913800328409328,0.017913800328409328,0.017913800328409328,0.9469493028594695,0.9469493028594695,0.9469493028594695,-0.018655233854579914,-0.018655233854579914
qwen3.5:9b,state_101,DSUB_Male,DSUB_Male,RGOCG16-50_16mm,round_pin,False,False,False,C,../vlm_four_scene_20260925/raw/qwen3.5-9b/state_101/DSUB_Male/RGOCG16-50_16mm.json,0.2848214593045799,0.2848214593045799,0.2848214593045799,0.5706512413141448,0.5706512413141448,0.5706512413141448,C,qwen3.5-9b/responses/state_101/DSUB_Male/RGOCG16-50_16mm.json,0.01869059805816393,0.01869059805816393,0.01869059805816393,0.9517815714457103,0.9517815714457103,0.9517815714457103,-0.266130861246416,-0.266130861246416
qwen3.5:9b,state_101,Gear_Large,gear,RGOCG12-50_12mm,round_pin,False,False,False,C,../vlm_four_scene_20260925/raw/qwen3.5-9b/state_101/Gear_Large/RGOCG12-50_12mm.json,0.06283265602930709,0.06283265602930709,0.06283265602930709,0.7053442080727902,0.7053442080727902,0.7053442080727902,C,qwen3.5-9b/responses/state_101/Gear_Large/RGOCG12-50_12mm.json,0.011205562986821157,0.011205562986821157,0.011205562986821157,0.9815577869253095,0.9815577869253095,0.9815577869253095,-0.05162709304248593,-0.05162709304248593
qwen3.5:9b,state_101,Gear_Medium,gear,RGOCG12-50_12mm,round_pin,False,False,False,C,../vlm_four_scene_20260925/raw/qwen3.5-9b/state_101/Gear_Medium/RGOCG12-50_12mm.json,0.06382427193192435,0.06382427193192435,0.06382427193192435,0.6417671951263303,0.6417671951263303,0.6417671951263303,C,qwen3.5-9b/responses/state_101/Gear_Medium/RGOCG12-50_12mm.json,0.011205562986821157,0.011205562986821157,0.011205562986821157,0.9815577869253095,0.9815577869253095,0.9815577869253095,-0.05261870894510319,-0.05261870894510319
qwen3.5:9b,state_101,Gear_Small,gear,RGOCG12-50_12mm,round_pin,False,False,False,C,../vlm_four_scene_20260925/raw/qwen3.5-9b/state_101/Gear_Small/RGOCG12-50_12mm.json,0.03156372847588379,0.03156372847588379,0.03156372847588379,0.6398308259982626,0.6398308259982626,0.6398308259982626,C,qwen3.5-9b/responses/state_101/Gear_Small/RGOCG12-50_12mm.json,0.011205562986821157,0.011205562986821157,0.011205562986821157,0.9815577869253095,0.9815577869253095,0.9815577869253095,-0.020358165489062635,-0.020358165489062635
qwen3.5:9b,state_101,Waterproof_Male,Waterproof_Male,RGOCG12-50_12mm,round_pin,False,False,False,C,../vlm_four_scene_20260925/raw/qwen3.5-9b/state_101/Waterproof_Male/RGOCG12-50_12mm.json,0.0663469185486004,0.0663469185486004,0.0663469185486004,0.8695049304615162,0.8695049304615162,0.8695049304615162,C,qwen3.5-9b/responses/state_101/Waterproof_Male/RGOCG12-50_12mm.json,0.01422967550643122,0.01422967550643122,0.01422967550643122,0.9809225196958296,0.9809225196958296,0.9809225196958296,-0.052117243042169185,-0.052117243042169185
qwen3.5:9b,state_101,M12_Hex_Nut,hex_nut,RGOCG12-50_12mm,round_pin,False,False,False,C,../vlm_four_scene_20260925/raw/qwen3.5-9b/state_101/M12_Hex_Nut/RGOCG12-50_12mm.json,0.04820566295331613,0.04820566295331613,0.04820566295331613,0.5472379309535105,0.5472379309535105,0.5472379309535105,C,qwen3.5-9b/responses/state_101/M12_Hex_Nut/RGOCG12-50_12mm.json,0.053998414583024415,0.053998414583024415,0.053998414583024415,0.9307911373311658,0.9307911373311658,0.9307911373311658,0.005792751629708284,0.005792751629708284
qwen3.5:9b,state_101,M16_Hex_Nut,hex_nut,RGOCG12-50_12mm,round_pin,False,False,False,C,../vlm_four_scene_20260925/raw/qwen3.5-9b/state_101/M16_Hex_Nut/RGOCG12-50_12mm.json,0.04357623603127762,0.04357623603127762,0.04357623603127762,0.539536840394856,0.539536840394856,0.539536840394856,C,qwen3.5-9b/responses/state_101/M16_Hex_Nut/RGOCG12-50_12mm.json,0.053998414583024415,0.053998414583024415,0.053998414583024415,0.9307911373311658,0.9307911373311658,0.9307911373311658,0.010422178551746798,0.010422178551746798
qwen3.5:9b,state_101,RGOCG16-50_16mm,round_pin,RGOCG12-50_12mm,round_pin,True,False,False,A,../vlm_four_scene_20260925/raw/qwen3.5-9b/state_101/RGOCG16-50_16mm/RGOCG12-50_12mm.json,0.9579920758060704,0.9579920758060704,0.9579920758060704,0.0331191755913926,0.0331191755913926,0.0331191755913926,A,qwen3.5-9b/responses/state_101/RGOCG16-50_16mm/RGOCG12-50_12mm.json,0.9751805071073577,0.9751805071073577,0.9751805071073577,0.021493403336330794,0.021493403336330794,0.021493403336330794,0.017188431301287332,0.017188431301287332
qwen3.5:9b,state_101,RGOCG12-50_12mm,round_pin,RGOCG12-50_12mm,round_pin,True,True,False,A,../vlm_four_scene_20260925/raw/qwen3.5-9b/state_101/RGOCG12-50_12mm/RGOCG12-50_12mm.json,0.9586843836921519,0.9586843836921519,0.9586843836921519,0.03157221824527965,0.03157221824527965,0.03157221824527965,A,qwen3.5-9b/responses/state_101/RGOCG12-50_12mm/RGOCG12-50_12mm.json,0.9751805071073577,0.9751805071073577,0.9751805071073577,0.021493403336330794,0.021493403336330794,0.021493403336330794,0.016496123415205788,0.016496123415205788
qwen3.5:9b,state_101,RGOCG8-50_8mm,round_pin,RGOCG12-50_12mm,round_pin,True,False,False,A,../vlm_four_scene_20260925/raw/qwen3.5-9b/state_101/RGOCG8-50_8mm/RGOCG12-50_12mm.json,0.9713151457374971,0.9713151457374971,0.9713151457374971,0.022523035233671575,0.022523035233671575,0.022523035233671575,A,qwen3.5-9b/responses/state_101/RGOCG8-50_8mm/RGOCG12-50_12mm.json,0.9751805071073577,0.9751805071073577,0.9751805071073577,0.021493403336330794,0.021493403336330794,0.021493403336330794,0.003865361369860598,0.003865361369860598
qwen3.5:9b,state_101,USB_Male,USB_Male,RGOCG12-50_12mm,round_pin,False,False,False,B,../vlm_four_scene_20260925/raw/qwen3.5-9b/state_101/USB_Male/RGOCG12-50_12mm.json,0.13976511237554376,0.13976511237554376,0.13976511237554376,0.3558756033689887,0.3558756033689887,0.3558756033689887,C,qwen3.5-9b/responses/state_101/USB_Male/RGOCG12-50_12mm.json,0.01855319998340087,0.01855319998340087,0.01855319998340087,0.9323097453870307,0.9323097453870307,0.9323097453870307,-0.12121191239214289,-0.12121191239214289
qwen3.5:9b,state_101,DSUB_Male,DSUB_Male,RGOCG12-50_12mm,round_pin,False,False,False,C,../vlm_four_scene_20260925/raw/qwen3.5-9b/state_101/DSUB_Male/RGOCG12-50_12mm.json,0.19707345194882295,0.19707345194882295,0.19707345194882295,0.6765390559146126,0.6765390559146126,0.6765390559146126,C,qwen3.5-9b/responses/state_101/DSUB_Male/RGOCG12-50_12mm.json,0.013636954305282807,0.013636954305282807,0.013636954305282807,0.9787499313167514,0.9787499313167514,0.9787499313167514,-0.18343649764354014,-0.18343649764354014
qwen3.5:9b,state_101,Gear_Large,gear,RGOCG8-50_8mm,round_pin,False,False,False,C,../vlm_four_scene_20260925/raw/qwen3.5-9b/state_101/Gear_Large/RGOCG8-50_8mm.json,0.022701877565067457,0.022701877565067457,0.022701877565067457,0.6585568864531727,0.6585568864531727,0.6585568864531727,C,qwen3.5-9b/responses/state_101/Gear_Large/RGOCG8-50_8mm.json,0.009813439485956208,0.009813439485956208,0.009813439485956208,0.9334635151947662,0.9334635151947662,0.9334635151947662,-0.012888438079111249,-0.012888438079111249
qwen3.5:9b,state_101,Gear_Medium,gear,RGOCG8-50_8mm,round_pin,False,False,False,C,../vlm_four_scene_20260925/raw/qwen3.5-9b/state_101/Gear_Medium/RGOCG8-50_8mm.json,0.029231981202893043,0.029231981202893043,0.029231981202893043,0.6180015256745416,0.6180015256745416,0.6180015256745416,C,qwen3.5-9b/responses/state_101/Gear_Medium/RGOCG8-50_8mm.json,0.009813439485956208,0.009813439485956208,0.009813439485956208,0.9334635151947662,0.9334635151947662,0.9334635151947662,-0.019418541716936834,-0.019418541716936834
qwen3.5:9b,state_101,Gear_Small,gear,RGOCG8-50_8mm,round_pin,False,False,False,C,../vlm_four_scene_20260925/raw/qwen3.5-9b/state_101/Gear_Small/RGOCG8-50_8mm.json,0.012149750506761377,0.012149750506761377,0.012149750506761377,0.5227132879763979,0.5227132879763979,0.5227132879763979,C,qwen3.5-9b/responses/state_101/Gear_Small/RGOCG8-50_8mm.json,0.009813439485956208,0.009813439485956208,0.009813439485956208,0.9334635151947662,0.9334635151947662,0.9334635151947662,-0.002336311020805169,-0.002336311020805169
qwen3.5:9b,state_101,Waterproof_Male,Waterproof_Male,RGOCG8-50_8mm,round_pin,False,False,False,C,../vlm_four_scene_20260925/raw/qwen3.5-9b/state_101/Waterproof_Male/RGOCG8-50_8mm.json,0.06054977170219912,0.06054977170219912,0.06054977170219912,0.6723955925685535,0.6723955925685535,0.6723955925685535,C,qwen3.5-9b/responses/state_101/Waterproof_Male/RGOCG8-50_8mm.json,0.016279154510946952,0.016279154510946952,0.016279154510946952,0.9772195221132467,0.9772195221132467,0.9772195221132467,-0.044270617191252165,-0.044270617191252165
qwen3.5:9b,state_101,M12_Hex_Nut,hex_nut,RGOCG8-50_8mm,round_pin,False,False,False,B,../vlm_four_scene_20260925/raw/qwen3.5-9b/state_101/M12_Hex_Nut/RGOCG8-50_8mm.json,0.027444659675558602,0.027444659675558602,0.027444659675558602,0.3763697793439248,0.3763697793439248,0.3763697793439248,C,qwen3.5-9b/responses/state_101/M12_Hex_Nut/RGOCG8-50_8mm.json,0.034201275702524514,0.034201275702524514,0.034201275702524514,0.9403899304693178,0.9403899304693178,0.9403899304693178,0.006756616026965912,0.006756616026965912
qwen3.5:9b,state_101,M16_Hex_Nut,hex_nut,RGOCG8-50_8mm,round_pin,False,False,False,B,../vlm_four_scene_20260925/raw/qwen3.5-9b/state_101/M16_Hex_Nut/RGOCG8-50_8mm.json,0.01921081356643984,0.01921081356643984,0.01921081356643984,0.41707508669324317,0.41707508669324317,0.41707508669324317,C,qwen3.5-9b/responses/state_101/M16_Hex_Nut/RGOCG8-50_8mm.json,0.034201275702524514,0.034201275702524514,0.034201275702524514,0.9403899304693178,0.9403899304693178,0.9403899304693178,0.014990462136084674,0.014990462136084674
qwen3.5:9b,state_101,RGOCG16-50_16mm,round_pin,RGOCG8-50_8mm,round_pin,True,False,False,A,../vlm_four_scene_20260925/raw/qwen3.5-9b/state_101/RGOCG16-50_16mm/RGOCG8-50_8mm.json,0.968931974073572,0.968931974073572,0.968931974073572,0.023620151366856815,0.023620151366856815,0.023620151366856815,A,qwen3.5-9b/responses/state_101/RGOCG16-50_16mm/RGOCG8-50_8mm.json,0.989447951467025,0.989447951467025,0.989447951467025,0.00922760323926962,0.00922760323926962,0.00922760323926962,0.02051597739345301,0.02051597739345301
qwen3.5:9b,state_101,RGOCG12-50_12mm,round_pin,RGOCG8-50_8mm,round_pin,True,False,False,A,../vlm_four_scene_20260925/raw/qwen3.5-9b/state_101/RGOCG12-50_12mm/RGOCG8-50_8mm.json,0.9735861419485267,0.9735861419485267,0.9735861419485267,0.02053498783498652,0.02053498783498652,0.02053498783498652,A,qwen3.5-9b/responses/state_101/RGOCG12-50_12mm/RGOCG8-50_8mm.json,0.989447951467025,0.989447951467025,0.989447951467025,0.00922760323926962,0.00922760323926962,0.00922760323926962,0.01586180951849836,0.01586180951849836
qwen3.5:9b,state_101,RGOCG8-50_8mm,round_pin,RGOCG8-50_8mm,round_pin,True,True,False,A,../vlm_four_scene_20260925/raw/qwen3.5-9b/state_101/RGOCG8-50_8mm/RGOCG8-50_8mm.json,0.9820275313053949,0.9820275313053949,0.9820275313053949,0.013466817416652203,0.013466817416652203,0.013466817416652203,A,qwen3.5-9b/responses/state_101/RGOCG8-50_8mm/RGOCG8-50_8mm.json,0.989447951467025,0.989447951467025,0.989447951467025,0.00922760323926962,0.00922760323926962,0.00922760323926962,0.007420420161630137,0.007420420161630137
qwen3.5:9b,state_101,USB_Male,USB_Male,RGOCG8-50_8mm,round_pin,False,False,False,B,../vlm_four_scene_20260925/raw/qwen3.5-9b/state_101/USB_Male/RGOCG8-50_8mm.json,0.09845107236861057,0.09845107236861057,0.09845107236861057,0.25977017823928916,0.25977017823928916,0.25977017823928916,C,qwen3.5-9b/responses/state_101/USB_Male/RGOCG8-50_8mm.json,0.0158398783709334,0.0158398783709334,0.0158398783709334,0.9400557296088189,0.9400557296088189,0.9400557296088189,-0.08261119399767718,-0.08261119399767718
qwen3.5:9b,state_101,DSUB_Male,DSUB_Male,RGOCG8-50_8mm,round_pin,False,False,False,C,../vlm_four_scene_20260925/raw/qwen3.5-9b/state_101/DSUB_Male/RGOCG8-50_8mm.json,0.22264278430121262,0.22264278430121262,0.22264278430121262,0.6166188788499508,0.6166188788499508,0.6166188788499508,C,qwen3.5-9b/responses/state_101/DSUB_Male/RGOCG8-50_8mm.json,0.009822095535184453,0.009822095535184453,0.009822095535184453,0.9806700948309574,0.9806700948309574,0.9806700948309574,-0.21282068876602817,-0.21282068876602817
qwen3.5:9b,state_101,Gear_Large,gear,USB_Male,USB_Male,False,False,True,B,../vlm_four_scene_20260925/raw/qwen3.5-9b/state_101/Gear_Large/USB_Male.json,0.00574505815477649,0.00574505815477649,0.00574505815477649,0.31956471676732906,0.31956471676732906,0.31956471676732906,B,qwen3.5-9b/responses/state_101/Gear_Large/USB_Male.json,0.008342421569869241,0.008342421569869241,0.008342421569869241,0.17887035446998975,0.17887035446998975,0.17887035446998975,0.002597363415092751,0.002597363415092751
qwen3.5:9b,state_101,Gear_Medium,gear,USB_Male,USB_Male,False,False,True,B,../vlm_four_scene_20260925/raw/qwen3.5-9b/state_101/Gear_Medium/USB_Male.json,0.006498450835603387,0.006498450835603387,0.006498450835603387,0.39562156248988867,0.39562156248988867,0.39562156248988867,B,qwen3.5-9b/responses/state_101/Gear_Medium/USB_Male.json,0.008342421569869241,0.008342421569869241,0.008342421569869241,0.17887035446998975,0.17887035446998975,0.17887035446998975,0.0018439707342658542,0.0018439707342658542
qwen3.5:9b,state_101,Gear_Small,gear,USB_Male,USB_Male,False,False,True,B,../vlm_four_scene_20260925/raw/qwen3.5-9b/state_101/Gear_Small/USB_Male.json,0.012909405094243306,0.012909405094243306,0.012909405094243306,0.4082760028170368,0.4082760028170368,0.4082760028170368,B,qwen3.5-9b/responses/state_101/Gear_Small/USB_Male.json,0.008342421569869241,0.008342421569869241,0.008342421569869241,0.17887035446998975,0.17887035446998975,0.17887035446998975,-0.004566983524374065,-0.004566983524374065
qwen3.5:9b,state_101,Waterproof_Male,Waterproof_Male,USB_Male,USB_Male,False,False,True,A,../vlm_four_scene_20260925/raw/qwen3.5-9b/state_101/Waterproof_Male/USB_Male.json,0.970141410509952,0.970141410509952,0.970141410509952,0.019146760936467996,0.019146760936467996,0.019146760936467996,B,qwen3.5-9b/responses/state_101/Waterproof_Male/USB_Male.json,0.2996942731289875,0.2996942731289875,0.2996942731289875,0.09339599359143766,0.09339599359143766,0.09339599359143766,-0.6704471373809644,-0.6704471373809644
qwen3.5:9b,state_101,M12_Hex_Nut,hex_nut,USB_Male,USB_Male,False,False,True,B,../vlm_four_scene_20260925/raw/qwen3.5-9b/state_101/M12_Hex_Nut/USB_Male.json,0.0021878510093664046,0.0021878510093664046,0.0021878510093664046,0.2621480524755964,0.2621480524755964,0.2621480524755964,B,qwen3.5-9b/responses/state_101/M12_Hex_Nut/USB_Male.json,0.011169335807071438,0.011169335807071438,0.011169335807071438,0.21433881823324882,0.21433881823324882,0.21433881823324882,0.008981484797705034,0.008981484797705034
qwen3.5:9b,state_101,M16_Hex_Nut,hex_nut,USB_Male,USB_Male,False,False,True,B,../vlm_four_scene_20260925/raw/qwen3.5-9b/state_101/M16_Hex_Nut/USB_Male.json,0.002477376755636052,0.002477376755636052,0.002477376755636052,0.21443409419507853,0.21443409419507853,0.21443409419507853,B,qwen3.5-9b/responses/state_101/M16_Hex_Nut/USB_Male.json,0.011169335807071438,0.011169335807071438,0.011169335807071438,0.21433881823324882,0.21433881823324882,0.21433881823324882,0.008691959051435386,0.008691959051435386
qwen3.5:9b,state_101,RGOCG16-50_16mm,round_pin,USB_Male,USB_Male,False,False,True,B,../vlm_four_scene_20260925/raw/qwen3.5-9b/state_101/RGOCG16-50_16mm/USB_Male.json,0.27553248495830235,0.27553248495830235,0.27553248495830235,0.3443758327834569,0.3443758327834569,0.3443758327834569,B,qwen3.5-9b/responses/state_101/RGOCG16-50_16mm/USB_Male.json,0.02265435647514248,0.02265435647514248,0.02265435647514248,0.18461057916468968,0.18461057916468968,0.18461057916468968,-0.2528781284831599,-0.2528781284831599
qwen3.5:9b,state_101,RGOCG12-50_12mm,round_pin,USB_Male,USB_Male,False,False,True,B,../vlm_four_scene_20260925/raw/qwen3.5-9b/state_101/RGOCG12-50_12mm/USB_Male.json,0.26204725779964383,0.26204725779964383,0.26204725779964383,0.3065192095692075,0.3065192095692075,0.3065192095692075,B,qwen3.5-9b/responses/state_101/RGOCG12-50_12mm/USB_Male.json,0.02265435647514248,0.02265435647514248,0.02265435647514248,0.18461057916468968,0.18461057916468968,0.18461057916468968,-0.23939290132450136,-0.23939290132450136
qwen3.5:9b,state_101,RGOCG8-50_8mm,round_pin,USB_Male,USB_Male,False,False,True,A,../vlm_four_scene_20260925/raw/qwen3.5-9b/state_101/RGOCG8-50_8mm/USB_Male.json,0.3769756538667733,0.3769756538667733,0.3769756538667733,0.28854594019561897,0.28854594019561897,0.28854594019561897,B,qwen3.5-9b/responses/state_101/RGOCG8-50_8mm/USB_Male.json,0.02265435647514248,0.02265435647514248,0.02265435647514248,0.18461057916468968,0.18461057916468968,0.18461057916468968,-0.3543212973916308,-0.3543212973916308
qwen3.5:9b,state_101,USB_Male,USB_Male,USB_Male,USB_Male,True,True,True,A,../vlm_four_scene_20260925/raw/qwen3.5-9b/state_101/USB_Male/USB_Male.json,0.9879665968422295,0.9879665968422295,0.9879665968422295,0.007944706477498384,0.007944706477498384,0.007944706477498384,A,qwen3.5-9b/responses/state_101/USB_Male/USB_Male.json,0.991059244089405,0.991059244089405,0.991059244089405,0.005376708361627074,0.005376708361627074,0.005376708361627074,0.003092647247175506,0.003092647247175506
qwen3.5:9b,state_101,DSUB_Male,DSUB_Male,USB_Male,USB_Male,False,False,True,A,../vlm_four_scene_20260925/raw/qwen3.5-9b/state_101/DSUB_Male/USB_Male.json,0.9800379267304664,0.9800379267304664,0.9800379267304664,0.013940721568846844,0.013940721568846844,0.013940721568846844,A,qwen3.5-9b/responses/state_101/DSUB_Male/USB_Male.json,0.8226667640498193,0.8226667640498193,0.8226667640498193,0.0694632048210105,0.0694632048210105,0.0694632048210105,-0.1573711626806471,-0.1573711626806471
qwen3.5:9b,state_101,Gear_Large,gear,DSUB_Male,DSUB_Male,False,False,False,B,../vlm_four_scene_20260925/raw/qwen3.5-9b/state_101/Gear_Large/DSUB_Male.json,0.00998304787938143,0.00998304787938143,0.00998304787938143,0.273592953398947,0.273592953398947,0.273592953398947,B,qwen3.5-9b/responses/state_101/Gear_Large/DSUB_Male.json,0.0035457673763029784,0.0035457673763029784,0.0035457673763029784,0.23913854159426456,0.23913854159426456,0.23913854159426456,-0.006437280503078452,-0.006437280503078452
qwen3.5:9b,state_101,Gear_Medium,gear,DSUB_Male,DSUB_Male,False,False,False,B,../vlm_four_scene_20260925/raw/qwen3.5-9b/state_101/Gear_Medium/DSUB_Male.json,0.010219394317884288,0.010219394317884288,0.010219394317884288,0.3424110071052312,0.3424110071052312,0.3424110071052312,B,qwen3.5-9b/responses/state_101/Gear_Medium/DSUB_Male.json,0.0035457673763029784,0.0035457673763029784,0.0035457673763029784,0.23913854159426456,0.23913854159426456,0.23913854159426456,-0.00667362694158131,-0.00667362694158131
qwen3.5:9b,state_101,Gear_Small,gear,DSUB_Male,DSUB_Male,False,False,False,B,../vlm_four_scene_20260925/raw/qwen3.5-9b/state_101/Gear_Small/DSUB_Male.json,0.01011614431280664,0.01011614431280664,0.01011614431280664,0.41233310737875833,0.41233310737875833,0.41233310737875833,B,qwen3.5-9b/responses/state_101/Gear_Small/DSUB_Male.json,0.0035457673763029784,0.0035457673763029784,0.0035457673763029784,0.23913854159426456,0.23913854159426456,0.23913854159426456,-0.006570376936503662,-0.006570376936503662
qwen3.5:9b,state_101,Waterproof_Male,Waterproof_Male,DSUB_Male,DSUB_Male,False,False,False,A,../vlm_four_scene_20260925/raw/qwen3.5-9b/state_101/Waterproof_Male/DSUB_Male.json,0.9784728283900588,0.9784728283900588,0.9784728283900588,0.01623986162860237,0.01623986162860237,0.01623986162860237,B,qwen3.5-9b/responses/state_101/Waterproof_Male/DSUB_Male.json,0.020769816726140984,0.020769816726140984,0.020769816726140984,0.05790930544325697,0.05790930544325697,0.05790930544325697,-0.9577030116639178,-0.9577030116639178
qwen3.5:9b,state_101,M12_Hex_Nut,hex_nut,DSUB_Male,DSUB_Male,False,False,False,B,../vlm_four_scene_20260925/raw/qwen3.5-9b/state_101/M12_Hex_Nut/DSUB_Male.json,0.014462350385310142,0.014462350385310142,0.014462350385310142,0.44297418069654804,0.44297418069654804,0.44297418069654804,B,qwen3.5-9b/responses/state_101/M12_Hex_Nut/DSUB_Male.json,0.007480816024641546,0.007480816024641546,0.007480816024641546,0.31864251089886386,0.31864251089886386,0.31864251089886386,-0.006981534360668596,-0.006981534360668596
qwen3.5:9b,state_101,M16_Hex_Nut,hex_nut,DSUB_Male,DSUB_Male,False,False,False,B,../vlm_four_scene_20260925/raw/qwen3.5-9b/state_101/M16_Hex_Nut/DSUB_Male.json,0.010095014252129605,0.010095014252129605,0.010095014252129605,0.43113061759629756,0.43113061759629756,0.43113061759629756,B,qwen3.5-9b/responses/state_101/M16_Hex_Nut/DSUB_Male.json,0.007480816024641546,0.007480816024641546,0.007480816024641546,0.31864251089886386,0.31864251089886386,0.31864251089886386,-0.0026141982274880586,-0.0026141982274880586
qwen3.5:9b,state_101,RGOCG16-50_16mm,round_pin,DSUB_Male,DSUB_Male,False,False,False,B,../vlm_four_scene_20260925/raw/qwen3.5-9b/state_101/RGOCG16-50_16mm/DSUB_Male.json,0.24959730691416224,0.24959730691416224,0.24959730691416224,0.36479686078563545,0.36479686078563545,0.36479686078563545,B,qwen3.5-9b/responses/state_101/RGOCG16-50_16mm/DSUB_Male.json,0.013458671024833758,0.013458671024833758,0.013458671024833758,0.11941181318685941,0.11941181318685941,0.11941181318685941,-0.23613863588932849,-0.23613863588932849
qwen3.5:9b,state_101,RGOCG12-50_12mm,round_pin,DSUB_Male,DSUB_Male,False,False,False,C,../vlm_four_scene_20260925/raw/qwen3.5-9b/state_101/RGOCG12-50_12mm/DSUB_Male.json,0.2995843276223899,0.2995843276223899,0.2995843276223899,0.35314812719949923,0.35314812719949923,0.35314812719949923,B,qwen3.5-9b/responses/state_101/RGOCG12-50_12mm/DSUB_Male.json,0.013458671024833758,0.013458671024833758,0.013458671024833758,0.11941181318685941,0.11941181318685941,0.11941181318685941,-0.2861256565975561,-0.2861256565975561
qwen3.5:9b,state_101,RGOCG8-50_8mm,round_pin,DSUB_Male,DSUB_Male,False,False,False,C,../vlm_four_scene_20260925/raw/qwen3.5-9b/state_101/RGOCG8-50_8mm/DSUB_Male.json,0.3690959587502852,0.3690959587502852,0.3690959587502852,0.3748990560660535,0.3748990560660535,0.3748990560660535,B,qwen3.5-9b/responses/state_101/RGOCG8-50_8mm/DSUB_Male.json,0.013458671024833758,0.013458671024833758,0.013458671024833758,0.11941181318685941,0.11941181318685941,0.11941181318685941,-0.35563728772545145,-0.35563728772545145
qwen3.5:9b,state_101,USB_Male,USB_Male,DSUB_Male,DSUB_Male,False,False,False,B,../vlm_four_scene_20260925/raw/qwen3.5-9b/state_101/USB_Male/DSUB_Male.json,0.053501580645856354,0.053501580645856354,0.053501580645856354,0.19862141489521168,0.19862141489521168,0.19862141489521168,B,qwen3.5-9b/responses/state_101/USB_Male/DSUB_Male.json,0.024755276012271586,0.024755276012271586,0.024755276012271586,0.3707133780727598,0.3707133780727598,0.3707133780727598,-0.02874630463358477,-0.02874630463358477
qwen3.5:9b,state_101,DSUB_Male,DSUB_Male,DSUB_Male,DSUB_Male,True,True,False,A,../vlm_four_scene_20260925/raw/qwen3.5-9b/state_101/DSUB_Male/DSUB_Male.json,0.9795057772323327,0.9795057772323327,0.9795057772323327,0.01362620973173259,0.01362620973173259,0.01362620973173259,A,qwen3.5-9b/responses/state_101/DSUB_Male/DSUB_Male.json,0.9898754950321332,0.9898754950321332,0.9898754950321332,0.007210045163986144,0.007210045163986144,0.007210045163986144,0.01036971779980056,0.01036971779980056
qwen3.5:9b,state_202,Gear_Large,gear,Gear_Large,gear,True,True,False,A,../vlm_four_scene_20260925/raw/qwen3.5-9b/state_202/Gear_Large/Gear_Large.json,0.9885101914477998,0.9885101914477998,0.9885101914477998,0.006710759787689043,0.006710759787689043,0.006710759787689043,A,qwen3.5-9b/responses/state_202/Gear_Large/Gear_Large.json,0.991128683499512,0.991128683499512,0.991128683499512,0.006810535582885188,0.006810535582885188,0.006810535582885188,0.0026184920517121624,0.0026184920517121624
qwen3.5:9b,state_202,Gear_Medium,gear,Gear_Large,gear,True,False,False,A,../vlm_four_scene_20260925/raw/qwen3.5-9b/state_202/Gear_Medium/Gear_Large.json,0.9925073979808362,0.9925073979808362,0.9925073979808362,0.0047261750867635425,0.0047261750867635425,0.0047261750867635425,A,qwen3.5-9b/responses/state_202/Gear_Medium/Gear_Large.json,0.991128683499512,0.991128683499512,0.991128683499512,0.006810535582885188,0.006810535582885188,0.006810535582885188,-0.0013787144813242058,-0.0013787144813242058
qwen3.5:9b,state_202,Gear_Small,gear,Gear_Large,gear,True,False,False,A,../vlm_four_scene_20260925/raw/qwen3.5-9b/state_202/Gear_Small/Gear_Large.json,0.9847938419900107,0.9847938419900107,0.9847938419900107,0.00972180720923979,0.00972180720923979,0.00972180720923979,A,qwen3.5-9b/responses/state_202/Gear_Small/Gear_Large.json,0.991128683499512,0.991128683499512,0.991128683499512,0.006810535582885188,0.006810535582885188,0.006810535582885188,0.0063348415095012545,0.0063348415095012545
qwen3.5:9b,state_202,Waterproof_Male,Waterproof_Male,Gear_Large,gear,False,False,False,B,../vlm_four_scene_20260925/raw/qwen3.5-9b/state_202/Waterproof_Male/Gear_Large.json,0.056689863162992,0.056689863162992,0.056689863162992,0.20214251693894159,0.20214251693894159,0.20214251693894159,B,qwen3.5-9b/responses/state_202/Waterproof_Male/Gear_Large.json,0.008045354409129296,0.008045354409129296,0.008045354409129296,0.24631451232199147,0.24631451232199147,0.24631451232199147,-0.048644508753862704,-0.048644508753862704
qwen3.5:9b,state_202,M12_Hex_Nut,hex_nut,Gear_Large,gear,False,False,False,B,../vlm_four_scene_20260925/raw/qwen3.5-9b/state_202/M12_Hex_Nut/Gear_Large.json,0.024435196205220677,0.024435196205220677,0.024435196205220677,0.13041907949355397,0.13041907949355397,0.13041907949355397,B,qwen3.5-9b/responses/state_202/M12_Hex_Nut/Gear_Large.json,0.006369508765614454,0.006369508765614454,0.006369508765614454,0.01836211234526419,0.01836211234526419,0.01836211234526419,-0.018065687439606223,-0.018065687439606223
qwen3.5:9b,state_202,M16_Hex_Nut,hex_nut,Gear_Large,gear,False,False,False,B,../vlm_four_scene_20260925/raw/qwen3.5-9b/state_202/M16_Hex_Nut/Gear_Large.json,0.009660946093293954,0.009660946093293954,0.009660946093293954,0.147453063551917,0.147453063551917,0.147453063551917,B,qwen3.5-9b/responses/state_202/M16_Hex_Nut/Gear_Large.json,0.006369508765614454,0.006369508765614454,0.006369508765614454,0.01836211234526419,0.01836211234526419,0.01836211234526419,-0.0032914373276795,-0.0032914373276795
qwen3.5:9b,state_202,RGOCG16-50_16mm,round_pin,Gear_Large,gear,False,False,False,A,../vlm_four_scene_20260925/raw/qwen3.5-9b/state_202/RGOCG16-50_16mm/Gear_Large.json,0.6082620616260003,0.6082620616260003,0.6082620616260003,0.16315104018779888,0.16315104018779888,0.16315104018779888,B,qwen3.5-9b/responses/state_202/RGOCG16-50_16mm/Gear_Large.json,0.01489333518961188,0.01489333518961188,0.01489333518961188,0.13003268406067175,0.13003268406067175,0.13003268406067175,-0.5933687264363884,-0.5933687264363884
qwen3.5:9b,state_202,RGOCG12-50_12mm,round_pin,Gear_Large,gear,False,False,False,A,../vlm_four_scene_20260925/raw/qwen3.5-9b/state_202/RGOCG12-50_12mm/Gear_Large.json,0.5357785878914767,0.5357785878914767,0.5357785878914767,0.20656262244725265,0.20656262244725265,0.20656262244725265,B,qwen3.5-9b/responses/state_202/RGOCG12-50_12mm/Gear_Large.json,0.01489333518961188,0.01489333518961188,0.01489333518961188,0.13003268406067175,0.13003268406067175,0.13003268406067175,-0.5208852527018648,-0.5208852527018648
qwen3.5:9b,state_202,RGOCG8-50_8mm,round_pin,Gear_Large,gear,False,False,False,A,../vlm_four_scene_20260925/raw/qwen3.5-9b/state_202/RGOCG8-50_8mm/Gear_Large.json,0.6100910369161388,0.6100910369161388,0.6100910369161388,0.13335574016227664,0.13335574016227664,0.13335574016227664,B,qwen3.5-9b/responses/state_202/RGOCG8-50_8mm/Gear_Large.json,0.01489333518961188,0.01489333518961188,0.01489333518961188,0.13003268406067175,0.13003268406067175,0.13003268406067175,-0.5951977017265269,-0.5951977017265269
qwen3.5:9b,state_202,USB_Male,USB_Male,Gear_Large,gear,False,False,False,B,../vlm_four_scene_20260925/raw/qwen3.5-9b/state_202/USB_Male/Gear_Large.json,0.00422706827707614,0.00422706827707614,0.00422706827707614,0.143053708370864,0.143053708370864,0.143053708370864,B,qwen3.5-9b/responses/state_202/USB_Male/Gear_Large.json,0.005165961170741317,0.005165961170741317,0.005165961170741317,0.24428466196116397,0.24428466196116397,0.24428466196116397,0.0009388928936651768,0.0009388928936651768
qwen3.5:9b,state_202,DSUB_Male,DSUB_Male,Gear_Large,gear,False,False,False,B,../vlm_four_scene_20260925/raw/qwen3.5-9b/state_202/DSUB_Male/Gear_Large.json,0.10243339273424441,0.10243339273424441,0.10243339273424441,0.32625742887386794,0.32625742887386794,0.32625742887386794,C,qwen3.5-9b/responses/state_202/DSUB_Male/Gear_Large.json,0.012303676126567534,0.012303676126567534,0.012303676126567534,0.5236349192311495,0.5236349192311495,0.5236349192311495,-0.09012971660767688,-0.09012971660767688
qwen3.5:9b,state_202,Gear_Large,gear,Gear_Medium,gear,True,False,False,A,../vlm_four_scene_20260925/raw/qwen3.5-9b/state_202/Gear_Large/Gear_Medium.json,0.9956454039268873,0.9956454039268873,0.9956454039268873,0.0030687361284439125,0.0030687361284439125,0.0030687361284439125,A,qwen3.5-9b/responses/state_202/Gear_Large/Gear_Medium.json,0.9959557056229545,0.9959557056229545,0.9959557056229545,0.003145293806916674,0.003145293806916674,0.003145293806916674,0.0003103016960672722,0.0003103016960672722
qwen3.5:9b,state_202,Gear_Medium,gear,Gear_Medium,gear,True,True,False,A,../vlm_four_scene_20260925/raw/qwen3.5-9b/state_202/Gear_Medium/Gear_Medium.json,0.992782235340906,0.992782235340906,0.992782235340906,0.0053081189073351355,0.0053081189073351355,0.0053081189073351355,A,qwen3.5-9b/responses/state_202/Gear_Medium/Gear_Medium.json,0.9959557056229545,0.9959557056229545,0.9959557056229545,0.003145293806916674,0.003145293806916674,0.003145293806916674,0.0031734702820485072,0.0031734702820485072
qwen3.5:9b,state_202,Gear_Small,gear,Gear_Medium,gear,True,False,False,A,../vlm_four_scene_20260925/raw/qwen3.5-9b/state_202/Gear_Small/Gear_Medium.json,0.993872761711484,0.993872761711484,0.993872761711484,0.004304780880268012,0.004304780880268012,0.004304780880268012,A,qwen3.5-9b/responses/state_202/Gear_Small/Gear_Medium.json,0.9959557056229545,0.9959557056229545,0.9959557056229545,0.003145293806916674,0.003145293806916674,0.003145293806916674,0.0020829439114705695,0.0020829439114705695
qwen3.5:9b,state_202,Waterproof_Male,Waterproof_Male,Gear_Medium,gear,False,False,False,B,../vlm_four_scene_20260925/raw/qwen3.5-9b/state_202/Waterproof_Male/Gear_Medium.json,0.03335753192417031,0.03335753192417031,0.03335753192417031,0.178863339337965,0.178863339337965,0.178863339337965,B,qwen3.5-9b/responses/state_202/Waterproof_Male/Gear_Medium.json,0.006810295270908976,0.006810295270908976,0.006810295270908976,0.45816673629285987,0.45816673629285987,0.45816673629285987,-0.026547236653261336,-0.026547236653261336
qwen3.5:9b,state_202,M12_Hex_Nut,hex_nut,Gear_Medium,gear,False,False,False,B,../vlm_four_scene_20260925/raw/qwen3.5-9b/state_202/M12_Hex_Nut/Gear_Medium.json,0.006342144668598693,0.006342144668598693,0.006342144668598693,0.15935918783049802,0.15935918783049802,0.15935918783049802,B,qwen3.5-9b/responses/state_202/M12_Hex_Nut/Gear_Medium.json,0.0035536533539475296,0.0035536533539475296,0.0035536533539475296,0.014403789620914013,0.014403789620914013,0.014403789620914013,-0.0027884913146511633,-0.0027884913146511633
qwen3.5:9b,state_202,M16_Hex_Nut,hex_nut,Gear_Medium,gear,False,False,False,B,../vlm_four_scene_20260925/raw/qwen3.5-9b/state_202/M16_Hex_Nut/Gear_Medium.json,0.009960295866550678,0.009960295866550678,0.009960295866550678,0.1625525824772638,0.1625525824772638,0.1625525824772638,B,qwen3.5-9b/responses/state_202/M16_Hex_Nut/Gear_Medium.json,0.0035536533539475296,0.0035536533539475296,0.0035536533539475296,0.014403789620914013,0.014403789620914013,0.014403789620914013,-0.006406642512603148,-0.006406642512603148
qwen3.5:9b,state_202,RGOCG16-50_16mm,round_pin,Gear_Medium,gear,False,False,False,A,../vlm_four_scene_20260925/raw/qwen3.5-9b/state_202/RGOCG16-50_16mm/Gear_Medium.json,0.4842044237221354,0.4842044237221354,0.4842044237221354,0.22472202764854363,0.22472202764854363,0.22472202764854363,B,qwen3.5-9b/responses/state_202/RGOCG16-50_16mm/Gear_Medium.json,0.005051284859759969,0.005051284859759969,0.005051284859759969,0.07299219276506316,0.07299219276506316,0.07299219276506316,-0.4791531388623754,-0.4791531388623754
qwen3.5:9b,state_202,RGOCG12-50_12mm,round_pin,Gear_Medium,gear,False,False,False,A,../vlm_four_scene_20260925/raw/qwen3.5-9b/state_202/RGOCG12-50_12mm/Gear_Medium.json,0.6996030772981175,0.6996030772981175,0.6996030772981175,0.14127135495896667,0.14127135495896667,0.14127135495896667,B,qwen3.5-9b/responses/state_202/RGOCG12-50_12mm/Gear_Medium.json,0.005051284859759969,0.005051284859759969,0.005051284859759969,0.07299219276506316,0.07299219276506316,0.07299219276506316,-0.6945517924383576,-0.6945517924383576
qwen3.5:9b,state_202,RGOCG8-50_8mm,round_pin,Gear_Medium,gear,False,False,False,A,../vlm_four_scene_20260925/raw/qwen3.5-9b/state_202/RGOCG8-50_8mm/Gear_Medium.json,0.5994144852846964,0.5994144852846964,0.5994144852846964,0.15610647785192866,0.15610647785192866,0.15610647785192866,B,qwen3.5-9b/responses/state_202/RGOCG8-50_8mm/Gear_Medium.json,0.005051284859759969,0.005051284859759969,0.005051284859759969,0.07299219276506316,0.07299219276506316,0.07299219276506316,-0.5943632004249365,-0.5943632004249365
qwen3.5:9b,state_202,USB_Male,USB_Male,Gear_Medium,gear,False,False,False,B,../vlm_four_scene_20260925/raw/qwen3.5-9b/state_202/USB_Male/Gear_Medium.json,0.00247929120954886,0.00247929120954886,0.00247929120954886,0.18111241615890994,0.18111241615890994,0.18111241615890994,B,qwen3.5-9b/responses/state_202/USB_Male/Gear_Medium.json,0.005007367459064187,0.005007367459064187,0.005007367459064187,0.2792859774325075,0.2792859774325075,0.2792859774325075,0.0025280762495153274,0.0025280762495153274
qwen3.5:9b,state_202,DSUB_Male,DSUB_Male,Gear_Medium,gear,False,False,False,B,../vlm_four_scene_20260925/raw/qwen3.5-9b/state_202/DSUB_Male/Gear_Medium.json,0.033338942862193306,0.033338942862193306,0.033338942862193306,0.3611241951105346,0.3611241951105346,0.3611241951105346,C,qwen3.5-9b/responses/state_202/DSUB_Male/Gear_Medium.json,0.008123939188569724,0.008123939188569724,0.008123939188569724,0.5382224374777387,0.5382224374777387,0.5382224374777387,-0.02521500367362358,-0.02521500367362358
qwen3.5:9b,state_202,Gear_Large,gear,Gear_Small,gear,True,False,False,A,../vlm_four_scene_20260925/raw/qwen3.5-9b/state_202/Gear_Large/Gear_Small.json,0.9521577944974182,0.9521577944974182,0.9521577944974182,0.017381131261627946,0.017381131261627946,0.017381131261627946,A,qwen3.5-9b/responses/state_202/Gear_Large/Gear_Small.json,0.8520147780939012,0.8520147780939012,0.8520147780939012,0.08703930148161042,0.08703930148161042,0.08703930148161042,-0.10014301640351697,-0.10014301640351697
qwen3.5:9b,state_202,Gear_Medium,gear,Gear_Small,gear,True,False,False,A,../vlm_four_scene_20260925/raw/qwen3.5-9b/state_202/Gear_Medium/Gear_Small.json,0.9404364229239711,0.9404364229239711,0.9404364229239711,0.021310185919009187,0.021310185919009187,0.021310185919009187,A,qwen3.5-9b/responses/state_202/Gear_Medium/Gear_Small.json,0.8520147780939012,0.8520147780939012,0.8520147780939012,0.08703930148161042,0.08703930148161042,0.08703930148161042,-0.08842164483006987,-0.08842164483006987
qwen3.5:9b,state_202,Gear_Small,gear,Gear_Small,gear,True,True,False,A,../vlm_four_scene_20260925/raw/qwen3.5-9b/state_202/Gear_Small/Gear_Small.json,0.9284935559412704,0.9284935559412704,0.9284935559412704,0.027517544139447785,0.027517544139447785,0.027517544139447785,A,qwen3.5-9b/responses/state_202/Gear_Small/Gear_Small.json,0.8520147780939012,0.8520147780939012,0.8520147780939012,0.08703930148161042,0.08703930148161042,0.08703930148161042,-0.07647877784736912,-0.07647877784736912
qwen3.5:9b,state_202,Waterproof_Male,Waterproof_Male,Gear_Small,gear,False,False,False,B,../vlm_four_scene_20260925/raw/qwen3.5-9b/state_202/Waterproof_Male/Gear_Small.json,0.1459950192420192,0.1459950192420192,0.1459950192420192,0.26060900169802853,0.26060900169802853,0.26060900169802853,C,qwen3.5-9b/responses/state_202/Waterproof_Male/Gear_Small.json,0.07682207856313343,0.07682207856313343,0.07682207856313343,0.79902333365675,0.79902333365675,0.79902333365675,-0.06917294067888576,-0.06917294067888576
qwen3.5:9b,state_202,M12_Hex_Nut,hex_nut,Gear_Small,gear,False,False,False,B,../vlm_four_scene_20260925/raw/qwen3.5-9b/state_202/M12_Hex_Nut/Gear_Small.json,0.17182307690910373,0.17182307690910373,0.17182307690910373,0.19479616911012335,0.19479616911012335,0.19479616911012335,B,qwen3.5-9b/responses/state_202/M12_Hex_Nut/Gear_Small.json,0.03624779047200585,0.03624779047200585,0.03624779047200585,0.09130735541312555,0.09130735541312555,0.09130735541312555,-0.13557528643709787,-0.13557528643709787
qwen3.5:9b,state_202,M16_Hex_Nut,hex_nut,Gear_Small,gear,False,False,False,B,../vlm_four_scene_20260925/raw/qwen3.5-9b/state_202/M16_Hex_Nut/Gear_Small.json,0.13056178721291192,0.13056178721291192,0.13056178721291192,0.2332016674852826,0.2332016674852826,0.2332016674852826,B,qwen3.5-9b/responses/state_202/M16_Hex_Nut/Gear_Small.json,0.03624779047200585,0.03624779047200585,0.03624779047200585,0.09130735541312555,0.09130735541312555,0.09130735541312555,-0.09431399674090607,-0.09431399674090607
qwen3.5:9b,state_202,RGOCG16-50_16mm,round_pin,Gear_Small,gear,False,False,False,A,../vlm_four_scene_20260925/raw/qwen3.5-9b/state_202/RGOCG16-50_16mm/Gear_Small.json,0.6442155254954034,0.6442155254954034,0.6442155254954034,0.17021309103526064,0.17021309103526064,0.17021309103526064,C,qwen3.5-9b/responses/state_202/RGOCG16-50_16mm/Gear_Small.json,0.08394982642516914,0.08394982642516914,0.08394982642516914,0.5085256563919145,0.5085256563919145,0.5085256563919145,-0.5602656990702343,-0.5602656990702343
qwen3.5:9b,state_202,RGOCG12-50_12mm,round_pin,Gear_Small,gear,False,False,False,A,../vlm_four_scene_20260925/raw/qwen3.5-9b/state_202/RGOCG12-50_12mm/Gear_Small.json,0.4954568080782784,0.4954568080782784,0.4954568080782784,0.18536058871058222,0.18536058871058222,0.18536058871058222,C,qwen3.5-9b/responses/state_202/RGOCG12-50_12mm/Gear_Small.json,0.08394982642516914,0.08394982642516914,0.08394982642516914,0.5085256563919145,0.5085256563919145,0.5085256563919145,-0.4115069816531093,-0.4115069816531093
qwen3.5:9b,state_202,RGOCG8-50_8mm,round_pin,Gear_Small,gear,False,False,False,A,../vlm_four_scene_20260925/raw/qwen3.5-9b/state_202/RGOCG8-50_8mm/Gear_Small.json,0.5394214987449735,0.5394214987449735,0.5394214987449735,0.1876963756990932,0.1876963756990932,0.1876963756990932,C,qwen3.5-9b/responses/state_202/RGOCG8-50_8mm/Gear_Small.json,0.08394982642516914,0.08394982642516914,0.08394982642516914,0.5085256563919145,0.5085256563919145,0.5085256563919145,-0.45547167231980434,-0.45547167231980434
qwen3.5:9b,state_202,USB_Male,USB_Male,Gear_Small,gear,False,False,False,B,../vlm_four_scene_20260925/raw/qwen3.5-9b/state_202/USB_Male/Gear_Small.json,0.031504348954470796,0.031504348954470796,0.031504348954470796,0.267376112856422,0.267376112856422,0.267376112856422,C,qwen3.5-9b/responses/state_202/USB_Male/Gear_Small.json,0.010204756612275816,0.010204756612275816,0.010204756612275816,0.5246054519555956,0.5246054519555956,0.5246054519555956,-0.02129959234219498,-0.02129959234219498
qwen3.5:9b,state_202,DSUB_Male,DSUB_Male,Gear_Small,gear,False,False,False,C,../vlm_four_scene_20260925/raw/qwen3.5-9b/state_202/DSUB_Male/Gear_Small.json,0.18010821807271973,0.18010821807271973,0.18010821807271973,0.49361396228262033,0.49361396228262033,0.49361396228262033,C,qwen3.5-9b/responses/state_202/DSUB_Male/Gear_Small.json,0.02884119156065168,0.02884119156065168,0.02884119156065168,0.9331850986332586,0.9331850986332586,0.9331850986332586,-0.15126702651206805,-0.15126702651206805
qwen3.5:9b,state_202,Gear_Large,gear,Waterproof_Male,Waterproof_Male,False,False,False,B,../vlm_four_scene_20260925/raw/qwen3.5-9b/state_202/Gear_Large/Waterproof_Male.json,0.30911453201882555,0.30911453201882555,0.30911453201882555,0.22982353879222464,0.22982353879222464,0.22982353879222464,B,qwen3.5-9b/responses/state_202/Gear_Large/Waterproof_Male.json,0.005833176053788259,0.005833176053788259,0.005833176053788259,0.14836055519894412,0.14836055519894412,0.14836055519894412,-0.3032813559650373,-0.3032813559650373
qwen3.5:9b,state_202,Gear_Medium,gear,Waterproof_Male,Waterproof_Male,False,False,False,A,../vlm_four_scene_20260925/raw/qwen3.5-9b/state_202/Gear_Medium/Waterproof_Male.json,0.4247599498952348,0.4247599498952348,0.4247599498952348,0.1602601548046535,0.1602601548046535,0.1602601548046535,B,qwen3.5-9b/responses/state_202/Gear_Medium/Waterproof_Male.json,0.005833176053788259,0.005833176053788259,0.005833176053788259,0.14836055519894412,0.14836055519894412,0.14836055519894412,-0.41892677384144655,-0.41892677384144655
qwen3.5:9b,state_202,Gear_Small,gear,Waterproof_Male,Waterproof_Male,False,False,False,A,../vlm_four_scene_20260925/raw/qwen3.5-9b/state_202/Gear_Small/Waterproof_Male.json,0.4150177001346356,0.4150177001346356,0.4150177001346356,0.21589846236898536,0.21589846236898536,0.21589846236898536,B,qwen3.5-9b/responses/state_202/Gear_Small/Waterproof_Male.json,0.005833176053788259,0.005833176053788259,0.005833176053788259,0.14836055519894412,0.14836055519894412,0.14836055519894412,-0.4091845240808474,-0.4091845240808474
qwen3.5:9b,state_202,Waterproof_Male,Waterproof_Male,Waterproof_Male,Waterproof_Male,True,True,False,A,../vlm_four_scene_20260925/raw/qwen3.5-9b/state_202/Waterproof_Male/Waterproof_Male.json,0.9776588073208066,0.9776588073208066,0.9776588073208066,0.015450431736648323,0.015450431736648323,0.015450431736648323,A,qwen3.5-9b/responses/state_202/Waterproof_Male/Waterproof_Male.json,0.9901031256173517,0.9901031256173517,0.9901031256173517,0.007204388407480026,0.007204388407480026,0.007204388407480026,0.012444318296545132,0.012444318296545132
qwen3.5:9b,state_202,M12_Hex_Nut,hex_nut,Waterproof_Male,Waterproof_Male,False,False,False,B,../vlm_four_scene_20260925/raw/qwen3.5-9b/state_202/M12_Hex_Nut/Waterproof_Male.json,0.07161253863172877,0.07161253863172877,0.07161253863172877,0.23811256748540524,0.23811256748540524,0.23811256748540524,B,qwen3.5-9b/responses/state_202/M12_Hex_Nut/Waterproof_Male.json,0.03223804562879159,0.03223804562879159,0.03223804562879159,0.457080559496439,0.457080559496439,0.457080559496439,-0.03937449300293718,-0.03937449300293718
qwen3.5:9b,state_202,M16_Hex_Nut,hex_nut,Waterproof_Male,Waterproof_Male,False,False,False,B,../vlm_four_scene_20260925/raw/qwen3.5-9b/state_202/M16_Hex_Nut/Waterproof_Male.json,0.03324431392578676,0.03324431392578676,0.03324431392578676,0.287121872430645,0.287121872430645,0.287121872430645,B,qwen3.5-9b/responses/state_202/M16_Hex_Nut/Waterproof_Male.json,0.03223804562879159,0.03223804562879159,0.03223804562879159,0.457080559496439,0.457080559496439,0.457080559496439,-0.0010062682969951692,-0.0010062682969951692
qwen3.5:9b,state_202,RGOCG16-50_16mm,round_pin,Waterproof_Male,Waterproof_Male,False,False,False,A,../vlm_four_scene_20260925/raw/qwen3.5-9b/state_202/RGOCG16-50_16mm/Waterproof_Male.json,0.8325932056098757,0.8325932056098757,0.8325932056098757,0.06480900492130157,0.06480900492130157,0.06480900492130157,B,qwen3.5-9b/responses/state_202/RGOCG16-50_16mm/Waterproof_Male.json,0.05136003395433,0.05136003395433,0.05136003395433,0.37357295361806436,0.37357295361806436,0.37357295361806436,-0.7812331716555457,-0.7812331716555457
qwen3.5:9b,state_202,RGOCG12-50_12mm,round_pin,Waterproof_Male,Waterproof_Male,False,False,False,A,../vlm_four_scene_20260925/raw/qwen3.5-9b/state_202/RGOCG12-50_12mm/Waterproof_Male.json,0.915369268989472,0.915369268989472,0.915369268989472,0.040554833868079426,0.040554833868079426,0.040554833868079426,B,qwen3.5-9b/responses/state_202/RGOCG12-50_12mm/Waterproof_Male.json,0.05136003395433,0.05136003395433,0.05136003395433,0.37357295361806436,0.37357295361806436,0.37357295361806436,-0.864009235035142,-0.864009235035142
qwen3.5:9b,state_202,RGOCG8-50_8mm,round_pin,Waterproof_Male,Waterproof_Male,False,False,False,A,../vlm_four_scene_20260925/raw/qwen3.5-9b/state_202/RGOCG8-50_8mm/Waterproof_Male.json,0.8901174036148607,0.8901174036148607,0.8901174036148607,0.05211273420617277,0.05211273420617277,0.05211273420617277,B,qwen3.5-9b/responses/state_202/RGOCG8-50_8mm/Waterproof_Male.json,0.05136003395433,0.05136003395433,0.05136003395433,0.37357295361806436,0.37357295361806436,0.37357295361806436,-0.8387573696605307,-0.8387573696605307
qwen3.5:9b,state_202,USB_Male,USB_Male,Waterproof_Male,Waterproof_Male,False,False,False,B,../vlm_four_scene_20260925/raw/qwen3.5-9b/state_202/USB_Male/Waterproof_Male.json,0.16020117096831188,0.16020117096831188,0.16020117096831188,0.18921191158621414,0.18921191158621414,0.18921191158621414,C,qwen3.5-9b/responses/state_202/USB_Male/Waterproof_Male.json,0.0330080099853057,0.0330080099853057,0.0330080099853057,0.624679685113798,0.624679685113798,0.624679685113798,-0.12719316098300618,-0.12719316098300618
qwen3.5:9b,state_202,DSUB_Male,DSUB_Male,Waterproof_Male,Waterproof_Male,False,False,False,A,../vlm_four_scene_20260925/raw/qwen3.5-9b/state_202/DSUB_Male/Waterproof_Male.json,0.6382488645560384,0.6382488645560384,0.6382488645560384,0.1266158045574098,0.1266158045574098,0.1266158045574098,A,qwen3.5-9b/responses/state_202/DSUB_Male/Waterproof_Male.json,0.7261546905716522,0.7261546905716522,0.7261546905716522,0.1756222011466986,0.1756222011466986,0.1756222011466986,0.08790582601561381,0.08790582601561381
qwen3.5:9b,state_202,Gear_Large,gear,M12_Hex_Nut,hex_nut,False,False,False,A,../vlm_four_scene_20260925/raw/qwen3.5-9b/state_202/Gear_Large/M12_Hex_Nut.json,0.9077998404385059,0.9077998404385059,0.9077998404385059,0.05190144775402321,0.05190144775402321,0.05190144775402321,C,qwen3.5-9b/responses/state_202/Gear_Large/M12_Hex_Nut.json,0.15199885604796237,0.15199885604796237,0.15199885604796237,0.6540137022763014,0.6540137022763014,0.6540137022763014,-0.7558009843905436,-0.7558009843905436
qwen3.5:9b,state_202,Gear_Medium,gear,M12_Hex_Nut,hex_nut,False,False,False,A,../vlm_four_scene_20260925/raw/qwen3.5-9b/state_202/Gear_Medium/M12_Hex_Nut.json,0.9203715915199656,0.9203715915199656,0.9203715915199656,0.05313751248072948,0.05313751248072948,0.05313751248072948,C,qwen3.5-9b/responses/state_202/Gear_Medium/M12_Hex_Nut.json,0.15199885604796237,0.15199885604796237,0.15199885604796237,0.6540137022763014,0.6540137022763014,0.6540137022763014,-0.7683727354720032,-0.7683727354720032
qwen3.5:9b,state_202,Gear_Small,gear,M12_Hex_Nut,hex_nut,False,False,False,A,../vlm_four_scene_20260925/raw/qwen3.5-9b/state_202/Gear_Small/M12_Hex_Nut.json,0.904080925111467,0.904080925111467,0.904080925111467,0.06185952887565609,0.06185952887565609,0.06185952887565609,C,qwen3.5-9b/responses/state_202/Gear_Small/M12_Hex_Nut.json,0.15199885604796237,0.15199885604796237,0.15199885604796237,0.6540137022763014,0.6540137022763014,0.6540137022763014,-0.7520820690635046,-0.7520820690635046
qwen3.5:9b,state_202,Waterproof_Male,Waterproof_Male,M12_Hex_Nut,hex_nut,False,False,False,A,../vlm_four_scene_20260925/raw/qwen3.5-9b/state_202/Waterproof_Male/M12_Hex_Nut.json,0.8307119618000635,0.8307119618000635,0.8307119618000635,0.11729889681221353,0.11729889681221353,0.11729889681221353,A,qwen3.5-9b/responses/state_202/Waterproof_Male/M12_Hex_Nut.json,0.5933170904230666,0.5933170904230666,0.5933170904230666,0.3759000931998735,0.3759000931998735,0.3759000931998735,-0.23739487137699689,-0.23739487137699689
qwen3.5:9b,state_202,M12_Hex_Nut,hex_nut,M12_Hex_Nut,hex_nut,True,True,False,A,../vlm_four_scene_20260925/raw/qwen3.5-9b/state_202/M12_Hex_Nut/M12_Hex_Nut.json,0.9130331272087255,0.9130331272087255,0.9130331272087255,0.051626159961941996,0.051626159961941996,0.051626159961941996,A,qwen3.5-9b/responses/state_202/M12_Hex_Nut/M12_Hex_Nut.json,0.885056973714847,0.885056973714847,0.885056973714847,0.08372725276572483,0.08372725276572483,0.08372725276572483,-0.027976153493878497,-0.027976153493878497
qwen3.5:9b,state_202,M16_Hex_Nut,hex_nut,M12_Hex_Nut,hex_nut,True,False,False,A,../vlm_four_scene_20260925/raw/qwen3.5-9b/state_202/M16_Hex_Nut/M12_Hex_Nut.json,0.9504435642200298,0.9504435642200298,0.9504435642200298,0.029879876578872058,0.029879876578872058,0.029879876578872058,A,qwen3.5-9b/responses/state_202/M16_Hex_Nut/M12_Hex_Nut.json,0.885056973714847,0.885056973714847,0.885056973714847,0.08372725276572483,0.08372725276572483,0.08372725276572483,-0.0653865905051828,-0.0653865905051828
qwen3.5:9b,state_202,RGOCG16-50_16mm,round_pin,M12_Hex_Nut,hex_nut,False,False,False,A,../vlm_four_scene_20260925/raw/qwen3.5-9b/state_202/RGOCG16-50_16mm/M12_Hex_Nut.json,0.7852822563865057,0.7852822563865057,0.7852822563865057,0.15079301657929162,0.15079301657929162,0.15079301657929162,C,qwen3.5-9b/responses/state_202/RGOCG16-50_16mm/M12_Hex_Nut.json,0.43206918121284216,0.43206918121284216,0.43206918121284216,0.5244166216616953,0.5244166216616953,0.5244166216616953,-0.35321307517366357,-0.35321307517366357
qwen3.5:9b,state_202,RGOCG12-50_12mm,round_pin,M12_Hex_Nut,hex_nut,False,False,False,A,../vlm_four_scene_20260925/raw/qwen3.5-9b/state_202/RGOCG12-50_12mm/M12_Hex_Nut.json,0.8010075738305418,0.8010075738305418,0.8010075738305418,0.13231966111115842,0.13231966111115842,0.13231966111115842,C,qwen3.5-9b/responses/state_202/RGOCG12-50_12mm/M12_Hex_Nut.json,0.43206918121284216,0.43206918121284216,0.43206918121284216,0.5244166216616953,0.5244166216616953,0.5244166216616953,-0.3689383926176996,-0.3689383926176996
qwen3.5:9b,state_202,RGOCG8-50_8mm,round_pin,M12_Hex_Nut,hex_nut,False,False,False,A,../vlm_four_scene_20260925/raw/qwen3.5-9b/state_202/RGOCG8-50_8mm/M12_Hex_Nut.json,0.8041086227666898,0.8041086227666898,0.8041086227666898,0.14023132161760662,0.14023132161760662,0.14023132161760662,C,qwen3.5-9b/responses/state_202/RGOCG8-50_8mm/M12_Hex_Nut.json,0.43206918121284216,0.43206918121284216,0.43206918121284216,0.5244166216616953,0.5244166216616953,0.5244166216616953,-0.37203944155384766,-0.37203944155384766
qwen3.5:9b,state_202,USB_Male,USB_Male,M12_Hex_Nut,hex_nut,False,False,False,C,../vlm_four_scene_20260925/raw/qwen3.5-9b/state_202/USB_Male/M12_Hex_Nut.json,0.37022663050214005,0.37022663050214005,0.37022663050214005,0.3878794650824981,0.3878794650824981,0.3878794650824981,C,qwen3.5-9b/responses/state_202/USB_Male/M12_Hex_Nut.json,0.02741557042968623,0.02741557042968623,0.02741557042968623,0.9177821861901184,0.9177821861901184,0.9177821861901184,-0.3428110600724538,-0.3428110600724538
qwen3.5:9b,state_202,DSUB_Male,DSUB_Male,M12_Hex_Nut,hex_nut,False,False,False,A,../vlm_four_scene_20260925/raw/qwen3.5-9b/state_202/DSUB_Male/M12_Hex_Nut.json,0.5213041292663667,0.5213041292663667,0.5213041292663667,0.3398258561169153,0.3398258561169153,0.3398258561169153,C,qwen3.5-9b/responses/state_202/DSUB_Male/M12_Hex_Nut.json,0.12425733502270857,0.12425733502270857,0.12425733502270857,0.8456214717971263,0.8456214717971263,0.8456214717971263,-0.39704679424365813,-0.39704679424365813
qwen3.5:9b,state_202,Gear_Large,gear,M16_Hex_Nut,hex_nut,False,False,False,A,../vlm_four_scene_20260925/raw/qwen3.5-9b/state_202/Gear_Large/M16_Hex_Nut.json,0.961051284859865,0.961051284859865,0.961051284859865,0.024482185663049095,0.024482185663049095,0.024482185663049095,B,qwen3.5-9b/responses/state_202/Gear_Large/M16_Hex_Nut.json,0.07157578826014996,0.07157578826014996,0.07157578826014996,0.3261447366693365,0.3261447366693365,0.3261447366693365,-0.889475496599715,-0.889475496599715
qwen3.5:9b,state_202,Gear_Medium,gear,M16_Hex_Nut,hex_nut,False,False,False,A,../vlm_four_scene_20260925/raw/qwen3.5-9b/state_202/Gear_Medium/M16_Hex_Nut.json,0.957136214342626,0.957136214342626,0.957136214342626,0.02467108414429881,0.02467108414429881,0.02467108414429881,B,qwen3.5-9b/responses/state_202/Gear_Medium/M16_Hex_Nut.json,0.07157578826014996,0.07157578826014996,0.07157578826014996,0.3261447366693365,0.3261447366693365,0.3261447366693365,-0.885560426082476,-0.885560426082476
qwen3.5:9b,state_202,Gear_Small,gear,M16_Hex_Nut,hex_nut,False,False,False,A,../vlm_four_scene_20260925/raw/qwen3.5-9b/state_202/Gear_Small/M16_Hex_Nut.json,0.9453193545133319,0.9453193545133319,0.9453193545133319,0.0341806761957625,0.0341806761957625,0.0341806761957625,B,qwen3.5-9b/responses/state_202/Gear_Small/M16_Hex_Nut.json,0.07157578826014996,0.07157578826014996,0.07157578826014996,0.3261447366693365,0.3261447366693365,0.3261447366693365,-0.873743566253182,-0.873743566253182
qwen3.5:9b,state_202,Waterproof_Male,Waterproof_Male,M16_Hex_Nut,hex_nut,False,False,False,A,../vlm_four_scene_20260925/raw/qwen3.5-9b/state_202/Waterproof_Male/M16_Hex_Nut.json,0.8533188045446635,0.8533188045446635,0.8533188045446635,0.08623862618138559,0.08623862618138559,0.08623862618138559,C,qwen3.5-9b/responses/state_202/Waterproof_Male/M16_Hex_Nut.json,0.4363409532349248,0.4363409532349248,0.4363409532349248,0.4461852379564079,0.4461852379564079,0.4461852379564079,-0.4169778513097387,-0.4169778513097387
qwen3.5:9b,state_202,M12_Hex_Nut,hex_nut,M16_Hex_Nut,hex_nut,True,False,False,A,../vlm_four_scene_20260925/raw/qwen3.5-9b/state_202/M12_Hex_Nut/M16_Hex_Nut.json,0.9872041347028508,0.9872041347028508,0.9872041347028508,0.008489584868398783,0.008489584868398783,0.008489584868398783,A,qwen3.5-9b/responses/state_202/M12_Hex_Nut/M16_Hex_Nut.json,0.9386364198610315,0.9386364198610315,0.9386364198610315,0.04343452718089664,0.04343452718089664,0.04343452718089664,-0.04856771484181932,-0.04856771484181932
qwen3.5:9b,state_202,M16_Hex_Nut,hex_nut,M16_Hex_Nut,hex_nut,True,True,False,A,../vlm_four_scene_20260925/raw/qwen3.5-9b/state_202/M16_Hex_Nut/M16_Hex_Nut.json,0.988545596436563,0.988545596436563,0.988545596436563,0.007495262568142385,0.007495262568142385,0.007495262568142385,A,qwen3.5-9b/responses/state_202/M16_Hex_Nut/M16_Hex_Nut.json,0.9386364198610315,0.9386364198610315,0.9386364198610315,0.04343452718089664,0.04343452718089664,0.04343452718089664,-0.04990917657553151,-0.04990917657553151
qwen3.5:9b,state_202,RGOCG16-50_16mm,round_pin,M16_Hex_Nut,hex_nut,False,False,False,A,../vlm_four_scene_20260925/raw/qwen3.5-9b/state_202/RGOCG16-50_16mm/M16_Hex_Nut.json,0.7396849935426898,0.7396849935426898,0.7396849935426898,0.1373393973125702,0.1373393973125702,0.1373393973125702,C,qwen3.5-9b/responses/state_202/RGOCG16-50_16mm/M16_Hex_Nut.json,0.10925118415922895,0.10925118415922895,0.10925118415922895,0.45367653086908943,0.45367653086908943,0.45367653086908943,-0.6304338093834608,-0.6304338093834608
qwen3.5:9b,state_202,RGOCG12-50_12mm,round_pin,M16_Hex_Nut,hex_nut,False,False,False,A,../vlm_four_scene_20260925/raw/qwen3.5-9b/state_202/RGOCG12-50_12mm/M16_Hex_Nut.json,0.8318233472745385,0.8318233472745385,0.8318233472745385,0.08861061350312469,0.08861061350312469,0.08861061350312469,C,qwen3.5-9b/responses/state_202/RGOCG12-50_12mm/M16_Hex_Nut.json,0.10925118415922895,0.10925118415922895,0.10925118415922895,0.45367653086908943,0.45367653086908943,0.45367653086908943,-0.7225721631153096,-0.7225721631153096
qwen3.5:9b,state_202,RGOCG8-50_8mm,round_pin,M16_Hex_Nut,hex_nut,False,False,False,A,../vlm_four_scene_20260925/raw/qwen3.5-9b/state_202/RGOCG8-50_8mm/M16_Hex_Nut.json,0.8435294676856704,0.8435294676856704,0.8435294676856704,0.10099591012939628,0.10099591012939628,0.10099591012939628,C,qwen3.5-9b/responses/state_202/RGOCG8-50_8mm/M16_Hex_Nut.json,0.10925118415922895,0.10925118415922895,0.10925118415922895,0.45367653086908943,0.45367653086908943,0.45367653086908943,-0.7342782835264414,-0.7342782835264414
qwen3.5:9b,state_202,USB_Male,USB_Male,M16_Hex_Nut,hex_nut,False,False,False,B,../vlm_four_scene_20260925/raw/qwen3.5-9b/state_202/USB_Male/M16_Hex_Nut.json,0.07292452766475269,0.07292452766475269,0.07292452766475269,0.2435971815693678,0.2435971815693678,0.2435971815693678,C,qwen3.5-9b/responses/state_202/USB_Male/M16_Hex_Nut.json,0.01399104032603844,0.01399104032603844,0.01399104032603844,0.651611865805676,0.651611865805676,0.651611865805676,-0.058933487338714244,-0.058933487338714244
qwen3.5:9b,state_202,DSUB_Male,DSUB_Male,M16_Hex_Nut,hex_nut,False,False,False,A,../vlm_four_scene_20260925/raw/qwen3.5-9b/state_202/DSUB_Male/M16_Hex_Nut.json,0.7718402722491309,0.7718402722491309,0.7718402722491309,0.09217121938706917,0.09217121938706917,0.09217121938706917,C,qwen3.5-9b/responses/state_202/DSUB_Male/M16_Hex_Nut.json,0.027803597373554416,0.027803597373554416,0.027803597373554416,0.7829608871056117,0.7829608871056117,0.7829608871056117,-0.7440366748755765,-0.7440366748755765
qwen3.5:9b,state_202,Gear_Large,gear,RGOCG16-50_16mm,round_pin,False,False,False,B,../vlm_four_scene_20260925/raw/qwen3.5-9b/state_202/Gear_Large/RGOCG16-50_16mm.json,0.019425673234365545,0.019425673234365545,0.019425673234365545,0.24501955614247553,0.24501955614247553,0.24501955614247553,C,qwen3.5-9b/responses/state_202/Gear_Large/RGOCG16-50_16mm.json,0.009978046069950912,0.009978046069950912,0.009978046069950912,0.9045355326268131,0.9045355326268131,0.9045355326268131,-0.009447627164414633,-0.009447627164414633
qwen3.5:9b,state_202,Gear_Medium,gear,RGOCG16-50_16mm,round_pin,False,False,False,B,../vlm_four_scene_20260925/raw/qwen3.5-9b/state_202/Gear_Medium/RGOCG16-50_16mm.json,0.012105124590299514,0.012105124590299514,0.012105124590299514,0.21812378392943427,0.21812378392943427,0.21812378392943427,C,qwen3.5-9b/responses/state_202/Gear_Medium/RGOCG16-50_16mm.json,0.009978046069950912,0.009978046069950912,0.009978046069950912,0.9045355326268131,0.9045355326268131,0.9045355326268131,-0.002127078520348602,-0.002127078520348602
qwen3.5:9b,state_202,Gear_Small,gear,RGOCG16-50_16mm,round_pin,False,False,False,B,../vlm_four_scene_20260925/raw/qwen3.5-9b/state_202/Gear_Small/RGOCG16-50_16mm.json,0.009464428268329831,0.009464428268329831,0.009464428268329831,0.34317770224718497,0.34317770224718497,0.34317770224718497,C,qwen3.5-9b/responses/state_202/Gear_Small/RGOCG16-50_16mm.json,0.009978046069950912,0.009978046069950912,0.009978046069950912,0.9045355326268131,0.9045355326268131,0.9045355326268131,0.0005136178016210812,0.0005136178016210812
qwen3.5:9b,state_202,Waterproof_Male,Waterproof_Male,RGOCG16-50_16mm,round_pin,False,False,False,B,../vlm_four_scene_20260925/raw/qwen3.5-9b/state_202/Waterproof_Male/RGOCG16-50_16mm.json,0.03436754352888439,0.03436754352888439,0.03436754352888439,0.3500464941447142,0.3500464941447142,0.3500464941447142,C,qwen3.5-9b/responses/state_202/Waterproof_Male/RGOCG16-50_16mm.json,0.013921198384704368,0.013921198384704368,0.013921198384704368,0.967669486256603,0.967669486256603,0.967669486256603,-0.02044634514418002,-0.02044634514418002
qwen3.5:9b,state_202,M12_Hex_Nut,hex_nut,RGOCG16-50_16mm,round_pin,False,False,False,B,../vlm_four_scene_20260925/raw/qwen3.5-9b/state_202/M12_Hex_Nut/RGOCG16-50_16mm.json,0.007736783862523436,0.007736783862523436,0.007736783862523436,0.13585528547675393,0.13585528547675393,0.13585528547675393,C,qwen3.5-9b/responses/state_202/M12_Hex_Nut/RGOCG16-50_16mm.json,0.02231396225252586,0.02231396225252586,0.02231396225252586,0.7685633922318982,0.7685633922318982,0.7685633922318982,0.014577178390002426,0.014577178390002426
qwen3.5:9b,state_202,M16_Hex_Nut,hex_nut,RGOCG16-50_16mm,round_pin,False,False,False,B,../vlm_four_scene_20260925/raw/qwen3.5-9b/state_202/M16_Hex_Nut/RGOCG16-50_16mm.json,0.006771993116085738,0.006771993116085738,0.006771993116085738,0.1552915691065456,0.1552915691065456,0.1552915691065456,C,qwen3.5-9b/responses/state_202/M16_Hex_Nut/RGOCG16-50_16mm.json,0.02231396225252586,0.02231396225252586,0.02231396225252586,0.7685633922318982,0.7685633922318982,0.7685633922318982,0.015541969136440122,0.015541969136440122
qwen3.5:9b,state_202,RGOCG16-50_16mm,round_pin,RGOCG16-50_16mm,round_pin,True,True,False,A,../vlm_four_scene_20260925/raw/qwen3.5-9b/state_202/RGOCG16-50_16mm/RGOCG16-50_16mm.json,0.9822559350771781,0.9822559350771781,0.9822559350771781,0.01440832338728585,0.01440832338728585,0.01440832338728585,A,qwen3.5-9b/responses/state_202/RGOCG16-50_16mm/RGOCG16-50_16mm.json,0.9906959530701865,0.9906959530701865,0.9906959530701865,0.00827415787946008,0.00827415787946008,0.00827415787946008,0.00844001799300842,0.00844001799300842
qwen3.5:9b,state_202,RGOCG12-50_12mm,round_pin,RGOCG16-50_16mm,round_pin,True,False,False,A,../vlm_four_scene_20260925/raw/qwen3.5-9b/state_202/RGOCG12-50_12mm/RGOCG16-50_16mm.json,0.9809656148724355,0.9809656148724355,0.9809656148724355,0.015381253036564811,0.015381253036564811,0.015381253036564811,A,qwen3.5-9b/responses/state_202/RGOCG12-50_12mm/RGOCG16-50_16mm.json,0.9906959530701865,0.9906959530701865,0.9906959530701865,0.00827415787946008,0.00827415787946008,0.00827415787946008,0.009730338197751043,0.009730338197751043
qwen3.5:9b,state_202,RGOCG8-50_8mm,round_pin,RGOCG16-50_16mm,round_pin,True,False,False,A,../vlm_four_scene_20260925/raw/qwen3.5-9b/state_202/RGOCG8-50_8mm/RGOCG16-50_16mm.json,0.9845849872024862,0.9845849872024862,0.9845849872024862,0.012889494515168558,0.012889494515168558,0.012889494515168558,A,qwen3.5-9b/responses/state_202/RGOCG8-50_8mm/RGOCG16-50_16mm.json,0.9906959530701865,0.9906959530701865,0.9906959530701865,0.00827415787946008,0.00827415787946008,0.00827415787946008,0.006110965867700324,0.006110965867700324
qwen3.5:9b,state_202,USB_Male,USB_Male,RGOCG16-50_16mm,round_pin,False,False,False,B,../vlm_four_scene_20260925/raw/qwen3.5-9b/state_202/USB_Male/RGOCG16-50_16mm.json,0.023196521722204894,0.023196521722204894,0.023196521722204894,0.20953726197866138,0.20953726197866138,0.20953726197866138,C,qwen3.5-9b/responses/state_202/USB_Male/RGOCG16-50_16mm.json,0.015461671016066457,0.015461671016066457,0.015461671016066457,0.7609330512734852,0.7609330512734852,0.7609330512734852,-0.007734850706138437,-0.007734850706138437
qwen3.5:9b,state_202,DSUB_Male,DSUB_Male,RGOCG16-50_16mm,round_pin,False,False,False,C,../vlm_four_scene_20260925/raw/qwen3.5-9b/state_202/DSUB_Male/RGOCG16-50_16mm.json,0.30465246458143624,0.30465246458143624,0.30465246458143624,0.5174096247306783,0.5174096247306783,0.5174096247306783,C,qwen3.5-9b/responses/state_202/DSUB_Male/RGOCG16-50_16mm.json,0.011632045889197317,0.011632045889197317,0.011632045889197317,0.930826422946139,0.930826422946139,0.930826422946139,-0.29302041869223894,-0.29302041869223894
qwen3.5:9b,state_202,Gear_Large,gear,RGOCG12-50_12mm,round_pin,False,False,False,B,../vlm_four_scene_20260925/raw/qwen3.5-9b/state_202/Gear_Large/RGOCG12-50_12mm.json,0.010026388907813707,0.010026388907813707,0.010026388907813707,0.2424528644611631,0.2424528644611631,0.2424528644611631,C,qwen3.5-9b/responses/state_202/Gear_Large/RGOCG12-50_12mm.json,0.00916062770248402,0.00916062770248402,0.00916062770248402,0.7482713565603352,0.7482713565603352,0.7482713565603352,-0.0008657612053296869,-0.0008657612053296869
qwen3.5:9b,state_202,Gear_Medium,gear,RGOCG12-50_12mm,round_pin,False,False,False,B,../vlm_four_scene_20260925/raw/qwen3.5-9b/state_202/Gear_Medium/RGOCG12-50_12mm.json,0.010398795348364348,0.010398795348364348,0.010398795348364348,0.30487967831255186,0.30487967831255186,0.30487967831255186,C,qwen3.5-9b/responses/state_202/Gear_Medium/RGOCG12-50_12mm.json,0.00916062770248402,0.00916062770248402,0.00916062770248402,0.7482713565603352,0.7482713565603352,0.7482713565603352,-0.0012381676458803285,-0.0012381676458803285
qwen3.5:9b,state_202,Gear_Small,gear,RGOCG12-50_12mm,round_pin,False,False,False,B,../vlm_four_scene_20260925/raw/qwen3.5-9b/state_202/Gear_Small/RGOCG12-50_12mm.json,0.009394250973847669,0.009394250973847669,0.009394250973847669,0.2776218197795201,0.2776218197795201,0.2776218197795201,C,qwen3.5-9b/responses/state_202/Gear_Small/RGOCG12-50_12mm.json,0.00916062770248402,0.00916062770248402,0.00916062770248402,0.7482713565603352,0.7482713565603352,0.7482713565603352,-0.00023362327136364908,-0.00023362327136364908
qwen3.5:9b,state_202,Waterproof_Male,Waterproof_Male,RGOCG12-50_12mm,round_pin,False,False,False,B,../vlm_four_scene_20260925/raw/qwen3.5-9b/state_202/Waterproof_Male/RGOCG12-50_12mm.json,0.05039604597726445,0.05039604597726445,0.05039604597726445,0.404001075846919,0.404001075846919,0.404001075846919,C,qwen3.5-9b/responses/state_202/Waterproof_Male/RGOCG12-50_12mm.json,0.011616215604943848,0.011616215604943848,0.011616215604943848,0.9720392228841969,0.9720392228841969,0.9720392228841969,-0.038779830372320606,-0.038779830372320606
qwen3.5:9b,state_202,M12_Hex_Nut,hex_nut,RGOCG12-50_12mm,round_pin,False,False,False,B,../vlm_four_scene_20260925/raw/qwen3.5-9b/state_202/M12_Hex_Nut/RGOCG12-50_12mm.json,0.02399040435871845,0.02399040435871845,0.02399040435871845,0.23326847998604006,0.23326847998604006,0.23326847998604006,C,qwen3.5-9b/responses/state_202/M12_Hex_Nut/RGOCG12-50_12mm.json,0.022253427712232855,0.022253427712232855,0.022253427712232855,0.6565522483661365,0.6565522483661365,0.6565522483661365,-0.0017369766464855954,-0.0017369766464855954
qwen3.5:9b,state_202,M16_Hex_Nut,hex_nut,RGOCG12-50_12mm,round_pin,False,False,False,B,../vlm_four_scene_20260925/raw/qwen3.5-9b/state_202/M16_Hex_Nut/RGOCG12-50_12mm.json,0.01952078968269935,0.01952078968269935,0.01952078968269935,0.18193128123752877,0.18193128123752877,0.18193128123752877,C,qwen3.5-9b/responses/state_202/M16_Hex_Nut/RGOCG12-50_12mm.json,0.022253427712232855,0.022253427712232855,0.022253427712232855,0.6565522483661365,0.6565522483661365,0.6565522483661365,0.0027326380295335066,0.0027326380295335066
qwen3.5:9b,state_202,RGOCG16-50_16mm,round_pin,RGOCG12-50_12mm,round_pin,True,False,False,A,../vlm_four_scene_20260925/raw/qwen3.5-9b/state_202/RGOCG16-50_16mm/RGOCG12-50_12mm.json,0.9716166856229118,0.9716166856229118,0.9716166856229118,0.02045423700560238,0.02045423700560238,0.02045423700560238,A,qwen3.5-9b/responses/state_202/RGOCG16-50_16mm/RGOCG12-50_12mm.json,0.992553055181084,0.992553055181084,0.992553055181084,0.0063004219485003655,0.0063004219485003655,0.0063004219485003655,0.02093636955817224,0.02093636955817224
qwen3.5:9b,state_202,RGOCG12-50_12mm,round_pin,RGOCG12-50_12mm,round_pin,True,True,False,A,../vlm_four_scene_20260925/raw/qwen3.5-9b/state_202/RGOCG12-50_12mm/RGOCG12-50_12mm.json,0.9729239935537751,0.9729239935537751,0.9729239935537751,0.01919904144237163,0.01919904144237163,0.01919904144237163,A,qwen3.5-9b/responses/state_202/RGOCG12-50_12mm/RGOCG12-50_12mm.json,0.992553055181084,0.992553055181084,0.992553055181084,0.0063004219485003655,0.0063004219485003655,0.0063004219485003655,0.01962906162730893,0.01962906162730893
qwen3.5:9b,state_202,RGOCG8-50_8mm,round_pin,RGOCG12-50_12mm,round_pin,True,False,False,A,../vlm_four_scene_20260925/raw/qwen3.5-9b/state_202/RGOCG8-50_8mm/RGOCG12-50_12mm.json,0.9757048491136913,0.9757048491136913,0.9757048491136913,0.018313577880483847,0.018313577880483847,0.018313577880483847,A,qwen3.5-9b/responses/state_202/RGOCG8-50_8mm/RGOCG12-50_12mm.json,0.992553055181084,0.992553055181084,0.992553055181084,0.0063004219485003655,0.0063004219485003655,0.0063004219485003655,0.01684820606739279,0.01684820606739279
qwen3.5:9b,state_202,USB_Male,USB_Male,RGOCG12-50_12mm,round_pin,False,False,False,B,../vlm_four_scene_20260925/raw/qwen3.5-9b/state_202/USB_Male/RGOCG12-50_12mm.json,0.04230890753324621,0.04230890753324621,0.04230890753324621,0.16872880182880334,0.16872880182880334,0.16872880182880334,C,qwen3.5-9b/responses/state_202/USB_Male/RGOCG12-50_12mm.json,0.012219284766230774,0.012219284766230774,0.012219284766230774,0.6746616999128142,0.6746616999128142,0.6746616999128142,-0.030089622767015437,-0.030089622767015437
qwen3.5:9b,state_202,DSUB_Male,DSUB_Male,RGOCG12-50_12mm,round_pin,False,False,False,A,../vlm_four_scene_20260925/raw/qwen3.5-9b/state_202/DSUB_Male/RGOCG12-50_12mm.json,0.5522481709941538,0.5522481709941538,0.5522481709941538,0.32031672094364116,0.32031672094364116,0.32031672094364116,C,qwen3.5-9b/responses/state_202/DSUB_Male/RGOCG12-50_12mm.json,0.00954407736656861,0.00954407736656861,0.00954407736656861,0.9318215241820821,0.9318215241820821,0.9318215241820821,-0.5427040936275852,-0.5427040936275852
qwen3.5:9b,state_202,Gear_Large,gear,RGOCG8-50_8mm,round_pin,False,False,False,B,../vlm_four_scene_20260925/raw/qwen3.5-9b/state_202/Gear_Large/RGOCG8-50_8mm.json,0.012619129177566598,0.012619129177566598,0.012619129177566598,0.4471278712728942,0.4471278712728942,0.4471278712728942,C,qwen3.5-9b/responses/state_202/Gear_Large/RGOCG8-50_8mm.json,0.008999179847973512,0.008999179847973512,0.008999179847973512,0.8772332667357111,0.8772332667357111,0.8772332667357111,-0.0036199493295930862,-0.0036199493295930862
qwen3.5:9b,state_202,Gear_Medium,gear,RGOCG8-50_8mm,round_pin,False,False,False,C,../vlm_four_scene_20260925/raw/qwen3.5-9b/state_202/Gear_Medium/RGOCG8-50_8mm.json,0.01752247401959673,0.01752247401959673,0.01752247401959673,0.6394962051221715,0.6394962051221715,0.6394962051221715,C,qwen3.5-9b/responses/state_202/Gear_Medium/RGOCG8-50_8mm.json,0.008999179847973512,0.008999179847973512,0.008999179847973512,0.8772332667357111,0.8772332667357111,0.8772332667357111,-0.008523294171623218,-0.008523294171623218
qwen3.5:9b,state_202,Gear_Small,gear,RGOCG8-50_8mm,round_pin,False,False,False,B,../vlm_four_scene_20260925/raw/qwen3.5-9b/state_202/Gear_Small/RGOCG8-50_8mm.json,0.009433591701908769,0.009433591701908769,0.009433591701908769,0.38087946932024236,0.38087946932024236,0.38087946932024236,C,qwen3.5-9b/responses/state_202/Gear_Small/RGOCG8-50_8mm.json,0.008999179847973512,0.008999179847973512,0.008999179847973512,0.8772332667357111,0.8772332667357111,0.8772332667357111,-0.0004344118539352567,-0.0004344118539352567
qwen3.5:9b,state_202,Waterproof_Male,Waterproof_Male,RGOCG8-50_8mm,round_pin,False,False,False,C,../vlm_four_scene_20260925/raw/qwen3.5-9b/state_202/Waterproof_Male/RGOCG8-50_8mm.json,0.08809853680213617,0.08809853680213617,0.08809853680213617,0.583875281934173,0.583875281934173,0.583875281934173,C,qwen3.5-9b/responses/state_202/Waterproof_Male/RGOCG8-50_8mm.json,0.01053901248382408,0.01053901248382408,0.01053901248382408,0.9846934079223338,0.9846934079223338,0.9846934079223338,-0.07755952431831209,-0.07755952431831209
qwen3.5:9b,state_202,M12_Hex_Nut,hex_nut,RGOCG8-50_8mm,round_pin,False,False,False,B,../vlm_four_scene_20260925/raw/qwen3.5-9b/state_202/M12_Hex_Nut/RGOCG8-50_8mm.json,0.04129731322768212,0.04129731322768212,0.04129731322768212,0.37588030975977055,0.37588030975977055,0.37588030975977055,C,qwen3.5-9b/responses/state_202/M12_Hex_Nut/RGOCG8-50_8mm.json,0.03855220149583239,0.03855220149583239,0.03855220149583239,0.8801225411093228,0.8801225411093228,0.8801225411093228,-0.002745111731849728,-0.002745111731849728
qwen3.5:9b,state_202,M16_Hex_Nut,hex_nut,RGOCG8-50_8mm,round_pin,False,False,False,B,../vlm_four_scene_20260925/raw/qwen3.5-9b/state_202/M16_Hex_Nut/RGOCG8-50_8mm.json,0.02293662909432227,0.02293662909432227,0.02293662909432227,0.31067030646109967,0.31067030646109967,0.31067030646109967,C,qwen3.5-9b/responses/state_202/M16_Hex_Nut/RGOCG8-50_8mm.json,0.03855220149583239,0.03855220149583239,0.03855220149583239,0.8801225411093228,0.8801225411093228,0.8801225411093228,0.015615572401510121,0.015615572401510121
qwen3.5:9b,state_202,RGOCG16-50_16mm,round_pin,RGOCG8-50_8mm,round_pin,True,False,False,A,../vlm_four_scene_20260925/raw/qwen3.5-9b/state_202/RGOCG16-50_16mm/RGOCG8-50_8mm.json,0.9843552103620657,0.9843552103620657,0.9843552103620657,0.011672228084469109,0.011672228084469109,0.011672228084469109,A,qwen3.5-9b/responses/state_202/RGOCG16-50_16mm/RGOCG8-50_8mm.json,0.994742036020402,0.994742036020402,0.994742036020402,0.004424369068871258,0.004424369068871258,0.004424369068871258,0.010386825658336263,0.010386825658336263
qwen3.5:9b,state_202,RGOCG12-50_12mm,round_pin,RGOCG8-50_8mm,round_pin,True,False,False,A,../vlm_four_scene_20260925/raw/qwen3.5-9b/state_202/RGOCG12-50_12mm/RGOCG8-50_8mm.json,0.9821504353610296,0.9821504353610296,0.9821504353610296,0.013731320000878131,0.013731320000878131,0.013731320000878131,A,qwen3.5-9b/responses/state_202/RGOCG12-50_12mm/RGOCG8-50_8mm.json,0.994742036020402,0.994742036020402,0.994742036020402,0.004424369068871258,0.004424369068871258,0.004424369068871258,0.01259160065937237,0.01259160065937237
qwen3.5:9b,state_202,RGOCG8-50_8mm,round_pin,RGOCG8-50_8mm,round_pin,True,True,False,A,../vlm_four_scene_20260925/raw/qwen3.5-9b/state_202/RGOCG8-50_8mm/RGOCG8-50_8mm.json,0.987373411766149,0.987373411766149,0.987373411766149,0.010613772821590772,0.010613772821590772,0.010613772821590772,A,qwen3.5-9b/responses/state_202/RGOCG8-50_8mm/RGOCG8-50_8mm.json,0.994742036020402,0.994742036020402,0.994742036020402,0.004424369068871258,0.004424369068871258,0.004424369068871258,0.007368624254252998,0.007368624254252998
qwen3.5:9b,state_202,USB_Male,USB_Male,RGOCG8-50_8mm,round_pin,False,False,False,B,../vlm_four_scene_20260925/raw/qwen3.5-9b/state_202/USB_Male/RGOCG8-50_8mm.json,0.06734555242399222,0.06734555242399222,0.06734555242399222,0.1707302806663802,0.1707302806663802,0.1707302806663802,C,qwen3.5-9b/responses/state_202/USB_Male/RGOCG8-50_8mm.json,0.0190536214224803,0.0190536214224803,0.0190536214224803,0.818743292374012,0.818743292374012,0.818743292374012,-0.04829193100151192,-0.04829193100151192
qwen3.5:9b,state_202,DSUB_Male,DSUB_Male,RGOCG8-50_8mm,round_pin,False,False,False,C,../vlm_four_scene_20260925/raw/qwen3.5-9b/state_202/DSUB_Male/RGOCG8-50_8mm.json,0.16512603432790665,0.16512603432790665,0.16512603432790665,0.5108972061500843,0.5108972061500843,0.5108972061500843,C,qwen3.5-9b/responses/state_202/DSUB_Male/RGOCG8-50_8mm.json,0.011706468623826984,0.011706468623826984,0.011706468623826984,0.9685283296834659,0.9685283296834659,0.9685283296834659,-0.15341956570407966,-0.15341956570407966
qwen3.5:9b,state_202,Gear_Large,gear,USB_Male,USB_Male,False,False,False,B,../vlm_four_scene_20260925/raw/qwen3.5-9b/state_202/Gear_Large/USB_Male.json,0.008110543037448691,0.008110543037448691,0.008110543037448691,0.3371334814945046,0.3371334814945046,0.3371334814945046,B,qwen3.5-9b/responses/state_202/Gear_Large/USB_Male.json,0.01112579069349548,0.01112579069349548,0.01112579069349548,0.24391333137856883,0.24391333137856883,0.24391333137856883,0.0030152476560467885,0.0030152476560467885
qwen3.5:9b,state_202,Gear_Medium,gear,USB_Male,USB_Male,False,False,False,B,../vlm_four_scene_20260925/raw/qwen3.5-9b/state_202/Gear_Medium/USB_Male.json,0.00830613009772158,0.00830613009772158,0.00830613009772158,0.23503374479665945,0.23503374479665945,0.23503374479665945,B,qwen3.5-9b/responses/state_202/Gear_Medium/USB_Male.json,0.01112579069349548,0.01112579069349548,0.01112579069349548,0.24391333137856883,0.24391333137856883,0.24391333137856883,0.0028196605957739006,0.0028196605957739006
qwen3.5:9b,state_202,Gear_Small,gear,USB_Male,USB_Male,False,False,False,B,../vlm_four_scene_20260925/raw/qwen3.5-9b/state_202/Gear_Small/USB_Male.json,0.011224991760944126,0.011224991760944126,0.011224991760944126,0.2916623324194023,0.2916623324194023,0.2916623324194023,B,qwen3.5-9b/responses/state_202/Gear_Small/USB_Male.json,0.01112579069349548,0.01112579069349548,0.01112579069349548,0.24391333137856883,0.24391333137856883,0.24391333137856883,-9.920106744864578e-05,-9.920106744864578e-05
qwen3.5:9b,state_202,Waterproof_Male,Waterproof_Male,USB_Male,USB_Male,False,False,False,A,../vlm_four_scene_20260925/raw/qwen3.5-9b/state_202/Waterproof_Male/USB_Male.json,0.9694825999175618,0.9694825999175618,0.9694825999175618,0.01777624178145086,0.01777624178145086,0.01777624178145086,B,qwen3.5-9b/responses/state_202/Waterproof_Male/USB_Male.json,0.0837078518209042,0.0837078518209042,0.0837078518209042,0.15414741916415012,0.15414741916415012,0.15414741916415012,-0.8857747480966576,-0.8857747480966576
qwen3.5:9b,state_202,M12_Hex_Nut,hex_nut,USB_Male,USB_Male,False,False,False,B,../vlm_four_scene_20260925/raw/qwen3.5-9b/state_202/M12_Hex_Nut/USB_Male.json,0.0038963736638451723,0.0038963736638451723,0.0038963736638451723,0.261060018556455,0.261060018556455,0.261060018556455,B,qwen3.5-9b/responses/state_202/M12_Hex_Nut/USB_Male.json,0.011270934983127152,0.011270934983127152,0.011270934983127152,0.3850468179572302,0.3850468179572302,0.3850468179572302,0.00737456131928198,0.00737456131928198
qwen3.5:9b,state_202,M16_Hex_Nut,hex_nut,USB_Male,USB_Male,False,False,False,B,../vlm_four_scene_20260925/raw/qwen3.5-9b/state_202/M16_Hex_Nut/USB_Male.json,0.004135441904061176,0.004135441904061176,0.004135441904061176,0.278318848764255,0.278318848764255,0.278318848764255,B,qwen3.5-9b/responses/state_202/M16_Hex_Nut/USB_Male.json,0.011270934983127152,0.011270934983127152,0.011270934983127152,0.3850468179572302,0.3850468179572302,0.3850468179572302,0.0071354930790659766,0.0071354930790659766
qwen3.5:9b,state_202,RGOCG16-50_16mm,round_pin,USB_Male,USB_Male,False,False,False,B,../vlm_four_scene_20260925/raw/qwen3.5-9b/state_202/RGOCG16-50_16mm/USB_Male.json,0.1998249998305484,0.1998249998305484,0.1998249998305484,0.37054636813539854,0.37054636813539854,0.37054636813539854,B,qwen3.5-9b/responses/state_202/RGOCG16-50_16mm/USB_Male.json,0.0373424652740135,0.0373424652740135,0.0373424652740135,0.24512180759755625,0.24512180759755625,0.24512180759755625,-0.1624825345565349,-0.1624825345565349
qwen3.5:9b,state_202,RGOCG12-50_12mm,round_pin,USB_Male,USB_Male,False,False,False,B,../vlm_four_scene_20260925/raw/qwen3.5-9b/state_202/RGOCG12-50_12mm/USB_Male.json,0.18843553606796462,0.18843553606796462,0.18843553606796462,0.3159429731818991,0.3159429731818991,0.3159429731818991,B,qwen3.5-9b/responses/state_202/RGOCG12-50_12mm/USB_Male.json,0.0373424652740135,0.0373424652740135,0.0373424652740135,0.24512180759755625,0.24512180759755625,0.24512180759755625,-0.15109307079395112,-0.15109307079395112
qwen3.5:9b,state_202,RGOCG8-50_8mm,round_pin,USB_Male,USB_Male,False,False,False,B,../vlm_four_scene_20260925/raw/qwen3.5-9b/state_202/RGOCG8-50_8mm/USB_Male.json,0.2739360479646923,0.2739360479646923,0.2739360479646923,0.3329123072113009,0.3329123072113009,0.3329123072113009,B,qwen3.5-9b/responses/state_202/RGOCG8-50_8mm/USB_Male.json,0.0373424652740135,0.0373424652740135,0.0373424652740135,0.24512180759755625,0.24512180759755625,0.24512180759755625,-0.2365935826906788,-0.2365935826906788
qwen3.5:9b,state_202,USB_Male,USB_Male,USB_Male,USB_Male,True,True,False,A,../vlm_four_scene_20260925/raw/qwen3.5-9b/state_202/USB_Male/USB_Male.json,0.9822121264197585,0.9822121264197585,0.9822121264197585,0.008869847671570473,0.008869847671570473,0.008869847671570473,A,qwen3.5-9b/responses/state_202/USB_Male/USB_Male.json,0.9845893978199085,0.9845893978199085,0.9845893978199085,0.008532628293004024,0.008532628293004024,0.008532628293004024,0.002377271400149983,0.002377271400149983
qwen3.5:9b,state_202,DSUB_Male,DSUB_Male,USB_Male,USB_Male,False,False,False,A,../vlm_four_scene_20260925/raw/qwen3.5-9b/state_202/DSUB_Male/USB_Male.json,0.9729553453292275,0.9729553453292275,0.9729553453292275,0.015082522806118819,0.015082522806118819,0.015082522806118819,A,qwen3.5-9b/responses/state_202/DSUB_Male/USB_Male.json,0.8111661072462046,0.8111661072462046,0.8111661072462046,0.08343217469904189,0.08343217469904189,0.08343217469904189,-0.1617892380830228,-0.1617892380830228
qwen3.5:9b,state_202,Gear_Large,gear,DSUB_Male,DSUB_Male,False,False,False,B,../vlm_four_scene_20260925/raw/qwen3.5-9b/state_202/Gear_Large/DSUB_Male.json,0.010129490787679156,0.010129490787679156,0.010129490787679156,0.42512113328574913,0.42512113328574913,0.42512113328574913,B,qwen3.5-9b/responses/state_202/Gear_Large/DSUB_Male.json,0.002774374242981805,0.002774374242981805,0.002774374242981805,0.31038375241491,0.31038375241491,0.31038375241491,-0.0073551165446973515,-0.0073551165446973515
qwen3.5:9b,state_202,Gear_Medium,gear,DSUB_Male,DSUB_Male,False,False,False,B,../vlm_four_scene_20260925/raw/qwen3.5-9b/state_202/Gear_Medium/DSUB_Male.json,0.006713797217589358,0.006713797217589358,0.006713797217589358,0.4363284435914939,0.4363284435914939,0.4363284435914939,B,qwen3.5-9b/responses/state_202/Gear_Medium/DSUB_Male.json,0.002774374242981805,0.002774374242981805,0.002774374242981805,0.31038375241491,0.31038375241491,0.31038375241491,-0.003939422974607552,-0.003939422974607552
qwen3.5:9b,state_202,Gear_Small,gear,DSUB_Male,DSUB_Male,False,False,False,B,../vlm_four_scene_20260925/raw/qwen3.5-9b/state_202/Gear_Small/DSUB_Male.json,0.014151447192847076,0.014151447192847076,0.014151447192847076,0.33752724629412173,0.33752724629412173,0.33752724629412173,B,qwen3.5-9b/responses/state_202/Gear_Small/DSUB_Male.json,0.002774374242981805,0.002774374242981805,0.002774374242981805,0.31038375241491,0.31038375241491,0.31038375241491,-0.011377072949865272,-0.011377072949865272
qwen3.5:9b,state_202,Waterproof_Male,Waterproof_Male,DSUB_Male,DSUB_Male,False,False,False,A,../vlm_four_scene_20260925/raw/qwen3.5-9b/state_202/Waterproof_Male/DSUB_Male.json,0.9859501722088905,0.9859501722088905,0.9859501722088905,0.011560361668378457,0.011560361668378457,0.011560361668378457,A,qwen3.5-9b/responses/state_202/Waterproof_Male/DSUB_Male.json,0.9988397955685835,0.9988397955685835,0.9988397955685835,0.0009017091429573679,0.0009017091429573679,0.0009017091429573679,0.012889623359693014,0.012889623359693014
qwen3.5:9b,state_202,M12_Hex_Nut,hex_nut,DSUB_Male,DSUB_Male,False,False,False,B,../vlm_four_scene_20260925/raw/qwen3.5-9b/state_202/M12_Hex_Nut/DSUB_Male.json,0.012971690344193565,0.012971690344193565,0.012971690344193565,0.4447047783383822,0.4447047783383822,0.4447047783383822,B,qwen3.5-9b/responses/state_202/M12_Hex_Nut/DSUB_Male.json,0.011487054026427362,0.011487054026427362,0.011487054026427362,0.3737050852112372,0.3737050852112372,0.3737050852112372,-0.0014846363177662032,-0.0014846363177662032
qwen3.5:9b,state_202,M16_Hex_Nut,hex_nut,DSUB_Male,DSUB_Male,False,False,False,B,../vlm_four_scene_20260925/raw/qwen3.5-9b/state_202/M16_Hex_Nut/DSUB_Male.json,0.003540968885800488,0.003540968885800488,0.003540968885800488,0.3816557887629804,0.3816557887629804,0.3816557887629804,B,qwen3.5-9b/responses/state_202/M16_Hex_Nut/DSUB_Male.json,0.011487054026427362,0.011487054026427362,0.011487054026427362,0.3737050852112372,0.3737050852112372,0.3737050852112372,0.007946085140626873,0.007946085140626873
qwen3.5:9b,state_202,RGOCG16-50_16mm,round_pin,DSUB_Male,DSUB_Male,False,False,False,A,../vlm_four_scene_20260925/raw/qwen3.5-9b/state_202/RGOCG16-50_16mm/DSUB_Male.json,0.9336845872123968,0.9336845872123968,0.9336845872123968,0.03852130266486947,0.03852130266486947,0.03852130266486947,B,qwen3.5-9b/responses/state_202/RGOCG16-50_16mm/DSUB_Male.json,0.02204036146868004,0.02204036146868004,0.02204036146868004,0.45192093162243324,0.45192093162243324,0.45192093162243324,-0.9116442257437167,-0.9116442257437167
qwen3.5:9b,state_202,RGOCG12-50_12mm,round_pin,DSUB_Male,DSUB_Male,False,False,False,A,../vlm_four_scene_20260925/raw/qwen3.5-9b/state_202/RGOCG12-50_12mm/DSUB_Male.json,0.9374864121642589,0.9374864121642589,0.9374864121642589,0.034085470277235644,0.034085470277235644,0.034085470277235644,B,qwen3.5-9b/responses/state_202/RGOCG12-50_12mm/DSUB_Male.json,0.02204036146868004,0.02204036146868004,0.02204036146868004,0.45192093162243324,0.45192093162243324,0.45192093162243324,-0.9154460506955788,-0.9154460506955788
qwen3.5:9b,state_202,RGOCG8-50_8mm,round_pin,DSUB_Male,DSUB_Male,False,False,False,A,../vlm_four_scene_20260925/raw/qwen3.5-9b/state_202/RGOCG8-50_8mm/DSUB_Male.json,0.9291738886490533,0.9291738886490533,0.9291738886490533,0.038078543629876574,0.038078543629876574,0.038078543629876574,B,qwen3.5-9b/responses/state_202/RGOCG8-50_8mm/DSUB_Male.json,0.02204036146868004,0.02204036146868004,0.02204036146868004,0.45192093162243324,0.45192093162243324,0.45192093162243324,-0.9071335271803732,-0.9071335271803732
qwen3.5:9b,state_202,USB_Male,USB_Male,DSUB_Male,DSUB_Male,False,False,False,B,../vlm_four_scene_20260925/raw/qwen3.5-9b/state_202/USB_Male/DSUB_Male.json,0.054048995340615524,0.054048995340615524,0.054048995340615524,0.17352874188516285,0.17352874188516285,0.17352874188516285,B,qwen3.5-9b/responses/state_202/USB_Male/DSUB_Male.json,0.02900347960222943,0.02900347960222943,0.02900347960222943,0.46124160937890274,0.46124160937890274,0.46124160937890274,-0.025045515738386093,-0.025045515738386093
qwen3.5:9b,state_202,DSUB_Male,DSUB_Male,DSUB_Male,DSUB_Male,True,True,False,A,../vlm_four_scene_20260925/raw/qwen3.5-9b/state_202/DSUB_Male/DSUB_Male.json,0.9811873439557939,0.9811873439557939,0.9811873439557939,0.015142196729912643,0.015142196729912643,0.015142196729912643,A,qwen3.5-9b/responses/state_202/DSUB_Male/DSUB_Male.json,0.9929810762586465,0.9929810762586465,0.9929810762586465,0.005401127573882454,0.005401127573882454,0.005401127573882454,0.011793732302852633,0.011793732302852633
qwen3.5:9b,state_303,Gear_Large,gear,Gear_Large,gear,True,True,False,A,../vlm_four_scene_20260925/raw/qwen3.5-9b/state_303/Gear_Large/Gear_Large.json,0.9786019334256494,0.9786019334256494,0.9786019334256494,0.010892622728632525,0.010892622728632525,0.010892622728632525,A,qwen3.5-9b/responses/state_303/Gear_Large/Gear_Large.json,0.9755274060181831,0.9755274060181831,0.9755274060181831,0.017437705645531248,0.017437705645531248,0.017437705645531248,-0.0030745274074662765,-0.0030745274074662765
qwen3.5:9b,state_303,Gear_Medium,gear,Gear_Large,gear,True,False,False,A,../vlm_four_scene_20260925/raw/qwen3.5-9b/state_303/Gear_Medium/Gear_Large.json,0.9801753170460537,0.9801753170460537,0.9801753170460537,0.010080819078309608,0.010080819078309608,0.010080819078309608,A,qwen3.5-9b/responses/state_303/Gear_Medium/Gear_Large.json,0.9755274060181831,0.9755274060181831,0.9755274060181831,0.017437705645531248,0.017437705645531248,0.017437705645531248,-0.004647911027870544,-0.004647911027870544
qwen3.5:9b,state_303,Gear_Small,gear,Gear_Large,gear,True,False,False,A,../vlm_four_scene_20260925/raw/qwen3.5-9b/state_303/Gear_Small/Gear_Large.json,0.9556387075694426,0.9556387075694426,0.9556387075694426,0.02024069338799826,0.02024069338799826,0.02024069338799826,A,qwen3.5-9b/responses/state_303/Gear_Small/Gear_Large.json,0.9755274060181831,0.9755274060181831,0.9755274060181831,0.017437705645531248,0.017437705645531248,0.017437705645531248,0.019888698448740527,0.019888698448740527
qwen3.5:9b,state_303,Waterproof_Male,Waterproof_Male,Gear_Large,gear,False,False,False,B,../vlm_four_scene_20260925/raw/qwen3.5-9b/state_303/Waterproof_Male/Gear_Large.json,0.023811906017784018,0.023811906017784018,0.023811906017784018,0.19375725558946538,0.19375725558946538,0.19375725558946538,B,qwen3.5-9b/responses/state_303/Waterproof_Male/Gear_Large.json,0.012017916776375676,0.012017916776375676,0.012017916776375676,0.36110800891440603,0.36110800891440603,0.36110800891440603,-0.011793989241408342,-0.011793989241408342
qwen3.5:9b,state_303,M12_Hex_Nut,hex_nut,Gear_Large,gear,False,False,False,B,../vlm_four_scene_20260925/raw/qwen3.5-9b/state_303/M12_Hex_Nut/Gear_Large.json,0.01656802308205836,0.01656802308205836,0.01656802308205836,0.17604718783045484,0.17604718783045484,0.17604718783045484,B,qwen3.5-9b/responses/state_303/M12_Hex_Nut/Gear_Large.json,0.006280208631457861,0.006280208631457861,0.006280208631457861,0.03651579277529257,0.03651579277529257,0.03651579277529257,-0.0102878144506005,-0.0102878144506005
qwen3.5:9b,state_303,M16_Hex_Nut,hex_nut,Gear_Large,gear,False,False,False,B,../vlm_four_scene_20260925/raw/qwen3.5-9b/state_303/M16_Hex_Nut/Gear_Large.json,0.007469833763052768,0.007469833763052768,0.007469833763052768,0.14240380306328257,0.14240380306328257,0.14240380306328257,B,qwen3.5-9b/responses/state_303/M16_Hex_Nut/Gear_Large.json,0.006280208631457861,0.006280208631457861,0.006280208631457861,0.03651579277529257,0.03651579277529257,0.03651579277529257,-0.0011896251315949074,-0.0011896251315949074
qwen3.5:9b,state_303,RGOCG16-50_16mm,round_pin,Gear_Large,gear,False,False,False,A,../vlm_four_scene_20260925/raw/qwen3.5-9b/state_303/RGOCG16-50_16mm/Gear_Large.json,0.7182934237336994,0.7182934237336994,0.7182934237336994,0.13065286940910636,0.13065286940910636,0.13065286940910636,B,qwen3.5-9b/responses/state_303/RGOCG16-50_16mm/Gear_Large.json,0.01860739963296222,0.01860739963296222,0.01860739963296222,0.2692947173849635,0.2692947173849635,0.2692947173849635,-0.6996860241007372,-0.6996860241007372
qwen3.5:9b,state_303,RGOCG12-50_12mm,round_pin,Gear_Large,gear,False,False,False,A,../vlm_four_scene_20260925/raw/qwen3.5-9b/state_303/RGOCG12-50_12mm/Gear_Large.json,0.6615365150208511,0.6615365150208511,0.6615365150208511,0.14068815064129742,0.14068815064129742,0.14068815064129742,B,qwen3.5-9b/responses/state_303/RGOCG12-50_12mm/Gear_Large.json,0.01860739963296222,0.01860739963296222,0.01860739963296222,0.2692947173849635,0.2692947173849635,0.2692947173849635,-0.6429291153878889,-0.6429291153878889
qwen3.5:9b,state_303,RGOCG8-50_8mm,round_pin,Gear_Large,gear,False,False,False,A,../vlm_four_scene_20260925/raw/qwen3.5-9b/state_303/RGOCG8-50_8mm/Gear_Large.json,0.7886490812909104,0.7886490812909104,0.7886490812909104,0.08220428967661883,0.08220428967661883,0.08220428967661883,B,qwen3.5-9b/responses/state_303/RGOCG8-50_8mm/Gear_Large.json,0.01860739963296222,0.01860739963296222,0.01860739963296222,0.2692947173849635,0.2692947173849635,0.2692947173849635,-0.7700416816579482,-0.7700416816579482
qwen3.5:9b,state_303,USB_Male,USB_Male,Gear_Large,gear,False,False,False,B,../vlm_four_scene_20260925/raw/qwen3.5-9b/state_303/USB_Male/Gear_Large.json,0.0036737315746443776,0.0036737315746443776,0.0036737315746443776,0.18654622884625371,0.18654622884625371,0.18654622884625371,B,qwen3.5-9b/responses/state_303/USB_Male/Gear_Large.json,0.003615856543813342,0.003615856543813342,0.003615856543813342,0.3765871318665189,0.3765871318665189,0.3765871318665189,-5.787503083103541e-05,-5.787503083103541e-05
qwen3.5:9b,state_303,DSUB_Male,DSUB_Male,Gear_Large,gear,False,False,False,C,../vlm_four_scene_20260925/raw/qwen3.5-9b/state_303/DSUB_Male/Gear_Large.json,0.1109201123357697,0.1109201123357697,0.1109201123357697,0.44205142302547373,0.44205142302547373,0.44205142302547373,C,qwen3.5-9b/responses/state_303/DSUB_Male/Gear_Large.json,0.01450766711241719,0.01450766711241719,0.01450766711241719,0.8590551031356848,0.8590551031356848,0.8590551031356848,-0.09641244522335252,-0.09641244522335252
qwen3.5:9b,state_303,Gear_Large,gear,Gear_Medium,gear,True,False,False,A,../vlm_four_scene_20260925/raw/qwen3.5-9b/state_303/Gear_Large/Gear_Medium.json,0.9923310279163275,0.9923310279163275,0.9923310279163275,0.005414978089191459,0.005414978089191459,0.005414978089191459,A,qwen3.5-9b/responses/state_303/Gear_Large/Gear_Medium.json,0.9954925774761932,0.9954925774761932,0.9954925774761932,0.0038752488122302414,0.0038752488122302414,0.0038752488122302414,0.003161549559865695,0.003161549559865695
qwen3.5:9b,state_303,Gear_Medium,gear,Gear_Medium,gear,True,True,False,A,../vlm_four_scene_20260925/raw/qwen3.5-9b/state_303/Gear_Medium/Gear_Medium.json,0.9901540870833156,0.9901540870833156,0.9901540870833156,0.006986476181790831,0.006986476181790831,0.006986476181790831,A,qwen3.5-9b/responses/state_303/Gear_Medium/Gear_Medium.json,0.9954925774761932,0.9954925774761932,0.9954925774761932,0.0038752488122302414,0.0038752488122302414,0.0038752488122302414,0.005338490392877593,0.005338490392877593
qwen3.5:9b,state_303,Gear_Small,gear,Gear_Medium,gear,True,False,False,A,../vlm_four_scene_20260925/raw/qwen3.5-9b/state_303/Gear_Small/Gear_Medium.json,0.9889566299591677,0.9889566299591677,0.9889566299591677,0.007994610927012192,0.007994610927012192,0.007994610927012192,A,qwen3.5-9b/responses/state_303/Gear_Small/Gear_Medium.json,0.9954925774761932,0.9954925774761932,0.9954925774761932,0.0038752488122302414,0.0038752488122302414,0.0038752488122302414,0.006535947517025575,0.006535947517025575
qwen3.5:9b,state_303,Waterproof_Male,Waterproof_Male,Gear_Medium,gear,False,False,False,B,../vlm_four_scene_20260925/raw/qwen3.5-9b/state_303/Waterproof_Male/Gear_Medium.json,0.022352416845963827,0.022352416845963827,0.022352416845963827,0.14320076656588449,0.14320076656588449,0.14320076656588449,B,qwen3.5-9b/responses/state_303/Waterproof_Male/Gear_Medium.json,0.009250370812047187,0.009250370812047187,0.009250370812047187,0.2341469367068417,0.2341469367068417,0.2341469367068417,-0.01310204603391664,-0.01310204603391664
qwen3.5:9b,state_303,M12_Hex_Nut,hex_nut,Gear_Medium,gear,False,False,False,B,../vlm_four_scene_20260925/raw/qwen3.5-9b/state_303/M12_Hex_Nut/Gear_Medium.json,0.0183906650923199,0.0183906650923199,0.0183906650923199,0.2024054926299567,0.2024054926299567,0.2024054926299567,B,qwen3.5-9b/responses/state_303/M12_Hex_Nut/Gear_Medium.json,0.0034578589751835293,0.0034578589751835293,0.0034578589751835293,0.01647272102154157,0.01647272102154157,0.01647272102154157,-0.01493280611713637,-0.01493280611713637
qwen3.5:9b,state_303,M16_Hex_Nut,hex_nut,Gear_Medium,gear,False,False,False,B,../vlm_four_scene_20260925/raw/qwen3.5-9b/state_303/M16_Hex_Nut/Gear_Medium.json,0.012551705915943017,0.012551705915943017,0.012551705915943017,0.17756679058668653,0.17756679058668653,0.17756679058668653,B,qwen3.5-9b/responses/state_303/M16_Hex_Nut/Gear_Medium.json,0.0034578589751835293,0.0034578589751835293,0.0034578589751835293,0.01647272102154157,0.01647272102154157,0.01647272102154157,-0.009093846940759489,-0.009093846940759489
qwen3.5:9b,state_303,RGOCG16-50_16mm,round_pin,Gear_Medium,gear,False,False,False,A,../vlm_four_scene_20260925/raw/qwen3.5-9b/state_303/RGOCG16-50_16mm/Gear_Medium.json,0.7134446515165541,0.7134446515165541,0.7134446515165541,0.15119497181348102,0.15119497181348102,0.15119497181348102,B,qwen3.5-9b/responses/state_303/RGOCG16-50_16mm/Gear_Medium.json,0.0053580403827655975,0.0053580403827655975,0.0053580403827655975,0.11911421766879295,0.11911421766879295,0.11911421766879295,-0.7080866111337886,-0.7080866111337886
qwen3.5:9b,state_303,RGOCG12-50_12mm,round_pin,Gear_Medium,gear,False,False,False,A,../vlm_four_scene_20260925/raw/qwen3.5-9b/state_303/RGOCG12-50_12mm/Gear_Medium.json,0.7095301105100289,0.7095301105100289,0.7095301105100289,0.15446649564613932,0.15446649564613932,0.15446649564613932,B,qwen3.5-9b/responses/state_303/RGOCG12-50_12mm/Gear_Medium.json,0.0053580403827655975,0.0053580403827655975,0.0053580403827655975,0.11911421766879295,0.11911421766879295,0.11911421766879295,-0.7041720701272633,-0.7041720701272633
qwen3.5:9b,state_303,RGOCG8-50_8mm,round_pin,Gear_Medium,gear,False,False,False,A,../vlm_four_scene_20260925/raw/qwen3.5-9b/state_303/RGOCG8-50_8mm/Gear_Medium.json,0.6816344241603188,0.6816344241603188,0.6816344241603188,0.13614756671888747,0.13614756671888747,0.13614756671888747,B,qwen3.5-9b/responses/state_303/RGOCG8-50_8mm/Gear_Medium.json,0.0053580403827655975,0.0053580403827655975,0.0053580403827655975,0.11911421766879295,0.11911421766879295,0.11911421766879295,-0.6762763837775533,-0.6762763837775533
qwen3.5:9b,state_303,USB_Male,USB_Male,Gear_Medium,gear,False,False,False,B,../vlm_four_scene_20260925/raw/qwen3.5-9b/state_303/USB_Male/Gear_Medium.json,0.0019282130701872074,0.0019282130701872074,0.0019282130701872074,0.0911995736188977,0.0911995736188977,0.0911995736188977,C,qwen3.5-9b/responses/state_303/USB_Male/Gear_Medium.json,0.00556014792619221,0.00556014792619221,0.00556014792619221,0.5005389961353721,0.5005389961353721,0.5005389961353721,0.003631934856005003,0.003631934856005003
qwen3.5:9b,state_303,DSUB_Male,DSUB_Male,Gear_Medium,gear,False,False,False,B,../vlm_four_scene_20260925/raw/qwen3.5-9b/state_303/DSUB_Male/Gear_Medium.json,0.055914787909239386,0.055914787909239386,0.055914787909239386,0.28888354120985943,0.28888354120985943,0.28888354120985943,C,qwen3.5-9b/responses/state_303/DSUB_Male/Gear_Medium.json,0.010047408864305047,0.010047408864305047,0.010047408864305047,0.580932376391019,0.580932376391019,0.580932376391019,-0.04586737904493434,-0.04586737904493434
qwen3.5:9b,state_303,Gear_Large,gear,Gear_Small,gear,True,False,False,A,../vlm_four_scene_20260925/raw/qwen3.5-9b/state_303/Gear_Large/Gear_Small.json,0.9868140216273397,0.9868140216273397,0.9868140216273397,0.00862945877568249,0.00862945877568249,0.00862945877568249,A,qwen3.5-9b/responses/state_303/Gear_Large/Gear_Small.json,0.9688466804837486,0.9688466804837486,0.9688466804837486,0.02145877476415801,0.02145877476415801,0.02145877476415801,-0.01796734114359111,-0.01796734114359111
qwen3.5:9b,state_303,Gear_Medium,gear,Gear_Small,gear,True,False,False,A,../vlm_four_scene_20260925/raw/qwen3.5-9b/state_303/Gear_Medium/Gear_Small.json,0.9859301447308553,0.9859301447308553,0.9859301447308553,0.00946242020035551,0.00946242020035551,0.00946242020035551,A,qwen3.5-9b/responses/state_303/Gear_Medium/Gear_Small.json,0.9688466804837486,0.9688466804837486,0.9688466804837486,0.02145877476415801,0.02145877476415801,0.02145877476415801,-0.017083464247106717,-0.017083464247106717
qwen3.5:9b,state_303,Gear_Small,gear,Gear_Small,gear,True,True,False,A,../vlm_four_scene_20260925/raw/qwen3.5-9b/state_303/Gear_Small/Gear_Small.json,0.9863972064164415,0.9863972064164415,0.9863972064164415,0.0084577977345642,0.0084577977345642,0.0084577977345642,A,qwen3.5-9b/responses/state_303/Gear_Small/Gear_Small.json,0.9688466804837486,0.9688466804837486,0.9688466804837486,0.02145877476415801,0.02145877476415801,0.02145877476415801,-0.017550525932692906,-0.017550525932692906
qwen3.5:9b,state_303,Waterproof_Male,Waterproof_Male,Gear_Small,gear,False,False,False,B,../vlm_four_scene_20260925/raw/qwen3.5-9b/state_303/Waterproof_Male/Gear_Small.json,0.06159776814082062,0.06159776814082062,0.06159776814082062,0.188261189509796,0.188261189509796,0.188261189509796,C,qwen3.5-9b/responses/state_303/Waterproof_Male/Gear_Small.json,0.05362943118438216,0.05362943118438216,0.05362943118438216,0.7830024344888821,0.7830024344888821,0.7830024344888821,-0.007968336956438463,-0.007968336956438463
qwen3.5:9b,state_303,M12_Hex_Nut,hex_nut,Gear_Small,gear,False,False,False,B,../vlm_four_scene_20260925/raw/qwen3.5-9b/state_303/M12_Hex_Nut/Gear_Small.json,0.05729838932328751,0.05729838932328751,0.05729838932328751,0.22588245702642953,0.22588245702642953,0.22588245702642953,B,qwen3.5-9b/responses/state_303/M12_Hex_Nut/Gear_Small.json,0.026642090192916905,0.026642090192916905,0.026642090192916905,0.03632295125895935,0.03632295125895935,0.03632295125895935,-0.030656299130370608,-0.030656299130370608
qwen3.5:9b,state_303,M16_Hex_Nut,hex_nut,Gear_Small,gear,False,False,False,B,../vlm_four_scene_20260925/raw/qwen3.5-9b/state_303/M16_Hex_Nut/Gear_Small.json,0.052168986058497915,0.052168986058497915,0.052168986058497915,0.22208333868909355,0.22208333868909355,0.22208333868909355,B,qwen3.5-9b/responses/state_303/M16_Hex_Nut/Gear_Small.json,0.026642090192916905,0.026642090192916905,0.026642090192916905,0.03632295125895935,0.03632295125895935,0.03632295125895935,-0.02552689586558101,-0.02552689586558101
qwen3.5:9b,state_303,RGOCG16-50_16mm,round_pin,Gear_Small,gear,False,False,False,A,../vlm_four_scene_20260925/raw/qwen3.5-9b/state_303/RGOCG16-50_16mm/Gear_Small.json,0.3930443263278558,0.3930443263278558,0.3930443263278558,0.2761822217284123,0.2761822217284123,0.2761822217284123,B,qwen3.5-9b/responses/state_303/RGOCG16-50_16mm/Gear_Small.json,0.014309789580018722,0.014309789580018722,0.014309789580018722,0.22275415201018695,0.22275415201018695,0.22275415201018695,-0.3787345367478371,-0.3787345367478371
qwen3.5:9b,state_303,RGOCG12-50_12mm,round_pin,Gear_Small,gear,False,False,False,C,../vlm_four_scene_20260925/raw/qwen3.5-9b/state_303/RGOCG12-50_12mm/Gear_Small.json,0.3337753296585247,0.3337753296585247,0.3337753296585247,0.4018358395047681,0.4018358395047681,0.4018358395047681,B,qwen3.5-9b/responses/state_303/RGOCG12-50_12mm/Gear_Small.json,0.014309789580018722,0.014309789580018722,0.014309789580018722,0.22275415201018695,0.22275415201018695,0.22275415201018695,-0.31946554007850597,-0.31946554007850597
qwen3.5:9b,state_303,RGOCG8-50_8mm,round_pin,Gear_Small,gear,False,False,False,A,../vlm_four_scene_20260925/raw/qwen3.5-9b/state_303/RGOCG8-50_8mm/Gear_Small.json,0.4311388665365388,0.4311388665365388,0.4311388665365388,0.3275455314463766,0.3275455314463766,0.3275455314463766,B,qwen3.5-9b/responses/state_303/RGOCG8-50_8mm/Gear_Small.json,0.014309789580018722,0.014309789580018722,0.014309789580018722,0.22275415201018695,0.22275415201018695,0.22275415201018695,-0.4168290769565201,-0.4168290769565201
qwen3.5:9b,state_303,USB_Male,USB_Male,Gear_Small,gear,False,False,False,B,../vlm_four_scene_20260925/raw/qwen3.5-9b/state_303/USB_Male/Gear_Small.json,0.00532843439349893,0.00532843439349893,0.00532843439349893,0.1734791226955753,0.1734791226955753,0.1734791226955753,C,qwen3.5-9b/responses/state_303/USB_Male/Gear_Small.json,0.005584393612986177,0.005584393612986177,0.005584393612986177,0.5593674036869363,0.5593674036869363,0.5593674036869363,0.000255959219487247,0.000255959219487247
qwen3.5:9b,state_303,DSUB_Male,DSUB_Male,Gear_Small,gear,False,False,False,B,../vlm_four_scene_20260925/raw/qwen3.5-9b/state_303/DSUB_Male/Gear_Small.json,0.08665964788888214,0.08665964788888214,0.08665964788888214,0.40365810073962427,0.40365810073962427,0.40365810073962427,C,qwen3.5-9b/responses/state_303/DSUB_Male/Gear_Small.json,0.017041235812679658,0.017041235812679658,0.017041235812679658,0.921687185539176,0.921687185539176,0.921687185539176,-0.06961841207620248,-0.06961841207620248
qwen3.5:9b,state_303,Gear_Large,gear,Waterproof_Male,Waterproof_Male,False,False,False,B,../vlm_four_scene_20260925/raw/qwen3.5-9b/state_303/Gear_Large/Waterproof_Male.json,0.3966918346732037,0.3966918346732037,0.3966918346732037,0.17856716399397146,0.17856716399397146,0.17856716399397146,C,qwen3.5-9b/responses/state_303/Gear_Large/Waterproof_Male.json,0.012085117473365553,0.012085117473365553,0.012085117473365553,0.5405010530073447,0.5405010530073447,0.5405010530073447,-0.38460671719983813,-0.38460671719983813
qwen3.5:9b,state_303,Gear_Medium,gear,Waterproof_Male,Waterproof_Male,False,False,False,A,../vlm_four_scene_20260925/raw/qwen3.5-9b/state_303/Gear_Medium/Waterproof_Male.json,0.436447078564425,0.436447078564425,0.436447078564425,0.18206386427370397,0.18206386427370397,0.18206386427370397,C,qwen3.5-9b/responses/state_303/Gear_Medium/Waterproof_Male.json,0.012085117473365553,0.012085117473365553,0.012085117473365553,0.5405010530073447,0.5405010530073447,0.5405010530073447,-0.42436196109105945,-0.42436196109105945
qwen3.5:9b,state_303,Gear_Small,gear,Waterproof_Male,Waterproof_Male,False,False,False,B,../vlm_four_scene_20260925/raw/qwen3.5-9b/state_303/Gear_Small/Waterproof_Male.json,0.2816073714641946,0.2816073714641946,0.2816073714641946,0.18618188120610446,0.18618188120610446,0.18618188120610446,C,qwen3.5-9b/responses/state_303/Gear_Small/Waterproof_Male.json,0.012085117473365553,0.012085117473365553,0.012085117473365553,0.5405010530073447,0.5405010530073447,0.5405010530073447,-0.2695222539908291,-0.2695222539908291
qwen3.5:9b,state_303,Waterproof_Male,Waterproof_Male,Waterproof_Male,Waterproof_Male,True,True,False,A,../vlm_four_scene_20260925/raw/qwen3.5-9b/state_303/Waterproof_Male/Waterproof_Male.json,0.9876156452125334,0.9876156452125334,0.9876156452125334,0.00891384992725948,0.00891384992725948,0.00891384992725948,A,qwen3.5-9b/responses/state_303/Waterproof_Male/Waterproof_Male.json,0.9933063387305981,0.9933063387305981,0.9933063387305981,0.005099228529397594,0.005099228529397594,0.005099228529397594,0.005690693518064727,0.005690693518064727
qwen3.5:9b,state_303,M12_Hex_Nut,hex_nut,Waterproof_Male,Waterproof_Male,False,False,False,B,../vlm_four_scene_20260925/raw/qwen3.5-9b/state_303/M12_Hex_Nut/Waterproof_Male.json,0.03199751014935554,0.03199751014935554,0.03199751014935554,0.28912542882349573,0.28912542882349573,0.28912542882349573,C,qwen3.5-9b/responses/state_303/M12_Hex_Nut/Waterproof_Male.json,0.021616870961491796,0.021616870961491796,0.021616870961491796,0.5889779379461731,0.5889779379461731,0.5889779379461731,-0.010380639187863746,-0.010380639187863746
qwen3.5:9b,state_303,M16_Hex_Nut,hex_nut,Waterproof_Male,Waterproof_Male,False,False,False,B,../vlm_four_scene_20260925/raw/qwen3.5-9b/state_303/M16_Hex_Nut/Waterproof_Male.json,0.01930343739639837,0.01930343739639837,0.01930343739639837,0.33511632333749863,0.33511632333749863,0.33511632333749863,C,qwen3.5-9b/responses/state_303/M16_Hex_Nut/Waterproof_Male.json,0.021616870961491796,0.021616870961491796,0.021616870961491796,0.5889779379461731,0.5889779379461731,0.5889779379461731,0.002313433565093427,0.002313433565093427
qwen3.5:9b,state_303,RGOCG16-50_16mm,round_pin,Waterproof_Male,Waterproof_Male,False,False,False,A,../vlm_four_scene_20260925/raw/qwen3.5-9b/state_303/RGOCG16-50_16mm/Waterproof_Male.json,0.8135418241608151,0.8135418241608151,0.8135418241608151,0.08411513436950545,0.08411513436950545,0.08411513436950545,C,qwen3.5-9b/responses/state_303/RGOCG16-50_16mm/Waterproof_Male.json,0.032649879933526214,0.032649879933526214,0.032649879933526214,0.5887858351243208,0.5887858351243208,0.5887858351243208,-0.7808919442272889,-0.7808919442272889
qwen3.5:9b,state_303,RGOCG12-50_12mm,round_pin,Waterproof_Male,Waterproof_Male,False,False,False,A,../vlm_four_scene_20260925/raw/qwen3.5-9b/state_303/RGOCG12-50_12mm/Waterproof_Male.json,0.8198272551357725,0.8198272551357725,0.8198272551357725,0.08511479403927165,0.08511479403927165,0.08511479403927165,C,qwen3.5-9b/responses/state_303/RGOCG12-50_12mm/Waterproof_Male.json,0.032649879933526214,0.032649879933526214,0.032649879933526214,0.5887858351243208,0.5887858351243208,0.5887858351243208,-0.7871773752022463,-0.7871773752022463
qwen3.5:9b,state_303,RGOCG8-50_8mm,round_pin,Waterproof_Male,Waterproof_Male,False,False,False,A,../vlm_four_scene_20260925/raw/qwen3.5-9b/state_303/RGOCG8-50_8mm/Waterproof_Male.json,0.8038825992551395,0.8038825992551395,0.8038825992551395,0.09667215848536975,0.09667215848536975,0.09667215848536975,C,qwen3.5-9b/responses/state_303/RGOCG8-50_8mm/Waterproof_Male.json,0.032649879933526214,0.032649879933526214,0.032649879933526214,0.5887858351243208,0.5887858351243208,0.5887858351243208,-0.7712327193216133,-0.7712327193216133
qwen3.5:9b,state_303,USB_Male,USB_Male,Waterproof_Male,Waterproof_Male,False,False,False,B,../vlm_four_scene_20260925/raw/qwen3.5-9b/state_303/USB_Male/Waterproof_Male.json,0.1288780790853547,0.1288780790853547,0.1288780790853547,0.21735580661493623,0.21735580661493623,0.21735580661493623,C,qwen3.5-9b/responses/state_303/USB_Male/Waterproof_Male.json,0.022880290630447664,0.022880290630447664,0.022880290630447664,0.5784409034383592,0.5784409034383592,0.5784409034383592,-0.10599778845490704,-0.10599778845490704
qwen3.5:9b,state_303,DSUB_Male,DSUB_Male,Waterproof_Male,Waterproof_Male,False,False,False,A,../vlm_four_scene_20260925/raw/qwen3.5-9b/state_303/DSUB_Male/Waterproof_Male.json,0.4370324797825765,0.4370324797825765,0.4370324797825765,0.1554054793917613,0.1554054793917613,0.1554054793917613,A,qwen3.5-9b/responses/state_303/DSUB_Male/Waterproof_Male.json,0.5195684453130878,0.5195684453130878,0.5195684453130878,0.33272682573058554,0.33272682573058554,0.33272682573058554,0.08253596553051129,0.08253596553051129
qwen3.5:9b,state_303,Gear_Large,gear,M12_Hex_Nut,hex_nut,False,False,False,A,../vlm_four_scene_20260925/raw/qwen3.5-9b/state_303/Gear_Large/M12_Hex_Nut.json,0.9775283937483789,0.9775283937483789,0.9775283937483789,0.016947082109046177,0.016947082109046177,0.016947082109046177,A,qwen3.5-9b/responses/state_303/Gear_Large/M12_Hex_Nut.json,0.9352989204445218,0.9352989204445218,0.9352989204445218,0.048434157433660516,0.048434157433660516,0.048434157433660516,-0.04222947330385707,-0.04222947330385707
qwen3.5:9b,state_303,Gear_Medium,gear,M12_Hex_Nut,hex_nut,False,False,False,A,../vlm_four_scene_20260925/raw/qwen3.5-9b/state_303/Gear_Medium/M12_Hex_Nut.json,0.9696189764571796,0.9696189764571796,0.9696189764571796,0.020912752967756004,0.020912752967756004,0.020912752967756004,A,qwen3.5-9b/responses/state_303/Gear_Medium/M12_Hex_Nut.json,0.9352989204445218,0.9352989204445218,0.9352989204445218,0.048434157433660516,0.048434157433660516,0.048434157433660516,-0.03432005601265786,-0.03432005601265786
qwen3.5:9b,state_303,Gear_Small,gear,M12_Hex_Nut,hex_nut,False,False,False,A,../vlm_four_scene_20260925/raw/qwen3.5-9b/state_303/Gear_Small/M12_Hex_Nut.json,0.9669231161357305,0.9669231161357305,0.9669231161357305,0.022739027191727032,0.022739027191727032,0.022739027191727032,A,qwen3.5-9b/responses/state_303/Gear_Small/M12_Hex_Nut.json,0.9352989204445218,0.9352989204445218,0.9352989204445218,0.048434157433660516,0.048434157433660516,0.048434157433660516,-0.03162419569120867,-0.03162419569120867
qwen3.5:9b,state_303,Waterproof_Male,Waterproof_Male,M12_Hex_Nut,hex_nut,False,False,False,A,../vlm_four_scene_20260925/raw/qwen3.5-9b/state_303/Waterproof_Male/M12_Hex_Nut.json,0.8957006360666707,0.8957006360666707,0.8957006360666707,0.07059092852537617,0.07059092852537617,0.07059092852537617,A,qwen3.5-9b/responses/state_303/Waterproof_Male/M12_Hex_Nut.json,0.9573392866892767,0.9573392866892767,0.9573392866892767,0.03404354652298074,0.03404354652298074,0.03404354652298074,0.061638650622605984,0.061638650622605984
qwen3.5:9b,state_303,M12_Hex_Nut,hex_nut,M12_Hex_Nut,hex_nut,True,True,False,A,../vlm_four_scene_20260925/raw/qwen3.5-9b/state_303/M12_Hex_Nut/M12_Hex_Nut.json,0.9067394148989119,0.9067394148989119,0.9067394148989119,0.050418844258399646,0.050418844258399646,0.050418844258399646,A,qwen3.5-9b/responses/state_303/M12_Hex_Nut/M12_Hex_Nut.json,0.8614553196226454,0.8614553196226454,0.8614553196226454,0.10237447933863918,0.10237447933863918,0.10237447933863918,-0.04528409527626642,-0.04528409527626642
qwen3.5:9b,state_303,M16_Hex_Nut,hex_nut,M12_Hex_Nut,hex_nut,True,False,False,A,../vlm_four_scene_20260925/raw/qwen3.5-9b/state_303/M16_Hex_Nut/M12_Hex_Nut.json,0.9662467257170322,0.9662467257170322,0.9662467257170322,0.02294738272181075,0.02294738272181075,0.02294738272181075,A,qwen3.5-9b/responses/state_303/M16_Hex_Nut/M12_Hex_Nut.json,0.8614553196226454,0.8614553196226454,0.8614553196226454,0.10237447933863918,0.10237447933863918,0.10237447933863918,-0.10479140609438675,-0.10479140609438675
qwen3.5:9b,state_303,RGOCG16-50_16mm,round_pin,M12_Hex_Nut,hex_nut,False,False,False,A,../vlm_four_scene_20260925/raw/qwen3.5-9b/state_303/RGOCG16-50_16mm/M12_Hex_Nut.json,0.9078555677448992,0.9078555677448992,0.9078555677448992,0.06306245623191654,0.06306245623191654,0.06306245623191654,C,qwen3.5-9b/responses/state_303/RGOCG16-50_16mm/M12_Hex_Nut.json,0.2888906354429184,0.2888906354429184,0.2888906354429184,0.648887866818319,0.648887866818319,0.648887866818319,-0.6189649323019808,-0.6189649323019808
qwen3.5:9b,state_303,RGOCG12-50_12mm,round_pin,M12_Hex_Nut,hex_nut,False,False,False,A,../vlm_four_scene_20260925/raw/qwen3.5-9b/state_303/RGOCG12-50_12mm/M12_Hex_Nut.json,0.9128963366297302,0.9128963366297302,0.9128963366297302,0.0627840182889577,0.0627840182889577,0.0627840182889577,C,qwen3.5-9b/responses/state_303/RGOCG12-50_12mm/M12_Hex_Nut.json,0.2888906354429184,0.2888906354429184,0.2888906354429184,0.648887866818319,0.648887866818319,0.648887866818319,-0.6240057011868119,-0.6240057011868119
qwen3.5:9b,state_303,RGOCG8-50_8mm,round_pin,M12_Hex_Nut,hex_nut,False,False,False,A,../vlm_four_scene_20260925/raw/qwen3.5-9b/state_303/RGOCG8-50_8mm/M12_Hex_Nut.json,0.8831453944049801,0.8831453944049801,0.8831453944049801,0.08229272884102301,0.08229272884102301,0.08229272884102301,C,qwen3.5-9b/responses/state_303/RGOCG8-50_8mm/M12_Hex_Nut.json,0.2888906354429184,0.2888906354429184,0.2888906354429184,0.648887866818319,0.648887866818319,0.648887866818319,-0.5942547589620617,-0.5942547589620617
qwen3.5:9b,state_303,USB_Male,USB_Male,M12_Hex_Nut,hex_nut,False,False,False,C,../vlm_four_scene_20260925/raw/qwen3.5-9b/state_303/USB_Male/M12_Hex_Nut.json,0.23360547526679484,0.23360547526679484,0.23360547526679484,0.39018493777990043,0.39018493777990043,0.39018493777990043,C,qwen3.5-9b/responses/state_303/USB_Male/M12_Hex_Nut.json,0.011730915711897105,0.011730915711897105,0.011730915711897105,0.9528940309638336,0.9528940309638336,0.9528940309638336,-0.22187455955489774,-0.22187455955489774
qwen3.5:9b,state_303,DSUB_Male,DSUB_Male,M12_Hex_Nut,hex_nut,False,False,False,A,../vlm_four_scene_20260925/raw/qwen3.5-9b/state_303/DSUB_Male/M12_Hex_Nut.json,0.8080536747641884,0.8080536747641884,0.8080536747641884,0.11033410156621157,0.11033410156621157,0.11033410156621157,C,qwen3.5-9b/responses/state_303/DSUB_Male/M12_Hex_Nut.json,0.18086207728398582,0.18086207728398582,0.18086207728398582,0.7835055532535341,0.7835055532535341,0.7835055532535341,-0.6271915974802026,-0.6271915974802026
qwen3.5:9b,state_303,Gear_Large,gear,M16_Hex_Nut,hex_nut,False,False,False,A,../vlm_four_scene_20260925/raw/qwen3.5-9b/state_303/Gear_Large/M16_Hex_Nut.json,0.9768097997690707,0.9768097997690707,0.9768097997690707,0.015198004412862726,0.015198004412862726,0.015198004412862726,C,qwen3.5-9b/responses/state_303/Gear_Large/M16_Hex_Nut.json,0.2357945470586571,0.2357945470586571,0.2357945470586571,0.5445297991234612,0.5445297991234612,0.5445297991234612,-0.7410152527104136,-0.7410152527104136
qwen3.5:9b,state_303,Gear_Medium,gear,M16_Hex_Nut,hex_nut,False,False,False,A,../vlm_four_scene_20260925/raw/qwen3.5-9b/state_303/Gear_Medium/M16_Hex_Nut.json,0.975171566752523,0.975171566752523,0.975171566752523,0.017006516777684742,0.017006516777684742,0.017006516777684742,C,qwen3.5-9b/responses/state_303/Gear_Medium/M16_Hex_Nut.json,0.2357945470586571,0.2357945470586571,0.2357945470586571,0.5445297991234612,0.5445297991234612,0.5445297991234612,-0.7393770196938659,-0.7393770196938659
qwen3.5:9b,state_303,Gear_Small,gear,M16_Hex_Nut,hex_nut,False,False,False,A,../vlm_four_scene_20260925/raw/qwen3.5-9b/state_303/Gear_Small/M16_Hex_Nut.json,0.9823566667238991,0.9823566667238991,0.9823566667238991,0.01161675844386453,0.01161675844386453,0.01161675844386453,C,qwen3.5-9b/responses/state_303/Gear_Small/M16_Hex_Nut.json,0.2357945470586571,0.2357945470586571,0.2357945470586571,0.5445297991234612,0.5445297991234612,0.5445297991234612,-0.746562119665242,-0.746562119665242
qwen3.5:9b,state_303,Waterproof_Male,Waterproof_Male,M16_Hex_Nut,hex_nut,False,False,False,A,../vlm_four_scene_20260925/raw/qwen3.5-9b/state_303/Waterproof_Male/M16_Hex_Nut.json,0.7918254111462776,0.7918254111462776,0.7918254111462776,0.14454827342065354,0.14454827342065354,0.14454827342065354,C,qwen3.5-9b/responses/state_303/Waterproof_Male/M16_Hex_Nut.json,0.31474642070730835,0.31474642070730835,0.31474642070730835,0.6395928198146072,0.6395928198146072,0.6395928198146072,-0.47707899043896923,-0.47707899043896923
qwen3.5:9b,state_303,M12_Hex_Nut,hex_nut,M16_Hex_Nut,hex_nut,True,False,False,A,../vlm_four_scene_20260925/raw/qwen3.5-9b/state_303/M12_Hex_Nut/M16_Hex_Nut.json,0.9860861303394899,0.9860861303394899,0.9860861303394899,0.00994822061885093,0.00994822061885093,0.00994822061885093,A,qwen3.5-9b/responses/state_303/M12_Hex_Nut/M16_Hex_Nut.json,0.847929000337853,0.847929000337853,0.847929000337853,0.10727778789665325,0.10727778789665325,0.10727778789665325,-0.13815713000163687,-0.13815713000163687
qwen3.5:9b,state_303,M16_Hex_Nut,hex_nut,M16_Hex_Nut,hex_nut,True,True,False,A,../vlm_four_scene_20260925/raw/qwen3.5-9b/state_303/M16_Hex_Nut/M16_Hex_Nut.json,0.9868965743673824,0.9868965743673824,0.9868965743673824,0.009462194601366967,0.009462194601366967,0.009462194601366967,A,qwen3.5-9b/responses/state_303/M16_Hex_Nut/M16_Hex_Nut.json,0.847929000337853,0.847929000337853,0.847929000337853,0.10727778789665325,0.10727778789665325,0.10727778789665325,-0.13896757402952942,-0.13896757402952942
qwen3.5:9b,state_303,RGOCG16-50_16mm,round_pin,M16_Hex_Nut,hex_nut,False,False,False,A,../vlm_four_scene_20260925/raw/qwen3.5-9b/state_303/RGOCG16-50_16mm/M16_Hex_Nut.json,0.8525616563969461,0.8525616563969461,0.8525616563969461,0.09745157819851864,0.09745157819851864,0.09745157819851864,C,qwen3.5-9b/responses/state_303/RGOCG16-50_16mm/M16_Hex_Nut.json,0.20659680364168345,0.20659680364168345,0.20659680364168345,0.6041995120175877,0.6041995120175877,0.6041995120175877,-0.6459648527552627,-0.6459648527552627
qwen3.5:9b,state_303,RGOCG12-50_12mm,round_pin,M16_Hex_Nut,hex_nut,False,False,False,A,../vlm_four_scene_20260925/raw/qwen3.5-9b/state_303/RGOCG12-50_12mm/M16_Hex_Nut.json,0.8649620388323128,0.8649620388323128,0.8649620388323128,0.08070714289175218,0.08070714289175218,0.08070714289175218,C,qwen3.5-9b/responses/state_303/RGOCG12-50_12mm/M16_Hex_Nut.json,0.20659680364168345,0.20659680364168345,0.20659680364168345,0.6041995120175877,0.6041995120175877,0.6041995120175877,-0.6583652351906294,-0.6583652351906294
qwen3.5:9b,state_303,RGOCG8-50_8mm,round_pin,M16_Hex_Nut,hex_nut,False,False,False,A,../vlm_four_scene_20260925/raw/qwen3.5-9b/state_303/RGOCG8-50_8mm/M16_Hex_Nut.json,0.8097531835793766,0.8097531835793766,0.8097531835793766,0.1293551659008763,0.1293551659008763,0.1293551659008763,C,qwen3.5-9b/responses/state_303/RGOCG8-50_8mm/M16_Hex_Nut.json,0.20659680364168345,0.20659680364168345,0.20659680364168345,0.6041995120175877,0.6041995120175877,0.6041995120175877,-0.6031563799376932,-0.6031563799376932
qwen3.5:9b,state_303,USB_Male,USB_Male,M16_Hex_Nut,hex_nut,False,False,False,B,../vlm_four_scene_20260925/raw/qwen3.5-9b/state_303/USB_Male/M16_Hex_Nut.json,0.05127298330865479,0.05127298330865479,0.05127298330865479,0.36173739360919865,0.36173739360919865,0.36173739360919865,C,qwen3.5-9b/responses/state_303/USB_Male/M16_Hex_Nut.json,0.01434403639694614,0.01434403639694614,0.01434403639694614,0.7497988956609999,0.7497988956609999,0.7497988956609999,-0.03692894691170865,-0.03692894691170865
qwen3.5:9b,state_303,DSUB_Male,DSUB_Male,M16_Hex_Nut,hex_nut,False,False,False,A,../vlm_four_scene_20260925/raw/qwen3.5-9b/state_303/DSUB_Male/M16_Hex_Nut.json,0.7324424397066203,0.7324424397066203,0.7324424397066203,0.16887755034546942,0.16887755034546942,0.16887755034546942,C,qwen3.5-9b/responses/state_303/DSUB_Male/M16_Hex_Nut.json,0.06526780532073034,0.06526780532073034,0.06526780532073034,0.8378750661027793,0.8378750661027793,0.8378750661027793,-0.66717463438589,-0.66717463438589
qwen3.5:9b,state_303,Gear_Large,gear,RGOCG16-50_16mm,round_pin,False,False,False,C,../vlm_four_scene_20260925/raw/qwen3.5-9b/state_303/Gear_Large/RGOCG16-50_16mm.json,0.06610442474539464,0.06610442474539464,0.06610442474539464,0.5156249447997583,0.5156249447997583,0.5156249447997583,C,qwen3.5-9b/responses/state_303/Gear_Large/RGOCG16-50_16mm.json,0.014235905718439499,0.014235905718439499,0.014235905718439499,0.920740423714796,0.920740423714796,0.920740423714796,-0.05186851902695515,-0.05186851902695515
qwen3.5:9b,state_303,Gear_Medium,gear,RGOCG16-50_16mm,round_pin,False,False,False,B,../vlm_four_scene_20260925/raw/qwen3.5-9b/state_303/Gear_Medium/RGOCG16-50_16mm.json,0.036611519092811504,0.036611519092811504,0.036611519092811504,0.3912844625017349,0.3912844625017349,0.3912844625017349,C,qwen3.5-9b/responses/state_303/Gear_Medium/RGOCG16-50_16mm.json,0.014235905718439499,0.014235905718439499,0.014235905718439499,0.920740423714796,0.920740423714796,0.920740423714796,-0.022375613374372005,-0.022375613374372005
qwen3.5:9b,state_303,Gear_Small,gear,RGOCG16-50_16mm,round_pin,False,False,False,B,../vlm_four_scene_20260925/raw/qwen3.5-9b/state_303/Gear_Small/RGOCG16-50_16mm.json,0.026710958172783572,0.026710958172783572,0.026710958172783572,0.39274679556570324,0.39274679556570324,0.39274679556570324,C,qwen3.5-9b/responses/state_303/Gear_Small/RGOCG16-50_16mm.json,0.014235905718439499,0.014235905718439499,0.014235905718439499,0.920740423714796,0.920740423714796,0.920740423714796,-0.012475052454344073,-0.012475052454344073
qwen3.5:9b,state_303,Waterproof_Male,Waterproof_Male,RGOCG16-50_16mm,round_pin,False,False,False,C,../vlm_four_scene_20260925/raw/qwen3.5-9b/state_303/Waterproof_Male/RGOCG16-50_16mm.json,0.11140267714194096,0.11140267714194096,0.11140267714194096,0.784327622374115,0.784327622374115,0.784327622374115,C,qwen3.5-9b/responses/state_303/Waterproof_Male/RGOCG16-50_16mm.json,0.01267204134070596,0.01267204134070596,0.01267204134070596,0.9823050499331816,0.9823050499331816,0.9823050499331816,-0.098730635801235,-0.098730635801235
qwen3.5:9b,state_303,M12_Hex_Nut,hex_nut,RGOCG16-50_16mm,round_pin,False,False,False,B,../vlm_four_scene_20260925/raw/qwen3.5-9b/state_303/M12_Hex_Nut/RGOCG16-50_16mm.json,0.029828429243666837,0.029828429243666837,0.029828429243666837,0.43610980382822906,0.43610980382822906,0.43610980382822906,C,qwen3.5-9b/responses/state_303/M12_Hex_Nut/RGOCG16-50_16mm.json,0.02785639354843088,0.02785639354843088,0.02785639354843088,0.9497576355025716,0.9497576355025716,0.9497576355025716,-0.001972035695235956,-0.001972035695235956
qwen3.5:9b,state_303,M16_Hex_Nut,hex_nut,RGOCG16-50_16mm,round_pin,False,False,False,B,../vlm_four_scene_20260925/raw/qwen3.5-9b/state_303/M16_Hex_Nut/RGOCG16-50_16mm.json,0.027119455569260757,0.027119455569260757,0.027119455569260757,0.3713719884289724,0.3713719884289724,0.3713719884289724,C,qwen3.5-9b/responses/state_303/M16_Hex_Nut/RGOCG16-50_16mm.json,0.02785639354843088,0.02785639354843088,0.02785639354843088,0.9497576355025716,0.9497576355025716,0.9497576355025716,0.0007369379791701235,0.0007369379791701235
qwen3.5:9b,state_303,RGOCG16-50_16mm,round_pin,RGOCG16-50_16mm,round_pin,True,True,False,A,../vlm_four_scene_20260925/raw/qwen3.5-9b/state_303/RGOCG16-50_16mm/RGOCG16-50_16mm.json,0.9808170206965551,0.9808170206965551,0.9808170206965551,0.016237283158088252,0.016237283158088252,0.016237283158088252,A,qwen3.5-9b/responses/state_303/RGOCG16-50_16mm/RGOCG16-50_16mm.json,0.9940153955082371,0.9940153955082371,0.9940153955082371,0.0052456070575713585,0.0052456070575713585,0.0052456070575713585,0.013198374811682068,0.013198374811682068
qwen3.5:9b,state_303,RGOCG12-50_12mm,round_pin,RGOCG16-50_16mm,round_pin,True,False,False,A,../vlm_four_scene_20260925/raw/qwen3.5-9b/state_303/RGOCG12-50_12mm/RGOCG16-50_16mm.json,0.9775128953193523,0.9775128953193523,0.9775128953193523,0.01890063533309462,0.01890063533309462,0.01890063533309462,A,qwen3.5-9b/responses/state_303/RGOCG12-50_12mm/RGOCG16-50_16mm.json,0.9940153955082371,0.9940153955082371,0.9940153955082371,0.0052456070575713585,0.0052456070575713585,0.0052456070575713585,0.016502500188884883,0.016502500188884883
qwen3.5:9b,state_303,RGOCG8-50_8mm,round_pin,RGOCG16-50_16mm,round_pin,True,False,False,A,../vlm_four_scene_20260925/raw/qwen3.5-9b/state_303/RGOCG8-50_8mm/RGOCG16-50_16mm.json,0.9819126131822119,0.9819126131822119,0.9819126131822119,0.014591148205847273,0.014591148205847273,0.014591148205847273,A,qwen3.5-9b/responses/state_303/RGOCG8-50_8mm/RGOCG16-50_16mm.json,0.9940153955082371,0.9940153955082371,0.9940153955082371,0.0052456070575713585,0.0052456070575713585,0.0052456070575713585,0.012102782326025241,0.012102782326025241
qwen3.5:9b,state_303,USB_Male,USB_Male,RGOCG16-50_16mm,round_pin,False,False,False,B,../vlm_four_scene_20260925/raw/qwen3.5-9b/state_303/USB_Male/RGOCG16-50_16mm.json,0.038047071945924216,0.038047071945924216,0.038047071945924216,0.28572584787411337,0.28572584787411337,0.28572584787411337,C,qwen3.5-9b/responses/state_303/USB_Male/RGOCG16-50_16mm.json,0.014213705239464983,0.014213705239464983,0.014213705239464983,0.9432761669750738,0.9432761669750738,0.9432761669750738,-0.023833366706459233,-0.023833366706459233
qwen3.5:9b,state_303,DSUB_Male,DSUB_Male,RGOCG16-50_16mm,round_pin,False,False,False,C,../vlm_four_scene_20260925/raw/qwen3.5-9b/state_303/DSUB_Male/RGOCG16-50_16mm.json,0.25938838800450853,0.25938838800450853,0.25938838800450853,0.6321139272022976,0.6321139272022976,0.6321139272022976,C,qwen3.5-9b/responses/state_303/DSUB_Male/RGOCG16-50_16mm.json,0.011537447270312891,0.011537447270312891,0.011537447270312891,0.9780404570787858,0.9780404570787858,0.9780404570787858,-0.24785094073419564,-0.24785094073419564
qwen3.5:9b,state_303,Gear_Large,gear,RGOCG12-50_12mm,round_pin,False,False,False,B,../vlm_four_scene_20260925/raw/qwen3.5-9b/state_303/Gear_Large/RGOCG12-50_12mm.json,0.017473030007224152,0.017473030007224152,0.017473030007224152,0.23997927787181872,0.23997927787181872,0.23997927787181872,C,qwen3.5-9b/responses/state_303/Gear_Large/RGOCG12-50_12mm.json,0.011573565913138949,0.011573565913138949,0.011573565913138949,0.8964406245050522,0.8964406245050522,0.8964406245050522,-0.005899464094085203,-0.005899464094085203
qwen3.5:9b,state_303,Gear_Medium,gear,RGOCG12-50_12mm,round_pin,False,False,False,B,../vlm_four_scene_20260925/raw/qwen3.5-9b/state_303/Gear_Medium/RGOCG12-50_12mm.json,0.014640540137891489,0.014640540137891489,0.014640540137891489,0.2956913861361196,0.2956913861361196,0.2956913861361196,C,qwen3.5-9b/responses/state_303/Gear_Medium/RGOCG12-50_12mm.json,0.011573565913138949,0.011573565913138949,0.011573565913138949,0.8964406245050522,0.8964406245050522,0.8964406245050522,-0.0030669742247525396,-0.0030669742247525396
qwen3.5:9b,state_303,Gear_Small,gear,RGOCG12-50_12mm,round_pin,False,False,False,B,../vlm_four_scene_20260925/raw/qwen3.5-9b/state_303/Gear_Small/RGOCG12-50_12mm.json,0.008670308599071,0.008670308599071,0.008670308599071,0.3792024612202543,0.3792024612202543,0.3792024612202543,C,qwen3.5-9b/responses/state_303/Gear_Small/RGOCG12-50_12mm.json,0.011573565913138949,0.011573565913138949,0.011573565913138949,0.8964406245050522,0.8964406245050522,0.8964406245050522,0.00290325731406795,0.00290325731406795
qwen3.5:9b,state_303,Waterproof_Male,Waterproof_Male,RGOCG12-50_12mm,round_pin,False,False,False,B,../vlm_four_scene_20260925/raw/qwen3.5-9b/state_303/Waterproof_Male/RGOCG12-50_12mm.json,0.03728785778238094,0.03728785778238094,0.03728785778238094,0.42339509471730086,0.42339509471730086,0.42339509471730086,C,qwen3.5-9b/responses/state_303/Waterproof_Male/RGOCG12-50_12mm.json,0.01649519322485169,0.01649519322485169,0.01649519322485169,0.9707027077910471,0.9707027077910471,0.9707027077910471,-0.020792664557529247,-0.020792664557529247
qwen3.5:9b,state_303,M12_Hex_Nut,hex_nut,RGOCG12-50_12mm,round_pin,False,False,False,B,../vlm_four_scene_20260925/raw/qwen3.5-9b/state_303/M12_Hex_Nut/RGOCG12-50_12mm.json,0.023345252129516665,0.023345252129516665,0.023345252129516665,0.23887120492863445,0.23887120492863445,0.23887120492863445,C,qwen3.5-9b/responses/state_303/M12_Hex_Nut/RGOCG12-50_12mm.json,0.03126359997047598,0.03126359997047598,0.03126359997047598,0.8322013607697121,0.8322013607697121,0.8322013607697121,0.007918347840959315,0.007918347840959315
qwen3.5:9b,state_303,M16_Hex_Nut,hex_nut,RGOCG12-50_12mm,round_pin,False,False,False,B,../vlm_four_scene_20260925/raw/qwen3.5-9b/state_303/M16_Hex_Nut/RGOCG12-50_12mm.json,0.023049293889027406,0.023049293889027406,0.023049293889027406,0.250571753761181,0.250571753761181,0.250571753761181,C,qwen3.5-9b/responses/state_303/M16_Hex_Nut/RGOCG12-50_12mm.json,0.03126359997047598,0.03126359997047598,0.03126359997047598,0.8322013607697121,0.8322013607697121,0.8322013607697121,0.008214306081448575,0.008214306081448575
qwen3.5:9b,state_303,RGOCG16-50_16mm,round_pin,RGOCG12-50_12mm,round_pin,True,False,False,A,../vlm_four_scene_20260925/raw/qwen3.5-9b/state_303/RGOCG16-50_16mm/RGOCG12-50_12mm.json,0.9829570057373509,0.9829570057373509,0.9829570057373509,0.012774590437873214,0.012774590437873214,0.012774590437873214,A,qwen3.5-9b/responses/state_303/RGOCG16-50_16mm/RGOCG12-50_12mm.json,0.9931453465804453,0.9931453465804453,0.9931453465804453,0.005825045910213379,0.005825045910213379,0.005825045910213379,0.01018834084309439,0.01018834084309439
qwen3.5:9b,state_303,RGOCG12-50_12mm,round_pin,RGOCG12-50_12mm,round_pin,True,True,False,A,../vlm_four_scene_20260925/raw/qwen3.5-9b/state_303/RGOCG12-50_12mm/RGOCG12-50_12mm.json,0.984806000864953,0.984806000864953,0.984806000864953,0.012022089369563603,0.012022089369563603,0.012022089369563603,A,qwen3.5-9b/responses/state_303/RGOCG12-50_12mm/RGOCG12-50_12mm.json,0.9931453465804453,0.9931453465804453,0.9931453465804453,0.005825045910213379,0.005825045910213379,0.005825045910213379,0.00833934571549233,0.00833934571549233
qwen3.5:9b,state_303,RGOCG8-50_8mm,round_pin,RGOCG12-50_12mm,round_pin,True,False,False,A,../vlm_four_scene_20260925/raw/qwen3.5-9b/state_303/RGOCG8-50_8mm/RGOCG12-50_12mm.json,0.985797345233732,0.985797345233732,0.985797345233732,0.011294494071339834,0.011294494071339834,0.011294494071339834,A,qwen3.5-9b/responses/state_303/RGOCG8-50_8mm/RGOCG12-50_12mm.json,0.9931453465804453,0.9931453465804453,0.9931453465804453,0.005825045910213379,0.005825045910213379,0.005825045910213379,0.007348001346713318,0.007348001346713318
qwen3.5:9b,state_303,USB_Male,USB_Male,RGOCG12-50_12mm,round_pin,False,False,False,B,../vlm_four_scene_20260925/raw/qwen3.5-9b/state_303/USB_Male/RGOCG12-50_12mm.json,0.047641687308230055,0.047641687308230055,0.047641687308230055,0.15498920792707385,0.15498920792707385,0.15498920792707385,C,qwen3.5-9b/responses/state_303/USB_Male/RGOCG12-50_12mm.json,0.015800184080468956,0.015800184080468956,0.015800184080468956,0.8758047819984628,0.8758047819984628,0.8758047819984628,-0.031841503227761095,-0.031841503227761095
qwen3.5:9b,state_303,DSUB_Male,DSUB_Male,RGOCG12-50_12mm,round_pin,False,False,False,C,../vlm_four_scene_20260925/raw/qwen3.5-9b/state_303/DSUB_Male/RGOCG12-50_12mm.json,0.4105310183549544,0.4105310183549544,0.4105310183549544,0.4923751306345501,0.4923751306345501,0.4923751306345501,C,qwen3.5-9b/responses/state_303/DSUB_Male/RGOCG12-50_12mm.json,0.008617546294912362,0.008617546294912362,0.008617546294912362,0.9500269885291761,0.9500269885291761,0.9500269885291761,-0.4019134720600421,-0.4019134720600421
qwen3.5:9b,state_303,Gear_Large,gear,RGOCG8-50_8mm,round_pin,False,False,False,B,../vlm_four_scene_20260925/raw/qwen3.5-9b/state_303/Gear_Large/RGOCG8-50_8mm.json,0.010594184445762433,0.010594184445762433,0.010594184445762433,0.23403854968978963,0.23403854968978963,0.23403854968978963,C,qwen3.5-9b/responses/state_303/Gear_Large/RGOCG8-50_8mm.json,0.007208236993578105,0.007208236993578105,0.007208236993578105,0.6513819012809131,0.6513819012809131,0.6513819012809131,-0.0033859474521843284,-0.0033859474521843284
qwen3.5:9b,state_303,Gear_Medium,gear,RGOCG8-50_8mm,round_pin,False,False,False,B,../vlm_four_scene_20260925/raw/qwen3.5-9b/state_303/Gear_Medium/RGOCG8-50_8mm.json,0.006891131464950093,0.006891131464950093,0.006891131464950093,0.38140263692649173,0.38140263692649173,0.38140263692649173,C,qwen3.5-9b/responses/state_303/Gear_Medium/RGOCG8-50_8mm.json,0.007208236993578105,0.007208236993578105,0.007208236993578105,0.6513819012809131,0.6513819012809131,0.6513819012809131,0.00031710552862801184,0.00031710552862801184
qwen3.5:9b,state_303,Gear_Small,gear,RGOCG8-50_8mm,round_pin,False,False,False,B,../vlm_four_scene_20260925/raw/qwen3.5-9b/state_303/Gear_Small/RGOCG8-50_8mm.json,0.007266978872267745,0.007266978872267745,0.007266978872267745,0.27596889412061076,0.27596889412061076,0.27596889412061076,C,qwen3.5-9b/responses/state_303/Gear_Small/RGOCG8-50_8mm.json,0.007208236993578105,0.007208236993578105,0.007208236993578105,0.6513819012809131,0.6513819012809131,0.6513819012809131,-5.874187868964032e-05,-5.874187868964032e-05
qwen3.5:9b,state_303,Waterproof_Male,Waterproof_Male,RGOCG8-50_8mm,round_pin,False,False,False,B,../vlm_four_scene_20260925/raw/qwen3.5-9b/state_303/Waterproof_Male/RGOCG8-50_8mm.json,0.030188802697915733,0.030188802697915733,0.030188802697915733,0.2986238275349122,0.2986238275349122,0.2986238275349122,C,qwen3.5-9b/responses/state_303/Waterproof_Male/RGOCG8-50_8mm.json,0.011259155082811802,0.011259155082811802,0.011259155082811802,0.9518548241092414,0.9518548241092414,0.9518548241092414,-0.01892964761510393,-0.01892964761510393
qwen3.5:9b,state_303,M12_Hex_Nut,hex_nut,RGOCG8-50_8mm,round_pin,False,False,False,B,../vlm_four_scene_20260925/raw/qwen3.5-9b/state_303/M12_Hex_Nut/RGOCG8-50_8mm.json,0.01378898764487266,0.01378898764487266,0.01378898764487266,0.14771948419505126,0.14771948419505126,0.14771948419505126,C,qwen3.5-9b/responses/state_303/M12_Hex_Nut/RGOCG8-50_8mm.json,0.022893981536667458,0.022893981536667458,0.022893981536667458,0.5597558599161374,0.5597558599161374,0.5597558599161374,0.009104993891794798,0.009104993891794798
qwen3.5:9b,state_303,M16_Hex_Nut,hex_nut,RGOCG8-50_8mm,round_pin,False,False,False,B,../vlm_four_scene_20260925/raw/qwen3.5-9b/state_303/M16_Hex_Nut/RGOCG8-50_8mm.json,0.012770576836309005,0.012770576836309005,0.012770576836309005,0.16437173761857407,0.16437173761857407,0.16437173761857407,C,qwen3.5-9b/responses/state_303/M16_Hex_Nut/RGOCG8-50_8mm.json,0.022893981536667458,0.022893981536667458,0.022893981536667458,0.5597558599161374,0.5597558599161374,0.5597558599161374,0.010123404700358453,0.010123404700358453
qwen3.5:9b,state_303,RGOCG16-50_16mm,round_pin,RGOCG8-50_8mm,round_pin,True,False,False,A,../vlm_four_scene_20260925/raw/qwen3.5-9b/state_303/RGOCG16-50_16mm/RGOCG8-50_8mm.json,0.9840727445304953,0.9840727445304953,0.9840727445304953,0.011525696587920695,0.011525696587920695,0.011525696587920695,A,qwen3.5-9b/responses/state_303/RGOCG16-50_16mm/RGOCG8-50_8mm.json,0.9981923699209605,0.9981923699209605,0.9981923699209605,0.001529719667844128,0.001529719667844128,0.001529719667844128,0.014119625390465185,0.014119625390465185
qwen3.5:9b,state_303,RGOCG12-50_12mm,round_pin,RGOCG8-50_8mm,round_pin,True,False,False,A,../vlm_four_scene_20260925/raw/qwen3.5-9b/state_303/RGOCG12-50_12mm/RGOCG8-50_8mm.json,0.9870645999569073,0.9870645999569073,0.9870645999569073,0.009549631166138923,0.009549631166138923,0.009549631166138923,A,qwen3.5-9b/responses/state_303/RGOCG12-50_12mm/RGOCG8-50_8mm.json,0.9981923699209605,0.9981923699209605,0.9981923699209605,0.001529719667844128,0.001529719667844128,0.001529719667844128,0.01112776996405318,0.01112776996405318
qwen3.5:9b,state_303,RGOCG8-50_8mm,round_pin,RGOCG8-50_8mm,round_pin,True,True,False,A,../vlm_four_scene_20260925/raw/qwen3.5-9b/state_303/RGOCG8-50_8mm/RGOCG8-50_8mm.json,0.9930816291362863,0.9930816291362863,0.9930816291362863,0.005438707446382321,0.005438707446382321,0.005438707446382321,A,qwen3.5-9b/responses/state_303/RGOCG8-50_8mm/RGOCG8-50_8mm.json,0.9981923699209605,0.9981923699209605,0.9981923699209605,0.001529719667844128,0.001529719667844128,0.001529719667844128,0.005110740784674217,0.005110740784674217
qwen3.5:9b,state_303,USB_Male,USB_Male,RGOCG8-50_8mm,round_pin,False,False,False,B,../vlm_four_scene_20260925/raw/qwen3.5-9b/state_303/USB_Male/RGOCG8-50_8mm.json,0.03330906943033934,0.03330906943033934,0.03330906943033934,0.17123303756777633,0.17123303756777633,0.17123303756777633,C,qwen3.5-9b/responses/state_303/USB_Male/RGOCG8-50_8mm.json,0.01457619702759234,0.01457619702759234,0.01457619702759234,0.7956361804097664,0.7956361804097664,0.7956361804097664,-0.018732872402746997,-0.018732872402746997
qwen3.5:9b,state_303,DSUB_Male,DSUB_Male,RGOCG8-50_8mm,round_pin,False,False,False,A,../vlm_four_scene_20260925/raw/qwen3.5-9b/state_303/DSUB_Male/RGOCG8-50_8mm.json,0.6525000409576648,0.6525000409576648,0.6525000409576648,0.19130758982275242,0.19130758982275242,0.19130758982275242,C,qwen3.5-9b/responses/state_303/DSUB_Male/RGOCG8-50_8mm.json,0.011657988452120764,0.011657988452120764,0.011657988452120764,0.8855972883224091,0.8855972883224091,0.8855972883224091,-0.640842052505544,-0.640842052505544
qwen3.5:9b,state_303,Gear_Large,gear,USB_Male,USB_Male,False,False,True,B,../vlm_four_scene_20260925/raw/qwen3.5-9b/state_303/Gear_Large/USB_Male.json,0.006688005282568721,0.006688005282568721,0.006688005282568721,0.38488002633507995,0.38488002633507995,0.38488002633507995,B,qwen3.5-9b/responses/state_303/Gear_Large/USB_Male.json,0.01451634462115987,0.01451634462115987,0.01451634462115987,0.3777599576083305,0.3777599576083305,0.3777599576083305,0.007828339338591148,0.007828339338591148
qwen3.5:9b,state_303,Gear_Medium,gear,USB_Male,USB_Male,False,False,True,B,../vlm_four_scene_20260925/raw/qwen3.5-9b/state_303/Gear_Medium/USB_Male.json,0.003677222761725021,0.003677222761725021,0.003677222761725021,0.3916283619716396,0.3916283619716396,0.3916283619716396,B,qwen3.5-9b/responses/state_303/Gear_Medium/USB_Male.json,0.01451634462115987,0.01451634462115987,0.01451634462115987,0.3777599576083305,0.3777599576083305,0.3777599576083305,0.01083912185943485,0.01083912185943485
qwen3.5:9b,state_303,Gear_Small,gear,USB_Male,USB_Male,False,False,True,B,../vlm_four_scene_20260925/raw/qwen3.5-9b/state_303/Gear_Small/USB_Male.json,0.015362466571981141,0.015362466571981141,0.015362466571981141,0.3895945217906197,0.3895945217906197,0.3895945217906197,B,qwen3.5-9b/responses/state_303/Gear_Small/USB_Male.json,0.01451634462115987,0.01451634462115987,0.01451634462115987,0.3777599576083305,0.3777599576083305,0.3777599576083305,-0.0008461219508212707,-0.0008461219508212707
qwen3.5:9b,state_303,Waterproof_Male,Waterproof_Male,USB_Male,USB_Male,False,False,True,A,../vlm_four_scene_20260925/raw/qwen3.5-9b/state_303/Waterproof_Male/USB_Male.json,0.9664993283233021,0.9664993283233021,0.9664993283233021,0.024479880153483832,0.024479880153483832,0.024479880153483832,B,qwen3.5-9b/responses/state_303/Waterproof_Male/USB_Male.json,0.3389916787378252,0.3389916787378252,0.3389916787378252,0.1711306991292417,0.1711306991292417,0.1711306991292417,-0.6275076495854769,-0.6275076495854769
qwen3.5:9b,state_303,M12_Hex_Nut,hex_nut,USB_Male,USB_Male,False,False,True,B,../vlm_four_scene_20260925/raw/qwen3.5-9b/state_303/M12_Hex_Nut/USB_Male.json,0.01602037440246225,0.01602037440246225,0.01602037440246225,0.3415951601302833,0.3415951601302833,0.3415951601302833,C,qwen3.5-9b/responses/state_303/M12_Hex_Nut/USB_Male.json,0.02151939988853548,0.02151939988853548,0.02151939988853548,0.6042478795431055,0.6042478795431055,0.6042478795431055,0.005499025486073228,0.005499025486073228
qwen3.5:9b,state_303,M16_Hex_Nut,hex_nut,USB_Male,USB_Male,False,False,True,B,../vlm_four_scene_20260925/raw/qwen3.5-9b/state_303/M16_Hex_Nut/USB_Male.json,0.01470493588215528,0.01470493588215528,0.01470493588215528,0.3533850108846594,0.3533850108846594,0.3533850108846594,C,qwen3.5-9b/responses/state_303/M16_Hex_Nut/USB_Male.json,0.02151939988853548,0.02151939988853548,0.02151939988853548,0.6042478795431055,0.6042478795431055,0.6042478795431055,0.006814464006380199,0.006814464006380199
qwen3.5:9b,state_303,RGOCG16-50_16mm,round_pin,USB_Male,USB_Male,False,False,True,B,../vlm_four_scene_20260925/raw/qwen3.5-9b/state_303/RGOCG16-50_16mm/USB_Male.json,0.2465592861957757,0.2465592861957757,0.2465592861957757,0.3231208768290178,0.3231208768290178,0.3231208768290178,B,qwen3.5-9b/responses/state_303/RGOCG16-50_16mm/USB_Male.json,0.042081950549635316,0.042081950549635316,0.042081950549635316,0.2286020092118802,0.2286020092118802,0.2286020092118802,-0.20447733564614037,-0.20447733564614037
qwen3.5:9b,state_303,RGOCG12-50_12mm,round_pin,USB_Male,USB_Male,False,False,True,A,../vlm_four_scene_20260925/raw/qwen3.5-9b/state_303/RGOCG12-50_12mm/USB_Male.json,0.4050618324148957,0.4050618324148957,0.4050618324148957,0.246650595139639,0.246650595139639,0.246650595139639,B,qwen3.5-9b/responses/state_303/RGOCG12-50_12mm/USB_Male.json,0.042081950549635316,0.042081950549635316,0.042081950549635316,0.2286020092118802,0.2286020092118802,0.2286020092118802,-0.36297988186526037,-0.36297988186526037
qwen3.5:9b,state_303,RGOCG8-50_8mm,round_pin,USB_Male,USB_Male,False,False,True,A,../vlm_four_scene_20260925/raw/qwen3.5-9b/state_303/RGOCG8-50_8mm/USB_Male.json,0.48865218112587455,0.48865218112587455,0.48865218112587455,0.2221865598691403,0.2221865598691403,0.2221865598691403,B,qwen3.5-9b/responses/state_303/RGOCG8-50_8mm/USB_Male.json,0.042081950549635316,0.042081950549635316,0.042081950549635316,0.2286020092118802,0.2286020092118802,0.2286020092118802,-0.44657023057623924,-0.44657023057623924
qwen3.5:9b,state_303,USB_Male,USB_Male,USB_Male,USB_Male,True,True,True,A,../vlm_four_scene_20260925/raw/qwen3.5-9b/state_303/USB_Male/USB_Male.json,0.9880384209158363,0.9880384209158363,0.9880384209158363,0.008076700537692886,0.008076700537692886,0.008076700537692886,A,qwen3.5-9b/responses/state_303/USB_Male/USB_Male.json,0.9804434185196651,0.9804434185196651,0.9804434185196651,0.01260750916580007,0.01260750916580007,0.01260750916580007,-0.007595002396171169,-0.007595002396171169
qwen3.5:9b,state_303,DSUB_Male,DSUB_Male,USB_Male,USB_Male,False,False,True,A,../vlm_four_scene_20260925/raw/qwen3.5-9b/state_303/DSUB_Male/USB_Male.json,0.9718077770591151,0.9718077770591151,0.9718077770591151,0.02097547584727315,0.02097547584727315,0.02097547584727315,A,qwen3.5-9b/responses/state_303/DSUB_Male/USB_Male.json,0.8637992206522298,0.8637992206522298,0.8637992206522298,0.07391971795568501,0.07391971795568501,0.07391971795568501,-0.10800855640688534,-0.10800855640688534
qwen3.5:9b,state_303,Gear_Large,gear,DSUB_Male,DSUB_Male,False,False,False,B,../vlm_four_scene_20260925/raw/qwen3.5-9b/state_303/Gear_Large/DSUB_Male.json,0.008792944359410042,0.008792944359410042,0.008792944359410042,0.29294435768884347,0.29294435768884347,0.29294435768884347,B,qwen3.5-9b/responses/state_303/Gear_Large/DSUB_Male.json,0.003822853461274192,0.003822853461274192,0.003822853461274192,0.4099106460017345,0.4099106460017345,0.4099106460017345,-0.00497009089813585,-0.00497009089813585
qwen3.5:9b,state_303,Gear_Medium,gear,DSUB_Male,DSUB_Male,False,False,False,B,../vlm_four_scene_20260925/raw/qwen3.5-9b/state_303/Gear_Medium/DSUB_Male.json,0.005921386076779063,0.005921386076779063,0.005921386076779063,0.27155850860591935,0.27155850860591935,0.27155850860591935,B,qwen3.5-9b/responses/state_303/Gear_Medium/DSUB_Male.json,0.003822853461274192,0.003822853461274192,0.003822853461274192,0.4099106460017345,0.4099106460017345,0.4099106460017345,-0.0020985326155048708,-0.0020985326155048708
qwen3.5:9b,state_303,Gear_Small,gear,DSUB_Male,DSUB_Male,False,False,False,B,../vlm_four_scene_20260925/raw/qwen3.5-9b/state_303/Gear_Small/DSUB_Male.json,0.020199855650145045,0.020199855650145045,0.020199855650145045,0.3133986072109072,0.3133986072109072,0.3133986072109072,B,qwen3.5-9b/responses/state_303/Gear_Small/DSUB_Male.json,0.003822853461274192,0.003822853461274192,0.003822853461274192,0.4099106460017345,0.4099106460017345,0.4099106460017345,-0.01637700218887085,-0.01637700218887085
qwen3.5:9b,state_303,Waterproof_Male,Waterproof_Male,DSUB_Male,DSUB_Male,False,False,False,A,../vlm_four_scene_20260925/raw/qwen3.5-9b/state_303/Waterproof_Male/DSUB_Male.json,0.9892656799175347,0.9892656799175347,0.9892656799175347,0.008863247920827162,0.008863247920827162,0.008863247920827162,A,qwen3.5-9b/responses/state_303/Waterproof_Male/DSUB_Male.json,0.9960899951072237,0.9960899951072237,0.9960899951072237,0.003085751408128097,0.003085751408128097,0.003085751408128097,0.0068243151896890675,0.0068243151896890675
qwen3.5:9b,state_303,M12_Hex_Nut,hex_nut,DSUB_Male,DSUB_Male,False,False,False,B,../vlm_four_scene_20260925/raw/qwen3.5-9b/state_303/M12_Hex_Nut/DSUB_Male.json,0.06502849590780369,0.06502849590780369,0.06502849590780369,0.4268596785006732,0.4268596785006732,0.4268596785006732,C,qwen3.5-9b/responses/state_303/M12_Hex_Nut/DSUB_Male.json,0.024180431240738008,0.024180431240738008,0.024180431240738008,0.5523841989540237,0.5523841989540237,0.5523841989540237,-0.04084806466706568,-0.04084806466706568
qwen3.5:9b,state_303,M16_Hex_Nut,hex_nut,DSUB_Male,DSUB_Male,False,False,False,B,../vlm_four_scene_20260925/raw/qwen3.5-9b/state_303/M16_Hex_Nut/DSUB_Male.json,0.08022166876375351,0.08022166876375351,0.08022166876375351,0.41524987215971354,0.41524987215971354,0.41524987215971354,C,qwen3.5-9b/responses/state_303/M16_Hex_Nut/DSUB_Male.json,0.024180431240738008,0.024180431240738008,0.024180431240738008,0.5523841989540237,0.5523841989540237,0.5523841989540237,-0.05604123752301551,-0.05604123752301551
qwen3.5:9b,state_303,RGOCG16-50_16mm,round_pin,DSUB_Male,DSUB_Male,False,False,False,A,../vlm_four_scene_20260925/raw/qwen3.5-9b/state_303/RGOCG16-50_16mm/DSUB_Male.json,0.910238804432423,0.910238804432423,0.910238804432423,0.0496299303911191,0.0496299303911191,0.0496299303911191,B,qwen3.5-9b/responses/state_303/RGOCG16-50_16mm/DSUB_Male.json,0.01477393971975178,0.01477393971975178,0.01477393971975178,0.448571022729126,0.448571022729126,0.448571022729126,-0.8954648647126712,-0.8954648647126712
qwen3.5:9b,state_303,RGOCG12-50_12mm,round_pin,DSUB_Male,DSUB_Male,False,False,False,A,../vlm_four_scene_20260925/raw/qwen3.5-9b/state_303/RGOCG12-50_12mm/DSUB_Male.json,0.9392806268038686,0.9392806268038686,0.9392806268038686,0.03528534228851218,0.03528534228851218,0.03528534228851218,B,qwen3.5-9b/responses/state_303/RGOCG12-50_12mm/DSUB_Male.json,0.01477393971975178,0.01477393971975178,0.01477393971975178,0.448571022729126,0.448571022729126,0.448571022729126,-0.9245066870841168,-0.9245066870841168
qwen3.5:9b,state_303,RGOCG8-50_8mm,round_pin,DSUB_Male,DSUB_Male,False,False,False,A,../vlm_four_scene_20260925/raw/qwen3.5-9b/state_303/RGOCG8-50_8mm/DSUB_Male.json,0.9303584078914573,0.9303584078914573,0.9303584078914573,0.04139737162135173,0.04139737162135173,0.04139737162135173,B,qwen3.5-9b/responses/state_303/RGOCG8-50_8mm/DSUB_Male.json,0.01477393971975178,0.01477393971975178,0.01477393971975178,0.448571022729126,0.448571022729126,0.448571022729126,-0.9155844681717055,-0.9155844681717055
qwen3.5:9b,state_303,USB_Male,USB_Male,DSUB_Male,DSUB_Male,False,False,False,B,../vlm_four_scene_20260925/raw/qwen3.5-9b/state_303/USB_Male/DSUB_Male.json,0.12624004511059644,0.12624004511059644,0.12624004511059644,0.19728810671622132,0.19728810671622132,0.19728810671622132,C,qwen3.5-9b/responses/state_303/USB_Male/DSUB_Male.json,0.03239665390076835,0.03239665390076835,0.03239665390076835,0.746856208489221,0.746856208489221,0.746856208489221,-0.0938433912098281,-0.0938433912098281
qwen3.5:9b,state_303,DSUB_Male,DSUB_Male,DSUB_Male,DSUB_Male,True,True,False,A,../vlm_four_scene_20260925/raw/qwen3.5-9b/state_303/DSUB_Male/DSUB_Male.json,0.9873194698262888,0.9873194698262888,0.9873194698262888,0.008954931440458695,0.008954931440458695,0.008954931440458695,A,qwen3.5-9b/responses/state_303/DSUB_Male/DSUB_Male.json,0.9793500308192242,0.9793500308192242,0.9793500308192242,0.015016086878746022,0.015016086878746022,0.015016086878746022,-0.007969439007064594,-0.007969439007064594
gemma4:12b,original,Gear_Large,gear,Gear_Large,gear,True,True,False,A,../vlm_four_scene_20260925/raw/gemma4-12b/original/Gear_Large/Gear_Large.json,0.9999812841420614,0.9999812841420614,0.9999812841420614,1.7367789419794183e-08,1.7367789419794183e-08,1.7367789419794183e-08,A,gemma4-12b/responses/original/Gear_Large/Gear_Large.json,0.9999961853027344,0.9999961853027344,0.9999961853027344,2.3998049057563527e-07,2.3998049057563527e-07,2.3998049057563527e-07,1.4901160672931013e-05,1.4901160672931013e-05
gemma4:12b,original,Gear_Medium,gear,Gear_Large,gear,True,False,False,A,../vlm_four_scene_20260925/raw/gemma4-12b/original/Gear_Medium/Gear_Large.json,0.9999549388888361,0.9999549388888361,0.9999549388888361,3.5846698774987785e-08,3.5846698774987785e-08,3.5846698774987785e-08,A,gemma4-12b/responses/original/Gear_Medium/Gear_Large.json,0.9999972581862338,0.9999972581862338,0.9999972581862338,1.9287939994395626e-07,1.9287939994395626e-07,1.9287939994395626e-07,4.2319297397619415e-05,4.2319297397619415e-05
gemma4:12b,original,Gear_Small,gear,Gear_Large,gear,True,False,False,A,../vlm_four_scene_20260925/raw/gemma4-12b/original/Gear_Small/Gear_Large.json,0.9999591112129183,0.9999591112129183,0.9999591112129183,2.601293068221675e-08,2.601293068221675e-08,2.601293068221675e-08,A,gemma4-12b/responses/original/Gear_Small/Gear_Large.json,0.9999972581862338,0.9999972581862338,0.9999972581862338,1.9287939994395626e-07,1.9287939994395626e-07,1.9287939994395626e-07,3.814697331550043e-05,3.814697331550043e-05
gemma4:12b,original,Waterproof_Male,Waterproof_Male,Gear_Large,gear,False,False,False,B,../vlm_four_scene_20260925/raw/gemma4-12b/original/Waterproof_Male/Gear_Large.json,0.0002437467551956252,0.0002437467551956252,0.0002437467551956252,5.369923150449193e-06,5.369923150449193e-06,5.369923150449193e-06,B,gemma4-12b/responses/original/Waterproof_Male/Gear_Large.json,1.856819023555354e-06,1.856819023555354e-06,1.856819023555354e-06,0.0007860374152641437,0.0007860374152641437,0.0007860374152641437,-0.00024188993617206984,-0.00024188993617206984
gemma4:12b,original,M12_Hex_Nut,hex_nut,Gear_Large,gear,False,False,False,B,../vlm_four_scene_20260925/raw/gemma4-12b/original/M12_Hex_Nut/Gear_Large.json,2.611142031864372e-05,2.611142031864372e-05,2.611142031864372e-05,7.422506880035887e-07,7.422506880035887e-07,7.422506880035887e-07,B,gemma4-12b/responses/original/M12_Hex_Nut/Gear_Large.json,8.234458534991162e-08,8.234458534991162e-08,8.234458534991162e-08,6.109571671145625e-07,6.109571671145625e-07,6.109571671145625e-07,-2.6029075733293806e-05,-2.6029075733293806e-05
gemma4:12b,original,M16_Hex_Nut,hex_nut,Gear_Large,gear,False,False,False,B,../vlm_four_scene_20260925/raw/gemma4-12b/original/M16_Hex_Nut/Gear_Large.json,7.347693695952618e-06,7.347693695952618e-06,7.347693695952618e-06,2.2049082690500954e-07,2.2049082690500954e-07,2.2049082690500954e-07,B,gemma4-12b/responses/original/M16_Hex_Nut/Gear_Large.json,1.3921813520067376e-07,1.3921813520067376e-07,1.3921813520067376e-07,9.941044746029857e-07,9.941044746029857e-07,9.941044746029857e-07,-7.208475560751944e-06,-7.208475560751944e-06
gemma4:12b,original,RGOCG16-50_16mm,round_pin,Gear_Large,gear,False,False,False,A,../vlm_four_scene_20260925/raw/gemma4-12b/original/RGOCG16-50_16mm/Gear_Large.json,0.9020184297834221,0.9020184297834221,0.9020184297834221,0.000337147234413927,0.000337147234413927,0.000337147234413927,B,gemma4-12b/responses/original/RGOCG16-50_16mm/Gear_Large.json,5.08770862322575e-05,5.08770862322575e-05,5.08770862322575e-05,0.003207688591586844,0.003207688591586844,0.003207688591586844,-0.9019675526971898,-0.9019675526971898
gemma4:12b,original,RGOCG12-50_12mm,round_pin,Gear_Large,gear,False,False,False,A,../vlm_four_scene_20260925/raw/gemma4-12b/original/RGOCG12-50_12mm/Gear_Large.json,0.9699402457740719,0.9699402457740719,0.9699402457740719,0.00013995556730340226,0.00013995556730340226,0.00013995556730340226,B,gemma4-12b/responses/original/RGOCG12-50_12mm/Gear_Large.json,3.4996734053054725e-05,3.4996734053054725e-05,3.4996734053054725e-05,0.0023756067433005263,0.0023756067433005263,0.0023756067433005263,-0.9699052490400188,-0.9699052490400188
gemma4:12b,original,RGOCG8-50_8mm,round_pin,Gear_Large,gear,False,False,False,A,../vlm_four_scene_20260925/raw/gemma4-12b/original/RGOCG8-50_8mm/Gear_Large.json,0.9497664560839338,0.9497664560839338,0.9497664560839338,0.00025426343984222846,0.00025426343984222846,0.00025426343984222846,B,gemma4-12b/responses/original/RGOCG8-50_8mm/Gear_Large.json,3.4996734053054725e-05,3.4996734053054725e-05,3.4996734053054725e-05,0.0023756067433005263,0.0023756067433005263,0.0023756067433005263,-0.9497314593498808,-0.9497314593498808
gemma4:12b,original,USB_Male,USB_Male,Gear_Large,gear,False,False,False,B,../vlm_four_scene_20260925/raw/gemma4-12b/original/USB_Male/Gear_Large.json,2.0882193573072277e-06,2.0882193573072277e-06,2.0882193573072277e-06,,0.0,0.0001,B,gemma4-12b/responses/original/USB_Male/Gear_Large.json,1.313956654193467e-07,1.313956654193467e-07,1.313956654193467e-07,2.991585689499699e-05,2.991585689499699e-05,2.991585689499699e-05,-1.9568236918878812e-06,-1.9568236918878812e-06
gemma4:12b,original,DSUB_Male,DSUB_Male,Gear_Large,gear,False,False,False,B,../vlm_four_scene_20260925/raw/gemma4-12b/original/DSUB_Male/Gear_Large.json,1.3600444304416992e-05,1.3600444304416992e-05,1.3600444304416992e-05,2.0574380609679276e-07,2.0574380609679276e-07,2.0574380609679276e-07,B,gemma4-12b/responses/original/DSUB_Male/Gear_Large.json,5.726535738815791e-07,5.726535738815791e-07,5.726535738815791e-07,9.600868230281344e-05,9.600868230281344e-05,9.600868230281344e-05,-1.3027790730535412e-05,-1.3027790730535412e-05
gemma4:12b,original,Gear_Large,gear,Gear_Medium,gear,True,False,False,A,../vlm_four_scene_20260925/raw/gemma4-12b/original/Gear_Large/Gear_Medium.json,0.9999611377700629,0.9999611377700629,0.9999611377700629,4.8490683522227505e-08,4.8490683522227505e-08,4.8490683522227505e-08,A,gemma4-12b/responses/original/Gear_Large/Gear_Medium.json,0.9999973773956583,0.9999973773956583,0.9999973773956583,2.3715342005739394e-07,2.3715342005739394e-07,2.3715342005739394e-07,3.623962559540228e-05,3.623962559540228e-05
gemma4:12b,original,Gear_Medium,gear,Gear_Medium,gear,True,True,False,A,../vlm_four_scene_20260925/raw/gemma4-12b/original/Gear_Medium/Gear_Medium.json,0.9999182224243959,0.9999182224243959,0.9999182224243959,6.698488579686592e-08,6.698488579686592e-08,6.698488579686592e-08,A,gemma4-12b/responses/original/Gear_Medium/Gear_Medium.json,0.9999961853027344,0.9999961853027344,0.9999961853027344,3.6372384738313773e-07,3.6372384738313773e-07,3.6372384738313773e-07,7.796287833850002e-05,7.796287833850002e-05
gemma4:12b,original,Gear_Small,gear,Gear_Medium,gear,True,False,False,A,../vlm_four_scene_20260925/raw/gemma4-12b/original/Gear_Small/Gear_Medium.json,0.9999754428859312,0.9999754428859312,0.9999754428859312,1.995610738090106e-08,1.995610738090106e-08,1.995610738090106e-08,A,gemma4-12b/responses/original/Gear_Small/Gear_Medium.json,0.9999961853027344,0.9999961853027344,0.9999961853027344,3.6372384738313773e-07,3.6372384738313773e-07,3.6372384738313773e-07,2.0742416803165575e-05,2.0742416803165575e-05
gemma4:12b,original,Waterproof_Male,Waterproof_Male,Gear_Medium,gear,False,False,False,B,../vlm_four_scene_20260925/raw/gemma4-12b/original/Waterproof_Male/Gear_Medium.json,4.8911920134429594e-05,4.8911920134429594e-05,4.8911920134429594e-05,4.781406317585852e-07,4.781406317585852e-07,4.781406317585852e-07,B,gemma4-12b/responses/original/Waterproof_Male/Gear_Medium.json,9.078102176060068e-07,9.078102176060068e-07,9.078102176060068e-07,0.00023798822143052348,0.00023798822143052348,0.00023798822143052348,-4.8004109916823585e-05,-4.8004109916823585e-05
gemma4:12b,original,M12_Hex_Nut,hex_nut,Gear_Medium,gear,False,False,False,B,../vlm_four_scene_20260925/raw/gemma4-12b/original/M12_Hex_Nut/Gear_Medium.json,3.690152131844223e-06,3.690152131844223e-06,3.690152131844223e-06,4.7070461444096676e-08,4.7070461444096676e-08,4.7070461444096676e-08,B,gemma4-12b/responses/original/M12_Hex_Nut/Gear_Medium.json,1.0072380068468244e-07,1.0072380068468244e-07,1.0072380068468244e-07,8.688530044709508e-07,8.688530044709508e-07,8.688530044709508e-07,-3.5894283311595406e-06,-3.5894283311595406e-06
gemma4:12b,original,M16_Hex_Nut,hex_nut,Gear_Medium,gear,False,False,False,B,../vlm_four_scene_20260925/raw/gemma4-12b/original/M16_Hex_Nut/Gear_Medium.json,1.7869886453392494e-06,1.7869886453392494e-06,1.7869886453392494e-06,1.266519460715553e-08,1.266519460715553e-08,1.266519460715553e-08,B,gemma4-12b/responses/original/M16_Hex_Nut/Gear_Medium.json,1.0823991545686524e-07,1.0823991545686524e-07,1.0823991545686524e-07,9.099468147726926e-07,9.099468147726926e-07,9.099468147726926e-07,-1.6787487298823843e-06,-1.6787487298823843e-06
gemma4:12b,original,RGOCG16-50_16mm,round_pin,Gear_Medium,gear,False,False,False,B,../vlm_four_scene_20260925/raw/gemma4-12b/original/RGOCG16-50_16mm/Gear_Medium.json,0.005421563768673697,0.005421563768673697,0.005421563768673697,0.00021011161552282332,0.00021011161552282332,0.00021011161552282332,B,gemma4-12b/responses/original/RGOCG16-50_16mm/Gear_Medium.json,2.0285349937388257e-05,2.0285349937388257e-05,2.0285349937388257e-05,0.00041671789251860263,0.00041671789251860263,0.00041671789251860263,-0.0054012784187363085,-0.0054012784187363085
gemma4:12b,original,RGOCG12-50_12mm,round_pin,Gear_Medium,gear,False,False,False,B,../vlm_four_scene_20260925/raw/gemma4-12b/original/RGOCG12-50_12mm/Gear_Medium.json,0.011676280655334713,0.011676280655334713,0.011676280655334713,0.00028178747264926064,0.00028178747264926064,0.00028178747264926064,B,gemma4-12b/responses/original/RGOCG12-50_12mm/Gear_Medium.json,1.340593086765783e-05,1.340593086765783e-05,1.340593086765783e-05,0.0004116862675217926,0.0004116862675217926,0.0004116862675217926,-0.011662874724467054,-0.011662874724467054
gemma4:12b,original,RGOCG8-50_8mm,round_pin,Gear_Medium,gear,False,False,False,B,../vlm_four_scene_20260925/raw/gemma4-12b/original/RGOCG8-50_8mm/Gear_Medium.json,0.034774224186602025,0.034774224186602025,0.034774224186602025,0.00022462478323790182,0.00022462478323790182,0.00022462478323790182,B,gemma4-12b/responses/original/RGOCG8-50_8mm/Gear_Medium.json,1.340593086765783e-05,1.340593086765783e-05,1.340593086765783e-05,0.0004116862675217926,0.0004116862675217926,0.0004116862675217926,-0.03476081825573437,-0.03476081825573437
gemma4:12b,original,USB_Male,USB_Male,Gear_Medium,gear,False,False,False,B,../vlm_four_scene_20260925/raw/gemma4-12b/original/USB_Male/Gear_Medium.json,3.9531414760869805e-06,3.9531414760869805e-06,3.9531414760869805e-06,,0.0,0.0001000166326590908,B,gemma4-12b/responses/original/USB_Male/Gear_Medium.json,6.416110393270192e-08,6.416110393270192e-08,6.416110393270192e-08,3.064325829569383e-05,3.064325829569383e-05,3.064325829569383e-05,-3.8889803721542785e-06,-3.8889803721542785e-06
gemma4:12b,original,DSUB_Male,DSUB_Male,Gear_Medium,gear,False,False,False,B,../vlm_four_scene_20260925/raw/gemma4-12b/original/DSUB_Male/Gear_Medium.json,1.6638268898542897e-05,1.6638268898542897e-05,1.6638268898542897e-05,1.2270231717513922e-07,1.2270231717513922e-07,1.2270231717513922e-07,B,gemma4-12b/responses/original/DSUB_Male/Gear_Medium.json,1.1782489249490763e-07,1.1782489249490763e-07,1.1782489249490763e-07,2.845404277603478e-05,2.845404277603478e-05,2.845404277603478e-05,-1.652044400604799e-05,-1.652044400604799e-05
gemma4:12b,original,Gear_Large,gear,Gear_Small,gear,True,False,False,A,../vlm_four_scene_20260925/raw/gemma4-12b/original/Gear_Large/Gear_Small.json,0.9999935626981654,0.9999935626981654,0.9999935626981654,4.1803974035245385e-08,4.1803974035245385e-08,4.1803974035245385e-08,A,gemma4-12b/responses/original/Gear_Large/Gear_Small.json,0.9999964237213419,0.9999964237213419,0.9999964237213419,3.113810896483383e-07,3.113810896483383e-07,3.113810896483383e-07,2.861023176481403e-06,2.861023176481403e-06
gemma4:12b,original,Gear_Medium,gear,Gear_Small,gear,True,False,False,A,../vlm_four_scene_20260925/raw/gemma4-12b/original/Gear_Medium/Gear_Small.json,0.9999967813491324,0.9999967813491324,0.9999967813491324,2.2509696007611815e-08,2.2509696007611815e-08,2.2509696007611815e-08,A,gemma4-12b/responses/original/Gear_Medium/Gear_Small.json,0.9999969005585001,0.9999969005585001,0.9999969005585001,2.2498783445108682e-07,2.2498783445108682e-07,2.2498783445108682e-07,1.1920936771048218e-07,1.1920936771048218e-07
gemma4:12b,original,Gear_Small,gear,Gear_Small,gear,True,True,False,A,../vlm_four_scene_20260925/raw/gemma4-12b/original/Gear_Small/Gear_Small.json,0.9999948740004996,0.9999948740004996,0.9999948740004996,2.5157067055187803e-08,2.5157067055187803e-08,2.5157067055187803e-08,A,gemma4-12b/responses/original/Gear_Small/Gear_Small.json,0.9999969005585001,0.9999969005585001,0.9999969005585001,2.2498783445108682e-07,2.2498783445108682e-07,2.2498783445108682e-07,2.026558000522982e-06,2.026558000522982e-06
gemma4:12b,original,Waterproof_Male,Waterproof_Male,Gear_Small,gear,False,False,False,B,../vlm_four_scene_20260925/raw/gemma4-12b/original/Waterproof_Male/Gear_Small.json,0.0007304871652160435,0.0007304871652160435,0.0007304871652160435,4.436433580674908e-06,4.436433580674908e-06,4.436433580674908e-06,B,gemma4-12b/responses/original/Waterproof_Male/Gear_Small.json,1.4009029643871677e-06,1.4009029643871677e-06,1.4009029643871677e-06,0.00014944597073979194,0.00014944597073979194,0.00014944597073979194,-0.0007290862622516563,-0.0007290862622516563
gemma4:12b,original,M12_Hex_Nut,hex_nut,Gear_Small,gear,False,False,False,B,../vlm_four_scene_20260925/raw/gemma4-12b/original/M12_Hex_Nut/Gear_Small.json,1.1414460522643318e-05,1.1414460522643318e-05,1.1414460522643318e-05,8.496755810767525e-08,8.496755810767525e-08,8.496755810767525e-08,B,gemma4-12b/responses/original/M12_Hex_Nut/Gear_Small.json,1.3298864471475777e-07,1.3298864471475777e-07,1.3298864471475777e-07,5.748077094738143e-07,5.748077094738143e-07,5.748077094738143e-07,-1.128147187792856e-05,-1.128147187792856e-05
gemma4:12b,original,M16_Hex_Nut,hex_nut,Gear_Small,gear,False,False,False,B,../vlm_four_scene_20260925/raw/gemma4-12b/original/M16_Hex_Nut/Gear_Small.json,7.73192967498245e-06,7.73192967498245e-06,7.73192967498245e-06,5.7620038058753476e-08,5.7620038058753476e-08,5.7620038058753476e-08,B,gemma4-12b/responses/original/M16_Hex_Nut/Gear_Small.json,1.186241578479373e-07,1.186241578479373e-07,1.186241578479373e-07,4.89811420232268e-07,4.89811420232268e-07,4.89811420232268e-07,-7.613305517134513e-06,-7.613305517134513e-06
gemma4:12b,original,RGOCG16-50_16mm,round_pin,Gear_Small,gear,False,False,False,B,../vlm_four_scene_20260925/raw/gemma4-12b/original/RGOCG16-50_16mm/Gear_Small.json,0.0006941894607998138,0.0006941894607998138,0.0006941894607998138,6.601975774666751e-06,6.601975774666751e-06,6.601975774666751e-06,B,gemma4-12b/responses/original/RGOCG16-50_16mm/Gear_Small.json,1.3049498198465245e-06,1.3049498198465245e-06,1.3049498198465245e-06,1.013016122452705e-05,1.013016122452705e-05,1.013016122452705e-05,-0.0006928845109799673,-0.0006928845109799673
gemma4:12b,original,RGOCG12-50_12mm,round_pin,Gear_Small,gear,False,False,False,B,../vlm_four_scene_20260925/raw/gemma4-12b/original/RGOCG12-50_12mm/Gear_Small.json,0.0006138953097811879,0.0006138953097811879,0.0006138953097811879,1.0060649297864095e-05,1.0060649297864095e-05,1.0060649297864095e-05,B,gemma4-12b/responses/original/RGOCG12-50_12mm/Gear_Small.json,1.2487284770387135e-06,1.2487284770387135e-06,1.2487284770387135e-06,1.0471231785142236e-05,1.0471231785142236e-05,1.0471231785142236e-05,-0.0006126465813041492,-0.0006126465813041492
gemma4:12b,original,RGOCG8-50_8mm,round_pin,Gear_Small,gear,False,False,False,B,../vlm_four_scene_20260925/raw/gemma4-12b/original/RGOCG8-50_8mm/Gear_Small.json,0.006451893076665565,0.006451893076665565,0.006451893076665565,5.686238005008696e-05,5.686238005008696e-05,5.686238005008696e-05,B,gemma4-12b/responses/original/RGOCG8-50_8mm/Gear_Small.json,1.2487284770387135e-06,1.2487284770387135e-06,1.2487284770387135e-06,1.0471231785142236e-05,1.0471231785142236e-05,1.0471231785142236e-05,-0.006450644348188526,-0.006450644348188526
gemma4:12b,original,USB_Male,USB_Male,Gear_Small,gear,False,False,False,B,../vlm_four_scene_20260925/raw/gemma4-12b/original/USB_Male/Gear_Small.json,2.232366530279718e-06,2.232366530279718e-06,2.232366530279718e-06,,0.0,0.0001,B,gemma4-12b/responses/original/USB_Male/Gear_Small.json,1.0053167663111236e-07,1.0053167663111236e-07,1.0053167663111236e-07,3.3800583198836725e-05,3.3800583198836725e-05,3.3800583198836725e-05,-2.131834853648606e-06,-2.131834853648606e-06
gemma4:12b,original,DSUB_Male,DSUB_Male,Gear_Small,gear,False,False,False,B,../vlm_four_scene_20260925/raw/gemma4-12b/original/DSUB_Male/Gear_Small.json,2.8345219402152723e-05,2.8345219402152723e-05,2.8345219402152723e-05,2.2305246124313595e-07,2.2305246124313595e-07,2.2305246124313595e-07,B,gemma4-12b/responses/original/DSUB_Male/Gear_Small.json,1.5514843198456533e-07,1.5514843198456533e-07,1.5514843198456533e-07,1.6083619341006095e-05,1.6083619341006095e-05,1.6083619341006095e-05,-2.8190070970168157e-05,-2.8190070970168157e-05
gemma4:12b,original,Gear_Large,gear,Waterproof_Male,Waterproof_Male,False,False,False,A,../vlm_four_scene_20260925/raw/gemma4-12b/original/Gear_Large/Waterproof_Male.json,0.9985315799865423,0.9985315799865423,0.9985315799865423,2.279118842986704e-07,2.279118842986704e-07,2.279118842986704e-07,B,gemma4-12b/responses/original/Gear_Large/Waterproof_Male.json,2.802515442681282e-06,2.802515442681282e-06,2.802515442681282e-06,0.1682581272202469,0.1682581272202469,0.1682581272202469,-0.9985287774710996,-0.9985287774710996
gemma4:12b,original,Gear_Medium,gear,Waterproof_Male,Waterproof_Male,False,False,False,A,../vlm_four_scene_20260925/raw/gemma4-12b/original/Gear_Medium/Waterproof_Male.json,0.9910655620161144,0.9910655620161144,0.9910655620161144,1.8308947848475878e-06,1.8308947848475878e-06,1.8308947848475878e-06,B,gemma4-12b/responses/original/Gear_Medium/Waterproof_Male.json,1.8374297646769322e-06,1.8374297646769322e-06,1.8374297646769322e-06,0.10658007485275013,0.10658007485275013,0.10658007485275013,-0.9910637245863497,-0.9910637245863497
gemma4:12b,original,Gear_Small,gear,Waterproof_Male,Waterproof_Male,False,False,False,A,../vlm_four_scene_20260925/raw/gemma4-12b/original/Gear_Small/Waterproof_Male.json,0.9782334569256336,0.9782334569256336,0.9782334569256336,5.362328727570624e-06,5.362328727570624e-06,5.362328727570624e-06,B,gemma4-12b/responses/original/Gear_Small/Waterproof_Male.json,1.8374297646769322e-06,1.8374297646769322e-06,1.8374297646769322e-06,0.10658007485275013,0.10658007485275013,0.10658007485275013,-0.9782316194958689,-0.9782316194958689
gemma4:12b,original,Waterproof_Male,Waterproof_Male,Waterproof_Male,Waterproof_Male,True,True,False,A,../vlm_four_scene_20260925/raw/gemma4-12b/original/Waterproof_Male/Waterproof_Male.json,0.9999976158140953,0.9999976158140953,0.9999976158140953,1.7967632203456594e-08,1.7967632203456594e-08,1.7967632203456594e-08,A,gemma4-12b/responses/original/Waterproof_Male/Waterproof_Male.json,0.9999964237213419,0.9999964237213419,0.9999964237213419,3.34074613903152e-07,3.34074613903152e-07,3.34074613903152e-07,-1.1920927533992653e-06,-1.1920927533992653e-06
gemma4:12b,original,M12_Hex_Nut,hex_nut,Waterproof_Male,Waterproof_Male,False,False,False,B,../vlm_four_scene_20260925/raw/gemma4-12b/original/M12_Hex_Nut/Waterproof_Male.json,0.002950938288401994,0.002950938288401994,0.002950938288401994,0.00012687161837119697,0.00012687161837119697,0.00012687161837119697,B,gemma4-12b/responses/original/M12_Hex_Nut/Waterproof_Male.json,3.6500903806839827e-06,3.6500903806839827e-06,3.6500903806839827e-06,0.010882068428406432,0.010882068428406432,0.010882068428406432,-0.00294728819802131,-0.00294728819802131
gemma4:12b,original,M16_Hex_Nut,hex_nut,Waterproof_Male,Waterproof_Male,False,False,False,B,../vlm_four_scene_20260925/raw/gemma4-12b/original/M16_Hex_Nut/Waterproof_Male.json,0.0005668600763250273,0.0005668600763250273,0.0005668600763250273,1.5202721466422076e-05,1.5202721466422076e-05,1.5202721466422076e-05,B,gemma4-12b/responses/original/M16_Hex_Nut/Waterproof_Male.json,5.994091017488271e-06,5.994091017488271e-06,5.994091017488271e-06,0.024525347479794495,0.024525347479794495,0.024525347479794495,-0.000560865985307539,-0.000560865985307539
gemma4:12b,original,RGOCG16-50_16mm,round_pin,Waterproof_Male,Waterproof_Male,False,False,False,A,../vlm_four_scene_20260925/raw/gemma4-12b/original/RGOCG16-50_16mm/Waterproof_Male.json,0.9922252893038195,0.9922252893038195,0.9922252893038195,6.832080703477153e-05,6.832080703477153e-05,6.832080703477153e-05,B,gemma4-12b/responses/original/RGOCG16-50_16mm/Waterproof_Male.json,9.355907326629883e-07,9.355907326629883e-07,9.355907326629883e-07,0.000500948563572926,0.000500948563572926,0.000500948563572926,-0.9922243537130868,-0.9922243537130868
gemma4:12b,original,RGOCG12-50_12mm,round_pin,Waterproof_Male,Waterproof_Male,False,False,False,A,../vlm_four_scene_20260925/raw/gemma4-12b/original/RGOCG12-50_12mm/Waterproof_Male.json,0.9969057441737913,0.9969057441737913,0.9969057441737913,0.00011029453430625316,0.00011029453430625316,0.00011029453430625316,B,gemma4-12b/responses/original/RGOCG12-50_12mm/Waterproof_Male.json,1.010981141366607e-06,1.010981141366607e-06,1.010981141366607e-06,0.0007562997588886036,0.0007562997588886036,0.0007562997588886036,-0.9969047331926499,-0.9969047331926499
gemma4:12b,original,RGOCG8-50_8mm,round_pin,Waterproof_Male,Waterproof_Male,False,False,False,A,../vlm_four_scene_20260925/raw/gemma4-12b/original/RGOCG8-50_8mm/Waterproof_Male.json,0.9996609687845279,0.9996609687845279,0.9996609687845279,4.3857763633788765e-06,4.3857763633788765e-06,4.3857763633788765e-06,B,gemma4-12b/responses/original/RGOCG8-50_8mm/Waterproof_Male.json,1.010981141366607e-06,1.010981141366607e-06,1.010981141366607e-06,0.0007562997588886036,0.0007562997588886036,0.0007562997588886036,-0.9996599578033866,-0.9996599578033866
gemma4:12b,original,USB_Male,USB_Male,Waterproof_Male,Waterproof_Male,False,False,False,B,../vlm_four_scene_20260925/raw/gemma4-12b/original/USB_Male/Waterproof_Male.json,0.00026952120519434345,0.00026952120519434345,0.00026952120519434345,7.792753777572488e-07,7.792753777572488e-07,7.792753777572488e-07,B,gemma4-12b/responses/original/USB_Male/Waterproof_Male.json,3.64220563066923e-07,3.64220563066923e-07,3.64220563066923e-07,0.003314132295416077,0.003314132295416077,0.003314132295416077,-0.0002691569846312765,-0.0002691569846312765
gemma4:12b,original,DSUB_Male,DSUB_Male,Waterproof_Male,Waterproof_Male,False,False,False,B,../vlm_four_scene_20260925/raw/gemma4-12b/original/DSUB_Male/Waterproof_Male.json,0.044835259423980055,0.044835259423980055,0.044835259423980055,0.0001024274729494549,0.0001024274729494549,0.0001024274729494549,A,gemma4-12b/responses/original/DSUB_Male/Waterproof_Male.json,0.997639060027076,0.997639060027076,0.997639060027076,0.0010458592636473302,0.0010458592636473302,0.0010458592636473302,0.952803800603096,0.952803800603096
gemma4:12b,original,Gear_Large,gear,M12_Hex_Nut,hex_nut,False,False,False,A,../vlm_four_scene_20260925/raw/gemma4-12b/original/Gear_Large/M12_Hex_Nut.json,0.9999728202821028,0.9999728202821028,0.9999728202821028,3.3247509830469635e-08,3.3247509830469635e-08,3.3247509830469635e-08,B,gemma4-12b/responses/original/Gear_Large/M12_Hex_Nut.json,0.06494224238470976,0.06494224238470976,0.06494224238470976,0.057857084623032844,0.057857084623032844,0.057857084623032844,-0.935030577897393,-0.935030577897393
gemma4:12b,original,Gear_Medium,gear,M12_Hex_Nut,hex_nut,False,False,False,A,../vlm_four_scene_20260925/raw/gemma4-12b/original/Gear_Medium/M12_Hex_Nut.json,0.9999536275847567,0.9999536275847567,0.9999536275847567,1.9288114125364735e-08,1.9288114125364735e-08,1.9288114125364735e-08,B,gemma4-12b/responses/original/Gear_Medium/M12_Hex_Nut.json,0.054563777159737245,0.054563777159737245,0.054563777159737245,0.048273013703133416,0.048273013703133416,0.048273013703133416,-0.9453898504250194,-0.9453898504250194
gemma4:12b,original,Gear_Small,gear,M12_Hex_Nut,hex_nut,False,False,False,A,../vlm_four_scene_20260925/raw/gemma4-12b/original/Gear_Small/M12_Hex_Nut.json,0.9999718666068776,0.9999718666068776,0.9999718666068776,4.9127356792866164e-08,4.9127356792866164e-08,4.9127356792866164e-08,B,gemma4-12b/responses/original/Gear_Small/M12_Hex_Nut.json,0.054563777159737245,0.054563777159737245,0.054563777159737245,0.048273013703133416,0.048273013703133416,0.048273013703133416,-0.9454080894471404,-0.9454080894471404
gemma4:12b,original,Waterproof_Male,Waterproof_Male,M12_Hex_Nut,hex_nut,False,False,False,B,../vlm_four_scene_20260925/raw/gemma4-12b/original/Waterproof_Male/M12_Hex_Nut.json,0.06233613802010945,0.06233613802010945,0.06233613802010945,3.417860305551353e-05,3.417860305551353e-05,3.417860305551353e-05,C,gemma4-12b/responses/original/Waterproof_Male/M12_Hex_Nut.json,0.2875148685593328,0.2875148685593328,0.2875148685593328,0.42775248347581263,0.42775248347581263,0.42775248347581263,0.22517873053922333,0.22517873053922333
gemma4:12b,original,M12_Hex_Nut,hex_nut,M12_Hex_Nut,hex_nut,True,True,False,A,../vlm_four_scene_20260925/raw/gemma4-12b/original/M12_Hex_Nut/M12_Hex_Nut.json,0.9999831914895567,0.9999831914895567,0.9999831914895567,2.1338027238065926e-08,2.1338027238065926e-08,2.1338027238065926e-08,A,gemma4-12b/responses/original/M12_Hex_Nut/M12_Hex_Nut.json,0.9999586343771818,0.9999586343771818,0.9999586343771818,2.7460803273957136e-06,2.7460803273957136e-06,2.7460803273957136e-06,-2.4557112374923307e-05,-2.4557112374923307e-05
gemma4:12b,original,M16_Hex_Nut,hex_nut,M12_Hex_Nut,hex_nut,True,False,False,A,../vlm_four_scene_20260925/raw/gemma4-12b/original/M16_Hex_Nut/M12_Hex_Nut.json,0.9999804496766298,0.9999804496766298,0.9999804496766298,3.2169444482214696e-08,3.2169444482214696e-08,3.2169444482214696e-08,A,gemma4-12b/responses/original/M16_Hex_Nut/M12_Hex_Nut.json,0.999952793122396,0.999952793122396,0.999952793122396,2.4595782445340665e-06,2.4595782445340665e-06,2.4595782445340665e-06,-2.7656554233757014e-05,-2.7656554233757014e-05
gemma4:12b,original,RGOCG16-50_16mm,round_pin,M12_Hex_Nut,hex_nut,False,False,False,B,../vlm_four_scene_20260925/raw/gemma4-12b/original/RGOCG16-50_16mm/M12_Hex_Nut.json,0.00016045632887696566,0.00016045632887696566,0.00016045632887696566,2.0908378038438447e-06,2.0908378038438447e-06,2.0908378038438447e-06,B,gemma4-12b/responses/original/RGOCG16-50_16mm/M12_Hex_Nut.json,1.7820753718575647e-06,1.7820753718575647e-06,1.7820753718575647e-06,7.322807675917577e-05,7.322807675917577e-05,7.322807675917577e-05,-0.00015867425350510808,-0.00015867425350510808
gemma4:12b,original,RGOCG12-50_12mm,round_pin,M12_Hex_Nut,hex_nut,False,False,False,B,../vlm_four_scene_20260925/raw/gemma4-12b/original/RGOCG12-50_12mm/M12_Hex_Nut.json,0.0001770649015954659,0.0001770649015954659,0.0001770649015954659,1.3356512255888418e-06,1.3356512255888418e-06,1.3356512255888418e-06,B,gemma4-12b/responses/original/RGOCG12-50_12mm/M12_Hex_Nut.json,2.3114679612294895e-06,2.3114679612294895e-06,2.3114679612294895e-06,6.83818853038707e-05,6.83818853038707e-05,6.83818853038707e-05,-0.00017475343363423641,-0.00017475343363423641
gemma4:12b,original,RGOCG8-50_8mm,round_pin,M12_Hex_Nut,hex_nut,False,False,False,B,../vlm_four_scene_20260925/raw/gemma4-12b/original/RGOCG8-50_8mm/M12_Hex_Nut.json,0.00011908464651059297,0.00011908464651059297,0.00011908464651059297,2.909589615672324e-06,2.909589615672324e-06,2.909589615672324e-06,B,gemma4-12b/responses/original/RGOCG8-50_8mm/M12_Hex_Nut.json,2.3114679612294895e-06,2.3114679612294895e-06,2.3114679612294895e-06,6.83818853038707e-05,6.83818853038707e-05,6.83818853038707e-05,-0.00011677317854936349,-0.00011677317854936349
gemma4:12b,original,USB_Male,USB_Male,M12_Hex_Nut,hex_nut,False,False,False,B,../vlm_four_scene_20260925/raw/gemma4-12b/original/USB_Male/M12_Hex_Nut.json,1.7142931326961446e-05,1.7142931326961446e-05,1.7142931326961446e-05,1.0344234797750872e-07,1.0344234797750872e-07,1.0344234797750872e-07,B,gemma4-12b/responses/original/USB_Male/M12_Hex_Nut.json,6.970921389156041e-08,6.970921389156041e-08,6.970921389156041e-08,9.744408770432552e-05,9.744408770432552e-05,9.744408770432552e-05,-1.7073222113069887e-05,-1.7073222113069887e-05
gemma4:12b,original,DSUB_Male,DSUB_Male,M12_Hex_Nut,hex_nut,False,False,False,B,../vlm_four_scene_20260925/raw/gemma4-12b/original/DSUB_Male/M12_Hex_Nut.json,0.00010395190455560394,0.00010395190455560394,0.00010395190455560394,1.5131274326587608e-06,1.5131274326587608e-06,1.5131274326587608e-06,B,gemma4-12b/responses/original/DSUB_Male/M12_Hex_Nut.json,5.8710900803264186e-06,5.8710900803264186e-06,5.8710900803264186e-06,0.0037350255137687106,0.0037350255137687106,0.0037350255137687106,-9.808081447527753e-05,-9.808081447527753e-05
gemma4:12b,original,Gear_Large,gear,M16_Hex_Nut,hex_nut,False,False,False,A,../vlm_four_scene_20260925/raw/gemma4-12b/original/Gear_Large/M16_Hex_Nut.json,0.9999716281895776,0.9999716281895776,0.9999716281895776,3.31711829932912e-08,3.31711829932912e-08,3.31711829932912e-08,B,gemma4-12b/responses/original/Gear_Large/M16_Hex_Nut.json,0.00014088829430850217,0.00014088829430850217,0.00014088829430850217,0.007342367275519372,0.007342367275519372,0.007342367275519372,-0.9998307398952692,-0.9998307398952692
gemma4:12b,original,Gear_Medium,gear,M16_Hex_Nut,hex_nut,False,False,False,A,../vlm_four_scene_20260925/raw/gemma4-12b/original/Gear_Medium/M16_Hex_Nut.json,0.9998673200595832,0.9998673200595832,0.9998673200595832,3.66748772957331e-08,3.66748772957331e-08,3.66748772957331e-08,B,gemma4-12b/responses/original/Gear_Medium/M16_Hex_Nut.json,8.571400526385643e-05,8.571400526385643e-05,8.571400526385643e-05,0.00753489564302835,0.00753489564302835,0.00753489564302835,-0.9997816060543194,-0.9997816060543194
gemma4:12b,original,Gear_Small,gear,M16_Hex_Nut,hex_nut,False,False,False,A,../vlm_four_scene_20260925/raw/gemma4-12b/original/Gear_Small/M16_Hex_Nut.json,0.9996071457903584,0.9996071457903584,0.9996071457903584,6.334397441964545e-08,6.334397441964545e-08,6.334397441964545e-08,B,gemma4-12b/responses/original/Gear_Small/M16_Hex_Nut.json,8.571400526385643e-05,8.571400526385643e-05,8.571400526385643e-05,0.00753489564302835,0.00753489564302835,0.00753489564302835,-0.9995214317850946,-0.9995214317850946
gemma4:12b,original,Waterproof_Male,Waterproof_Male,M16_Hex_Nut,hex_nut,False,False,False,B,../vlm_four_scene_20260925/raw/gemma4-12b/original/Waterproof_Male/M16_Hex_Nut.json,0.058529595769705504,0.058529595769705504,0.058529595769705504,2.9413599544812472e-05,2.9413599544812472e-05,2.9413599544812472e-05,A,gemma4-12b/responses/original/Waterproof_Male/M16_Hex_Nut.json,0.6809018785302143,0.6809018785302143,0.6809018785302143,0.08516702381369855,0.08516702381369855,0.08516702381369855,0.6223722827605088,0.6223722827605088
gemma4:12b,original,M12_Hex_Nut,hex_nut,M16_Hex_Nut,hex_nut,True,False,False,A,../vlm_four_scene_20260925/raw/gemma4-12b/original/M12_Hex_Nut/M16_Hex_Nut.json,0.9996222257734806,0.9996222257734806,0.9996222257734806,1.2983860626191564e-07,1.2983860626191564e-07,1.2983860626191564e-07,A,gemma4-12b/responses/original/M12_Hex_Nut/M16_Hex_Nut.json,0.9999916553499875,0.9999916553499875,0.9999916553499875,9.727184886552816e-07,9.727184886552816e-07,9.727184886552816e-07,0.00036942957650687447,0.00036942957650687447
gemma4:12b,original,M16_Hex_Nut,hex_nut,M16_Hex_Nut,hex_nut,True,True,False,A,../vlm_four_scene_20260925/raw/gemma4-12b/original/M16_Hex_Nut/M16_Hex_Nut.json,0.9994787573607201,0.9994787573607201,0.9994787573607201,8.28155358809637e-08,8.28155358809637e-08,8.28155358809637e-08,A,gemma4-12b/responses/original/M16_Hex_Nut/M16_Hex_Nut.json,0.9999898672107935,0.9999898672107935,0.9999898672107935,1.2382382611216162e-06,1.2382382611216162e-06,1.2382382611216162e-06,0.0005111098500734101,0.0005111098500734101
gemma4:12b,original,RGOCG16-50_16mm,round_pin,M16_Hex_Nut,hex_nut,False,False,False,B,../vlm_four_scene_20260925/raw/gemma4-12b/original/RGOCG16-50_16mm/M16_Hex_Nut.json,6.631865083766258e-05,6.631865083766258e-05,6.631865083766258e-05,6.678463107075621e-07,6.678463107075621e-07,6.678463107075621e-07,B,gemma4-12b/responses/original/RGOCG16-50_16mm/M16_Hex_Nut.json,3.2442553829688443e-07,3.2442553829688443e-07,3.2442553829688443e-07,4.858386585590667e-06,4.858386585590667e-06,4.858386585590667e-06,-6.59942252993657e-05,-6.59942252993657e-05
gemma4:12b,original,RGOCG12-50_12mm,round_pin,M16_Hex_Nut,hex_nut,False,False,False,B,../vlm_four_scene_20260925/raw/gemma4-12b/original/RGOCG12-50_12mm/M16_Hex_Nut.json,2.5101554153228492e-05,2.5101554153228492e-05,2.5101554153228492e-05,3.9071287081913673e-07,3.9071287081913673e-07,3.9071287081913673e-07,B,gemma4-12b/responses/original/RGOCG12-50_12mm/M16_Hex_Nut.json,3.5948393638582295e-07,3.5948393638582295e-07,3.5948393638582295e-07,4.44141192522056e-06,4.44141192522056e-06,4.44141192522056e-06,-2.474207021684267e-05,-2.474207021684267e-05
gemma4:12b,original,RGOCG8-50_8mm,round_pin,M16_Hex_Nut,hex_nut,False,False,False,B,../vlm_four_scene_20260925/raw/gemma4-12b/original/RGOCG8-50_8mm/M16_Hex_Nut.json,0.00010786159564471839,0.00010786159564471839,0.00010786159564471839,2.3113445188186287e-06,2.3113445188186287e-06,2.3113445188186287e-06,B,gemma4-12b/responses/original/RGOCG8-50_8mm/M16_Hex_Nut.json,3.5948393638582295e-07,3.5948393638582295e-07,3.5948393638582295e-07,4.44141192522056e-06,4.44141192522056e-06,4.44141192522056e-06,-0.00010750211170833257,-0.00010750211170833257
gemma4:12b,original,USB_Male,USB_Male,M16_Hex_Nut,hex_nut,False,False,False,B,../vlm_four_scene_20260925/raw/gemma4-12b/original/USB_Male/M16_Hex_Nut.json,1.1085833886589128e-05,1.1085833886589128e-05,1.1085833886589128e-05,3.995343958606805e-08,3.995343958606805e-08,3.995343958606805e-08,B,gemma4-12b/responses/original/USB_Male/M16_Hex_Nut.json,1.5493241138192494e-07,1.5493241138192494e-07,1.5493241138192494e-07,5.016800259814982e-05,5.016800259814982e-05,5.016800259814982e-05,-1.0930901475207203e-05,-1.0930901475207203e-05
gemma4:12b,original,DSUB_Male,DSUB_Male,M16_Hex_Nut,hex_nut,False,False,False,B,../vlm_four_scene_20260925/raw/gemma4-12b/original/DSUB_Male/M16_Hex_Nut.json,1.676521462397627e-05,1.676521462397627e-05,1.676521462397627e-05,2.479870246955239e-07,2.479870246955239e-07,2.479870246955239e-07,B,gemma4-12b/responses/original/DSUB_Male/M16_Hex_Nut.json,8.949368156518495e-07,8.949368156518495e-07,8.949368156518495e-07,0.0011058881680164087,0.0011058881680164087,0.0011058881680164087,-1.587027780832442e-05,-1.587027780832442e-05
gemma4:12b,original,Gear_Large,gear,RGOCG16-50_16mm,round_pin,False,False,False,B,../vlm_four_scene_20260925/raw/gemma4-12b/original/Gear_Large/RGOCG16-50_16mm.json,7.026352608002703e-06,7.026352608002703e-06,7.026352608002703e-06,1.8187484486409242e-07,1.8187484486409242e-07,1.8187484486409242e-07,B,gemma4-12b/responses/original/Gear_Large/RGOCG16-50_16mm.json,6.5854376890975895e-06,6.5854376890975895e-06,6.5854376890975895e-06,0.08911901591685518,0.08911901591685518,0.08911901591685518,-4.4091491890511357e-07,-4.4091491890511357e-07
gemma4:12b,original,Gear_Medium,gear,RGOCG16-50_16mm,round_pin,False,False,False,B,../vlm_four_scene_20260925/raw/gemma4-12b/original/Gear_Medium/RGOCG16-50_16mm.json,1.211091430295672e-05,1.211091430295672e-05,1.211091430295672e-05,8.710806538353956e-07,8.710806538353956e-07,8.710806538353956e-07,B,gemma4-12b/responses/original/Gear_Medium/RGOCG16-50_16mm.json,1.1581989412632075e-05,1.1581989412632075e-05,1.1581989412632075e-05,0.1404686176201032,0.1404686176201032,0.1404686176201032,-5.289248903246453e-07,-5.289248903246453e-07
gemma4:12b,original,Gear_Small,gear,RGOCG16-50_16mm,round_pin,False,False,False,B,../vlm_four_scene_20260925/raw/gemma4-12b/original/Gear_Small/RGOCG16-50_16mm.json,2.8986097800029675e-05,2.8986097800029675e-05,2.8986097800029675e-05,6.002817556414067e-07,6.002817556414067e-07,6.002817556414067e-07,B,gemma4-12b/responses/original/Gear_Small/RGOCG16-50_16mm.json,1.1581989412632075e-05,1.1581989412632075e-05,1.1581989412632075e-05,0.1404686176201032,0.1404686176201032,0.1404686176201032,-1.74041083873976e-05,-1.74041083873976e-05
gemma4:12b,original,Waterproof_Male,Waterproof_Male,RGOCG16-50_16mm,round_pin,False,False,False,B,../vlm_four_scene_20260925/raw/gemma4-12b/original/Waterproof_Male/RGOCG16-50_16mm.json,0.001212741374281557,0.001212741374281557,0.001212741374281557,0.00013884841467121445,0.00013884841467121445,0.00013884841467121445,C,gemma4-12b/responses/original/Waterproof_Male/RGOCG16-50_16mm.json,2.935280488648983e-06,2.935280488648983e-06,2.935280488648983e-06,0.9325803549397349,0.9325803549397349,0.9325803549397349,-0.001209806093792908,-0.001209806093792908
gemma4:12b,original,M12_Hex_Nut,hex_nut,RGOCG16-50_16mm,round_pin,False,False,False,B,../vlm_four_scene_20260925/raw/gemma4-12b/original/M12_Hex_Nut/RGOCG16-50_16mm.json,1.704393218823314e-05,1.704393218823314e-05,1.704393218823314e-05,1.281087187218163e-06,1.281087187218163e-06,1.281087187218163e-06,B,gemma4-12b/responses/original/M12_Hex_Nut/RGOCG16-50_16mm.json,4.005872337998176e-07,4.005872337998176e-07,4.005872337998176e-07,1.3415996354438417e-05,1.3415996354438417e-05,1.3415996354438417e-05,-1.664334495443332e-05,-1.664334495443332e-05
gemma4:12b,original,M16_Hex_Nut,hex_nut,RGOCG16-50_16mm,round_pin,False,False,False,B,../vlm_four_scene_20260925/raw/gemma4-12b/original/M16_Hex_Nut/RGOCG16-50_16mm.json,8.952061571801646e-06,8.952061571801646e-06,8.952061571801646e-06,3.355670665398906e-07,3.355670665398906e-07,3.355670665398906e-07,B,gemma4-12b/responses/original/M16_Hex_Nut/RGOCG16-50_16mm.json,3.1759430615381216e-07,3.1759430615381216e-07,3.1759430615381216e-07,1.0876319519775807e-05,1.0876319519775807e-05,1.0876319519775807e-05,-8.634467265647835e-06,-8.634467265647835e-06
gemma4:12b,original,RGOCG16-50_16mm,round_pin,RGOCG16-50_16mm,round_pin,True,True,False,A,../vlm_four_scene_20260925/raw/gemma4-12b/original/RGOCG16-50_16mm/RGOCG16-50_16mm.json,0.999995231628418,0.999995231628418,0.999995231628418,2.9624521452808496e-08,2.9624521452808496e-08,2.9624521452808496e-08,A,gemma4-12b/responses/original/RGOCG16-50_16mm/RGOCG16-50_16mm.json,0.999996542930667,0.999996542930667,0.999996542930667,2.1916922093958498e-07,2.1916922093958498e-07,2.1916922093958498e-07,1.31130224900744e-06,1.31130224900744e-06
gemma4:12b,original,RGOCG12-50_12mm,round_pin,RGOCG16-50_16mm,round_pin,True,False,False,A,../vlm_four_scene_20260925/raw/gemma4-12b/original/RGOCG12-50_12mm/RGOCG16-50_16mm.json,0.9999976158140953,0.9999976158140953,0.9999976158140953,2.1953184292022395e-08,2.1953184292022395e-08,2.1953184292022395e-08,A,gemma4-12b/responses/original/RGOCG12-50_12mm/RGOCG16-50_16mm.json,0.9999957084656899,0.9999957084656899,0.9999957084656899,1.4976090682562775e-07,1.4976090682562775e-07,1.4976090682562775e-07,-1.9073484054388246e-06,-1.9073484054388246e-06
gemma4:12b,original,RGOCG8-50_8mm,round_pin,RGOCG16-50_16mm,round_pin,True,False,False,A,../vlm_four_scene_20260925/raw/gemma4-12b/original/RGOCG8-50_8mm/RGOCG16-50_16mm.json,0.9999972581862338,0.9999972581862338,0.9999972581862338,2.2095254397650746e-08,2.2095254397650746e-08,2.2095254397650746e-08,A,gemma4-12b/responses/original/RGOCG8-50_8mm/RGOCG16-50_16mm.json,0.9999957084656899,0.9999957084656899,0.9999957084656899,1.4976090682562775e-07,1.4976090682562775e-07,1.4976090682562775e-07,-1.5497205438919082e-06,-1.5497205438919082e-06
gemma4:12b,original,USB_Male,USB_Male,RGOCG16-50_16mm,round_pin,False,False,False,B,../vlm_four_scene_20260925/raw/gemma4-12b/original/USB_Male/RGOCG16-50_16mm.json,9.410821004295931e-06,9.410821004295931e-06,9.410821004295931e-06,7.944508216569445e-08,7.944508216569445e-08,7.944508216569445e-08,B,gemma4-12b/responses/original/USB_Male/RGOCG16-50_16mm.json,1.1863394768723707e-06,1.1863394768723707e-06,1.1863394768723707e-06,0.004424027310092523,0.004424027310092523,0.004424027310092523,-8.22448152742356e-06,-8.22448152742356e-06
gemma4:12b,original,DSUB_Male,DSUB_Male,RGOCG16-50_16mm,round_pin,False,False,False,B,../vlm_four_scene_20260925/raw/gemma4-12b/original/DSUB_Male/RGOCG16-50_16mm.json,2.470003173675065e-06,2.470003173675065e-06,2.470003173675065e-06,7.143981049848247e-08,7.143981049848247e-08,7.143981049848247e-08,C,gemma4-12b/responses/original/DSUB_Male/RGOCG16-50_16mm.json,7.640891431107554e-07,7.640891431107554e-07,7.640891431107554e-07,0.9814537771426017,0.9814537771426017,0.9814537771426017,-1.7059140305643096e-06,-1.7059140305643096e-06
gemma4:12b,original,Gear_Large,gear,RGOCG12-50_12mm,round_pin,False,False,False,B,../vlm_four_scene_20260925/raw/gemma4-12b/original/Gear_Large/RGOCG12-50_12mm.json,1.2788064397346624e-05,1.2788064397346624e-05,1.2788064397346624e-05,8.043458459524071e-07,8.043458459524071e-07,8.043458459524071e-07,C,gemma4-12b/responses/original/Gear_Large/RGOCG12-50_12mm.json,1.6224116880974174e-05,1.6224116880974174e-05,1.6224116880974174e-05,0.6067622939291387,0.6067622939291387,0.6067622939291387,3.4360524836275503e-06,3.4360524836275503e-06
gemma4:12b,original,Gear_Medium,gear,RGOCG12-50_12mm,round_pin,False,False,False,B,../vlm_four_scene_20260925/raw/gemma4-12b/original/Gear_Medium/RGOCG12-50_12mm.json,1.1627053912320882e-05,1.1627053912320882e-05,1.1627053912320882e-05,6.628051998708416e-07,6.628051998708416e-07,6.628051998708416e-07,C,gemma4-12b/responses/original/Gear_Medium/RGOCG12-50_12mm.json,9.681923778580052e-06,9.681923778580052e-06,9.681923778580052e-06,0.8087629081005406,0.8087629081005406,0.8087629081005406,-1.9451301337408304e-06,-1.9451301337408304e-06
gemma4:12b,original,Gear_Small,gear,RGOCG12-50_12mm,round_pin,False,False,False,B,../vlm_four_scene_20260925/raw/gemma4-12b/original/Gear_Small/RGOCG12-50_12mm.json,8.918376955790756e-06,8.918376955790756e-06,8.918376955790756e-06,3.988154891802043e-07,3.988154891802043e-07,3.988154891802043e-07,C,gemma4-12b/responses/original/Gear_Small/RGOCG12-50_12mm.json,9.681923778580052e-06,9.681923778580052e-06,9.681923778580052e-06,0.8087629081005406,0.8087629081005406,0.8087629081005406,7.635468227892951e-07,7.635468227892951e-07
gemma4:12b,original,Waterproof_Male,Waterproof_Male,RGOCG12-50_12mm,round_pin,False,False,False,B,../vlm_four_scene_20260925/raw/gemma4-12b/original/Waterproof_Male/RGOCG12-50_12mm.json,0.00026923065482193146,0.00026923065482193146,0.00026923065482193146,4.3588378732883336e-05,4.3588378732883336e-05,4.3588378732883336e-05,C,gemma4-12b/responses/original/Waterproof_Male/RGOCG12-50_12mm.json,2.0462482500160397e-06,2.0462482500160397e-06,2.0462482500160397e-06,0.9391403166569583,0.9391403166569583,0.9391403166569583,-0.0002671844065719154,-0.0002671844065719154
gemma4:12b,original,M12_Hex_Nut,hex_nut,RGOCG12-50_12mm,round_pin,False,False,False,B,../vlm_four_scene_20260925/raw/gemma4-12b/original/M12_Hex_Nut/RGOCG12-50_12mm.json,1.021758074737234e-05,1.021758074737234e-05,1.021758074737234e-05,6.740632659708608e-07,6.740632659708608e-07,6.740632659708608e-07,B,gemma4-12b/responses/original/M12_Hex_Nut/RGOCG12-50_12mm.json,1.1719111776409068e-06,1.1719111776409068e-06,1.1719111776409068e-06,7.469673001836629e-05,7.469673001836629e-05,7.469673001836629e-05,-9.045669569731434e-06,-9.045669569731434e-06
gemma4:12b,original,M16_Hex_Nut,hex_nut,RGOCG12-50_12mm,round_pin,False,False,False,B,../vlm_four_scene_20260925/raw/gemma4-12b/original/M16_Hex_Nut/RGOCG12-50_12mm.json,3.040697889249282e-06,3.040697889249282e-06,3.040697889249282e-06,9.328942049979896e-08,9.328942049979896e-08,9.328942049979896e-08,B,gemma4-12b/responses/original/M16_Hex_Nut/RGOCG12-50_12mm.json,9.789536871957945e-07,9.789536871957945e-07,9.789536871957945e-07,6.0829795008907816e-05,6.0829795008907816e-05,6.0829795008907816e-05,-2.0617442020534877e-06,-2.0617442020534877e-06
gemma4:12b,original,RGOCG16-50_16mm,round_pin,RGOCG12-50_12mm,round_pin,True,False,False,A,../vlm_four_scene_20260925/raw/gemma4-12b/original/RGOCG16-50_16mm/RGOCG12-50_12mm.json,0.9999971389770508,0.9999971389770508,0.9999971389770508,5.614331177637695e-08,5.614331177637695e-08,5.614331177637695e-08,A,gemma4-12b/responses/original/RGOCG16-50_16mm/RGOCG12-50_12mm.json,0.9999978542328165,0.9999978542328165,0.9999978542328165,1.850570606395576e-07,1.850570606395576e-07,1.850570606395576e-07,7.152557657263969e-07,7.152557657263969e-07
gemma4:12b,original,RGOCG12-50_12mm,round_pin,RGOCG12-50_12mm,round_pin,True,True,False,A,../vlm_four_scene_20260925/raw/gemma4-12b/original/RGOCG12-50_12mm/RGOCG12-50_12mm.json,0.999996542930667,0.999996542930667,0.999996542930667,4.2270293046027577e-08,4.2270293046027577e-08,4.2270293046027577e-08,A,gemma4-12b/responses/original/RGOCG12-50_12mm/RGOCG12-50_12mm.json,0.9999973773956583,0.9999973773956583,0.9999973773956583,2.9630780911434604e-07,2.9630780911434604e-07,2.9630780911434604e-07,8.34464991328332e-07,8.34464991328332e-07
gemma4:12b,original,RGOCG8-50_8mm,round_pin,RGOCG12-50_12mm,round_pin,True,False,False,A,../vlm_four_scene_20260925/raw/gemma4-12b/original/RGOCG8-50_8mm/RGOCG12-50_12mm.json,0.9999966621397789,0.9999966621397789,0.9999966621397789,4.611093428881116e-08,4.611093428881116e-08,4.611093428881116e-08,A,gemma4-12b/responses/original/RGOCG8-50_8mm/RGOCG12-50_12mm.json,0.9999973773956583,0.9999973773956583,0.9999973773956583,2.9630780911434604e-07,2.9630780911434604e-07,2.9630780911434604e-07,7.152558794132347e-07,7.152558794132347e-07
gemma4:12b,original,USB_Male,USB_Male,RGOCG12-50_12mm,round_pin,False,False,False,B,../vlm_four_scene_20260925/raw/gemma4-12b/original/USB_Male/RGOCG12-50_12mm.json,1.4921988223266581e-05,1.4921988223266581e-05,1.4921988223266581e-05,9.85778164266653e-08,9.85778164266653e-08,9.85778164266653e-08,B,gemma4-12b/responses/original/USB_Male/RGOCG12-50_12mm.json,1.7343724304243788e-06,1.7343724304243788e-06,1.7343724304243788e-06,0.1291567351476528,0.1291567351476528,0.1291567351476528,-1.3187615792842202e-05,-1.3187615792842202e-05
gemma4:12b,original,DSUB_Male,DSUB_Male,RGOCG12-50_12mm,round_pin,False,False,False,B,../vlm_four_scene_20260925/raw/gemma4-12b/original/DSUB_Male/RGOCG12-50_12mm.json,4.812062528625816e-06,4.812062528625816e-06,4.812062528625816e-06,1.4215919422120545e-07,1.4215919422120545e-07,1.4215919422120545e-07,C,gemma4-12b/responses/original/DSUB_Male/RGOCG12-50_12mm.json,2.8794981974579626e-06,2.8794981974579626e-06,2.8794981974579626e-06,0.9654743660621626,0.9654743660621626,0.9654743660621626,-1.932564331167854e-06,-1.932564331167854e-06
gemma4:12b,original,Gear_Large,gear,RGOCG8-50_8mm,round_pin,False,False,False,B,../vlm_four_scene_20260925/raw/gemma4-12b/original/Gear_Large/RGOCG8-50_8mm.json,8.597487354370125e-06,8.597487354370125e-06,8.597487354370125e-06,4.933443209351796e-07,4.933443209351796e-07,4.933443209351796e-07,B,gemma4-12b/responses/original/Gear_Large/RGOCG8-50_8mm.json,3.085437719670161e-06,3.085437719670161e-06,3.085437719670161e-06,0.036281354815685715,0.036281354815685715,0.036281354815685715,-5.512049634699964e-06,-5.512049634699964e-06
gemma4:12b,original,Gear_Medium,gear,RGOCG8-50_8mm,round_pin,False,False,False,B,../vlm_four_scene_20260925/raw/gemma4-12b/original/Gear_Medium/RGOCG8-50_8mm.json,6.0004739278426135e-06,6.0004739278426135e-06,6.0004739278426135e-06,2.702664539311357e-07,2.702664539311357e-07,2.702664539311357e-07,B,gemma4-12b/responses/original/Gear_Medium/RGOCG8-50_8mm.json,3.722948179036399e-06,3.722948179036399e-06,3.722948179036399e-06,0.05851288061437164,0.05851288061437164,0.05851288061437164,-2.2775257488062145e-06,-2.2775257488062145e-06
gemma4:12b,original,Gear_Small,gear,RGOCG8-50_8mm,round_pin,False,False,False,B,../vlm_four_scene_20260925/raw/gemma4-12b/original/Gear_Small/RGOCG8-50_8mm.json,6.528857428826208e-06,6.528857428826208e-06,6.528857428826208e-06,2.0647973907324758e-07,2.0647973907324758e-07,2.0647973907324758e-07,B,gemma4-12b/responses/original/Gear_Small/RGOCG8-50_8mm.json,3.722948179036399e-06,3.722948179036399e-06,3.722948179036399e-06,0.05851288061437164,0.05851288061437164,0.05851288061437164,-2.805909249789809e-06,-2.805909249789809e-06
gemma4:12b,original,Waterproof_Male,Waterproof_Male,RGOCG8-50_8mm,round_pin,False,False,False,B,../vlm_four_scene_20260925/raw/gemma4-12b/original/Waterproof_Male/RGOCG8-50_8mm.json,0.0003600148929439497,0.0003600148929439497,0.0003600148929439497,2.3074474262162175e-05,2.3074474262162175e-05,2.3074474262162175e-05,C,gemma4-12b/responses/original/Waterproof_Male/RGOCG8-50_8mm.json,5.366462363459966e-06,5.366462363459966e-06,5.366462363459966e-06,0.741727879949775,0.741727879949775,0.741727879949775,-0.00035464843058048977,-0.00035464843058048977
gemma4:12b,original,M12_Hex_Nut,hex_nut,RGOCG8-50_8mm,round_pin,False,False,False,B,../vlm_four_scene_20260925/raw/gemma4-12b/original/M12_Hex_Nut/RGOCG8-50_8mm.json,5.870463013740265e-06,5.870463013740265e-06,5.870463013740265e-06,2.2761343587892366e-07,2.2761343587892366e-07,2.2761343587892366e-07,B,gemma4-12b/responses/original/M12_Hex_Nut/RGOCG8-50_8mm.json,9.859140512376107e-07,9.859140512376107e-07,9.859140512376107e-07,0.0001048588704733706,0.0001048588704733706,0.0001048588704733706,-4.884548962502654e-06,-4.884548962502654e-06
gemma4:12b,original,M16_Hex_Nut,hex_nut,RGOCG8-50_8mm,round_pin,False,False,False,B,../vlm_four_scene_20260925/raw/gemma4-12b/original/M16_Hex_Nut/RGOCG8-50_8mm.json,6.318813269595776e-06,6.318813269595776e-06,6.318813269595776e-06,2.993046589974556e-07,2.993046589974556e-07,2.993046589974556e-07,B,gemma4-12b/responses/original/M16_Hex_Nut/RGOCG8-50_8mm.json,6.374068447120148e-07,6.374068447120148e-07,6.374068447120148e-07,8.676937901159141e-05,8.676937901159141e-05,8.676937901159141e-05,-5.681406424883761e-06,-5.681406424883761e-06
gemma4:12b,original,RGOCG16-50_16mm,round_pin,RGOCG8-50_8mm,round_pin,True,False,False,A,../vlm_four_scene_20260925/raw/gemma4-12b/original/RGOCG16-50_16mm/RGOCG8-50_8mm.json,0.9999964237213419,0.9999964237213419,0.9999964237213419,2.9091343978700416e-08,2.9091343978700416e-08,2.9091343978700416e-08,A,gemma4-12b/responses/original/RGOCG16-50_16mm/RGOCG8-50_8mm.json,0.9999974966048697,0.9999974966048697,0.9999974966048697,2.73177801223335e-07,2.73177801223335e-07,2.73177801223335e-07,1.0728835277973303e-06,1.0728835277973303e-06
gemma4:12b,original,RGOCG12-50_12mm,round_pin,RGOCG8-50_8mm,round_pin,True,False,False,A,../vlm_four_scene_20260925/raw/gemma4-12b/original/RGOCG12-50_12mm/RGOCG8-50_8mm.json,0.9999972581862338,0.9999972581862338,0.9999972581862338,4.225562199082297e-08,4.225562199082297e-08,4.225562199082297e-08,A,gemma4-12b/responses/original/RGOCG12-50_12mm/RGOCG8-50_8mm.json,0.9999971389770508,0.9999971389770508,0.9999971389770508,2.284617994887833e-07,2.284617994887833e-07,2.284617994887833e-07,-1.1920918296937089e-07,-1.1920918296937089e-07
gemma4:12b,original,RGOCG8-50_8mm,round_pin,RGOCG8-50_8mm,round_pin,True,True,False,A,../vlm_four_scene_20260925/raw/gemma4-12b/original/RGOCG8-50_8mm/RGOCG8-50_8mm.json,0.999996542930667,0.999996542930667,0.999996542930667,3.5258450429916325e-08,3.5258450429916325e-08,3.5258450429916325e-08,A,gemma4-12b/responses/original/RGOCG8-50_8mm/RGOCG8-50_8mm.json,0.9999971389770508,0.9999971389770508,0.9999971389770508,2.284617994887833e-07,2.284617994887833e-07,2.284617994887833e-07,5.9604638380506e-07,5.9604638380506e-07
gemma4:12b,original,USB_Male,USB_Male,RGOCG8-50_8mm,round_pin,False,False,False,B,../vlm_four_scene_20260925/raw/gemma4-12b/original/USB_Male/RGOCG8-50_8mm.json,1.1058316745797732e-05,1.1058316745797732e-05,1.1058316745797732e-05,5.781323837133912e-08,5.781323837133912e-08,5.781323837133912e-08,B,gemma4-12b/responses/original/USB_Male/RGOCG8-50_8mm.json,4.892407137351268e-06,4.892407137351268e-06,4.892407137351268e-06,0.4920965810175872,0.4920965810175872,0.4920965810175872,-6.165909608446464e-06,-6.165909608446464e-06
gemma4:12b,original,DSUB_Male,DSUB_Male,RGOCG8-50_8mm,round_pin,False,False,False,B,../vlm_four_scene_20260925/raw/gemma4-12b/original/DSUB_Male/RGOCG8-50_8mm.json,4.122972097988895e-06,4.122972097988895e-06,4.122972097988895e-06,9.60852944325258e-08,9.60852944325258e-08,9.60852944325258e-08,C,gemma4-12b/responses/original/DSUB_Male/RGOCG8-50_8mm.json,8.586224658615724e-07,8.586224658615724e-07,8.586224658615724e-07,0.9921599034293717,0.9921599034293717,0.9921599034293717,-3.2643496321273225e-06,-3.2643496321273225e-06
gemma4:12b,original,Gear_Large,gear,USB_Male,USB_Male,False,False,False,B,../vlm_four_scene_20260925/raw/gemma4-12b/original/Gear_Large/USB_Male.json,3.0787582214191106e-05,3.0787582214191106e-05,3.0787582214191106e-05,2.638608896656975e-06,2.638608896656975e-06,2.638608896656975e-06,B,gemma4-12b/responses/original/Gear_Large/USB_Male.json,1.0649765748225204e-06,1.0649765748225204e-06,1.0649765748225204e-06,0.3082759491673407,0.3082759491673407,0.3082759491673407,-2.9722605639368586e-05,-2.9722605639368586e-05
gemma4:12b,original,Gear_Medium,gear,USB_Male,USB_Male,False,False,False,B,../vlm_four_scene_20260925/raw/gemma4-12b/original/Gear_Medium/USB_Male.json,3.538678152896778e-05,3.538678152896778e-05,3.538678152896778e-05,7.212052553934484e-06,7.212052553934484e-06,7.212052553934484e-06,B,gemma4-12b/responses/original/Gear_Medium/USB_Male.json,7.25717813919995e-07,7.25717813919995e-07,7.25717813919995e-07,0.2737505936144656,0.2737505936144656,0.2737505936144656,-3.4661063715047784e-05,-3.4661063715047784e-05
gemma4:12b,original,Gear_Small,gear,USB_Male,USB_Male,False,False,False,B,../vlm_four_scene_20260925/raw/gemma4-12b/original/Gear_Small/USB_Male.json,4.7971733528182895e-05,4.7971733528182895e-05,4.7971733528182895e-05,3.718771608492026e-06,3.718771608492026e-06,3.718771608492026e-06,B,gemma4-12b/responses/original/Gear_Small/USB_Male.json,7.25717813919995e-07,7.25717813919995e-07,7.25717813919995e-07,0.2737505936144656,0.2737505936144656,0.2737505936144656,-4.72460157142629e-05,-4.72460157142629e-05
gemma4:12b,original,Waterproof_Male,Waterproof_Male,USB_Male,USB_Male,False,False,False,A,../vlm_four_scene_20260925/raw/gemma4-12b/original/Waterproof_Male/USB_Male.json,0.9999264478667818,0.9999264478667818,0.9999264478667818,2.139140966644786e-08,2.139140966644786e-08,2.139140966644786e-08,B,gemma4-12b/responses/original/Waterproof_Male/USB_Male.json,0.19781826794011345,0.19781826794011345,0.19781826794011345,0.01749222031821909,0.01749222031821909,0.01749222031821909,-0.8021081799266683,-0.8021081799266683
gemma4:12b,original,M12_Hex_Nut,hex_nut,USB_Male,USB_Male,False,False,False,B,../vlm_four_scene_20260925/raw/gemma4-12b/original/M12_Hex_Nut/USB_Male.json,1.476528282556034e-05,1.476528282556034e-05,1.476528282556034e-05,2.8825040023947714e-06,2.8825040023947714e-06,2.8825040023947714e-06,B,gemma4-12b/responses/original/M12_Hex_Nut/USB_Male.json,3.0983617010497693e-06,3.0983617010497693e-06,3.0983617010497693e-06,0.15534139342155678,0.15534139342155678,0.15534139342155678,-1.1666921124510571e-05,-1.1666921124510571e-05
gemma4:12b,original,M16_Hex_Nut,hex_nut,USB_Male,USB_Male,False,False,False,B,../vlm_four_scene_20260925/raw/gemma4-12b/original/M16_Hex_Nut/USB_Male.json,5.365761262807888e-06,5.365761262807888e-06,5.365761262807888e-06,6.723529222303669e-07,6.723529222303669e-07,6.723529222303669e-07,B,gemma4-12b/responses/original/M16_Hex_Nut/USB_Male.json,2.7683493144628893e-06,2.7683493144628893e-06,2.7683493144628893e-06,0.13719641210657432,0.13719641210657432,0.13719641210657432,-2.5974119483449987e-06,-2.5974119483449987e-06
gemma4:12b,original,RGOCG16-50_16mm,round_pin,USB_Male,USB_Male,False,False,False,B,../vlm_four_scene_20260925/raw/gemma4-12b/original/RGOCG16-50_16mm/USB_Male.json,0.009854371204700972,0.009854371204700972,0.009854371204700972,0.001392309657834566,0.001392309657834566,0.001392309657834566,B,gemma4-12b/responses/original/RGOCG16-50_16mm/USB_Male.json,1.907048515139214e-05,1.907048515139214e-05,1.907048515139214e-05,0.05035504224980256,0.05035504224980256,0.05035504224980256,-0.00983530071954958,-0.00983530071954958
gemma4:12b,original,RGOCG12-50_12mm,round_pin,USB_Male,USB_Male,False,False,False,B,../vlm_four_scene_20260925/raw/gemma4-12b/original/RGOCG12-50_12mm/USB_Male.json,0.04504225807833581,0.04504225807833581,0.04504225807833581,0.001356998593384768,0.001356998593384768,0.001356998593384768,B,gemma4-12b/responses/original/RGOCG12-50_12mm/USB_Male.json,2.1743357704017412e-05,2.1743357704017412e-05,2.1743357704017412e-05,0.07722687674970358,0.07722687674970358,0.07722687674970358,-0.045020514720631795,-0.045020514720631795
gemma4:12b,original,RGOCG8-50_8mm,round_pin,USB_Male,USB_Male,False,False,False,B,../vlm_four_scene_20260925/raw/gemma4-12b/original/RGOCG8-50_8mm/USB_Male.json,0.054267083502498877,0.054267083502498877,0.054267083502498877,0.0032984077913012543,0.0032984077913012543,0.0032984077913012543,B,gemma4-12b/responses/original/RGOCG8-50_8mm/USB_Male.json,2.1743357704017412e-05,2.1743357704017412e-05,2.1743357704017412e-05,0.07722687674970358,0.07722687674970358,0.07722687674970358,-0.05424534014479486,-0.05424534014479486
gemma4:12b,original,USB_Male,USB_Male,USB_Male,USB_Male,True,True,False,A,../vlm_four_scene_20260925/raw/gemma4-12b/original/USB_Male/USB_Male.json,0.9999930858610072,0.9999930858610072,0.9999930858610072,5.856326653435542e-08,5.856326653435542e-08,5.856326653435542e-08,A,gemma4-12b/responses/original/USB_Male/USB_Male.json,0.9999934434891956,0.9999934434891956,0.9999934434891956,7.573559925712907e-07,7.573559925712907e-07,7.573559925712907e-07,3.5762818839657484e-07,3.5762818839657484e-07
gemma4:12b,original,DSUB_Male,DSUB_Male,USB_Male,USB_Male,False,False,False,A,../vlm_four_scene_20260925/raw/gemma4-12b/original/DSUB_Male/USB_Male.json,0.766607761218001,0.766607761218001,0.766607761218001,2.4526964097922018e-06,2.4526964097922018e-06,2.4526964097922018e-06,A,gemma4-12b/responses/original/DSUB_Male/USB_Male.json,0.9999655485157953,0.9999655485157953,0.9999655485157953,3.7716679007201362e-06,3.7716679007201362e-06,3.7716679007201362e-06,0.23335778729779433,0.23335778729779433
gemma4:12b,original,Gear_Large,gear,DSUB_Male,DSUB_Male,False,False,False,B,../vlm_four_scene_20260925/raw/gemma4-12b/original/Gear_Large/DSUB_Male.json,0.0002457486983531703,0.0002457486983531703,0.0002457486983531703,8.326091267970447e-06,8.326091267970447e-06,8.326091267970447e-06,B,gemma4-12b/responses/original/Gear_Large/DSUB_Male.json,7.710439081128817e-07,7.710439081128817e-07,7.710439081128817e-07,0.18874609927064995,0.18874609927064995,0.18874609927064995,-0.0002449776544450574,-0.0002449776544450574
gemma4:12b,original,Gear_Medium,gear,DSUB_Male,DSUB_Male,False,False,False,B,../vlm_four_scene_20260925/raw/gemma4-12b/original/Gear_Medium/DSUB_Male.json,0.0001247725048196699,0.0001247725048196699,0.0001247725048196699,5.995840494405825e-06,5.995840494405825e-06,5.995840494405825e-06,B,gemma4-12b/responses/original/Gear_Medium/DSUB_Male.json,8.837929289263964e-07,8.837929289263964e-07,8.837929289263964e-07,0.15919124707467214,0.15919124707467214,0.15919124707467214,-0.0001238887118907435,-0.0001238887118907435
gemma4:12b,original,Gear_Small,gear,DSUB_Male,DSUB_Male,False,False,False,B,../vlm_four_scene_20260925/raw/gemma4-12b/original/Gear_Small/DSUB_Male.json,0.00021303849810265027,0.00021303849810265027,0.00021303849810265027,2.835222158279602e-05,2.835222158279602e-05,2.835222158279602e-05,B,gemma4-12b/responses/original/Gear_Small/DSUB_Male.json,8.837929289263964e-07,8.837929289263964e-07,8.837929289263964e-07,0.15919124707467214,0.15919124707467214,0.15919124707467214,-0.00021215470517372387,-0.00021215470517372387
gemma4:12b,original,Waterproof_Male,Waterproof_Male,DSUB_Male,DSUB_Male,False,False,False,A,../vlm_four_scene_20260925/raw/gemma4-12b/original/Waterproof_Male/DSUB_Male.json,0.9999938011170572,0.9999938011170572,0.9999938011170572,1.4742691229348902e-08,1.4742691229348902e-08,1.4742691229348902e-08,A,gemma4-12b/responses/original/Waterproof_Male/DSUB_Male.json,0.9999954700467981,0.9999954700467981,0.9999954700467981,1.95778781798367e-07,1.95778781798367e-07,1.95778781798367e-07,1.6689297409611115e-06,1.6689297409611115e-06
gemma4:12b,original,M12_Hex_Nut,hex_nut,DSUB_Male,DSUB_Male,False,False,False,B,../vlm_four_scene_20260925/raw/gemma4-12b/original/M12_Hex_Nut/DSUB_Male.json,6.15710247377978e-05,6.15710247377978e-05,6.15710247377978e-05,3.87118712060714e-06,3.87118712060714e-06,3.87118712060714e-06,B,gemma4-12b/responses/original/M12_Hex_Nut/DSUB_Male.json,9.323965931720038e-07,9.323965931720038e-07,9.323965931720038e-07,0.002738990013631627,0.002738990013631627,0.002738990013631627,-6.0638628144625796e-05,-6.0638628144625796e-05
gemma4:12b,original,M16_Hex_Nut,hex_nut,DSUB_Male,DSUB_Male,False,False,False,B,../vlm_four_scene_20260925/raw/gemma4-12b/original/M16_Hex_Nut/DSUB_Male.json,7.011816988408443e-05,7.011816988408443e-05,7.011816988408443e-05,2.0117345410921593e-06,2.0117345410921593e-06,2.0117345410921593e-06,B,gemma4-12b/responses/original/M16_Hex_Nut/DSUB_Male.json,7.936068976513919e-07,7.936068976513919e-07,7.936068976513919e-07,0.0015909799189372752,0.0015909799189372752,0.0015909799189372752,-6.932456298643304e-05,-6.932456298643304e-05
gemma4:12b,original,RGOCG16-50_16mm,round_pin,DSUB_Male,DSUB_Male,False,False,False,A,../vlm_four_scene_20260925/raw/gemma4-12b/original/RGOCG16-50_16mm/DSUB_Male.json,0.9993826150616784,0.9993826150616784,0.9993826150616784,1.2540248039050116e-06,1.2540248039050116e-06,1.2540248039050116e-06,C,gemma4-12b/responses/original/RGOCG16-50_16mm/DSUB_Male.json,5.195689672647979e-05,5.195689672647979e-05,5.195689672647979e-05,0.8440628624950876,0.8440628624950876,0.8440628624950876,-0.9993306581649519,-0.9993306581649519
gemma4:12b,original,RGOCG12-50_12mm,round_pin,DSUB_Male,DSUB_Male,False,False,False,A,../vlm_four_scene_20260925/raw/gemma4-12b/original/RGOCG12-50_12mm/DSUB_Male.json,0.9993644356905825,0.9993644356905825,0.9993644356905825,1.4728273947428203e-06,1.4728273947428203e-06,1.4728273947428203e-06,C,gemma4-12b/responses/original/RGOCG12-50_12mm/DSUB_Male.json,6.125323996436694e-05,6.125323996436694e-05,6.125323996436694e-05,0.7935740924585827,0.7935740924585827,0.7935740924585827,-0.9993031824506181,-0.9993031824506181
gemma4:12b,original,RGOCG8-50_8mm,round_pin,DSUB_Male,DSUB_Male,False,False,False,A,../vlm_four_scene_20260925/raw/gemma4-12b/original/RGOCG8-50_8mm/DSUB_Male.json,0.9988636970286632,0.9988636970286632,0.9988636970286632,3.2876497810979294e-06,3.2876497810979294e-06,3.2876497810979294e-06,C,gemma4-12b/responses/original/RGOCG8-50_8mm/DSUB_Male.json,6.125323996436694e-05,6.125323996436694e-05,6.125323996436694e-05,0.7935740924585827,0.7935740924585827,0.7935740924585827,-0.9988024437886988,-0.9988024437886988
gemma4:12b,original,USB_Male,USB_Male,DSUB_Male,DSUB_Male,False,False,False,A,../vlm_four_scene_20260925/raw/gemma4-12b/original/USB_Male/DSUB_Male.json,0.992103815097187,0.992103815097187,0.992103815097187,5.513004215767902e-07,5.513004215767902e-07,5.513004215767902e-07,A,gemma4-12b/responses/original/USB_Male/DSUB_Male.json,0.9996616840307788,0.9996616840307788,0.9996616840307788,2.6873107338879957e-05,2.6873107338879957e-05,2.6873107338879957e-05,0.007557868933591783,0.007557868933591783
gemma4:12b,original,DSUB_Male,DSUB_Male,DSUB_Male,DSUB_Male,True,True,False,A,../vlm_four_scene_20260925/raw/gemma4-12b/original/DSUB_Male/DSUB_Male.json,0.9999645948420485,0.9999645948420485,0.9999645948420485,1.8345021204046568e-08,1.8345021204046568e-08,1.8345021204046568e-08,A,gemma4-12b/responses/original/DSUB_Male/DSUB_Male.json,0.9999957084656899,0.9999957084656899,0.9999957084656899,5.948729270720711e-07,5.948729270720711e-07,5.948729270720711e-07,3.111362364138781e-05,3.111362364138781e-05
gemma4:12b,state_101,Gear_Large,gear,Gear_Large,gear,True,True,False,A,../vlm_four_scene_20260925/raw/gemma4-12b/state_101/Gear_Large/Gear_Large.json,0.999952793122396,0.999952793122396,0.999952793122396,6.459245996000092e-08,6.459245996000092e-08,6.459245996000092e-08,A,gemma4-12b/responses/state_101/Gear_Large/Gear_Large.json,0.9999942779541017,0.9999942779541017,0.9999942779541017,2.620041956941139e-07,2.620041956941139e-07,2.620041956941139e-07,4.148483170562933e-05,4.148483170562933e-05
gemma4:12b,state_101,Gear_Medium,gear,Gear_Large,gear,True,False,False,A,../vlm_four_scene_20260925/raw/gemma4-12b/state_101/Gear_Medium/Gear_Large.json,0.9999437332158462,0.9999437332158462,0.9999437332158462,6.52664078797822e-08,6.52664078797822e-08,6.52664078797822e-08,A,gemma4-12b/responses/state_101/Gear_Medium/Gear_Large.json,0.9999918937684245,0.9999918937684245,0.9999918937684245,2.502265513236956e-07,2.502265513236956e-07,2.502265513236956e-07,4.8160552578280225e-05,4.8160552578280225e-05
gemma4:12b,state_101,Gear_Small,gear,Gear_Large,gear,True,False,False,A,../vlm_four_scene_20260925/raw/gemma4-12b/state_101/Gear_Small/Gear_Large.json,0.9998930692658689,0.9998930692658689,0.9998930692658689,1.0433123596567974e-07,1.0433123596567974e-07,1.0433123596567974e-07,A,gemma4-12b/responses/state_101/Gear_Small/Gear_Large.json,0.9999918937684245,0.9999918937684245,0.9999918937684245,2.502265513236956e-07,2.502265513236956e-07,2.502265513236956e-07,9.88245025556056e-05,9.88245025556056e-05
gemma4:12b,state_101,Waterproof_Male,Waterproof_Male,Gear_Large,gear,False,False,False,B,../vlm_four_scene_20260925/raw/gemma4-12b/state_101/Waterproof_Male/Gear_Large.json,5.7368890605460524e-05,5.7368890605460524e-05,5.7368890605460524e-05,2.4394021892080373e-06,2.4394021892080373e-06,2.4394021892080373e-06,B,gemma4-12b/responses/state_101/Waterproof_Male/Gear_Large.json,1.3507731168047892e-06,1.3507731168047892e-06,1.3507731168047892e-06,0.00046113029037711875,0.00046113029037711875,0.00046113029037711875,-5.601811748865574e-05,-5.601811748865574e-05
gemma4:12b,state_101,M12_Hex_Nut,hex_nut,Gear_Large,gear,False,False,False,B,../vlm_four_scene_20260925/raw/gemma4-12b/state_101/M12_Hex_Nut/Gear_Large.json,4.4469194359358735e-07,4.4469194359358735e-07,4.4469194359358735e-07,8.288692155317356e-09,8.288692155317356e-09,8.288692155317356e-09,B,gemma4-12b/responses/state_101/M12_Hex_Nut/Gear_Large.json,6.954400800589484e-08,6.954400800589484e-08,6.954400800589484e-08,3.3817057006744624e-07,3.3817057006744624e-07,3.3817057006744624e-07,-3.751479355876925e-07,-3.751479355876925e-07
gemma4:12b,state_101,M16_Hex_Nut,hex_nut,Gear_Large,gear,False,False,False,B,../vlm_four_scene_20260925/raw/gemma4-12b/state_101/M16_Hex_Nut/Gear_Large.json,4.6678309063505775e-07,4.6678309063505775e-07,4.6678309063505775e-07,1.115699492471473e-08,1.115699492471473e-08,1.115699492471473e-08,B,gemma4-12b/responses/state_101/M16_Hex_Nut/Gear_Large.json,7.400591691897465e-08,7.400591691897465e-08,7.400591691897465e-08,3.5788033392995394e-07,3.5788033392995394e-07,3.5788033392995394e-07,-3.927771737160831e-07,-3.927771737160831e-07
gemma4:12b,state_101,RGOCG16-50_16mm,round_pin,Gear_Large,gear,False,False,False,B,../vlm_four_scene_20260925/raw/gemma4-12b/state_101/RGOCG16-50_16mm/Gear_Large.json,0.0002432539844204109,0.0002432539844204109,0.0002432539844204109,2.0068147806302572e-05,2.0068147806302572e-05,2.0068147806302572e-05,B,gemma4-12b/responses/state_101/RGOCG16-50_16mm/Gear_Large.json,3.028115509503237e-06,3.028115509503237e-06,3.028115509503237e-06,3.430779343520825e-05,3.430779343520825e-05,3.430779343520825e-05,-0.00024022586891090766,-0.00024022586891090766
gemma4:12b,state_101,RGOCG12-50_12mm,round_pin,Gear_Large,gear,False,False,False,B,../vlm_four_scene_20260925/raw/gemma4-12b/state_101/RGOCG12-50_12mm/Gear_Large.json,0.00021828678080016445,0.00021828678080016445,0.00021828678080016445,1.4236691806768141e-05,1.4236691806768141e-05,1.4236691806768141e-05,B,gemma4-12b/responses/state_101/RGOCG12-50_12mm/Gear_Large.json,3.2385475110116586e-06,3.2385475110116586e-06,3.2385475110116586e-06,2.8720180249138758e-05,2.8720180249138758e-05,2.8720180249138758e-05,-0.0002150482332891528,-0.0002150482332891528
gemma4:12b,state_101,RGOCG8-50_8mm,round_pin,Gear_Large,gear,False,False,False,B,../vlm_four_scene_20260925/raw/gemma4-12b/state_101/RGOCG8-50_8mm/Gear_Large.json,0.0003236099447818801,0.0003236099447818801,0.0003236099447818801,2.3875670117371885e-05,2.3875670117371885e-05,2.3875670117371885e-05,B,gemma4-12b/responses/state_101/RGOCG8-50_8mm/Gear_Large.json,3.2385475110116586e-06,3.2385475110116586e-06,3.2385475110116586e-06,2.8720180249138758e-05,2.8720180249138758e-05,2.8720180249138758e-05,-0.00032037139727086845,-0.00032037139727086845
gemma4:12b,state_101,USB_Male,USB_Male,Gear_Large,gear,False,False,False,B,../vlm_four_scene_20260925/raw/gemma4-12b/state_101/USB_Male/Gear_Large.json,8.580813790905912e-07,8.580813790905912e-07,8.580813790905912e-07,,0.0,0.0001,B,gemma4-12b/responses/state_101/USB_Male/Gear_Large.json,1.3411620494286266e-07,1.3411620494286266e-07,1.3411620494286266e-07,4.0011382247760287e-05,4.0011382247760287e-05,4.0011382247760287e-05,-7.239651741477285e-07,-7.239651741477285e-07
gemma4:12b,state_101,DSUB_Male,DSUB_Male,Gear_Large,gear,False,False,False,B,../vlm_four_scene_20260925/raw/gemma4-12b/state_101/DSUB_Male/Gear_Large.json,1.3693309731083823e-06,1.3693309731083823e-06,1.3693309731083823e-06,2.5243055798300744e-08,2.5243055798300744e-08,2.5243055798300744e-08,B,gemma4-12b/responses/state_101/DSUB_Male/Gear_Large.json,2.2422356713313632e-07,2.2422356713313632e-07,2.2422356713313632e-07,5.8168379676630856e-05,5.8168379676630856e-05,5.8168379676630856e-05,-1.145107405975246e-06,-1.145107405975246e-06
gemma4:12b,state_101,Gear_Large,gear,Gear_Medium,gear,True,False,False,A,../vlm_four_scene_20260925/raw/gemma4-12b/state_101/Gear_Large/Gear_Medium.json,0.9999685287480237,0.9999685287480237,0.9999685287480237,4.602649211010511e-08,4.602649211010511e-08,4.602649211010511e-08,A,gemma4-12b/responses/state_101/Gear_Large/Gear_Medium.json,0.9999947547913735,0.9999947547913735,0.9999947547913735,6.033580683783629e-07,6.033580683783629e-07,6.033580683783629e-07,2.6226043349786288e-05,2.6226043349786288e-05
gemma4:12b,state_101,Gear_Medium,gear,Gear_Medium,gear,True,True,False,A,../vlm_four_scene_20260925/raw/gemma4-12b/state_101/Gear_Medium/Gear_Medium.json,0.9999790191650422,0.9999790191650422,0.9999790191650422,2.4387856164083762e-08,2.4387856164083762e-08,2.4387856164083762e-08,A,gemma4-12b/responses/state_101/Gear_Medium/Gear_Medium.json,0.9999935626981654,0.9999935626981654,0.9999935626981654,4.830382589855052e-07,4.830382589855052e-07,4.830382589855052e-07,1.4543533123245744e-05,1.4543533123245744e-05
gemma4:12b,state_101,Gear_Small,gear,Gear_Medium,gear,True,False,False,A,../vlm_four_scene_20260925/raw/gemma4-12b/state_101/Gear_Small/Gear_Medium.json,0.9999704360966547,0.9999704360966547,0.9999704360966547,4.79070143323188e-08,4.79070143323188e-08,4.79070143323188e-08,A,gemma4-12b/responses/state_101/Gear_Small/Gear_Medium.json,0.9999935626981654,0.9999935626981654,0.9999935626981654,4.830382589855052e-07,4.830382589855052e-07,4.830382589855052e-07,2.312660151071455e-05,2.312660151071455e-05
gemma4:12b,state_101,Waterproof_Male,Waterproof_Male,Gear_Medium,gear,False,False,False,B,../vlm_four_scene_20260925/raw/gemma4-12b/state_101/Waterproof_Male/Gear_Medium.json,8.765273004281524e-05,8.765273004281524e-05,8.765273004281524e-05,2.444861359067761e-06,2.444861359067761e-06,2.444861359067761e-06,B,gemma4-12b/responses/state_101/Waterproof_Male/Gear_Medium.json,7.348208516088691e-07,7.348208516088691e-07,7.348208516088691e-07,0.00019569097359922882,0.00019569097359922882,0.00019569097359922882,-8.691790919120638e-05,-8.691790919120638e-05
gemma4:12b,state_101,M12_Hex_Nut,hex_nut,Gear_Medium,gear,False,False,False,B,../vlm_four_scene_20260925/raw/gemma4-12b/state_101/M12_Hex_Nut/Gear_Medium.json,3.584776085150337e-06,3.584776085150337e-06,3.584776085150337e-06,5.894180921772534e-08,5.894180921772534e-08,5.894180921772534e-08,B,gemma4-12b/responses/state_101/M12_Hex_Nut/Gear_Medium.json,8.770117667339055e-08,8.770117667339055e-08,8.770117667339055e-08,5.493066692096305e-07,5.493066692096305e-07,5.493066692096305e-07,-3.4970749084769464e-06,-3.4970749084769464e-06
gemma4:12b,state_101,M16_Hex_Nut,hex_nut,Gear_Medium,gear,False,False,False,B,../vlm_four_scene_20260925/raw/gemma4-12b/state_101/M16_Hex_Nut/Gear_Medium.json,4.280206409048957e-06,4.280206409048957e-06,4.280206409048957e-06,3.3908173125552624e-08,3.3908173125552624e-08,3.3908173125552624e-08,B,gemma4-12b/responses/state_101/M16_Hex_Nut/Gear_Medium.json,8.336419629504934e-08,8.336419629504934e-08,8.336419629504934e-08,6.431189913464854e-07,6.431189913464854e-07,6.431189913464854e-07,-4.196842212753907e-06,-4.196842212753907e-06
gemma4:12b,state_101,RGOCG16-50_16mm,round_pin,Gear_Medium,gear,False,False,False,B,../vlm_four_scene_20260925/raw/gemma4-12b/state_101/RGOCG16-50_16mm/Gear_Medium.json,0.0023397836309225757,0.0023397836309225757,0.0023397836309225757,9.49722611090266e-05,9.49722611090266e-05,9.49722611090266e-05,B,gemma4-12b/responses/state_101/RGOCG16-50_16mm/Gear_Medium.json,3.0292044194099108e-06,3.0292044194099108e-06,3.0292044194099108e-06,4.130172053028274e-05,4.130172053028274e-05,4.130172053028274e-05,-0.0023367544265031656,-0.0023367544265031656
gemma4:12b,state_101,RGOCG12-50_12mm,round_pin,Gear_Medium,gear,False,False,False,B,../vlm_four_scene_20260925/raw/gemma4-12b/state_101/RGOCG12-50_12mm/Gear_Medium.json,0.020099144485664036,0.020099144485664036,0.020099144485664036,0.00030279164490138084,0.00030279164490138084,0.00030279164490138084,B,gemma4-12b/responses/state_101/RGOCG12-50_12mm/Gear_Medium.json,2.1172075702744344e-06,2.1172075702744344e-06,2.1172075702744344e-06,4.762007210663019e-05,4.762007210663019e-05,4.762007210663019e-05,-0.020097027278093763,-0.020097027278093763
gemma4:12b,state_101,RGOCG8-50_8mm,round_pin,Gear_Medium,gear,False,False,False,B,../vlm_four_scene_20260925/raw/gemma4-12b/state_101/RGOCG8-50_8mm/Gear_Medium.json,0.08283936738107706,0.08283936738107706,0.08283936738107706,0.0006362450942180602,0.0006362450942180602,0.0006362450942180602,B,gemma4-12b/responses/state_101/RGOCG8-50_8mm/Gear_Medium.json,2.1172075702744344e-06,2.1172075702744344e-06,2.1172075702744344e-06,4.762007210663019e-05,4.762007210663019e-05,4.762007210663019e-05,-0.08283725017350678,-0.08283725017350678
gemma4:12b,state_101,USB_Male,USB_Male,Gear_Medium,gear,False,False,False,B,../vlm_four_scene_20260925/raw/gemma4-12b/state_101/USB_Male/Gear_Medium.json,3.385092188956678e-06,3.385092188956678e-06,3.385092188956678e-06,7.621248831399583e-09,7.621248831399583e-09,7.621248831399583e-09,B,gemma4-12b/responses/state_101/USB_Male/Gear_Medium.json,1.1603901447248127e-07,1.1603901447248127e-07,1.1603901447248127e-07,1.4927738540584265e-05,1.4927738540584265e-05,1.4927738540584265e-05,-3.2690531744841966e-06,-3.2690531744841966e-06
gemma4:12b,state_101,DSUB_Male,DSUB_Male,Gear_Medium,gear,False,False,False,B,../vlm_four_scene_20260925/raw/gemma4-12b/state_101/DSUB_Male/Gear_Medium.json,1.2247084788634525e-05,1.2247084788634525e-05,1.2247084788634525e-05,1.480021653123761e-07,1.480021653123761e-07,1.480021653123761e-07,B,gemma4-12b/responses/state_101/DSUB_Male/Gear_Medium.json,6.453445865673045e-08,6.453445865673045e-08,6.453445865673045e-08,1.574453587596381e-05,1.574453587596381e-05,1.574453587596381e-05,-1.2182550329977794e-05,-1.2182550329977794e-05
gemma4:12b,state_101,Gear_Large,gear,Gear_Small,gear,True,False,False,A,../vlm_four_scene_20260925/raw/gemma4-12b/state_101/Gear_Large/Gear_Small.json,0.9999953508376009,0.9999953508376009,0.9999953508376009,2.427846369018942e-08,2.427846369018942e-08,2.427846369018942e-08,A,gemma4-12b/responses/state_101/Gear_Large/Gear_Small.json,0.9999951124192492,0.9999951124192492,0.9999951124192492,2.8448153077926714e-07,2.8448153077926714e-07,2.8448153077926714e-07,-2.3841835172788706e-07,-2.3841835172788706e-07
gemma4:12b,state_101,Gear_Medium,gear,Gear_Small,gear,True,False,False,A,../vlm_four_scene_20260925/raw/gemma4-12b/state_101/Gear_Medium/Gear_Small.json,0.9999927282334015,0.9999927282334015,0.9999927282334015,4.0514477996808156e-08,4.0514477996808156e-08,4.0514477996808156e-08,A,gemma4-12b/responses/state_101/Gear_Medium/Gear_Small.json,0.999995231628418,0.999995231628418,0.999995231628418,2.6792651264489657e-07,2.6792651264489657e-07,2.6792651264489657e-07,2.5033950165065377e-06,2.5033950165065377e-06
gemma4:12b,state_101,Gear_Small,gear,Gear_Small,gear,True,True,False,A,../vlm_four_scene_20260925/raw/gemma4-12b/state_101/Gear_Small/Gear_Small.json,0.9999951124192492,0.9999951124192492,0.9999951124192492,4.0230947347443403e-08,4.0230947347443403e-08,4.0230947347443403e-08,A,gemma4-12b/responses/state_101/Gear_Small/Gear_Small.json,0.999995231628418,0.999995231628418,0.999995231628418,2.6792651264489657e-07,2.6792651264489657e-07,2.6792651264489657e-07,1.1920916875851617e-07,1.1920916875851617e-07
gemma4:12b,state_101,Waterproof_Male,Waterproof_Male,Gear_Small,gear,False,False,False,B,../vlm_four_scene_20260925/raw/gemma4-12b/state_101/Waterproof_Male/Gear_Small.json,2.201949704490943e-05,2.201949704490943e-05,2.201949704490943e-05,9.329382748921266e-07,9.329382748921266e-07,9.329382748921266e-07,B,gemma4-12b/responses/state_101/Waterproof_Male/Gear_Small.json,2.1321063842241382e-06,2.1321063842241382e-06,2.1321063842241382e-06,0.0001575708654484599,0.0001575708654484599,0.0001575708654484599,-1.988739066068529e-05,-1.988739066068529e-05
gemma4:12b,state_101,M12_Hex_Nut,hex_nut,Gear_Small,gear,False,False,False,B,../vlm_four_scene_20260925/raw/gemma4-12b/state_101/M12_Hex_Nut/Gear_Small.json,4.1654640406490775e-07,4.1654640406490775e-07,4.1654640406490775e-07,5.283910057787942e-09,5.283910057787942e-09,5.283910057787942e-09,B,gemma4-12b/responses/state_101/M12_Hex_Nut/Gear_Small.json,7.937207852450767e-08,7.937207852450767e-08,7.937207852450767e-08,2.6576544499996164e-07,2.6576544499996164e-07,2.6576544499996164e-07,-3.371743255404001e-07,-3.371743255404001e-07
gemma4:12b,state_101,M16_Hex_Nut,hex_nut,Gear_Small,gear,False,False,False,B,../vlm_four_scene_20260925/raw/gemma4-12b/state_101/M16_Hex_Nut/Gear_Small.json,7.644776347771068e-07,7.644776347771068e-07,7.644776347771068e-07,8.54837880710524e-09,8.54837880710524e-09,8.54837880710524e-09,B,gemma4-12b/responses/state_101/M16_Hex_Nut/Gear_Small.json,5.8723104371828944e-08,5.8723104371828944e-08,5.8723104371828944e-08,2.2766249877986485e-07,2.2766249877986485e-07,2.2766249877986485e-07,-7.057545304052778e-07,-7.057545304052778e-07
gemma4:12b,state_101,RGOCG16-50_16mm,round_pin,Gear_Small,gear,False,False,False,B,../vlm_four_scene_20260925/raw/gemma4-12b/state_101/RGOCG16-50_16mm/Gear_Small.json,9.813199897471479e-06,9.813199897471479e-06,9.813199897471479e-06,3.7238446641279495e-07,3.7238446641279495e-07,3.7238446641279495e-07,B,gemma4-12b/responses/state_101/RGOCG16-50_16mm/Gear_Small.json,1.481561696787708e-06,1.481561696787708e-06,1.481561696787708e-06,2.1880084056601168e-05,2.1880084056601168e-05,2.1880084056601168e-05,-8.331638200683771e-06,-8.331638200683771e-06
gemma4:12b,state_101,RGOCG12-50_12mm,round_pin,Gear_Small,gear,False,False,False,B,../vlm_four_scene_20260925/raw/gemma4-12b/state_101/RGOCG12-50_12mm/Gear_Small.json,1.851063181107553e-05,1.851063181107553e-05,1.851063181107553e-05,7.395924696296465e-07,7.395924696296465e-07,7.395924696296465e-07,B,gemma4-12b/responses/state_101/RGOCG12-50_12mm/Gear_Small.json,1.3226207836460229e-06,1.3226207836460229e-06,1.3226207836460229e-06,2.150363206336576e-05,2.150363206336576e-05,2.150363206336576e-05,-1.7188011027429507e-05,-1.7188011027429507e-05
gemma4:12b,state_101,RGOCG8-50_8mm,round_pin,Gear_Small,gear,False,False,False,B,../vlm_four_scene_20260925/raw/gemma4-12b/state_101/RGOCG8-50_8mm/Gear_Small.json,5.143943750911936e-06,5.143943750911936e-06,5.143943750911936e-06,1.547841362973753e-07,1.547841362973753e-07,1.547841362973753e-07,B,gemma4-12b/responses/state_101/RGOCG8-50_8mm/Gear_Small.json,1.3226207836460229e-06,1.3226207836460229e-06,1.3226207836460229e-06,2.150363206336576e-05,2.150363206336576e-05,2.150363206336576e-05,-3.821322967265913e-06,-3.821322967265913e-06
gemma4:12b,state_101,USB_Male,USB_Male,Gear_Small,gear,False,False,False,B,../vlm_four_scene_20260925/raw/gemma4-12b/state_101/USB_Male/Gear_Small.json,3.1497524467234006e-07,3.1497524467234006e-07,3.1497524467234006e-07,,0.0,0.0001,B,gemma4-12b/responses/state_101/USB_Male/Gear_Small.json,1.1430625574188866e-07,1.1430625574188866e-07,1.1430625574188866e-07,2.297272561592796e-05,2.297272561592796e-05,2.297272561592796e-05,-2.006689889304514e-07,-2.006689889304514e-07
gemma4:12b,state_101,DSUB_Male,DSUB_Male,Gear_Small,gear,False,False,False,B,../vlm_four_scene_20260925/raw/gemma4-12b/state_101/DSUB_Male/Gear_Small.json,8.721762407478177e-07,8.721762407478177e-07,8.721762407478177e-07,1.8289819669038697e-08,1.8289819669038697e-08,1.8289819669038697e-08,B,gemma4-12b/responses/state_101/DSUB_Male/Gear_Small.json,1.53327883436967e-07,1.53327883436967e-07,1.53327883436967e-07,3.784175501384754e-05,3.784175501384754e-05,3.784175501384754e-05,-7.188483573108507e-07,-7.188483573108507e-07
gemma4:12b,state_101,Gear_Large,gear,Waterproof_Male,Waterproof_Male,False,False,False,B,../vlm_four_scene_20260925/raw/gemma4-12b/state_101/Gear_Large/Waterproof_Male.json,0.008251648334964425,0.008251648334964425,0.008251648334964425,0.00018365714510238648,0.00018365714510238648,0.00018365714510238648,B,gemma4-12b/responses/state_101/Gear_Large/Waterproof_Male.json,1.0734521294394471e-06,1.0734521294394471e-06,1.0734521294394471e-06,0.0027281607963107204,0.0027281607963107204,0.0027281607963107204,-0.008250574882834986,-0.008250574882834986
gemma4:12b,state_101,Gear_Medium,gear,Waterproof_Male,Waterproof_Male,False,False,False,B,../vlm_four_scene_20260925/raw/gemma4-12b/state_101/Gear_Medium/Waterproof_Male.json,0.013037035960796443,0.013037035960796443,0.013037035960796443,8.291563123307261e-05,8.291563123307261e-05,8.291563123307261e-05,B,gemma4-12b/responses/state_101/Gear_Medium/Waterproof_Male.json,8.995549122299445e-07,8.995549122299445e-07,8.995549122299445e-07,0.0014929106233158383,0.0014929106233158383,0.0014929106233158383,-0.013036136405884214,-0.013036136405884214
gemma4:12b,state_101,Gear_Small,gear,Waterproof_Male,Waterproof_Male,False,False,False,B,../vlm_four_scene_20260925/raw/gemma4-12b/state_101/Gear_Small/Waterproof_Male.json,0.014494003987890587,0.014494003987890587,0.014494003987890587,0.0002677672723124003,0.0002677672723124003,0.0002677672723124003,B,gemma4-12b/responses/state_101/Gear_Small/Waterproof_Male.json,8.995549122299445e-07,8.995549122299445e-07,8.995549122299445e-07,0.0014929106233158383,0.0014929106233158383,0.0014929106233158383,-0.014493104432978358,-0.014493104432978358
gemma4:12b,state_101,Waterproof_Male,Waterproof_Male,Waterproof_Male,Waterproof_Male,True,True,False,A,../vlm_four_scene_20260925/raw/gemma4-12b/state_101/Waterproof_Male/Waterproof_Male.json,0.9999982118606638,0.9999982118606638,0.9999982118606638,1.3661833821553053e-08,1.3661833821553053e-08,1.3661833821553053e-08,A,gemma4-12b/responses/state_101/Waterproof_Male/Waterproof_Male.json,0.999996304512031,0.999996304512031,0.999996304512031,1.003906484109873e-07,1.003906484109873e-07,1.003906484109873e-07,-1.9073486328125e-06,-1.9073486328125e-06
gemma4:12b,state_101,M12_Hex_Nut,hex_nut,Waterproof_Male,Waterproof_Male,False,False,False,B,../vlm_four_scene_20260925/raw/gemma4-12b/state_101/M12_Hex_Nut/Waterproof_Male.json,0.0014990567573804454,0.0014990567573804454,0.0014990567573804454,0.00010466165377533497,0.00010466165377533497,0.00010466165377533497,B,gemma4-12b/responses/state_101/M12_Hex_Nut/Waterproof_Male.json,3.393775962016392e-07,3.393775962016392e-07,3.393775962016392e-07,0.00035762243745789737,0.00035762243745789737,0.00035762243745789737,-0.0014987173797842437,-0.0014987173797842437
gemma4:12b,state_101,M16_Hex_Nut,hex_nut,Waterproof_Male,Waterproof_Male,False,False,False,B,../vlm_four_scene_20260925/raw/gemma4-12b/state_101/M16_Hex_Nut/Waterproof_Male.json,0.0002381691799068741,0.0002381691799068741,0.0002381691799068741,9.733843411906131e-06,9.733843411906131e-06,9.733843411906131e-06,B,gemma4-12b/responses/state_101/M16_Hex_Nut/Waterproof_Male.json,4.119707755858777e-07,4.119707755858777e-07,4.119707755858777e-07,0.00035980689085881554,0.00035980689085881554,0.00035980689085881554,-0.00023775720913128822,-0.00023775720913128822
gemma4:12b,state_101,RGOCG16-50_16mm,round_pin,Waterproof_Male,Waterproof_Male,False,False,False,A,../vlm_four_scene_20260925/raw/gemma4-12b/state_101/RGOCG16-50_16mm/Waterproof_Male.json,0.9998582601599431,0.9998582601599431,0.9998582601599431,5.998474056307094e-07,5.998474056307094e-07,5.998474056307094e-07,B,gemma4-12b/responses/state_101/RGOCG16-50_16mm/Waterproof_Male.json,6.476965110732321e-07,6.476965110732321e-07,6.476965110732321e-07,0.0005159481608405324,0.0005159481608405324,0.0005159481608405324,-0.999857612463432,-0.999857612463432
gemma4:12b,state_101,RGOCG12-50_12mm,round_pin,Waterproof_Male,Waterproof_Male,False,False,False,A,../vlm_four_scene_20260925/raw/gemma4-12b/state_101/RGOCG12-50_12mm/Waterproof_Male.json,0.9997084736928655,0.9997084736928655,0.9997084736928655,1.9988545853690166e-06,1.9988545853690166e-06,1.9988545853690166e-06,B,gemma4-12b/responses/state_101/RGOCG12-50_12mm/Waterproof_Male.json,7.038675993174398e-07,7.038675993174398e-07,7.038675993174398e-07,0.0007360679656192899,0.0007360679656192899,0.0007360679656192899,-0.9997077698252662,-0.9997077698252662
gemma4:12b,state_101,RGOCG8-50_8mm,round_pin,Waterproof_Male,Waterproof_Male,False,False,False,A,../vlm_four_scene_20260925/raw/gemma4-12b/state_101/RGOCG8-50_8mm/Waterproof_Male.json,0.9998549222983697,0.9998549222983697,0.9998549222983697,2.829263491202129e-07,2.829263491202129e-07,2.829263491202129e-07,B,gemma4-12b/responses/state_101/RGOCG8-50_8mm/Waterproof_Male.json,7.038675993174398e-07,7.038675993174398e-07,7.038675993174398e-07,0.0007360679656192899,0.0007360679656192899,0.0007360679656192899,-0.9998542184307704,-0.9998542184307704
gemma4:12b,state_101,USB_Male,USB_Male,Waterproof_Male,Waterproof_Male,False,False,False,B,../vlm_four_scene_20260925/raw/gemma4-12b/state_101/USB_Male/Waterproof_Male.json,0.0019738508501171677,0.0019738508501171677,0.0019738508501171677,1.377972511624499e-05,1.377972511624499e-05,1.377972511624499e-05,B,gemma4-12b/responses/state_101/USB_Male/Waterproof_Male.json,0.004208041416490851,0.004208041416490851,0.004208041416490851,0.0011228728063941275,0.0011228728063941275,0.0011228728063941275,0.0022341905663736837,0.0022341905663736837
gemma4:12b,state_101,DSUB_Male,DSUB_Male,Waterproof_Male,Waterproof_Male,False,False,False,A,../vlm_four_scene_20260925/raw/gemma4-12b/state_101/DSUB_Male/Waterproof_Male.json,0.9975359439988996,0.9975359439988996,0.9975359439988996,8.437985368044597e-08,8.437985368044597e-08,8.437985368044597e-08,A,gemma4-12b/responses/state_101/DSUB_Male/Waterproof_Male.json,0.9994627833342147,0.9994627833342147,0.9994627833342147,0.00018946897866798968,0.00018946897866798968,0.00018946897866798968,0.0019268393353151225,0.0019268393353151225
gemma4:12b,state_101,Gear_Large,gear,M12_Hex_Nut,hex_nut,False,False,False,A,../vlm_four_scene_20260925/raw/gemma4-12b/state_101/Gear_Large/M12_Hex_Nut.json,0.9999477863301158,0.9999477863301158,0.9999477863301158,7.922536576636731e-08,7.922536576636731e-08,7.922536576636731e-08,B,gemma4-12b/responses/state_101/Gear_Large/M12_Hex_Nut.json,0.048684194198514816,0.048684194198514816,0.048684194198514816,0.009925642637456284,0.009925642637456284,0.009925642637456284,-0.951263592131601,-0.951263592131601
gemma4:12b,state_101,Gear_Medium,gear,M12_Hex_Nut,hex_nut,False,False,False,A,../vlm_four_scene_20260925/raw/gemma4-12b/state_101/Gear_Medium/M12_Hex_Nut.json,0.9999588727968405,0.9999588727968405,0.9999588727968405,1.577641425135852e-07,1.577641425135852e-07,1.577641425135852e-07,B,gemma4-12b/responses/state_101/Gear_Medium/M12_Hex_Nut.json,0.03708845410936455,0.03708845410936455,0.03708845410936455,0.008183413290796769,0.008183413290796769,0.008183413290796769,-0.9628704186874759,-0.9628704186874759
gemma4:12b,state_101,Gear_Small,gear,M12_Hex_Nut,hex_nut,False,False,False,A,../vlm_four_scene_20260925/raw/gemma4-12b/state_101/Gear_Small/M12_Hex_Nut.json,0.9999599456769135,0.9999599456769135,0.9999599456769135,7.555311858872026e-08,7.555311858872026e-08,7.555311858872026e-08,B,gemma4-12b/responses/state_101/Gear_Small/M12_Hex_Nut.json,0.03708845410936455,0.03708845410936455,0.03708845410936455,0.008183413290796769,0.008183413290796769,0.008183413290796769,-0.9628714915675489,-0.9628714915675489
gemma4:12b,state_101,Waterproof_Male,Waterproof_Male,M12_Hex_Nut,hex_nut,False,False,False,A,../vlm_four_scene_20260925/raw/gemma4-12b/state_101/Waterproof_Male/M12_Hex_Nut.json,0.9999319314986775,0.9999319314986775,0.9999319314986775,1.0220250365590903e-07,1.0220250365590903e-07,1.0220250365590903e-07,A,gemma4-12b/responses/state_101/Waterproof_Male/M12_Hex_Nut.json,0.9938144685794265,0.9938144685794265,0.9938144685794265,0.004944385435436221,0.004944385435436221,0.004944385435436221,-0.006117462919251082,-0.006117462919251082
gemma4:12b,state_101,M12_Hex_Nut,hex_nut,M12_Hex_Nut,hex_nut,True,True,False,A,../vlm_four_scene_20260925/raw/gemma4-12b/state_101/M12_Hex_Nut/M12_Hex_Nut.json,0.9980440139182436,0.9980440139182436,0.9980440139182436,4.4423670273231924e-07,4.4423670273231924e-07,4.4423670273231924e-07,A,gemma4-12b/responses/state_101/M12_Hex_Nut/M12_Hex_Nut.json,0.9999665021904517,0.9999665021904517,0.9999665021904517,2.1213326207231185e-06,2.1213326207231185e-06,2.1213326207231185e-06,0.0019224882722080894,0.0019224882722080894
gemma4:12b,state_101,M16_Hex_Nut,hex_nut,M12_Hex_Nut,hex_nut,True,False,False,A,../vlm_four_scene_20260925/raw/gemma4-12b/state_101/M16_Hex_Nut/M12_Hex_Nut.json,0.9994149207855803,0.9994149207855803,0.9994149207855803,1.571150618211552e-07,1.571150618211552e-07,1.571150618211552e-07,A,gemma4-12b/responses/state_101/M16_Hex_Nut/M12_Hex_Nut.json,0.999966859817318,0.999966859817318,0.999966859817318,2.204423705615014e-06,2.204423705615014e-06,2.204423705615014e-06,0.0005519390317377804,0.0005519390317377804
gemma4:12b,state_101,RGOCG16-50_16mm,round_pin,M12_Hex_Nut,hex_nut,False,False,False,B,../vlm_four_scene_20260925/raw/gemma4-12b/state_101/RGOCG16-50_16mm/M12_Hex_Nut.json,0.0012700387748557692,0.0012700387748557692,0.0012700387748557692,1.7158011524902188e-05,1.7158011524902188e-05,1.7158011524902188e-05,B,gemma4-12b/responses/state_101/RGOCG16-50_16mm/M12_Hex_Nut.json,1.7105247463816364e-06,1.7105247463816364e-06,1.7105247463816364e-06,0.000263177088876256,0.000263177088876256,0.000263177088876256,-0.0012683282501093876,-0.0012683282501093876
gemma4:12b,state_101,RGOCG12-50_12mm,round_pin,M12_Hex_Nut,hex_nut,False,False,False,B,../vlm_four_scene_20260925/raw/gemma4-12b/state_101/RGOCG12-50_12mm/M12_Hex_Nut.json,0.0004666055507249522,0.0004666055507249522,0.0004666055507249522,7.132177472465351e-06,7.132177472465351e-06,7.132177472465351e-06,B,gemma4-12b/responses/state_101/RGOCG12-50_12mm/M12_Hex_Nut.json,1.8754110402310732e-06,1.8754110402310732e-06,1.8754110402310732e-06,0.00022036377256932351,0.00022036377256932351,0.00022036377256932351,-0.00046473013968472115,-0.00046473013968472115
gemma4:12b,state_101,RGOCG8-50_8mm,round_pin,M12_Hex_Nut,hex_nut,False,False,False,B,../vlm_four_scene_20260925/raw/gemma4-12b/state_101/RGOCG8-50_8mm/M12_Hex_Nut.json,0.0002529636616302052,0.0002529636616302052,0.0002529636616302052,3.118513875113713e-06,3.118513875113713e-06,3.118513875113713e-06,B,gemma4-12b/responses/state_101/RGOCG8-50_8mm/M12_Hex_Nut.json,1.8754110402310732e-06,1.8754110402310732e-06,1.8754110402310732e-06,0.00022036377256932351,0.00022036377256932351,0.00022036377256932351,-0.0002510882505899741,-0.0002510882505899741
gemma4:12b,state_101,USB_Male,USB_Male,M12_Hex_Nut,hex_nut,False,False,False,B,../vlm_four_scene_20260925/raw/gemma4-12b/state_101/USB_Male/M12_Hex_Nut.json,1.2326047959450734e-05,1.2326047959450734e-05,1.2326047959450734e-05,4.4722436445769255e-08,4.4722436445769255e-08,4.4722436445769255e-08,B,gemma4-12b/responses/state_101/USB_Male/M12_Hex_Nut.json,7.861677600574876e-08,7.861677600574876e-08,7.861677600574876e-08,5.1997841116308436e-05,5.1997841116308436e-05,5.1997841116308436e-05,-1.2247431183444985e-05,-1.2247431183444985e-05
gemma4:12b,state_101,DSUB_Male,DSUB_Male,M12_Hex_Nut,hex_nut,False,False,False,B,../vlm_four_scene_20260925/raw/gemma4-12b/state_101/DSUB_Male/M12_Hex_Nut.json,0.0004423037904739642,0.0004423037904739642,0.0004423037904739642,7.099772837373036e-06,7.099772837373036e-06,7.099772837373036e-06,B,gemma4-12b/responses/state_101/DSUB_Male/M12_Hex_Nut.json,0.00013152612641989072,0.00013152612641989072,0.00013152612641989072,0.15859714247316803,0.15859714247316803,0.15859714247316803,-0.0003107776640540735,-0.0003107776640540735
gemma4:12b,state_101,Gear_Large,gear,M16_Hex_Nut,hex_nut,False,False,False,A,../vlm_four_scene_20260925/raw/gemma4-12b/state_101/Gear_Large/M16_Hex_Nut.json,0.9999431371703736,0.9999431371703736,0.9999431371703736,5.2770438389756833e-08,5.2770438389756833e-08,5.2770438389756833e-08,A,gemma4-12b/responses/state_101/Gear_Large/M16_Hex_Nut.json,0.7357308173055594,0.7357308173055594,0.7357308173055594,0.13793578270741724,0.13793578270741724,0.13793578270741724,-0.2642123198648142,-0.2642123198648142
gemma4:12b,state_101,Gear_Medium,gear,M16_Hex_Nut,hex_nut,False,False,False,A,../vlm_four_scene_20260925/raw/gemma4-12b/state_101/Gear_Medium/M16_Hex_Nut.json,0.9999022483802652,0.9999022483802652,0.9999022483802652,5.949628342767934e-08,5.949628342767934e-08,5.949628342767934e-08,A,gemma4-12b/responses/state_101/Gear_Medium/M16_Hex_Nut.json,0.7894747236641236,0.7894747236641236,0.7894747236641236,0.12341161075274937,0.12341161075274937,0.12341161075274937,-0.21042752471614157,-0.21042752471614157
gemma4:12b,state_101,Gear_Small,gear,M16_Hex_Nut,hex_nut,False,False,False,A,../vlm_four_scene_20260925/raw/gemma4-12b/state_101/Gear_Small/M16_Hex_Nut.json,0.9999231100103877,0.9999231100103877,0.9999231100103877,1.0157673396198319e-07,1.0157673396198319e-07,1.0157673396198319e-07,A,gemma4-12b/responses/state_101/Gear_Small/M16_Hex_Nut.json,0.7894747236641236,0.7894747236641236,0.7894747236641236,0.12341161075274937,0.12341161075274937,0.12341161075274937,-0.21044838634626406,-0.21044838634626406
gemma4:12b,state_101,Waterproof_Male,Waterproof_Male,M16_Hex_Nut,hex_nut,False,False,False,A,../vlm_four_scene_20260925/raw/gemma4-12b/state_101/Waterproof_Male/M16_Hex_Nut.json,0.8297400453652308,0.8297400453652308,0.8297400453652308,7.414138028298352e-05,7.414138028298352e-05,7.414138028298352e-05,C,gemma4-12b/responses/state_101/Waterproof_Male/M16_Hex_Nut.json,0.42615315701035733,0.42615315701035733,0.42615315701035733,0.5317458384312455,0.5317458384312455,0.5317458384312455,-0.4035868883548735,-0.4035868883548735
gemma4:12b,state_101,M12_Hex_Nut,hex_nut,M16_Hex_Nut,hex_nut,True,False,False,A,../vlm_four_scene_20260925/raw/gemma4-12b/state_101/M12_Hex_Nut/M16_Hex_Nut.json,0.936298789057975,0.936298789057975,0.936298789057975,1.835911140188542e-06,1.835911140188542e-06,1.835911140188542e-06,A,gemma4-12b/responses/state_101/M12_Hex_Nut/M16_Hex_Nut.json,0.9891000385474381,0.9891000385474381,0.9891000385474381,0.0006754368634842335,0.0006754368634842335,0.0006754368634842335,0.052801249489463076,0.052801249489463076
gemma4:12b,state_101,M16_Hex_Nut,hex_nut,M16_Hex_Nut,hex_nut,True,True,False,A,../vlm_four_scene_20260925/raw/gemma4-12b/state_101/M16_Hex_Nut/M16_Hex_Nut.json,0.9050453301833206,0.9050453301833206,0.9050453301833206,4.654604123432906e-06,4.654604123432906e-06,4.654604123432906e-06,A,gemma4-12b/responses/state_101/M16_Hex_Nut/M16_Hex_Nut.json,0.9889896515517391,0.9889896515517391,0.9889896515517391,0.0006628425584215615,0.0006628425584215615,0.0006628425584215615,0.08394432136841856,0.08394432136841856
gemma4:12b,state_101,RGOCG16-50_16mm,round_pin,M16_Hex_Nut,hex_nut,False,False,False,B,../vlm_four_scene_20260925/raw/gemma4-12b/state_101/RGOCG16-50_16mm/M16_Hex_Nut.json,0.001929044426408151,0.001929044426408151,0.001929044426408151,0.00022448772498159165,0.00022448772498159165,0.00022448772498159165,B,gemma4-12b/responses/state_101/RGOCG16-50_16mm/M16_Hex_Nut.json,2.590145052505708e-05,2.590145052505708e-05,2.590145052505708e-05,0.05416766636111807,0.05416766636111807,0.05416766636111807,-0.001903142975883094,-0.001903142975883094
gemma4:12b,state_101,RGOCG12-50_12mm,round_pin,M16_Hex_Nut,hex_nut,False,False,False,B,../vlm_four_scene_20260925/raw/gemma4-12b/state_101/RGOCG12-50_12mm/M16_Hex_Nut.json,0.0004720562260375184,0.0004720562260375184,0.0004720562260375184,4.602283149816972e-05,4.602283149816972e-05,4.602283149816972e-05,B,gemma4-12b/responses/state_101/RGOCG12-50_12mm/M16_Hex_Nut.json,1.7285773831802318e-05,1.7285773831802318e-05,1.7285773831802318e-05,0.0321708849375923,0.0321708849375923,0.0321708849375923,-0.0004547704522057161,-0.0004547704522057161
gemma4:12b,state_101,RGOCG8-50_8mm,round_pin,M16_Hex_Nut,hex_nut,False,False,False,B,../vlm_four_scene_20260925/raw/gemma4-12b/state_101/RGOCG8-50_8mm/M16_Hex_Nut.json,0.0003973599660656489,0.0003973599660656489,0.0003973599660656489,8.126282653600564e-05,8.126282653600564e-05,8.126282653600564e-05,B,gemma4-12b/responses/state_101/RGOCG8-50_8mm/M16_Hex_Nut.json,1.7285773831802318e-05,1.7285773831802318e-05,1.7285773831802318e-05,0.0321708849375923,0.0321708849375923,0.0321708849375923,-0.00038007419223384656,-0.00038007419223384656
gemma4:12b,state_101,USB_Male,USB_Male,M16_Hex_Nut,hex_nut,False,False,False,B,../vlm_four_scene_20260925/raw/gemma4-12b/state_101/USB_Male/M16_Hex_Nut.json,9.17657999518294e-06,9.17657999518294e-06,9.17657999518294e-06,1.0958560309183782e-07,1.0958560309183782e-07,1.0958560309183782e-07,B,gemma4-12b/responses/state_101/USB_Male/M16_Hex_Nut.json,7.716500538568467e-07,7.716500538568467e-07,7.716500538568467e-07,0.002949158822102344,0.002949158822102344,0.002949158822102344,-8.404929941326094e-06,-8.404929941326094e-06
gemma4:12b,state_101,DSUB_Male,DSUB_Male,M16_Hex_Nut,hex_nut,False,False,False,B,../vlm_four_scene_20260925/raw/gemma4-12b/state_101/DSUB_Male/M16_Hex_Nut.json,6.795036177392517e-05,6.795036177392517e-05,6.795036177392517e-05,2.407095028116182e-06,2.407095028116182e-06,2.407095028116182e-06,A,gemma4-12b/responses/state_101/DSUB_Male/M16_Hex_Nut.json,0.7623707598322167,0.7623707598322167,0.7623707598322167,0.0847292717568295,0.0847292717568295,0.0847292717568295,0.7623028094704428,0.7623028094704428
gemma4:12b,state_101,Gear_Large,gear,RGOCG16-50_16mm,round_pin,False,False,False,B,../vlm_four_scene_20260925/raw/gemma4-12b/state_101/Gear_Large/RGOCG16-50_16mm.json,1.1526640812408141e-05,1.1526640812408141e-05,1.1526640812408141e-05,9.293489520150324e-07,9.293489520150324e-07,9.293489520150324e-07,B,gemma4-12b/responses/state_101/Gear_Large/RGOCG16-50_16mm.json,1.0750518992497746e-05,1.0750518992497746e-05,1.0750518992497746e-05,0.36219231950159025,0.36219231950159025,0.36219231950159025,-7.76121819910395e-07,-7.76121819910395e-07
gemma4:12b,state_101,Gear_Medium,gear,RGOCG16-50_16mm,round_pin,False,False,False,B,../vlm_four_scene_20260925/raw/gemma4-12b/state_101/Gear_Medium/RGOCG16-50_16mm.json,1.1337876593037197e-05,1.1337876593037197e-05,1.1337876593037197e-05,8.145648741721106e-07,8.145648741721106e-07,8.145648741721106e-07,B,gemma4-12b/responses/state_101/Gear_Medium/RGOCG16-50_16mm.json,6.539188971994437e-06,6.539188971994437e-06,6.539188971994437e-06,0.46049890293588946,0.46049890293588946,0.46049890293588946,-4.79868762104276e-06,-4.79868762104276e-06
gemma4:12b,state_101,Gear_Small,gear,RGOCG16-50_16mm,round_pin,False,False,False,B,../vlm_four_scene_20260925/raw/gemma4-12b/state_101/Gear_Small/RGOCG16-50_16mm.json,1.8691144384085503e-05,1.8691144384085503e-05,1.8691144384085503e-05,8.449762718373082e-07,8.449762718373082e-07,8.449762718373082e-07,B,gemma4-12b/responses/state_101/Gear_Small/RGOCG16-50_16mm.json,6.539188971994437e-06,6.539188971994437e-06,6.539188971994437e-06,0.46049890293588946,0.46049890293588946,0.46049890293588946,-1.2151955412091065e-05,-1.2151955412091065e-05
gemma4:12b,state_101,Waterproof_Male,Waterproof_Male,RGOCG16-50_16mm,round_pin,False,False,False,B,../vlm_four_scene_20260925/raw/gemma4-12b/state_101/Waterproof_Male/RGOCG16-50_16mm.json,0.0008850657910127436,0.0008850657910127436,0.0008850657910127436,6.860233730361796e-05,6.860233730361796e-05,6.860233730361796e-05,C,gemma4-12b/responses/state_101/Waterproof_Male/RGOCG16-50_16mm.json,1.2405336472787293e-06,1.2405336472787293e-06,1.2405336472787293e-06,0.9882847071625318,0.9882847071625318,0.9882847071625318,-0.0008838252573654649,-0.0008838252573654649
gemma4:12b,state_101,M12_Hex_Nut,hex_nut,RGOCG16-50_16mm,round_pin,False,False,False,B,../vlm_four_scene_20260925/raw/gemma4-12b/state_101/M12_Hex_Nut/RGOCG16-50_16mm.json,1.5085146633677758e-05,1.5085146633677758e-05,1.5085146633677758e-05,8.968480845066813e-07,8.968480845066813e-07,8.968480845066813e-07,B,gemma4-12b/responses/state_101/M12_Hex_Nut/RGOCG16-50_16mm.json,8.278754518728592e-07,8.278754518728592e-07,8.278754518728592e-07,6.718446812871891e-05,6.718446812871891e-05,6.718446812871891e-05,-1.42572711818049e-05,-1.42572711818049e-05
gemma4:12b,state_101,M16_Hex_Nut,hex_nut,RGOCG16-50_16mm,round_pin,False,False,False,B,../vlm_four_scene_20260925/raw/gemma4-12b/state_101/M16_Hex_Nut/RGOCG16-50_16mm.json,9.96732656129501e-06,9.96732656129501e-06,9.96732656129501e-06,4.042738724965533e-07,4.042738724965533e-07,4.042738724965533e-07,B,gemma4-12b/responses/state_101/M16_Hex_Nut/RGOCG16-50_16mm.json,8.985029061324426e-07,8.985029061324426e-07,8.985029061324426e-07,7.451408995051798e-05,7.451408995051798e-05,7.451408995051798e-05,-9.068823655162568e-06,-9.068823655162568e-06
gemma4:12b,state_101,RGOCG16-50_16mm,round_pin,RGOCG16-50_16mm,round_pin,True,True,False,A,../vlm_four_scene_20260925/raw/gemma4-12b/state_101/RGOCG16-50_16mm/RGOCG16-50_16mm.json,0.9999946355818068,0.9999946355818068,0.9999946355818068,5.02391682241405e-08,5.02391682241405e-08,5.02391682241405e-08,A,gemma4-12b/responses/state_101/RGOCG16-50_16mm/RGOCG16-50_16mm.json,0.9999959468841837,0.9999959468841837,0.9999959468841837,3.905664614153482e-07,3.905664614153482e-07,3.905664614153482e-07,1.3113023769051324e-06,1.3113023769051324e-06
gemma4:12b,state_101,RGOCG12-50_12mm,round_pin,RGOCG16-50_16mm,round_pin,True,False,False,A,../vlm_four_scene_20260925/raw/gemma4-12b/state_101/RGOCG12-50_12mm/RGOCG16-50_16mm.json,0.9999967813491324,0.9999967813491324,0.9999967813491324,4.768994283362836e-08,4.768994283362836e-08,4.768994283362836e-08,A,gemma4-12b/responses/state_101/RGOCG12-50_12mm/RGOCG16-50_16mm.json,0.9999955892564643,0.9999955892564643,0.9999955892564643,4.001282971262811e-07,4.001282971262811e-07,4.001282971262811e-07,-1.192092668134137e-06,-1.192092668134137e-06
gemma4:12b,state_101,RGOCG8-50_8mm,round_pin,RGOCG16-50_16mm,round_pin,True,False,False,A,../vlm_four_scene_20260925/raw/gemma4-12b/state_101/RGOCG8-50_8mm/RGOCG16-50_16mm.json,0.9999970197676546,0.9999970197676546,0.9999970197676546,2.432082565461669e-08,2.432082565461669e-08,2.432082565461669e-08,A,gemma4-12b/responses/state_101/RGOCG8-50_8mm/RGOCG16-50_16mm.json,0.9999955892564643,0.9999955892564643,0.9999955892564643,4.001282971262811e-07,4.001282971262811e-07,4.001282971262811e-07,-1.4305111903922807e-06,-1.4305111903922807e-06
gemma4:12b,state_101,USB_Male,USB_Male,RGOCG16-50_16mm,round_pin,False,False,False,B,../vlm_four_scene_20260925/raw/gemma4-12b/state_101/USB_Male/RGOCG16-50_16mm.json,6.691038152527418e-06,6.691038152527418e-06,6.691038152527418e-06,4.190128378037652e-08,4.190128378037652e-08,4.190128378037652e-08,B,gemma4-12b/responses/state_101/USB_Male/RGOCG16-50_16mm.json,2.6469083398805173e-06,2.6469083398805173e-06,2.6469083398805173e-06,0.04078599978423825,0.04078599978423825,0.04078599978423825,-4.044129812646901e-06,-4.044129812646901e-06
gemma4:12b,state_101,DSUB_Male,DSUB_Male,RGOCG16-50_16mm,round_pin,False,False,False,B,../vlm_four_scene_20260925/raw/gemma4-12b/state_101/DSUB_Male/RGOCG16-50_16mm.json,4.636970483839964e-06,4.636970483839964e-06,4.636970483839964e-06,5.646473336508467e-08,5.646473336508467e-08,5.646473336508467e-08,C,gemma4-12b/responses/state_101/DSUB_Male/RGOCG16-50_16mm.json,4.359577587583943e-07,4.359577587583943e-07,4.359577587583943e-07,0.9985204339568313,0.9985204339568313,0.9985204339568313,-4.20101272508157e-06,-4.20101272508157e-06
gemma4:12b,state_101,Gear_Large,gear,RGOCG12-50_12mm,round_pin,False,False,False,B,../vlm_four_scene_20260925/raw/gemma4-12b/state_101/Gear_Large/RGOCG12-50_12mm.json,5.0109236846707215e-05,5.0109236846707215e-05,5.0109236846707215e-05,9.847493426620752e-06,9.847493426620752e-06,9.847493426620752e-06,C,gemma4-12b/responses/state_101/Gear_Large/RGOCG12-50_12mm.json,4.113279400790466e-06,4.113279400790466e-06,4.113279400790466e-06,0.9544535289355224,0.9544535289355224,0.9544535289355224,-4.599595744591675e-05,-4.599595744591675e-05
gemma4:12b,state_101,Gear_Medium,gear,RGOCG12-50_12mm,round_pin,False,False,False,B,../vlm_four_scene_20260925/raw/gemma4-12b/state_101/Gear_Medium/RGOCG12-50_12mm.json,0.00011075251162038236,0.00011075251162038236,0.00011075251162038236,2.0278657458048908e-05,2.0278657458048908e-05,2.0278657458048908e-05,C,gemma4-12b/responses/state_101/Gear_Medium/RGOCG12-50_12mm.json,5.331585400116737e-06,5.331585400116737e-06,5.331585400116737e-06,0.9269494427166991,0.9269494427166991,0.9269494427166991,-0.00010542092622026562,-0.00010542092622026562
gemma4:12b,state_101,Gear_Small,gear,RGOCG12-50_12mm,round_pin,False,False,False,B,../vlm_four_scene_20260925/raw/gemma4-12b/state_101/Gear_Small/RGOCG12-50_12mm.json,8.837323022808137e-05,8.837323022808137e-05,8.837323022808137e-05,9.371914864959064e-06,9.371914864959064e-06,9.371914864959064e-06,C,gemma4-12b/responses/state_101/Gear_Small/RGOCG12-50_12mm.json,5.331585400116737e-06,5.331585400116737e-06,5.331585400116737e-06,0.9269494427166991,0.9269494427166991,0.9269494427166991,-8.304164482796463e-05,-8.304164482796463e-05
gemma4:12b,state_101,Waterproof_Male,Waterproof_Male,RGOCG12-50_12mm,round_pin,False,False,False,B,../vlm_four_scene_20260925/raw/gemma4-12b/state_101/Waterproof_Male/RGOCG12-50_12mm.json,0.0009142399899165673,0.0009142399899165673,0.0009142399899165673,0.00010703496885015729,0.00010703496885015729,0.00010703496885015729,C,gemma4-12b/responses/state_101/Waterproof_Male/RGOCG12-50_12mm.json,3.264497094970241e-07,3.264497094970241e-07,3.264497094970241e-07,0.999385476125694,0.999385476125694,0.999385476125694,-0.0009139135402070703,-0.0009139135402070703
gemma4:12b,state_101,M12_Hex_Nut,hex_nut,RGOCG12-50_12mm,round_pin,False,False,False,B,../vlm_four_scene_20260925/raw/gemma4-12b/state_101/M12_Hex_Nut/RGOCG12-50_12mm.json,4.109685921856493e-05,4.109685921856493e-05,4.109685921856493e-05,1.9800903405296654e-06,1.9800903405296654e-06,1.9800903405296654e-06,B,gemma4-12b/responses/state_101/M12_Hex_Nut/RGOCG12-50_12mm.json,1.716083385258699e-06,1.716083385258699e-06,1.716083385258699e-06,0.00019078608000343186,0.00019078608000343186,0.00019078608000343186,-3.938077583330623e-05,-3.938077583330623e-05
gemma4:12b,state_101,M16_Hex_Nut,hex_nut,RGOCG12-50_12mm,round_pin,False,False,False,B,../vlm_four_scene_20260925/raw/gemma4-12b/state_101/M16_Hex_Nut/RGOCG12-50_12mm.json,6.6470075077845425e-06,6.6470075077845425e-06,6.6470075077845425e-06,5.13526546710384e-07,5.13526546710384e-07,5.13526546710384e-07,B,gemma4-12b/responses/state_101/M16_Hex_Nut/RGOCG12-50_12mm.json,1.108630400832268e-06,1.108630400832268e-06,1.108630400832268e-06,0.00014092256066957913,0.00014092256066957913,0.00014092256066957913,-5.538377106952275e-06,-5.538377106952275e-06
gemma4:12b,state_101,RGOCG16-50_16mm,round_pin,RGOCG12-50_12mm,round_pin,True,False,False,A,../vlm_four_scene_20260925/raw/gemma4-12b/state_101/RGOCG16-50_16mm/RGOCG12-50_12mm.json,0.9999958276749297,0.9999958276749297,0.9999958276749297,2.3574216132866027e-08,2.3574216132866027e-08,2.3574216132866027e-08,A,gemma4-12b/responses/state_101/RGOCG16-50_16mm/RGOCG12-50_12mm.json,0.9999978542328165,0.9999978542328165,0.9999978542328165,2.54200983361853e-07,2.54200983361853e-07,2.54200983361853e-07,2.0265578868361445e-06,2.0265578868361445e-06
gemma4:12b,state_101,RGOCG12-50_12mm,round_pin,RGOCG12-50_12mm,round_pin,True,True,False,A,../vlm_four_scene_20260925/raw/gemma4-12b/state_101/RGOCG12-50_12mm/RGOCG12-50_12mm.json,0.9999970197676546,0.9999970197676546,0.9999970197676546,2.432555772085571e-08,2.432555772085571e-08,2.432555772085571e-08,A,gemma4-12b/responses/state_101/RGOCG12-50_12mm/RGOCG12-50_12mm.json,0.9999971389770508,0.9999971389770508,0.9999971389770508,3.5188429701192296e-07,3.5188429701192296e-07,3.5188429701192296e-07,1.1920939613219161e-07,1.1920939613219161e-07
gemma4:12b,state_101,RGOCG8-50_8mm,round_pin,RGOCG12-50_12mm,round_pin,True,False,False,A,../vlm_four_scene_20260925/raw/gemma4-12b/state_101/RGOCG8-50_8mm/RGOCG12-50_12mm.json,0.9999957084656899,0.9999957084656899,0.9999957084656899,2.606811220171741e-08,2.606811220171741e-08,2.606811220171741e-08,A,gemma4-12b/responses/state_101/RGOCG8-50_8mm/RGOCG12-50_12mm.json,0.9999971389770508,0.9999971389770508,0.9999971389770508,3.5188429701192296e-07,3.5188429701192296e-07,3.5188429701192296e-07,1.4305113609225373e-06,1.4305113609225373e-06
gemma4:12b,state_101,USB_Male,USB_Male,RGOCG12-50_12mm,round_pin,False,False,False,B,../vlm_four_scene_20260925/raw/gemma4-12b/state_101/USB_Male/RGOCG12-50_12mm.json,5.015264704534103e-05,5.015264704534103e-05,5.015264704534103e-05,5.18021320936554e-07,5.18021320936554e-07,5.18021320936554e-07,C,gemma4-12b/responses/state_101/USB_Male/RGOCG12-50_12mm.json,3.888670481435957e-06,3.888670481435957e-06,3.888670481435957e-06,0.9263336665067489,0.9263336665067489,0.9263336665067489,-4.6263976563905074e-05,-4.6263976563905074e-05
gemma4:12b,state_101,DSUB_Male,DSUB_Male,RGOCG12-50_12mm,round_pin,False,False,False,B,../vlm_four_scene_20260925/raw/gemma4-12b/state_101/DSUB_Male/RGOCG12-50_12mm.json,1.556539589383125e-05,1.556539589383125e-05,1.556539589383125e-05,2.8064536491485443e-07,2.8064536491485443e-07,2.8064536491485443e-07,C,gemma4-12b/responses/state_101/DSUB_Male/RGOCG12-50_12mm.json,1.8351067369922394e-07,1.8351067369922394e-07,1.8351067369922394e-07,0.9990955591155534,0.9990955591155534,0.9990955591155534,-1.5381885220132026e-05,-1.5381885220132026e-05
gemma4:12b,state_101,Gear_Large,gear,RGOCG8-50_8mm,round_pin,False,False,False,B,../vlm_four_scene_20260925/raw/gemma4-12b/state_101/Gear_Large/RGOCG8-50_8mm.json,1.6858060488881424e-05,1.6858060488881424e-05,1.6858060488881424e-05,1.511218065618262e-06,1.511218065618262e-06,1.511218065618262e-06,C,gemma4-12b/responses/state_101/Gear_Large/RGOCG8-50_8mm.json,8.09507579125247e-06,8.09507579125247e-06,8.09507579125247e-06,0.687858158052046,0.687858158052046,0.687858158052046,-8.762984697628955e-06,-8.762984697628955e-06
gemma4:12b,state_101,Gear_Medium,gear,RGOCG8-50_8mm,round_pin,False,False,False,B,../vlm_four_scene_20260925/raw/gemma4-12b/state_101/Gear_Medium/RGOCG8-50_8mm.json,3.780712570685443e-05,3.780712570685443e-05,3.780712570685443e-05,7.5307246970145155e-06,7.5307246970145155e-06,7.5307246970145155e-06,C,gemma4-12b/responses/state_101/Gear_Medium/RGOCG8-50_8mm.json,1.4895784047247212e-05,1.4895784047247212e-05,1.4895784047247212e-05,0.6552981798293214,0.6552981798293214,0.6552981798293214,-2.291134165960722e-05,-2.291134165960722e-05
gemma4:12b,state_101,Gear_Small,gear,RGOCG8-50_8mm,round_pin,False,False,False,B,../vlm_four_scene_20260925/raw/gemma4-12b/state_101/Gear_Small/RGOCG8-50_8mm.json,4.798948758385776e-05,4.798948758385776e-05,4.798948758385776e-05,5.545113758094546e-06,5.545113758094546e-06,5.545113758094546e-06,C,gemma4-12b/responses/state_101/Gear_Small/RGOCG8-50_8mm.json,1.4895784047247212e-05,1.4895784047247212e-05,1.4895784047247212e-05,0.6552981798293214,0.6552981798293214,0.6552981798293214,-3.309370353661055e-05,-3.309370353661055e-05
gemma4:12b,state_101,Waterproof_Male,Waterproof_Male,RGOCG8-50_8mm,round_pin,False,False,False,B,../vlm_four_scene_20260925/raw/gemma4-12b/state_101/Waterproof_Male/RGOCG8-50_8mm.json,0.0005831473852924242,0.0005831473852924242,0.0005831473852924242,6.229104190671629e-05,6.229104190671629e-05,6.229104190671629e-05,C,gemma4-12b/responses/state_101/Waterproof_Male/RGOCG8-50_8mm.json,1.641231651462592e-06,1.641231651462592e-06,1.641231651462592e-06,0.9802779552018331,0.9802779552018331,0.9802779552018331,-0.0005815061536409616,-0.0005815061536409616
gemma4:12b,state_101,M12_Hex_Nut,hex_nut,RGOCG8-50_8mm,round_pin,False,False,False,B,../vlm_four_scene_20260925/raw/gemma4-12b/state_101/M12_Hex_Nut/RGOCG8-50_8mm.json,1.543132383268595e-05,1.543132383268595e-05,1.543132383268595e-05,5.911877642440565e-07,5.911877642440565e-07,5.911877642440565e-07,B,gemma4-12b/responses/state_101/M12_Hex_Nut/RGOCG8-50_8mm.json,1.664837108934494e-06,1.664837108934494e-06,1.664837108934494e-06,9.967493229106609e-05,9.967493229106609e-05,9.967493229106609e-05,-1.3766486723751455e-05,-1.3766486723751455e-05
gemma4:12b,state_101,M16_Hex_Nut,hex_nut,RGOCG8-50_8mm,round_pin,False,False,False,B,../vlm_four_scene_20260925/raw/gemma4-12b/state_101/M16_Hex_Nut/RGOCG8-50_8mm.json,5.746232950914431e-06,5.746232950914431e-06,5.746232950914431e-06,4.0853836596129936e-07,4.0853836596129936e-07,4.0853836596129936e-07,B,gemma4-12b/responses/state_101/M16_Hex_Nut/RGOCG8-50_8mm.json,1.0997690585386967e-06,1.0997690585386967e-06,1.0997690585386967e-06,9.615034003421176e-05,9.615034003421176e-05,9.615034003421176e-05,-4.646463892375735e-06,-4.646463892375735e-06
gemma4:12b,state_101,RGOCG16-50_16mm,round_pin,RGOCG8-50_8mm,round_pin,True,False,False,A,../vlm_four_scene_20260925/raw/gemma4-12b/state_101/RGOCG16-50_16mm/RGOCG8-50_8mm.json,0.9999970197676546,0.9999970197676546,0.9999970197676546,3.564407159242572e-08,3.564407159242572e-08,3.564407159242572e-08,A,gemma4-12b/responses/state_101/RGOCG16-50_16mm/RGOCG8-50_8mm.json,0.9999953508376009,0.9999953508376009,0.9999953508376009,5.149698674424425e-07,5.149698674424425e-07,5.149698674424425e-07,-1.6689300537109375e-06,-1.6689300537109375e-06
gemma4:12b,state_101,RGOCG12-50_12mm,round_pin,RGOCG8-50_8mm,round_pin,True,False,False,A,../vlm_four_scene_20260925/raw/gemma4-12b/state_101/RGOCG12-50_12mm/RGOCG8-50_8mm.json,0.9999958276749297,0.9999958276749297,0.9999958276749297,3.8713567019351986e-08,3.8713567019351986e-08,3.8713567019351986e-08,A,gemma4-12b/responses/state_101/RGOCG12-50_12mm/RGOCG8-50_8mm.json,0.9999960660934519,0.9999960660934519,0.9999960660934519,4.0232310693298467e-07,4.0232310693298467e-07,4.0232310693298467e-07,2.3841852225814364e-07,2.3841852225814364e-07
gemma4:12b,state_101,RGOCG8-50_8mm,round_pin,RGOCG8-50_8mm,round_pin,True,True,False,A,../vlm_four_scene_20260925/raw/gemma4-12b/state_101/RGOCG8-50_8mm/RGOCG8-50_8mm.json,0.9999973773956583,0.9999973773956583,0.9999973773956583,2.647458522673975e-08,2.647458522673975e-08,2.647458522673975e-08,A,gemma4-12b/responses/state_101/RGOCG8-50_8mm/RGOCG8-50_8mm.json,0.9999960660934519,0.9999960660934519,0.9999960660934519,4.0232310693298467e-07,4.0232310693298467e-07,4.0232310693298467e-07,-1.3113022063748758e-06,-1.3113022063748758e-06
gemma4:12b,state_101,USB_Male,USB_Male,RGOCG8-50_8mm,round_pin,False,False,False,B,../vlm_four_scene_20260925/raw/gemma4-12b/state_101/USB_Male/RGOCG8-50_8mm.json,2.1312028264597675e-05,2.1312028264597675e-05,2.1312028264597675e-05,1.8136873131450168e-07,1.8136873131450168e-07,1.8136873131450168e-07,C,gemma4-12b/responses/state_101/USB_Male/RGOCG8-50_8mm.json,2.049472638992505e-06,2.049472638992505e-06,2.049472638992505e-06,0.9332094823189779,0.9332094823189779,0.9332094823189779,-1.926255562560517e-05,-1.926255562560517e-05
gemma4:12b,state_101,DSUB_Male,DSUB_Male,RGOCG8-50_8mm,round_pin,False,False,False,B,../vlm_four_scene_20260925/raw/gemma4-12b/state_101/DSUB_Male/RGOCG8-50_8mm.json,3.710857168142067e-06,3.710857168142067e-06,3.710857168142067e-06,8.856689673463414e-08,8.856689673463414e-08,8.856689673463414e-08,C,gemma4-12b/responses/state_101/DSUB_Male/RGOCG8-50_8mm.json,3.401958115839753e-07,3.401958115839753e-07,3.401958115839753e-07,0.9994230270194185,0.9994230270194185,0.9994230270194185,-3.3706613565580916e-06,-3.3706613565580916e-06
gemma4:12b,state_101,Gear_Large,gear,USB_Male,USB_Male,False,False,True,B,../vlm_four_scene_20260925/raw/gemma4-12b/state_101/Gear_Large/USB_Male.json,3.066955530073254e-06,3.066955530073254e-06,3.066955530073254e-06,1.738165063260316e-07,1.738165063260316e-07,1.738165063260316e-07,B,gemma4-12b/responses/state_101/Gear_Large/USB_Male.json,9.077141238551894e-07,9.077141238551894e-07,9.077141238551894e-07,0.09276881162567262,0.09276881162567262,0.09276881162567262,-2.1592414062180645e-06,-2.1592414062180645e-06
gemma4:12b,state_101,Gear_Medium,gear,USB_Male,USB_Male,False,False,True,B,../vlm_four_scene_20260925/raw/gemma4-12b/state_101/Gear_Medium/USB_Male.json,4.034071454530635e-06,4.034071454530635e-06,4.034071454530635e-06,1.3958672812153472e-06,1.3958672812153472e-06,1.3958672812153472e-06,B,gemma4-12b/responses/state_101/Gear_Medium/USB_Male.json,7.019651378494241e-07,7.019651378494241e-07,7.019651378494241e-07,0.02386834171708924,0.02386834171708924,0.02386834171708924,-3.332106316681211e-06,-3.332106316681211e-06
gemma4:12b,state_101,Gear_Small,gear,USB_Male,USB_Male,False,False,True,B,../vlm_four_scene_20260925/raw/gemma4-12b/state_101/Gear_Small/USB_Male.json,3.764197265045046e-06,3.764197265045046e-06,3.764197265045046e-06,3.353146643960622e-07,3.353146643960622e-07,3.353146643960622e-07,B,gemma4-12b/responses/state_101/Gear_Small/USB_Male.json,7.019651378494241e-07,7.019651378494241e-07,7.019651378494241e-07,0.02386834171708924,0.02386834171708924,0.02386834171708924,-3.062232127195622e-06,-3.062232127195622e-06
gemma4:12b,state_101,Waterproof_Male,Waterproof_Male,USB_Male,USB_Male,False,False,True,A,../vlm_four_scene_20260925/raw/gemma4-12b/state_101/Waterproof_Male/USB_Male.json,0.9998844861986051,0.9998844861986051,0.9998844861986051,5.70820695861798e-08,5.70820695861798e-08,5.70820695861798e-08,B,gemma4-12b/responses/state_101/Waterproof_Male/USB_Male.json,1.0706053864482823e-05,1.0706053864482823e-05,1.0706053864482823e-05,0.004388998570932468,0.004388998570932468,0.004388998570932468,-0.9998737801447407,-0.9998737801447407
gemma4:12b,state_101,M12_Hex_Nut,hex_nut,USB_Male,USB_Male,False,False,True,B,../vlm_four_scene_20260925/raw/gemma4-12b/state_101/M12_Hex_Nut/USB_Male.json,1.530719892628294e-06,1.530719892628294e-06,1.530719892628294e-06,2.2766749249982364e-07,2.2766749249982364e-07,2.2766749249982364e-07,B,gemma4-12b/responses/state_101/M12_Hex_Nut/USB_Male.json,2.6907688327650844e-06,2.6907688327650844e-06,2.6907688327650844e-06,0.0023751797245404284,0.0023751797245404284,0.0023751797245404284,1.1600489401367903e-06,1.1600489401367903e-06
gemma4:12b,state_101,M16_Hex_Nut,hex_nut,USB_Male,USB_Male,False,False,True,B,../vlm_four_scene_20260925/raw/gemma4-12b/state_101/M16_Hex_Nut/USB_Male.json,1.7080600231398764e-06,1.7080600231398764e-06,1.7080600231398764e-06,2.4058109141458275e-07,2.4058109141458275e-07,2.4058109141458275e-07,B,gemma4-12b/responses/state_101/M16_Hex_Nut/USB_Male.json,3.195860758265509e-06,3.195860758265509e-06,3.195860758265509e-06,0.0015303762931919004,0.0015303762931919004,0.0015303762931919004,1.4878007351256328e-06,1.4878007351256328e-06
gemma4:12b,state_101,RGOCG16-50_16mm,round_pin,USB_Male,USB_Male,False,False,True,B,../vlm_four_scene_20260925/raw/gemma4-12b/state_101/RGOCG16-50_16mm/USB_Male.json,0.4555086128511557,0.4555086128511557,0.4555086128511557,0.0007910382535662639,0.0007910382535662639,0.0007910382535662639,B,gemma4-12b/responses/state_101/RGOCG16-50_16mm/USB_Male.json,7.703445885722596e-06,7.703445885722596e-06,7.703445885722596e-06,0.00944840268098396,0.00944840268098396,0.00944840268098396,-0.45550090940526994,-0.45550090940526994
gemma4:12b,state_101,RGOCG12-50_12mm,round_pin,USB_Male,USB_Male,False,False,True,A,../vlm_four_scene_20260925/raw/gemma4-12b/state_101/RGOCG12-50_12mm/USB_Male.json,0.644101857542312,0.644101857542312,0.644101857542312,0.0008614164839110839,0.0008614164839110839,0.0008614164839110839,B,gemma4-12b/responses/state_101/RGOCG12-50_12mm/USB_Male.json,1.4194962561912169e-05,1.4194962561912169e-05,1.4194962561912169e-05,0.014462715887789789,0.014462715887789789,0.014462715887789789,-0.64408766257975,-0.64408766257975
gemma4:12b,state_101,RGOCG8-50_8mm,round_pin,USB_Male,USB_Male,False,False,True,A,../vlm_four_scene_20260925/raw/gemma4-12b/state_101/RGOCG8-50_8mm/USB_Male.json,0.8326192474822188,0.8326192474822188,0.8326192474822188,0.00112542057925174,0.00112542057925174,0.00112542057925174,B,gemma4-12b/responses/state_101/RGOCG8-50_8mm/USB_Male.json,1.4194962561912169e-05,1.4194962561912169e-05,1.4194962561912169e-05,0.014462715887789789,0.014462715887789789,0.014462715887789789,-0.8326050525196569,-0.8326050525196569
gemma4:12b,state_101,USB_Male,USB_Male,USB_Male,USB_Male,True,True,True,A,../vlm_four_scene_20260925/raw/gemma4-12b/state_101/USB_Male/USB_Male.json,0.9999954700467981,0.9999954700467981,0.9999954700467981,3.81685846227712e-08,3.81685846227712e-08,3.81685846227712e-08,A,gemma4-12b/responses/state_101/USB_Male/USB_Male.json,0.9999928474427408,0.9999928474427408,0.9999928474427408,3.902075622483828e-07,3.902075622483828e-07,3.902075622483828e-07,-2.6226040573673615e-06,-2.6226040573673615e-06
gemma4:12b,state_101,DSUB_Male,DSUB_Male,USB_Male,USB_Male,False,False,True,B,../vlm_four_scene_20260925/raw/gemma4-12b/state_101/DSUB_Male/USB_Male.json,0.010739453029638676,0.010739453029638676,0.010739453029638676,7.916363105823547e-05,7.916363105823547e-05,7.916363105823547e-05,A,gemma4-12b/responses/state_101/DSUB_Male/USB_Male.json,0.9999918937684245,0.9999918937684245,0.9999918937684245,5.509403928659281e-07,5.509403928659281e-07,5.509403928659281e-07,0.9892524407387858,0.9892524407387858
gemma4:12b,state_101,Gear_Large,gear,DSUB_Male,DSUB_Male,False,False,False,B,../vlm_four_scene_20260925/raw/gemma4-12b/state_101/Gear_Large/DSUB_Male.json,0.0010610336591551615,0.0010610336591551615,0.0010610336591551615,7.26601515542177e-05,7.26601515542177e-05,7.26601515542177e-05,C,gemma4-12b/responses/state_101/Gear_Large/DSUB_Male.json,1.196019255470947e-06,1.196019255470947e-06,1.196019255470947e-06,0.6339308091975795,0.6339308091975795,0.6339308091975795,-0.0010598376398996906,-0.0010598376398996906
gemma4:12b,state_101,Gear_Medium,gear,DSUB_Male,DSUB_Male,False,False,False,B,../vlm_four_scene_20260925/raw/gemma4-12b/state_101/Gear_Medium/DSUB_Male.json,0.000606453096506758,0.000606453096506758,0.000606453096506758,2.4906877385543862e-05,2.4906877385543862e-05,2.4906877385543862e-05,C,gemma4-12b/responses/state_101/Gear_Medium/DSUB_Male.json,9.543748481638693e-07,9.543748481638693e-07,9.543748481638693e-07,0.5611126492070139,0.5611126492070139,0.5611126492070139,-0.0006054987216585941,-0.0006054987216585941
gemma4:12b,state_101,Gear_Small,gear,DSUB_Male,DSUB_Male,False,False,False,B,../vlm_four_scene_20260925/raw/gemma4-12b/state_101/Gear_Small/DSUB_Male.json,0.0022329096929001127,0.0022329096929001127,0.0022329096929001127,8.969704582497079e-05,8.969704582497079e-05,8.969704582497079e-05,C,gemma4-12b/responses/state_101/Gear_Small/DSUB_Male.json,9.543748481638693e-07,9.543748481638693e-07,9.543748481638693e-07,0.5611126492070139,0.5611126492070139,0.5611126492070139,-0.002231955318051949,-0.002231955318051949
gemma4:12b,state_101,Waterproof_Male,Waterproof_Male,DSUB_Male,DSUB_Male,False,False,False,A,../vlm_four_scene_20260925/raw/gemma4-12b/state_101/Waterproof_Male/DSUB_Male.json,0.9999897480009,0.9999897480009,0.9999897480009,2.3557495364946848e-08,2.3557495364946848e-08,2.3557495364946848e-08,A,gemma4-12b/responses/state_101/Waterproof_Male/DSUB_Male.json,0.9050822225074083,0.9050822225074083,0.9050822225074083,0.021258612822502396,0.021258612822502396,0.021258612822502396,-0.09490752549349168,-0.09490752549349168
gemma4:12b,state_101,M12_Hex_Nut,hex_nut,DSUB_Male,DSUB_Male,False,False,False,B,../vlm_four_scene_20260925/raw/gemma4-12b/state_101/M12_Hex_Nut/DSUB_Male.json,0.003250728630098888,0.003250728630098888,0.003250728630098888,0.00017813890121483704,0.00017813890121483704,0.00017813890121483704,B,gemma4-12b/responses/state_101/M12_Hex_Nut/DSUB_Male.json,2.2954712207477447e-06,2.2954712207477447e-06,2.2954712207477447e-06,0.002843574732238143,0.002843574732238143,0.002843574732238143,-0.0032484331588781405,-0.0032484331588781405
gemma4:12b,state_101,M16_Hex_Nut,hex_nut,DSUB_Male,DSUB_Male,False,False,False,B,../vlm_four_scene_20260925/raw/gemma4-12b/state_101/M16_Hex_Nut/DSUB_Male.json,0.0002889762343900406,0.0002889762343900406,0.0002889762343900406,1.463278472671042e-05,1.463278472671042e-05,1.463278472671042e-05,B,gemma4-12b/responses/state_101/M16_Hex_Nut/DSUB_Male.json,2.0975203115316287e-06,2.0975203115316287e-06,2.0975203115316287e-06,0.00646679746027062,0.00646679746027062,0.00646679746027062,-0.000286878714078509,-0.000286878714078509
gemma4:12b,state_101,RGOCG16-50_16mm,round_pin,DSUB_Male,DSUB_Male,False,False,False,A,../vlm_four_scene_20260925/raw/gemma4-12b/state_101/RGOCG16-50_16mm/DSUB_Male.json,0.998941242685285,0.998941242685285,0.998941242685285,1.2973927987062296e-06,1.2973927987062296e-06,1.2973927987062296e-06,B,gemma4-12b/responses/state_101/RGOCG16-50_16mm/DSUB_Male.json,1.0698776545769406e-05,1.0698776545769406e-05,1.0698776545769406e-05,0.1437150599032485,0.1437150599032485,0.1437150599032485,-0.9989305439087391,-0.9989305439087391
gemma4:12b,state_101,RGOCG12-50_12mm,round_pin,DSUB_Male,DSUB_Male,False,False,False,A,../vlm_four_scene_20260925/raw/gemma4-12b/state_101/RGOCG12-50_12mm/DSUB_Male.json,0.9995157718537173,0.9995157718537173,0.9995157718537173,2.7222531014115494e-06,2.7222531014115494e-06,2.7222531014115494e-06,B,gemma4-12b/responses/state_101/RGOCG12-50_12mm/DSUB_Male.json,1.3468004150721405e-05,1.3468004150721405e-05,1.3468004150721405e-05,0.17888393774173336,0.17888393774173336,0.17888393774173336,-0.9995023038495666,-0.9995023038495666
gemma4:12b,state_101,RGOCG8-50_8mm,round_pin,DSUB_Male,DSUB_Male,False,False,False,A,../vlm_four_scene_20260925/raw/gemma4-12b/state_101/RGOCG8-50_8mm/DSUB_Male.json,0.998902678538386,0.998902678538386,0.998902678538386,3.5809355151451514e-06,3.5809355151451514e-06,3.5809355151451514e-06,B,gemma4-12b/responses/state_101/RGOCG8-50_8mm/DSUB_Male.json,1.3468004150721405e-05,1.3468004150721405e-05,1.3468004150721405e-05,0.17888393774173336,0.17888393774173336,0.17888393774173336,-0.9988892105342353,-0.9988892105342353
gemma4:12b,state_101,USB_Male,USB_Male,DSUB_Male,DSUB_Male,False,False,False,A,../vlm_four_scene_20260925/raw/gemma4-12b/state_101/USB_Male/DSUB_Male.json,0.9915884133037908,0.9915884133037908,0.9915884133037908,4.2625822172959306e-07,4.2625822172959306e-07,4.2625822172959306e-07,B,gemma4-12b/responses/state_101/USB_Male/DSUB_Male.json,0.006763276828695203,0.006763276828695203,0.006763276828695203,0.011244325539832263,0.011244325539832263,0.011244325539832263,-0.9848251364750956,-0.9848251364750956
gemma4:12b,state_101,DSUB_Male,DSUB_Male,DSUB_Male,DSUB_Male,True,True,False,A,../vlm_four_scene_20260925/raw/gemma4-12b/state_101/DSUB_Male/DSUB_Male.json,0.999975919724226,0.999975919724226,0.999975919724226,1.861916941987157e-08,1.861916941987157e-08,1.861916941987157e-08,A,gemma4-12b/responses/state_101/DSUB_Male/DSUB_Male.json,0.9999656677246228,0.9999656677246228,0.9999656677246228,4.202582725923018e-06,4.202582725923018e-06,4.202582725923018e-06,-1.0251999603139161e-05,-1.0251999603139161e-05
gemma4:12b,state_202,Gear_Large,gear,Gear_Large,gear,True,True,False,A,../vlm_four_scene_20260925/raw/gemma4-12b/state_202/Gear_Large/Gear_Large.json,0.9999833106986686,0.9999833106986686,0.9999833106986686,5.496391411760018e-08,5.496391411760018e-08,5.496391411760018e-08,A,gemma4-12b/responses/state_202/Gear_Large/Gear_Large.json,0.9999958276749297,0.9999958276749297,0.9999958276749297,3.608688903704567e-07,3.608688903704567e-07,3.608688903704567e-07,1.251697626103443e-05,1.251697626103443e-05
gemma4:12b,state_202,Gear_Medium,gear,Gear_Large,gear,True,False,False,A,../vlm_four_scene_20260925/raw/gemma4-12b/state_202/Gear_Medium/Gear_Large.json,0.9999902248378308,0.9999902248378308,0.9999902248378308,2.4656984180363426e-08,2.4656984180363426e-08,2.4656984180363426e-08,A,gemma4-12b/responses/state_202/Gear_Medium/Gear_Large.json,0.9999957084656899,0.9999957084656899,0.9999957084656899,2.985662838321574e-07,2.985662838321574e-07,2.985662838321574e-07,5.48362785901535e-06,5.48362785901535e-06
gemma4:12b,state_202,Gear_Small,gear,Gear_Large,gear,True,False,False,A,../vlm_four_scene_20260925/raw/gemma4-12b/state_202/Gear_Small/Gear_Large.json,0.9999936819076042,0.9999936819076042,0.9999936819076042,3.298449729919465e-08,3.298449729919465e-08,3.298449729919465e-08,A,gemma4-12b/responses/state_202/Gear_Small/Gear_Large.json,0.9999957084656899,0.9999957084656899,0.9999957084656899,2.985662838321574e-07,2.985662838321574e-07,2.985662838321574e-07,2.026558085677088e-06,2.026558085677088e-06
gemma4:12b,state_202,Waterproof_Male,Waterproof_Male,Gear_Large,gear,False,False,False,B,../vlm_four_scene_20260925/raw/gemma4-12b/state_202/Waterproof_Male/Gear_Large.json,1.6520853178851296e-05,1.6520853178851296e-05,1.6520853178851296e-05,1.9773512170939973e-07,1.9773512170939973e-07,1.9773512170939973e-07,B,gemma4-12b/responses/state_202/Waterproof_Male/Gear_Large.json,9.372401685551784e-07,9.372401685551784e-07,9.372401685551784e-07,0.00029678252986800314,0.00029678252986800314,0.00029678252986800314,-1.558361301029612e-05,-1.558361301029612e-05
gemma4:12b,state_202,M12_Hex_Nut,hex_nut,Gear_Large,gear,False,False,False,B,../vlm_four_scene_20260925/raw/gemma4-12b/state_202/M12_Hex_Nut/Gear_Large.json,6.801434761797955e-07,6.801434761797955e-07,6.801434761797955e-07,,0.0,0.0001,B,gemma4-12b/responses/state_202/M12_Hex_Nut/Gear_Large.json,1.5331896397968058e-07,1.5331896397968058e-07,1.5331896397968058e-07,7.792270728850891e-07,7.792270728850891e-07,7.792270728850891e-07,-5.268245122001149e-07,-5.268245122001149e-07
gemma4:12b,state_202,M16_Hex_Nut,hex_nut,Gear_Large,gear,False,False,False,B,../vlm_four_scene_20260925/raw/gemma4-12b/state_202/M16_Hex_Nut/Gear_Large.json,1.096887532156817e-06,1.096887532156817e-06,1.096887532156817e-06,8.517894516087576e-09,8.517894516087576e-09,8.517894516087576e-09,B,gemma4-12b/responses/state_202/M16_Hex_Nut/Gear_Large.json,7.850798793469526e-08,7.850798793469526e-08,7.850798793469526e-08,4.134561986921248e-07,4.134561986921248e-07,4.134561986921248e-07,-1.0183795442221219e-06,-1.0183795442221219e-06
gemma4:12b,state_202,RGOCG16-50_16mm,round_pin,Gear_Large,gear,False,False,False,B,../vlm_four_scene_20260925/raw/gemma4-12b/state_202/RGOCG16-50_16mm/Gear_Large.json,0.0002641867262945152,0.0002641867262945152,0.0002641867262945152,2.0758146361409266e-05,2.0758146361409266e-05,2.0758146361409266e-05,B,gemma4-12b/responses/state_202/RGOCG16-50_16mm/Gear_Large.json,2.5129229772726636e-06,2.5129229772726636e-06,2.5129229772726636e-06,5.6123322622014205e-05,5.6123322622014205e-05,5.6123322622014205e-05,-0.00026167380331724256,-0.00026167380331724256
gemma4:12b,state_202,RGOCG12-50_12mm,round_pin,Gear_Large,gear,False,False,False,B,../vlm_four_scene_20260925/raw/gemma4-12b/state_202/RGOCG12-50_12mm/Gear_Large.json,0.0015117486689389095,0.0015117486689389095,0.0015117486689389095,4.375797727160253e-05,4.375797727160253e-05,4.375797727160253e-05,B,gemma4-12b/responses/state_202/RGOCG12-50_12mm/Gear_Large.json,4.7585273443384374e-06,4.7585273443384374e-06,4.7585273443384374e-06,7.389890004874998e-05,7.389890004874998e-05,7.389890004874998e-05,-0.001506990141594571,-0.001506990141594571
gemma4:12b,state_202,RGOCG8-50_8mm,round_pin,Gear_Large,gear,False,False,False,B,../vlm_four_scene_20260925/raw/gemma4-12b/state_202/RGOCG8-50_8mm/Gear_Large.json,0.0007357640757415637,0.0007357640757415637,0.0007357640757415637,2.2774503232934015e-05,2.2774503232934015e-05,2.2774503232934015e-05,B,gemma4-12b/responses/state_202/RGOCG8-50_8mm/Gear_Large.json,4.7585273443384374e-06,4.7585273443384374e-06,4.7585273443384374e-06,7.389890004874998e-05,7.389890004874998e-05,7.389890004874998e-05,-0.0007310055483972253,-0.0007310055483972253
gemma4:12b,state_202,USB_Male,USB_Male,Gear_Large,gear,False,False,False,B,../vlm_four_scene_20260925/raw/gemma4-12b/state_202/USB_Male/Gear_Large.json,1.5385733011247635e-06,1.5385733011247635e-06,1.5385733011247635e-06,,0.0,0.0001,B,gemma4-12b/responses/state_202/USB_Male/Gear_Large.json,1.4479612624529826e-07,1.4479612624529826e-07,1.4479612624529826e-07,2.7442334263965237e-05,2.7442334263965237e-05,2.7442334263965237e-05,-1.3937771748794653e-06,-1.3937771748794653e-06
gemma4:12b,state_202,DSUB_Male,DSUB_Male,Gear_Large,gear,False,False,False,B,../vlm_four_scene_20260925/raw/gemma4-12b/state_202/DSUB_Male/Gear_Large.json,2.1240371520346902e-06,2.1240371520346902e-06,2.1240371520346902e-06,1.574262004938403e-08,1.574262004938403e-08,1.574262004938403e-08,B,gemma4-12b/responses/state_202/DSUB_Male/Gear_Large.json,3.7529115540555337e-07,3.7529115540555337e-07,3.7529115540555337e-07,0.00012542712701550895,0.00012542712701550895,0.00012542712701550895,-1.748745996629137e-06,-1.748745996629137e-06
gemma4:12b,state_202,Gear_Large,gear,Gear_Medium,gear,True,False,False,A,../vlm_four_scene_20260925/raw/gemma4-12b/state_202/Gear_Large/Gear_Medium.json,0.9999930858610072,0.9999930858610072,0.9999930858610072,4.0306524939785615e-08,4.0306524939785615e-08,4.0306524939785615e-08,A,gemma4-12b/responses/state_202/Gear_Large/Gear_Medium.json,0.9999961853027344,0.9999961853027344,0.9999961853027344,5.140459304904225e-07,5.140459304904225e-07,5.140459304904225e-07,3.099441727161256e-06,3.099441727161256e-06
gemma4:12b,state_202,Gear_Medium,gear,Gear_Medium,gear,True,True,False,A,../vlm_four_scene_20260925/raw/gemma4-12b/state_202/Gear_Medium/Gear_Medium.json,0.9999865293500613,0.9999865293500613,0.9999865293500613,8.662059026679148e-08,8.662059026679148e-08,8.662059026679148e-08,A,gemma4-12b/responses/state_202/Gear_Medium/Gear_Medium.json,0.9999959468841837,0.9999959468841837,0.9999959468841837,5.213950785776289e-07,5.213950785776289e-07,5.213950785776289e-07,9.41753412242452e-06,9.41753412242452e-06
gemma4:12b,state_202,Gear_Small,gear,Gear_Medium,gear,True,False,False,A,../vlm_four_scene_20260925/raw/gemma4-12b/state_202/Gear_Small/Gear_Medium.json,0.9999879598614788,0.9999879598614788,0.9999879598614788,8.275095621117198e-08,8.275095621117198e-08,8.275095621117198e-08,A,gemma4-12b/responses/state_202/Gear_Small/Gear_Medium.json,0.9999959468841837,0.9999959468841837,0.9999959468841837,5.213950785776289e-07,5.213950785776289e-07,5.213950785776289e-07,7.987022704880609e-06,7.987022704880609e-06
gemma4:12b,state_202,Waterproof_Male,Waterproof_Male,Gear_Medium,gear,False,False,False,B,../vlm_four_scene_20260925/raw/gemma4-12b/state_202/Waterproof_Male/Gear_Medium.json,4.433936071801141e-05,4.433936071801141e-05,4.433936071801141e-05,1.0432064330034046e-06,1.0432064330034046e-06,1.0432064330034046e-06,B,gemma4-12b/responses/state_202/Waterproof_Male/Gear_Medium.json,1.1873072025300465e-06,1.1873072025300465e-06,1.1873072025300465e-06,0.00018708951985718002,0.00018708951985718002,0.00018708951985718002,-4.315205351548137e-05,-4.315205351548137e-05
gemma4:12b,state_202,M12_Hex_Nut,hex_nut,Gear_Medium,gear,False,False,False,B,../vlm_four_scene_20260925/raw/gemma4-12b/state_202/M12_Hex_Nut/Gear_Medium.json,1.72189653813946e-06,1.72189653813946e-06,1.72189653813946e-06,1.2401266603342113e-08,1.2401266603342113e-08,1.2401266603342113e-08,B,gemma4-12b/responses/state_202/M12_Hex_Nut/Gear_Medium.json,8.584623689035054e-08,8.584623689035054e-08,8.584623689035054e-08,6.831982533566513e-07,6.831982533566513e-07,6.831982533566513e-07,-1.6360503012491096e-06,-1.6360503012491096e-06
gemma4:12b,state_202,M16_Hex_Nut,hex_nut,Gear_Medium,gear,False,False,False,B,../vlm_four_scene_20260925/raw/gemma4-12b/state_202/M16_Hex_Nut/Gear_Medium.json,1.3325404707452465e-06,1.3325404707452465e-06,1.3325404707452465e-06,1.208777202014903e-08,1.208777202014903e-08,1.208777202014903e-08,B,gemma4-12b/responses/state_202/M16_Hex_Nut/Gear_Medium.json,6.270972975746388e-08,6.270972975746388e-08,6.270972975746388e-08,8.067781038669751e-07,8.067781038669751e-07,8.067781038669751e-07,-1.2698307409877825e-06,-1.2698307409877825e-06
gemma4:12b,state_202,RGOCG16-50_16mm,round_pin,Gear_Medium,gear,False,False,False,B,../vlm_four_scene_20260925/raw/gemma4-12b/state_202/RGOCG16-50_16mm/Gear_Medium.json,8.869441084251173e-05,8.869441084251173e-05,8.869441084251173e-05,1.9383653511025504e-06,1.9383653511025504e-06,1.9383653511025504e-06,B,gemma4-12b/responses/state_202/RGOCG16-50_16mm/Gear_Medium.json,1.6099325480741592e-06,1.6099325480741592e-06,1.6099325480741592e-06,2.7722608372023297e-05,2.7722608372023297e-05,2.7722608372023297e-05,-8.708447829443758e-05,-8.708447829443758e-05
gemma4:12b,state_202,RGOCG12-50_12mm,round_pin,Gear_Medium,gear,False,False,False,B,../vlm_four_scene_20260925/raw/gemma4-12b/state_202/RGOCG12-50_12mm/Gear_Medium.json,0.0002293482308749915,0.0002293482308749915,0.0002293482308749915,5.699650691957822e-06,5.699650691957822e-06,5.699650691957822e-06,B,gemma4-12b/responses/state_202/RGOCG12-50_12mm/Gear_Medium.json,1.9996076984401853e-06,1.9996076984401853e-06,1.9996076984401853e-06,3.236057681116103e-05,3.236057681116103e-05,3.236057681116103e-05,-0.00022734862317655132,-0.00022734862317655132
gemma4:12b,state_202,RGOCG8-50_8mm,round_pin,Gear_Medium,gear,False,False,False,B,../vlm_four_scene_20260925/raw/gemma4-12b/state_202/RGOCG8-50_8mm/Gear_Medium.json,0.00025923309090758294,0.00025923309090758294,0.00025923309090758294,2.9040619201742777e-06,2.9040619201742777e-06,2.9040619201742777e-06,B,gemma4-12b/responses/state_202/RGOCG8-50_8mm/Gear_Medium.json,1.9996076984401853e-06,1.9996076984401853e-06,1.9996076984401853e-06,3.236057681116103e-05,3.236057681116103e-05,3.236057681116103e-05,-0.0002572334832091428,-0.0002572334832091428
gemma4:12b,state_202,USB_Male,USB_Male,Gear_Medium,gear,False,False,False,B,../vlm_four_scene_20260925/raw/gemma4-12b/state_202/USB_Male/Gear_Medium.json,2.073710278184932e-06,2.073710278184932e-06,2.073710278184932e-06,,0.0,0.0001,B,gemma4-12b/responses/state_202/USB_Male/Gear_Medium.json,1.0264303058730273e-07,1.0264303058730273e-07,1.0264303058730273e-07,1.4986421314067677e-05,1.4986421314067677e-05,1.4986421314067677e-05,-1.971067247597629e-06,-1.971067247597629e-06
gemma4:12b,state_202,DSUB_Male,DSUB_Male,Gear_Medium,gear,False,False,False,B,../vlm_four_scene_20260925/raw/gemma4-12b/state_202/DSUB_Male/Gear_Medium.json,1.6005544070773878e-06,1.6005544070773878e-06,1.6005544070773878e-06,2.1188132489919072e-08,2.1188132489919072e-08,2.1188132489919072e-08,B,gemma4-12b/responses/state_202/DSUB_Male/Gear_Medium.json,1.1094548155514192e-07,1.1094548155514192e-07,1.1094548155514192e-07,4.370546964867212e-05,4.370546964867212e-05,4.370546964867212e-05,-1.4896089255222458e-06,-1.4896089255222458e-06
gemma4:12b,state_202,Gear_Large,gear,Gear_Small,gear,True,False,False,A,../vlm_four_scene_20260925/raw/gemma4-12b/state_202/Gear_Large/Gear_Small.json,0.9983046055147378,0.9983046055147378,0.9983046055147378,2.474191326778397e-07,2.474191326778397e-07,2.474191326778397e-07,A,gemma4-12b/responses/state_202/Gear_Large/Gear_Small.json,0.9999934434891956,0.9999934434891956,0.9999934434891956,7.835678440742864e-07,7.835678440742864e-07,7.835678440742864e-07,0.0016888379744578463,0.0016888379744578463
gemma4:12b,state_202,Gear_Medium,gear,Gear_Small,gear,True,False,False,A,../vlm_four_scene_20260925/raw/gemma4-12b/state_202/Gear_Medium/Gear_Small.json,0.9996743202098447,0.9996743202098447,0.9996743202098447,5.545547055478767e-08,5.545547055478767e-08,5.545547055478767e-08,A,gemma4-12b/responses/state_202/Gear_Medium/Gear_Small.json,0.9999935626981654,0.9999935626981654,0.9999935626981654,7.803961475364776e-07,7.803961475364776e-07,7.803961475364776e-07,0.00031924248832071456,0.00031924248832071456
gemma4:12b,state_202,Gear_Small,gear,Gear_Small,gear,True,True,False,A,../vlm_four_scene_20260925/raw/gemma4-12b/state_202/Gear_Small/Gear_Small.json,0.9975086451244511,0.9975086451244511,0.9975086451244511,2.5625750594197697e-07,2.5625750594197697e-07,2.5625750594197697e-07,A,gemma4-12b/responses/state_202/Gear_Small/Gear_Small.json,0.9999935626981654,0.9999935626981654,0.9999935626981654,7.803961475364776e-07,7.803961475364776e-07,7.803961475364776e-07,0.0024849175737142737,0.0024849175737142737
gemma4:12b,state_202,Waterproof_Male,Waterproof_Male,Gear_Small,gear,False,False,False,B,../vlm_four_scene_20260925/raw/gemma4-12b/state_202/Waterproof_Male/Gear_Small.json,0.0016203869293845066,0.0016203869293845066,0.0016203869293845066,4.427412024431893e-05,4.427412024431893e-05,4.427412024431893e-05,B,gemma4-12b/responses/state_202/Waterproof_Male/Gear_Small.json,8.923668776374096e-06,8.923668776374096e-06,8.923668776374096e-06,0.005241678986166841,0.005241678986166841,0.005241678986166841,-0.0016114632606081326,-0.0016114632606081326
gemma4:12b,state_202,M12_Hex_Nut,hex_nut,Gear_Small,gear,False,False,False,B,../vlm_four_scene_20260925/raw/gemma4-12b/state_202/M12_Hex_Nut/Gear_Small.json,5.6131405233039455e-05,5.6131405233039455e-05,5.6131405233039455e-05,2.5993465459069584e-06,2.5993465459069584e-06,2.5993465459069584e-06,B,gemma4-12b/responses/state_202/M12_Hex_Nut/Gear_Small.json,2.0179332802096925e-06,2.0179332802096925e-06,2.0179332802096925e-06,1.5163177730998954e-05,1.5163177730998954e-05,1.5163177730998954e-05,-5.4113471952829765e-05,-5.4113471952829765e-05
gemma4:12b,state_202,M16_Hex_Nut,hex_nut,Gear_Small,gear,False,False,False,B,../vlm_four_scene_20260925/raw/gemma4-12b/state_202/M16_Hex_Nut/Gear_Small.json,0.000161772184690342,0.000161772184690342,0.000161772184690342,1.4172251503181544e-05,1.4172251503181544e-05,1.4172251503181544e-05,B,gemma4-12b/responses/state_202/M16_Hex_Nut/Gear_Small.json,2.123251349231799e-06,2.123251349231799e-06,2.123251349231799e-06,1.591133069508868e-05,1.591133069508868e-05,1.591133069508868e-05,-0.0001596489333411102,-0.0001596489333411102
gemma4:12b,state_202,RGOCG16-50_16mm,round_pin,Gear_Small,gear,False,False,False,B,../vlm_four_scene_20260925/raw/gemma4-12b/state_202/RGOCG16-50_16mm/Gear_Small.json,0.0029180097014925802,0.0029180097014925802,0.0029180097014925802,5.809287355945649e-05,5.809287355945649e-05,5.809287355945649e-05,B,gemma4-12b/responses/state_202/RGOCG16-50_16mm/Gear_Small.json,2.8812357239913752e-05,2.8812357239913752e-05,2.8812357239913752e-05,0.0026091047824209983,0.0026091047824209983,0.0026091047824209983,-0.0028891973442526663,-0.0028891973442526663
gemma4:12b,state_202,RGOCG12-50_12mm,round_pin,Gear_Small,gear,False,False,False,B,../vlm_four_scene_20260925/raw/gemma4-12b/state_202/RGOCG12-50_12mm/Gear_Small.json,0.0049617943729375665,0.0049617943729375665,0.0049617943729375665,0.00011796583953386541,0.00011796583953386541,0.00011796583953386541,B,gemma4-12b/responses/state_202/RGOCG12-50_12mm/Gear_Small.json,1.9745209758825894e-05,1.9745209758825894e-05,1.9745209758825894e-05,0.0026312050620548515,0.0026312050620548515,0.0026312050620548515,-0.004942049163178741,-0.004942049163178741
gemma4:12b,state_202,RGOCG8-50_8mm,round_pin,Gear_Small,gear,False,False,False,B,../vlm_four_scene_20260925/raw/gemma4-12b/state_202/RGOCG8-50_8mm/Gear_Small.json,0.06357147351825222,0.06357147351825222,0.06357147351825222,0.0006688346309980513,0.0006688346309980513,0.0006688346309980513,B,gemma4-12b/responses/state_202/RGOCG8-50_8mm/Gear_Small.json,1.9745209758825894e-05,1.9745209758825894e-05,1.9745209758825894e-05,0.0026312050620548515,0.0026312050620548515,0.0026312050620548515,-0.0635517283084934,-0.0635517283084934
gemma4:12b,state_202,USB_Male,USB_Male,Gear_Small,gear,False,False,False,B,../vlm_four_scene_20260925/raw/gemma4-12b/state_202/USB_Male/Gear_Small.json,1.1540703132241157e-06,1.1540703132241157e-06,1.1540703132241157e-06,3.57789195207463e-09,3.57789195207463e-09,3.57789195207463e-09,B,gemma4-12b/responses/state_202/USB_Male/Gear_Small.json,2.573716337170748e-07,2.573716337170748e-07,2.573716337170748e-07,3.411445068301389e-05,3.411445068301389e-05,3.411445068301389e-05,-8.966986795070409e-07,-8.966986795070409e-07
gemma4:12b,state_202,DSUB_Male,DSUB_Male,Gear_Small,gear,False,False,False,B,../vlm_four_scene_20260925/raw/gemma4-12b/state_202/DSUB_Male/Gear_Small.json,8.328918522947012e-06,8.328918522947012e-06,8.328918522947012e-06,4.685139540568072e-07,4.685139540568072e-07,4.685139540568072e-07,B,gemma4-12b/responses/state_202/DSUB_Male/Gear_Small.json,3.995348024371528e-06,3.995348024371528e-06,3.995348024371528e-06,0.004470843505314053,0.004470843505314053,0.004470843505314053,-4.333570498575483e-06,-4.333570498575483e-06
gemma4:12b,state_202,Gear_Large,gear,Waterproof_Male,Waterproof_Male,False,False,False,A,../vlm_four_scene_20260925/raw/gemma4-12b/state_202/Gear_Large/Waterproof_Male.json,0.9639850872510686,0.9639850872510686,0.9639850872510686,5.4678200232135225e-06,5.4678200232135225e-06,5.4678200232135225e-06,B,gemma4-12b/responses/state_202/Gear_Large/Waterproof_Male.json,4.181677609631128e-06,4.181677609631128e-06,4.181677609631128e-06,0.018021091385931862,0.018021091385931862,0.018021091385931862,-0.963980905573459,-0.963980905573459
gemma4:12b,state_202,Gear_Medium,gear,Waterproof_Male,Waterproof_Male,False,False,False,A,../vlm_four_scene_20260925/raw/gemma4-12b/state_202/Gear_Medium/Waterproof_Male.json,0.7638468102697358,0.7638468102697358,0.7638468102697358,8.972630588134228e-05,8.972630588134228e-05,8.972630588134228e-05,B,gemma4-12b/responses/state_202/Gear_Medium/Waterproof_Male.json,3.1722214169045737e-06,3.1722214169045737e-06,3.1722214169045737e-06,0.010022426279550734,0.010022426279550734,0.010022426279550734,-0.7638436380483189,-0.7638436380483189
gemma4:12b,state_202,Gear_Small,gear,Waterproof_Male,Waterproof_Male,False,False,False,B,../vlm_four_scene_20260925/raw/gemma4-12b/state_202/Gear_Small/Waterproof_Male.json,0.10582968372606191,0.10582968372606191,0.10582968372606191,0.00031374745227033074,0.00031374745227033074,0.00031374745227033074,B,gemma4-12b/responses/state_202/Gear_Small/Waterproof_Male.json,3.1722214169045737e-06,3.1722214169045737e-06,3.1722214169045737e-06,0.010022426279550734,0.010022426279550734,0.010022426279550734,-0.105826511504645,-0.105826511504645
gemma4:12b,state_202,Waterproof_Male,Waterproof_Male,Waterproof_Male,Waterproof_Male,True,True,False,A,../vlm_four_scene_20260925/raw/gemma4-12b/state_202/Waterproof_Male/Waterproof_Male.json,0.9999841451646687,0.9999841451646687,0.9999841451646687,2.743486081474597e-08,2.743486081474597e-08,2.743486081474597e-08,A,gemma4-12b/responses/state_202/Waterproof_Male/Waterproof_Male.json,0.9999941587445919,0.9999941587445919,0.9999941587445919,1.0195548112800588e-06,1.0195548112800588e-06,1.0195548112800588e-06,1.0013579923140448e-05,1.0013579923140448e-05
gemma4:12b,state_202,M12_Hex_Nut,hex_nut,Waterproof_Male,Waterproof_Male,False,False,False,B,../vlm_four_scene_20260925/raw/gemma4-12b/state_202/M12_Hex_Nut/Waterproof_Male.json,0.004764035683982724,0.004764035683982724,0.004764035683982724,0.00044282355928706757,0.00044282355928706757,0.00044282355928706757,B,gemma4-12b/responses/state_202/M12_Hex_Nut/Waterproof_Male.json,5.80001203101527e-06,5.80001203101527e-06,5.80001203101527e-06,0.04376950070329593,0.04376950070329593,0.04376950070329593,-0.004758235671951709,-0.004758235671951709
gemma4:12b,state_202,M16_Hex_Nut,hex_nut,Waterproof_Male,Waterproof_Male,False,False,False,B,../vlm_four_scene_20260925/raw/gemma4-12b/state_202/M16_Hex_Nut/Waterproof_Male.json,0.001661423222733241,0.001661423222733241,0.001661423222733241,0.00017355870218417987,0.00017355870218417987,0.00017355870218417987,B,gemma4-12b/responses/state_202/M16_Hex_Nut/Waterproof_Male.json,7.903663244743159e-06,7.903663244743159e-06,7.903663244743159e-06,0.05139951535710075,0.05139951535710075,0.05139951535710075,-0.0016535195594884978,-0.0016535195594884978
gemma4:12b,state_202,RGOCG16-50_16mm,round_pin,Waterproof_Male,Waterproof_Male,False,False,False,A,../vlm_four_scene_20260925/raw/gemma4-12b/state_202/RGOCG16-50_16mm/Waterproof_Male.json,0.9927939177370524,0.9927939177370524,0.9927939177370524,8.417511095938117e-05,8.417511095938117e-05,8.417511095938117e-05,B,gemma4-12b/responses/state_202/RGOCG16-50_16mm/Waterproof_Male.json,7.558339177269394e-06,7.558339177269394e-06,7.558339177269394e-06,0.09456761849290966,0.09456761849290966,0.09456761849290966,-0.9927863593978751,-0.9927863593978751
gemma4:12b,state_202,RGOCG12-50_12mm,round_pin,Waterproof_Male,Waterproof_Male,False,False,False,A,../vlm_four_scene_20260925/raw/gemma4-12b/state_202/RGOCG12-50_12mm/Waterproof_Male.json,0.9952183365374075,0.9952183365374075,0.9952183365374075,0.00012021807707672423,0.00012021807707672423,0.00012021807707672423,B,gemma4-12b/responses/state_202/RGOCG12-50_12mm/Waterproof_Male.json,4.988363620892886e-06,4.988363620892886e-06,4.988363620892886e-06,0.07713117361074956,0.07713117361074956,0.07713117361074956,-0.9952133481737867,-0.9952133481737867
gemma4:12b,state_202,RGOCG8-50_8mm,round_pin,Waterproof_Male,Waterproof_Male,False,False,False,A,../vlm_four_scene_20260925/raw/gemma4-12b/state_202/RGOCG8-50_8mm/Waterproof_Male.json,0.9973680377604369,0.9973680377604369,0.9973680377604369,2.8598254346263783e-05,2.8598254346263783e-05,2.8598254346263783e-05,B,gemma4-12b/responses/state_202/RGOCG8-50_8mm/Waterproof_Male.json,4.988363620892886e-06,4.988363620892886e-06,4.988363620892886e-06,0.07713117361074956,0.07713117361074956,0.07713117361074956,-0.9973630493968161,-0.9973630493968161
gemma4:12b,state_202,USB_Male,USB_Male,Waterproof_Male,Waterproof_Male,False,False,False,B,../vlm_four_scene_20260925/raw/gemma4-12b/state_202/USB_Male/Waterproof_Male.json,5.9962095135817484e-05,5.9962095135817484e-05,5.9962095135817484e-05,3.8198464059613346e-07,3.8198464059613346e-07,3.8198464059613346e-07,B,gemma4-12b/responses/state_202/USB_Male/Waterproof_Male.json,1.0433546805340528e-06,1.0433546805340528e-06,1.0433546805340528e-06,0.12198580382573192,0.12198580382573192,0.12198580382573192,-5.891874045528343e-05,-5.891874045528343e-05
gemma4:12b,state_202,DSUB_Male,DSUB_Male,Waterproof_Male,Waterproof_Male,False,False,False,B,../vlm_four_scene_20260925/raw/gemma4-12b/state_202/DSUB_Male/Waterproof_Male.json,0.3597406628293335,0.3597406628293335,0.3597406628293335,0.00024778338837385213,0.00024778338837385213,0.00024778338837385213,A,gemma4-12b/responses/state_202/DSUB_Male/Waterproof_Male.json,0.9989913105817924,0.9989913105817924,0.9989913105817924,0.0003834415077057477,0.0003834415077057477,0.0003834415077057477,0.6392506477524589,0.6392506477524589
gemma4:12b,state_202,Gear_Large,gear,M12_Hex_Nut,hex_nut,False,False,False,A,../vlm_four_scene_20260925/raw/gemma4-12b/state_202/Gear_Large/M12_Hex_Nut.json,0.9306355096105865,0.9306355096105865,0.9306355096105865,1.9807268205615365e-06,1.9807268205615365e-06,1.9807268205615365e-06,B,gemma4-12b/responses/state_202/Gear_Large/M12_Hex_Nut.json,4.463274976026435e-06,4.463274976026435e-06,4.463274976026435e-06,0.0005526939221538783,0.0005526939221538783,0.0005526939221538783,-0.9306310463356104,-0.9306310463356104
gemma4:12b,state_202,Gear_Medium,gear,M12_Hex_Nut,hex_nut,False,False,False,A,../vlm_four_scene_20260925/raw/gemma4-12b/state_202/Gear_Medium/M12_Hex_Nut.json,0.7945915436831084,0.7945915436831084,0.7945915436831084,5.549605285629763e-06,5.549605285629763e-06,5.549605285629763e-06,B,gemma4-12b/responses/state_202/Gear_Medium/M12_Hex_Nut.json,5.333548415485357e-06,5.333548415485357e-06,5.333548415485357e-06,0.0005868143265300718,0.0005868143265300718,0.0005868143265300718,-0.7945862101346929,-0.7945862101346929
gemma4:12b,state_202,Gear_Small,gear,M12_Hex_Nut,hex_nut,False,False,False,A,../vlm_four_scene_20260925/raw/gemma4-12b/state_202/Gear_Small/M12_Hex_Nut.json,0.8272063159451505,0.8272063159451505,0.8272063159451505,3.1823206710104593e-06,3.1823206710104593e-06,3.1823206710104593e-06,B,gemma4-12b/responses/state_202/Gear_Small/M12_Hex_Nut.json,5.333548415485357e-06,5.333548415485357e-06,5.333548415485357e-06,0.0005868143265300718,0.0005868143265300718,0.0005868143265300718,-0.827200982396735,-0.827200982396735
gemma4:12b,state_202,Waterproof_Male,Waterproof_Male,M12_Hex_Nut,hex_nut,False,False,False,A,../vlm_four_scene_20260925/raw/gemma4-12b/state_202/Waterproof_Male/M12_Hex_Nut.json,0.9838542337862416,0.9838542337862416,0.9838542337862416,2.317635233164375e-06,2.317635233164375e-06,2.317635233164375e-06,A,gemma4-12b/responses/state_202/Waterproof_Male/M12_Hex_Nut.json,0.8499694468584557,0.8499694468584557,0.8499694468584557,0.09035078302581967,0.09035078302581967,0.09035078302581967,-0.13388478692778594,-0.13388478692778594
gemma4:12b,state_202,M12_Hex_Nut,hex_nut,M12_Hex_Nut,hex_nut,True,True,False,A,../vlm_four_scene_20260925/raw/gemma4-12b/state_202/M12_Hex_Nut/M12_Hex_Nut.json,0.9999744892118427,0.9999744892118427,0.9999744892118427,3.1074075914519277e-08,3.1074075914519277e-08,3.1074075914519277e-08,A,gemma4-12b/responses/state_202/M12_Hex_Nut/M12_Hex_Nut.json,0.9999920129776643,0.9999920129776643,0.9999920129776643,1.223253426376824e-06,1.223253426376824e-06,1.223253426376824e-06,1.7523765821536585e-05,1.7523765821536585e-05
gemma4:12b,state_202,M16_Hex_Nut,hex_nut,M12_Hex_Nut,hex_nut,True,False,False,A,../vlm_four_scene_20260925/raw/gemma4-12b/state_202/M16_Hex_Nut/M12_Hex_Nut.json,0.9999620914441505,0.9999620914441505,0.9999620914441505,4.717580104145201e-08,4.717580104145201e-08,4.717580104145201e-08,A,gemma4-12b/responses/state_202/M16_Hex_Nut/M12_Hex_Nut.json,0.9999890327454755,0.9999890327454755,0.9999890327454755,1.4603682360669675e-06,1.4603682360669675e-06,1.4603682360669675e-06,2.6941301324967526e-05,2.6941301324967526e-05
gemma4:12b,state_202,RGOCG16-50_16mm,round_pin,M12_Hex_Nut,hex_nut,False,False,False,B,../vlm_four_scene_20260925/raw/gemma4-12b/state_202/RGOCG16-50_16mm/M12_Hex_Nut.json,5.683819941955615e-05,5.683819941955615e-05,5.683819941955615e-05,5.744947842744423e-07,5.744947842744423e-07,5.744947842744423e-07,B,gemma4-12b/responses/state_202/RGOCG16-50_16mm/M12_Hex_Nut.json,7.827194066969072e-07,7.827194066969072e-07,7.827194066969072e-07,8.98328576870537e-06,8.98328576870537e-06,8.98328576870537e-06,-5.6055480012859245e-05,-5.6055480012859245e-05
gemma4:12b,state_202,RGOCG12-50_12mm,round_pin,M12_Hex_Nut,hex_nut,False,False,False,B,../vlm_four_scene_20260925/raw/gemma4-12b/state_202/RGOCG12-50_12mm/M12_Hex_Nut.json,8.407859473845246e-05,8.407859473845246e-05,8.407859473845246e-05,8.226817458376858e-07,8.226817458376858e-07,8.226817458376858e-07,B,gemma4-12b/responses/state_202/RGOCG12-50_12mm/M12_Hex_Nut.json,8.887568789918548e-07,8.887568789918548e-07,8.887568789918548e-07,1.1248121193958599e-05,1.1248121193958599e-05,1.1248121193958599e-05,-8.318983785946061e-05,-8.318983785946061e-05
gemma4:12b,state_202,RGOCG8-50_8mm,round_pin,M12_Hex_Nut,hex_nut,False,False,False,B,../vlm_four_scene_20260925/raw/gemma4-12b/state_202/RGOCG8-50_8mm/M12_Hex_Nut.json,3.201188296792145e-05,3.201188296792145e-05,3.201188296792145e-05,3.1573824102770694e-07,3.1573824102770694e-07,3.1573824102770694e-07,B,gemma4-12b/responses/state_202/RGOCG8-50_8mm/M12_Hex_Nut.json,8.887568789918548e-07,8.887568789918548e-07,8.887568789918548e-07,1.1248121193958599e-05,1.1248121193958599e-05,1.1248121193958599e-05,-3.1123126088929594e-05,-3.1123126088929594e-05
gemma4:12b,state_202,USB_Male,USB_Male,M12_Hex_Nut,hex_nut,False,False,False,B,../vlm_four_scene_20260925/raw/gemma4-12b/state_202/USB_Male/M12_Hex_Nut.json,1.5190620083759628e-05,1.5190620083759628e-05,1.5190620083759628e-05,5.469650276147723e-08,5.469650276147723e-08,5.469650276147723e-08,B,gemma4-12b/responses/state_202/USB_Male/M12_Hex_Nut.json,1.3953129007436063e-07,1.3953129007436063e-07,1.3953129007436063e-07,1.37996486811724e-05,1.37996486811724e-05,1.37996486811724e-05,-1.5051088793685268e-05,-1.5051088793685268e-05
gemma4:12b,state_202,DSUB_Male,DSUB_Male,M12_Hex_Nut,hex_nut,False,False,False,B,../vlm_four_scene_20260925/raw/gemma4-12b/state_202/DSUB_Male/M12_Hex_Nut.json,4.9263818263437896e-05,4.9263818263437896e-05,4.9263818263437896e-05,6.904523958875114e-07,6.904523958875114e-07,6.904523958875114e-07,B,gemma4-12b/responses/state_202/DSUB_Male/M12_Hex_Nut.json,4.389372643443459e-07,4.389372643443459e-07,4.389372643443459e-07,0.0002179275593440485,0.0002179275593440485,0.0002179275593440485,-4.882488099909355e-05,-4.882488099909355e-05
gemma4:12b,state_202,Gear_Large,gear,M16_Hex_Nut,hex_nut,False,False,False,A,../vlm_four_scene_20260925/raw/gemma4-12b/state_202/Gear_Large/M16_Hex_Nut.json,0.9999212026574468,0.9999212026574468,0.9999212026574468,5.980255762673597e-08,5.980255762673597e-08,5.980255762673597e-08,B,gemma4-12b/responses/state_202/Gear_Large/M16_Hex_Nut.json,2.554948222837121e-06,2.554948222837121e-06,2.554948222837121e-06,0.00035140494164334954,0.00035140494164334954,0.00035140494164334954,-0.9999186477092239,-0.9999186477092239
gemma4:12b,state_202,Gear_Medium,gear,M16_Hex_Nut,hex_nut,False,False,False,A,../vlm_four_scene_20260925/raw/gemma4-12b/state_202/Gear_Medium/M16_Hex_Nut.json,0.9990320205589925,0.9990320205589925,0.9990320205589925,8.347238956142083e-08,8.347238956142083e-08,8.347238956142083e-08,B,gemma4-12b/responses/state_202/Gear_Medium/M16_Hex_Nut.json,2.1756746269904715e-06,2.1756746269904715e-06,2.1756746269904715e-06,0.00028205660329747305,0.00028205660329747305,0.00028205660329747305,-0.9990298448843655,-0.9990298448843655
gemma4:12b,state_202,Gear_Small,gear,M16_Hex_Nut,hex_nut,False,False,False,A,../vlm_four_scene_20260925/raw/gemma4-12b/state_202/Gear_Small/M16_Hex_Nut.json,0.9992839694116963,0.9992839694116963,0.9992839694116963,3.669676241389867e-07,3.669676241389867e-07,3.669676241389867e-07,B,gemma4-12b/responses/state_202/Gear_Small/M16_Hex_Nut.json,2.1756746269904715e-06,2.1756746269904715e-06,2.1756746269904715e-06,0.00028205660329747305,0.00028205660329747305,0.00028205660329747305,-0.9992817937370693,-0.9992817937370693
gemma4:12b,state_202,Waterproof_Male,Waterproof_Male,M16_Hex_Nut,hex_nut,False,False,False,A,../vlm_four_scene_20260925/raw/gemma4-12b/state_202/Waterproof_Male/M16_Hex_Nut.json,0.9996421337046616,0.9996421337046616,0.9996421337046616,2.4811807967934503e-07,2.4811807967934503e-07,2.4811807967934503e-07,A,gemma4-12b/responses/state_202/Waterproof_Male/M16_Hex_Nut.json,0.9993218183260785,0.9993218183260785,0.9993218183260785,0.0004257825032876596,0.0004257825032876596,0.0004257825032876596,-0.00032031537858312475,-0.00032031537858312475
gemma4:12b,state_202,M12_Hex_Nut,hex_nut,M16_Hex_Nut,hex_nut,True,False,False,A,../vlm_four_scene_20260925/raw/gemma4-12b/state_202/M12_Hex_Nut/M16_Hex_Nut.json,0.9999712705610059,0.9999712705610059,0.9999712705610059,3.5189385000590705e-08,3.5189385000590705e-08,3.5189385000590705e-08,A,gemma4-12b/responses/state_202/M12_Hex_Nut/M16_Hex_Nut.json,0.9999675750714346,0.9999675750714346,0.9999675750714346,1.2941588475487227e-06,1.2941588475487227e-06,1.2941588475487227e-06,-3.6954895712426605e-06,-3.6954895712426605e-06
gemma4:12b,state_202,M16_Hex_Nut,hex_nut,M16_Hex_Nut,hex_nut,True,True,False,A,../vlm_four_scene_20260925/raw/gemma4-12b/state_202/M16_Hex_Nut/M16_Hex_Nut.json,0.9999626874936456,0.9999626874936456,0.9999626874936456,4.6479323913301744e-08,4.6479323913301744e-08,4.6479323913301744e-08,A,gemma4-12b/responses/state_202/M16_Hex_Nut/M16_Hex_Nut.json,0.9999648332594905,0.9999648332594905,0.9999648332594905,1.2805338585535327e-06,1.2805338585535327e-06,1.2805338585535327e-06,2.1457658448964523e-06,2.1457658448964523e-06
gemma4:12b,state_202,RGOCG16-50_16mm,round_pin,M16_Hex_Nut,hex_nut,False,False,False,B,../vlm_four_scene_20260925/raw/gemma4-12b/state_202/RGOCG16-50_16mm/M16_Hex_Nut.json,0.0002415813494734316,0.0002415813494734316,0.0002415813494734316,1.0910336900488677e-06,1.0910336900488677e-06,1.0910336900488677e-06,B,gemma4-12b/responses/state_202/RGOCG16-50_16mm/M16_Hex_Nut.json,1.1938551918575051e-06,1.1938551918575051e-06,1.1938551918575051e-06,8.272334499910062e-06,8.272334499910062e-06,8.272334499910062e-06,-0.00024038749428157409,-0.00024038749428157409
gemma4:12b,state_202,RGOCG12-50_12mm,round_pin,M16_Hex_Nut,hex_nut,False,False,False,B,../vlm_four_scene_20260925/raw/gemma4-12b/state_202/RGOCG12-50_12mm/M16_Hex_Nut.json,0.00017557659205560613,0.00017557659205560613,0.00017557659205560613,1.3110183653746815e-06,1.3110183653746815e-06,1.3110183653746815e-06,B,gemma4-12b/responses/state_202/RGOCG12-50_12mm/M16_Hex_Nut.json,1.4281614249182553e-06,1.4281614249182553e-06,1.4281614249182553e-06,1.084494665338967e-05,1.084494665338967e-05,1.084494665338967e-05,-0.00017414843063068787,-0.00017414843063068787
gemma4:12b,state_202,RGOCG8-50_8mm,round_pin,M16_Hex_Nut,hex_nut,False,False,False,B,../vlm_four_scene_20260925/raw/gemma4-12b/state_202/RGOCG8-50_8mm/M16_Hex_Nut.json,0.00021464632206460294,0.00021464632206460294,0.00021464632206460294,2.0019699270840523e-06,2.0019699270840523e-06,2.0019699270840523e-06,B,gemma4-12b/responses/state_202/RGOCG8-50_8mm/M16_Hex_Nut.json,1.4281614249182553e-06,1.4281614249182553e-06,1.4281614249182553e-06,1.084494665338967e-05,1.084494665338967e-05,1.084494665338967e-05,-0.00021321816063968468,-0.00021321816063968468
gemma4:12b,state_202,USB_Male,USB_Male,M16_Hex_Nut,hex_nut,False,False,False,B,../vlm_four_scene_20260925/raw/gemma4-12b/state_202/USB_Male/M16_Hex_Nut.json,9.101907554635807e-05,9.101907554635807e-05,9.101907554635807e-05,1.9433489573859625e-07,1.9433489573859625e-07,1.9433489573859625e-07,B,gemma4-12b/responses/state_202/USB_Male/M16_Hex_Nut.json,4.5679549084731076e-08,4.5679549084731076e-08,4.5679549084731076e-08,1.0375406505092227e-05,1.0375406505092227e-05,1.0375406505092227e-05,-9.097339599727334e-05,-9.097339599727334e-05
gemma4:12b,state_202,DSUB_Male,DSUB_Male,M16_Hex_Nut,hex_nut,False,False,False,B,../vlm_four_scene_20260925/raw/gemma4-12b/state_202/DSUB_Male/M16_Hex_Nut.json,0.009421876446249868,0.009421876446249868,0.009421876446249868,3.0151668795347295e-05,3.0151668795347295e-05,3.0151668795347295e-05,B,gemma4-12b/responses/state_202/DSUB_Male/M16_Hex_Nut.json,1.6479145397964988e-06,1.6479145397964988e-06,1.6479145397964988e-06,0.0003009712802317011,0.0003009712802317011,0.0003009712802317011,-0.009420228531710071,-0.009420228531710071
gemma4:12b,state_202,Gear_Large,gear,RGOCG16-50_16mm,round_pin,False,False,False,B,../vlm_four_scene_20260925/raw/gemma4-12b/state_202/Gear_Large/RGOCG16-50_16mm.json,1.6553451944487895e-05,1.6553451944487895e-05,1.6553451944487895e-05,4.0533938004532196e-07,4.0533938004532196e-07,4.0533938004532196e-07,C,gemma4-12b/responses/state_202/Gear_Large/RGOCG16-50_16mm.json,1.8470937272940478e-05,1.8470937272940478e-05,1.8470937272940478e-05,0.7200005659878802,0.7200005659878802,0.7200005659878802,1.9174853284525824e-06,1.9174853284525824e-06
gemma4:12b,state_202,Gear_Medium,gear,RGOCG16-50_16mm,round_pin,False,False,False,B,../vlm_four_scene_20260925/raw/gemma4-12b/state_202/Gear_Medium/RGOCG16-50_16mm.json,9.362999229442529e-06,9.362999229442529e-06,9.362999229442529e-06,7.01837954609088e-07,7.01837954609088e-07,7.01837954609088e-07,C,gemma4-12b/responses/state_202/Gear_Medium/RGOCG16-50_16mm.json,1.3827286778581891e-05,1.3827286778581891e-05,1.3827286778581891e-05,0.7219133300822792,0.7219133300822792,0.7219133300822792,4.4642875491393626e-06,4.4642875491393626e-06
gemma4:12b,state_202,Gear_Small,gear,RGOCG16-50_16mm,round_pin,False,False,False,B,../vlm_four_scene_20260925/raw/gemma4-12b/state_202/Gear_Small/RGOCG16-50_16mm.json,1.0849808740097846e-05,1.0849808740097846e-05,1.0849808740097846e-05,2.5896854788448495e-07,2.5896854788448495e-07,2.5896854788448495e-07,C,gemma4-12b/responses/state_202/Gear_Small/RGOCG16-50_16mm.json,1.3827286778581891e-05,1.3827286778581891e-05,1.3827286778581891e-05,0.7219133300822792,0.7219133300822792,0.7219133300822792,2.9774780384840455e-06,2.9774780384840455e-06
gemma4:12b,state_202,Waterproof_Male,Waterproof_Male,RGOCG16-50_16mm,round_pin,False,False,False,B,../vlm_four_scene_20260925/raw/gemma4-12b/state_202/Waterproof_Male/RGOCG16-50_16mm.json,0.0005323027614465741,0.0005323027614465741,0.0005323027614465741,4.5065530988481194e-05,4.5065530988481194e-05,4.5065530988481194e-05,C,gemma4-12b/responses/state_202/Waterproof_Male/RGOCG16-50_16mm.json,2.2835278479709324e-06,2.2835278479709324e-06,2.2835278479709324e-06,0.8908611558332211,0.8908611558332211,0.8908611558332211,-0.0005300192335986032,-0.0005300192335986032
gemma4:12b,state_202,M12_Hex_Nut,hex_nut,RGOCG16-50_16mm,round_pin,False,False,False,B,../vlm_four_scene_20260925/raw/gemma4-12b/state_202/M12_Hex_Nut/RGOCG16-50_16mm.json,5.14526615722228e-05,5.14526615722228e-05,5.14526615722228e-05,1.8798751535004378e-06,1.8798751535004378e-06,1.8798751535004378e-06,B,gemma4-12b/responses/state_202/M12_Hex_Nut/RGOCG16-50_16mm.json,5.029969491477278e-07,5.029969491477278e-07,5.029969491477278e-07,5.2540278482663486e-05,5.2540278482663486e-05,5.2540278482663486e-05,-5.094966462307507e-05,-5.094966462307507e-05
gemma4:12b,state_202,M16_Hex_Nut,hex_nut,RGOCG16-50_16mm,round_pin,False,False,False,B,../vlm_four_scene_20260925/raw/gemma4-12b/state_202/M16_Hex_Nut/RGOCG16-50_16mm.json,1.9355659298176146e-05,1.9355659298176146e-05,1.9355659298176146e-05,5.688108821662069e-07,5.688108821662069e-07,5.688108821662069e-07,B,gemma4-12b/responses/state_202/M16_Hex_Nut/RGOCG16-50_16mm.json,4.0229509888731074e-07,4.0229509888731074e-07,4.0229509888731074e-07,3.546888296351316e-05,3.546888296351316e-05,3.546888296351316e-05,-1.8953364199288836e-05,-1.8953364199288836e-05
gemma4:12b,state_202,RGOCG16-50_16mm,round_pin,RGOCG16-50_16mm,round_pin,True,True,False,A,../vlm_four_scene_20260925/raw/gemma4-12b/state_202/RGOCG16-50_16mm/RGOCG16-50_16mm.json,0.9999951124192492,0.9999951124192492,0.9999951124192492,3.2408088893972327e-08,3.2408088893972327e-08,3.2408088893972327e-08,A,gemma4-12b/responses/state_202/RGOCG16-50_16mm/RGOCG16-50_16mm.json,0.9999958276749297,0.9999958276749297,0.9999958276749297,2.5537800640866933e-07,2.5537800640866933e-07,2.5537800640866933e-07,7.152556804612686e-07,7.152556804612686e-07
gemma4:12b,state_202,RGOCG12-50_12mm,round_pin,RGOCG16-50_16mm,round_pin,True,False,False,A,../vlm_four_scene_20260925/raw/gemma4-12b/state_202/RGOCG12-50_12mm/RGOCG16-50_16mm.json,0.9999974966048697,0.9999974966048697,0.9999974966048697,2.168823652320584e-08,2.168823652320584e-08,2.168823652320584e-08,A,gemma4-12b/responses/state_202/RGOCG12-50_12mm/RGOCG16-50_16mm.json,0.9999969005585001,0.9999969005585001,0.9999969005585001,1.9717998361561437e-07,1.9717998361561437e-07,1.9717998361561437e-07,-5.960463695942053e-07,-5.960463695942053e-07
gemma4:12b,state_202,RGOCG8-50_8mm,round_pin,RGOCG16-50_16mm,round_pin,True,False,False,A,../vlm_four_scene_20260925/raw/gemma4-12b/state_202/RGOCG8-50_8mm/RGOCG16-50_16mm.json,0.999996542930667,0.999996542930667,0.999996542930667,2.9174527219518633e-08,2.9174527219518633e-08,2.9174527219518633e-08,A,gemma4-12b/responses/state_202/RGOCG8-50_8mm/RGOCG16-50_16mm.json,0.9999969005585001,0.9999969005585001,0.9999969005585001,1.9717998361561437e-07,1.9717998361561437e-07,1.9717998361561437e-07,3.5762783312520696e-07,3.5762783312520696e-07
gemma4:12b,state_202,USB_Male,USB_Male,RGOCG16-50_16mm,round_pin,False,False,False,B,../vlm_four_scene_20260925/raw/gemma4-12b/state_202/USB_Male/RGOCG16-50_16mm.json,2.252826397234967e-05,2.252826397234967e-05,2.252826397234967e-05,7.79831074124827e-08,7.79831074124827e-08,7.79831074124827e-08,B,gemma4-12b/responses/state_202/USB_Male/RGOCG16-50_16mm.json,1.714575117409889e-06,1.714575117409889e-06,1.714575117409889e-06,0.014702376776021547,0.014702376776021547,0.014702376776021547,-2.081368885493978e-05,-2.081368885493978e-05
gemma4:12b,state_202,DSUB_Male,DSUB_Male,RGOCG16-50_16mm,round_pin,False,False,False,B,../vlm_four_scene_20260925/raw/gemma4-12b/state_202/DSUB_Male/RGOCG16-50_16mm.json,4.1219381188707065e-06,4.1219381188707065e-06,4.1219381188707065e-06,8.599963320276449e-08,8.599963320276449e-08,8.599963320276449e-08,C,gemma4-12b/responses/state_202/DSUB_Male/RGOCG16-50_16mm.json,1.105080489646421e-06,1.105080489646421e-06,1.105080489646421e-06,0.998099386637415,0.998099386637415,0.998099386637415,-3.0168576292242852e-06,-3.0168576292242852e-06
gemma4:12b,state_202,Gear_Large,gear,RGOCG12-50_12mm,round_pin,False,False,False,B,../vlm_four_scene_20260925/raw/gemma4-12b/state_202/Gear_Large/RGOCG12-50_12mm.json,6.02326977080803e-06,6.02326977080803e-06,6.02326977080803e-06,3.1443411803899766e-07,3.1443411803899766e-07,3.1443411803899766e-07,B,gemma4-12b/responses/state_202/Gear_Large/RGOCG12-50_12mm.json,6.73802024991772e-06,6.73802024991772e-06,6.73802024991772e-06,0.03727384070146312,0.03727384070146312,0.03727384070146312,7.147504791096899e-07,7.147504791096899e-07
gemma4:12b,state_202,Gear_Medium,gear,RGOCG12-50_12mm,round_pin,False,False,False,B,../vlm_four_scene_20260925/raw/gemma4-12b/state_202/Gear_Medium/RGOCG12-50_12mm.json,6.517069049182159e-06,6.517069049182159e-06,6.517069049182159e-06,5.154631815666292e-07,5.154631815666292e-07,5.154631815666292e-07,B,gemma4-12b/responses/state_202/Gear_Medium/RGOCG12-50_12mm.json,8.772719767128821e-06,8.772719767128821e-06,8.772719767128821e-06,0.036888498486419244,0.036888498486419244,0.036888498486419244,2.255650717946662e-06,2.255650717946662e-06
gemma4:12b,state_202,Gear_Small,gear,RGOCG12-50_12mm,round_pin,False,False,False,B,../vlm_four_scene_20260925/raw/gemma4-12b/state_202/Gear_Small/RGOCG12-50_12mm.json,9.766294764698567e-06,9.766294764698567e-06,9.766294764698567e-06,4.424398038931601e-07,4.424398038931601e-07,4.424398038931601e-07,B,gemma4-12b/responses/state_202/Gear_Small/RGOCG12-50_12mm.json,8.772719767128821e-06,8.772719767128821e-06,8.772719767128821e-06,0.036888498486419244,0.036888498486419244,0.036888498486419244,-9.935749975697456e-07,-9.935749975697456e-07
gemma4:12b,state_202,Waterproof_Male,Waterproof_Male,RGOCG12-50_12mm,round_pin,False,False,False,B,../vlm_four_scene_20260925/raw/gemma4-12b/state_202/Waterproof_Male/RGOCG12-50_12mm.json,0.0002336077920965626,0.0002336077920965626,0.0002336077920965626,1.9927173669957234e-05,1.9927173669957234e-05,1.9927173669957234e-05,B,gemma4-12b/responses/state_202/Waterproof_Male/RGOCG12-50_12mm.json,3.861927971667319e-06,3.861927971667319e-06,3.861927971667319e-06,0.2720076243603183,0.2720076243603183,0.2720076243603183,-0.00022974586412489526,-0.00022974586412489526
gemma4:12b,state_202,M12_Hex_Nut,hex_nut,RGOCG12-50_12mm,round_pin,False,False,False,B,../vlm_four_scene_20260925/raw/gemma4-12b/state_202/M12_Hex_Nut/RGOCG12-50_12mm.json,4.9194356371130716e-06,4.9194356371130716e-06,4.9194356371130716e-06,4.53132632016997e-08,4.53132632016997e-08,4.53132632016997e-08,B,gemma4-12b/responses/state_202/M12_Hex_Nut/RGOCG12-50_12mm.json,4.3778886627714714e-07,4.3778886627714714e-07,4.3778886627714714e-07,2.446329621084378e-05,2.446329621084378e-05,2.446329621084378e-05,-4.4816467708359246e-06,-4.4816467708359246e-06
gemma4:12b,state_202,M16_Hex_Nut,hex_nut,RGOCG12-50_12mm,round_pin,False,False,False,B,../vlm_four_scene_20260925/raw/gemma4-12b/state_202/M16_Hex_Nut/RGOCG12-50_12mm.json,1.1481171278254821e-06,1.1481171278254821e-06,1.1481171278254821e-06,3.807210011936629e-08,3.807210011936629e-08,3.807210011936629e-08,B,gemma4-12b/responses/state_202/M16_Hex_Nut/RGOCG12-50_12mm.json,6.451972241004188e-07,6.451972241004188e-07,6.451972241004188e-07,2.7467050858687446e-05,2.7467050858687446e-05,2.7467050858687446e-05,-5.029199037250634e-07,-5.029199037250634e-07
gemma4:12b,state_202,RGOCG16-50_16mm,round_pin,RGOCG12-50_12mm,round_pin,True,False,False,A,../vlm_four_scene_20260925/raw/gemma4-12b/state_202/RGOCG16-50_16mm/RGOCG12-50_12mm.json,0.9999967813491324,0.9999967813491324,0.9999967813491324,5.1950326788434225e-08,5.1950326788434225e-08,5.1950326788434225e-08,A,gemma4-12b/responses/state_202/RGOCG16-50_16mm/RGOCG12-50_12mm.json,0.999996542930667,0.999996542930667,0.999996542930667,2.0051828041283338e-07,2.0051828041283338e-07,2.0051828041283338e-07,-2.3841846541472478e-07,-2.3841846541472478e-07
gemma4:12b,state_202,RGOCG12-50_12mm,round_pin,RGOCG12-50_12mm,round_pin,True,True,False,A,../vlm_four_scene_20260925/raw/gemma4-12b/state_202/RGOCG12-50_12mm/RGOCG12-50_12mm.json,0.9999969005585001,0.9999969005585001,0.9999969005585001,2.437901969795028e-08,2.437901969795028e-08,2.437901969795028e-08,A,gemma4-12b/responses/state_202/RGOCG12-50_12mm/RGOCG12-50_12mm.json,0.9999959468841837,0.9999959468841837,0.9999959468841837,2.1256044944016835e-07,2.1256044944016835e-07,2.1256044944016835e-07,-9.5367431640625e-07,-9.5367431640625e-07
gemma4:12b,state_202,RGOCG8-50_8mm,round_pin,RGOCG12-50_12mm,round_pin,True,False,False,A,../vlm_four_scene_20260925/raw/gemma4-12b/state_202/RGOCG8-50_8mm/RGOCG12-50_12mm.json,0.9999970197676546,0.9999970197676546,0.9999970197676546,3.451014293564651e-08,3.451014293564651e-08,3.451014293564651e-08,A,gemma4-12b/responses/state_202/RGOCG8-50_8mm/RGOCG12-50_12mm.json,0.9999959468841837,0.9999959468841837,0.9999959468841837,2.1256044944016835e-07,2.1256044944016835e-07,2.1256044944016835e-07,-1.0728834709539115e-06,-1.0728834709539115e-06
gemma4:12b,state_202,USB_Male,USB_Male,RGOCG12-50_12mm,round_pin,False,False,False,B,../vlm_four_scene_20260925/raw/gemma4-12b/state_202/USB_Male/RGOCG12-50_12mm.json,3.625719951361274e-05,3.625719951361274e-05,3.625719951361274e-05,5.678396234256511e-07,5.678396234256511e-07,5.678396234256511e-07,B,gemma4-12b/responses/state_202/USB_Male/RGOCG12-50_12mm.json,4.98716715042089e-07,4.98716715042089e-07,4.98716715042089e-07,0.0012698353089910283,0.0012698353089910283,0.0012698353089910283,-3.575848279857065e-05,-3.575848279857065e-05
gemma4:12b,state_202,DSUB_Male,DSUB_Male,RGOCG12-50_12mm,round_pin,False,False,False,B,../vlm_four_scene_20260925/raw/gemma4-12b/state_202/DSUB_Male/RGOCG12-50_12mm.json,2.9644928421674146e-06,2.9644928421674146e-06,2.9644928421674146e-06,8.61298084320217e-08,8.61298084320217e-08,8.61298084320217e-08,C,gemma4-12b/responses/state_202/DSUB_Male/RGOCG12-50_12mm.json,1.4544126264522034e-06,1.4544126264522034e-06,1.4544126264522034e-06,0.9781483411430532,0.9781483411430532,0.9781483411430532,-1.5100802157152112e-06,-1.5100802157152112e-06
gemma4:12b,state_202,Gear_Large,gear,RGOCG8-50_8mm,round_pin,False,False,False,B,../vlm_four_scene_20260925/raw/gemma4-12b/state_202/Gear_Large/RGOCG8-50_8mm.json,2.178738344487771e-05,2.178738344487771e-05,2.178738344487771e-05,2.066362534754499e-06,2.066362534754499e-06,2.066362534754499e-06,C,gemma4-12b/responses/state_202/Gear_Large/RGOCG8-50_8mm.json,5.912709495860234e-06,5.912709495860234e-06,5.912709495860234e-06,0.8764873806399568,0.8764873806399568,0.8764873806399568,-1.5874673949017474e-05,-1.5874673949017474e-05
gemma4:12b,state_202,Gear_Medium,gear,RGOCG8-50_8mm,round_pin,False,False,False,B,../vlm_four_scene_20260925/raw/gemma4-12b/state_202/Gear_Medium/RGOCG8-50_8mm.json,3.921687917357091e-05,3.921687917357091e-05,3.921687917357091e-05,2.9180734273853842e-06,2.9180734273853842e-06,2.9180734273853842e-06,C,gemma4-12b/responses/state_202/Gear_Medium/RGOCG8-50_8mm.json,4.1631945108317465e-06,4.1631945108317465e-06,4.1631945108317465e-06,0.8756406872321504,0.8756406872321504,0.8756406872321504,-3.505368466273917e-05,-3.505368466273917e-05
gemma4:12b,state_202,Gear_Small,gear,RGOCG8-50_8mm,round_pin,False,False,False,B,../vlm_four_scene_20260925/raw/gemma4-12b/state_202/Gear_Small/RGOCG8-50_8mm.json,3.3352741329006654e-05,3.3352741329006654e-05,3.3352741329006654e-05,2.047278877399084e-06,2.047278877399084e-06,2.047278877399084e-06,C,gemma4-12b/responses/state_202/Gear_Small/RGOCG8-50_8mm.json,4.1631945108317465e-06,4.1631945108317465e-06,4.1631945108317465e-06,0.8756406872321504,0.8756406872321504,0.8756406872321504,-2.918954681817491e-05,-2.918954681817491e-05
gemma4:12b,state_202,Waterproof_Male,Waterproof_Male,RGOCG8-50_8mm,round_pin,False,False,False,B,../vlm_four_scene_20260925/raw/gemma4-12b/state_202/Waterproof_Male/RGOCG8-50_8mm.json,0.00032887287277747905,0.00032887287277747905,0.00032887287277747905,2.434325546704788e-05,2.434325546704788e-05,2.434325546704788e-05,C,gemma4-12b/responses/state_202/Waterproof_Male/RGOCG8-50_8mm.json,7.69992376044451e-07,7.69992376044451e-07,7.69992376044451e-07,0.9943360688087969,0.9943360688087969,0.9943360688087969,-0.0003281028804014346,-0.0003281028804014346
gemma4:12b,state_202,M12_Hex_Nut,hex_nut,RGOCG8-50_8mm,round_pin,False,False,False,B,../vlm_four_scene_20260925/raw/gemma4-12b/state_202/M12_Hex_Nut/RGOCG8-50_8mm.json,1.0230168314083645e-05,1.0230168314083645e-05,1.0230168314083645e-05,5.651163015976017e-07,5.651163015976017e-07,5.651163015976017e-07,B,gemma4-12b/responses/state_202/M12_Hex_Nut/RGOCG8-50_8mm.json,1.0616494653212155e-06,1.0616494653212155e-06,1.0616494653212155e-06,0.00019418772370412358,0.00019418772370412358,0.00019418772370412358,-9.16851884876243e-06,-9.16851884876243e-06
gemma4:12b,state_202,M16_Hex_Nut,hex_nut,RGOCG8-50_8mm,round_pin,False,False,False,B,../vlm_four_scene_20260925/raw/gemma4-12b/state_202/M16_Hex_Nut/RGOCG8-50_8mm.json,2.1434335767433734e-06,2.1434335767433734e-06,2.1434335767433734e-06,1.4120795309818093e-07,1.4120795309818093e-07,1.4120795309818093e-07,B,gemma4-12b/responses/state_202/M16_Hex_Nut/RGOCG8-50_8mm.json,6.950452649098579e-07,6.950452649098579e-07,6.950452649098579e-07,8.573403469882335e-05,8.573403469882335e-05,8.573403469882335e-05,-1.4483883118335156e-06,-1.4483883118335156e-06
gemma4:12b,state_202,RGOCG16-50_16mm,round_pin,RGOCG8-50_8mm,round_pin,True,False,False,A,../vlm_four_scene_20260925/raw/gemma4-12b/state_202/RGOCG16-50_16mm/RGOCG8-50_8mm.json,0.9999976158140953,0.9999976158140953,0.9999976158140953,1.2875148678078465e-08,1.2875148678078465e-08,1.2875148678078465e-08,A,gemma4-12b/responses/state_202/RGOCG16-50_16mm/RGOCG8-50_8mm.json,0.9999974966048697,0.9999974966048697,0.9999974966048697,2.354809589829209e-07,2.354809589829209e-07,2.354809589829209e-07,-1.1920922560193503e-07,-1.1920922560193503e-07
gemma4:12b,state_202,RGOCG12-50_12mm,round_pin,RGOCG8-50_8mm,round_pin,True,False,False,A,../vlm_four_scene_20260925/raw/gemma4-12b/state_202/RGOCG12-50_12mm/RGOCG8-50_8mm.json,0.9999961853027344,0.9999961853027344,0.9999961853027344,2.796092150813418e-08,2.796092150813418e-08,2.796092150813418e-08,A,gemma4-12b/responses/state_202/RGOCG12-50_12mm/RGOCG8-50_8mm.json,0.9999973773956583,0.9999973773956583,0.9999973773956583,2.8019207433194684e-07,2.8019207433194684e-07,2.8019207433194684e-07,1.192092923929522e-06,1.192092923929522e-06
gemma4:12b,state_202,RGOCG8-50_8mm,round_pin,RGOCG8-50_8mm,round_pin,True,True,False,A,../vlm_four_scene_20260925/raw/gemma4-12b/state_202/RGOCG8-50_8mm/RGOCG8-50_8mm.json,0.999996542930667,0.999996542930667,0.999996542930667,2.5354134580508154e-08,2.5354134580508154e-08,2.5354134580508154e-08,A,gemma4-12b/responses/state_202/RGOCG8-50_8mm/RGOCG8-50_8mm.json,0.9999973773956583,0.9999973773956583,0.9999973773956583,2.8019207433194684e-07,2.8019207433194684e-07,2.8019207433194684e-07,8.34464991328332e-07,8.34464991328332e-07
gemma4:12b,state_202,USB_Male,USB_Male,RGOCG8-50_8mm,round_pin,False,False,False,B,../vlm_four_scene_20260925/raw/gemma4-12b/state_202/USB_Male/RGOCG8-50_8mm.json,1.2709146955790896e-05,1.2709146955790896e-05,1.2709146955790896e-05,1.0793191632457323e-07,1.0793191632457323e-07,1.0793191632457323e-07,B,gemma4-12b/responses/state_202/USB_Male/RGOCG8-50_8mm.json,2.8840658403495733e-06,2.8840658403495733e-06,2.8840658403495733e-06,0.04950453232473669,0.04950453232473669,0.04950453232473669,-9.825081115441322e-06,-9.825081115441322e-06
gemma4:12b,state_202,DSUB_Male,DSUB_Male,RGOCG8-50_8mm,round_pin,False,False,False,B,../vlm_four_scene_20260925/raw/gemma4-12b/state_202/DSUB_Male/RGOCG8-50_8mm.json,3.82242109679038e-06,3.82242109679038e-06,3.82242109679038e-06,1.5525351992165014e-07,1.5525351992165014e-07,1.5525351992165014e-07,C,gemma4-12b/responses/state_202/DSUB_Male/RGOCG8-50_8mm.json,2.9979916224713086e-07,2.9979916224713086e-07,2.9979916224713086e-07,0.9910881518179205,0.9910881518179205,0.9910881518179205,-3.5226219345432493e-06,-3.5226219345432493e-06
gemma4:12b,state_202,Gear_Large,gear,USB_Male,USB_Male,False,False,False,B,../vlm_four_scene_20260925/raw/gemma4-12b/state_202/Gear_Large/USB_Male.json,9.694748226601055e-06,9.694748226601055e-06,9.694748226601055e-06,1.255939754521031e-06,1.255939754521031e-06,1.255939754521031e-06,B,gemma4-12b/responses/state_202/Gear_Large/USB_Male.json,6.765879024368529e-07,6.765879024368529e-07,6.765879024368529e-07,0.015609413535435147,0.015609413535435147,0.015609413535435147,-9.018160324164202e-06,-9.018160324164202e-06
gemma4:12b,state_202,Gear_Medium,gear,USB_Male,USB_Male,False,False,False,B,../vlm_four_scene_20260925/raw/gemma4-12b/state_202/Gear_Medium/USB_Male.json,6.459379057347959e-05,6.459379057347959e-05,6.459379057347959e-05,2.5281062993000245e-05,2.5281062993000245e-05,2.5281062993000245e-05,B,gemma4-12b/responses/state_202/Gear_Medium/USB_Male.json,8.466306510586076e-07,8.466306510586076e-07,8.466306510586076e-07,0.013501447953075686,0.013501447953075686,0.013501447953075686,-6.374715992242098e-05,-6.374715992242098e-05
gemma4:12b,state_202,Gear_Small,gear,USB_Male,USB_Male,False,False,False,B,../vlm_four_scene_20260925/raw/gemma4-12b/state_202/Gear_Small/USB_Male.json,3.3825832432549346e-05,3.3825832432549346e-05,3.3825832432549346e-05,6.130194679805161e-06,6.130194679805161e-06,6.130194679805161e-06,B,gemma4-12b/responses/state_202/Gear_Small/USB_Male.json,8.466306510586076e-07,8.466306510586076e-07,8.466306510586076e-07,0.013501447953075686,0.013501447953075686,0.013501447953075686,-3.297920178149074e-05,-3.297920178149074e-05
gemma4:12b,state_202,Waterproof_Male,Waterproof_Male,USB_Male,USB_Male,False,False,False,A,../vlm_four_scene_20260925/raw/gemma4-12b/state_202/Waterproof_Male/USB_Male.json,0.9999245405220246,0.9999245405220246,0.9999245405220246,2.59547964901834e-08,2.59547964901834e-08,2.59547964901834e-08,B,gemma4-12b/responses/state_202/Waterproof_Male/USB_Male.json,0.0014330793421647333,0.0014330793421647333,0.0014330793421647333,0.0187436662159,0.0187436662159,0.0187436662159,-0.9984914611798599,-0.9984914611798599
gemma4:12b,state_202,M12_Hex_Nut,hex_nut,USB_Male,USB_Male,False,False,False,B,../vlm_four_scene_20260925/raw/gemma4-12b/state_202/M12_Hex_Nut/USB_Male.json,4.38284756907311e-05,4.38284756907311e-05,4.38284756907311e-05,8.663769731656897e-06,8.663769731656897e-06,8.663769731656897e-06,B,gemma4-12b/responses/state_202/M12_Hex_Nut/USB_Male.json,1.4568697533503477e-06,1.4568697533503477e-06,1.4568697533503477e-06,0.002795363388324668,0.002795363388324668,0.002795363388324668,-4.2371605937380754e-05,-4.2371605937380754e-05
gemma4:12b,state_202,M16_Hex_Nut,hex_nut,USB_Male,USB_Male,False,False,False,B,../vlm_four_scene_20260925/raw/gemma4-12b/state_202/M16_Hex_Nut/USB_Male.json,1.4938319786201342e-05,1.4938319786201342e-05,1.4938319786201342e-05,8.952300620826879e-06,8.952300620826879e-06,8.952300620826879e-06,B,gemma4-12b/responses/state_202/M16_Hex_Nut/USB_Male.json,1.9698705567447193e-06,1.9698705567447193e-06,1.9698705567447193e-06,0.004541372477518343,0.004541372477518343,0.004541372477518343,-1.2968449229456623e-05,-1.2968449229456623e-05
gemma4:12b,state_202,RGOCG16-50_16mm,round_pin,USB_Male,USB_Male,False,False,False,B,../vlm_four_scene_20260925/raw/gemma4-12b/state_202/RGOCG16-50_16mm/USB_Male.json,0.03455287034696274,0.03455287034696274,0.03455287034696274,0.0008217248134957238,0.0008217248134957238,0.0008217248134957238,B,gemma4-12b/responses/state_202/RGOCG16-50_16mm/USB_Male.json,0.0001009330970848753,0.0001009330970848753,0.0001009330970848753,0.00681308536046823,0.00681308536046823,0.00681308536046823,-0.03445193724987787,-0.03445193724987787
gemma4:12b,state_202,RGOCG12-50_12mm,round_pin,USB_Male,USB_Male,False,False,False,B,../vlm_four_scene_20260925/raw/gemma4-12b/state_202/RGOCG12-50_12mm/USB_Male.json,0.009711563035800794,0.009711563035800794,0.009711563035800794,0.0017823287892294855,0.0017823287892294855,0.0017823287892294855,B,gemma4-12b/responses/state_202/RGOCG12-50_12mm/USB_Male.json,7.608025917714686e-05,7.608025917714686e-05,7.608025917714686e-05,0.005466858553412421,0.005466858553412421,0.005466858553412421,-0.009635482776623646,-0.009635482776623646
gemma4:12b,state_202,RGOCG8-50_8mm,round_pin,USB_Male,USB_Male,False,False,False,B,../vlm_four_scene_20260925/raw/gemma4-12b/state_202/RGOCG8-50_8mm/USB_Male.json,0.011801924088163608,0.011801924088163608,0.011801924088163608,0.0018706062363107632,0.0018706062363107632,0.0018706062363107632,B,gemma4-12b/responses/state_202/RGOCG8-50_8mm/USB_Male.json,7.608025917714686e-05,7.608025917714686e-05,7.608025917714686e-05,0.005466858553412421,0.005466858553412421,0.005466858553412421,-0.01172584382898646,-0.01172584382898646
gemma4:12b,state_202,USB_Male,USB_Male,USB_Male,USB_Male,True,True,False,A,../vlm_four_scene_20260925/raw/gemma4-12b/state_202/USB_Male/USB_Male.json,0.9999927282334015,0.9999927282334015,0.9999927282334015,5.905918267845482e-08,5.905918267845482e-08,5.905918267845482e-08,A,gemma4-12b/responses/state_202/USB_Male/USB_Male.json,0.9999949932096399,0.9999949932096399,0.9999949932096399,4.379772028836986e-07,4.379772028836986e-07,4.379772028836986e-07,2.2649762384530092e-06,2.2649762384530092e-06
gemma4:12b,state_202,DSUB_Male,DSUB_Male,USB_Male,USB_Male,False,False,False,A,../vlm_four_scene_20260925/raw/gemma4-12b/state_202/DSUB_Male/USB_Male.json,0.999241471282173,0.999241471282173,0.999241471282173,1.0332699148352543e-07,1.0332699148352543e-07,1.0332699148352543e-07,A,gemma4-12b/responses/state_202/DSUB_Male/USB_Male.json,0.99995839595758,0.99995839595758,0.99995839595758,6.986062428836468e-06,6.986062428836468e-06,6.986062428836468e-06,0.0007169246754069603,0.0007169246754069603
gemma4:12b,state_202,Gear_Large,gear,DSUB_Male,DSUB_Male,False,False,False,B,../vlm_four_scene_20260925/raw/gemma4-12b/state_202/Gear_Large/DSUB_Male.json,4.024156114314274e-05,4.024156114314274e-05,4.024156114314274e-05,1.6747164738962786e-06,1.6747164738962786e-06,1.6747164738962786e-06,B,gemma4-12b/responses/state_202/Gear_Large/DSUB_Male.json,4.6888674159865583e-07,4.6888674159865583e-07,4.6888674159865583e-07,0.0002948981543297688,0.0002948981543297688,0.0002948981543297688,-3.977267440154408e-05,-3.977267440154408e-05
gemma4:12b,state_202,Gear_Medium,gear,DSUB_Male,DSUB_Male,False,False,False,B,../vlm_four_scene_20260925/raw/gemma4-12b/state_202/Gear_Medium/DSUB_Male.json,4.129085076521757e-05,4.129085076521757e-05,4.129085076521757e-05,1.0234925263876557e-06,1.0234925263876557e-06,1.0234925263876557e-06,B,gemma4-12b/responses/state_202/Gear_Medium/DSUB_Male.json,7.418331648817066e-07,7.418331648817066e-07,7.418331648817066e-07,0.00043202404804252583,0.00043202404804252583,0.00043202404804252583,-4.054901760033586e-05,-4.054901760033586e-05
gemma4:12b,state_202,Gear_Small,gear,DSUB_Male,DSUB_Male,False,False,False,B,../vlm_four_scene_20260925/raw/gemma4-12b/state_202/Gear_Small/DSUB_Male.json,2.1896741840767525e-05,2.1896741840767525e-05,2.1896741840767525e-05,4.82312802277479e-07,4.82312802277479e-07,4.82312802277479e-07,B,gemma4-12b/responses/state_202/Gear_Small/DSUB_Male.json,7.418331648817066e-07,7.418331648817066e-07,7.418331648817066e-07,0.00043202404804252583,0.00043202404804252583,0.00043202404804252583,-2.115490867588582e-05,-2.115490867588582e-05
gemma4:12b,state_202,Waterproof_Male,Waterproof_Male,DSUB_Male,DSUB_Male,False,False,False,A,../vlm_four_scene_20260925/raw/gemma4-12b/state_202/Waterproof_Male/DSUB_Male.json,0.9999970197676546,0.9999970197676546,0.9999970197676546,1.1309781285789626e-08,1.1309781285789626e-08,1.1309781285789626e-08,A,gemma4-12b/responses/state_202/Waterproof_Male/DSUB_Male.json,0.999996304512031,0.999996304512031,0.999996304512031,1.364788087913536e-07,1.364788087913536e-07,1.364788087913536e-07,-7.152556236178498e-07,-7.152556236178498e-07
gemma4:12b,state_202,M12_Hex_Nut,hex_nut,DSUB_Male,DSUB_Male,False,False,False,B,../vlm_four_scene_20260925/raw/gemma4-12b/state_202/M12_Hex_Nut/DSUB_Male.json,5.6853866861375914e-05,5.6853866861375914e-05,5.6853866861375914e-05,1.2800479083072103e-06,1.2800479083072103e-06,1.2800479083072103e-06,B,gemma4-12b/responses/state_202/M12_Hex_Nut/DSUB_Male.json,1.3497197820540226e-06,1.3497197820540226e-06,1.3497197820540226e-06,0.002354990678550903,0.002354990678550903,0.002354990678550903,-5.550414707932189e-05,-5.550414707932189e-05
gemma4:12b,state_202,M16_Hex_Nut,hex_nut,DSUB_Male,DSUB_Male,False,False,False,B,../vlm_four_scene_20260925/raw/gemma4-12b/state_202/M16_Hex_Nut/DSUB_Male.json,3.433109689057736e-05,3.433109689057736e-05,3.433109689057736e-05,1.3707825922024047e-06,1.3707825922024047e-06,1.3707825922024047e-06,B,gemma4-12b/responses/state_202/M16_Hex_Nut/DSUB_Male.json,1.3840855539652576e-06,1.3840855539652576e-06,1.3840855539652576e-06,0.001659358375432743,0.001659358375432743,0.001659358375432743,-3.2947011336612104e-05,-3.2947011336612104e-05
gemma4:12b,state_202,RGOCG16-50_16mm,round_pin,DSUB_Male,DSUB_Male,False,False,False,A,../vlm_four_scene_20260925/raw/gemma4-12b/state_202/RGOCG16-50_16mm/DSUB_Male.json,0.9993833303414573,0.9993833303414573,0.9993833303414573,1.7210756696133553e-06,1.7210756696133553e-06,1.7210756696133553e-06,B,gemma4-12b/responses/state_202/RGOCG16-50_16mm/DSUB_Male.json,1.6552638425173577e-06,1.6552638425173577e-06,1.6552638425173577e-06,0.004469869349468777,0.004469869349468777,0.004469869349468777,-0.9993816750776148,-0.9993816750776148
gemma4:12b,state_202,RGOCG12-50_12mm,round_pin,DSUB_Male,DSUB_Male,False,False,False,A,../vlm_four_scene_20260925/raw/gemma4-12b/state_202/RGOCG12-50_12mm/DSUB_Male.json,0.9997492432720181,0.9997492432720181,0.9997492432720181,7.621191173489051e-07,7.621191173489051e-07,7.621191173489051e-07,B,gemma4-12b/responses/state_202/RGOCG12-50_12mm/DSUB_Male.json,1.6515945537247606e-06,1.6515945537247606e-06,1.6515945537247606e-06,0.006133452471731657,0.006133452471731657,0.006133452471731657,-0.9997475916774644,-0.9997475916774644
gemma4:12b,state_202,RGOCG8-50_8mm,round_pin,DSUB_Male,DSUB_Male,False,False,False,A,../vlm_four_scene_20260925/raw/gemma4-12b/state_202/RGOCG8-50_8mm/DSUB_Male.json,0.9998996257810646,0.9998996257810646,0.9998996257810646,4.435432940814103e-07,4.435432940814103e-07,4.435432940814103e-07,B,gemma4-12b/responses/state_202/RGOCG8-50_8mm/DSUB_Male.json,1.6515945537247606e-06,1.6515945537247606e-06,1.6515945537247606e-06,0.006133452471731657,0.006133452471731657,0.006133452471731657,-0.9998979741865109,-0.9998979741865109
gemma4:12b,state_202,USB_Male,USB_Male,DSUB_Male,DSUB_Male,False,False,False,B,../vlm_four_scene_20260925/raw/gemma4-12b/state_202/USB_Male/DSUB_Male.json,0.000587803465386099,0.000587803465386099,0.000587803465386099,1.6319964414095444e-06,1.6319964414095444e-06,1.6319964414095444e-06,B,gemma4-12b/responses/state_202/USB_Male/DSUB_Male.json,2.9867095183258508e-06,2.9867095183258508e-06,2.9867095183258508e-06,5.453616077105914e-05,5.453616077105914e-05,5.453616077105914e-05,-0.0005848167558677731,-0.0005848167558677731
gemma4:12b,state_202,DSUB_Male,DSUB_Male,DSUB_Male,DSUB_Male,True,True,False,A,../vlm_four_scene_20260925/raw/gemma4-12b/state_202/DSUB_Male/DSUB_Male.json,0.9999957084656899,0.9999957084656899,0.9999957084656899,2.5962322317594585e-08,2.5962322317594585e-08,2.5962322317594585e-08,A,gemma4-12b/responses/state_202/DSUB_Male/DSUB_Male.json,0.9999957084656899,0.9999957084656899,0.9999957084656899,2.8885428418216484e-07,2.8885428418216484e-07,2.8885428418216484e-07,0.0,0.0
gemma4:12b,state_303,Gear_Large,gear,Gear_Large,gear,True,True,False,A,../vlm_four_scene_20260925/raw/gemma4-12b/state_303/Gear_Large/Gear_Large.json,0.9980188607784208,0.9980188607784208,0.9980188607784208,1.393679789442131e-07,1.393679789442131e-07,1.393679789442131e-07,A,gemma4-12b/responses/state_303/Gear_Large/Gear_Large.json,0.9999936819076042,0.9999936819076042,0.9999936819076042,1.1822159859388455e-06,1.1822159859388455e-06,1.1822159859388455e-06,0.001974821129183346,0.001974821129183346
gemma4:12b,state_303,Gear_Medium,gear,Gear_Large,gear,True,False,False,A,../vlm_four_scene_20260925/raw/gemma4-12b/state_303/Gear_Medium/Gear_Large.json,0.9993683696059685,0.9993683696059685,0.9993683696059685,4.4729369141911193e-07,4.4729369141911193e-07,4.4729369141911193e-07,A,gemma4-12b/responses/state_303/Gear_Medium/Gear_Large.json,0.9999946355818068,0.9999946355818068,0.9999946355818068,9.187871662020647e-07,9.187871662020647e-07,9.187871662020647e-07,0.0006262659758382583,0.0006262659758382583
gemma4:12b,state_303,Gear_Small,gear,Gear_Large,gear,True,False,False,A,../vlm_four_scene_20260925/raw/gemma4-12b/state_303/Gear_Small/Gear_Large.json,0.9994850158637554,0.9994850158637554,0.9994850158637554,3.398977855106515e-07,3.398977855106515e-07,3.398977855106515e-07,A,gemma4-12b/responses/state_303/Gear_Small/Gear_Large.json,0.9999946355818068,0.9999946355818068,0.9999946355818068,9.187871662020647e-07,9.187871662020647e-07,9.187871662020647e-07,0.0005096197180514128,0.0005096197180514128
gemma4:12b,state_303,Waterproof_Male,Waterproof_Male,Gear_Large,gear,False,False,False,B,../vlm_four_scene_20260925/raw/gemma4-12b/state_303/Waterproof_Male/Gear_Large.json,0.0001315918697838155,0.0001315918697838155,0.0001315918697838155,5.227361358247248e-06,5.227361358247248e-06,5.227361358247248e-06,B,gemma4-12b/responses/state_303/Waterproof_Male/Gear_Large.json,2.4614179112851804e-06,2.4614179112851804e-06,2.4614179112851804e-06,0.0003603642360133691,0.0003603642360133691,0.0003603642360133691,-0.0001291304518725303,-0.0001291304518725303
gemma4:12b,state_303,M12_Hex_Nut,hex_nut,Gear_Large,gear,False,False,False,B,../vlm_four_scene_20260925/raw/gemma4-12b/state_303/M12_Hex_Nut/Gear_Large.json,1.0254348111275711e-06,1.0254348111275711e-06,1.0254348111275711e-06,2.7295084132936746e-08,2.7295084132936746e-08,2.7295084132936746e-08,B,gemma4-12b/responses/state_303/M12_Hex_Nut/Gear_Large.json,2.4373615534096757e-07,2.4373615534096757e-07,2.4373615534096757e-07,8.064227177206601e-07,8.064227177206601e-07,8.064227177206601e-07,-7.816986557866036e-07,-7.816986557866036e-07
gemma4:12b,state_303,M16_Hex_Nut,hex_nut,Gear_Large,gear,False,False,False,B,../vlm_four_scene_20260925/raw/gemma4-12b/state_303/M16_Hex_Nut/Gear_Large.json,1.0047067425595347e-06,1.0047067425595347e-06,1.0047067425595347e-06,1.8073392697024847e-08,1.8073392697024847e-08,1.8073392697024847e-08,B,gemma4-12b/responses/state_303/M16_Hex_Nut/Gear_Large.json,1.641318469905955e-07,1.641318469905955e-07,1.641318469905955e-07,6.022789953477253e-07,6.022789953477253e-07,6.022789953477253e-07,-8.405748955689393e-07,-8.405748955689393e-07
gemma4:12b,state_303,RGOCG16-50_16mm,round_pin,Gear_Large,gear,False,False,False,B,../vlm_four_scene_20260925/raw/gemma4-12b/state_303/RGOCG16-50_16mm/Gear_Large.json,0.0003082052954294311,0.0003082052954294311,0.0003082052954294311,1.0399022445799056e-05,1.0399022445799056e-05,1.0399022445799056e-05,B,gemma4-12b/responses/state_303/RGOCG16-50_16mm/Gear_Large.json,3.7502515894976877e-06,3.7502515894976877e-06,3.7502515894976877e-06,3.365673636473054e-05,3.365673636473054e-05,3.365673636473054e-05,-0.00030445504383993344,-0.00030445504383993344
gemma4:12b,state_303,RGOCG12-50_12mm,round_pin,Gear_Large,gear,False,False,False,B,../vlm_four_scene_20260925/raw/gemma4-12b/state_303/RGOCG12-50_12mm/Gear_Large.json,0.0007496316738415343,0.0007496316738415343,0.0007496316738415343,4.261403769417818e-05,4.261403769417818e-05,4.261403769417818e-05,B,gemma4-12b/responses/state_303/RGOCG12-50_12mm/Gear_Large.json,3.930739703820103e-06,3.930739703820103e-06,3.930739703820103e-06,3.922032013652061e-05,3.922032013652061e-05,3.922032013652061e-05,-0.0007457009341377142,-0.0007457009341377142
gemma4:12b,state_303,RGOCG8-50_8mm,round_pin,Gear_Large,gear,False,False,False,B,../vlm_four_scene_20260925/raw/gemma4-12b/state_303/RGOCG8-50_8mm/Gear_Large.json,0.00037972333416639757,0.00037972333416639757,0.00037972333416639757,1.4890543056328196e-05,1.4890543056328196e-05,1.4890543056328196e-05,B,gemma4-12b/responses/state_303/RGOCG8-50_8mm/Gear_Large.json,3.930739703820103e-06,3.930739703820103e-06,3.930739703820103e-06,3.922032013652061e-05,3.922032013652061e-05,3.922032013652061e-05,-0.0003757925944625775,-0.0003757925944625775
gemma4:12b,state_303,USB_Male,USB_Male,Gear_Large,gear,False,False,False,B,../vlm_four_scene_20260925/raw/gemma4-12b/state_303/USB_Male/Gear_Large.json,1.232206912816888e-06,1.232206912816888e-06,1.232206912816888e-06,,0.0,0.0001,B,gemma4-12b/responses/state_303/USB_Male/Gear_Large.json,1.1911604076813399e-07,1.1911604076813399e-07,1.1911604076813399e-07,3.59158075257966e-05,3.59158075257966e-05,3.59158075257966e-05,-1.113090872048754e-06,-1.113090872048754e-06
gemma4:12b,state_303,DSUB_Male,DSUB_Male,Gear_Large,gear,False,False,False,B,../vlm_four_scene_20260925/raw/gemma4-12b/state_303/DSUB_Male/Gear_Large.json,1.3246644857714457e-06,1.3246644857714457e-06,1.3246644857714457e-06,4.6946638716653e-08,4.6946638716653e-08,4.6946638716653e-08,B,gemma4-12b/responses/state_303/DSUB_Male/Gear_Large.json,8.523371923508163e-07,8.523371923508163e-07,8.523371923508163e-07,0.00011262649983151669,0.00011262649983151669,0.00011262649983151669,-4.723272934206294e-07,-4.723272934206294e-07
gemma4:12b,state_303,Gear_Large,gear,Gear_Medium,gear,True,False,False,A,../vlm_four_scene_20260925/raw/gemma4-12b/state_303/Gear_Large/Gear_Medium.json,0.9999855756763135,0.9999855756763135,0.9999855756763135,4.355614962207995e-08,4.355614962207995e-08,4.355614962207995e-08,A,gemma4-12b/responses/state_303/Gear_Large/Gear_Medium.json,0.9999961853027344,0.9999961853027344,0.9999961853027344,3.920543389615587e-07,3.920543389615587e-07,3.920543389615587e-07,1.060962642085439e-05,1.060962642085439e-05
gemma4:12b,state_303,Gear_Medium,gear,Gear_Medium,gear,True,True,False,A,../vlm_four_scene_20260925/raw/gemma4-12b/state_303/Gear_Medium/Gear_Medium.json,0.9999824762351839,0.9999824762351839,0.9999824762351839,4.106255611224213e-08,4.106255611224213e-08,4.106255611224213e-08,A,gemma4-12b/responses/state_303/Gear_Medium/Gear_Medium.json,0.9999976158140953,0.9999976158140953,0.9999976158140953,2.9948825266645765e-07,2.9948825266645765e-07,2.9948825266645765e-07,1.5139578911416152e-05,1.5139578911416152e-05
gemma4:12b,state_303,Gear_Small,gear,Gear_Medium,gear,True,False,False,A,../vlm_four_scene_20260925/raw/gemma4-12b/state_303/Gear_Small/Gear_Medium.json,0.9999672174443124,0.9999672174443124,0.9999672174443124,4.143445162956776e-08,4.143445162956776e-08,4.143445162956776e-08,A,gemma4-12b/responses/state_303/Gear_Small/Gear_Medium.json,0.9999976158140953,0.9999976158140953,0.9999976158140953,2.9948825266645765e-07,2.9948825266645765e-07,2.9948825266645765e-07,3.0398369782913548e-05,3.0398369782913548e-05
gemma4:12b,state_303,Waterproof_Male,Waterproof_Male,Gear_Medium,gear,False,False,False,B,../vlm_four_scene_20260925/raw/gemma4-12b/state_303/Waterproof_Male/Gear_Medium.json,1.2028441591384076e-05,1.2028441591384076e-05,1.2028441591384076e-05,2.7521771712216394e-07,2.7521771712216394e-07,2.7521771712216394e-07,B,gemma4-12b/responses/state_303/Waterproof_Male/Gear_Medium.json,8.219132259807243e-07,8.219132259807243e-07,8.219132259807243e-07,6.259003152292526e-05,6.259003152292526e-05,6.259003152292526e-05,-1.120652836540335e-05,-1.120652836540335e-05
gemma4:12b,state_303,M12_Hex_Nut,hex_nut,Gear_Medium,gear,False,False,False,B,../vlm_four_scene_20260925/raw/gemma4-12b/state_303/M12_Hex_Nut/Gear_Medium.json,1.1915416277430743e-06,1.1915416277430743e-06,1.1915416277430743e-06,2.8518601616213075e-08,2.8518601616213075e-08,2.8518601616213075e-08,B,gemma4-12b/responses/state_303/M12_Hex_Nut/Gear_Medium.json,1.1307004632483703e-07,1.1307004632483703e-07,1.1307004632483703e-07,1.6640473561634025e-07,1.6640473561634025e-07,1.6640473561634025e-07,-1.0784715814182374e-06,-1.0784715814182374e-06
gemma4:12b,state_303,M16_Hex_Nut,hex_nut,Gear_Medium,gear,False,False,False,B,../vlm_four_scene_20260925/raw/gemma4-12b/state_303/M16_Hex_Nut/Gear_Medium.json,8.489041347929354e-07,8.489041347929354e-07,8.489041347929354e-07,1.8276324131273006e-08,1.8276324131273006e-08,1.8276324131273006e-08,B,gemma4-12b/responses/state_303/M16_Hex_Nut/Gear_Medium.json,1.1707064049849547e-07,1.1707064049849547e-07,1.1707064049849547e-07,2.9328977570902437e-07,2.9328977570902437e-07,2.9328977570902437e-07,-7.3183349429444e-07,-7.3183349429444e-07
gemma4:12b,state_303,RGOCG16-50_16mm,round_pin,Gear_Medium,gear,False,False,False,B,../vlm_four_scene_20260925/raw/gemma4-12b/state_303/RGOCG16-50_16mm/Gear_Medium.json,0.0018171666440396767,0.0018171666440396767,0.0018171666440396767,4.7954260436442664e-05,4.7954260436442664e-05,4.7954260436442664e-05,B,gemma4-12b/responses/state_303/RGOCG16-50_16mm/Gear_Medium.json,1.0191995216566012e-05,1.0191995216566012e-05,1.0191995216566012e-05,0.00010506888304277363,0.00010506888304277363,0.00010506888304277363,-0.0018069746488231107,-0.0018069746488231107
gemma4:12b,state_303,RGOCG12-50_12mm,round_pin,Gear_Medium,gear,False,False,False,B,../vlm_four_scene_20260925/raw/gemma4-12b/state_303/RGOCG12-50_12mm/Gear_Medium.json,0.003284264098383503,0.003284264098383503,0.003284264098383503,5.340559800373681e-05,5.340559800373681e-05,5.340559800373681e-05,B,gemma4-12b/responses/state_303/RGOCG12-50_12mm/Gear_Medium.json,7.6291578192666605e-06,7.6291578192666605e-06,7.6291578192666605e-06,9.619638250174336e-05,9.619638250174336e-05,9.619638250174336e-05,-0.0032766349405642364,-0.0032766349405642364
gemma4:12b,state_303,RGOCG8-50_8mm,round_pin,Gear_Medium,gear,False,False,False,B,../vlm_four_scene_20260925/raw/gemma4-12b/state_303/RGOCG8-50_8mm/Gear_Medium.json,0.003711924670801454,0.003711924670801454,0.003711924670801454,7.505526546674911e-05,7.505526546674911e-05,7.505526546674911e-05,B,gemma4-12b/responses/state_303/RGOCG8-50_8mm/Gear_Medium.json,7.6291578192666605e-06,7.6291578192666605e-06,7.6291578192666605e-06,9.619638250174336e-05,9.619638250174336e-05,9.619638250174336e-05,-0.0037042955129821874,-0.0037042955129821874
gemma4:12b,state_303,USB_Male,USB_Male,Gear_Medium,gear,False,False,False,B,../vlm_four_scene_20260925/raw/gemma4-12b/state_303/USB_Male/Gear_Medium.json,1.421393386252157e-06,1.421393386252157e-06,1.421393386252157e-06,,0.0,0.0001,B,gemma4-12b/responses/state_303/USB_Male/Gear_Medium.json,8.974807739704801e-08,8.974807739704801e-08,8.974807739704801e-08,2.4175108353027547e-05,2.4175108353027547e-05,2.4175108353027547e-05,-1.331645308855109e-06,-1.331645308855109e-06
gemma4:12b,state_303,DSUB_Male,DSUB_Male,Gear_Medium,gear,False,False,False,B,../vlm_four_scene_20260925/raw/gemma4-12b/state_303/DSUB_Male/Gear_Medium.json,1.2859037658667602e-06,1.2859037658667602e-06,1.2859037658667602e-06,2.177843823342819e-08,2.177843823342819e-08,2.177843823342819e-08,B,gemma4-12b/responses/state_303/DSUB_Male/Gear_Medium.json,2.533894307379797e-07,2.533894307379797e-07,2.533894307379797e-07,9.58307611933198e-05,9.58307611933198e-05,9.58307611933198e-05,-1.0325143351287804e-06,-1.0325143351287804e-06
gemma4:12b,state_303,Gear_Large,gear,Gear_Small,gear,True,False,False,A,../vlm_four_scene_20260925/raw/gemma4-12b/state_303/Gear_Large/Gear_Small.json,0.9999945163727091,0.9999945163727091,0.9999945163727091,2.7451401397721436e-08,2.7451401397721436e-08,2.7451401397721436e-08,A,gemma4-12b/responses/state_303/Gear_Large/Gear_Small.json,0.9999964237213419,0.9999964237213419,0.9999964237213419,5.117089285770931e-07,5.117089285770931e-07,5.117089285770931e-07,1.9073486328125e-06,1.9073486328125e-06
gemma4:12b,state_303,Gear_Medium,gear,Gear_Small,gear,True,False,False,A,../vlm_four_scene_20260925/raw/gemma4-12b/state_303/Gear_Medium/Gear_Small.json,0.9999914169306978,0.9999914169306978,0.9999914169306978,5.7942729885665585e-08,5.7942729885665585e-08,5.7942729885665585e-08,A,gemma4-12b/responses/state_303/Gear_Medium/Gear_Small.json,0.9999970197676546,0.9999970197676546,0.9999970197676546,4.316379196583686e-07,4.316379196583686e-07,4.316379196583686e-07,5.602836956830615e-06,5.602836956830615e-06
gemma4:12b,state_303,Gear_Small,gear,Gear_Small,gear,True,True,False,A,../vlm_four_scene_20260925/raw/gemma4-12b/state_303/Gear_Small/Gear_Small.json,0.9999854564669316,0.9999854564669316,0.9999854564669316,5.021033359582806e-08,5.021033359582806e-08,5.021033359582806e-08,A,gemma4-12b/responses/state_303/Gear_Small/Gear_Small.json,0.9999970197676546,0.9999970197676546,0.9999970197676546,4.316379196583686e-07,4.316379196583686e-07,4.316379196583686e-07,1.1563300723049785e-05,1.1563300723049785e-05
gemma4:12b,state_303,Waterproof_Male,Waterproof_Male,Gear_Small,gear,False,False,False,B,../vlm_four_scene_20260925/raw/gemma4-12b/state_303/Waterproof_Male/Gear_Small.json,3.468632506391744e-05,3.468632506391744e-05,3.468632506391744e-05,2.251510776114191e-06,2.251510776114191e-06,2.251510776114191e-06,B,gemma4-12b/responses/state_303/Waterproof_Male/Gear_Small.json,7.197489233511175e-07,7.197489233511175e-07,7.197489233511175e-07,0.00015034714055547888,0.00015034714055547888,0.00015034714055547888,-3.3966576140566326e-05,-3.3966576140566326e-05
gemma4:12b,state_303,M12_Hex_Nut,hex_nut,Gear_Small,gear,False,False,False,B,../vlm_four_scene_20260925/raw/gemma4-12b/state_303/M12_Hex_Nut/Gear_Small.json,2.760637771980001e-06,2.760637771980001e-06,2.760637771980001e-06,8.071186109803864e-08,8.071186109803864e-08,8.071186109803864e-08,B,gemma4-12b/responses/state_303/M12_Hex_Nut/Gear_Small.json,9.966603525767542e-08,9.966603525767542e-08,9.966603525767542e-08,2.0396755318800472e-07,2.0396755318800472e-07,2.0396755318800472e-07,-2.6609717367223255e-06,-2.6609717367223255e-06
gemma4:12b,state_303,M16_Hex_Nut,hex_nut,Gear_Small,gear,False,False,False,B,../vlm_four_scene_20260925/raw/gemma4-12b/state_303/M16_Hex_Nut/Gear_Small.json,4.781636751198221e-06,4.781636751198221e-06,4.781636751198221e-06,1.2754922240515482e-07,1.2754922240515482e-07,1.2754922240515482e-07,B,gemma4-12b/responses/state_303/M16_Hex_Nut/Gear_Small.json,1.1575915270084888e-07,1.1575915270084888e-07,1.1575915270084888e-07,2.2910151218281789e-07,2.2910151218281789e-07,2.2910151218281789e-07,-4.665877598497373e-06,-4.665877598497373e-06
gemma4:12b,state_303,RGOCG16-50_16mm,round_pin,Gear_Small,gear,False,False,False,B,../vlm_four_scene_20260925/raw/gemma4-12b/state_303/RGOCG16-50_16mm/Gear_Small.json,2.284554957197209e-05,2.284554957197209e-05,2.284554957197209e-05,1.047609083681652e-06,1.047609083681652e-06,1.047609083681652e-06,B,gemma4-12b/responses/state_303/RGOCG16-50_16mm/Gear_Small.json,1.1560795678325257e-06,1.1560795678325257e-06,1.1560795678325257e-06,1.7757974409355496e-05,1.7757974409355496e-05,1.7757974409355496e-05,-2.1689470004139566e-05,-2.1689470004139566e-05
gemma4:12b,state_303,RGOCG12-50_12mm,round_pin,Gear_Small,gear,False,False,False,B,../vlm_four_scene_20260925/raw/gemma4-12b/state_303/RGOCG12-50_12mm/Gear_Small.json,2.625026703117203e-05,2.625026703117203e-05,2.625026703117203e-05,2.5705434976377196e-06,2.5705434976377196e-06,2.5705434976377196e-06,B,gemma4-12b/responses/state_303/RGOCG12-50_12mm/Gear_Small.json,9.521121395550652e-07,9.521121395550652e-07,9.521121395550652e-07,1.1625246639895049e-05,1.1625246639895049e-05,1.1625246639895049e-05,-2.5298154891616966e-05,-2.5298154891616966e-05
gemma4:12b,state_303,RGOCG8-50_8mm,round_pin,Gear_Small,gear,False,False,False,B,../vlm_four_scene_20260925/raw/gemma4-12b/state_303/RGOCG8-50_8mm/Gear_Small.json,6.409906406667995e-05,6.409906406667995e-05,6.409906406667995e-05,2.657121068515819e-06,2.657121068515819e-06,2.657121068515819e-06,B,gemma4-12b/responses/state_303/RGOCG8-50_8mm/Gear_Small.json,9.521121395550652e-07,9.521121395550652e-07,9.521121395550652e-07,1.1625246639895049e-05,1.1625246639895049e-05,1.1625246639895049e-05,-6.314695192712489e-05,-6.314695192712489e-05
gemma4:12b,state_303,USB_Male,USB_Male,Gear_Small,gear,False,False,False,B,../vlm_four_scene_20260925/raw/gemma4-12b/state_303/USB_Male/Gear_Small.json,7.151462494762626e-07,7.151462494762626e-07,7.151462494762626e-07,3.6766680121706848e-09,3.6766680121706848e-09,3.6766680121706848e-09,B,gemma4-12b/responses/state_303/USB_Male/Gear_Small.json,5.303723344460546e-08,5.303723344460546e-08,5.303723344460546e-08,1.8776507835353374e-05,1.8776507835353374e-05,1.8776507835353374e-05,-6.621090160316571e-07,-6.621090160316571e-07
gemma4:12b,state_303,DSUB_Male,DSUB_Male,Gear_Small,gear,False,False,False,B,../vlm_four_scene_20260925/raw/gemma4-12b/state_303/DSUB_Male/Gear_Small.json,2.1547942321771073e-06,2.1547942321771073e-06,2.1547942321771073e-06,1.7061999261694338e-07,1.7061999261694338e-07,1.7061999261694338e-07,B,gemma4-12b/responses/state_303/DSUB_Male/Gear_Small.json,1.954953758547171e-07,1.954953758547171e-07,1.954953758547171e-07,6.553995200644859e-05,6.553995200644859e-05,6.553995200644859e-05,-1.95929885632239e-06,-1.95929885632239e-06
gemma4:12b,state_303,Gear_Large,gear,Waterproof_Male,Waterproof_Male,False,False,False,A,../vlm_four_scene_20260925/raw/gemma4-12b/state_303/Gear_Large/Waterproof_Male.json,0.9825853117659594,0.9825853117659594,0.9825853117659594,3.2650965582916155e-06,3.2650965582916155e-06,3.2650965582916155e-06,B,gemma4-12b/responses/state_303/Gear_Large/Waterproof_Male.json,2.024612533071072e-06,2.024612533071072e-06,2.024612533071072e-06,0.0032847511788973356,0.0032847511788973356,0.0032847511788973356,-0.9825832871534264,-0.9825832871534264
gemma4:12b,state_303,Gear_Medium,gear,Waterproof_Male,Waterproof_Male,False,False,False,A,../vlm_four_scene_20260925/raw/gemma4-12b/state_303/Gear_Medium/Waterproof_Male.json,0.9845865964795266,0.9845865964795266,0.9845865964795266,2.046743979472563e-06,2.046743979472563e-06,2.046743979472563e-06,B,gemma4-12b/responses/state_303/Gear_Medium/Waterproof_Male.json,1.6056699244601075e-06,1.6056699244601075e-06,1.6056699244601075e-06,0.0028745693220155544,0.0028745693220155544,0.0028745693220155544,-0.9845849908096022,-0.9845849908096022
gemma4:12b,state_303,Gear_Small,gear,Waterproof_Male,Waterproof_Male,False,False,False,B,../vlm_four_scene_20260925/raw/gemma4-12b/state_303/Gear_Small/Waterproof_Male.json,0.04701449241559064,0.04701449241559064,0.04701449241559064,0.0005227693218893216,0.0005227693218893216,0.0005227693218893216,B,gemma4-12b/responses/state_303/Gear_Small/Waterproof_Male.json,1.6056699244601075e-06,1.6056699244601075e-06,1.6056699244601075e-06,0.0028745693220155544,0.0028745693220155544,0.0028745693220155544,-0.047012886745666185,-0.047012886745666185
gemma4:12b,state_303,Waterproof_Male,Waterproof_Male,Waterproof_Male,Waterproof_Male,True,True,False,A,../vlm_four_scene_20260925/raw/gemma4-12b/state_303/Waterproof_Male/Waterproof_Male.json,0.999996542930667,0.999996542930667,0.999996542930667,2.7220686074297245e-08,2.7220686074297245e-08,2.7220686074297245e-08,A,gemma4-12b/responses/state_303/Waterproof_Male/Waterproof_Male.json,0.9999939203260696,0.9999939203260696,0.9999939203260696,2.067103627083619e-06,2.067103627083619e-06,2.067103627083619e-06,-2.6226045973798406e-06,-2.6226045973798406e-06
gemma4:12b,state_303,M12_Hex_Nut,hex_nut,Waterproof_Male,Waterproof_Male,False,False,False,B,../vlm_four_scene_20260925/raw/gemma4-12b/state_303/M12_Hex_Nut/Waterproof_Male.json,0.010091019689991699,0.010091019689991699,0.010091019689991699,0.0002915998314985859,0.0002915998314985859,0.0002915998314985859,B,gemma4-12b/responses/state_303/M12_Hex_Nut/Waterproof_Male.json,1.441907089395501e-06,1.441907089395501e-06,1.441907089395501e-06,0.0020778191430101648,0.0020778191430101648,0.0020778191430101648,-0.010089577782902303,-0.010089577782902303
gemma4:12b,state_303,M16_Hex_Nut,hex_nut,Waterproof_Male,Waterproof_Male,False,False,False,B,../vlm_four_scene_20260925/raw/gemma4-12b/state_303/M16_Hex_Nut/Waterproof_Male.json,0.003761136756020114,0.003761136756020114,0.003761136756020114,0.00011460813438706822,0.00011460813438706822,0.00011460813438706822,B,gemma4-12b/responses/state_303/M16_Hex_Nut/Waterproof_Male.json,1.33592129345808e-06,1.33592129345808e-06,1.33592129345808e-06,0.0010876761054117725,0.0010876761054117725,0.0010876761054117725,-0.003759800834726656,-0.003759800834726656
gemma4:12b,state_303,RGOCG16-50_16mm,round_pin,Waterproof_Male,Waterproof_Male,False,False,False,A,../vlm_four_scene_20260925/raw/gemma4-12b/state_303/RGOCG16-50_16mm/Waterproof_Male.json,0.9854653481077935,0.9854653481077935,0.9854653481077935,0.00039009820851186534,0.00039009820851186534,0.00039009820851186534,B,gemma4-12b/responses/state_303/RGOCG16-50_16mm/Waterproof_Male.json,1.0920882165301938e-06,1.0920882165301938e-06,1.0920882165301938e-06,0.0005149871061038987,0.0005149871061038987,0.0005149871061038987,-0.985464256019577,-0.985464256019577
gemma4:12b,state_303,RGOCG12-50_12mm,round_pin,Waterproof_Male,Waterproof_Male,False,False,False,A,../vlm_four_scene_20260925/raw/gemma4-12b/state_303/RGOCG12-50_12mm/Waterproof_Male.json,0.9974857568601465,0.9974857568601465,0.9974857568601465,9.398439665244502e-05,9.398439665244502e-05,9.398439665244502e-05,B,gemma4-12b/responses/state_303/RGOCG12-50_12mm/Waterproof_Male.json,1.769043750836609e-06,1.769043750836609e-06,1.769043750836609e-06,0.0005384862168064702,0.0005384862168064702,0.0005384862168064702,-0.9974839878163957,-0.9974839878163957
gemma4:12b,state_303,RGOCG8-50_8mm,round_pin,Waterproof_Male,Waterproof_Male,False,False,False,A,../vlm_four_scene_20260925/raw/gemma4-12b/state_303/RGOCG8-50_8mm/Waterproof_Male.json,0.9920907022203483,0.9920907022203483,0.9920907022203483,0.00021826263389424018,0.00021826263389424018,0.00021826263389424018,B,gemma4-12b/responses/state_303/RGOCG8-50_8mm/Waterproof_Male.json,1.769043750836609e-06,1.769043750836609e-06,1.769043750836609e-06,0.0005384862168064702,0.0005384862168064702,0.0005384862168064702,-0.9920889331765975,-0.9920889331765975
gemma4:12b,state_303,USB_Male,USB_Male,Waterproof_Male,Waterproof_Male,False,False,False,B,../vlm_four_scene_20260925/raw/gemma4-12b/state_303/USB_Male/Waterproof_Male.json,0.00013070946881195476,0.00013070946881195476,0.00013070946881195476,1.9115268045819397e-06,1.9115268045819397e-06,1.9115268045819397e-06,B,gemma4-12b/responses/state_303/USB_Male/Waterproof_Male.json,1.9994979864777037e-07,1.9994979864777037e-07,1.9994979864777037e-07,0.00018312860650616133,0.00018312860650616133,0.00018312860650616133,-0.000130509519013307,-0.000130509519013307
gemma4:12b,state_303,DSUB_Male,DSUB_Male,Waterproof_Male,Waterproof_Male,False,False,False,A,../vlm_four_scene_20260925/raw/gemma4-12b/state_303/DSUB_Male/Waterproof_Male.json,0.5241929270083178,0.5241929270083178,0.5241929270083178,0.0002082901054088478,0.0002082901054088478,0.0002082901054088478,A,gemma4-12b/responses/state_303/DSUB_Male/Waterproof_Male.json,0.9675217275378708,0.9675217275378708,0.9675217275378708,0.007895256603862292,0.007895256603862292,0.007895256603862292,0.44332880052955304,0.44332880052955304
gemma4:12b,state_303,Gear_Large,gear,M12_Hex_Nut,hex_nut,False,False,False,A,../vlm_four_scene_20260925/raw/gemma4-12b/state_303/Gear_Large/M12_Hex_Nut.json,0.999969601631181,0.999969601631181,0.999969601631181,1.7275743963011973e-08,1.7275743963011973e-08,1.7275743963011973e-08,B,gemma4-12b/responses/state_303/Gear_Large/M12_Hex_Nut.json,0.000247682743037187,0.000247682743037187,0.000247682743037187,0.006560940340534486,0.006560940340534486,0.006560940340534486,-0.9997219188881438,-0.9997219188881438
gemma4:12b,state_303,Gear_Medium,gear,M12_Hex_Nut,hex_nut,False,False,False,A,../vlm_four_scene_20260925/raw/gemma4-12b/state_303/Gear_Medium/M12_Hex_Nut.json,0.9999592304246162,0.9999592304246162,0.9999592304246162,3.6705248935906036e-08,3.6705248935906036e-08,3.6705248935906036e-08,B,gemma4-12b/responses/state_303/Gear_Medium/M12_Hex_Nut.json,0.0002768830032096671,0.0002768830032096671,0.0002768830032096671,0.00603080000315197,0.00603080000315197,0.00603080000315197,-0.9996823474214065,-0.9996823474214065
gemma4:12b,state_303,Gear_Small,gear,M12_Hex_Nut,hex_nut,False,False,False,A,../vlm_four_scene_20260925/raw/gemma4-12b/state_303/Gear_Small/M12_Hex_Nut.json,0.9999597072606368,0.9999597072606368,0.9999597072606368,5.101630603358848e-08,5.101630603358848e-08,5.101630603358848e-08,B,gemma4-12b/responses/state_303/Gear_Small/M12_Hex_Nut.json,0.0002768830032096671,0.0002768830032096671,0.0002768830032096671,0.00603080000315197,0.00603080000315197,0.00603080000315197,-0.999682824257427,-0.999682824257427
gemma4:12b,state_303,Waterproof_Male,Waterproof_Male,M12_Hex_Nut,hex_nut,False,False,False,A,../vlm_four_scene_20260925/raw/gemma4-12b/state_303/Waterproof_Male/M12_Hex_Nut.json,0.9998151659965127,0.9998151659965127,0.9998151659965127,1.525900590195276e-07,1.525900590195276e-07,1.525900590195276e-07,A,gemma4-12b/responses/state_303/Waterproof_Male/M12_Hex_Nut.json,0.9558882129099717,0.9558882129099717,0.9558882129099717,0.03471564090204734,0.03471564090204734,0.03471564090204734,-0.04392695308654093,-0.04392695308654093
gemma4:12b,state_303,M12_Hex_Nut,hex_nut,M12_Hex_Nut,hex_nut,True,True,False,A,../vlm_four_scene_20260925/raw/gemma4-12b/state_303/M12_Hex_Nut/M12_Hex_Nut.json,0.9998584985738569,0.9998584985738569,0.9998584985738569,4.337235730498669e-08,4.337235730498669e-08,4.337235730498669e-08,A,gemma4-12b/responses/state_303/M12_Hex_Nut/M12_Hex_Nut.json,0.9999715089800395,0.9999715089800395,0.9999715089800395,3.254501822324682e-06,3.254501822324682e-06,3.254501822324682e-06,0.00011301040618261204,0.00011301040618261204
gemma4:12b,state_303,M16_Hex_Nut,hex_nut,M12_Hex_Nut,hex_nut,True,False,False,A,../vlm_four_scene_20260925/raw/gemma4-12b/state_303/M16_Hex_Nut/M12_Hex_Nut.json,0.9998049139954949,0.9998049139954949,0.9998049139954949,7.09739620548749e-08,7.09739620548749e-08,7.09739620548749e-08,A,gemma4-12b/responses/state_303/M16_Hex_Nut/M12_Hex_Nut.json,0.9999712705610059,0.9999712705610059,0.9999712705610059,3.1374653456858807e-06,3.1374653456858807e-06,3.1374653456858807e-06,0.00016635656551100553,0.00016635656551100553
gemma4:12b,state_303,RGOCG16-50_16mm,round_pin,M12_Hex_Nut,hex_nut,False,False,False,B,../vlm_four_scene_20260925/raw/gemma4-12b/state_303/RGOCG16-50_16mm/M12_Hex_Nut.json,0.0006220745727086936,0.0006220745727086936,0.0006220745727086936,1.0988942003145825e-05,1.0988942003145825e-05,1.0988942003145825e-05,B,gemma4-12b/responses/state_303/RGOCG16-50_16mm/M12_Hex_Nut.json,6.476693332162431e-07,6.476693332162431e-07,6.476693332162431e-07,1.0041851903413815e-05,1.0041851903413815e-05,1.0041851903413815e-05,-0.0006214269033754774,-0.0006214269033754774
gemma4:12b,state_303,RGOCG12-50_12mm,round_pin,M12_Hex_Nut,hex_nut,False,False,False,B,../vlm_four_scene_20260925/raw/gemma4-12b/state_303/RGOCG12-50_12mm/M12_Hex_Nut.json,0.00023019230328696447,0.00023019230328696447,0.00023019230328696447,5.103436273189378e-06,5.103436273189378e-06,5.103436273189378e-06,B,gemma4-12b/responses/state_303/RGOCG12-50_12mm/M12_Hex_Nut.json,1.2486224931919457e-06,1.2486224931919457e-06,1.2486224931919457e-06,1.1955374818455163e-05,1.1955374818455163e-05,1.1955374818455163e-05,-0.00022894368079377252,-0.00022894368079377252
gemma4:12b,state_303,RGOCG8-50_8mm,round_pin,M12_Hex_Nut,hex_nut,False,False,False,B,../vlm_four_scene_20260925/raw/gemma4-12b/state_303/RGOCG8-50_8mm/M12_Hex_Nut.json,0.00022559213052200026,0.00022559213052200026,0.00022559213052200026,3.5205868683912907e-06,3.5205868683912907e-06,3.5205868683912907e-06,B,gemma4-12b/responses/state_303/RGOCG8-50_8mm/M12_Hex_Nut.json,1.2486224931919457e-06,1.2486224931919457e-06,1.2486224931919457e-06,1.1955374818455163e-05,1.1955374818455163e-05,1.1955374818455163e-05,-0.00022434350802880832,-0.00022434350802880832
gemma4:12b,state_303,USB_Male,USB_Male,M12_Hex_Nut,hex_nut,False,False,False,B,../vlm_four_scene_20260925/raw/gemma4-12b/state_303/USB_Male/M12_Hex_Nut.json,0.00010512340679837595,0.00010512340679837595,0.00010512340679837595,8.067988780304639e-07,8.067988780304639e-07,8.067988780304639e-07,B,gemma4-12b/responses/state_303/USB_Male/M12_Hex_Nut.json,1.2605493382151253e-07,1.2605493382151253e-07,1.2605493382151253e-07,6.013073964319749e-05,6.013073964319749e-05,6.013073964319749e-05,-0.00010499735186455445,-0.00010499735186455445
gemma4:12b,state_303,DSUB_Male,DSUB_Male,M12_Hex_Nut,hex_nut,False,False,False,B,../vlm_four_scene_20260925/raw/gemma4-12b/state_303/DSUB_Male/M12_Hex_Nut.json,0.003453401749939589,0.003453401749939589,0.003453401749939589,4.0511448943508344e-05,4.0511448943508344e-05,4.0511448943508344e-05,A,gemma4-12b/responses/state_303/DSUB_Male/M12_Hex_Nut.json,0.770615090344525,0.770615090344525,0.770615090344525,0.07286159809067157,0.07286159809067157,0.07286159809067157,0.7671616885945854,0.7671616885945854
gemma4:12b,state_303,Gear_Large,gear,M16_Hex_Nut,hex_nut,False,False,False,A,../vlm_four_scene_20260925/raw/gemma4-12b/state_303/Gear_Large/M16_Hex_Nut.json,0.9999791383736566,0.9999791383736566,0.9999791383736566,3.1756416071684415e-08,3.1756416071684415e-08,3.1756416071684415e-08,B,gemma4-12b/responses/state_303/Gear_Large/M16_Hex_Nut.json,0.019282351986170152,0.019282351986170152,0.019282351986170152,0.23515590789272706,0.23515590789272706,0.23515590789272706,-0.9806967863874865,-0.9806967863874865
gemma4:12b,state_303,Gear_Medium,gear,M16_Hex_Nut,hex_nut,False,False,False,A,../vlm_four_scene_20260925/raw/gemma4-12b/state_303/Gear_Medium/M16_Hex_Nut.json,0.99994683265512,0.99994683265512,0.99994683265512,6.187177419065849e-08,6.187177419065849e-08,6.187177419065849e-08,B,gemma4-12b/responses/state_303/Gear_Medium/M16_Hex_Nut.json,0.019337552126047233,0.019337552126047233,0.019337552126047233,0.1837615155490906,0.1837615155490906,0.1837615155490906,-0.9806092805290727,-0.9806092805290727
gemma4:12b,state_303,Gear_Small,gear,M16_Hex_Nut,hex_nut,False,False,False,A,../vlm_four_scene_20260925/raw/gemma4-12b/state_303/Gear_Small/M16_Hex_Nut.json,0.9999285936385295,0.9999285936385295,0.9999285936385295,3.951192608917202e-08,3.951192608917202e-08,3.951192608917202e-08,B,gemma4-12b/responses/state_303/Gear_Small/M16_Hex_Nut.json,0.019337552126047233,0.019337552126047233,0.019337552126047233,0.1837615155490906,0.1837615155490906,0.1837615155490906,-0.9805910415124822,-0.9805910415124822
gemma4:12b,state_303,Waterproof_Male,Waterproof_Male,M16_Hex_Nut,hex_nut,False,False,False,A,../vlm_four_scene_20260925/raw/gemma4-12b/state_303/Waterproof_Male/M16_Hex_Nut.json,0.9419907942242108,0.9419907942242108,0.9419907942242108,5.464921518882418e-06,5.464921518882418e-06,5.464921518882418e-06,C,gemma4-12b/responses/state_303/Waterproof_Male/M16_Hex_Nut.json,0.030705775944220234,0.030705775944220234,0.030705775944220234,0.7340663119389874,0.7340663119389874,0.7340663119389874,-0.9112850182799906,-0.9112850182799906
gemma4:12b,state_303,M12_Hex_Nut,hex_nut,M16_Hex_Nut,hex_nut,True,False,False,A,../vlm_four_scene_20260925/raw/gemma4-12b/state_303/M12_Hex_Nut/M16_Hex_Nut.json,0.9995537400348709,0.9995537400348709,0.9995537400348709,4.526428490659101e-08,4.526428490659101e-08,4.526428490659101e-08,A,gemma4-12b/responses/state_303/M12_Hex_Nut/M16_Hex_Nut.json,0.9999603033050728,0.9999603033050728,0.9999603033050728,1.8929883141482798e-06,1.8929883141482798e-06,1.8929883141482798e-06,0.00040656327020194283,0.00040656327020194283
gemma4:12b,state_303,M16_Hex_Nut,hex_nut,M16_Hex_Nut,hex_nut,True,True,False,A,../vlm_four_scene_20260925/raw/gemma4-12b/state_303/M16_Hex_Nut/M16_Hex_Nut.json,0.999869465820847,0.999869465820847,0.999869465820847,4.477023068178723e-08,4.477023068178723e-08,4.477023068178723e-08,A,gemma4-12b/responses/state_303/M16_Hex_Nut/M16_Hex_Nut.json,0.9999611377700629,0.9999611377700629,0.9999611377700629,2.7812232607228577e-06,2.7812232607228577e-06,2.7812232607228577e-06,9.167194921588795e-05,9.167194921588795e-05
gemma4:12b,state_303,RGOCG16-50_16mm,round_pin,M16_Hex_Nut,hex_nut,False,False,False,B,../vlm_four_scene_20260925/raw/gemma4-12b/state_303/RGOCG16-50_16mm/M16_Hex_Nut.json,0.0005058655692867556,0.0005058655692867556,0.0005058655692867556,6.632861077198173e-06,6.632861077198173e-06,6.632861077198173e-06,B,gemma4-12b/responses/state_303/RGOCG16-50_16mm/M16_Hex_Nut.json,1.1750278909089813e-06,1.1750278909089813e-06,1.1750278909089813e-06,3.856556464296778e-05,3.856556464296778e-05,3.856556464296778e-05,-0.0005046905413958467,-0.0005046905413958467
gemma4:12b,state_303,RGOCG12-50_12mm,round_pin,M16_Hex_Nut,hex_nut,False,False,False,B,../vlm_four_scene_20260925/raw/gemma4-12b/state_303/RGOCG12-50_12mm/M16_Hex_Nut.json,0.00015626474106695778,0.00015626474106695778,0.00015626474106695778,2.1122382834567883e-06,2.1122382834567883e-06,2.1122382834567883e-06,B,gemma4-12b/responses/state_303/RGOCG12-50_12mm/M16_Hex_Nut.json,1.3161947333616588e-06,1.3161947333616588e-06,1.3161947333616588e-06,3.67042548320514e-05,3.67042548320514e-05,3.67042548320514e-05,-0.00015494854633359611,-0.00015494854633359611
gemma4:12b,state_303,RGOCG8-50_8mm,round_pin,M16_Hex_Nut,hex_nut,False,False,False,B,../vlm_four_scene_20260925/raw/gemma4-12b/state_303/RGOCG8-50_8mm/M16_Hex_Nut.json,0.0003235966744587831,0.0003235966744587831,0.0003235966744587831,6.899880259245733e-06,6.899880259245733e-06,6.899880259245733e-06,B,gemma4-12b/responses/state_303/RGOCG8-50_8mm/M16_Hex_Nut.json,1.3161947333616588e-06,1.3161947333616588e-06,1.3161947333616588e-06,3.67042548320514e-05,3.67042548320514e-05,3.67042548320514e-05,-0.0003222804797254214,-0.0003222804797254214
gemma4:12b,state_303,USB_Male,USB_Male,M16_Hex_Nut,hex_nut,False,False,False,B,../vlm_four_scene_20260925/raw/gemma4-12b/state_303/USB_Male/M16_Hex_Nut.json,1.914141886122786e-05,1.914141886122786e-05,1.914141886122786e-05,5.9476768042366956e-08,5.9476768042366956e-08,5.9476768042366956e-08,B,gemma4-12b/responses/state_303/USB_Male/M16_Hex_Nut.json,8.355187364368836e-08,8.355187364368836e-08,8.355187364368836e-08,0.0001529593433237476,0.0001529593433237476,0.0001529593433237476,-1.905786698758417e-05,-1.905786698758417e-05
gemma4:12b,state_303,DSUB_Male,DSUB_Male,M16_Hex_Nut,hex_nut,False,False,False,B,../vlm_four_scene_20260925/raw/gemma4-12b/state_303/DSUB_Male/M16_Hex_Nut.json,5.773244494545063e-05,5.773244494545063e-05,5.773244494545063e-05,7.0982730208659e-07,7.0982730208659e-07,7.0982730208659e-07,B,gemma4-12b/responses/state_303/DSUB_Male/M16_Hex_Nut.json,2.2507283267817768e-05,2.2507283267817768e-05,2.2507283267817768e-05,0.014504651267412145,0.014504651267412145,0.014504651267412145,-3.522516167763286e-05,-3.522516167763286e-05
gemma4:12b,state_303,Gear_Large,gear,RGOCG16-50_16mm,round_pin,False,False,False,B,../vlm_four_scene_20260925/raw/gemma4-12b/state_303/Gear_Large/RGOCG16-50_16mm.json,1.1509142797846802e-05,1.1509142797846802e-05,1.1509142797846802e-05,9.88753899963377e-07,9.88753899963377e-07,9.88753899963377e-07,C,gemma4-12b/responses/state_303/Gear_Large/RGOCG16-50_16mm.json,7.517715237135677e-06,7.517715237135677e-06,7.517715237135677e-06,0.7194408238260218,0.7194408238260218,0.7194408238260218,-3.991427560711125e-06,-3.991427560711125e-06
gemma4:12b,state_303,Gear_Medium,gear,RGOCG16-50_16mm,round_pin,False,False,False,B,../vlm_four_scene_20260925/raw/gemma4-12b/state_303/Gear_Medium/RGOCG16-50_16mm.json,1.768565581572638e-05,1.768565581572638e-05,1.768565581572638e-05,9.217386370399552e-07,9.217386370399552e-07,9.217386370399552e-07,C,gemma4-12b/responses/state_303/Gear_Medium/RGOCG16-50_16mm.json,5.769372282322704e-06,5.769372282322704e-06,5.769372282322704e-06,0.7239120098893159,0.7239120098893159,0.7239120098893159,-1.1916283533403674e-05,-1.1916283533403674e-05
gemma4:12b,state_303,Gear_Small,gear,RGOCG16-50_16mm,round_pin,False,False,False,B,../vlm_four_scene_20260925/raw/gemma4-12b/state_303/Gear_Small/RGOCG16-50_16mm.json,3.782418389282953e-05,3.782418389282953e-05,3.782418389282953e-05,1.8748584654683116e-06,1.8748584654683116e-06,1.8748584654683116e-06,C,gemma4-12b/responses/state_303/Gear_Small/RGOCG16-50_16mm.json,5.769372282322704e-06,5.769372282322704e-06,5.769372282322704e-06,0.7239120098893159,0.7239120098893159,0.7239120098893159,-3.2054811610506824e-05,-3.2054811610506824e-05
gemma4:12b,state_303,Waterproof_Male,Waterproof_Male,RGOCG16-50_16mm,round_pin,False,False,False,B,../vlm_four_scene_20260925/raw/gemma4-12b/state_303/Waterproof_Male/RGOCG16-50_16mm.json,0.0007758125423672976,0.0007758125423672976,0.0007758125423672976,6.295052190935089e-05,6.295052190935089e-05,6.295052190935089e-05,C,gemma4-12b/responses/state_303/Waterproof_Male/RGOCG16-50_16mm.json,1.8501056882018913e-06,1.8501056882018913e-06,1.8501056882018913e-06,0.9734276524592409,0.9734276524592409,0.9734276524592409,-0.0007739624366790958,-0.0007739624366790958
gemma4:12b,state_303,M12_Hex_Nut,hex_nut,RGOCG16-50_16mm,round_pin,False,False,False,B,../vlm_four_scene_20260925/raw/gemma4-12b/state_303/M12_Hex_Nut/RGOCG16-50_16mm.json,8.533656911075525e-06,8.533656911075525e-06,8.533656911075525e-06,5.645560850821384e-07,5.645560850821384e-07,5.645560850821384e-07,B,gemma4-12b/responses/state_303/M12_Hex_Nut/RGOCG16-50_16mm.json,5.891570673985971e-07,5.891570673985971e-07,5.891570673985971e-07,6.746343899938195e-05,6.746343899938195e-05,6.746343899938195e-05,-7.944499843676929e-06,-7.944499843676929e-06
gemma4:12b,state_303,M16_Hex_Nut,hex_nut,RGOCG16-50_16mm,round_pin,False,False,False,B,../vlm_four_scene_20260925/raw/gemma4-12b/state_303/M16_Hex_Nut/RGOCG16-50_16mm.json,3.7668187447780966e-06,3.7668187447780966e-06,3.7668187447780966e-06,1.915365217991857e-07,1.915365217991857e-07,1.915365217991857e-07,B,gemma4-12b/responses/state_303/M16_Hex_Nut/RGOCG16-50_16mm.json,5.435727776191213e-07,5.435727776191213e-07,5.435727776191213e-07,4.91919418605966e-05,4.91919418605966e-05,4.91919418605966e-05,-3.2232459671589753e-06,-3.2232459671589753e-06
gemma4:12b,state_303,RGOCG16-50_16mm,round_pin,RGOCG16-50_16mm,round_pin,True,True,False,A,../vlm_four_scene_20260925/raw/gemma4-12b/state_303/RGOCG16-50_16mm/RGOCG16-50_16mm.json,0.9999964237213419,0.9999964237213419,0.9999964237213419,3.343766116032675e-08,3.343766116032675e-08,3.343766116032675e-08,A,gemma4-12b/responses/state_303/RGOCG16-50_16mm/RGOCG16-50_16mm.json,0.9999976158140953,0.9999976158140953,0.9999976158140953,3.0505601426017353e-07,3.0505601426017353e-07,3.0505601426017353e-07,1.1920927533992653e-06,1.1920927533992653e-06
gemma4:12b,state_303,RGOCG12-50_12mm,round_pin,RGOCG16-50_16mm,round_pin,True,False,False,A,../vlm_four_scene_20260925/raw/gemma4-12b/state_303/RGOCG12-50_12mm/RGOCG16-50_16mm.json,0.9999967813491324,0.9999967813491324,0.9999967813491324,2.585020603480734e-08,2.585020603480734e-08,2.585020603480734e-08,A,gemma4-12b/responses/state_303/RGOCG12-50_12mm/RGOCG16-50_16mm.json,0.9999974966048697,0.9999974966048697,0.9999974966048697,3.435117060155448e-07,3.435117060155448e-07,3.435117060155448e-07,7.152557373046875e-07,7.152557373046875e-07
gemma4:12b,state_303,RGOCG8-50_8mm,round_pin,RGOCG16-50_16mm,round_pin,True,False,False,A,../vlm_four_scene_20260925/raw/gemma4-12b/state_303/RGOCG8-50_8mm/RGOCG16-50_16mm.json,0.9999976158140953,0.9999976158140953,0.9999976158140953,1.4833825704844434e-08,1.4833825704844434e-08,1.4833825704844434e-08,A,gemma4-12b/responses/state_303/RGOCG8-50_8mm/RGOCG16-50_16mm.json,0.9999974966048697,0.9999974966048697,0.9999974966048697,3.435117060155448e-07,3.435117060155448e-07,3.435117060155448e-07,-1.1920922560193503e-07,-1.1920922560193503e-07
gemma4:12b,state_303,USB_Male,USB_Male,RGOCG16-50_16mm,round_pin,False,False,False,B,../vlm_four_scene_20260925/raw/gemma4-12b/state_303/USB_Male/RGOCG16-50_16mm.json,9.680381923223184e-06,9.680381923223184e-06,9.680381923223184e-06,8.075451531215877e-08,8.075451531215877e-08,8.075451531215877e-08,B,gemma4-12b/responses/state_303/USB_Male/RGOCG16-50_16mm.json,9.856113401460746e-07,9.856113401460746e-07,9.856113401460746e-07,0.014031373882632082,0.014031373882632082,0.014031373882632082,-8.69477058307711e-06,-8.69477058307711e-06
gemma4:12b,state_303,DSUB_Male,DSUB_Male,RGOCG16-50_16mm,round_pin,False,False,False,B,../vlm_four_scene_20260925/raw/gemma4-12b/state_303/DSUB_Male/RGOCG16-50_16mm.json,4.583498875100697e-06,4.583498875100697e-06,4.583498875100697e-06,1.713843490778053e-07,1.713843490778053e-07,1.713843490778053e-07,C,gemma4-12b/responses/state_303/DSUB_Male/RGOCG16-50_16mm.json,2.562512823633521e-06,2.562512823633521e-06,2.562512823633521e-06,0.9891969560320668,0.9891969560320668,0.9891969560320668,-2.0209860514671756e-06,-2.0209860514671756e-06
gemma4:12b,state_303,Gear_Large,gear,RGOCG12-50_12mm,round_pin,False,False,False,B,../vlm_four_scene_20260925/raw/gemma4-12b/state_303/Gear_Large/RGOCG12-50_12mm.json,1.1025083504441614e-05,1.1025083504441614e-05,1.1025083504441614e-05,1.279357150923696e-06,1.279357150923696e-06,1.279357150923696e-06,B,gemma4-12b/responses/state_303/Gear_Large/RGOCG12-50_12mm.json,3.9249785131902936e-06,3.9249785131902936e-06,3.9249785131902936e-06,0.2066485787269654,0.2066485787269654,0.2066485787269654,-7.100104991251321e-06,-7.100104991251321e-06
gemma4:12b,state_303,Gear_Medium,gear,RGOCG12-50_12mm,round_pin,False,False,False,B,../vlm_four_scene_20260925/raw/gemma4-12b/state_303/Gear_Medium/RGOCG12-50_12mm.json,6.119808927510976e-06,6.119808927510976e-06,6.119808927510976e-06,3.754884131783666e-07,3.754884131783666e-07,3.754884131783666e-07,B,gemma4-12b/responses/state_303/Gear_Medium/RGOCG12-50_12mm.json,5.081974184510023e-06,5.081974184510023e-06,5.081974184510023e-06,0.1267677692942537,0.1267677692942537,0.1267677692942537,-1.0378347430009529e-06,-1.0378347430009529e-06
gemma4:12b,state_303,Gear_Small,gear,RGOCG12-50_12mm,round_pin,False,False,False,B,../vlm_four_scene_20260925/raw/gemma4-12b/state_303/Gear_Small/RGOCG12-50_12mm.json,1.0951749142394254e-05,1.0951749142394254e-05,1.0951749142394254e-05,7.651121825183803e-07,7.651121825183803e-07,7.651121825183803e-07,B,gemma4-12b/responses/state_303/Gear_Small/RGOCG12-50_12mm.json,5.081974184510023e-06,5.081974184510023e-06,5.081974184510023e-06,0.1267677692942537,0.1267677692942537,0.1267677692942537,-5.869774957884231e-06,-5.869774957884231e-06
gemma4:12b,state_303,Waterproof_Male,Waterproof_Male,RGOCG12-50_12mm,round_pin,False,False,False,B,../vlm_four_scene_20260925/raw/gemma4-12b/state_303/Waterproof_Male/RGOCG12-50_12mm.json,0.00038255904591050785,0.00038255904591050785,0.00038255904591050785,6.074457739084375e-05,6.074457739084375e-05,6.074457739084375e-05,C,gemma4-12b/responses/state_303/Waterproof_Male/RGOCG12-50_12mm.json,2.164810769592015e-06,2.164810769592015e-06,2.164810769592015e-06,0.9670937648175311,0.9670937648175311,0.9670937648175311,-0.00038039423514091584,-0.00038039423514091584
gemma4:12b,state_303,M12_Hex_Nut,hex_nut,RGOCG12-50_12mm,round_pin,False,False,False,B,../vlm_four_scene_20260925/raw/gemma4-12b/state_303/M12_Hex_Nut/RGOCG12-50_12mm.json,1.0742217679174555e-05,1.0742217679174555e-05,1.0742217679174555e-05,4.784549124145516e-07,4.784549124145516e-07,4.784549124145516e-07,B,gemma4-12b/responses/state_303/M12_Hex_Nut/RGOCG12-50_12mm.json,7.670497107352101e-07,7.670497107352101e-07,7.670497107352101e-07,2.774503715202628e-05,2.774503715202628e-05,2.774503715202628e-05,-9.975167968439344e-06,-9.975167968439344e-06
gemma4:12b,state_303,M16_Hex_Nut,hex_nut,RGOCG12-50_12mm,round_pin,False,False,False,B,../vlm_four_scene_20260925/raw/gemma4-12b/state_303/M16_Hex_Nut/RGOCG12-50_12mm.json,2.1377624781848253e-06,2.1377624781848253e-06,2.1377624781848253e-06,1.6626530035151824e-07,1.6626530035151824e-07,1.6626530035151824e-07,B,gemma4-12b/responses/state_303/M16_Hex_Nut/RGOCG12-50_12mm.json,6.83309677257073e-07,6.83309677257073e-07,6.83309677257073e-07,2.6757057901355793e-05,2.6757057901355793e-05,2.6757057901355793e-05,-1.4544528009277523e-06,-1.4544528009277523e-06
gemma4:12b,state_303,RGOCG16-50_16mm,round_pin,RGOCG12-50_12mm,round_pin,True,False,False,A,../vlm_four_scene_20260925/raw/gemma4-12b/state_303/RGOCG16-50_16mm/RGOCG12-50_12mm.json,0.9999961853027344,0.9999961853027344,0.9999961853027344,4.0587878604299027e-08,4.0587878604299027e-08,4.0587878604299027e-08,A,gemma4-12b/responses/state_303/RGOCG16-50_16mm/RGOCG12-50_12mm.json,0.999996304512031,0.999996304512031,0.999996304512031,3.6592096665438017e-07,3.6592096665438017e-07,3.6592096665438017e-07,1.192092966562086e-07,1.192092966562086e-07
gemma4:12b,state_303,RGOCG12-50_12mm,round_pin,RGOCG12-50_12mm,round_pin,True,True,False,A,../vlm_four_scene_20260925/raw/gemma4-12b/state_303/RGOCG12-50_12mm/RGOCG12-50_12mm.json,0.999996542930667,0.999996542930667,0.999996542930667,4.924199540176303e-08,4.924199540176303e-08,4.924199540176303e-08,A,gemma4-12b/responses/state_303/RGOCG12-50_12mm/RGOCG12-50_12mm.json,0.9999970197676546,0.9999970197676546,0.9999970197676546,3.1737176623105305e-07,3.1737176623105305e-07,3.1737176623105305e-07,4.768369876728684e-07,4.768369876728684e-07
gemma4:12b,state_303,RGOCG8-50_8mm,round_pin,RGOCG12-50_12mm,round_pin,True,False,False,A,../vlm_four_scene_20260925/raw/gemma4-12b/state_303/RGOCG8-50_8mm/RGOCG12-50_12mm.json,0.9999970197676546,0.9999970197676546,0.9999970197676546,5.835230993167058e-08,5.835230993167058e-08,5.835230993167058e-08,A,gemma4-12b/responses/state_303/RGOCG8-50_8mm/RGOCG12-50_12mm.json,0.9999970197676546,0.9999970197676546,0.9999970197676546,3.1737176623105305e-07,3.1737176623105305e-07,3.1737176623105305e-07,0.0,0.0
gemma4:12b,state_303,USB_Male,USB_Male,RGOCG12-50_12mm,round_pin,False,False,False,B,../vlm_four_scene_20260925/raw/gemma4-12b/state_303/USB_Male/RGOCG12-50_12mm.json,5.961050102234629e-06,5.961050102234629e-06,5.961050102234629e-06,3.933326868887753e-08,3.933326868887753e-08,3.933326868887753e-08,B,gemma4-12b/responses/state_303/USB_Male/RGOCG12-50_12mm.json,1.330024105017837e-06,1.330024105017837e-06,1.330024105017837e-06,0.0150998724657967,0.0150998724657967,0.0150998724657967,-4.631025997216792e-06,-4.631025997216792e-06
gemma4:12b,state_303,DSUB_Male,DSUB_Male,RGOCG12-50_12mm,round_pin,False,False,False,B,../vlm_four_scene_20260925/raw/gemma4-12b/state_303/DSUB_Male/RGOCG12-50_12mm.json,2.464652392063349e-06,2.464652392063349e-06,2.464652392063349e-06,1.0439612884777587e-07,1.0439612884777587e-07,1.0439612884777587e-07,C,gemma4-12b/responses/state_303/DSUB_Male/RGOCG12-50_12mm.json,7.054616313712286e-07,7.054616313712286e-07,7.054616313712286e-07,0.9602043049046227,0.9602043049046227,0.9602043049046227,-1.7591907606921205e-06,-1.7591907606921205e-06
gemma4:12b,state_303,Gear_Large,gear,RGOCG8-50_8mm,round_pin,False,False,False,B,../vlm_four_scene_20260925/raw/gemma4-12b/state_303/Gear_Large/RGOCG8-50_8mm.json,4.337389054060507e-06,4.337389054060507e-06,4.337389054060507e-06,4.4796391187742544e-07,4.4796391187742544e-07,4.4796391187742544e-07,B,gemma4-12b/responses/state_303/Gear_Large/RGOCG8-50_8mm.json,1.0639051393323936e-05,1.0639051393323936e-05,1.0639051393323936e-05,0.3603910778504742,0.3603910778504742,0.3603910778504742,6.301662339263429e-06,6.301662339263429e-06
gemma4:12b,state_303,Gear_Medium,gear,RGOCG8-50_8mm,round_pin,False,False,False,B,../vlm_four_scene_20260925/raw/gemma4-12b/state_303/Gear_Medium/RGOCG8-50_8mm.json,3.0752998345244795e-06,3.0752998345244795e-06,3.0752998345244795e-06,1.7550383635752291e-07,1.7550383635752291e-07,1.7550383635752291e-07,B,gemma4-12b/responses/state_303/Gear_Medium/RGOCG8-50_8mm.json,9.304703793683142e-06,9.304703793683142e-06,9.304703793683142e-06,0.3060188750652611,0.3060188750652611,0.3060188750652611,6.2294039591586625e-06,6.2294039591586625e-06
gemma4:12b,state_303,Gear_Small,gear,RGOCG8-50_8mm,round_pin,False,False,False,B,../vlm_four_scene_20260925/raw/gemma4-12b/state_303/Gear_Small/RGOCG8-50_8mm.json,5.361203784245608e-06,5.361203784245608e-06,5.361203784245608e-06,3.2563629392191987e-07,3.2563629392191987e-07,3.2563629392191987e-07,B,gemma4-12b/responses/state_303/Gear_Small/RGOCG8-50_8mm.json,9.304703793683142e-06,9.304703793683142e-06,9.304703793683142e-06,0.3060188750652611,0.3060188750652611,0.3060188750652611,3.943500009437534e-06,3.943500009437534e-06
gemma4:12b,state_303,Waterproof_Male,Waterproof_Male,RGOCG8-50_8mm,round_pin,False,False,False,B,../vlm_four_scene_20260925/raw/gemma4-12b/state_303/Waterproof_Male/RGOCG8-50_8mm.json,0.00021400798663802475,0.00021400798663802475,0.00021400798663802475,1.2753791850413996e-05,1.2753791850413996e-05,1.2753791850413996e-05,C,gemma4-12b/responses/state_303/Waterproof_Male/RGOCG8-50_8mm.json,2.117177283593828e-06,2.117177283593828e-06,2.117177283593828e-06,0.9229664802161658,0.9229664802161658,0.9229664802161658,-0.00021189080935443092,-0.00021189080935443092
gemma4:12b,state_303,M12_Hex_Nut,hex_nut,RGOCG8-50_8mm,round_pin,False,False,False,B,../vlm_four_scene_20260925/raw/gemma4-12b/state_303/M12_Hex_Nut/RGOCG8-50_8mm.json,1.2820668271210481e-05,1.2820668271210481e-05,1.2820668271210481e-05,1.1426424340193349e-06,1.1426424340193349e-06,1.1426424340193349e-06,B,gemma4-12b/responses/state_303/M12_Hex_Nut/RGOCG8-50_8mm.json,4.5497188788473017e-07,4.5497188788473017e-07,4.5497188788473017e-07,6.55836567064876e-05,6.55836567064876e-05,6.55836567064876e-05,-1.2365696383325751e-05,-1.2365696383325751e-05
gemma4:12b,state_303,M16_Hex_Nut,hex_nut,RGOCG8-50_8mm,round_pin,False,False,False,B,../vlm_four_scene_20260925/raw/gemma4-12b/state_303/M16_Hex_Nut/RGOCG8-50_8mm.json,4.20830989916193e-06,4.20830989916193e-06,4.20830989916193e-06,1.5395735403980636e-07,1.5395735403980636e-07,1.5395735403980636e-07,B,gemma4-12b/responses/state_303/M16_Hex_Nut/RGOCG8-50_8mm.json,3.828471562520101e-07,3.828471562520101e-07,3.828471562520101e-07,6.898054705206822e-05,6.898054705206822e-05,6.898054705206822e-05,-3.82546274290992e-06,-3.82546274290992e-06
gemma4:12b,state_303,RGOCG16-50_16mm,round_pin,RGOCG8-50_8mm,round_pin,True,False,False,A,../vlm_four_scene_20260925/raw/gemma4-12b/state_303/RGOCG16-50_16mm/RGOCG8-50_8mm.json,0.9999984502791861,0.9999984502791861,0.9999984502791861,1.5557669851115732e-08,1.5557669851115732e-08,1.5557669851115732e-08,A,gemma4-12b/responses/state_303/RGOCG16-50_16mm/RGOCG8-50_8mm.json,0.9999970197676546,0.9999970197676546,0.9999970197676546,1.4332609402743036e-07,1.4332609402743036e-07,1.4332609402743036e-07,-1.4305115314527939e-06,-1.4305115314527939e-06
gemma4:12b,state_303,RGOCG12-50_12mm,round_pin,RGOCG8-50_8mm,round_pin,True,False,False,A,../vlm_four_scene_20260925/raw/gemma4-12b/state_303/RGOCG12-50_12mm/RGOCG8-50_8mm.json,0.9999976158140953,0.9999976158140953,0.9999976158140953,2.1349263135007e-08,2.1349263135007e-08,2.1349263135007e-08,A,gemma4-12b/responses/state_303/RGOCG12-50_12mm/RGOCG8-50_8mm.json,0.9999967813491324,0.9999967813491324,0.9999967813491324,1.9170665699969696e-07,1.9170665699969696e-07,1.9170665699969696e-07,-8.344649629066225e-07,-8.344649629066225e-07
gemma4:12b,state_303,RGOCG8-50_8mm,round_pin,RGOCG8-50_8mm,round_pin,True,True,False,A,../vlm_four_scene_20260925/raw/gemma4-12b/state_303/RGOCG8-50_8mm/RGOCG8-50_8mm.json,0.9999949932096399,0.9999949932096399,0.9999949932096399,4.653050443387404e-08,4.653050443387404e-08,4.653050443387404e-08,A,gemma4-12b/responses/state_303/RGOCG8-50_8mm/RGOCG8-50_8mm.json,0.9999967813491324,0.9999967813491324,0.9999967813491324,1.9170665699969696e-07,1.9170665699969696e-07,1.9170665699969696e-07,1.7881394924756933e-06,1.7881394924756933e-06
gemma4:12b,state_303,USB_Male,USB_Male,RGOCG8-50_8mm,round_pin,False,False,False,B,../vlm_four_scene_20260925/raw/gemma4-12b/state_303/USB_Male/RGOCG8-50_8mm.json,9.8906751191314e-06,9.8906751191314e-06,9.8906751191314e-06,9.960731232045462e-08,9.960731232045462e-08,9.960731232045462e-08,B,gemma4-12b/responses/state_303/USB_Male/RGOCG8-50_8mm.json,2.068284799263804e-06,2.068284799263804e-06,2.068284799263804e-06,0.007692313589838622,0.007692313589838622,0.007692313589838622,-7.822390319867596e-06,-7.822390319867596e-06
gemma4:12b,state_303,DSUB_Male,DSUB_Male,RGOCG8-50_8mm,round_pin,False,False,False,B,../vlm_four_scene_20260925/raw/gemma4-12b/state_303/DSUB_Male/RGOCG8-50_8mm.json,2.7242710519814385e-06,2.7242710519814385e-06,2.7242710519814385e-06,1.1125719947484903e-07,1.1125719947484903e-07,1.1125719947484903e-07,C,gemma4-12b/responses/state_303/DSUB_Male/RGOCG8-50_8mm.json,8.394478933984744e-07,8.394478933984744e-07,8.394478933984744e-07,0.9952288866831743,0.9952288866831743,0.9952288866831743,-1.8848231585829642e-06,-1.8848231585829642e-06
gemma4:12b,state_303,Gear_Large,gear,USB_Male,USB_Male,False,False,True,B,../vlm_four_scene_20260925/raw/gemma4-12b/state_303/Gear_Large/USB_Male.json,1.2720520965361693e-05,1.2720520965361693e-05,1.2720520965361693e-05,2.743316196689164e-06,2.743316196689164e-06,2.743316196689164e-06,B,gemma4-12b/responses/state_303/Gear_Large/USB_Male.json,6.935250336001693e-07,6.935250336001693e-07,6.935250336001693e-07,0.005432051728038659,0.005432051728038659,0.005432051728038659,-1.2026995931761522e-05,-1.2026995931761522e-05
gemma4:12b,state_303,Gear_Medium,gear,USB_Male,USB_Male,False,False,True,B,../vlm_four_scene_20260925/raw/gemma4-12b/state_303/Gear_Medium/USB_Male.json,3.0018082911418606e-05,3.0018082911418606e-05,3.0018082911418606e-05,1.7627444833227456e-05,1.7627444833227456e-05,1.7627444833227456e-05,B,gemma4-12b/responses/state_303/Gear_Medium/USB_Male.json,6.252815906772888e-07,6.252815906772888e-07,6.252815906772888e-07,0.005478870837729596,0.005478870837729596,0.005478870837729596,-2.9392801320741318e-05,-2.9392801320741318e-05
gemma4:12b,state_303,Gear_Small,gear,USB_Male,USB_Male,False,False,True,B,../vlm_four_scene_20260925/raw/gemma4-12b/state_303/Gear_Small/USB_Male.json,1.647810086143988e-05,1.647810086143988e-05,1.647810086143988e-05,3.6529284964167485e-06,3.6529284964167485e-06,3.6529284964167485e-06,B,gemma4-12b/responses/state_303/Gear_Small/USB_Male.json,6.252815906772888e-07,6.252815906772888e-07,6.252815906772888e-07,0.005478870837729596,0.005478870837729596,0.005478870837729596,-1.5852819270762593e-05,-1.5852819270762593e-05
gemma4:12b,state_303,Waterproof_Male,Waterproof_Male,USB_Male,USB_Male,False,False,True,A,../vlm_four_scene_20260925/raw/gemma4-12b/state_303/Waterproof_Male/USB_Male.json,0.9999144077335229,0.9999144077335229,0.9999144077335229,3.867526288170363e-08,3.867526288170363e-08,3.867526288170363e-08,B,gemma4-12b/responses/state_303/Waterproof_Male/USB_Male.json,0.16225782337827813,0.16225782337827813,0.16225782337827813,0.010123363222544446,0.010123363222544446,0.010123363222544446,-0.8376565843552448,-0.8376565843552448
gemma4:12b,state_303,M12_Hex_Nut,hex_nut,USB_Male,USB_Male,False,False,True,B,../vlm_four_scene_20260925/raw/gemma4-12b/state_303/M12_Hex_Nut/USB_Male.json,7.503375687643639e-06,7.503375687643639e-06,7.503375687643639e-06,1.2653134770121768e-06,1.2653134770121768e-06,1.2653134770121768e-06,B,gemma4-12b/responses/state_303/M12_Hex_Nut/USB_Male.json,6.721237517516549e-06,6.721237517516549e-06,6.721237517516549e-06,0.006216416660250329,0.006216416660250329,0.006216416660250329,-7.821381701270895e-07,-7.821381701270895e-07
gemma4:12b,state_303,M16_Hex_Nut,hex_nut,USB_Male,USB_Male,False,False,True,B,../vlm_four_scene_20260925/raw/gemma4-12b/state_303/M16_Hex_Nut/USB_Male.json,2.0741869452202446e-06,2.0741869452202446e-06,2.0741869452202446e-06,3.7498348283212254e-07,3.7498348283212254e-07,3.7498348283212254e-07,B,gemma4-12b/responses/state_303/M16_Hex_Nut/USB_Male.json,6.734429142057273e-06,6.734429142057273e-06,6.734429142057273e-06,0.004330753470082703,0.004330753470082703,0.004330753470082703,4.660242196837029e-06,4.660242196837029e-06
gemma4:12b,state_303,RGOCG16-50_16mm,round_pin,USB_Male,USB_Male,False,False,True,B,../vlm_four_scene_20260925/raw/gemma4-12b/state_303/RGOCG16-50_16mm/USB_Male.json,0.11294653309825199,0.11294653309825199,0.11294653309825199,0.0007531978517324062,0.0007531978517324062,0.0007531978517324062,B,gemma4-12b/responses/state_303/RGOCG16-50_16mm/USB_Male.json,0.00011088186821929375,0.00011088186821929375,0.00011088186821929375,0.1354671397268889,0.1354671397268889,0.1354671397268889,-0.1128356512300327,-0.1128356512300327
gemma4:12b,state_303,RGOCG12-50_12mm,round_pin,USB_Male,USB_Male,False,False,True,B,../vlm_four_scene_20260925/raw/gemma4-12b/state_303/RGOCG12-50_12mm/USB_Male.json,0.06226899754123256,0.06226899754123256,0.06226899754123256,0.000953622077045767,0.000953622077045767,0.000953622077045767,B,gemma4-12b/responses/state_303/RGOCG12-50_12mm/USB_Male.json,9.091644602823371e-05,9.091644602823371e-05,9.091644602823371e-05,0.17320063774750433,0.17320063774750433,0.17320063774750433,-0.06217808109520433,-0.06217808109520433
gemma4:12b,state_303,RGOCG8-50_8mm,round_pin,USB_Male,USB_Male,False,False,True,B,../vlm_four_scene_20260925/raw/gemma4-12b/state_303/RGOCG8-50_8mm/USB_Male.json,0.24120633003826056,0.24120633003826056,0.24120633003826056,0.0013539756314834503,0.0013539756314834503,0.0013539756314834503,B,gemma4-12b/responses/state_303/RGOCG8-50_8mm/USB_Male.json,9.091644602823371e-05,9.091644602823371e-05,9.091644602823371e-05,0.17320063774750433,0.17320063774750433,0.17320063774750433,-0.24111541359223232,-0.24111541359223232
gemma4:12b,state_303,USB_Male,USB_Male,USB_Male,USB_Male,True,True,True,A,../vlm_four_scene_20260925/raw/gemma4-12b/state_303/USB_Male/USB_Male.json,0.9999914169306978,0.9999914169306978,0.9999914169306978,1.0806416183166958e-07,1.0806416183166958e-07,1.0806416183166958e-07,A,gemma4-12b/responses/state_303/USB_Male/USB_Male.json,0.9999961853027344,0.9999961853027344,0.9999961853027344,2.1789127479068015e-07,2.1789127479068015e-07,2.1789127479068015e-07,4.768372036556556e-06,4.768372036556556e-06
gemma4:12b,state_303,DSUB_Male,DSUB_Male,USB_Male,USB_Male,False,False,True,B,../vlm_four_scene_20260925/raw/gemma4-12b/state_303/DSUB_Male/USB_Male.json,0.0018958665154843741,0.0018958665154843741,0.0018958665154843741,6.942119480094367e-05,6.942119480094367e-05,6.942119480094367e-05,A,gemma4-12b/responses/state_303/DSUB_Male/USB_Male.json,0.9999864101405658,0.9999864101405658,0.9999864101405658,1.1546262537299908e-06,1.1546262537299908e-06,1.1546262537299908e-06,0.9980905436250814,0.9980905436250814
gemma4:12b,state_303,Gear_Large,gear,DSUB_Male,DSUB_Male,False,False,False,B,../vlm_four_scene_20260925/raw/gemma4-12b/state_303/Gear_Large/DSUB_Male.json,9.028647491799463e-05,9.028647491799463e-05,9.028647491799463e-05,3.64221443083589e-06,3.64221443083589e-06,3.64221443083589e-06,B,gemma4-12b/responses/state_303/Gear_Large/DSUB_Male.json,2.9183892093696005e-07,2.9183892093696005e-07,2.9183892093696005e-07,0.0007658959555069884,0.0007658959555069884,0.0007658959555069884,-8.999463599705766e-05,-8.999463599705766e-05
gemma4:12b,state_303,Gear_Medium,gear,DSUB_Male,DSUB_Male,False,False,False,B,../vlm_four_scene_20260925/raw/gemma4-12b/state_303/Gear_Medium/DSUB_Male.json,6.250419579673008e-05,6.250419579673008e-05,6.250419579673008e-05,1.4468922093507797e-06,1.4468922093507797e-06,1.4468922093507797e-06,B,gemma4-12b/responses/state_303/Gear_Medium/DSUB_Male.json,2.988138211024536e-07,2.988138211024536e-07,2.988138211024536e-07,0.0005505483609456722,0.0005505483609456722,0.0005505483609456722,-6.220538197562762e-05,-6.220538197562762e-05
gemma4:12b,state_303,Gear_Small,gear,DSUB_Male,DSUB_Male,False,False,False,B,../vlm_four_scene_20260925/raw/gemma4-12b/state_303/Gear_Small/DSUB_Male.json,0.00018984953567406597,0.00018984953567406597,0.00018984953567406597,4.831919293734975e-06,4.831919293734975e-06,4.831919293734975e-06,B,gemma4-12b/responses/state_303/Gear_Small/DSUB_Male.json,2.988138211024536e-07,2.988138211024536e-07,2.988138211024536e-07,0.0005505483609456722,0.0005505483609456722,0.0005505483609456722,-0.00018955072185296352,-0.00018955072185296352
gemma4:12b,state_303,Waterproof_Male,Waterproof_Male,DSUB_Male,DSUB_Male,False,False,False,A,../vlm_four_scene_20260925/raw/gemma4-12b/state_303/Waterproof_Male/DSUB_Male.json,0.9999980926513672,0.9999980926513672,0.9999980926513672,1.0351453254637849e-08,1.0351453254637849e-08,1.0351453254637849e-08,A,gemma4-12b/responses/state_303/Waterproof_Male/DSUB_Male.json,0.9999930858610072,0.9999930858610072,0.9999930858610072,1.265755768274592e-07,1.265755768274592e-07,1.265755768274592e-07,-5.006790359973756e-06,-5.006790359973756e-06
gemma4:12b,state_303,M12_Hex_Nut,hex_nut,DSUB_Male,DSUB_Male,False,False,False,B,../vlm_four_scene_20260925/raw/gemma4-12b/state_303/M12_Hex_Nut/DSUB_Male.json,2.413415097725827e-05,2.413415097725827e-05,2.413415097725827e-05,1.8969207134615098e-06,1.8969207134615098e-06,1.8969207134615098e-06,B,gemma4-12b/responses/state_303/M12_Hex_Nut/DSUB_Male.json,2.463870904012379e-07,2.463870904012379e-07,2.463870904012379e-07,8.921341805297676e-05,8.921341805297676e-05,8.921341805297676e-05,-2.3887763886857032e-05,-2.3887763886857032e-05
gemma4:12b,state_303,M16_Hex_Nut,hex_nut,DSUB_Male,DSUB_Male,False,False,False,B,../vlm_four_scene_20260925/raw/gemma4-12b/state_303/M16_Hex_Nut/DSUB_Male.json,9.541450902388485e-06,9.541450902388485e-06,9.541450902388485e-06,3.217682469839132e-07,3.217682469839132e-07,3.217682469839132e-07,B,gemma4-12b/responses/state_303/M16_Hex_Nut/DSUB_Male.json,3.072571944297756e-07,3.072571944297756e-07,3.072571944297756e-07,7.550079740662698e-05,7.550079740662698e-05,7.550079740662698e-05,-9.234193707958709e-06,-9.234193707958709e-06
gemma4:12b,state_303,RGOCG16-50_16mm,round_pin,DSUB_Male,DSUB_Male,False,False,False,A,../vlm_four_scene_20260925/raw/gemma4-12b/state_303/RGOCG16-50_16mm/DSUB_Male.json,0.9999636411655733,0.9999636411655733,0.9999636411655733,1.0534001673872853e-07,1.0534001673872853e-07,1.0534001673872853e-07,B,gemma4-12b/responses/state_303/RGOCG16-50_16mm/DSUB_Male.json,1.4557309077061827e-06,1.4557309077061827e-06,1.4557309077061827e-06,0.018412303034859183,0.018412303034859183,0.018412303034859183,-0.9999621854346656,-0.9999621854346656
gemma4:12b,state_303,RGOCG12-50_12mm,round_pin,DSUB_Male,DSUB_Male,False,False,False,A,../vlm_four_scene_20260925/raw/gemma4-12b/state_303/RGOCG12-50_12mm/DSUB_Male.json,0.9998849630389968,0.9998849630389968,0.9998849630389968,2.631834638312315e-07,2.631834638312315e-07,2.631834638312315e-07,B,gemma4-12b/responses/state_303/RGOCG12-50_12mm/DSUB_Male.json,2.139479777544055e-06,2.139479777544055e-06,2.139479777544055e-06,0.02640834016938908,0.02640834016938908,0.02640834016938908,-0.9998828235592192,-0.9998828235592192
gemma4:12b,state_303,RGOCG8-50_8mm,round_pin,DSUB_Male,DSUB_Male,False,False,False,A,../vlm_four_scene_20260925/raw/gemma4-12b/state_303/RGOCG8-50_8mm/DSUB_Male.json,0.9999718666068776,0.9999718666068776,0.9999718666068776,1.2387809529529587e-07,1.2387809529529587e-07,1.2387809529529587e-07,B,gemma4-12b/responses/state_303/RGOCG8-50_8mm/DSUB_Male.json,2.139479777544055e-06,2.139479777544055e-06,2.139479777544055e-06,0.02640834016938908,0.02640834016938908,0.02640834016938908,-0.9999697271271001,-0.9999697271271001
gemma4:12b,state_303,USB_Male,USB_Male,DSUB_Male,DSUB_Male,False,False,False,B,../vlm_four_scene_20260925/raw/gemma4-12b/state_303/USB_Male/DSUB_Male.json,9.690103719208182e-05,9.690103719208182e-05,9.690103719208182e-05,5.443737635066446e-07,5.443737635066446e-07,5.443737635066446e-07,B,gemma4-12b/responses/state_303/USB_Male/DSUB_Male.json,6.119733056021555e-06,6.119733056021555e-06,6.119733056021555e-06,0.00010160266003916221,0.00010160266003916221,0.00010160266003916221,-9.078130413606027e-05,-9.078130413606027e-05
gemma4:12b,state_303,DSUB_Male,DSUB_Male,DSUB_Male,DSUB_Male,True,True,False,A,../vlm_four_scene_20260925/raw/gemma4-12b/state_303/DSUB_Male/DSUB_Male.json,0.999995231628418,0.999995231628418,0.999995231628418,1.8742380107421667e-08,1.8742380107421667e-08,1.8742380107421667e-08,A,gemma4-12b/responses/state_303/DSUB_Male/DSUB_Male.json,0.9999967813491324,0.9999967813491324,0.9999967813491324,2.616760765174216e-07,2.616760765174216e-07,2.616760765174216e-07,1.5497207144221647e-06,1.5497207144221647e-06
