condition,model,scope,state,target_family,threshold,family_total,family_retained_lower,family_retained_upper,family_rate_lower,family_rate_upper,unrelated_total,unrelated_retained_lower,unrelated_retained_upper,unrelated_rate_lower,unrelated_rate_upper,own_total,own_retained_lower,own_retained_upper,own_rate_lower,own_rate_upper
baseline,qwen3.5:4b,all_crops,original,gear,0.4,9,9,9,1.0,1.0,24,3,3,0.125,0.125,3,3,3,1.0,1.0
baseline,qwen3.5:4b,all_crops,original,gear,0.5,9,7,7,0.7777777777777778,0.7777777777777778,24,2,2,0.08333333333333333,0.08333333333333333,3,3,3,1.0,1.0
baseline,qwen3.5:4b,all_crops,original,gear,0.6,9,7,7,0.7777777777777778,0.7777777777777778,24,0,0,0.0,0.0,3,3,3,1.0,1.0
baseline,qwen3.5:4b,all_crops,original,gear,0.65,9,6,6,0.6666666666666666,0.6666666666666666,24,0,0,0.0,0.0,3,2,2,0.6666666666666666,0.6666666666666666
baseline,qwen3.5:4b,all_crops,original,gear,0.7,9,6,6,0.6666666666666666,0.6666666666666666,24,0,0,0.0,0.0,3,2,2,0.6666666666666666,0.6666666666666666
baseline,qwen3.5:4b,all_crops,original,gear,0.8,9,4,4,0.4444444444444444,0.4444444444444444,24,0,0,0.0,0.0,3,1,1,0.3333333333333333,0.3333333333333333
baseline,qwen3.5:4b,all_crops,original,gear,0.9,9,0,0,0.0,0.0,24,0,0,0.0,0.0,3,0,0,0.0,0.0
baseline,qwen3.5:4b,all_crops,original,gear,0.95,9,0,0,0.0,0.0,24,0,0,0.0,0.0,3,0,0,0.0,0.0
baseline,qwen3.5:4b,all_crops,original,gear,0.97,9,0,0,0.0,0.0,24,0,0,0.0,0.0,3,0,0,0.0,0.0
baseline,qwen3.5:4b,all_crops,original,gear,0.98,9,0,0,0.0,0.0,24,0,0,0.0,0.0,3,0,0,0.0,0.0
baseline,qwen3.5:4b,all_crops,original,gear,0.99,9,0,0,0.0,0.0,24,0,0,0.0,0.0,3,0,0,0.0,0.0
baseline,qwen3.5:4b,all_crops,original,gear,0.995,9,0,0,0.0,0.0,24,0,0,0.0,0.0,3,0,0,0.0,0.0
baseline,qwen3.5:4b,all_crops,original,gear,0.999,9,0,0,0.0,0.0,24,0,0,0.0,0.0,3,0,0,0.0,0.0
baseline,qwen3.5:4b,all_crops,original,gear,0.9999,9,0,0,0.0,0.0,24,0,0,0.0,0.0,3,0,0,0.0,0.0
baseline,qwen3.5:4b,all_crops,original,gear,0.99999,9,0,0,0.0,0.0,24,0,0,0.0,0.0,3,0,0,0.0,0.0
baseline,qwen3.5:4b,all_crops,original,gear,0.999999,9,0,0,0.0,0.0,24,0,0,0.0,0.0,3,0,0,0.0,0.0
baseline,qwen3.5:4b,all_crops,original,hex_nut,0.4,4,3,3,0.75,0.75,18,0,0,0.0,0.0,2,2,2,1.0,1.0
baseline,qwen3.5:4b,all_crops,original,hex_nut,0.5,4,1,1,0.25,0.25,18,0,0,0.0,0.0,2,0,0,0.0,0.0
baseline,qwen3.5:4b,all_crops,original,hex_nut,0.6,4,0,0,0.0,0.0,18,0,0,0.0,0.0,2,0,0,0.0,0.0
baseline,qwen3.5:4b,all_crops,original,hex_nut,0.65,4,0,0,0.0,0.0,18,0,0,0.0,0.0,2,0,0,0.0,0.0
baseline,qwen3.5:4b,all_crops,original,hex_nut,0.7,4,0,0,0.0,0.0,18,0,0,0.0,0.0,2,0,0,0.0,0.0
baseline,qwen3.5:4b,all_crops,original,hex_nut,0.8,4,0,0,0.0,0.0,18,0,0,0.0,0.0,2,0,0,0.0,0.0
baseline,qwen3.5:4b,all_crops,original,hex_nut,0.9,4,0,0,0.0,0.0,18,0,0,0.0,0.0,2,0,0,0.0,0.0
baseline,qwen3.5:4b,all_crops,original,hex_nut,0.95,4,0,0,0.0,0.0,18,0,0,0.0,0.0,2,0,0,0.0,0.0
baseline,qwen3.5:4b,all_crops,original,hex_nut,0.97,4,0,0,0.0,0.0,18,0,0,0.0,0.0,2,0,0,0.0,0.0
baseline,qwen3.5:4b,all_crops,original,hex_nut,0.98,4,0,0,0.0,0.0,18,0,0,0.0,0.0,2,0,0,0.0,0.0
baseline,qwen3.5:4b,all_crops,original,hex_nut,0.99,4,0,0,0.0,0.0,18,0,0,0.0,0.0,2,0,0,0.0,0.0
baseline,qwen3.5:4b,all_crops,original,hex_nut,0.995,4,0,0,0.0,0.0,18,0,0,0.0,0.0,2,0,0,0.0,0.0
baseline,qwen3.5:4b,all_crops,original,hex_nut,0.999,4,0,0,0.0,0.0,18,0,0,0.0,0.0,2,0,0,0.0,0.0
baseline,qwen3.5:4b,all_crops,original,hex_nut,0.9999,4,0,0,0.0,0.0,18,0,0,0.0,0.0,2,0,0,0.0,0.0
baseline,qwen3.5:4b,all_crops,original,hex_nut,0.99999,4,0,0,0.0,0.0,18,0,0,0.0,0.0,2,0,0,0.0,0.0
baseline,qwen3.5:4b,all_crops,original,hex_nut,0.999999,4,0,0,0.0,0.0,18,0,0,0.0,0.0,2,0,0,0.0,0.0
baseline,qwen3.5:4b,all_crops,original,round_pin,0.4,9,9,9,1.0,1.0,24,1,1,0.041666666666666664,0.041666666666666664,3,3,3,1.0,1.0
baseline,qwen3.5:4b,all_crops,original,round_pin,0.5,9,9,9,1.0,1.0,24,0,0,0.0,0.0,3,3,3,1.0,1.0
baseline,qwen3.5:4b,all_crops,original,round_pin,0.6,9,9,9,1.0,1.0,24,0,0,0.0,0.0,3,3,3,1.0,1.0
baseline,qwen3.5:4b,all_crops,original,round_pin,0.65,9,9,9,1.0,1.0,24,0,0,0.0,0.0,3,3,3,1.0,1.0
baseline,qwen3.5:4b,all_crops,original,round_pin,0.7,9,8,8,0.8888888888888888,0.8888888888888888,24,0,0,0.0,0.0,3,2,2,0.6666666666666666,0.6666666666666666
baseline,qwen3.5:4b,all_crops,original,round_pin,0.8,9,5,5,0.5555555555555556,0.5555555555555556,24,0,0,0.0,0.0,3,1,1,0.3333333333333333,0.3333333333333333
baseline,qwen3.5:4b,all_crops,original,round_pin,0.9,9,0,0,0.0,0.0,24,0,0,0.0,0.0,3,0,0,0.0,0.0
baseline,qwen3.5:4b,all_crops,original,round_pin,0.95,9,0,0,0.0,0.0,24,0,0,0.0,0.0,3,0,0,0.0,0.0
baseline,qwen3.5:4b,all_crops,original,round_pin,0.97,9,0,0,0.0,0.0,24,0,0,0.0,0.0,3,0,0,0.0,0.0
baseline,qwen3.5:4b,all_crops,original,round_pin,0.98,9,0,0,0.0,0.0,24,0,0,0.0,0.0,3,0,0,0.0,0.0
baseline,qwen3.5:4b,all_crops,original,round_pin,0.99,9,0,0,0.0,0.0,24,0,0,0.0,0.0,3,0,0,0.0,0.0
baseline,qwen3.5:4b,all_crops,original,round_pin,0.995,9,0,0,0.0,0.0,24,0,0,0.0,0.0,3,0,0,0.0,0.0
baseline,qwen3.5:4b,all_crops,original,round_pin,0.999,9,0,0,0.0,0.0,24,0,0,0.0,0.0,3,0,0,0.0,0.0
baseline,qwen3.5:4b,all_crops,original,round_pin,0.9999,9,0,0,0.0,0.0,24,0,0,0.0,0.0,3,0,0,0.0,0.0
baseline,qwen3.5:4b,all_crops,original,round_pin,0.99999,9,0,0,0.0,0.0,24,0,0,0.0,0.0,3,0,0,0.0,0.0
baseline,qwen3.5:4b,all_crops,original,round_pin,0.999999,9,0,0,0.0,0.0,24,0,0,0.0,0.0,3,0,0,0.0,0.0
baseline,qwen3.5:4b,all_crops,original,Waterproof_Male,0.4,1,1,1,1.0,1.0,10,3,3,0.3,0.3,1,1,1,1.0,1.0
baseline,qwen3.5:4b,all_crops,original,Waterproof_Male,0.5,1,1,1,1.0,1.0,10,2,2,0.2,0.2,1,1,1,1.0,1.0
baseline,qwen3.5:4b,all_crops,original,Waterproof_Male,0.6,1,1,1,1.0,1.0,10,1,1,0.1,0.1,1,1,1,1.0,1.0
baseline,qwen3.5:4b,all_crops,original,Waterproof_Male,0.65,1,1,1,1.0,1.0,10,1,1,0.1,0.1,1,1,1,1.0,1.0
baseline,qwen3.5:4b,all_crops,original,Waterproof_Male,0.7,1,1,1,1.0,1.0,10,1,1,0.1,0.1,1,1,1,1.0,1.0
baseline,qwen3.5:4b,all_crops,original,Waterproof_Male,0.8,1,1,1,1.0,1.0,10,0,0,0.0,0.0,1,1,1,1.0,1.0
baseline,qwen3.5:4b,all_crops,original,Waterproof_Male,0.9,1,0,0,0.0,0.0,10,0,0,0.0,0.0,1,0,0,0.0,0.0
baseline,qwen3.5:4b,all_crops,original,Waterproof_Male,0.95,1,0,0,0.0,0.0,10,0,0,0.0,0.0,1,0,0,0.0,0.0
baseline,qwen3.5:4b,all_crops,original,Waterproof_Male,0.97,1,0,0,0.0,0.0,10,0,0,0.0,0.0,1,0,0,0.0,0.0
baseline,qwen3.5:4b,all_crops,original,Waterproof_Male,0.98,1,0,0,0.0,0.0,10,0,0,0.0,0.0,1,0,0,0.0,0.0
baseline,qwen3.5:4b,all_crops,original,Waterproof_Male,0.99,1,0,0,0.0,0.0,10,0,0,0.0,0.0,1,0,0,0.0,0.0
baseline,qwen3.5:4b,all_crops,original,Waterproof_Male,0.995,1,0,0,0.0,0.0,10,0,0,0.0,0.0,1,0,0,0.0,0.0
baseline,qwen3.5:4b,all_crops,original,Waterproof_Male,0.999,1,0,0,0.0,0.0,10,0,0,0.0,0.0,1,0,0,0.0,0.0
baseline,qwen3.5:4b,all_crops,original,Waterproof_Male,0.9999,1,0,0,0.0,0.0,10,0,0,0.0,0.0,1,0,0,0.0,0.0
baseline,qwen3.5:4b,all_crops,original,Waterproof_Male,0.99999,1,0,0,0.0,0.0,10,0,0,0.0,0.0,1,0,0,0.0,0.0
baseline,qwen3.5:4b,all_crops,original,Waterproof_Male,0.999999,1,0,0,0.0,0.0,10,0,0,0.0,0.0,1,0,0,0.0,0.0
baseline,qwen3.5:4b,all_crops,original,USB_Male,0.4,1,1,1,1.0,1.0,10,1,1,0.1,0.1,1,1,1,1.0,1.0
baseline,qwen3.5:4b,all_crops,original,USB_Male,0.5,1,1,1,1.0,1.0,10,0,0,0.0,0.0,1,1,1,1.0,1.0
baseline,qwen3.5:4b,all_crops,original,USB_Male,0.6,1,1,1,1.0,1.0,10,0,0,0.0,0.0,1,1,1,1.0,1.0
baseline,qwen3.5:4b,all_crops,original,USB_Male,0.65,1,1,1,1.0,1.0,10,0,0,0.0,0.0,1,1,1,1.0,1.0
baseline,qwen3.5:4b,all_crops,original,USB_Male,0.7,1,1,1,1.0,1.0,10,0,0,0.0,0.0,1,1,1,1.0,1.0
baseline,qwen3.5:4b,all_crops,original,USB_Male,0.8,1,1,1,1.0,1.0,10,0,0,0.0,0.0,1,1,1,1.0,1.0
baseline,qwen3.5:4b,all_crops,original,USB_Male,0.9,1,0,0,0.0,0.0,10,0,0,0.0,0.0,1,0,0,0.0,0.0
baseline,qwen3.5:4b,all_crops,original,USB_Male,0.95,1,0,0,0.0,0.0,10,0,0,0.0,0.0,1,0,0,0.0,0.0
baseline,qwen3.5:4b,all_crops,original,USB_Male,0.97,1,0,0,0.0,0.0,10,0,0,0.0,0.0,1,0,0,0.0,0.0
baseline,qwen3.5:4b,all_crops,original,USB_Male,0.98,1,0,0,0.0,0.0,10,0,0,0.0,0.0,1,0,0,0.0,0.0
baseline,qwen3.5:4b,all_crops,original,USB_Male,0.99,1,0,0,0.0,0.0,10,0,0,0.0,0.0,1,0,0,0.0,0.0
baseline,qwen3.5:4b,all_crops,original,USB_Male,0.995,1,0,0,0.0,0.0,10,0,0,0.0,0.0,1,0,0,0.0,0.0
baseline,qwen3.5:4b,all_crops,original,USB_Male,0.999,1,0,0,0.0,0.0,10,0,0,0.0,0.0,1,0,0,0.0,0.0
baseline,qwen3.5:4b,all_crops,original,USB_Male,0.9999,1,0,0,0.0,0.0,10,0,0,0.0,0.0,1,0,0,0.0,0.0
baseline,qwen3.5:4b,all_crops,original,USB_Male,0.99999,1,0,0,0.0,0.0,10,0,0,0.0,0.0,1,0,0,0.0,0.0
baseline,qwen3.5:4b,all_crops,original,USB_Male,0.999999,1,0,0,0.0,0.0,10,0,0,0.0,0.0,1,0,0,0.0,0.0
baseline,qwen3.5:4b,all_crops,original,DSUB_Male,0.4,1,1,1,1.0,1.0,10,2,2,0.2,0.2,1,1,1,1.0,1.0
baseline,qwen3.5:4b,all_crops,original,DSUB_Male,0.5,1,1,1,1.0,1.0,10,1,1,0.1,0.1,1,1,1,1.0,1.0
baseline,qwen3.5:4b,all_crops,original,DSUB_Male,0.6,1,1,1,1.0,1.0,10,1,1,0.1,0.1,1,1,1,1.0,1.0
baseline,qwen3.5:4b,all_crops,original,DSUB_Male,0.65,1,1,1,1.0,1.0,10,1,1,0.1,0.1,1,1,1,1.0,1.0
baseline,qwen3.5:4b,all_crops,original,DSUB_Male,0.7,1,1,1,1.0,1.0,10,0,0,0.0,0.0,1,1,1,1.0,1.0
baseline,qwen3.5:4b,all_crops,original,DSUB_Male,0.8,1,0,0,0.0,0.0,10,0,0,0.0,0.0,1,0,0,0.0,0.0
baseline,qwen3.5:4b,all_crops,original,DSUB_Male,0.9,1,0,0,0.0,0.0,10,0,0,0.0,0.0,1,0,0,0.0,0.0
baseline,qwen3.5:4b,all_crops,original,DSUB_Male,0.95,1,0,0,0.0,0.0,10,0,0,0.0,0.0,1,0,0,0.0,0.0
baseline,qwen3.5:4b,all_crops,original,DSUB_Male,0.97,1,0,0,0.0,0.0,10,0,0,0.0,0.0,1,0,0,0.0,0.0
baseline,qwen3.5:4b,all_crops,original,DSUB_Male,0.98,1,0,0,0.0,0.0,10,0,0,0.0,0.0,1,0,0,0.0,0.0
baseline,qwen3.5:4b,all_crops,original,DSUB_Male,0.99,1,0,0,0.0,0.0,10,0,0,0.0,0.0,1,0,0,0.0,0.0
baseline,qwen3.5:4b,all_crops,original,DSUB_Male,0.995,1,0,0,0.0,0.0,10,0,0,0.0,0.0,1,0,0,0.0,0.0
baseline,qwen3.5:4b,all_crops,original,DSUB_Male,0.999,1,0,0,0.0,0.0,10,0,0,0.0,0.0,1,0,0,0.0,0.0
baseline,qwen3.5:4b,all_crops,original,DSUB_Male,0.9999,1,0,0,0.0,0.0,10,0,0,0.0,0.0,1,0,0,0.0,0.0
baseline,qwen3.5:4b,all_crops,original,DSUB_Male,0.99999,1,0,0,0.0,0.0,10,0,0,0.0,0.0,1,0,0,0.0,0.0
baseline,qwen3.5:4b,all_crops,original,DSUB_Male,0.999999,1,0,0,0.0,0.0,10,0,0,0.0,0.0,1,0,0,0.0,0.0
baseline,qwen3.5:4b,all_crops,state_101,gear,0.4,9,9,9,1.0,1.0,24,3,3,0.125,0.125,3,3,3,1.0,1.0
baseline,qwen3.5:4b,all_crops,state_101,gear,0.5,9,9,9,1.0,1.0,24,2,2,0.08333333333333333,0.08333333333333333,3,3,3,1.0,1.0
baseline,qwen3.5:4b,all_crops,state_101,gear,0.6,9,9,9,1.0,1.0,24,0,0,0.0,0.0,3,3,3,1.0,1.0
baseline,qwen3.5:4b,all_crops,state_101,gear,0.65,9,9,9,1.0,1.0,24,0,0,0.0,0.0,3,3,3,1.0,1.0
baseline,qwen3.5:4b,all_crops,state_101,gear,0.7,9,9,9,1.0,1.0,24,0,0,0.0,0.0,3,3,3,1.0,1.0
baseline,qwen3.5:4b,all_crops,state_101,gear,0.8,9,4,4,0.4444444444444444,0.4444444444444444,24,0,0,0.0,0.0,3,1,1,0.3333333333333333,0.3333333333333333
baseline,qwen3.5:4b,all_crops,state_101,gear,0.9,9,0,0,0.0,0.0,24,0,0,0.0,0.0,3,0,0,0.0,0.0
baseline,qwen3.5:4b,all_crops,state_101,gear,0.95,9,0,0,0.0,0.0,24,0,0,0.0,0.0,3,0,0,0.0,0.0
baseline,qwen3.5:4b,all_crops,state_101,gear,0.97,9,0,0,0.0,0.0,24,0,0,0.0,0.0,3,0,0,0.0,0.0
baseline,qwen3.5:4b,all_crops,state_101,gear,0.98,9,0,0,0.0,0.0,24,0,0,0.0,0.0,3,0,0,0.0,0.0
baseline,qwen3.5:4b,all_crops,state_101,gear,0.99,9,0,0,0.0,0.0,24,0,0,0.0,0.0,3,0,0,0.0,0.0
baseline,qwen3.5:4b,all_crops,state_101,gear,0.995,9,0,0,0.0,0.0,24,0,0,0.0,0.0,3,0,0,0.0,0.0
baseline,qwen3.5:4b,all_crops,state_101,gear,0.999,9,0,0,0.0,0.0,24,0,0,0.0,0.0,3,0,0,0.0,0.0
baseline,qwen3.5:4b,all_crops,state_101,gear,0.9999,9,0,0,0.0,0.0,24,0,0,0.0,0.0,3,0,0,0.0,0.0
baseline,qwen3.5:4b,all_crops,state_101,gear,0.99999,9,0,0,0.0,0.0,24,0,0,0.0,0.0,3,0,0,0.0,0.0
baseline,qwen3.5:4b,all_crops,state_101,gear,0.999999,9,0,0,0.0,0.0,24,0,0,0.0,0.0,3,0,0,0.0,0.0
baseline,qwen3.5:4b,all_crops,state_101,hex_nut,0.4,4,3,3,0.75,0.75,18,0,0,0.0,0.0,2,2,2,1.0,1.0
baseline,qwen3.5:4b,all_crops,state_101,hex_nut,0.5,4,3,3,0.75,0.75,18,0,0,0.0,0.0,2,2,2,1.0,1.0
baseline,qwen3.5:4b,all_crops,state_101,hex_nut,0.6,4,3,3,0.75,0.75,18,0,0,0.0,0.0,2,2,2,1.0,1.0
baseline,qwen3.5:4b,all_crops,state_101,hex_nut,0.65,4,1,1,0.25,0.25,18,0,0,0.0,0.0,2,0,0,0.0,0.0
baseline,qwen3.5:4b,all_crops,state_101,hex_nut,0.7,4,1,1,0.25,0.25,18,0,0,0.0,0.0,2,0,0,0.0,0.0
baseline,qwen3.5:4b,all_crops,state_101,hex_nut,0.8,4,0,0,0.0,0.0,18,0,0,0.0,0.0,2,0,0,0.0,0.0
baseline,qwen3.5:4b,all_crops,state_101,hex_nut,0.9,4,0,0,0.0,0.0,18,0,0,0.0,0.0,2,0,0,0.0,0.0
baseline,qwen3.5:4b,all_crops,state_101,hex_nut,0.95,4,0,0,0.0,0.0,18,0,0,0.0,0.0,2,0,0,0.0,0.0
baseline,qwen3.5:4b,all_crops,state_101,hex_nut,0.97,4,0,0,0.0,0.0,18,0,0,0.0,0.0,2,0,0,0.0,0.0
baseline,qwen3.5:4b,all_crops,state_101,hex_nut,0.98,4,0,0,0.0,0.0,18,0,0,0.0,0.0,2,0,0,0.0,0.0
baseline,qwen3.5:4b,all_crops,state_101,hex_nut,0.99,4,0,0,0.0,0.0,18,0,0,0.0,0.0,2,0,0,0.0,0.0
baseline,qwen3.5:4b,all_crops,state_101,hex_nut,0.995,4,0,0,0.0,0.0,18,0,0,0.0,0.0,2,0,0,0.0,0.0
baseline,qwen3.5:4b,all_crops,state_101,hex_nut,0.999,4,0,0,0.0,0.0,18,0,0,0.0,0.0,2,0,0,0.0,0.0
baseline,qwen3.5:4b,all_crops,state_101,hex_nut,0.9999,4,0,0,0.0,0.0,18,0,0,0.0,0.0,2,0,0,0.0,0.0
baseline,qwen3.5:4b,all_crops,state_101,hex_nut,0.99999,4,0,0,0.0,0.0,18,0,0,0.0,0.0,2,0,0,0.0,0.0
baseline,qwen3.5:4b,all_crops,state_101,hex_nut,0.999999,4,0,0,0.0,0.0,18,0,0,0.0,0.0,2,0,0,0.0,0.0
baseline,qwen3.5:4b,all_crops,state_101,round_pin,0.4,9,9,9,1.0,1.0,24,0,0,0.0,0.0,3,3,3,1.0,1.0
baseline,qwen3.5:4b,all_crops,state_101,round_pin,0.5,9,9,9,1.0,1.0,24,0,0,0.0,0.0,3,3,3,1.0,1.0
baseline,qwen3.5:4b,all_crops,state_101,round_pin,0.6,9,9,9,1.0,1.0,24,0,0,0.0,0.0,3,3,3,1.0,1.0
baseline,qwen3.5:4b,all_crops,state_101,round_pin,0.65,9,6,6,0.6666666666666666,0.6666666666666666,24,0,0,0.0,0.0,3,3,3,1.0,1.0
baseline,qwen3.5:4b,all_crops,state_101,round_pin,0.7,9,2,2,0.2222222222222222,0.2222222222222222,24,0,0,0.0,0.0,3,1,1,0.3333333333333333,0.3333333333333333
baseline,qwen3.5:4b,all_crops,state_101,round_pin,0.8,9,1,1,0.1111111111111111,0.1111111111111111,24,0,0,0.0,0.0,3,1,1,0.3333333333333333,0.3333333333333333
baseline,qwen3.5:4b,all_crops,state_101,round_pin,0.9,9,0,0,0.0,0.0,24,0,0,0.0,0.0,3,0,0,0.0,0.0
baseline,qwen3.5:4b,all_crops,state_101,round_pin,0.95,9,0,0,0.0,0.0,24,0,0,0.0,0.0,3,0,0,0.0,0.0
baseline,qwen3.5:4b,all_crops,state_101,round_pin,0.97,9,0,0,0.0,0.0,24,0,0,0.0,0.0,3,0,0,0.0,0.0
baseline,qwen3.5:4b,all_crops,state_101,round_pin,0.98,9,0,0,0.0,0.0,24,0,0,0.0,0.0,3,0,0,0.0,0.0
baseline,qwen3.5:4b,all_crops,state_101,round_pin,0.99,9,0,0,0.0,0.0,24,0,0,0.0,0.0,3,0,0,0.0,0.0
baseline,qwen3.5:4b,all_crops,state_101,round_pin,0.995,9,0,0,0.0,0.0,24,0,0,0.0,0.0,3,0,0,0.0,0.0
baseline,qwen3.5:4b,all_crops,state_101,round_pin,0.999,9,0,0,0.0,0.0,24,0,0,0.0,0.0,3,0,0,0.0,0.0
baseline,qwen3.5:4b,all_crops,state_101,round_pin,0.9999,9,0,0,0.0,0.0,24,0,0,0.0,0.0,3,0,0,0.0,0.0
baseline,qwen3.5:4b,all_crops,state_101,round_pin,0.99999,9,0,0,0.0,0.0,24,0,0,0.0,0.0,3,0,0,0.0,0.0
baseline,qwen3.5:4b,all_crops,state_101,round_pin,0.999999,9,0,0,0.0,0.0,24,0,0,0.0,0.0,3,0,0,0.0,0.0
baseline,qwen3.5:4b,all_crops,state_101,Waterproof_Male,0.4,1,1,1,1.0,1.0,10,2,2,0.2,0.2,1,1,1,1.0,1.0
baseline,qwen3.5:4b,all_crops,state_101,Waterproof_Male,0.5,1,1,1,1.0,1.0,10,2,2,0.2,0.2,1,1,1,1.0,1.0
baseline,qwen3.5:4b,all_crops,state_101,Waterproof_Male,0.6,1,1,1,1.0,1.0,10,2,2,0.2,0.2,1,1,1,1.0,1.0
baseline,qwen3.5:4b,all_crops,state_101,Waterproof_Male,0.65,1,1,1,1.0,1.0,10,2,2,0.2,0.2,1,1,1,1.0,1.0
baseline,qwen3.5:4b,all_crops,state_101,Waterproof_Male,0.7,1,1,1,1.0,1.0,10,2,2,0.2,0.2,1,1,1,1.0,1.0
baseline,qwen3.5:4b,all_crops,state_101,Waterproof_Male,0.8,1,0,0,0.0,0.0,10,0,0,0.0,0.0,1,0,0,0.0,0.0
baseline,qwen3.5:4b,all_crops,state_101,Waterproof_Male,0.9,1,0,0,0.0,0.0,10,0,0,0.0,0.0,1,0,0,0.0,0.0
baseline,qwen3.5:4b,all_crops,state_101,Waterproof_Male,0.95,1,0,0,0.0,0.0,10,0,0,0.0,0.0,1,0,0,0.0,0.0
baseline,qwen3.5:4b,all_crops,state_101,Waterproof_Male,0.97,1,0,0,0.0,0.0,10,0,0,0.0,0.0,1,0,0,0.0,0.0
baseline,qwen3.5:4b,all_crops,state_101,Waterproof_Male,0.98,1,0,0,0.0,0.0,10,0,0,0.0,0.0,1,0,0,0.0,0.0
baseline,qwen3.5:4b,all_crops,state_101,Waterproof_Male,0.99,1,0,0,0.0,0.0,10,0,0,0.0,0.0,1,0,0,0.0,0.0
baseline,qwen3.5:4b,all_crops,state_101,Waterproof_Male,0.995,1,0,0,0.0,0.0,10,0,0,0.0,0.0,1,0,0,0.0,0.0
baseline,qwen3.5:4b,all_crops,state_101,Waterproof_Male,0.999,1,0,0,0.0,0.0,10,0,0,0.0,0.0,1,0,0,0.0,0.0
baseline,qwen3.5:4b,all_crops,state_101,Waterproof_Male,0.9999,1,0,0,0.0,0.0,10,0,0,0.0,0.0,1,0,0,0.0,0.0
baseline,qwen3.5:4b,all_crops,state_101,Waterproof_Male,0.99999,1,0,0,0.0,0.0,10,0,0,0.0,0.0,1,0,0,0.0,0.0
baseline,qwen3.5:4b,all_crops,state_101,Waterproof_Male,0.999999,1,0,0,0.0,0.0,10,0,0,0.0,0.0,1,0,0,0.0,0.0
baseline,qwen3.5:4b,all_crops,state_101,USB_Male,0.4,1,1,1,1.0,1.0,10,0,0,0.0,0.0,1,1,1,1.0,1.0
baseline,qwen3.5:4b,all_crops,state_101,USB_Male,0.5,1,1,1,1.0,1.0,10,0,0,0.0,0.0,1,1,1,1.0,1.0
baseline,qwen3.5:4b,all_crops,state_101,USB_Male,0.6,1,1,1,1.0,1.0,10,0,0,0.0,0.0,1,1,1,1.0,1.0
baseline,qwen3.5:4b,all_crops,state_101,USB_Male,0.65,1,1,1,1.0,1.0,10,0,0,0.0,0.0,1,1,1,1.0,1.0
baseline,qwen3.5:4b,all_crops,state_101,USB_Male,0.7,1,1,1,1.0,1.0,10,0,0,0.0,0.0,1,1,1,1.0,1.0
baseline,qwen3.5:4b,all_crops,state_101,USB_Male,0.8,1,1,1,1.0,1.0,10,0,0,0.0,0.0,1,1,1,1.0,1.0
baseline,qwen3.5:4b,all_crops,state_101,USB_Male,0.9,1,1,1,1.0,1.0,10,0,0,0.0,0.0,1,1,1,1.0,1.0
baseline,qwen3.5:4b,all_crops,state_101,USB_Male,0.95,1,0,0,0.0,0.0,10,0,0,0.0,0.0,1,0,0,0.0,0.0
baseline,qwen3.5:4b,all_crops,state_101,USB_Male,0.97,1,0,0,0.0,0.0,10,0,0,0.0,0.0,1,0,0,0.0,0.0
baseline,qwen3.5:4b,all_crops,state_101,USB_Male,0.98,1,0,0,0.0,0.0,10,0,0,0.0,0.0,1,0,0,0.0,0.0
baseline,qwen3.5:4b,all_crops,state_101,USB_Male,0.99,1,0,0,0.0,0.0,10,0,0,0.0,0.0,1,0,0,0.0,0.0
baseline,qwen3.5:4b,all_crops,state_101,USB_Male,0.995,1,0,0,0.0,0.0,10,0,0,0.0,0.0,1,0,0,0.0,0.0
baseline,qwen3.5:4b,all_crops,state_101,USB_Male,0.999,1,0,0,0.0,0.0,10,0,0,0.0,0.0,1,0,0,0.0,0.0
baseline,qwen3.5:4b,all_crops,state_101,USB_Male,0.9999,1,0,0,0.0,0.0,10,0,0,0.0,0.0,1,0,0,0.0,0.0
baseline,qwen3.5:4b,all_crops,state_101,USB_Male,0.99999,1,0,0,0.0,0.0,10,0,0,0.0,0.0,1,0,0,0.0,0.0
baseline,qwen3.5:4b,all_crops,state_101,USB_Male,0.999999,1,0,0,0.0,0.0,10,0,0,0.0,0.0,1,0,0,0.0,0.0
baseline,qwen3.5:4b,all_crops,state_101,DSUB_Male,0.4,1,1,1,1.0,1.0,10,2,2,0.2,0.2,1,1,1,1.0,1.0
baseline,qwen3.5:4b,all_crops,state_101,DSUB_Male,0.5,1,1,1,1.0,1.0,10,1,1,0.1,0.1,1,1,1,1.0,1.0
baseline,qwen3.5:4b,all_crops,state_101,DSUB_Male,0.6,1,1,1,1.0,1.0,10,1,1,0.1,0.1,1,1,1,1.0,1.0
baseline,qwen3.5:4b,all_crops,state_101,DSUB_Male,0.65,1,1,1,1.0,1.0,10,1,1,0.1,0.1,1,1,1,1.0,1.0
baseline,qwen3.5:4b,all_crops,state_101,DSUB_Male,0.7,1,1,1,1.0,1.0,10,1,1,0.1,0.1,1,1,1,1.0,1.0
baseline,qwen3.5:4b,all_crops,state_101,DSUB_Male,0.8,1,0,0,0.0,0.0,10,0,0,0.0,0.0,1,0,0,0.0,0.0
baseline,qwen3.5:4b,all_crops,state_101,DSUB_Male,0.9,1,0,0,0.0,0.0,10,0,0,0.0,0.0,1,0,0,0.0,0.0
baseline,qwen3.5:4b,all_crops,state_101,DSUB_Male,0.95,1,0,0,0.0,0.0,10,0,0,0.0,0.0,1,0,0,0.0,0.0
baseline,qwen3.5:4b,all_crops,state_101,DSUB_Male,0.97,1,0,0,0.0,0.0,10,0,0,0.0,0.0,1,0,0,0.0,0.0
baseline,qwen3.5:4b,all_crops,state_101,DSUB_Male,0.98,1,0,0,0.0,0.0,10,0,0,0.0,0.0,1,0,0,0.0,0.0
baseline,qwen3.5:4b,all_crops,state_101,DSUB_Male,0.99,1,0,0,0.0,0.0,10,0,0,0.0,0.0,1,0,0,0.0,0.0
baseline,qwen3.5:4b,all_crops,state_101,DSUB_Male,0.995,1,0,0,0.0,0.0,10,0,0,0.0,0.0,1,0,0,0.0,0.0
baseline,qwen3.5:4b,all_crops,state_101,DSUB_Male,0.999,1,0,0,0.0,0.0,10,0,0,0.0,0.0,1,0,0,0.0,0.0
baseline,qwen3.5:4b,all_crops,state_101,DSUB_Male,0.9999,1,0,0,0.0,0.0,10,0,0,0.0,0.0,1,0,0,0.0,0.0
baseline,qwen3.5:4b,all_crops,state_101,DSUB_Male,0.99999,1,0,0,0.0,0.0,10,0,0,0.0,0.0,1,0,0,0.0,0.0
baseline,qwen3.5:4b,all_crops,state_101,DSUB_Male,0.999999,1,0,0,0.0,0.0,10,0,0,0.0,0.0,1,0,0,0.0,0.0
baseline,qwen3.5:4b,all_crops,state_202,gear,0.4,9,9,9,1.0,1.0,24,3,3,0.125,0.125,3,3,3,1.0,1.0
baseline,qwen3.5:4b,all_crops,state_202,gear,0.5,9,9,9,1.0,1.0,24,3,3,0.125,0.125,3,3,3,1.0,1.0
baseline,qwen3.5:4b,all_crops,state_202,gear,0.6,9,9,9,1.0,1.0,24,3,3,0.125,0.125,3,3,3,1.0,1.0
baseline,qwen3.5:4b,all_crops,state_202,gear,0.65,9,9,9,1.0,1.0,24,2,2,0.08333333333333333,0.08333333333333333,3,3,3,1.0,1.0
baseline,qwen3.5:4b,all_crops,state_202,gear,0.7,9,5,5,0.5555555555555556,0.5555555555555556,24,0,0,0.0,0.0,3,2,2,0.6666666666666666,0.6666666666666666
baseline,qwen3.5:4b,all_crops,state_202,gear,0.8,9,2,2,0.2222222222222222,0.2222222222222222,24,0,0,0.0,0.0,3,1,1,0.3333333333333333,0.3333333333333333
baseline,qwen3.5:4b,all_crops,state_202,gear,0.9,9,0,0,0.0,0.0,24,0,0,0.0,0.0,3,0,0,0.0,0.0
baseline,qwen3.5:4b,all_crops,state_202,gear,0.95,9,0,0,0.0,0.0,24,0,0,0.0,0.0,3,0,0,0.0,0.0
baseline,qwen3.5:4b,all_crops,state_202,gear,0.97,9,0,0,0.0,0.0,24,0,0,0.0,0.0,3,0,0,0.0,0.0
baseline,qwen3.5:4b,all_crops,state_202,gear,0.98,9,0,0,0.0,0.0,24,0,0,0.0,0.0,3,0,0,0.0,0.0
baseline,qwen3.5:4b,all_crops,state_202,gear,0.99,9,0,0,0.0,0.0,24,0,0,0.0,0.0,3,0,0,0.0,0.0
baseline,qwen3.5:4b,all_crops,state_202,gear,0.995,9,0,0,0.0,0.0,24,0,0,0.0,0.0,3,0,0,0.0,0.0
baseline,qwen3.5:4b,all_crops,state_202,gear,0.999,9,0,0,0.0,0.0,24,0,0,0.0,0.0,3,0,0,0.0,0.0
baseline,qwen3.5:4b,all_crops,state_202,gear,0.9999,9,0,0,0.0,0.0,24,0,0,0.0,0.0,3,0,0,0.0,0.0
baseline,qwen3.5:4b,all_crops,state_202,gear,0.99999,9,0,0,0.0,0.0,24,0,0,0.0,0.0,3,0,0,0.0,0.0
baseline,qwen3.5:4b,all_crops,state_202,gear,0.999999,9,0,0,0.0,0.0,24,0,0,0.0,0.0,3,0,0,0.0,0.0
baseline,qwen3.5:4b,all_crops,state_202,hex_nut,0.4,4,4,4,1.0,1.0,18,0,0,0.0,0.0,2,2,2,1.0,1.0
baseline,qwen3.5:4b,all_crops,state_202,hex_nut,0.5,4,4,4,1.0,1.0,18,0,0,0.0,0.0,2,2,2,1.0,1.0
baseline,qwen3.5:4b,all_crops,state_202,hex_nut,0.6,4,3,3,0.75,0.75,18,0,0,0.0,0.0,2,1,1,0.5,0.5
baseline,qwen3.5:4b,all_crops,state_202,hex_nut,0.65,4,3,3,0.75,0.75,18,0,0,0.0,0.0,2,1,1,0.5,0.5
baseline,qwen3.5:4b,all_crops,state_202,hex_nut,0.7,4,2,2,0.5,0.5,18,0,0,0.0,0.0,2,1,1,0.5,0.5
baseline,qwen3.5:4b,all_crops,state_202,hex_nut,0.8,4,0,0,0.0,0.0,18,0,0,0.0,0.0,2,0,0,0.0,0.0
baseline,qwen3.5:4b,all_crops,state_202,hex_nut,0.9,4,0,0,0.0,0.0,18,0,0,0.0,0.0,2,0,0,0.0,0.0
baseline,qwen3.5:4b,all_crops,state_202,hex_nut,0.95,4,0,0,0.0,0.0,18,0,0,0.0,0.0,2,0,0,0.0,0.0
baseline,qwen3.5:4b,all_crops,state_202,hex_nut,0.97,4,0,0,0.0,0.0,18,0,0,0.0,0.0,2,0,0,0.0,0.0
baseline,qwen3.5:4b,all_crops,state_202,hex_nut,0.98,4,0,0,0.0,0.0,18,0,0,0.0,0.0,2,0,0,0.0,0.0
baseline,qwen3.5:4b,all_crops,state_202,hex_nut,0.99,4,0,0,0.0,0.0,18,0,0,0.0,0.0,2,0,0,0.0,0.0
baseline,qwen3.5:4b,all_crops,state_202,hex_nut,0.995,4,0,0,0.0,0.0,18,0,0,0.0,0.0,2,0,0,0.0,0.0
baseline,qwen3.5:4b,all_crops,state_202,hex_nut,0.999,4,0,0,0.0,0.0,18,0,0,0.0,0.0,2,0,0,0.0,0.0
baseline,qwen3.5:4b,all_crops,state_202,hex_nut,0.9999,4,0,0,0.0,0.0,18,0,0,0.0,0.0,2,0,0,0.0,0.0
baseline,qwen3.5:4b,all_crops,state_202,hex_nut,0.99999,4,0,0,0.0,0.0,18,0,0,0.0,0.0,2,0,0,0.0,0.0
baseline,qwen3.5:4b,all_crops,state_202,hex_nut,0.999999,4,0,0,0.0,0.0,18,0,0,0.0,0.0,2,0,0,0.0,0.0
baseline,qwen3.5:4b,all_crops,state_202,round_pin,0.4,9,9,9,1.0,1.0,24,1,1,0.041666666666666664,0.041666666666666664,3,3,3,1.0,1.0
baseline,qwen3.5:4b,all_crops,state_202,round_pin,0.5,9,9,9,1.0,1.0,24,0,0,0.0,0.0,3,3,3,1.0,1.0
baseline,qwen3.5:4b,all_crops,state_202,round_pin,0.6,9,9,9,1.0,1.0,24,0,0,0.0,0.0,3,3,3,1.0,1.0
baseline,qwen3.5:4b,all_crops,state_202,round_pin,0.65,9,9,9,1.0,1.0,24,0,0,0.0,0.0,3,3,3,1.0,1.0
baseline,qwen3.5:4b,all_crops,state_202,round_pin,0.7,9,8,8,0.8888888888888888,0.8888888888888888,24,0,0,0.0,0.0,3,3,3,1.0,1.0
baseline,qwen3.5:4b,all_crops,state_202,round_pin,0.8,9,5,5,0.5555555555555556,0.5555555555555556,24,0,0,0.0,0.0,3,1,1,0.3333333333333333,0.3333333333333333
baseline,qwen3.5:4b,all_crops,state_202,round_pin,0.9,9,0,0,0.0,0.0,24,0,0,0.0,0.0,3,0,0,0.0,0.0
baseline,qwen3.5:4b,all_crops,state_202,round_pin,0.95,9,0,0,0.0,0.0,24,0,0,0.0,0.0,3,0,0,0.0,0.0
baseline,qwen3.5:4b,all_crops,state_202,round_pin,0.97,9,0,0,0.0,0.0,24,0,0,0.0,0.0,3,0,0,0.0,0.0
baseline,qwen3.5:4b,all_crops,state_202,round_pin,0.98,9,0,0,0.0,0.0,24,0,0,0.0,0.0,3,0,0,0.0,0.0
baseline,qwen3.5:4b,all_crops,state_202,round_pin,0.99,9,0,0,0.0,0.0,24,0,0,0.0,0.0,3,0,0,0.0,0.0
baseline,qwen3.5:4b,all_crops,state_202,round_pin,0.995,9,0,0,0.0,0.0,24,0,0,0.0,0.0,3,0,0,0.0,0.0
baseline,qwen3.5:4b,all_crops,state_202,round_pin,0.999,9,0,0,0.0,0.0,24,0,0,0.0,0.0,3,0,0,0.0,0.0
baseline,qwen3.5:4b,all_crops,state_202,round_pin,0.9999,9,0,0,0.0,0.0,24,0,0,0.0,0.0,3,0,0,0.0,0.0
baseline,qwen3.5:4b,all_crops,state_202,round_pin,0.99999,9,0,0,0.0,0.0,24,0,0,0.0,0.0,3,0,0,0.0,0.0
baseline,qwen3.5:4b,all_crops,state_202,round_pin,0.999999,9,0,0,0.0,0.0,24,0,0,0.0,0.0,3,0,0,0.0,0.0
baseline,qwen3.5:4b,all_crops,state_202,Waterproof_Male,0.4,1,1,1,1.0,1.0,10,3,3,0.3,0.3,1,1,1,1.0,1.0
baseline,qwen3.5:4b,all_crops,state_202,Waterproof_Male,0.5,1,1,1,1.0,1.0,10,3,3,0.3,0.3,1,1,1,1.0,1.0
baseline,qwen3.5:4b,all_crops,state_202,Waterproof_Male,0.6,1,1,1,1.0,1.0,10,2,2,0.2,0.2,1,1,1,1.0,1.0
baseline,qwen3.5:4b,all_crops,state_202,Waterproof_Male,0.65,1,1,1,1.0,1.0,10,2,2,0.2,0.2,1,1,1,1.0,1.0
baseline,qwen3.5:4b,all_crops,state_202,Waterproof_Male,0.7,1,0,0,0.0,0.0,10,1,1,0.1,0.1,1,0,0,0.0,0.0
baseline,qwen3.5:4b,all_crops,state_202,Waterproof_Male,0.8,1,0,0,0.0,0.0,10,1,1,0.1,0.1,1,0,0,0.0,0.0
baseline,qwen3.5:4b,all_crops,state_202,Waterproof_Male,0.9,1,0,0,0.0,0.0,10,0,0,0.0,0.0,1,0,0,0.0,0.0
baseline,qwen3.5:4b,all_crops,state_202,Waterproof_Male,0.95,1,0,0,0.0,0.0,10,0,0,0.0,0.0,1,0,0,0.0,0.0
baseline,qwen3.5:4b,all_crops,state_202,Waterproof_Male,0.97,1,0,0,0.0,0.0,10,0,0,0.0,0.0,1,0,0,0.0,0.0
baseline,qwen3.5:4b,all_crops,state_202,Waterproof_Male,0.98,1,0,0,0.0,0.0,10,0,0,0.0,0.0,1,0,0,0.0,0.0
baseline,qwen3.5:4b,all_crops,state_202,Waterproof_Male,0.99,1,0,0,0.0,0.0,10,0,0,0.0,0.0,1,0,0,0.0,0.0
baseline,qwen3.5:4b,all_crops,state_202,Waterproof_Male,0.995,1,0,0,0.0,0.0,10,0,0,0.0,0.0,1,0,0,0.0,0.0
baseline,qwen3.5:4b,all_crops,state_202,Waterproof_Male,0.999,1,0,0,0.0,0.0,10,0,0,0.0,0.0,1,0,0,0.0,0.0
baseline,qwen3.5:4b,all_crops,state_202,Waterproof_Male,0.9999,1,0,0,0.0,0.0,10,0,0,0.0,0.0,1,0,0,0.0,0.0
baseline,qwen3.5:4b,all_crops,state_202,Waterproof_Male,0.99999,1,0,0,0.0,0.0,10,0,0,0.0,0.0,1,0,0,0.0,0.0
baseline,qwen3.5:4b,all_crops,state_202,Waterproof_Male,0.999999,1,0,0,0.0,0.0,10,0,0,0.0,0.0,1,0,0,0.0,0.0
baseline,qwen3.5:4b,all_crops,state_202,USB_Male,0.4,1,1,1,1.0,1.0,10,0,0,0.0,0.0,1,1,1,1.0,1.0
baseline,qwen3.5:4b,all_crops,state_202,USB_Male,0.5,1,1,1,1.0,1.0,10,0,0,0.0,0.0,1,1,1,1.0,1.0
baseline,qwen3.5:4b,all_crops,state_202,USB_Male,0.6,1,1,1,1.0,1.0,10,0,0,0.0,0.0,1,1,1,1.0,1.0
baseline,qwen3.5:4b,all_crops,state_202,USB_Male,0.65,1,1,1,1.0,1.0,10,0,0,0.0,0.0,1,1,1,1.0,1.0
baseline,qwen3.5:4b,all_crops,state_202,USB_Male,0.7,1,1,1,1.0,1.0,10,0,0,0.0,0.0,1,1,1,1.0,1.0
baseline,qwen3.5:4b,all_crops,state_202,USB_Male,0.8,1,1,1,1.0,1.0,10,0,0,0.0,0.0,1,1,1,1.0,1.0
baseline,qwen3.5:4b,all_crops,state_202,USB_Male,0.9,1,0,0,0.0,0.0,10,0,0,0.0,0.0,1,0,0,0.0,0.0
baseline,qwen3.5:4b,all_crops,state_202,USB_Male,0.95,1,0,0,0.0,0.0,10,0,0,0.0,0.0,1,0,0,0.0,0.0
baseline,qwen3.5:4b,all_crops,state_202,USB_Male,0.97,1,0,0,0.0,0.0,10,0,0,0.0,0.0,1,0,0,0.0,0.0
baseline,qwen3.5:4b,all_crops,state_202,USB_Male,0.98,1,0,0,0.0,0.0,10,0,0,0.0,0.0,1,0,0,0.0,0.0
baseline,qwen3.5:4b,all_crops,state_202,USB_Male,0.99,1,0,0,0.0,0.0,10,0,0,0.0,0.0,1,0,0,0.0,0.0
baseline,qwen3.5:4b,all_crops,state_202,USB_Male,0.995,1,0,0,0.0,0.0,10,0,0,0.0,0.0,1,0,0,0.0,0.0
baseline,qwen3.5:4b,all_crops,state_202,USB_Male,0.999,1,0,0,0.0,0.0,10,0,0,0.0,0.0,1,0,0,0.0,0.0
baseline,qwen3.5:4b,all_crops,state_202,USB_Male,0.9999,1,0,0,0.0,0.0,10,0,0,0.0,0.0,1,0,0,0.0,0.0
baseline,qwen3.5:4b,all_crops,state_202,USB_Male,0.99999,1,0,0,0.0,0.0,10,0,0,0.0,0.0,1,0,0,0.0,0.0
baseline,qwen3.5:4b,all_crops,state_202,USB_Male,0.999999,1,0,0,0.0,0.0,10,0,0,0.0,0.0,1,0,0,0.0,0.0
baseline,qwen3.5:4b,all_crops,state_202,DSUB_Male,0.4,1,1,1,1.0,1.0,10,1,1,0.1,0.1,1,1,1,1.0,1.0
baseline,qwen3.5:4b,all_crops,state_202,DSUB_Male,0.5,1,1,1,1.0,1.0,10,1,1,0.1,0.1,1,1,1,1.0,1.0
baseline,qwen3.5:4b,all_crops,state_202,DSUB_Male,0.6,1,1,1,1.0,1.0,10,1,1,0.1,0.1,1,1,1,1.0,1.0
baseline,qwen3.5:4b,all_crops,state_202,DSUB_Male,0.65,1,1,1,1.0,1.0,10,0,0,0.0,0.0,1,1,1,1.0,1.0
baseline,qwen3.5:4b,all_crops,state_202,DSUB_Male,0.7,1,1,1,1.0,1.0,10,0,0,0.0,0.0,1,1,1,1.0,1.0
baseline,qwen3.5:4b,all_crops,state_202,DSUB_Male,0.8,1,1,1,1.0,1.0,10,0,0,0.0,0.0,1,1,1,1.0,1.0
baseline,qwen3.5:4b,all_crops,state_202,DSUB_Male,0.9,1,0,0,0.0,0.0,10,0,0,0.0,0.0,1,0,0,0.0,0.0
baseline,qwen3.5:4b,all_crops,state_202,DSUB_Male,0.95,1,0,0,0.0,0.0,10,0,0,0.0,0.0,1,0,0,0.0,0.0
baseline,qwen3.5:4b,all_crops,state_202,DSUB_Male,0.97,1,0,0,0.0,0.0,10,0,0,0.0,0.0,1,0,0,0.0,0.0
baseline,qwen3.5:4b,all_crops,state_202,DSUB_Male,0.98,1,0,0,0.0,0.0,10,0,0,0.0,0.0,1,0,0,0.0,0.0
baseline,qwen3.5:4b,all_crops,state_202,DSUB_Male,0.99,1,0,0,0.0,0.0,10,0,0,0.0,0.0,1,0,0,0.0,0.0
baseline,qwen3.5:4b,all_crops,state_202,DSUB_Male,0.995,1,0,0,0.0,0.0,10,0,0,0.0,0.0,1,0,0,0.0,0.0
baseline,qwen3.5:4b,all_crops,state_202,DSUB_Male,0.999,1,0,0,0.0,0.0,10,0,0,0.0,0.0,1,0,0,0.0,0.0
baseline,qwen3.5:4b,all_crops,state_202,DSUB_Male,0.9999,1,0,0,0.0,0.0,10,0,0,0.0,0.0,1,0,0,0.0,0.0
baseline,qwen3.5:4b,all_crops,state_202,DSUB_Male,0.99999,1,0,0,0.0,0.0,10,0,0,0.0,0.0,1,0,0,0.0,0.0
baseline,qwen3.5:4b,all_crops,state_202,DSUB_Male,0.999999,1,0,0,0.0,0.0,10,0,0,0.0,0.0,1,0,0,0.0,0.0
baseline,qwen3.5:4b,all_crops,state_303,gear,0.4,9,9,9,1.0,1.0,24,4,4,0.16666666666666666,0.16666666666666666,3,3,3,1.0,1.0
baseline,qwen3.5:4b,all_crops,state_303,gear,0.5,9,9,9,1.0,1.0,24,1,1,0.041666666666666664,0.041666666666666664,3,3,3,1.0,1.0
baseline,qwen3.5:4b,all_crops,state_303,gear,0.6,9,9,9,1.0,1.0,24,0,0,0.0,0.0,3,3,3,1.0,1.0
baseline,qwen3.5:4b,all_crops,state_303,gear,0.65,9,6,6,0.6666666666666666,0.6666666666666666,24,0,0,0.0,0.0,3,2,2,0.6666666666666666,0.6666666666666666
baseline,qwen3.5:4b,all_crops,state_303,gear,0.7,9,3,3,0.3333333333333333,0.3333333333333333,24,0,0,0.0,0.0,3,1,1,0.3333333333333333,0.3333333333333333
baseline,qwen3.5:4b,all_crops,state_303,gear,0.8,9,3,3,0.3333333333333333,0.3333333333333333,24,0,0,0.0,0.0,3,1,1,0.3333333333333333,0.3333333333333333
baseline,qwen3.5:4b,all_crops,state_303,gear,0.9,9,1,1,0.1111111111111111,0.1111111111111111,24,0,0,0.0,0.0,3,0,0,0.0,0.0
baseline,qwen3.5:4b,all_crops,state_303,gear,0.95,9,0,0,0.0,0.0,24,0,0,0.0,0.0,3,0,0,0.0,0.0
baseline,qwen3.5:4b,all_crops,state_303,gear,0.97,9,0,0,0.0,0.0,24,0,0,0.0,0.0,3,0,0,0.0,0.0
baseline,qwen3.5:4b,all_crops,state_303,gear,0.98,9,0,0,0.0,0.0,24,0,0,0.0,0.0,3,0,0,0.0,0.0
baseline,qwen3.5:4b,all_crops,state_303,gear,0.99,9,0,0,0.0,0.0,24,0,0,0.0,0.0,3,0,0,0.0,0.0
baseline,qwen3.5:4b,all_crops,state_303,gear,0.995,9,0,0,0.0,0.0,24,0,0,0.0,0.0,3,0,0,0.0,0.0
baseline,qwen3.5:4b,all_crops,state_303,gear,0.999,9,0,0,0.0,0.0,24,0,0,0.0,0.0,3,0,0,0.0,0.0
baseline,qwen3.5:4b,all_crops,state_303,gear,0.9999,9,0,0,0.0,0.0,24,0,0,0.0,0.0,3,0,0,0.0,0.0
baseline,qwen3.5:4b,all_crops,state_303,gear,0.99999,9,0,0,0.0,0.0,24,0,0,0.0,0.0,3,0,0,0.0,0.0
baseline,qwen3.5:4b,all_crops,state_303,gear,0.999999,9,0,0,0.0,0.0,24,0,0,0.0,0.0,3,0,0,0.0,0.0
baseline,qwen3.5:4b,all_crops,state_303,hex_nut,0.4,4,1,1,0.25,0.25,18,0,0,0.0,0.0,2,0,0,0.0,0.0
baseline,qwen3.5:4b,all_crops,state_303,hex_nut,0.5,4,1,1,0.25,0.25,18,0,0,0.0,0.0,2,0,0,0.0,0.0
baseline,qwen3.5:4b,all_crops,state_303,hex_nut,0.6,4,0,0,0.0,0.0,18,0,0,0.0,0.0,2,0,0,0.0,0.0
baseline,qwen3.5:4b,all_crops,state_303,hex_nut,0.65,4,0,0,0.0,0.0,18,0,0,0.0,0.0,2,0,0,0.0,0.0
baseline,qwen3.5:4b,all_crops,state_303,hex_nut,0.7,4,0,0,0.0,0.0,18,0,0,0.0,0.0,2,0,0,0.0,0.0
baseline,qwen3.5:4b,all_crops,state_303,hex_nut,0.8,4,0,0,0.0,0.0,18,0,0,0.0,0.0,2,0,0,0.0,0.0
baseline,qwen3.5:4b,all_crops,state_303,hex_nut,0.9,4,0,0,0.0,0.0,18,0,0,0.0,0.0,2,0,0,0.0,0.0
baseline,qwen3.5:4b,all_crops,state_303,hex_nut,0.95,4,0,0,0.0,0.0,18,0,0,0.0,0.0,2,0,0,0.0,0.0
baseline,qwen3.5:4b,all_crops,state_303,hex_nut,0.97,4,0,0,0.0,0.0,18,0,0,0.0,0.0,2,0,0,0.0,0.0
baseline,qwen3.5:4b,all_crops,state_303,hex_nut,0.98,4,0,0,0.0,0.0,18,0,0,0.0,0.0,2,0,0,0.0,0.0
baseline,qwen3.5:4b,all_crops,state_303,hex_nut,0.99,4,0,0,0.0,0.0,18,0,0,0.0,0.0,2,0,0,0.0,0.0
baseline,qwen3.5:4b,all_crops,state_303,hex_nut,0.995,4,0,0,0.0,0.0,18,0,0,0.0,0.0,2,0,0,0.0,0.0
baseline,qwen3.5:4b,all_crops,state_303,hex_nut,0.999,4,0,0,0.0,0.0,18,0,0,0.0,0.0,2,0,0,0.0,0.0
baseline,qwen3.5:4b,all_crops,state_303,hex_nut,0.9999,4,0,0,0.0,0.0,18,0,0,0.0,0.0,2,0,0,0.0,0.0
baseline,qwen3.5:4b,all_crops,state_303,hex_nut,0.99999,4,0,0,0.0,0.0,18,0,0,0.0,0.0,2,0,0,0.0,0.0
baseline,qwen3.5:4b,all_crops,state_303,hex_nut,0.999999,4,0,0,0.0,0.0,18,0,0,0.0,0.0,2,0,0,0.0,0.0
baseline,qwen3.5:4b,all_crops,state_303,round_pin,0.4,9,9,9,1.0,1.0,24,4,4,0.16666666666666666,0.16666666666666666,3,3,3,1.0,1.0
baseline,qwen3.5:4b,all_crops,state_303,round_pin,0.5,9,9,9,1.0,1.0,24,2,2,0.08333333333333333,0.08333333333333333,3,3,3,1.0,1.0
baseline,qwen3.5:4b,all_crops,state_303,round_pin,0.6,9,9,9,1.0,1.0,24,0,0,0.0,0.0,3,3,3,1.0,1.0
baseline,qwen3.5:4b,all_crops,state_303,round_pin,0.65,9,9,9,1.0,1.0,24,0,0,0.0,0.0,3,3,3,1.0,1.0
baseline,qwen3.5:4b,all_crops,state_303,round_pin,0.7,9,9,9,1.0,1.0,24,0,0,0.0,0.0,3,3,3,1.0,1.0
baseline,qwen3.5:4b,all_crops,state_303,round_pin,0.8,9,3,3,0.3333333333333333,0.3333333333333333,24,0,0,0.0,0.0,3,1,1,0.3333333333333333,0.3333333333333333
baseline,qwen3.5:4b,all_crops,state_303,round_pin,0.9,9,0,0,0.0,0.0,24,0,0,0.0,0.0,3,0,0,0.0,0.0
baseline,qwen3.5:4b,all_crops,state_303,round_pin,0.95,9,0,0,0.0,0.0,24,0,0,0.0,0.0,3,0,0,0.0,0.0
baseline,qwen3.5:4b,all_crops,state_303,round_pin,0.97,9,0,0,0.0,0.0,24,0,0,0.0,0.0,3,0,0,0.0,0.0
baseline,qwen3.5:4b,all_crops,state_303,round_pin,0.98,9,0,0,0.0,0.0,24,0,0,0.0,0.0,3,0,0,0.0,0.0
baseline,qwen3.5:4b,all_crops,state_303,round_pin,0.99,9,0,0,0.0,0.0,24,0,0,0.0,0.0,3,0,0,0.0,0.0
baseline,qwen3.5:4b,all_crops,state_303,round_pin,0.995,9,0,0,0.0,0.0,24,0,0,0.0,0.0,3,0,0,0.0,0.0
baseline,qwen3.5:4b,all_crops,state_303,round_pin,0.999,9,0,0,0.0,0.0,24,0,0,0.0,0.0,3,0,0,0.0,0.0
baseline,qwen3.5:4b,all_crops,state_303,round_pin,0.9999,9,0,0,0.0,0.0,24,0,0,0.0,0.0,3,0,0,0.0,0.0
baseline,qwen3.5:4b,all_crops,state_303,round_pin,0.99999,9,0,0,0.0,0.0,24,0,0,0.0,0.0,3,0,0,0.0,0.0
baseline,qwen3.5:4b,all_crops,state_303,round_pin,0.999999,9,0,0,0.0,0.0,24,0,0,0.0,0.0,3,0,0,0.0,0.0
baseline,qwen3.5:4b,all_crops,state_303,Waterproof_Male,0.4,1,1,1,1.0,1.0,10,4,4,0.4,0.4,1,1,1,1.0,1.0
baseline,qwen3.5:4b,all_crops,state_303,Waterproof_Male,0.5,1,1,1,1.0,1.0,10,3,3,0.3,0.3,1,1,1,1.0,1.0
baseline,qwen3.5:4b,all_crops,state_303,Waterproof_Male,0.6,1,1,1,1.0,1.0,10,2,2,0.2,0.2,1,1,1,1.0,1.0
baseline,qwen3.5:4b,all_crops,state_303,Waterproof_Male,0.65,1,1,1,1.0,1.0,10,2,2,0.2,0.2,1,1,1,1.0,1.0
baseline,qwen3.5:4b,all_crops,state_303,Waterproof_Male,0.7,1,1,1,1.0,1.0,10,2,2,0.2,0.2,1,1,1,1.0,1.0
baseline,qwen3.5:4b,all_crops,state_303,Waterproof_Male,0.8,1,0,0,0.0,0.0,10,1,1,0.1,0.1,1,0,0,0.0,0.0
baseline,qwen3.5:4b,all_crops,state_303,Waterproof_Male,0.9,1,0,0,0.0,0.0,10,0,0,0.0,0.0,1,0,0,0.0,0.0
baseline,qwen3.5:4b,all_crops,state_303,Waterproof_Male,0.95,1,0,0,0.0,0.0,10,0,0,0.0,0.0,1,0,0,0.0,0.0
baseline,qwen3.5:4b,all_crops,state_303,Waterproof_Male,0.97,1,0,0,0.0,0.0,10,0,0,0.0,0.0,1,0,0,0.0,0.0
baseline,qwen3.5:4b,all_crops,state_303,Waterproof_Male,0.98,1,0,0,0.0,0.0,10,0,0,0.0,0.0,1,0,0,0.0,0.0
baseline,qwen3.5:4b,all_crops,state_303,Waterproof_Male,0.99,1,0,0,0.0,0.0,10,0,0,0.0,0.0,1,0,0,0.0,0.0
baseline,qwen3.5:4b,all_crops,state_303,Waterproof_Male,0.995,1,0,0,0.0,0.0,10,0,0,0.0,0.0,1,0,0,0.0,0.0
baseline,qwen3.5:4b,all_crops,state_303,Waterproof_Male,0.999,1,0,0,0.0,0.0,10,0,0,0.0,0.0,1,0,0,0.0,0.0
baseline,qwen3.5:4b,all_crops,state_303,Waterproof_Male,0.9999,1,0,0,0.0,0.0,10,0,0,0.0,0.0,1,0,0,0.0,0.0
baseline,qwen3.5:4b,all_crops,state_303,Waterproof_Male,0.99999,1,0,0,0.0,0.0,10,0,0,0.0,0.0,1,0,0,0.0,0.0
baseline,qwen3.5:4b,all_crops,state_303,Waterproof_Male,0.999999,1,0,0,0.0,0.0,10,0,0,0.0,0.0,1,0,0,0.0,0.0
baseline,qwen3.5:4b,all_crops,state_303,USB_Male,0.4,1,1,1,1.0,1.0,10,0,0,0.0,0.0,1,1,1,1.0,1.0
baseline,qwen3.5:4b,all_crops,state_303,USB_Male,0.5,1,1,1,1.0,1.0,10,0,0,0.0,0.0,1,1,1,1.0,1.0
baseline,qwen3.5:4b,all_crops,state_303,USB_Male,0.6,1,1,1,1.0,1.0,10,0,0,0.0,0.0,1,1,1,1.0,1.0
baseline,qwen3.5:4b,all_crops,state_303,USB_Male,0.65,1,1,1,1.0,1.0,10,0,0,0.0,0.0,1,1,1,1.0,1.0
baseline,qwen3.5:4b,all_crops,state_303,USB_Male,0.7,1,1,1,1.0,1.0,10,0,0,0.0,0.0,1,1,1,1.0,1.0
baseline,qwen3.5:4b,all_crops,state_303,USB_Male,0.8,1,1,1,1.0,1.0,10,0,0,0.0,0.0,1,1,1,1.0,1.0
baseline,qwen3.5:4b,all_crops,state_303,USB_Male,0.9,1,1,1,1.0,1.0,10,0,0,0.0,0.0,1,1,1,1.0,1.0
baseline,qwen3.5:4b,all_crops,state_303,USB_Male,0.95,1,0,0,0.0,0.0,10,0,0,0.0,0.0,1,0,0,0.0,0.0
baseline,qwen3.5:4b,all_crops,state_303,USB_Male,0.97,1,0,0,0.0,0.0,10,0,0,0.0,0.0,1,0,0,0.0,0.0
baseline,qwen3.5:4b,all_crops,state_303,USB_Male,0.98,1,0,0,0.0,0.0,10,0,0,0.0,0.0,1,0,0,0.0,0.0
baseline,qwen3.5:4b,all_crops,state_303,USB_Male,0.99,1,0,0,0.0,0.0,10,0,0,0.0,0.0,1,0,0,0.0,0.0
baseline,qwen3.5:4b,all_crops,state_303,USB_Male,0.995,1,0,0,0.0,0.0,10,0,0,0.0,0.0,1,0,0,0.0,0.0
baseline,qwen3.5:4b,all_crops,state_303,USB_Male,0.999,1,0,0,0.0,0.0,10,0,0,0.0,0.0,1,0,0,0.0,0.0
baseline,qwen3.5:4b,all_crops,state_303,USB_Male,0.9999,1,0,0,0.0,0.0,10,0,0,0.0,0.0,1,0,0,0.0,0.0
baseline,qwen3.5:4b,all_crops,state_303,USB_Male,0.99999,1,0,0,0.0,0.0,10,0,0,0.0,0.0,1,0,0,0.0,0.0
baseline,qwen3.5:4b,all_crops,state_303,USB_Male,0.999999,1,0,0,0.0,0.0,10,0,0,0.0,0.0,1,0,0,0.0,0.0
baseline,qwen3.5:4b,all_crops,state_303,DSUB_Male,0.4,1,1,1,1.0,1.0,10,1,1,0.1,0.1,1,1,1,1.0,1.0
baseline,qwen3.5:4b,all_crops,state_303,DSUB_Male,0.5,1,1,1,1.0,1.0,10,1,1,0.1,0.1,1,1,1,1.0,1.0
baseline,qwen3.5:4b,all_crops,state_303,DSUB_Male,0.6,1,1,1,1.0,1.0,10,1,1,0.1,0.1,1,1,1,1.0,1.0
baseline,qwen3.5:4b,all_crops,state_303,DSUB_Male,0.65,1,1,1,1.0,1.0,10,1,1,0.1,0.1,1,1,1,1.0,1.0
baseline,qwen3.5:4b,all_crops,state_303,DSUB_Male,0.7,1,1,1,1.0,1.0,10,1,1,0.1,0.1,1,1,1,1.0,1.0
baseline,qwen3.5:4b,all_crops,state_303,DSUB_Male,0.8,1,1,1,1.0,1.0,10,0,0,0.0,0.0,1,1,1,1.0,1.0
baseline,qwen3.5:4b,all_crops,state_303,DSUB_Male,0.9,1,0,0,0.0,0.0,10,0,0,0.0,0.0,1,0,0,0.0,0.0
baseline,qwen3.5:4b,all_crops,state_303,DSUB_Male,0.95,1,0,0,0.0,0.0,10,0,0,0.0,0.0,1,0,0,0.0,0.0
baseline,qwen3.5:4b,all_crops,state_303,DSUB_Male,0.97,1,0,0,0.0,0.0,10,0,0,0.0,0.0,1,0,0,0.0,0.0
baseline,qwen3.5:4b,all_crops,state_303,DSUB_Male,0.98,1,0,0,0.0,0.0,10,0,0,0.0,0.0,1,0,0,0.0,0.0
baseline,qwen3.5:4b,all_crops,state_303,DSUB_Male,0.99,1,0,0,0.0,0.0,10,0,0,0.0,0.0,1,0,0,0.0,0.0
baseline,qwen3.5:4b,all_crops,state_303,DSUB_Male,0.995,1,0,0,0.0,0.0,10,0,0,0.0,0.0,1,0,0,0.0,0.0
baseline,qwen3.5:4b,all_crops,state_303,DSUB_Male,0.999,1,0,0,0.0,0.0,10,0,0,0.0,0.0,1,0,0,0.0,0.0
baseline,qwen3.5:4b,all_crops,state_303,DSUB_Male,0.9999,1,0,0,0.0,0.0,10,0,0,0.0,0.0,1,0,0,0.0,0.0
baseline,qwen3.5:4b,all_crops,state_303,DSUB_Male,0.99999,1,0,0,0.0,0.0,10,0,0,0.0,0.0,1,0,0,0.0,0.0
baseline,qwen3.5:4b,all_crops,state_303,DSUB_Male,0.999999,1,0,0,0.0,0.0,10,0,0,0.0,0.0,1,0,0,0.0,0.0
baseline,qwen3.5:4b,all_crops,all,gear,0.4,36,36,36,1.0,1.0,96,13,13,0.13541666666666666,0.13541666666666666,12,12,12,1.0,1.0
baseline,qwen3.5:4b,all_crops,all,gear,0.5,36,34,34,0.9444444444444444,0.9444444444444444,96,8,8,0.08333333333333333,0.08333333333333333,12,12,12,1.0,1.0
baseline,qwen3.5:4b,all_crops,all,gear,0.6,36,34,34,0.9444444444444444,0.9444444444444444,96,3,3,0.03125,0.03125,12,12,12,1.0,1.0
baseline,qwen3.5:4b,all_crops,all,gear,0.65,36,30,30,0.8333333333333334,0.8333333333333334,96,2,2,0.020833333333333332,0.020833333333333332,12,10,10,0.8333333333333334,0.8333333333333334
baseline,qwen3.5:4b,all_crops,all,gear,0.7,36,23,23,0.6388888888888888,0.6388888888888888,96,0,0,0.0,0.0,12,8,8,0.6666666666666666,0.6666666666666666
baseline,qwen3.5:4b,all_crops,all,gear,0.8,36,13,13,0.3611111111111111,0.3611111111111111,96,0,0,0.0,0.0,12,4,4,0.3333333333333333,0.3333333333333333
baseline,qwen3.5:4b,all_crops,all,gear,0.9,36,1,1,0.027777777777777776,0.027777777777777776,96,0,0,0.0,0.0,12,0,0,0.0,0.0
baseline,qwen3.5:4b,all_crops,all,gear,0.95,36,0,0,0.0,0.0,96,0,0,0.0,0.0,12,0,0,0.0,0.0
baseline,qwen3.5:4b,all_crops,all,gear,0.97,36,0,0,0.0,0.0,96,0,0,0.0,0.0,12,0,0,0.0,0.0
baseline,qwen3.5:4b,all_crops,all,gear,0.98,36,0,0,0.0,0.0,96,0,0,0.0,0.0,12,0,0,0.0,0.0
baseline,qwen3.5:4b,all_crops,all,gear,0.99,36,0,0,0.0,0.0,96,0,0,0.0,0.0,12,0,0,0.0,0.0
baseline,qwen3.5:4b,all_crops,all,gear,0.995,36,0,0,0.0,0.0,96,0,0,0.0,0.0,12,0,0,0.0,0.0
baseline,qwen3.5:4b,all_crops,all,gear,0.999,36,0,0,0.0,0.0,96,0,0,0.0,0.0,12,0,0,0.0,0.0
baseline,qwen3.5:4b,all_crops,all,gear,0.9999,36,0,0,0.0,0.0,96,0,0,0.0,0.0,12,0,0,0.0,0.0
baseline,qwen3.5:4b,all_crops,all,gear,0.99999,36,0,0,0.0,0.0,96,0,0,0.0,0.0,12,0,0,0.0,0.0
baseline,qwen3.5:4b,all_crops,all,gear,0.999999,36,0,0,0.0,0.0,96,0,0,0.0,0.0,12,0,0,0.0,0.0
baseline,qwen3.5:4b,all_crops,all,hex_nut,0.4,16,11,11,0.6875,0.6875,72,0,0,0.0,0.0,8,6,6,0.75,0.75
baseline,qwen3.5:4b,all_crops,all,hex_nut,0.5,16,9,9,0.5625,0.5625,72,0,0,0.0,0.0,8,4,4,0.5,0.5
baseline,qwen3.5:4b,all_crops,all,hex_nut,0.6,16,6,6,0.375,0.375,72,0,0,0.0,0.0,8,3,3,0.375,0.375
baseline,qwen3.5:4b,all_crops,all,hex_nut,0.65,16,4,4,0.25,0.25,72,0,0,0.0,0.0,8,1,1,0.125,0.125
baseline,qwen3.5:4b,all_crops,all,hex_nut,0.7,16,3,3,0.1875,0.1875,72,0,0,0.0,0.0,8,1,1,0.125,0.125
baseline,qwen3.5:4b,all_crops,all,hex_nut,0.8,16,0,0,0.0,0.0,72,0,0,0.0,0.0,8,0,0,0.0,0.0
baseline,qwen3.5:4b,all_crops,all,hex_nut,0.9,16,0,0,0.0,0.0,72,0,0,0.0,0.0,8,0,0,0.0,0.0
baseline,qwen3.5:4b,all_crops,all,hex_nut,0.95,16,0,0,0.0,0.0,72,0,0,0.0,0.0,8,0,0,0.0,0.0
baseline,qwen3.5:4b,all_crops,all,hex_nut,0.97,16,0,0,0.0,0.0,72,0,0,0.0,0.0,8,0,0,0.0,0.0
baseline,qwen3.5:4b,all_crops,all,hex_nut,0.98,16,0,0,0.0,0.0,72,0,0,0.0,0.0,8,0,0,0.0,0.0
baseline,qwen3.5:4b,all_crops,all,hex_nut,0.99,16,0,0,0.0,0.0,72,0,0,0.0,0.0,8,0,0,0.0,0.0
baseline,qwen3.5:4b,all_crops,all,hex_nut,0.995,16,0,0,0.0,0.0,72,0,0,0.0,0.0,8,0,0,0.0,0.0
baseline,qwen3.5:4b,all_crops,all,hex_nut,0.999,16,0,0,0.0,0.0,72,0,0,0.0,0.0,8,0,0,0.0,0.0
baseline,qwen3.5:4b,all_crops,all,hex_nut,0.9999,16,0,0,0.0,0.0,72,0,0,0.0,0.0,8,0,0,0.0,0.0
baseline,qwen3.5:4b,all_crops,all,hex_nut,0.99999,16,0,0,0.0,0.0,72,0,0,0.0,0.0,8,0,0,0.0,0.0
baseline,qwen3.5:4b,all_crops,all,hex_nut,0.999999,16,0,0,0.0,0.0,72,0,0,0.0,0.0,8,0,0,0.0,0.0
baseline,qwen3.5:4b,all_crops,all,round_pin,0.4,36,36,36,1.0,1.0,96,6,6,0.0625,0.0625,12,12,12,1.0,1.0
baseline,qwen3.5:4b,all_crops,all,round_pin,0.5,36,36,36,1.0,1.0,96,2,2,0.020833333333333332,0.020833333333333332,12,12,12,1.0,1.0
baseline,qwen3.5:4b,all_crops,all,round_pin,0.6,36,36,36,1.0,1.0,96,0,0,0.0,0.0,12,12,12,1.0,1.0
baseline,qwen3.5:4b,all_crops,all,round_pin,0.65,36,33,33,0.9166666666666666,0.9166666666666666,96,0,0,0.0,0.0,12,12,12,1.0,1.0
baseline,qwen3.5:4b,all_crops,all,round_pin,0.7,36,27,27,0.75,0.75,96,0,0,0.0,0.0,12,9,9,0.75,0.75
baseline,qwen3.5:4b,all_crops,all,round_pin,0.8,36,14,14,0.3888888888888889,0.3888888888888889,96,0,0,0.0,0.0,12,4,4,0.3333333333333333,0.3333333333333333
baseline,qwen3.5:4b,all_crops,all,round_pin,0.9,36,0,0,0.0,0.0,96,0,0,0.0,0.0,12,0,0,0.0,0.0
baseline,qwen3.5:4b,all_crops,all,round_pin,0.95,36,0,0,0.0,0.0,96,0,0,0.0,0.0,12,0,0,0.0,0.0
baseline,qwen3.5:4b,all_crops,all,round_pin,0.97,36,0,0,0.0,0.0,96,0,0,0.0,0.0,12,0,0,0.0,0.0
baseline,qwen3.5:4b,all_crops,all,round_pin,0.98,36,0,0,0.0,0.0,96,0,0,0.0,0.0,12,0,0,0.0,0.0
baseline,qwen3.5:4b,all_crops,all,round_pin,0.99,36,0,0,0.0,0.0,96,0,0,0.0,0.0,12,0,0,0.0,0.0
baseline,qwen3.5:4b,all_crops,all,round_pin,0.995,36,0,0,0.0,0.0,96,0,0,0.0,0.0,12,0,0,0.0,0.0
baseline,qwen3.5:4b,all_crops,all,round_pin,0.999,36,0,0,0.0,0.0,96,0,0,0.0,0.0,12,0,0,0.0,0.0
baseline,qwen3.5:4b,all_crops,all,round_pin,0.9999,36,0,0,0.0,0.0,96,0,0,0.0,0.0,12,0,0,0.0,0.0
baseline,qwen3.5:4b,all_crops,all,round_pin,0.99999,36,0,0,0.0,0.0,96,0,0,0.0,0.0,12,0,0,0.0,0.0
baseline,qwen3.5:4b,all_crops,all,round_pin,0.999999,36,0,0,0.0,0.0,96,0,0,0.0,0.0,12,0,0,0.0,0.0
baseline,qwen3.5:4b,all_crops,all,Waterproof_Male,0.4,4,4,4,1.0,1.0,40,12,12,0.3,0.3,4,4,4,1.0,1.0
baseline,qwen3.5:4b,all_crops,all,Waterproof_Male,0.5,4,4,4,1.0,1.0,40,10,10,0.25,0.25,4,4,4,1.0,1.0
baseline,qwen3.5:4b,all_crops,all,Waterproof_Male,0.6,4,4,4,1.0,1.0,40,7,7,0.175,0.175,4,4,4,1.0,1.0
baseline,qwen3.5:4b,all_crops,all,Waterproof_Male,0.65,4,4,4,1.0,1.0,40,7,7,0.175,0.175,4,4,4,1.0,1.0
baseline,qwen3.5:4b,all_crops,all,Waterproof_Male,0.7,4,3,3,0.75,0.75,40,6,6,0.15,0.15,4,3,3,0.75,0.75
baseline,qwen3.5:4b,all_crops,all,Waterproof_Male,0.8,4,1,1,0.25,0.25,40,2,2,0.05,0.05,4,1,1,0.25,0.25
baseline,qwen3.5:4b,all_crops,all,Waterproof_Male,0.9,4,0,0,0.0,0.0,40,0,0,0.0,0.0,4,0,0,0.0,0.0
baseline,qwen3.5:4b,all_crops,all,Waterproof_Male,0.95,4,0,0,0.0,0.0,40,0,0,0.0,0.0,4,0,0,0.0,0.0
baseline,qwen3.5:4b,all_crops,all,Waterproof_Male,0.97,4,0,0,0.0,0.0,40,0,0,0.0,0.0,4,0,0,0.0,0.0
baseline,qwen3.5:4b,all_crops,all,Waterproof_Male,0.98,4,0,0,0.0,0.0,40,0,0,0.0,0.0,4,0,0,0.0,0.0
baseline,qwen3.5:4b,all_crops,all,Waterproof_Male,0.99,4,0,0,0.0,0.0,40,0,0,0.0,0.0,4,0,0,0.0,0.0
baseline,qwen3.5:4b,all_crops,all,Waterproof_Male,0.995,4,0,0,0.0,0.0,40,0,0,0.0,0.0,4,0,0,0.0,0.0
baseline,qwen3.5:4b,all_crops,all,Waterproof_Male,0.999,4,0,0,0.0,0.0,40,0,0,0.0,0.0,4,0,0,0.0,0.0
baseline,qwen3.5:4b,all_crops,all,Waterproof_Male,0.9999,4,0,0,0.0,0.0,40,0,0,0.0,0.0,4,0,0,0.0,0.0
baseline,qwen3.5:4b,all_crops,all,Waterproof_Male,0.99999,4,0,0,0.0,0.0,40,0,0,0.0,0.0,4,0,0,0.0,0.0
baseline,qwen3.5:4b,all_crops,all,Waterproof_Male,0.999999,4,0,0,0.0,0.0,40,0,0,0.0,0.0,4,0,0,0.0,0.0
baseline,qwen3.5:4b,all_crops,all,USB_Male,0.4,4,4,4,1.0,1.0,40,1,1,0.025,0.025,4,4,4,1.0,1.0
baseline,qwen3.5:4b,all_crops,all,USB_Male,0.5,4,4,4,1.0,1.0,40,0,0,0.0,0.0,4,4,4,1.0,1.0
baseline,qwen3.5:4b,all_crops,all,USB_Male,0.6,4,4,4,1.0,1.0,40,0,0,0.0,0.0,4,4,4,1.0,1.0
baseline,qwen3.5:4b,all_crops,all,USB_Male,0.65,4,4,4,1.0,1.0,40,0,0,0.0,0.0,4,4,4,1.0,1.0
baseline,qwen3.5:4b,all_crops,all,USB_Male,0.7,4,4,4,1.0,1.0,40,0,0,0.0,0.0,4,4,4,1.0,1.0
baseline,qwen3.5:4b,all_crops,all,USB_Male,0.8,4,4,4,1.0,1.0,40,0,0,0.0,0.0,4,4,4,1.0,1.0
baseline,qwen3.5:4b,all_crops,all,USB_Male,0.9,4,2,2,0.5,0.5,40,0,0,0.0,0.0,4,2,2,0.5,0.5
baseline,qwen3.5:4b,all_crops,all,USB_Male,0.95,4,0,0,0.0,0.0,40,0,0,0.0,0.0,4,0,0,0.0,0.0
baseline,qwen3.5:4b,all_crops,all,USB_Male,0.97,4,0,0,0.0,0.0,40,0,0,0.0,0.0,4,0,0,0.0,0.0
baseline,qwen3.5:4b,all_crops,all,USB_Male,0.98,4,0,0,0.0,0.0,40,0,0,0.0,0.0,4,0,0,0.0,0.0
baseline,qwen3.5:4b,all_crops,all,USB_Male,0.99,4,0,0,0.0,0.0,40,0,0,0.0,0.0,4,0,0,0.0,0.0
baseline,qwen3.5:4b,all_crops,all,USB_Male,0.995,4,0,0,0.0,0.0,40,0,0,0.0,0.0,4,0,0,0.0,0.0
baseline,qwen3.5:4b,all_crops,all,USB_Male,0.999,4,0,0,0.0,0.0,40,0,0,0.0,0.0,4,0,0,0.0,0.0
baseline,qwen3.5:4b,all_crops,all,USB_Male,0.9999,4,0,0,0.0,0.0,40,0,0,0.0,0.0,4,0,0,0.0,0.0
baseline,qwen3.5:4b,all_crops,all,USB_Male,0.99999,4,0,0,0.0,0.0,40,0,0,0.0,0.0,4,0,0,0.0,0.0
baseline,qwen3.5:4b,all_crops,all,USB_Male,0.999999,4,0,0,0.0,0.0,40,0,0,0.0,0.0,4,0,0,0.0,0.0
baseline,qwen3.5:4b,all_crops,all,DSUB_Male,0.4,4,4,4,1.0,1.0,40,6,6,0.15,0.15,4,4,4,1.0,1.0
baseline,qwen3.5:4b,all_crops,all,DSUB_Male,0.5,4,4,4,1.0,1.0,40,4,4,0.1,0.1,4,4,4,1.0,1.0
baseline,qwen3.5:4b,all_crops,all,DSUB_Male,0.6,4,4,4,1.0,1.0,40,4,4,0.1,0.1,4,4,4,1.0,1.0
baseline,qwen3.5:4b,all_crops,all,DSUB_Male,0.65,4,4,4,1.0,1.0,40,3,3,0.075,0.075,4,4,4,1.0,1.0
baseline,qwen3.5:4b,all_crops,all,DSUB_Male,0.7,4,4,4,1.0,1.0,40,2,2,0.05,0.05,4,4,4,1.0,1.0
baseline,qwen3.5:4b,all_crops,all,DSUB_Male,0.8,4,2,2,0.5,0.5,40,0,0,0.0,0.0,4,2,2,0.5,0.5
baseline,qwen3.5:4b,all_crops,all,DSUB_Male,0.9,4,0,0,0.0,0.0,40,0,0,0.0,0.0,4,0,0,0.0,0.0
baseline,qwen3.5:4b,all_crops,all,DSUB_Male,0.95,4,0,0,0.0,0.0,40,0,0,0.0,0.0,4,0,0,0.0,0.0
baseline,qwen3.5:4b,all_crops,all,DSUB_Male,0.97,4,0,0,0.0,0.0,40,0,0,0.0,0.0,4,0,0,0.0,0.0
baseline,qwen3.5:4b,all_crops,all,DSUB_Male,0.98,4,0,0,0.0,0.0,40,0,0,0.0,0.0,4,0,0,0.0,0.0
baseline,qwen3.5:4b,all_crops,all,DSUB_Male,0.99,4,0,0,0.0,0.0,40,0,0,0.0,0.0,4,0,0,0.0,0.0
baseline,qwen3.5:4b,all_crops,all,DSUB_Male,0.995,4,0,0,0.0,0.0,40,0,0,0.0,0.0,4,0,0,0.0,0.0
baseline,qwen3.5:4b,all_crops,all,DSUB_Male,0.999,4,0,0,0.0,0.0,40,0,0,0.0,0.0,4,0,0,0.0,0.0
baseline,qwen3.5:4b,all_crops,all,DSUB_Male,0.9999,4,0,0,0.0,0.0,40,0,0,0.0,0.0,4,0,0,0.0,0.0
baseline,qwen3.5:4b,all_crops,all,DSUB_Male,0.99999,4,0,0,0.0,0.0,40,0,0,0.0,0.0,4,0,0,0.0,0.0
baseline,qwen3.5:4b,all_crops,all,DSUB_Male,0.999999,4,0,0,0.0,0.0,40,0,0,0.0,0.0,4,0,0,0.0,0.0
baseline,qwen3.5:4b,autonomous_depth_only,original,gear,0.4,9,9,9,1.0,1.0,24,3,3,0.125,0.125,3,3,3,1.0,1.0
baseline,qwen3.5:4b,autonomous_depth_only,original,gear,0.5,9,7,7,0.7777777777777778,0.7777777777777778,24,2,2,0.08333333333333333,0.08333333333333333,3,3,3,1.0,1.0
baseline,qwen3.5:4b,autonomous_depth_only,original,gear,0.6,9,7,7,0.7777777777777778,0.7777777777777778,24,0,0,0.0,0.0,3,3,3,1.0,1.0
baseline,qwen3.5:4b,autonomous_depth_only,original,gear,0.65,9,6,6,0.6666666666666666,0.6666666666666666,24,0,0,0.0,0.0,3,2,2,0.6666666666666666,0.6666666666666666
baseline,qwen3.5:4b,autonomous_depth_only,original,gear,0.7,9,6,6,0.6666666666666666,0.6666666666666666,24,0,0,0.0,0.0,3,2,2,0.6666666666666666,0.6666666666666666
baseline,qwen3.5:4b,autonomous_depth_only,original,gear,0.8,9,4,4,0.4444444444444444,0.4444444444444444,24,0,0,0.0,0.0,3,1,1,0.3333333333333333,0.3333333333333333
baseline,qwen3.5:4b,autonomous_depth_only,original,gear,0.9,9,0,0,0.0,0.0,24,0,0,0.0,0.0,3,0,0,0.0,0.0
baseline,qwen3.5:4b,autonomous_depth_only,original,gear,0.95,9,0,0,0.0,0.0,24,0,0,0.0,0.0,3,0,0,0.0,0.0
baseline,qwen3.5:4b,autonomous_depth_only,original,gear,0.97,9,0,0,0.0,0.0,24,0,0,0.0,0.0,3,0,0,0.0,0.0
baseline,qwen3.5:4b,autonomous_depth_only,original,gear,0.98,9,0,0,0.0,0.0,24,0,0,0.0,0.0,3,0,0,0.0,0.0
baseline,qwen3.5:4b,autonomous_depth_only,original,gear,0.99,9,0,0,0.0,0.0,24,0,0,0.0,0.0,3,0,0,0.0,0.0
baseline,qwen3.5:4b,autonomous_depth_only,original,gear,0.995,9,0,0,0.0,0.0,24,0,0,0.0,0.0,3,0,0,0.0,0.0
baseline,qwen3.5:4b,autonomous_depth_only,original,gear,0.999,9,0,0,0.0,0.0,24,0,0,0.0,0.0,3,0,0,0.0,0.0
baseline,qwen3.5:4b,autonomous_depth_only,original,gear,0.9999,9,0,0,0.0,0.0,24,0,0,0.0,0.0,3,0,0,0.0,0.0
baseline,qwen3.5:4b,autonomous_depth_only,original,gear,0.99999,9,0,0,0.0,0.0,24,0,0,0.0,0.0,3,0,0,0.0,0.0
baseline,qwen3.5:4b,autonomous_depth_only,original,gear,0.999999,9,0,0,0.0,0.0,24,0,0,0.0,0.0,3,0,0,0.0,0.0
baseline,qwen3.5:4b,autonomous_depth_only,original,hex_nut,0.4,4,3,3,0.75,0.75,18,0,0,0.0,0.0,2,2,2,1.0,1.0
baseline,qwen3.5:4b,autonomous_depth_only,original,hex_nut,0.5,4,1,1,0.25,0.25,18,0,0,0.0,0.0,2,0,0,0.0,0.0
baseline,qwen3.5:4b,autonomous_depth_only,original,hex_nut,0.6,4,0,0,0.0,0.0,18,0,0,0.0,0.0,2,0,0,0.0,0.0
baseline,qwen3.5:4b,autonomous_depth_only,original,hex_nut,0.65,4,0,0,0.0,0.0,18,0,0,0.0,0.0,2,0,0,0.0,0.0
baseline,qwen3.5:4b,autonomous_depth_only,original,hex_nut,0.7,4,0,0,0.0,0.0,18,0,0,0.0,0.0,2,0,0,0.0,0.0
baseline,qwen3.5:4b,autonomous_depth_only,original,hex_nut,0.8,4,0,0,0.0,0.0,18,0,0,0.0,0.0,2,0,0,0.0,0.0
baseline,qwen3.5:4b,autonomous_depth_only,original,hex_nut,0.9,4,0,0,0.0,0.0,18,0,0,0.0,0.0,2,0,0,0.0,0.0
baseline,qwen3.5:4b,autonomous_depth_only,original,hex_nut,0.95,4,0,0,0.0,0.0,18,0,0,0.0,0.0,2,0,0,0.0,0.0
baseline,qwen3.5:4b,autonomous_depth_only,original,hex_nut,0.97,4,0,0,0.0,0.0,18,0,0,0.0,0.0,2,0,0,0.0,0.0
baseline,qwen3.5:4b,autonomous_depth_only,original,hex_nut,0.98,4,0,0,0.0,0.0,18,0,0,0.0,0.0,2,0,0,0.0,0.0
baseline,qwen3.5:4b,autonomous_depth_only,original,hex_nut,0.99,4,0,0,0.0,0.0,18,0,0,0.0,0.0,2,0,0,0.0,0.0
baseline,qwen3.5:4b,autonomous_depth_only,original,hex_nut,0.995,4,0,0,0.0,0.0,18,0,0,0.0,0.0,2,0,0,0.0,0.0
baseline,qwen3.5:4b,autonomous_depth_only,original,hex_nut,0.999,4,0,0,0.0,0.0,18,0,0,0.0,0.0,2,0,0,0.0,0.0
baseline,qwen3.5:4b,autonomous_depth_only,original,hex_nut,0.9999,4,0,0,0.0,0.0,18,0,0,0.0,0.0,2,0,0,0.0,0.0
baseline,qwen3.5:4b,autonomous_depth_only,original,hex_nut,0.99999,4,0,0,0.0,0.0,18,0,0,0.0,0.0,2,0,0,0.0,0.0
baseline,qwen3.5:4b,autonomous_depth_only,original,hex_nut,0.999999,4,0,0,0.0,0.0,18,0,0,0.0,0.0,2,0,0,0.0,0.0
baseline,qwen3.5:4b,autonomous_depth_only,original,round_pin,0.4,9,9,9,1.0,1.0,24,1,1,0.041666666666666664,0.041666666666666664,3,3,3,1.0,1.0
baseline,qwen3.5:4b,autonomous_depth_only,original,round_pin,0.5,9,9,9,1.0,1.0,24,0,0,0.0,0.0,3,3,3,1.0,1.0
baseline,qwen3.5:4b,autonomous_depth_only,original,round_pin,0.6,9,9,9,1.0,1.0,24,0,0,0.0,0.0,3,3,3,1.0,1.0
baseline,qwen3.5:4b,autonomous_depth_only,original,round_pin,0.65,9,9,9,1.0,1.0,24,0,0,0.0,0.0,3,3,3,1.0,1.0
baseline,qwen3.5:4b,autonomous_depth_only,original,round_pin,0.7,9,8,8,0.8888888888888888,0.8888888888888888,24,0,0,0.0,0.0,3,2,2,0.6666666666666666,0.6666666666666666
baseline,qwen3.5:4b,autonomous_depth_only,original,round_pin,0.8,9,5,5,0.5555555555555556,0.5555555555555556,24,0,0,0.0,0.0,3,1,1,0.3333333333333333,0.3333333333333333
baseline,qwen3.5:4b,autonomous_depth_only,original,round_pin,0.9,9,0,0,0.0,0.0,24,0,0,0.0,0.0,3,0,0,0.0,0.0
baseline,qwen3.5:4b,autonomous_depth_only,original,round_pin,0.95,9,0,0,0.0,0.0,24,0,0,0.0,0.0,3,0,0,0.0,0.0
baseline,qwen3.5:4b,autonomous_depth_only,original,round_pin,0.97,9,0,0,0.0,0.0,24,0,0,0.0,0.0,3,0,0,0.0,0.0
baseline,qwen3.5:4b,autonomous_depth_only,original,round_pin,0.98,9,0,0,0.0,0.0,24,0,0,0.0,0.0,3,0,0,0.0,0.0
baseline,qwen3.5:4b,autonomous_depth_only,original,round_pin,0.99,9,0,0,0.0,0.0,24,0,0,0.0,0.0,3,0,0,0.0,0.0
baseline,qwen3.5:4b,autonomous_depth_only,original,round_pin,0.995,9,0,0,0.0,0.0,24,0,0,0.0,0.0,3,0,0,0.0,0.0
baseline,qwen3.5:4b,autonomous_depth_only,original,round_pin,0.999,9,0,0,0.0,0.0,24,0,0,0.0,0.0,3,0,0,0.0,0.0
baseline,qwen3.5:4b,autonomous_depth_only,original,round_pin,0.9999,9,0,0,0.0,0.0,24,0,0,0.0,0.0,3,0,0,0.0,0.0
baseline,qwen3.5:4b,autonomous_depth_only,original,round_pin,0.99999,9,0,0,0.0,0.0,24,0,0,0.0,0.0,3,0,0,0.0,0.0
baseline,qwen3.5:4b,autonomous_depth_only,original,round_pin,0.999999,9,0,0,0.0,0.0,24,0,0,0.0,0.0,3,0,0,0.0,0.0
baseline,qwen3.5:4b,autonomous_depth_only,original,Waterproof_Male,0.4,1,1,1,1.0,1.0,10,3,3,0.3,0.3,1,1,1,1.0,1.0
baseline,qwen3.5:4b,autonomous_depth_only,original,Waterproof_Male,0.5,1,1,1,1.0,1.0,10,2,2,0.2,0.2,1,1,1,1.0,1.0
baseline,qwen3.5:4b,autonomous_depth_only,original,Waterproof_Male,0.6,1,1,1,1.0,1.0,10,1,1,0.1,0.1,1,1,1,1.0,1.0
baseline,qwen3.5:4b,autonomous_depth_only,original,Waterproof_Male,0.65,1,1,1,1.0,1.0,10,1,1,0.1,0.1,1,1,1,1.0,1.0
baseline,qwen3.5:4b,autonomous_depth_only,original,Waterproof_Male,0.7,1,1,1,1.0,1.0,10,1,1,0.1,0.1,1,1,1,1.0,1.0
baseline,qwen3.5:4b,autonomous_depth_only,original,Waterproof_Male,0.8,1,1,1,1.0,1.0,10,0,0,0.0,0.0,1,1,1,1.0,1.0
baseline,qwen3.5:4b,autonomous_depth_only,original,Waterproof_Male,0.9,1,0,0,0.0,0.0,10,0,0,0.0,0.0,1,0,0,0.0,0.0
baseline,qwen3.5:4b,autonomous_depth_only,original,Waterproof_Male,0.95,1,0,0,0.0,0.0,10,0,0,0.0,0.0,1,0,0,0.0,0.0
baseline,qwen3.5:4b,autonomous_depth_only,original,Waterproof_Male,0.97,1,0,0,0.0,0.0,10,0,0,0.0,0.0,1,0,0,0.0,0.0
baseline,qwen3.5:4b,autonomous_depth_only,original,Waterproof_Male,0.98,1,0,0,0.0,0.0,10,0,0,0.0,0.0,1,0,0,0.0,0.0
baseline,qwen3.5:4b,autonomous_depth_only,original,Waterproof_Male,0.99,1,0,0,0.0,0.0,10,0,0,0.0,0.0,1,0,0,0.0,0.0
baseline,qwen3.5:4b,autonomous_depth_only,original,Waterproof_Male,0.995,1,0,0,0.0,0.0,10,0,0,0.0,0.0,1,0,0,0.0,0.0
baseline,qwen3.5:4b,autonomous_depth_only,original,Waterproof_Male,0.999,1,0,0,0.0,0.0,10,0,0,0.0,0.0,1,0,0,0.0,0.0
baseline,qwen3.5:4b,autonomous_depth_only,original,Waterproof_Male,0.9999,1,0,0,0.0,0.0,10,0,0,0.0,0.0,1,0,0,0.0,0.0
baseline,qwen3.5:4b,autonomous_depth_only,original,Waterproof_Male,0.99999,1,0,0,0.0,0.0,10,0,0,0.0,0.0,1,0,0,0.0,0.0
baseline,qwen3.5:4b,autonomous_depth_only,original,Waterproof_Male,0.999999,1,0,0,0.0,0.0,10,0,0,0.0,0.0,1,0,0,0.0,0.0
baseline,qwen3.5:4b,autonomous_depth_only,original,USB_Male,0.4,1,1,1,1.0,1.0,10,1,1,0.1,0.1,1,1,1,1.0,1.0
baseline,qwen3.5:4b,autonomous_depth_only,original,USB_Male,0.5,1,1,1,1.0,1.0,10,0,0,0.0,0.0,1,1,1,1.0,1.0
baseline,qwen3.5:4b,autonomous_depth_only,original,USB_Male,0.6,1,1,1,1.0,1.0,10,0,0,0.0,0.0,1,1,1,1.0,1.0
baseline,qwen3.5:4b,autonomous_depth_only,original,USB_Male,0.65,1,1,1,1.0,1.0,10,0,0,0.0,0.0,1,1,1,1.0,1.0
baseline,qwen3.5:4b,autonomous_depth_only,original,USB_Male,0.7,1,1,1,1.0,1.0,10,0,0,0.0,0.0,1,1,1,1.0,1.0
baseline,qwen3.5:4b,autonomous_depth_only,original,USB_Male,0.8,1,1,1,1.0,1.0,10,0,0,0.0,0.0,1,1,1,1.0,1.0
baseline,qwen3.5:4b,autonomous_depth_only,original,USB_Male,0.9,1,0,0,0.0,0.0,10,0,0,0.0,0.0,1,0,0,0.0,0.0
baseline,qwen3.5:4b,autonomous_depth_only,original,USB_Male,0.95,1,0,0,0.0,0.0,10,0,0,0.0,0.0,1,0,0,0.0,0.0
baseline,qwen3.5:4b,autonomous_depth_only,original,USB_Male,0.97,1,0,0,0.0,0.0,10,0,0,0.0,0.0,1,0,0,0.0,0.0
baseline,qwen3.5:4b,autonomous_depth_only,original,USB_Male,0.98,1,0,0,0.0,0.0,10,0,0,0.0,0.0,1,0,0,0.0,0.0
baseline,qwen3.5:4b,autonomous_depth_only,original,USB_Male,0.99,1,0,0,0.0,0.0,10,0,0,0.0,0.0,1,0,0,0.0,0.0
baseline,qwen3.5:4b,autonomous_depth_only,original,USB_Male,0.995,1,0,0,0.0,0.0,10,0,0,0.0,0.0,1,0,0,0.0,0.0
baseline,qwen3.5:4b,autonomous_depth_only,original,USB_Male,0.999,1,0,0,0.0,0.0,10,0,0,0.0,0.0,1,0,0,0.0,0.0
baseline,qwen3.5:4b,autonomous_depth_only,original,USB_Male,0.9999,1,0,0,0.0,0.0,10,0,0,0.0,0.0,1,0,0,0.0,0.0
baseline,qwen3.5:4b,autonomous_depth_only,original,USB_Male,0.99999,1,0,0,0.0,0.0,10,0,0,0.0,0.0,1,0,0,0.0,0.0
baseline,qwen3.5:4b,autonomous_depth_only,original,USB_Male,0.999999,1,0,0,0.0,0.0,10,0,0,0.0,0.0,1,0,0,0.0,0.0
baseline,qwen3.5:4b,autonomous_depth_only,original,DSUB_Male,0.4,1,1,1,1.0,1.0,10,2,2,0.2,0.2,1,1,1,1.0,1.0
baseline,qwen3.5:4b,autonomous_depth_only,original,DSUB_Male,0.5,1,1,1,1.0,1.0,10,1,1,0.1,0.1,1,1,1,1.0,1.0
baseline,qwen3.5:4b,autonomous_depth_only,original,DSUB_Male,0.6,1,1,1,1.0,1.0,10,1,1,0.1,0.1,1,1,1,1.0,1.0
baseline,qwen3.5:4b,autonomous_depth_only,original,DSUB_Male,0.65,1,1,1,1.0,1.0,10,1,1,0.1,0.1,1,1,1,1.0,1.0
baseline,qwen3.5:4b,autonomous_depth_only,original,DSUB_Male,0.7,1,1,1,1.0,1.0,10,0,0,0.0,0.0,1,1,1,1.0,1.0
baseline,qwen3.5:4b,autonomous_depth_only,original,DSUB_Male,0.8,1,0,0,0.0,0.0,10,0,0,0.0,0.0,1,0,0,0.0,0.0
baseline,qwen3.5:4b,autonomous_depth_only,original,DSUB_Male,0.9,1,0,0,0.0,0.0,10,0,0,0.0,0.0,1,0,0,0.0,0.0
baseline,qwen3.5:4b,autonomous_depth_only,original,DSUB_Male,0.95,1,0,0,0.0,0.0,10,0,0,0.0,0.0,1,0,0,0.0,0.0
baseline,qwen3.5:4b,autonomous_depth_only,original,DSUB_Male,0.97,1,0,0,0.0,0.0,10,0,0,0.0,0.0,1,0,0,0.0,0.0
baseline,qwen3.5:4b,autonomous_depth_only,original,DSUB_Male,0.98,1,0,0,0.0,0.0,10,0,0,0.0,0.0,1,0,0,0.0,0.0
baseline,qwen3.5:4b,autonomous_depth_only,original,DSUB_Male,0.99,1,0,0,0.0,0.0,10,0,0,0.0,0.0,1,0,0,0.0,0.0
baseline,qwen3.5:4b,autonomous_depth_only,original,DSUB_Male,0.995,1,0,0,0.0,0.0,10,0,0,0.0,0.0,1,0,0,0.0,0.0
baseline,qwen3.5:4b,autonomous_depth_only,original,DSUB_Male,0.999,1,0,0,0.0,0.0,10,0,0,0.0,0.0,1,0,0,0.0,0.0
baseline,qwen3.5:4b,autonomous_depth_only,original,DSUB_Male,0.9999,1,0,0,0.0,0.0,10,0,0,0.0,0.0,1,0,0,0.0,0.0
baseline,qwen3.5:4b,autonomous_depth_only,original,DSUB_Male,0.99999,1,0,0,0.0,0.0,10,0,0,0.0,0.0,1,0,0,0.0,0.0
baseline,qwen3.5:4b,autonomous_depth_only,original,DSUB_Male,0.999999,1,0,0,0.0,0.0,10,0,0,0.0,0.0,1,0,0,0.0,0.0
baseline,qwen3.5:4b,autonomous_depth_only,state_101,gear,0.4,9,9,9,1.0,1.0,21,3,3,0.14285714285714285,0.14285714285714285,3,3,3,1.0,1.0
baseline,qwen3.5:4b,autonomous_depth_only,state_101,gear,0.5,9,9,9,1.0,1.0,21,2,2,0.09523809523809523,0.09523809523809523,3,3,3,1.0,1.0
baseline,qwen3.5:4b,autonomous_depth_only,state_101,gear,0.6,9,9,9,1.0,1.0,21,0,0,0.0,0.0,3,3,3,1.0,1.0
baseline,qwen3.5:4b,autonomous_depth_only,state_101,gear,0.65,9,9,9,1.0,1.0,21,0,0,0.0,0.0,3,3,3,1.0,1.0
baseline,qwen3.5:4b,autonomous_depth_only,state_101,gear,0.7,9,9,9,1.0,1.0,21,0,0,0.0,0.0,3,3,3,1.0,1.0
baseline,qwen3.5:4b,autonomous_depth_only,state_101,gear,0.8,9,4,4,0.4444444444444444,0.4444444444444444,21,0,0,0.0,0.0,3,1,1,0.3333333333333333,0.3333333333333333
baseline,qwen3.5:4b,autonomous_depth_only,state_101,gear,0.9,9,0,0,0.0,0.0,21,0,0,0.0,0.0,3,0,0,0.0,0.0
baseline,qwen3.5:4b,autonomous_depth_only,state_101,gear,0.95,9,0,0,0.0,0.0,21,0,0,0.0,0.0,3,0,0,0.0,0.0
baseline,qwen3.5:4b,autonomous_depth_only,state_101,gear,0.97,9,0,0,0.0,0.0,21,0,0,0.0,0.0,3,0,0,0.0,0.0
baseline,qwen3.5:4b,autonomous_depth_only,state_101,gear,0.98,9,0,0,0.0,0.0,21,0,0,0.0,0.0,3,0,0,0.0,0.0
baseline,qwen3.5:4b,autonomous_depth_only,state_101,gear,0.99,9,0,0,0.0,0.0,21,0,0,0.0,0.0,3,0,0,0.0,0.0
baseline,qwen3.5:4b,autonomous_depth_only,state_101,gear,0.995,9,0,0,0.0,0.0,21,0,0,0.0,0.0,3,0,0,0.0,0.0
baseline,qwen3.5:4b,autonomous_depth_only,state_101,gear,0.999,9,0,0,0.0,0.0,21,0,0,0.0,0.0,3,0,0,0.0,0.0
baseline,qwen3.5:4b,autonomous_depth_only,state_101,gear,0.9999,9,0,0,0.0,0.0,21,0,0,0.0,0.0,3,0,0,0.0,0.0
baseline,qwen3.5:4b,autonomous_depth_only,state_101,gear,0.99999,9,0,0,0.0,0.0,21,0,0,0.0,0.0,3,0,0,0.0,0.0
baseline,qwen3.5:4b,autonomous_depth_only,state_101,gear,0.999999,9,0,0,0.0,0.0,21,0,0,0.0,0.0,3,0,0,0.0,0.0
baseline,qwen3.5:4b,autonomous_depth_only,state_101,hex_nut,0.4,4,3,3,0.75,0.75,16,0,0,0.0,0.0,2,2,2,1.0,1.0
baseline,qwen3.5:4b,autonomous_depth_only,state_101,hex_nut,0.5,4,3,3,0.75,0.75,16,0,0,0.0,0.0,2,2,2,1.0,1.0
baseline,qwen3.5:4b,autonomous_depth_only,state_101,hex_nut,0.6,4,3,3,0.75,0.75,16,0,0,0.0,0.0,2,2,2,1.0,1.0
baseline,qwen3.5:4b,autonomous_depth_only,state_101,hex_nut,0.65,4,1,1,0.25,0.25,16,0,0,0.0,0.0,2,0,0,0.0,0.0
baseline,qwen3.5:4b,autonomous_depth_only,state_101,hex_nut,0.7,4,1,1,0.25,0.25,16,0,0,0.0,0.0,2,0,0,0.0,0.0
baseline,qwen3.5:4b,autonomous_depth_only,state_101,hex_nut,0.8,4,0,0,0.0,0.0,16,0,0,0.0,0.0,2,0,0,0.0,0.0
baseline,qwen3.5:4b,autonomous_depth_only,state_101,hex_nut,0.9,4,0,0,0.0,0.0,16,0,0,0.0,0.0,2,0,0,0.0,0.0
baseline,qwen3.5:4b,autonomous_depth_only,state_101,hex_nut,0.95,4,0,0,0.0,0.0,16,0,0,0.0,0.0,2,0,0,0.0,0.0
baseline,qwen3.5:4b,autonomous_depth_only,state_101,hex_nut,0.97,4,0,0,0.0,0.0,16,0,0,0.0,0.0,2,0,0,0.0,0.0
baseline,qwen3.5:4b,autonomous_depth_only,state_101,hex_nut,0.98,4,0,0,0.0,0.0,16,0,0,0.0,0.0,2,0,0,0.0,0.0
baseline,qwen3.5:4b,autonomous_depth_only,state_101,hex_nut,0.99,4,0,0,0.0,0.0,16,0,0,0.0,0.0,2,0,0,0.0,0.0
baseline,qwen3.5:4b,autonomous_depth_only,state_101,hex_nut,0.995,4,0,0,0.0,0.0,16,0,0,0.0,0.0,2,0,0,0.0,0.0
baseline,qwen3.5:4b,autonomous_depth_only,state_101,hex_nut,0.999,4,0,0,0.0,0.0,16,0,0,0.0,0.0,2,0,0,0.0,0.0
baseline,qwen3.5:4b,autonomous_depth_only,state_101,hex_nut,0.9999,4,0,0,0.0,0.0,16,0,0,0.0,0.0,2,0,0,0.0,0.0
baseline,qwen3.5:4b,autonomous_depth_only,state_101,hex_nut,0.99999,4,0,0,0.0,0.0,16,0,0,0.0,0.0,2,0,0,0.0,0.0
baseline,qwen3.5:4b,autonomous_depth_only,state_101,hex_nut,0.999999,4,0,0,0.0,0.0,16,0,0,0.0,0.0,2,0,0,0.0,0.0
baseline,qwen3.5:4b,autonomous_depth_only,state_101,round_pin,0.4,9,9,9,1.0,1.0,21,0,0,0.0,0.0,3,3,3,1.0,1.0
baseline,qwen3.5:4b,autonomous_depth_only,state_101,round_pin,0.5,9,9,9,1.0,1.0,21,0,0,0.0,0.0,3,3,3,1.0,1.0
baseline,qwen3.5:4b,autonomous_depth_only,state_101,round_pin,0.6,9,9,9,1.0,1.0,21,0,0,0.0,0.0,3,3,3,1.0,1.0
baseline,qwen3.5:4b,autonomous_depth_only,state_101,round_pin,0.65,9,6,6,0.6666666666666666,0.6666666666666666,21,0,0,0.0,0.0,3,3,3,1.0,1.0
baseline,qwen3.5:4b,autonomous_depth_only,state_101,round_pin,0.7,9,2,2,0.2222222222222222,0.2222222222222222,21,0,0,0.0,0.0,3,1,1,0.3333333333333333,0.3333333333333333
baseline,qwen3.5:4b,autonomous_depth_only,state_101,round_pin,0.8,9,1,1,0.1111111111111111,0.1111111111111111,21,0,0,0.0,0.0,3,1,1,0.3333333333333333,0.3333333333333333
baseline,qwen3.5:4b,autonomous_depth_only,state_101,round_pin,0.9,9,0,0,0.0,0.0,21,0,0,0.0,0.0,3,0,0,0.0,0.0
baseline,qwen3.5:4b,autonomous_depth_only,state_101,round_pin,0.95,9,0,0,0.0,0.0,21,0,0,0.0,0.0,3,0,0,0.0,0.0
baseline,qwen3.5:4b,autonomous_depth_only,state_101,round_pin,0.97,9,0,0,0.0,0.0,21,0,0,0.0,0.0,3,0,0,0.0,0.0
baseline,qwen3.5:4b,autonomous_depth_only,state_101,round_pin,0.98,9,0,0,0.0,0.0,21,0,0,0.0,0.0,3,0,0,0.0,0.0
baseline,qwen3.5:4b,autonomous_depth_only,state_101,round_pin,0.99,9,0,0,0.0,0.0,21,0,0,0.0,0.0,3,0,0,0.0,0.0
baseline,qwen3.5:4b,autonomous_depth_only,state_101,round_pin,0.995,9,0,0,0.0,0.0,21,0,0,0.0,0.0,3,0,0,0.0,0.0
baseline,qwen3.5:4b,autonomous_depth_only,state_101,round_pin,0.999,9,0,0,0.0,0.0,21,0,0,0.0,0.0,3,0,0,0.0,0.0
baseline,qwen3.5:4b,autonomous_depth_only,state_101,round_pin,0.9999,9,0,0,0.0,0.0,21,0,0,0.0,0.0,3,0,0,0.0,0.0
baseline,qwen3.5:4b,autonomous_depth_only,state_101,round_pin,0.99999,9,0,0,0.0,0.0,21,0,0,0.0,0.0,3,0,0,0.0,0.0
baseline,qwen3.5:4b,autonomous_depth_only,state_101,round_pin,0.999999,9,0,0,0.0,0.0,21,0,0,0.0,0.0,3,0,0,0.0,0.0
baseline,qwen3.5:4b,autonomous_depth_only,state_101,Waterproof_Male,0.4,1,1,1,1.0,1.0,9,1,1,0.1111111111111111,0.1111111111111111,1,1,1,1.0,1.0
baseline,qwen3.5:4b,autonomous_depth_only,state_101,Waterproof_Male,0.5,1,1,1,1.0,1.0,9,1,1,0.1111111111111111,0.1111111111111111,1,1,1,1.0,1.0
baseline,qwen3.5:4b,autonomous_depth_only,state_101,Waterproof_Male,0.6,1,1,1,1.0,1.0,9,1,1,0.1111111111111111,0.1111111111111111,1,1,1,1.0,1.0
baseline,qwen3.5:4b,autonomous_depth_only,state_101,Waterproof_Male,0.65,1,1,1,1.0,1.0,9,1,1,0.1111111111111111,0.1111111111111111,1,1,1,1.0,1.0
baseline,qwen3.5:4b,autonomous_depth_only,state_101,Waterproof_Male,0.7,1,1,1,1.0,1.0,9,1,1,0.1111111111111111,0.1111111111111111,1,1,1,1.0,1.0
baseline,qwen3.5:4b,autonomous_depth_only,state_101,Waterproof_Male,0.8,1,0,0,0.0,0.0,9,0,0,0.0,0.0,1,0,0,0.0,0.0
baseline,qwen3.5:4b,autonomous_depth_only,state_101,Waterproof_Male,0.9,1,0,0,0.0,0.0,9,0,0,0.0,0.0,1,0,0,0.0,0.0
baseline,qwen3.5:4b,autonomous_depth_only,state_101,Waterproof_Male,0.95,1,0,0,0.0,0.0,9,0,0,0.0,0.0,1,0,0,0.0,0.0
baseline,qwen3.5:4b,autonomous_depth_only,state_101,Waterproof_Male,0.97,1,0,0,0.0,0.0,9,0,0,0.0,0.0,1,0,0,0.0,0.0
baseline,qwen3.5:4b,autonomous_depth_only,state_101,Waterproof_Male,0.98,1,0,0,0.0,0.0,9,0,0,0.0,0.0,1,0,0,0.0,0.0
baseline,qwen3.5:4b,autonomous_depth_only,state_101,Waterproof_Male,0.99,1,0,0,0.0,0.0,9,0,0,0.0,0.0,1,0,0,0.0,0.0
baseline,qwen3.5:4b,autonomous_depth_only,state_101,Waterproof_Male,0.995,1,0,0,0.0,0.0,9,0,0,0.0,0.0,1,0,0,0.0,0.0
baseline,qwen3.5:4b,autonomous_depth_only,state_101,Waterproof_Male,0.999,1,0,0,0.0,0.0,9,0,0,0.0,0.0,1,0,0,0.0,0.0
baseline,qwen3.5:4b,autonomous_depth_only,state_101,Waterproof_Male,0.9999,1,0,0,0.0,0.0,9,0,0,0.0,0.0,1,0,0,0.0,0.0
baseline,qwen3.5:4b,autonomous_depth_only,state_101,Waterproof_Male,0.99999,1,0,0,0.0,0.0,9,0,0,0.0,0.0,1,0,0,0.0,0.0
baseline,qwen3.5:4b,autonomous_depth_only,state_101,Waterproof_Male,0.999999,1,0,0,0.0,0.0,9,0,0,0.0,0.0,1,0,0,0.0,0.0
baseline,qwen3.5:4b,autonomous_depth_only,state_101,DSUB_Male,0.4,1,1,1,1.0,1.0,9,1,1,0.1111111111111111,0.1111111111111111,1,1,1,1.0,1.0
baseline,qwen3.5:4b,autonomous_depth_only,state_101,DSUB_Male,0.5,1,1,1,1.0,1.0,9,0,0,0.0,0.0,1,1,1,1.0,1.0
baseline,qwen3.5:4b,autonomous_depth_only,state_101,DSUB_Male,0.6,1,1,1,1.0,1.0,9,0,0,0.0,0.0,1,1,1,1.0,1.0
baseline,qwen3.5:4b,autonomous_depth_only,state_101,DSUB_Male,0.65,1,1,1,1.0,1.0,9,0,0,0.0,0.0,1,1,1,1.0,1.0
baseline,qwen3.5:4b,autonomous_depth_only,state_101,DSUB_Male,0.7,1,1,1,1.0,1.0,9,0,0,0.0,0.0,1,1,1,1.0,1.0
baseline,qwen3.5:4b,autonomous_depth_only,state_101,DSUB_Male,0.8,1,0,0,0.0,0.0,9,0,0,0.0,0.0,1,0,0,0.0,0.0
baseline,qwen3.5:4b,autonomous_depth_only,state_101,DSUB_Male,0.9,1,0,0,0.0,0.0,9,0,0,0.0,0.0,1,0,0,0.0,0.0
baseline,qwen3.5:4b,autonomous_depth_only,state_101,DSUB_Male,0.95,1,0,0,0.0,0.0,9,0,0,0.0,0.0,1,0,0,0.0,0.0
baseline,qwen3.5:4b,autonomous_depth_only,state_101,DSUB_Male,0.97,1,0,0,0.0,0.0,9,0,0,0.0,0.0,1,0,0,0.0,0.0
baseline,qwen3.5:4b,autonomous_depth_only,state_101,DSUB_Male,0.98,1,0,0,0.0,0.0,9,0,0,0.0,0.0,1,0,0,0.0,0.0
baseline,qwen3.5:4b,autonomous_depth_only,state_101,DSUB_Male,0.99,1,0,0,0.0,0.0,9,0,0,0.0,0.0,1,0,0,0.0,0.0
baseline,qwen3.5:4b,autonomous_depth_only,state_101,DSUB_Male,0.995,1,0,0,0.0,0.0,9,0,0,0.0,0.0,1,0,0,0.0,0.0
baseline,qwen3.5:4b,autonomous_depth_only,state_101,DSUB_Male,0.999,1,0,0,0.0,0.0,9,0,0,0.0,0.0,1,0,0,0.0,0.0
baseline,qwen3.5:4b,autonomous_depth_only,state_101,DSUB_Male,0.9999,1,0,0,0.0,0.0,9,0,0,0.0,0.0,1,0,0,0.0,0.0
baseline,qwen3.5:4b,autonomous_depth_only,state_101,DSUB_Male,0.99999,1,0,0,0.0,0.0,9,0,0,0.0,0.0,1,0,0,0.0,0.0
baseline,qwen3.5:4b,autonomous_depth_only,state_101,DSUB_Male,0.999999,1,0,0,0.0,0.0,9,0,0,0.0,0.0,1,0,0,0.0,0.0
baseline,qwen3.5:4b,autonomous_depth_only,state_202,gear,0.4,9,9,9,1.0,1.0,24,3,3,0.125,0.125,3,3,3,1.0,1.0
baseline,qwen3.5:4b,autonomous_depth_only,state_202,gear,0.5,9,9,9,1.0,1.0,24,3,3,0.125,0.125,3,3,3,1.0,1.0
baseline,qwen3.5:4b,autonomous_depth_only,state_202,gear,0.6,9,9,9,1.0,1.0,24,3,3,0.125,0.125,3,3,3,1.0,1.0
baseline,qwen3.5:4b,autonomous_depth_only,state_202,gear,0.65,9,9,9,1.0,1.0,24,2,2,0.08333333333333333,0.08333333333333333,3,3,3,1.0,1.0
baseline,qwen3.5:4b,autonomous_depth_only,state_202,gear,0.7,9,5,5,0.5555555555555556,0.5555555555555556,24,0,0,0.0,0.0,3,2,2,0.6666666666666666,0.6666666666666666
baseline,qwen3.5:4b,autonomous_depth_only,state_202,gear,0.8,9,2,2,0.2222222222222222,0.2222222222222222,24,0,0,0.0,0.0,3,1,1,0.3333333333333333,0.3333333333333333
baseline,qwen3.5:4b,autonomous_depth_only,state_202,gear,0.9,9,0,0,0.0,0.0,24,0,0,0.0,0.0,3,0,0,0.0,0.0
baseline,qwen3.5:4b,autonomous_depth_only,state_202,gear,0.95,9,0,0,0.0,0.0,24,0,0,0.0,0.0,3,0,0,0.0,0.0
baseline,qwen3.5:4b,autonomous_depth_only,state_202,gear,0.97,9,0,0,0.0,0.0,24,0,0,0.0,0.0,3,0,0,0.0,0.0
baseline,qwen3.5:4b,autonomous_depth_only,state_202,gear,0.98,9,0,0,0.0,0.0,24,0,0,0.0,0.0,3,0,0,0.0,0.0
baseline,qwen3.5:4b,autonomous_depth_only,state_202,gear,0.99,9,0,0,0.0,0.0,24,0,0,0.0,0.0,3,0,0,0.0,0.0
baseline,qwen3.5:4b,autonomous_depth_only,state_202,gear,0.995,9,0,0,0.0,0.0,24,0,0,0.0,0.0,3,0,0,0.0,0.0
baseline,qwen3.5:4b,autonomous_depth_only,state_202,gear,0.999,9,0,0,0.0,0.0,24,0,0,0.0,0.0,3,0,0,0.0,0.0
baseline,qwen3.5:4b,autonomous_depth_only,state_202,gear,0.9999,9,0,0,0.0,0.0,24,0,0,0.0,0.0,3,0,0,0.0,0.0
baseline,qwen3.5:4b,autonomous_depth_only,state_202,gear,0.99999,9,0,0,0.0,0.0,24,0,0,0.0,0.0,3,0,0,0.0,0.0
baseline,qwen3.5:4b,autonomous_depth_only,state_202,gear,0.999999,9,0,0,0.0,0.0,24,0,0,0.0,0.0,3,0,0,0.0,0.0
baseline,qwen3.5:4b,autonomous_depth_only,state_202,hex_nut,0.4,4,4,4,1.0,1.0,18,0,0,0.0,0.0,2,2,2,1.0,1.0
baseline,qwen3.5:4b,autonomous_depth_only,state_202,hex_nut,0.5,4,4,4,1.0,1.0,18,0,0,0.0,0.0,2,2,2,1.0,1.0
baseline,qwen3.5:4b,autonomous_depth_only,state_202,hex_nut,0.6,4,3,3,0.75,0.75,18,0,0,0.0,0.0,2,1,1,0.5,0.5
baseline,qwen3.5:4b,autonomous_depth_only,state_202,hex_nut,0.65,4,3,3,0.75,0.75,18,0,0,0.0,0.0,2,1,1,0.5,0.5
baseline,qwen3.5:4b,autonomous_depth_only,state_202,hex_nut,0.7,4,2,2,0.5,0.5,18,0,0,0.0,0.0,2,1,1,0.5,0.5
baseline,qwen3.5:4b,autonomous_depth_only,state_202,hex_nut,0.8,4,0,0,0.0,0.0,18,0,0,0.0,0.0,2,0,0,0.0,0.0
baseline,qwen3.5:4b,autonomous_depth_only,state_202,hex_nut,0.9,4,0,0,0.0,0.0,18,0,0,0.0,0.0,2,0,0,0.0,0.0
baseline,qwen3.5:4b,autonomous_depth_only,state_202,hex_nut,0.95,4,0,0,0.0,0.0,18,0,0,0.0,0.0,2,0,0,0.0,0.0
baseline,qwen3.5:4b,autonomous_depth_only,state_202,hex_nut,0.97,4,0,0,0.0,0.0,18,0,0,0.0,0.0,2,0,0,0.0,0.0
baseline,qwen3.5:4b,autonomous_depth_only,state_202,hex_nut,0.98,4,0,0,0.0,0.0,18,0,0,0.0,0.0,2,0,0,0.0,0.0
baseline,qwen3.5:4b,autonomous_depth_only,state_202,hex_nut,0.99,4,0,0,0.0,0.0,18,0,0,0.0,0.0,2,0,0,0.0,0.0
baseline,qwen3.5:4b,autonomous_depth_only,state_202,hex_nut,0.995,4,0,0,0.0,0.0,18,0,0,0.0,0.0,2,0,0,0.0,0.0
baseline,qwen3.5:4b,autonomous_depth_only,state_202,hex_nut,0.999,4,0,0,0.0,0.0,18,0,0,0.0,0.0,2,0,0,0.0,0.0
baseline,qwen3.5:4b,autonomous_depth_only,state_202,hex_nut,0.9999,4,0,0,0.0,0.0,18,0,0,0.0,0.0,2,0,0,0.0,0.0
baseline,qwen3.5:4b,autonomous_depth_only,state_202,hex_nut,0.99999,4,0,0,0.0,0.0,18,0,0,0.0,0.0,2,0,0,0.0,0.0
baseline,qwen3.5:4b,autonomous_depth_only,state_202,hex_nut,0.999999,4,0,0,0.0,0.0,18,0,0,0.0,0.0,2,0,0,0.0,0.0
baseline,qwen3.5:4b,autonomous_depth_only,state_202,round_pin,0.4,9,9,9,1.0,1.0,24,1,1,0.041666666666666664,0.041666666666666664,3,3,3,1.0,1.0
baseline,qwen3.5:4b,autonomous_depth_only,state_202,round_pin,0.5,9,9,9,1.0,1.0,24,0,0,0.0,0.0,3,3,3,1.0,1.0
baseline,qwen3.5:4b,autonomous_depth_only,state_202,round_pin,0.6,9,9,9,1.0,1.0,24,0,0,0.0,0.0,3,3,3,1.0,1.0
baseline,qwen3.5:4b,autonomous_depth_only,state_202,round_pin,0.65,9,9,9,1.0,1.0,24,0,0,0.0,0.0,3,3,3,1.0,1.0
baseline,qwen3.5:4b,autonomous_depth_only,state_202,round_pin,0.7,9,8,8,0.8888888888888888,0.8888888888888888,24,0,0,0.0,0.0,3,3,3,1.0,1.0
baseline,qwen3.5:4b,autonomous_depth_only,state_202,round_pin,0.8,9,5,5,0.5555555555555556,0.5555555555555556,24,0,0,0.0,0.0,3,1,1,0.3333333333333333,0.3333333333333333
baseline,qwen3.5:4b,autonomous_depth_only,state_202,round_pin,0.9,9,0,0,0.0,0.0,24,0,0,0.0,0.0,3,0,0,0.0,0.0
baseline,qwen3.5:4b,autonomous_depth_only,state_202,round_pin,0.95,9,0,0,0.0,0.0,24,0,0,0.0,0.0,3,0,0,0.0,0.0
baseline,qwen3.5:4b,autonomous_depth_only,state_202,round_pin,0.97,9,0,0,0.0,0.0,24,0,0,0.0,0.0,3,0,0,0.0,0.0
baseline,qwen3.5:4b,autonomous_depth_only,state_202,round_pin,0.98,9,0,0,0.0,0.0,24,0,0,0.0,0.0,3,0,0,0.0,0.0
baseline,qwen3.5:4b,autonomous_depth_only,state_202,round_pin,0.99,9,0,0,0.0,0.0,24,0,0,0.0,0.0,3,0,0,0.0,0.0
baseline,qwen3.5:4b,autonomous_depth_only,state_202,round_pin,0.995,9,0,0,0.0,0.0,24,0,0,0.0,0.0,3,0,0,0.0,0.0
baseline,qwen3.5:4b,autonomous_depth_only,state_202,round_pin,0.999,9,0,0,0.0,0.0,24,0,0,0.0,0.0,3,0,0,0.0,0.0
baseline,qwen3.5:4b,autonomous_depth_only,state_202,round_pin,0.9999,9,0,0,0.0,0.0,24,0,0,0.0,0.0,3,0,0,0.0,0.0
baseline,qwen3.5:4b,autonomous_depth_only,state_202,round_pin,0.99999,9,0,0,0.0,0.0,24,0,0,0.0,0.0,3,0,0,0.0,0.0
baseline,qwen3.5:4b,autonomous_depth_only,state_202,round_pin,0.999999,9,0,0,0.0,0.0,24,0,0,0.0,0.0,3,0,0,0.0,0.0
baseline,qwen3.5:4b,autonomous_depth_only,state_202,Waterproof_Male,0.4,1,1,1,1.0,1.0,10,3,3,0.3,0.3,1,1,1,1.0,1.0
baseline,qwen3.5:4b,autonomous_depth_only,state_202,Waterproof_Male,0.5,1,1,1,1.0,1.0,10,3,3,0.3,0.3,1,1,1,1.0,1.0
baseline,qwen3.5:4b,autonomous_depth_only,state_202,Waterproof_Male,0.6,1,1,1,1.0,1.0,10,2,2,0.2,0.2,1,1,1,1.0,1.0
baseline,qwen3.5:4b,autonomous_depth_only,state_202,Waterproof_Male,0.65,1,1,1,1.0,1.0,10,2,2,0.2,0.2,1,1,1,1.0,1.0
baseline,qwen3.5:4b,autonomous_depth_only,state_202,Waterproof_Male,0.7,1,0,0,0.0,0.0,10,1,1,0.1,0.1,1,0,0,0.0,0.0
baseline,qwen3.5:4b,autonomous_depth_only,state_202,Waterproof_Male,0.8,1,0,0,0.0,0.0,10,1,1,0.1,0.1,1,0,0,0.0,0.0
baseline,qwen3.5:4b,autonomous_depth_only,state_202,Waterproof_Male,0.9,1,0,0,0.0,0.0,10,0,0,0.0,0.0,1,0,0,0.0,0.0
baseline,qwen3.5:4b,autonomous_depth_only,state_202,Waterproof_Male,0.95,1,0,0,0.0,0.0,10,0,0,0.0,0.0,1,0,0,0.0,0.0
baseline,qwen3.5:4b,autonomous_depth_only,state_202,Waterproof_Male,0.97,1,0,0,0.0,0.0,10,0,0,0.0,0.0,1,0,0,0.0,0.0
baseline,qwen3.5:4b,autonomous_depth_only,state_202,Waterproof_Male,0.98,1,0,0,0.0,0.0,10,0,0,0.0,0.0,1,0,0,0.0,0.0
baseline,qwen3.5:4b,autonomous_depth_only,state_202,Waterproof_Male,0.99,1,0,0,0.0,0.0,10,0,0,0.0,0.0,1,0,0,0.0,0.0
baseline,qwen3.5:4b,autonomous_depth_only,state_202,Waterproof_Male,0.995,1,0,0,0.0,0.0,10,0,0,0.0,0.0,1,0,0,0.0,0.0
baseline,qwen3.5:4b,autonomous_depth_only,state_202,Waterproof_Male,0.999,1,0,0,0.0,0.0,10,0,0,0.0,0.0,1,0,0,0.0,0.0
baseline,qwen3.5:4b,autonomous_depth_only,state_202,Waterproof_Male,0.9999,1,0,0,0.0,0.0,10,0,0,0.0,0.0,1,0,0,0.0,0.0
baseline,qwen3.5:4b,autonomous_depth_only,state_202,Waterproof_Male,0.99999,1,0,0,0.0,0.0,10,0,0,0.0,0.0,1,0,0,0.0,0.0
baseline,qwen3.5:4b,autonomous_depth_only,state_202,Waterproof_Male,0.999999,1,0,0,0.0,0.0,10,0,0,0.0,0.0,1,0,0,0.0,0.0
baseline,qwen3.5:4b,autonomous_depth_only,state_202,USB_Male,0.4,1,1,1,1.0,1.0,10,0,0,0.0,0.0,1,1,1,1.0,1.0
baseline,qwen3.5:4b,autonomous_depth_only,state_202,USB_Male,0.5,1,1,1,1.0,1.0,10,0,0,0.0,0.0,1,1,1,1.0,1.0
baseline,qwen3.5:4b,autonomous_depth_only,state_202,USB_Male,0.6,1,1,1,1.0,1.0,10,0,0,0.0,0.0,1,1,1,1.0,1.0
baseline,qwen3.5:4b,autonomous_depth_only,state_202,USB_Male,0.65,1,1,1,1.0,1.0,10,0,0,0.0,0.0,1,1,1,1.0,1.0
baseline,qwen3.5:4b,autonomous_depth_only,state_202,USB_Male,0.7,1,1,1,1.0,1.0,10,0,0,0.0,0.0,1,1,1,1.0,1.0
baseline,qwen3.5:4b,autonomous_depth_only,state_202,USB_Male,0.8,1,1,1,1.0,1.0,10,0,0,0.0,0.0,1,1,1,1.0,1.0
baseline,qwen3.5:4b,autonomous_depth_only,state_202,USB_Male,0.9,1,0,0,0.0,0.0,10,0,0,0.0,0.0,1,0,0,0.0,0.0
baseline,qwen3.5:4b,autonomous_depth_only,state_202,USB_Male,0.95,1,0,0,0.0,0.0,10,0,0,0.0,0.0,1,0,0,0.0,0.0
baseline,qwen3.5:4b,autonomous_depth_only,state_202,USB_Male,0.97,1,0,0,0.0,0.0,10,0,0,0.0,0.0,1,0,0,0.0,0.0
baseline,qwen3.5:4b,autonomous_depth_only,state_202,USB_Male,0.98,1,0,0,0.0,0.0,10,0,0,0.0,0.0,1,0,0,0.0,0.0
baseline,qwen3.5:4b,autonomous_depth_only,state_202,USB_Male,0.99,1,0,0,0.0,0.0,10,0,0,0.0,0.0,1,0,0,0.0,0.0
baseline,qwen3.5:4b,autonomous_depth_only,state_202,USB_Male,0.995,1,0,0,0.0,0.0,10,0,0,0.0,0.0,1,0,0,0.0,0.0
baseline,qwen3.5:4b,autonomous_depth_only,state_202,USB_Male,0.999,1,0,0,0.0,0.0,10,0,0,0.0,0.0,1,0,0,0.0,0.0
baseline,qwen3.5:4b,autonomous_depth_only,state_202,USB_Male,0.9999,1,0,0,0.0,0.0,10,0,0,0.0,0.0,1,0,0,0.0,0.0
baseline,qwen3.5:4b,autonomous_depth_only,state_202,USB_Male,0.99999,1,0,0,0.0,0.0,10,0,0,0.0,0.0,1,0,0,0.0,0.0
baseline,qwen3.5:4b,autonomous_depth_only,state_202,USB_Male,0.999999,1,0,0,0.0,0.0,10,0,0,0.0,0.0,1,0,0,0.0,0.0
baseline,qwen3.5:4b,autonomous_depth_only,state_202,DSUB_Male,0.4,1,1,1,1.0,1.0,10,1,1,0.1,0.1,1,1,1,1.0,1.0
baseline,qwen3.5:4b,autonomous_depth_only,state_202,DSUB_Male,0.5,1,1,1,1.0,1.0,10,1,1,0.1,0.1,1,1,1,1.0,1.0
baseline,qwen3.5:4b,autonomous_depth_only,state_202,DSUB_Male,0.6,1,1,1,1.0,1.0,10,1,1,0.1,0.1,1,1,1,1.0,1.0
baseline,qwen3.5:4b,autonomous_depth_only,state_202,DSUB_Male,0.65,1,1,1,1.0,1.0,10,0,0,0.0,0.0,1,1,1,1.0,1.0
baseline,qwen3.5:4b,autonomous_depth_only,state_202,DSUB_Male,0.7,1,1,1,1.0,1.0,10,0,0,0.0,0.0,1,1,1,1.0,1.0
baseline,qwen3.5:4b,autonomous_depth_only,state_202,DSUB_Male,0.8,1,1,1,1.0,1.0,10,0,0,0.0,0.0,1,1,1,1.0,1.0
baseline,qwen3.5:4b,autonomous_depth_only,state_202,DSUB_Male,0.9,1,0,0,0.0,0.0,10,0,0,0.0,0.0,1,0,0,0.0,0.0
baseline,qwen3.5:4b,autonomous_depth_only,state_202,DSUB_Male,0.95,1,0,0,0.0,0.0,10,0,0,0.0,0.0,1,0,0,0.0,0.0
baseline,qwen3.5:4b,autonomous_depth_only,state_202,DSUB_Male,0.97,1,0,0,0.0,0.0,10,0,0,0.0,0.0,1,0,0,0.0,0.0
baseline,qwen3.5:4b,autonomous_depth_only,state_202,DSUB_Male,0.98,1,0,0,0.0,0.0,10,0,0,0.0,0.0,1,0,0,0.0,0.0
baseline,qwen3.5:4b,autonomous_depth_only,state_202,DSUB_Male,0.99,1,0,0,0.0,0.0,10,0,0,0.0,0.0,1,0,0,0.0,0.0
baseline,qwen3.5:4b,autonomous_depth_only,state_202,DSUB_Male,0.995,1,0,0,0.0,0.0,10,0,0,0.0,0.0,1,0,0,0.0,0.0
baseline,qwen3.5:4b,autonomous_depth_only,state_202,DSUB_Male,0.999,1,0,0,0.0,0.0,10,0,0,0.0,0.0,1,0,0,0.0,0.0
baseline,qwen3.5:4b,autonomous_depth_only,state_202,DSUB_Male,0.9999,1,0,0,0.0,0.0,10,0,0,0.0,0.0,1,0,0,0.0,0.0
baseline,qwen3.5:4b,autonomous_depth_only,state_202,DSUB_Male,0.99999,1,0,0,0.0,0.0,10,0,0,0.0,0.0,1,0,0,0.0,0.0
baseline,qwen3.5:4b,autonomous_depth_only,state_202,DSUB_Male,0.999999,1,0,0,0.0,0.0,10,0,0,0.0,0.0,1,0,0,0.0,0.0
baseline,qwen3.5:4b,autonomous_depth_only,state_303,gear,0.4,9,9,9,1.0,1.0,21,4,4,0.19047619047619047,0.19047619047619047,3,3,3,1.0,1.0
baseline,qwen3.5:4b,autonomous_depth_only,state_303,gear,0.5,9,9,9,1.0,1.0,21,1,1,0.047619047619047616,0.047619047619047616,3,3,3,1.0,1.0
baseline,qwen3.5:4b,autonomous_depth_only,state_303,gear,0.6,9,9,9,1.0,1.0,21,0,0,0.0,0.0,3,3,3,1.0,1.0
baseline,qwen3.5:4b,autonomous_depth_only,state_303,gear,0.65,9,6,6,0.6666666666666666,0.6666666666666666,21,0,0,0.0,0.0,3,2,2,0.6666666666666666,0.6666666666666666
baseline,qwen3.5:4b,autonomous_depth_only,state_303,gear,0.7,9,3,3,0.3333333333333333,0.3333333333333333,21,0,0,0.0,0.0,3,1,1,0.3333333333333333,0.3333333333333333
baseline,qwen3.5:4b,autonomous_depth_only,state_303,gear,0.8,9,3,3,0.3333333333333333,0.3333333333333333,21,0,0,0.0,0.0,3,1,1,0.3333333333333333,0.3333333333333333
baseline,qwen3.5:4b,autonomous_depth_only,state_303,gear,0.9,9,1,1,0.1111111111111111,0.1111111111111111,21,0,0,0.0,0.0,3,0,0,0.0,0.0
baseline,qwen3.5:4b,autonomous_depth_only,state_303,gear,0.95,9,0,0,0.0,0.0,21,0,0,0.0,0.0,3,0,0,0.0,0.0
baseline,qwen3.5:4b,autonomous_depth_only,state_303,gear,0.97,9,0,0,0.0,0.0,21,0,0,0.0,0.0,3,0,0,0.0,0.0
baseline,qwen3.5:4b,autonomous_depth_only,state_303,gear,0.98,9,0,0,0.0,0.0,21,0,0,0.0,0.0,3,0,0,0.0,0.0
baseline,qwen3.5:4b,autonomous_depth_only,state_303,gear,0.99,9,0,0,0.0,0.0,21,0,0,0.0,0.0,3,0,0,0.0,0.0
baseline,qwen3.5:4b,autonomous_depth_only,state_303,gear,0.995,9,0,0,0.0,0.0,21,0,0,0.0,0.0,3,0,0,0.0,0.0
baseline,qwen3.5:4b,autonomous_depth_only,state_303,gear,0.999,9,0,0,0.0,0.0,21,0,0,0.0,0.0,3,0,0,0.0,0.0
baseline,qwen3.5:4b,autonomous_depth_only,state_303,gear,0.9999,9,0,0,0.0,0.0,21,0,0,0.0,0.0,3,0,0,0.0,0.0
baseline,qwen3.5:4b,autonomous_depth_only,state_303,gear,0.99999,9,0,0,0.0,0.0,21,0,0,0.0,0.0,3,0,0,0.0,0.0
baseline,qwen3.5:4b,autonomous_depth_only,state_303,gear,0.999999,9,0,0,0.0,0.0,21,0,0,0.0,0.0,3,0,0,0.0,0.0
baseline,qwen3.5:4b,autonomous_depth_only,state_303,hex_nut,0.4,4,1,1,0.25,0.25,16,0,0,0.0,0.0,2,0,0,0.0,0.0
baseline,qwen3.5:4b,autonomous_depth_only,state_303,hex_nut,0.5,4,1,1,0.25,0.25,16,0,0,0.0,0.0,2,0,0,0.0,0.0
baseline,qwen3.5:4b,autonomous_depth_only,state_303,hex_nut,0.6,4,0,0,0.0,0.0,16,0,0,0.0,0.0,2,0,0,0.0,0.0
baseline,qwen3.5:4b,autonomous_depth_only,state_303,hex_nut,0.65,4,0,0,0.0,0.0,16,0,0,0.0,0.0,2,0,0,0.0,0.0
baseline,qwen3.5:4b,autonomous_depth_only,state_303,hex_nut,0.7,4,0,0,0.0,0.0,16,0,0,0.0,0.0,2,0,0,0.0,0.0
baseline,qwen3.5:4b,autonomous_depth_only,state_303,hex_nut,0.8,4,0,0,0.0,0.0,16,0,0,0.0,0.0,2,0,0,0.0,0.0
baseline,qwen3.5:4b,autonomous_depth_only,state_303,hex_nut,0.9,4,0,0,0.0,0.0,16,0,0,0.0,0.0,2,0,0,0.0,0.0
baseline,qwen3.5:4b,autonomous_depth_only,state_303,hex_nut,0.95,4,0,0,0.0,0.0,16,0,0,0.0,0.0,2,0,0,0.0,0.0
baseline,qwen3.5:4b,autonomous_depth_only,state_303,hex_nut,0.97,4,0,0,0.0,0.0,16,0,0,0.0,0.0,2,0,0,0.0,0.0
baseline,qwen3.5:4b,autonomous_depth_only,state_303,hex_nut,0.98,4,0,0,0.0,0.0,16,0,0,0.0,0.0,2,0,0,0.0,0.0
baseline,qwen3.5:4b,autonomous_depth_only,state_303,hex_nut,0.99,4,0,0,0.0,0.0,16,0,0,0.0,0.0,2,0,0,0.0,0.0
baseline,qwen3.5:4b,autonomous_depth_only,state_303,hex_nut,0.995,4,0,0,0.0,0.0,16,0,0,0.0,0.0,2,0,0,0.0,0.0
baseline,qwen3.5:4b,autonomous_depth_only,state_303,hex_nut,0.999,4,0,0,0.0,0.0,16,0,0,0.0,0.0,2,0,0,0.0,0.0
baseline,qwen3.5:4b,autonomous_depth_only,state_303,hex_nut,0.9999,4,0,0,0.0,0.0,16,0,0,0.0,0.0,2,0,0,0.0,0.0
baseline,qwen3.5:4b,autonomous_depth_only,state_303,hex_nut,0.99999,4,0,0,0.0,0.0,16,0,0,0.0,0.0,2,0,0,0.0,0.0
baseline,qwen3.5:4b,autonomous_depth_only,state_303,hex_nut,0.999999,4,0,0,0.0,0.0,16,0,0,0.0,0.0,2,0,0,0.0,0.0
baseline,qwen3.5:4b,autonomous_depth_only,state_303,round_pin,0.4,9,9,9,1.0,1.0,21,4,4,0.19047619047619047,0.19047619047619047,3,3,3,1.0,1.0
baseline,qwen3.5:4b,autonomous_depth_only,state_303,round_pin,0.5,9,9,9,1.0,1.0,21,2,2,0.09523809523809523,0.09523809523809523,3,3,3,1.0,1.0
baseline,qwen3.5:4b,autonomous_depth_only,state_303,round_pin,0.6,9,9,9,1.0,1.0,21,0,0,0.0,0.0,3,3,3,1.0,1.0
baseline,qwen3.5:4b,autonomous_depth_only,state_303,round_pin,0.65,9,9,9,1.0,1.0,21,0,0,0.0,0.0,3,3,3,1.0,1.0
baseline,qwen3.5:4b,autonomous_depth_only,state_303,round_pin,0.7,9,9,9,1.0,1.0,21,0,0,0.0,0.0,3,3,3,1.0,1.0
baseline,qwen3.5:4b,autonomous_depth_only,state_303,round_pin,0.8,9,3,3,0.3333333333333333,0.3333333333333333,21,0,0,0.0,0.0,3,1,1,0.3333333333333333,0.3333333333333333
baseline,qwen3.5:4b,autonomous_depth_only,state_303,round_pin,0.9,9,0,0,0.0,0.0,21,0,0,0.0,0.0,3,0,0,0.0,0.0
baseline,qwen3.5:4b,autonomous_depth_only,state_303,round_pin,0.95,9,0,0,0.0,0.0,21,0,0,0.0,0.0,3,0,0,0.0,0.0
baseline,qwen3.5:4b,autonomous_depth_only,state_303,round_pin,0.97,9,0,0,0.0,0.0,21,0,0,0.0,0.0,3,0,0,0.0,0.0
baseline,qwen3.5:4b,autonomous_depth_only,state_303,round_pin,0.98,9,0,0,0.0,0.0,21,0,0,0.0,0.0,3,0,0,0.0,0.0
baseline,qwen3.5:4b,autonomous_depth_only,state_303,round_pin,0.99,9,0,0,0.0,0.0,21,0,0,0.0,0.0,3,0,0,0.0,0.0
baseline,qwen3.5:4b,autonomous_depth_only,state_303,round_pin,0.995,9,0,0,0.0,0.0,21,0,0,0.0,0.0,3,0,0,0.0,0.0
baseline,qwen3.5:4b,autonomous_depth_only,state_303,round_pin,0.999,9,0,0,0.0,0.0,21,0,0,0.0,0.0,3,0,0,0.0,0.0
baseline,qwen3.5:4b,autonomous_depth_only,state_303,round_pin,0.9999,9,0,0,0.0,0.0,21,0,0,0.0,0.0,3,0,0,0.0,0.0
baseline,qwen3.5:4b,autonomous_depth_only,state_303,round_pin,0.99999,9,0,0,0.0,0.0,21,0,0,0.0,0.0,3,0,0,0.0,0.0
baseline,qwen3.5:4b,autonomous_depth_only,state_303,round_pin,0.999999,9,0,0,0.0,0.0,21,0,0,0.0,0.0,3,0,0,0.0,0.0
baseline,qwen3.5:4b,autonomous_depth_only,state_303,Waterproof_Male,0.4,1,1,1,1.0,1.0,9,3,3,0.3333333333333333,0.3333333333333333,1,1,1,1.0,1.0
baseline,qwen3.5:4b,autonomous_depth_only,state_303,Waterproof_Male,0.5,1,1,1,1.0,1.0,9,2,2,0.2222222222222222,0.2222222222222222,1,1,1,1.0,1.0
baseline,qwen3.5:4b,autonomous_depth_only,state_303,Waterproof_Male,0.6,1,1,1,1.0,1.0,9,1,1,0.1111111111111111,0.1111111111111111,1,1,1,1.0,1.0
baseline,qwen3.5:4b,autonomous_depth_only,state_303,Waterproof_Male,0.65,1,1,1,1.0,1.0,9,1,1,0.1111111111111111,0.1111111111111111,1,1,1,1.0,1.0
baseline,qwen3.5:4b,autonomous_depth_only,state_303,Waterproof_Male,0.7,1,1,1,1.0,1.0,9,1,1,0.1111111111111111,0.1111111111111111,1,1,1,1.0,1.0
baseline,qwen3.5:4b,autonomous_depth_only,state_303,Waterproof_Male,0.8,1,0,0,0.0,0.0,9,1,1,0.1111111111111111,0.1111111111111111,1,0,0,0.0,0.0
baseline,qwen3.5:4b,autonomous_depth_only,state_303,Waterproof_Male,0.9,1,0,0,0.0,0.0,9,0,0,0.0,0.0,1,0,0,0.0,0.0
baseline,qwen3.5:4b,autonomous_depth_only,state_303,Waterproof_Male,0.95,1,0,0,0.0,0.0,9,0,0,0.0,0.0,1,0,0,0.0,0.0
baseline,qwen3.5:4b,autonomous_depth_only,state_303,Waterproof_Male,0.97,1,0,0,0.0,0.0,9,0,0,0.0,0.0,1,0,0,0.0,0.0
baseline,qwen3.5:4b,autonomous_depth_only,state_303,Waterproof_Male,0.98,1,0,0,0.0,0.0,9,0,0,0.0,0.0,1,0,0,0.0,0.0
baseline,qwen3.5:4b,autonomous_depth_only,state_303,Waterproof_Male,0.99,1,0,0,0.0,0.0,9,0,0,0.0,0.0,1,0,0,0.0,0.0
baseline,qwen3.5:4b,autonomous_depth_only,state_303,Waterproof_Male,0.995,1,0,0,0.0,0.0,9,0,0,0.0,0.0,1,0,0,0.0,0.0
baseline,qwen3.5:4b,autonomous_depth_only,state_303,Waterproof_Male,0.999,1,0,0,0.0,0.0,9,0,0,0.0,0.0,1,0,0,0.0,0.0
baseline,qwen3.5:4b,autonomous_depth_only,state_303,Waterproof_Male,0.9999,1,0,0,0.0,0.0,9,0,0,0.0,0.0,1,0,0,0.0,0.0
baseline,qwen3.5:4b,autonomous_depth_only,state_303,Waterproof_Male,0.99999,1,0,0,0.0,0.0,9,0,0,0.0,0.0,1,0,0,0.0,0.0
baseline,qwen3.5:4b,autonomous_depth_only,state_303,Waterproof_Male,0.999999,1,0,0,0.0,0.0,9,0,0,0.0,0.0,1,0,0,0.0,0.0
baseline,qwen3.5:4b,autonomous_depth_only,state_303,DSUB_Male,0.4,1,1,1,1.0,1.0,9,0,0,0.0,0.0,1,1,1,1.0,1.0
baseline,qwen3.5:4b,autonomous_depth_only,state_303,DSUB_Male,0.5,1,1,1,1.0,1.0,9,0,0,0.0,0.0,1,1,1,1.0,1.0
baseline,qwen3.5:4b,autonomous_depth_only,state_303,DSUB_Male,0.6,1,1,1,1.0,1.0,9,0,0,0.0,0.0,1,1,1,1.0,1.0
baseline,qwen3.5:4b,autonomous_depth_only,state_303,DSUB_Male,0.65,1,1,1,1.0,1.0,9,0,0,0.0,0.0,1,1,1,1.0,1.0
baseline,qwen3.5:4b,autonomous_depth_only,state_303,DSUB_Male,0.7,1,1,1,1.0,1.0,9,0,0,0.0,0.0,1,1,1,1.0,1.0
baseline,qwen3.5:4b,autonomous_depth_only,state_303,DSUB_Male,0.8,1,1,1,1.0,1.0,9,0,0,0.0,0.0,1,1,1,1.0,1.0
baseline,qwen3.5:4b,autonomous_depth_only,state_303,DSUB_Male,0.9,1,0,0,0.0,0.0,9,0,0,0.0,0.0,1,0,0,0.0,0.0
baseline,qwen3.5:4b,autonomous_depth_only,state_303,DSUB_Male,0.95,1,0,0,0.0,0.0,9,0,0,0.0,0.0,1,0,0,0.0,0.0
baseline,qwen3.5:4b,autonomous_depth_only,state_303,DSUB_Male,0.97,1,0,0,0.0,0.0,9,0,0,0.0,0.0,1,0,0,0.0,0.0
baseline,qwen3.5:4b,autonomous_depth_only,state_303,DSUB_Male,0.98,1,0,0,0.0,0.0,9,0,0,0.0,0.0,1,0,0,0.0,0.0
baseline,qwen3.5:4b,autonomous_depth_only,state_303,DSUB_Male,0.99,1,0,0,0.0,0.0,9,0,0,0.0,0.0,1,0,0,0.0,0.0
baseline,qwen3.5:4b,autonomous_depth_only,state_303,DSUB_Male,0.995,1,0,0,0.0,0.0,9,0,0,0.0,0.0,1,0,0,0.0,0.0
baseline,qwen3.5:4b,autonomous_depth_only,state_303,DSUB_Male,0.999,1,0,0,0.0,0.0,9,0,0,0.0,0.0,1,0,0,0.0,0.0
baseline,qwen3.5:4b,autonomous_depth_only,state_303,DSUB_Male,0.9999,1,0,0,0.0,0.0,9,0,0,0.0,0.0,1,0,0,0.0,0.0
baseline,qwen3.5:4b,autonomous_depth_only,state_303,DSUB_Male,0.99999,1,0,0,0.0,0.0,9,0,0,0.0,0.0,1,0,0,0.0,0.0
baseline,qwen3.5:4b,autonomous_depth_only,state_303,DSUB_Male,0.999999,1,0,0,0.0,0.0,9,0,0,0.0,0.0,1,0,0,0.0,0.0
baseline,qwen3.5:4b,autonomous_depth_only,all,gear,0.4,36,36,36,1.0,1.0,90,13,13,0.14444444444444443,0.14444444444444443,12,12,12,1.0,1.0
baseline,qwen3.5:4b,autonomous_depth_only,all,gear,0.5,36,34,34,0.9444444444444444,0.9444444444444444,90,8,8,0.08888888888888889,0.08888888888888889,12,12,12,1.0,1.0
baseline,qwen3.5:4b,autonomous_depth_only,all,gear,0.6,36,34,34,0.9444444444444444,0.9444444444444444,90,3,3,0.03333333333333333,0.03333333333333333,12,12,12,1.0,1.0
baseline,qwen3.5:4b,autonomous_depth_only,all,gear,0.65,36,30,30,0.8333333333333334,0.8333333333333334,90,2,2,0.022222222222222223,0.022222222222222223,12,10,10,0.8333333333333334,0.8333333333333334
baseline,qwen3.5:4b,autonomous_depth_only,all,gear,0.7,36,23,23,0.6388888888888888,0.6388888888888888,90,0,0,0.0,0.0,12,8,8,0.6666666666666666,0.6666666666666666
baseline,qwen3.5:4b,autonomous_depth_only,all,gear,0.8,36,13,13,0.3611111111111111,0.3611111111111111,90,0,0,0.0,0.0,12,4,4,0.3333333333333333,0.3333333333333333
baseline,qwen3.5:4b,autonomous_depth_only,all,gear,0.9,36,1,1,0.027777777777777776,0.027777777777777776,90,0,0,0.0,0.0,12,0,0,0.0,0.0
baseline,qwen3.5:4b,autonomous_depth_only,all,gear,0.95,36,0,0,0.0,0.0,90,0,0,0.0,0.0,12,0,0,0.0,0.0
baseline,qwen3.5:4b,autonomous_depth_only,all,gear,0.97,36,0,0,0.0,0.0,90,0,0,0.0,0.0,12,0,0,0.0,0.0
baseline,qwen3.5:4b,autonomous_depth_only,all,gear,0.98,36,0,0,0.0,0.0,90,0,0,0.0,0.0,12,0,0,0.0,0.0
baseline,qwen3.5:4b,autonomous_depth_only,all,gear,0.99,36,0,0,0.0,0.0,90,0,0,0.0,0.0,12,0,0,0.0,0.0
baseline,qwen3.5:4b,autonomous_depth_only,all,gear,0.995,36,0,0,0.0,0.0,90,0,0,0.0,0.0,12,0,0,0.0,0.0
baseline,qwen3.5:4b,autonomous_depth_only,all,gear,0.999,36,0,0,0.0,0.0,90,0,0,0.0,0.0,12,0,0,0.0,0.0
baseline,qwen3.5:4b,autonomous_depth_only,all,gear,0.9999,36,0,0,0.0,0.0,90,0,0,0.0,0.0,12,0,0,0.0,0.0
baseline,qwen3.5:4b,autonomous_depth_only,all,gear,0.99999,36,0,0,0.0,0.0,90,0,0,0.0,0.0,12,0,0,0.0,0.0
baseline,qwen3.5:4b,autonomous_depth_only,all,gear,0.999999,36,0,0,0.0,0.0,90,0,0,0.0,0.0,12,0,0,0.0,0.0
baseline,qwen3.5:4b,autonomous_depth_only,all,hex_nut,0.4,16,11,11,0.6875,0.6875,68,0,0,0.0,0.0,8,6,6,0.75,0.75
baseline,qwen3.5:4b,autonomous_depth_only,all,hex_nut,0.5,16,9,9,0.5625,0.5625,68,0,0,0.0,0.0,8,4,4,0.5,0.5
baseline,qwen3.5:4b,autonomous_depth_only,all,hex_nut,0.6,16,6,6,0.375,0.375,68,0,0,0.0,0.0,8,3,3,0.375,0.375
baseline,qwen3.5:4b,autonomous_depth_only,all,hex_nut,0.65,16,4,4,0.25,0.25,68,0,0,0.0,0.0,8,1,1,0.125,0.125
baseline,qwen3.5:4b,autonomous_depth_only,all,hex_nut,0.7,16,3,3,0.1875,0.1875,68,0,0,0.0,0.0,8,1,1,0.125,0.125
baseline,qwen3.5:4b,autonomous_depth_only,all,hex_nut,0.8,16,0,0,0.0,0.0,68,0,0,0.0,0.0,8,0,0,0.0,0.0
baseline,qwen3.5:4b,autonomous_depth_only,all,hex_nut,0.9,16,0,0,0.0,0.0,68,0,0,0.0,0.0,8,0,0,0.0,0.0
baseline,qwen3.5:4b,autonomous_depth_only,all,hex_nut,0.95,16,0,0,0.0,0.0,68,0,0,0.0,0.0,8,0,0,0.0,0.0
baseline,qwen3.5:4b,autonomous_depth_only,all,hex_nut,0.97,16,0,0,0.0,0.0,68,0,0,0.0,0.0,8,0,0,0.0,0.0
baseline,qwen3.5:4b,autonomous_depth_only,all,hex_nut,0.98,16,0,0,0.0,0.0,68,0,0,0.0,0.0,8,0,0,0.0,0.0
baseline,qwen3.5:4b,autonomous_depth_only,all,hex_nut,0.99,16,0,0,0.0,0.0,68,0,0,0.0,0.0,8,0,0,0.0,0.0
baseline,qwen3.5:4b,autonomous_depth_only,all,hex_nut,0.995,16,0,0,0.0,0.0,68,0,0,0.0,0.0,8,0,0,0.0,0.0
baseline,qwen3.5:4b,autonomous_depth_only,all,hex_nut,0.999,16,0,0,0.0,0.0,68,0,0,0.0,0.0,8,0,0,0.0,0.0
baseline,qwen3.5:4b,autonomous_depth_only,all,hex_nut,0.9999,16,0,0,0.0,0.0,68,0,0,0.0,0.0,8,0,0,0.0,0.0
baseline,qwen3.5:4b,autonomous_depth_only,all,hex_nut,0.99999,16,0,0,0.0,0.0,68,0,0,0.0,0.0,8,0,0,0.0,0.0
baseline,qwen3.5:4b,autonomous_depth_only,all,hex_nut,0.999999,16,0,0,0.0,0.0,68,0,0,0.0,0.0,8,0,0,0.0,0.0
baseline,qwen3.5:4b,autonomous_depth_only,all,round_pin,0.4,36,36,36,1.0,1.0,90,6,6,0.06666666666666667,0.06666666666666667,12,12,12,1.0,1.0
baseline,qwen3.5:4b,autonomous_depth_only,all,round_pin,0.5,36,36,36,1.0,1.0,90,2,2,0.022222222222222223,0.022222222222222223,12,12,12,1.0,1.0
baseline,qwen3.5:4b,autonomous_depth_only,all,round_pin,0.6,36,36,36,1.0,1.0,90,0,0,0.0,0.0,12,12,12,1.0,1.0
baseline,qwen3.5:4b,autonomous_depth_only,all,round_pin,0.65,36,33,33,0.9166666666666666,0.9166666666666666,90,0,0,0.0,0.0,12,12,12,1.0,1.0
baseline,qwen3.5:4b,autonomous_depth_only,all,round_pin,0.7,36,27,27,0.75,0.75,90,0,0,0.0,0.0,12,9,9,0.75,0.75
baseline,qwen3.5:4b,autonomous_depth_only,all,round_pin,0.8,36,14,14,0.3888888888888889,0.3888888888888889,90,0,0,0.0,0.0,12,4,4,0.3333333333333333,0.3333333333333333
baseline,qwen3.5:4b,autonomous_depth_only,all,round_pin,0.9,36,0,0,0.0,0.0,90,0,0,0.0,0.0,12,0,0,0.0,0.0
baseline,qwen3.5:4b,autonomous_depth_only,all,round_pin,0.95,36,0,0,0.0,0.0,90,0,0,0.0,0.0,12,0,0,0.0,0.0
baseline,qwen3.5:4b,autonomous_depth_only,all,round_pin,0.97,36,0,0,0.0,0.0,90,0,0,0.0,0.0,12,0,0,0.0,0.0
baseline,qwen3.5:4b,autonomous_depth_only,all,round_pin,0.98,36,0,0,0.0,0.0,90,0,0,0.0,0.0,12,0,0,0.0,0.0
baseline,qwen3.5:4b,autonomous_depth_only,all,round_pin,0.99,36,0,0,0.0,0.0,90,0,0,0.0,0.0,12,0,0,0.0,0.0
baseline,qwen3.5:4b,autonomous_depth_only,all,round_pin,0.995,36,0,0,0.0,0.0,90,0,0,0.0,0.0,12,0,0,0.0,0.0
baseline,qwen3.5:4b,autonomous_depth_only,all,round_pin,0.999,36,0,0,0.0,0.0,90,0,0,0.0,0.0,12,0,0,0.0,0.0
baseline,qwen3.5:4b,autonomous_depth_only,all,round_pin,0.9999,36,0,0,0.0,0.0,90,0,0,0.0,0.0,12,0,0,0.0,0.0
baseline,qwen3.5:4b,autonomous_depth_only,all,round_pin,0.99999,36,0,0,0.0,0.0,90,0,0,0.0,0.0,12,0,0,0.0,0.0
baseline,qwen3.5:4b,autonomous_depth_only,all,round_pin,0.999999,36,0,0,0.0,0.0,90,0,0,0.0,0.0,12,0,0,0.0,0.0
baseline,qwen3.5:4b,autonomous_depth_only,all,Waterproof_Male,0.4,4,4,4,1.0,1.0,38,10,10,0.2631578947368421,0.2631578947368421,4,4,4,1.0,1.0
baseline,qwen3.5:4b,autonomous_depth_only,all,Waterproof_Male,0.5,4,4,4,1.0,1.0,38,8,8,0.21052631578947367,0.21052631578947367,4,4,4,1.0,1.0
baseline,qwen3.5:4b,autonomous_depth_only,all,Waterproof_Male,0.6,4,4,4,1.0,1.0,38,5,5,0.13157894736842105,0.13157894736842105,4,4,4,1.0,1.0
baseline,qwen3.5:4b,autonomous_depth_only,all,Waterproof_Male,0.65,4,4,4,1.0,1.0,38,5,5,0.13157894736842105,0.13157894736842105,4,4,4,1.0,1.0
baseline,qwen3.5:4b,autonomous_depth_only,all,Waterproof_Male,0.7,4,3,3,0.75,0.75,38,4,4,0.10526315789473684,0.10526315789473684,4,3,3,0.75,0.75
baseline,qwen3.5:4b,autonomous_depth_only,all,Waterproof_Male,0.8,4,1,1,0.25,0.25,38,2,2,0.05263157894736842,0.05263157894736842,4,1,1,0.25,0.25
baseline,qwen3.5:4b,autonomous_depth_only,all,Waterproof_Male,0.9,4,0,0,0.0,0.0,38,0,0,0.0,0.0,4,0,0,0.0,0.0
baseline,qwen3.5:4b,autonomous_depth_only,all,Waterproof_Male,0.95,4,0,0,0.0,0.0,38,0,0,0.0,0.0,4,0,0,0.0,0.0
baseline,qwen3.5:4b,autonomous_depth_only,all,Waterproof_Male,0.97,4,0,0,0.0,0.0,38,0,0,0.0,0.0,4,0,0,0.0,0.0
baseline,qwen3.5:4b,autonomous_depth_only,all,Waterproof_Male,0.98,4,0,0,0.0,0.0,38,0,0,0.0,0.0,4,0,0,0.0,0.0
baseline,qwen3.5:4b,autonomous_depth_only,all,Waterproof_Male,0.99,4,0,0,0.0,0.0,38,0,0,0.0,0.0,4,0,0,0.0,0.0
baseline,qwen3.5:4b,autonomous_depth_only,all,Waterproof_Male,0.995,4,0,0,0.0,0.0,38,0,0,0.0,0.0,4,0,0,0.0,0.0
baseline,qwen3.5:4b,autonomous_depth_only,all,Waterproof_Male,0.999,4,0,0,0.0,0.0,38,0,0,0.0,0.0,4,0,0,0.0,0.0
baseline,qwen3.5:4b,autonomous_depth_only,all,Waterproof_Male,0.9999,4,0,0,0.0,0.0,38,0,0,0.0,0.0,4,0,0,0.0,0.0
baseline,qwen3.5:4b,autonomous_depth_only,all,Waterproof_Male,0.99999,4,0,0,0.0,0.0,38,0,0,0.0,0.0,4,0,0,0.0,0.0
baseline,qwen3.5:4b,autonomous_depth_only,all,Waterproof_Male,0.999999,4,0,0,0.0,0.0,38,0,0,0.0,0.0,4,0,0,0.0,0.0
baseline,qwen3.5:4b,autonomous_depth_only,all,USB_Male,0.4,2,2,2,1.0,1.0,40,1,1,0.025,0.025,2,2,2,1.0,1.0
baseline,qwen3.5:4b,autonomous_depth_only,all,USB_Male,0.5,2,2,2,1.0,1.0,40,0,0,0.0,0.0,2,2,2,1.0,1.0
baseline,qwen3.5:4b,autonomous_depth_only,all,USB_Male,0.6,2,2,2,1.0,1.0,40,0,0,0.0,0.0,2,2,2,1.0,1.0
baseline,qwen3.5:4b,autonomous_depth_only,all,USB_Male,0.65,2,2,2,1.0,1.0,40,0,0,0.0,0.0,2,2,2,1.0,1.0
baseline,qwen3.5:4b,autonomous_depth_only,all,USB_Male,0.7,2,2,2,1.0,1.0,40,0,0,0.0,0.0,2,2,2,1.0,1.0
baseline,qwen3.5:4b,autonomous_depth_only,all,USB_Male,0.8,2,2,2,1.0,1.0,40,0,0,0.0,0.0,2,2,2,1.0,1.0
baseline,qwen3.5:4b,autonomous_depth_only,all,USB_Male,0.9,2,0,0,0.0,0.0,40,0,0,0.0,0.0,2,0,0,0.0,0.0
baseline,qwen3.5:4b,autonomous_depth_only,all,USB_Male,0.95,2,0,0,0.0,0.0,40,0,0,0.0,0.0,2,0,0,0.0,0.0
baseline,qwen3.5:4b,autonomous_depth_only,all,USB_Male,0.97,2,0,0,0.0,0.0,40,0,0,0.0,0.0,2,0,0,0.0,0.0
baseline,qwen3.5:4b,autonomous_depth_only,all,USB_Male,0.98,2,0,0,0.0,0.0,40,0,0,0.0,0.0,2,0,0,0.0,0.0
baseline,qwen3.5:4b,autonomous_depth_only,all,USB_Male,0.99,2,0,0,0.0,0.0,40,0,0,0.0,0.0,2,0,0,0.0,0.0
baseline,qwen3.5:4b,autonomous_depth_only,all,USB_Male,0.995,2,0,0,0.0,0.0,40,0,0,0.0,0.0,2,0,0,0.0,0.0
baseline,qwen3.5:4b,autonomous_depth_only,all,USB_Male,0.999,2,0,0,0.0,0.0,40,0,0,0.0,0.0,2,0,0,0.0,0.0
baseline,qwen3.5:4b,autonomous_depth_only,all,USB_Male,0.9999,2,0,0,0.0,0.0,40,0,0,0.0,0.0,2,0,0,0.0,0.0
baseline,qwen3.5:4b,autonomous_depth_only,all,USB_Male,0.99999,2,0,0,0.0,0.0,40,0,0,0.0,0.0,2,0,0,0.0,0.0
baseline,qwen3.5:4b,autonomous_depth_only,all,USB_Male,0.999999,2,0,0,0.0,0.0,40,0,0,0.0,0.0,2,0,0,0.0,0.0
baseline,qwen3.5:4b,autonomous_depth_only,all,DSUB_Male,0.4,4,4,4,1.0,1.0,38,4,4,0.10526315789473684,0.10526315789473684,4,4,4,1.0,1.0
baseline,qwen3.5:4b,autonomous_depth_only,all,DSUB_Male,0.5,4,4,4,1.0,1.0,38,2,2,0.05263157894736842,0.05263157894736842,4,4,4,1.0,1.0
baseline,qwen3.5:4b,autonomous_depth_only,all,DSUB_Male,0.6,4,4,4,1.0,1.0,38,2,2,0.05263157894736842,0.05263157894736842,4,4,4,1.0,1.0
baseline,qwen3.5:4b,autonomous_depth_only,all,DSUB_Male,0.65,4,4,4,1.0,1.0,38,1,1,0.02631578947368421,0.02631578947368421,4,4,4,1.0,1.0
baseline,qwen3.5:4b,autonomous_depth_only,all,DSUB_Male,0.7,4,4,4,1.0,1.0,38,0,0,0.0,0.0,4,4,4,1.0,1.0
baseline,qwen3.5:4b,autonomous_depth_only,all,DSUB_Male,0.8,4,2,2,0.5,0.5,38,0,0,0.0,0.0,4,2,2,0.5,0.5
baseline,qwen3.5:4b,autonomous_depth_only,all,DSUB_Male,0.9,4,0,0,0.0,0.0,38,0,0,0.0,0.0,4,0,0,0.0,0.0
baseline,qwen3.5:4b,autonomous_depth_only,all,DSUB_Male,0.95,4,0,0,0.0,0.0,38,0,0,0.0,0.0,4,0,0,0.0,0.0
baseline,qwen3.5:4b,autonomous_depth_only,all,DSUB_Male,0.97,4,0,0,0.0,0.0,38,0,0,0.0,0.0,4,0,0,0.0,0.0
baseline,qwen3.5:4b,autonomous_depth_only,all,DSUB_Male,0.98,4,0,0,0.0,0.0,38,0,0,0.0,0.0,4,0,0,0.0,0.0
baseline,qwen3.5:4b,autonomous_depth_only,all,DSUB_Male,0.99,4,0,0,0.0,0.0,38,0,0,0.0,0.0,4,0,0,0.0,0.0
baseline,qwen3.5:4b,autonomous_depth_only,all,DSUB_Male,0.995,4,0,0,0.0,0.0,38,0,0,0.0,0.0,4,0,0,0.0,0.0
baseline,qwen3.5:4b,autonomous_depth_only,all,DSUB_Male,0.999,4,0,0,0.0,0.0,38,0,0,0.0,0.0,4,0,0,0.0,0.0
baseline,qwen3.5:4b,autonomous_depth_only,all,DSUB_Male,0.9999,4,0,0,0.0,0.0,38,0,0,0.0,0.0,4,0,0,0.0,0.0
baseline,qwen3.5:4b,autonomous_depth_only,all,DSUB_Male,0.99999,4,0,0,0.0,0.0,38,0,0,0.0,0.0,4,0,0,0.0,0.0
baseline,qwen3.5:4b,autonomous_depth_only,all,DSUB_Male,0.999999,4,0,0,0.0,0.0,38,0,0,0.0,0.0,4,0,0,0.0,0.0
family_ablation,qwen3.5:4b,all_crops,original,gear,0.4,9,9,9,1.0,1.0,24,6,6,0.25,0.25,3,3,3,1.0,1.0
family_ablation,qwen3.5:4b,all_crops,original,gear,0.5,9,9,9,1.0,1.0,24,3,3,0.125,0.125,3,3,3,1.0,1.0
family_ablation,qwen3.5:4b,all_crops,original,gear,0.6,9,9,9,1.0,1.0,24,3,3,0.125,0.125,3,3,3,1.0,1.0
family_ablation,qwen3.5:4b,all_crops,original,gear,0.65,9,9,9,1.0,1.0,24,3,3,0.125,0.125,3,3,3,1.0,1.0
family_ablation,qwen3.5:4b,all_crops,original,gear,0.7,9,9,9,1.0,1.0,24,3,3,0.125,0.125,3,3,3,1.0,1.0
family_ablation,qwen3.5:4b,all_crops,original,gear,0.8,9,6,6,0.6666666666666666,0.6666666666666666,24,0,0,0.0,0.0,3,2,2,0.6666666666666666,0.6666666666666666
family_ablation,qwen3.5:4b,all_crops,original,gear,0.9,9,6,6,0.6666666666666666,0.6666666666666666,24,0,0,0.0,0.0,3,2,2,0.6666666666666666,0.6666666666666666
family_ablation,qwen3.5:4b,all_crops,original,gear,0.95,9,0,0,0.0,0.0,24,0,0,0.0,0.0,3,0,0,0.0,0.0
family_ablation,qwen3.5:4b,all_crops,original,gear,0.97,9,0,0,0.0,0.0,24,0,0,0.0,0.0,3,0,0,0.0,0.0
family_ablation,qwen3.5:4b,all_crops,original,gear,0.98,9,0,0,0.0,0.0,24,0,0,0.0,0.0,3,0,0,0.0,0.0
family_ablation,qwen3.5:4b,all_crops,original,gear,0.99,9,0,0,0.0,0.0,24,0,0,0.0,0.0,3,0,0,0.0,0.0
family_ablation,qwen3.5:4b,all_crops,original,gear,0.995,9,0,0,0.0,0.0,24,0,0,0.0,0.0,3,0,0,0.0,0.0
family_ablation,qwen3.5:4b,all_crops,original,gear,0.999,9,0,0,0.0,0.0,24,0,0,0.0,0.0,3,0,0,0.0,0.0
family_ablation,qwen3.5:4b,all_crops,original,gear,0.9999,9,0,0,0.0,0.0,24,0,0,0.0,0.0,3,0,0,0.0,0.0
family_ablation,qwen3.5:4b,all_crops,original,gear,0.99999,9,0,0,0.0,0.0,24,0,0,0.0,0.0,3,0,0,0.0,0.0
family_ablation,qwen3.5:4b,all_crops,original,gear,0.999999,9,0,0,0.0,0.0,24,0,0,0.0,0.0,3,0,0,0.0,0.0
family_ablation,qwen3.5:4b,all_crops,original,hex_nut,0.4,4,4,4,1.0,1.0,18,0,0,0.0,0.0,2,2,2,1.0,1.0
family_ablation,qwen3.5:4b,all_crops,original,hex_nut,0.5,4,4,4,1.0,1.0,18,0,0,0.0,0.0,2,2,2,1.0,1.0
family_ablation,qwen3.5:4b,all_crops,original,hex_nut,0.6,4,4,4,1.0,1.0,18,0,0,0.0,0.0,2,2,2,1.0,1.0
family_ablation,qwen3.5:4b,all_crops,original,hex_nut,0.65,4,4,4,1.0,1.0,18,0,0,0.0,0.0,2,2,2,1.0,1.0
family_ablation,qwen3.5:4b,all_crops,original,hex_nut,0.7,4,2,2,0.5,0.5,18,0,0,0.0,0.0,2,1,1,0.5,0.5
family_ablation,qwen3.5:4b,all_crops,original,hex_nut,0.8,4,0,0,0.0,0.0,18,0,0,0.0,0.0,2,0,0,0.0,0.0
family_ablation,qwen3.5:4b,all_crops,original,hex_nut,0.9,4,0,0,0.0,0.0,18,0,0,0.0,0.0,2,0,0,0.0,0.0
family_ablation,qwen3.5:4b,all_crops,original,hex_nut,0.95,4,0,0,0.0,0.0,18,0,0,0.0,0.0,2,0,0,0.0,0.0
family_ablation,qwen3.5:4b,all_crops,original,hex_nut,0.97,4,0,0,0.0,0.0,18,0,0,0.0,0.0,2,0,0,0.0,0.0
family_ablation,qwen3.5:4b,all_crops,original,hex_nut,0.98,4,0,0,0.0,0.0,18,0,0,0.0,0.0,2,0,0,0.0,0.0
family_ablation,qwen3.5:4b,all_crops,original,hex_nut,0.99,4,0,0,0.0,0.0,18,0,0,0.0,0.0,2,0,0,0.0,0.0
family_ablation,qwen3.5:4b,all_crops,original,hex_nut,0.995,4,0,0,0.0,0.0,18,0,0,0.0,0.0,2,0,0,0.0,0.0
family_ablation,qwen3.5:4b,all_crops,original,hex_nut,0.999,4,0,0,0.0,0.0,18,0,0,0.0,0.0,2,0,0,0.0,0.0
family_ablation,qwen3.5:4b,all_crops,original,hex_nut,0.9999,4,0,0,0.0,0.0,18,0,0,0.0,0.0,2,0,0,0.0,0.0
family_ablation,qwen3.5:4b,all_crops,original,hex_nut,0.99999,4,0,0,0.0,0.0,18,0,0,0.0,0.0,2,0,0,0.0,0.0
family_ablation,qwen3.5:4b,all_crops,original,hex_nut,0.999999,4,0,0,0.0,0.0,18,0,0,0.0,0.0,2,0,0,0.0,0.0
family_ablation,qwen3.5:4b,all_crops,original,round_pin,0.4,9,9,9,1.0,1.0,24,0,0,0.0,0.0,3,3,3,1.0,1.0
family_ablation,qwen3.5:4b,all_crops,original,round_pin,0.5,9,9,9,1.0,1.0,24,0,0,0.0,0.0,3,3,3,1.0,1.0
family_ablation,qwen3.5:4b,all_crops,original,round_pin,0.6,9,9,9,1.0,1.0,24,0,0,0.0,0.0,3,3,3,1.0,1.0
family_ablation,qwen3.5:4b,all_crops,original,round_pin,0.65,9,9,9,1.0,1.0,24,0,0,0.0,0.0,3,3,3,1.0,1.0
family_ablation,qwen3.5:4b,all_crops,original,round_pin,0.7,9,9,9,1.0,1.0,24,0,0,0.0,0.0,3,3,3,1.0,1.0
family_ablation,qwen3.5:4b,all_crops,original,round_pin,0.8,9,9,9,1.0,1.0,24,0,0,0.0,0.0,3,3,3,1.0,1.0
family_ablation,qwen3.5:4b,all_crops,original,round_pin,0.9,9,6,6,0.6666666666666666,0.6666666666666666,24,0,0,0.0,0.0,3,2,2,0.6666666666666666,0.6666666666666666
family_ablation,qwen3.5:4b,all_crops,original,round_pin,0.95,9,0,0,0.0,0.0,24,0,0,0.0,0.0,3,0,0,0.0,0.0
family_ablation,qwen3.5:4b,all_crops,original,round_pin,0.97,9,0,0,0.0,0.0,24,0,0,0.0,0.0,3,0,0,0.0,0.0
family_ablation,qwen3.5:4b,all_crops,original,round_pin,0.98,9,0,0,0.0,0.0,24,0,0,0.0,0.0,3,0,0,0.0,0.0
family_ablation,qwen3.5:4b,all_crops,original,round_pin,0.99,9,0,0,0.0,0.0,24,0,0,0.0,0.0,3,0,0,0.0,0.0
family_ablation,qwen3.5:4b,all_crops,original,round_pin,0.995,9,0,0,0.0,0.0,24,0,0,0.0,0.0,3,0,0,0.0,0.0
family_ablation,qwen3.5:4b,all_crops,original,round_pin,0.999,9,0,0,0.0,0.0,24,0,0,0.0,0.0,3,0,0,0.0,0.0
family_ablation,qwen3.5:4b,all_crops,original,round_pin,0.9999,9,0,0,0.0,0.0,24,0,0,0.0,0.0,3,0,0,0.0,0.0
family_ablation,qwen3.5:4b,all_crops,original,round_pin,0.99999,9,0,0,0.0,0.0,24,0,0,0.0,0.0,3,0,0,0.0,0.0
family_ablation,qwen3.5:4b,all_crops,original,round_pin,0.999999,9,0,0,0.0,0.0,24,0,0,0.0,0.0,3,0,0,0.0,0.0
family_ablation,qwen3.5:4b,all_crops,original,Waterproof_Male,0.4,1,1,1,1.0,1.0,10,4,4,0.4,0.4,1,1,1,1.0,1.0
family_ablation,qwen3.5:4b,all_crops,original,Waterproof_Male,0.5,1,1,1,1.0,1.0,10,3,3,0.3,0.3,1,1,1,1.0,1.0
family_ablation,qwen3.5:4b,all_crops,original,Waterproof_Male,0.6,1,1,1,1.0,1.0,10,2,2,0.2,0.2,1,1,1,1.0,1.0
family_ablation,qwen3.5:4b,all_crops,original,Waterproof_Male,0.65,1,1,1,1.0,1.0,10,1,1,0.1,0.1,1,1,1,1.0,1.0
family_ablation,qwen3.5:4b,all_crops,original,Waterproof_Male,0.7,1,1,1,1.0,1.0,10,1,1,0.1,0.1,1,1,1,1.0,1.0
family_ablation,qwen3.5:4b,all_crops,original,Waterproof_Male,0.8,1,1,1,1.0,1.0,10,1,1,0.1,0.1,1,1,1,1.0,1.0
family_ablation,qwen3.5:4b,all_crops,original,Waterproof_Male,0.9,1,0,0,0.0,0.0,10,0,0,0.0,0.0,1,0,0,0.0,0.0
family_ablation,qwen3.5:4b,all_crops,original,Waterproof_Male,0.95,1,0,0,0.0,0.0,10,0,0,0.0,0.0,1,0,0,0.0,0.0
family_ablation,qwen3.5:4b,all_crops,original,Waterproof_Male,0.97,1,0,0,0.0,0.0,10,0,0,0.0,0.0,1,0,0,0.0,0.0
family_ablation,qwen3.5:4b,all_crops,original,Waterproof_Male,0.98,1,0,0,0.0,0.0,10,0,0,0.0,0.0,1,0,0,0.0,0.0
family_ablation,qwen3.5:4b,all_crops,original,Waterproof_Male,0.99,1,0,0,0.0,0.0,10,0,0,0.0,0.0,1,0,0,0.0,0.0
family_ablation,qwen3.5:4b,all_crops,original,Waterproof_Male,0.995,1,0,0,0.0,0.0,10,0,0,0.0,0.0,1,0,0,0.0,0.0
family_ablation,qwen3.5:4b,all_crops,original,Waterproof_Male,0.999,1,0,0,0.0,0.0,10,0,0,0.0,0.0,1,0,0,0.0,0.0
family_ablation,qwen3.5:4b,all_crops,original,Waterproof_Male,0.9999,1,0,0,0.0,0.0,10,0,0,0.0,0.0,1,0,0,0.0,0.0
family_ablation,qwen3.5:4b,all_crops,original,Waterproof_Male,0.99999,1,0,0,0.0,0.0,10,0,0,0.0,0.0,1,0,0,0.0,0.0
family_ablation,qwen3.5:4b,all_crops,original,Waterproof_Male,0.999999,1,0,0,0.0,0.0,10,0,0,0.0,0.0,1,0,0,0.0,0.0
family_ablation,qwen3.5:4b,all_crops,original,USB_Male,0.4,1,1,1,1.0,1.0,10,0,0,0.0,0.0,1,1,1,1.0,1.0
family_ablation,qwen3.5:4b,all_crops,original,USB_Male,0.5,1,1,1,1.0,1.0,10,0,0,0.0,0.0,1,1,1,1.0,1.0
family_ablation,qwen3.5:4b,all_crops,original,USB_Male,0.6,1,1,1,1.0,1.0,10,0,0,0.0,0.0,1,1,1,1.0,1.0
family_ablation,qwen3.5:4b,all_crops,original,USB_Male,0.65,1,1,1,1.0,1.0,10,0,0,0.0,0.0,1,1,1,1.0,1.0
family_ablation,qwen3.5:4b,all_crops,original,USB_Male,0.7,1,1,1,1.0,1.0,10,0,0,0.0,0.0,1,1,1,1.0,1.0
family_ablation,qwen3.5:4b,all_crops,original,USB_Male,0.8,1,1,1,1.0,1.0,10,0,0,0.0,0.0,1,1,1,1.0,1.0
family_ablation,qwen3.5:4b,all_crops,original,USB_Male,0.9,1,0,0,0.0,0.0,10,0,0,0.0,0.0,1,0,0,0.0,0.0
family_ablation,qwen3.5:4b,all_crops,original,USB_Male,0.95,1,0,0,0.0,0.0,10,0,0,0.0,0.0,1,0,0,0.0,0.0
family_ablation,qwen3.5:4b,all_crops,original,USB_Male,0.97,1,0,0,0.0,0.0,10,0,0,0.0,0.0,1,0,0,0.0,0.0
family_ablation,qwen3.5:4b,all_crops,original,USB_Male,0.98,1,0,0,0.0,0.0,10,0,0,0.0,0.0,1,0,0,0.0,0.0
family_ablation,qwen3.5:4b,all_crops,original,USB_Male,0.99,1,0,0,0.0,0.0,10,0,0,0.0,0.0,1,0,0,0.0,0.0
family_ablation,qwen3.5:4b,all_crops,original,USB_Male,0.995,1,0,0,0.0,0.0,10,0,0,0.0,0.0,1,0,0,0.0,0.0
family_ablation,qwen3.5:4b,all_crops,original,USB_Male,0.999,1,0,0,0.0,0.0,10,0,0,0.0,0.0,1,0,0,0.0,0.0
family_ablation,qwen3.5:4b,all_crops,original,USB_Male,0.9999,1,0,0,0.0,0.0,10,0,0,0.0,0.0,1,0,0,0.0,0.0
family_ablation,qwen3.5:4b,all_crops,original,USB_Male,0.99999,1,0,0,0.0,0.0,10,0,0,0.0,0.0,1,0,0,0.0,0.0
family_ablation,qwen3.5:4b,all_crops,original,USB_Male,0.999999,1,0,0,0.0,0.0,10,0,0,0.0,0.0,1,0,0,0.0,0.0
family_ablation,qwen3.5:4b,all_crops,original,DSUB_Male,0.4,1,1,1,1.0,1.0,10,1,1,0.1,0.1,1,1,1,1.0,1.0
family_ablation,qwen3.5:4b,all_crops,original,DSUB_Male,0.5,1,1,1,1.0,1.0,10,1,1,0.1,0.1,1,1,1,1.0,1.0
family_ablation,qwen3.5:4b,all_crops,original,DSUB_Male,0.6,1,1,1,1.0,1.0,10,1,1,0.1,0.1,1,1,1,1.0,1.0
family_ablation,qwen3.5:4b,all_crops,original,DSUB_Male,0.65,1,1,1,1.0,1.0,10,1,1,0.1,0.1,1,1,1,1.0,1.0
family_ablation,qwen3.5:4b,all_crops,original,DSUB_Male,0.7,1,1,1,1.0,1.0,10,1,1,0.1,0.1,1,1,1,1.0,1.0
family_ablation,qwen3.5:4b,all_crops,original,DSUB_Male,0.8,1,1,1,1.0,1.0,10,0,0,0.0,0.0,1,1,1,1.0,1.0
family_ablation,qwen3.5:4b,all_crops,original,DSUB_Male,0.9,1,0,0,0.0,0.0,10,0,0,0.0,0.0,1,0,0,0.0,0.0
family_ablation,qwen3.5:4b,all_crops,original,DSUB_Male,0.95,1,0,0,0.0,0.0,10,0,0,0.0,0.0,1,0,0,0.0,0.0
family_ablation,qwen3.5:4b,all_crops,original,DSUB_Male,0.97,1,0,0,0.0,0.0,10,0,0,0.0,0.0,1,0,0,0.0,0.0
family_ablation,qwen3.5:4b,all_crops,original,DSUB_Male,0.98,1,0,0,0.0,0.0,10,0,0,0.0,0.0,1,0,0,0.0,0.0
family_ablation,qwen3.5:4b,all_crops,original,DSUB_Male,0.99,1,0,0,0.0,0.0,10,0,0,0.0,0.0,1,0,0,0.0,0.0
family_ablation,qwen3.5:4b,all_crops,original,DSUB_Male,0.995,1,0,0,0.0,0.0,10,0,0,0.0,0.0,1,0,0,0.0,0.0
family_ablation,qwen3.5:4b,all_crops,original,DSUB_Male,0.999,1,0,0,0.0,0.0,10,0,0,0.0,0.0,1,0,0,0.0,0.0
family_ablation,qwen3.5:4b,all_crops,original,DSUB_Male,0.9999,1,0,0,0.0,0.0,10,0,0,0.0,0.0,1,0,0,0.0,0.0
family_ablation,qwen3.5:4b,all_crops,original,DSUB_Male,0.99999,1,0,0,0.0,0.0,10,0,0,0.0,0.0,1,0,0,0.0,0.0
family_ablation,qwen3.5:4b,all_crops,original,DSUB_Male,0.999999,1,0,0,0.0,0.0,10,0,0,0.0,0.0,1,0,0,0.0,0.0
family_ablation,qwen3.5:4b,all_crops,state_101,gear,0.4,9,9,9,1.0,1.0,24,6,6,0.25,0.25,3,3,3,1.0,1.0
family_ablation,qwen3.5:4b,all_crops,state_101,gear,0.5,9,9,9,1.0,1.0,24,3,3,0.125,0.125,3,3,3,1.0,1.0
family_ablation,qwen3.5:4b,all_crops,state_101,gear,0.6,9,9,9,1.0,1.0,24,3,3,0.125,0.125,3,3,3,1.0,1.0
family_ablation,qwen3.5:4b,all_crops,state_101,gear,0.65,9,9,9,1.0,1.0,24,3,3,0.125,0.125,3,3,3,1.0,1.0
family_ablation,qwen3.5:4b,all_crops,state_101,gear,0.7,9,9,9,1.0,1.0,24,3,3,0.125,0.125,3,3,3,1.0,1.0
family_ablation,qwen3.5:4b,all_crops,state_101,gear,0.8,9,9,9,1.0,1.0,24,3,3,0.125,0.125,3,3,3,1.0,1.0
family_ablation,qwen3.5:4b,all_crops,state_101,gear,0.9,9,6,6,0.6666666666666666,0.6666666666666666,24,0,0,0.0,0.0,3,2,2,0.6666666666666666,0.6666666666666666
family_ablation,qwen3.5:4b,all_crops,state_101,gear,0.95,9,0,0,0.0,0.0,24,0,0,0.0,0.0,3,0,0,0.0,0.0
family_ablation,qwen3.5:4b,all_crops,state_101,gear,0.97,9,0,0,0.0,0.0,24,0,0,0.0,0.0,3,0,0,0.0,0.0
family_ablation,qwen3.5:4b,all_crops,state_101,gear,0.98,9,0,0,0.0,0.0,24,0,0,0.0,0.0,3,0,0,0.0,0.0
family_ablation,qwen3.5:4b,all_crops,state_101,gear,0.99,9,0,0,0.0,0.0,24,0,0,0.0,0.0,3,0,0,0.0,0.0
family_ablation,qwen3.5:4b,all_crops,state_101,gear,0.995,9,0,0,0.0,0.0,24,0,0,0.0,0.0,3,0,0,0.0,0.0
family_ablation,qwen3.5:4b,all_crops,state_101,gear,0.999,9,0,0,0.0,0.0,24,0,0,0.0,0.0,3,0,0,0.0,0.0
family_ablation,qwen3.5:4b,all_crops,state_101,gear,0.9999,9,0,0,0.0,0.0,24,0,0,0.0,0.0,3,0,0,0.0,0.0
family_ablation,qwen3.5:4b,all_crops,state_101,gear,0.99999,9,0,0,0.0,0.0,24,0,0,0.0,0.0,3,0,0,0.0,0.0
family_ablation,qwen3.5:4b,all_crops,state_101,gear,0.999999,9,0,0,0.0,0.0,24,0,0,0.0,0.0,3,0,0,0.0,0.0
family_ablation,qwen3.5:4b,all_crops,state_101,hex_nut,0.4,4,2,2,0.5,0.5,18,0,0,0.0,0.0,2,1,1,0.5,0.5
family_ablation,qwen3.5:4b,all_crops,state_101,hex_nut,0.5,4,2,2,0.5,0.5,18,0,0,0.0,0.0,2,1,1,0.5,0.5
family_ablation,qwen3.5:4b,all_crops,state_101,hex_nut,0.6,4,2,2,0.5,0.5,18,0,0,0.0,0.0,2,1,1,0.5,0.5
family_ablation,qwen3.5:4b,all_crops,state_101,hex_nut,0.65,4,2,2,0.5,0.5,18,0,0,0.0,0.0,2,1,1,0.5,0.5
family_ablation,qwen3.5:4b,all_crops,state_101,hex_nut,0.7,4,2,2,0.5,0.5,18,0,0,0.0,0.0,2,1,1,0.5,0.5
family_ablation,qwen3.5:4b,all_crops,state_101,hex_nut,0.8,4,0,0,0.0,0.0,18,0,0,0.0,0.0,2,0,0,0.0,0.0
family_ablation,qwen3.5:4b,all_crops,state_101,hex_nut,0.9,4,0,0,0.0,0.0,18,0,0,0.0,0.0,2,0,0,0.0,0.0
family_ablation,qwen3.5:4b,all_crops,state_101,hex_nut,0.95,4,0,0,0.0,0.0,18,0,0,0.0,0.0,2,0,0,0.0,0.0
family_ablation,qwen3.5:4b,all_crops,state_101,hex_nut,0.97,4,0,0,0.0,0.0,18,0,0,0.0,0.0,2,0,0,0.0,0.0
family_ablation,qwen3.5:4b,all_crops,state_101,hex_nut,0.98,4,0,0,0.0,0.0,18,0,0,0.0,0.0,2,0,0,0.0,0.0
family_ablation,qwen3.5:4b,all_crops,state_101,hex_nut,0.99,4,0,0,0.0,0.0,18,0,0,0.0,0.0,2,0,0,0.0,0.0
family_ablation,qwen3.5:4b,all_crops,state_101,hex_nut,0.995,4,0,0,0.0,0.0,18,0,0,0.0,0.0,2,0,0,0.0,0.0
family_ablation,qwen3.5:4b,all_crops,state_101,hex_nut,0.999,4,0,0,0.0,0.0,18,0,0,0.0,0.0,2,0,0,0.0,0.0
family_ablation,qwen3.5:4b,all_crops,state_101,hex_nut,0.9999,4,0,0,0.0,0.0,18,0,0,0.0,0.0,2,0,0,0.0,0.0
family_ablation,qwen3.5:4b,all_crops,state_101,hex_nut,0.99999,4,0,0,0.0,0.0,18,0,0,0.0,0.0,2,0,0,0.0,0.0
family_ablation,qwen3.5:4b,all_crops,state_101,hex_nut,0.999999,4,0,0,0.0,0.0,18,0,0,0.0,0.0,2,0,0,0.0,0.0
family_ablation,qwen3.5:4b,all_crops,state_101,round_pin,0.4,9,9,9,1.0,1.0,24,3,3,0.125,0.125,3,3,3,1.0,1.0
family_ablation,qwen3.5:4b,all_crops,state_101,round_pin,0.5,9,9,9,1.0,1.0,24,0,0,0.0,0.0,3,3,3,1.0,1.0
family_ablation,qwen3.5:4b,all_crops,state_101,round_pin,0.6,9,9,9,1.0,1.0,24,0,0,0.0,0.0,3,3,3,1.0,1.0
family_ablation,qwen3.5:4b,all_crops,state_101,round_pin,0.65,9,9,9,1.0,1.0,24,0,0,0.0,0.0,3,3,3,1.0,1.0
family_ablation,qwen3.5:4b,all_crops,state_101,round_pin,0.7,9,9,9,1.0,1.0,24,0,0,0.0,0.0,3,3,3,1.0,1.0
family_ablation,qwen3.5:4b,all_crops,state_101,round_pin,0.8,9,9,9,1.0,1.0,24,0,0,0.0,0.0,3,3,3,1.0,1.0
family_ablation,qwen3.5:4b,all_crops,state_101,round_pin,0.9,9,0,0,0.0,0.0,24,0,0,0.0,0.0,3,0,0,0.0,0.0
family_ablation,qwen3.5:4b,all_crops,state_101,round_pin,0.95,9,0,0,0.0,0.0,24,0,0,0.0,0.0,3,0,0,0.0,0.0
family_ablation,qwen3.5:4b,all_crops,state_101,round_pin,0.97,9,0,0,0.0,0.0,24,0,0,0.0,0.0,3,0,0,0.0,0.0
family_ablation,qwen3.5:4b,all_crops,state_101,round_pin,0.98,9,0,0,0.0,0.0,24,0,0,0.0,0.0,3,0,0,0.0,0.0
family_ablation,qwen3.5:4b,all_crops,state_101,round_pin,0.99,9,0,0,0.0,0.0,24,0,0,0.0,0.0,3,0,0,0.0,0.0
family_ablation,qwen3.5:4b,all_crops,state_101,round_pin,0.995,9,0,0,0.0,0.0,24,0,0,0.0,0.0,3,0,0,0.0,0.0
family_ablation,qwen3.5:4b,all_crops,state_101,round_pin,0.999,9,0,0,0.0,0.0,24,0,0,0.0,0.0,3,0,0,0.0,0.0
family_ablation,qwen3.5:4b,all_crops,state_101,round_pin,0.9999,9,0,0,0.0,0.0,24,0,0,0.0,0.0,3,0,0,0.0,0.0
family_ablation,qwen3.5:4b,all_crops,state_101,round_pin,0.99999,9,0,0,0.0,0.0,24,0,0,0.0,0.0,3,0,0,0.0,0.0
family_ablation,qwen3.5:4b,all_crops,state_101,round_pin,0.999999,9,0,0,0.0,0.0,24,0,0,0.0,0.0,3,0,0,0.0,0.0
family_ablation,qwen3.5:4b,all_crops,state_101,Waterproof_Male,0.4,1,1,1,1.0,1.0,10,3,3,0.3,0.3,1,1,1,1.0,1.0
family_ablation,qwen3.5:4b,all_crops,state_101,Waterproof_Male,0.5,1,1,1,1.0,1.0,10,3,3,0.3,0.3,1,1,1,1.0,1.0
family_ablation,qwen3.5:4b,all_crops,state_101,Waterproof_Male,0.6,1,1,1,1.0,1.0,10,0,0,0.0,0.0,1,1,1,1.0,1.0
family_ablation,qwen3.5:4b,all_crops,state_101,Waterproof_Male,0.65,1,1,1,1.0,1.0,10,0,0,0.0,0.0,1,1,1,1.0,1.0
family_ablation,qwen3.5:4b,all_crops,state_101,Waterproof_Male,0.7,1,1,1,1.0,1.0,10,0,0,0.0,0.0,1,1,1,1.0,1.0
family_ablation,qwen3.5:4b,all_crops,state_101,Waterproof_Male,0.8,1,1,1,1.0,1.0,10,0,0,0.0,0.0,1,1,1,1.0,1.0
family_ablation,qwen3.5:4b,all_crops,state_101,Waterproof_Male,0.9,1,0,0,0.0,0.0,10,0,0,0.0,0.0,1,0,0,0.0,0.0
family_ablation,qwen3.5:4b,all_crops,state_101,Waterproof_Male,0.95,1,0,0,0.0,0.0,10,0,0,0.0,0.0,1,0,0,0.0,0.0
family_ablation,qwen3.5:4b,all_crops,state_101,Waterproof_Male,0.97,1,0,0,0.0,0.0,10,0,0,0.0,0.0,1,0,0,0.0,0.0
family_ablation,qwen3.5:4b,all_crops,state_101,Waterproof_Male,0.98,1,0,0,0.0,0.0,10,0,0,0.0,0.0,1,0,0,0.0,0.0
family_ablation,qwen3.5:4b,all_crops,state_101,Waterproof_Male,0.99,1,0,0,0.0,0.0,10,0,0,0.0,0.0,1,0,0,0.0,0.0
family_ablation,qwen3.5:4b,all_crops,state_101,Waterproof_Male,0.995,1,0,0,0.0,0.0,10,0,0,0.0,0.0,1,0,0,0.0,0.0
family_ablation,qwen3.5:4b,all_crops,state_101,Waterproof_Male,0.999,1,0,0,0.0,0.0,10,0,0,0.0,0.0,1,0,0,0.0,0.0
family_ablation,qwen3.5:4b,all_crops,state_101,Waterproof_Male,0.9999,1,0,0,0.0,0.0,10,0,0,0.0,0.0,1,0,0,0.0,0.0
family_ablation,qwen3.5:4b,all_crops,state_101,Waterproof_Male,0.99999,1,0,0,0.0,0.0,10,0,0,0.0,0.0,1,0,0,0.0,0.0
family_ablation,qwen3.5:4b,all_crops,state_101,Waterproof_Male,0.999999,1,0,0,0.0,0.0,10,0,0,0.0,0.0,1,0,0,0.0,0.0
family_ablation,qwen3.5:4b,all_crops,state_101,USB_Male,0.4,1,1,1,1.0,1.0,10,0,0,0.0,0.0,1,1,1,1.0,1.0
family_ablation,qwen3.5:4b,all_crops,state_101,USB_Male,0.5,1,1,1,1.0,1.0,10,0,0,0.0,0.0,1,1,1,1.0,1.0
family_ablation,qwen3.5:4b,all_crops,state_101,USB_Male,0.6,1,1,1,1.0,1.0,10,0,0,0.0,0.0,1,1,1,1.0,1.0
family_ablation,qwen3.5:4b,all_crops,state_101,USB_Male,0.65,1,1,1,1.0,1.0,10,0,0,0.0,0.0,1,1,1,1.0,1.0
family_ablation,qwen3.5:4b,all_crops,state_101,USB_Male,0.7,1,1,1,1.0,1.0,10,0,0,0.0,0.0,1,1,1,1.0,1.0
family_ablation,qwen3.5:4b,all_crops,state_101,USB_Male,0.8,1,1,1,1.0,1.0,10,0,0,0.0,0.0,1,1,1,1.0,1.0
family_ablation,qwen3.5:4b,all_crops,state_101,USB_Male,0.9,1,0,0,0.0,0.0,10,0,0,0.0,0.0,1,0,0,0.0,0.0
family_ablation,qwen3.5:4b,all_crops,state_101,USB_Male,0.95,1,0,0,0.0,0.0,10,0,0,0.0,0.0,1,0,0,0.0,0.0
family_ablation,qwen3.5:4b,all_crops,state_101,USB_Male,0.97,1,0,0,0.0,0.0,10,0,0,0.0,0.0,1,0,0,0.0,0.0
family_ablation,qwen3.5:4b,all_crops,state_101,USB_Male,0.98,1,0,0,0.0,0.0,10,0,0,0.0,0.0,1,0,0,0.0,0.0
family_ablation,qwen3.5:4b,all_crops,state_101,USB_Male,0.99,1,0,0,0.0,0.0,10,0,0,0.0,0.0,1,0,0,0.0,0.0
family_ablation,qwen3.5:4b,all_crops,state_101,USB_Male,0.995,1,0,0,0.0,0.0,10,0,0,0.0,0.0,1,0,0,0.0,0.0
family_ablation,qwen3.5:4b,all_crops,state_101,USB_Male,0.999,1,0,0,0.0,0.0,10,0,0,0.0,0.0,1,0,0,0.0,0.0
family_ablation,qwen3.5:4b,all_crops,state_101,USB_Male,0.9999,1,0,0,0.0,0.0,10,0,0,0.0,0.0,1,0,0,0.0,0.0
family_ablation,qwen3.5:4b,all_crops,state_101,USB_Male,0.99999,1,0,0,0.0,0.0,10,0,0,0.0,0.0,1,0,0,0.0,0.0
family_ablation,qwen3.5:4b,all_crops,state_101,USB_Male,0.999999,1,0,0,0.0,0.0,10,0,0,0.0,0.0,1,0,0,0.0,0.0
family_ablation,qwen3.5:4b,all_crops,state_101,DSUB_Male,0.4,1,1,1,1.0,1.0,10,2,2,0.2,0.2,1,1,1,1.0,1.0
family_ablation,qwen3.5:4b,all_crops,state_101,DSUB_Male,0.5,1,1,1,1.0,1.0,10,1,1,0.1,0.1,1,1,1,1.0,1.0
family_ablation,qwen3.5:4b,all_crops,state_101,DSUB_Male,0.6,1,1,1,1.0,1.0,10,1,1,0.1,0.1,1,1,1,1.0,1.0
family_ablation,qwen3.5:4b,all_crops,state_101,DSUB_Male,0.65,1,1,1,1.0,1.0,10,1,1,0.1,0.1,1,1,1,1.0,1.0
family_ablation,qwen3.5:4b,all_crops,state_101,DSUB_Male,0.7,1,1,1,1.0,1.0,10,1,1,0.1,0.1,1,1,1,1.0,1.0
family_ablation,qwen3.5:4b,all_crops,state_101,DSUB_Male,0.8,1,1,1,1.0,1.0,10,0,0,0.0,0.0,1,1,1,1.0,1.0
family_ablation,qwen3.5:4b,all_crops,state_101,DSUB_Male,0.9,1,0,0,0.0,0.0,10,0,0,0.0,0.0,1,0,0,0.0,0.0
family_ablation,qwen3.5:4b,all_crops,state_101,DSUB_Male,0.95,1,0,0,0.0,0.0,10,0,0,0.0,0.0,1,0,0,0.0,0.0
family_ablation,qwen3.5:4b,all_crops,state_101,DSUB_Male,0.97,1,0,0,0.0,0.0,10,0,0,0.0,0.0,1,0,0,0.0,0.0
family_ablation,qwen3.5:4b,all_crops,state_101,DSUB_Male,0.98,1,0,0,0.0,0.0,10,0,0,0.0,0.0,1,0,0,0.0,0.0
family_ablation,qwen3.5:4b,all_crops,state_101,DSUB_Male,0.99,1,0,0,0.0,0.0,10,0,0,0.0,0.0,1,0,0,0.0,0.0
family_ablation,qwen3.5:4b,all_crops,state_101,DSUB_Male,0.995,1,0,0,0.0,0.0,10,0,0,0.0,0.0,1,0,0,0.0,0.0
family_ablation,qwen3.5:4b,all_crops,state_101,DSUB_Male,0.999,1,0,0,0.0,0.0,10,0,0,0.0,0.0,1,0,0,0.0,0.0
family_ablation,qwen3.5:4b,all_crops,state_101,DSUB_Male,0.9999,1,0,0,0.0,0.0,10,0,0,0.0,0.0,1,0,0,0.0,0.0
family_ablation,qwen3.5:4b,all_crops,state_101,DSUB_Male,0.99999,1,0,0,0.0,0.0,10,0,0,0.0,0.0,1,0,0,0.0,0.0
family_ablation,qwen3.5:4b,all_crops,state_101,DSUB_Male,0.999999,1,0,0,0.0,0.0,10,0,0,0.0,0.0,1,0,0,0.0,0.0
family_ablation,qwen3.5:4b,all_crops,state_202,gear,0.4,9,9,9,1.0,1.0,24,3,3,0.125,0.125,3,3,3,1.0,1.0
family_ablation,qwen3.5:4b,all_crops,state_202,gear,0.5,9,9,9,1.0,1.0,24,3,3,0.125,0.125,3,3,3,1.0,1.0
family_ablation,qwen3.5:4b,all_crops,state_202,gear,0.6,9,9,9,1.0,1.0,24,3,3,0.125,0.125,3,3,3,1.0,1.0
family_ablation,qwen3.5:4b,all_crops,state_202,gear,0.65,9,9,9,1.0,1.0,24,3,3,0.125,0.125,3,3,3,1.0,1.0
family_ablation,qwen3.5:4b,all_crops,state_202,gear,0.7,9,9,9,1.0,1.0,24,0,0,0.0,0.0,3,3,3,1.0,1.0
family_ablation,qwen3.5:4b,all_crops,state_202,gear,0.8,9,6,6,0.6666666666666666,0.6666666666666666,24,0,0,0.0,0.0,3,2,2,0.6666666666666666,0.6666666666666666
family_ablation,qwen3.5:4b,all_crops,state_202,gear,0.9,9,3,3,0.3333333333333333,0.3333333333333333,24,0,0,0.0,0.0,3,1,1,0.3333333333333333,0.3333333333333333
family_ablation,qwen3.5:4b,all_crops,state_202,gear,0.95,9,0,0,0.0,0.0,24,0,0,0.0,0.0,3,0,0,0.0,0.0
family_ablation,qwen3.5:4b,all_crops,state_202,gear,0.97,9,0,0,0.0,0.0,24,0,0,0.0,0.0,3,0,0,0.0,0.0
family_ablation,qwen3.5:4b,all_crops,state_202,gear,0.98,9,0,0,0.0,0.0,24,0,0,0.0,0.0,3,0,0,0.0,0.0
family_ablation,qwen3.5:4b,all_crops,state_202,gear,0.99,9,0,0,0.0,0.0,24,0,0,0.0,0.0,3,0,0,0.0,0.0
family_ablation,qwen3.5:4b,all_crops,state_202,gear,0.995,9,0,0,0.0,0.0,24,0,0,0.0,0.0,3,0,0,0.0,0.0
family_ablation,qwen3.5:4b,all_crops,state_202,gear,0.999,9,0,0,0.0,0.0,24,0,0,0.0,0.0,3,0,0,0.0,0.0
family_ablation,qwen3.5:4b,all_crops,state_202,gear,0.9999,9,0,0,0.0,0.0,24,0,0,0.0,0.0,3,0,0,0.0,0.0
family_ablation,qwen3.5:4b,all_crops,state_202,gear,0.99999,9,0,0,0.0,0.0,24,0,0,0.0,0.0,3,0,0,0.0,0.0
family_ablation,qwen3.5:4b,all_crops,state_202,gear,0.999999,9,0,0,0.0,0.0,24,0,0,0.0,0.0,3,0,0,0.0,0.0
family_ablation,qwen3.5:4b,all_crops,state_202,hex_nut,0.4,4,4,4,1.0,1.0,18,0,0,0.0,0.0,2,2,2,1.0,1.0
family_ablation,qwen3.5:4b,all_crops,state_202,hex_nut,0.5,4,4,4,1.0,1.0,18,0,0,0.0,0.0,2,2,2,1.0,1.0
family_ablation,qwen3.5:4b,all_crops,state_202,hex_nut,0.6,4,4,4,1.0,1.0,18,0,0,0.0,0.0,2,2,2,1.0,1.0
family_ablation,qwen3.5:4b,all_crops,state_202,hex_nut,0.65,4,4,4,1.0,1.0,18,0,0,0.0,0.0,2,2,2,1.0,1.0
family_ablation,qwen3.5:4b,all_crops,state_202,hex_nut,0.7,4,4,4,1.0,1.0,18,0,0,0.0,0.0,2,2,2,1.0,1.0
family_ablation,qwen3.5:4b,all_crops,state_202,hex_nut,0.8,4,2,2,0.5,0.5,18,0,0,0.0,0.0,2,1,1,0.5,0.5
family_ablation,qwen3.5:4b,all_crops,state_202,hex_nut,0.9,4,0,0,0.0,0.0,18,0,0,0.0,0.0,2,0,0,0.0,0.0
family_ablation,qwen3.5:4b,all_crops,state_202,hex_nut,0.95,4,0,0,0.0,0.0,18,0,0,0.0,0.0,2,0,0,0.0,0.0
family_ablation,qwen3.5:4b,all_crops,state_202,hex_nut,0.97,4,0,0,0.0,0.0,18,0,0,0.0,0.0,2,0,0,0.0,0.0
family_ablation,qwen3.5:4b,all_crops,state_202,hex_nut,0.98,4,0,0,0.0,0.0,18,0,0,0.0,0.0,2,0,0,0.0,0.0
family_ablation,qwen3.5:4b,all_crops,state_202,hex_nut,0.99,4,0,0,0.0,0.0,18,0,0,0.0,0.0,2,0,0,0.0,0.0
family_ablation,qwen3.5:4b,all_crops,state_202,hex_nut,0.995,4,0,0,0.0,0.0,18,0,0,0.0,0.0,2,0,0,0.0,0.0
family_ablation,qwen3.5:4b,all_crops,state_202,hex_nut,0.999,4,0,0,0.0,0.0,18,0,0,0.0,0.0,2,0,0,0.0,0.0
family_ablation,qwen3.5:4b,all_crops,state_202,hex_nut,0.9999,4,0,0,0.0,0.0,18,0,0,0.0,0.0,2,0,0,0.0,0.0
family_ablation,qwen3.5:4b,all_crops,state_202,hex_nut,0.99999,4,0,0,0.0,0.0,18,0,0,0.0,0.0,2,0,0,0.0,0.0
family_ablation,qwen3.5:4b,all_crops,state_202,hex_nut,0.999999,4,0,0,0.0,0.0,18,0,0,0.0,0.0,2,0,0,0.0,0.0
family_ablation,qwen3.5:4b,all_crops,state_202,round_pin,0.4,9,9,9,1.0,1.0,24,0,0,0.0,0.0,3,3,3,1.0,1.0
family_ablation,qwen3.5:4b,all_crops,state_202,round_pin,0.5,9,9,9,1.0,1.0,24,0,0,0.0,0.0,3,3,3,1.0,1.0
family_ablation,qwen3.5:4b,all_crops,state_202,round_pin,0.6,9,9,9,1.0,1.0,24,0,0,0.0,0.0,3,3,3,1.0,1.0
family_ablation,qwen3.5:4b,all_crops,state_202,round_pin,0.65,9,9,9,1.0,1.0,24,0,0,0.0,0.0,3,3,3,1.0,1.0
family_ablation,qwen3.5:4b,all_crops,state_202,round_pin,0.7,9,9,9,1.0,1.0,24,0,0,0.0,0.0,3,3,3,1.0,1.0
family_ablation,qwen3.5:4b,all_crops,state_202,round_pin,0.8,9,9,9,1.0,1.0,24,0,0,0.0,0.0,3,3,3,1.0,1.0
family_ablation,qwen3.5:4b,all_crops,state_202,round_pin,0.9,9,6,6,0.6666666666666666,0.6666666666666666,24,0,0,0.0,0.0,3,2,2,0.6666666666666666,0.6666666666666666
family_ablation,qwen3.5:4b,all_crops,state_202,round_pin,0.95,9,0,0,0.0,0.0,24,0,0,0.0,0.0,3,0,0,0.0,0.0
family_ablation,qwen3.5:4b,all_crops,state_202,round_pin,0.97,9,0,0,0.0,0.0,24,0,0,0.0,0.0,3,0,0,0.0,0.0
family_ablation,qwen3.5:4b,all_crops,state_202,round_pin,0.98,9,0,0,0.0,0.0,24,0,0,0.0,0.0,3,0,0,0.0,0.0
family_ablation,qwen3.5:4b,all_crops,state_202,round_pin,0.99,9,0,0,0.0,0.0,24,0,0,0.0,0.0,3,0,0,0.0,0.0
family_ablation,qwen3.5:4b,all_crops,state_202,round_pin,0.995,9,0,0,0.0,0.0,24,0,0,0.0,0.0,3,0,0,0.0,0.0
family_ablation,qwen3.5:4b,all_crops,state_202,round_pin,0.999,9,0,0,0.0,0.0,24,0,0,0.0,0.0,3,0,0,0.0,0.0
family_ablation,qwen3.5:4b,all_crops,state_202,round_pin,0.9999,9,0,0,0.0,0.0,24,0,0,0.0,0.0,3,0,0,0.0,0.0
family_ablation,qwen3.5:4b,all_crops,state_202,round_pin,0.99999,9,0,0,0.0,0.0,24,0,0,0.0,0.0,3,0,0,0.0,0.0
family_ablation,qwen3.5:4b,all_crops,state_202,round_pin,0.999999,9,0,0,0.0,0.0,24,0,0,0.0,0.0,3,0,0,0.0,0.0
family_ablation,qwen3.5:4b,all_crops,state_202,Waterproof_Male,0.4,1,1,1,1.0,1.0,10,3,3,0.3,0.3,1,1,1,1.0,1.0
family_ablation,qwen3.5:4b,all_crops,state_202,Waterproof_Male,0.5,1,1,1,1.0,1.0,10,2,2,0.2,0.2,1,1,1,1.0,1.0
family_ablation,qwen3.5:4b,all_crops,state_202,Waterproof_Male,0.6,1,1,1,1.0,1.0,10,2,2,0.2,0.2,1,1,1,1.0,1.0
family_ablation,qwen3.5:4b,all_crops,state_202,Waterproof_Male,0.65,1,1,1,1.0,1.0,10,2,2,0.2,0.2,1,1,1,1.0,1.0
family_ablation,qwen3.5:4b,all_crops,state_202,Waterproof_Male,0.7,1,1,1,1.0,1.0,10,2,2,0.2,0.2,1,1,1,1.0,1.0
family_ablation,qwen3.5:4b,all_crops,state_202,Waterproof_Male,0.8,1,1,1,1.0,1.0,10,1,1,0.1,0.1,1,1,1,1.0,1.0
family_ablation,qwen3.5:4b,all_crops,state_202,Waterproof_Male,0.9,1,0,0,0.0,0.0,10,0,0,0.0,0.0,1,0,0,0.0,0.0
family_ablation,qwen3.5:4b,all_crops,state_202,Waterproof_Male,0.95,1,0,0,0.0,0.0,10,0,0,0.0,0.0,1,0,0,0.0,0.0
family_ablation,qwen3.5:4b,all_crops,state_202,Waterproof_Male,0.97,1,0,0,0.0,0.0,10,0,0,0.0,0.0,1,0,0,0.0,0.0
family_ablation,qwen3.5:4b,all_crops,state_202,Waterproof_Male,0.98,1,0,0,0.0,0.0,10,0,0,0.0,0.0,1,0,0,0.0,0.0
family_ablation,qwen3.5:4b,all_crops,state_202,Waterproof_Male,0.99,1,0,0,0.0,0.0,10,0,0,0.0,0.0,1,0,0,0.0,0.0
family_ablation,qwen3.5:4b,all_crops,state_202,Waterproof_Male,0.995,1,0,0,0.0,0.0,10,0,0,0.0,0.0,1,0,0,0.0,0.0
family_ablation,qwen3.5:4b,all_crops,state_202,Waterproof_Male,0.999,1,0,0,0.0,0.0,10,0,0,0.0,0.0,1,0,0,0.0,0.0
family_ablation,qwen3.5:4b,all_crops,state_202,Waterproof_Male,0.9999,1,0,0,0.0,0.0,10,0,0,0.0,0.0,1,0,0,0.0,0.0
family_ablation,qwen3.5:4b,all_crops,state_202,Waterproof_Male,0.99999,1,0,0,0.0,0.0,10,0,0,0.0,0.0,1,0,0,0.0,0.0
family_ablation,qwen3.5:4b,all_crops,state_202,Waterproof_Male,0.999999,1,0,0,0.0,0.0,10,0,0,0.0,0.0,1,0,0,0.0,0.0
family_ablation,qwen3.5:4b,all_crops,state_202,USB_Male,0.4,1,1,1,1.0,1.0,10,0,0,0.0,0.0,1,1,1,1.0,1.0
family_ablation,qwen3.5:4b,all_crops,state_202,USB_Male,0.5,1,1,1,1.0,1.0,10,0,0,0.0,0.0,1,1,1,1.0,1.0
family_ablation,qwen3.5:4b,all_crops,state_202,USB_Male,0.6,1,1,1,1.0,1.0,10,0,0,0.0,0.0,1,1,1,1.0,1.0
family_ablation,qwen3.5:4b,all_crops,state_202,USB_Male,0.65,1,1,1,1.0,1.0,10,0,0,0.0,0.0,1,1,1,1.0,1.0
family_ablation,qwen3.5:4b,all_crops,state_202,USB_Male,0.7,1,1,1,1.0,1.0,10,0,0,0.0,0.0,1,1,1,1.0,1.0
family_ablation,qwen3.5:4b,all_crops,state_202,USB_Male,0.8,1,1,1,1.0,1.0,10,0,0,0.0,0.0,1,1,1,1.0,1.0
family_ablation,qwen3.5:4b,all_crops,state_202,USB_Male,0.9,1,1,1,1.0,1.0,10,0,0,0.0,0.0,1,1,1,1.0,1.0
family_ablation,qwen3.5:4b,all_crops,state_202,USB_Male,0.95,1,0,0,0.0,0.0,10,0,0,0.0,0.0,1,0,0,0.0,0.0
family_ablation,qwen3.5:4b,all_crops,state_202,USB_Male,0.97,1,0,0,0.0,0.0,10,0,0,0.0,0.0,1,0,0,0.0,0.0
family_ablation,qwen3.5:4b,all_crops,state_202,USB_Male,0.98,1,0,0,0.0,0.0,10,0,0,0.0,0.0,1,0,0,0.0,0.0
family_ablation,qwen3.5:4b,all_crops,state_202,USB_Male,0.99,1,0,0,0.0,0.0,10,0,0,0.0,0.0,1,0,0,0.0,0.0
family_ablation,qwen3.5:4b,all_crops,state_202,USB_Male,0.995,1,0,0,0.0,0.0,10,0,0,0.0,0.0,1,0,0,0.0,0.0
family_ablation,qwen3.5:4b,all_crops,state_202,USB_Male,0.999,1,0,0,0.0,0.0,10,0,0,0.0,0.0,1,0,0,0.0,0.0
family_ablation,qwen3.5:4b,all_crops,state_202,USB_Male,0.9999,1,0,0,0.0,0.0,10,0,0,0.0,0.0,1,0,0,0.0,0.0
family_ablation,qwen3.5:4b,all_crops,state_202,USB_Male,0.99999,1,0,0,0.0,0.0,10,0,0,0.0,0.0,1,0,0,0.0,0.0
family_ablation,qwen3.5:4b,all_crops,state_202,USB_Male,0.999999,1,0,0,0.0,0.0,10,0,0,0.0,0.0,1,0,0,0.0,0.0
family_ablation,qwen3.5:4b,all_crops,state_202,DSUB_Male,0.4,1,1,1,1.0,1.0,10,2,2,0.2,0.2,1,1,1,1.0,1.0
family_ablation,qwen3.5:4b,all_crops,state_202,DSUB_Male,0.5,1,1,1,1.0,1.0,10,2,2,0.2,0.2,1,1,1,1.0,1.0
family_ablation,qwen3.5:4b,all_crops,state_202,DSUB_Male,0.6,1,1,1,1.0,1.0,10,1,1,0.1,0.1,1,1,1,1.0,1.0
family_ablation,qwen3.5:4b,all_crops,state_202,DSUB_Male,0.65,1,1,1,1.0,1.0,10,1,1,0.1,0.1,1,1,1,1.0,1.0
family_ablation,qwen3.5:4b,all_crops,state_202,DSUB_Male,0.7,1,1,1,1.0,1.0,10,1,1,0.1,0.1,1,1,1,1.0,1.0
family_ablation,qwen3.5:4b,all_crops,state_202,DSUB_Male,0.8,1,1,1,1.0,1.0,10,0,0,0.0,0.0,1,1,1,1.0,1.0
family_ablation,qwen3.5:4b,all_crops,state_202,DSUB_Male,0.9,1,0,0,0.0,0.0,10,0,0,0.0,0.0,1,0,0,0.0,0.0
family_ablation,qwen3.5:4b,all_crops,state_202,DSUB_Male,0.95,1,0,0,0.0,0.0,10,0,0,0.0,0.0,1,0,0,0.0,0.0
family_ablation,qwen3.5:4b,all_crops,state_202,DSUB_Male,0.97,1,0,0,0.0,0.0,10,0,0,0.0,0.0,1,0,0,0.0,0.0
family_ablation,qwen3.5:4b,all_crops,state_202,DSUB_Male,0.98,1,0,0,0.0,0.0,10,0,0,0.0,0.0,1,0,0,0.0,0.0
family_ablation,qwen3.5:4b,all_crops,state_202,DSUB_Male,0.99,1,0,0,0.0,0.0,10,0,0,0.0,0.0,1,0,0,0.0,0.0
family_ablation,qwen3.5:4b,all_crops,state_202,DSUB_Male,0.995,1,0,0,0.0,0.0,10,0,0,0.0,0.0,1,0,0,0.0,0.0
family_ablation,qwen3.5:4b,all_crops,state_202,DSUB_Male,0.999,1,0,0,0.0,0.0,10,0,0,0.0,0.0,1,0,0,0.0,0.0
family_ablation,qwen3.5:4b,all_crops,state_202,DSUB_Male,0.9999,1,0,0,0.0,0.0,10,0,0,0.0,0.0,1,0,0,0.0,0.0
family_ablation,qwen3.5:4b,all_crops,state_202,DSUB_Male,0.99999,1,0,0,0.0,0.0,10,0,0,0.0,0.0,1,0,0,0.0,0.0
family_ablation,qwen3.5:4b,all_crops,state_202,DSUB_Male,0.999999,1,0,0,0.0,0.0,10,0,0,0.0,0.0,1,0,0,0.0,0.0
family_ablation,qwen3.5:4b,all_crops,state_303,gear,0.4,9,9,9,1.0,1.0,24,6,6,0.25,0.25,3,3,3,1.0,1.0
family_ablation,qwen3.5:4b,all_crops,state_303,gear,0.5,9,9,9,1.0,1.0,24,6,6,0.25,0.25,3,3,3,1.0,1.0
family_ablation,qwen3.5:4b,all_crops,state_303,gear,0.6,9,9,9,1.0,1.0,24,6,6,0.25,0.25,3,3,3,1.0,1.0
family_ablation,qwen3.5:4b,all_crops,state_303,gear,0.65,9,9,9,1.0,1.0,24,6,6,0.25,0.25,3,3,3,1.0,1.0
family_ablation,qwen3.5:4b,all_crops,state_303,gear,0.7,9,9,9,1.0,1.0,24,3,3,0.125,0.125,3,3,3,1.0,1.0
family_ablation,qwen3.5:4b,all_crops,state_303,gear,0.8,9,9,9,1.0,1.0,24,0,0,0.0,0.0,3,3,3,1.0,1.0
family_ablation,qwen3.5:4b,all_crops,state_303,gear,0.9,9,9,9,1.0,1.0,24,0,0,0.0,0.0,3,3,3,1.0,1.0
family_ablation,qwen3.5:4b,all_crops,state_303,gear,0.95,9,0,0,0.0,0.0,24,0,0,0.0,0.0,3,0,0,0.0,0.0
family_ablation,qwen3.5:4b,all_crops,state_303,gear,0.97,9,0,0,0.0,0.0,24,0,0,0.0,0.0,3,0,0,0.0,0.0
family_ablation,qwen3.5:4b,all_crops,state_303,gear,0.98,9,0,0,0.0,0.0,24,0,0,0.0,0.0,3,0,0,0.0,0.0
family_ablation,qwen3.5:4b,all_crops,state_303,gear,0.99,9,0,0,0.0,0.0,24,0,0,0.0,0.0,3,0,0,0.0,0.0
family_ablation,qwen3.5:4b,all_crops,state_303,gear,0.995,9,0,0,0.0,0.0,24,0,0,0.0,0.0,3,0,0,0.0,0.0
family_ablation,qwen3.5:4b,all_crops,state_303,gear,0.999,9,0,0,0.0,0.0,24,0,0,0.0,0.0,3,0,0,0.0,0.0
family_ablation,qwen3.5:4b,all_crops,state_303,gear,0.9999,9,0,0,0.0,0.0,24,0,0,0.0,0.0,3,0,0,0.0,0.0
family_ablation,qwen3.5:4b,all_crops,state_303,gear,0.99999,9,0,0,0.0,0.0,24,0,0,0.0,0.0,3,0,0,0.0,0.0
family_ablation,qwen3.5:4b,all_crops,state_303,gear,0.999999,9,0,0,0.0,0.0,24,0,0,0.0,0.0,3,0,0,0.0,0.0
family_ablation,qwen3.5:4b,all_crops,state_303,hex_nut,0.4,4,4,4,1.0,1.0,18,0,0,0.0,0.0,2,2,2,1.0,1.0
family_ablation,qwen3.5:4b,all_crops,state_303,hex_nut,0.5,4,0,0,0.0,0.0,18,0,0,0.0,0.0,2,0,0,0.0,0.0
family_ablation,qwen3.5:4b,all_crops,state_303,hex_nut,0.6,4,0,0,0.0,0.0,18,0,0,0.0,0.0,2,0,0,0.0,0.0
family_ablation,qwen3.5:4b,all_crops,state_303,hex_nut,0.65,4,0,0,0.0,0.0,18,0,0,0.0,0.0,2,0,0,0.0,0.0
family_ablation,qwen3.5:4b,all_crops,state_303,hex_nut,0.7,4,0,0,0.0,0.0,18,0,0,0.0,0.0,2,0,0,0.0,0.0
family_ablation,qwen3.5:4b,all_crops,state_303,hex_nut,0.8,4,0,0,0.0,0.0,18,0,0,0.0,0.0,2,0,0,0.0,0.0
family_ablation,qwen3.5:4b,all_crops,state_303,hex_nut,0.9,4,0,0,0.0,0.0,18,0,0,0.0,0.0,2,0,0,0.0,0.0
family_ablation,qwen3.5:4b,all_crops,state_303,hex_nut,0.95,4,0,0,0.0,0.0,18,0,0,0.0,0.0,2,0,0,0.0,0.0
family_ablation,qwen3.5:4b,all_crops,state_303,hex_nut,0.97,4,0,0,0.0,0.0,18,0,0,0.0,0.0,2,0,0,0.0,0.0
family_ablation,qwen3.5:4b,all_crops,state_303,hex_nut,0.98,4,0,0,0.0,0.0,18,0,0,0.0,0.0,2,0,0,0.0,0.0
family_ablation,qwen3.5:4b,all_crops,state_303,hex_nut,0.99,4,0,0,0.0,0.0,18,0,0,0.0,0.0,2,0,0,0.0,0.0
family_ablation,qwen3.5:4b,all_crops,state_303,hex_nut,0.995,4,0,0,0.0,0.0,18,0,0,0.0,0.0,2,0,0,0.0,0.0
family_ablation,qwen3.5:4b,all_crops,state_303,hex_nut,0.999,4,0,0,0.0,0.0,18,0,0,0.0,0.0,2,0,0,0.0,0.0
family_ablation,qwen3.5:4b,all_crops,state_303,hex_nut,0.9999,4,0,0,0.0,0.0,18,0,0,0.0,0.0,2,0,0,0.0,0.0
family_ablation,qwen3.5:4b,all_crops,state_303,hex_nut,0.99999,4,0,0,0.0,0.0,18,0,0,0.0,0.0,2,0,0,0.0,0.0
family_ablation,qwen3.5:4b,all_crops,state_303,hex_nut,0.999999,4,0,0,0.0,0.0,18,0,0,0.0,0.0,2,0,0,0.0,0.0
family_ablation,qwen3.5:4b,all_crops,state_303,round_pin,0.4,9,9,9,1.0,1.0,24,0,0,0.0,0.0,3,3,3,1.0,1.0
family_ablation,qwen3.5:4b,all_crops,state_303,round_pin,0.5,9,9,9,1.0,1.0,24,0,0,0.0,0.0,3,3,3,1.0,1.0
family_ablation,qwen3.5:4b,all_crops,state_303,round_pin,0.6,9,9,9,1.0,1.0,24,0,0,0.0,0.0,3,3,3,1.0,1.0
family_ablation,qwen3.5:4b,all_crops,state_303,round_pin,0.65,9,9,9,1.0,1.0,24,0,0,0.0,0.0,3,3,3,1.0,1.0
family_ablation,qwen3.5:4b,all_crops,state_303,round_pin,0.7,9,9,9,1.0,1.0,24,0,0,0.0,0.0,3,3,3,1.0,1.0
family_ablation,qwen3.5:4b,all_crops,state_303,round_pin,0.8,9,9,9,1.0,1.0,24,0,0,0.0,0.0,3,3,3,1.0,1.0
family_ablation,qwen3.5:4b,all_crops,state_303,round_pin,0.9,9,6,6,0.6666666666666666,0.6666666666666666,24,0,0,0.0,0.0,3,2,2,0.6666666666666666,0.6666666666666666
family_ablation,qwen3.5:4b,all_crops,state_303,round_pin,0.95,9,0,0,0.0,0.0,24,0,0,0.0,0.0,3,0,0,0.0,0.0
family_ablation,qwen3.5:4b,all_crops,state_303,round_pin,0.97,9,0,0,0.0,0.0,24,0,0,0.0,0.0,3,0,0,0.0,0.0
family_ablation,qwen3.5:4b,all_crops,state_303,round_pin,0.98,9,0,0,0.0,0.0,24,0,0,0.0,0.0,3,0,0,0.0,0.0
family_ablation,qwen3.5:4b,all_crops,state_303,round_pin,0.99,9,0,0,0.0,0.0,24,0,0,0.0,0.0,3,0,0,0.0,0.0
family_ablation,qwen3.5:4b,all_crops,state_303,round_pin,0.995,9,0,0,0.0,0.0,24,0,0,0.0,0.0,3,0,0,0.0,0.0
family_ablation,qwen3.5:4b,all_crops,state_303,round_pin,0.999,9,0,0,0.0,0.0,24,0,0,0.0,0.0,3,0,0,0.0,0.0
family_ablation,qwen3.5:4b,all_crops,state_303,round_pin,0.9999,9,0,0,0.0,0.0,24,0,0,0.0,0.0,3,0,0,0.0,0.0
family_ablation,qwen3.5:4b,all_crops,state_303,round_pin,0.99999,9,0,0,0.0,0.0,24,0,0,0.0,0.0,3,0,0,0.0,0.0
family_ablation,qwen3.5:4b,all_crops,state_303,round_pin,0.999999,9,0,0,0.0,0.0,24,0,0,0.0,0.0,3,0,0,0.0,0.0
family_ablation,qwen3.5:4b,all_crops,state_303,Waterproof_Male,0.4,1,1,1,1.0,1.0,10,4,4,0.4,0.4,1,1,1,1.0,1.0
family_ablation,qwen3.5:4b,all_crops,state_303,Waterproof_Male,0.5,1,1,1,1.0,1.0,10,2,2,0.2,0.2,1,1,1,1.0,1.0
family_ablation,qwen3.5:4b,all_crops,state_303,Waterproof_Male,0.6,1,1,1,1.0,1.0,10,2,2,0.2,0.2,1,1,1,1.0,1.0
family_ablation,qwen3.5:4b,all_crops,state_303,Waterproof_Male,0.65,1,1,1,1.0,1.0,10,2,2,0.2,0.2,1,1,1,1.0,1.0
family_ablation,qwen3.5:4b,all_crops,state_303,Waterproof_Male,0.7,1,1,1,1.0,1.0,10,1,1,0.1,0.1,1,1,1,1.0,1.0
family_ablation,qwen3.5:4b,all_crops,state_303,Waterproof_Male,0.8,1,0,0,0.0,0.0,10,1,1,0.1,0.1,1,0,0,0.0,0.0
family_ablation,qwen3.5:4b,all_crops,state_303,Waterproof_Male,0.9,1,0,0,0.0,0.0,10,0,0,0.0,0.0,1,0,0,0.0,0.0
family_ablation,qwen3.5:4b,all_crops,state_303,Waterproof_Male,0.95,1,0,0,0.0,0.0,10,0,0,0.0,0.0,1,0,0,0.0,0.0
family_ablation,qwen3.5:4b,all_crops,state_303,Waterproof_Male,0.97,1,0,0,0.0,0.0,10,0,0,0.0,0.0,1,0,0,0.0,0.0
family_ablation,qwen3.5:4b,all_crops,state_303,Waterproof_Male,0.98,1,0,0,0.0,0.0,10,0,0,0.0,0.0,1,0,0,0.0,0.0
family_ablation,qwen3.5:4b,all_crops,state_303,Waterproof_Male,0.99,1,0,0,0.0,0.0,10,0,0,0.0,0.0,1,0,0,0.0,0.0
family_ablation,qwen3.5:4b,all_crops,state_303,Waterproof_Male,0.995,1,0,0,0.0,0.0,10,0,0,0.0,0.0,1,0,0,0.0,0.0
family_ablation,qwen3.5:4b,all_crops,state_303,Waterproof_Male,0.999,1,0,0,0.0,0.0,10,0,0,0.0,0.0,1,0,0,0.0,0.0
family_ablation,qwen3.5:4b,all_crops,state_303,Waterproof_Male,0.9999,1,0,0,0.0,0.0,10,0,0,0.0,0.0,1,0,0,0.0,0.0
family_ablation,qwen3.5:4b,all_crops,state_303,Waterproof_Male,0.99999,1,0,0,0.0,0.0,10,0,0,0.0,0.0,1,0,0,0.0,0.0
family_ablation,qwen3.5:4b,all_crops,state_303,Waterproof_Male,0.999999,1,0,0,0.0,0.0,10,0,0,0.0,0.0,1,0,0,0.0,0.0
family_ablation,qwen3.5:4b,all_crops,state_303,USB_Male,0.4,1,1,1,1.0,1.0,10,0,0,0.0,0.0,1,1,1,1.0,1.0
family_ablation,qwen3.5:4b,all_crops,state_303,USB_Male,0.5,1,1,1,1.0,1.0,10,0,0,0.0,0.0,1,1,1,1.0,1.0
family_ablation,qwen3.5:4b,all_crops,state_303,USB_Male,0.6,1,1,1,1.0,1.0,10,0,0,0.0,0.0,1,1,1,1.0,1.0
family_ablation,qwen3.5:4b,all_crops,state_303,USB_Male,0.65,1,1,1,1.0,1.0,10,0,0,0.0,0.0,1,1,1,1.0,1.0
family_ablation,qwen3.5:4b,all_crops,state_303,USB_Male,0.7,1,1,1,1.0,1.0,10,0,0,0.0,0.0,1,1,1,1.0,1.0
family_ablation,qwen3.5:4b,all_crops,state_303,USB_Male,0.8,1,1,1,1.0,1.0,10,0,0,0.0,0.0,1,1,1,1.0,1.0
family_ablation,qwen3.5:4b,all_crops,state_303,USB_Male,0.9,1,0,0,0.0,0.0,10,0,0,0.0,0.0,1,0,0,0.0,0.0
family_ablation,qwen3.5:4b,all_crops,state_303,USB_Male,0.95,1,0,0,0.0,0.0,10,0,0,0.0,0.0,1,0,0,0.0,0.0
family_ablation,qwen3.5:4b,all_crops,state_303,USB_Male,0.97,1,0,0,0.0,0.0,10,0,0,0.0,0.0,1,0,0,0.0,0.0
family_ablation,qwen3.5:4b,all_crops,state_303,USB_Male,0.98,1,0,0,0.0,0.0,10,0,0,0.0,0.0,1,0,0,0.0,0.0
family_ablation,qwen3.5:4b,all_crops,state_303,USB_Male,0.99,1,0,0,0.0,0.0,10,0,0,0.0,0.0,1,0,0,0.0,0.0
family_ablation,qwen3.5:4b,all_crops,state_303,USB_Male,0.995,1,0,0,0.0,0.0,10,0,0,0.0,0.0,1,0,0,0.0,0.0
family_ablation,qwen3.5:4b,all_crops,state_303,USB_Male,0.999,1,0,0,0.0,0.0,10,0,0,0.0,0.0,1,0,0,0.0,0.0
family_ablation,qwen3.5:4b,all_crops,state_303,USB_Male,0.9999,1,0,0,0.0,0.0,10,0,0,0.0,0.0,1,0,0,0.0,0.0
family_ablation,qwen3.5:4b,all_crops,state_303,USB_Male,0.99999,1,0,0,0.0,0.0,10,0,0,0.0,0.0,1,0,0,0.0,0.0
family_ablation,qwen3.5:4b,all_crops,state_303,USB_Male,0.999999,1,0,0,0.0,0.0,10,0,0,0.0,0.0,1,0,0,0.0,0.0
family_ablation,qwen3.5:4b,all_crops,state_303,DSUB_Male,0.4,1,1,1,1.0,1.0,10,2,2,0.2,0.2,1,1,1,1.0,1.0
family_ablation,qwen3.5:4b,all_crops,state_303,DSUB_Male,0.5,1,1,1,1.0,1.0,10,2,2,0.2,0.2,1,1,1,1.0,1.0
family_ablation,qwen3.5:4b,all_crops,state_303,DSUB_Male,0.6,1,1,1,1.0,1.0,10,1,1,0.1,0.1,1,1,1,1.0,1.0
family_ablation,qwen3.5:4b,all_crops,state_303,DSUB_Male,0.65,1,1,1,1.0,1.0,10,1,1,0.1,0.1,1,1,1,1.0,1.0
family_ablation,qwen3.5:4b,all_crops,state_303,DSUB_Male,0.7,1,1,1,1.0,1.0,10,1,1,0.1,0.1,1,1,1,1.0,1.0
family_ablation,qwen3.5:4b,all_crops,state_303,DSUB_Male,0.8,1,1,1,1.0,1.0,10,0,0,0.0,0.0,1,1,1,1.0,1.0
family_ablation,qwen3.5:4b,all_crops,state_303,DSUB_Male,0.9,1,0,0,0.0,0.0,10,0,0,0.0,0.0,1,0,0,0.0,0.0
family_ablation,qwen3.5:4b,all_crops,state_303,DSUB_Male,0.95,1,0,0,0.0,0.0,10,0,0,0.0,0.0,1,0,0,0.0,0.0
family_ablation,qwen3.5:4b,all_crops,state_303,DSUB_Male,0.97,1,0,0,0.0,0.0,10,0,0,0.0,0.0,1,0,0,0.0,0.0
family_ablation,qwen3.5:4b,all_crops,state_303,DSUB_Male,0.98,1,0,0,0.0,0.0,10,0,0,0.0,0.0,1,0,0,0.0,0.0
family_ablation,qwen3.5:4b,all_crops,state_303,DSUB_Male,0.99,1,0,0,0.0,0.0,10,0,0,0.0,0.0,1,0,0,0.0,0.0
family_ablation,qwen3.5:4b,all_crops,state_303,DSUB_Male,0.995,1,0,0,0.0,0.0,10,0,0,0.0,0.0,1,0,0,0.0,0.0
family_ablation,qwen3.5:4b,all_crops,state_303,DSUB_Male,0.999,1,0,0,0.0,0.0,10,0,0,0.0,0.0,1,0,0,0.0,0.0
family_ablation,qwen3.5:4b,all_crops,state_303,DSUB_Male,0.9999,1,0,0,0.0,0.0,10,0,0,0.0,0.0,1,0,0,0.0,0.0
family_ablation,qwen3.5:4b,all_crops,state_303,DSUB_Male,0.99999,1,0,0,0.0,0.0,10,0,0,0.0,0.0,1,0,0,0.0,0.0
family_ablation,qwen3.5:4b,all_crops,state_303,DSUB_Male,0.999999,1,0,0,0.0,0.0,10,0,0,0.0,0.0,1,0,0,0.0,0.0
family_ablation,qwen3.5:4b,all_crops,all,gear,0.4,36,36,36,1.0,1.0,96,21,21,0.21875,0.21875,12,12,12,1.0,1.0
family_ablation,qwen3.5:4b,all_crops,all,gear,0.5,36,36,36,1.0,1.0,96,15,15,0.15625,0.15625,12,12,12,1.0,1.0
family_ablation,qwen3.5:4b,all_crops,all,gear,0.6,36,36,36,1.0,1.0,96,15,15,0.15625,0.15625,12,12,12,1.0,1.0
family_ablation,qwen3.5:4b,all_crops,all,gear,0.65,36,36,36,1.0,1.0,96,15,15,0.15625,0.15625,12,12,12,1.0,1.0
family_ablation,qwen3.5:4b,all_crops,all,gear,0.7,36,36,36,1.0,1.0,96,9,9,0.09375,0.09375,12,12,12,1.0,1.0
family_ablation,qwen3.5:4b,all_crops,all,gear,0.8,36,30,30,0.8333333333333334,0.8333333333333334,96,3,3,0.03125,0.03125,12,10,10,0.8333333333333334,0.8333333333333334
family_ablation,qwen3.5:4b,all_crops,all,gear,0.9,36,24,24,0.6666666666666666,0.6666666666666666,96,0,0,0.0,0.0,12,8,8,0.6666666666666666,0.6666666666666666
family_ablation,qwen3.5:4b,all_crops,all,gear,0.95,36,0,0,0.0,0.0,96,0,0,0.0,0.0,12,0,0,0.0,0.0
family_ablation,qwen3.5:4b,all_crops,all,gear,0.97,36,0,0,0.0,0.0,96,0,0,0.0,0.0,12,0,0,0.0,0.0
family_ablation,qwen3.5:4b,all_crops,all,gear,0.98,36,0,0,0.0,0.0,96,0,0,0.0,0.0,12,0,0,0.0,0.0
family_ablation,qwen3.5:4b,all_crops,all,gear,0.99,36,0,0,0.0,0.0,96,0,0,0.0,0.0,12,0,0,0.0,0.0
family_ablation,qwen3.5:4b,all_crops,all,gear,0.995,36,0,0,0.0,0.0,96,0,0,0.0,0.0,12,0,0,0.0,0.0
family_ablation,qwen3.5:4b,all_crops,all,gear,0.999,36,0,0,0.0,0.0,96,0,0,0.0,0.0,12,0,0,0.0,0.0
family_ablation,qwen3.5:4b,all_crops,all,gear,0.9999,36,0,0,0.0,0.0,96,0,0,0.0,0.0,12,0,0,0.0,0.0
family_ablation,qwen3.5:4b,all_crops,all,gear,0.99999,36,0,0,0.0,0.0,96,0,0,0.0,0.0,12,0,0,0.0,0.0
family_ablation,qwen3.5:4b,all_crops,all,gear,0.999999,36,0,0,0.0,0.0,96,0,0,0.0,0.0,12,0,0,0.0,0.0
family_ablation,qwen3.5:4b,all_crops,all,hex_nut,0.4,16,14,14,0.875,0.875,72,0,0,0.0,0.0,8,7,7,0.875,0.875
family_ablation,qwen3.5:4b,all_crops,all,hex_nut,0.5,16,10,10,0.625,0.625,72,0,0,0.0,0.0,8,5,5,0.625,0.625
family_ablation,qwen3.5:4b,all_crops,all,hex_nut,0.6,16,10,10,0.625,0.625,72,0,0,0.0,0.0,8,5,5,0.625,0.625
family_ablation,qwen3.5:4b,all_crops,all,hex_nut,0.65,16,10,10,0.625,0.625,72,0,0,0.0,0.0,8,5,5,0.625,0.625
family_ablation,qwen3.5:4b,all_crops,all,hex_nut,0.7,16,8,8,0.5,0.5,72,0,0,0.0,0.0,8,4,4,0.5,0.5
family_ablation,qwen3.5:4b,all_crops,all,hex_nut,0.8,16,2,2,0.125,0.125,72,0,0,0.0,0.0,8,1,1,0.125,0.125
family_ablation,qwen3.5:4b,all_crops,all,hex_nut,0.9,16,0,0,0.0,0.0,72,0,0,0.0,0.0,8,0,0,0.0,0.0
family_ablation,qwen3.5:4b,all_crops,all,hex_nut,0.95,16,0,0,0.0,0.0,72,0,0,0.0,0.0,8,0,0,0.0,0.0
family_ablation,qwen3.5:4b,all_crops,all,hex_nut,0.97,16,0,0,0.0,0.0,72,0,0,0.0,0.0,8,0,0,0.0,0.0
family_ablation,qwen3.5:4b,all_crops,all,hex_nut,0.98,16,0,0,0.0,0.0,72,0,0,0.0,0.0,8,0,0,0.0,0.0
family_ablation,qwen3.5:4b,all_crops,all,hex_nut,0.99,16,0,0,0.0,0.0,72,0,0,0.0,0.0,8,0,0,0.0,0.0
family_ablation,qwen3.5:4b,all_crops,all,hex_nut,0.995,16,0,0,0.0,0.0,72,0,0,0.0,0.0,8,0,0,0.0,0.0
family_ablation,qwen3.5:4b,all_crops,all,hex_nut,0.999,16,0,0,0.0,0.0,72,0,0,0.0,0.0,8,0,0,0.0,0.0
family_ablation,qwen3.5:4b,all_crops,all,hex_nut,0.9999,16,0,0,0.0,0.0,72,0,0,0.0,0.0,8,0,0,0.0,0.0
family_ablation,qwen3.5:4b,all_crops,all,hex_nut,0.99999,16,0,0,0.0,0.0,72,0,0,0.0,0.0,8,0,0,0.0,0.0
family_ablation,qwen3.5:4b,all_crops,all,hex_nut,0.999999,16,0,0,0.0,0.0,72,0,0,0.0,0.0,8,0,0,0.0,0.0
family_ablation,qwen3.5:4b,all_crops,all,round_pin,0.4,36,36,36,1.0,1.0,96,3,3,0.03125,0.03125,12,12,12,1.0,1.0
family_ablation,qwen3.5:4b,all_crops,all,round_pin,0.5,36,36,36,1.0,1.0,96,0,0,0.0,0.0,12,12,12,1.0,1.0
family_ablation,qwen3.5:4b,all_crops,all,round_pin,0.6,36,36,36,1.0,1.0,96,0,0,0.0,0.0,12,12,12,1.0,1.0
family_ablation,qwen3.5:4b,all_crops,all,round_pin,0.65,36,36,36,1.0,1.0,96,0,0,0.0,0.0,12,12,12,1.0,1.0
family_ablation,qwen3.5:4b,all_crops,all,round_pin,0.7,36,36,36,1.0,1.0,96,0,0,0.0,0.0,12,12,12,1.0,1.0
family_ablation,qwen3.5:4b,all_crops,all,round_pin,0.8,36,36,36,1.0,1.0,96,0,0,0.0,0.0,12,12,12,1.0,1.0
family_ablation,qwen3.5:4b,all_crops,all,round_pin,0.9,36,18,18,0.5,0.5,96,0,0,0.0,0.0,12,6,6,0.5,0.5
family_ablation,qwen3.5:4b,all_crops,all,round_pin,0.95,36,0,0,0.0,0.0,96,0,0,0.0,0.0,12,0,0,0.0,0.0
family_ablation,qwen3.5:4b,all_crops,all,round_pin,0.97,36,0,0,0.0,0.0,96,0,0,0.0,0.0,12,0,0,0.0,0.0
family_ablation,qwen3.5:4b,all_crops,all,round_pin,0.98,36,0,0,0.0,0.0,96,0,0,0.0,0.0,12,0,0,0.0,0.0
family_ablation,qwen3.5:4b,all_crops,all,round_pin,0.99,36,0,0,0.0,0.0,96,0,0,0.0,0.0,12,0,0,0.0,0.0
family_ablation,qwen3.5:4b,all_crops,all,round_pin,0.995,36,0,0,0.0,0.0,96,0,0,0.0,0.0,12,0,0,0.0,0.0
family_ablation,qwen3.5:4b,all_crops,all,round_pin,0.999,36,0,0,0.0,0.0,96,0,0,0.0,0.0,12,0,0,0.0,0.0
family_ablation,qwen3.5:4b,all_crops,all,round_pin,0.9999,36,0,0,0.0,0.0,96,0,0,0.0,0.0,12,0,0,0.0,0.0
family_ablation,qwen3.5:4b,all_crops,all,round_pin,0.99999,36,0,0,0.0,0.0,96,0,0,0.0,0.0,12,0,0,0.0,0.0
family_ablation,qwen3.5:4b,all_crops,all,round_pin,0.999999,36,0,0,0.0,0.0,96,0,0,0.0,0.0,12,0,0,0.0,0.0
family_ablation,qwen3.5:4b,all_crops,all,Waterproof_Male,0.4,4,4,4,1.0,1.0,40,14,14,0.35,0.35,4,4,4,1.0,1.0
family_ablation,qwen3.5:4b,all_crops,all,Waterproof_Male,0.5,4,4,4,1.0,1.0,40,10,10,0.25,0.25,4,4,4,1.0,1.0
family_ablation,qwen3.5:4b,all_crops,all,Waterproof_Male,0.6,4,4,4,1.0,1.0,40,6,6,0.15,0.15,4,4,4,1.0,1.0
family_ablation,qwen3.5:4b,all_crops,all,Waterproof_Male,0.65,4,4,4,1.0,1.0,40,5,5,0.125,0.125,4,4,4,1.0,1.0
family_ablation,qwen3.5:4b,all_crops,all,Waterproof_Male,0.7,4,4,4,1.0,1.0,40,4,4,0.1,0.1,4,4,4,1.0,1.0
family_ablation,qwen3.5:4b,all_crops,all,Waterproof_Male,0.8,4,3,3,0.75,0.75,40,3,3,0.075,0.075,4,3,3,0.75,0.75
family_ablation,qwen3.5:4b,all_crops,all,Waterproof_Male,0.9,4,0,0,0.0,0.0,40,0,0,0.0,0.0,4,0,0,0.0,0.0
family_ablation,qwen3.5:4b,all_crops,all,Waterproof_Male,0.95,4,0,0,0.0,0.0,40,0,0,0.0,0.0,4,0,0,0.0,0.0
family_ablation,qwen3.5:4b,all_crops,all,Waterproof_Male,0.97,4,0,0,0.0,0.0,40,0,0,0.0,0.0,4,0,0,0.0,0.0
family_ablation,qwen3.5:4b,all_crops,all,Waterproof_Male,0.98,4,0,0,0.0,0.0,40,0,0,0.0,0.0,4,0,0,0.0,0.0
family_ablation,qwen3.5:4b,all_crops,all,Waterproof_Male,0.99,4,0,0,0.0,0.0,40,0,0,0.0,0.0,4,0,0,0.0,0.0
family_ablation,qwen3.5:4b,all_crops,all,Waterproof_Male,0.995,4,0,0,0.0,0.0,40,0,0,0.0,0.0,4,0,0,0.0,0.0
family_ablation,qwen3.5:4b,all_crops,all,Waterproof_Male,0.999,4,0,0,0.0,0.0,40,0,0,0.0,0.0,4,0,0,0.0,0.0
family_ablation,qwen3.5:4b,all_crops,all,Waterproof_Male,0.9999,4,0,0,0.0,0.0,40,0,0,0.0,0.0,4,0,0,0.0,0.0
family_ablation,qwen3.5:4b,all_crops,all,Waterproof_Male,0.99999,4,0,0,0.0,0.0,40,0,0,0.0,0.0,4,0,0,0.0,0.0
family_ablation,qwen3.5:4b,all_crops,all,Waterproof_Male,0.999999,4,0,0,0.0,0.0,40,0,0,0.0,0.0,4,0,0,0.0,0.0
family_ablation,qwen3.5:4b,all_crops,all,USB_Male,0.4,4,4,4,1.0,1.0,40,0,0,0.0,0.0,4,4,4,1.0,1.0
family_ablation,qwen3.5:4b,all_crops,all,USB_Male,0.5,4,4,4,1.0,1.0,40,0,0,0.0,0.0,4,4,4,1.0,1.0
family_ablation,qwen3.5:4b,all_crops,all,USB_Male,0.6,4,4,4,1.0,1.0,40,0,0,0.0,0.0,4,4,4,1.0,1.0
family_ablation,qwen3.5:4b,all_crops,all,USB_Male,0.65,4,4,4,1.0,1.0,40,0,0,0.0,0.0,4,4,4,1.0,1.0
family_ablation,qwen3.5:4b,all_crops,all,USB_Male,0.7,4,4,4,1.0,1.0,40,0,0,0.0,0.0,4,4,4,1.0,1.0
family_ablation,qwen3.5:4b,all_crops,all,USB_Male,0.8,4,4,4,1.0,1.0,40,0,0,0.0,0.0,4,4,4,1.0,1.0
family_ablation,qwen3.5:4b,all_crops,all,USB_Male,0.9,4,1,1,0.25,0.25,40,0,0,0.0,0.0,4,1,1,0.25,0.25
family_ablation,qwen3.5:4b,all_crops,all,USB_Male,0.95,4,0,0,0.0,0.0,40,0,0,0.0,0.0,4,0,0,0.0,0.0
family_ablation,qwen3.5:4b,all_crops,all,USB_Male,0.97,4,0,0,0.0,0.0,40,0,0,0.0,0.0,4,0,0,0.0,0.0
family_ablation,qwen3.5:4b,all_crops,all,USB_Male,0.98,4,0,0,0.0,0.0,40,0,0,0.0,0.0,4,0,0,0.0,0.0
family_ablation,qwen3.5:4b,all_crops,all,USB_Male,0.99,4,0,0,0.0,0.0,40,0,0,0.0,0.0,4,0,0,0.0,0.0
family_ablation,qwen3.5:4b,all_crops,all,USB_Male,0.995,4,0,0,0.0,0.0,40,0,0,0.0,0.0,4,0,0,0.0,0.0
family_ablation,qwen3.5:4b,all_crops,all,USB_Male,0.999,4,0,0,0.0,0.0,40,0,0,0.0,0.0,4,0,0,0.0,0.0
family_ablation,qwen3.5:4b,all_crops,all,USB_Male,0.9999,4,0,0,0.0,0.0,40,0,0,0.0,0.0,4,0,0,0.0,0.0
family_ablation,qwen3.5:4b,all_crops,all,USB_Male,0.99999,4,0,0,0.0,0.0,40,0,0,0.0,0.0,4,0,0,0.0,0.0
family_ablation,qwen3.5:4b,all_crops,all,USB_Male,0.999999,4,0,0,0.0,0.0,40,0,0,0.0,0.0,4,0,0,0.0,0.0
family_ablation,qwen3.5:4b,all_crops,all,DSUB_Male,0.4,4,4,4,1.0,1.0,40,7,7,0.175,0.175,4,4,4,1.0,1.0
family_ablation,qwen3.5:4b,all_crops,all,DSUB_Male,0.5,4,4,4,1.0,1.0,40,6,6,0.15,0.15,4,4,4,1.0,1.0
family_ablation,qwen3.5:4b,all_crops,all,DSUB_Male,0.6,4,4,4,1.0,1.0,40,4,4,0.1,0.1,4,4,4,1.0,1.0
family_ablation,qwen3.5:4b,all_crops,all,DSUB_Male,0.65,4,4,4,1.0,1.0,40,4,4,0.1,0.1,4,4,4,1.0,1.0
family_ablation,qwen3.5:4b,all_crops,all,DSUB_Male,0.7,4,4,4,1.0,1.0,40,4,4,0.1,0.1,4,4,4,1.0,1.0
family_ablation,qwen3.5:4b,all_crops,all,DSUB_Male,0.8,4,4,4,1.0,1.0,40,0,0,0.0,0.0,4,4,4,1.0,1.0
family_ablation,qwen3.5:4b,all_crops,all,DSUB_Male,0.9,4,0,0,0.0,0.0,40,0,0,0.0,0.0,4,0,0,0.0,0.0
family_ablation,qwen3.5:4b,all_crops,all,DSUB_Male,0.95,4,0,0,0.0,0.0,40,0,0,0.0,0.0,4,0,0,0.0,0.0
family_ablation,qwen3.5:4b,all_crops,all,DSUB_Male,0.97,4,0,0,0.0,0.0,40,0,0,0.0,0.0,4,0,0,0.0,0.0
family_ablation,qwen3.5:4b,all_crops,all,DSUB_Male,0.98,4,0,0,0.0,0.0,40,0,0,0.0,0.0,4,0,0,0.0,0.0
family_ablation,qwen3.5:4b,all_crops,all,DSUB_Male,0.99,4,0,0,0.0,0.0,40,0,0,0.0,0.0,4,0,0,0.0,0.0
family_ablation,qwen3.5:4b,all_crops,all,DSUB_Male,0.995,4,0,0,0.0,0.0,40,0,0,0.0,0.0,4,0,0,0.0,0.0
family_ablation,qwen3.5:4b,all_crops,all,DSUB_Male,0.999,4,0,0,0.0,0.0,40,0,0,0.0,0.0,4,0,0,0.0,0.0
family_ablation,qwen3.5:4b,all_crops,all,DSUB_Male,0.9999,4,0,0,0.0,0.0,40,0,0,0.0,0.0,4,0,0,0.0,0.0
family_ablation,qwen3.5:4b,all_crops,all,DSUB_Male,0.99999,4,0,0,0.0,0.0,40,0,0,0.0,0.0,4,0,0,0.0,0.0
family_ablation,qwen3.5:4b,all_crops,all,DSUB_Male,0.999999,4,0,0,0.0,0.0,40,0,0,0.0,0.0,4,0,0,0.0,0.0
family_ablation,qwen3.5:4b,autonomous_depth_only,original,gear,0.4,9,9,9,1.0,1.0,24,6,6,0.25,0.25,3,3,3,1.0,1.0
family_ablation,qwen3.5:4b,autonomous_depth_only,original,gear,0.5,9,9,9,1.0,1.0,24,3,3,0.125,0.125,3,3,3,1.0,1.0
family_ablation,qwen3.5:4b,autonomous_depth_only,original,gear,0.6,9,9,9,1.0,1.0,24,3,3,0.125,0.125,3,3,3,1.0,1.0
family_ablation,qwen3.5:4b,autonomous_depth_only,original,gear,0.65,9,9,9,1.0,1.0,24,3,3,0.125,0.125,3,3,3,1.0,1.0
family_ablation,qwen3.5:4b,autonomous_depth_only,original,gear,0.7,9,9,9,1.0,1.0,24,3,3,0.125,0.125,3,3,3,1.0,1.0
family_ablation,qwen3.5:4b,autonomous_depth_only,original,gear,0.8,9,6,6,0.6666666666666666,0.6666666666666666,24,0,0,0.0,0.0,3,2,2,0.6666666666666666,0.6666666666666666
family_ablation,qwen3.5:4b,autonomous_depth_only,original,gear,0.9,9,6,6,0.6666666666666666,0.6666666666666666,24,0,0,0.0,0.0,3,2,2,0.6666666666666666,0.6666666666666666
family_ablation,qwen3.5:4b,autonomous_depth_only,original,gear,0.95,9,0,0,0.0,0.0,24,0,0,0.0,0.0,3,0,0,0.0,0.0
family_ablation,qwen3.5:4b,autonomous_depth_only,original,gear,0.97,9,0,0,0.0,0.0,24,0,0,0.0,0.0,3,0,0,0.0,0.0
family_ablation,qwen3.5:4b,autonomous_depth_only,original,gear,0.98,9,0,0,0.0,0.0,24,0,0,0.0,0.0,3,0,0,0.0,0.0
family_ablation,qwen3.5:4b,autonomous_depth_only,original,gear,0.99,9,0,0,0.0,0.0,24,0,0,0.0,0.0,3,0,0,0.0,0.0
family_ablation,qwen3.5:4b,autonomous_depth_only,original,gear,0.995,9,0,0,0.0,0.0,24,0,0,0.0,0.0,3,0,0,0.0,0.0
family_ablation,qwen3.5:4b,autonomous_depth_only,original,gear,0.999,9,0,0,0.0,0.0,24,0,0,0.0,0.0,3,0,0,0.0,0.0
family_ablation,qwen3.5:4b,autonomous_depth_only,original,gear,0.9999,9,0,0,0.0,0.0,24,0,0,0.0,0.0,3,0,0,0.0,0.0
family_ablation,qwen3.5:4b,autonomous_depth_only,original,gear,0.99999,9,0,0,0.0,0.0,24,0,0,0.0,0.0,3,0,0,0.0,0.0
family_ablation,qwen3.5:4b,autonomous_depth_only,original,gear,0.999999,9,0,0,0.0,0.0,24,0,0,0.0,0.0,3,0,0,0.0,0.0
family_ablation,qwen3.5:4b,autonomous_depth_only,original,hex_nut,0.4,4,4,4,1.0,1.0,18,0,0,0.0,0.0,2,2,2,1.0,1.0
family_ablation,qwen3.5:4b,autonomous_depth_only,original,hex_nut,0.5,4,4,4,1.0,1.0,18,0,0,0.0,0.0,2,2,2,1.0,1.0
family_ablation,qwen3.5:4b,autonomous_depth_only,original,hex_nut,0.6,4,4,4,1.0,1.0,18,0,0,0.0,0.0,2,2,2,1.0,1.0
family_ablation,qwen3.5:4b,autonomous_depth_only,original,hex_nut,0.65,4,4,4,1.0,1.0,18,0,0,0.0,0.0,2,2,2,1.0,1.0
family_ablation,qwen3.5:4b,autonomous_depth_only,original,hex_nut,0.7,4,2,2,0.5,0.5,18,0,0,0.0,0.0,2,1,1,0.5,0.5
family_ablation,qwen3.5:4b,autonomous_depth_only,original,hex_nut,0.8,4,0,0,0.0,0.0,18,0,0,0.0,0.0,2,0,0,0.0,0.0
family_ablation,qwen3.5:4b,autonomous_depth_only,original,hex_nut,0.9,4,0,0,0.0,0.0,18,0,0,0.0,0.0,2,0,0,0.0,0.0
family_ablation,qwen3.5:4b,autonomous_depth_only,original,hex_nut,0.95,4,0,0,0.0,0.0,18,0,0,0.0,0.0,2,0,0,0.0,0.0
family_ablation,qwen3.5:4b,autonomous_depth_only,original,hex_nut,0.97,4,0,0,0.0,0.0,18,0,0,0.0,0.0,2,0,0,0.0,0.0
family_ablation,qwen3.5:4b,autonomous_depth_only,original,hex_nut,0.98,4,0,0,0.0,0.0,18,0,0,0.0,0.0,2,0,0,0.0,0.0
family_ablation,qwen3.5:4b,autonomous_depth_only,original,hex_nut,0.99,4,0,0,0.0,0.0,18,0,0,0.0,0.0,2,0,0,0.0,0.0
family_ablation,qwen3.5:4b,autonomous_depth_only,original,hex_nut,0.995,4,0,0,0.0,0.0,18,0,0,0.0,0.0,2,0,0,0.0,0.0
family_ablation,qwen3.5:4b,autonomous_depth_only,original,hex_nut,0.999,4,0,0,0.0,0.0,18,0,0,0.0,0.0,2,0,0,0.0,0.0
family_ablation,qwen3.5:4b,autonomous_depth_only,original,hex_nut,0.9999,4,0,0,0.0,0.0,18,0,0,0.0,0.0,2,0,0,0.0,0.0
family_ablation,qwen3.5:4b,autonomous_depth_only,original,hex_nut,0.99999,4,0,0,0.0,0.0,18,0,0,0.0,0.0,2,0,0,0.0,0.0
family_ablation,qwen3.5:4b,autonomous_depth_only,original,hex_nut,0.999999,4,0,0,0.0,0.0,18,0,0,0.0,0.0,2,0,0,0.0,0.0
family_ablation,qwen3.5:4b,autonomous_depth_only,original,round_pin,0.4,9,9,9,1.0,1.0,24,0,0,0.0,0.0,3,3,3,1.0,1.0
family_ablation,qwen3.5:4b,autonomous_depth_only,original,round_pin,0.5,9,9,9,1.0,1.0,24,0,0,0.0,0.0,3,3,3,1.0,1.0
family_ablation,qwen3.5:4b,autonomous_depth_only,original,round_pin,0.6,9,9,9,1.0,1.0,24,0,0,0.0,0.0,3,3,3,1.0,1.0
family_ablation,qwen3.5:4b,autonomous_depth_only,original,round_pin,0.65,9,9,9,1.0,1.0,24,0,0,0.0,0.0,3,3,3,1.0,1.0
family_ablation,qwen3.5:4b,autonomous_depth_only,original,round_pin,0.7,9,9,9,1.0,1.0,24,0,0,0.0,0.0,3,3,3,1.0,1.0
family_ablation,qwen3.5:4b,autonomous_depth_only,original,round_pin,0.8,9,9,9,1.0,1.0,24,0,0,0.0,0.0,3,3,3,1.0,1.0
family_ablation,qwen3.5:4b,autonomous_depth_only,original,round_pin,0.9,9,6,6,0.6666666666666666,0.6666666666666666,24,0,0,0.0,0.0,3,2,2,0.6666666666666666,0.6666666666666666
family_ablation,qwen3.5:4b,autonomous_depth_only,original,round_pin,0.95,9,0,0,0.0,0.0,24,0,0,0.0,0.0,3,0,0,0.0,0.0
family_ablation,qwen3.5:4b,autonomous_depth_only,original,round_pin,0.97,9,0,0,0.0,0.0,24,0,0,0.0,0.0,3,0,0,0.0,0.0
family_ablation,qwen3.5:4b,autonomous_depth_only,original,round_pin,0.98,9,0,0,0.0,0.0,24,0,0,0.0,0.0,3,0,0,0.0,0.0
family_ablation,qwen3.5:4b,autonomous_depth_only,original,round_pin,0.99,9,0,0,0.0,0.0,24,0,0,0.0,0.0,3,0,0,0.0,0.0
family_ablation,qwen3.5:4b,autonomous_depth_only,original,round_pin,0.995,9,0,0,0.0,0.0,24,0,0,0.0,0.0,3,0,0,0.0,0.0
family_ablation,qwen3.5:4b,autonomous_depth_only,original,round_pin,0.999,9,0,0,0.0,0.0,24,0,0,0.0,0.0,3,0,0,0.0,0.0
family_ablation,qwen3.5:4b,autonomous_depth_only,original,round_pin,0.9999,9,0,0,0.0,0.0,24,0,0,0.0,0.0,3,0,0,0.0,0.0
family_ablation,qwen3.5:4b,autonomous_depth_only,original,round_pin,0.99999,9,0,0,0.0,0.0,24,0,0,0.0,0.0,3,0,0,0.0,0.0
family_ablation,qwen3.5:4b,autonomous_depth_only,original,round_pin,0.999999,9,0,0,0.0,0.0,24,0,0,0.0,0.0,3,0,0,0.0,0.0
family_ablation,qwen3.5:4b,autonomous_depth_only,original,Waterproof_Male,0.4,1,1,1,1.0,1.0,10,4,4,0.4,0.4,1,1,1,1.0,1.0
family_ablation,qwen3.5:4b,autonomous_depth_only,original,Waterproof_Male,0.5,1,1,1,1.0,1.0,10,3,3,0.3,0.3,1,1,1,1.0,1.0
family_ablation,qwen3.5:4b,autonomous_depth_only,original,Waterproof_Male,0.6,1,1,1,1.0,1.0,10,2,2,0.2,0.2,1,1,1,1.0,1.0
family_ablation,qwen3.5:4b,autonomous_depth_only,original,Waterproof_Male,0.65,1,1,1,1.0,1.0,10,1,1,0.1,0.1,1,1,1,1.0,1.0
family_ablation,qwen3.5:4b,autonomous_depth_only,original,Waterproof_Male,0.7,1,1,1,1.0,1.0,10,1,1,0.1,0.1,1,1,1,1.0,1.0
family_ablation,qwen3.5:4b,autonomous_depth_only,original,Waterproof_Male,0.8,1,1,1,1.0,1.0,10,1,1,0.1,0.1,1,1,1,1.0,1.0
family_ablation,qwen3.5:4b,autonomous_depth_only,original,Waterproof_Male,0.9,1,0,0,0.0,0.0,10,0,0,0.0,0.0,1,0,0,0.0,0.0
family_ablation,qwen3.5:4b,autonomous_depth_only,original,Waterproof_Male,0.95,1,0,0,0.0,0.0,10,0,0,0.0,0.0,1,0,0,0.0,0.0
family_ablation,qwen3.5:4b,autonomous_depth_only,original,Waterproof_Male,0.97,1,0,0,0.0,0.0,10,0,0,0.0,0.0,1,0,0,0.0,0.0
family_ablation,qwen3.5:4b,autonomous_depth_only,original,Waterproof_Male,0.98,1,0,0,0.0,0.0,10,0,0,0.0,0.0,1,0,0,0.0,0.0
family_ablation,qwen3.5:4b,autonomous_depth_only,original,Waterproof_Male,0.99,1,0,0,0.0,0.0,10,0,0,0.0,0.0,1,0,0,0.0,0.0
family_ablation,qwen3.5:4b,autonomous_depth_only,original,Waterproof_Male,0.995,1,0,0,0.0,0.0,10,0,0,0.0,0.0,1,0,0,0.0,0.0
family_ablation,qwen3.5:4b,autonomous_depth_only,original,Waterproof_Male,0.999,1,0,0,0.0,0.0,10,0,0,0.0,0.0,1,0,0,0.0,0.0
family_ablation,qwen3.5:4b,autonomous_depth_only,original,Waterproof_Male,0.9999,1,0,0,0.0,0.0,10,0,0,0.0,0.0,1,0,0,0.0,0.0
family_ablation,qwen3.5:4b,autonomous_depth_only,original,Waterproof_Male,0.99999,1,0,0,0.0,0.0,10,0,0,0.0,0.0,1,0,0,0.0,0.0
family_ablation,qwen3.5:4b,autonomous_depth_only,original,Waterproof_Male,0.999999,1,0,0,0.0,0.0,10,0,0,0.0,0.0,1,0,0,0.0,0.0
family_ablation,qwen3.5:4b,autonomous_depth_only,original,USB_Male,0.4,1,1,1,1.0,1.0,10,0,0,0.0,0.0,1,1,1,1.0,1.0
family_ablation,qwen3.5:4b,autonomous_depth_only,original,USB_Male,0.5,1,1,1,1.0,1.0,10,0,0,0.0,0.0,1,1,1,1.0,1.0
family_ablation,qwen3.5:4b,autonomous_depth_only,original,USB_Male,0.6,1,1,1,1.0,1.0,10,0,0,0.0,0.0,1,1,1,1.0,1.0
family_ablation,qwen3.5:4b,autonomous_depth_only,original,USB_Male,0.65,1,1,1,1.0,1.0,10,0,0,0.0,0.0,1,1,1,1.0,1.0
family_ablation,qwen3.5:4b,autonomous_depth_only,original,USB_Male,0.7,1,1,1,1.0,1.0,10,0,0,0.0,0.0,1,1,1,1.0,1.0
family_ablation,qwen3.5:4b,autonomous_depth_only,original,USB_Male,0.8,1,1,1,1.0,1.0,10,0,0,0.0,0.0,1,1,1,1.0,1.0
family_ablation,qwen3.5:4b,autonomous_depth_only,original,USB_Male,0.9,1,0,0,0.0,0.0,10,0,0,0.0,0.0,1,0,0,0.0,0.0
family_ablation,qwen3.5:4b,autonomous_depth_only,original,USB_Male,0.95,1,0,0,0.0,0.0,10,0,0,0.0,0.0,1,0,0,0.0,0.0
family_ablation,qwen3.5:4b,autonomous_depth_only,original,USB_Male,0.97,1,0,0,0.0,0.0,10,0,0,0.0,0.0,1,0,0,0.0,0.0
family_ablation,qwen3.5:4b,autonomous_depth_only,original,USB_Male,0.98,1,0,0,0.0,0.0,10,0,0,0.0,0.0,1,0,0,0.0,0.0
family_ablation,qwen3.5:4b,autonomous_depth_only,original,USB_Male,0.99,1,0,0,0.0,0.0,10,0,0,0.0,0.0,1,0,0,0.0,0.0
family_ablation,qwen3.5:4b,autonomous_depth_only,original,USB_Male,0.995,1,0,0,0.0,0.0,10,0,0,0.0,0.0,1,0,0,0.0,0.0
family_ablation,qwen3.5:4b,autonomous_depth_only,original,USB_Male,0.999,1,0,0,0.0,0.0,10,0,0,0.0,0.0,1,0,0,0.0,0.0
family_ablation,qwen3.5:4b,autonomous_depth_only,original,USB_Male,0.9999,1,0,0,0.0,0.0,10,0,0,0.0,0.0,1,0,0,0.0,0.0
family_ablation,qwen3.5:4b,autonomous_depth_only,original,USB_Male,0.99999,1,0,0,0.0,0.0,10,0,0,0.0,0.0,1,0,0,0.0,0.0
family_ablation,qwen3.5:4b,autonomous_depth_only,original,USB_Male,0.999999,1,0,0,0.0,0.0,10,0,0,0.0,0.0,1,0,0,0.0,0.0
family_ablation,qwen3.5:4b,autonomous_depth_only,original,DSUB_Male,0.4,1,1,1,1.0,1.0,10,1,1,0.1,0.1,1,1,1,1.0,1.0
family_ablation,qwen3.5:4b,autonomous_depth_only,original,DSUB_Male,0.5,1,1,1,1.0,1.0,10,1,1,0.1,0.1,1,1,1,1.0,1.0
family_ablation,qwen3.5:4b,autonomous_depth_only,original,DSUB_Male,0.6,1,1,1,1.0,1.0,10,1,1,0.1,0.1,1,1,1,1.0,1.0
family_ablation,qwen3.5:4b,autonomous_depth_only,original,DSUB_Male,0.65,1,1,1,1.0,1.0,10,1,1,0.1,0.1,1,1,1,1.0,1.0
family_ablation,qwen3.5:4b,autonomous_depth_only,original,DSUB_Male,0.7,1,1,1,1.0,1.0,10,1,1,0.1,0.1,1,1,1,1.0,1.0
family_ablation,qwen3.5:4b,autonomous_depth_only,original,DSUB_Male,0.8,1,1,1,1.0,1.0,10,0,0,0.0,0.0,1,1,1,1.0,1.0
family_ablation,qwen3.5:4b,autonomous_depth_only,original,DSUB_Male,0.9,1,0,0,0.0,0.0,10,0,0,0.0,0.0,1,0,0,0.0,0.0
family_ablation,qwen3.5:4b,autonomous_depth_only,original,DSUB_Male,0.95,1,0,0,0.0,0.0,10,0,0,0.0,0.0,1,0,0,0.0,0.0
family_ablation,qwen3.5:4b,autonomous_depth_only,original,DSUB_Male,0.97,1,0,0,0.0,0.0,10,0,0,0.0,0.0,1,0,0,0.0,0.0
family_ablation,qwen3.5:4b,autonomous_depth_only,original,DSUB_Male,0.98,1,0,0,0.0,0.0,10,0,0,0.0,0.0,1,0,0,0.0,0.0
family_ablation,qwen3.5:4b,autonomous_depth_only,original,DSUB_Male,0.99,1,0,0,0.0,0.0,10,0,0,0.0,0.0,1,0,0,0.0,0.0
family_ablation,qwen3.5:4b,autonomous_depth_only,original,DSUB_Male,0.995,1,0,0,0.0,0.0,10,0,0,0.0,0.0,1,0,0,0.0,0.0
family_ablation,qwen3.5:4b,autonomous_depth_only,original,DSUB_Male,0.999,1,0,0,0.0,0.0,10,0,0,0.0,0.0,1,0,0,0.0,0.0
family_ablation,qwen3.5:4b,autonomous_depth_only,original,DSUB_Male,0.9999,1,0,0,0.0,0.0,10,0,0,0.0,0.0,1,0,0,0.0,0.0
family_ablation,qwen3.5:4b,autonomous_depth_only,original,DSUB_Male,0.99999,1,0,0,0.0,0.0,10,0,0,0.0,0.0,1,0,0,0.0,0.0
family_ablation,qwen3.5:4b,autonomous_depth_only,original,DSUB_Male,0.999999,1,0,0,0.0,0.0,10,0,0,0.0,0.0,1,0,0,0.0,0.0
family_ablation,qwen3.5:4b,autonomous_depth_only,state_101,gear,0.4,9,9,9,1.0,1.0,21,6,6,0.2857142857142857,0.2857142857142857,3,3,3,1.0,1.0
family_ablation,qwen3.5:4b,autonomous_depth_only,state_101,gear,0.5,9,9,9,1.0,1.0,21,3,3,0.14285714285714285,0.14285714285714285,3,3,3,1.0,1.0
family_ablation,qwen3.5:4b,autonomous_depth_only,state_101,gear,0.6,9,9,9,1.0,1.0,21,3,3,0.14285714285714285,0.14285714285714285,3,3,3,1.0,1.0
family_ablation,qwen3.5:4b,autonomous_depth_only,state_101,gear,0.65,9,9,9,1.0,1.0,21,3,3,0.14285714285714285,0.14285714285714285,3,3,3,1.0,1.0
family_ablation,qwen3.5:4b,autonomous_depth_only,state_101,gear,0.7,9,9,9,1.0,1.0,21,3,3,0.14285714285714285,0.14285714285714285,3,3,3,1.0,1.0
family_ablation,qwen3.5:4b,autonomous_depth_only,state_101,gear,0.8,9,9,9,1.0,1.0,21,3,3,0.14285714285714285,0.14285714285714285,3,3,3,1.0,1.0
family_ablation,qwen3.5:4b,autonomous_depth_only,state_101,gear,0.9,9,6,6,0.6666666666666666,0.6666666666666666,21,0,0,0.0,0.0,3,2,2,0.6666666666666666,0.6666666666666666
family_ablation,qwen3.5:4b,autonomous_depth_only,state_101,gear,0.95,9,0,0,0.0,0.0,21,0,0,0.0,0.0,3,0,0,0.0,0.0
family_ablation,qwen3.5:4b,autonomous_depth_only,state_101,gear,0.97,9,0,0,0.0,0.0,21,0,0,0.0,0.0,3,0,0,0.0,0.0
family_ablation,qwen3.5:4b,autonomous_depth_only,state_101,gear,0.98,9,0,0,0.0,0.0,21,0,0,0.0,0.0,3,0,0,0.0,0.0
family_ablation,qwen3.5:4b,autonomous_depth_only,state_101,gear,0.99,9,0,0,0.0,0.0,21,0,0,0.0,0.0,3,0,0,0.0,0.0
family_ablation,qwen3.5:4b,autonomous_depth_only,state_101,gear,0.995,9,0,0,0.0,0.0,21,0,0,0.0,0.0,3,0,0,0.0,0.0
family_ablation,qwen3.5:4b,autonomous_depth_only,state_101,gear,0.999,9,0,0,0.0,0.0,21,0,0,0.0,0.0,3,0,0,0.0,0.0
family_ablation,qwen3.5:4b,autonomous_depth_only,state_101,gear,0.9999,9,0,0,0.0,0.0,21,0,0,0.0,0.0,3,0,0,0.0,0.0
family_ablation,qwen3.5:4b,autonomous_depth_only,state_101,gear,0.99999,9,0,0,0.0,0.0,21,0,0,0.0,0.0,3,0,0,0.0,0.0
family_ablation,qwen3.5:4b,autonomous_depth_only,state_101,gear,0.999999,9,0,0,0.0,0.0,21,0,0,0.0,0.0,3,0,0,0.0,0.0
family_ablation,qwen3.5:4b,autonomous_depth_only,state_101,hex_nut,0.4,4,2,2,0.5,0.5,16,0,0,0.0,0.0,2,1,1,0.5,0.5
family_ablation,qwen3.5:4b,autonomous_depth_only,state_101,hex_nut,0.5,4,2,2,0.5,0.5,16,0,0,0.0,0.0,2,1,1,0.5,0.5
family_ablation,qwen3.5:4b,autonomous_depth_only,state_101,hex_nut,0.6,4,2,2,0.5,0.5,16,0,0,0.0,0.0,2,1,1,0.5,0.5
family_ablation,qwen3.5:4b,autonomous_depth_only,state_101,hex_nut,0.65,4,2,2,0.5,0.5,16,0,0,0.0,0.0,2,1,1,0.5,0.5
family_ablation,qwen3.5:4b,autonomous_depth_only,state_101,hex_nut,0.7,4,2,2,0.5,0.5,16,0,0,0.0,0.0,2,1,1,0.5,0.5
family_ablation,qwen3.5:4b,autonomous_depth_only,state_101,hex_nut,0.8,4,0,0,0.0,0.0,16,0,0,0.0,0.0,2,0,0,0.0,0.0
family_ablation,qwen3.5:4b,autonomous_depth_only,state_101,hex_nut,0.9,4,0,0,0.0,0.0,16,0,0,0.0,0.0,2,0,0,0.0,0.0
family_ablation,qwen3.5:4b,autonomous_depth_only,state_101,hex_nut,0.95,4,0,0,0.0,0.0,16,0,0,0.0,0.0,2,0,0,0.0,0.0
family_ablation,qwen3.5:4b,autonomous_depth_only,state_101,hex_nut,0.97,4,0,0,0.0,0.0,16,0,0,0.0,0.0,2,0,0,0.0,0.0
family_ablation,qwen3.5:4b,autonomous_depth_only,state_101,hex_nut,0.98,4,0,0,0.0,0.0,16,0,0,0.0,0.0,2,0,0,0.0,0.0
family_ablation,qwen3.5:4b,autonomous_depth_only,state_101,hex_nut,0.99,4,0,0,0.0,0.0,16,0,0,0.0,0.0,2,0,0,0.0,0.0
family_ablation,qwen3.5:4b,autonomous_depth_only,state_101,hex_nut,0.995,4,0,0,0.0,0.0,16,0,0,0.0,0.0,2,0,0,0.0,0.0
family_ablation,qwen3.5:4b,autonomous_depth_only,state_101,hex_nut,0.999,4,0,0,0.0,0.0,16,0,0,0.0,0.0,2,0,0,0.0,0.0
family_ablation,qwen3.5:4b,autonomous_depth_only,state_101,hex_nut,0.9999,4,0,0,0.0,0.0,16,0,0,0.0,0.0,2,0,0,0.0,0.0
family_ablation,qwen3.5:4b,autonomous_depth_only,state_101,hex_nut,0.99999,4,0,0,0.0,0.0,16,0,0,0.0,0.0,2,0,0,0.0,0.0
family_ablation,qwen3.5:4b,autonomous_depth_only,state_101,hex_nut,0.999999,4,0,0,0.0,0.0,16,0,0,0.0,0.0,2,0,0,0.0,0.0
family_ablation,qwen3.5:4b,autonomous_depth_only,state_101,round_pin,0.4,9,9,9,1.0,1.0,21,3,3,0.14285714285714285,0.14285714285714285,3,3,3,1.0,1.0
family_ablation,qwen3.5:4b,autonomous_depth_only,state_101,round_pin,0.5,9,9,9,1.0,1.0,21,0,0,0.0,0.0,3,3,3,1.0,1.0
family_ablation,qwen3.5:4b,autonomous_depth_only,state_101,round_pin,0.6,9,9,9,1.0,1.0,21,0,0,0.0,0.0,3,3,3,1.0,1.0
family_ablation,qwen3.5:4b,autonomous_depth_only,state_101,round_pin,0.65,9,9,9,1.0,1.0,21,0,0,0.0,0.0,3,3,3,1.0,1.0
family_ablation,qwen3.5:4b,autonomous_depth_only,state_101,round_pin,0.7,9,9,9,1.0,1.0,21,0,0,0.0,0.0,3,3,3,1.0,1.0
family_ablation,qwen3.5:4b,autonomous_depth_only,state_101,round_pin,0.8,9,9,9,1.0,1.0,21,0,0,0.0,0.0,3,3,3,1.0,1.0
family_ablation,qwen3.5:4b,autonomous_depth_only,state_101,round_pin,0.9,9,0,0,0.0,0.0,21,0,0,0.0,0.0,3,0,0,0.0,0.0
family_ablation,qwen3.5:4b,autonomous_depth_only,state_101,round_pin,0.95,9,0,0,0.0,0.0,21,0,0,0.0,0.0,3,0,0,0.0,0.0
family_ablation,qwen3.5:4b,autonomous_depth_only,state_101,round_pin,0.97,9,0,0,0.0,0.0,21,0,0,0.0,0.0,3,0,0,0.0,0.0
family_ablation,qwen3.5:4b,autonomous_depth_only,state_101,round_pin,0.98,9,0,0,0.0,0.0,21,0,0,0.0,0.0,3,0,0,0.0,0.0
family_ablation,qwen3.5:4b,autonomous_depth_only,state_101,round_pin,0.99,9,0,0,0.0,0.0,21,0,0,0.0,0.0,3,0,0,0.0,0.0
family_ablation,qwen3.5:4b,autonomous_depth_only,state_101,round_pin,0.995,9,0,0,0.0,0.0,21,0,0,0.0,0.0,3,0,0,0.0,0.0
family_ablation,qwen3.5:4b,autonomous_depth_only,state_101,round_pin,0.999,9,0,0,0.0,0.0,21,0,0,0.0,0.0,3,0,0,0.0,0.0
family_ablation,qwen3.5:4b,autonomous_depth_only,state_101,round_pin,0.9999,9,0,0,0.0,0.0,21,0,0,0.0,0.0,3,0,0,0.0,0.0
family_ablation,qwen3.5:4b,autonomous_depth_only,state_101,round_pin,0.99999,9,0,0,0.0,0.0,21,0,0,0.0,0.0,3,0,0,0.0,0.0
family_ablation,qwen3.5:4b,autonomous_depth_only,state_101,round_pin,0.999999,9,0,0,0.0,0.0,21,0,0,0.0,0.0,3,0,0,0.0,0.0
family_ablation,qwen3.5:4b,autonomous_depth_only,state_101,Waterproof_Male,0.4,1,1,1,1.0,1.0,9,3,3,0.3333333333333333,0.3333333333333333,1,1,1,1.0,1.0
family_ablation,qwen3.5:4b,autonomous_depth_only,state_101,Waterproof_Male,0.5,1,1,1,1.0,1.0,9,3,3,0.3333333333333333,0.3333333333333333,1,1,1,1.0,1.0
family_ablation,qwen3.5:4b,autonomous_depth_only,state_101,Waterproof_Male,0.6,1,1,1,1.0,1.0,9,0,0,0.0,0.0,1,1,1,1.0,1.0
family_ablation,qwen3.5:4b,autonomous_depth_only,state_101,Waterproof_Male,0.65,1,1,1,1.0,1.0,9,0,0,0.0,0.0,1,1,1,1.0,1.0
family_ablation,qwen3.5:4b,autonomous_depth_only,state_101,Waterproof_Male,0.7,1,1,1,1.0,1.0,9,0,0,0.0,0.0,1,1,1,1.0,1.0
family_ablation,qwen3.5:4b,autonomous_depth_only,state_101,Waterproof_Male,0.8,1,1,1,1.0,1.0,9,0,0,0.0,0.0,1,1,1,1.0,1.0
family_ablation,qwen3.5:4b,autonomous_depth_only,state_101,Waterproof_Male,0.9,1,0,0,0.0,0.0,9,0,0,0.0,0.0,1,0,0,0.0,0.0
family_ablation,qwen3.5:4b,autonomous_depth_only,state_101,Waterproof_Male,0.95,1,0,0,0.0,0.0,9,0,0,0.0,0.0,1,0,0,0.0,0.0
family_ablation,qwen3.5:4b,autonomous_depth_only,state_101,Waterproof_Male,0.97,1,0,0,0.0,0.0,9,0,0,0.0,0.0,1,0,0,0.0,0.0
family_ablation,qwen3.5:4b,autonomous_depth_only,state_101,Waterproof_Male,0.98,1,0,0,0.0,0.0,9,0,0,0.0,0.0,1,0,0,0.0,0.0
family_ablation,qwen3.5:4b,autonomous_depth_only,state_101,Waterproof_Male,0.99,1,0,0,0.0,0.0,9,0,0,0.0,0.0,1,0,0,0.0,0.0
family_ablation,qwen3.5:4b,autonomous_depth_only,state_101,Waterproof_Male,0.995,1,0,0,0.0,0.0,9,0,0,0.0,0.0,1,0,0,0.0,0.0
family_ablation,qwen3.5:4b,autonomous_depth_only,state_101,Waterproof_Male,0.999,1,0,0,0.0,0.0,9,0,0,0.0,0.0,1,0,0,0.0,0.0
family_ablation,qwen3.5:4b,autonomous_depth_only,state_101,Waterproof_Male,0.9999,1,0,0,0.0,0.0,9,0,0,0.0,0.0,1,0,0,0.0,0.0
family_ablation,qwen3.5:4b,autonomous_depth_only,state_101,Waterproof_Male,0.99999,1,0,0,0.0,0.0,9,0,0,0.0,0.0,1,0,0,0.0,0.0
family_ablation,qwen3.5:4b,autonomous_depth_only,state_101,Waterproof_Male,0.999999,1,0,0,0.0,0.0,9,0,0,0.0,0.0,1,0,0,0.0,0.0
family_ablation,qwen3.5:4b,autonomous_depth_only,state_101,DSUB_Male,0.4,1,1,1,1.0,1.0,9,1,1,0.1111111111111111,0.1111111111111111,1,1,1,1.0,1.0
family_ablation,qwen3.5:4b,autonomous_depth_only,state_101,DSUB_Male,0.5,1,1,1,1.0,1.0,9,0,0,0.0,0.0,1,1,1,1.0,1.0
family_ablation,qwen3.5:4b,autonomous_depth_only,state_101,DSUB_Male,0.6,1,1,1,1.0,1.0,9,0,0,0.0,0.0,1,1,1,1.0,1.0
family_ablation,qwen3.5:4b,autonomous_depth_only,state_101,DSUB_Male,0.65,1,1,1,1.0,1.0,9,0,0,0.0,0.0,1,1,1,1.0,1.0
family_ablation,qwen3.5:4b,autonomous_depth_only,state_101,DSUB_Male,0.7,1,1,1,1.0,1.0,9,0,0,0.0,0.0,1,1,1,1.0,1.0
family_ablation,qwen3.5:4b,autonomous_depth_only,state_101,DSUB_Male,0.8,1,1,1,1.0,1.0,9,0,0,0.0,0.0,1,1,1,1.0,1.0
family_ablation,qwen3.5:4b,autonomous_depth_only,state_101,DSUB_Male,0.9,1,0,0,0.0,0.0,9,0,0,0.0,0.0,1,0,0,0.0,0.0
family_ablation,qwen3.5:4b,autonomous_depth_only,state_101,DSUB_Male,0.95,1,0,0,0.0,0.0,9,0,0,0.0,0.0,1,0,0,0.0,0.0
family_ablation,qwen3.5:4b,autonomous_depth_only,state_101,DSUB_Male,0.97,1,0,0,0.0,0.0,9,0,0,0.0,0.0,1,0,0,0.0,0.0
family_ablation,qwen3.5:4b,autonomous_depth_only,state_101,DSUB_Male,0.98,1,0,0,0.0,0.0,9,0,0,0.0,0.0,1,0,0,0.0,0.0
family_ablation,qwen3.5:4b,autonomous_depth_only,state_101,DSUB_Male,0.99,1,0,0,0.0,0.0,9,0,0,0.0,0.0,1,0,0,0.0,0.0
family_ablation,qwen3.5:4b,autonomous_depth_only,state_101,DSUB_Male,0.995,1,0,0,0.0,0.0,9,0,0,0.0,0.0,1,0,0,0.0,0.0
family_ablation,qwen3.5:4b,autonomous_depth_only,state_101,DSUB_Male,0.999,1,0,0,0.0,0.0,9,0,0,0.0,0.0,1,0,0,0.0,0.0
family_ablation,qwen3.5:4b,autonomous_depth_only,state_101,DSUB_Male,0.9999,1,0,0,0.0,0.0,9,0,0,0.0,0.0,1,0,0,0.0,0.0
family_ablation,qwen3.5:4b,autonomous_depth_only,state_101,DSUB_Male,0.99999,1,0,0,0.0,0.0,9,0,0,0.0,0.0,1,0,0,0.0,0.0
family_ablation,qwen3.5:4b,autonomous_depth_only,state_101,DSUB_Male,0.999999,1,0,0,0.0,0.0,9,0,0,0.0,0.0,1,0,0,0.0,0.0
family_ablation,qwen3.5:4b,autonomous_depth_only,state_202,gear,0.4,9,9,9,1.0,1.0,24,3,3,0.125,0.125,3,3,3,1.0,1.0
family_ablation,qwen3.5:4b,autonomous_depth_only,state_202,gear,0.5,9,9,9,1.0,1.0,24,3,3,0.125,0.125,3,3,3,1.0,1.0
family_ablation,qwen3.5:4b,autonomous_depth_only,state_202,gear,0.6,9,9,9,1.0,1.0,24,3,3,0.125,0.125,3,3,3,1.0,1.0
family_ablation,qwen3.5:4b,autonomous_depth_only,state_202,gear,0.65,9,9,9,1.0,1.0,24,3,3,0.125,0.125,3,3,3,1.0,1.0
family_ablation,qwen3.5:4b,autonomous_depth_only,state_202,gear,0.7,9,9,9,1.0,1.0,24,0,0,0.0,0.0,3,3,3,1.0,1.0
family_ablation,qwen3.5:4b,autonomous_depth_only,state_202,gear,0.8,9,6,6,0.6666666666666666,0.6666666666666666,24,0,0,0.0,0.0,3,2,2,0.6666666666666666,0.6666666666666666
family_ablation,qwen3.5:4b,autonomous_depth_only,state_202,gear,0.9,9,3,3,0.3333333333333333,0.3333333333333333,24,0,0,0.0,0.0,3,1,1,0.3333333333333333,0.3333333333333333
family_ablation,qwen3.5:4b,autonomous_depth_only,state_202,gear,0.95,9,0,0,0.0,0.0,24,0,0,0.0,0.0,3,0,0,0.0,0.0
family_ablation,qwen3.5:4b,autonomous_depth_only,state_202,gear,0.97,9,0,0,0.0,0.0,24,0,0,0.0,0.0,3,0,0,0.0,0.0
family_ablation,qwen3.5:4b,autonomous_depth_only,state_202,gear,0.98,9,0,0,0.0,0.0,24,0,0,0.0,0.0,3,0,0,0.0,0.0
family_ablation,qwen3.5:4b,autonomous_depth_only,state_202,gear,0.99,9,0,0,0.0,0.0,24,0,0,0.0,0.0,3,0,0,0.0,0.0
family_ablation,qwen3.5:4b,autonomous_depth_only,state_202,gear,0.995,9,0,0,0.0,0.0,24,0,0,0.0,0.0,3,0,0,0.0,0.0
family_ablation,qwen3.5:4b,autonomous_depth_only,state_202,gear,0.999,9,0,0,0.0,0.0,24,0,0,0.0,0.0,3,0,0,0.0,0.0
family_ablation,qwen3.5:4b,autonomous_depth_only,state_202,gear,0.9999,9,0,0,0.0,0.0,24,0,0,0.0,0.0,3,0,0,0.0,0.0
family_ablation,qwen3.5:4b,autonomous_depth_only,state_202,gear,0.99999,9,0,0,0.0,0.0,24,0,0,0.0,0.0,3,0,0,0.0,0.0
family_ablation,qwen3.5:4b,autonomous_depth_only,state_202,gear,0.999999,9,0,0,0.0,0.0,24,0,0,0.0,0.0,3,0,0,0.0,0.0
family_ablation,qwen3.5:4b,autonomous_depth_only,state_202,hex_nut,0.4,4,4,4,1.0,1.0,18,0,0,0.0,0.0,2,2,2,1.0,1.0
family_ablation,qwen3.5:4b,autonomous_depth_only,state_202,hex_nut,0.5,4,4,4,1.0,1.0,18,0,0,0.0,0.0,2,2,2,1.0,1.0
family_ablation,qwen3.5:4b,autonomous_depth_only,state_202,hex_nut,0.6,4,4,4,1.0,1.0,18,0,0,0.0,0.0,2,2,2,1.0,1.0
family_ablation,qwen3.5:4b,autonomous_depth_only,state_202,hex_nut,0.65,4,4,4,1.0,1.0,18,0,0,0.0,0.0,2,2,2,1.0,1.0
family_ablation,qwen3.5:4b,autonomous_depth_only,state_202,hex_nut,0.7,4,4,4,1.0,1.0,18,0,0,0.0,0.0,2,2,2,1.0,1.0
family_ablation,qwen3.5:4b,autonomous_depth_only,state_202,hex_nut,0.8,4,2,2,0.5,0.5,18,0,0,0.0,0.0,2,1,1,0.5,0.5
family_ablation,qwen3.5:4b,autonomous_depth_only,state_202,hex_nut,0.9,4,0,0,0.0,0.0,18,0,0,0.0,0.0,2,0,0,0.0,0.0
family_ablation,qwen3.5:4b,autonomous_depth_only,state_202,hex_nut,0.95,4,0,0,0.0,0.0,18,0,0,0.0,0.0,2,0,0,0.0,0.0
family_ablation,qwen3.5:4b,autonomous_depth_only,state_202,hex_nut,0.97,4,0,0,0.0,0.0,18,0,0,0.0,0.0,2,0,0,0.0,0.0
family_ablation,qwen3.5:4b,autonomous_depth_only,state_202,hex_nut,0.98,4,0,0,0.0,0.0,18,0,0,0.0,0.0,2,0,0,0.0,0.0
family_ablation,qwen3.5:4b,autonomous_depth_only,state_202,hex_nut,0.99,4,0,0,0.0,0.0,18,0,0,0.0,0.0,2,0,0,0.0,0.0
family_ablation,qwen3.5:4b,autonomous_depth_only,state_202,hex_nut,0.995,4,0,0,0.0,0.0,18,0,0,0.0,0.0,2,0,0,0.0,0.0
family_ablation,qwen3.5:4b,autonomous_depth_only,state_202,hex_nut,0.999,4,0,0,0.0,0.0,18,0,0,0.0,0.0,2,0,0,0.0,0.0
family_ablation,qwen3.5:4b,autonomous_depth_only,state_202,hex_nut,0.9999,4,0,0,0.0,0.0,18,0,0,0.0,0.0,2,0,0,0.0,0.0
family_ablation,qwen3.5:4b,autonomous_depth_only,state_202,hex_nut,0.99999,4,0,0,0.0,0.0,18,0,0,0.0,0.0,2,0,0,0.0,0.0
family_ablation,qwen3.5:4b,autonomous_depth_only,state_202,hex_nut,0.999999,4,0,0,0.0,0.0,18,0,0,0.0,0.0,2,0,0,0.0,0.0
family_ablation,qwen3.5:4b,autonomous_depth_only,state_202,round_pin,0.4,9,9,9,1.0,1.0,24,0,0,0.0,0.0,3,3,3,1.0,1.0
family_ablation,qwen3.5:4b,autonomous_depth_only,state_202,round_pin,0.5,9,9,9,1.0,1.0,24,0,0,0.0,0.0,3,3,3,1.0,1.0
family_ablation,qwen3.5:4b,autonomous_depth_only,state_202,round_pin,0.6,9,9,9,1.0,1.0,24,0,0,0.0,0.0,3,3,3,1.0,1.0
family_ablation,qwen3.5:4b,autonomous_depth_only,state_202,round_pin,0.65,9,9,9,1.0,1.0,24,0,0,0.0,0.0,3,3,3,1.0,1.0
family_ablation,qwen3.5:4b,autonomous_depth_only,state_202,round_pin,0.7,9,9,9,1.0,1.0,24,0,0,0.0,0.0,3,3,3,1.0,1.0
family_ablation,qwen3.5:4b,autonomous_depth_only,state_202,round_pin,0.8,9,9,9,1.0,1.0,24,0,0,0.0,0.0,3,3,3,1.0,1.0
family_ablation,qwen3.5:4b,autonomous_depth_only,state_202,round_pin,0.9,9,6,6,0.6666666666666666,0.6666666666666666,24,0,0,0.0,0.0,3,2,2,0.6666666666666666,0.6666666666666666
family_ablation,qwen3.5:4b,autonomous_depth_only,state_202,round_pin,0.95,9,0,0,0.0,0.0,24,0,0,0.0,0.0,3,0,0,0.0,0.0
family_ablation,qwen3.5:4b,autonomous_depth_only,state_202,round_pin,0.97,9,0,0,0.0,0.0,24,0,0,0.0,0.0,3,0,0,0.0,0.0
family_ablation,qwen3.5:4b,autonomous_depth_only,state_202,round_pin,0.98,9,0,0,0.0,0.0,24,0,0,0.0,0.0,3,0,0,0.0,0.0
family_ablation,qwen3.5:4b,autonomous_depth_only,state_202,round_pin,0.99,9,0,0,0.0,0.0,24,0,0,0.0,0.0,3,0,0,0.0,0.0
family_ablation,qwen3.5:4b,autonomous_depth_only,state_202,round_pin,0.995,9,0,0,0.0,0.0,24,0,0,0.0,0.0,3,0,0,0.0,0.0
family_ablation,qwen3.5:4b,autonomous_depth_only,state_202,round_pin,0.999,9,0,0,0.0,0.0,24,0,0,0.0,0.0,3,0,0,0.0,0.0
family_ablation,qwen3.5:4b,autonomous_depth_only,state_202,round_pin,0.9999,9,0,0,0.0,0.0,24,0,0,0.0,0.0,3,0,0,0.0,0.0
family_ablation,qwen3.5:4b,autonomous_depth_only,state_202,round_pin,0.99999,9,0,0,0.0,0.0,24,0,0,0.0,0.0,3,0,0,0.0,0.0
family_ablation,qwen3.5:4b,autonomous_depth_only,state_202,round_pin,0.999999,9,0,0,0.0,0.0,24,0,0,0.0,0.0,3,0,0,0.0,0.0
family_ablation,qwen3.5:4b,autonomous_depth_only,state_202,Waterproof_Male,0.4,1,1,1,1.0,1.0,10,3,3,0.3,0.3,1,1,1,1.0,1.0
family_ablation,qwen3.5:4b,autonomous_depth_only,state_202,Waterproof_Male,0.5,1,1,1,1.0,1.0,10,2,2,0.2,0.2,1,1,1,1.0,1.0
family_ablation,qwen3.5:4b,autonomous_depth_only,state_202,Waterproof_Male,0.6,1,1,1,1.0,1.0,10,2,2,0.2,0.2,1,1,1,1.0,1.0
family_ablation,qwen3.5:4b,autonomous_depth_only,state_202,Waterproof_Male,0.65,1,1,1,1.0,1.0,10,2,2,0.2,0.2,1,1,1,1.0,1.0
family_ablation,qwen3.5:4b,autonomous_depth_only,state_202,Waterproof_Male,0.7,1,1,1,1.0,1.0,10,2,2,0.2,0.2,1,1,1,1.0,1.0
family_ablation,qwen3.5:4b,autonomous_depth_only,state_202,Waterproof_Male,0.8,1,1,1,1.0,1.0,10,1,1,0.1,0.1,1,1,1,1.0,1.0
family_ablation,qwen3.5:4b,autonomous_depth_only,state_202,Waterproof_Male,0.9,1,0,0,0.0,0.0,10,0,0,0.0,0.0,1,0,0,0.0,0.0
family_ablation,qwen3.5:4b,autonomous_depth_only,state_202,Waterproof_Male,0.95,1,0,0,0.0,0.0,10,0,0,0.0,0.0,1,0,0,0.0,0.0
family_ablation,qwen3.5:4b,autonomous_depth_only,state_202,Waterproof_Male,0.97,1,0,0,0.0,0.0,10,0,0,0.0,0.0,1,0,0,0.0,0.0
family_ablation,qwen3.5:4b,autonomous_depth_only,state_202,Waterproof_Male,0.98,1,0,0,0.0,0.0,10,0,0,0.0,0.0,1,0,0,0.0,0.0
family_ablation,qwen3.5:4b,autonomous_depth_only,state_202,Waterproof_Male,0.99,1,0,0,0.0,0.0,10,0,0,0.0,0.0,1,0,0,0.0,0.0
family_ablation,qwen3.5:4b,autonomous_depth_only,state_202,Waterproof_Male,0.995,1,0,0,0.0,0.0,10,0,0,0.0,0.0,1,0,0,0.0,0.0
family_ablation,qwen3.5:4b,autonomous_depth_only,state_202,Waterproof_Male,0.999,1,0,0,0.0,0.0,10,0,0,0.0,0.0,1,0,0,0.0,0.0
family_ablation,qwen3.5:4b,autonomous_depth_only,state_202,Waterproof_Male,0.9999,1,0,0,0.0,0.0,10,0,0,0.0,0.0,1,0,0,0.0,0.0
family_ablation,qwen3.5:4b,autonomous_depth_only,state_202,Waterproof_Male,0.99999,1,0,0,0.0,0.0,10,0,0,0.0,0.0,1,0,0,0.0,0.0
family_ablation,qwen3.5:4b,autonomous_depth_only,state_202,Waterproof_Male,0.999999,1,0,0,0.0,0.0,10,0,0,0.0,0.0,1,0,0,0.0,0.0
family_ablation,qwen3.5:4b,autonomous_depth_only,state_202,USB_Male,0.4,1,1,1,1.0,1.0,10,0,0,0.0,0.0,1,1,1,1.0,1.0
family_ablation,qwen3.5:4b,autonomous_depth_only,state_202,USB_Male,0.5,1,1,1,1.0,1.0,10,0,0,0.0,0.0,1,1,1,1.0,1.0
family_ablation,qwen3.5:4b,autonomous_depth_only,state_202,USB_Male,0.6,1,1,1,1.0,1.0,10,0,0,0.0,0.0,1,1,1,1.0,1.0
family_ablation,qwen3.5:4b,autonomous_depth_only,state_202,USB_Male,0.65,1,1,1,1.0,1.0,10,0,0,0.0,0.0,1,1,1,1.0,1.0
family_ablation,qwen3.5:4b,autonomous_depth_only,state_202,USB_Male,0.7,1,1,1,1.0,1.0,10,0,0,0.0,0.0,1,1,1,1.0,1.0
family_ablation,qwen3.5:4b,autonomous_depth_only,state_202,USB_Male,0.8,1,1,1,1.0,1.0,10,0,0,0.0,0.0,1,1,1,1.0,1.0
family_ablation,qwen3.5:4b,autonomous_depth_only,state_202,USB_Male,0.9,1,1,1,1.0,1.0,10,0,0,0.0,0.0,1,1,1,1.0,1.0
family_ablation,qwen3.5:4b,autonomous_depth_only,state_202,USB_Male,0.95,1,0,0,0.0,0.0,10,0,0,0.0,0.0,1,0,0,0.0,0.0
family_ablation,qwen3.5:4b,autonomous_depth_only,state_202,USB_Male,0.97,1,0,0,0.0,0.0,10,0,0,0.0,0.0,1,0,0,0.0,0.0
family_ablation,qwen3.5:4b,autonomous_depth_only,state_202,USB_Male,0.98,1,0,0,0.0,0.0,10,0,0,0.0,0.0,1,0,0,0.0,0.0
family_ablation,qwen3.5:4b,autonomous_depth_only,state_202,USB_Male,0.99,1,0,0,0.0,0.0,10,0,0,0.0,0.0,1,0,0,0.0,0.0
family_ablation,qwen3.5:4b,autonomous_depth_only,state_202,USB_Male,0.995,1,0,0,0.0,0.0,10,0,0,0.0,0.0,1,0,0,0.0,0.0
family_ablation,qwen3.5:4b,autonomous_depth_only,state_202,USB_Male,0.999,1,0,0,0.0,0.0,10,0,0,0.0,0.0,1,0,0,0.0,0.0
family_ablation,qwen3.5:4b,autonomous_depth_only,state_202,USB_Male,0.9999,1,0,0,0.0,0.0,10,0,0,0.0,0.0,1,0,0,0.0,0.0
family_ablation,qwen3.5:4b,autonomous_depth_only,state_202,USB_Male,0.99999,1,0,0,0.0,0.0,10,0,0,0.0,0.0,1,0,0,0.0,0.0
family_ablation,qwen3.5:4b,autonomous_depth_only,state_202,USB_Male,0.999999,1,0,0,0.0,0.0,10,0,0,0.0,0.0,1,0,0,0.0,0.0
family_ablation,qwen3.5:4b,autonomous_depth_only,state_202,DSUB_Male,0.4,1,1,1,1.0,1.0,10,2,2,0.2,0.2,1,1,1,1.0,1.0
family_ablation,qwen3.5:4b,autonomous_depth_only,state_202,DSUB_Male,0.5,1,1,1,1.0,1.0,10,2,2,0.2,0.2,1,1,1,1.0,1.0
family_ablation,qwen3.5:4b,autonomous_depth_only,state_202,DSUB_Male,0.6,1,1,1,1.0,1.0,10,1,1,0.1,0.1,1,1,1,1.0,1.0
family_ablation,qwen3.5:4b,autonomous_depth_only,state_202,DSUB_Male,0.65,1,1,1,1.0,1.0,10,1,1,0.1,0.1,1,1,1,1.0,1.0
family_ablation,qwen3.5:4b,autonomous_depth_only,state_202,DSUB_Male,0.7,1,1,1,1.0,1.0,10,1,1,0.1,0.1,1,1,1,1.0,1.0
family_ablation,qwen3.5:4b,autonomous_depth_only,state_202,DSUB_Male,0.8,1,1,1,1.0,1.0,10,0,0,0.0,0.0,1,1,1,1.0,1.0
family_ablation,qwen3.5:4b,autonomous_depth_only,state_202,DSUB_Male,0.9,1,0,0,0.0,0.0,10,0,0,0.0,0.0,1,0,0,0.0,0.0
family_ablation,qwen3.5:4b,autonomous_depth_only,state_202,DSUB_Male,0.95,1,0,0,0.0,0.0,10,0,0,0.0,0.0,1,0,0,0.0,0.0
family_ablation,qwen3.5:4b,autonomous_depth_only,state_202,DSUB_Male,0.97,1,0,0,0.0,0.0,10,0,0,0.0,0.0,1,0,0,0.0,0.0
family_ablation,qwen3.5:4b,autonomous_depth_only,state_202,DSUB_Male,0.98,1,0,0,0.0,0.0,10,0,0,0.0,0.0,1,0,0,0.0,0.0
family_ablation,qwen3.5:4b,autonomous_depth_only,state_202,DSUB_Male,0.99,1,0,0,0.0,0.0,10,0,0,0.0,0.0,1,0,0,0.0,0.0
family_ablation,qwen3.5:4b,autonomous_depth_only,state_202,DSUB_Male,0.995,1,0,0,0.0,0.0,10,0,0,0.0,0.0,1,0,0,0.0,0.0
family_ablation,qwen3.5:4b,autonomous_depth_only,state_202,DSUB_Male,0.999,1,0,0,0.0,0.0,10,0,0,0.0,0.0,1,0,0,0.0,0.0
family_ablation,qwen3.5:4b,autonomous_depth_only,state_202,DSUB_Male,0.9999,1,0,0,0.0,0.0,10,0,0,0.0,0.0,1,0,0,0.0,0.0
family_ablation,qwen3.5:4b,autonomous_depth_only,state_202,DSUB_Male,0.99999,1,0,0,0.0,0.0,10,0,0,0.0,0.0,1,0,0,0.0,0.0
family_ablation,qwen3.5:4b,autonomous_depth_only,state_202,DSUB_Male,0.999999,1,0,0,0.0,0.0,10,0,0,0.0,0.0,1,0,0,0.0,0.0
family_ablation,qwen3.5:4b,autonomous_depth_only,state_303,gear,0.4,9,9,9,1.0,1.0,21,6,6,0.2857142857142857,0.2857142857142857,3,3,3,1.0,1.0
family_ablation,qwen3.5:4b,autonomous_depth_only,state_303,gear,0.5,9,9,9,1.0,1.0,21,6,6,0.2857142857142857,0.2857142857142857,3,3,3,1.0,1.0
family_ablation,qwen3.5:4b,autonomous_depth_only,state_303,gear,0.6,9,9,9,1.0,1.0,21,6,6,0.2857142857142857,0.2857142857142857,3,3,3,1.0,1.0
family_ablation,qwen3.5:4b,autonomous_depth_only,state_303,gear,0.65,9,9,9,1.0,1.0,21,6,6,0.2857142857142857,0.2857142857142857,3,3,3,1.0,1.0
family_ablation,qwen3.5:4b,autonomous_depth_only,state_303,gear,0.7,9,9,9,1.0,1.0,21,3,3,0.14285714285714285,0.14285714285714285,3,3,3,1.0,1.0
family_ablation,qwen3.5:4b,autonomous_depth_only,state_303,gear,0.8,9,9,9,1.0,1.0,21,0,0,0.0,0.0,3,3,3,1.0,1.0
family_ablation,qwen3.5:4b,autonomous_depth_only,state_303,gear,0.9,9,9,9,1.0,1.0,21,0,0,0.0,0.0,3,3,3,1.0,1.0
family_ablation,qwen3.5:4b,autonomous_depth_only,state_303,gear,0.95,9,0,0,0.0,0.0,21,0,0,0.0,0.0,3,0,0,0.0,0.0
family_ablation,qwen3.5:4b,autonomous_depth_only,state_303,gear,0.97,9,0,0,0.0,0.0,21,0,0,0.0,0.0,3,0,0,0.0,0.0
family_ablation,qwen3.5:4b,autonomous_depth_only,state_303,gear,0.98,9,0,0,0.0,0.0,21,0,0,0.0,0.0,3,0,0,0.0,0.0
family_ablation,qwen3.5:4b,autonomous_depth_only,state_303,gear,0.99,9,0,0,0.0,0.0,21,0,0,0.0,0.0,3,0,0,0.0,0.0
family_ablation,qwen3.5:4b,autonomous_depth_only,state_303,gear,0.995,9,0,0,0.0,0.0,21,0,0,0.0,0.0,3,0,0,0.0,0.0
family_ablation,qwen3.5:4b,autonomous_depth_only,state_303,gear,0.999,9,0,0,0.0,0.0,21,0,0,0.0,0.0,3,0,0,0.0,0.0
family_ablation,qwen3.5:4b,autonomous_depth_only,state_303,gear,0.9999,9,0,0,0.0,0.0,21,0,0,0.0,0.0,3,0,0,0.0,0.0
family_ablation,qwen3.5:4b,autonomous_depth_only,state_303,gear,0.99999,9,0,0,0.0,0.0,21,0,0,0.0,0.0,3,0,0,0.0,0.0
family_ablation,qwen3.5:4b,autonomous_depth_only,state_303,gear,0.999999,9,0,0,0.0,0.0,21,0,0,0.0,0.0,3,0,0,0.0,0.0
family_ablation,qwen3.5:4b,autonomous_depth_only,state_303,hex_nut,0.4,4,4,4,1.0,1.0,16,0,0,0.0,0.0,2,2,2,1.0,1.0
family_ablation,qwen3.5:4b,autonomous_depth_only,state_303,hex_nut,0.5,4,0,0,0.0,0.0,16,0,0,0.0,0.0,2,0,0,0.0,0.0
family_ablation,qwen3.5:4b,autonomous_depth_only,state_303,hex_nut,0.6,4,0,0,0.0,0.0,16,0,0,0.0,0.0,2,0,0,0.0,0.0
family_ablation,qwen3.5:4b,autonomous_depth_only,state_303,hex_nut,0.65,4,0,0,0.0,0.0,16,0,0,0.0,0.0,2,0,0,0.0,0.0
family_ablation,qwen3.5:4b,autonomous_depth_only,state_303,hex_nut,0.7,4,0,0,0.0,0.0,16,0,0,0.0,0.0,2,0,0,0.0,0.0
family_ablation,qwen3.5:4b,autonomous_depth_only,state_303,hex_nut,0.8,4,0,0,0.0,0.0,16,0,0,0.0,0.0,2,0,0,0.0,0.0
family_ablation,qwen3.5:4b,autonomous_depth_only,state_303,hex_nut,0.9,4,0,0,0.0,0.0,16,0,0,0.0,0.0,2,0,0,0.0,0.0
family_ablation,qwen3.5:4b,autonomous_depth_only,state_303,hex_nut,0.95,4,0,0,0.0,0.0,16,0,0,0.0,0.0,2,0,0,0.0,0.0
family_ablation,qwen3.5:4b,autonomous_depth_only,state_303,hex_nut,0.97,4,0,0,0.0,0.0,16,0,0,0.0,0.0,2,0,0,0.0,0.0
family_ablation,qwen3.5:4b,autonomous_depth_only,state_303,hex_nut,0.98,4,0,0,0.0,0.0,16,0,0,0.0,0.0,2,0,0,0.0,0.0
family_ablation,qwen3.5:4b,autonomous_depth_only,state_303,hex_nut,0.99,4,0,0,0.0,0.0,16,0,0,0.0,0.0,2,0,0,0.0,0.0
family_ablation,qwen3.5:4b,autonomous_depth_only,state_303,hex_nut,0.995,4,0,0,0.0,0.0,16,0,0,0.0,0.0,2,0,0,0.0,0.0
family_ablation,qwen3.5:4b,autonomous_depth_only,state_303,hex_nut,0.999,4,0,0,0.0,0.0,16,0,0,0.0,0.0,2,0,0,0.0,0.0
family_ablation,qwen3.5:4b,autonomous_depth_only,state_303,hex_nut,0.9999,4,0,0,0.0,0.0,16,0,0,0.0,0.0,2,0,0,0.0,0.0
family_ablation,qwen3.5:4b,autonomous_depth_only,state_303,hex_nut,0.99999,4,0,0,0.0,0.0,16,0,0,0.0,0.0,2,0,0,0.0,0.0
family_ablation,qwen3.5:4b,autonomous_depth_only,state_303,hex_nut,0.999999,4,0,0,0.0,0.0,16,0,0,0.0,0.0,2,0,0,0.0,0.0
family_ablation,qwen3.5:4b,autonomous_depth_only,state_303,round_pin,0.4,9,9,9,1.0,1.0,21,0,0,0.0,0.0,3,3,3,1.0,1.0
family_ablation,qwen3.5:4b,autonomous_depth_only,state_303,round_pin,0.5,9,9,9,1.0,1.0,21,0,0,0.0,0.0,3,3,3,1.0,1.0
family_ablation,qwen3.5:4b,autonomous_depth_only,state_303,round_pin,0.6,9,9,9,1.0,1.0,21,0,0,0.0,0.0,3,3,3,1.0,1.0
family_ablation,qwen3.5:4b,autonomous_depth_only,state_303,round_pin,0.65,9,9,9,1.0,1.0,21,0,0,0.0,0.0,3,3,3,1.0,1.0
family_ablation,qwen3.5:4b,autonomous_depth_only,state_303,round_pin,0.7,9,9,9,1.0,1.0,21,0,0,0.0,0.0,3,3,3,1.0,1.0
family_ablation,qwen3.5:4b,autonomous_depth_only,state_303,round_pin,0.8,9,9,9,1.0,1.0,21,0,0,0.0,0.0,3,3,3,1.0,1.0
family_ablation,qwen3.5:4b,autonomous_depth_only,state_303,round_pin,0.9,9,6,6,0.6666666666666666,0.6666666666666666,21,0,0,0.0,0.0,3,2,2,0.6666666666666666,0.6666666666666666
family_ablation,qwen3.5:4b,autonomous_depth_only,state_303,round_pin,0.95,9,0,0,0.0,0.0,21,0,0,0.0,0.0,3,0,0,0.0,0.0
family_ablation,qwen3.5:4b,autonomous_depth_only,state_303,round_pin,0.97,9,0,0,0.0,0.0,21,0,0,0.0,0.0,3,0,0,0.0,0.0
family_ablation,qwen3.5:4b,autonomous_depth_only,state_303,round_pin,0.98,9,0,0,0.0,0.0,21,0,0,0.0,0.0,3,0,0,0.0,0.0
family_ablation,qwen3.5:4b,autonomous_depth_only,state_303,round_pin,0.99,9,0,0,0.0,0.0,21,0,0,0.0,0.0,3,0,0,0.0,0.0
family_ablation,qwen3.5:4b,autonomous_depth_only,state_303,round_pin,0.995,9,0,0,0.0,0.0,21,0,0,0.0,0.0,3,0,0,0.0,0.0
family_ablation,qwen3.5:4b,autonomous_depth_only,state_303,round_pin,0.999,9,0,0,0.0,0.0,21,0,0,0.0,0.0,3,0,0,0.0,0.0
family_ablation,qwen3.5:4b,autonomous_depth_only,state_303,round_pin,0.9999,9,0,0,0.0,0.0,21,0,0,0.0,0.0,3,0,0,0.0,0.0
family_ablation,qwen3.5:4b,autonomous_depth_only,state_303,round_pin,0.99999,9,0,0,0.0,0.0,21,0,0,0.0,0.0,3,0,0,0.0,0.0
family_ablation,qwen3.5:4b,autonomous_depth_only,state_303,round_pin,0.999999,9,0,0,0.0,0.0,21,0,0,0.0,0.0,3,0,0,0.0,0.0
family_ablation,qwen3.5:4b,autonomous_depth_only,state_303,Waterproof_Male,0.4,1,1,1,1.0,1.0,9,3,3,0.3333333333333333,0.3333333333333333,1,1,1,1.0,1.0
family_ablation,qwen3.5:4b,autonomous_depth_only,state_303,Waterproof_Male,0.5,1,1,1,1.0,1.0,9,2,2,0.2222222222222222,0.2222222222222222,1,1,1,1.0,1.0
family_ablation,qwen3.5:4b,autonomous_depth_only,state_303,Waterproof_Male,0.6,1,1,1,1.0,1.0,9,2,2,0.2222222222222222,0.2222222222222222,1,1,1,1.0,1.0
family_ablation,qwen3.5:4b,autonomous_depth_only,state_303,Waterproof_Male,0.65,1,1,1,1.0,1.0,9,2,2,0.2222222222222222,0.2222222222222222,1,1,1,1.0,1.0
family_ablation,qwen3.5:4b,autonomous_depth_only,state_303,Waterproof_Male,0.7,1,1,1,1.0,1.0,9,1,1,0.1111111111111111,0.1111111111111111,1,1,1,1.0,1.0
family_ablation,qwen3.5:4b,autonomous_depth_only,state_303,Waterproof_Male,0.8,1,0,0,0.0,0.0,9,1,1,0.1111111111111111,0.1111111111111111,1,0,0,0.0,0.0
family_ablation,qwen3.5:4b,autonomous_depth_only,state_303,Waterproof_Male,0.9,1,0,0,0.0,0.0,9,0,0,0.0,0.0,1,0,0,0.0,0.0
family_ablation,qwen3.5:4b,autonomous_depth_only,state_303,Waterproof_Male,0.95,1,0,0,0.0,0.0,9,0,0,0.0,0.0,1,0,0,0.0,0.0
family_ablation,qwen3.5:4b,autonomous_depth_only,state_303,Waterproof_Male,0.97,1,0,0,0.0,0.0,9,0,0,0.0,0.0,1,0,0,0.0,0.0
family_ablation,qwen3.5:4b,autonomous_depth_only,state_303,Waterproof_Male,0.98,1,0,0,0.0,0.0,9,0,0,0.0,0.0,1,0,0,0.0,0.0
family_ablation,qwen3.5:4b,autonomous_depth_only,state_303,Waterproof_Male,0.99,1,0,0,0.0,0.0,9,0,0,0.0,0.0,1,0,0,0.0,0.0
family_ablation,qwen3.5:4b,autonomous_depth_only,state_303,Waterproof_Male,0.995,1,0,0,0.0,0.0,9,0,0,0.0,0.0,1,0,0,0.0,0.0
family_ablation,qwen3.5:4b,autonomous_depth_only,state_303,Waterproof_Male,0.999,1,0,0,0.0,0.0,9,0,0,0.0,0.0,1,0,0,0.0,0.0
family_ablation,qwen3.5:4b,autonomous_depth_only,state_303,Waterproof_Male,0.9999,1,0,0,0.0,0.0,9,0,0,0.0,0.0,1,0,0,0.0,0.0
family_ablation,qwen3.5:4b,autonomous_depth_only,state_303,Waterproof_Male,0.99999,1,0,0,0.0,0.0,9,0,0,0.0,0.0,1,0,0,0.0,0.0
family_ablation,qwen3.5:4b,autonomous_depth_only,state_303,Waterproof_Male,0.999999,1,0,0,0.0,0.0,9,0,0,0.0,0.0,1,0,0,0.0,0.0
family_ablation,qwen3.5:4b,autonomous_depth_only,state_303,DSUB_Male,0.4,1,1,1,1.0,1.0,9,1,1,0.1111111111111111,0.1111111111111111,1,1,1,1.0,1.0
family_ablation,qwen3.5:4b,autonomous_depth_only,state_303,DSUB_Male,0.5,1,1,1,1.0,1.0,9,1,1,0.1111111111111111,0.1111111111111111,1,1,1,1.0,1.0
family_ablation,qwen3.5:4b,autonomous_depth_only,state_303,DSUB_Male,0.6,1,1,1,1.0,1.0,9,0,0,0.0,0.0,1,1,1,1.0,1.0
family_ablation,qwen3.5:4b,autonomous_depth_only,state_303,DSUB_Male,0.65,1,1,1,1.0,1.0,9,0,0,0.0,0.0,1,1,1,1.0,1.0
family_ablation,qwen3.5:4b,autonomous_depth_only,state_303,DSUB_Male,0.7,1,1,1,1.0,1.0,9,0,0,0.0,0.0,1,1,1,1.0,1.0
family_ablation,qwen3.5:4b,autonomous_depth_only,state_303,DSUB_Male,0.8,1,1,1,1.0,1.0,9,0,0,0.0,0.0,1,1,1,1.0,1.0
family_ablation,qwen3.5:4b,autonomous_depth_only,state_303,DSUB_Male,0.9,1,0,0,0.0,0.0,9,0,0,0.0,0.0,1,0,0,0.0,0.0
family_ablation,qwen3.5:4b,autonomous_depth_only,state_303,DSUB_Male,0.95,1,0,0,0.0,0.0,9,0,0,0.0,0.0,1,0,0,0.0,0.0
family_ablation,qwen3.5:4b,autonomous_depth_only,state_303,DSUB_Male,0.97,1,0,0,0.0,0.0,9,0,0,0.0,0.0,1,0,0,0.0,0.0
family_ablation,qwen3.5:4b,autonomous_depth_only,state_303,DSUB_Male,0.98,1,0,0,0.0,0.0,9,0,0,0.0,0.0,1,0,0,0.0,0.0
family_ablation,qwen3.5:4b,autonomous_depth_only,state_303,DSUB_Male,0.99,1,0,0,0.0,0.0,9,0,0,0.0,0.0,1,0,0,0.0,0.0
family_ablation,qwen3.5:4b,autonomous_depth_only,state_303,DSUB_Male,0.995,1,0,0,0.0,0.0,9,0,0,0.0,0.0,1,0,0,0.0,0.0
family_ablation,qwen3.5:4b,autonomous_depth_only,state_303,DSUB_Male,0.999,1,0,0,0.0,0.0,9,0,0,0.0,0.0,1,0,0,0.0,0.0
family_ablation,qwen3.5:4b,autonomous_depth_only,state_303,DSUB_Male,0.9999,1,0,0,0.0,0.0,9,0,0,0.0,0.0,1,0,0,0.0,0.0
family_ablation,qwen3.5:4b,autonomous_depth_only,state_303,DSUB_Male,0.99999,1,0,0,0.0,0.0,9,0,0,0.0,0.0,1,0,0,0.0,0.0
family_ablation,qwen3.5:4b,autonomous_depth_only,state_303,DSUB_Male,0.999999,1,0,0,0.0,0.0,9,0,0,0.0,0.0,1,0,0,0.0,0.0
family_ablation,qwen3.5:4b,autonomous_depth_only,all,gear,0.4,36,36,36,1.0,1.0,90,21,21,0.23333333333333334,0.23333333333333334,12,12,12,1.0,1.0
family_ablation,qwen3.5:4b,autonomous_depth_only,all,gear,0.5,36,36,36,1.0,1.0,90,15,15,0.16666666666666666,0.16666666666666666,12,12,12,1.0,1.0
family_ablation,qwen3.5:4b,autonomous_depth_only,all,gear,0.6,36,36,36,1.0,1.0,90,15,15,0.16666666666666666,0.16666666666666666,12,12,12,1.0,1.0
family_ablation,qwen3.5:4b,autonomous_depth_only,all,gear,0.65,36,36,36,1.0,1.0,90,15,15,0.16666666666666666,0.16666666666666666,12,12,12,1.0,1.0
family_ablation,qwen3.5:4b,autonomous_depth_only,all,gear,0.7,36,36,36,1.0,1.0,90,9,9,0.1,0.1,12,12,12,1.0,1.0
family_ablation,qwen3.5:4b,autonomous_depth_only,all,gear,0.8,36,30,30,0.8333333333333334,0.8333333333333334,90,3,3,0.03333333333333333,0.03333333333333333,12,10,10,0.8333333333333334,0.8333333333333334
family_ablation,qwen3.5:4b,autonomous_depth_only,all,gear,0.9,36,24,24,0.6666666666666666,0.6666666666666666,90,0,0,0.0,0.0,12,8,8,0.6666666666666666,0.6666666666666666
family_ablation,qwen3.5:4b,autonomous_depth_only,all,gear,0.95,36,0,0,0.0,0.0,90,0,0,0.0,0.0,12,0,0,0.0,0.0
family_ablation,qwen3.5:4b,autonomous_depth_only,all,gear,0.97,36,0,0,0.0,0.0,90,0,0,0.0,0.0,12,0,0,0.0,0.0
family_ablation,qwen3.5:4b,autonomous_depth_only,all,gear,0.98,36,0,0,0.0,0.0,90,0,0,0.0,0.0,12,0,0,0.0,0.0
family_ablation,qwen3.5:4b,autonomous_depth_only,all,gear,0.99,36,0,0,0.0,0.0,90,0,0,0.0,0.0,12,0,0,0.0,0.0
family_ablation,qwen3.5:4b,autonomous_depth_only,all,gear,0.995,36,0,0,0.0,0.0,90,0,0,0.0,0.0,12,0,0,0.0,0.0
family_ablation,qwen3.5:4b,autonomous_depth_only,all,gear,0.999,36,0,0,0.0,0.0,90,0,0,0.0,0.0,12,0,0,0.0,0.0
family_ablation,qwen3.5:4b,autonomous_depth_only,all,gear,0.9999,36,0,0,0.0,0.0,90,0,0,0.0,0.0,12,0,0,0.0,0.0
family_ablation,qwen3.5:4b,autonomous_depth_only,all,gear,0.99999,36,0,0,0.0,0.0,90,0,0,0.0,0.0,12,0,0,0.0,0.0
family_ablation,qwen3.5:4b,autonomous_depth_only,all,gear,0.999999,36,0,0,0.0,0.0,90,0,0,0.0,0.0,12,0,0,0.0,0.0
family_ablation,qwen3.5:4b,autonomous_depth_only,all,hex_nut,0.4,16,14,14,0.875,0.875,68,0,0,0.0,0.0,8,7,7,0.875,0.875
family_ablation,qwen3.5:4b,autonomous_depth_only,all,hex_nut,0.5,16,10,10,0.625,0.625,68,0,0,0.0,0.0,8,5,5,0.625,0.625
family_ablation,qwen3.5:4b,autonomous_depth_only,all,hex_nut,0.6,16,10,10,0.625,0.625,68,0,0,0.0,0.0,8,5,5,0.625,0.625
family_ablation,qwen3.5:4b,autonomous_depth_only,all,hex_nut,0.65,16,10,10,0.625,0.625,68,0,0,0.0,0.0,8,5,5,0.625,0.625
family_ablation,qwen3.5:4b,autonomous_depth_only,all,hex_nut,0.7,16,8,8,0.5,0.5,68,0,0,0.0,0.0,8,4,4,0.5,0.5
family_ablation,qwen3.5:4b,autonomous_depth_only,all,hex_nut,0.8,16,2,2,0.125,0.125,68,0,0,0.0,0.0,8,1,1,0.125,0.125
family_ablation,qwen3.5:4b,autonomous_depth_only,all,hex_nut,0.9,16,0,0,0.0,0.0,68,0,0,0.0,0.0,8,0,0,0.0,0.0
family_ablation,qwen3.5:4b,autonomous_depth_only,all,hex_nut,0.95,16,0,0,0.0,0.0,68,0,0,0.0,0.0,8,0,0,0.0,0.0
family_ablation,qwen3.5:4b,autonomous_depth_only,all,hex_nut,0.97,16,0,0,0.0,0.0,68,0,0,0.0,0.0,8,0,0,0.0,0.0
family_ablation,qwen3.5:4b,autonomous_depth_only,all,hex_nut,0.98,16,0,0,0.0,0.0,68,0,0,0.0,0.0,8,0,0,0.0,0.0
family_ablation,qwen3.5:4b,autonomous_depth_only,all,hex_nut,0.99,16,0,0,0.0,0.0,68,0,0,0.0,0.0,8,0,0,0.0,0.0
family_ablation,qwen3.5:4b,autonomous_depth_only,all,hex_nut,0.995,16,0,0,0.0,0.0,68,0,0,0.0,0.0,8,0,0,0.0,0.0
family_ablation,qwen3.5:4b,autonomous_depth_only,all,hex_nut,0.999,16,0,0,0.0,0.0,68,0,0,0.0,0.0,8,0,0,0.0,0.0
family_ablation,qwen3.5:4b,autonomous_depth_only,all,hex_nut,0.9999,16,0,0,0.0,0.0,68,0,0,0.0,0.0,8,0,0,0.0,0.0
family_ablation,qwen3.5:4b,autonomous_depth_only,all,hex_nut,0.99999,16,0,0,0.0,0.0,68,0,0,0.0,0.0,8,0,0,0.0,0.0
family_ablation,qwen3.5:4b,autonomous_depth_only,all,hex_nut,0.999999,16,0,0,0.0,0.0,68,0,0,0.0,0.0,8,0,0,0.0,0.0
family_ablation,qwen3.5:4b,autonomous_depth_only,all,round_pin,0.4,36,36,36,1.0,1.0,90,3,3,0.03333333333333333,0.03333333333333333,12,12,12,1.0,1.0
family_ablation,qwen3.5:4b,autonomous_depth_only,all,round_pin,0.5,36,36,36,1.0,1.0,90,0,0,0.0,0.0,12,12,12,1.0,1.0
family_ablation,qwen3.5:4b,autonomous_depth_only,all,round_pin,0.6,36,36,36,1.0,1.0,90,0,0,0.0,0.0,12,12,12,1.0,1.0
family_ablation,qwen3.5:4b,autonomous_depth_only,all,round_pin,0.65,36,36,36,1.0,1.0,90,0,0,0.0,0.0,12,12,12,1.0,1.0
family_ablation,qwen3.5:4b,autonomous_depth_only,all,round_pin,0.7,36,36,36,1.0,1.0,90,0,0,0.0,0.0,12,12,12,1.0,1.0
family_ablation,qwen3.5:4b,autonomous_depth_only,all,round_pin,0.8,36,36,36,1.0,1.0,90,0,0,0.0,0.0,12,12,12,1.0,1.0
family_ablation,qwen3.5:4b,autonomous_depth_only,all,round_pin,0.9,36,18,18,0.5,0.5,90,0,0,0.0,0.0,12,6,6,0.5,0.5
family_ablation,qwen3.5:4b,autonomous_depth_only,all,round_pin,0.95,36,0,0,0.0,0.0,90,0,0,0.0,0.0,12,0,0,0.0,0.0
family_ablation,qwen3.5:4b,autonomous_depth_only,all,round_pin,0.97,36,0,0,0.0,0.0,90,0,0,0.0,0.0,12,0,0,0.0,0.0
family_ablation,qwen3.5:4b,autonomous_depth_only,all,round_pin,0.98,36,0,0,0.0,0.0,90,0,0,0.0,0.0,12,0,0,0.0,0.0
family_ablation,qwen3.5:4b,autonomous_depth_only,all,round_pin,0.99,36,0,0,0.0,0.0,90,0,0,0.0,0.0,12,0,0,0.0,0.0
family_ablation,qwen3.5:4b,autonomous_depth_only,all,round_pin,0.995,36,0,0,0.0,0.0,90,0,0,0.0,0.0,12,0,0,0.0,0.0
family_ablation,qwen3.5:4b,autonomous_depth_only,all,round_pin,0.999,36,0,0,0.0,0.0,90,0,0,0.0,0.0,12,0,0,0.0,0.0
family_ablation,qwen3.5:4b,autonomous_depth_only,all,round_pin,0.9999,36,0,0,0.0,0.0,90,0,0,0.0,0.0,12,0,0,0.0,0.0
family_ablation,qwen3.5:4b,autonomous_depth_only,all,round_pin,0.99999,36,0,0,0.0,0.0,90,0,0,0.0,0.0,12,0,0,0.0,0.0
family_ablation,qwen3.5:4b,autonomous_depth_only,all,round_pin,0.999999,36,0,0,0.0,0.0,90,0,0,0.0,0.0,12,0,0,0.0,0.0
family_ablation,qwen3.5:4b,autonomous_depth_only,all,Waterproof_Male,0.4,4,4,4,1.0,1.0,38,13,13,0.34210526315789475,0.34210526315789475,4,4,4,1.0,1.0
family_ablation,qwen3.5:4b,autonomous_depth_only,all,Waterproof_Male,0.5,4,4,4,1.0,1.0,38,10,10,0.2631578947368421,0.2631578947368421,4,4,4,1.0,1.0
family_ablation,qwen3.5:4b,autonomous_depth_only,all,Waterproof_Male,0.6,4,4,4,1.0,1.0,38,6,6,0.15789473684210525,0.15789473684210525,4,4,4,1.0,1.0
family_ablation,qwen3.5:4b,autonomous_depth_only,all,Waterproof_Male,0.65,4,4,4,1.0,1.0,38,5,5,0.13157894736842105,0.13157894736842105,4,4,4,1.0,1.0
family_ablation,qwen3.5:4b,autonomous_depth_only,all,Waterproof_Male,0.7,4,4,4,1.0,1.0,38,4,4,0.10526315789473684,0.10526315789473684,4,4,4,1.0,1.0
family_ablation,qwen3.5:4b,autonomous_depth_only,all,Waterproof_Male,0.8,4,3,3,0.75,0.75,38,3,3,0.07894736842105263,0.07894736842105263,4,3,3,0.75,0.75
family_ablation,qwen3.5:4b,autonomous_depth_only,all,Waterproof_Male,0.9,4,0,0,0.0,0.0,38,0,0,0.0,0.0,4,0,0,0.0,0.0
family_ablation,qwen3.5:4b,autonomous_depth_only,all,Waterproof_Male,0.95,4,0,0,0.0,0.0,38,0,0,0.0,0.0,4,0,0,0.0,0.0
family_ablation,qwen3.5:4b,autonomous_depth_only,all,Waterproof_Male,0.97,4,0,0,0.0,0.0,38,0,0,0.0,0.0,4,0,0,0.0,0.0
family_ablation,qwen3.5:4b,autonomous_depth_only,all,Waterproof_Male,0.98,4,0,0,0.0,0.0,38,0,0,0.0,0.0,4,0,0,0.0,0.0
family_ablation,qwen3.5:4b,autonomous_depth_only,all,Waterproof_Male,0.99,4,0,0,0.0,0.0,38,0,0,0.0,0.0,4,0,0,0.0,0.0
family_ablation,qwen3.5:4b,autonomous_depth_only,all,Waterproof_Male,0.995,4,0,0,0.0,0.0,38,0,0,0.0,0.0,4,0,0,0.0,0.0
family_ablation,qwen3.5:4b,autonomous_depth_only,all,Waterproof_Male,0.999,4,0,0,0.0,0.0,38,0,0,0.0,0.0,4,0,0,0.0,0.0
family_ablation,qwen3.5:4b,autonomous_depth_only,all,Waterproof_Male,0.9999,4,0,0,0.0,0.0,38,0,0,0.0,0.0,4,0,0,0.0,0.0
family_ablation,qwen3.5:4b,autonomous_depth_only,all,Waterproof_Male,0.99999,4,0,0,0.0,0.0,38,0,0,0.0,0.0,4,0,0,0.0,0.0
family_ablation,qwen3.5:4b,autonomous_depth_only,all,Waterproof_Male,0.999999,4,0,0,0.0,0.0,38,0,0,0.0,0.0,4,0,0,0.0,0.0
family_ablation,qwen3.5:4b,autonomous_depth_only,all,USB_Male,0.4,2,2,2,1.0,1.0,40,0,0,0.0,0.0,2,2,2,1.0,1.0
family_ablation,qwen3.5:4b,autonomous_depth_only,all,USB_Male,0.5,2,2,2,1.0,1.0,40,0,0,0.0,0.0,2,2,2,1.0,1.0
family_ablation,qwen3.5:4b,autonomous_depth_only,all,USB_Male,0.6,2,2,2,1.0,1.0,40,0,0,0.0,0.0,2,2,2,1.0,1.0
family_ablation,qwen3.5:4b,autonomous_depth_only,all,USB_Male,0.65,2,2,2,1.0,1.0,40,0,0,0.0,0.0,2,2,2,1.0,1.0
family_ablation,qwen3.5:4b,autonomous_depth_only,all,USB_Male,0.7,2,2,2,1.0,1.0,40,0,0,0.0,0.0,2,2,2,1.0,1.0
family_ablation,qwen3.5:4b,autonomous_depth_only,all,USB_Male,0.8,2,2,2,1.0,1.0,40,0,0,0.0,0.0,2,2,2,1.0,1.0
family_ablation,qwen3.5:4b,autonomous_depth_only,all,USB_Male,0.9,2,1,1,0.5,0.5,40,0,0,0.0,0.0,2,1,1,0.5,0.5
family_ablation,qwen3.5:4b,autonomous_depth_only,all,USB_Male,0.95,2,0,0,0.0,0.0,40,0,0,0.0,0.0,2,0,0,0.0,0.0
family_ablation,qwen3.5:4b,autonomous_depth_only,all,USB_Male,0.97,2,0,0,0.0,0.0,40,0,0,0.0,0.0,2,0,0,0.0,0.0
family_ablation,qwen3.5:4b,autonomous_depth_only,all,USB_Male,0.98,2,0,0,0.0,0.0,40,0,0,0.0,0.0,2,0,0,0.0,0.0
family_ablation,qwen3.5:4b,autonomous_depth_only,all,USB_Male,0.99,2,0,0,0.0,0.0,40,0,0,0.0,0.0,2,0,0,0.0,0.0
family_ablation,qwen3.5:4b,autonomous_depth_only,all,USB_Male,0.995,2,0,0,0.0,0.0,40,0,0,0.0,0.0,2,0,0,0.0,0.0
family_ablation,qwen3.5:4b,autonomous_depth_only,all,USB_Male,0.999,2,0,0,0.0,0.0,40,0,0,0.0,0.0,2,0,0,0.0,0.0
family_ablation,qwen3.5:4b,autonomous_depth_only,all,USB_Male,0.9999,2,0,0,0.0,0.0,40,0,0,0.0,0.0,2,0,0,0.0,0.0
family_ablation,qwen3.5:4b,autonomous_depth_only,all,USB_Male,0.99999,2,0,0,0.0,0.0,40,0,0,0.0,0.0,2,0,0,0.0,0.0
family_ablation,qwen3.5:4b,autonomous_depth_only,all,USB_Male,0.999999,2,0,0,0.0,0.0,40,0,0,0.0,0.0,2,0,0,0.0,0.0
family_ablation,qwen3.5:4b,autonomous_depth_only,all,DSUB_Male,0.4,4,4,4,1.0,1.0,38,5,5,0.13157894736842105,0.13157894736842105,4,4,4,1.0,1.0
family_ablation,qwen3.5:4b,autonomous_depth_only,all,DSUB_Male,0.5,4,4,4,1.0,1.0,38,4,4,0.10526315789473684,0.10526315789473684,4,4,4,1.0,1.0
family_ablation,qwen3.5:4b,autonomous_depth_only,all,DSUB_Male,0.6,4,4,4,1.0,1.0,38,2,2,0.05263157894736842,0.05263157894736842,4,4,4,1.0,1.0
family_ablation,qwen3.5:4b,autonomous_depth_only,all,DSUB_Male,0.65,4,4,4,1.0,1.0,38,2,2,0.05263157894736842,0.05263157894736842,4,4,4,1.0,1.0
family_ablation,qwen3.5:4b,autonomous_depth_only,all,DSUB_Male,0.7,4,4,4,1.0,1.0,38,2,2,0.05263157894736842,0.05263157894736842,4,4,4,1.0,1.0
family_ablation,qwen3.5:4b,autonomous_depth_only,all,DSUB_Male,0.8,4,4,4,1.0,1.0,38,0,0,0.0,0.0,4,4,4,1.0,1.0
family_ablation,qwen3.5:4b,autonomous_depth_only,all,DSUB_Male,0.9,4,0,0,0.0,0.0,38,0,0,0.0,0.0,4,0,0,0.0,0.0
family_ablation,qwen3.5:4b,autonomous_depth_only,all,DSUB_Male,0.95,4,0,0,0.0,0.0,38,0,0,0.0,0.0,4,0,0,0.0,0.0
family_ablation,qwen3.5:4b,autonomous_depth_only,all,DSUB_Male,0.97,4,0,0,0.0,0.0,38,0,0,0.0,0.0,4,0,0,0.0,0.0
family_ablation,qwen3.5:4b,autonomous_depth_only,all,DSUB_Male,0.98,4,0,0,0.0,0.0,38,0,0,0.0,0.0,4,0,0,0.0,0.0
family_ablation,qwen3.5:4b,autonomous_depth_only,all,DSUB_Male,0.99,4,0,0,0.0,0.0,38,0,0,0.0,0.0,4,0,0,0.0,0.0
family_ablation,qwen3.5:4b,autonomous_depth_only,all,DSUB_Male,0.995,4,0,0,0.0,0.0,38,0,0,0.0,0.0,4,0,0,0.0,0.0
family_ablation,qwen3.5:4b,autonomous_depth_only,all,DSUB_Male,0.999,4,0,0,0.0,0.0,38,0,0,0.0,0.0,4,0,0,0.0,0.0
family_ablation,qwen3.5:4b,autonomous_depth_only,all,DSUB_Male,0.9999,4,0,0,0.0,0.0,38,0,0,0.0,0.0,4,0,0,0.0,0.0
family_ablation,qwen3.5:4b,autonomous_depth_only,all,DSUB_Male,0.99999,4,0,0,0.0,0.0,38,0,0,0.0,0.0,4,0,0,0.0,0.0
family_ablation,qwen3.5:4b,autonomous_depth_only,all,DSUB_Male,0.999999,4,0,0,0.0,0.0,38,0,0,0.0,0.0,4,0,0,0.0,0.0
baseline,qwen3.5:9b,all_crops,original,gear,0.4,9,9,9,1.0,1.0,24,6,6,0.25,0.25,3,3,3,1.0,1.0
baseline,qwen3.5:9b,all_crops,original,gear,0.5,9,9,9,1.0,1.0,24,6,6,0.25,0.25,3,3,3,1.0,1.0
baseline,qwen3.5:9b,all_crops,original,gear,0.6,9,9,9,1.0,1.0,24,6,6,0.25,0.25,3,3,3,1.0,1.0
baseline,qwen3.5:9b,all_crops,original,gear,0.65,9,9,9,1.0,1.0,24,6,6,0.25,0.25,3,3,3,1.0,1.0
baseline,qwen3.5:9b,all_crops,original,gear,0.7,9,9,9,1.0,1.0,24,6,6,0.25,0.25,3,3,3,1.0,1.0
baseline,qwen3.5:9b,all_crops,original,gear,0.8,9,9,9,1.0,1.0,24,6,6,0.25,0.25,3,3,3,1.0,1.0
baseline,qwen3.5:9b,all_crops,original,gear,0.9,9,9,9,1.0,1.0,24,6,6,0.25,0.25,3,3,3,1.0,1.0
baseline,qwen3.5:9b,all_crops,original,gear,0.95,9,9,9,1.0,1.0,24,5,5,0.20833333333333334,0.20833333333333334,3,3,3,1.0,1.0
baseline,qwen3.5:9b,all_crops,original,gear,0.97,9,9,9,1.0,1.0,24,3,3,0.125,0.125,3,3,3,1.0,1.0
baseline,qwen3.5:9b,all_crops,original,gear,0.98,9,6,6,0.6666666666666666,0.6666666666666666,24,0,0,0.0,0.0,3,2,2,0.6666666666666666,0.6666666666666666
baseline,qwen3.5:9b,all_crops,original,gear,0.99,9,4,4,0.4444444444444444,0.4444444444444444,24,0,0,0.0,0.0,3,1,1,0.3333333333333333,0.3333333333333333
baseline,qwen3.5:9b,all_crops,original,gear,0.995,9,0,0,0.0,0.0,24,0,0,0.0,0.0,3,0,0,0.0,0.0
baseline,qwen3.5:9b,all_crops,original,gear,0.999,9,0,0,0.0,0.0,24,0,0,0.0,0.0,3,0,0,0.0,0.0
baseline,qwen3.5:9b,all_crops,original,gear,0.9999,9,0,0,0.0,0.0,24,0,0,0.0,0.0,3,0,0,0.0,0.0
baseline,qwen3.5:9b,all_crops,original,gear,0.99999,9,0,0,0.0,0.0,24,0,0,0.0,0.0,3,0,0,0.0,0.0
baseline,qwen3.5:9b,all_crops,original,gear,0.999999,9,0,0,0.0,0.0,24,0,0,0.0,0.0,3,0,0,0.0,0.0
baseline,qwen3.5:9b,all_crops,original,hex_nut,0.4,4,4,4,1.0,1.0,18,0,0,0.0,0.0,2,2,2,1.0,1.0
baseline,qwen3.5:9b,all_crops,original,hex_nut,0.5,4,4,4,1.0,1.0,18,0,0,0.0,0.0,2,2,2,1.0,1.0
baseline,qwen3.5:9b,all_crops,original,hex_nut,0.6,4,4,4,1.0,1.0,18,0,0,0.0,0.0,2,2,2,1.0,1.0
baseline,qwen3.5:9b,all_crops,original,hex_nut,0.65,4,4,4,1.0,1.0,18,0,0,0.0,0.0,2,2,2,1.0,1.0
baseline,qwen3.5:9b,all_crops,original,hex_nut,0.7,4,4,4,1.0,1.0,18,0,0,0.0,0.0,2,2,2,1.0,1.0
baseline,qwen3.5:9b,all_crops,original,hex_nut,0.8,4,4,4,1.0,1.0,18,0,0,0.0,0.0,2,2,2,1.0,1.0
baseline,qwen3.5:9b,all_crops,original,hex_nut,0.9,4,4,4,1.0,1.0,18,0,0,0.0,0.0,2,2,2,1.0,1.0
baseline,qwen3.5:9b,all_crops,original,hex_nut,0.95,4,4,4,1.0,1.0,18,0,0,0.0,0.0,2,2,2,1.0,1.0
baseline,qwen3.5:9b,all_crops,original,hex_nut,0.97,4,3,3,0.75,0.75,18,0,0,0.0,0.0,2,1,1,0.5,0.5
baseline,qwen3.5:9b,all_crops,original,hex_nut,0.98,4,1,1,0.25,0.25,18,0,0,0.0,0.0,2,0,0,0.0,0.0
baseline,qwen3.5:9b,all_crops,original,hex_nut,0.99,4,0,0,0.0,0.0,18,0,0,0.0,0.0,2,0,0,0.0,0.0
baseline,qwen3.5:9b,all_crops,original,hex_nut,0.995,4,0,0,0.0,0.0,18,0,0,0.0,0.0,2,0,0,0.0,0.0
baseline,qwen3.5:9b,all_crops,original,hex_nut,0.999,4,0,0,0.0,0.0,18,0,0,0.0,0.0,2,0,0,0.0,0.0
baseline,qwen3.5:9b,all_crops,original,hex_nut,0.9999,4,0,0,0.0,0.0,18,0,0,0.0,0.0,2,0,0,0.0,0.0
baseline,qwen3.5:9b,all_crops,original,hex_nut,0.99999,4,0,0,0.0,0.0,18,0,0,0.0,0.0,2,0,0,0.0,0.0
baseline,qwen3.5:9b,all_crops,original,hex_nut,0.999999,4,0,0,0.0,0.0,18,0,0,0.0,0.0,2,0,0,0.0,0.0
baseline,qwen3.5:9b,all_crops,original,round_pin,0.4,9,9,9,1.0,1.0,24,21,21,0.875,0.875,3,3,3,1.0,1.0
baseline,qwen3.5:9b,all_crops,original,round_pin,0.5,9,9,9,1.0,1.0,24,21,21,0.875,0.875,3,3,3,1.0,1.0
baseline,qwen3.5:9b,all_crops,original,round_pin,0.6,9,9,9,1.0,1.0,24,21,21,0.875,0.875,3,3,3,1.0,1.0
baseline,qwen3.5:9b,all_crops,original,round_pin,0.65,9,9,9,1.0,1.0,24,19,19,0.7916666666666666,0.7916666666666666,3,3,3,1.0,1.0
baseline,qwen3.5:9b,all_crops,original,round_pin,0.7,9,9,9,1.0,1.0,24,18,18,0.75,0.75,3,3,3,1.0,1.0
baseline,qwen3.5:9b,all_crops,original,round_pin,0.8,9,9,9,1.0,1.0,24,13,13,0.5416666666666666,0.5416666666666666,3,3,3,1.0,1.0
baseline,qwen3.5:9b,all_crops,original,round_pin,0.9,9,9,9,1.0,1.0,24,3,3,0.125,0.125,3,3,3,1.0,1.0
baseline,qwen3.5:9b,all_crops,original,round_pin,0.95,9,9,9,1.0,1.0,24,0,0,0.0,0.0,3,3,3,1.0,1.0
baseline,qwen3.5:9b,all_crops,original,round_pin,0.97,9,9,9,1.0,1.0,24,0,0,0.0,0.0,3,3,3,1.0,1.0
baseline,qwen3.5:9b,all_crops,original,round_pin,0.98,9,9,9,1.0,1.0,24,0,0,0.0,0.0,3,3,3,1.0,1.0
baseline,qwen3.5:9b,all_crops,original,round_pin,0.99,9,0,0,0.0,0.0,24,0,0,0.0,0.0,3,0,0,0.0,0.0
baseline,qwen3.5:9b,all_crops,original,round_pin,0.995,9,0,0,0.0,0.0,24,0,0,0.0,0.0,3,0,0,0.0,0.0
baseline,qwen3.5:9b,all_crops,original,round_pin,0.999,9,0,0,0.0,0.0,24,0,0,0.0,0.0,3,0,0,0.0,0.0
baseline,qwen3.5:9b,all_crops,original,round_pin,0.9999,9,0,0,0.0,0.0,24,0,0,0.0,0.0,3,0,0,0.0,0.0
baseline,qwen3.5:9b,all_crops,original,round_pin,0.99999,9,0,0,0.0,0.0,24,0,0,0.0,0.0,3,0,0,0.0,0.0
baseline,qwen3.5:9b,all_crops,original,round_pin,0.999999,9,0,0,0.0,0.0,24,0,0,0.0,0.0,3,0,0,0.0,0.0
baseline,qwen3.5:9b,all_crops,original,Waterproof_Male,0.4,1,1,1,1.0,1.0,10,4,4,0.4,0.4,1,1,1,1.0,1.0
baseline,qwen3.5:9b,all_crops,original,Waterproof_Male,0.5,1,1,1,1.0,1.0,10,4,4,0.4,0.4,1,1,1,1.0,1.0
baseline,qwen3.5:9b,all_crops,original,Waterproof_Male,0.6,1,1,1,1.0,1.0,10,4,4,0.4,0.4,1,1,1,1.0,1.0
baseline,qwen3.5:9b,all_crops,original,Waterproof_Male,0.65,1,1,1,1.0,1.0,10,4,4,0.4,0.4,1,1,1,1.0,1.0
baseline,qwen3.5:9b,all_crops,original,Waterproof_Male,0.7,1,1,1,1.0,1.0,10,4,4,0.4,0.4,1,1,1,1.0,1.0
baseline,qwen3.5:9b,all_crops,original,Waterproof_Male,0.8,1,1,1,1.0,1.0,10,2,2,0.2,0.2,1,1,1,1.0,1.0
baseline,qwen3.5:9b,all_crops,original,Waterproof_Male,0.9,1,1,1,1.0,1.0,10,2,2,0.2,0.2,1,1,1,1.0,1.0
baseline,qwen3.5:9b,all_crops,original,Waterproof_Male,0.95,1,1,1,1.0,1.0,10,2,2,0.2,0.2,1,1,1,1.0,1.0
baseline,qwen3.5:9b,all_crops,original,Waterproof_Male,0.97,1,1,1,1.0,1.0,10,1,1,0.1,0.1,1,1,1,1.0,1.0
baseline,qwen3.5:9b,all_crops,original,Waterproof_Male,0.98,1,1,1,1.0,1.0,10,1,1,0.1,0.1,1,1,1,1.0,1.0
baseline,qwen3.5:9b,all_crops,original,Waterproof_Male,0.99,1,0,0,0.0,0.0,10,0,0,0.0,0.0,1,0,0,0.0,0.0
baseline,qwen3.5:9b,all_crops,original,Waterproof_Male,0.995,1,0,0,0.0,0.0,10,0,0,0.0,0.0,1,0,0,0.0,0.0
baseline,qwen3.5:9b,all_crops,original,Waterproof_Male,0.999,1,0,0,0.0,0.0,10,0,0,0.0,0.0,1,0,0,0.0,0.0
baseline,qwen3.5:9b,all_crops,original,Waterproof_Male,0.9999,1,0,0,0.0,0.0,10,0,0,0.0,0.0,1,0,0,0.0,0.0
baseline,qwen3.5:9b,all_crops,original,Waterproof_Male,0.99999,1,0,0,0.0,0.0,10,0,0,0.0,0.0,1,0,0,0.0,0.0
baseline,qwen3.5:9b,all_crops,original,Waterproof_Male,0.999999,1,0,0,0.0,0.0,10,0,0,0.0,0.0,1,0,0,0.0,0.0
baseline,qwen3.5:9b,all_crops,original,USB_Male,0.4,1,1,1,1.0,1.0,10,0,0,0.0,0.0,1,1,1,1.0,1.0
baseline,qwen3.5:9b,all_crops,original,USB_Male,0.5,1,1,1,1.0,1.0,10,0,0,0.0,0.0,1,1,1,1.0,1.0
baseline,qwen3.5:9b,all_crops,original,USB_Male,0.6,1,1,1,1.0,1.0,10,0,0,0.0,0.0,1,1,1,1.0,1.0
baseline,qwen3.5:9b,all_crops,original,USB_Male,0.65,1,1,1,1.0,1.0,10,0,0,0.0,0.0,1,1,1,1.0,1.0
baseline,qwen3.5:9b,all_crops,original,USB_Male,0.7,1,1,1,1.0,1.0,10,0,0,0.0,0.0,1,1,1,1.0,1.0
baseline,qwen3.5:9b,all_crops,original,USB_Male,0.8,1,1,1,1.0,1.0,10,0,0,0.0,0.0,1,1,1,1.0,1.0
baseline,qwen3.5:9b,all_crops,original,USB_Male,0.9,1,1,1,1.0,1.0,10,0,0,0.0,0.0,1,1,1,1.0,1.0
baseline,qwen3.5:9b,all_crops,original,USB_Male,0.95,1,1,1,1.0,1.0,10,0,0,0.0,0.0,1,1,1,1.0,1.0
baseline,qwen3.5:9b,all_crops,original,USB_Male,0.97,1,1,1,1.0,1.0,10,0,0,0.0,0.0,1,1,1,1.0,1.0
baseline,qwen3.5:9b,all_crops,original,USB_Male,0.98,1,0,0,0.0,0.0,10,0,0,0.0,0.0,1,0,0,0.0,0.0
baseline,qwen3.5:9b,all_crops,original,USB_Male,0.99,1,0,0,0.0,0.0,10,0,0,0.0,0.0,1,0,0,0.0,0.0
baseline,qwen3.5:9b,all_crops,original,USB_Male,0.995,1,0,0,0.0,0.0,10,0,0,0.0,0.0,1,0,0,0.0,0.0
baseline,qwen3.5:9b,all_crops,original,USB_Male,0.999,1,0,0,0.0,0.0,10,0,0,0.0,0.0,1,0,0,0.0,0.0
baseline,qwen3.5:9b,all_crops,original,USB_Male,0.9999,1,0,0,0.0,0.0,10,0,0,0.0,0.0,1,0,0,0.0,0.0
baseline,qwen3.5:9b,all_crops,original,USB_Male,0.99999,1,0,0,0.0,0.0,10,0,0,0.0,0.0,1,0,0,0.0,0.0
baseline,qwen3.5:9b,all_crops,original,USB_Male,0.999999,1,0,0,0.0,0.0,10,0,0,0.0,0.0,1,0,0,0.0,0.0
baseline,qwen3.5:9b,all_crops,original,DSUB_Male,0.4,1,1,1,1.0,1.0,10,2,2,0.2,0.2,1,1,1,1.0,1.0
baseline,qwen3.5:9b,all_crops,original,DSUB_Male,0.5,1,1,1,1.0,1.0,10,2,2,0.2,0.2,1,1,1,1.0,1.0
baseline,qwen3.5:9b,all_crops,original,DSUB_Male,0.6,1,1,1,1.0,1.0,10,2,2,0.2,0.2,1,1,1,1.0,1.0
baseline,qwen3.5:9b,all_crops,original,DSUB_Male,0.65,1,1,1,1.0,1.0,10,2,2,0.2,0.2,1,1,1,1.0,1.0
baseline,qwen3.5:9b,all_crops,original,DSUB_Male,0.7,1,1,1,1.0,1.0,10,2,2,0.2,0.2,1,1,1,1.0,1.0
baseline,qwen3.5:9b,all_crops,original,DSUB_Male,0.8,1,1,1,1.0,1.0,10,2,2,0.2,0.2,1,1,1,1.0,1.0
baseline,qwen3.5:9b,all_crops,original,DSUB_Male,0.9,1,1,1,1.0,1.0,10,1,1,0.1,0.1,1,1,1,1.0,1.0
baseline,qwen3.5:9b,all_crops,original,DSUB_Male,0.95,1,1,1,1.0,1.0,10,1,1,0.1,0.1,1,1,1,1.0,1.0
baseline,qwen3.5:9b,all_crops,original,DSUB_Male,0.97,1,1,1,1.0,1.0,10,1,1,0.1,0.1,1,1,1,1.0,1.0
baseline,qwen3.5:9b,all_crops,original,DSUB_Male,0.98,1,1,1,1.0,1.0,10,0,0,0.0,0.0,1,1,1,1.0,1.0
baseline,qwen3.5:9b,all_crops,original,DSUB_Male,0.99,1,0,0,0.0,0.0,10,0,0,0.0,0.0,1,0,0,0.0,0.0
baseline,qwen3.5:9b,all_crops,original,DSUB_Male,0.995,1,0,0,0.0,0.0,10,0,0,0.0,0.0,1,0,0,0.0,0.0
baseline,qwen3.5:9b,all_crops,original,DSUB_Male,0.999,1,0,0,0.0,0.0,10,0,0,0.0,0.0,1,0,0,0.0,0.0
baseline,qwen3.5:9b,all_crops,original,DSUB_Male,0.9999,1,0,0,0.0,0.0,10,0,0,0.0,0.0,1,0,0,0.0,0.0
baseline,qwen3.5:9b,all_crops,original,DSUB_Male,0.99999,1,0,0,0.0,0.0,10,0,0,0.0,0.0,1,0,0,0.0,0.0
baseline,qwen3.5:9b,all_crops,original,DSUB_Male,0.999999,1,0,0,0.0,0.0,10,0,0,0.0,0.0,1,0,0,0.0,0.0
baseline,qwen3.5:9b,all_crops,state_101,gear,0.4,9,9,9,1.0,1.0,24,6,6,0.25,0.25,3,3,3,1.0,1.0
baseline,qwen3.5:9b,all_crops,state_101,gear,0.5,9,9,9,1.0,1.0,24,6,6,0.25,0.25,3,3,3,1.0,1.0
baseline,qwen3.5:9b,all_crops,state_101,gear,0.6,9,9,9,1.0,1.0,24,6,6,0.25,0.25,3,3,3,1.0,1.0
baseline,qwen3.5:9b,all_crops,state_101,gear,0.65,9,9,9,1.0,1.0,24,6,6,0.25,0.25,3,3,3,1.0,1.0
baseline,qwen3.5:9b,all_crops,state_101,gear,0.7,9,9,9,1.0,1.0,24,6,6,0.25,0.25,3,3,3,1.0,1.0
baseline,qwen3.5:9b,all_crops,state_101,gear,0.8,9,9,9,1.0,1.0,24,6,6,0.25,0.25,3,3,3,1.0,1.0
baseline,qwen3.5:9b,all_crops,state_101,gear,0.9,9,9,9,1.0,1.0,24,6,6,0.25,0.25,3,3,3,1.0,1.0
baseline,qwen3.5:9b,all_crops,state_101,gear,0.95,9,9,9,1.0,1.0,24,6,6,0.25,0.25,3,3,3,1.0,1.0
baseline,qwen3.5:9b,all_crops,state_101,gear,0.97,9,8,8,0.8888888888888888,0.8888888888888888,24,3,3,0.125,0.125,3,3,3,1.0,1.0
baseline,qwen3.5:9b,all_crops,state_101,gear,0.98,9,6,6,0.6666666666666666,0.6666666666666666,24,0,0,0.0,0.0,3,2,2,0.6666666666666666,0.6666666666666666
baseline,qwen3.5:9b,all_crops,state_101,gear,0.99,9,3,3,0.3333333333333333,0.3333333333333333,24,0,0,0.0,0.0,3,1,1,0.3333333333333333,0.3333333333333333
baseline,qwen3.5:9b,all_crops,state_101,gear,0.995,9,0,0,0.0,0.0,24,0,0,0.0,0.0,3,0,0,0.0,0.0
baseline,qwen3.5:9b,all_crops,state_101,gear,0.999,9,0,0,0.0,0.0,24,0,0,0.0,0.0,3,0,0,0.0,0.0
baseline,qwen3.5:9b,all_crops,state_101,gear,0.9999,9,0,0,0.0,0.0,24,0,0,0.0,0.0,3,0,0,0.0,0.0
baseline,qwen3.5:9b,all_crops,state_101,gear,0.99999,9,0,0,0.0,0.0,24,0,0,0.0,0.0,3,0,0,0.0,0.0
baseline,qwen3.5:9b,all_crops,state_101,gear,0.999999,9,0,0,0.0,0.0,24,0,0,0.0,0.0,3,0,0,0.0,0.0
baseline,qwen3.5:9b,all_crops,state_101,hex_nut,0.4,4,4,4,1.0,1.0,18,0,0,0.0,0.0,2,2,2,1.0,1.0
baseline,qwen3.5:9b,all_crops,state_101,hex_nut,0.5,4,4,4,1.0,1.0,18,0,0,0.0,0.0,2,2,2,1.0,1.0
baseline,qwen3.5:9b,all_crops,state_101,hex_nut,0.6,4,4,4,1.0,1.0,18,0,0,0.0,0.0,2,2,2,1.0,1.0
baseline,qwen3.5:9b,all_crops,state_101,hex_nut,0.65,4,4,4,1.0,1.0,18,0,0,0.0,0.0,2,2,2,1.0,1.0
baseline,qwen3.5:9b,all_crops,state_101,hex_nut,0.7,4,4,4,1.0,1.0,18,0,0,0.0,0.0,2,2,2,1.0,1.0
baseline,qwen3.5:9b,all_crops,state_101,hex_nut,0.8,4,4,4,1.0,1.0,18,0,0,0.0,0.0,2,2,2,1.0,1.0
baseline,qwen3.5:9b,all_crops,state_101,hex_nut,0.9,4,3,3,0.75,0.75,18,0,0,0.0,0.0,2,2,2,1.0,1.0
baseline,qwen3.5:9b,all_crops,state_101,hex_nut,0.95,4,2,2,0.5,0.5,18,0,0,0.0,0.0,2,1,1,0.5,0.5
baseline,qwen3.5:9b,all_crops,state_101,hex_nut,0.97,4,2,2,0.5,0.5,18,0,0,0.0,0.0,2,1,1,0.5,0.5
baseline,qwen3.5:9b,all_crops,state_101,hex_nut,0.98,4,0,0,0.0,0.0,18,0,0,0.0,0.0,2,0,0,0.0,0.0
baseline,qwen3.5:9b,all_crops,state_101,hex_nut,0.99,4,0,0,0.0,0.0,18,0,0,0.0,0.0,2,0,0,0.0,0.0
baseline,qwen3.5:9b,all_crops,state_101,hex_nut,0.995,4,0,0,0.0,0.0,18,0,0,0.0,0.0,2,0,0,0.0,0.0
baseline,qwen3.5:9b,all_crops,state_101,hex_nut,0.999,4,0,0,0.0,0.0,18,0,0,0.0,0.0,2,0,0,0.0,0.0
baseline,qwen3.5:9b,all_crops,state_101,hex_nut,0.9999,4,0,0,0.0,0.0,18,0,0,0.0,0.0,2,0,0,0.0,0.0
baseline,qwen3.5:9b,all_crops,state_101,hex_nut,0.99999,4,0,0,0.0,0.0,18,0,0,0.0,0.0,2,0,0,0.0,0.0
baseline,qwen3.5:9b,all_crops,state_101,hex_nut,0.999999,4,0,0,0.0,0.0,18,0,0,0.0,0.0,2,0,0,0.0,0.0
baseline,qwen3.5:9b,all_crops,state_101,round_pin,0.4,9,9,9,1.0,1.0,24,15,15,0.625,0.625,3,3,3,1.0,1.0
baseline,qwen3.5:9b,all_crops,state_101,round_pin,0.5,9,9,9,1.0,1.0,24,15,15,0.625,0.625,3,3,3,1.0,1.0
baseline,qwen3.5:9b,all_crops,state_101,round_pin,0.6,9,9,9,1.0,1.0,24,15,15,0.625,0.625,3,3,3,1.0,1.0
baseline,qwen3.5:9b,all_crops,state_101,round_pin,0.65,9,9,9,1.0,1.0,24,15,15,0.625,0.625,3,3,3,1.0,1.0
baseline,qwen3.5:9b,all_crops,state_101,round_pin,0.7,9,9,9,1.0,1.0,24,12,12,0.5,0.5,3,3,3,1.0,1.0
baseline,qwen3.5:9b,all_crops,state_101,round_pin,0.8,9,9,9,1.0,1.0,24,10,10,0.4166666666666667,0.4166666666666667,3,3,3,1.0,1.0
baseline,qwen3.5:9b,all_crops,state_101,round_pin,0.9,9,9,9,1.0,1.0,24,5,5,0.20833333333333334,0.20833333333333334,3,3,3,1.0,1.0
baseline,qwen3.5:9b,all_crops,state_101,round_pin,0.95,9,9,9,1.0,1.0,24,0,0,0.0,0.0,3,3,3,1.0,1.0
baseline,qwen3.5:9b,all_crops,state_101,round_pin,0.97,9,6,6,0.6666666666666666,0.6666666666666666,24,0,0,0.0,0.0,3,2,2,0.6666666666666666,0.6666666666666666
baseline,qwen3.5:9b,all_crops,state_101,round_pin,0.98,9,2,2,0.2222222222222222,0.2222222222222222,24,0,0,0.0,0.0,3,1,1,0.3333333333333333,0.3333333333333333
baseline,qwen3.5:9b,all_crops,state_101,round_pin,0.99,9,0,0,0.0,0.0,24,0,0,0.0,0.0,3,0,0,0.0,0.0
baseline,qwen3.5:9b,all_crops,state_101,round_pin,0.995,9,0,0,0.0,0.0,24,0,0,0.0,0.0,3,0,0,0.0,0.0
baseline,qwen3.5:9b,all_crops,state_101,round_pin,0.999,9,0,0,0.0,0.0,24,0,0,0.0,0.0,3,0,0,0.0,0.0
baseline,qwen3.5:9b,all_crops,state_101,round_pin,0.9999,9,0,0,0.0,0.0,24,0,0,0.0,0.0,3,0,0,0.0,0.0
baseline,qwen3.5:9b,all_crops,state_101,round_pin,0.99999,9,0,0,0.0,0.0,24,0,0,0.0,0.0,3,0,0,0.0,0.0
baseline,qwen3.5:9b,all_crops,state_101,round_pin,0.999999,9,0,0,0.0,0.0,24,0,0,0.0,0.0,3,0,0,0.0,0.0
baseline,qwen3.5:9b,all_crops,state_101,Waterproof_Male,0.4,1,1,1,1.0,1.0,10,4,4,0.4,0.4,1,1,1,1.0,1.0
baseline,qwen3.5:9b,all_crops,state_101,Waterproof_Male,0.5,1,1,1,1.0,1.0,10,4,4,0.4,0.4,1,1,1,1.0,1.0
baseline,qwen3.5:9b,all_crops,state_101,Waterproof_Male,0.6,1,1,1,1.0,1.0,10,4,4,0.4,0.4,1,1,1,1.0,1.0
baseline,qwen3.5:9b,all_crops,state_101,Waterproof_Male,0.65,1,1,1,1.0,1.0,10,4,4,0.4,0.4,1,1,1,1.0,1.0
baseline,qwen3.5:9b,all_crops,state_101,Waterproof_Male,0.7,1,1,1,1.0,1.0,10,4,4,0.4,0.4,1,1,1,1.0,1.0
baseline,qwen3.5:9b,all_crops,state_101,Waterproof_Male,0.8,1,1,1,1.0,1.0,10,3,3,0.3,0.3,1,1,1,1.0,1.0
baseline,qwen3.5:9b,all_crops,state_101,Waterproof_Male,0.9,1,1,1,1.0,1.0,10,2,2,0.2,0.2,1,1,1,1.0,1.0
baseline,qwen3.5:9b,all_crops,state_101,Waterproof_Male,0.95,1,1,1,1.0,1.0,10,2,2,0.2,0.2,1,1,1,1.0,1.0
baseline,qwen3.5:9b,all_crops,state_101,Waterproof_Male,0.97,1,1,1,1.0,1.0,10,2,2,0.2,0.2,1,1,1,1.0,1.0
baseline,qwen3.5:9b,all_crops,state_101,Waterproof_Male,0.98,1,1,1,1.0,1.0,10,0,0,0.0,0.0,1,1,1,1.0,1.0
baseline,qwen3.5:9b,all_crops,state_101,Waterproof_Male,0.99,1,0,0,0.0,0.0,10,0,0,0.0,0.0,1,0,0,0.0,0.0
baseline,qwen3.5:9b,all_crops,state_101,Waterproof_Male,0.995,1,0,0,0.0,0.0,10,0,0,0.0,0.0,1,0,0,0.0,0.0
baseline,qwen3.5:9b,all_crops,state_101,Waterproof_Male,0.999,1,0,0,0.0,0.0,10,0,0,0.0,0.0,1,0,0,0.0,0.0
baseline,qwen3.5:9b,all_crops,state_101,Waterproof_Male,0.9999,1,0,0,0.0,0.0,10,0,0,0.0,0.0,1,0,0,0.0,0.0
baseline,qwen3.5:9b,all_crops,state_101,Waterproof_Male,0.99999,1,0,0,0.0,0.0,10,0,0,0.0,0.0,1,0,0,0.0,0.0
baseline,qwen3.5:9b,all_crops,state_101,Waterproof_Male,0.999999,1,0,0,0.0,0.0,10,0,0,0.0,0.0,1,0,0,0.0,0.0
baseline,qwen3.5:9b,all_crops,state_101,USB_Male,0.4,1,1,1,1.0,1.0,10,1,1,0.1,0.1,1,1,1,1.0,1.0
baseline,qwen3.5:9b,all_crops,state_101,USB_Male,0.5,1,1,1,1.0,1.0,10,0,0,0.0,0.0,1,1,1,1.0,1.0
baseline,qwen3.5:9b,all_crops,state_101,USB_Male,0.6,1,1,1,1.0,1.0,10,0,0,0.0,0.0,1,1,1,1.0,1.0
baseline,qwen3.5:9b,all_crops,state_101,USB_Male,0.65,1,1,1,1.0,1.0,10,0,0,0.0,0.0,1,1,1,1.0,1.0
baseline,qwen3.5:9b,all_crops,state_101,USB_Male,0.7,1,1,1,1.0,1.0,10,0,0,0.0,0.0,1,1,1,1.0,1.0
baseline,qwen3.5:9b,all_crops,state_101,USB_Male,0.8,1,1,1,1.0,1.0,10,0,0,0.0,0.0,1,1,1,1.0,1.0
baseline,qwen3.5:9b,all_crops,state_101,USB_Male,0.9,1,1,1,1.0,1.0,10,0,0,0.0,0.0,1,1,1,1.0,1.0
baseline,qwen3.5:9b,all_crops,state_101,USB_Male,0.95,1,1,1,1.0,1.0,10,0,0,0.0,0.0,1,1,1,1.0,1.0
baseline,qwen3.5:9b,all_crops,state_101,USB_Male,0.97,1,1,1,1.0,1.0,10,0,0,0.0,0.0,1,1,1,1.0,1.0
baseline,qwen3.5:9b,all_crops,state_101,USB_Male,0.98,1,1,1,1.0,1.0,10,0,0,0.0,0.0,1,1,1,1.0,1.0
baseline,qwen3.5:9b,all_crops,state_101,USB_Male,0.99,1,0,0,0.0,0.0,10,0,0,0.0,0.0,1,0,0,0.0,0.0
baseline,qwen3.5:9b,all_crops,state_101,USB_Male,0.995,1,0,0,0.0,0.0,10,0,0,0.0,0.0,1,0,0,0.0,0.0
baseline,qwen3.5:9b,all_crops,state_101,USB_Male,0.999,1,0,0,0.0,0.0,10,0,0,0.0,0.0,1,0,0,0.0,0.0
baseline,qwen3.5:9b,all_crops,state_101,USB_Male,0.9999,1,0,0,0.0,0.0,10,0,0,0.0,0.0,1,0,0,0.0,0.0
baseline,qwen3.5:9b,all_crops,state_101,USB_Male,0.99999,1,0,0,0.0,0.0,10,0,0,0.0,0.0,1,0,0,0.0,0.0
baseline,qwen3.5:9b,all_crops,state_101,USB_Male,0.999999,1,0,0,0.0,0.0,10,0,0,0.0,0.0,1,0,0,0.0,0.0
baseline,qwen3.5:9b,all_crops,state_101,DSUB_Male,0.4,1,1,1,1.0,1.0,10,4,4,0.4,0.4,1,1,1,1.0,1.0
baseline,qwen3.5:9b,all_crops,state_101,DSUB_Male,0.5,1,1,1,1.0,1.0,10,3,3,0.3,0.3,1,1,1,1.0,1.0
baseline,qwen3.5:9b,all_crops,state_101,DSUB_Male,0.6,1,1,1,1.0,1.0,10,3,3,0.3,0.3,1,1,1,1.0,1.0
baseline,qwen3.5:9b,all_crops,state_101,DSUB_Male,0.65,1,1,1,1.0,1.0,10,3,3,0.3,0.3,1,1,1,1.0,1.0
baseline,qwen3.5:9b,all_crops,state_101,DSUB_Male,0.7,1,1,1,1.0,1.0,10,2,2,0.2,0.2,1,1,1,1.0,1.0
baseline,qwen3.5:9b,all_crops,state_101,DSUB_Male,0.8,1,1,1,1.0,1.0,10,1,1,0.1,0.1,1,1,1,1.0,1.0
baseline,qwen3.5:9b,all_crops,state_101,DSUB_Male,0.9,1,1,1,1.0,1.0,10,1,1,0.1,0.1,1,1,1,1.0,1.0
baseline,qwen3.5:9b,all_crops,state_101,DSUB_Male,0.95,1,1,1,1.0,1.0,10,1,1,0.1,0.1,1,1,1,1.0,1.0
baseline,qwen3.5:9b,all_crops,state_101,DSUB_Male,0.97,1,1,1,1.0,1.0,10,1,1,0.1,0.1,1,1,1,1.0,1.0
baseline,qwen3.5:9b,all_crops,state_101,DSUB_Male,0.98,1,0,0,0.0,0.0,10,1,1,0.1,0.1,1,0,0,0.0,0.0
baseline,qwen3.5:9b,all_crops,state_101,DSUB_Male,0.99,1,0,0,0.0,0.0,10,0,0,0.0,0.0,1,0,0,0.0,0.0
baseline,qwen3.5:9b,all_crops,state_101,DSUB_Male,0.995,1,0,0,0.0,0.0,10,0,0,0.0,0.0,1,0,0,0.0,0.0
baseline,qwen3.5:9b,all_crops,state_101,DSUB_Male,0.999,1,0,0,0.0,0.0,10,0,0,0.0,0.0,1,0,0,0.0,0.0
baseline,qwen3.5:9b,all_crops,state_101,DSUB_Male,0.9999,1,0,0,0.0,0.0,10,0,0,0.0,0.0,1,0,0,0.0,0.0
baseline,qwen3.5:9b,all_crops,state_101,DSUB_Male,0.99999,1,0,0,0.0,0.0,10,0,0,0.0,0.0,1,0,0,0.0,0.0
baseline,qwen3.5:9b,all_crops,state_101,DSUB_Male,0.999999,1,0,0,0.0,0.0,10,0,0,0.0,0.0,1,0,0,0.0,0.0
baseline,qwen3.5:9b,all_crops,state_202,gear,0.4,9,9,9,1.0,1.0,24,8,8,0.3333333333333333,0.3333333333333333,3,3,3,1.0,1.0
baseline,qwen3.5:9b,all_crops,state_202,gear,0.5,9,9,9,1.0,1.0,24,6,6,0.25,0.25,3,3,3,1.0,1.0
baseline,qwen3.5:9b,all_crops,state_202,gear,0.6,9,9,9,1.0,1.0,24,6,6,0.25,0.25,3,3,3,1.0,1.0
baseline,qwen3.5:9b,all_crops,state_202,gear,0.65,9,9,9,1.0,1.0,24,6,6,0.25,0.25,3,3,3,1.0,1.0
baseline,qwen3.5:9b,all_crops,state_202,gear,0.7,9,9,9,1.0,1.0,24,6,6,0.25,0.25,3,3,3,1.0,1.0
baseline,qwen3.5:9b,all_crops,state_202,gear,0.8,9,9,9,1.0,1.0,24,6,6,0.25,0.25,3,3,3,1.0,1.0
baseline,qwen3.5:9b,all_crops,state_202,gear,0.9,9,9,9,1.0,1.0,24,6,6,0.25,0.25,3,3,3,1.0,1.0
baseline,qwen3.5:9b,all_crops,state_202,gear,0.95,9,7,7,0.7777777777777778,0.7777777777777778,24,2,2,0.08333333333333333,0.08333333333333333,3,2,2,0.6666666666666666,0.6666666666666666
baseline,qwen3.5:9b,all_crops,state_202,gear,0.97,9,6,6,0.6666666666666666,0.6666666666666666,24,0,0,0.0,0.0,3,2,2,0.6666666666666666,0.6666666666666666
baseline,qwen3.5:9b,all_crops,state_202,gear,0.98,9,6,6,0.6666666666666666,0.6666666666666666,24,0,0,0.0,0.0,3,2,2,0.6666666666666666,0.6666666666666666
baseline,qwen3.5:9b,all_crops,state_202,gear,0.99,9,4,4,0.4444444444444444,0.4444444444444444,24,0,0,0.0,0.0,3,1,1,0.3333333333333333,0.3333333333333333
baseline,qwen3.5:9b,all_crops,state_202,gear,0.995,9,1,1,0.1111111111111111,0.1111111111111111,24,0,0,0.0,0.0,3,0,0,0.0,0.0
baseline,qwen3.5:9b,all_crops,state_202,gear,0.999,9,0,0,0.0,0.0,24,0,0,0.0,0.0,3,0,0,0.0,0.0
baseline,qwen3.5:9b,all_crops,state_202,gear,0.9999,9,0,0,0.0,0.0,24,0,0,0.0,0.0,3,0,0,0.0,0.0
baseline,qwen3.5:9b,all_crops,state_202,gear,0.99999,9,0,0,0.0,0.0,24,0,0,0.0,0.0,3,0,0,0.0,0.0
baseline,qwen3.5:9b,all_crops,state_202,gear,0.999999,9,0,0,0.0,0.0,24,0,0,0.0,0.0,3,0,0,0.0,0.0
baseline,qwen3.5:9b,all_crops,state_202,hex_nut,0.4,4,4,4,1.0,1.0,18,0,0,0.0,0.0,2,2,2,1.0,1.0
baseline,qwen3.5:9b,all_crops,state_202,hex_nut,0.5,4,4,4,1.0,1.0,18,0,0,0.0,0.0,2,2,2,1.0,1.0
baseline,qwen3.5:9b,all_crops,state_202,hex_nut,0.6,4,4,4,1.0,1.0,18,0,0,0.0,0.0,2,2,2,1.0,1.0
baseline,qwen3.5:9b,all_crops,state_202,hex_nut,0.65,4,4,4,1.0,1.0,18,0,0,0.0,0.0,2,2,2,1.0,1.0
baseline,qwen3.5:9b,all_crops,state_202,hex_nut,0.7,4,4,4,1.0,1.0,18,0,0,0.0,0.0,2,2,2,1.0,1.0
baseline,qwen3.5:9b,all_crops,state_202,hex_nut,0.8,4,4,4,1.0,1.0,18,0,0,0.0,0.0,2,2,2,1.0,1.0
baseline,qwen3.5:9b,all_crops,state_202,hex_nut,0.9,4,4,4,1.0,1.0,18,0,0,0.0,0.0,2,2,2,1.0,1.0
baseline,qwen3.5:9b,all_crops,state_202,hex_nut,0.95,4,3,3,0.75,0.75,18,0,0,0.0,0.0,2,1,1,0.5,0.5
baseline,qwen3.5:9b,all_crops,state_202,hex_nut,0.97,4,2,2,0.5,0.5,18,0,0,0.0,0.0,2,1,1,0.5,0.5
baseline,qwen3.5:9b,all_crops,state_202,hex_nut,0.98,4,2,2,0.5,0.5,18,0,0,0.0,0.0,2,1,1,0.5,0.5
baseline,qwen3.5:9b,all_crops,state_202,hex_nut,0.99,4,0,0,0.0,0.0,18,0,0,0.0,0.0,2,0,0,0.0,0.0
baseline,qwen3.5:9b,all_crops,state_202,hex_nut,0.995,4,0,0,0.0,0.0,18,0,0,0.0,0.0,2,0,0,0.0,0.0
baseline,qwen3.5:9b,all_crops,state_202,hex_nut,0.999,4,0,0,0.0,0.0,18,0,0,0.0,0.0,2,0,0,0.0,0.0
baseline,qwen3.5:9b,all_crops,state_202,hex_nut,0.9999,4,0,0,0.0,0.0,18,0,0,0.0,0.0,2,0,0,0.0,0.0
baseline,qwen3.5:9b,all_crops,state_202,hex_nut,0.99999,4,0,0,0.0,0.0,18,0,0,0.0,0.0,2,0,0,0.0,0.0
baseline,qwen3.5:9b,all_crops,state_202,hex_nut,0.999999,4,0,0,0.0,0.0,18,0,0,0.0,0.0,2,0,0,0.0,0.0
baseline,qwen3.5:9b,all_crops,state_202,round_pin,0.4,9,9,9,1.0,1.0,24,21,21,0.875,0.875,3,3,3,1.0,1.0
baseline,qwen3.5:9b,all_crops,state_202,round_pin,0.5,9,9,9,1.0,1.0,24,19,19,0.7916666666666666,0.7916666666666666,3,3,3,1.0,1.0
baseline,qwen3.5:9b,all_crops,state_202,round_pin,0.6,9,9,9,1.0,1.0,24,16,16,0.6666666666666666,0.6666666666666666,3,3,3,1.0,1.0
baseline,qwen3.5:9b,all_crops,state_202,round_pin,0.65,9,9,9,1.0,1.0,24,13,13,0.5416666666666666,0.5416666666666666,3,3,3,1.0,1.0
baseline,qwen3.5:9b,all_crops,state_202,round_pin,0.7,9,9,9,1.0,1.0,24,12,12,0.5,0.5,3,3,3,1.0,1.0
baseline,qwen3.5:9b,all_crops,state_202,round_pin,0.8,9,9,9,1.0,1.0,24,10,10,0.4166666666666667,0.4166666666666667,3,3,3,1.0,1.0
baseline,qwen3.5:9b,all_crops,state_202,round_pin,0.9,9,9,9,1.0,1.0,24,4,4,0.16666666666666666,0.16666666666666666,3,3,3,1.0,1.0
baseline,qwen3.5:9b,all_crops,state_202,round_pin,0.95,9,9,9,1.0,1.0,24,0,0,0.0,0.0,3,3,3,1.0,1.0
baseline,qwen3.5:9b,all_crops,state_202,round_pin,0.97,9,9,9,1.0,1.0,24,0,0,0.0,0.0,3,3,3,1.0,1.0
baseline,qwen3.5:9b,all_crops,state_202,round_pin,0.98,9,6,6,0.6666666666666666,0.6666666666666666,24,0,0,0.0,0.0,3,2,2,0.6666666666666666,0.6666666666666666
baseline,qwen3.5:9b,all_crops,state_202,round_pin,0.99,9,0,0,0.0,0.0,24,0,0,0.0,0.0,3,0,0,0.0,0.0
baseline,qwen3.5:9b,all_crops,state_202,round_pin,0.995,9,0,0,0.0,0.0,24,0,0,0.0,0.0,3,0,0,0.0,0.0
baseline,qwen3.5:9b,all_crops,state_202,round_pin,0.999,9,0,0,0.0,0.0,24,0,0,0.0,0.0,3,0,0,0.0,0.0
baseline,qwen3.5:9b,all_crops,state_202,round_pin,0.9999,9,0,0,0.0,0.0,24,0,0,0.0,0.0,3,0,0,0.0,0.0
baseline,qwen3.5:9b,all_crops,state_202,round_pin,0.99999,9,0,0,0.0,0.0,24,0,0,0.0,0.0,3,0,0,0.0,0.0
baseline,qwen3.5:9b,all_crops,state_202,round_pin,0.999999,9,0,0,0.0,0.0,24,0,0,0.0,0.0,3,0,0,0.0,0.0
baseline,qwen3.5:9b,all_crops,state_202,Waterproof_Male,0.4,1,1,1,1.0,1.0,10,4,4,0.4,0.4,1,1,1,1.0,1.0
baseline,qwen3.5:9b,all_crops,state_202,Waterproof_Male,0.5,1,1,1,1.0,1.0,10,4,4,0.4,0.4,1,1,1,1.0,1.0
baseline,qwen3.5:9b,all_crops,state_202,Waterproof_Male,0.6,1,1,1,1.0,1.0,10,4,4,0.4,0.4,1,1,1,1.0,1.0
baseline,qwen3.5:9b,all_crops,state_202,Waterproof_Male,0.65,1,1,1,1.0,1.0,10,4,4,0.4,0.4,1,1,1,1.0,1.0
baseline,qwen3.5:9b,all_crops,state_202,Waterproof_Male,0.7,1,1,1,1.0,1.0,10,4,4,0.4,0.4,1,1,1,1.0,1.0
baseline,qwen3.5:9b,all_crops,state_202,Waterproof_Male,0.8,1,1,1,1.0,1.0,10,4,4,0.4,0.4,1,1,1,1.0,1.0
baseline,qwen3.5:9b,all_crops,state_202,Waterproof_Male,0.9,1,1,1,1.0,1.0,10,2,2,0.2,0.2,1,1,1,1.0,1.0
baseline,qwen3.5:9b,all_crops,state_202,Waterproof_Male,0.95,1,1,1,1.0,1.0,10,2,2,0.2,0.2,1,1,1,1.0,1.0
baseline,qwen3.5:9b,all_crops,state_202,Waterproof_Male,0.97,1,1,1,1.0,1.0,10,1,1,0.1,0.1,1,1,1,1.0,1.0
baseline,qwen3.5:9b,all_crops,state_202,Waterproof_Male,0.98,1,0,0,0.0,0.0,10,1,1,0.1,0.1,1,0,0,0.0,0.0
baseline,qwen3.5:9b,all_crops,state_202,Waterproof_Male,0.99,1,0,0,0.0,0.0,10,0,0,0.0,0.0,1,0,0,0.0,0.0
baseline,qwen3.5:9b,all_crops,state_202,Waterproof_Male,0.995,1,0,0,0.0,0.0,10,0,0,0.0,0.0,1,0,0,0.0,0.0
baseline,qwen3.5:9b,all_crops,state_202,Waterproof_Male,0.999,1,0,0,0.0,0.0,10,0,0,0.0,0.0,1,0,0,0.0,0.0
baseline,qwen3.5:9b,all_crops,state_202,Waterproof_Male,0.9999,1,0,0,0.0,0.0,10,0,0,0.0,0.0,1,0,0,0.0,0.0
baseline,qwen3.5:9b,all_crops,state_202,Waterproof_Male,0.99999,1,0,0,0.0,0.0,10,0,0,0.0,0.0,1,0,0,0.0,0.0
baseline,qwen3.5:9b,all_crops,state_202,Waterproof_Male,0.999999,1,0,0,0.0,0.0,10,0,0,0.0,0.0,1,0,0,0.0,0.0
baseline,qwen3.5:9b,all_crops,state_202,USB_Male,0.4,1,1,1,1.0,1.0,10,0,0,0.0,0.0,1,1,1,1.0,1.0
baseline,qwen3.5:9b,all_crops,state_202,USB_Male,0.5,1,1,1,1.0,1.0,10,0,0,0.0,0.0,1,1,1,1.0,1.0
baseline,qwen3.5:9b,all_crops,state_202,USB_Male,0.6,1,1,1,1.0,1.0,10,0,0,0.0,0.0,1,1,1,1.0,1.0
baseline,qwen3.5:9b,all_crops,state_202,USB_Male,0.65,1,1,1,1.0,1.0,10,0,0,0.0,0.0,1,1,1,1.0,1.0
baseline,qwen3.5:9b,all_crops,state_202,USB_Male,0.7,1,1,1,1.0,1.0,10,0,0,0.0,0.0,1,1,1,1.0,1.0
baseline,qwen3.5:9b,all_crops,state_202,USB_Male,0.8,1,1,1,1.0,1.0,10,0,0,0.0,0.0,1,1,1,1.0,1.0
baseline,qwen3.5:9b,all_crops,state_202,USB_Male,0.9,1,1,1,1.0,1.0,10,0,0,0.0,0.0,1,1,1,1.0,1.0
baseline,qwen3.5:9b,all_crops,state_202,USB_Male,0.95,1,1,1,1.0,1.0,10,0,0,0.0,0.0,1,1,1,1.0,1.0
baseline,qwen3.5:9b,all_crops,state_202,USB_Male,0.97,1,1,1,1.0,1.0,10,0,0,0.0,0.0,1,1,1,1.0,1.0
baseline,qwen3.5:9b,all_crops,state_202,USB_Male,0.98,1,1,1,1.0,1.0,10,0,0,0.0,0.0,1,1,1,1.0,1.0
baseline,qwen3.5:9b,all_crops,state_202,USB_Male,0.99,1,0,0,0.0,0.0,10,0,0,0.0,0.0,1,0,0,0.0,0.0
baseline,qwen3.5:9b,all_crops,state_202,USB_Male,0.995,1,0,0,0.0,0.0,10,0,0,0.0,0.0,1,0,0,0.0,0.0
baseline,qwen3.5:9b,all_crops,state_202,USB_Male,0.999,1,0,0,0.0,0.0,10,0,0,0.0,0.0,1,0,0,0.0,0.0
baseline,qwen3.5:9b,all_crops,state_202,USB_Male,0.9999,1,0,0,0.0,0.0,10,0,0,0.0,0.0,1,0,0,0.0,0.0
baseline,qwen3.5:9b,all_crops,state_202,USB_Male,0.99999,1,0,0,0.0,0.0,10,0,0,0.0,0.0,1,0,0,0.0,0.0
baseline,qwen3.5:9b,all_crops,state_202,USB_Male,0.999999,1,0,0,0.0,0.0,10,0,0,0.0,0.0,1,0,0,0.0,0.0
baseline,qwen3.5:9b,all_crops,state_202,DSUB_Male,0.4,1,1,1,1.0,1.0,10,5,5,0.5,0.5,1,1,1,1.0,1.0
baseline,qwen3.5:9b,all_crops,state_202,DSUB_Male,0.5,1,1,1,1.0,1.0,10,5,5,0.5,0.5,1,1,1,1.0,1.0
baseline,qwen3.5:9b,all_crops,state_202,DSUB_Male,0.6,1,1,1,1.0,1.0,10,3,3,0.3,0.3,1,1,1,1.0,1.0
baseline,qwen3.5:9b,all_crops,state_202,DSUB_Male,0.65,1,1,1,1.0,1.0,10,2,2,0.2,0.2,1,1,1,1.0,1.0
baseline,qwen3.5:9b,all_crops,state_202,DSUB_Male,0.7,1,1,1,1.0,1.0,10,2,2,0.2,0.2,1,1,1,1.0,1.0
baseline,qwen3.5:9b,all_crops,state_202,DSUB_Male,0.8,1,1,1,1.0,1.0,10,1,1,0.1,0.1,1,1,1,1.0,1.0
baseline,qwen3.5:9b,all_crops,state_202,DSUB_Male,0.9,1,1,1,1.0,1.0,10,1,1,0.1,0.1,1,1,1,1.0,1.0
baseline,qwen3.5:9b,all_crops,state_202,DSUB_Male,0.95,1,1,1,1.0,1.0,10,1,1,0.1,0.1,1,1,1,1.0,1.0
baseline,qwen3.5:9b,all_crops,state_202,DSUB_Male,0.97,1,1,1,1.0,1.0,10,1,1,0.1,0.1,1,1,1,1.0,1.0
baseline,qwen3.5:9b,all_crops,state_202,DSUB_Male,0.98,1,1,1,1.0,1.0,10,0,0,0.0,0.0,1,1,1,1.0,1.0
baseline,qwen3.5:9b,all_crops,state_202,DSUB_Male,0.99,1,0,0,0.0,0.0,10,0,0,0.0,0.0,1,0,0,0.0,0.0
baseline,qwen3.5:9b,all_crops,state_202,DSUB_Male,0.995,1,0,0,0.0,0.0,10,0,0,0.0,0.0,1,0,0,0.0,0.0
baseline,qwen3.5:9b,all_crops,state_202,DSUB_Male,0.999,1,0,0,0.0,0.0,10,0,0,0.0,0.0,1,0,0,0.0,0.0
baseline,qwen3.5:9b,all_crops,state_202,DSUB_Male,0.9999,1,0,0,0.0,0.0,10,0,0,0.0,0.0,1,0,0,0.0,0.0
baseline,qwen3.5:9b,all_crops,state_202,DSUB_Male,0.99999,1,0,0,0.0,0.0,10,0,0,0.0,0.0,1,0,0,0.0,0.0
baseline,qwen3.5:9b,all_crops,state_202,DSUB_Male,0.999999,1,0,0,0.0,0.0,10,0,0,0.0,0.0,1,0,0,0.0,0.0
baseline,qwen3.5:9b,all_crops,state_303,gear,0.4,9,9,9,1.0,1.0,24,7,7,0.2916666666666667,0.2916666666666667,3,3,3,1.0,1.0
baseline,qwen3.5:9b,all_crops,state_303,gear,0.5,9,9,9,1.0,1.0,24,6,6,0.25,0.25,3,3,3,1.0,1.0
baseline,qwen3.5:9b,all_crops,state_303,gear,0.6,9,9,9,1.0,1.0,24,6,6,0.25,0.25,3,3,3,1.0,1.0
baseline,qwen3.5:9b,all_crops,state_303,gear,0.65,9,9,9,1.0,1.0,24,6,6,0.25,0.25,3,3,3,1.0,1.0
baseline,qwen3.5:9b,all_crops,state_303,gear,0.7,9,9,9,1.0,1.0,24,6,6,0.25,0.25,3,3,3,1.0,1.0
baseline,qwen3.5:9b,all_crops,state_303,gear,0.8,9,9,9,1.0,1.0,24,6,6,0.25,0.25,3,3,3,1.0,1.0
baseline,qwen3.5:9b,all_crops,state_303,gear,0.9,9,9,9,1.0,1.0,24,6,6,0.25,0.25,3,3,3,1.0,1.0
baseline,qwen3.5:9b,all_crops,state_303,gear,0.95,9,9,9,1.0,1.0,24,6,6,0.25,0.25,3,3,3,1.0,1.0
baseline,qwen3.5:9b,all_crops,state_303,gear,0.97,9,8,8,0.8888888888888888,0.8888888888888888,24,4,4,0.16666666666666666,0.16666666666666666,3,3,3,1.0,1.0
baseline,qwen3.5:9b,all_crops,state_303,gear,0.98,9,7,7,0.7777777777777778,0.7777777777777778,24,1,1,0.041666666666666664,0.041666666666666664,3,2,2,0.6666666666666666,0.6666666666666666
baseline,qwen3.5:9b,all_crops,state_303,gear,0.99,9,2,2,0.2222222222222222,0.2222222222222222,24,0,0,0.0,0.0,3,1,1,0.3333333333333333,0.3333333333333333
baseline,qwen3.5:9b,all_crops,state_303,gear,0.995,9,0,0,0.0,0.0,24,0,0,0.0,0.0,3,0,0,0.0,0.0
baseline,qwen3.5:9b,all_crops,state_303,gear,0.999,9,0,0,0.0,0.0,24,0,0,0.0,0.0,3,0,0,0.0,0.0
baseline,qwen3.5:9b,all_crops,state_303,gear,0.9999,9,0,0,0.0,0.0,24,0,0,0.0,0.0,3,0,0,0.0,0.0
baseline,qwen3.5:9b,all_crops,state_303,gear,0.99999,9,0,0,0.0,0.0,24,0,0,0.0,0.0,3,0,0,0.0,0.0
baseline,qwen3.5:9b,all_crops,state_303,gear,0.999999,9,0,0,0.0,0.0,24,0,0,0.0,0.0,3,0,0,0.0,0.0
baseline,qwen3.5:9b,all_crops,state_303,hex_nut,0.4,4,4,4,1.0,1.0,18,0,0,0.0,0.0,2,2,2,1.0,1.0
baseline,qwen3.5:9b,all_crops,state_303,hex_nut,0.5,4,4,4,1.0,1.0,18,0,0,0.0,0.0,2,2,2,1.0,1.0
baseline,qwen3.5:9b,all_crops,state_303,hex_nut,0.6,4,4,4,1.0,1.0,18,0,0,0.0,0.0,2,2,2,1.0,1.0
baseline,qwen3.5:9b,all_crops,state_303,hex_nut,0.65,4,4,4,1.0,1.0,18,0,0,0.0,0.0,2,2,2,1.0,1.0
baseline,qwen3.5:9b,all_crops,state_303,hex_nut,0.7,4,4,4,1.0,1.0,18,0,0,0.0,0.0,2,2,2,1.0,1.0
baseline,qwen3.5:9b,all_crops,state_303,hex_nut,0.8,4,4,4,1.0,1.0,18,0,0,0.0,0.0,2,2,2,1.0,1.0
baseline,qwen3.5:9b,all_crops,state_303,hex_nut,0.9,4,4,4,1.0,1.0,18,0,0,0.0,0.0,2,2,2,1.0,1.0
baseline,qwen3.5:9b,all_crops,state_303,hex_nut,0.95,4,3,3,0.75,0.75,18,0,0,0.0,0.0,2,1,1,0.5,0.5
baseline,qwen3.5:9b,all_crops,state_303,hex_nut,0.97,4,2,2,0.5,0.5,18,0,0,0.0,0.0,2,1,1,0.5,0.5
baseline,qwen3.5:9b,all_crops,state_303,hex_nut,0.98,4,2,2,0.5,0.5,18,0,0,0.0,0.0,2,1,1,0.5,0.5
baseline,qwen3.5:9b,all_crops,state_303,hex_nut,0.99,4,0,0,0.0,0.0,18,0,0,0.0,0.0,2,0,0,0.0,0.0
baseline,qwen3.5:9b,all_crops,state_303,hex_nut,0.995,4,0,0,0.0,0.0,18,0,0,0.0,0.0,2,0,0,0.0,0.0
baseline,qwen3.5:9b,all_crops,state_303,hex_nut,0.999,4,0,0,0.0,0.0,18,0,0,0.0,0.0,2,0,0,0.0,0.0
baseline,qwen3.5:9b,all_crops,state_303,hex_nut,0.9999,4,0,0,0.0,0.0,18,0,0,0.0,0.0,2,0,0,0.0,0.0
baseline,qwen3.5:9b,all_crops,state_303,hex_nut,0.99999,4,0,0,0.0,0.0,18,0,0,0.0,0.0,2,0,0,0.0,0.0
baseline,qwen3.5:9b,all_crops,state_303,hex_nut,0.999999,4,0,0,0.0,0.0,18,0,0,0.0,0.0,2,0,0,0.0,0.0
baseline,qwen3.5:9b,all_crops,state_303,round_pin,0.4,9,9,9,1.0,1.0,24,21,21,0.875,0.875,3,3,3,1.0,1.0
baseline,qwen3.5:9b,all_crops,state_303,round_pin,0.5,9,9,9,1.0,1.0,24,18,18,0.75,0.75,3,3,3,1.0,1.0
baseline,qwen3.5:9b,all_crops,state_303,round_pin,0.6,9,9,9,1.0,1.0,24,18,18,0.75,0.75,3,3,3,1.0,1.0
baseline,qwen3.5:9b,all_crops,state_303,round_pin,0.65,9,9,9,1.0,1.0,24,18,18,0.75,0.75,3,3,3,1.0,1.0
baseline,qwen3.5:9b,all_crops,state_303,round_pin,0.7,9,9,9,1.0,1.0,24,16,16,0.6666666666666666,0.6666666666666666,3,3,3,1.0,1.0
baseline,qwen3.5:9b,all_crops,state_303,round_pin,0.8,9,9,9,1.0,1.0,24,12,12,0.5,0.5,3,3,3,1.0,1.0
baseline,qwen3.5:9b,all_crops,state_303,round_pin,0.9,9,9,9,1.0,1.0,24,5,5,0.20833333333333334,0.20833333333333334,3,3,3,1.0,1.0
baseline,qwen3.5:9b,all_crops,state_303,round_pin,0.95,9,9,9,1.0,1.0,24,0,0,0.0,0.0,3,3,3,1.0,1.0
baseline,qwen3.5:9b,all_crops,state_303,round_pin,0.97,9,9,9,1.0,1.0,24,0,0,0.0,0.0,3,3,3,1.0,1.0
baseline,qwen3.5:9b,all_crops,state_303,round_pin,0.98,9,8,8,0.8888888888888888,0.8888888888888888,24,0,0,0.0,0.0,3,3,3,1.0,1.0
baseline,qwen3.5:9b,all_crops,state_303,round_pin,0.99,9,1,1,0.1111111111111111,0.1111111111111111,24,0,0,0.0,0.0,3,1,1,0.3333333333333333,0.3333333333333333
baseline,qwen3.5:9b,all_crops,state_303,round_pin,0.995,9,0,0,0.0,0.0,24,0,0,0.0,0.0,3,0,0,0.0,0.0
baseline,qwen3.5:9b,all_crops,state_303,round_pin,0.999,9,0,0,0.0,0.0,24,0,0,0.0,0.0,3,0,0,0.0,0.0
baseline,qwen3.5:9b,all_crops,state_303,round_pin,0.9999,9,0,0,0.0,0.0,24,0,0,0.0,0.0,3,0,0,0.0,0.0
baseline,qwen3.5:9b,all_crops,state_303,round_pin,0.99999,9,0,0,0.0,0.0,24,0,0,0.0,0.0,3,0,0,0.0,0.0
baseline,qwen3.5:9b,all_crops,state_303,round_pin,0.999999,9,0,0,0.0,0.0,24,0,0,0.0,0.0,3,0,0,0.0,0.0
baseline,qwen3.5:9b,all_crops,state_303,Waterproof_Male,0.4,1,1,1,1.0,1.0,10,4,4,0.4,0.4,1,1,1,1.0,1.0
baseline,qwen3.5:9b,all_crops,state_303,Waterproof_Male,0.5,1,1,1,1.0,1.0,10,4,4,0.4,0.4,1,1,1,1.0,1.0
baseline,qwen3.5:9b,all_crops,state_303,Waterproof_Male,0.6,1,1,1,1.0,1.0,10,4,4,0.4,0.4,1,1,1,1.0,1.0
baseline,qwen3.5:9b,all_crops,state_303,Waterproof_Male,0.65,1,1,1,1.0,1.0,10,4,4,0.4,0.4,1,1,1,1.0,1.0
baseline,qwen3.5:9b,all_crops,state_303,Waterproof_Male,0.7,1,1,1,1.0,1.0,10,4,4,0.4,0.4,1,1,1,1.0,1.0
baseline,qwen3.5:9b,all_crops,state_303,Waterproof_Male,0.8,1,1,1,1.0,1.0,10,3,3,0.3,0.3,1,1,1,1.0,1.0
baseline,qwen3.5:9b,all_crops,state_303,Waterproof_Male,0.9,1,1,1,1.0,1.0,10,2,2,0.2,0.2,1,1,1,1.0,1.0
baseline,qwen3.5:9b,all_crops,state_303,Waterproof_Male,0.95,1,1,1,1.0,1.0,10,2,2,0.2,0.2,1,1,1,1.0,1.0
baseline,qwen3.5:9b,all_crops,state_303,Waterproof_Male,0.97,1,1,1,1.0,1.0,10,1,1,0.1,0.1,1,1,1,1.0,1.0
baseline,qwen3.5:9b,all_crops,state_303,Waterproof_Male,0.98,1,1,1,1.0,1.0,10,1,1,0.1,0.1,1,1,1,1.0,1.0
baseline,qwen3.5:9b,all_crops,state_303,Waterproof_Male,0.99,1,0,0,0.0,0.0,10,0,0,0.0,0.0,1,0,0,0.0,0.0
baseline,qwen3.5:9b,all_crops,state_303,Waterproof_Male,0.995,1,0,0,0.0,0.0,10,0,0,0.0,0.0,1,0,0,0.0,0.0
baseline,qwen3.5:9b,all_crops,state_303,Waterproof_Male,0.999,1,0,0,0.0,0.0,10,0,0,0.0,0.0,1,0,0,0.0,0.0
baseline,qwen3.5:9b,all_crops,state_303,Waterproof_Male,0.9999,1,0,0,0.0,0.0,10,0,0,0.0,0.0,1,0,0,0.0,0.0
baseline,qwen3.5:9b,all_crops,state_303,Waterproof_Male,0.99999,1,0,0,0.0,0.0,10,0,0,0.0,0.0,1,0,0,0.0,0.0
baseline,qwen3.5:9b,all_crops,state_303,Waterproof_Male,0.999999,1,0,0,0.0,0.0,10,0,0,0.0,0.0,1,0,0,0.0,0.0
baseline,qwen3.5:9b,all_crops,state_303,USB_Male,0.4,1,1,1,1.0,1.0,10,0,0,0.0,0.0,1,1,1,1.0,1.0
baseline,qwen3.5:9b,all_crops,state_303,USB_Male,0.5,1,1,1,1.0,1.0,10,0,0,0.0,0.0,1,1,1,1.0,1.0
baseline,qwen3.5:9b,all_crops,state_303,USB_Male,0.6,1,1,1,1.0,1.0,10,0,0,0.0,0.0,1,1,1,1.0,1.0
baseline,qwen3.5:9b,all_crops,state_303,USB_Male,0.65,1,1,1,1.0,1.0,10,0,0,0.0,0.0,1,1,1,1.0,1.0
baseline,qwen3.5:9b,all_crops,state_303,USB_Male,0.7,1,1,1,1.0,1.0,10,0,0,0.0,0.0,1,1,1,1.0,1.0
baseline,qwen3.5:9b,all_crops,state_303,USB_Male,0.8,1,1,1,1.0,1.0,10,0,0,0.0,0.0,1,1,1,1.0,1.0
baseline,qwen3.5:9b,all_crops,state_303,USB_Male,0.9,1,1,1,1.0,1.0,10,0,0,0.0,0.0,1,1,1,1.0,1.0
baseline,qwen3.5:9b,all_crops,state_303,USB_Male,0.95,1,1,1,1.0,1.0,10,0,0,0.0,0.0,1,1,1,1.0,1.0
baseline,qwen3.5:9b,all_crops,state_303,USB_Male,0.97,1,1,1,1.0,1.0,10,0,0,0.0,0.0,1,1,1,1.0,1.0
baseline,qwen3.5:9b,all_crops,state_303,USB_Male,0.98,1,1,1,1.0,1.0,10,0,0,0.0,0.0,1,1,1,1.0,1.0
baseline,qwen3.5:9b,all_crops,state_303,USB_Male,0.99,1,0,0,0.0,0.0,10,0,0,0.0,0.0,1,0,0,0.0,0.0
baseline,qwen3.5:9b,all_crops,state_303,USB_Male,0.995,1,0,0,0.0,0.0,10,0,0,0.0,0.0,1,0,0,0.0,0.0
baseline,qwen3.5:9b,all_crops,state_303,USB_Male,0.999,1,0,0,0.0,0.0,10,0,0,0.0,0.0,1,0,0,0.0,0.0
baseline,qwen3.5:9b,all_crops,state_303,USB_Male,0.9999,1,0,0,0.0,0.0,10,0,0,0.0,0.0,1,0,0,0.0,0.0
baseline,qwen3.5:9b,all_crops,state_303,USB_Male,0.99999,1,0,0,0.0,0.0,10,0,0,0.0,0.0,1,0,0,0.0,0.0
baseline,qwen3.5:9b,all_crops,state_303,USB_Male,0.999999,1,0,0,0.0,0.0,10,0,0,0.0,0.0,1,0,0,0.0,0.0
baseline,qwen3.5:9b,all_crops,state_303,DSUB_Male,0.4,1,1,1,1.0,1.0,10,6,6,0.6,0.6,1,1,1,1.0,1.0
baseline,qwen3.5:9b,all_crops,state_303,DSUB_Male,0.5,1,1,1,1.0,1.0,10,4,4,0.4,0.4,1,1,1,1.0,1.0
baseline,qwen3.5:9b,all_crops,state_303,DSUB_Male,0.6,1,1,1,1.0,1.0,10,4,4,0.4,0.4,1,1,1,1.0,1.0
baseline,qwen3.5:9b,all_crops,state_303,DSUB_Male,0.65,1,1,1,1.0,1.0,10,4,4,0.4,0.4,1,1,1,1.0,1.0
baseline,qwen3.5:9b,all_crops,state_303,DSUB_Male,0.7,1,1,1,1.0,1.0,10,3,3,0.3,0.3,1,1,1,1.0,1.0
baseline,qwen3.5:9b,all_crops,state_303,DSUB_Male,0.8,1,1,1,1.0,1.0,10,2,2,0.2,0.2,1,1,1,1.0,1.0
baseline,qwen3.5:9b,all_crops,state_303,DSUB_Male,0.9,1,1,1,1.0,1.0,10,1,1,0.1,0.1,1,1,1,1.0,1.0
baseline,qwen3.5:9b,all_crops,state_303,DSUB_Male,0.95,1,1,1,1.0,1.0,10,1,1,0.1,0.1,1,1,1,1.0,1.0
baseline,qwen3.5:9b,all_crops,state_303,DSUB_Male,0.97,1,1,1,1.0,1.0,10,1,1,0.1,0.1,1,1,1,1.0,1.0
baseline,qwen3.5:9b,all_crops,state_303,DSUB_Male,0.98,1,1,1,1.0,1.0,10,0,0,0.0,0.0,1,1,1,1.0,1.0
baseline,qwen3.5:9b,all_crops,state_303,DSUB_Male,0.99,1,0,0,0.0,0.0,10,0,0,0.0,0.0,1,0,0,0.0,0.0
baseline,qwen3.5:9b,all_crops,state_303,DSUB_Male,0.995,1,0,0,0.0,0.0,10,0,0,0.0,0.0,1,0,0,0.0,0.0
baseline,qwen3.5:9b,all_crops,state_303,DSUB_Male,0.999,1,0,0,0.0,0.0,10,0,0,0.0,0.0,1,0,0,0.0,0.0
baseline,qwen3.5:9b,all_crops,state_303,DSUB_Male,0.9999,1,0,0,0.0,0.0,10,0,0,0.0,0.0,1,0,0,0.0,0.0
baseline,qwen3.5:9b,all_crops,state_303,DSUB_Male,0.99999,1,0,0,0.0,0.0,10,0,0,0.0,0.0,1,0,0,0.0,0.0
baseline,qwen3.5:9b,all_crops,state_303,DSUB_Male,0.999999,1,0,0,0.0,0.0,10,0,0,0.0,0.0,1,0,0,0.0,0.0
baseline,qwen3.5:9b,all_crops,all,gear,0.4,36,36,36,1.0,1.0,96,27,27,0.28125,0.28125,12,12,12,1.0,1.0
baseline,qwen3.5:9b,all_crops,all,gear,0.5,36,36,36,1.0,1.0,96,24,24,0.25,0.25,12,12,12,1.0,1.0
baseline,qwen3.5:9b,all_crops,all,gear,0.6,36,36,36,1.0,1.0,96,24,24,0.25,0.25,12,12,12,1.0,1.0
baseline,qwen3.5:9b,all_crops,all,gear,0.65,36,36,36,1.0,1.0,96,24,24,0.25,0.25,12,12,12,1.0,1.0
baseline,qwen3.5:9b,all_crops,all,gear,0.7,36,36,36,1.0,1.0,96,24,24,0.25,0.25,12,12,12,1.0,1.0
baseline,qwen3.5:9b,all_crops,all,gear,0.8,36,36,36,1.0,1.0,96,24,24,0.25,0.25,12,12,12,1.0,1.0
baseline,qwen3.5:9b,all_crops,all,gear,0.9,36,36,36,1.0,1.0,96,24,24,0.25,0.25,12,12,12,1.0,1.0
baseline,qwen3.5:9b,all_crops,all,gear,0.95,36,34,34,0.9444444444444444,0.9444444444444444,96,19,19,0.19791666666666666,0.19791666666666666,12,11,11,0.9166666666666666,0.9166666666666666
baseline,qwen3.5:9b,all_crops,all,gear,0.97,36,31,31,0.8611111111111112,0.8611111111111112,96,10,10,0.10416666666666667,0.10416666666666667,12,11,11,0.9166666666666666,0.9166666666666666
baseline,qwen3.5:9b,all_crops,all,gear,0.98,36,25,25,0.6944444444444444,0.6944444444444444,96,1,1,0.010416666666666666,0.010416666666666666,12,8,8,0.6666666666666666,0.6666666666666666
baseline,qwen3.5:9b,all_crops,all,gear,0.99,36,13,13,0.3611111111111111,0.3611111111111111,96,0,0,0.0,0.0,12,4,4,0.3333333333333333,0.3333333333333333
baseline,qwen3.5:9b,all_crops,all,gear,0.995,36,1,1,0.027777777777777776,0.027777777777777776,96,0,0,0.0,0.0,12,0,0,0.0,0.0
baseline,qwen3.5:9b,all_crops,all,gear,0.999,36,0,0,0.0,0.0,96,0,0,0.0,0.0,12,0,0,0.0,0.0
baseline,qwen3.5:9b,all_crops,all,gear,0.9999,36,0,0,0.0,0.0,96,0,0,0.0,0.0,12,0,0,0.0,0.0
baseline,qwen3.5:9b,all_crops,all,gear,0.99999,36,0,0,0.0,0.0,96,0,0,0.0,0.0,12,0,0,0.0,0.0
baseline,qwen3.5:9b,all_crops,all,gear,0.999999,36,0,0,0.0,0.0,96,0,0,0.0,0.0,12,0,0,0.0,0.0
baseline,qwen3.5:9b,all_crops,all,hex_nut,0.4,16,16,16,1.0,1.0,72,0,0,0.0,0.0,8,8,8,1.0,1.0
baseline,qwen3.5:9b,all_crops,all,hex_nut,0.5,16,16,16,1.0,1.0,72,0,0,0.0,0.0,8,8,8,1.0,1.0
baseline,qwen3.5:9b,all_crops,all,hex_nut,0.6,16,16,16,1.0,1.0,72,0,0,0.0,0.0,8,8,8,1.0,1.0
baseline,qwen3.5:9b,all_crops,all,hex_nut,0.65,16,16,16,1.0,1.0,72,0,0,0.0,0.0,8,8,8,1.0,1.0
baseline,qwen3.5:9b,all_crops,all,hex_nut,0.7,16,16,16,1.0,1.0,72,0,0,0.0,0.0,8,8,8,1.0,1.0
baseline,qwen3.5:9b,all_crops,all,hex_nut,0.8,16,16,16,1.0,1.0,72,0,0,0.0,0.0,8,8,8,1.0,1.0
baseline,qwen3.5:9b,all_crops,all,hex_nut,0.9,16,15,15,0.9375,0.9375,72,0,0,0.0,0.0,8,8,8,1.0,1.0
baseline,qwen3.5:9b,all_crops,all,hex_nut,0.95,16,12,12,0.75,0.75,72,0,0,0.0,0.0,8,5,5,0.625,0.625
baseline,qwen3.5:9b,all_crops,all,hex_nut,0.97,16,9,9,0.5625,0.5625,72,0,0,0.0,0.0,8,4,4,0.5,0.5
baseline,qwen3.5:9b,all_crops,all,hex_nut,0.98,16,5,5,0.3125,0.3125,72,0,0,0.0,0.0,8,2,2,0.25,0.25
baseline,qwen3.5:9b,all_crops,all,hex_nut,0.99,16,0,0,0.0,0.0,72,0,0,0.0,0.0,8,0,0,0.0,0.0
baseline,qwen3.5:9b,all_crops,all,hex_nut,0.995,16,0,0,0.0,0.0,72,0,0,0.0,0.0,8,0,0,0.0,0.0
baseline,qwen3.5:9b,all_crops,all,hex_nut,0.999,16,0,0,0.0,0.0,72,0,0,0.0,0.0,8,0,0,0.0,0.0
baseline,qwen3.5:9b,all_crops,all,hex_nut,0.9999,16,0,0,0.0,0.0,72,0,0,0.0,0.0,8,0,0,0.0,0.0
baseline,qwen3.5:9b,all_crops,all,hex_nut,0.99999,16,0,0,0.0,0.0,72,0,0,0.0,0.0,8,0,0,0.0,0.0
baseline,qwen3.5:9b,all_crops,all,hex_nut,0.999999,16,0,0,0.0,0.0,72,0,0,0.0,0.0,8,0,0,0.0,0.0
baseline,qwen3.5:9b,all_crops,all,round_pin,0.4,36,36,36,1.0,1.0,96,78,78,0.8125,0.8125,12,12,12,1.0,1.0
baseline,qwen3.5:9b,all_crops,all,round_pin,0.5,36,36,36,1.0,1.0,96,73,73,0.7604166666666666,0.7604166666666666,12,12,12,1.0,1.0
baseline,qwen3.5:9b,all_crops,all,round_pin,0.6,36,36,36,1.0,1.0,96,70,70,0.7291666666666666,0.7291666666666666,12,12,12,1.0,1.0
baseline,qwen3.5:9b,all_crops,all,round_pin,0.65,36,36,36,1.0,1.0,96,65,65,0.6770833333333334,0.6770833333333334,12,12,12,1.0,1.0
baseline,qwen3.5:9b,all_crops,all,round_pin,0.7,36,36,36,1.0,1.0,96,58,58,0.6041666666666666,0.6041666666666666,12,12,12,1.0,1.0
baseline,qwen3.5:9b,all_crops,all,round_pin,0.8,36,36,36,1.0,1.0,96,45,45,0.46875,0.46875,12,12,12,1.0,1.0
baseline,qwen3.5:9b,all_crops,all,round_pin,0.9,36,36,36,1.0,1.0,96,17,17,0.17708333333333334,0.17708333333333334,12,12,12,1.0,1.0
baseline,qwen3.5:9b,all_crops,all,round_pin,0.95,36,36,36,1.0,1.0,96,0,0,0.0,0.0,12,12,12,1.0,1.0
baseline,qwen3.5:9b,all_crops,all,round_pin,0.97,36,33,33,0.9166666666666666,0.9166666666666666,96,0,0,0.0,0.0,12,11,11,0.9166666666666666,0.9166666666666666
baseline,qwen3.5:9b,all_crops,all,round_pin,0.98,36,25,25,0.6944444444444444,0.6944444444444444,96,0,0,0.0,0.0,12,9,9,0.75,0.75
baseline,qwen3.5:9b,all_crops,all,round_pin,0.99,36,1,1,0.027777777777777776,0.027777777777777776,96,0,0,0.0,0.0,12,1,1,0.08333333333333333,0.08333333333333333
baseline,qwen3.5:9b,all_crops,all,round_pin,0.995,36,0,0,0.0,0.0,96,0,0,0.0,0.0,12,0,0,0.0,0.0
baseline,qwen3.5:9b,all_crops,all,round_pin,0.999,36,0,0,0.0,0.0,96,0,0,0.0,0.0,12,0,0,0.0,0.0
baseline,qwen3.5:9b,all_crops,all,round_pin,0.9999,36,0,0,0.0,0.0,96,0,0,0.0,0.0,12,0,0,0.0,0.0
baseline,qwen3.5:9b,all_crops,all,round_pin,0.99999,36,0,0,0.0,0.0,96,0,0,0.0,0.0,12,0,0,0.0,0.0
baseline,qwen3.5:9b,all_crops,all,round_pin,0.999999,36,0,0,0.0,0.0,96,0,0,0.0,0.0,12,0,0,0.0,0.0
baseline,qwen3.5:9b,all_crops,all,Waterproof_Male,0.4,4,4,4,1.0,1.0,40,16,16,0.4,0.4,4,4,4,1.0,1.0
baseline,qwen3.5:9b,all_crops,all,Waterproof_Male,0.5,4,4,4,1.0,1.0,40,16,16,0.4,0.4,4,4,4,1.0,1.0
baseline,qwen3.5:9b,all_crops,all,Waterproof_Male,0.6,4,4,4,1.0,1.0,40,16,16,0.4,0.4,4,4,4,1.0,1.0
baseline,qwen3.5:9b,all_crops,all,Waterproof_Male,0.65,4,4,4,1.0,1.0,40,16,16,0.4,0.4,4,4,4,1.0,1.0
baseline,qwen3.5:9b,all_crops,all,Waterproof_Male,0.7,4,4,4,1.0,1.0,40,16,16,0.4,0.4,4,4,4,1.0,1.0
baseline,qwen3.5:9b,all_crops,all,Waterproof_Male,0.8,4,4,4,1.0,1.0,40,12,12,0.3,0.3,4,4,4,1.0,1.0
baseline,qwen3.5:9b,all_crops,all,Waterproof_Male,0.9,4,4,4,1.0,1.0,40,8,8,0.2,0.2,4,4,4,1.0,1.0
baseline,qwen3.5:9b,all_crops,all,Waterproof_Male,0.95,4,4,4,1.0,1.0,40,8,8,0.2,0.2,4,4,4,1.0,1.0
baseline,qwen3.5:9b,all_crops,all,Waterproof_Male,0.97,4,4,4,1.0,1.0,40,5,5,0.125,0.125,4,4,4,1.0,1.0
baseline,qwen3.5:9b,all_crops,all,Waterproof_Male,0.98,4,3,3,0.75,0.75,40,3,3,0.075,0.075,4,3,3,0.75,0.75
baseline,qwen3.5:9b,all_crops,all,Waterproof_Male,0.99,4,0,0,0.0,0.0,40,0,0,0.0,0.0,4,0,0,0.0,0.0
baseline,qwen3.5:9b,all_crops,all,Waterproof_Male,0.995,4,0,0,0.0,0.0,40,0,0,0.0,0.0,4,0,0,0.0,0.0
baseline,qwen3.5:9b,all_crops,all,Waterproof_Male,0.999,4,0,0,0.0,0.0,40,0,0,0.0,0.0,4,0,0,0.0,0.0
baseline,qwen3.5:9b,all_crops,all,Waterproof_Male,0.9999,4,0,0,0.0,0.0,40,0,0,0.0,0.0,4,0,0,0.0,0.0
baseline,qwen3.5:9b,all_crops,all,Waterproof_Male,0.99999,4,0,0,0.0,0.0,40,0,0,0.0,0.0,4,0,0,0.0,0.0
baseline,qwen3.5:9b,all_crops,all,Waterproof_Male,0.999999,4,0,0,0.0,0.0,40,0,0,0.0,0.0,4,0,0,0.0,0.0
baseline,qwen3.5:9b,all_crops,all,USB_Male,0.4,4,4,4,1.0,1.0,40,1,1,0.025,0.025,4,4,4,1.0,1.0
baseline,qwen3.5:9b,all_crops,all,USB_Male,0.5,4,4,4,1.0,1.0,40,0,0,0.0,0.0,4,4,4,1.0,1.0
baseline,qwen3.5:9b,all_crops,all,USB_Male,0.6,4,4,4,1.0,1.0,40,0,0,0.0,0.0,4,4,4,1.0,1.0
baseline,qwen3.5:9b,all_crops,all,USB_Male,0.65,4,4,4,1.0,1.0,40,0,0,0.0,0.0,4,4,4,1.0,1.0
baseline,qwen3.5:9b,all_crops,all,USB_Male,0.7,4,4,4,1.0,1.0,40,0,0,0.0,0.0,4,4,4,1.0,1.0
baseline,qwen3.5:9b,all_crops,all,USB_Male,0.8,4,4,4,1.0,1.0,40,0,0,0.0,0.0,4,4,4,1.0,1.0
baseline,qwen3.5:9b,all_crops,all,USB_Male,0.9,4,4,4,1.0,1.0,40,0,0,0.0,0.0,4,4,4,1.0,1.0
baseline,qwen3.5:9b,all_crops,all,USB_Male,0.95,4,4,4,1.0,1.0,40,0,0,0.0,0.0,4,4,4,1.0,1.0
baseline,qwen3.5:9b,all_crops,all,USB_Male,0.97,4,4,4,1.0,1.0,40,0,0,0.0,0.0,4,4,4,1.0,1.0
baseline,qwen3.5:9b,all_crops,all,USB_Male,0.98,4,3,3,0.75,0.75,40,0,0,0.0,0.0,4,3,3,0.75,0.75
baseline,qwen3.5:9b,all_crops,all,USB_Male,0.99,4,0,0,0.0,0.0,40,0,0,0.0,0.0,4,0,0,0.0,0.0
baseline,qwen3.5:9b,all_crops,all,USB_Male,0.995,4,0,0,0.0,0.0,40,0,0,0.0,0.0,4,0,0,0.0,0.0
baseline,qwen3.5:9b,all_crops,all,USB_Male,0.999,4,0,0,0.0,0.0,40,0,0,0.0,0.0,4,0,0,0.0,0.0
baseline,qwen3.5:9b,all_crops,all,USB_Male,0.9999,4,0,0,0.0,0.0,40,0,0,0.0,0.0,4,0,0,0.0,0.0
baseline,qwen3.5:9b,all_crops,all,USB_Male,0.99999,4,0,0,0.0,0.0,40,0,0,0.0,0.0,4,0,0,0.0,0.0
baseline,qwen3.5:9b,all_crops,all,USB_Male,0.999999,4,0,0,0.0,0.0,40,0,0,0.0,0.0,4,0,0,0.0,0.0
baseline,qwen3.5:9b,all_crops,all,DSUB_Male,0.4,4,4,4,1.0,1.0,40,17,17,0.425,0.425,4,4,4,1.0,1.0
baseline,qwen3.5:9b,all_crops,all,DSUB_Male,0.5,4,4,4,1.0,1.0,40,14,14,0.35,0.35,4,4,4,1.0,1.0
baseline,qwen3.5:9b,all_crops,all,DSUB_Male,0.6,4,4,4,1.0,1.0,40,12,12,0.3,0.3,4,4,4,1.0,1.0
baseline,qwen3.5:9b,all_crops,all,DSUB_Male,0.65,4,4,4,1.0,1.0,40,11,11,0.275,0.275,4,4,4,1.0,1.0
baseline,qwen3.5:9b,all_crops,all,DSUB_Male,0.7,4,4,4,1.0,1.0,40,9,9,0.225,0.225,4,4,4,1.0,1.0
baseline,qwen3.5:9b,all_crops,all,DSUB_Male,0.8,4,4,4,1.0,1.0,40,6,6,0.15,0.15,4,4,4,1.0,1.0
baseline,qwen3.5:9b,all_crops,all,DSUB_Male,0.9,4,4,4,1.0,1.0,40,4,4,0.1,0.1,4,4,4,1.0,1.0
baseline,qwen3.5:9b,all_crops,all,DSUB_Male,0.95,4,4,4,1.0,1.0,40,4,4,0.1,0.1,4,4,4,1.0,1.0
baseline,qwen3.5:9b,all_crops,all,DSUB_Male,0.97,4,4,4,1.0,1.0,40,4,4,0.1,0.1,4,4,4,1.0,1.0
baseline,qwen3.5:9b,all_crops,all,DSUB_Male,0.98,4,3,3,0.75,0.75,40,1,1,0.025,0.025,4,3,3,0.75,0.75
baseline,qwen3.5:9b,all_crops,all,DSUB_Male,0.99,4,0,0,0.0,0.0,40,0,0,0.0,0.0,4,0,0,0.0,0.0
baseline,qwen3.5:9b,all_crops,all,DSUB_Male,0.995,4,0,0,0.0,0.0,40,0,0,0.0,0.0,4,0,0,0.0,0.0
baseline,qwen3.5:9b,all_crops,all,DSUB_Male,0.999,4,0,0,0.0,0.0,40,0,0,0.0,0.0,4,0,0,0.0,0.0
baseline,qwen3.5:9b,all_crops,all,DSUB_Male,0.9999,4,0,0,0.0,0.0,40,0,0,0.0,0.0,4,0,0,0.0,0.0
baseline,qwen3.5:9b,all_crops,all,DSUB_Male,0.99999,4,0,0,0.0,0.0,40,0,0,0.0,0.0,4,0,0,0.0,0.0
baseline,qwen3.5:9b,all_crops,all,DSUB_Male,0.999999,4,0,0,0.0,0.0,40,0,0,0.0,0.0,4,0,0,0.0,0.0
baseline,qwen3.5:9b,autonomous_depth_only,original,gear,0.4,9,9,9,1.0,1.0,24,6,6,0.25,0.25,3,3,3,1.0,1.0
baseline,qwen3.5:9b,autonomous_depth_only,original,gear,0.5,9,9,9,1.0,1.0,24,6,6,0.25,0.25,3,3,3,1.0,1.0
baseline,qwen3.5:9b,autonomous_depth_only,original,gear,0.6,9,9,9,1.0,1.0,24,6,6,0.25,0.25,3,3,3,1.0,1.0
baseline,qwen3.5:9b,autonomous_depth_only,original,gear,0.65,9,9,9,1.0,1.0,24,6,6,0.25,0.25,3,3,3,1.0,1.0
baseline,qwen3.5:9b,autonomous_depth_only,original,gear,0.7,9,9,9,1.0,1.0,24,6,6,0.25,0.25,3,3,3,1.0,1.0
baseline,qwen3.5:9b,autonomous_depth_only,original,gear,0.8,9,9,9,1.0,1.0,24,6,6,0.25,0.25,3,3,3,1.0,1.0
baseline,qwen3.5:9b,autonomous_depth_only,original,gear,0.9,9,9,9,1.0,1.0,24,6,6,0.25,0.25,3,3,3,1.0,1.0
baseline,qwen3.5:9b,autonomous_depth_only,original,gear,0.95,9,9,9,1.0,1.0,24,5,5,0.20833333333333334,0.20833333333333334,3,3,3,1.0,1.0
baseline,qwen3.5:9b,autonomous_depth_only,original,gear,0.97,9,9,9,1.0,1.0,24,3,3,0.125,0.125,3,3,3,1.0,1.0
baseline,qwen3.5:9b,autonomous_depth_only,original,gear,0.98,9,6,6,0.6666666666666666,0.6666666666666666,24,0,0,0.0,0.0,3,2,2,0.6666666666666666,0.6666666666666666
baseline,qwen3.5:9b,autonomous_depth_only,original,gear,0.99,9,4,4,0.4444444444444444,0.4444444444444444,24,0,0,0.0,0.0,3,1,1,0.3333333333333333,0.3333333333333333
baseline,qwen3.5:9b,autonomous_depth_only,original,gear,0.995,9,0,0,0.0,0.0,24,0,0,0.0,0.0,3,0,0,0.0,0.0
baseline,qwen3.5:9b,autonomous_depth_only,original,gear,0.999,9,0,0,0.0,0.0,24,0,0,0.0,0.0,3,0,0,0.0,0.0
baseline,qwen3.5:9b,autonomous_depth_only,original,gear,0.9999,9,0,0,0.0,0.0,24,0,0,0.0,0.0,3,0,0,0.0,0.0
baseline,qwen3.5:9b,autonomous_depth_only,original,gear,0.99999,9,0,0,0.0,0.0,24,0,0,0.0,0.0,3,0,0,0.0,0.0
baseline,qwen3.5:9b,autonomous_depth_only,original,gear,0.999999,9,0,0,0.0,0.0,24,0,0,0.0,0.0,3,0,0,0.0,0.0
baseline,qwen3.5:9b,autonomous_depth_only,original,hex_nut,0.4,4,4,4,1.0,1.0,18,0,0,0.0,0.0,2,2,2,1.0,1.0
baseline,qwen3.5:9b,autonomous_depth_only,original,hex_nut,0.5,4,4,4,1.0,1.0,18,0,0,0.0,0.0,2,2,2,1.0,1.0
baseline,qwen3.5:9b,autonomous_depth_only,original,hex_nut,0.6,4,4,4,1.0,1.0,18,0,0,0.0,0.0,2,2,2,1.0,1.0
baseline,qwen3.5:9b,autonomous_depth_only,original,hex_nut,0.65,4,4,4,1.0,1.0,18,0,0,0.0,0.0,2,2,2,1.0,1.0
baseline,qwen3.5:9b,autonomous_depth_only,original,hex_nut,0.7,4,4,4,1.0,1.0,18,0,0,0.0,0.0,2,2,2,1.0,1.0
baseline,qwen3.5:9b,autonomous_depth_only,original,hex_nut,0.8,4,4,4,1.0,1.0,18,0,0,0.0,0.0,2,2,2,1.0,1.0
baseline,qwen3.5:9b,autonomous_depth_only,original,hex_nut,0.9,4,4,4,1.0,1.0,18,0,0,0.0,0.0,2,2,2,1.0,1.0
baseline,qwen3.5:9b,autonomous_depth_only,original,hex_nut,0.95,4,4,4,1.0,1.0,18,0,0,0.0,0.0,2,2,2,1.0,1.0
baseline,qwen3.5:9b,autonomous_depth_only,original,hex_nut,0.97,4,3,3,0.75,0.75,18,0,0,0.0,0.0,2,1,1,0.5,0.5
baseline,qwen3.5:9b,autonomous_depth_only,original,hex_nut,0.98,4,1,1,0.25,0.25,18,0,0,0.0,0.0,2,0,0,0.0,0.0
baseline,qwen3.5:9b,autonomous_depth_only,original,hex_nut,0.99,4,0,0,0.0,0.0,18,0,0,0.0,0.0,2,0,0,0.0,0.0
baseline,qwen3.5:9b,autonomous_depth_only,original,hex_nut,0.995,4,0,0,0.0,0.0,18,0,0,0.0,0.0,2,0,0,0.0,0.0
baseline,qwen3.5:9b,autonomous_depth_only,original,hex_nut,0.999,4,0,0,0.0,0.0,18,0,0,0.0,0.0,2,0,0,0.0,0.0
baseline,qwen3.5:9b,autonomous_depth_only,original,hex_nut,0.9999,4,0,0,0.0,0.0,18,0,0,0.0,0.0,2,0,0,0.0,0.0
baseline,qwen3.5:9b,autonomous_depth_only,original,hex_nut,0.99999,4,0,0,0.0,0.0,18,0,0,0.0,0.0,2,0,0,0.0,0.0
baseline,qwen3.5:9b,autonomous_depth_only,original,hex_nut,0.999999,4,0,0,0.0,0.0,18,0,0,0.0,0.0,2,0,0,0.0,0.0
baseline,qwen3.5:9b,autonomous_depth_only,original,round_pin,0.4,9,9,9,1.0,1.0,24,21,21,0.875,0.875,3,3,3,1.0,1.0
baseline,qwen3.5:9b,autonomous_depth_only,original,round_pin,0.5,9,9,9,1.0,1.0,24,21,21,0.875,0.875,3,3,3,1.0,1.0
baseline,qwen3.5:9b,autonomous_depth_only,original,round_pin,0.6,9,9,9,1.0,1.0,24,21,21,0.875,0.875,3,3,3,1.0,1.0
baseline,qwen3.5:9b,autonomous_depth_only,original,round_pin,0.65,9,9,9,1.0,1.0,24,19,19,0.7916666666666666,0.7916666666666666,3,3,3,1.0,1.0
baseline,qwen3.5:9b,autonomous_depth_only,original,round_pin,0.7,9,9,9,1.0,1.0,24,18,18,0.75,0.75,3,3,3,1.0,1.0
baseline,qwen3.5:9b,autonomous_depth_only,original,round_pin,0.8,9,9,9,1.0,1.0,24,13,13,0.5416666666666666,0.5416666666666666,3,3,3,1.0,1.0
baseline,qwen3.5:9b,autonomous_depth_only,original,round_pin,0.9,9,9,9,1.0,1.0,24,3,3,0.125,0.125,3,3,3,1.0,1.0
baseline,qwen3.5:9b,autonomous_depth_only,original,round_pin,0.95,9,9,9,1.0,1.0,24,0,0,0.0,0.0,3,3,3,1.0,1.0
baseline,qwen3.5:9b,autonomous_depth_only,original,round_pin,0.97,9,9,9,1.0,1.0,24,0,0,0.0,0.0,3,3,3,1.0,1.0
baseline,qwen3.5:9b,autonomous_depth_only,original,round_pin,0.98,9,9,9,1.0,1.0,24,0,0,0.0,0.0,3,3,3,1.0,1.0
baseline,qwen3.5:9b,autonomous_depth_only,original,round_pin,0.99,9,0,0,0.0,0.0,24,0,0,0.0,0.0,3,0,0,0.0,0.0
baseline,qwen3.5:9b,autonomous_depth_only,original,round_pin,0.995,9,0,0,0.0,0.0,24,0,0,0.0,0.0,3,0,0,0.0,0.0
baseline,qwen3.5:9b,autonomous_depth_only,original,round_pin,0.999,9,0,0,0.0,0.0,24,0,0,0.0,0.0,3,0,0,0.0,0.0
baseline,qwen3.5:9b,autonomous_depth_only,original,round_pin,0.9999,9,0,0,0.0,0.0,24,0,0,0.0,0.0,3,0,0,0.0,0.0
baseline,qwen3.5:9b,autonomous_depth_only,original,round_pin,0.99999,9,0,0,0.0,0.0,24,0,0,0.0,0.0,3,0,0,0.0,0.0
baseline,qwen3.5:9b,autonomous_depth_only,original,round_pin,0.999999,9,0,0,0.0,0.0,24,0,0,0.0,0.0,3,0,0,0.0,0.0
baseline,qwen3.5:9b,autonomous_depth_only,original,Waterproof_Male,0.4,1,1,1,1.0,1.0,10,4,4,0.4,0.4,1,1,1,1.0,1.0
baseline,qwen3.5:9b,autonomous_depth_only,original,Waterproof_Male,0.5,1,1,1,1.0,1.0,10,4,4,0.4,0.4,1,1,1,1.0,1.0
baseline,qwen3.5:9b,autonomous_depth_only,original,Waterproof_Male,0.6,1,1,1,1.0,1.0,10,4,4,0.4,0.4,1,1,1,1.0,1.0
baseline,qwen3.5:9b,autonomous_depth_only,original,Waterproof_Male,0.65,1,1,1,1.0,1.0,10,4,4,0.4,0.4,1,1,1,1.0,1.0
baseline,qwen3.5:9b,autonomous_depth_only,original,Waterproof_Male,0.7,1,1,1,1.0,1.0,10,4,4,0.4,0.4,1,1,1,1.0,1.0
baseline,qwen3.5:9b,autonomous_depth_only,original,Waterproof_Male,0.8,1,1,1,1.0,1.0,10,2,2,0.2,0.2,1,1,1,1.0,1.0
baseline,qwen3.5:9b,autonomous_depth_only,original,Waterproof_Male,0.9,1,1,1,1.0,1.0,10,2,2,0.2,0.2,1,1,1,1.0,1.0
baseline,qwen3.5:9b,autonomous_depth_only,original,Waterproof_Male,0.95,1,1,1,1.0,1.0,10,2,2,0.2,0.2,1,1,1,1.0,1.0
baseline,qwen3.5:9b,autonomous_depth_only,original,Waterproof_Male,0.97,1,1,1,1.0,1.0,10,1,1,0.1,0.1,1,1,1,1.0,1.0
baseline,qwen3.5:9b,autonomous_depth_only,original,Waterproof_Male,0.98,1,1,1,1.0,1.0,10,1,1,0.1,0.1,1,1,1,1.0,1.0
baseline,qwen3.5:9b,autonomous_depth_only,original,Waterproof_Male,0.99,1,0,0,0.0,0.0,10,0,0,0.0,0.0,1,0,0,0.0,0.0
baseline,qwen3.5:9b,autonomous_depth_only,original,Waterproof_Male,0.995,1,0,0,0.0,0.0,10,0,0,0.0,0.0,1,0,0,0.0,0.0
baseline,qwen3.5:9b,autonomous_depth_only,original,Waterproof_Male,0.999,1,0,0,0.0,0.0,10,0,0,0.0,0.0,1,0,0,0.0,0.0
baseline,qwen3.5:9b,autonomous_depth_only,original,Waterproof_Male,0.9999,1,0,0,0.0,0.0,10,0,0,0.0,0.0,1,0,0,0.0,0.0
baseline,qwen3.5:9b,autonomous_depth_only,original,Waterproof_Male,0.99999,1,0,0,0.0,0.0,10,0,0,0.0,0.0,1,0,0,0.0,0.0
baseline,qwen3.5:9b,autonomous_depth_only,original,Waterproof_Male,0.999999,1,0,0,0.0,0.0,10,0,0,0.0,0.0,1,0,0,0.0,0.0
baseline,qwen3.5:9b,autonomous_depth_only,original,USB_Male,0.4,1,1,1,1.0,1.0,10,0,0,0.0,0.0,1,1,1,1.0,1.0
baseline,qwen3.5:9b,autonomous_depth_only,original,USB_Male,0.5,1,1,1,1.0,1.0,10,0,0,0.0,0.0,1,1,1,1.0,1.0
baseline,qwen3.5:9b,autonomous_depth_only,original,USB_Male,0.6,1,1,1,1.0,1.0,10,0,0,0.0,0.0,1,1,1,1.0,1.0
baseline,qwen3.5:9b,autonomous_depth_only,original,USB_Male,0.65,1,1,1,1.0,1.0,10,0,0,0.0,0.0,1,1,1,1.0,1.0
baseline,qwen3.5:9b,autonomous_depth_only,original,USB_Male,0.7,1,1,1,1.0,1.0,10,0,0,0.0,0.0,1,1,1,1.0,1.0
baseline,qwen3.5:9b,autonomous_depth_only,original,USB_Male,0.8,1,1,1,1.0,1.0,10,0,0,0.0,0.0,1,1,1,1.0,1.0
baseline,qwen3.5:9b,autonomous_depth_only,original,USB_Male,0.9,1,1,1,1.0,1.0,10,0,0,0.0,0.0,1,1,1,1.0,1.0
baseline,qwen3.5:9b,autonomous_depth_only,original,USB_Male,0.95,1,1,1,1.0,1.0,10,0,0,0.0,0.0,1,1,1,1.0,1.0
baseline,qwen3.5:9b,autonomous_depth_only,original,USB_Male,0.97,1,1,1,1.0,1.0,10,0,0,0.0,0.0,1,1,1,1.0,1.0
baseline,qwen3.5:9b,autonomous_depth_only,original,USB_Male,0.98,1,0,0,0.0,0.0,10,0,0,0.0,0.0,1,0,0,0.0,0.0
baseline,qwen3.5:9b,autonomous_depth_only,original,USB_Male,0.99,1,0,0,0.0,0.0,10,0,0,0.0,0.0,1,0,0,0.0,0.0
baseline,qwen3.5:9b,autonomous_depth_only,original,USB_Male,0.995,1,0,0,0.0,0.0,10,0,0,0.0,0.0,1,0,0,0.0,0.0
baseline,qwen3.5:9b,autonomous_depth_only,original,USB_Male,0.999,1,0,0,0.0,0.0,10,0,0,0.0,0.0,1,0,0,0.0,0.0
baseline,qwen3.5:9b,autonomous_depth_only,original,USB_Male,0.9999,1,0,0,0.0,0.0,10,0,0,0.0,0.0,1,0,0,0.0,0.0
baseline,qwen3.5:9b,autonomous_depth_only,original,USB_Male,0.99999,1,0,0,0.0,0.0,10,0,0,0.0,0.0,1,0,0,0.0,0.0
baseline,qwen3.5:9b,autonomous_depth_only,original,USB_Male,0.999999,1,0,0,0.0,0.0,10,0,0,0.0,0.0,1,0,0,0.0,0.0
baseline,qwen3.5:9b,autonomous_depth_only,original,DSUB_Male,0.4,1,1,1,1.0,1.0,10,2,2,0.2,0.2,1,1,1,1.0,1.0
baseline,qwen3.5:9b,autonomous_depth_only,original,DSUB_Male,0.5,1,1,1,1.0,1.0,10,2,2,0.2,0.2,1,1,1,1.0,1.0
baseline,qwen3.5:9b,autonomous_depth_only,original,DSUB_Male,0.6,1,1,1,1.0,1.0,10,2,2,0.2,0.2,1,1,1,1.0,1.0
baseline,qwen3.5:9b,autonomous_depth_only,original,DSUB_Male,0.65,1,1,1,1.0,1.0,10,2,2,0.2,0.2,1,1,1,1.0,1.0
baseline,qwen3.5:9b,autonomous_depth_only,original,DSUB_Male,0.7,1,1,1,1.0,1.0,10,2,2,0.2,0.2,1,1,1,1.0,1.0
baseline,qwen3.5:9b,autonomous_depth_only,original,DSUB_Male,0.8,1,1,1,1.0,1.0,10,2,2,0.2,0.2,1,1,1,1.0,1.0
baseline,qwen3.5:9b,autonomous_depth_only,original,DSUB_Male,0.9,1,1,1,1.0,1.0,10,1,1,0.1,0.1,1,1,1,1.0,1.0
baseline,qwen3.5:9b,autonomous_depth_only,original,DSUB_Male,0.95,1,1,1,1.0,1.0,10,1,1,0.1,0.1,1,1,1,1.0,1.0
baseline,qwen3.5:9b,autonomous_depth_only,original,DSUB_Male,0.97,1,1,1,1.0,1.0,10,1,1,0.1,0.1,1,1,1,1.0,1.0
baseline,qwen3.5:9b,autonomous_depth_only,original,DSUB_Male,0.98,1,1,1,1.0,1.0,10,0,0,0.0,0.0,1,1,1,1.0,1.0
baseline,qwen3.5:9b,autonomous_depth_only,original,DSUB_Male,0.99,1,0,0,0.0,0.0,10,0,0,0.0,0.0,1,0,0,0.0,0.0
baseline,qwen3.5:9b,autonomous_depth_only,original,DSUB_Male,0.995,1,0,0,0.0,0.0,10,0,0,0.0,0.0,1,0,0,0.0,0.0
baseline,qwen3.5:9b,autonomous_depth_only,original,DSUB_Male,0.999,1,0,0,0.0,0.0,10,0,0,0.0,0.0,1,0,0,0.0,0.0
baseline,qwen3.5:9b,autonomous_depth_only,original,DSUB_Male,0.9999,1,0,0,0.0,0.0,10,0,0,0.0,0.0,1,0,0,0.0,0.0
baseline,qwen3.5:9b,autonomous_depth_only,original,DSUB_Male,0.99999,1,0,0,0.0,0.0,10,0,0,0.0,0.0,1,0,0,0.0,0.0
baseline,qwen3.5:9b,autonomous_depth_only,original,DSUB_Male,0.999999,1,0,0,0.0,0.0,10,0,0,0.0,0.0,1,0,0,0.0,0.0
baseline,qwen3.5:9b,autonomous_depth_only,state_101,gear,0.4,9,9,9,1.0,1.0,21,6,6,0.2857142857142857,0.2857142857142857,3,3,3,1.0,1.0
baseline,qwen3.5:9b,autonomous_depth_only,state_101,gear,0.5,9,9,9,1.0,1.0,21,6,6,0.2857142857142857,0.2857142857142857,3,3,3,1.0,1.0
baseline,qwen3.5:9b,autonomous_depth_only,state_101,gear,0.6,9,9,9,1.0,1.0,21,6,6,0.2857142857142857,0.2857142857142857,3,3,3,1.0,1.0
baseline,qwen3.5:9b,autonomous_depth_only,state_101,gear,0.65,9,9,9,1.0,1.0,21,6,6,0.2857142857142857,0.2857142857142857,3,3,3,1.0,1.0
baseline,qwen3.5:9b,autonomous_depth_only,state_101,gear,0.7,9,9,9,1.0,1.0,21,6,6,0.2857142857142857,0.2857142857142857,3,3,3,1.0,1.0
baseline,qwen3.5:9b,autonomous_depth_only,state_101,gear,0.8,9,9,9,1.0,1.0,21,6,6,0.2857142857142857,0.2857142857142857,3,3,3,1.0,1.0
baseline,qwen3.5:9b,autonomous_depth_only,state_101,gear,0.9,9,9,9,1.0,1.0,21,6,6,0.2857142857142857,0.2857142857142857,3,3,3,1.0,1.0
baseline,qwen3.5:9b,autonomous_depth_only,state_101,gear,0.95,9,9,9,1.0,1.0,21,6,6,0.2857142857142857,0.2857142857142857,3,3,3,1.0,1.0
baseline,qwen3.5:9b,autonomous_depth_only,state_101,gear,0.97,9,8,8,0.8888888888888888,0.8888888888888888,21,3,3,0.14285714285714285,0.14285714285714285,3,3,3,1.0,1.0
baseline,qwen3.5:9b,autonomous_depth_only,state_101,gear,0.98,9,6,6,0.6666666666666666,0.6666666666666666,21,0,0,0.0,0.0,3,2,2,0.6666666666666666,0.6666666666666666
baseline,qwen3.5:9b,autonomous_depth_only,state_101,gear,0.99,9,3,3,0.3333333333333333,0.3333333333333333,21,0,0,0.0,0.0,3,1,1,0.3333333333333333,0.3333333333333333
baseline,qwen3.5:9b,autonomous_depth_only,state_101,gear,0.995,9,0,0,0.0,0.0,21,0,0,0.0,0.0,3,0,0,0.0,0.0
baseline,qwen3.5:9b,autonomous_depth_only,state_101,gear,0.999,9,0,0,0.0,0.0,21,0,0,0.0,0.0,3,0,0,0.0,0.0
baseline,qwen3.5:9b,autonomous_depth_only,state_101,gear,0.9999,9,0,0,0.0,0.0,21,0,0,0.0,0.0,3,0,0,0.0,0.0
baseline,qwen3.5:9b,autonomous_depth_only,state_101,gear,0.99999,9,0,0,0.0,0.0,21,0,0,0.0,0.0,3,0,0,0.0,0.0
baseline,qwen3.5:9b,autonomous_depth_only,state_101,gear,0.999999,9,0,0,0.0,0.0,21,0,0,0.0,0.0,3,0,0,0.0,0.0
baseline,qwen3.5:9b,autonomous_depth_only,state_101,hex_nut,0.4,4,4,4,1.0,1.0,16,0,0,0.0,0.0,2,2,2,1.0,1.0
baseline,qwen3.5:9b,autonomous_depth_only,state_101,hex_nut,0.5,4,4,4,1.0,1.0,16,0,0,0.0,0.0,2,2,2,1.0,1.0
baseline,qwen3.5:9b,autonomous_depth_only,state_101,hex_nut,0.6,4,4,4,1.0,1.0,16,0,0,0.0,0.0,2,2,2,1.0,1.0
baseline,qwen3.5:9b,autonomous_depth_only,state_101,hex_nut,0.65,4,4,4,1.0,1.0,16,0,0,0.0,0.0,2,2,2,1.0,1.0
baseline,qwen3.5:9b,autonomous_depth_only,state_101,hex_nut,0.7,4,4,4,1.0,1.0,16,0,0,0.0,0.0,2,2,2,1.0,1.0
baseline,qwen3.5:9b,autonomous_depth_only,state_101,hex_nut,0.8,4,4,4,1.0,1.0,16,0,0,0.0,0.0,2,2,2,1.0,1.0
baseline,qwen3.5:9b,autonomous_depth_only,state_101,hex_nut,0.9,4,3,3,0.75,0.75,16,0,0,0.0,0.0,2,2,2,1.0,1.0
baseline,qwen3.5:9b,autonomous_depth_only,state_101,hex_nut,0.95,4,2,2,0.5,0.5,16,0,0,0.0,0.0,2,1,1,0.5,0.5
baseline,qwen3.5:9b,autonomous_depth_only,state_101,hex_nut,0.97,4,2,2,0.5,0.5,16,0,0,0.0,0.0,2,1,1,0.5,0.5
baseline,qwen3.5:9b,autonomous_depth_only,state_101,hex_nut,0.98,4,0,0,0.0,0.0,16,0,0,0.0,0.0,2,0,0,0.0,0.0
baseline,qwen3.5:9b,autonomous_depth_only,state_101,hex_nut,0.99,4,0,0,0.0,0.0,16,0,0,0.0,0.0,2,0,0,0.0,0.0
baseline,qwen3.5:9b,autonomous_depth_only,state_101,hex_nut,0.995,4,0,0,0.0,0.0,16,0,0,0.0,0.0,2,0,0,0.0,0.0
baseline,qwen3.5:9b,autonomous_depth_only,state_101,hex_nut,0.999,4,0,0,0.0,0.0,16,0,0,0.0,0.0,2,0,0,0.0,0.0
baseline,qwen3.5:9b,autonomous_depth_only,state_101,hex_nut,0.9999,4,0,0,0.0,0.0,16,0,0,0.0,0.0,2,0,0,0.0,0.0
baseline,qwen3.5:9b,autonomous_depth_only,state_101,hex_nut,0.99999,4,0,0,0.0,0.0,16,0,0,0.0,0.0,2,0,0,0.0,0.0
baseline,qwen3.5:9b,autonomous_depth_only,state_101,hex_nut,0.999999,4,0,0,0.0,0.0,16,0,0,0.0,0.0,2,0,0,0.0,0.0
baseline,qwen3.5:9b,autonomous_depth_only,state_101,round_pin,0.4,9,9,9,1.0,1.0,21,15,15,0.7142857142857143,0.7142857142857143,3,3,3,1.0,1.0
baseline,qwen3.5:9b,autonomous_depth_only,state_101,round_pin,0.5,9,9,9,1.0,1.0,21,15,15,0.7142857142857143,0.7142857142857143,3,3,3,1.0,1.0
baseline,qwen3.5:9b,autonomous_depth_only,state_101,round_pin,0.6,9,9,9,1.0,1.0,21,15,15,0.7142857142857143,0.7142857142857143,3,3,3,1.0,1.0
baseline,qwen3.5:9b,autonomous_depth_only,state_101,round_pin,0.65,9,9,9,1.0,1.0,21,15,15,0.7142857142857143,0.7142857142857143,3,3,3,1.0,1.0
baseline,qwen3.5:9b,autonomous_depth_only,state_101,round_pin,0.7,9,9,9,1.0,1.0,21,12,12,0.5714285714285714,0.5714285714285714,3,3,3,1.0,1.0
baseline,qwen3.5:9b,autonomous_depth_only,state_101,round_pin,0.8,9,9,9,1.0,1.0,21,10,10,0.47619047619047616,0.47619047619047616,3,3,3,1.0,1.0
baseline,qwen3.5:9b,autonomous_depth_only,state_101,round_pin,0.9,9,9,9,1.0,1.0,21,5,5,0.23809523809523808,0.23809523809523808,3,3,3,1.0,1.0
baseline,qwen3.5:9b,autonomous_depth_only,state_101,round_pin,0.95,9,9,9,1.0,1.0,21,0,0,0.0,0.0,3,3,3,1.0,1.0
baseline,qwen3.5:9b,autonomous_depth_only,state_101,round_pin,0.97,9,6,6,0.6666666666666666,0.6666666666666666,21,0,0,0.0,0.0,3,2,2,0.6666666666666666,0.6666666666666666
baseline,qwen3.5:9b,autonomous_depth_only,state_101,round_pin,0.98,9,2,2,0.2222222222222222,0.2222222222222222,21,0,0,0.0,0.0,3,1,1,0.3333333333333333,0.3333333333333333
baseline,qwen3.5:9b,autonomous_depth_only,state_101,round_pin,0.99,9,0,0,0.0,0.0,21,0,0,0.0,0.0,3,0,0,0.0,0.0
baseline,qwen3.5:9b,autonomous_depth_only,state_101,round_pin,0.995,9,0,0,0.0,0.0,21,0,0,0.0,0.0,3,0,0,0.0,0.0
baseline,qwen3.5:9b,autonomous_depth_only,state_101,round_pin,0.999,9,0,0,0.0,0.0,21,0,0,0.0,0.0,3,0,0,0.0,0.0
baseline,qwen3.5:9b,autonomous_depth_only,state_101,round_pin,0.9999,9,0,0,0.0,0.0,21,0,0,0.0,0.0,3,0,0,0.0,0.0
baseline,qwen3.5:9b,autonomous_depth_only,state_101,round_pin,0.99999,9,0,0,0.0,0.0,21,0,0,0.0,0.0,3,0,0,0.0,0.0
baseline,qwen3.5:9b,autonomous_depth_only,state_101,round_pin,0.999999,9,0,0,0.0,0.0,21,0,0,0.0,0.0,3,0,0,0.0,0.0
baseline,qwen3.5:9b,autonomous_depth_only,state_101,Waterproof_Male,0.4,1,1,1,1.0,1.0,9,3,3,0.3333333333333333,0.3333333333333333,1,1,1,1.0,1.0
baseline,qwen3.5:9b,autonomous_depth_only,state_101,Waterproof_Male,0.5,1,1,1,1.0,1.0,9,3,3,0.3333333333333333,0.3333333333333333,1,1,1,1.0,1.0
baseline,qwen3.5:9b,autonomous_depth_only,state_101,Waterproof_Male,0.6,1,1,1,1.0,1.0,9,3,3,0.3333333333333333,0.3333333333333333,1,1,1,1.0,1.0
baseline,qwen3.5:9b,autonomous_depth_only,state_101,Waterproof_Male,0.65,1,1,1,1.0,1.0,9,3,3,0.3333333333333333,0.3333333333333333,1,1,1,1.0,1.0
baseline,qwen3.5:9b,autonomous_depth_only,state_101,Waterproof_Male,0.7,1,1,1,1.0,1.0,9,3,3,0.3333333333333333,0.3333333333333333,1,1,1,1.0,1.0
baseline,qwen3.5:9b,autonomous_depth_only,state_101,Waterproof_Male,0.8,1,1,1,1.0,1.0,9,2,2,0.2222222222222222,0.2222222222222222,1,1,1,1.0,1.0
baseline,qwen3.5:9b,autonomous_depth_only,state_101,Waterproof_Male,0.9,1,1,1,1.0,1.0,9,1,1,0.1111111111111111,0.1111111111111111,1,1,1,1.0,1.0
baseline,qwen3.5:9b,autonomous_depth_only,state_101,Waterproof_Male,0.95,1,1,1,1.0,1.0,9,1,1,0.1111111111111111,0.1111111111111111,1,1,1,1.0,1.0
baseline,qwen3.5:9b,autonomous_depth_only,state_101,Waterproof_Male,0.97,1,1,1,1.0,1.0,9,1,1,0.1111111111111111,0.1111111111111111,1,1,1,1.0,1.0
baseline,qwen3.5:9b,autonomous_depth_only,state_101,Waterproof_Male,0.98,1,1,1,1.0,1.0,9,0,0,0.0,0.0,1,1,1,1.0,1.0
baseline,qwen3.5:9b,autonomous_depth_only,state_101,Waterproof_Male,0.99,1,0,0,0.0,0.0,9,0,0,0.0,0.0,1,0,0,0.0,0.0
baseline,qwen3.5:9b,autonomous_depth_only,state_101,Waterproof_Male,0.995,1,0,0,0.0,0.0,9,0,0,0.0,0.0,1,0,0,0.0,0.0
baseline,qwen3.5:9b,autonomous_depth_only,state_101,Waterproof_Male,0.999,1,0,0,0.0,0.0,9,0,0,0.0,0.0,1,0,0,0.0,0.0
baseline,qwen3.5:9b,autonomous_depth_only,state_101,Waterproof_Male,0.9999,1,0,0,0.0,0.0,9,0,0,0.0,0.0,1,0,0,0.0,0.0
baseline,qwen3.5:9b,autonomous_depth_only,state_101,Waterproof_Male,0.99999,1,0,0,0.0,0.0,9,0,0,0.0,0.0,1,0,0,0.0,0.0
baseline,qwen3.5:9b,autonomous_depth_only,state_101,Waterproof_Male,0.999999,1,0,0,0.0,0.0,9,0,0,0.0,0.0,1,0,0,0.0,0.0
baseline,qwen3.5:9b,autonomous_depth_only,state_101,DSUB_Male,0.4,1,1,1,1.0,1.0,9,3,3,0.3333333333333333,0.3333333333333333,1,1,1,1.0,1.0
baseline,qwen3.5:9b,autonomous_depth_only,state_101,DSUB_Male,0.5,1,1,1,1.0,1.0,9,2,2,0.2222222222222222,0.2222222222222222,1,1,1,1.0,1.0
baseline,qwen3.5:9b,autonomous_depth_only,state_101,DSUB_Male,0.6,1,1,1,1.0,1.0,9,2,2,0.2222222222222222,0.2222222222222222,1,1,1,1.0,1.0
baseline,qwen3.5:9b,autonomous_depth_only,state_101,DSUB_Male,0.65,1,1,1,1.0,1.0,9,2,2,0.2222222222222222,0.2222222222222222,1,1,1,1.0,1.0
baseline,qwen3.5:9b,autonomous_depth_only,state_101,DSUB_Male,0.7,1,1,1,1.0,1.0,9,1,1,0.1111111111111111,0.1111111111111111,1,1,1,1.0,1.0
baseline,qwen3.5:9b,autonomous_depth_only,state_101,DSUB_Male,0.8,1,1,1,1.0,1.0,9,0,0,0.0,0.0,1,1,1,1.0,1.0
baseline,qwen3.5:9b,autonomous_depth_only,state_101,DSUB_Male,0.9,1,1,1,1.0,1.0,9,0,0,0.0,0.0,1,1,1,1.0,1.0
baseline,qwen3.5:9b,autonomous_depth_only,state_101,DSUB_Male,0.95,1,1,1,1.0,1.0,9,0,0,0.0,0.0,1,1,1,1.0,1.0
baseline,qwen3.5:9b,autonomous_depth_only,state_101,DSUB_Male,0.97,1,1,1,1.0,1.0,9,0,0,0.0,0.0,1,1,1,1.0,1.0
baseline,qwen3.5:9b,autonomous_depth_only,state_101,DSUB_Male,0.98,1,0,0,0.0,0.0,9,0,0,0.0,0.0,1,0,0,0.0,0.0
baseline,qwen3.5:9b,autonomous_depth_only,state_101,DSUB_Male,0.99,1,0,0,0.0,0.0,9,0,0,0.0,0.0,1,0,0,0.0,0.0
baseline,qwen3.5:9b,autonomous_depth_only,state_101,DSUB_Male,0.995,1,0,0,0.0,0.0,9,0,0,0.0,0.0,1,0,0,0.0,0.0
baseline,qwen3.5:9b,autonomous_depth_only,state_101,DSUB_Male,0.999,1,0,0,0.0,0.0,9,0,0,0.0,0.0,1,0,0,0.0,0.0
baseline,qwen3.5:9b,autonomous_depth_only,state_101,DSUB_Male,0.9999,1,0,0,0.0,0.0,9,0,0,0.0,0.0,1,0,0,0.0,0.0
baseline,qwen3.5:9b,autonomous_depth_only,state_101,DSUB_Male,0.99999,1,0,0,0.0,0.0,9,0,0,0.0,0.0,1,0,0,0.0,0.0
baseline,qwen3.5:9b,autonomous_depth_only,state_101,DSUB_Male,0.999999,1,0,0,0.0,0.0,9,0,0,0.0,0.0,1,0,0,0.0,0.0
baseline,qwen3.5:9b,autonomous_depth_only,state_202,gear,0.4,9,9,9,1.0,1.0,24,8,8,0.3333333333333333,0.3333333333333333,3,3,3,1.0,1.0
baseline,qwen3.5:9b,autonomous_depth_only,state_202,gear,0.5,9,9,9,1.0,1.0,24,6,6,0.25,0.25,3,3,3,1.0,1.0
baseline,qwen3.5:9b,autonomous_depth_only,state_202,gear,0.6,9,9,9,1.0,1.0,24,6,6,0.25,0.25,3,3,3,1.0,1.0
baseline,qwen3.5:9b,autonomous_depth_only,state_202,gear,0.65,9,9,9,1.0,1.0,24,6,6,0.25,0.25,3,3,3,1.0,1.0
baseline,qwen3.5:9b,autonomous_depth_only,state_202,gear,0.7,9,9,9,1.0,1.0,24,6,6,0.25,0.25,3,3,3,1.0,1.0
baseline,qwen3.5:9b,autonomous_depth_only,state_202,gear,0.8,9,9,9,1.0,1.0,24,6,6,0.25,0.25,3,3,3,1.0,1.0
baseline,qwen3.5:9b,autonomous_depth_only,state_202,gear,0.9,9,9,9,1.0,1.0,24,6,6,0.25,0.25,3,3,3,1.0,1.0
baseline,qwen3.5:9b,autonomous_depth_only,state_202,gear,0.95,9,7,7,0.7777777777777778,0.7777777777777778,24,2,2,0.08333333333333333,0.08333333333333333,3,2,2,0.6666666666666666,0.6666666666666666
baseline,qwen3.5:9b,autonomous_depth_only,state_202,gear,0.97,9,6,6,0.6666666666666666,0.6666666666666666,24,0,0,0.0,0.0,3,2,2,0.6666666666666666,0.6666666666666666
baseline,qwen3.5:9b,autonomous_depth_only,state_202,gear,0.98,9,6,6,0.6666666666666666,0.6666666666666666,24,0,0,0.0,0.0,3,2,2,0.6666666666666666,0.6666666666666666
baseline,qwen3.5:9b,autonomous_depth_only,state_202,gear,0.99,9,4,4,0.4444444444444444,0.4444444444444444,24,0,0,0.0,0.0,3,1,1,0.3333333333333333,0.3333333333333333
baseline,qwen3.5:9b,autonomous_depth_only,state_202,gear,0.995,9,1,1,0.1111111111111111,0.1111111111111111,24,0,0,0.0,0.0,3,0,0,0.0,0.0
baseline,qwen3.5:9b,autonomous_depth_only,state_202,gear,0.999,9,0,0,0.0,0.0,24,0,0,0.0,0.0,3,0,0,0.0,0.0
baseline,qwen3.5:9b,autonomous_depth_only,state_202,gear,0.9999,9,0,0,0.0,0.0,24,0,0,0.0,0.0,3,0,0,0.0,0.0
baseline,qwen3.5:9b,autonomous_depth_only,state_202,gear,0.99999,9,0,0,0.0,0.0,24,0,0,0.0,0.0,3,0,0,0.0,0.0
baseline,qwen3.5:9b,autonomous_depth_only,state_202,gear,0.999999,9,0,0,0.0,0.0,24,0,0,0.0,0.0,3,0,0,0.0,0.0
baseline,qwen3.5:9b,autonomous_depth_only,state_202,hex_nut,0.4,4,4,4,1.0,1.0,18,0,0,0.0,0.0,2,2,2,1.0,1.0
baseline,qwen3.5:9b,autonomous_depth_only,state_202,hex_nut,0.5,4,4,4,1.0,1.0,18,0,0,0.0,0.0,2,2,2,1.0,1.0
baseline,qwen3.5:9b,autonomous_depth_only,state_202,hex_nut,0.6,4,4,4,1.0,1.0,18,0,0,0.0,0.0,2,2,2,1.0,1.0
baseline,qwen3.5:9b,autonomous_depth_only,state_202,hex_nut,0.65,4,4,4,1.0,1.0,18,0,0,0.0,0.0,2,2,2,1.0,1.0
baseline,qwen3.5:9b,autonomous_depth_only,state_202,hex_nut,0.7,4,4,4,1.0,1.0,18,0,0,0.0,0.0,2,2,2,1.0,1.0
baseline,qwen3.5:9b,autonomous_depth_only,state_202,hex_nut,0.8,4,4,4,1.0,1.0,18,0,0,0.0,0.0,2,2,2,1.0,1.0
baseline,qwen3.5:9b,autonomous_depth_only,state_202,hex_nut,0.9,4,4,4,1.0,1.0,18,0,0,0.0,0.0,2,2,2,1.0,1.0
baseline,qwen3.5:9b,autonomous_depth_only,state_202,hex_nut,0.95,4,3,3,0.75,0.75,18,0,0,0.0,0.0,2,1,1,0.5,0.5
baseline,qwen3.5:9b,autonomous_depth_only,state_202,hex_nut,0.97,4,2,2,0.5,0.5,18,0,0,0.0,0.0,2,1,1,0.5,0.5
baseline,qwen3.5:9b,autonomous_depth_only,state_202,hex_nut,0.98,4,2,2,0.5,0.5,18,0,0,0.0,0.0,2,1,1,0.5,0.5
baseline,qwen3.5:9b,autonomous_depth_only,state_202,hex_nut,0.99,4,0,0,0.0,0.0,18,0,0,0.0,0.0,2,0,0,0.0,0.0
baseline,qwen3.5:9b,autonomous_depth_only,state_202,hex_nut,0.995,4,0,0,0.0,0.0,18,0,0,0.0,0.0,2,0,0,0.0,0.0
baseline,qwen3.5:9b,autonomous_depth_only,state_202,hex_nut,0.999,4,0,0,0.0,0.0,18,0,0,0.0,0.0,2,0,0,0.0,0.0
baseline,qwen3.5:9b,autonomous_depth_only,state_202,hex_nut,0.9999,4,0,0,0.0,0.0,18,0,0,0.0,0.0,2,0,0,0.0,0.0
baseline,qwen3.5:9b,autonomous_depth_only,state_202,hex_nut,0.99999,4,0,0,0.0,0.0,18,0,0,0.0,0.0,2,0,0,0.0,0.0
baseline,qwen3.5:9b,autonomous_depth_only,state_202,hex_nut,0.999999,4,0,0,0.0,0.0,18,0,0,0.0,0.0,2,0,0,0.0,0.0
baseline,qwen3.5:9b,autonomous_depth_only,state_202,round_pin,0.4,9,9,9,1.0,1.0,24,21,21,0.875,0.875,3,3,3,1.0,1.0
baseline,qwen3.5:9b,autonomous_depth_only,state_202,round_pin,0.5,9,9,9,1.0,1.0,24,19,19,0.7916666666666666,0.7916666666666666,3,3,3,1.0,1.0
baseline,qwen3.5:9b,autonomous_depth_only,state_202,round_pin,0.6,9,9,9,1.0,1.0,24,16,16,0.6666666666666666,0.6666666666666666,3,3,3,1.0,1.0
baseline,qwen3.5:9b,autonomous_depth_only,state_202,round_pin,0.65,9,9,9,1.0,1.0,24,13,13,0.5416666666666666,0.5416666666666666,3,3,3,1.0,1.0
baseline,qwen3.5:9b,autonomous_depth_only,state_202,round_pin,0.7,9,9,9,1.0,1.0,24,12,12,0.5,0.5,3,3,3,1.0,1.0
baseline,qwen3.5:9b,autonomous_depth_only,state_202,round_pin,0.8,9,9,9,1.0,1.0,24,10,10,0.4166666666666667,0.4166666666666667,3,3,3,1.0,1.0
baseline,qwen3.5:9b,autonomous_depth_only,state_202,round_pin,0.9,9,9,9,1.0,1.0,24,4,4,0.16666666666666666,0.16666666666666666,3,3,3,1.0,1.0
baseline,qwen3.5:9b,autonomous_depth_only,state_202,round_pin,0.95,9,9,9,1.0,1.0,24,0,0,0.0,0.0,3,3,3,1.0,1.0
baseline,qwen3.5:9b,autonomous_depth_only,state_202,round_pin,0.97,9,9,9,1.0,1.0,24,0,0,0.0,0.0,3,3,3,1.0,1.0
baseline,qwen3.5:9b,autonomous_depth_only,state_202,round_pin,0.98,9,6,6,0.6666666666666666,0.6666666666666666,24,0,0,0.0,0.0,3,2,2,0.6666666666666666,0.6666666666666666
baseline,qwen3.5:9b,autonomous_depth_only,state_202,round_pin,0.99,9,0,0,0.0,0.0,24,0,0,0.0,0.0,3,0,0,0.0,0.0
baseline,qwen3.5:9b,autonomous_depth_only,state_202,round_pin,0.995,9,0,0,0.0,0.0,24,0,0,0.0,0.0,3,0,0,0.0,0.0
baseline,qwen3.5:9b,autonomous_depth_only,state_202,round_pin,0.999,9,0,0,0.0,0.0,24,0,0,0.0,0.0,3,0,0,0.0,0.0
baseline,qwen3.5:9b,autonomous_depth_only,state_202,round_pin,0.9999,9,0,0,0.0,0.0,24,0,0,0.0,0.0,3,0,0,0.0,0.0
baseline,qwen3.5:9b,autonomous_depth_only,state_202,round_pin,0.99999,9,0,0,0.0,0.0,24,0,0,0.0,0.0,3,0,0,0.0,0.0
baseline,qwen3.5:9b,autonomous_depth_only,state_202,round_pin,0.999999,9,0,0,0.0,0.0,24,0,0,0.0,0.0,3,0,0,0.0,0.0
baseline,qwen3.5:9b,autonomous_depth_only,state_202,Waterproof_Male,0.4,1,1,1,1.0,1.0,10,4,4,0.4,0.4,1,1,1,1.0,1.0
baseline,qwen3.5:9b,autonomous_depth_only,state_202,Waterproof_Male,0.5,1,1,1,1.0,1.0,10,4,4,0.4,0.4,1,1,1,1.0,1.0
baseline,qwen3.5:9b,autonomous_depth_only,state_202,Waterproof_Male,0.6,1,1,1,1.0,1.0,10,4,4,0.4,0.4,1,1,1,1.0,1.0
baseline,qwen3.5:9b,autonomous_depth_only,state_202,Waterproof_Male,0.65,1,1,1,1.0,1.0,10,4,4,0.4,0.4,1,1,1,1.0,1.0
baseline,qwen3.5:9b,autonomous_depth_only,state_202,Waterproof_Male,0.7,1,1,1,1.0,1.0,10,4,4,0.4,0.4,1,1,1,1.0,1.0
baseline,qwen3.5:9b,autonomous_depth_only,state_202,Waterproof_Male,0.8,1,1,1,1.0,1.0,10,4,4,0.4,0.4,1,1,1,1.0,1.0
baseline,qwen3.5:9b,autonomous_depth_only,state_202,Waterproof_Male,0.9,1,1,1,1.0,1.0,10,2,2,0.2,0.2,1,1,1,1.0,1.0
baseline,qwen3.5:9b,autonomous_depth_only,state_202,Waterproof_Male,0.95,1,1,1,1.0,1.0,10,2,2,0.2,0.2,1,1,1,1.0,1.0
baseline,qwen3.5:9b,autonomous_depth_only,state_202,Waterproof_Male,0.97,1,1,1,1.0,1.0,10,1,1,0.1,0.1,1,1,1,1.0,1.0
baseline,qwen3.5:9b,autonomous_depth_only,state_202,Waterproof_Male,0.98,1,0,0,0.0,0.0,10,1,1,0.1,0.1,1,0,0,0.0,0.0
baseline,qwen3.5:9b,autonomous_depth_only,state_202,Waterproof_Male,0.99,1,0,0,0.0,0.0,10,0,0,0.0,0.0,1,0,0,0.0,0.0
baseline,qwen3.5:9b,autonomous_depth_only,state_202,Waterproof_Male,0.995,1,0,0,0.0,0.0,10,0,0,0.0,0.0,1,0,0,0.0,0.0
baseline,qwen3.5:9b,autonomous_depth_only,state_202,Waterproof_Male,0.999,1,0,0,0.0,0.0,10,0,0,0.0,0.0,1,0,0,0.0,0.0
baseline,qwen3.5:9b,autonomous_depth_only,state_202,Waterproof_Male,0.9999,1,0,0,0.0,0.0,10,0,0,0.0,0.0,1,0,0,0.0,0.0
baseline,qwen3.5:9b,autonomous_depth_only,state_202,Waterproof_Male,0.99999,1,0,0,0.0,0.0,10,0,0,0.0,0.0,1,0,0,0.0,0.0
baseline,qwen3.5:9b,autonomous_depth_only,state_202,Waterproof_Male,0.999999,1,0,0,0.0,0.0,10,0,0,0.0,0.0,1,0,0,0.0,0.0
baseline,qwen3.5:9b,autonomous_depth_only,state_202,USB_Male,0.4,1,1,1,1.0,1.0,10,0,0,0.0,0.0,1,1,1,1.0,1.0
baseline,qwen3.5:9b,autonomous_depth_only,state_202,USB_Male,0.5,1,1,1,1.0,1.0,10,0,0,0.0,0.0,1,1,1,1.0,1.0
baseline,qwen3.5:9b,autonomous_depth_only,state_202,USB_Male,0.6,1,1,1,1.0,1.0,10,0,0,0.0,0.0,1,1,1,1.0,1.0
baseline,qwen3.5:9b,autonomous_depth_only,state_202,USB_Male,0.65,1,1,1,1.0,1.0,10,0,0,0.0,0.0,1,1,1,1.0,1.0
baseline,qwen3.5:9b,autonomous_depth_only,state_202,USB_Male,0.7,1,1,1,1.0,1.0,10,0,0,0.0,0.0,1,1,1,1.0,1.0
baseline,qwen3.5:9b,autonomous_depth_only,state_202,USB_Male,0.8,1,1,1,1.0,1.0,10,0,0,0.0,0.0,1,1,1,1.0,1.0
baseline,qwen3.5:9b,autonomous_depth_only,state_202,USB_Male,0.9,1,1,1,1.0,1.0,10,0,0,0.0,0.0,1,1,1,1.0,1.0
baseline,qwen3.5:9b,autonomous_depth_only,state_202,USB_Male,0.95,1,1,1,1.0,1.0,10,0,0,0.0,0.0,1,1,1,1.0,1.0
baseline,qwen3.5:9b,autonomous_depth_only,state_202,USB_Male,0.97,1,1,1,1.0,1.0,10,0,0,0.0,0.0,1,1,1,1.0,1.0
baseline,qwen3.5:9b,autonomous_depth_only,state_202,USB_Male,0.98,1,1,1,1.0,1.0,10,0,0,0.0,0.0,1,1,1,1.0,1.0
baseline,qwen3.5:9b,autonomous_depth_only,state_202,USB_Male,0.99,1,0,0,0.0,0.0,10,0,0,0.0,0.0,1,0,0,0.0,0.0
baseline,qwen3.5:9b,autonomous_depth_only,state_202,USB_Male,0.995,1,0,0,0.0,0.0,10,0,0,0.0,0.0,1,0,0,0.0,0.0
baseline,qwen3.5:9b,autonomous_depth_only,state_202,USB_Male,0.999,1,0,0,0.0,0.0,10,0,0,0.0,0.0,1,0,0,0.0,0.0
baseline,qwen3.5:9b,autonomous_depth_only,state_202,USB_Male,0.9999,1,0,0,0.0,0.0,10,0,0,0.0,0.0,1,0,0,0.0,0.0
baseline,qwen3.5:9b,autonomous_depth_only,state_202,USB_Male,0.99999,1,0,0,0.0,0.0,10,0,0,0.0,0.0,1,0,0,0.0,0.0
baseline,qwen3.5:9b,autonomous_depth_only,state_202,USB_Male,0.999999,1,0,0,0.0,0.0,10,0,0,0.0,0.0,1,0,0,0.0,0.0
baseline,qwen3.5:9b,autonomous_depth_only,state_202,DSUB_Male,0.4,1,1,1,1.0,1.0,10,5,5,0.5,0.5,1,1,1,1.0,1.0
baseline,qwen3.5:9b,autonomous_depth_only,state_202,DSUB_Male,0.5,1,1,1,1.0,1.0,10,5,5,0.5,0.5,1,1,1,1.0,1.0
baseline,qwen3.5:9b,autonomous_depth_only,state_202,DSUB_Male,0.6,1,1,1,1.0,1.0,10,3,3,0.3,0.3,1,1,1,1.0,1.0
baseline,qwen3.5:9b,autonomous_depth_only,state_202,DSUB_Male,0.65,1,1,1,1.0,1.0,10,2,2,0.2,0.2,1,1,1,1.0,1.0
baseline,qwen3.5:9b,autonomous_depth_only,state_202,DSUB_Male,0.7,1,1,1,1.0,1.0,10,2,2,0.2,0.2,1,1,1,1.0,1.0
baseline,qwen3.5:9b,autonomous_depth_only,state_202,DSUB_Male,0.8,1,1,1,1.0,1.0,10,1,1,0.1,0.1,1,1,1,1.0,1.0
baseline,qwen3.5:9b,autonomous_depth_only,state_202,DSUB_Male,0.9,1,1,1,1.0,1.0,10,1,1,0.1,0.1,1,1,1,1.0,1.0
baseline,qwen3.5:9b,autonomous_depth_only,state_202,DSUB_Male,0.95,1,1,1,1.0,1.0,10,1,1,0.1,0.1,1,1,1,1.0,1.0
baseline,qwen3.5:9b,autonomous_depth_only,state_202,DSUB_Male,0.97,1,1,1,1.0,1.0,10,1,1,0.1,0.1,1,1,1,1.0,1.0
baseline,qwen3.5:9b,autonomous_depth_only,state_202,DSUB_Male,0.98,1,1,1,1.0,1.0,10,0,0,0.0,0.0,1,1,1,1.0,1.0
baseline,qwen3.5:9b,autonomous_depth_only,state_202,DSUB_Male,0.99,1,0,0,0.0,0.0,10,0,0,0.0,0.0,1,0,0,0.0,0.0
baseline,qwen3.5:9b,autonomous_depth_only,state_202,DSUB_Male,0.995,1,0,0,0.0,0.0,10,0,0,0.0,0.0,1,0,0,0.0,0.0
baseline,qwen3.5:9b,autonomous_depth_only,state_202,DSUB_Male,0.999,1,0,0,0.0,0.0,10,0,0,0.0,0.0,1,0,0,0.0,0.0
baseline,qwen3.5:9b,autonomous_depth_only,state_202,DSUB_Male,0.9999,1,0,0,0.0,0.0,10,0,0,0.0,0.0,1,0,0,0.0,0.0
baseline,qwen3.5:9b,autonomous_depth_only,state_202,DSUB_Male,0.99999,1,0,0,0.0,0.0,10,0,0,0.0,0.0,1,0,0,0.0,0.0
baseline,qwen3.5:9b,autonomous_depth_only,state_202,DSUB_Male,0.999999,1,0,0,0.0,0.0,10,0,0,0.0,0.0,1,0,0,0.0,0.0
baseline,qwen3.5:9b,autonomous_depth_only,state_303,gear,0.4,9,9,9,1.0,1.0,21,7,7,0.3333333333333333,0.3333333333333333,3,3,3,1.0,1.0
baseline,qwen3.5:9b,autonomous_depth_only,state_303,gear,0.5,9,9,9,1.0,1.0,21,6,6,0.2857142857142857,0.2857142857142857,3,3,3,1.0,1.0
baseline,qwen3.5:9b,autonomous_depth_only,state_303,gear,0.6,9,9,9,1.0,1.0,21,6,6,0.2857142857142857,0.2857142857142857,3,3,3,1.0,1.0
baseline,qwen3.5:9b,autonomous_depth_only,state_303,gear,0.65,9,9,9,1.0,1.0,21,6,6,0.2857142857142857,0.2857142857142857,3,3,3,1.0,1.0
baseline,qwen3.5:9b,autonomous_depth_only,state_303,gear,0.7,9,9,9,1.0,1.0,21,6,6,0.2857142857142857,0.2857142857142857,3,3,3,1.0,1.0
baseline,qwen3.5:9b,autonomous_depth_only,state_303,gear,0.8,9,9,9,1.0,1.0,21,6,6,0.2857142857142857,0.2857142857142857,3,3,3,1.0,1.0
baseline,qwen3.5:9b,autonomous_depth_only,state_303,gear,0.9,9,9,9,1.0,1.0,21,6,6,0.2857142857142857,0.2857142857142857,3,3,3,1.0,1.0
baseline,qwen3.5:9b,autonomous_depth_only,state_303,gear,0.95,9,9,9,1.0,1.0,21,6,6,0.2857142857142857,0.2857142857142857,3,3,3,1.0,1.0
baseline,qwen3.5:9b,autonomous_depth_only,state_303,gear,0.97,9,8,8,0.8888888888888888,0.8888888888888888,21,4,4,0.19047619047619047,0.19047619047619047,3,3,3,1.0,1.0
baseline,qwen3.5:9b,autonomous_depth_only,state_303,gear,0.98,9,7,7,0.7777777777777778,0.7777777777777778,21,1,1,0.047619047619047616,0.047619047619047616,3,2,2,0.6666666666666666,0.6666666666666666
baseline,qwen3.5:9b,autonomous_depth_only,state_303,gear,0.99,9,2,2,0.2222222222222222,0.2222222222222222,21,0,0,0.0,0.0,3,1,1,0.3333333333333333,0.3333333333333333
baseline,qwen3.5:9b,autonomous_depth_only,state_303,gear,0.995,9,0,0,0.0,0.0,21,0,0,0.0,0.0,3,0,0,0.0,0.0
baseline,qwen3.5:9b,autonomous_depth_only,state_303,gear,0.999,9,0,0,0.0,0.0,21,0,0,0.0,0.0,3,0,0,0.0,0.0
baseline,qwen3.5:9b,autonomous_depth_only,state_303,gear,0.9999,9,0,0,0.0,0.0,21,0,0,0.0,0.0,3,0,0,0.0,0.0
baseline,qwen3.5:9b,autonomous_depth_only,state_303,gear,0.99999,9,0,0,0.0,0.0,21,0,0,0.0,0.0,3,0,0,0.0,0.0
baseline,qwen3.5:9b,autonomous_depth_only,state_303,gear,0.999999,9,0,0,0.0,0.0,21,0,0,0.0,0.0,3,0,0,0.0,0.0
baseline,qwen3.5:9b,autonomous_depth_only,state_303,hex_nut,0.4,4,4,4,1.0,1.0,16,0,0,0.0,0.0,2,2,2,1.0,1.0
baseline,qwen3.5:9b,autonomous_depth_only,state_303,hex_nut,0.5,4,4,4,1.0,1.0,16,0,0,0.0,0.0,2,2,2,1.0,1.0
baseline,qwen3.5:9b,autonomous_depth_only,state_303,hex_nut,0.6,4,4,4,1.0,1.0,16,0,0,0.0,0.0,2,2,2,1.0,1.0
baseline,qwen3.5:9b,autonomous_depth_only,state_303,hex_nut,0.65,4,4,4,1.0,1.0,16,0,0,0.0,0.0,2,2,2,1.0,1.0
baseline,qwen3.5:9b,autonomous_depth_only,state_303,hex_nut,0.7,4,4,4,1.0,1.0,16,0,0,0.0,0.0,2,2,2,1.0,1.0
baseline,qwen3.5:9b,autonomous_depth_only,state_303,hex_nut,0.8,4,4,4,1.0,1.0,16,0,0,0.0,0.0,2,2,2,1.0,1.0
baseline,qwen3.5:9b,autonomous_depth_only,state_303,hex_nut,0.9,4,4,4,1.0,1.0,16,0,0,0.0,0.0,2,2,2,1.0,1.0
baseline,qwen3.5:9b,autonomous_depth_only,state_303,hex_nut,0.95,4,3,3,0.75,0.75,16,0,0,0.0,0.0,2,1,1,0.5,0.5
baseline,qwen3.5:9b,autonomous_depth_only,state_303,hex_nut,0.97,4,2,2,0.5,0.5,16,0,0,0.0,0.0,2,1,1,0.5,0.5
baseline,qwen3.5:9b,autonomous_depth_only,state_303,hex_nut,0.98,4,2,2,0.5,0.5,16,0,0,0.0,0.0,2,1,1,0.5,0.5
baseline,qwen3.5:9b,autonomous_depth_only,state_303,hex_nut,0.99,4,0,0,0.0,0.0,16,0,0,0.0,0.0,2,0,0,0.0,0.0
baseline,qwen3.5:9b,autonomous_depth_only,state_303,hex_nut,0.995,4,0,0,0.0,0.0,16,0,0,0.0,0.0,2,0,0,0.0,0.0
baseline,qwen3.5:9b,autonomous_depth_only,state_303,hex_nut,0.999,4,0,0,0.0,0.0,16,0,0,0.0,0.0,2,0,0,0.0,0.0
baseline,qwen3.5:9b,autonomous_depth_only,state_303,hex_nut,0.9999,4,0,0,0.0,0.0,16,0,0,0.0,0.0,2,0,0,0.0,0.0
baseline,qwen3.5:9b,autonomous_depth_only,state_303,hex_nut,0.99999,4,0,0,0.0,0.0,16,0,0,0.0,0.0,2,0,0,0.0,0.0
baseline,qwen3.5:9b,autonomous_depth_only,state_303,hex_nut,0.999999,4,0,0,0.0,0.0,16,0,0,0.0,0.0,2,0,0,0.0,0.0
baseline,qwen3.5:9b,autonomous_depth_only,state_303,round_pin,0.4,9,9,9,1.0,1.0,21,19,19,0.9047619047619048,0.9047619047619048,3,3,3,1.0,1.0
baseline,qwen3.5:9b,autonomous_depth_only,state_303,round_pin,0.5,9,9,9,1.0,1.0,21,18,18,0.8571428571428571,0.8571428571428571,3,3,3,1.0,1.0
baseline,qwen3.5:9b,autonomous_depth_only,state_303,round_pin,0.6,9,9,9,1.0,1.0,21,18,18,0.8571428571428571,0.8571428571428571,3,3,3,1.0,1.0
baseline,qwen3.5:9b,autonomous_depth_only,state_303,round_pin,0.65,9,9,9,1.0,1.0,21,18,18,0.8571428571428571,0.8571428571428571,3,3,3,1.0,1.0
baseline,qwen3.5:9b,autonomous_depth_only,state_303,round_pin,0.7,9,9,9,1.0,1.0,21,16,16,0.7619047619047619,0.7619047619047619,3,3,3,1.0,1.0
baseline,qwen3.5:9b,autonomous_depth_only,state_303,round_pin,0.8,9,9,9,1.0,1.0,21,12,12,0.5714285714285714,0.5714285714285714,3,3,3,1.0,1.0
baseline,qwen3.5:9b,autonomous_depth_only,state_303,round_pin,0.9,9,9,9,1.0,1.0,21,5,5,0.23809523809523808,0.23809523809523808,3,3,3,1.0,1.0
baseline,qwen3.5:9b,autonomous_depth_only,state_303,round_pin,0.95,9,9,9,1.0,1.0,21,0,0,0.0,0.0,3,3,3,1.0,1.0
baseline,qwen3.5:9b,autonomous_depth_only,state_303,round_pin,0.97,9,9,9,1.0,1.0,21,0,0,0.0,0.0,3,3,3,1.0,1.0
baseline,qwen3.5:9b,autonomous_depth_only,state_303,round_pin,0.98,9,8,8,0.8888888888888888,0.8888888888888888,21,0,0,0.0,0.0,3,3,3,1.0,1.0
baseline,qwen3.5:9b,autonomous_depth_only,state_303,round_pin,0.99,9,1,1,0.1111111111111111,0.1111111111111111,21,0,0,0.0,0.0,3,1,1,0.3333333333333333,0.3333333333333333
baseline,qwen3.5:9b,autonomous_depth_only,state_303,round_pin,0.995,9,0,0,0.0,0.0,21,0,0,0.0,0.0,3,0,0,0.0,0.0
baseline,qwen3.5:9b,autonomous_depth_only,state_303,round_pin,0.999,9,0,0,0.0,0.0,21,0,0,0.0,0.0,3,0,0,0.0,0.0
baseline,qwen3.5:9b,autonomous_depth_only,state_303,round_pin,0.9999,9,0,0,0.0,0.0,21,0,0,0.0,0.0,3,0,0,0.0,0.0
baseline,qwen3.5:9b,autonomous_depth_only,state_303,round_pin,0.99999,9,0,0,0.0,0.0,21,0,0,0.0,0.0,3,0,0,0.0,0.0
baseline,qwen3.5:9b,autonomous_depth_only,state_303,round_pin,0.999999,9,0,0,0.0,0.0,21,0,0,0.0,0.0,3,0,0,0.0,0.0
baseline,qwen3.5:9b,autonomous_depth_only,state_303,Waterproof_Male,0.4,1,1,1,1.0,1.0,9,3,3,0.3333333333333333,0.3333333333333333,1,1,1,1.0,1.0
baseline,qwen3.5:9b,autonomous_depth_only,state_303,Waterproof_Male,0.5,1,1,1,1.0,1.0,9,3,3,0.3333333333333333,0.3333333333333333,1,1,1,1.0,1.0
baseline,qwen3.5:9b,autonomous_depth_only,state_303,Waterproof_Male,0.6,1,1,1,1.0,1.0,9,3,3,0.3333333333333333,0.3333333333333333,1,1,1,1.0,1.0
baseline,qwen3.5:9b,autonomous_depth_only,state_303,Waterproof_Male,0.65,1,1,1,1.0,1.0,9,3,3,0.3333333333333333,0.3333333333333333,1,1,1,1.0,1.0
baseline,qwen3.5:9b,autonomous_depth_only,state_303,Waterproof_Male,0.7,1,1,1,1.0,1.0,9,3,3,0.3333333333333333,0.3333333333333333,1,1,1,1.0,1.0
baseline,qwen3.5:9b,autonomous_depth_only,state_303,Waterproof_Male,0.8,1,1,1,1.0,1.0,9,2,2,0.2222222222222222,0.2222222222222222,1,1,1,1.0,1.0
baseline,qwen3.5:9b,autonomous_depth_only,state_303,Waterproof_Male,0.9,1,1,1,1.0,1.0,9,1,1,0.1111111111111111,0.1111111111111111,1,1,1,1.0,1.0
baseline,qwen3.5:9b,autonomous_depth_only,state_303,Waterproof_Male,0.95,1,1,1,1.0,1.0,9,1,1,0.1111111111111111,0.1111111111111111,1,1,1,1.0,1.0
baseline,qwen3.5:9b,autonomous_depth_only,state_303,Waterproof_Male,0.97,1,1,1,1.0,1.0,9,1,1,0.1111111111111111,0.1111111111111111,1,1,1,1.0,1.0
baseline,qwen3.5:9b,autonomous_depth_only,state_303,Waterproof_Male,0.98,1,1,1,1.0,1.0,9,1,1,0.1111111111111111,0.1111111111111111,1,1,1,1.0,1.0
baseline,qwen3.5:9b,autonomous_depth_only,state_303,Waterproof_Male,0.99,1,0,0,0.0,0.0,9,0,0,0.0,0.0,1,0,0,0.0,0.0
baseline,qwen3.5:9b,autonomous_depth_only,state_303,Waterproof_Male,0.995,1,0,0,0.0,0.0,9,0,0,0.0,0.0,1,0,0,0.0,0.0
baseline,qwen3.5:9b,autonomous_depth_only,state_303,Waterproof_Male,0.999,1,0,0,0.0,0.0,9,0,0,0.0,0.0,1,0,0,0.0,0.0
baseline,qwen3.5:9b,autonomous_depth_only,state_303,Waterproof_Male,0.9999,1,0,0,0.0,0.0,9,0,0,0.0,0.0,1,0,0,0.0,0.0
baseline,qwen3.5:9b,autonomous_depth_only,state_303,Waterproof_Male,0.99999,1,0,0,0.0,0.0,9,0,0,0.0,0.0,1,0,0,0.0,0.0
baseline,qwen3.5:9b,autonomous_depth_only,state_303,Waterproof_Male,0.999999,1,0,0,0.0,0.0,9,0,0,0.0,0.0,1,0,0,0.0,0.0
baseline,qwen3.5:9b,autonomous_depth_only,state_303,DSUB_Male,0.4,1,1,1,1.0,1.0,9,5,5,0.5555555555555556,0.5555555555555556,1,1,1,1.0,1.0
baseline,qwen3.5:9b,autonomous_depth_only,state_303,DSUB_Male,0.5,1,1,1,1.0,1.0,9,3,3,0.3333333333333333,0.3333333333333333,1,1,1,1.0,1.0
baseline,qwen3.5:9b,autonomous_depth_only,state_303,DSUB_Male,0.6,1,1,1,1.0,1.0,9,3,3,0.3333333333333333,0.3333333333333333,1,1,1,1.0,1.0
baseline,qwen3.5:9b,autonomous_depth_only,state_303,DSUB_Male,0.65,1,1,1,1.0,1.0,9,3,3,0.3333333333333333,0.3333333333333333,1,1,1,1.0,1.0
baseline,qwen3.5:9b,autonomous_depth_only,state_303,DSUB_Male,0.7,1,1,1,1.0,1.0,9,2,2,0.2222222222222222,0.2222222222222222,1,1,1,1.0,1.0
baseline,qwen3.5:9b,autonomous_depth_only,state_303,DSUB_Male,0.8,1,1,1,1.0,1.0,9,1,1,0.1111111111111111,0.1111111111111111,1,1,1,1.0,1.0
baseline,qwen3.5:9b,autonomous_depth_only,state_303,DSUB_Male,0.9,1,1,1,1.0,1.0,9,0,0,0.0,0.0,1,1,1,1.0,1.0
baseline,qwen3.5:9b,autonomous_depth_only,state_303,DSUB_Male,0.95,1,1,1,1.0,1.0,9,0,0,0.0,0.0,1,1,1,1.0,1.0
baseline,qwen3.5:9b,autonomous_depth_only,state_303,DSUB_Male,0.97,1,1,1,1.0,1.0,9,0,0,0.0,0.0,1,1,1,1.0,1.0
baseline,qwen3.5:9b,autonomous_depth_only,state_303,DSUB_Male,0.98,1,1,1,1.0,1.0,9,0,0,0.0,0.0,1,1,1,1.0,1.0
baseline,qwen3.5:9b,autonomous_depth_only,state_303,DSUB_Male,0.99,1,0,0,0.0,0.0,9,0,0,0.0,0.0,1,0,0,0.0,0.0
baseline,qwen3.5:9b,autonomous_depth_only,state_303,DSUB_Male,0.995,1,0,0,0.0,0.0,9,0,0,0.0,0.0,1,0,0,0.0,0.0
baseline,qwen3.5:9b,autonomous_depth_only,state_303,DSUB_Male,0.999,1,0,0,0.0,0.0,9,0,0,0.0,0.0,1,0,0,0.0,0.0
baseline,qwen3.5:9b,autonomous_depth_only,state_303,DSUB_Male,0.9999,1,0,0,0.0,0.0,9,0,0,0.0,0.0,1,0,0,0.0,0.0
baseline,qwen3.5:9b,autonomous_depth_only,state_303,DSUB_Male,0.99999,1,0,0,0.0,0.0,9,0,0,0.0,0.0,1,0,0,0.0,0.0
baseline,qwen3.5:9b,autonomous_depth_only,state_303,DSUB_Male,0.999999,1,0,0,0.0,0.0,9,0,0,0.0,0.0,1,0,0,0.0,0.0
baseline,qwen3.5:9b,autonomous_depth_only,all,gear,0.4,36,36,36,1.0,1.0,90,27,27,0.3,0.3,12,12,12,1.0,1.0
baseline,qwen3.5:9b,autonomous_depth_only,all,gear,0.5,36,36,36,1.0,1.0,90,24,24,0.26666666666666666,0.26666666666666666,12,12,12,1.0,1.0
baseline,qwen3.5:9b,autonomous_depth_only,all,gear,0.6,36,36,36,1.0,1.0,90,24,24,0.26666666666666666,0.26666666666666666,12,12,12,1.0,1.0
baseline,qwen3.5:9b,autonomous_depth_only,all,gear,0.65,36,36,36,1.0,1.0,90,24,24,0.26666666666666666,0.26666666666666666,12,12,12,1.0,1.0
baseline,qwen3.5:9b,autonomous_depth_only,all,gear,0.7,36,36,36,1.0,1.0,90,24,24,0.26666666666666666,0.26666666666666666,12,12,12,1.0,1.0
baseline,qwen3.5:9b,autonomous_depth_only,all,gear,0.8,36,36,36,1.0,1.0,90,24,24,0.26666666666666666,0.26666666666666666,12,12,12,1.0,1.0
baseline,qwen3.5:9b,autonomous_depth_only,all,gear,0.9,36,36,36,1.0,1.0,90,24,24,0.26666666666666666,0.26666666666666666,12,12,12,1.0,1.0
baseline,qwen3.5:9b,autonomous_depth_only,all,gear,0.95,36,34,34,0.9444444444444444,0.9444444444444444,90,19,19,0.2111111111111111,0.2111111111111111,12,11,11,0.9166666666666666,0.9166666666666666
baseline,qwen3.5:9b,autonomous_depth_only,all,gear,0.97,36,31,31,0.8611111111111112,0.8611111111111112,90,10,10,0.1111111111111111,0.1111111111111111,12,11,11,0.9166666666666666,0.9166666666666666
baseline,qwen3.5:9b,autonomous_depth_only,all,gear,0.98,36,25,25,0.6944444444444444,0.6944444444444444,90,1,1,0.011111111111111112,0.011111111111111112,12,8,8,0.6666666666666666,0.6666666666666666
baseline,qwen3.5:9b,autonomous_depth_only,all,gear,0.99,36,13,13,0.3611111111111111,0.3611111111111111,90,0,0,0.0,0.0,12,4,4,0.3333333333333333,0.3333333333333333
baseline,qwen3.5:9b,autonomous_depth_only,all,gear,0.995,36,1,1,0.027777777777777776,0.027777777777777776,90,0,0,0.0,0.0,12,0,0,0.0,0.0
baseline,qwen3.5:9b,autonomous_depth_only,all,gear,0.999,36,0,0,0.0,0.0,90,0,0,0.0,0.0,12,0,0,0.0,0.0
baseline,qwen3.5:9b,autonomous_depth_only,all,gear,0.9999,36,0,0,0.0,0.0,90,0,0,0.0,0.0,12,0,0,0.0,0.0
baseline,qwen3.5:9b,autonomous_depth_only,all,gear,0.99999,36,0,0,0.0,0.0,90,0,0,0.0,0.0,12,0,0,0.0,0.0
baseline,qwen3.5:9b,autonomous_depth_only,all,gear,0.999999,36,0,0,0.0,0.0,90,0,0,0.0,0.0,12,0,0,0.0,0.0
baseline,qwen3.5:9b,autonomous_depth_only,all,hex_nut,0.4,16,16,16,1.0,1.0,68,0,0,0.0,0.0,8,8,8,1.0,1.0
baseline,qwen3.5:9b,autonomous_depth_only,all,hex_nut,0.5,16,16,16,1.0,1.0,68,0,0,0.0,0.0,8,8,8,1.0,1.0
baseline,qwen3.5:9b,autonomous_depth_only,all,hex_nut,0.6,16,16,16,1.0,1.0,68,0,0,0.0,0.0,8,8,8,1.0,1.0
baseline,qwen3.5:9b,autonomous_depth_only,all,hex_nut,0.65,16,16,16,1.0,1.0,68,0,0,0.0,0.0,8,8,8,1.0,1.0
baseline,qwen3.5:9b,autonomous_depth_only,all,hex_nut,0.7,16,16,16,1.0,1.0,68,0,0,0.0,0.0,8,8,8,1.0,1.0
baseline,qwen3.5:9b,autonomous_depth_only,all,hex_nut,0.8,16,16,16,1.0,1.0,68,0,0,0.0,0.0,8,8,8,1.0,1.0
baseline,qwen3.5:9b,autonomous_depth_only,all,hex_nut,0.9,16,15,15,0.9375,0.9375,68,0,0,0.0,0.0,8,8,8,1.0,1.0
baseline,qwen3.5:9b,autonomous_depth_only,all,hex_nut,0.95,16,12,12,0.75,0.75,68,0,0,0.0,0.0,8,5,5,0.625,0.625
baseline,qwen3.5:9b,autonomous_depth_only,all,hex_nut,0.97,16,9,9,0.5625,0.5625,68,0,0,0.0,0.0,8,4,4,0.5,0.5
baseline,qwen3.5:9b,autonomous_depth_only,all,hex_nut,0.98,16,5,5,0.3125,0.3125,68,0,0,0.0,0.0,8,2,2,0.25,0.25
baseline,qwen3.5:9b,autonomous_depth_only,all,hex_nut,0.99,16,0,0,0.0,0.0,68,0,0,0.0,0.0,8,0,0,0.0,0.0
baseline,qwen3.5:9b,autonomous_depth_only,all,hex_nut,0.995,16,0,0,0.0,0.0,68,0,0,0.0,0.0,8,0,0,0.0,0.0
baseline,qwen3.5:9b,autonomous_depth_only,all,hex_nut,0.999,16,0,0,0.0,0.0,68,0,0,0.0,0.0,8,0,0,0.0,0.0
baseline,qwen3.5:9b,autonomous_depth_only,all,hex_nut,0.9999,16,0,0,0.0,0.0,68,0,0,0.0,0.0,8,0,0,0.0,0.0
baseline,qwen3.5:9b,autonomous_depth_only,all,hex_nut,0.99999,16,0,0,0.0,0.0,68,0,0,0.0,0.0,8,0,0,0.0,0.0
baseline,qwen3.5:9b,autonomous_depth_only,all,hex_nut,0.999999,16,0,0,0.0,0.0,68,0,0,0.0,0.0,8,0,0,0.0,0.0
baseline,qwen3.5:9b,autonomous_depth_only,all,round_pin,0.4,36,36,36,1.0,1.0,90,76,76,0.8444444444444444,0.8444444444444444,12,12,12,1.0,1.0
baseline,qwen3.5:9b,autonomous_depth_only,all,round_pin,0.5,36,36,36,1.0,1.0,90,73,73,0.8111111111111111,0.8111111111111111,12,12,12,1.0,1.0
baseline,qwen3.5:9b,autonomous_depth_only,all,round_pin,0.6,36,36,36,1.0,1.0,90,70,70,0.7777777777777778,0.7777777777777778,12,12,12,1.0,1.0
baseline,qwen3.5:9b,autonomous_depth_only,all,round_pin,0.65,36,36,36,1.0,1.0,90,65,65,0.7222222222222222,0.7222222222222222,12,12,12,1.0,1.0
baseline,qwen3.5:9b,autonomous_depth_only,all,round_pin,0.7,36,36,36,1.0,1.0,90,58,58,0.6444444444444445,0.6444444444444445,12,12,12,1.0,1.0
baseline,qwen3.5:9b,autonomous_depth_only,all,round_pin,0.8,36,36,36,1.0,1.0,90,45,45,0.5,0.5,12,12,12,1.0,1.0
baseline,qwen3.5:9b,autonomous_depth_only,all,round_pin,0.9,36,36,36,1.0,1.0,90,17,17,0.18888888888888888,0.18888888888888888,12,12,12,1.0,1.0
baseline,qwen3.5:9b,autonomous_depth_only,all,round_pin,0.95,36,36,36,1.0,1.0,90,0,0,0.0,0.0,12,12,12,1.0,1.0
baseline,qwen3.5:9b,autonomous_depth_only,all,round_pin,0.97,36,33,33,0.9166666666666666,0.9166666666666666,90,0,0,0.0,0.0,12,11,11,0.9166666666666666,0.9166666666666666
baseline,qwen3.5:9b,autonomous_depth_only,all,round_pin,0.98,36,25,25,0.6944444444444444,0.6944444444444444,90,0,0,0.0,0.0,12,9,9,0.75,0.75
baseline,qwen3.5:9b,autonomous_depth_only,all,round_pin,0.99,36,1,1,0.027777777777777776,0.027777777777777776,90,0,0,0.0,0.0,12,1,1,0.08333333333333333,0.08333333333333333
baseline,qwen3.5:9b,autonomous_depth_only,all,round_pin,0.995,36,0,0,0.0,0.0,90,0,0,0.0,0.0,12,0,0,0.0,0.0
baseline,qwen3.5:9b,autonomous_depth_only,all,round_pin,0.999,36,0,0,0.0,0.0,90,0,0,0.0,0.0,12,0,0,0.0,0.0
baseline,qwen3.5:9b,autonomous_depth_only,all,round_pin,0.9999,36,0,0,0.0,0.0,90,0,0,0.0,0.0,12,0,0,0.0,0.0
baseline,qwen3.5:9b,autonomous_depth_only,all,round_pin,0.99999,36,0,0,0.0,0.0,90,0,0,0.0,0.0,12,0,0,0.0,0.0
baseline,qwen3.5:9b,autonomous_depth_only,all,round_pin,0.999999,36,0,0,0.0,0.0,90,0,0,0.0,0.0,12,0,0,0.0,0.0
baseline,qwen3.5:9b,autonomous_depth_only,all,Waterproof_Male,0.4,4,4,4,1.0,1.0,38,14,14,0.3684210526315789,0.3684210526315789,4,4,4,1.0,1.0
baseline,qwen3.5:9b,autonomous_depth_only,all,Waterproof_Male,0.5,4,4,4,1.0,1.0,38,14,14,0.3684210526315789,0.3684210526315789,4,4,4,1.0,1.0
baseline,qwen3.5:9b,autonomous_depth_only,all,Waterproof_Male,0.6,4,4,4,1.0,1.0,38,14,14,0.3684210526315789,0.3684210526315789,4,4,4,1.0,1.0
baseline,qwen3.5:9b,autonomous_depth_only,all,Waterproof_Male,0.65,4,4,4,1.0,1.0,38,14,14,0.3684210526315789,0.3684210526315789,4,4,4,1.0,1.0
baseline,qwen3.5:9b,autonomous_depth_only,all,Waterproof_Male,0.7,4,4,4,1.0,1.0,38,14,14,0.3684210526315789,0.3684210526315789,4,4,4,1.0,1.0
baseline,qwen3.5:9b,autonomous_depth_only,all,Waterproof_Male,0.8,4,4,4,1.0,1.0,38,10,10,0.2631578947368421,0.2631578947368421,4,4,4,1.0,1.0
baseline,qwen3.5:9b,autonomous_depth_only,all,Waterproof_Male,0.9,4,4,4,1.0,1.0,38,6,6,0.15789473684210525,0.15789473684210525,4,4,4,1.0,1.0
baseline,qwen3.5:9b,autonomous_depth_only,all,Waterproof_Male,0.95,4,4,4,1.0,1.0,38,6,6,0.15789473684210525,0.15789473684210525,4,4,4,1.0,1.0
baseline,qwen3.5:9b,autonomous_depth_only,all,Waterproof_Male,0.97,4,4,4,1.0,1.0,38,4,4,0.10526315789473684,0.10526315789473684,4,4,4,1.0,1.0
baseline,qwen3.5:9b,autonomous_depth_only,all,Waterproof_Male,0.98,4,3,3,0.75,0.75,38,3,3,0.07894736842105263,0.07894736842105263,4,3,3,0.75,0.75
baseline,qwen3.5:9b,autonomous_depth_only,all,Waterproof_Male,0.99,4,0,0,0.0,0.0,38,0,0,0.0,0.0,4,0,0,0.0,0.0
baseline,qwen3.5:9b,autonomous_depth_only,all,Waterproof_Male,0.995,4,0,0,0.0,0.0,38,0,0,0.0,0.0,4,0,0,0.0,0.0
baseline,qwen3.5:9b,autonomous_depth_only,all,Waterproof_Male,0.999,4,0,0,0.0,0.0,38,0,0,0.0,0.0,4,0,0,0.0,0.0
baseline,qwen3.5:9b,autonomous_depth_only,all,Waterproof_Male,0.9999,4,0,0,0.0,0.0,38,0,0,0.0,0.0,4,0,0,0.0,0.0
baseline,qwen3.5:9b,autonomous_depth_only,all,Waterproof_Male,0.99999,4,0,0,0.0,0.0,38,0,0,0.0,0.0,4,0,0,0.0,0.0
baseline,qwen3.5:9b,autonomous_depth_only,all,Waterproof_Male,0.999999,4,0,0,0.0,0.0,38,0,0,0.0,0.0,4,0,0,0.0,0.0
baseline,qwen3.5:9b,autonomous_depth_only,all,USB_Male,0.4,2,2,2,1.0,1.0,40,1,1,0.025,0.025,2,2,2,1.0,1.0
baseline,qwen3.5:9b,autonomous_depth_only,all,USB_Male,0.5,2,2,2,1.0,1.0,40,0,0,0.0,0.0,2,2,2,1.0,1.0
baseline,qwen3.5:9b,autonomous_depth_only,all,USB_Male,0.6,2,2,2,1.0,1.0,40,0,0,0.0,0.0,2,2,2,1.0,1.0
baseline,qwen3.5:9b,autonomous_depth_only,all,USB_Male,0.65,2,2,2,1.0,1.0,40,0,0,0.0,0.0,2,2,2,1.0,1.0
baseline,qwen3.5:9b,autonomous_depth_only,all,USB_Male,0.7,2,2,2,1.0,1.0,40,0,0,0.0,0.0,2,2,2,1.0,1.0
baseline,qwen3.5:9b,autonomous_depth_only,all,USB_Male,0.8,2,2,2,1.0,1.0,40,0,0,0.0,0.0,2,2,2,1.0,1.0
baseline,qwen3.5:9b,autonomous_depth_only,all,USB_Male,0.9,2,2,2,1.0,1.0,40,0,0,0.0,0.0,2,2,2,1.0,1.0
baseline,qwen3.5:9b,autonomous_depth_only,all,USB_Male,0.95,2,2,2,1.0,1.0,40,0,0,0.0,0.0,2,2,2,1.0,1.0
baseline,qwen3.5:9b,autonomous_depth_only,all,USB_Male,0.97,2,2,2,1.0,1.0,40,0,0,0.0,0.0,2,2,2,1.0,1.0
baseline,qwen3.5:9b,autonomous_depth_only,all,USB_Male,0.98,2,1,1,0.5,0.5,40,0,0,0.0,0.0,2,1,1,0.5,0.5
baseline,qwen3.5:9b,autonomous_depth_only,all,USB_Male,0.99,2,0,0,0.0,0.0,40,0,0,0.0,0.0,2,0,0,0.0,0.0
baseline,qwen3.5:9b,autonomous_depth_only,all,USB_Male,0.995,2,0,0,0.0,0.0,40,0,0,0.0,0.0,2,0,0,0.0,0.0
baseline,qwen3.5:9b,autonomous_depth_only,all,USB_Male,0.999,2,0,0,0.0,0.0,40,0,0,0.0,0.0,2,0,0,0.0,0.0
baseline,qwen3.5:9b,autonomous_depth_only,all,USB_Male,0.9999,2,0,0,0.0,0.0,40,0,0,0.0,0.0,2,0,0,0.0,0.0
baseline,qwen3.5:9b,autonomous_depth_only,all,USB_Male,0.99999,2,0,0,0.0,0.0,40,0,0,0.0,0.0,2,0,0,0.0,0.0
baseline,qwen3.5:9b,autonomous_depth_only,all,USB_Male,0.999999,2,0,0,0.0,0.0,40,0,0,0.0,0.0,2,0,0,0.0,0.0
baseline,qwen3.5:9b,autonomous_depth_only,all,DSUB_Male,0.4,4,4,4,1.0,1.0,38,15,15,0.39473684210526316,0.39473684210526316,4,4,4,1.0,1.0
baseline,qwen3.5:9b,autonomous_depth_only,all,DSUB_Male,0.5,4,4,4,1.0,1.0,38,12,12,0.3157894736842105,0.3157894736842105,4,4,4,1.0,1.0
baseline,qwen3.5:9b,autonomous_depth_only,all,DSUB_Male,0.6,4,4,4,1.0,1.0,38,10,10,0.2631578947368421,0.2631578947368421,4,4,4,1.0,1.0
baseline,qwen3.5:9b,autonomous_depth_only,all,DSUB_Male,0.65,4,4,4,1.0,1.0,38,9,9,0.23684210526315788,0.23684210526315788,4,4,4,1.0,1.0
baseline,qwen3.5:9b,autonomous_depth_only,all,DSUB_Male,0.7,4,4,4,1.0,1.0,38,7,7,0.18421052631578946,0.18421052631578946,4,4,4,1.0,1.0
baseline,qwen3.5:9b,autonomous_depth_only,all,DSUB_Male,0.8,4,4,4,1.0,1.0,38,4,4,0.10526315789473684,0.10526315789473684,4,4,4,1.0,1.0
baseline,qwen3.5:9b,autonomous_depth_only,all,DSUB_Male,0.9,4,4,4,1.0,1.0,38,2,2,0.05263157894736842,0.05263157894736842,4,4,4,1.0,1.0
baseline,qwen3.5:9b,autonomous_depth_only,all,DSUB_Male,0.95,4,4,4,1.0,1.0,38,2,2,0.05263157894736842,0.05263157894736842,4,4,4,1.0,1.0
baseline,qwen3.5:9b,autonomous_depth_only,all,DSUB_Male,0.97,4,4,4,1.0,1.0,38,2,2,0.05263157894736842,0.05263157894736842,4,4,4,1.0,1.0
baseline,qwen3.5:9b,autonomous_depth_only,all,DSUB_Male,0.98,4,3,3,0.75,0.75,38,0,0,0.0,0.0,4,3,3,0.75,0.75
baseline,qwen3.5:9b,autonomous_depth_only,all,DSUB_Male,0.99,4,0,0,0.0,0.0,38,0,0,0.0,0.0,4,0,0,0.0,0.0
baseline,qwen3.5:9b,autonomous_depth_only,all,DSUB_Male,0.995,4,0,0,0.0,0.0,38,0,0,0.0,0.0,4,0,0,0.0,0.0
baseline,qwen3.5:9b,autonomous_depth_only,all,DSUB_Male,0.999,4,0,0,0.0,0.0,38,0,0,0.0,0.0,4,0,0,0.0,0.0
baseline,qwen3.5:9b,autonomous_depth_only,all,DSUB_Male,0.9999,4,0,0,0.0,0.0,38,0,0,0.0,0.0,4,0,0,0.0,0.0
baseline,qwen3.5:9b,autonomous_depth_only,all,DSUB_Male,0.99999,4,0,0,0.0,0.0,38,0,0,0.0,0.0,4,0,0,0.0,0.0
baseline,qwen3.5:9b,autonomous_depth_only,all,DSUB_Male,0.999999,4,0,0,0.0,0.0,38,0,0,0.0,0.0,4,0,0,0.0,0.0
family_ablation,qwen3.5:9b,all_crops,original,gear,0.4,9,9,9,1.0,1.0,24,6,6,0.25,0.25,3,3,3,1.0,1.0
family_ablation,qwen3.5:9b,all_crops,original,gear,0.5,9,9,9,1.0,1.0,24,6,6,0.25,0.25,3,3,3,1.0,1.0
family_ablation,qwen3.5:9b,all_crops,original,gear,0.6,9,9,9,1.0,1.0,24,3,3,0.125,0.125,3,3,3,1.0,1.0
family_ablation,qwen3.5:9b,all_crops,original,gear,0.65,9,9,9,1.0,1.0,24,0,0,0.0,0.0,3,3,3,1.0,1.0
family_ablation,qwen3.5:9b,all_crops,original,gear,0.7,9,9,9,1.0,1.0,24,0,0,0.0,0.0,3,3,3,1.0,1.0
family_ablation,qwen3.5:9b,all_crops,original,gear,0.8,9,9,9,1.0,1.0,24,0,0,0.0,0.0,3,3,3,1.0,1.0
family_ablation,qwen3.5:9b,all_crops,original,gear,0.9,9,9,9,1.0,1.0,24,0,0,0.0,0.0,3,3,3,1.0,1.0
family_ablation,qwen3.5:9b,all_crops,original,gear,0.95,9,9,9,1.0,1.0,24,0,0,0.0,0.0,3,3,3,1.0,1.0
family_ablation,qwen3.5:9b,all_crops,original,gear,0.97,9,9,9,1.0,1.0,24,0,0,0.0,0.0,3,3,3,1.0,1.0
family_ablation,qwen3.5:9b,all_crops,original,gear,0.98,9,6,6,0.6666666666666666,0.6666666666666666,24,0,0,0.0,0.0,3,2,2,0.6666666666666666,0.6666666666666666
family_ablation,qwen3.5:9b,all_crops,original,gear,0.99,9,3,3,0.3333333333333333,0.3333333333333333,24,0,0,0.0,0.0,3,1,1,0.3333333333333333,0.3333333333333333
family_ablation,qwen3.5:9b,all_crops,original,gear,0.995,9,0,0,0.0,0.0,24,0,0,0.0,0.0,3,0,0,0.0,0.0
family_ablation,qwen3.5:9b,all_crops,original,gear,0.999,9,0,0,0.0,0.0,24,0,0,0.0,0.0,3,0,0,0.0,0.0
family_ablation,qwen3.5:9b,all_crops,original,gear,0.9999,9,0,0,0.0,0.0,24,0,0,0.0,0.0,3,0,0,0.0,0.0
family_ablation,qwen3.5:9b,all_crops,original,gear,0.99999,9,0,0,0.0,0.0,24,0,0,0.0,0.0,3,0,0,0.0,0.0
family_ablation,qwen3.5:9b,all_crops,original,gear,0.999999,9,0,0,0.0,0.0,24,0,0,0.0,0.0,3,0,0,0.0,0.0
family_ablation,qwen3.5:9b,all_crops,original,hex_nut,0.4,4,4,4,1.0,1.0,18,0,0,0.0,0.0,2,2,2,1.0,1.0
family_ablation,qwen3.5:9b,all_crops,original,hex_nut,0.5,4,4,4,1.0,1.0,18,0,0,0.0,0.0,2,2,2,1.0,1.0
family_ablation,qwen3.5:9b,all_crops,original,hex_nut,0.6,4,4,4,1.0,1.0,18,0,0,0.0,0.0,2,2,2,1.0,1.0
family_ablation,qwen3.5:9b,all_crops,original,hex_nut,0.65,4,4,4,1.0,1.0,18,0,0,0.0,0.0,2,2,2,1.0,1.0
family_ablation,qwen3.5:9b,all_crops,original,hex_nut,0.7,4,4,4,1.0,1.0,18,0,0,0.0,0.0,2,2,2,1.0,1.0
family_ablation,qwen3.5:9b,all_crops,original,hex_nut,0.8,4,4,4,1.0,1.0,18,0,0,0.0,0.0,2,2,2,1.0,1.0
family_ablation,qwen3.5:9b,all_crops,original,hex_nut,0.9,4,2,2,0.5,0.5,18,0,0,0.0,0.0,2,1,1,0.5,0.5
family_ablation,qwen3.5:9b,all_crops,original,hex_nut,0.95,4,0,0,0.0,0.0,18,0,0,0.0,0.0,2,0,0,0.0,0.0
family_ablation,qwen3.5:9b,all_crops,original,hex_nut,0.97,4,0,0,0.0,0.0,18,0,0,0.0,0.0,2,0,0,0.0,0.0
family_ablation,qwen3.5:9b,all_crops,original,hex_nut,0.98,4,0,0,0.0,0.0,18,0,0,0.0,0.0,2,0,0,0.0,0.0
family_ablation,qwen3.5:9b,all_crops,original,hex_nut,0.99,4,0,0,0.0,0.0,18,0,0,0.0,0.0,2,0,0,0.0,0.0
family_ablation,qwen3.5:9b,all_crops,original,hex_nut,0.995,4,0,0,0.0,0.0,18,0,0,0.0,0.0,2,0,0,0.0,0.0
family_ablation,qwen3.5:9b,all_crops,original,hex_nut,0.999,4,0,0,0.0,0.0,18,0,0,0.0,0.0,2,0,0,0.0,0.0
family_ablation,qwen3.5:9b,all_crops,original,hex_nut,0.9999,4,0,0,0.0,0.0,18,0,0,0.0,0.0,2,0,0,0.0,0.0
family_ablation,qwen3.5:9b,all_crops,original,hex_nut,0.99999,4,0,0,0.0,0.0,18,0,0,0.0,0.0,2,0,0,0.0,0.0
family_ablation,qwen3.5:9b,all_crops,original,hex_nut,0.999999,4,0,0,0.0,0.0,18,0,0,0.0,0.0,2,0,0,0.0,0.0
family_ablation,qwen3.5:9b,all_crops,original,round_pin,0.4,9,9,9,1.0,1.0,24,3,3,0.125,0.125,3,3,3,1.0,1.0
family_ablation,qwen3.5:9b,all_crops,original,round_pin,0.5,9,9,9,1.0,1.0,24,0,0,0.0,0.0,3,3,3,1.0,1.0
family_ablation,qwen3.5:9b,all_crops,original,round_pin,0.6,9,9,9,1.0,1.0,24,0,0,0.0,0.0,3,3,3,1.0,1.0
family_ablation,qwen3.5:9b,all_crops,original,round_pin,0.65,9,9,9,1.0,1.0,24,0,0,0.0,0.0,3,3,3,1.0,1.0
family_ablation,qwen3.5:9b,all_crops,original,round_pin,0.7,9,9,9,1.0,1.0,24,0,0,0.0,0.0,3,3,3,1.0,1.0
family_ablation,qwen3.5:9b,all_crops,original,round_pin,0.8,9,9,9,1.0,1.0,24,0,0,0.0,0.0,3,3,3,1.0,1.0
family_ablation,qwen3.5:9b,all_crops,original,round_pin,0.9,9,9,9,1.0,1.0,24,0,0,0.0,0.0,3,3,3,1.0,1.0
family_ablation,qwen3.5:9b,all_crops,original,round_pin,0.95,9,9,9,1.0,1.0,24,0,0,0.0,0.0,3,3,3,1.0,1.0
family_ablation,qwen3.5:9b,all_crops,original,round_pin,0.97,9,9,9,1.0,1.0,24,0,0,0.0,0.0,3,3,3,1.0,1.0
family_ablation,qwen3.5:9b,all_crops,original,round_pin,0.98,9,9,9,1.0,1.0,24,0,0,0.0,0.0,3,3,3,1.0,1.0
family_ablation,qwen3.5:9b,all_crops,original,round_pin,0.99,9,9,9,1.0,1.0,24,0,0,0.0,0.0,3,3,3,1.0,1.0
family_ablation,qwen3.5:9b,all_crops,original,round_pin,0.995,9,3,3,0.3333333333333333,0.3333333333333333,24,0,0,0.0,0.0,3,1,1,0.3333333333333333,0.3333333333333333
family_ablation,qwen3.5:9b,all_crops,original,round_pin,0.999,9,0,0,0.0,0.0,24,0,0,0.0,0.0,3,0,0,0.0,0.0
family_ablation,qwen3.5:9b,all_crops,original,round_pin,0.9999,9,0,0,0.0,0.0,24,0,0,0.0,0.0,3,0,0,0.0,0.0
family_ablation,qwen3.5:9b,all_crops,original,round_pin,0.99999,9,0,0,0.0,0.0,24,0,0,0.0,0.0,3,0,0,0.0,0.0
family_ablation,qwen3.5:9b,all_crops,original,round_pin,0.999999,9,0,0,0.0,0.0,24,0,0,0.0,0.0,3,0,0,0.0,0.0
family_ablation,qwen3.5:9b,all_crops,original,Waterproof_Male,0.4,1,1,1,1.0,1.0,10,2,2,0.2,0.2,1,1,1,1.0,1.0
family_ablation,qwen3.5:9b,all_crops,original,Waterproof_Male,0.5,1,1,1,1.0,1.0,10,2,2,0.2,0.2,1,1,1,1.0,1.0
family_ablation,qwen3.5:9b,all_crops,original,Waterproof_Male,0.6,1,1,1,1.0,1.0,10,1,1,0.1,0.1,1,1,1,1.0,1.0
family_ablation,qwen3.5:9b,all_crops,original,Waterproof_Male,0.65,1,1,1,1.0,1.0,10,1,1,0.1,0.1,1,1,1,1.0,1.0
family_ablation,qwen3.5:9b,all_crops,original,Waterproof_Male,0.7,1,1,1,1.0,1.0,10,1,1,0.1,0.1,1,1,1,1.0,1.0
family_ablation,qwen3.5:9b,all_crops,original,Waterproof_Male,0.8,1,1,1,1.0,1.0,10,1,1,0.1,0.1,1,1,1,1.0,1.0
family_ablation,qwen3.5:9b,all_crops,original,Waterproof_Male,0.9,1,1,1,1.0,1.0,10,1,1,0.1,0.1,1,1,1,1.0,1.0
family_ablation,qwen3.5:9b,all_crops,original,Waterproof_Male,0.95,1,1,1,1.0,1.0,10,0,0,0.0,0.0,1,1,1,1.0,1.0
family_ablation,qwen3.5:9b,all_crops,original,Waterproof_Male,0.97,1,1,1,1.0,1.0,10,0,0,0.0,0.0,1,1,1,1.0,1.0
family_ablation,qwen3.5:9b,all_crops,original,Waterproof_Male,0.98,1,1,1,1.0,1.0,10,0,0,0.0,0.0,1,1,1,1.0,1.0
family_ablation,qwen3.5:9b,all_crops,original,Waterproof_Male,0.99,1,1,1,1.0,1.0,10,0,0,0.0,0.0,1,1,1,1.0,1.0
family_ablation,qwen3.5:9b,all_crops,original,Waterproof_Male,0.995,1,1,1,1.0,1.0,10,0,0,0.0,0.0,1,1,1,1.0,1.0
family_ablation,qwen3.5:9b,all_crops,original,Waterproof_Male,0.999,1,0,0,0.0,0.0,10,0,0,0.0,0.0,1,0,0,0.0,0.0
family_ablation,qwen3.5:9b,all_crops,original,Waterproof_Male,0.9999,1,0,0,0.0,0.0,10,0,0,0.0,0.0,1,0,0,0.0,0.0
family_ablation,qwen3.5:9b,all_crops,original,Waterproof_Male,0.99999,1,0,0,0.0,0.0,10,0,0,0.0,0.0,1,0,0,0.0,0.0
family_ablation,qwen3.5:9b,all_crops,original,Waterproof_Male,0.999999,1,0,0,0.0,0.0,10,0,0,0.0,0.0,1,0,0,0.0,0.0
family_ablation,qwen3.5:9b,all_crops,original,USB_Male,0.4,1,1,1,1.0,1.0,10,0,0,0.0,0.0,1,1,1,1.0,1.0
family_ablation,qwen3.5:9b,all_crops,original,USB_Male,0.5,1,1,1,1.0,1.0,10,0,0,0.0,0.0,1,1,1,1.0,1.0
family_ablation,qwen3.5:9b,all_crops,original,USB_Male,0.6,1,1,1,1.0,1.0,10,0,0,0.0,0.0,1,1,1,1.0,1.0
family_ablation,qwen3.5:9b,all_crops,original,USB_Male,0.65,1,1,1,1.0,1.0,10,0,0,0.0,0.0,1,1,1,1.0,1.0
family_ablation,qwen3.5:9b,all_crops,original,USB_Male,0.7,1,1,1,1.0,1.0,10,0,0,0.0,0.0,1,1,1,1.0,1.0
family_ablation,qwen3.5:9b,all_crops,original,USB_Male,0.8,1,1,1,1.0,1.0,10,0,0,0.0,0.0,1,1,1,1.0,1.0
family_ablation,qwen3.5:9b,all_crops,original,USB_Male,0.9,1,1,1,1.0,1.0,10,0,0,0.0,0.0,1,1,1,1.0,1.0
family_ablation,qwen3.5:9b,all_crops,original,USB_Male,0.95,1,1,1,1.0,1.0,10,0,0,0.0,0.0,1,1,1,1.0,1.0
family_ablation,qwen3.5:9b,all_crops,original,USB_Male,0.97,1,1,1,1.0,1.0,10,0,0,0.0,0.0,1,1,1,1.0,1.0
family_ablation,qwen3.5:9b,all_crops,original,USB_Male,0.98,1,1,1,1.0,1.0,10,0,0,0.0,0.0,1,1,1,1.0,1.0
family_ablation,qwen3.5:9b,all_crops,original,USB_Male,0.99,1,0,0,0.0,0.0,10,0,0,0.0,0.0,1,0,0,0.0,0.0
family_ablation,qwen3.5:9b,all_crops,original,USB_Male,0.995,1,0,0,0.0,0.0,10,0,0,0.0,0.0,1,0,0,0.0,0.0
family_ablation,qwen3.5:9b,all_crops,original,USB_Male,0.999,1,0,0,0.0,0.0,10,0,0,0.0,0.0,1,0,0,0.0,0.0
family_ablation,qwen3.5:9b,all_crops,original,USB_Male,0.9999,1,0,0,0.0,0.0,10,0,0,0.0,0.0,1,0,0,0.0,0.0
family_ablation,qwen3.5:9b,all_crops,original,USB_Male,0.99999,1,0,0,0.0,0.0,10,0,0,0.0,0.0,1,0,0,0.0,0.0
family_ablation,qwen3.5:9b,all_crops,original,USB_Male,0.999999,1,0,0,0.0,0.0,10,0,0,0.0,0.0,1,0,0,0.0,0.0
family_ablation,qwen3.5:9b,all_crops,original,DSUB_Male,0.4,1,1,1,1.0,1.0,10,2,2,0.2,0.2,1,1,1,1.0,1.0
family_ablation,qwen3.5:9b,all_crops,original,DSUB_Male,0.5,1,1,1,1.0,1.0,10,2,2,0.2,0.2,1,1,1,1.0,1.0
family_ablation,qwen3.5:9b,all_crops,original,DSUB_Male,0.6,1,1,1,1.0,1.0,10,2,2,0.2,0.2,1,1,1,1.0,1.0
family_ablation,qwen3.5:9b,all_crops,original,DSUB_Male,0.65,1,1,1,1.0,1.0,10,2,2,0.2,0.2,1,1,1,1.0,1.0
family_ablation,qwen3.5:9b,all_crops,original,DSUB_Male,0.7,1,1,1,1.0,1.0,10,1,1,0.1,0.1,1,1,1,1.0,1.0
family_ablation,qwen3.5:9b,all_crops,original,DSUB_Male,0.8,1,1,1,1.0,1.0,10,0,0,0.0,0.0,1,1,1,1.0,1.0
family_ablation,qwen3.5:9b,all_crops,original,DSUB_Male,0.9,1,1,1,1.0,1.0,10,0,0,0.0,0.0,1,1,1,1.0,1.0
family_ablation,qwen3.5:9b,all_crops,original,DSUB_Male,0.95,1,1,1,1.0,1.0,10,0,0,0.0,0.0,1,1,1,1.0,1.0
family_ablation,qwen3.5:9b,all_crops,original,DSUB_Male,0.97,1,1,1,1.0,1.0,10,0,0,0.0,0.0,1,1,1,1.0,1.0
family_ablation,qwen3.5:9b,all_crops,original,DSUB_Male,0.98,1,1,1,1.0,1.0,10,0,0,0.0,0.0,1,1,1,1.0,1.0
family_ablation,qwen3.5:9b,all_crops,original,DSUB_Male,0.99,1,0,0,0.0,0.0,10,0,0,0.0,0.0,1,0,0,0.0,0.0
family_ablation,qwen3.5:9b,all_crops,original,DSUB_Male,0.995,1,0,0,0.0,0.0,10,0,0,0.0,0.0,1,0,0,0.0,0.0
family_ablation,qwen3.5:9b,all_crops,original,DSUB_Male,0.999,1,0,0,0.0,0.0,10,0,0,0.0,0.0,1,0,0,0.0,0.0
family_ablation,qwen3.5:9b,all_crops,original,DSUB_Male,0.9999,1,0,0,0.0,0.0,10,0,0,0.0,0.0,1,0,0,0.0,0.0
family_ablation,qwen3.5:9b,all_crops,original,DSUB_Male,0.99999,1,0,0,0.0,0.0,10,0,0,0.0,0.0,1,0,0,0.0,0.0
family_ablation,qwen3.5:9b,all_crops,original,DSUB_Male,0.999999,1,0,0,0.0,0.0,10,0,0,0.0,0.0,1,0,0,0.0,0.0
family_ablation,qwen3.5:9b,all_crops,state_101,gear,0.4,9,9,9,1.0,1.0,24,6,6,0.25,0.25,3,3,3,1.0,1.0
family_ablation,qwen3.5:9b,all_crops,state_101,gear,0.5,9,9,9,1.0,1.0,24,6,6,0.25,0.25,3,3,3,1.0,1.0
family_ablation,qwen3.5:9b,all_crops,state_101,gear,0.6,9,9,9,1.0,1.0,24,6,6,0.25,0.25,3,3,3,1.0,1.0
family_ablation,qwen3.5:9b,all_crops,state_101,gear,0.65,9,9,9,1.0,1.0,24,6,6,0.25,0.25,3,3,3,1.0,1.0
family_ablation,qwen3.5:9b,all_crops,state_101,gear,0.7,9,9,9,1.0,1.0,24,6,6,0.25,0.25,3,3,3,1.0,1.0
family_ablation,qwen3.5:9b,all_crops,state_101,gear,0.8,9,9,9,1.0,1.0,24,0,0,0.0,0.0,3,3,3,1.0,1.0
family_ablation,qwen3.5:9b,all_crops,state_101,gear,0.9,9,9,9,1.0,1.0,24,0,0,0.0,0.0,3,3,3,1.0,1.0
family_ablation,qwen3.5:9b,all_crops,state_101,gear,0.95,9,9,9,1.0,1.0,24,0,0,0.0,0.0,3,3,3,1.0,1.0
family_ablation,qwen3.5:9b,all_crops,state_101,gear,0.97,9,6,6,0.6666666666666666,0.6666666666666666,24,0,0,0.0,0.0,3,2,2,0.6666666666666666,0.6666666666666666
family_ablation,qwen3.5:9b,all_crops,state_101,gear,0.98,9,6,6,0.6666666666666666,0.6666666666666666,24,0,0,0.0,0.0,3,2,2,0.6666666666666666,0.6666666666666666
family_ablation,qwen3.5:9b,all_crops,state_101,gear,0.99,9,6,6,0.6666666666666666,0.6666666666666666,24,0,0,0.0,0.0,3,2,2,0.6666666666666666,0.6666666666666666
family_ablation,qwen3.5:9b,all_crops,state_101,gear,0.995,9,3,3,0.3333333333333333,0.3333333333333333,24,0,0,0.0,0.0,3,1,1,0.3333333333333333,0.3333333333333333
family_ablation,qwen3.5:9b,all_crops,state_101,gear,0.999,9,0,0,0.0,0.0,24,0,0,0.0,0.0,3,0,0,0.0,0.0
family_ablation,qwen3.5:9b,all_crops,state_101,gear,0.9999,9,0,0,0.0,0.0,24,0,0,0.0,0.0,3,0,0,0.0,0.0
family_ablation,qwen3.5:9b,all_crops,state_101,gear,0.99999,9,0,0,0.0,0.0,24,0,0,0.0,0.0,3,0,0,0.0,0.0
family_ablation,qwen3.5:9b,all_crops,state_101,gear,0.999999,9,0,0,0.0,0.0,24,0,0,0.0,0.0,3,0,0,0.0,0.0
family_ablation,qwen3.5:9b,all_crops,state_101,hex_nut,0.4,4,4,4,1.0,1.0,18,0,0,0.0,0.0,2,2,2,1.0,1.0
family_ablation,qwen3.5:9b,all_crops,state_101,hex_nut,0.5,4,4,4,1.0,1.0,18,0,0,0.0,0.0,2,2,2,1.0,1.0
family_ablation,qwen3.5:9b,all_crops,state_101,hex_nut,0.6,4,4,4,1.0,1.0,18,0,0,0.0,0.0,2,2,2,1.0,1.0
family_ablation,qwen3.5:9b,all_crops,state_101,hex_nut,0.65,4,4,4,1.0,1.0,18,0,0,0.0,0.0,2,2,2,1.0,1.0
family_ablation,qwen3.5:9b,all_crops,state_101,hex_nut,0.7,4,4,4,1.0,1.0,18,0,0,0.0,0.0,2,2,2,1.0,1.0
family_ablation,qwen3.5:9b,all_crops,state_101,hex_nut,0.8,4,4,4,1.0,1.0,18,0,0,0.0,0.0,2,2,2,1.0,1.0
family_ablation,qwen3.5:9b,all_crops,state_101,hex_nut,0.9,4,2,2,0.5,0.5,18,0,0,0.0,0.0,2,1,1,0.5,0.5
family_ablation,qwen3.5:9b,all_crops,state_101,hex_nut,0.95,4,2,2,0.5,0.5,18,0,0,0.0,0.0,2,1,1,0.5,0.5
family_ablation,qwen3.5:9b,all_crops,state_101,hex_nut,0.97,4,0,0,0.0,0.0,18,0,0,0.0,0.0,2,0,0,0.0,0.0
family_ablation,qwen3.5:9b,all_crops,state_101,hex_nut,0.98,4,0,0,0.0,0.0,18,0,0,0.0,0.0,2,0,0,0.0,0.0
family_ablation,qwen3.5:9b,all_crops,state_101,hex_nut,0.99,4,0,0,0.0,0.0,18,0,0,0.0,0.0,2,0,0,0.0,0.0
family_ablation,qwen3.5:9b,all_crops,state_101,hex_nut,0.995,4,0,0,0.0,0.0,18,0,0,0.0,0.0,2,0,0,0.0,0.0
family_ablation,qwen3.5:9b,all_crops,state_101,hex_nut,0.999,4,0,0,0.0,0.0,18,0,0,0.0,0.0,2,0,0,0.0,0.0
family_ablation,qwen3.5:9b,all_crops,state_101,hex_nut,0.9999,4,0,0,0.0,0.0,18,0,0,0.0,0.0,2,0,0,0.0,0.0
family_ablation,qwen3.5:9b,all_crops,state_101,hex_nut,0.99999,4,0,0,0.0,0.0,18,0,0,0.0,0.0,2,0,0,0.0,0.0
family_ablation,qwen3.5:9b,all_crops,state_101,hex_nut,0.999999,4,0,0,0.0,0.0,18,0,0,0.0,0.0,2,0,0,0.0,0.0
family_ablation,qwen3.5:9b,all_crops,state_101,round_pin,0.4,9,9,9,1.0,1.0,24,6,6,0.25,0.25,3,3,3,1.0,1.0
family_ablation,qwen3.5:9b,all_crops,state_101,round_pin,0.5,9,9,9,1.0,1.0,24,6,6,0.25,0.25,3,3,3,1.0,1.0
family_ablation,qwen3.5:9b,all_crops,state_101,round_pin,0.6,9,9,9,1.0,1.0,24,3,3,0.125,0.125,3,3,3,1.0,1.0
family_ablation,qwen3.5:9b,all_crops,state_101,round_pin,0.65,9,9,9,1.0,1.0,24,3,3,0.125,0.125,3,3,3,1.0,1.0
family_ablation,qwen3.5:9b,all_crops,state_101,round_pin,0.7,9,9,9,1.0,1.0,24,3,3,0.125,0.125,3,3,3,1.0,1.0
family_ablation,qwen3.5:9b,all_crops,state_101,round_pin,0.8,9,9,9,1.0,1.0,24,0,0,0.0,0.0,3,3,3,1.0,1.0
family_ablation,qwen3.5:9b,all_crops,state_101,round_pin,0.9,9,9,9,1.0,1.0,24,0,0,0.0,0.0,3,3,3,1.0,1.0
family_ablation,qwen3.5:9b,all_crops,state_101,round_pin,0.95,9,9,9,1.0,1.0,24,0,0,0.0,0.0,3,3,3,1.0,1.0
family_ablation,qwen3.5:9b,all_crops,state_101,round_pin,0.97,9,9,9,1.0,1.0,24,0,0,0.0,0.0,3,3,3,1.0,1.0
family_ablation,qwen3.5:9b,all_crops,state_101,round_pin,0.98,9,6,6,0.6666666666666666,0.6666666666666666,24,0,0,0.0,0.0,3,2,2,0.6666666666666666,0.6666666666666666
family_ablation,qwen3.5:9b,all_crops,state_101,round_pin,0.99,9,0,0,0.0,0.0,24,0,0,0.0,0.0,3,0,0,0.0,0.0
family_ablation,qwen3.5:9b,all_crops,state_101,round_pin,0.995,9,0,0,0.0,0.0,24,0,0,0.0,0.0,3,0,0,0.0,0.0
family_ablation,qwen3.5:9b,all_crops,state_101,round_pin,0.999,9,0,0,0.0,0.0,24,0,0,0.0,0.0,3,0,0,0.0,0.0
family_ablation,qwen3.5:9b,all_crops,state_101,round_pin,0.9999,9,0,0,0.0,0.0,24,0,0,0.0,0.0,3,0,0,0.0,0.0
family_ablation,qwen3.5:9b,all_crops,state_101,round_pin,0.99999,9,0,0,0.0,0.0,24,0,0,0.0,0.0,3,0,0,0.0,0.0
family_ablation,qwen3.5:9b,all_crops,state_101,round_pin,0.999999,9,0,0,0.0,0.0,24,0,0,0.0,0.0,3,0,0,0.0,0.0
family_ablation,qwen3.5:9b,all_crops,state_101,Waterproof_Male,0.4,1,1,1,1.0,1.0,10,2,2,0.2,0.2,1,1,1,1.0,1.0
family_ablation,qwen3.5:9b,all_crops,state_101,Waterproof_Male,0.5,1,1,1,1.0,1.0,10,2,2,0.2,0.2,1,1,1,1.0,1.0
family_ablation,qwen3.5:9b,all_crops,state_101,Waterproof_Male,0.6,1,1,1,1.0,1.0,10,1,1,0.1,0.1,1,1,1,1.0,1.0
family_ablation,qwen3.5:9b,all_crops,state_101,Waterproof_Male,0.65,1,1,1,1.0,1.0,10,1,1,0.1,0.1,1,1,1,1.0,1.0
family_ablation,qwen3.5:9b,all_crops,state_101,Waterproof_Male,0.7,1,1,1,1.0,1.0,10,1,1,0.1,0.1,1,1,1,1.0,1.0
family_ablation,qwen3.5:9b,all_crops,state_101,Waterproof_Male,0.8,1,1,1,1.0,1.0,10,1,1,0.1,0.1,1,1,1,1.0,1.0
family_ablation,qwen3.5:9b,all_crops,state_101,Waterproof_Male,0.9,1,1,1,1.0,1.0,10,0,0,0.0,0.0,1,1,1,1.0,1.0
family_ablation,qwen3.5:9b,all_crops,state_101,Waterproof_Male,0.95,1,1,1,1.0,1.0,10,0,0,0.0,0.0,1,1,1,1.0,1.0
family_ablation,qwen3.5:9b,all_crops,state_101,Waterproof_Male,0.97,1,1,1,1.0,1.0,10,0,0,0.0,0.0,1,1,1,1.0,1.0
family_ablation,qwen3.5:9b,all_crops,state_101,Waterproof_Male,0.98,1,1,1,1.0,1.0,10,0,0,0.0,0.0,1,1,1,1.0,1.0
family_ablation,qwen3.5:9b,all_crops,state_101,Waterproof_Male,0.99,1,1,1,1.0,1.0,10,0,0,0.0,0.0,1,1,1,1.0,1.0
family_ablation,qwen3.5:9b,all_crops,state_101,Waterproof_Male,0.995,1,1,1,1.0,1.0,10,0,0,0.0,0.0,1,1,1,1.0,1.0
family_ablation,qwen3.5:9b,all_crops,state_101,Waterproof_Male,0.999,1,0,0,0.0,0.0,10,0,0,0.0,0.0,1,0,0,0.0,0.0
family_ablation,qwen3.5:9b,all_crops,state_101,Waterproof_Male,0.9999,1,0,0,0.0,0.0,10,0,0,0.0,0.0,1,0,0,0.0,0.0
family_ablation,qwen3.5:9b,all_crops,state_101,Waterproof_Male,0.99999,1,0,0,0.0,0.0,10,0,0,0.0,0.0,1,0,0,0.0,0.0
family_ablation,qwen3.5:9b,all_crops,state_101,Waterproof_Male,0.999999,1,0,0,0.0,0.0,10,0,0,0.0,0.0,1,0,0,0.0,0.0
family_ablation,qwen3.5:9b,all_crops,state_101,USB_Male,0.4,1,1,1,1.0,1.0,10,0,0,0.0,0.0,1,1,1,1.0,1.0
family_ablation,qwen3.5:9b,all_crops,state_101,USB_Male,0.5,1,1,1,1.0,1.0,10,0,0,0.0,0.0,1,1,1,1.0,1.0
family_ablation,qwen3.5:9b,all_crops,state_101,USB_Male,0.6,1,1,1,1.0,1.0,10,0,0,0.0,0.0,1,1,1,1.0,1.0
family_ablation,qwen3.5:9b,all_crops,state_101,USB_Male,0.65,1,1,1,1.0,1.0,10,0,0,0.0,0.0,1,1,1,1.0,1.0
family_ablation,qwen3.5:9b,all_crops,state_101,USB_Male,0.7,1,1,1,1.0,1.0,10,0,0,0.0,0.0,1,1,1,1.0,1.0
family_ablation,qwen3.5:9b,all_crops,state_101,USB_Male,0.8,1,1,1,1.0,1.0,10,0,0,0.0,0.0,1,1,1,1.0,1.0
family_ablation,qwen3.5:9b,all_crops,state_101,USB_Male,0.9,1,1,1,1.0,1.0,10,0,0,0.0,0.0,1,1,1,1.0,1.0
family_ablation,qwen3.5:9b,all_crops,state_101,USB_Male,0.95,1,1,1,1.0,1.0,10,0,0,0.0,0.0,1,1,1,1.0,1.0
family_ablation,qwen3.5:9b,all_crops,state_101,USB_Male,0.97,1,1,1,1.0,1.0,10,0,0,0.0,0.0,1,1,1,1.0,1.0
family_ablation,qwen3.5:9b,all_crops,state_101,USB_Male,0.98,1,1,1,1.0,1.0,10,0,0,0.0,0.0,1,1,1,1.0,1.0
family_ablation,qwen3.5:9b,all_crops,state_101,USB_Male,0.99,1,1,1,1.0,1.0,10,0,0,0.0,0.0,1,1,1,1.0,1.0
family_ablation,qwen3.5:9b,all_crops,state_101,USB_Male,0.995,1,0,0,0.0,0.0,10,0,0,0.0,0.0,1,0,0,0.0,0.0
family_ablation,qwen3.5:9b,all_crops,state_101,USB_Male,0.999,1,0,0,0.0,0.0,10,0,0,0.0,0.0,1,0,0,0.0,0.0
family_ablation,qwen3.5:9b,all_crops,state_101,USB_Male,0.9999,1,0,0,0.0,0.0,10,0,0,0.0,0.0,1,0,0,0.0,0.0
family_ablation,qwen3.5:9b,all_crops,state_101,USB_Male,0.99999,1,0,0,0.0,0.0,10,0,0,0.0,0.0,1,0,0,0.0,0.0
family_ablation,qwen3.5:9b,all_crops,state_101,USB_Male,0.999999,1,0,0,0.0,0.0,10,0,0,0.0,0.0,1,0,0,0.0,0.0
family_ablation,qwen3.5:9b,all_crops,state_101,DSUB_Male,0.4,1,1,1,1.0,1.0,10,2,2,0.2,0.2,1,1,1,1.0,1.0
family_ablation,qwen3.5:9b,all_crops,state_101,DSUB_Male,0.5,1,1,1,1.0,1.0,10,2,2,0.2,0.2,1,1,1,1.0,1.0
family_ablation,qwen3.5:9b,all_crops,state_101,DSUB_Male,0.6,1,1,1,1.0,1.0,10,2,2,0.2,0.2,1,1,1,1.0,1.0
family_ablation,qwen3.5:9b,all_crops,state_101,DSUB_Male,0.65,1,1,1,1.0,1.0,10,2,2,0.2,0.2,1,1,1,1.0,1.0
family_ablation,qwen3.5:9b,all_crops,state_101,DSUB_Male,0.7,1,1,1,1.0,1.0,10,2,2,0.2,0.2,1,1,1,1.0,1.0
family_ablation,qwen3.5:9b,all_crops,state_101,DSUB_Male,0.8,1,1,1,1.0,1.0,10,1,1,0.1,0.1,1,1,1,1.0,1.0
family_ablation,qwen3.5:9b,all_crops,state_101,DSUB_Male,0.9,1,1,1,1.0,1.0,10,0,0,0.0,0.0,1,1,1,1.0,1.0
family_ablation,qwen3.5:9b,all_crops,state_101,DSUB_Male,0.95,1,1,1,1.0,1.0,10,0,0,0.0,0.0,1,1,1,1.0,1.0
family_ablation,qwen3.5:9b,all_crops,state_101,DSUB_Male,0.97,1,1,1,1.0,1.0,10,0,0,0.0,0.0,1,1,1,1.0,1.0
family_ablation,qwen3.5:9b,all_crops,state_101,DSUB_Male,0.98,1,1,1,1.0,1.0,10,0,0,0.0,0.0,1,1,1,1.0,1.0
family_ablation,qwen3.5:9b,all_crops,state_101,DSUB_Male,0.99,1,0,0,0.0,0.0,10,0,0,0.0,0.0,1,0,0,0.0,0.0
family_ablation,qwen3.5:9b,all_crops,state_101,DSUB_Male,0.995,1,0,0,0.0,0.0,10,0,0,0.0,0.0,1,0,0,0.0,0.0
family_ablation,qwen3.5:9b,all_crops,state_101,DSUB_Male,0.999,1,0,0,0.0,0.0,10,0,0,0.0,0.0,1,0,0,0.0,0.0
family_ablation,qwen3.5:9b,all_crops,state_101,DSUB_Male,0.9999,1,0,0,0.0,0.0,10,0,0,0.0,0.0,1,0,0,0.0,0.0
family_ablation,qwen3.5:9b,all_crops,state_101,DSUB_Male,0.99999,1,0,0,0.0,0.0,10,0,0,0.0,0.0,1,0,0,0.0,0.0
family_ablation,qwen3.5:9b,all_crops,state_101,DSUB_Male,0.999999,1,0,0,0.0,0.0,10,0,0,0.0,0.0,1,0,0,0.0,0.0
family_ablation,qwen3.5:9b,all_crops,state_202,gear,0.4,9,9,9,1.0,1.0,24,0,0,0.0,0.0,3,3,3,1.0,1.0
family_ablation,qwen3.5:9b,all_crops,state_202,gear,0.5,9,9,9,1.0,1.0,24,0,0,0.0,0.0,3,3,3,1.0,1.0
family_ablation,qwen3.5:9b,all_crops,state_202,gear,0.6,9,9,9,1.0,1.0,24,0,0,0.0,0.0,3,3,3,1.0,1.0
family_ablation,qwen3.5:9b,all_crops,state_202,gear,0.65,9,9,9,1.0,1.0,24,0,0,0.0,0.0,3,3,3,1.0,1.0
family_ablation,qwen3.5:9b,all_crops,state_202,gear,0.7,9,9,9,1.0,1.0,24,0,0,0.0,0.0,3,3,3,1.0,1.0
family_ablation,qwen3.5:9b,all_crops,state_202,gear,0.8,9,9,9,1.0,1.0,24,0,0,0.0,0.0,3,3,3,1.0,1.0
family_ablation,qwen3.5:9b,all_crops,state_202,gear,0.9,9,6,6,0.6666666666666666,0.6666666666666666,24,0,0,0.0,0.0,3,2,2,0.6666666666666666,0.6666666666666666
family_ablation,qwen3.5:9b,all_crops,state_202,gear,0.95,9,6,6,0.6666666666666666,0.6666666666666666,24,0,0,0.0,0.0,3,2,2,0.6666666666666666,0.6666666666666666
family_ablation,qwen3.5:9b,all_crops,state_202,gear,0.97,9,6,6,0.6666666666666666,0.6666666666666666,24,0,0,0.0,0.0,3,2,2,0.6666666666666666,0.6666666666666666
family_ablation,qwen3.5:9b,all_crops,state_202,gear,0.98,9,6,6,0.6666666666666666,0.6666666666666666,24,0,0,0.0,0.0,3,2,2,0.6666666666666666,0.6666666666666666
family_ablation,qwen3.5:9b,all_crops,state_202,gear,0.99,9,6,6,0.6666666666666666,0.6666666666666666,24,0,0,0.0,0.0,3,2,2,0.6666666666666666,0.6666666666666666
family_ablation,qwen3.5:9b,all_crops,state_202,gear,0.995,9,3,3,0.3333333333333333,0.3333333333333333,24,0,0,0.0,0.0,3,1,1,0.3333333333333333,0.3333333333333333
family_ablation,qwen3.5:9b,all_crops,state_202,gear,0.999,9,0,0,0.0,0.0,24,0,0,0.0,0.0,3,0,0,0.0,0.0
family_ablation,qwen3.5:9b,all_crops,state_202,gear,0.9999,9,0,0,0.0,0.0,24,0,0,0.0,0.0,3,0,0,0.0,0.0
family_ablation,qwen3.5:9b,all_crops,state_202,gear,0.99999,9,0,0,0.0,0.0,24,0,0,0.0,0.0,3,0,0,0.0,0.0
family_ablation,qwen3.5:9b,all_crops,state_202,gear,0.999999,9,0,0,0.0,0.0,24,0,0,0.0,0.0,3,0,0,0.0,0.0
family_ablation,qwen3.5:9b,all_crops,state_202,hex_nut,0.4,4,4,4,1.0,1.0,18,0,0,0.0,0.0,2,2,2,1.0,1.0
family_ablation,qwen3.5:9b,all_crops,state_202,hex_nut,0.5,4,4,4,1.0,1.0,18,0,0,0.0,0.0,2,2,2,1.0,1.0
family_ablation,qwen3.5:9b,all_crops,state_202,hex_nut,0.6,4,4,4,1.0,1.0,18,0,0,0.0,0.0,2,2,2,1.0,1.0
family_ablation,qwen3.5:9b,all_crops,state_202,hex_nut,0.65,4,4,4,1.0,1.0,18,0,0,0.0,0.0,2,2,2,1.0,1.0
family_ablation,qwen3.5:9b,all_crops,state_202,hex_nut,0.7,4,4,4,1.0,1.0,18,0,0,0.0,0.0,2,2,2,1.0,1.0
family_ablation,qwen3.5:9b,all_crops,state_202,hex_nut,0.8,4,4,4,1.0,1.0,18,0,0,0.0,0.0,2,2,2,1.0,1.0
family_ablation,qwen3.5:9b,all_crops,state_202,hex_nut,0.9,4,2,2,0.5,0.5,18,0,0,0.0,0.0,2,1,1,0.5,0.5
family_ablation,qwen3.5:9b,all_crops,state_202,hex_nut,0.95,4,0,0,0.0,0.0,18,0,0,0.0,0.0,2,0,0,0.0,0.0
family_ablation,qwen3.5:9b,all_crops,state_202,hex_nut,0.97,4,0,0,0.0,0.0,18,0,0,0.0,0.0,2,0,0,0.0,0.0
family_ablation,qwen3.5:9b,all_crops,state_202,hex_nut,0.98,4,0,0,0.0,0.0,18,0,0,0.0,0.0,2,0,0,0.0,0.0
family_ablation,qwen3.5:9b,all_crops,state_202,hex_nut,0.99,4,0,0,0.0,0.0,18,0,0,0.0,0.0,2,0,0,0.0,0.0
family_ablation,qwen3.5:9b,all_crops,state_202,hex_nut,0.995,4,0,0,0.0,0.0,18,0,0,0.0,0.0,2,0,0,0.0,0.0
family_ablation,qwen3.5:9b,all_crops,state_202,hex_nut,0.999,4,0,0,0.0,0.0,18,0,0,0.0,0.0,2,0,0,0.0,0.0
family_ablation,qwen3.5:9b,all_crops,state_202,hex_nut,0.9999,4,0,0,0.0,0.0,18,0,0,0.0,0.0,2,0,0,0.0,0.0
family_ablation,qwen3.5:9b,all_crops,state_202,hex_nut,0.99999,4,0,0,0.0,0.0,18,0,0,0.0,0.0,2,0,0,0.0,0.0
family_ablation,qwen3.5:9b,all_crops,state_202,hex_nut,0.999999,4,0,0,0.0,0.0,18,0,0,0.0,0.0,2,0,0,0.0,0.0
family_ablation,qwen3.5:9b,all_crops,state_202,round_pin,0.4,9,9,9,1.0,1.0,24,3,3,0.125,0.125,3,3,3,1.0,1.0
family_ablation,qwen3.5:9b,all_crops,state_202,round_pin,0.5,9,9,9,1.0,1.0,24,0,0,0.0,0.0,3,3,3,1.0,1.0
family_ablation,qwen3.5:9b,all_crops,state_202,round_pin,0.6,9,9,9,1.0,1.0,24,0,0,0.0,0.0,3,3,3,1.0,1.0
family_ablation,qwen3.5:9b,all_crops,state_202,round_pin,0.65,9,9,9,1.0,1.0,24,0,0,0.0,0.0,3,3,3,1.0,1.0
family_ablation,qwen3.5:9b,all_crops,state_202,round_pin,0.7,9,9,9,1.0,1.0,24,0,0,0.0,0.0,3,3,3,1.0,1.0
family_ablation,qwen3.5:9b,all_crops,state_202,round_pin,0.8,9,9,9,1.0,1.0,24,0,0,0.0,0.0,3,3,3,1.0,1.0
family_ablation,qwen3.5:9b,all_crops,state_202,round_pin,0.9,9,9,9,1.0,1.0,24,0,0,0.0,0.0,3,3,3,1.0,1.0
family_ablation,qwen3.5:9b,all_crops,state_202,round_pin,0.95,9,9,9,1.0,1.0,24,0,0,0.0,0.0,3,3,3,1.0,1.0
family_ablation,qwen3.5:9b,all_crops,state_202,round_pin,0.97,9,9,9,1.0,1.0,24,0,0,0.0,0.0,3,3,3,1.0,1.0
family_ablation,qwen3.5:9b,all_crops,state_202,round_pin,0.98,9,9,9,1.0,1.0,24,0,0,0.0,0.0,3,3,3,1.0,1.0
family_ablation,qwen3.5:9b,all_crops,state_202,round_pin,0.99,9,9,9,1.0,1.0,24,0,0,0.0,0.0,3,3,3,1.0,1.0
family_ablation,qwen3.5:9b,all_crops,state_202,round_pin,0.995,9,0,0,0.0,0.0,24,0,0,0.0,0.0,3,0,0,0.0,0.0
family_ablation,qwen3.5:9b,all_crops,state_202,round_pin,0.999,9,0,0,0.0,0.0,24,0,0,0.0,0.0,3,0,0,0.0,0.0
family_ablation,qwen3.5:9b,all_crops,state_202,round_pin,0.9999,9,0,0,0.0,0.0,24,0,0,0.0,0.0,3,0,0,0.0,0.0
family_ablation,qwen3.5:9b,all_crops,state_202,round_pin,0.99999,9,0,0,0.0,0.0,24,0,0,0.0,0.0,3,0,0,0.0,0.0
family_ablation,qwen3.5:9b,all_crops,state_202,round_pin,0.999999,9,0,0,0.0,0.0,24,0,0,0.0,0.0,3,0,0,0.0,0.0
family_ablation,qwen3.5:9b,all_crops,state_202,Waterproof_Male,0.4,1,1,1,1.0,1.0,10,3,3,0.3,0.3,1,1,1,1.0,1.0
family_ablation,qwen3.5:9b,all_crops,state_202,Waterproof_Male,0.5,1,1,1,1.0,1.0,10,2,2,0.2,0.2,1,1,1,1.0,1.0
family_ablation,qwen3.5:9b,all_crops,state_202,Waterproof_Male,0.6,1,1,1,1.0,1.0,10,1,1,0.1,0.1,1,1,1,1.0,1.0
family_ablation,qwen3.5:9b,all_crops,state_202,Waterproof_Male,0.65,1,1,1,1.0,1.0,10,1,1,0.1,0.1,1,1,1,1.0,1.0
family_ablation,qwen3.5:9b,all_crops,state_202,Waterproof_Male,0.7,1,1,1,1.0,1.0,10,1,1,0.1,0.1,1,1,1,1.0,1.0
family_ablation,qwen3.5:9b,all_crops,state_202,Waterproof_Male,0.8,1,1,1,1.0,1.0,10,1,1,0.1,0.1,1,1,1,1.0,1.0
family_ablation,qwen3.5:9b,all_crops,state_202,Waterproof_Male,0.9,1,1,1,1.0,1.0,10,1,1,0.1,0.1,1,1,1,1.0,1.0
family_ablation,qwen3.5:9b,all_crops,state_202,Waterproof_Male,0.95,1,1,1,1.0,1.0,10,1,1,0.1,0.1,1,1,1,1.0,1.0
family_ablation,qwen3.5:9b,all_crops,state_202,Waterproof_Male,0.97,1,1,1,1.0,1.0,10,1,1,0.1,0.1,1,1,1,1.0,1.0
family_ablation,qwen3.5:9b,all_crops,state_202,Waterproof_Male,0.98,1,1,1,1.0,1.0,10,1,1,0.1,0.1,1,1,1,1.0,1.0
family_ablation,qwen3.5:9b,all_crops,state_202,Waterproof_Male,0.99,1,1,1,1.0,1.0,10,1,1,0.1,0.1,1,1,1,1.0,1.0
family_ablation,qwen3.5:9b,all_crops,state_202,Waterproof_Male,0.995,1,0,0,0.0,0.0,10,1,1,0.1,0.1,1,0,0,0.0,0.0
family_ablation,qwen3.5:9b,all_crops,state_202,Waterproof_Male,0.999,1,0,0,0.0,0.0,10,0,0,0.0,0.0,1,0,0,0.0,0.0
family_ablation,qwen3.5:9b,all_crops,state_202,Waterproof_Male,0.9999,1,0,0,0.0,0.0,10,0,0,0.0,0.0,1,0,0,0.0,0.0
family_ablation,qwen3.5:9b,all_crops,state_202,Waterproof_Male,0.99999,1,0,0,0.0,0.0,10,0,0,0.0,0.0,1,0,0,0.0,0.0
family_ablation,qwen3.5:9b,all_crops,state_202,Waterproof_Male,0.999999,1,0,0,0.0,0.0,10,0,0,0.0,0.0,1,0,0,0.0,0.0
family_ablation,qwen3.5:9b,all_crops,state_202,USB_Male,0.4,1,1,1,1.0,1.0,10,0,0,0.0,0.0,1,1,1,1.0,1.0
family_ablation,qwen3.5:9b,all_crops,state_202,USB_Male,0.5,1,1,1,1.0,1.0,10,0,0,0.0,0.0,1,1,1,1.0,1.0
family_ablation,qwen3.5:9b,all_crops,state_202,USB_Male,0.6,1,1,1,1.0,1.0,10,0,0,0.0,0.0,1,1,1,1.0,1.0
family_ablation,qwen3.5:9b,all_crops,state_202,USB_Male,0.65,1,1,1,1.0,1.0,10,0,0,0.0,0.0,1,1,1,1.0,1.0
family_ablation,qwen3.5:9b,all_crops,state_202,USB_Male,0.7,1,1,1,1.0,1.0,10,0,0,0.0,0.0,1,1,1,1.0,1.0
family_ablation,qwen3.5:9b,all_crops,state_202,USB_Male,0.8,1,1,1,1.0,1.0,10,0,0,0.0,0.0,1,1,1,1.0,1.0
family_ablation,qwen3.5:9b,all_crops,state_202,USB_Male,0.9,1,1,1,1.0,1.0,10,0,0,0.0,0.0,1,1,1,1.0,1.0
family_ablation,qwen3.5:9b,all_crops,state_202,USB_Male,0.95,1,1,1,1.0,1.0,10,0,0,0.0,0.0,1,1,1,1.0,1.0
family_ablation,qwen3.5:9b,all_crops,state_202,USB_Male,0.97,1,1,1,1.0,1.0,10,0,0,0.0,0.0,1,1,1,1.0,1.0
family_ablation,qwen3.5:9b,all_crops,state_202,USB_Male,0.98,1,1,1,1.0,1.0,10,0,0,0.0,0.0,1,1,1,1.0,1.0
family_ablation,qwen3.5:9b,all_crops,state_202,USB_Male,0.99,1,0,0,0.0,0.0,10,0,0,0.0,0.0,1,0,0,0.0,0.0
family_ablation,qwen3.5:9b,all_crops,state_202,USB_Male,0.995,1,0,0,0.0,0.0,10,0,0,0.0,0.0,1,0,0,0.0,0.0
family_ablation,qwen3.5:9b,all_crops,state_202,USB_Male,0.999,1,0,0,0.0,0.0,10,0,0,0.0,0.0,1,0,0,0.0,0.0
family_ablation,qwen3.5:9b,all_crops,state_202,USB_Male,0.9999,1,0,0,0.0,0.0,10,0,0,0.0,0.0,1,0,0,0.0,0.0
family_ablation,qwen3.5:9b,all_crops,state_202,USB_Male,0.99999,1,0,0,0.0,0.0,10,0,0,0.0,0.0,1,0,0,0.0,0.0
family_ablation,qwen3.5:9b,all_crops,state_202,USB_Male,0.999999,1,0,0,0.0,0.0,10,0,0,0.0,0.0,1,0,0,0.0,0.0
family_ablation,qwen3.5:9b,all_crops,state_202,DSUB_Male,0.4,1,1,1,1.0,1.0,10,2,2,0.2,0.2,1,1,1,1.0,1.0
family_ablation,qwen3.5:9b,all_crops,state_202,DSUB_Male,0.5,1,1,1,1.0,1.0,10,2,2,0.2,0.2,1,1,1,1.0,1.0
family_ablation,qwen3.5:9b,all_crops,state_202,DSUB_Male,0.6,1,1,1,1.0,1.0,10,2,2,0.2,0.2,1,1,1,1.0,1.0
family_ablation,qwen3.5:9b,all_crops,state_202,DSUB_Male,0.65,1,1,1,1.0,1.0,10,2,2,0.2,0.2,1,1,1,1.0,1.0
family_ablation,qwen3.5:9b,all_crops,state_202,DSUB_Male,0.7,1,1,1,1.0,1.0,10,2,2,0.2,0.2,1,1,1,1.0,1.0
family_ablation,qwen3.5:9b,all_crops,state_202,DSUB_Male,0.8,1,1,1,1.0,1.0,10,1,1,0.1,0.1,1,1,1,1.0,1.0
family_ablation,qwen3.5:9b,all_crops,state_202,DSUB_Male,0.9,1,1,1,1.0,1.0,10,0,0,0.0,0.0,1,1,1,1.0,1.0
family_ablation,qwen3.5:9b,all_crops,state_202,DSUB_Male,0.95,1,1,1,1.0,1.0,10,0,0,0.0,0.0,1,1,1,1.0,1.0
family_ablation,qwen3.5:9b,all_crops,state_202,DSUB_Male,0.97,1,1,1,1.0,1.0,10,0,0,0.0,0.0,1,1,1,1.0,1.0
family_ablation,qwen3.5:9b,all_crops,state_202,DSUB_Male,0.98,1,1,1,1.0,1.0,10,0,0,0.0,0.0,1,1,1,1.0,1.0
family_ablation,qwen3.5:9b,all_crops,state_202,DSUB_Male,0.99,1,1,1,1.0,1.0,10,0,0,0.0,0.0,1,1,1,1.0,1.0
family_ablation,qwen3.5:9b,all_crops,state_202,DSUB_Male,0.995,1,0,0,0.0,0.0,10,0,0,0.0,0.0,1,0,0,0.0,0.0
family_ablation,qwen3.5:9b,all_crops,state_202,DSUB_Male,0.999,1,0,0,0.0,0.0,10,0,0,0.0,0.0,1,0,0,0.0,0.0
family_ablation,qwen3.5:9b,all_crops,state_202,DSUB_Male,0.9999,1,0,0,0.0,0.0,10,0,0,0.0,0.0,1,0,0,0.0,0.0
family_ablation,qwen3.5:9b,all_crops,state_202,DSUB_Male,0.99999,1,0,0,0.0,0.0,10,0,0,0.0,0.0,1,0,0,0.0,0.0
family_ablation,qwen3.5:9b,all_crops,state_202,DSUB_Male,0.999999,1,0,0,0.0,0.0,10,0,0,0.0,0.0,1,0,0,0.0,0.0
family_ablation,qwen3.5:9b,all_crops,state_303,gear,0.4,9,9,9,1.0,1.0,24,3,3,0.125,0.125,3,3,3,1.0,1.0
family_ablation,qwen3.5:9b,all_crops,state_303,gear,0.5,9,9,9,1.0,1.0,24,3,3,0.125,0.125,3,3,3,1.0,1.0
family_ablation,qwen3.5:9b,all_crops,state_303,gear,0.6,9,9,9,1.0,1.0,24,3,3,0.125,0.125,3,3,3,1.0,1.0
family_ablation,qwen3.5:9b,all_crops,state_303,gear,0.65,9,9,9,1.0,1.0,24,3,3,0.125,0.125,3,3,3,1.0,1.0
family_ablation,qwen3.5:9b,all_crops,state_303,gear,0.7,9,9,9,1.0,1.0,24,3,3,0.125,0.125,3,3,3,1.0,1.0
family_ablation,qwen3.5:9b,all_crops,state_303,gear,0.8,9,9,9,1.0,1.0,24,3,3,0.125,0.125,3,3,3,1.0,1.0
family_ablation,qwen3.5:9b,all_crops,state_303,gear,0.9,9,9,9,1.0,1.0,24,3,3,0.125,0.125,3,3,3,1.0,1.0
family_ablation,qwen3.5:9b,all_crops,state_303,gear,0.95,9,9,9,1.0,1.0,24,0,0,0.0,0.0,3,3,3,1.0,1.0
family_ablation,qwen3.5:9b,all_crops,state_303,gear,0.97,9,6,6,0.6666666666666666,0.6666666666666666,24,0,0,0.0,0.0,3,2,2,0.6666666666666666,0.6666666666666666
family_ablation,qwen3.5:9b,all_crops,state_303,gear,0.98,9,3,3,0.3333333333333333,0.3333333333333333,24,0,0,0.0,0.0,3,1,1,0.3333333333333333,0.3333333333333333
family_ablation,qwen3.5:9b,all_crops,state_303,gear,0.99,9,3,3,0.3333333333333333,0.3333333333333333,24,0,0,0.0,0.0,3,1,1,0.3333333333333333,0.3333333333333333
family_ablation,qwen3.5:9b,all_crops,state_303,gear,0.995,9,3,3,0.3333333333333333,0.3333333333333333,24,0,0,0.0,0.0,3,1,1,0.3333333333333333,0.3333333333333333
family_ablation,qwen3.5:9b,all_crops,state_303,gear,0.999,9,0,0,0.0,0.0,24,0,0,0.0,0.0,3,0,0,0.0,0.0
family_ablation,qwen3.5:9b,all_crops,state_303,gear,0.9999,9,0,0,0.0,0.0,24,0,0,0.0,0.0,3,0,0,0.0,0.0
family_ablation,qwen3.5:9b,all_crops,state_303,gear,0.99999,9,0,0,0.0,0.0,24,0,0,0.0,0.0,3,0,0,0.0,0.0
family_ablation,qwen3.5:9b,all_crops,state_303,gear,0.999999,9,0,0,0.0,0.0,24,0,0,0.0,0.0,3,0,0,0.0,0.0
family_ablation,qwen3.5:9b,all_crops,state_303,hex_nut,0.4,4,4,4,1.0,1.0,18,0,0,0.0,0.0,2,2,2,1.0,1.0
family_ablation,qwen3.5:9b,all_crops,state_303,hex_nut,0.5,4,4,4,1.0,1.0,18,0,0,0.0,0.0,2,2,2,1.0,1.0
family_ablation,qwen3.5:9b,all_crops,state_303,hex_nut,0.6,4,4,4,1.0,1.0,18,0,0,0.0,0.0,2,2,2,1.0,1.0
family_ablation,qwen3.5:9b,all_crops,state_303,hex_nut,0.65,4,4,4,1.0,1.0,18,0,0,0.0,0.0,2,2,2,1.0,1.0
family_ablation,qwen3.5:9b,all_crops,state_303,hex_nut,0.7,4,4,4,1.0,1.0,18,0,0,0.0,0.0,2,2,2,1.0,1.0
family_ablation,qwen3.5:9b,all_crops,state_303,hex_nut,0.8,4,4,4,1.0,1.0,18,0,0,0.0,0.0,2,2,2,1.0,1.0
family_ablation,qwen3.5:9b,all_crops,state_303,hex_nut,0.9,4,0,0,0.0,0.0,18,0,0,0.0,0.0,2,0,0,0.0,0.0
family_ablation,qwen3.5:9b,all_crops,state_303,hex_nut,0.95,4,0,0,0.0,0.0,18,0,0,0.0,0.0,2,0,0,0.0,0.0
family_ablation,qwen3.5:9b,all_crops,state_303,hex_nut,0.97,4,0,0,0.0,0.0,18,0,0,0.0,0.0,2,0,0,0.0,0.0
family_ablation,qwen3.5:9b,all_crops,state_303,hex_nut,0.98,4,0,0,0.0,0.0,18,0,0,0.0,0.0,2,0,0,0.0,0.0
family_ablation,qwen3.5:9b,all_crops,state_303,hex_nut,0.99,4,0,0,0.0,0.0,18,0,0,0.0,0.0,2,0,0,0.0,0.0
family_ablation,qwen3.5:9b,all_crops,state_303,hex_nut,0.995,4,0,0,0.0,0.0,18,0,0,0.0,0.0,2,0,0,0.0,0.0
family_ablation,qwen3.5:9b,all_crops,state_303,hex_nut,0.999,4,0,0,0.0,0.0,18,0,0,0.0,0.0,2,0,0,0.0,0.0
family_ablation,qwen3.5:9b,all_crops,state_303,hex_nut,0.9999,4,0,0,0.0,0.0,18,0,0,0.0,0.0,2,0,0,0.0,0.0
family_ablation,qwen3.5:9b,all_crops,state_303,hex_nut,0.99999,4,0,0,0.0,0.0,18,0,0,0.0,0.0,2,0,0,0.0,0.0
family_ablation,qwen3.5:9b,all_crops,state_303,hex_nut,0.999999,4,0,0,0.0,0.0,18,0,0,0.0,0.0,2,0,0,0.0,0.0
family_ablation,qwen3.5:9b,all_crops,state_303,round_pin,0.4,9,9,9,1.0,1.0,24,0,0,0.0,0.0,3,3,3,1.0,1.0
family_ablation,qwen3.5:9b,all_crops,state_303,round_pin,0.5,9,9,9,1.0,1.0,24,0,0,0.0,0.0,3,3,3,1.0,1.0
family_ablation,qwen3.5:9b,all_crops,state_303,round_pin,0.6,9,9,9,1.0,1.0,24,0,0,0.0,0.0,3,3,3,1.0,1.0
family_ablation,qwen3.5:9b,all_crops,state_303,round_pin,0.65,9,9,9,1.0,1.0,24,0,0,0.0,0.0,3,3,3,1.0,1.0
family_ablation,qwen3.5:9b,all_crops,state_303,round_pin,0.7,9,9,9,1.0,1.0,24,0,0,0.0,0.0,3,3,3,1.0,1.0
family_ablation,qwen3.5:9b,all_crops,state_303,round_pin,0.8,9,9,9,1.0,1.0,24,0,0,0.0,0.0,3,3,3,1.0,1.0
family_ablation,qwen3.5:9b,all_crops,state_303,round_pin,0.9,9,9,9,1.0,1.0,24,0,0,0.0,0.0,3,3,3,1.0,1.0
family_ablation,qwen3.5:9b,all_crops,state_303,round_pin,0.95,9,9,9,1.0,1.0,24,0,0,0.0,0.0,3,3,3,1.0,1.0
family_ablation,qwen3.5:9b,all_crops,state_303,round_pin,0.97,9,9,9,1.0,1.0,24,0,0,0.0,0.0,3,3,3,1.0,1.0
family_ablation,qwen3.5:9b,all_crops,state_303,round_pin,0.98,9,9,9,1.0,1.0,24,0,0,0.0,0.0,3,3,3,1.0,1.0
family_ablation,qwen3.5:9b,all_crops,state_303,round_pin,0.99,9,9,9,1.0,1.0,24,0,0,0.0,0.0,3,3,3,1.0,1.0
family_ablation,qwen3.5:9b,all_crops,state_303,round_pin,0.995,9,3,3,0.3333333333333333,0.3333333333333333,24,0,0,0.0,0.0,3,1,1,0.3333333333333333,0.3333333333333333
family_ablation,qwen3.5:9b,all_crops,state_303,round_pin,0.999,9,0,0,0.0,0.0,24,0,0,0.0,0.0,3,0,0,0.0,0.0
family_ablation,qwen3.5:9b,all_crops,state_303,round_pin,0.9999,9,0,0,0.0,0.0,24,0,0,0.0,0.0,3,0,0,0.0,0.0
family_ablation,qwen3.5:9b,all_crops,state_303,round_pin,0.99999,9,0,0,0.0,0.0,24,0,0,0.0,0.0,3,0,0,0.0,0.0
family_ablation,qwen3.5:9b,all_crops,state_303,round_pin,0.999999,9,0,0,0.0,0.0,24,0,0,0.0,0.0,3,0,0,0.0,0.0
family_ablation,qwen3.5:9b,all_crops,state_303,Waterproof_Male,0.4,1,1,1,1.0,1.0,10,2,2,0.2,0.2,1,1,1,1.0,1.0
family_ablation,qwen3.5:9b,all_crops,state_303,Waterproof_Male,0.5,1,1,1,1.0,1.0,10,2,2,0.2,0.2,1,1,1,1.0,1.0
family_ablation,qwen3.5:9b,all_crops,state_303,Waterproof_Male,0.6,1,1,1,1.0,1.0,10,2,2,0.2,0.2,1,1,1,1.0,1.0
family_ablation,qwen3.5:9b,all_crops,state_303,Waterproof_Male,0.65,1,1,1,1.0,1.0,10,2,2,0.2,0.2,1,1,1,1.0,1.0
family_ablation,qwen3.5:9b,all_crops,state_303,Waterproof_Male,0.7,1,1,1,1.0,1.0,10,2,2,0.2,0.2,1,1,1,1.0,1.0
family_ablation,qwen3.5:9b,all_crops,state_303,Waterproof_Male,0.8,1,1,1,1.0,1.0,10,2,2,0.2,0.2,1,1,1,1.0,1.0
family_ablation,qwen3.5:9b,all_crops,state_303,Waterproof_Male,0.9,1,1,1,1.0,1.0,10,2,2,0.2,0.2,1,1,1,1.0,1.0
family_ablation,qwen3.5:9b,all_crops,state_303,Waterproof_Male,0.95,1,1,1,1.0,1.0,10,2,2,0.2,0.2,1,1,1,1.0,1.0
family_ablation,qwen3.5:9b,all_crops,state_303,Waterproof_Male,0.97,1,1,1,1.0,1.0,10,1,1,0.1,0.1,1,1,1,1.0,1.0
family_ablation,qwen3.5:9b,all_crops,state_303,Waterproof_Male,0.98,1,1,1,1.0,1.0,10,1,1,0.1,0.1,1,1,1,1.0,1.0
family_ablation,qwen3.5:9b,all_crops,state_303,Waterproof_Male,0.99,1,1,1,1.0,1.0,10,1,1,0.1,0.1,1,1,1,1.0,1.0
family_ablation,qwen3.5:9b,all_crops,state_303,Waterproof_Male,0.995,1,0,0,0.0,0.0,10,1,1,0.1,0.1,1,0,0,0.0,0.0
family_ablation,qwen3.5:9b,all_crops,state_303,Waterproof_Male,0.999,1,0,0,0.0,0.0,10,0,0,0.0,0.0,1,0,0,0.0,0.0
family_ablation,qwen3.5:9b,all_crops,state_303,Waterproof_Male,0.9999,1,0,0,0.0,0.0,10,0,0,0.0,0.0,1,0,0,0.0,0.0
family_ablation,qwen3.5:9b,all_crops,state_303,Waterproof_Male,0.99999,1,0,0,0.0,0.0,10,0,0,0.0,0.0,1,0,0,0.0,0.0
family_ablation,qwen3.5:9b,all_crops,state_303,Waterproof_Male,0.999999,1,0,0,0.0,0.0,10,0,0,0.0,0.0,1,0,0,0.0,0.0
family_ablation,qwen3.5:9b,all_crops,state_303,USB_Male,0.4,1,1,1,1.0,1.0,10,0,0,0.0,0.0,1,1,1,1.0,1.0
family_ablation,qwen3.5:9b,all_crops,state_303,USB_Male,0.5,1,1,1,1.0,1.0,10,0,0,0.0,0.0,1,1,1,1.0,1.0
family_ablation,qwen3.5:9b,all_crops,state_303,USB_Male,0.6,1,1,1,1.0,1.0,10,0,0,0.0,0.0,1,1,1,1.0,1.0
family_ablation,qwen3.5:9b,all_crops,state_303,USB_Male,0.65,1,1,1,1.0,1.0,10,0,0,0.0,0.0,1,1,1,1.0,1.0
family_ablation,qwen3.5:9b,all_crops,state_303,USB_Male,0.7,1,1,1,1.0,1.0,10,0,0,0.0,0.0,1,1,1,1.0,1.0
family_ablation,qwen3.5:9b,all_crops,state_303,USB_Male,0.8,1,1,1,1.0,1.0,10,0,0,0.0,0.0,1,1,1,1.0,1.0
family_ablation,qwen3.5:9b,all_crops,state_303,USB_Male,0.9,1,1,1,1.0,1.0,10,0,0,0.0,0.0,1,1,1,1.0,1.0
family_ablation,qwen3.5:9b,all_crops,state_303,USB_Male,0.95,1,1,1,1.0,1.0,10,0,0,0.0,0.0,1,1,1,1.0,1.0
family_ablation,qwen3.5:9b,all_crops,state_303,USB_Male,0.97,1,1,1,1.0,1.0,10,0,0,0.0,0.0,1,1,1,1.0,1.0
family_ablation,qwen3.5:9b,all_crops,state_303,USB_Male,0.98,1,1,1,1.0,1.0,10,0,0,0.0,0.0,1,1,1,1.0,1.0
family_ablation,qwen3.5:9b,all_crops,state_303,USB_Male,0.99,1,0,0,0.0,0.0,10,0,0,0.0,0.0,1,0,0,0.0,0.0
family_ablation,qwen3.5:9b,all_crops,state_303,USB_Male,0.995,1,0,0,0.0,0.0,10,0,0,0.0,0.0,1,0,0,0.0,0.0
family_ablation,qwen3.5:9b,all_crops,state_303,USB_Male,0.999,1,0,0,0.0,0.0,10,0,0,0.0,0.0,1,0,0,0.0,0.0
family_ablation,qwen3.5:9b,all_crops,state_303,USB_Male,0.9999,1,0,0,0.0,0.0,10,0,0,0.0,0.0,1,0,0,0.0,0.0
family_ablation,qwen3.5:9b,all_crops,state_303,USB_Male,0.99999,1,0,0,0.0,0.0,10,0,0,0.0,0.0,1,0,0,0.0,0.0
family_ablation,qwen3.5:9b,all_crops,state_303,USB_Male,0.999999,1,0,0,0.0,0.0,10,0,0,0.0,0.0,1,0,0,0.0,0.0
family_ablation,qwen3.5:9b,all_crops,state_303,DSUB_Male,0.4,1,1,1,1.0,1.0,10,2,2,0.2,0.2,1,1,1,1.0,1.0
family_ablation,qwen3.5:9b,all_crops,state_303,DSUB_Male,0.5,1,1,1,1.0,1.0,10,2,2,0.2,0.2,1,1,1,1.0,1.0
family_ablation,qwen3.5:9b,all_crops,state_303,DSUB_Male,0.6,1,1,1,1.0,1.0,10,1,1,0.1,0.1,1,1,1,1.0,1.0
family_ablation,qwen3.5:9b,all_crops,state_303,DSUB_Male,0.65,1,1,1,1.0,1.0,10,1,1,0.1,0.1,1,1,1,1.0,1.0
family_ablation,qwen3.5:9b,all_crops,state_303,DSUB_Male,0.7,1,1,1,1.0,1.0,10,1,1,0.1,0.1,1,1,1,1.0,1.0
family_ablation,qwen3.5:9b,all_crops,state_303,DSUB_Male,0.8,1,1,1,1.0,1.0,10,1,1,0.1,0.1,1,1,1,1.0,1.0
family_ablation,qwen3.5:9b,all_crops,state_303,DSUB_Male,0.9,1,1,1,1.0,1.0,10,0,0,0.0,0.0,1,1,1,1.0,1.0
family_ablation,qwen3.5:9b,all_crops,state_303,DSUB_Male,0.95,1,1,1,1.0,1.0,10,0,0,0.0,0.0,1,1,1,1.0,1.0
family_ablation,qwen3.5:9b,all_crops,state_303,DSUB_Male,0.97,1,1,1,1.0,1.0,10,0,0,0.0,0.0,1,1,1,1.0,1.0
family_ablation,qwen3.5:9b,all_crops,state_303,DSUB_Male,0.98,1,0,0,0.0,0.0,10,0,0,0.0,0.0,1,0,0,0.0,0.0
family_ablation,qwen3.5:9b,all_crops,state_303,DSUB_Male,0.99,1,0,0,0.0,0.0,10,0,0,0.0,0.0,1,0,0,0.0,0.0
family_ablation,qwen3.5:9b,all_crops,state_303,DSUB_Male,0.995,1,0,0,0.0,0.0,10,0,0,0.0,0.0,1,0,0,0.0,0.0
family_ablation,qwen3.5:9b,all_crops,state_303,DSUB_Male,0.999,1,0,0,0.0,0.0,10,0,0,0.0,0.0,1,0,0,0.0,0.0
family_ablation,qwen3.5:9b,all_crops,state_303,DSUB_Male,0.9999,1,0,0,0.0,0.0,10,0,0,0.0,0.0,1,0,0,0.0,0.0
family_ablation,qwen3.5:9b,all_crops,state_303,DSUB_Male,0.99999,1,0,0,0.0,0.0,10,0,0,0.0,0.0,1,0,0,0.0,0.0
family_ablation,qwen3.5:9b,all_crops,state_303,DSUB_Male,0.999999,1,0,0,0.0,0.0,10,0,0,0.0,0.0,1,0,0,0.0,0.0
family_ablation,qwen3.5:9b,all_crops,all,gear,0.4,36,36,36,1.0,1.0,96,15,15,0.15625,0.15625,12,12,12,1.0,1.0
family_ablation,qwen3.5:9b,all_crops,all,gear,0.5,36,36,36,1.0,1.0,96,15,15,0.15625,0.15625,12,12,12,1.0,1.0
family_ablation,qwen3.5:9b,all_crops,all,gear,0.6,36,36,36,1.0,1.0,96,12,12,0.125,0.125,12,12,12,1.0,1.0
family_ablation,qwen3.5:9b,all_crops,all,gear,0.65,36,36,36,1.0,1.0,96,9,9,0.09375,0.09375,12,12,12,1.0,1.0
family_ablation,qwen3.5:9b,all_crops,all,gear,0.7,36,36,36,1.0,1.0,96,9,9,0.09375,0.09375,12,12,12,1.0,1.0
family_ablation,qwen3.5:9b,all_crops,all,gear,0.8,36,36,36,1.0,1.0,96,3,3,0.03125,0.03125,12,12,12,1.0,1.0
family_ablation,qwen3.5:9b,all_crops,all,gear,0.9,36,33,33,0.9166666666666666,0.9166666666666666,96,3,3,0.03125,0.03125,12,11,11,0.9166666666666666,0.9166666666666666
family_ablation,qwen3.5:9b,all_crops,all,gear,0.95,36,33,33,0.9166666666666666,0.9166666666666666,96,0,0,0.0,0.0,12,11,11,0.9166666666666666,0.9166666666666666
family_ablation,qwen3.5:9b,all_crops,all,gear,0.97,36,27,27,0.75,0.75,96,0,0,0.0,0.0,12,9,9,0.75,0.75
family_ablation,qwen3.5:9b,all_crops,all,gear,0.98,36,21,21,0.5833333333333334,0.5833333333333334,96,0,0,0.0,0.0,12,7,7,0.5833333333333334,0.5833333333333334
family_ablation,qwen3.5:9b,all_crops,all,gear,0.99,36,18,18,0.5,0.5,96,0,0,0.0,0.0,12,6,6,0.5,0.5
family_ablation,qwen3.5:9b,all_crops,all,gear,0.995,36,9,9,0.25,0.25,96,0,0,0.0,0.0,12,3,3,0.25,0.25
family_ablation,qwen3.5:9b,all_crops,all,gear,0.999,36,0,0,0.0,0.0,96,0,0,0.0,0.0,12,0,0,0.0,0.0
family_ablation,qwen3.5:9b,all_crops,all,gear,0.9999,36,0,0,0.0,0.0,96,0,0,0.0,0.0,12,0,0,0.0,0.0
family_ablation,qwen3.5:9b,all_crops,all,gear,0.99999,36,0,0,0.0,0.0,96,0,0,0.0,0.0,12,0,0,0.0,0.0
family_ablation,qwen3.5:9b,all_crops,all,gear,0.999999,36,0,0,0.0,0.0,96,0,0,0.0,0.0,12,0,0,0.0,0.0
family_ablation,qwen3.5:9b,all_crops,all,hex_nut,0.4,16,16,16,1.0,1.0,72,0,0,0.0,0.0,8,8,8,1.0,1.0
family_ablation,qwen3.5:9b,all_crops,all,hex_nut,0.5,16,16,16,1.0,1.0,72,0,0,0.0,0.0,8,8,8,1.0,1.0
family_ablation,qwen3.5:9b,all_crops,all,hex_nut,0.6,16,16,16,1.0,1.0,72,0,0,0.0,0.0,8,8,8,1.0,1.0
family_ablation,qwen3.5:9b,all_crops,all,hex_nut,0.65,16,16,16,1.0,1.0,72,0,0,0.0,0.0,8,8,8,1.0,1.0
family_ablation,qwen3.5:9b,all_crops,all,hex_nut,0.7,16,16,16,1.0,1.0,72,0,0,0.0,0.0,8,8,8,1.0,1.0
family_ablation,qwen3.5:9b,all_crops,all,hex_nut,0.8,16,16,16,1.0,1.0,72,0,0,0.0,0.0,8,8,8,1.0,1.0
family_ablation,qwen3.5:9b,all_crops,all,hex_nut,0.9,16,6,6,0.375,0.375,72,0,0,0.0,0.0,8,3,3,0.375,0.375
family_ablation,qwen3.5:9b,all_crops,all,hex_nut,0.95,16,2,2,0.125,0.125,72,0,0,0.0,0.0,8,1,1,0.125,0.125
family_ablation,qwen3.5:9b,all_crops,all,hex_nut,0.97,16,0,0,0.0,0.0,72,0,0,0.0,0.0,8,0,0,0.0,0.0
family_ablation,qwen3.5:9b,all_crops,all,hex_nut,0.98,16,0,0,0.0,0.0,72,0,0,0.0,0.0,8,0,0,0.0,0.0
family_ablation,qwen3.5:9b,all_crops,all,hex_nut,0.99,16,0,0,0.0,0.0,72,0,0,0.0,0.0,8,0,0,0.0,0.0
family_ablation,qwen3.5:9b,all_crops,all,hex_nut,0.995,16,0,0,0.0,0.0,72,0,0,0.0,0.0,8,0,0,0.0,0.0
family_ablation,qwen3.5:9b,all_crops,all,hex_nut,0.999,16,0,0,0.0,0.0,72,0,0,0.0,0.0,8,0,0,0.0,0.0
family_ablation,qwen3.5:9b,all_crops,all,hex_nut,0.9999,16,0,0,0.0,0.0,72,0,0,0.0,0.0,8,0,0,0.0,0.0
family_ablation,qwen3.5:9b,all_crops,all,hex_nut,0.99999,16,0,0,0.0,0.0,72,0,0,0.0,0.0,8,0,0,0.0,0.0
family_ablation,qwen3.5:9b,all_crops,all,hex_nut,0.999999,16,0,0,0.0,0.0,72,0,0,0.0,0.0,8,0,0,0.0,0.0
family_ablation,qwen3.5:9b,all_crops,all,round_pin,0.4,36,36,36,1.0,1.0,96,12,12,0.125,0.125,12,12,12,1.0,1.0
family_ablation,qwen3.5:9b,all_crops,all,round_pin,0.5,36,36,36,1.0,1.0,96,6,6,0.0625,0.0625,12,12,12,1.0,1.0
family_ablation,qwen3.5:9b,all_crops,all,round_pin,0.6,36,36,36,1.0,1.0,96,3,3,0.03125,0.03125,12,12,12,1.0,1.0
family_ablation,qwen3.5:9b,all_crops,all,round_pin,0.65,36,36,36,1.0,1.0,96,3,3,0.03125,0.03125,12,12,12,1.0,1.0
family_ablation,qwen3.5:9b,all_crops,all,round_pin,0.7,36,36,36,1.0,1.0,96,3,3,0.03125,0.03125,12,12,12,1.0,1.0
family_ablation,qwen3.5:9b,all_crops,all,round_pin,0.8,36,36,36,1.0,1.0,96,0,0,0.0,0.0,12,12,12,1.0,1.0
family_ablation,qwen3.5:9b,all_crops,all,round_pin,0.9,36,36,36,1.0,1.0,96,0,0,0.0,0.0,12,12,12,1.0,1.0
family_ablation,qwen3.5:9b,all_crops,all,round_pin,0.95,36,36,36,1.0,1.0,96,0,0,0.0,0.0,12,12,12,1.0,1.0
family_ablation,qwen3.5:9b,all_crops,all,round_pin,0.97,36,36,36,1.0,1.0,96,0,0,0.0,0.0,12,12,12,1.0,1.0
family_ablation,qwen3.5:9b,all_crops,all,round_pin,0.98,36,33,33,0.9166666666666666,0.9166666666666666,96,0,0,0.0,0.0,12,11,11,0.9166666666666666,0.9166666666666666
family_ablation,qwen3.5:9b,all_crops,all,round_pin,0.99,36,27,27,0.75,0.75,96,0,0,0.0,0.0,12,9,9,0.75,0.75
family_ablation,qwen3.5:9b,all_crops,all,round_pin,0.995,36,6,6,0.16666666666666666,0.16666666666666666,96,0,0,0.0,0.0,12,2,2,0.16666666666666666,0.16666666666666666
family_ablation,qwen3.5:9b,all_crops,all,round_pin,0.999,36,0,0,0.0,0.0,96,0,0,0.0,0.0,12,0,0,0.0,0.0
family_ablation,qwen3.5:9b,all_crops,all,round_pin,0.9999,36,0,0,0.0,0.0,96,0,0,0.0,0.0,12,0,0,0.0,0.0
family_ablation,qwen3.5:9b,all_crops,all,round_pin,0.99999,36,0,0,0.0,0.0,96,0,0,0.0,0.0,12,0,0,0.0,0.0
family_ablation,qwen3.5:9b,all_crops,all,round_pin,0.999999,36,0,0,0.0,0.0,96,0,0,0.0,0.0,12,0,0,0.0,0.0
family_ablation,qwen3.5:9b,all_crops,all,Waterproof_Male,0.4,4,4,4,1.0,1.0,40,9,9,0.225,0.225,4,4,4,1.0,1.0
family_ablation,qwen3.5:9b,all_crops,all,Waterproof_Male,0.5,4,4,4,1.0,1.0,40,8,8,0.2,0.2,4,4,4,1.0,1.0
family_ablation,qwen3.5:9b,all_crops,all,Waterproof_Male,0.6,4,4,4,1.0,1.0,40,5,5,0.125,0.125,4,4,4,1.0,1.0
family_ablation,qwen3.5:9b,all_crops,all,Waterproof_Male,0.65,4,4,4,1.0,1.0,40,5,5,0.125,0.125,4,4,4,1.0,1.0
family_ablation,qwen3.5:9b,all_crops,all,Waterproof_Male,0.7,4,4,4,1.0,1.0,40,5,5,0.125,0.125,4,4,4,1.0,1.0
family_ablation,qwen3.5:9b,all_crops,all,Waterproof_Male,0.8,4,4,4,1.0,1.0,40,5,5,0.125,0.125,4,4,4,1.0,1.0
family_ablation,qwen3.5:9b,all_crops,all,Waterproof_Male,0.9,4,4,4,1.0,1.0,40,4,4,0.1,0.1,4,4,4,1.0,1.0
family_ablation,qwen3.5:9b,all_crops,all,Waterproof_Male,0.95,4,4,4,1.0,1.0,40,3,3,0.075,0.075,4,4,4,1.0,1.0
family_ablation,qwen3.5:9b,all_crops,all,Waterproof_Male,0.97,4,4,4,1.0,1.0,40,2,2,0.05,0.05,4,4,4,1.0,1.0
family_ablation,qwen3.5:9b,all_crops,all,Waterproof_Male,0.98,4,4,4,1.0,1.0,40,2,2,0.05,0.05,4,4,4,1.0,1.0
family_ablation,qwen3.5:9b,all_crops,all,Waterproof_Male,0.99,4,4,4,1.0,1.0,40,2,2,0.05,0.05,4,4,4,1.0,1.0
family_ablation,qwen3.5:9b,all_crops,all,Waterproof_Male,0.995,4,2,2,0.5,0.5,40,2,2,0.05,0.05,4,2,2,0.5,0.5
family_ablation,qwen3.5:9b,all_crops,all,Waterproof_Male,0.999,4,0,0,0.0,0.0,40,0,0,0.0,0.0,4,0,0,0.0,0.0
family_ablation,qwen3.5:9b,all_crops,all,Waterproof_Male,0.9999,4,0,0,0.0,0.0,40,0,0,0.0,0.0,4,0,0,0.0,0.0
family_ablation,qwen3.5:9b,all_crops,all,Waterproof_Male,0.99999,4,0,0,0.0,0.0,40,0,0,0.0,0.0,4,0,0,0.0,0.0
family_ablation,qwen3.5:9b,all_crops,all,Waterproof_Male,0.999999,4,0,0,0.0,0.0,40,0,0,0.0,0.0,4,0,0,0.0,0.0
family_ablation,qwen3.5:9b,all_crops,all,USB_Male,0.4,4,4,4,1.0,1.0,40,0,0,0.0,0.0,4,4,4,1.0,1.0
family_ablation,qwen3.5:9b,all_crops,all,USB_Male,0.5,4,4,4,1.0,1.0,40,0,0,0.0,0.0,4,4,4,1.0,1.0
family_ablation,qwen3.5:9b,all_crops,all,USB_Male,0.6,4,4,4,1.0,1.0,40,0,0,0.0,0.0,4,4,4,1.0,1.0
family_ablation,qwen3.5:9b,all_crops,all,USB_Male,0.65,4,4,4,1.0,1.0,40,0,0,0.0,0.0,4,4,4,1.0,1.0
family_ablation,qwen3.5:9b,all_crops,all,USB_Male,0.7,4,4,4,1.0,1.0,40,0,0,0.0,0.0,4,4,4,1.0,1.0
family_ablation,qwen3.5:9b,all_crops,all,USB_Male,0.8,4,4,4,1.0,1.0,40,0,0,0.0,0.0,4,4,4,1.0,1.0
family_ablation,qwen3.5:9b,all_crops,all,USB_Male,0.9,4,4,4,1.0,1.0,40,0,0,0.0,0.0,4,4,4,1.0,1.0
family_ablation,qwen3.5:9b,all_crops,all,USB_Male,0.95,4,4,4,1.0,1.0,40,0,0,0.0,0.0,4,4,4,1.0,1.0
family_ablation,qwen3.5:9b,all_crops,all,USB_Male,0.97,4,4,4,1.0,1.0,40,0,0,0.0,0.0,4,4,4,1.0,1.0
family_ablation,qwen3.5:9b,all_crops,all,USB_Male,0.98,4,4,4,1.0,1.0,40,0,0,0.0,0.0,4,4,4,1.0,1.0
family_ablation,qwen3.5:9b,all_crops,all,USB_Male,0.99,4,1,1,0.25,0.25,40,0,0,0.0,0.0,4,1,1,0.25,0.25
family_ablation,qwen3.5:9b,all_crops,all,USB_Male,0.995,4,0,0,0.0,0.0,40,0,0,0.0,0.0,4,0,0,0.0,0.0
family_ablation,qwen3.5:9b,all_crops,all,USB_Male,0.999,4,0,0,0.0,0.0,40,0,0,0.0,0.0,4,0,0,0.0,0.0
family_ablation,qwen3.5:9b,all_crops,all,USB_Male,0.9999,4,0,0,0.0,0.0,40,0,0,0.0,0.0,4,0,0,0.0,0.0
family_ablation,qwen3.5:9b,all_crops,all,USB_Male,0.99999,4,0,0,0.0,0.0,40,0,0,0.0,0.0,4,0,0,0.0,0.0
family_ablation,qwen3.5:9b,all_crops,all,USB_Male,0.999999,4,0,0,0.0,0.0,40,0,0,0.0,0.0,4,0,0,0.0,0.0
family_ablation,qwen3.5:9b,all_crops,all,DSUB_Male,0.4,4,4,4,1.0,1.0,40,8,8,0.2,0.2,4,4,4,1.0,1.0
family_ablation,qwen3.5:9b,all_crops,all,DSUB_Male,0.5,4,4,4,1.0,1.0,40,8,8,0.2,0.2,4,4,4,1.0,1.0
family_ablation,qwen3.5:9b,all_crops,all,DSUB_Male,0.6,4,4,4,1.0,1.0,40,7,7,0.175,0.175,4,4,4,1.0,1.0
family_ablation,qwen3.5:9b,all_crops,all,DSUB_Male,0.65,4,4,4,1.0,1.0,40,7,7,0.175,0.175,4,4,4,1.0,1.0
family_ablation,qwen3.5:9b,all_crops,all,DSUB_Male,0.7,4,4,4,1.0,1.0,40,6,6,0.15,0.15,4,4,4,1.0,1.0
family_ablation,qwen3.5:9b,all_crops,all,DSUB_Male,0.8,4,4,4,1.0,1.0,40,3,3,0.075,0.075,4,4,4,1.0,1.0
family_ablation,qwen3.5:9b,all_crops,all,DSUB_Male,0.9,4,4,4,1.0,1.0,40,0,0,0.0,0.0,4,4,4,1.0,1.0
family_ablation,qwen3.5:9b,all_crops,all,DSUB_Male,0.95,4,4,4,1.0,1.0,40,0,0,0.0,0.0,4,4,4,1.0,1.0
family_ablation,qwen3.5:9b,all_crops,all,DSUB_Male,0.97,4,4,4,1.0,1.0,40,0,0,0.0,0.0,4,4,4,1.0,1.0
family_ablation,qwen3.5:9b,all_crops,all,DSUB_Male,0.98,4,3,3,0.75,0.75,40,0,0,0.0,0.0,4,3,3,0.75,0.75
family_ablation,qwen3.5:9b,all_crops,all,DSUB_Male,0.99,4,1,1,0.25,0.25,40,0,0,0.0,0.0,4,1,1,0.25,0.25
family_ablation,qwen3.5:9b,all_crops,all,DSUB_Male,0.995,4,0,0,0.0,0.0,40,0,0,0.0,0.0,4,0,0,0.0,0.0
family_ablation,qwen3.5:9b,all_crops,all,DSUB_Male,0.999,4,0,0,0.0,0.0,40,0,0,0.0,0.0,4,0,0,0.0,0.0
family_ablation,qwen3.5:9b,all_crops,all,DSUB_Male,0.9999,4,0,0,0.0,0.0,40,0,0,0.0,0.0,4,0,0,0.0,0.0
family_ablation,qwen3.5:9b,all_crops,all,DSUB_Male,0.99999,4,0,0,0.0,0.0,40,0,0,0.0,0.0,4,0,0,0.0,0.0
family_ablation,qwen3.5:9b,all_crops,all,DSUB_Male,0.999999,4,0,0,0.0,0.0,40,0,0,0.0,0.0,4,0,0,0.0,0.0
family_ablation,qwen3.5:9b,autonomous_depth_only,original,gear,0.4,9,9,9,1.0,1.0,24,6,6,0.25,0.25,3,3,3,1.0,1.0
family_ablation,qwen3.5:9b,autonomous_depth_only,original,gear,0.5,9,9,9,1.0,1.0,24,6,6,0.25,0.25,3,3,3,1.0,1.0
family_ablation,qwen3.5:9b,autonomous_depth_only,original,gear,0.6,9,9,9,1.0,1.0,24,3,3,0.125,0.125,3,3,3,1.0,1.0
family_ablation,qwen3.5:9b,autonomous_depth_only,original,gear,0.65,9,9,9,1.0,1.0,24,0,0,0.0,0.0,3,3,3,1.0,1.0
family_ablation,qwen3.5:9b,autonomous_depth_only,original,gear,0.7,9,9,9,1.0,1.0,24,0,0,0.0,0.0,3,3,3,1.0,1.0
family_ablation,qwen3.5:9b,autonomous_depth_only,original,gear,0.8,9,9,9,1.0,1.0,24,0,0,0.0,0.0,3,3,3,1.0,1.0
family_ablation,qwen3.5:9b,autonomous_depth_only,original,gear,0.9,9,9,9,1.0,1.0,24,0,0,0.0,0.0,3,3,3,1.0,1.0
family_ablation,qwen3.5:9b,autonomous_depth_only,original,gear,0.95,9,9,9,1.0,1.0,24,0,0,0.0,0.0,3,3,3,1.0,1.0
family_ablation,qwen3.5:9b,autonomous_depth_only,original,gear,0.97,9,9,9,1.0,1.0,24,0,0,0.0,0.0,3,3,3,1.0,1.0
family_ablation,qwen3.5:9b,autonomous_depth_only,original,gear,0.98,9,6,6,0.6666666666666666,0.6666666666666666,24,0,0,0.0,0.0,3,2,2,0.6666666666666666,0.6666666666666666
family_ablation,qwen3.5:9b,autonomous_depth_only,original,gear,0.99,9,3,3,0.3333333333333333,0.3333333333333333,24,0,0,0.0,0.0,3,1,1,0.3333333333333333,0.3333333333333333
family_ablation,qwen3.5:9b,autonomous_depth_only,original,gear,0.995,9,0,0,0.0,0.0,24,0,0,0.0,0.0,3,0,0,0.0,0.0
family_ablation,qwen3.5:9b,autonomous_depth_only,original,gear,0.999,9,0,0,0.0,0.0,24,0,0,0.0,0.0,3,0,0,0.0,0.0
family_ablation,qwen3.5:9b,autonomous_depth_only,original,gear,0.9999,9,0,0,0.0,0.0,24,0,0,0.0,0.0,3,0,0,0.0,0.0
family_ablation,qwen3.5:9b,autonomous_depth_only,original,gear,0.99999,9,0,0,0.0,0.0,24,0,0,0.0,0.0,3,0,0,0.0,0.0
family_ablation,qwen3.5:9b,autonomous_depth_only,original,gear,0.999999,9,0,0,0.0,0.0,24,0,0,0.0,0.0,3,0,0,0.0,0.0
family_ablation,qwen3.5:9b,autonomous_depth_only,original,hex_nut,0.4,4,4,4,1.0,1.0,18,0,0,0.0,0.0,2,2,2,1.0,1.0
family_ablation,qwen3.5:9b,autonomous_depth_only,original,hex_nut,0.5,4,4,4,1.0,1.0,18,0,0,0.0,0.0,2,2,2,1.0,1.0
family_ablation,qwen3.5:9b,autonomous_depth_only,original,hex_nut,0.6,4,4,4,1.0,1.0,18,0,0,0.0,0.0,2,2,2,1.0,1.0
family_ablation,qwen3.5:9b,autonomous_depth_only,original,hex_nut,0.65,4,4,4,1.0,1.0,18,0,0,0.0,0.0,2,2,2,1.0,1.0
family_ablation,qwen3.5:9b,autonomous_depth_only,original,hex_nut,0.7,4,4,4,1.0,1.0,18,0,0,0.0,0.0,2,2,2,1.0,1.0
family_ablation,qwen3.5:9b,autonomous_depth_only,original,hex_nut,0.8,4,4,4,1.0,1.0,18,0,0,0.0,0.0,2,2,2,1.0,1.0
family_ablation,qwen3.5:9b,autonomous_depth_only,original,hex_nut,0.9,4,2,2,0.5,0.5,18,0,0,0.0,0.0,2,1,1,0.5,0.5
family_ablation,qwen3.5:9b,autonomous_depth_only,original,hex_nut,0.95,4,0,0,0.0,0.0,18,0,0,0.0,0.0,2,0,0,0.0,0.0
family_ablation,qwen3.5:9b,autonomous_depth_only,original,hex_nut,0.97,4,0,0,0.0,0.0,18,0,0,0.0,0.0,2,0,0,0.0,0.0
family_ablation,qwen3.5:9b,autonomous_depth_only,original,hex_nut,0.98,4,0,0,0.0,0.0,18,0,0,0.0,0.0,2,0,0,0.0,0.0
family_ablation,qwen3.5:9b,autonomous_depth_only,original,hex_nut,0.99,4,0,0,0.0,0.0,18,0,0,0.0,0.0,2,0,0,0.0,0.0
family_ablation,qwen3.5:9b,autonomous_depth_only,original,hex_nut,0.995,4,0,0,0.0,0.0,18,0,0,0.0,0.0,2,0,0,0.0,0.0
family_ablation,qwen3.5:9b,autonomous_depth_only,original,hex_nut,0.999,4,0,0,0.0,0.0,18,0,0,0.0,0.0,2,0,0,0.0,0.0
family_ablation,qwen3.5:9b,autonomous_depth_only,original,hex_nut,0.9999,4,0,0,0.0,0.0,18,0,0,0.0,0.0,2,0,0,0.0,0.0
family_ablation,qwen3.5:9b,autonomous_depth_only,original,hex_nut,0.99999,4,0,0,0.0,0.0,18,0,0,0.0,0.0,2,0,0,0.0,0.0
family_ablation,qwen3.5:9b,autonomous_depth_only,original,hex_nut,0.999999,4,0,0,0.0,0.0,18,0,0,0.0,0.0,2,0,0,0.0,0.0
family_ablation,qwen3.5:9b,autonomous_depth_only,original,round_pin,0.4,9,9,9,1.0,1.0,24,3,3,0.125,0.125,3,3,3,1.0,1.0
family_ablation,qwen3.5:9b,autonomous_depth_only,original,round_pin,0.5,9,9,9,1.0,1.0,24,0,0,0.0,0.0,3,3,3,1.0,1.0
family_ablation,qwen3.5:9b,autonomous_depth_only,original,round_pin,0.6,9,9,9,1.0,1.0,24,0,0,0.0,0.0,3,3,3,1.0,1.0
family_ablation,qwen3.5:9b,autonomous_depth_only,original,round_pin,0.65,9,9,9,1.0,1.0,24,0,0,0.0,0.0,3,3,3,1.0,1.0
family_ablation,qwen3.5:9b,autonomous_depth_only,original,round_pin,0.7,9,9,9,1.0,1.0,24,0,0,0.0,0.0,3,3,3,1.0,1.0
family_ablation,qwen3.5:9b,autonomous_depth_only,original,round_pin,0.8,9,9,9,1.0,1.0,24,0,0,0.0,0.0,3,3,3,1.0,1.0
family_ablation,qwen3.5:9b,autonomous_depth_only,original,round_pin,0.9,9,9,9,1.0,1.0,24,0,0,0.0,0.0,3,3,3,1.0,1.0
family_ablation,qwen3.5:9b,autonomous_depth_only,original,round_pin,0.95,9,9,9,1.0,1.0,24,0,0,0.0,0.0,3,3,3,1.0,1.0
family_ablation,qwen3.5:9b,autonomous_depth_only,original,round_pin,0.97,9,9,9,1.0,1.0,24,0,0,0.0,0.0,3,3,3,1.0,1.0
family_ablation,qwen3.5:9b,autonomous_depth_only,original,round_pin,0.98,9,9,9,1.0,1.0,24,0,0,0.0,0.0,3,3,3,1.0,1.0
family_ablation,qwen3.5:9b,autonomous_depth_only,original,round_pin,0.99,9,9,9,1.0,1.0,24,0,0,0.0,0.0,3,3,3,1.0,1.0
family_ablation,qwen3.5:9b,autonomous_depth_only,original,round_pin,0.995,9,3,3,0.3333333333333333,0.3333333333333333,24,0,0,0.0,0.0,3,1,1,0.3333333333333333,0.3333333333333333
family_ablation,qwen3.5:9b,autonomous_depth_only,original,round_pin,0.999,9,0,0,0.0,0.0,24,0,0,0.0,0.0,3,0,0,0.0,0.0
family_ablation,qwen3.5:9b,autonomous_depth_only,original,round_pin,0.9999,9,0,0,0.0,0.0,24,0,0,0.0,0.0,3,0,0,0.0,0.0
family_ablation,qwen3.5:9b,autonomous_depth_only,original,round_pin,0.99999,9,0,0,0.0,0.0,24,0,0,0.0,0.0,3,0,0,0.0,0.0
family_ablation,qwen3.5:9b,autonomous_depth_only,original,round_pin,0.999999,9,0,0,0.0,0.0,24,0,0,0.0,0.0,3,0,0,0.0,0.0
family_ablation,qwen3.5:9b,autonomous_depth_only,original,Waterproof_Male,0.4,1,1,1,1.0,1.0,10,2,2,0.2,0.2,1,1,1,1.0,1.0
family_ablation,qwen3.5:9b,autonomous_depth_only,original,Waterproof_Male,0.5,1,1,1,1.0,1.0,10,2,2,0.2,0.2,1,1,1,1.0,1.0
family_ablation,qwen3.5:9b,autonomous_depth_only,original,Waterproof_Male,0.6,1,1,1,1.0,1.0,10,1,1,0.1,0.1,1,1,1,1.0,1.0
family_ablation,qwen3.5:9b,autonomous_depth_only,original,Waterproof_Male,0.65,1,1,1,1.0,1.0,10,1,1,0.1,0.1,1,1,1,1.0,1.0
family_ablation,qwen3.5:9b,autonomous_depth_only,original,Waterproof_Male,0.7,1,1,1,1.0,1.0,10,1,1,0.1,0.1,1,1,1,1.0,1.0
family_ablation,qwen3.5:9b,autonomous_depth_only,original,Waterproof_Male,0.8,1,1,1,1.0,1.0,10,1,1,0.1,0.1,1,1,1,1.0,1.0
family_ablation,qwen3.5:9b,autonomous_depth_only,original,Waterproof_Male,0.9,1,1,1,1.0,1.0,10,1,1,0.1,0.1,1,1,1,1.0,1.0
family_ablation,qwen3.5:9b,autonomous_depth_only,original,Waterproof_Male,0.95,1,1,1,1.0,1.0,10,0,0,0.0,0.0,1,1,1,1.0,1.0
family_ablation,qwen3.5:9b,autonomous_depth_only,original,Waterproof_Male,0.97,1,1,1,1.0,1.0,10,0,0,0.0,0.0,1,1,1,1.0,1.0
family_ablation,qwen3.5:9b,autonomous_depth_only,original,Waterproof_Male,0.98,1,1,1,1.0,1.0,10,0,0,0.0,0.0,1,1,1,1.0,1.0
family_ablation,qwen3.5:9b,autonomous_depth_only,original,Waterproof_Male,0.99,1,1,1,1.0,1.0,10,0,0,0.0,0.0,1,1,1,1.0,1.0
family_ablation,qwen3.5:9b,autonomous_depth_only,original,Waterproof_Male,0.995,1,1,1,1.0,1.0,10,0,0,0.0,0.0,1,1,1,1.0,1.0
family_ablation,qwen3.5:9b,autonomous_depth_only,original,Waterproof_Male,0.999,1,0,0,0.0,0.0,10,0,0,0.0,0.0,1,0,0,0.0,0.0
family_ablation,qwen3.5:9b,autonomous_depth_only,original,Waterproof_Male,0.9999,1,0,0,0.0,0.0,10,0,0,0.0,0.0,1,0,0,0.0,0.0
family_ablation,qwen3.5:9b,autonomous_depth_only,original,Waterproof_Male,0.99999,1,0,0,0.0,0.0,10,0,0,0.0,0.0,1,0,0,0.0,0.0
family_ablation,qwen3.5:9b,autonomous_depth_only,original,Waterproof_Male,0.999999,1,0,0,0.0,0.0,10,0,0,0.0,0.0,1,0,0,0.0,0.0
family_ablation,qwen3.5:9b,autonomous_depth_only,original,USB_Male,0.4,1,1,1,1.0,1.0,10,0,0,0.0,0.0,1,1,1,1.0,1.0
family_ablation,qwen3.5:9b,autonomous_depth_only,original,USB_Male,0.5,1,1,1,1.0,1.0,10,0,0,0.0,0.0,1,1,1,1.0,1.0
family_ablation,qwen3.5:9b,autonomous_depth_only,original,USB_Male,0.6,1,1,1,1.0,1.0,10,0,0,0.0,0.0,1,1,1,1.0,1.0
family_ablation,qwen3.5:9b,autonomous_depth_only,original,USB_Male,0.65,1,1,1,1.0,1.0,10,0,0,0.0,0.0,1,1,1,1.0,1.0
family_ablation,qwen3.5:9b,autonomous_depth_only,original,USB_Male,0.7,1,1,1,1.0,1.0,10,0,0,0.0,0.0,1,1,1,1.0,1.0
family_ablation,qwen3.5:9b,autonomous_depth_only,original,USB_Male,0.8,1,1,1,1.0,1.0,10,0,0,0.0,0.0,1,1,1,1.0,1.0
family_ablation,qwen3.5:9b,autonomous_depth_only,original,USB_Male,0.9,1,1,1,1.0,1.0,10,0,0,0.0,0.0,1,1,1,1.0,1.0
family_ablation,qwen3.5:9b,autonomous_depth_only,original,USB_Male,0.95,1,1,1,1.0,1.0,10,0,0,0.0,0.0,1,1,1,1.0,1.0
family_ablation,qwen3.5:9b,autonomous_depth_only,original,USB_Male,0.97,1,1,1,1.0,1.0,10,0,0,0.0,0.0,1,1,1,1.0,1.0
family_ablation,qwen3.5:9b,autonomous_depth_only,original,USB_Male,0.98,1,1,1,1.0,1.0,10,0,0,0.0,0.0,1,1,1,1.0,1.0
family_ablation,qwen3.5:9b,autonomous_depth_only,original,USB_Male,0.99,1,0,0,0.0,0.0,10,0,0,0.0,0.0,1,0,0,0.0,0.0
family_ablation,qwen3.5:9b,autonomous_depth_only,original,USB_Male,0.995,1,0,0,0.0,0.0,10,0,0,0.0,0.0,1,0,0,0.0,0.0
family_ablation,qwen3.5:9b,autonomous_depth_only,original,USB_Male,0.999,1,0,0,0.0,0.0,10,0,0,0.0,0.0,1,0,0,0.0,0.0
family_ablation,qwen3.5:9b,autonomous_depth_only,original,USB_Male,0.9999,1,0,0,0.0,0.0,10,0,0,0.0,0.0,1,0,0,0.0,0.0
family_ablation,qwen3.5:9b,autonomous_depth_only,original,USB_Male,0.99999,1,0,0,0.0,0.0,10,0,0,0.0,0.0,1,0,0,0.0,0.0
family_ablation,qwen3.5:9b,autonomous_depth_only,original,USB_Male,0.999999,1,0,0,0.0,0.0,10,0,0,0.0,0.0,1,0,0,0.0,0.0
family_ablation,qwen3.5:9b,autonomous_depth_only,original,DSUB_Male,0.4,1,1,1,1.0,1.0,10,2,2,0.2,0.2,1,1,1,1.0,1.0
family_ablation,qwen3.5:9b,autonomous_depth_only,original,DSUB_Male,0.5,1,1,1,1.0,1.0,10,2,2,0.2,0.2,1,1,1,1.0,1.0
family_ablation,qwen3.5:9b,autonomous_depth_only,original,DSUB_Male,0.6,1,1,1,1.0,1.0,10,2,2,0.2,0.2,1,1,1,1.0,1.0
family_ablation,qwen3.5:9b,autonomous_depth_only,original,DSUB_Male,0.65,1,1,1,1.0,1.0,10,2,2,0.2,0.2,1,1,1,1.0,1.0
family_ablation,qwen3.5:9b,autonomous_depth_only,original,DSUB_Male,0.7,1,1,1,1.0,1.0,10,1,1,0.1,0.1,1,1,1,1.0,1.0
family_ablation,qwen3.5:9b,autonomous_depth_only,original,DSUB_Male,0.8,1,1,1,1.0,1.0,10,0,0,0.0,0.0,1,1,1,1.0,1.0
family_ablation,qwen3.5:9b,autonomous_depth_only,original,DSUB_Male,0.9,1,1,1,1.0,1.0,10,0,0,0.0,0.0,1,1,1,1.0,1.0
family_ablation,qwen3.5:9b,autonomous_depth_only,original,DSUB_Male,0.95,1,1,1,1.0,1.0,10,0,0,0.0,0.0,1,1,1,1.0,1.0
family_ablation,qwen3.5:9b,autonomous_depth_only,original,DSUB_Male,0.97,1,1,1,1.0,1.0,10,0,0,0.0,0.0,1,1,1,1.0,1.0
family_ablation,qwen3.5:9b,autonomous_depth_only,original,DSUB_Male,0.98,1,1,1,1.0,1.0,10,0,0,0.0,0.0,1,1,1,1.0,1.0
family_ablation,qwen3.5:9b,autonomous_depth_only,original,DSUB_Male,0.99,1,0,0,0.0,0.0,10,0,0,0.0,0.0,1,0,0,0.0,0.0
family_ablation,qwen3.5:9b,autonomous_depth_only,original,DSUB_Male,0.995,1,0,0,0.0,0.0,10,0,0,0.0,0.0,1,0,0,0.0,0.0
family_ablation,qwen3.5:9b,autonomous_depth_only,original,DSUB_Male,0.999,1,0,0,0.0,0.0,10,0,0,0.0,0.0,1,0,0,0.0,0.0
family_ablation,qwen3.5:9b,autonomous_depth_only,original,DSUB_Male,0.9999,1,0,0,0.0,0.0,10,0,0,0.0,0.0,1,0,0,0.0,0.0
family_ablation,qwen3.5:9b,autonomous_depth_only,original,DSUB_Male,0.99999,1,0,0,0.0,0.0,10,0,0,0.0,0.0,1,0,0,0.0,0.0
family_ablation,qwen3.5:9b,autonomous_depth_only,original,DSUB_Male,0.999999,1,0,0,0.0,0.0,10,0,0,0.0,0.0,1,0,0,0.0,0.0
family_ablation,qwen3.5:9b,autonomous_depth_only,state_101,gear,0.4,9,9,9,1.0,1.0,21,6,6,0.2857142857142857,0.2857142857142857,3,3,3,1.0,1.0
family_ablation,qwen3.5:9b,autonomous_depth_only,state_101,gear,0.5,9,9,9,1.0,1.0,21,6,6,0.2857142857142857,0.2857142857142857,3,3,3,1.0,1.0
family_ablation,qwen3.5:9b,autonomous_depth_only,state_101,gear,0.6,9,9,9,1.0,1.0,21,6,6,0.2857142857142857,0.2857142857142857,3,3,3,1.0,1.0
family_ablation,qwen3.5:9b,autonomous_depth_only,state_101,gear,0.65,9,9,9,1.0,1.0,21,6,6,0.2857142857142857,0.2857142857142857,3,3,3,1.0,1.0
family_ablation,qwen3.5:9b,autonomous_depth_only,state_101,gear,0.7,9,9,9,1.0,1.0,21,6,6,0.2857142857142857,0.2857142857142857,3,3,3,1.0,1.0
family_ablation,qwen3.5:9b,autonomous_depth_only,state_101,gear,0.8,9,9,9,1.0,1.0,21,0,0,0.0,0.0,3,3,3,1.0,1.0
family_ablation,qwen3.5:9b,autonomous_depth_only,state_101,gear,0.9,9,9,9,1.0,1.0,21,0,0,0.0,0.0,3,3,3,1.0,1.0
family_ablation,qwen3.5:9b,autonomous_depth_only,state_101,gear,0.95,9,9,9,1.0,1.0,21,0,0,0.0,0.0,3,3,3,1.0,1.0
family_ablation,qwen3.5:9b,autonomous_depth_only,state_101,gear,0.97,9,6,6,0.6666666666666666,0.6666666666666666,21,0,0,0.0,0.0,3,2,2,0.6666666666666666,0.6666666666666666
family_ablation,qwen3.5:9b,autonomous_depth_only,state_101,gear,0.98,9,6,6,0.6666666666666666,0.6666666666666666,21,0,0,0.0,0.0,3,2,2,0.6666666666666666,0.6666666666666666
family_ablation,qwen3.5:9b,autonomous_depth_only,state_101,gear,0.99,9,6,6,0.6666666666666666,0.6666666666666666,21,0,0,0.0,0.0,3,2,2,0.6666666666666666,0.6666666666666666
family_ablation,qwen3.5:9b,autonomous_depth_only,state_101,gear,0.995,9,3,3,0.3333333333333333,0.3333333333333333,21,0,0,0.0,0.0,3,1,1,0.3333333333333333,0.3333333333333333
family_ablation,qwen3.5:9b,autonomous_depth_only,state_101,gear,0.999,9,0,0,0.0,0.0,21,0,0,0.0,0.0,3,0,0,0.0,0.0
family_ablation,qwen3.5:9b,autonomous_depth_only,state_101,gear,0.9999,9,0,0,0.0,0.0,21,0,0,0.0,0.0,3,0,0,0.0,0.0
family_ablation,qwen3.5:9b,autonomous_depth_only,state_101,gear,0.99999,9,0,0,0.0,0.0,21,0,0,0.0,0.0,3,0,0,0.0,0.0
family_ablation,qwen3.5:9b,autonomous_depth_only,state_101,gear,0.999999,9,0,0,0.0,0.0,21,0,0,0.0,0.0,3,0,0,0.0,0.0
family_ablation,qwen3.5:9b,autonomous_depth_only,state_101,hex_nut,0.4,4,4,4,1.0,1.0,16,0,0,0.0,0.0,2,2,2,1.0,1.0
family_ablation,qwen3.5:9b,autonomous_depth_only,state_101,hex_nut,0.5,4,4,4,1.0,1.0,16,0,0,0.0,0.0,2,2,2,1.0,1.0
family_ablation,qwen3.5:9b,autonomous_depth_only,state_101,hex_nut,0.6,4,4,4,1.0,1.0,16,0,0,0.0,0.0,2,2,2,1.0,1.0
family_ablation,qwen3.5:9b,autonomous_depth_only,state_101,hex_nut,0.65,4,4,4,1.0,1.0,16,0,0,0.0,0.0,2,2,2,1.0,1.0
family_ablation,qwen3.5:9b,autonomous_depth_only,state_101,hex_nut,0.7,4,4,4,1.0,1.0,16,0,0,0.0,0.0,2,2,2,1.0,1.0
family_ablation,qwen3.5:9b,autonomous_depth_only,state_101,hex_nut,0.8,4,4,4,1.0,1.0,16,0,0,0.0,0.0,2,2,2,1.0,1.0
family_ablation,qwen3.5:9b,autonomous_depth_only,state_101,hex_nut,0.9,4,2,2,0.5,0.5,16,0,0,0.0,0.0,2,1,1,0.5,0.5
family_ablation,qwen3.5:9b,autonomous_depth_only,state_101,hex_nut,0.95,4,2,2,0.5,0.5,16,0,0,0.0,0.0,2,1,1,0.5,0.5
family_ablation,qwen3.5:9b,autonomous_depth_only,state_101,hex_nut,0.97,4,0,0,0.0,0.0,16,0,0,0.0,0.0,2,0,0,0.0,0.0
family_ablation,qwen3.5:9b,autonomous_depth_only,state_101,hex_nut,0.98,4,0,0,0.0,0.0,16,0,0,0.0,0.0,2,0,0,0.0,0.0
family_ablation,qwen3.5:9b,autonomous_depth_only,state_101,hex_nut,0.99,4,0,0,0.0,0.0,16,0,0,0.0,0.0,2,0,0,0.0,0.0
family_ablation,qwen3.5:9b,autonomous_depth_only,state_101,hex_nut,0.995,4,0,0,0.0,0.0,16,0,0,0.0,0.0,2,0,0,0.0,0.0
family_ablation,qwen3.5:9b,autonomous_depth_only,state_101,hex_nut,0.999,4,0,0,0.0,0.0,16,0,0,0.0,0.0,2,0,0,0.0,0.0
family_ablation,qwen3.5:9b,autonomous_depth_only,state_101,hex_nut,0.9999,4,0,0,0.0,0.0,16,0,0,0.0,0.0,2,0,0,0.0,0.0
family_ablation,qwen3.5:9b,autonomous_depth_only,state_101,hex_nut,0.99999,4,0,0,0.0,0.0,16,0,0,0.0,0.0,2,0,0,0.0,0.0
family_ablation,qwen3.5:9b,autonomous_depth_only,state_101,hex_nut,0.999999,4,0,0,0.0,0.0,16,0,0,0.0,0.0,2,0,0,0.0,0.0
family_ablation,qwen3.5:9b,autonomous_depth_only,state_101,round_pin,0.4,9,9,9,1.0,1.0,21,6,6,0.2857142857142857,0.2857142857142857,3,3,3,1.0,1.0
family_ablation,qwen3.5:9b,autonomous_depth_only,state_101,round_pin,0.5,9,9,9,1.0,1.0,21,6,6,0.2857142857142857,0.2857142857142857,3,3,3,1.0,1.0
family_ablation,qwen3.5:9b,autonomous_depth_only,state_101,round_pin,0.6,9,9,9,1.0,1.0,21,3,3,0.14285714285714285,0.14285714285714285,3,3,3,1.0,1.0
family_ablation,qwen3.5:9b,autonomous_depth_only,state_101,round_pin,0.65,9,9,9,1.0,1.0,21,3,3,0.14285714285714285,0.14285714285714285,3,3,3,1.0,1.0
family_ablation,qwen3.5:9b,autonomous_depth_only,state_101,round_pin,0.7,9,9,9,1.0,1.0,21,3,3,0.14285714285714285,0.14285714285714285,3,3,3,1.0,1.0
family_ablation,qwen3.5:9b,autonomous_depth_only,state_101,round_pin,0.8,9,9,9,1.0,1.0,21,0,0,0.0,0.0,3,3,3,1.0,1.0
family_ablation,qwen3.5:9b,autonomous_depth_only,state_101,round_pin,0.9,9,9,9,1.0,1.0,21,0,0,0.0,0.0,3,3,3,1.0,1.0
family_ablation,qwen3.5:9b,autonomous_depth_only,state_101,round_pin,0.95,9,9,9,1.0,1.0,21,0,0,0.0,0.0,3,3,3,1.0,1.0
family_ablation,qwen3.5:9b,autonomous_depth_only,state_101,round_pin,0.97,9,9,9,1.0,1.0,21,0,0,0.0,0.0,3,3,3,1.0,1.0
family_ablation,qwen3.5:9b,autonomous_depth_only,state_101,round_pin,0.98,9,6,6,0.6666666666666666,0.6666666666666666,21,0,0,0.0,0.0,3,2,2,0.6666666666666666,0.6666666666666666
family_ablation,qwen3.5:9b,autonomous_depth_only,state_101,round_pin,0.99,9,0,0,0.0,0.0,21,0,0,0.0,0.0,3,0,0,0.0,0.0
family_ablation,qwen3.5:9b,autonomous_depth_only,state_101,round_pin,0.995,9,0,0,0.0,0.0,21,0,0,0.0,0.0,3,0,0,0.0,0.0
family_ablation,qwen3.5:9b,autonomous_depth_only,state_101,round_pin,0.999,9,0,0,0.0,0.0,21,0,0,0.0,0.0,3,0,0,0.0,0.0
family_ablation,qwen3.5:9b,autonomous_depth_only,state_101,round_pin,0.9999,9,0,0,0.0,0.0,21,0,0,0.0,0.0,3,0,0,0.0,0.0
family_ablation,qwen3.5:9b,autonomous_depth_only,state_101,round_pin,0.99999,9,0,0,0.0,0.0,21,0,0,0.0,0.0,3,0,0,0.0,0.0
family_ablation,qwen3.5:9b,autonomous_depth_only,state_101,round_pin,0.999999,9,0,0,0.0,0.0,21,0,0,0.0,0.0,3,0,0,0.0,0.0
family_ablation,qwen3.5:9b,autonomous_depth_only,state_101,Waterproof_Male,0.4,1,1,1,1.0,1.0,9,2,2,0.2222222222222222,0.2222222222222222,1,1,1,1.0,1.0
family_ablation,qwen3.5:9b,autonomous_depth_only,state_101,Waterproof_Male,0.5,1,1,1,1.0,1.0,9,2,2,0.2222222222222222,0.2222222222222222,1,1,1,1.0,1.0
family_ablation,qwen3.5:9b,autonomous_depth_only,state_101,Waterproof_Male,0.6,1,1,1,1.0,1.0,9,1,1,0.1111111111111111,0.1111111111111111,1,1,1,1.0,1.0
family_ablation,qwen3.5:9b,autonomous_depth_only,state_101,Waterproof_Male,0.65,1,1,1,1.0,1.0,9,1,1,0.1111111111111111,0.1111111111111111,1,1,1,1.0,1.0
family_ablation,qwen3.5:9b,autonomous_depth_only,state_101,Waterproof_Male,0.7,1,1,1,1.0,1.0,9,1,1,0.1111111111111111,0.1111111111111111,1,1,1,1.0,1.0
family_ablation,qwen3.5:9b,autonomous_depth_only,state_101,Waterproof_Male,0.8,1,1,1,1.0,1.0,9,1,1,0.1111111111111111,0.1111111111111111,1,1,1,1.0,1.0
family_ablation,qwen3.5:9b,autonomous_depth_only,state_101,Waterproof_Male,0.9,1,1,1,1.0,1.0,9,0,0,0.0,0.0,1,1,1,1.0,1.0
family_ablation,qwen3.5:9b,autonomous_depth_only,state_101,Waterproof_Male,0.95,1,1,1,1.0,1.0,9,0,0,0.0,0.0,1,1,1,1.0,1.0
family_ablation,qwen3.5:9b,autonomous_depth_only,state_101,Waterproof_Male,0.97,1,1,1,1.0,1.0,9,0,0,0.0,0.0,1,1,1,1.0,1.0
family_ablation,qwen3.5:9b,autonomous_depth_only,state_101,Waterproof_Male,0.98,1,1,1,1.0,1.0,9,0,0,0.0,0.0,1,1,1,1.0,1.0
family_ablation,qwen3.5:9b,autonomous_depth_only,state_101,Waterproof_Male,0.99,1,1,1,1.0,1.0,9,0,0,0.0,0.0,1,1,1,1.0,1.0
family_ablation,qwen3.5:9b,autonomous_depth_only,state_101,Waterproof_Male,0.995,1,1,1,1.0,1.0,9,0,0,0.0,0.0,1,1,1,1.0,1.0
family_ablation,qwen3.5:9b,autonomous_depth_only,state_101,Waterproof_Male,0.999,1,0,0,0.0,0.0,9,0,0,0.0,0.0,1,0,0,0.0,0.0
family_ablation,qwen3.5:9b,autonomous_depth_only,state_101,Waterproof_Male,0.9999,1,0,0,0.0,0.0,9,0,0,0.0,0.0,1,0,0,0.0,0.0
family_ablation,qwen3.5:9b,autonomous_depth_only,state_101,Waterproof_Male,0.99999,1,0,0,0.0,0.0,9,0,0,0.0,0.0,1,0,0,0.0,0.0
family_ablation,qwen3.5:9b,autonomous_depth_only,state_101,Waterproof_Male,0.999999,1,0,0,0.0,0.0,9,0,0,0.0,0.0,1,0,0,0.0,0.0
family_ablation,qwen3.5:9b,autonomous_depth_only,state_101,DSUB_Male,0.4,1,1,1,1.0,1.0,9,1,1,0.1111111111111111,0.1111111111111111,1,1,1,1.0,1.0
family_ablation,qwen3.5:9b,autonomous_depth_only,state_101,DSUB_Male,0.5,1,1,1,1.0,1.0,9,1,1,0.1111111111111111,0.1111111111111111,1,1,1,1.0,1.0
family_ablation,qwen3.5:9b,autonomous_depth_only,state_101,DSUB_Male,0.6,1,1,1,1.0,1.0,9,1,1,0.1111111111111111,0.1111111111111111,1,1,1,1.0,1.0
family_ablation,qwen3.5:9b,autonomous_depth_only,state_101,DSUB_Male,0.65,1,1,1,1.0,1.0,9,1,1,0.1111111111111111,0.1111111111111111,1,1,1,1.0,1.0
family_ablation,qwen3.5:9b,autonomous_depth_only,state_101,DSUB_Male,0.7,1,1,1,1.0,1.0,9,1,1,0.1111111111111111,0.1111111111111111,1,1,1,1.0,1.0
family_ablation,qwen3.5:9b,autonomous_depth_only,state_101,DSUB_Male,0.8,1,1,1,1.0,1.0,9,0,0,0.0,0.0,1,1,1,1.0,1.0
family_ablation,qwen3.5:9b,autonomous_depth_only,state_101,DSUB_Male,0.9,1,1,1,1.0,1.0,9,0,0,0.0,0.0,1,1,1,1.0,1.0
family_ablation,qwen3.5:9b,autonomous_depth_only,state_101,DSUB_Male,0.95,1,1,1,1.0,1.0,9,0,0,0.0,0.0,1,1,1,1.0,1.0
family_ablation,qwen3.5:9b,autonomous_depth_only,state_101,DSUB_Male,0.97,1,1,1,1.0,1.0,9,0,0,0.0,0.0,1,1,1,1.0,1.0
family_ablation,qwen3.5:9b,autonomous_depth_only,state_101,DSUB_Male,0.98,1,1,1,1.0,1.0,9,0,0,0.0,0.0,1,1,1,1.0,1.0
family_ablation,qwen3.5:9b,autonomous_depth_only,state_101,DSUB_Male,0.99,1,0,0,0.0,0.0,9,0,0,0.0,0.0,1,0,0,0.0,0.0
family_ablation,qwen3.5:9b,autonomous_depth_only,state_101,DSUB_Male,0.995,1,0,0,0.0,0.0,9,0,0,0.0,0.0,1,0,0,0.0,0.0
family_ablation,qwen3.5:9b,autonomous_depth_only,state_101,DSUB_Male,0.999,1,0,0,0.0,0.0,9,0,0,0.0,0.0,1,0,0,0.0,0.0
family_ablation,qwen3.5:9b,autonomous_depth_only,state_101,DSUB_Male,0.9999,1,0,0,0.0,0.0,9,0,0,0.0,0.0,1,0,0,0.0,0.0
family_ablation,qwen3.5:9b,autonomous_depth_only,state_101,DSUB_Male,0.99999,1,0,0,0.0,0.0,9,0,0,0.0,0.0,1,0,0,0.0,0.0
family_ablation,qwen3.5:9b,autonomous_depth_only,state_101,DSUB_Male,0.999999,1,0,0,0.0,0.0,9,0,0,0.0,0.0,1,0,0,0.0,0.0
family_ablation,qwen3.5:9b,autonomous_depth_only,state_202,gear,0.4,9,9,9,1.0,1.0,24,0,0,0.0,0.0,3,3,3,1.0,1.0
family_ablation,qwen3.5:9b,autonomous_depth_only,state_202,gear,0.5,9,9,9,1.0,1.0,24,0,0,0.0,0.0,3,3,3,1.0,1.0
family_ablation,qwen3.5:9b,autonomous_depth_only,state_202,gear,0.6,9,9,9,1.0,1.0,24,0,0,0.0,0.0,3,3,3,1.0,1.0
family_ablation,qwen3.5:9b,autonomous_depth_only,state_202,gear,0.65,9,9,9,1.0,1.0,24,0,0,0.0,0.0,3,3,3,1.0,1.0
family_ablation,qwen3.5:9b,autonomous_depth_only,state_202,gear,0.7,9,9,9,1.0,1.0,24,0,0,0.0,0.0,3,3,3,1.0,1.0
family_ablation,qwen3.5:9b,autonomous_depth_only,state_202,gear,0.8,9,9,9,1.0,1.0,24,0,0,0.0,0.0,3,3,3,1.0,1.0
family_ablation,qwen3.5:9b,autonomous_depth_only,state_202,gear,0.9,9,6,6,0.6666666666666666,0.6666666666666666,24,0,0,0.0,0.0,3,2,2,0.6666666666666666,0.6666666666666666
family_ablation,qwen3.5:9b,autonomous_depth_only,state_202,gear,0.95,9,6,6,0.6666666666666666,0.6666666666666666,24,0,0,0.0,0.0,3,2,2,0.6666666666666666,0.6666666666666666
family_ablation,qwen3.5:9b,autonomous_depth_only,state_202,gear,0.97,9,6,6,0.6666666666666666,0.6666666666666666,24,0,0,0.0,0.0,3,2,2,0.6666666666666666,0.6666666666666666
family_ablation,qwen3.5:9b,autonomous_depth_only,state_202,gear,0.98,9,6,6,0.6666666666666666,0.6666666666666666,24,0,0,0.0,0.0,3,2,2,0.6666666666666666,0.6666666666666666
family_ablation,qwen3.5:9b,autonomous_depth_only,state_202,gear,0.99,9,6,6,0.6666666666666666,0.6666666666666666,24,0,0,0.0,0.0,3,2,2,0.6666666666666666,0.6666666666666666
family_ablation,qwen3.5:9b,autonomous_depth_only,state_202,gear,0.995,9,3,3,0.3333333333333333,0.3333333333333333,24,0,0,0.0,0.0,3,1,1,0.3333333333333333,0.3333333333333333
family_ablation,qwen3.5:9b,autonomous_depth_only,state_202,gear,0.999,9,0,0,0.0,0.0,24,0,0,0.0,0.0,3,0,0,0.0,0.0
family_ablation,qwen3.5:9b,autonomous_depth_only,state_202,gear,0.9999,9,0,0,0.0,0.0,24,0,0,0.0,0.0,3,0,0,0.0,0.0
family_ablation,qwen3.5:9b,autonomous_depth_only,state_202,gear,0.99999,9,0,0,0.0,0.0,24,0,0,0.0,0.0,3,0,0,0.0,0.0
family_ablation,qwen3.5:9b,autonomous_depth_only,state_202,gear,0.999999,9,0,0,0.0,0.0,24,0,0,0.0,0.0,3,0,0,0.0,0.0
family_ablation,qwen3.5:9b,autonomous_depth_only,state_202,hex_nut,0.4,4,4,4,1.0,1.0,18,0,0,0.0,0.0,2,2,2,1.0,1.0
family_ablation,qwen3.5:9b,autonomous_depth_only,state_202,hex_nut,0.5,4,4,4,1.0,1.0,18,0,0,0.0,0.0,2,2,2,1.0,1.0
family_ablation,qwen3.5:9b,autonomous_depth_only,state_202,hex_nut,0.6,4,4,4,1.0,1.0,18,0,0,0.0,0.0,2,2,2,1.0,1.0
family_ablation,qwen3.5:9b,autonomous_depth_only,state_202,hex_nut,0.65,4,4,4,1.0,1.0,18,0,0,0.0,0.0,2,2,2,1.0,1.0
family_ablation,qwen3.5:9b,autonomous_depth_only,state_202,hex_nut,0.7,4,4,4,1.0,1.0,18,0,0,0.0,0.0,2,2,2,1.0,1.0
family_ablation,qwen3.5:9b,autonomous_depth_only,state_202,hex_nut,0.8,4,4,4,1.0,1.0,18,0,0,0.0,0.0,2,2,2,1.0,1.0
family_ablation,qwen3.5:9b,autonomous_depth_only,state_202,hex_nut,0.9,4,2,2,0.5,0.5,18,0,0,0.0,0.0,2,1,1,0.5,0.5
family_ablation,qwen3.5:9b,autonomous_depth_only,state_202,hex_nut,0.95,4,0,0,0.0,0.0,18,0,0,0.0,0.0,2,0,0,0.0,0.0
family_ablation,qwen3.5:9b,autonomous_depth_only,state_202,hex_nut,0.97,4,0,0,0.0,0.0,18,0,0,0.0,0.0,2,0,0,0.0,0.0
family_ablation,qwen3.5:9b,autonomous_depth_only,state_202,hex_nut,0.98,4,0,0,0.0,0.0,18,0,0,0.0,0.0,2,0,0,0.0,0.0
family_ablation,qwen3.5:9b,autonomous_depth_only,state_202,hex_nut,0.99,4,0,0,0.0,0.0,18,0,0,0.0,0.0,2,0,0,0.0,0.0
family_ablation,qwen3.5:9b,autonomous_depth_only,state_202,hex_nut,0.995,4,0,0,0.0,0.0,18,0,0,0.0,0.0,2,0,0,0.0,0.0
family_ablation,qwen3.5:9b,autonomous_depth_only,state_202,hex_nut,0.999,4,0,0,0.0,0.0,18,0,0,0.0,0.0,2,0,0,0.0,0.0
family_ablation,qwen3.5:9b,autonomous_depth_only,state_202,hex_nut,0.9999,4,0,0,0.0,0.0,18,0,0,0.0,0.0,2,0,0,0.0,0.0
family_ablation,qwen3.5:9b,autonomous_depth_only,state_202,hex_nut,0.99999,4,0,0,0.0,0.0,18,0,0,0.0,0.0,2,0,0,0.0,0.0
family_ablation,qwen3.5:9b,autonomous_depth_only,state_202,hex_nut,0.999999,4,0,0,0.0,0.0,18,0,0,0.0,0.0,2,0,0,0.0,0.0
family_ablation,qwen3.5:9b,autonomous_depth_only,state_202,round_pin,0.4,9,9,9,1.0,1.0,24,3,3,0.125,0.125,3,3,3,1.0,1.0
family_ablation,qwen3.5:9b,autonomous_depth_only,state_202,round_pin,0.5,9,9,9,1.0,1.0,24,0,0,0.0,0.0,3,3,3,1.0,1.0
family_ablation,qwen3.5:9b,autonomous_depth_only,state_202,round_pin,0.6,9,9,9,1.0,1.0,24,0,0,0.0,0.0,3,3,3,1.0,1.0
family_ablation,qwen3.5:9b,autonomous_depth_only,state_202,round_pin,0.65,9,9,9,1.0,1.0,24,0,0,0.0,0.0,3,3,3,1.0,1.0
family_ablation,qwen3.5:9b,autonomous_depth_only,state_202,round_pin,0.7,9,9,9,1.0,1.0,24,0,0,0.0,0.0,3,3,3,1.0,1.0
family_ablation,qwen3.5:9b,autonomous_depth_only,state_202,round_pin,0.8,9,9,9,1.0,1.0,24,0,0,0.0,0.0,3,3,3,1.0,1.0
family_ablation,qwen3.5:9b,autonomous_depth_only,state_202,round_pin,0.9,9,9,9,1.0,1.0,24,0,0,0.0,0.0,3,3,3,1.0,1.0
family_ablation,qwen3.5:9b,autonomous_depth_only,state_202,round_pin,0.95,9,9,9,1.0,1.0,24,0,0,0.0,0.0,3,3,3,1.0,1.0
family_ablation,qwen3.5:9b,autonomous_depth_only,state_202,round_pin,0.97,9,9,9,1.0,1.0,24,0,0,0.0,0.0,3,3,3,1.0,1.0
family_ablation,qwen3.5:9b,autonomous_depth_only,state_202,round_pin,0.98,9,9,9,1.0,1.0,24,0,0,0.0,0.0,3,3,3,1.0,1.0
family_ablation,qwen3.5:9b,autonomous_depth_only,state_202,round_pin,0.99,9,9,9,1.0,1.0,24,0,0,0.0,0.0,3,3,3,1.0,1.0
family_ablation,qwen3.5:9b,autonomous_depth_only,state_202,round_pin,0.995,9,0,0,0.0,0.0,24,0,0,0.0,0.0,3,0,0,0.0,0.0
family_ablation,qwen3.5:9b,autonomous_depth_only,state_202,round_pin,0.999,9,0,0,0.0,0.0,24,0,0,0.0,0.0,3,0,0,0.0,0.0
family_ablation,qwen3.5:9b,autonomous_depth_only,state_202,round_pin,0.9999,9,0,0,0.0,0.0,24,0,0,0.0,0.0,3,0,0,0.0,0.0
family_ablation,qwen3.5:9b,autonomous_depth_only,state_202,round_pin,0.99999,9,0,0,0.0,0.0,24,0,0,0.0,0.0,3,0,0,0.0,0.0
family_ablation,qwen3.5:9b,autonomous_depth_only,state_202,round_pin,0.999999,9,0,0,0.0,0.0,24,0,0,0.0,0.0,3,0,0,0.0,0.0
family_ablation,qwen3.5:9b,autonomous_depth_only,state_202,Waterproof_Male,0.4,1,1,1,1.0,1.0,10,3,3,0.3,0.3,1,1,1,1.0,1.0
family_ablation,qwen3.5:9b,autonomous_depth_only,state_202,Waterproof_Male,0.5,1,1,1,1.0,1.0,10,2,2,0.2,0.2,1,1,1,1.0,1.0
family_ablation,qwen3.5:9b,autonomous_depth_only,state_202,Waterproof_Male,0.6,1,1,1,1.0,1.0,10,1,1,0.1,0.1,1,1,1,1.0,1.0
family_ablation,qwen3.5:9b,autonomous_depth_only,state_202,Waterproof_Male,0.65,1,1,1,1.0,1.0,10,1,1,0.1,0.1,1,1,1,1.0,1.0
family_ablation,qwen3.5:9b,autonomous_depth_only,state_202,Waterproof_Male,0.7,1,1,1,1.0,1.0,10,1,1,0.1,0.1,1,1,1,1.0,1.0
family_ablation,qwen3.5:9b,autonomous_depth_only,state_202,Waterproof_Male,0.8,1,1,1,1.0,1.0,10,1,1,0.1,0.1,1,1,1,1.0,1.0
family_ablation,qwen3.5:9b,autonomous_depth_only,state_202,Waterproof_Male,0.9,1,1,1,1.0,1.0,10,1,1,0.1,0.1,1,1,1,1.0,1.0
family_ablation,qwen3.5:9b,autonomous_depth_only,state_202,Waterproof_Male,0.95,1,1,1,1.0,1.0,10,1,1,0.1,0.1,1,1,1,1.0,1.0
family_ablation,qwen3.5:9b,autonomous_depth_only,state_202,Waterproof_Male,0.97,1,1,1,1.0,1.0,10,1,1,0.1,0.1,1,1,1,1.0,1.0
family_ablation,qwen3.5:9b,autonomous_depth_only,state_202,Waterproof_Male,0.98,1,1,1,1.0,1.0,10,1,1,0.1,0.1,1,1,1,1.0,1.0
family_ablation,qwen3.5:9b,autonomous_depth_only,state_202,Waterproof_Male,0.99,1,1,1,1.0,1.0,10,1,1,0.1,0.1,1,1,1,1.0,1.0
family_ablation,qwen3.5:9b,autonomous_depth_only,state_202,Waterproof_Male,0.995,1,0,0,0.0,0.0,10,1,1,0.1,0.1,1,0,0,0.0,0.0
family_ablation,qwen3.5:9b,autonomous_depth_only,state_202,Waterproof_Male,0.999,1,0,0,0.0,0.0,10,0,0,0.0,0.0,1,0,0,0.0,0.0
family_ablation,qwen3.5:9b,autonomous_depth_only,state_202,Waterproof_Male,0.9999,1,0,0,0.0,0.0,10,0,0,0.0,0.0,1,0,0,0.0,0.0
family_ablation,qwen3.5:9b,autonomous_depth_only,state_202,Waterproof_Male,0.99999,1,0,0,0.0,0.0,10,0,0,0.0,0.0,1,0,0,0.0,0.0
family_ablation,qwen3.5:9b,autonomous_depth_only,state_202,Waterproof_Male,0.999999,1,0,0,0.0,0.0,10,0,0,0.0,0.0,1,0,0,0.0,0.0
family_ablation,qwen3.5:9b,autonomous_depth_only,state_202,USB_Male,0.4,1,1,1,1.0,1.0,10,0,0,0.0,0.0,1,1,1,1.0,1.0
family_ablation,qwen3.5:9b,autonomous_depth_only,state_202,USB_Male,0.5,1,1,1,1.0,1.0,10,0,0,0.0,0.0,1,1,1,1.0,1.0
family_ablation,qwen3.5:9b,autonomous_depth_only,state_202,USB_Male,0.6,1,1,1,1.0,1.0,10,0,0,0.0,0.0,1,1,1,1.0,1.0
family_ablation,qwen3.5:9b,autonomous_depth_only,state_202,USB_Male,0.65,1,1,1,1.0,1.0,10,0,0,0.0,0.0,1,1,1,1.0,1.0
family_ablation,qwen3.5:9b,autonomous_depth_only,state_202,USB_Male,0.7,1,1,1,1.0,1.0,10,0,0,0.0,0.0,1,1,1,1.0,1.0
family_ablation,qwen3.5:9b,autonomous_depth_only,state_202,USB_Male,0.8,1,1,1,1.0,1.0,10,0,0,0.0,0.0,1,1,1,1.0,1.0
family_ablation,qwen3.5:9b,autonomous_depth_only,state_202,USB_Male,0.9,1,1,1,1.0,1.0,10,0,0,0.0,0.0,1,1,1,1.0,1.0
family_ablation,qwen3.5:9b,autonomous_depth_only,state_202,USB_Male,0.95,1,1,1,1.0,1.0,10,0,0,0.0,0.0,1,1,1,1.0,1.0
family_ablation,qwen3.5:9b,autonomous_depth_only,state_202,USB_Male,0.97,1,1,1,1.0,1.0,10,0,0,0.0,0.0,1,1,1,1.0,1.0
family_ablation,qwen3.5:9b,autonomous_depth_only,state_202,USB_Male,0.98,1,1,1,1.0,1.0,10,0,0,0.0,0.0,1,1,1,1.0,1.0
family_ablation,qwen3.5:9b,autonomous_depth_only,state_202,USB_Male,0.99,1,0,0,0.0,0.0,10,0,0,0.0,0.0,1,0,0,0.0,0.0
family_ablation,qwen3.5:9b,autonomous_depth_only,state_202,USB_Male,0.995,1,0,0,0.0,0.0,10,0,0,0.0,0.0,1,0,0,0.0,0.0
family_ablation,qwen3.5:9b,autonomous_depth_only,state_202,USB_Male,0.999,1,0,0,0.0,0.0,10,0,0,0.0,0.0,1,0,0,0.0,0.0
family_ablation,qwen3.5:9b,autonomous_depth_only,state_202,USB_Male,0.9999,1,0,0,0.0,0.0,10,0,0,0.0,0.0,1,0,0,0.0,0.0
family_ablation,qwen3.5:9b,autonomous_depth_only,state_202,USB_Male,0.99999,1,0,0,0.0,0.0,10,0,0,0.0,0.0,1,0,0,0.0,0.0
family_ablation,qwen3.5:9b,autonomous_depth_only,state_202,USB_Male,0.999999,1,0,0,0.0,0.0,10,0,0,0.0,0.0,1,0,0,0.0,0.0
family_ablation,qwen3.5:9b,autonomous_depth_only,state_202,DSUB_Male,0.4,1,1,1,1.0,1.0,10,2,2,0.2,0.2,1,1,1,1.0,1.0
family_ablation,qwen3.5:9b,autonomous_depth_only,state_202,DSUB_Male,0.5,1,1,1,1.0,1.0,10,2,2,0.2,0.2,1,1,1,1.0,1.0
family_ablation,qwen3.5:9b,autonomous_depth_only,state_202,DSUB_Male,0.6,1,1,1,1.0,1.0,10,2,2,0.2,0.2,1,1,1,1.0,1.0
family_ablation,qwen3.5:9b,autonomous_depth_only,state_202,DSUB_Male,0.65,1,1,1,1.0,1.0,10,2,2,0.2,0.2,1,1,1,1.0,1.0
family_ablation,qwen3.5:9b,autonomous_depth_only,state_202,DSUB_Male,0.7,1,1,1,1.0,1.0,10,2,2,0.2,0.2,1,1,1,1.0,1.0
family_ablation,qwen3.5:9b,autonomous_depth_only,state_202,DSUB_Male,0.8,1,1,1,1.0,1.0,10,1,1,0.1,0.1,1,1,1,1.0,1.0
family_ablation,qwen3.5:9b,autonomous_depth_only,state_202,DSUB_Male,0.9,1,1,1,1.0,1.0,10,0,0,0.0,0.0,1,1,1,1.0,1.0
family_ablation,qwen3.5:9b,autonomous_depth_only,state_202,DSUB_Male,0.95,1,1,1,1.0,1.0,10,0,0,0.0,0.0,1,1,1,1.0,1.0
family_ablation,qwen3.5:9b,autonomous_depth_only,state_202,DSUB_Male,0.97,1,1,1,1.0,1.0,10,0,0,0.0,0.0,1,1,1,1.0,1.0
family_ablation,qwen3.5:9b,autonomous_depth_only,state_202,DSUB_Male,0.98,1,1,1,1.0,1.0,10,0,0,0.0,0.0,1,1,1,1.0,1.0
family_ablation,qwen3.5:9b,autonomous_depth_only,state_202,DSUB_Male,0.99,1,1,1,1.0,1.0,10,0,0,0.0,0.0,1,1,1,1.0,1.0
family_ablation,qwen3.5:9b,autonomous_depth_only,state_202,DSUB_Male,0.995,1,0,0,0.0,0.0,10,0,0,0.0,0.0,1,0,0,0.0,0.0
family_ablation,qwen3.5:9b,autonomous_depth_only,state_202,DSUB_Male,0.999,1,0,0,0.0,0.0,10,0,0,0.0,0.0,1,0,0,0.0,0.0
family_ablation,qwen3.5:9b,autonomous_depth_only,state_202,DSUB_Male,0.9999,1,0,0,0.0,0.0,10,0,0,0.0,0.0,1,0,0,0.0,0.0
family_ablation,qwen3.5:9b,autonomous_depth_only,state_202,DSUB_Male,0.99999,1,0,0,0.0,0.0,10,0,0,0.0,0.0,1,0,0,0.0,0.0
family_ablation,qwen3.5:9b,autonomous_depth_only,state_202,DSUB_Male,0.999999,1,0,0,0.0,0.0,10,0,0,0.0,0.0,1,0,0,0.0,0.0
family_ablation,qwen3.5:9b,autonomous_depth_only,state_303,gear,0.4,9,9,9,1.0,1.0,21,3,3,0.14285714285714285,0.14285714285714285,3,3,3,1.0,1.0
family_ablation,qwen3.5:9b,autonomous_depth_only,state_303,gear,0.5,9,9,9,1.0,1.0,21,3,3,0.14285714285714285,0.14285714285714285,3,3,3,1.0,1.0
family_ablation,qwen3.5:9b,autonomous_depth_only,state_303,gear,0.6,9,9,9,1.0,1.0,21,3,3,0.14285714285714285,0.14285714285714285,3,3,3,1.0,1.0
family_ablation,qwen3.5:9b,autonomous_depth_only,state_303,gear,0.65,9,9,9,1.0,1.0,21,3,3,0.14285714285714285,0.14285714285714285,3,3,3,1.0,1.0
family_ablation,qwen3.5:9b,autonomous_depth_only,state_303,gear,0.7,9,9,9,1.0,1.0,21,3,3,0.14285714285714285,0.14285714285714285,3,3,3,1.0,1.0
family_ablation,qwen3.5:9b,autonomous_depth_only,state_303,gear,0.8,9,9,9,1.0,1.0,21,3,3,0.14285714285714285,0.14285714285714285,3,3,3,1.0,1.0
family_ablation,qwen3.5:9b,autonomous_depth_only,state_303,gear,0.9,9,9,9,1.0,1.0,21,3,3,0.14285714285714285,0.14285714285714285,3,3,3,1.0,1.0
family_ablation,qwen3.5:9b,autonomous_depth_only,state_303,gear,0.95,9,9,9,1.0,1.0,21,0,0,0.0,0.0,3,3,3,1.0,1.0
family_ablation,qwen3.5:9b,autonomous_depth_only,state_303,gear,0.97,9,6,6,0.6666666666666666,0.6666666666666666,21,0,0,0.0,0.0,3,2,2,0.6666666666666666,0.6666666666666666
family_ablation,qwen3.5:9b,autonomous_depth_only,state_303,gear,0.98,9,3,3,0.3333333333333333,0.3333333333333333,21,0,0,0.0,0.0,3,1,1,0.3333333333333333,0.3333333333333333
family_ablation,qwen3.5:9b,autonomous_depth_only,state_303,gear,0.99,9,3,3,0.3333333333333333,0.3333333333333333,21,0,0,0.0,0.0,3,1,1,0.3333333333333333,0.3333333333333333
family_ablation,qwen3.5:9b,autonomous_depth_only,state_303,gear,0.995,9,3,3,0.3333333333333333,0.3333333333333333,21,0,0,0.0,0.0,3,1,1,0.3333333333333333,0.3333333333333333
family_ablation,qwen3.5:9b,autonomous_depth_only,state_303,gear,0.999,9,0,0,0.0,0.0,21,0,0,0.0,0.0,3,0,0,0.0,0.0
family_ablation,qwen3.5:9b,autonomous_depth_only,state_303,gear,0.9999,9,0,0,0.0,0.0,21,0,0,0.0,0.0,3,0,0,0.0,0.0
family_ablation,qwen3.5:9b,autonomous_depth_only,state_303,gear,0.99999,9,0,0,0.0,0.0,21,0,0,0.0,0.0,3,0,0,0.0,0.0
family_ablation,qwen3.5:9b,autonomous_depth_only,state_303,gear,0.999999,9,0,0,0.0,0.0,21,0,0,0.0,0.0,3,0,0,0.0,0.0
family_ablation,qwen3.5:9b,autonomous_depth_only,state_303,hex_nut,0.4,4,4,4,1.0,1.0,16,0,0,0.0,0.0,2,2,2,1.0,1.0
family_ablation,qwen3.5:9b,autonomous_depth_only,state_303,hex_nut,0.5,4,4,4,1.0,1.0,16,0,0,0.0,0.0,2,2,2,1.0,1.0
family_ablation,qwen3.5:9b,autonomous_depth_only,state_303,hex_nut,0.6,4,4,4,1.0,1.0,16,0,0,0.0,0.0,2,2,2,1.0,1.0
family_ablation,qwen3.5:9b,autonomous_depth_only,state_303,hex_nut,0.65,4,4,4,1.0,1.0,16,0,0,0.0,0.0,2,2,2,1.0,1.0
family_ablation,qwen3.5:9b,autonomous_depth_only,state_303,hex_nut,0.7,4,4,4,1.0,1.0,16,0,0,0.0,0.0,2,2,2,1.0,1.0
family_ablation,qwen3.5:9b,autonomous_depth_only,state_303,hex_nut,0.8,4,4,4,1.0,1.0,16,0,0,0.0,0.0,2,2,2,1.0,1.0
family_ablation,qwen3.5:9b,autonomous_depth_only,state_303,hex_nut,0.9,4,0,0,0.0,0.0,16,0,0,0.0,0.0,2,0,0,0.0,0.0
family_ablation,qwen3.5:9b,autonomous_depth_only,state_303,hex_nut,0.95,4,0,0,0.0,0.0,16,0,0,0.0,0.0,2,0,0,0.0,0.0
family_ablation,qwen3.5:9b,autonomous_depth_only,state_303,hex_nut,0.97,4,0,0,0.0,0.0,16,0,0,0.0,0.0,2,0,0,0.0,0.0
family_ablation,qwen3.5:9b,autonomous_depth_only,state_303,hex_nut,0.98,4,0,0,0.0,0.0,16,0,0,0.0,0.0,2,0,0,0.0,0.0
family_ablation,qwen3.5:9b,autonomous_depth_only,state_303,hex_nut,0.99,4,0,0,0.0,0.0,16,0,0,0.0,0.0,2,0,0,0.0,0.0
family_ablation,qwen3.5:9b,autonomous_depth_only,state_303,hex_nut,0.995,4,0,0,0.0,0.0,16,0,0,0.0,0.0,2,0,0,0.0,0.0
family_ablation,qwen3.5:9b,autonomous_depth_only,state_303,hex_nut,0.999,4,0,0,0.0,0.0,16,0,0,0.0,0.0,2,0,0,0.0,0.0
family_ablation,qwen3.5:9b,autonomous_depth_only,state_303,hex_nut,0.9999,4,0,0,0.0,0.0,16,0,0,0.0,0.0,2,0,0,0.0,0.0
family_ablation,qwen3.5:9b,autonomous_depth_only,state_303,hex_nut,0.99999,4,0,0,0.0,0.0,16,0,0,0.0,0.0,2,0,0,0.0,0.0
family_ablation,qwen3.5:9b,autonomous_depth_only,state_303,hex_nut,0.999999,4,0,0,0.0,0.0,16,0,0,0.0,0.0,2,0,0,0.0,0.0
family_ablation,qwen3.5:9b,autonomous_depth_only,state_303,round_pin,0.4,9,9,9,1.0,1.0,21,0,0,0.0,0.0,3,3,3,1.0,1.0
family_ablation,qwen3.5:9b,autonomous_depth_only,state_303,round_pin,0.5,9,9,9,1.0,1.0,21,0,0,0.0,0.0,3,3,3,1.0,1.0
family_ablation,qwen3.5:9b,autonomous_depth_only,state_303,round_pin,0.6,9,9,9,1.0,1.0,21,0,0,0.0,0.0,3,3,3,1.0,1.0
family_ablation,qwen3.5:9b,autonomous_depth_only,state_303,round_pin,0.65,9,9,9,1.0,1.0,21,0,0,0.0,0.0,3,3,3,1.0,1.0
family_ablation,qwen3.5:9b,autonomous_depth_only,state_303,round_pin,0.7,9,9,9,1.0,1.0,21,0,0,0.0,0.0,3,3,3,1.0,1.0
family_ablation,qwen3.5:9b,autonomous_depth_only,state_303,round_pin,0.8,9,9,9,1.0,1.0,21,0,0,0.0,0.0,3,3,3,1.0,1.0
family_ablation,qwen3.5:9b,autonomous_depth_only,state_303,round_pin,0.9,9,9,9,1.0,1.0,21,0,0,0.0,0.0,3,3,3,1.0,1.0
family_ablation,qwen3.5:9b,autonomous_depth_only,state_303,round_pin,0.95,9,9,9,1.0,1.0,21,0,0,0.0,0.0,3,3,3,1.0,1.0
family_ablation,qwen3.5:9b,autonomous_depth_only,state_303,round_pin,0.97,9,9,9,1.0,1.0,21,0,0,0.0,0.0,3,3,3,1.0,1.0
family_ablation,qwen3.5:9b,autonomous_depth_only,state_303,round_pin,0.98,9,9,9,1.0,1.0,21,0,0,0.0,0.0,3,3,3,1.0,1.0
family_ablation,qwen3.5:9b,autonomous_depth_only,state_303,round_pin,0.99,9,9,9,1.0,1.0,21,0,0,0.0,0.0,3,3,3,1.0,1.0
family_ablation,qwen3.5:9b,autonomous_depth_only,state_303,round_pin,0.995,9,3,3,0.3333333333333333,0.3333333333333333,21,0,0,0.0,0.0,3,1,1,0.3333333333333333,0.3333333333333333
family_ablation,qwen3.5:9b,autonomous_depth_only,state_303,round_pin,0.999,9,0,0,0.0,0.0,21,0,0,0.0,0.0,3,0,0,0.0,0.0
family_ablation,qwen3.5:9b,autonomous_depth_only,state_303,round_pin,0.9999,9,0,0,0.0,0.0,21,0,0,0.0,0.0,3,0,0,0.0,0.0
family_ablation,qwen3.5:9b,autonomous_depth_only,state_303,round_pin,0.99999,9,0,0,0.0,0.0,21,0,0,0.0,0.0,3,0,0,0.0,0.0
family_ablation,qwen3.5:9b,autonomous_depth_only,state_303,round_pin,0.999999,9,0,0,0.0,0.0,21,0,0,0.0,0.0,3,0,0,0.0,0.0
family_ablation,qwen3.5:9b,autonomous_depth_only,state_303,Waterproof_Male,0.4,1,1,1,1.0,1.0,9,2,2,0.2222222222222222,0.2222222222222222,1,1,1,1.0,1.0
family_ablation,qwen3.5:9b,autonomous_depth_only,state_303,Waterproof_Male,0.5,1,1,1,1.0,1.0,9,2,2,0.2222222222222222,0.2222222222222222,1,1,1,1.0,1.0
family_ablation,qwen3.5:9b,autonomous_depth_only,state_303,Waterproof_Male,0.6,1,1,1,1.0,1.0,9,2,2,0.2222222222222222,0.2222222222222222,1,1,1,1.0,1.0
family_ablation,qwen3.5:9b,autonomous_depth_only,state_303,Waterproof_Male,0.65,1,1,1,1.0,1.0,9,2,2,0.2222222222222222,0.2222222222222222,1,1,1,1.0,1.0
family_ablation,qwen3.5:9b,autonomous_depth_only,state_303,Waterproof_Male,0.7,1,1,1,1.0,1.0,9,2,2,0.2222222222222222,0.2222222222222222,1,1,1,1.0,1.0
family_ablation,qwen3.5:9b,autonomous_depth_only,state_303,Waterproof_Male,0.8,1,1,1,1.0,1.0,9,2,2,0.2222222222222222,0.2222222222222222,1,1,1,1.0,1.0
family_ablation,qwen3.5:9b,autonomous_depth_only,state_303,Waterproof_Male,0.9,1,1,1,1.0,1.0,9,2,2,0.2222222222222222,0.2222222222222222,1,1,1,1.0,1.0
family_ablation,qwen3.5:9b,autonomous_depth_only,state_303,Waterproof_Male,0.95,1,1,1,1.0,1.0,9,2,2,0.2222222222222222,0.2222222222222222,1,1,1,1.0,1.0
family_ablation,qwen3.5:9b,autonomous_depth_only,state_303,Waterproof_Male,0.97,1,1,1,1.0,1.0,9,1,1,0.1111111111111111,0.1111111111111111,1,1,1,1.0,1.0
family_ablation,qwen3.5:9b,autonomous_depth_only,state_303,Waterproof_Male,0.98,1,1,1,1.0,1.0,9,1,1,0.1111111111111111,0.1111111111111111,1,1,1,1.0,1.0
family_ablation,qwen3.5:9b,autonomous_depth_only,state_303,Waterproof_Male,0.99,1,1,1,1.0,1.0,9,1,1,0.1111111111111111,0.1111111111111111,1,1,1,1.0,1.0
family_ablation,qwen3.5:9b,autonomous_depth_only,state_303,Waterproof_Male,0.995,1,0,0,0.0,0.0,9,1,1,0.1111111111111111,0.1111111111111111,1,0,0,0.0,0.0
family_ablation,qwen3.5:9b,autonomous_depth_only,state_303,Waterproof_Male,0.999,1,0,0,0.0,0.0,9,0,0,0.0,0.0,1,0,0,0.0,0.0
family_ablation,qwen3.5:9b,autonomous_depth_only,state_303,Waterproof_Male,0.9999,1,0,0,0.0,0.0,9,0,0,0.0,0.0,1,0,0,0.0,0.0
family_ablation,qwen3.5:9b,autonomous_depth_only,state_303,Waterproof_Male,0.99999,1,0,0,0.0,0.0,9,0,0,0.0,0.0,1,0,0,0.0,0.0
family_ablation,qwen3.5:9b,autonomous_depth_only,state_303,Waterproof_Male,0.999999,1,0,0,0.0,0.0,9,0,0,0.0,0.0,1,0,0,0.0,0.0
family_ablation,qwen3.5:9b,autonomous_depth_only,state_303,DSUB_Male,0.4,1,1,1,1.0,1.0,9,1,1,0.1111111111111111,0.1111111111111111,1,1,1,1.0,1.0
family_ablation,qwen3.5:9b,autonomous_depth_only,state_303,DSUB_Male,0.5,1,1,1,1.0,1.0,9,1,1,0.1111111111111111,0.1111111111111111,1,1,1,1.0,1.0
family_ablation,qwen3.5:9b,autonomous_depth_only,state_303,DSUB_Male,0.6,1,1,1,1.0,1.0,9,0,0,0.0,0.0,1,1,1,1.0,1.0
family_ablation,qwen3.5:9b,autonomous_depth_only,state_303,DSUB_Male,0.65,1,1,1,1.0,1.0,9,0,0,0.0,0.0,1,1,1,1.0,1.0
family_ablation,qwen3.5:9b,autonomous_depth_only,state_303,DSUB_Male,0.7,1,1,1,1.0,1.0,9,0,0,0.0,0.0,1,1,1,1.0,1.0
family_ablation,qwen3.5:9b,autonomous_depth_only,state_303,DSUB_Male,0.8,1,1,1,1.0,1.0,9,0,0,0.0,0.0,1,1,1,1.0,1.0
family_ablation,qwen3.5:9b,autonomous_depth_only,state_303,DSUB_Male,0.9,1,1,1,1.0,1.0,9,0,0,0.0,0.0,1,1,1,1.0,1.0
family_ablation,qwen3.5:9b,autonomous_depth_only,state_303,DSUB_Male,0.95,1,1,1,1.0,1.0,9,0,0,0.0,0.0,1,1,1,1.0,1.0
family_ablation,qwen3.5:9b,autonomous_depth_only,state_303,DSUB_Male,0.97,1,1,1,1.0,1.0,9,0,0,0.0,0.0,1,1,1,1.0,1.0
family_ablation,qwen3.5:9b,autonomous_depth_only,state_303,DSUB_Male,0.98,1,0,0,0.0,0.0,9,0,0,0.0,0.0,1,0,0,0.0,0.0
family_ablation,qwen3.5:9b,autonomous_depth_only,state_303,DSUB_Male,0.99,1,0,0,0.0,0.0,9,0,0,0.0,0.0,1,0,0,0.0,0.0
family_ablation,qwen3.5:9b,autonomous_depth_only,state_303,DSUB_Male,0.995,1,0,0,0.0,0.0,9,0,0,0.0,0.0,1,0,0,0.0,0.0
family_ablation,qwen3.5:9b,autonomous_depth_only,state_303,DSUB_Male,0.999,1,0,0,0.0,0.0,9,0,0,0.0,0.0,1,0,0,0.0,0.0
family_ablation,qwen3.5:9b,autonomous_depth_only,state_303,DSUB_Male,0.9999,1,0,0,0.0,0.0,9,0,0,0.0,0.0,1,0,0,0.0,0.0
family_ablation,qwen3.5:9b,autonomous_depth_only,state_303,DSUB_Male,0.99999,1,0,0,0.0,0.0,9,0,0,0.0,0.0,1,0,0,0.0,0.0
family_ablation,qwen3.5:9b,autonomous_depth_only,state_303,DSUB_Male,0.999999,1,0,0,0.0,0.0,9,0,0,0.0,0.0,1,0,0,0.0,0.0
family_ablation,qwen3.5:9b,autonomous_depth_only,all,gear,0.4,36,36,36,1.0,1.0,90,15,15,0.16666666666666666,0.16666666666666666,12,12,12,1.0,1.0
family_ablation,qwen3.5:9b,autonomous_depth_only,all,gear,0.5,36,36,36,1.0,1.0,90,15,15,0.16666666666666666,0.16666666666666666,12,12,12,1.0,1.0
family_ablation,qwen3.5:9b,autonomous_depth_only,all,gear,0.6,36,36,36,1.0,1.0,90,12,12,0.13333333333333333,0.13333333333333333,12,12,12,1.0,1.0
family_ablation,qwen3.5:9b,autonomous_depth_only,all,gear,0.65,36,36,36,1.0,1.0,90,9,9,0.1,0.1,12,12,12,1.0,1.0
family_ablation,qwen3.5:9b,autonomous_depth_only,all,gear,0.7,36,36,36,1.0,1.0,90,9,9,0.1,0.1,12,12,12,1.0,1.0
family_ablation,qwen3.5:9b,autonomous_depth_only,all,gear,0.8,36,36,36,1.0,1.0,90,3,3,0.03333333333333333,0.03333333333333333,12,12,12,1.0,1.0
family_ablation,qwen3.5:9b,autonomous_depth_only,all,gear,0.9,36,33,33,0.9166666666666666,0.9166666666666666,90,3,3,0.03333333333333333,0.03333333333333333,12,11,11,0.9166666666666666,0.9166666666666666
family_ablation,qwen3.5:9b,autonomous_depth_only,all,gear,0.95,36,33,33,0.9166666666666666,0.9166666666666666,90,0,0,0.0,0.0,12,11,11,0.9166666666666666,0.9166666666666666
family_ablation,qwen3.5:9b,autonomous_depth_only,all,gear,0.97,36,27,27,0.75,0.75,90,0,0,0.0,0.0,12,9,9,0.75,0.75
family_ablation,qwen3.5:9b,autonomous_depth_only,all,gear,0.98,36,21,21,0.5833333333333334,0.5833333333333334,90,0,0,0.0,0.0,12,7,7,0.5833333333333334,0.5833333333333334
family_ablation,qwen3.5:9b,autonomous_depth_only,all,gear,0.99,36,18,18,0.5,0.5,90,0,0,0.0,0.0,12,6,6,0.5,0.5
family_ablation,qwen3.5:9b,autonomous_depth_only,all,gear,0.995,36,9,9,0.25,0.25,90,0,0,0.0,0.0,12,3,3,0.25,0.25
family_ablation,qwen3.5:9b,autonomous_depth_only,all,gear,0.999,36,0,0,0.0,0.0,90,0,0,0.0,0.0,12,0,0,0.0,0.0
family_ablation,qwen3.5:9b,autonomous_depth_only,all,gear,0.9999,36,0,0,0.0,0.0,90,0,0,0.0,0.0,12,0,0,0.0,0.0
family_ablation,qwen3.5:9b,autonomous_depth_only,all,gear,0.99999,36,0,0,0.0,0.0,90,0,0,0.0,0.0,12,0,0,0.0,0.0
family_ablation,qwen3.5:9b,autonomous_depth_only,all,gear,0.999999,36,0,0,0.0,0.0,90,0,0,0.0,0.0,12,0,0,0.0,0.0
family_ablation,qwen3.5:9b,autonomous_depth_only,all,hex_nut,0.4,16,16,16,1.0,1.0,68,0,0,0.0,0.0,8,8,8,1.0,1.0
family_ablation,qwen3.5:9b,autonomous_depth_only,all,hex_nut,0.5,16,16,16,1.0,1.0,68,0,0,0.0,0.0,8,8,8,1.0,1.0
family_ablation,qwen3.5:9b,autonomous_depth_only,all,hex_nut,0.6,16,16,16,1.0,1.0,68,0,0,0.0,0.0,8,8,8,1.0,1.0
family_ablation,qwen3.5:9b,autonomous_depth_only,all,hex_nut,0.65,16,16,16,1.0,1.0,68,0,0,0.0,0.0,8,8,8,1.0,1.0
family_ablation,qwen3.5:9b,autonomous_depth_only,all,hex_nut,0.7,16,16,16,1.0,1.0,68,0,0,0.0,0.0,8,8,8,1.0,1.0
family_ablation,qwen3.5:9b,autonomous_depth_only,all,hex_nut,0.8,16,16,16,1.0,1.0,68,0,0,0.0,0.0,8,8,8,1.0,1.0
family_ablation,qwen3.5:9b,autonomous_depth_only,all,hex_nut,0.9,16,6,6,0.375,0.375,68,0,0,0.0,0.0,8,3,3,0.375,0.375
family_ablation,qwen3.5:9b,autonomous_depth_only,all,hex_nut,0.95,16,2,2,0.125,0.125,68,0,0,0.0,0.0,8,1,1,0.125,0.125
family_ablation,qwen3.5:9b,autonomous_depth_only,all,hex_nut,0.97,16,0,0,0.0,0.0,68,0,0,0.0,0.0,8,0,0,0.0,0.0
family_ablation,qwen3.5:9b,autonomous_depth_only,all,hex_nut,0.98,16,0,0,0.0,0.0,68,0,0,0.0,0.0,8,0,0,0.0,0.0
family_ablation,qwen3.5:9b,autonomous_depth_only,all,hex_nut,0.99,16,0,0,0.0,0.0,68,0,0,0.0,0.0,8,0,0,0.0,0.0
family_ablation,qwen3.5:9b,autonomous_depth_only,all,hex_nut,0.995,16,0,0,0.0,0.0,68,0,0,0.0,0.0,8,0,0,0.0,0.0
family_ablation,qwen3.5:9b,autonomous_depth_only,all,hex_nut,0.999,16,0,0,0.0,0.0,68,0,0,0.0,0.0,8,0,0,0.0,0.0
family_ablation,qwen3.5:9b,autonomous_depth_only,all,hex_nut,0.9999,16,0,0,0.0,0.0,68,0,0,0.0,0.0,8,0,0,0.0,0.0
family_ablation,qwen3.5:9b,autonomous_depth_only,all,hex_nut,0.99999,16,0,0,0.0,0.0,68,0,0,0.0,0.0,8,0,0,0.0,0.0
family_ablation,qwen3.5:9b,autonomous_depth_only,all,hex_nut,0.999999,16,0,0,0.0,0.0,68,0,0,0.0,0.0,8,0,0,0.0,0.0
family_ablation,qwen3.5:9b,autonomous_depth_only,all,round_pin,0.4,36,36,36,1.0,1.0,90,12,12,0.13333333333333333,0.13333333333333333,12,12,12,1.0,1.0
family_ablation,qwen3.5:9b,autonomous_depth_only,all,round_pin,0.5,36,36,36,1.0,1.0,90,6,6,0.06666666666666667,0.06666666666666667,12,12,12,1.0,1.0
family_ablation,qwen3.5:9b,autonomous_depth_only,all,round_pin,0.6,36,36,36,1.0,1.0,90,3,3,0.03333333333333333,0.03333333333333333,12,12,12,1.0,1.0
family_ablation,qwen3.5:9b,autonomous_depth_only,all,round_pin,0.65,36,36,36,1.0,1.0,90,3,3,0.03333333333333333,0.03333333333333333,12,12,12,1.0,1.0
family_ablation,qwen3.5:9b,autonomous_depth_only,all,round_pin,0.7,36,36,36,1.0,1.0,90,3,3,0.03333333333333333,0.03333333333333333,12,12,12,1.0,1.0
family_ablation,qwen3.5:9b,autonomous_depth_only,all,round_pin,0.8,36,36,36,1.0,1.0,90,0,0,0.0,0.0,12,12,12,1.0,1.0
family_ablation,qwen3.5:9b,autonomous_depth_only,all,round_pin,0.9,36,36,36,1.0,1.0,90,0,0,0.0,0.0,12,12,12,1.0,1.0
family_ablation,qwen3.5:9b,autonomous_depth_only,all,round_pin,0.95,36,36,36,1.0,1.0,90,0,0,0.0,0.0,12,12,12,1.0,1.0
family_ablation,qwen3.5:9b,autonomous_depth_only,all,round_pin,0.97,36,36,36,1.0,1.0,90,0,0,0.0,0.0,12,12,12,1.0,1.0
family_ablation,qwen3.5:9b,autonomous_depth_only,all,round_pin,0.98,36,33,33,0.9166666666666666,0.9166666666666666,90,0,0,0.0,0.0,12,11,11,0.9166666666666666,0.9166666666666666
family_ablation,qwen3.5:9b,autonomous_depth_only,all,round_pin,0.99,36,27,27,0.75,0.75,90,0,0,0.0,0.0,12,9,9,0.75,0.75
family_ablation,qwen3.5:9b,autonomous_depth_only,all,round_pin,0.995,36,6,6,0.16666666666666666,0.16666666666666666,90,0,0,0.0,0.0,12,2,2,0.16666666666666666,0.16666666666666666
family_ablation,qwen3.5:9b,autonomous_depth_only,all,round_pin,0.999,36,0,0,0.0,0.0,90,0,0,0.0,0.0,12,0,0,0.0,0.0
family_ablation,qwen3.5:9b,autonomous_depth_only,all,round_pin,0.9999,36,0,0,0.0,0.0,90,0,0,0.0,0.0,12,0,0,0.0,0.0
family_ablation,qwen3.5:9b,autonomous_depth_only,all,round_pin,0.99999,36,0,0,0.0,0.0,90,0,0,0.0,0.0,12,0,0,0.0,0.0
family_ablation,qwen3.5:9b,autonomous_depth_only,all,round_pin,0.999999,36,0,0,0.0,0.0,90,0,0,0.0,0.0,12,0,0,0.0,0.0
family_ablation,qwen3.5:9b,autonomous_depth_only,all,Waterproof_Male,0.4,4,4,4,1.0,1.0,38,9,9,0.23684210526315788,0.23684210526315788,4,4,4,1.0,1.0
family_ablation,qwen3.5:9b,autonomous_depth_only,all,Waterproof_Male,0.5,4,4,4,1.0,1.0,38,8,8,0.21052631578947367,0.21052631578947367,4,4,4,1.0,1.0
family_ablation,qwen3.5:9b,autonomous_depth_only,all,Waterproof_Male,0.6,4,4,4,1.0,1.0,38,5,5,0.13157894736842105,0.13157894736842105,4,4,4,1.0,1.0
family_ablation,qwen3.5:9b,autonomous_depth_only,all,Waterproof_Male,0.65,4,4,4,1.0,1.0,38,5,5,0.13157894736842105,0.13157894736842105,4,4,4,1.0,1.0
family_ablation,qwen3.5:9b,autonomous_depth_only,all,Waterproof_Male,0.7,4,4,4,1.0,1.0,38,5,5,0.13157894736842105,0.13157894736842105,4,4,4,1.0,1.0
family_ablation,qwen3.5:9b,autonomous_depth_only,all,Waterproof_Male,0.8,4,4,4,1.0,1.0,38,5,5,0.13157894736842105,0.13157894736842105,4,4,4,1.0,1.0
family_ablation,qwen3.5:9b,autonomous_depth_only,all,Waterproof_Male,0.9,4,4,4,1.0,1.0,38,4,4,0.10526315789473684,0.10526315789473684,4,4,4,1.0,1.0
family_ablation,qwen3.5:9b,autonomous_depth_only,all,Waterproof_Male,0.95,4,4,4,1.0,1.0,38,3,3,0.07894736842105263,0.07894736842105263,4,4,4,1.0,1.0
family_ablation,qwen3.5:9b,autonomous_depth_only,all,Waterproof_Male,0.97,4,4,4,1.0,1.0,38,2,2,0.05263157894736842,0.05263157894736842,4,4,4,1.0,1.0
family_ablation,qwen3.5:9b,autonomous_depth_only,all,Waterproof_Male,0.98,4,4,4,1.0,1.0,38,2,2,0.05263157894736842,0.05263157894736842,4,4,4,1.0,1.0
family_ablation,qwen3.5:9b,autonomous_depth_only,all,Waterproof_Male,0.99,4,4,4,1.0,1.0,38,2,2,0.05263157894736842,0.05263157894736842,4,4,4,1.0,1.0
family_ablation,qwen3.5:9b,autonomous_depth_only,all,Waterproof_Male,0.995,4,2,2,0.5,0.5,38,2,2,0.05263157894736842,0.05263157894736842,4,2,2,0.5,0.5
family_ablation,qwen3.5:9b,autonomous_depth_only,all,Waterproof_Male,0.999,4,0,0,0.0,0.0,38,0,0,0.0,0.0,4,0,0,0.0,0.0
family_ablation,qwen3.5:9b,autonomous_depth_only,all,Waterproof_Male,0.9999,4,0,0,0.0,0.0,38,0,0,0.0,0.0,4,0,0,0.0,0.0
family_ablation,qwen3.5:9b,autonomous_depth_only,all,Waterproof_Male,0.99999,4,0,0,0.0,0.0,38,0,0,0.0,0.0,4,0,0,0.0,0.0
family_ablation,qwen3.5:9b,autonomous_depth_only,all,Waterproof_Male,0.999999,4,0,0,0.0,0.0,38,0,0,0.0,0.0,4,0,0,0.0,0.0
family_ablation,qwen3.5:9b,autonomous_depth_only,all,USB_Male,0.4,2,2,2,1.0,1.0,40,0,0,0.0,0.0,2,2,2,1.0,1.0
family_ablation,qwen3.5:9b,autonomous_depth_only,all,USB_Male,0.5,2,2,2,1.0,1.0,40,0,0,0.0,0.0,2,2,2,1.0,1.0
family_ablation,qwen3.5:9b,autonomous_depth_only,all,USB_Male,0.6,2,2,2,1.0,1.0,40,0,0,0.0,0.0,2,2,2,1.0,1.0
family_ablation,qwen3.5:9b,autonomous_depth_only,all,USB_Male,0.65,2,2,2,1.0,1.0,40,0,0,0.0,0.0,2,2,2,1.0,1.0
family_ablation,qwen3.5:9b,autonomous_depth_only,all,USB_Male,0.7,2,2,2,1.0,1.0,40,0,0,0.0,0.0,2,2,2,1.0,1.0
family_ablation,qwen3.5:9b,autonomous_depth_only,all,USB_Male,0.8,2,2,2,1.0,1.0,40,0,0,0.0,0.0,2,2,2,1.0,1.0
family_ablation,qwen3.5:9b,autonomous_depth_only,all,USB_Male,0.9,2,2,2,1.0,1.0,40,0,0,0.0,0.0,2,2,2,1.0,1.0
family_ablation,qwen3.5:9b,autonomous_depth_only,all,USB_Male,0.95,2,2,2,1.0,1.0,40,0,0,0.0,0.0,2,2,2,1.0,1.0
family_ablation,qwen3.5:9b,autonomous_depth_only,all,USB_Male,0.97,2,2,2,1.0,1.0,40,0,0,0.0,0.0,2,2,2,1.0,1.0
family_ablation,qwen3.5:9b,autonomous_depth_only,all,USB_Male,0.98,2,2,2,1.0,1.0,40,0,0,0.0,0.0,2,2,2,1.0,1.0
family_ablation,qwen3.5:9b,autonomous_depth_only,all,USB_Male,0.99,2,0,0,0.0,0.0,40,0,0,0.0,0.0,2,0,0,0.0,0.0
family_ablation,qwen3.5:9b,autonomous_depth_only,all,USB_Male,0.995,2,0,0,0.0,0.0,40,0,0,0.0,0.0,2,0,0,0.0,0.0
family_ablation,qwen3.5:9b,autonomous_depth_only,all,USB_Male,0.999,2,0,0,0.0,0.0,40,0,0,0.0,0.0,2,0,0,0.0,0.0
family_ablation,qwen3.5:9b,autonomous_depth_only,all,USB_Male,0.9999,2,0,0,0.0,0.0,40,0,0,0.0,0.0,2,0,0,0.0,0.0
family_ablation,qwen3.5:9b,autonomous_depth_only,all,USB_Male,0.99999,2,0,0,0.0,0.0,40,0,0,0.0,0.0,2,0,0,0.0,0.0
family_ablation,qwen3.5:9b,autonomous_depth_only,all,USB_Male,0.999999,2,0,0,0.0,0.0,40,0,0,0.0,0.0,2,0,0,0.0,0.0
family_ablation,qwen3.5:9b,autonomous_depth_only,all,DSUB_Male,0.4,4,4,4,1.0,1.0,38,6,6,0.15789473684210525,0.15789473684210525,4,4,4,1.0,1.0
family_ablation,qwen3.5:9b,autonomous_depth_only,all,DSUB_Male,0.5,4,4,4,1.0,1.0,38,6,6,0.15789473684210525,0.15789473684210525,4,4,4,1.0,1.0
family_ablation,qwen3.5:9b,autonomous_depth_only,all,DSUB_Male,0.6,4,4,4,1.0,1.0,38,5,5,0.13157894736842105,0.13157894736842105,4,4,4,1.0,1.0
family_ablation,qwen3.5:9b,autonomous_depth_only,all,DSUB_Male,0.65,4,4,4,1.0,1.0,38,5,5,0.13157894736842105,0.13157894736842105,4,4,4,1.0,1.0
family_ablation,qwen3.5:9b,autonomous_depth_only,all,DSUB_Male,0.7,4,4,4,1.0,1.0,38,4,4,0.10526315789473684,0.10526315789473684,4,4,4,1.0,1.0
family_ablation,qwen3.5:9b,autonomous_depth_only,all,DSUB_Male,0.8,4,4,4,1.0,1.0,38,1,1,0.02631578947368421,0.02631578947368421,4,4,4,1.0,1.0
family_ablation,qwen3.5:9b,autonomous_depth_only,all,DSUB_Male,0.9,4,4,4,1.0,1.0,38,0,0,0.0,0.0,4,4,4,1.0,1.0
family_ablation,qwen3.5:9b,autonomous_depth_only,all,DSUB_Male,0.95,4,4,4,1.0,1.0,38,0,0,0.0,0.0,4,4,4,1.0,1.0
family_ablation,qwen3.5:9b,autonomous_depth_only,all,DSUB_Male,0.97,4,4,4,1.0,1.0,38,0,0,0.0,0.0,4,4,4,1.0,1.0
family_ablation,qwen3.5:9b,autonomous_depth_only,all,DSUB_Male,0.98,4,3,3,0.75,0.75,38,0,0,0.0,0.0,4,3,3,0.75,0.75
family_ablation,qwen3.5:9b,autonomous_depth_only,all,DSUB_Male,0.99,4,1,1,0.25,0.25,38,0,0,0.0,0.0,4,1,1,0.25,0.25
family_ablation,qwen3.5:9b,autonomous_depth_only,all,DSUB_Male,0.995,4,0,0,0.0,0.0,38,0,0,0.0,0.0,4,0,0,0.0,0.0
family_ablation,qwen3.5:9b,autonomous_depth_only,all,DSUB_Male,0.999,4,0,0,0.0,0.0,38,0,0,0.0,0.0,4,0,0,0.0,0.0
family_ablation,qwen3.5:9b,autonomous_depth_only,all,DSUB_Male,0.9999,4,0,0,0.0,0.0,38,0,0,0.0,0.0,4,0,0,0.0,0.0
family_ablation,qwen3.5:9b,autonomous_depth_only,all,DSUB_Male,0.99999,4,0,0,0.0,0.0,38,0,0,0.0,0.0,4,0,0,0.0,0.0
family_ablation,qwen3.5:9b,autonomous_depth_only,all,DSUB_Male,0.999999,4,0,0,0.0,0.0,38,0,0,0.0,0.0,4,0,0,0.0,0.0
baseline,gemma4:12b,all_crops,original,gear,0.4,9,9,9,1.0,1.0,24,9,9,0.375,0.375,3,3,3,1.0,1.0
baseline,gemma4:12b,all_crops,original,gear,0.5,9,9,9,1.0,1.0,24,9,9,0.375,0.375,3,3,3,1.0,1.0
baseline,gemma4:12b,all_crops,original,gear,0.6,9,9,9,1.0,1.0,24,9,9,0.375,0.375,3,3,3,1.0,1.0
baseline,gemma4:12b,all_crops,original,gear,0.65,9,9,9,1.0,1.0,24,9,9,0.375,0.375,3,3,3,1.0,1.0
baseline,gemma4:12b,all_crops,original,gear,0.7,9,9,9,1.0,1.0,24,9,9,0.375,0.375,3,3,3,1.0,1.0
baseline,gemma4:12b,all_crops,original,gear,0.8,9,9,9,1.0,1.0,24,9,9,0.375,0.375,3,3,3,1.0,1.0
baseline,gemma4:12b,all_crops,original,gear,0.9,9,9,9,1.0,1.0,24,9,9,0.375,0.375,3,3,3,1.0,1.0
baseline,gemma4:12b,all_crops,original,gear,0.95,9,9,9,1.0,1.0,24,9,9,0.375,0.375,3,3,3,1.0,1.0
baseline,gemma4:12b,all_crops,original,gear,0.97,9,9,9,1.0,1.0,24,9,9,0.375,0.375,3,3,3,1.0,1.0
baseline,gemma4:12b,all_crops,original,gear,0.98,9,9,9,1.0,1.0,24,8,8,0.3333333333333333,0.3333333333333333,3,3,3,1.0,1.0
baseline,gemma4:12b,all_crops,original,gear,0.99,9,9,9,1.0,1.0,24,8,8,0.3333333333333333,0.3333333333333333,3,3,3,1.0,1.0
baseline,gemma4:12b,all_crops,original,gear,0.995,9,9,9,1.0,1.0,24,7,7,0.2916666666666667,0.2916666666666667,3,3,3,1.0,1.0
baseline,gemma4:12b,all_crops,original,gear,0.999,9,9,9,1.0,1.0,24,6,6,0.25,0.25,3,3,3,1.0,1.0
baseline,gemma4:12b,all_crops,original,gear,0.9999,9,9,9,1.0,1.0,24,4,4,0.16666666666666666,0.16666666666666666,3,3,3,1.0,1.0
baseline,gemma4:12b,all_crops,original,gear,0.99999,9,3,3,0.3333333333333333,0.3333333333333333,24,0,0,0.0,0.0,3,1,1,0.3333333333333333,0.3333333333333333
baseline,gemma4:12b,all_crops,original,gear,0.999999,9,0,0,0.0,0.0,24,0,0,0.0,0.0,3,0,0,0.0,0.0
baseline,gemma4:12b,all_crops,original,hex_nut,0.4,4,4,4,1.0,1.0,18,0,0,0.0,0.0,2,2,2,1.0,1.0
baseline,gemma4:12b,all_crops,original,hex_nut,0.5,4,4,4,1.0,1.0,18,0,0,0.0,0.0,2,2,2,1.0,1.0
baseline,gemma4:12b,all_crops,original,hex_nut,0.6,4,4,4,1.0,1.0,18,0,0,0.0,0.0,2,2,2,1.0,1.0
baseline,gemma4:12b,all_crops,original,hex_nut,0.65,4,4,4,1.0,1.0,18,0,0,0.0,0.0,2,2,2,1.0,1.0
baseline,gemma4:12b,all_crops,original,hex_nut,0.7,4,4,4,1.0,1.0,18,0,0,0.0,0.0,2,2,2,1.0,1.0
baseline,gemma4:12b,all_crops,original,hex_nut,0.8,4,4,4,1.0,1.0,18,0,0,0.0,0.0,2,2,2,1.0,1.0
baseline,gemma4:12b,all_crops,original,hex_nut,0.9,4,4,4,1.0,1.0,18,0,0,0.0,0.0,2,2,2,1.0,1.0
baseline,gemma4:12b,all_crops,original,hex_nut,0.95,4,4,4,1.0,1.0,18,0,0,0.0,0.0,2,2,2,1.0,1.0
baseline,gemma4:12b,all_crops,original,hex_nut,0.97,4,4,4,1.0,1.0,18,0,0,0.0,0.0,2,2,2,1.0,1.0
baseline,gemma4:12b,all_crops,original,hex_nut,0.98,4,4,4,1.0,1.0,18,0,0,0.0,0.0,2,2,2,1.0,1.0
baseline,gemma4:12b,all_crops,original,hex_nut,0.99,4,4,4,1.0,1.0,18,0,0,0.0,0.0,2,2,2,1.0,1.0
baseline,gemma4:12b,all_crops,original,hex_nut,0.995,4,4,4,1.0,1.0,18,0,0,0.0,0.0,2,2,2,1.0,1.0
baseline,gemma4:12b,all_crops,original,hex_nut,0.999,4,4,4,1.0,1.0,18,0,0,0.0,0.0,2,2,2,1.0,1.0
baseline,gemma4:12b,all_crops,original,hex_nut,0.9999,4,2,2,0.5,0.5,18,0,0,0.0,0.0,2,1,1,0.5,0.5
baseline,gemma4:12b,all_crops,original,hex_nut,0.99999,4,0,0,0.0,0.0,18,0,0,0.0,0.0,2,0,0,0.0,0.0
baseline,gemma4:12b,all_crops,original,hex_nut,0.999999,4,0,0,0.0,0.0,18,0,0,0.0,0.0,2,0,0,0.0,0.0
baseline,gemma4:12b,all_crops,original,round_pin,0.4,9,9,9,1.0,1.0,24,9,9,0.375,0.375,3,3,3,1.0,1.0
baseline,gemma4:12b,all_crops,original,round_pin,0.5,9,9,9,1.0,1.0,24,9,9,0.375,0.375,3,3,3,1.0,1.0
baseline,gemma4:12b,all_crops,original,round_pin,0.6,9,9,9,1.0,1.0,24,9,9,0.375,0.375,3,3,3,1.0,1.0
baseline,gemma4:12b,all_crops,original,round_pin,0.65,9,9,9,1.0,1.0,24,9,9,0.375,0.375,3,3,3,1.0,1.0
baseline,gemma4:12b,all_crops,original,round_pin,0.7,9,9,9,1.0,1.0,24,9,9,0.375,0.375,3,3,3,1.0,1.0
baseline,gemma4:12b,all_crops,original,round_pin,0.8,9,9,9,1.0,1.0,24,9,9,0.375,0.375,3,3,3,1.0,1.0
baseline,gemma4:12b,all_crops,original,round_pin,0.9,9,9,9,1.0,1.0,24,9,9,0.375,0.375,3,3,3,1.0,1.0
baseline,gemma4:12b,all_crops,original,round_pin,0.95,9,9,9,1.0,1.0,24,7,7,0.2916666666666667,0.2916666666666667,3,3,3,1.0,1.0
baseline,gemma4:12b,all_crops,original,round_pin,0.97,9,9,9,1.0,1.0,24,6,6,0.25,0.25,3,3,3,1.0,1.0
baseline,gemma4:12b,all_crops,original,round_pin,0.98,9,9,9,1.0,1.0,24,6,6,0.25,0.25,3,3,3,1.0,1.0
baseline,gemma4:12b,all_crops,original,round_pin,0.99,9,9,9,1.0,1.0,24,6,6,0.25,0.25,3,3,3,1.0,1.0
baseline,gemma4:12b,all_crops,original,round_pin,0.995,9,9,9,1.0,1.0,24,5,5,0.20833333333333334,0.20833333333333334,3,3,3,1.0,1.0
baseline,gemma4:12b,all_crops,original,round_pin,0.999,9,9,9,1.0,1.0,24,3,3,0.125,0.125,3,3,3,1.0,1.0
baseline,gemma4:12b,all_crops,original,round_pin,0.9999,9,9,9,1.0,1.0,24,0,0,0.0,0.0,3,3,3,1.0,1.0
baseline,gemma4:12b,all_crops,original,round_pin,0.99999,9,9,9,1.0,1.0,24,0,0,0.0,0.0,3,3,3,1.0,1.0
baseline,gemma4:12b,all_crops,original,round_pin,0.999999,9,0,0,0.0,0.0,24,0,0,0.0,0.0,3,0,0,0.0,0.0
baseline,gemma4:12b,all_crops,original,Waterproof_Male,0.4,1,1,1,1.0,1.0,10,2,2,0.2,0.2,1,1,1,1.0,1.0
baseline,gemma4:12b,all_crops,original,Waterproof_Male,0.5,1,1,1,1.0,1.0,10,2,2,0.2,0.2,1,1,1,1.0,1.0
baseline,gemma4:12b,all_crops,original,Waterproof_Male,0.6,1,1,1,1.0,1.0,10,2,2,0.2,0.2,1,1,1,1.0,1.0
baseline,gemma4:12b,all_crops,original,Waterproof_Male,0.65,1,1,1,1.0,1.0,10,2,2,0.2,0.2,1,1,1,1.0,1.0
baseline,gemma4:12b,all_crops,original,Waterproof_Male,0.7,1,1,1,1.0,1.0,10,2,2,0.2,0.2,1,1,1,1.0,1.0
baseline,gemma4:12b,all_crops,original,Waterproof_Male,0.8,1,1,1,1.0,1.0,10,2,2,0.2,0.2,1,1,1,1.0,1.0
baseline,gemma4:12b,all_crops,original,Waterproof_Male,0.9,1,1,1,1.0,1.0,10,2,2,0.2,0.2,1,1,1,1.0,1.0
baseline,gemma4:12b,all_crops,original,Waterproof_Male,0.95,1,1,1,1.0,1.0,10,2,2,0.2,0.2,1,1,1,1.0,1.0
baseline,gemma4:12b,all_crops,original,Waterproof_Male,0.97,1,1,1,1.0,1.0,10,2,2,0.2,0.2,1,1,1,1.0,1.0
baseline,gemma4:12b,all_crops,original,Waterproof_Male,0.98,1,1,1,1.0,1.0,10,2,2,0.2,0.2,1,1,1,1.0,1.0
baseline,gemma4:12b,all_crops,original,Waterproof_Male,0.99,1,1,1,1.0,1.0,10,2,2,0.2,0.2,1,1,1,1.0,1.0
baseline,gemma4:12b,all_crops,original,Waterproof_Male,0.995,1,1,1,1.0,1.0,10,2,2,0.2,0.2,1,1,1,1.0,1.0
baseline,gemma4:12b,all_crops,original,Waterproof_Male,0.999,1,1,1,1.0,1.0,10,2,2,0.2,0.2,1,1,1,1.0,1.0
baseline,gemma4:12b,all_crops,original,Waterproof_Male,0.9999,1,1,1,1.0,1.0,10,2,2,0.2,0.2,1,1,1,1.0,1.0
baseline,gemma4:12b,all_crops,original,Waterproof_Male,0.99999,1,1,1,1.0,1.0,10,1,1,0.1,0.1,1,1,1,1.0,1.0
baseline,gemma4:12b,all_crops,original,Waterproof_Male,0.999999,1,0,0,0.0,0.0,10,0,0,0.0,0.0,1,0,0,0.0,0.0
baseline,gemma4:12b,all_crops,original,USB_Male,0.4,1,1,1,1.0,1.0,10,1,1,0.1,0.1,1,1,1,1.0,1.0
baseline,gemma4:12b,all_crops,original,USB_Male,0.5,1,1,1,1.0,1.0,10,1,1,0.1,0.1,1,1,1,1.0,1.0
baseline,gemma4:12b,all_crops,original,USB_Male,0.6,1,1,1,1.0,1.0,10,1,1,0.1,0.1,1,1,1,1.0,1.0
baseline,gemma4:12b,all_crops,original,USB_Male,0.65,1,1,1,1.0,1.0,10,1,1,0.1,0.1,1,1,1,1.0,1.0
baseline,gemma4:12b,all_crops,original,USB_Male,0.7,1,1,1,1.0,1.0,10,1,1,0.1,0.1,1,1,1,1.0,1.0
baseline,gemma4:12b,all_crops,original,USB_Male,0.8,1,1,1,1.0,1.0,10,1,1,0.1,0.1,1,1,1,1.0,1.0
baseline,gemma4:12b,all_crops,original,USB_Male,0.9,1,1,1,1.0,1.0,10,1,1,0.1,0.1,1,1,1,1.0,1.0
baseline,gemma4:12b,all_crops,original,USB_Male,0.95,1,1,1,1.0,1.0,10,1,1,0.1,0.1,1,1,1,1.0,1.0
baseline,gemma4:12b,all_crops,original,USB_Male,0.97,1,1,1,1.0,1.0,10,1,1,0.1,0.1,1,1,1,1.0,1.0
baseline,gemma4:12b,all_crops,original,USB_Male,0.98,1,1,1,1.0,1.0,10,1,1,0.1,0.1,1,1,1,1.0,1.0
baseline,gemma4:12b,all_crops,original,USB_Male,0.99,1,1,1,1.0,1.0,10,1,1,0.1,0.1,1,1,1,1.0,1.0
baseline,gemma4:12b,all_crops,original,USB_Male,0.995,1,1,1,1.0,1.0,10,0,0,0.0,0.0,1,1,1,1.0,1.0
baseline,gemma4:12b,all_crops,original,USB_Male,0.999,1,1,1,1.0,1.0,10,0,0,0.0,0.0,1,1,1,1.0,1.0
baseline,gemma4:12b,all_crops,original,USB_Male,0.9999,1,1,1,1.0,1.0,10,0,0,0.0,0.0,1,1,1,1.0,1.0
baseline,gemma4:12b,all_crops,original,USB_Male,0.99999,1,1,1,1.0,1.0,10,0,0,0.0,0.0,1,1,1,1.0,1.0
baseline,gemma4:12b,all_crops,original,USB_Male,0.999999,1,0,0,0.0,0.0,10,0,0,0.0,0.0,1,0,0,0.0,0.0
baseline,gemma4:12b,all_crops,original,DSUB_Male,0.4,1,1,1,1.0,1.0,10,1,1,0.1,0.1,1,1,1,1.0,1.0
baseline,gemma4:12b,all_crops,original,DSUB_Male,0.5,1,1,1,1.0,1.0,10,1,1,0.1,0.1,1,1,1,1.0,1.0
baseline,gemma4:12b,all_crops,original,DSUB_Male,0.6,1,1,1,1.0,1.0,10,1,1,0.1,0.1,1,1,1,1.0,1.0
baseline,gemma4:12b,all_crops,original,DSUB_Male,0.65,1,1,1,1.0,1.0,10,1,1,0.1,0.1,1,1,1,1.0,1.0
baseline,gemma4:12b,all_crops,original,DSUB_Male,0.7,1,1,1,1.0,1.0,10,1,1,0.1,0.1,1,1,1,1.0,1.0
baseline,gemma4:12b,all_crops,original,DSUB_Male,0.8,1,1,1,1.0,1.0,10,0,0,0.0,0.0,1,1,1,1.0,1.0
baseline,gemma4:12b,all_crops,original,DSUB_Male,0.9,1,1,1,1.0,1.0,10,0,0,0.0,0.0,1,1,1,1.0,1.0
baseline,gemma4:12b,all_crops,original,DSUB_Male,0.95,1,1,1,1.0,1.0,10,0,0,0.0,0.0,1,1,1,1.0,1.0
baseline,gemma4:12b,all_crops,original,DSUB_Male,0.97,1,1,1,1.0,1.0,10,0,0,0.0,0.0,1,1,1,1.0,1.0
baseline,gemma4:12b,all_crops,original,DSUB_Male,0.98,1,1,1,1.0,1.0,10,0,0,0.0,0.0,1,1,1,1.0,1.0
baseline,gemma4:12b,all_crops,original,DSUB_Male,0.99,1,1,1,1.0,1.0,10,0,0,0.0,0.0,1,1,1,1.0,1.0
baseline,gemma4:12b,all_crops,original,DSUB_Male,0.995,1,1,1,1.0,1.0,10,0,0,0.0,0.0,1,1,1,1.0,1.0
baseline,gemma4:12b,all_crops,original,DSUB_Male,0.999,1,1,1,1.0,1.0,10,0,0,0.0,0.0,1,1,1,1.0,1.0
baseline,gemma4:12b,all_crops,original,DSUB_Male,0.9999,1,1,1,1.0,1.0,10,0,0,0.0,0.0,1,1,1,1.0,1.0
baseline,gemma4:12b,all_crops,original,DSUB_Male,0.99999,1,0,0,0.0,0.0,10,0,0,0.0,0.0,1,0,0,0.0,0.0
baseline,gemma4:12b,all_crops,original,DSUB_Male,0.999999,1,0,0,0.0,0.0,10,0,0,0.0,0.0,1,0,0,0.0,0.0
baseline,gemma4:12b,all_crops,state_101,gear,0.4,9,9,9,1.0,1.0,24,6,6,0.25,0.25,3,3,3,1.0,1.0
baseline,gemma4:12b,all_crops,state_101,gear,0.5,9,9,9,1.0,1.0,24,6,6,0.25,0.25,3,3,3,1.0,1.0
baseline,gemma4:12b,all_crops,state_101,gear,0.6,9,9,9,1.0,1.0,24,6,6,0.25,0.25,3,3,3,1.0,1.0
baseline,gemma4:12b,all_crops,state_101,gear,0.65,9,9,9,1.0,1.0,24,6,6,0.25,0.25,3,3,3,1.0,1.0
baseline,gemma4:12b,all_crops,state_101,gear,0.7,9,9,9,1.0,1.0,24,6,6,0.25,0.25,3,3,3,1.0,1.0
baseline,gemma4:12b,all_crops,state_101,gear,0.8,9,9,9,1.0,1.0,24,6,6,0.25,0.25,3,3,3,1.0,1.0
baseline,gemma4:12b,all_crops,state_101,gear,0.9,9,9,9,1.0,1.0,24,6,6,0.25,0.25,3,3,3,1.0,1.0
baseline,gemma4:12b,all_crops,state_101,gear,0.95,9,9,9,1.0,1.0,24,6,6,0.25,0.25,3,3,3,1.0,1.0
baseline,gemma4:12b,all_crops,state_101,gear,0.97,9,9,9,1.0,1.0,24,6,6,0.25,0.25,3,3,3,1.0,1.0
baseline,gemma4:12b,all_crops,state_101,gear,0.98,9,9,9,1.0,1.0,24,6,6,0.25,0.25,3,3,3,1.0,1.0
baseline,gemma4:12b,all_crops,state_101,gear,0.99,9,9,9,1.0,1.0,24,6,6,0.25,0.25,3,3,3,1.0,1.0
baseline,gemma4:12b,all_crops,state_101,gear,0.995,9,9,9,1.0,1.0,24,6,6,0.25,0.25,3,3,3,1.0,1.0
baseline,gemma4:12b,all_crops,state_101,gear,0.999,9,9,9,1.0,1.0,24,6,6,0.25,0.25,3,3,3,1.0,1.0
baseline,gemma4:12b,all_crops,state_101,gear,0.9999,9,8,8,0.8888888888888888,0.8888888888888888,24,6,6,0.25,0.25,3,3,3,1.0,1.0
baseline,gemma4:12b,all_crops,state_101,gear,0.99999,9,3,3,0.3333333333333333,0.3333333333333333,24,0,0,0.0,0.0,3,1,1,0.3333333333333333,0.3333333333333333
baseline,gemma4:12b,all_crops,state_101,gear,0.999999,9,0,0,0.0,0.0,24,0,0,0.0,0.0,3,0,0,0.0,0.0
baseline,gemma4:12b,all_crops,state_101,hex_nut,0.4,4,4,4,1.0,1.0,18,0,0,0.0,0.0,2,2,2,1.0,1.0
baseline,gemma4:12b,all_crops,state_101,hex_nut,0.5,4,4,4,1.0,1.0,18,0,0,0.0,0.0,2,2,2,1.0,1.0
baseline,gemma4:12b,all_crops,state_101,hex_nut,0.6,4,4,4,1.0,1.0,18,0,0,0.0,0.0,2,2,2,1.0,1.0
baseline,gemma4:12b,all_crops,state_101,hex_nut,0.65,4,4,4,1.0,1.0,18,0,0,0.0,0.0,2,2,2,1.0,1.0
baseline,gemma4:12b,all_crops,state_101,hex_nut,0.7,4,4,4,1.0,1.0,18,0,0,0.0,0.0,2,2,2,1.0,1.0
baseline,gemma4:12b,all_crops,state_101,hex_nut,0.8,4,4,4,1.0,1.0,18,0,0,0.0,0.0,2,2,2,1.0,1.0
baseline,gemma4:12b,all_crops,state_101,hex_nut,0.9,4,4,4,1.0,1.0,18,0,0,0.0,0.0,2,2,2,1.0,1.0
baseline,gemma4:12b,all_crops,state_101,hex_nut,0.95,4,2,2,0.5,0.5,18,0,0,0.0,0.0,2,1,1,0.5,0.5
baseline,gemma4:12b,all_crops,state_101,hex_nut,0.97,4,2,2,0.5,0.5,18,0,0,0.0,0.0,2,1,1,0.5,0.5
baseline,gemma4:12b,all_crops,state_101,hex_nut,0.98,4,2,2,0.5,0.5,18,0,0,0.0,0.0,2,1,1,0.5,0.5
baseline,gemma4:12b,all_crops,state_101,hex_nut,0.99,4,2,2,0.5,0.5,18,0,0,0.0,0.0,2,1,1,0.5,0.5
baseline,gemma4:12b,all_crops,state_101,hex_nut,0.995,4,2,2,0.5,0.5,18,0,0,0.0,0.0,2,1,1,0.5,0.5
baseline,gemma4:12b,all_crops,state_101,hex_nut,0.999,4,1,1,0.25,0.25,18,0,0,0.0,0.0,2,0,0,0.0,0.0
baseline,gemma4:12b,all_crops,state_101,hex_nut,0.9999,4,0,0,0.0,0.0,18,0,0,0.0,0.0,2,0,0,0.0,0.0
baseline,gemma4:12b,all_crops,state_101,hex_nut,0.99999,4,0,0,0.0,0.0,18,0,0,0.0,0.0,2,0,0,0.0,0.0
baseline,gemma4:12b,all_crops,state_101,hex_nut,0.999999,4,0,0,0.0,0.0,18,0,0,0.0,0.0,2,0,0,0.0,0.0
baseline,gemma4:12b,all_crops,state_101,round_pin,0.4,9,9,9,1.0,1.0,24,9,9,0.375,0.375,3,3,3,1.0,1.0
baseline,gemma4:12b,all_crops,state_101,round_pin,0.5,9,9,9,1.0,1.0,24,8,8,0.3333333333333333,0.3333333333333333,3,3,3,1.0,1.0
baseline,gemma4:12b,all_crops,state_101,round_pin,0.6,9,9,9,1.0,1.0,24,8,8,0.3333333333333333,0.3333333333333333,3,3,3,1.0,1.0
baseline,gemma4:12b,all_crops,state_101,round_pin,0.65,9,9,9,1.0,1.0,24,7,7,0.2916666666666667,0.2916666666666667,3,3,3,1.0,1.0
baseline,gemma4:12b,all_crops,state_101,round_pin,0.7,9,9,9,1.0,1.0,24,7,7,0.2916666666666667,0.2916666666666667,3,3,3,1.0,1.0
baseline,gemma4:12b,all_crops,state_101,round_pin,0.8,9,9,9,1.0,1.0,24,7,7,0.2916666666666667,0.2916666666666667,3,3,3,1.0,1.0
baseline,gemma4:12b,all_crops,state_101,round_pin,0.9,9,9,9,1.0,1.0,24,6,6,0.25,0.25,3,3,3,1.0,1.0
baseline,gemma4:12b,all_crops,state_101,round_pin,0.95,9,9,9,1.0,1.0,24,6,6,0.25,0.25,3,3,3,1.0,1.0
baseline,gemma4:12b,all_crops,state_101,round_pin,0.97,9,9,9,1.0,1.0,24,6,6,0.25,0.25,3,3,3,1.0,1.0
baseline,gemma4:12b,all_crops,state_101,round_pin,0.98,9,9,9,1.0,1.0,24,6,6,0.25,0.25,3,3,3,1.0,1.0
baseline,gemma4:12b,all_crops,state_101,round_pin,0.99,9,9,9,1.0,1.0,24,6,6,0.25,0.25,3,3,3,1.0,1.0
baseline,gemma4:12b,all_crops,state_101,round_pin,0.995,9,9,9,1.0,1.0,24,6,6,0.25,0.25,3,3,3,1.0,1.0
baseline,gemma4:12b,all_crops,state_101,round_pin,0.999,9,9,9,1.0,1.0,24,4,4,0.16666666666666666,0.16666666666666666,3,3,3,1.0,1.0
baseline,gemma4:12b,all_crops,state_101,round_pin,0.9999,9,9,9,1.0,1.0,24,0,0,0.0,0.0,3,3,3,1.0,1.0
baseline,gemma4:12b,all_crops,state_101,round_pin,0.99999,9,9,9,1.0,1.0,24,0,0,0.0,0.0,3,3,3,1.0,1.0
baseline,gemma4:12b,all_crops,state_101,round_pin,0.999999,9,0,0,0.0,0.0,24,0,0,0.0,0.0,3,0,0,0.0,0.0
baseline,gemma4:12b,all_crops,state_101,Waterproof_Male,0.4,1,1,1,1.0,1.0,10,4,4,0.4,0.4,1,1,1,1.0,1.0
baseline,gemma4:12b,all_crops,state_101,Waterproof_Male,0.5,1,1,1,1.0,1.0,10,4,4,0.4,0.4,1,1,1,1.0,1.0
baseline,gemma4:12b,all_crops,state_101,Waterproof_Male,0.6,1,1,1,1.0,1.0,10,4,4,0.4,0.4,1,1,1,1.0,1.0
baseline,gemma4:12b,all_crops,state_101,Waterproof_Male,0.65,1,1,1,1.0,1.0,10,4,4,0.4,0.4,1,1,1,1.0,1.0
baseline,gemma4:12b,all_crops,state_101,Waterproof_Male,0.7,1,1,1,1.0,1.0,10,4,4,0.4,0.4,1,1,1,1.0,1.0
baseline,gemma4:12b,all_crops,state_101,Waterproof_Male,0.8,1,1,1,1.0,1.0,10,4,4,0.4,0.4,1,1,1,1.0,1.0
baseline,gemma4:12b,all_crops,state_101,Waterproof_Male,0.9,1,1,1,1.0,1.0,10,3,3,0.3,0.3,1,1,1,1.0,1.0
baseline,gemma4:12b,all_crops,state_101,Waterproof_Male,0.95,1,1,1,1.0,1.0,10,3,3,0.3,0.3,1,1,1,1.0,1.0
baseline,gemma4:12b,all_crops,state_101,Waterproof_Male,0.97,1,1,1,1.0,1.0,10,3,3,0.3,0.3,1,1,1,1.0,1.0
baseline,gemma4:12b,all_crops,state_101,Waterproof_Male,0.98,1,1,1,1.0,1.0,10,3,3,0.3,0.3,1,1,1,1.0,1.0
baseline,gemma4:12b,all_crops,state_101,Waterproof_Male,0.99,1,1,1,1.0,1.0,10,3,3,0.3,0.3,1,1,1,1.0,1.0
baseline,gemma4:12b,all_crops,state_101,Waterproof_Male,0.995,1,1,1,1.0,1.0,10,3,3,0.3,0.3,1,1,1,1.0,1.0
baseline,gemma4:12b,all_crops,state_101,Waterproof_Male,0.999,1,1,1,1.0,1.0,10,3,3,0.3,0.3,1,1,1,1.0,1.0
baseline,gemma4:12b,all_crops,state_101,Waterproof_Male,0.9999,1,1,1,1.0,1.0,10,2,2,0.2,0.2,1,1,1,1.0,1.0
baseline,gemma4:12b,all_crops,state_101,Waterproof_Male,0.99999,1,1,1,1.0,1.0,10,0,0,0.0,0.0,1,1,1,1.0,1.0
baseline,gemma4:12b,all_crops,state_101,Waterproof_Male,0.999999,1,0,0,0.0,0.0,10,0,0,0.0,0.0,1,0,0,0.0,0.0
baseline,gemma4:12b,all_crops,state_101,USB_Male,0.4,1,1,1,1.0,1.0,10,1,1,0.1,0.1,1,1,1,1.0,1.0
baseline,gemma4:12b,all_crops,state_101,USB_Male,0.5,1,1,1,1.0,1.0,10,1,1,0.1,0.1,1,1,1,1.0,1.0
baseline,gemma4:12b,all_crops,state_101,USB_Male,0.6,1,1,1,1.0,1.0,10,1,1,0.1,0.1,1,1,1,1.0,1.0
baseline,gemma4:12b,all_crops,state_101,USB_Male,0.65,1,1,1,1.0,1.0,10,1,1,0.1,0.1,1,1,1,1.0,1.0
baseline,gemma4:12b,all_crops,state_101,USB_Male,0.7,1,1,1,1.0,1.0,10,1,1,0.1,0.1,1,1,1,1.0,1.0
baseline,gemma4:12b,all_crops,state_101,USB_Male,0.8,1,1,1,1.0,1.0,10,1,1,0.1,0.1,1,1,1,1.0,1.0
baseline,gemma4:12b,all_crops,state_101,USB_Male,0.9,1,1,1,1.0,1.0,10,1,1,0.1,0.1,1,1,1,1.0,1.0
baseline,gemma4:12b,all_crops,state_101,USB_Male,0.95,1,1,1,1.0,1.0,10,1,1,0.1,0.1,1,1,1,1.0,1.0
baseline,gemma4:12b,all_crops,state_101,USB_Male,0.97,1,1,1,1.0,1.0,10,1,1,0.1,0.1,1,1,1,1.0,1.0
baseline,gemma4:12b,all_crops,state_101,USB_Male,0.98,1,1,1,1.0,1.0,10,1,1,0.1,0.1,1,1,1,1.0,1.0
baseline,gemma4:12b,all_crops,state_101,USB_Male,0.99,1,1,1,1.0,1.0,10,1,1,0.1,0.1,1,1,1,1.0,1.0
baseline,gemma4:12b,all_crops,state_101,USB_Male,0.995,1,1,1,1.0,1.0,10,0,0,0.0,0.0,1,1,1,1.0,1.0
baseline,gemma4:12b,all_crops,state_101,USB_Male,0.999,1,1,1,1.0,1.0,10,0,0,0.0,0.0,1,1,1,1.0,1.0
baseline,gemma4:12b,all_crops,state_101,USB_Male,0.9999,1,1,1,1.0,1.0,10,0,0,0.0,0.0,1,1,1,1.0,1.0
baseline,gemma4:12b,all_crops,state_101,USB_Male,0.99999,1,1,1,1.0,1.0,10,0,0,0.0,0.0,1,1,1,1.0,1.0
baseline,gemma4:12b,all_crops,state_101,USB_Male,0.999999,1,0,0,0.0,0.0,10,0,0,0.0,0.0,1,0,0,0.0,0.0
baseline,gemma4:12b,all_crops,state_101,DSUB_Male,0.4,1,1,1,1.0,1.0,10,1,1,0.1,0.1,1,1,1,1.0,1.0
baseline,gemma4:12b,all_crops,state_101,DSUB_Male,0.5,1,1,1,1.0,1.0,10,1,1,0.1,0.1,1,1,1,1.0,1.0
baseline,gemma4:12b,all_crops,state_101,DSUB_Male,0.6,1,1,1,1.0,1.0,10,1,1,0.1,0.1,1,1,1,1.0,1.0
baseline,gemma4:12b,all_crops,state_101,DSUB_Male,0.65,1,1,1,1.0,1.0,10,1,1,0.1,0.1,1,1,1,1.0,1.0
baseline,gemma4:12b,all_crops,state_101,DSUB_Male,0.7,1,1,1,1.0,1.0,10,1,1,0.1,0.1,1,1,1,1.0,1.0
baseline,gemma4:12b,all_crops,state_101,DSUB_Male,0.8,1,1,1,1.0,1.0,10,1,1,0.1,0.1,1,1,1,1.0,1.0
baseline,gemma4:12b,all_crops,state_101,DSUB_Male,0.9,1,1,1,1.0,1.0,10,1,1,0.1,0.1,1,1,1,1.0,1.0
baseline,gemma4:12b,all_crops,state_101,DSUB_Male,0.95,1,1,1,1.0,1.0,10,1,1,0.1,0.1,1,1,1,1.0,1.0
baseline,gemma4:12b,all_crops,state_101,DSUB_Male,0.97,1,1,1,1.0,1.0,10,1,1,0.1,0.1,1,1,1,1.0,1.0
baseline,gemma4:12b,all_crops,state_101,DSUB_Male,0.98,1,1,1,1.0,1.0,10,1,1,0.1,0.1,1,1,1,1.0,1.0
baseline,gemma4:12b,all_crops,state_101,DSUB_Male,0.99,1,1,1,1.0,1.0,10,1,1,0.1,0.1,1,1,1,1.0,1.0
baseline,gemma4:12b,all_crops,state_101,DSUB_Male,0.995,1,1,1,1.0,1.0,10,1,1,0.1,0.1,1,1,1,1.0,1.0
baseline,gemma4:12b,all_crops,state_101,DSUB_Male,0.999,1,1,1,1.0,1.0,10,0,0,0.0,0.0,1,1,1,1.0,1.0
baseline,gemma4:12b,all_crops,state_101,DSUB_Male,0.9999,1,1,1,1.0,1.0,10,0,0,0.0,0.0,1,1,1,1.0,1.0
baseline,gemma4:12b,all_crops,state_101,DSUB_Male,0.99999,1,0,0,0.0,0.0,10,0,0,0.0,0.0,1,0,0,0.0,0.0
baseline,gemma4:12b,all_crops,state_101,DSUB_Male,0.999999,1,0,0,0.0,0.0,10,0,0,0.0,0.0,1,0,0,0.0,0.0
baseline,gemma4:12b,all_crops,state_202,gear,0.4,9,9,9,1.0,1.0,24,8,8,0.3333333333333333,0.3333333333333333,3,3,3,1.0,1.0
baseline,gemma4:12b,all_crops,state_202,gear,0.5,9,9,9,1.0,1.0,24,8,8,0.3333333333333333,0.3333333333333333,3,3,3,1.0,1.0
baseline,gemma4:12b,all_crops,state_202,gear,0.6,9,9,9,1.0,1.0,24,8,8,0.3333333333333333,0.3333333333333333,3,3,3,1.0,1.0
baseline,gemma4:12b,all_crops,state_202,gear,0.65,9,9,9,1.0,1.0,24,8,8,0.3333333333333333,0.3333333333333333,3,3,3,1.0,1.0
baseline,gemma4:12b,all_crops,state_202,gear,0.7,9,9,9,1.0,1.0,24,8,8,0.3333333333333333,0.3333333333333333,3,3,3,1.0,1.0
baseline,gemma4:12b,all_crops,state_202,gear,0.8,9,9,9,1.0,1.0,24,6,6,0.25,0.25,3,3,3,1.0,1.0
baseline,gemma4:12b,all_crops,state_202,gear,0.9,9,9,9,1.0,1.0,24,5,5,0.20833333333333334,0.20833333333333334,3,3,3,1.0,1.0
baseline,gemma4:12b,all_crops,state_202,gear,0.95,9,9,9,1.0,1.0,24,4,4,0.16666666666666666,0.16666666666666666,3,3,3,1.0,1.0
baseline,gemma4:12b,all_crops,state_202,gear,0.97,9,9,9,1.0,1.0,24,3,3,0.125,0.125,3,3,3,1.0,1.0
baseline,gemma4:12b,all_crops,state_202,gear,0.98,9,9,9,1.0,1.0,24,3,3,0.125,0.125,3,3,3,1.0,1.0
baseline,gemma4:12b,all_crops,state_202,gear,0.99,9,9,9,1.0,1.0,24,3,3,0.125,0.125,3,3,3,1.0,1.0
baseline,gemma4:12b,all_crops,state_202,gear,0.995,9,9,9,1.0,1.0,24,3,3,0.125,0.125,3,3,3,1.0,1.0
baseline,gemma4:12b,all_crops,state_202,gear,0.999,9,7,7,0.7777777777777778,0.7777777777777778,24,3,3,0.125,0.125,3,2,2,0.6666666666666666,0.6666666666666666
baseline,gemma4:12b,all_crops,state_202,gear,0.9999,9,6,6,0.6666666666666666,0.6666666666666666,24,1,1,0.041666666666666664,0.041666666666666664,3,2,2,0.6666666666666666,0.6666666666666666
baseline,gemma4:12b,all_crops,state_202,gear,0.99999,9,3,3,0.3333333333333333,0.3333333333333333,24,0,0,0.0,0.0,3,0,0,0.0,0.0
baseline,gemma4:12b,all_crops,state_202,gear,0.999999,9,0,0,0.0,0.0,24,0,0,0.0,0.0,3,0,0,0.0,0.0
baseline,gemma4:12b,all_crops,state_202,hex_nut,0.4,4,4,4,1.0,1.0,18,0,0,0.0,0.0,2,2,2,1.0,1.0
baseline,gemma4:12b,all_crops,state_202,hex_nut,0.5,4,4,4,1.0,1.0,18,0,0,0.0,0.0,2,2,2,1.0,1.0
baseline,gemma4:12b,all_crops,state_202,hex_nut,0.6,4,4,4,1.0,1.0,18,0,0,0.0,0.0,2,2,2,1.0,1.0
baseline,gemma4:12b,all_crops,state_202,hex_nut,0.65,4,4,4,1.0,1.0,18,0,0,0.0,0.0,2,2,2,1.0,1.0
baseline,gemma4:12b,all_crops,state_202,hex_nut,0.7,4,4,4,1.0,1.0,18,0,0,0.0,0.0,2,2,2,1.0,1.0
baseline,gemma4:12b,all_crops,state_202,hex_nut,0.8,4,4,4,1.0,1.0,18,0,0,0.0,0.0,2,2,2,1.0,1.0
baseline,gemma4:12b,all_crops,state_202,hex_nut,0.9,4,4,4,1.0,1.0,18,0,0,0.0,0.0,2,2,2,1.0,1.0
baseline,gemma4:12b,all_crops,state_202,hex_nut,0.95,4,4,4,1.0,1.0,18,0,0,0.0,0.0,2,2,2,1.0,1.0
baseline,gemma4:12b,all_crops,state_202,hex_nut,0.97,4,4,4,1.0,1.0,18,0,0,0.0,0.0,2,2,2,1.0,1.0
baseline,gemma4:12b,all_crops,state_202,hex_nut,0.98,4,4,4,1.0,1.0,18,0,0,0.0,0.0,2,2,2,1.0,1.0
baseline,gemma4:12b,all_crops,state_202,hex_nut,0.99,4,4,4,1.0,1.0,18,0,0,0.0,0.0,2,2,2,1.0,1.0
baseline,gemma4:12b,all_crops,state_202,hex_nut,0.995,4,4,4,1.0,1.0,18,0,0,0.0,0.0,2,2,2,1.0,1.0
baseline,gemma4:12b,all_crops,state_202,hex_nut,0.999,4,4,4,1.0,1.0,18,0,0,0.0,0.0,2,2,2,1.0,1.0
baseline,gemma4:12b,all_crops,state_202,hex_nut,0.9999,4,4,4,1.0,1.0,18,0,0,0.0,0.0,2,2,2,1.0,1.0
baseline,gemma4:12b,all_crops,state_202,hex_nut,0.99999,4,0,0,0.0,0.0,18,0,0,0.0,0.0,2,0,0,0.0,0.0
baseline,gemma4:12b,all_crops,state_202,hex_nut,0.999999,4,0,0,0.0,0.0,18,0,0,0.0,0.0,2,0,0,0.0,0.0
baseline,gemma4:12b,all_crops,state_202,round_pin,0.4,9,9,9,1.0,1.0,24,6,6,0.25,0.25,3,3,3,1.0,1.0
baseline,gemma4:12b,all_crops,state_202,round_pin,0.5,9,9,9,1.0,1.0,24,6,6,0.25,0.25,3,3,3,1.0,1.0
baseline,gemma4:12b,all_crops,state_202,round_pin,0.6,9,9,9,1.0,1.0,24,6,6,0.25,0.25,3,3,3,1.0,1.0
baseline,gemma4:12b,all_crops,state_202,round_pin,0.65,9,9,9,1.0,1.0,24,6,6,0.25,0.25,3,3,3,1.0,1.0
baseline,gemma4:12b,all_crops,state_202,round_pin,0.7,9,9,9,1.0,1.0,24,6,6,0.25,0.25,3,3,3,1.0,1.0
baseline,gemma4:12b,all_crops,state_202,round_pin,0.8,9,9,9,1.0,1.0,24,6,6,0.25,0.25,3,3,3,1.0,1.0
baseline,gemma4:12b,all_crops,state_202,round_pin,0.9,9,9,9,1.0,1.0,24,6,6,0.25,0.25,3,3,3,1.0,1.0
baseline,gemma4:12b,all_crops,state_202,round_pin,0.95,9,9,9,1.0,1.0,24,6,6,0.25,0.25,3,3,3,1.0,1.0
baseline,gemma4:12b,all_crops,state_202,round_pin,0.97,9,9,9,1.0,1.0,24,6,6,0.25,0.25,3,3,3,1.0,1.0
baseline,gemma4:12b,all_crops,state_202,round_pin,0.98,9,9,9,1.0,1.0,24,6,6,0.25,0.25,3,3,3,1.0,1.0
baseline,gemma4:12b,all_crops,state_202,round_pin,0.99,9,9,9,1.0,1.0,24,6,6,0.25,0.25,3,3,3,1.0,1.0
baseline,gemma4:12b,all_crops,state_202,round_pin,0.995,9,9,9,1.0,1.0,24,5,5,0.20833333333333334,0.20833333333333334,3,3,3,1.0,1.0
baseline,gemma4:12b,all_crops,state_202,round_pin,0.999,9,9,9,1.0,1.0,24,3,3,0.125,0.125,3,3,3,1.0,1.0
baseline,gemma4:12b,all_crops,state_202,round_pin,0.9999,9,9,9,1.0,1.0,24,0,0,0.0,0.0,3,3,3,1.0,1.0
baseline,gemma4:12b,all_crops,state_202,round_pin,0.99999,9,9,9,1.0,1.0,24,0,0,0.0,0.0,3,3,3,1.0,1.0
baseline,gemma4:12b,all_crops,state_202,round_pin,0.999999,9,0,0,0.0,0.0,24,0,0,0.0,0.0,3,0,0,0.0,0.0
baseline,gemma4:12b,all_crops,state_202,Waterproof_Male,0.4,1,1,1,1.0,1.0,10,4,4,0.4,0.4,1,1,1,1.0,1.0
baseline,gemma4:12b,all_crops,state_202,Waterproof_Male,0.5,1,1,1,1.0,1.0,10,4,4,0.4,0.4,1,1,1,1.0,1.0
baseline,gemma4:12b,all_crops,state_202,Waterproof_Male,0.6,1,1,1,1.0,1.0,10,4,4,0.4,0.4,1,1,1,1.0,1.0
baseline,gemma4:12b,all_crops,state_202,Waterproof_Male,0.65,1,1,1,1.0,1.0,10,4,4,0.4,0.4,1,1,1,1.0,1.0
baseline,gemma4:12b,all_crops,state_202,Waterproof_Male,0.7,1,1,1,1.0,1.0,10,4,4,0.4,0.4,1,1,1,1.0,1.0
baseline,gemma4:12b,all_crops,state_202,Waterproof_Male,0.8,1,1,1,1.0,1.0,10,4,4,0.4,0.4,1,1,1,1.0,1.0
baseline,gemma4:12b,all_crops,state_202,Waterproof_Male,0.9,1,1,1,1.0,1.0,10,4,4,0.4,0.4,1,1,1,1.0,1.0
baseline,gemma4:12b,all_crops,state_202,Waterproof_Male,0.95,1,1,1,1.0,1.0,10,4,4,0.4,0.4,1,1,1,1.0,1.0
baseline,gemma4:12b,all_crops,state_202,Waterproof_Male,0.97,1,1,1,1.0,1.0,10,4,4,0.4,0.4,1,1,1,1.0,1.0
baseline,gemma4:12b,all_crops,state_202,Waterproof_Male,0.98,1,1,1,1.0,1.0,10,4,4,0.4,0.4,1,1,1,1.0,1.0
baseline,gemma4:12b,all_crops,state_202,Waterproof_Male,0.99,1,1,1,1.0,1.0,10,3,3,0.3,0.3,1,1,1,1.0,1.0
baseline,gemma4:12b,all_crops,state_202,Waterproof_Male,0.995,1,1,1,1.0,1.0,10,3,3,0.3,0.3,1,1,1,1.0,1.0
baseline,gemma4:12b,all_crops,state_202,Waterproof_Male,0.999,1,1,1,1.0,1.0,10,3,3,0.3,0.3,1,1,1,1.0,1.0
baseline,gemma4:12b,all_crops,state_202,Waterproof_Male,0.9999,1,1,1,1.0,1.0,10,2,2,0.2,0.2,1,1,1,1.0,1.0
baseline,gemma4:12b,all_crops,state_202,Waterproof_Male,0.99999,1,0,0,0.0,0.0,10,1,1,0.1,0.1,1,0,0,0.0,0.0
baseline,gemma4:12b,all_crops,state_202,Waterproof_Male,0.999999,1,0,0,0.0,0.0,10,0,0,0.0,0.0,1,0,0,0.0,0.0
baseline,gemma4:12b,all_crops,state_202,USB_Male,0.4,1,1,1,1.0,1.0,10,0,0,0.0,0.0,1,1,1,1.0,1.0
baseline,gemma4:12b,all_crops,state_202,USB_Male,0.5,1,1,1,1.0,1.0,10,0,0,0.0,0.0,1,1,1,1.0,1.0
baseline,gemma4:12b,all_crops,state_202,USB_Male,0.6,1,1,1,1.0,1.0,10,0,0,0.0,0.0,1,1,1,1.0,1.0
baseline,gemma4:12b,all_crops,state_202,USB_Male,0.65,1,1,1,1.0,1.0,10,0,0,0.0,0.0,1,1,1,1.0,1.0
baseline,gemma4:12b,all_crops,state_202,USB_Male,0.7,1,1,1,1.0,1.0,10,0,0,0.0,0.0,1,1,1,1.0,1.0
baseline,gemma4:12b,all_crops,state_202,USB_Male,0.8,1,1,1,1.0,1.0,10,0,0,0.0,0.0,1,1,1,1.0,1.0
baseline,gemma4:12b,all_crops,state_202,USB_Male,0.9,1,1,1,1.0,1.0,10,0,0,0.0,0.0,1,1,1,1.0,1.0
baseline,gemma4:12b,all_crops,state_202,USB_Male,0.95,1,1,1,1.0,1.0,10,0,0,0.0,0.0,1,1,1,1.0,1.0
baseline,gemma4:12b,all_crops,state_202,USB_Male,0.97,1,1,1,1.0,1.0,10,0,0,0.0,0.0,1,1,1,1.0,1.0
baseline,gemma4:12b,all_crops,state_202,USB_Male,0.98,1,1,1,1.0,1.0,10,0,0,0.0,0.0,1,1,1,1.0,1.0
baseline,gemma4:12b,all_crops,state_202,USB_Male,0.99,1,1,1,1.0,1.0,10,0,0,0.0,0.0,1,1,1,1.0,1.0
baseline,gemma4:12b,all_crops,state_202,USB_Male,0.995,1,1,1,1.0,1.0,10,0,0,0.0,0.0,1,1,1,1.0,1.0
baseline,gemma4:12b,all_crops,state_202,USB_Male,0.999,1,1,1,1.0,1.0,10,0,0,0.0,0.0,1,1,1,1.0,1.0
baseline,gemma4:12b,all_crops,state_202,USB_Male,0.9999,1,1,1,1.0,1.0,10,0,0,0.0,0.0,1,1,1,1.0,1.0
baseline,gemma4:12b,all_crops,state_202,USB_Male,0.99999,1,1,1,1.0,1.0,10,0,0,0.0,0.0,1,1,1,1.0,1.0
baseline,gemma4:12b,all_crops,state_202,USB_Male,0.999999,1,0,0,0.0,0.0,10,0,0,0.0,0.0,1,0,0,0.0,0.0
baseline,gemma4:12b,all_crops,state_202,DSUB_Male,0.4,1,1,1,1.0,1.0,10,1,1,0.1,0.1,1,1,1,1.0,1.0
baseline,gemma4:12b,all_crops,state_202,DSUB_Male,0.5,1,1,1,1.0,1.0,10,1,1,0.1,0.1,1,1,1,1.0,1.0
baseline,gemma4:12b,all_crops,state_202,DSUB_Male,0.6,1,1,1,1.0,1.0,10,1,1,0.1,0.1,1,1,1,1.0,1.0
baseline,gemma4:12b,all_crops,state_202,DSUB_Male,0.65,1,1,1,1.0,1.0,10,1,1,0.1,0.1,1,1,1,1.0,1.0
baseline,gemma4:12b,all_crops,state_202,DSUB_Male,0.7,1,1,1,1.0,1.0,10,1,1,0.1,0.1,1,1,1,1.0,1.0
baseline,gemma4:12b,all_crops,state_202,DSUB_Male,0.8,1,1,1,1.0,1.0,10,1,1,0.1,0.1,1,1,1,1.0,1.0
baseline,gemma4:12b,all_crops,state_202,DSUB_Male,0.9,1,1,1,1.0,1.0,10,1,1,0.1,0.1,1,1,1,1.0,1.0
baseline,gemma4:12b,all_crops,state_202,DSUB_Male,0.95,1,1,1,1.0,1.0,10,1,1,0.1,0.1,1,1,1,1.0,1.0
baseline,gemma4:12b,all_crops,state_202,DSUB_Male,0.97,1,1,1,1.0,1.0,10,1,1,0.1,0.1,1,1,1,1.0,1.0
baseline,gemma4:12b,all_crops,state_202,DSUB_Male,0.98,1,1,1,1.0,1.0,10,1,1,0.1,0.1,1,1,1,1.0,1.0
baseline,gemma4:12b,all_crops,state_202,DSUB_Male,0.99,1,1,1,1.0,1.0,10,1,1,0.1,0.1,1,1,1,1.0,1.0
baseline,gemma4:12b,all_crops,state_202,DSUB_Male,0.995,1,1,1,1.0,1.0,10,1,1,0.1,0.1,1,1,1,1.0,1.0
baseline,gemma4:12b,all_crops,state_202,DSUB_Male,0.999,1,1,1,1.0,1.0,10,1,1,0.1,0.1,1,1,1,1.0,1.0
baseline,gemma4:12b,all_crops,state_202,DSUB_Male,0.9999,1,1,1,1.0,1.0,10,0,0,0.0,0.0,1,1,1,1.0,1.0
baseline,gemma4:12b,all_crops,state_202,DSUB_Male,0.99999,1,1,1,1.0,1.0,10,0,0,0.0,0.0,1,1,1,1.0,1.0
baseline,gemma4:12b,all_crops,state_202,DSUB_Male,0.999999,1,0,0,0.0,0.0,10,0,0,0.0,0.0,1,0,0,0.0,0.0
baseline,gemma4:12b,all_crops,state_303,gear,0.4,9,9,9,1.0,1.0,24,8,8,0.3333333333333333,0.3333333333333333,3,3,3,1.0,1.0
baseline,gemma4:12b,all_crops,state_303,gear,0.5,9,9,9,1.0,1.0,24,8,8,0.3333333333333333,0.3333333333333333,3,3,3,1.0,1.0
baseline,gemma4:12b,all_crops,state_303,gear,0.6,9,9,9,1.0,1.0,24,8,8,0.3333333333333333,0.3333333333333333,3,3,3,1.0,1.0
baseline,gemma4:12b,all_crops,state_303,gear,0.65,9,9,9,1.0,1.0,24,8,8,0.3333333333333333,0.3333333333333333,3,3,3,1.0,1.0
baseline,gemma4:12b,all_crops,state_303,gear,0.7,9,9,9,1.0,1.0,24,8,8,0.3333333333333333,0.3333333333333333,3,3,3,1.0,1.0
baseline,gemma4:12b,all_crops,state_303,gear,0.8,9,9,9,1.0,1.0,24,8,8,0.3333333333333333,0.3333333333333333,3,3,3,1.0,1.0
baseline,gemma4:12b,all_crops,state_303,gear,0.9,9,9,9,1.0,1.0,24,8,8,0.3333333333333333,0.3333333333333333,3,3,3,1.0,1.0
baseline,gemma4:12b,all_crops,state_303,gear,0.95,9,9,9,1.0,1.0,24,8,8,0.3333333333333333,0.3333333333333333,3,3,3,1.0,1.0
baseline,gemma4:12b,all_crops,state_303,gear,0.97,9,9,9,1.0,1.0,24,8,8,0.3333333333333333,0.3333333333333333,3,3,3,1.0,1.0
baseline,gemma4:12b,all_crops,state_303,gear,0.98,9,9,9,1.0,1.0,24,8,8,0.3333333333333333,0.3333333333333333,3,3,3,1.0,1.0
baseline,gemma4:12b,all_crops,state_303,gear,0.99,9,9,9,1.0,1.0,24,6,6,0.25,0.25,3,3,3,1.0,1.0
baseline,gemma4:12b,all_crops,state_303,gear,0.995,9,9,9,1.0,1.0,24,6,6,0.25,0.25,3,3,3,1.0,1.0
baseline,gemma4:12b,all_crops,state_303,gear,0.999,9,8,8,0.8888888888888888,0.8888888888888888,24,6,6,0.25,0.25,3,2,2,0.6666666666666666,0.6666666666666666
baseline,gemma4:12b,all_crops,state_303,gear,0.9999,9,6,6,0.6666666666666666,0.6666666666666666,24,6,6,0.25,0.25,3,2,2,0.6666666666666666,0.6666666666666666
baseline,gemma4:12b,all_crops,state_303,gear,0.99999,9,2,2,0.2222222222222222,0.2222222222222222,24,0,0,0.0,0.0,3,0,0,0.0,0.0
baseline,gemma4:12b,all_crops,state_303,gear,0.999999,9,0,0,0.0,0.0,24,0,0,0.0,0.0,3,0,0,0.0,0.0
baseline,gemma4:12b,all_crops,state_303,hex_nut,0.4,4,4,4,1.0,1.0,18,0,0,0.0,0.0,2,2,2,1.0,1.0
baseline,gemma4:12b,all_crops,state_303,hex_nut,0.5,4,4,4,1.0,1.0,18,0,0,0.0,0.0,2,2,2,1.0,1.0
baseline,gemma4:12b,all_crops,state_303,hex_nut,0.6,4,4,4,1.0,1.0,18,0,0,0.0,0.0,2,2,2,1.0,1.0
baseline,gemma4:12b,all_crops,state_303,hex_nut,0.65,4,4,4,1.0,1.0,18,0,0,0.0,0.0,2,2,2,1.0,1.0
baseline,gemma4:12b,all_crops,state_303,hex_nut,0.7,4,4,4,1.0,1.0,18,0,0,0.0,0.0,2,2,2,1.0,1.0
baseline,gemma4:12b,all_crops,state_303,hex_nut,0.8,4,4,4,1.0,1.0,18,0,0,0.0,0.0,2,2,2,1.0,1.0
baseline,gemma4:12b,all_crops,state_303,hex_nut,0.9,4,4,4,1.0,1.0,18,0,0,0.0,0.0,2,2,2,1.0,1.0
baseline,gemma4:12b,all_crops,state_303,hex_nut,0.95,4,4,4,1.0,1.0,18,0,0,0.0,0.0,2,2,2,1.0,1.0
baseline,gemma4:12b,all_crops,state_303,hex_nut,0.97,4,4,4,1.0,1.0,18,0,0,0.0,0.0,2,2,2,1.0,1.0
baseline,gemma4:12b,all_crops,state_303,hex_nut,0.98,4,4,4,1.0,1.0,18,0,0,0.0,0.0,2,2,2,1.0,1.0
baseline,gemma4:12b,all_crops,state_303,hex_nut,0.99,4,4,4,1.0,1.0,18,0,0,0.0,0.0,2,2,2,1.0,1.0
baseline,gemma4:12b,all_crops,state_303,hex_nut,0.995,4,4,4,1.0,1.0,18,0,0,0.0,0.0,2,2,2,1.0,1.0
baseline,gemma4:12b,all_crops,state_303,hex_nut,0.999,4,4,4,1.0,1.0,18,0,0,0.0,0.0,2,2,2,1.0,1.0
baseline,gemma4:12b,all_crops,state_303,hex_nut,0.9999,4,0,0,0.0,0.0,18,0,0,0.0,0.0,2,0,0,0.0,0.0
baseline,gemma4:12b,all_crops,state_303,hex_nut,0.99999,4,0,0,0.0,0.0,18,0,0,0.0,0.0,2,0,0,0.0,0.0
baseline,gemma4:12b,all_crops,state_303,hex_nut,0.999999,4,0,0,0.0,0.0,18,0,0,0.0,0.0,2,0,0,0.0,0.0
baseline,gemma4:12b,all_crops,state_303,round_pin,0.4,9,9,9,1.0,1.0,24,6,6,0.25,0.25,3,3,3,1.0,1.0
baseline,gemma4:12b,all_crops,state_303,round_pin,0.5,9,9,9,1.0,1.0,24,6,6,0.25,0.25,3,3,3,1.0,1.0
baseline,gemma4:12b,all_crops,state_303,round_pin,0.6,9,9,9,1.0,1.0,24,6,6,0.25,0.25,3,3,3,1.0,1.0
baseline,gemma4:12b,all_crops,state_303,round_pin,0.65,9,9,9,1.0,1.0,24,6,6,0.25,0.25,3,3,3,1.0,1.0
baseline,gemma4:12b,all_crops,state_303,round_pin,0.7,9,9,9,1.0,1.0,24,6,6,0.25,0.25,3,3,3,1.0,1.0
baseline,gemma4:12b,all_crops,state_303,round_pin,0.8,9,9,9,1.0,1.0,24,6,6,0.25,0.25,3,3,3,1.0,1.0
baseline,gemma4:12b,all_crops,state_303,round_pin,0.9,9,9,9,1.0,1.0,24,6,6,0.25,0.25,3,3,3,1.0,1.0
baseline,gemma4:12b,all_crops,state_303,round_pin,0.95,9,9,9,1.0,1.0,24,6,6,0.25,0.25,3,3,3,1.0,1.0
baseline,gemma4:12b,all_crops,state_303,round_pin,0.97,9,9,9,1.0,1.0,24,6,6,0.25,0.25,3,3,3,1.0,1.0
baseline,gemma4:12b,all_crops,state_303,round_pin,0.98,9,9,9,1.0,1.0,24,6,6,0.25,0.25,3,3,3,1.0,1.0
baseline,gemma4:12b,all_crops,state_303,round_pin,0.99,9,9,9,1.0,1.0,24,5,5,0.20833333333333334,0.20833333333333334,3,3,3,1.0,1.0
baseline,gemma4:12b,all_crops,state_303,round_pin,0.995,9,9,9,1.0,1.0,24,4,4,0.16666666666666666,0.16666666666666666,3,3,3,1.0,1.0
baseline,gemma4:12b,all_crops,state_303,round_pin,0.999,9,9,9,1.0,1.0,24,3,3,0.125,0.125,3,3,3,1.0,1.0
baseline,gemma4:12b,all_crops,state_303,round_pin,0.9999,9,9,9,1.0,1.0,24,2,2,0.08333333333333333,0.08333333333333333,3,3,3,1.0,1.0
baseline,gemma4:12b,all_crops,state_303,round_pin,0.99999,9,9,9,1.0,1.0,24,0,0,0.0,0.0,3,3,3,1.0,1.0
baseline,gemma4:12b,all_crops,state_303,round_pin,0.999999,9,0,0,0.0,0.0,24,0,0,0.0,0.0,3,0,0,0.0,0.0
baseline,gemma4:12b,all_crops,state_303,Waterproof_Male,0.4,1,1,1,1.0,1.0,10,4,4,0.4,0.4,1,1,1,1.0,1.0
baseline,gemma4:12b,all_crops,state_303,Waterproof_Male,0.5,1,1,1,1.0,1.0,10,4,4,0.4,0.4,1,1,1,1.0,1.0
baseline,gemma4:12b,all_crops,state_303,Waterproof_Male,0.6,1,1,1,1.0,1.0,10,4,4,0.4,0.4,1,1,1,1.0,1.0
baseline,gemma4:12b,all_crops,state_303,Waterproof_Male,0.65,1,1,1,1.0,1.0,10,4,4,0.4,0.4,1,1,1,1.0,1.0
baseline,gemma4:12b,all_crops,state_303,Waterproof_Male,0.7,1,1,1,1.0,1.0,10,4,4,0.4,0.4,1,1,1,1.0,1.0
baseline,gemma4:12b,all_crops,state_303,Waterproof_Male,0.8,1,1,1,1.0,1.0,10,4,4,0.4,0.4,1,1,1,1.0,1.0
baseline,gemma4:12b,all_crops,state_303,Waterproof_Male,0.9,1,1,1,1.0,1.0,10,4,4,0.4,0.4,1,1,1,1.0,1.0
baseline,gemma4:12b,all_crops,state_303,Waterproof_Male,0.95,1,1,1,1.0,1.0,10,3,3,0.3,0.3,1,1,1,1.0,1.0
baseline,gemma4:12b,all_crops,state_303,Waterproof_Male,0.97,1,1,1,1.0,1.0,10,3,3,0.3,0.3,1,1,1,1.0,1.0
baseline,gemma4:12b,all_crops,state_303,Waterproof_Male,0.98,1,1,1,1.0,1.0,10,3,3,0.3,0.3,1,1,1,1.0,1.0
baseline,gemma4:12b,all_crops,state_303,Waterproof_Male,0.99,1,1,1,1.0,1.0,10,3,3,0.3,0.3,1,1,1,1.0,1.0
baseline,gemma4:12b,all_crops,state_303,Waterproof_Male,0.995,1,1,1,1.0,1.0,10,3,3,0.3,0.3,1,1,1,1.0,1.0
baseline,gemma4:12b,all_crops,state_303,Waterproof_Male,0.999,1,1,1,1.0,1.0,10,3,3,0.3,0.3,1,1,1,1.0,1.0
baseline,gemma4:12b,all_crops,state_303,Waterproof_Male,0.9999,1,1,1,1.0,1.0,10,2,2,0.2,0.2,1,1,1,1.0,1.0
baseline,gemma4:12b,all_crops,state_303,Waterproof_Male,0.99999,1,1,1,1.0,1.0,10,1,1,0.1,0.1,1,1,1,1.0,1.0
baseline,gemma4:12b,all_crops,state_303,Waterproof_Male,0.999999,1,0,0,0.0,0.0,10,0,0,0.0,0.0,1,0,0,0.0,0.0
baseline,gemma4:12b,all_crops,state_303,USB_Male,0.4,1,1,1,1.0,1.0,10,0,0,0.0,0.0,1,1,1,1.0,1.0
baseline,gemma4:12b,all_crops,state_303,USB_Male,0.5,1,1,1,1.0,1.0,10,0,0,0.0,0.0,1,1,1,1.0,1.0
baseline,gemma4:12b,all_crops,state_303,USB_Male,0.6,1,1,1,1.0,1.0,10,0,0,0.0,0.0,1,1,1,1.0,1.0
baseline,gemma4:12b,all_crops,state_303,USB_Male,0.65,1,1,1,1.0,1.0,10,0,0,0.0,0.0,1,1,1,1.0,1.0
baseline,gemma4:12b,all_crops,state_303,USB_Male,0.7,1,1,1,1.0,1.0,10,0,0,0.0,0.0,1,1,1,1.0,1.0
baseline,gemma4:12b,all_crops,state_303,USB_Male,0.8,1,1,1,1.0,1.0,10,0,0,0.0,0.0,1,1,1,1.0,1.0
baseline,gemma4:12b,all_crops,state_303,USB_Male,0.9,1,1,1,1.0,1.0,10,0,0,0.0,0.0,1,1,1,1.0,1.0
baseline,gemma4:12b,all_crops,state_303,USB_Male,0.95,1,1,1,1.0,1.0,10,0,0,0.0,0.0,1,1,1,1.0,1.0
baseline,gemma4:12b,all_crops,state_303,USB_Male,0.97,1,1,1,1.0,1.0,10,0,0,0.0,0.0,1,1,1,1.0,1.0
baseline,gemma4:12b,all_crops,state_303,USB_Male,0.98,1,1,1,1.0,1.0,10,0,0,0.0,0.0,1,1,1,1.0,1.0
baseline,gemma4:12b,all_crops,state_303,USB_Male,0.99,1,1,1,1.0,1.0,10,0,0,0.0,0.0,1,1,1,1.0,1.0
baseline,gemma4:12b,all_crops,state_303,USB_Male,0.995,1,1,1,1.0,1.0,10,0,0,0.0,0.0,1,1,1,1.0,1.0
baseline,gemma4:12b,all_crops,state_303,USB_Male,0.999,1,1,1,1.0,1.0,10,0,0,0.0,0.0,1,1,1,1.0,1.0
baseline,gemma4:12b,all_crops,state_303,USB_Male,0.9999,1,1,1,1.0,1.0,10,0,0,0.0,0.0,1,1,1,1.0,1.0
baseline,gemma4:12b,all_crops,state_303,USB_Male,0.99999,1,1,1,1.0,1.0,10,0,0,0.0,0.0,1,1,1,1.0,1.0
baseline,gemma4:12b,all_crops,state_303,USB_Male,0.999999,1,0,0,0.0,0.0,10,0,0,0.0,0.0,1,0,0,0.0,0.0
baseline,gemma4:12b,all_crops,state_303,DSUB_Male,0.4,1,1,1,1.0,1.0,10,1,1,0.1,0.1,1,1,1,1.0,1.0
baseline,gemma4:12b,all_crops,state_303,DSUB_Male,0.5,1,1,1,1.0,1.0,10,1,1,0.1,0.1,1,1,1,1.0,1.0
baseline,gemma4:12b,all_crops,state_303,DSUB_Male,0.6,1,1,1,1.0,1.0,10,0,0,0.0,0.0,1,1,1,1.0,1.0
baseline,gemma4:12b,all_crops,state_303,DSUB_Male,0.65,1,1,1,1.0,1.0,10,0,0,0.0,0.0,1,1,1,1.0,1.0
baseline,gemma4:12b,all_crops,state_303,DSUB_Male,0.7,1,1,1,1.0,1.0,10,0,0,0.0,0.0,1,1,1,1.0,1.0
baseline,gemma4:12b,all_crops,state_303,DSUB_Male,0.8,1,1,1,1.0,1.0,10,0,0,0.0,0.0,1,1,1,1.0,1.0
baseline,gemma4:12b,all_crops,state_303,DSUB_Male,0.9,1,1,1,1.0,1.0,10,0,0,0.0,0.0,1,1,1,1.0,1.0
baseline,gemma4:12b,all_crops,state_303,DSUB_Male,0.95,1,1,1,1.0,1.0,10,0,0,0.0,0.0,1,1,1,1.0,1.0
baseline,gemma4:12b,all_crops,state_303,DSUB_Male,0.97,1,1,1,1.0,1.0,10,0,0,0.0,0.0,1,1,1,1.0,1.0
baseline,gemma4:12b,all_crops,state_303,DSUB_Male,0.98,1,1,1,1.0,1.0,10,0,0,0.0,0.0,1,1,1,1.0,1.0
baseline,gemma4:12b,all_crops,state_303,DSUB_Male,0.99,1,1,1,1.0,1.0,10,0,0,0.0,0.0,1,1,1,1.0,1.0
baseline,gemma4:12b,all_crops,state_303,DSUB_Male,0.995,1,1,1,1.0,1.0,10,0,0,0.0,0.0,1,1,1,1.0,1.0
baseline,gemma4:12b,all_crops,state_303,DSUB_Male,0.999,1,1,1,1.0,1.0,10,0,0,0.0,0.0,1,1,1,1.0,1.0
baseline,gemma4:12b,all_crops,state_303,DSUB_Male,0.9999,1,1,1,1.0,1.0,10,0,0,0.0,0.0,1,1,1,1.0,1.0
baseline,gemma4:12b,all_crops,state_303,DSUB_Male,0.99999,1,1,1,1.0,1.0,10,0,0,0.0,0.0,1,1,1,1.0,1.0
baseline,gemma4:12b,all_crops,state_303,DSUB_Male,0.999999,1,0,0,0.0,0.0,10,0,0,0.0,0.0,1,0,0,0.0,0.0
baseline,gemma4:12b,all_crops,all,gear,0.4,36,36,36,1.0,1.0,96,31,31,0.3229166666666667,0.3229166666666667,12,12,12,1.0,1.0
baseline,gemma4:12b,all_crops,all,gear,0.5,36,36,36,1.0,1.0,96,31,31,0.3229166666666667,0.3229166666666667,12,12,12,1.0,1.0
baseline,gemma4:12b,all_crops,all,gear,0.6,36,36,36,1.0,1.0,96,31,31,0.3229166666666667,0.3229166666666667,12,12,12,1.0,1.0
baseline,gemma4:12b,all_crops,all,gear,0.65,36,36,36,1.0,1.0,96,31,31,0.3229166666666667,0.3229166666666667,12,12,12,1.0,1.0
baseline,gemma4:12b,all_crops,all,gear,0.7,36,36,36,1.0,1.0,96,31,31,0.3229166666666667,0.3229166666666667,12,12,12,1.0,1.0
baseline,gemma4:12b,all_crops,all,gear,0.8,36,36,36,1.0,1.0,96,29,29,0.3020833333333333,0.3020833333333333,12,12,12,1.0,1.0
baseline,gemma4:12b,all_crops,all,gear,0.9,36,36,36,1.0,1.0,96,28,28,0.2916666666666667,0.2916666666666667,12,12,12,1.0,1.0
baseline,gemma4:12b,all_crops,all,gear,0.95,36,36,36,1.0,1.0,96,27,27,0.28125,0.28125,12,12,12,1.0,1.0
baseline,gemma4:12b,all_crops,all,gear,0.97,36,36,36,1.0,1.0,96,26,26,0.2708333333333333,0.2708333333333333,12,12,12,1.0,1.0
baseline,gemma4:12b,all_crops,all,gear,0.98,36,36,36,1.0,1.0,96,25,25,0.2604166666666667,0.2604166666666667,12,12,12,1.0,1.0
baseline,gemma4:12b,all_crops,all,gear,0.99,36,36,36,1.0,1.0,96,23,23,0.23958333333333334,0.23958333333333334,12,12,12,1.0,1.0
baseline,gemma4:12b,all_crops,all,gear,0.995,36,36,36,1.0,1.0,96,22,22,0.22916666666666666,0.22916666666666666,12,12,12,1.0,1.0
baseline,gemma4:12b,all_crops,all,gear,0.999,36,33,33,0.9166666666666666,0.9166666666666666,96,21,21,0.21875,0.21875,12,10,10,0.8333333333333334,0.8333333333333334
baseline,gemma4:12b,all_crops,all,gear,0.9999,36,29,29,0.8055555555555556,0.8055555555555556,96,17,17,0.17708333333333334,0.17708333333333334,12,10,10,0.8333333333333334,0.8333333333333334
baseline,gemma4:12b,all_crops,all,gear,0.99999,36,11,11,0.3055555555555556,0.3055555555555556,96,0,0,0.0,0.0,12,2,2,0.16666666666666666,0.16666666666666666
baseline,gemma4:12b,all_crops,all,gear,0.999999,36,0,0,0.0,0.0,96,0,0,0.0,0.0,12,0,0,0.0,0.0
baseline,gemma4:12b,all_crops,all,hex_nut,0.4,16,16,16,1.0,1.0,72,0,0,0.0,0.0,8,8,8,1.0,1.0
baseline,gemma4:12b,all_crops,all,hex_nut,0.5,16,16,16,1.0,1.0,72,0,0,0.0,0.0,8,8,8,1.0,1.0
baseline,gemma4:12b,all_crops,all,hex_nut,0.6,16,16,16,1.0,1.0,72,0,0,0.0,0.0,8,8,8,1.0,1.0
baseline,gemma4:12b,all_crops,all,hex_nut,0.65,16,16,16,1.0,1.0,72,0,0,0.0,0.0,8,8,8,1.0,1.0
baseline,gemma4:12b,all_crops,all,hex_nut,0.7,16,16,16,1.0,1.0,72,0,0,0.0,0.0,8,8,8,1.0,1.0
baseline,gemma4:12b,all_crops,all,hex_nut,0.8,16,16,16,1.0,1.0,72,0,0,0.0,0.0,8,8,8,1.0,1.0
baseline,gemma4:12b,all_crops,all,hex_nut,0.9,16,16,16,1.0,1.0,72,0,0,0.0,0.0,8,8,8,1.0,1.0
baseline,gemma4:12b,all_crops,all,hex_nut,0.95,16,14,14,0.875,0.875,72,0,0,0.0,0.0,8,7,7,0.875,0.875
baseline,gemma4:12b,all_crops,all,hex_nut,0.97,16,14,14,0.875,0.875,72,0,0,0.0,0.0,8,7,7,0.875,0.875
baseline,gemma4:12b,all_crops,all,hex_nut,0.98,16,14,14,0.875,0.875,72,0,0,0.0,0.0,8,7,7,0.875,0.875
baseline,gemma4:12b,all_crops,all,hex_nut,0.99,16,14,14,0.875,0.875,72,0,0,0.0,0.0,8,7,7,0.875,0.875
baseline,gemma4:12b,all_crops,all,hex_nut,0.995,16,14,14,0.875,0.875,72,0,0,0.0,0.0,8,7,7,0.875,0.875
baseline,gemma4:12b,all_crops,all,hex_nut,0.999,16,13,13,0.8125,0.8125,72,0,0,0.0,0.0,8,6,6,0.75,0.75
baseline,gemma4:12b,all_crops,all,hex_nut,0.9999,16,6,6,0.375,0.375,72,0,0,0.0,0.0,8,3,3,0.375,0.375
baseline,gemma4:12b,all_crops,all,hex_nut,0.99999,16,0,0,0.0,0.0,72,0,0,0.0,0.0,8,0,0,0.0,0.0
baseline,gemma4:12b,all_crops,all,hex_nut,0.999999,16,0,0,0.0,0.0,72,0,0,0.0,0.0,8,0,0,0.0,0.0
baseline,gemma4:12b,all_crops,all,round_pin,0.4,36,36,36,1.0,1.0,96,30,30,0.3125,0.3125,12,12,12,1.0,1.0
baseline,gemma4:12b,all_crops,all,round_pin,0.5,36,36,36,1.0,1.0,96,29,29,0.3020833333333333,0.3020833333333333,12,12,12,1.0,1.0
baseline,gemma4:12b,all_crops,all,round_pin,0.6,36,36,36,1.0,1.0,96,29,29,0.3020833333333333,0.3020833333333333,12,12,12,1.0,1.0
baseline,gemma4:12b,all_crops,all,round_pin,0.65,36,36,36,1.0,1.0,96,28,28,0.2916666666666667,0.2916666666666667,12,12,12,1.0,1.0
baseline,gemma4:12b,all_crops,all,round_pin,0.7,36,36,36,1.0,1.0,96,28,28,0.2916666666666667,0.2916666666666667,12,12,12,1.0,1.0
baseline,gemma4:12b,all_crops,all,round_pin,0.8,36,36,36,1.0,1.0,96,28,28,0.2916666666666667,0.2916666666666667,12,12,12,1.0,1.0
baseline,gemma4:12b,all_crops,all,round_pin,0.9,36,36,36,1.0,1.0,96,27,27,0.28125,0.28125,12,12,12,1.0,1.0
baseline,gemma4:12b,all_crops,all,round_pin,0.95,36,36,36,1.0,1.0,96,25,25,0.2604166666666667,0.2604166666666667,12,12,12,1.0,1.0
baseline,gemma4:12b,all_crops,all,round_pin,0.97,36,36,36,1.0,1.0,96,24,24,0.25,0.25,12,12,12,1.0,1.0
baseline,gemma4:12b,all_crops,all,round_pin,0.98,36,36,36,1.0,1.0,96,24,24,0.25,0.25,12,12,12,1.0,1.0
baseline,gemma4:12b,all_crops,all,round_pin,0.99,36,36,36,1.0,1.0,96,23,23,0.23958333333333334,0.23958333333333334,12,12,12,1.0,1.0
baseline,gemma4:12b,all_crops,all,round_pin,0.995,36,36,36,1.0,1.0,96,20,20,0.20833333333333334,0.20833333333333334,12,12,12,1.0,1.0
baseline,gemma4:12b,all_crops,all,round_pin,0.999,36,36,36,1.0,1.0,96,13,13,0.13541666666666666,0.13541666666666666,12,12,12,1.0,1.0
baseline,gemma4:12b,all_crops,all,round_pin,0.9999,36,36,36,1.0,1.0,96,2,2,0.020833333333333332,0.020833333333333332,12,12,12,1.0,1.0
baseline,gemma4:12b,all_crops,all,round_pin,0.99999,36,36,36,1.0,1.0,96,0,0,0.0,0.0,12,12,12,1.0,1.0
baseline,gemma4:12b,all_crops,all,round_pin,0.999999,36,0,0,0.0,0.0,96,0,0,0.0,0.0,12,0,0,0.0,0.0
baseline,gemma4:12b,all_crops,all,Waterproof_Male,0.4,4,4,4,1.0,1.0,40,14,14,0.35,0.35,4,4,4,1.0,1.0
baseline,gemma4:12b,all_crops,all,Waterproof_Male,0.5,4,4,4,1.0,1.0,40,14,14,0.35,0.35,4,4,4,1.0,1.0
baseline,gemma4:12b,all_crops,all,Waterproof_Male,0.6,4,4,4,1.0,1.0,40,14,14,0.35,0.35,4,4,4,1.0,1.0
baseline,gemma4:12b,all_crops,all,Waterproof_Male,0.65,4,4,4,1.0,1.0,40,14,14,0.35,0.35,4,4,4,1.0,1.0
baseline,gemma4:12b,all_crops,all,Waterproof_Male,0.7,4,4,4,1.0,1.0,40,14,14,0.35,0.35,4,4,4,1.0,1.0
baseline,gemma4:12b,all_crops,all,Waterproof_Male,0.8,4,4,4,1.0,1.0,40,14,14,0.35,0.35,4,4,4,1.0,1.0
baseline,gemma4:12b,all_crops,all,Waterproof_Male,0.9,4,4,4,1.0,1.0,40,13,13,0.325,0.325,4,4,4,1.0,1.0
baseline,gemma4:12b,all_crops,all,Waterproof_Male,0.95,4,4,4,1.0,1.0,40,12,12,0.3,0.3,4,4,4,1.0,1.0
baseline,gemma4:12b,all_crops,all,Waterproof_Male,0.97,4,4,4,1.0,1.0,40,12,12,0.3,0.3,4,4,4,1.0,1.0
baseline,gemma4:12b,all_crops,all,Waterproof_Male,0.98,4,4,4,1.0,1.0,40,12,12,0.3,0.3,4,4,4,1.0,1.0
baseline,gemma4:12b,all_crops,all,Waterproof_Male,0.99,4,4,4,1.0,1.0,40,11,11,0.275,0.275,4,4,4,1.0,1.0
baseline,gemma4:12b,all_crops,all,Waterproof_Male,0.995,4,4,4,1.0,1.0,40,11,11,0.275,0.275,4,4,4,1.0,1.0
baseline,gemma4:12b,all_crops,all,Waterproof_Male,0.999,4,4,4,1.0,1.0,40,11,11,0.275,0.275,4,4,4,1.0,1.0
baseline,gemma4:12b,all_crops,all,Waterproof_Male,0.9999,4,4,4,1.0,1.0,40,8,8,0.2,0.2,4,4,4,1.0,1.0
baseline,gemma4:12b,all_crops,all,Waterproof_Male,0.99999,4,3,3,0.75,0.75,40,3,3,0.075,0.075,4,3,3,0.75,0.75
baseline,gemma4:12b,all_crops,all,Waterproof_Male,0.999999,4,0,0,0.0,0.0,40,0,0,0.0,0.0,4,0,0,0.0,0.0
baseline,gemma4:12b,all_crops,all,USB_Male,0.4,4,4,4,1.0,1.0,40,2,2,0.05,0.05,4,4,4,1.0,1.0
baseline,gemma4:12b,all_crops,all,USB_Male,0.5,4,4,4,1.0,1.0,40,2,2,0.05,0.05,4,4,4,1.0,1.0
baseline,gemma4:12b,all_crops,all,USB_Male,0.6,4,4,4,1.0,1.0,40,2,2,0.05,0.05,4,4,4,1.0,1.0
baseline,gemma4:12b,all_crops,all,USB_Male,0.65,4,4,4,1.0,1.0,40,2,2,0.05,0.05,4,4,4,1.0,1.0
baseline,gemma4:12b,all_crops,all,USB_Male,0.7,4,4,4,1.0,1.0,40,2,2,0.05,0.05,4,4,4,1.0,1.0
baseline,gemma4:12b,all_crops,all,USB_Male,0.8,4,4,4,1.0,1.0,40,2,2,0.05,0.05,4,4,4,1.0,1.0
baseline,gemma4:12b,all_crops,all,USB_Male,0.9,4,4,4,1.0,1.0,40,2,2,0.05,0.05,4,4,4,1.0,1.0
baseline,gemma4:12b,all_crops,all,USB_Male,0.95,4,4,4,1.0,1.0,40,2,2,0.05,0.05,4,4,4,1.0,1.0
baseline,gemma4:12b,all_crops,all,USB_Male,0.97,4,4,4,1.0,1.0,40,2,2,0.05,0.05,4,4,4,1.0,1.0
baseline,gemma4:12b,all_crops,all,USB_Male,0.98,4,4,4,1.0,1.0,40,2,2,0.05,0.05,4,4,4,1.0,1.0
baseline,gemma4:12b,all_crops,all,USB_Male,0.99,4,4,4,1.0,1.0,40,2,2,0.05,0.05,4,4,4,1.0,1.0
baseline,gemma4:12b,all_crops,all,USB_Male,0.995,4,4,4,1.0,1.0,40,0,0,0.0,0.0,4,4,4,1.0,1.0
baseline,gemma4:12b,all_crops,all,USB_Male,0.999,4,4,4,1.0,1.0,40,0,0,0.0,0.0,4,4,4,1.0,1.0
baseline,gemma4:12b,all_crops,all,USB_Male,0.9999,4,4,4,1.0,1.0,40,0,0,0.0,0.0,4,4,4,1.0,1.0
baseline,gemma4:12b,all_crops,all,USB_Male,0.99999,4,4,4,1.0,1.0,40,0,0,0.0,0.0,4,4,4,1.0,1.0
baseline,gemma4:12b,all_crops,all,USB_Male,0.999999,4,0,0,0.0,0.0,40,0,0,0.0,0.0,4,0,0,0.0,0.0
baseline,gemma4:12b,all_crops,all,DSUB_Male,0.4,4,4,4,1.0,1.0,40,4,4,0.1,0.1,4,4,4,1.0,1.0
baseline,gemma4:12b,all_crops,all,DSUB_Male,0.5,4,4,4,1.0,1.0,40,4,4,0.1,0.1,4,4,4,1.0,1.0
baseline,gemma4:12b,all_crops,all,DSUB_Male,0.6,4,4,4,1.0,1.0,40,3,3,0.075,0.075,4,4,4,1.0,1.0
baseline,gemma4:12b,all_crops,all,DSUB_Male,0.65,4,4,4,1.0,1.0,40,3,3,0.075,0.075,4,4,4,1.0,1.0
baseline,gemma4:12b,all_crops,all,DSUB_Male,0.7,4,4,4,1.0,1.0,40,3,3,0.075,0.075,4,4,4,1.0,1.0
baseline,gemma4:12b,all_crops,all,DSUB_Male,0.8,4,4,4,1.0,1.0,40,2,2,0.05,0.05,4,4,4,1.0,1.0
baseline,gemma4:12b,all_crops,all,DSUB_Male,0.9,4,4,4,1.0,1.0,40,2,2,0.05,0.05,4,4,4,1.0,1.0
baseline,gemma4:12b,all_crops,all,DSUB_Male,0.95,4,4,4,1.0,1.0,40,2,2,0.05,0.05,4,4,4,1.0,1.0
baseline,gemma4:12b,all_crops,all,DSUB_Male,0.97,4,4,4,1.0,1.0,40,2,2,0.05,0.05,4,4,4,1.0,1.0
baseline,gemma4:12b,all_crops,all,DSUB_Male,0.98,4,4,4,1.0,1.0,40,2,2,0.05,0.05,4,4,4,1.0,1.0
baseline,gemma4:12b,all_crops,all,DSUB_Male,0.99,4,4,4,1.0,1.0,40,2,2,0.05,0.05,4,4,4,1.0,1.0
baseline,gemma4:12b,all_crops,all,DSUB_Male,0.995,4,4,4,1.0,1.0,40,2,2,0.05,0.05,4,4,4,1.0,1.0
baseline,gemma4:12b,all_crops,all,DSUB_Male,0.999,4,4,4,1.0,1.0,40,1,1,0.025,0.025,4,4,4,1.0,1.0
baseline,gemma4:12b,all_crops,all,DSUB_Male,0.9999,4,4,4,1.0,1.0,40,0,0,0.0,0.0,4,4,4,1.0,1.0
baseline,gemma4:12b,all_crops,all,DSUB_Male,0.99999,4,2,2,0.5,0.5,40,0,0,0.0,0.0,4,2,2,0.5,0.5
baseline,gemma4:12b,all_crops,all,DSUB_Male,0.999999,4,0,0,0.0,0.0,40,0,0,0.0,0.0,4,0,0,0.0,0.0
baseline,gemma4:12b,autonomous_depth_only,original,gear,0.4,9,9,9,1.0,1.0,24,9,9,0.375,0.375,3,3,3,1.0,1.0
baseline,gemma4:12b,autonomous_depth_only,original,gear,0.5,9,9,9,1.0,1.0,24,9,9,0.375,0.375,3,3,3,1.0,1.0
baseline,gemma4:12b,autonomous_depth_only,original,gear,0.6,9,9,9,1.0,1.0,24,9,9,0.375,0.375,3,3,3,1.0,1.0
baseline,gemma4:12b,autonomous_depth_only,original,gear,0.65,9,9,9,1.0,1.0,24,9,9,0.375,0.375,3,3,3,1.0,1.0
baseline,gemma4:12b,autonomous_depth_only,original,gear,0.7,9,9,9,1.0,1.0,24,9,9,0.375,0.375,3,3,3,1.0,1.0
baseline,gemma4:12b,autonomous_depth_only,original,gear,0.8,9,9,9,1.0,1.0,24,9,9,0.375,0.375,3,3,3,1.0,1.0
baseline,gemma4:12b,autonomous_depth_only,original,gear,0.9,9,9,9,1.0,1.0,24,9,9,0.375,0.375,3,3,3,1.0,1.0
baseline,gemma4:12b,autonomous_depth_only,original,gear,0.95,9,9,9,1.0,1.0,24,9,9,0.375,0.375,3,3,3,1.0,1.0
baseline,gemma4:12b,autonomous_depth_only,original,gear,0.97,9,9,9,1.0,1.0,24,9,9,0.375,0.375,3,3,3,1.0,1.0
baseline,gemma4:12b,autonomous_depth_only,original,gear,0.98,9,9,9,1.0,1.0,24,8,8,0.3333333333333333,0.3333333333333333,3,3,3,1.0,1.0
baseline,gemma4:12b,autonomous_depth_only,original,gear,0.99,9,9,9,1.0,1.0,24,8,8,0.3333333333333333,0.3333333333333333,3,3,3,1.0,1.0
baseline,gemma4:12b,autonomous_depth_only,original,gear,0.995,9,9,9,1.0,1.0,24,7,7,0.2916666666666667,0.2916666666666667,3,3,3,1.0,1.0
baseline,gemma4:12b,autonomous_depth_only,original,gear,0.999,9,9,9,1.0,1.0,24,6,6,0.25,0.25,3,3,3,1.0,1.0
baseline,gemma4:12b,autonomous_depth_only,original,gear,0.9999,9,9,9,1.0,1.0,24,4,4,0.16666666666666666,0.16666666666666666,3,3,3,1.0,1.0
baseline,gemma4:12b,autonomous_depth_only,original,gear,0.99999,9,3,3,0.3333333333333333,0.3333333333333333,24,0,0,0.0,0.0,3,1,1,0.3333333333333333,0.3333333333333333
baseline,gemma4:12b,autonomous_depth_only,original,gear,0.999999,9,0,0,0.0,0.0,24,0,0,0.0,0.0,3,0,0,0.0,0.0
baseline,gemma4:12b,autonomous_depth_only,original,hex_nut,0.4,4,4,4,1.0,1.0,18,0,0,0.0,0.0,2,2,2,1.0,1.0
baseline,gemma4:12b,autonomous_depth_only,original,hex_nut,0.5,4,4,4,1.0,1.0,18,0,0,0.0,0.0,2,2,2,1.0,1.0
baseline,gemma4:12b,autonomous_depth_only,original,hex_nut,0.6,4,4,4,1.0,1.0,18,0,0,0.0,0.0,2,2,2,1.0,1.0
baseline,gemma4:12b,autonomous_depth_only,original,hex_nut,0.65,4,4,4,1.0,1.0,18,0,0,0.0,0.0,2,2,2,1.0,1.0
baseline,gemma4:12b,autonomous_depth_only,original,hex_nut,0.7,4,4,4,1.0,1.0,18,0,0,0.0,0.0,2,2,2,1.0,1.0
baseline,gemma4:12b,autonomous_depth_only,original,hex_nut,0.8,4,4,4,1.0,1.0,18,0,0,0.0,0.0,2,2,2,1.0,1.0
baseline,gemma4:12b,autonomous_depth_only,original,hex_nut,0.9,4,4,4,1.0,1.0,18,0,0,0.0,0.0,2,2,2,1.0,1.0
baseline,gemma4:12b,autonomous_depth_only,original,hex_nut,0.95,4,4,4,1.0,1.0,18,0,0,0.0,0.0,2,2,2,1.0,1.0
baseline,gemma4:12b,autonomous_depth_only,original,hex_nut,0.97,4,4,4,1.0,1.0,18,0,0,0.0,0.0,2,2,2,1.0,1.0
baseline,gemma4:12b,autonomous_depth_only,original,hex_nut,0.98,4,4,4,1.0,1.0,18,0,0,0.0,0.0,2,2,2,1.0,1.0
baseline,gemma4:12b,autonomous_depth_only,original,hex_nut,0.99,4,4,4,1.0,1.0,18,0,0,0.0,0.0,2,2,2,1.0,1.0
baseline,gemma4:12b,autonomous_depth_only,original,hex_nut,0.995,4,4,4,1.0,1.0,18,0,0,0.0,0.0,2,2,2,1.0,1.0
baseline,gemma4:12b,autonomous_depth_only,original,hex_nut,0.999,4,4,4,1.0,1.0,18,0,0,0.0,0.0,2,2,2,1.0,1.0
baseline,gemma4:12b,autonomous_depth_only,original,hex_nut,0.9999,4,2,2,0.5,0.5,18,0,0,0.0,0.0,2,1,1,0.5,0.5
baseline,gemma4:12b,autonomous_depth_only,original,hex_nut,0.99999,4,0,0,0.0,0.0,18,0,0,0.0,0.0,2,0,0,0.0,0.0
baseline,gemma4:12b,autonomous_depth_only,original,hex_nut,0.999999,4,0,0,0.0,0.0,18,0,0,0.0,0.0,2,0,0,0.0,0.0
baseline,gemma4:12b,autonomous_depth_only,original,round_pin,0.4,9,9,9,1.0,1.0,24,9,9,0.375,0.375,3,3,3,1.0,1.0
baseline,gemma4:12b,autonomous_depth_only,original,round_pin,0.5,9,9,9,1.0,1.0,24,9,9,0.375,0.375,3,3,3,1.0,1.0
baseline,gemma4:12b,autonomous_depth_only,original,round_pin,0.6,9,9,9,1.0,1.0,24,9,9,0.375,0.375,3,3,3,1.0,1.0
baseline,gemma4:12b,autonomous_depth_only,original,round_pin,0.65,9,9,9,1.0,1.0,24,9,9,0.375,0.375,3,3,3,1.0,1.0
baseline,gemma4:12b,autonomous_depth_only,original,round_pin,0.7,9,9,9,1.0,1.0,24,9,9,0.375,0.375,3,3,3,1.0,1.0
baseline,gemma4:12b,autonomous_depth_only,original,round_pin,0.8,9,9,9,1.0,1.0,24,9,9,0.375,0.375,3,3,3,1.0,1.0
baseline,gemma4:12b,autonomous_depth_only,original,round_pin,0.9,9,9,9,1.0,1.0,24,9,9,0.375,0.375,3,3,3,1.0,1.0
baseline,gemma4:12b,autonomous_depth_only,original,round_pin,0.95,9,9,9,1.0,1.0,24,7,7,0.2916666666666667,0.2916666666666667,3,3,3,1.0,1.0
baseline,gemma4:12b,autonomous_depth_only,original,round_pin,0.97,9,9,9,1.0,1.0,24,6,6,0.25,0.25,3,3,3,1.0,1.0
baseline,gemma4:12b,autonomous_depth_only,original,round_pin,0.98,9,9,9,1.0,1.0,24,6,6,0.25,0.25,3,3,3,1.0,1.0
baseline,gemma4:12b,autonomous_depth_only,original,round_pin,0.99,9,9,9,1.0,1.0,24,6,6,0.25,0.25,3,3,3,1.0,1.0
baseline,gemma4:12b,autonomous_depth_only,original,round_pin,0.995,9,9,9,1.0,1.0,24,5,5,0.20833333333333334,0.20833333333333334,3,3,3,1.0,1.0
baseline,gemma4:12b,autonomous_depth_only,original,round_pin,0.999,9,9,9,1.0,1.0,24,3,3,0.125,0.125,3,3,3,1.0,1.0
baseline,gemma4:12b,autonomous_depth_only,original,round_pin,0.9999,9,9,9,1.0,1.0,24,0,0,0.0,0.0,3,3,3,1.0,1.0
baseline,gemma4:12b,autonomous_depth_only,original,round_pin,0.99999,9,9,9,1.0,1.0,24,0,0,0.0,0.0,3,3,3,1.0,1.0
baseline,gemma4:12b,autonomous_depth_only,original,round_pin,0.999999,9,0,0,0.0,0.0,24,0,0,0.0,0.0,3,0,0,0.0,0.0
baseline,gemma4:12b,autonomous_depth_only,original,Waterproof_Male,0.4,1,1,1,1.0,1.0,10,2,2,0.2,0.2,1,1,1,1.0,1.0
baseline,gemma4:12b,autonomous_depth_only,original,Waterproof_Male,0.5,1,1,1,1.0,1.0,10,2,2,0.2,0.2,1,1,1,1.0,1.0
baseline,gemma4:12b,autonomous_depth_only,original,Waterproof_Male,0.6,1,1,1,1.0,1.0,10,2,2,0.2,0.2,1,1,1,1.0,1.0
baseline,gemma4:12b,autonomous_depth_only,original,Waterproof_Male,0.65,1,1,1,1.0,1.0,10,2,2,0.2,0.2,1,1,1,1.0,1.0
baseline,gemma4:12b,autonomous_depth_only,original,Waterproof_Male,0.7,1,1,1,1.0,1.0,10,2,2,0.2,0.2,1,1,1,1.0,1.0
baseline,gemma4:12b,autonomous_depth_only,original,Waterproof_Male,0.8,1,1,1,1.0,1.0,10,2,2,0.2,0.2,1,1,1,1.0,1.0
baseline,gemma4:12b,autonomous_depth_only,original,Waterproof_Male,0.9,1,1,1,1.0,1.0,10,2,2,0.2,0.2,1,1,1,1.0,1.0
baseline,gemma4:12b,autonomous_depth_only,original,Waterproof_Male,0.95,1,1,1,1.0,1.0,10,2,2,0.2,0.2,1,1,1,1.0,1.0
baseline,gemma4:12b,autonomous_depth_only,original,Waterproof_Male,0.97,1,1,1,1.0,1.0,10,2,2,0.2,0.2,1,1,1,1.0,1.0
baseline,gemma4:12b,autonomous_depth_only,original,Waterproof_Male,0.98,1,1,1,1.0,1.0,10,2,2,0.2,0.2,1,1,1,1.0,1.0
baseline,gemma4:12b,autonomous_depth_only,original,Waterproof_Male,0.99,1,1,1,1.0,1.0,10,2,2,0.2,0.2,1,1,1,1.0,1.0
baseline,gemma4:12b,autonomous_depth_only,original,Waterproof_Male,0.995,1,1,1,1.0,1.0,10,2,2,0.2,0.2,1,1,1,1.0,1.0
baseline,gemma4:12b,autonomous_depth_only,original,Waterproof_Male,0.999,1,1,1,1.0,1.0,10,2,2,0.2,0.2,1,1,1,1.0,1.0
baseline,gemma4:12b,autonomous_depth_only,original,Waterproof_Male,0.9999,1,1,1,1.0,1.0,10,2,2,0.2,0.2,1,1,1,1.0,1.0
baseline,gemma4:12b,autonomous_depth_only,original,Waterproof_Male,0.99999,1,1,1,1.0,1.0,10,1,1,0.1,0.1,1,1,1,1.0,1.0
baseline,gemma4:12b,autonomous_depth_only,original,Waterproof_Male,0.999999,1,0,0,0.0,0.0,10,0,0,0.0,0.0,1,0,0,0.0,0.0
baseline,gemma4:12b,autonomous_depth_only,original,USB_Male,0.4,1,1,1,1.0,1.0,10,1,1,0.1,0.1,1,1,1,1.0,1.0
baseline,gemma4:12b,autonomous_depth_only,original,USB_Male,0.5,1,1,1,1.0,1.0,10,1,1,0.1,0.1,1,1,1,1.0,1.0
baseline,gemma4:12b,autonomous_depth_only,original,USB_Male,0.6,1,1,1,1.0,1.0,10,1,1,0.1,0.1,1,1,1,1.0,1.0
baseline,gemma4:12b,autonomous_depth_only,original,USB_Male,0.65,1,1,1,1.0,1.0,10,1,1,0.1,0.1,1,1,1,1.0,1.0
baseline,gemma4:12b,autonomous_depth_only,original,USB_Male,0.7,1,1,1,1.0,1.0,10,1,1,0.1,0.1,1,1,1,1.0,1.0
baseline,gemma4:12b,autonomous_depth_only,original,USB_Male,0.8,1,1,1,1.0,1.0,10,1,1,0.1,0.1,1,1,1,1.0,1.0
baseline,gemma4:12b,autonomous_depth_only,original,USB_Male,0.9,1,1,1,1.0,1.0,10,1,1,0.1,0.1,1,1,1,1.0,1.0
baseline,gemma4:12b,autonomous_depth_only,original,USB_Male,0.95,1,1,1,1.0,1.0,10,1,1,0.1,0.1,1,1,1,1.0,1.0
baseline,gemma4:12b,autonomous_depth_only,original,USB_Male,0.97,1,1,1,1.0,1.0,10,1,1,0.1,0.1,1,1,1,1.0,1.0
baseline,gemma4:12b,autonomous_depth_only,original,USB_Male,0.98,1,1,1,1.0,1.0,10,1,1,0.1,0.1,1,1,1,1.0,1.0
baseline,gemma4:12b,autonomous_depth_only,original,USB_Male,0.99,1,1,1,1.0,1.0,10,1,1,0.1,0.1,1,1,1,1.0,1.0
baseline,gemma4:12b,autonomous_depth_only,original,USB_Male,0.995,1,1,1,1.0,1.0,10,0,0,0.0,0.0,1,1,1,1.0,1.0
baseline,gemma4:12b,autonomous_depth_only,original,USB_Male,0.999,1,1,1,1.0,1.0,10,0,0,0.0,0.0,1,1,1,1.0,1.0
baseline,gemma4:12b,autonomous_depth_only,original,USB_Male,0.9999,1,1,1,1.0,1.0,10,0,0,0.0,0.0,1,1,1,1.0,1.0
baseline,gemma4:12b,autonomous_depth_only,original,USB_Male,0.99999,1,1,1,1.0,1.0,10,0,0,0.0,0.0,1,1,1,1.0,1.0
baseline,gemma4:12b,autonomous_depth_only,original,USB_Male,0.999999,1,0,0,0.0,0.0,10,0,0,0.0,0.0,1,0,0,0.0,0.0
baseline,gemma4:12b,autonomous_depth_only,original,DSUB_Male,0.4,1,1,1,1.0,1.0,10,1,1,0.1,0.1,1,1,1,1.0,1.0
baseline,gemma4:12b,autonomous_depth_only,original,DSUB_Male,0.5,1,1,1,1.0,1.0,10,1,1,0.1,0.1,1,1,1,1.0,1.0
baseline,gemma4:12b,autonomous_depth_only,original,DSUB_Male,0.6,1,1,1,1.0,1.0,10,1,1,0.1,0.1,1,1,1,1.0,1.0
baseline,gemma4:12b,autonomous_depth_only,original,DSUB_Male,0.65,1,1,1,1.0,1.0,10,1,1,0.1,0.1,1,1,1,1.0,1.0
baseline,gemma4:12b,autonomous_depth_only,original,DSUB_Male,0.7,1,1,1,1.0,1.0,10,1,1,0.1,0.1,1,1,1,1.0,1.0
baseline,gemma4:12b,autonomous_depth_only,original,DSUB_Male,0.8,1,1,1,1.0,1.0,10,0,0,0.0,0.0,1,1,1,1.0,1.0
baseline,gemma4:12b,autonomous_depth_only,original,DSUB_Male,0.9,1,1,1,1.0,1.0,10,0,0,0.0,0.0,1,1,1,1.0,1.0
baseline,gemma4:12b,autonomous_depth_only,original,DSUB_Male,0.95,1,1,1,1.0,1.0,10,0,0,0.0,0.0,1,1,1,1.0,1.0
baseline,gemma4:12b,autonomous_depth_only,original,DSUB_Male,0.97,1,1,1,1.0,1.0,10,0,0,0.0,0.0,1,1,1,1.0,1.0
baseline,gemma4:12b,autonomous_depth_only,original,DSUB_Male,0.98,1,1,1,1.0,1.0,10,0,0,0.0,0.0,1,1,1,1.0,1.0
baseline,gemma4:12b,autonomous_depth_only,original,DSUB_Male,0.99,1,1,1,1.0,1.0,10,0,0,0.0,0.0,1,1,1,1.0,1.0
baseline,gemma4:12b,autonomous_depth_only,original,DSUB_Male,0.995,1,1,1,1.0,1.0,10,0,0,0.0,0.0,1,1,1,1.0,1.0
baseline,gemma4:12b,autonomous_depth_only,original,DSUB_Male,0.999,1,1,1,1.0,1.0,10,0,0,0.0,0.0,1,1,1,1.0,1.0
baseline,gemma4:12b,autonomous_depth_only,original,DSUB_Male,0.9999,1,1,1,1.0,1.0,10,0,0,0.0,0.0,1,1,1,1.0,1.0
baseline,gemma4:12b,autonomous_depth_only,original,DSUB_Male,0.99999,1,0,0,0.0,0.0,10,0,0,0.0,0.0,1,0,0,0.0,0.0
baseline,gemma4:12b,autonomous_depth_only,original,DSUB_Male,0.999999,1,0,0,0.0,0.0,10,0,0,0.0,0.0,1,0,0,0.0,0.0
baseline,gemma4:12b,autonomous_depth_only,state_101,gear,0.4,9,9,9,1.0,1.0,21,6,6,0.2857142857142857,0.2857142857142857,3,3,3,1.0,1.0
baseline,gemma4:12b,autonomous_depth_only,state_101,gear,0.5,9,9,9,1.0,1.0,21,6,6,0.2857142857142857,0.2857142857142857,3,3,3,1.0,1.0
baseline,gemma4:12b,autonomous_depth_only,state_101,gear,0.6,9,9,9,1.0,1.0,21,6,6,0.2857142857142857,0.2857142857142857,3,3,3,1.0,1.0
baseline,gemma4:12b,autonomous_depth_only,state_101,gear,0.65,9,9,9,1.0,1.0,21,6,6,0.2857142857142857,0.2857142857142857,3,3,3,1.0,1.0
baseline,gemma4:12b,autonomous_depth_only,state_101,gear,0.7,9,9,9,1.0,1.0,21,6,6,0.2857142857142857,0.2857142857142857,3,3,3,1.0,1.0
baseline,gemma4:12b,autonomous_depth_only,state_101,gear,0.8,9,9,9,1.0,1.0,21,6,6,0.2857142857142857,0.2857142857142857,3,3,3,1.0,1.0
baseline,gemma4:12b,autonomous_depth_only,state_101,gear,0.9,9,9,9,1.0,1.0,21,6,6,0.2857142857142857,0.2857142857142857,3,3,3,1.0,1.0
baseline,gemma4:12b,autonomous_depth_only,state_101,gear,0.95,9,9,9,1.0,1.0,21,6,6,0.2857142857142857,0.2857142857142857,3,3,3,1.0,1.0
baseline,gemma4:12b,autonomous_depth_only,state_101,gear,0.97,9,9,9,1.0,1.0,21,6,6,0.2857142857142857,0.2857142857142857,3,3,3,1.0,1.0
baseline,gemma4:12b,autonomous_depth_only,state_101,gear,0.98,9,9,9,1.0,1.0,21,6,6,0.2857142857142857,0.2857142857142857,3,3,3,1.0,1.0
baseline,gemma4:12b,autonomous_depth_only,state_101,gear,0.99,9,9,9,1.0,1.0,21,6,6,0.2857142857142857,0.2857142857142857,3,3,3,1.0,1.0
baseline,gemma4:12b,autonomous_depth_only,state_101,gear,0.995,9,9,9,1.0,1.0,21,6,6,0.2857142857142857,0.2857142857142857,3,3,3,1.0,1.0
baseline,gemma4:12b,autonomous_depth_only,state_101,gear,0.999,9,9,9,1.0,1.0,21,6,6,0.2857142857142857,0.2857142857142857,3,3,3,1.0,1.0
baseline,gemma4:12b,autonomous_depth_only,state_101,gear,0.9999,9,8,8,0.8888888888888888,0.8888888888888888,21,6,6,0.2857142857142857,0.2857142857142857,3,3,3,1.0,1.0
baseline,gemma4:12b,autonomous_depth_only,state_101,gear,0.99999,9,3,3,0.3333333333333333,0.3333333333333333,21,0,0,0.0,0.0,3,1,1,0.3333333333333333,0.3333333333333333
baseline,gemma4:12b,autonomous_depth_only,state_101,gear,0.999999,9,0,0,0.0,0.0,21,0,0,0.0,0.0,3,0,0,0.0,0.0
baseline,gemma4:12b,autonomous_depth_only,state_101,hex_nut,0.4,4,4,4,1.0,1.0,16,0,0,0.0,0.0,2,2,2,1.0,1.0
baseline,gemma4:12b,autonomous_depth_only,state_101,hex_nut,0.5,4,4,4,1.0,1.0,16,0,0,0.0,0.0,2,2,2,1.0,1.0
baseline,gemma4:12b,autonomous_depth_only,state_101,hex_nut,0.6,4,4,4,1.0,1.0,16,0,0,0.0,0.0,2,2,2,1.0,1.0
baseline,gemma4:12b,autonomous_depth_only,state_101,hex_nut,0.65,4,4,4,1.0,1.0,16,0,0,0.0,0.0,2,2,2,1.0,1.0
baseline,gemma4:12b,autonomous_depth_only,state_101,hex_nut,0.7,4,4,4,1.0,1.0,16,0,0,0.0,0.0,2,2,2,1.0,1.0
baseline,gemma4:12b,autonomous_depth_only,state_101,hex_nut,0.8,4,4,4,1.0,1.0,16,0,0,0.0,0.0,2,2,2,1.0,1.0
baseline,gemma4:12b,autonomous_depth_only,state_101,hex_nut,0.9,4,4,4,1.0,1.0,16,0,0,0.0,0.0,2,2,2,1.0,1.0
baseline,gemma4:12b,autonomous_depth_only,state_101,hex_nut,0.95,4,2,2,0.5,0.5,16,0,0,0.0,0.0,2,1,1,0.5,0.5
baseline,gemma4:12b,autonomous_depth_only,state_101,hex_nut,0.97,4,2,2,0.5,0.5,16,0,0,0.0,0.0,2,1,1,0.5,0.5
baseline,gemma4:12b,autonomous_depth_only,state_101,hex_nut,0.98,4,2,2,0.5,0.5,16,0,0,0.0,0.0,2,1,1,0.5,0.5
baseline,gemma4:12b,autonomous_depth_only,state_101,hex_nut,0.99,4,2,2,0.5,0.5,16,0,0,0.0,0.0,2,1,1,0.5,0.5
baseline,gemma4:12b,autonomous_depth_only,state_101,hex_nut,0.995,4,2,2,0.5,0.5,16,0,0,0.0,0.0,2,1,1,0.5,0.5
baseline,gemma4:12b,autonomous_depth_only,state_101,hex_nut,0.999,4,1,1,0.25,0.25,16,0,0,0.0,0.0,2,0,0,0.0,0.0
baseline,gemma4:12b,autonomous_depth_only,state_101,hex_nut,0.9999,4,0,0,0.0,0.0,16,0,0,0.0,0.0,2,0,0,0.0,0.0
baseline,gemma4:12b,autonomous_depth_only,state_101,hex_nut,0.99999,4,0,0,0.0,0.0,16,0,0,0.0,0.0,2,0,0,0.0,0.0
baseline,gemma4:12b,autonomous_depth_only,state_101,hex_nut,0.999999,4,0,0,0.0,0.0,16,0,0,0.0,0.0,2,0,0,0.0,0.0
baseline,gemma4:12b,autonomous_depth_only,state_101,round_pin,0.4,9,9,9,1.0,1.0,21,6,6,0.2857142857142857,0.2857142857142857,3,3,3,1.0,1.0
baseline,gemma4:12b,autonomous_depth_only,state_101,round_pin,0.5,9,9,9,1.0,1.0,21,6,6,0.2857142857142857,0.2857142857142857,3,3,3,1.0,1.0
baseline,gemma4:12b,autonomous_depth_only,state_101,round_pin,0.6,9,9,9,1.0,1.0,21,6,6,0.2857142857142857,0.2857142857142857,3,3,3,1.0,1.0
baseline,gemma4:12b,autonomous_depth_only,state_101,round_pin,0.65,9,9,9,1.0,1.0,21,6,6,0.2857142857142857,0.2857142857142857,3,3,3,1.0,1.0
baseline,gemma4:12b,autonomous_depth_only,state_101,round_pin,0.7,9,9,9,1.0,1.0,21,6,6,0.2857142857142857,0.2857142857142857,3,3,3,1.0,1.0
baseline,gemma4:12b,autonomous_depth_only,state_101,round_pin,0.8,9,9,9,1.0,1.0,21,6,6,0.2857142857142857,0.2857142857142857,3,3,3,1.0,1.0
baseline,gemma4:12b,autonomous_depth_only,state_101,round_pin,0.9,9,9,9,1.0,1.0,21,6,6,0.2857142857142857,0.2857142857142857,3,3,3,1.0,1.0
baseline,gemma4:12b,autonomous_depth_only,state_101,round_pin,0.95,9,9,9,1.0,1.0,21,6,6,0.2857142857142857,0.2857142857142857,3,3,3,1.0,1.0
baseline,gemma4:12b,autonomous_depth_only,state_101,round_pin,0.97,9,9,9,1.0,1.0,21,6,6,0.2857142857142857,0.2857142857142857,3,3,3,1.0,1.0
baseline,gemma4:12b,autonomous_depth_only,state_101,round_pin,0.98,9,9,9,1.0,1.0,21,6,6,0.2857142857142857,0.2857142857142857,3,3,3,1.0,1.0
baseline,gemma4:12b,autonomous_depth_only,state_101,round_pin,0.99,9,9,9,1.0,1.0,21,6,6,0.2857142857142857,0.2857142857142857,3,3,3,1.0,1.0
baseline,gemma4:12b,autonomous_depth_only,state_101,round_pin,0.995,9,9,9,1.0,1.0,21,6,6,0.2857142857142857,0.2857142857142857,3,3,3,1.0,1.0
baseline,gemma4:12b,autonomous_depth_only,state_101,round_pin,0.999,9,9,9,1.0,1.0,21,4,4,0.19047619047619047,0.19047619047619047,3,3,3,1.0,1.0
baseline,gemma4:12b,autonomous_depth_only,state_101,round_pin,0.9999,9,9,9,1.0,1.0,21,0,0,0.0,0.0,3,3,3,1.0,1.0
baseline,gemma4:12b,autonomous_depth_only,state_101,round_pin,0.99999,9,9,9,1.0,1.0,21,0,0,0.0,0.0,3,3,3,1.0,1.0
baseline,gemma4:12b,autonomous_depth_only,state_101,round_pin,0.999999,9,0,0,0.0,0.0,21,0,0,0.0,0.0,3,0,0,0.0,0.0
baseline,gemma4:12b,autonomous_depth_only,state_101,Waterproof_Male,0.4,1,1,1,1.0,1.0,9,3,3,0.3333333333333333,0.3333333333333333,1,1,1,1.0,1.0
baseline,gemma4:12b,autonomous_depth_only,state_101,Waterproof_Male,0.5,1,1,1,1.0,1.0,9,3,3,0.3333333333333333,0.3333333333333333,1,1,1,1.0,1.0
baseline,gemma4:12b,autonomous_depth_only,state_101,Waterproof_Male,0.6,1,1,1,1.0,1.0,9,3,3,0.3333333333333333,0.3333333333333333,1,1,1,1.0,1.0
baseline,gemma4:12b,autonomous_depth_only,state_101,Waterproof_Male,0.65,1,1,1,1.0,1.0,9,3,3,0.3333333333333333,0.3333333333333333,1,1,1,1.0,1.0
baseline,gemma4:12b,autonomous_depth_only,state_101,Waterproof_Male,0.7,1,1,1,1.0,1.0,9,3,3,0.3333333333333333,0.3333333333333333,1,1,1,1.0,1.0
baseline,gemma4:12b,autonomous_depth_only,state_101,Waterproof_Male,0.8,1,1,1,1.0,1.0,9,3,3,0.3333333333333333,0.3333333333333333,1,1,1,1.0,1.0
baseline,gemma4:12b,autonomous_depth_only,state_101,Waterproof_Male,0.9,1,1,1,1.0,1.0,9,2,2,0.2222222222222222,0.2222222222222222,1,1,1,1.0,1.0
baseline,gemma4:12b,autonomous_depth_only,state_101,Waterproof_Male,0.95,1,1,1,1.0,1.0,9,2,2,0.2222222222222222,0.2222222222222222,1,1,1,1.0,1.0
baseline,gemma4:12b,autonomous_depth_only,state_101,Waterproof_Male,0.97,1,1,1,1.0,1.0,9,2,2,0.2222222222222222,0.2222222222222222,1,1,1,1.0,1.0
baseline,gemma4:12b,autonomous_depth_only,state_101,Waterproof_Male,0.98,1,1,1,1.0,1.0,9,2,2,0.2222222222222222,0.2222222222222222,1,1,1,1.0,1.0
baseline,gemma4:12b,autonomous_depth_only,state_101,Waterproof_Male,0.99,1,1,1,1.0,1.0,9,2,2,0.2222222222222222,0.2222222222222222,1,1,1,1.0,1.0
baseline,gemma4:12b,autonomous_depth_only,state_101,Waterproof_Male,0.995,1,1,1,1.0,1.0,9,2,2,0.2222222222222222,0.2222222222222222,1,1,1,1.0,1.0
baseline,gemma4:12b,autonomous_depth_only,state_101,Waterproof_Male,0.999,1,1,1,1.0,1.0,9,2,2,0.2222222222222222,0.2222222222222222,1,1,1,1.0,1.0
baseline,gemma4:12b,autonomous_depth_only,state_101,Waterproof_Male,0.9999,1,1,1,1.0,1.0,9,2,2,0.2222222222222222,0.2222222222222222,1,1,1,1.0,1.0
baseline,gemma4:12b,autonomous_depth_only,state_101,Waterproof_Male,0.99999,1,1,1,1.0,1.0,9,0,0,0.0,0.0,1,1,1,1.0,1.0
baseline,gemma4:12b,autonomous_depth_only,state_101,Waterproof_Male,0.999999,1,0,0,0.0,0.0,9,0,0,0.0,0.0,1,0,0,0.0,0.0
baseline,gemma4:12b,autonomous_depth_only,state_101,DSUB_Male,0.4,1,1,1,1.0,1.0,9,1,1,0.1111111111111111,0.1111111111111111,1,1,1,1.0,1.0
baseline,gemma4:12b,autonomous_depth_only,state_101,DSUB_Male,0.5,1,1,1,1.0,1.0,9,1,1,0.1111111111111111,0.1111111111111111,1,1,1,1.0,1.0
baseline,gemma4:12b,autonomous_depth_only,state_101,DSUB_Male,0.6,1,1,1,1.0,1.0,9,1,1,0.1111111111111111,0.1111111111111111,1,1,1,1.0,1.0
baseline,gemma4:12b,autonomous_depth_only,state_101,DSUB_Male,0.65,1,1,1,1.0,1.0,9,1,1,0.1111111111111111,0.1111111111111111,1,1,1,1.0,1.0
baseline,gemma4:12b,autonomous_depth_only,state_101,DSUB_Male,0.7,1,1,1,1.0,1.0,9,1,1,0.1111111111111111,0.1111111111111111,1,1,1,1.0,1.0
baseline,gemma4:12b,autonomous_depth_only,state_101,DSUB_Male,0.8,1,1,1,1.0,1.0,9,1,1,0.1111111111111111,0.1111111111111111,1,1,1,1.0,1.0
baseline,gemma4:12b,autonomous_depth_only,state_101,DSUB_Male,0.9,1,1,1,1.0,1.0,9,1,1,0.1111111111111111,0.1111111111111111,1,1,1,1.0,1.0
baseline,gemma4:12b,autonomous_depth_only,state_101,DSUB_Male,0.95,1,1,1,1.0,1.0,9,1,1,0.1111111111111111,0.1111111111111111,1,1,1,1.0,1.0
baseline,gemma4:12b,autonomous_depth_only,state_101,DSUB_Male,0.97,1,1,1,1.0,1.0,9,1,1,0.1111111111111111,0.1111111111111111,1,1,1,1.0,1.0
baseline,gemma4:12b,autonomous_depth_only,state_101,DSUB_Male,0.98,1,1,1,1.0,1.0,9,1,1,0.1111111111111111,0.1111111111111111,1,1,1,1.0,1.0
baseline,gemma4:12b,autonomous_depth_only,state_101,DSUB_Male,0.99,1,1,1,1.0,1.0,9,1,1,0.1111111111111111,0.1111111111111111,1,1,1,1.0,1.0
baseline,gemma4:12b,autonomous_depth_only,state_101,DSUB_Male,0.995,1,1,1,1.0,1.0,9,1,1,0.1111111111111111,0.1111111111111111,1,1,1,1.0,1.0
baseline,gemma4:12b,autonomous_depth_only,state_101,DSUB_Male,0.999,1,1,1,1.0,1.0,9,0,0,0.0,0.0,1,1,1,1.0,1.0
baseline,gemma4:12b,autonomous_depth_only,state_101,DSUB_Male,0.9999,1,1,1,1.0,1.0,9,0,0,0.0,0.0,1,1,1,1.0,1.0
baseline,gemma4:12b,autonomous_depth_only,state_101,DSUB_Male,0.99999,1,0,0,0.0,0.0,9,0,0,0.0,0.0,1,0,0,0.0,0.0
baseline,gemma4:12b,autonomous_depth_only,state_101,DSUB_Male,0.999999,1,0,0,0.0,0.0,9,0,0,0.0,0.0,1,0,0,0.0,0.0
baseline,gemma4:12b,autonomous_depth_only,state_202,gear,0.4,9,9,9,1.0,1.0,24,8,8,0.3333333333333333,0.3333333333333333,3,3,3,1.0,1.0
baseline,gemma4:12b,autonomous_depth_only,state_202,gear,0.5,9,9,9,1.0,1.0,24,8,8,0.3333333333333333,0.3333333333333333,3,3,3,1.0,1.0
baseline,gemma4:12b,autonomous_depth_only,state_202,gear,0.6,9,9,9,1.0,1.0,24,8,8,0.3333333333333333,0.3333333333333333,3,3,3,1.0,1.0
baseline,gemma4:12b,autonomous_depth_only,state_202,gear,0.65,9,9,9,1.0,1.0,24,8,8,0.3333333333333333,0.3333333333333333,3,3,3,1.0,1.0
baseline,gemma4:12b,autonomous_depth_only,state_202,gear,0.7,9,9,9,1.0,1.0,24,8,8,0.3333333333333333,0.3333333333333333,3,3,3,1.0,1.0
baseline,gemma4:12b,autonomous_depth_only,state_202,gear,0.8,9,9,9,1.0,1.0,24,6,6,0.25,0.25,3,3,3,1.0,1.0
baseline,gemma4:12b,autonomous_depth_only,state_202,gear,0.9,9,9,9,1.0,1.0,24,5,5,0.20833333333333334,0.20833333333333334,3,3,3,1.0,1.0
baseline,gemma4:12b,autonomous_depth_only,state_202,gear,0.95,9,9,9,1.0,1.0,24,4,4,0.16666666666666666,0.16666666666666666,3,3,3,1.0,1.0
baseline,gemma4:12b,autonomous_depth_only,state_202,gear,0.97,9,9,9,1.0,1.0,24,3,3,0.125,0.125,3,3,3,1.0,1.0
baseline,gemma4:12b,autonomous_depth_only,state_202,gear,0.98,9,9,9,1.0,1.0,24,3,3,0.125,0.125,3,3,3,1.0,1.0
baseline,gemma4:12b,autonomous_depth_only,state_202,gear,0.99,9,9,9,1.0,1.0,24,3,3,0.125,0.125,3,3,3,1.0,1.0
baseline,gemma4:12b,autonomous_depth_only,state_202,gear,0.995,9,9,9,1.0,1.0,24,3,3,0.125,0.125,3,3,3,1.0,1.0
baseline,gemma4:12b,autonomous_depth_only,state_202,gear,0.999,9,7,7,0.7777777777777778,0.7777777777777778,24,3,3,0.125,0.125,3,2,2,0.6666666666666666,0.6666666666666666
baseline,gemma4:12b,autonomous_depth_only,state_202,gear,0.9999,9,6,6,0.6666666666666666,0.6666666666666666,24,1,1,0.041666666666666664,0.041666666666666664,3,2,2,0.6666666666666666,0.6666666666666666
baseline,gemma4:12b,autonomous_depth_only,state_202,gear,0.99999,9,3,3,0.3333333333333333,0.3333333333333333,24,0,0,0.0,0.0,3,0,0,0.0,0.0
baseline,gemma4:12b,autonomous_depth_only,state_202,gear,0.999999,9,0,0,0.0,0.0,24,0,0,0.0,0.0,3,0,0,0.0,0.0
baseline,gemma4:12b,autonomous_depth_only,state_202,hex_nut,0.4,4,4,4,1.0,1.0,18,0,0,0.0,0.0,2,2,2,1.0,1.0
baseline,gemma4:12b,autonomous_depth_only,state_202,hex_nut,0.5,4,4,4,1.0,1.0,18,0,0,0.0,0.0,2,2,2,1.0,1.0
baseline,gemma4:12b,autonomous_depth_only,state_202,hex_nut,0.6,4,4,4,1.0,1.0,18,0,0,0.0,0.0,2,2,2,1.0,1.0
baseline,gemma4:12b,autonomous_depth_only,state_202,hex_nut,0.65,4,4,4,1.0,1.0,18,0,0,0.0,0.0,2,2,2,1.0,1.0
baseline,gemma4:12b,autonomous_depth_only,state_202,hex_nut,0.7,4,4,4,1.0,1.0,18,0,0,0.0,0.0,2,2,2,1.0,1.0
baseline,gemma4:12b,autonomous_depth_only,state_202,hex_nut,0.8,4,4,4,1.0,1.0,18,0,0,0.0,0.0,2,2,2,1.0,1.0
baseline,gemma4:12b,autonomous_depth_only,state_202,hex_nut,0.9,4,4,4,1.0,1.0,18,0,0,0.0,0.0,2,2,2,1.0,1.0
baseline,gemma4:12b,autonomous_depth_only,state_202,hex_nut,0.95,4,4,4,1.0,1.0,18,0,0,0.0,0.0,2,2,2,1.0,1.0
baseline,gemma4:12b,autonomous_depth_only,state_202,hex_nut,0.97,4,4,4,1.0,1.0,18,0,0,0.0,0.0,2,2,2,1.0,1.0
baseline,gemma4:12b,autonomous_depth_only,state_202,hex_nut,0.98,4,4,4,1.0,1.0,18,0,0,0.0,0.0,2,2,2,1.0,1.0
baseline,gemma4:12b,autonomous_depth_only,state_202,hex_nut,0.99,4,4,4,1.0,1.0,18,0,0,0.0,0.0,2,2,2,1.0,1.0
baseline,gemma4:12b,autonomous_depth_only,state_202,hex_nut,0.995,4,4,4,1.0,1.0,18,0,0,0.0,0.0,2,2,2,1.0,1.0
baseline,gemma4:12b,autonomous_depth_only,state_202,hex_nut,0.999,4,4,4,1.0,1.0,18,0,0,0.0,0.0,2,2,2,1.0,1.0
baseline,gemma4:12b,autonomous_depth_only,state_202,hex_nut,0.9999,4,4,4,1.0,1.0,18,0,0,0.0,0.0,2,2,2,1.0,1.0
baseline,gemma4:12b,autonomous_depth_only,state_202,hex_nut,0.99999,4,0,0,0.0,0.0,18,0,0,0.0,0.0,2,0,0,0.0,0.0
baseline,gemma4:12b,autonomous_depth_only,state_202,hex_nut,0.999999,4,0,0,0.0,0.0,18,0,0,0.0,0.0,2,0,0,0.0,0.0
baseline,gemma4:12b,autonomous_depth_only,state_202,round_pin,0.4,9,9,9,1.0,1.0,24,6,6,0.25,0.25,3,3,3,1.0,1.0
baseline,gemma4:12b,autonomous_depth_only,state_202,round_pin,0.5,9,9,9,1.0,1.0,24,6,6,0.25,0.25,3,3,3,1.0,1.0
baseline,gemma4:12b,autonomous_depth_only,state_202,round_pin,0.6,9,9,9,1.0,1.0,24,6,6,0.25,0.25,3,3,3,1.0,1.0
baseline,gemma4:12b,autonomous_depth_only,state_202,round_pin,0.65,9,9,9,1.0,1.0,24,6,6,0.25,0.25,3,3,3,1.0,1.0
baseline,gemma4:12b,autonomous_depth_only,state_202,round_pin,0.7,9,9,9,1.0,1.0,24,6,6,0.25,0.25,3,3,3,1.0,1.0
baseline,gemma4:12b,autonomous_depth_only,state_202,round_pin,0.8,9,9,9,1.0,1.0,24,6,6,0.25,0.25,3,3,3,1.0,1.0
baseline,gemma4:12b,autonomous_depth_only,state_202,round_pin,0.9,9,9,9,1.0,1.0,24,6,6,0.25,0.25,3,3,3,1.0,1.0
baseline,gemma4:12b,autonomous_depth_only,state_202,round_pin,0.95,9,9,9,1.0,1.0,24,6,6,0.25,0.25,3,3,3,1.0,1.0
baseline,gemma4:12b,autonomous_depth_only,state_202,round_pin,0.97,9,9,9,1.0,1.0,24,6,6,0.25,0.25,3,3,3,1.0,1.0
baseline,gemma4:12b,autonomous_depth_only,state_202,round_pin,0.98,9,9,9,1.0,1.0,24,6,6,0.25,0.25,3,3,3,1.0,1.0
baseline,gemma4:12b,autonomous_depth_only,state_202,round_pin,0.99,9,9,9,1.0,1.0,24,6,6,0.25,0.25,3,3,3,1.0,1.0
baseline,gemma4:12b,autonomous_depth_only,state_202,round_pin,0.995,9,9,9,1.0,1.0,24,5,5,0.20833333333333334,0.20833333333333334,3,3,3,1.0,1.0
baseline,gemma4:12b,autonomous_depth_only,state_202,round_pin,0.999,9,9,9,1.0,1.0,24,3,3,0.125,0.125,3,3,3,1.0,1.0
baseline,gemma4:12b,autonomous_depth_only,state_202,round_pin,0.9999,9,9,9,1.0,1.0,24,0,0,0.0,0.0,3,3,3,1.0,1.0
baseline,gemma4:12b,autonomous_depth_only,state_202,round_pin,0.99999,9,9,9,1.0,1.0,24,0,0,0.0,0.0,3,3,3,1.0,1.0
baseline,gemma4:12b,autonomous_depth_only,state_202,round_pin,0.999999,9,0,0,0.0,0.0,24,0,0,0.0,0.0,3,0,0,0.0,0.0
baseline,gemma4:12b,autonomous_depth_only,state_202,Waterproof_Male,0.4,1,1,1,1.0,1.0,10,4,4,0.4,0.4,1,1,1,1.0,1.0
baseline,gemma4:12b,autonomous_depth_only,state_202,Waterproof_Male,0.5,1,1,1,1.0,1.0,10,4,4,0.4,0.4,1,1,1,1.0,1.0
baseline,gemma4:12b,autonomous_depth_only,state_202,Waterproof_Male,0.6,1,1,1,1.0,1.0,10,4,4,0.4,0.4,1,1,1,1.0,1.0
baseline,gemma4:12b,autonomous_depth_only,state_202,Waterproof_Male,0.65,1,1,1,1.0,1.0,10,4,4,0.4,0.4,1,1,1,1.0,1.0
baseline,gemma4:12b,autonomous_depth_only,state_202,Waterproof_Male,0.7,1,1,1,1.0,1.0,10,4,4,0.4,0.4,1,1,1,1.0,1.0
baseline,gemma4:12b,autonomous_depth_only,state_202,Waterproof_Male,0.8,1,1,1,1.0,1.0,10,4,4,0.4,0.4,1,1,1,1.0,1.0
baseline,gemma4:12b,autonomous_depth_only,state_202,Waterproof_Male,0.9,1,1,1,1.0,1.0,10,4,4,0.4,0.4,1,1,1,1.0,1.0
baseline,gemma4:12b,autonomous_depth_only,state_202,Waterproof_Male,0.95,1,1,1,1.0,1.0,10,4,4,0.4,0.4,1,1,1,1.0,1.0
baseline,gemma4:12b,autonomous_depth_only,state_202,Waterproof_Male,0.97,1,1,1,1.0,1.0,10,4,4,0.4,0.4,1,1,1,1.0,1.0
baseline,gemma4:12b,autonomous_depth_only,state_202,Waterproof_Male,0.98,1,1,1,1.0,1.0,10,4,4,0.4,0.4,1,1,1,1.0,1.0
baseline,gemma4:12b,autonomous_depth_only,state_202,Waterproof_Male,0.99,1,1,1,1.0,1.0,10,3,3,0.3,0.3,1,1,1,1.0,1.0
baseline,gemma4:12b,autonomous_depth_only,state_202,Waterproof_Male,0.995,1,1,1,1.0,1.0,10,3,3,0.3,0.3,1,1,1,1.0,1.0
baseline,gemma4:12b,autonomous_depth_only,state_202,Waterproof_Male,0.999,1,1,1,1.0,1.0,10,3,3,0.3,0.3,1,1,1,1.0,1.0
baseline,gemma4:12b,autonomous_depth_only,state_202,Waterproof_Male,0.9999,1,1,1,1.0,1.0,10,2,2,0.2,0.2,1,1,1,1.0,1.0
baseline,gemma4:12b,autonomous_depth_only,state_202,Waterproof_Male,0.99999,1,0,0,0.0,0.0,10,1,1,0.1,0.1,1,0,0,0.0,0.0
baseline,gemma4:12b,autonomous_depth_only,state_202,Waterproof_Male,0.999999,1,0,0,0.0,0.0,10,0,0,0.0,0.0,1,0,0,0.0,0.0
baseline,gemma4:12b,autonomous_depth_only,state_202,USB_Male,0.4,1,1,1,1.0,1.0,10,0,0,0.0,0.0,1,1,1,1.0,1.0
baseline,gemma4:12b,autonomous_depth_only,state_202,USB_Male,0.5,1,1,1,1.0,1.0,10,0,0,0.0,0.0,1,1,1,1.0,1.0
baseline,gemma4:12b,autonomous_depth_only,state_202,USB_Male,0.6,1,1,1,1.0,1.0,10,0,0,0.0,0.0,1,1,1,1.0,1.0
baseline,gemma4:12b,autonomous_depth_only,state_202,USB_Male,0.65,1,1,1,1.0,1.0,10,0,0,0.0,0.0,1,1,1,1.0,1.0
baseline,gemma4:12b,autonomous_depth_only,state_202,USB_Male,0.7,1,1,1,1.0,1.0,10,0,0,0.0,0.0,1,1,1,1.0,1.0
baseline,gemma4:12b,autonomous_depth_only,state_202,USB_Male,0.8,1,1,1,1.0,1.0,10,0,0,0.0,0.0,1,1,1,1.0,1.0
baseline,gemma4:12b,autonomous_depth_only,state_202,USB_Male,0.9,1,1,1,1.0,1.0,10,0,0,0.0,0.0,1,1,1,1.0,1.0
baseline,gemma4:12b,autonomous_depth_only,state_202,USB_Male,0.95,1,1,1,1.0,1.0,10,0,0,0.0,0.0,1,1,1,1.0,1.0
baseline,gemma4:12b,autonomous_depth_only,state_202,USB_Male,0.97,1,1,1,1.0,1.0,10,0,0,0.0,0.0,1,1,1,1.0,1.0
baseline,gemma4:12b,autonomous_depth_only,state_202,USB_Male,0.98,1,1,1,1.0,1.0,10,0,0,0.0,0.0,1,1,1,1.0,1.0
baseline,gemma4:12b,autonomous_depth_only,state_202,USB_Male,0.99,1,1,1,1.0,1.0,10,0,0,0.0,0.0,1,1,1,1.0,1.0
baseline,gemma4:12b,autonomous_depth_only,state_202,USB_Male,0.995,1,1,1,1.0,1.0,10,0,0,0.0,0.0,1,1,1,1.0,1.0
baseline,gemma4:12b,autonomous_depth_only,state_202,USB_Male,0.999,1,1,1,1.0,1.0,10,0,0,0.0,0.0,1,1,1,1.0,1.0
baseline,gemma4:12b,autonomous_depth_only,state_202,USB_Male,0.9999,1,1,1,1.0,1.0,10,0,0,0.0,0.0,1,1,1,1.0,1.0
baseline,gemma4:12b,autonomous_depth_only,state_202,USB_Male,0.99999,1,1,1,1.0,1.0,10,0,0,0.0,0.0,1,1,1,1.0,1.0
baseline,gemma4:12b,autonomous_depth_only,state_202,USB_Male,0.999999,1,0,0,0.0,0.0,10,0,0,0.0,0.0,1,0,0,0.0,0.0
baseline,gemma4:12b,autonomous_depth_only,state_202,DSUB_Male,0.4,1,1,1,1.0,1.0,10,1,1,0.1,0.1,1,1,1,1.0,1.0
baseline,gemma4:12b,autonomous_depth_only,state_202,DSUB_Male,0.5,1,1,1,1.0,1.0,10,1,1,0.1,0.1,1,1,1,1.0,1.0
baseline,gemma4:12b,autonomous_depth_only,state_202,DSUB_Male,0.6,1,1,1,1.0,1.0,10,1,1,0.1,0.1,1,1,1,1.0,1.0
baseline,gemma4:12b,autonomous_depth_only,state_202,DSUB_Male,0.65,1,1,1,1.0,1.0,10,1,1,0.1,0.1,1,1,1,1.0,1.0
baseline,gemma4:12b,autonomous_depth_only,state_202,DSUB_Male,0.7,1,1,1,1.0,1.0,10,1,1,0.1,0.1,1,1,1,1.0,1.0
baseline,gemma4:12b,autonomous_depth_only,state_202,DSUB_Male,0.8,1,1,1,1.0,1.0,10,1,1,0.1,0.1,1,1,1,1.0,1.0
baseline,gemma4:12b,autonomous_depth_only,state_202,DSUB_Male,0.9,1,1,1,1.0,1.0,10,1,1,0.1,0.1,1,1,1,1.0,1.0
baseline,gemma4:12b,autonomous_depth_only,state_202,DSUB_Male,0.95,1,1,1,1.0,1.0,10,1,1,0.1,0.1,1,1,1,1.0,1.0
baseline,gemma4:12b,autonomous_depth_only,state_202,DSUB_Male,0.97,1,1,1,1.0,1.0,10,1,1,0.1,0.1,1,1,1,1.0,1.0
baseline,gemma4:12b,autonomous_depth_only,state_202,DSUB_Male,0.98,1,1,1,1.0,1.0,10,1,1,0.1,0.1,1,1,1,1.0,1.0
baseline,gemma4:12b,autonomous_depth_only,state_202,DSUB_Male,0.99,1,1,1,1.0,1.0,10,1,1,0.1,0.1,1,1,1,1.0,1.0
baseline,gemma4:12b,autonomous_depth_only,state_202,DSUB_Male,0.995,1,1,1,1.0,1.0,10,1,1,0.1,0.1,1,1,1,1.0,1.0
baseline,gemma4:12b,autonomous_depth_only,state_202,DSUB_Male,0.999,1,1,1,1.0,1.0,10,1,1,0.1,0.1,1,1,1,1.0,1.0
baseline,gemma4:12b,autonomous_depth_only,state_202,DSUB_Male,0.9999,1,1,1,1.0,1.0,10,0,0,0.0,0.0,1,1,1,1.0,1.0
baseline,gemma4:12b,autonomous_depth_only,state_202,DSUB_Male,0.99999,1,1,1,1.0,1.0,10,0,0,0.0,0.0,1,1,1,1.0,1.0
baseline,gemma4:12b,autonomous_depth_only,state_202,DSUB_Male,0.999999,1,0,0,0.0,0.0,10,0,0,0.0,0.0,1,0,0,0.0,0.0
baseline,gemma4:12b,autonomous_depth_only,state_303,gear,0.4,9,9,9,1.0,1.0,21,8,8,0.38095238095238093,0.38095238095238093,3,3,3,1.0,1.0
baseline,gemma4:12b,autonomous_depth_only,state_303,gear,0.5,9,9,9,1.0,1.0,21,8,8,0.38095238095238093,0.38095238095238093,3,3,3,1.0,1.0
baseline,gemma4:12b,autonomous_depth_only,state_303,gear,0.6,9,9,9,1.0,1.0,21,8,8,0.38095238095238093,0.38095238095238093,3,3,3,1.0,1.0
baseline,gemma4:12b,autonomous_depth_only,state_303,gear,0.65,9,9,9,1.0,1.0,21,8,8,0.38095238095238093,0.38095238095238093,3,3,3,1.0,1.0
baseline,gemma4:12b,autonomous_depth_only,state_303,gear,0.7,9,9,9,1.0,1.0,21,8,8,0.38095238095238093,0.38095238095238093,3,3,3,1.0,1.0
baseline,gemma4:12b,autonomous_depth_only,state_303,gear,0.8,9,9,9,1.0,1.0,21,8,8,0.38095238095238093,0.38095238095238093,3,3,3,1.0,1.0
baseline,gemma4:12b,autonomous_depth_only,state_303,gear,0.9,9,9,9,1.0,1.0,21,8,8,0.38095238095238093,0.38095238095238093,3,3,3,1.0,1.0
baseline,gemma4:12b,autonomous_depth_only,state_303,gear,0.95,9,9,9,1.0,1.0,21,8,8,0.38095238095238093,0.38095238095238093,3,3,3,1.0,1.0
baseline,gemma4:12b,autonomous_depth_only,state_303,gear,0.97,9,9,9,1.0,1.0,21,8,8,0.38095238095238093,0.38095238095238093,3,3,3,1.0,1.0
baseline,gemma4:12b,autonomous_depth_only,state_303,gear,0.98,9,9,9,1.0,1.0,21,8,8,0.38095238095238093,0.38095238095238093,3,3,3,1.0,1.0
baseline,gemma4:12b,autonomous_depth_only,state_303,gear,0.99,9,9,9,1.0,1.0,21,6,6,0.2857142857142857,0.2857142857142857,3,3,3,1.0,1.0
baseline,gemma4:12b,autonomous_depth_only,state_303,gear,0.995,9,9,9,1.0,1.0,21,6,6,0.2857142857142857,0.2857142857142857,3,3,3,1.0,1.0
baseline,gemma4:12b,autonomous_depth_only,state_303,gear,0.999,9,8,8,0.8888888888888888,0.8888888888888888,21,6,6,0.2857142857142857,0.2857142857142857,3,2,2,0.6666666666666666,0.6666666666666666
baseline,gemma4:12b,autonomous_depth_only,state_303,gear,0.9999,9,6,6,0.6666666666666666,0.6666666666666666,21,6,6,0.2857142857142857,0.2857142857142857,3,2,2,0.6666666666666666,0.6666666666666666
baseline,gemma4:12b,autonomous_depth_only,state_303,gear,0.99999,9,2,2,0.2222222222222222,0.2222222222222222,21,0,0,0.0,0.0,3,0,0,0.0,0.0
baseline,gemma4:12b,autonomous_depth_only,state_303,gear,0.999999,9,0,0,0.0,0.0,21,0,0,0.0,0.0,3,0,0,0.0,0.0
baseline,gemma4:12b,autonomous_depth_only,state_303,hex_nut,0.4,4,4,4,1.0,1.0,16,0,0,0.0,0.0,2,2,2,1.0,1.0
baseline,gemma4:12b,autonomous_depth_only,state_303,hex_nut,0.5,4,4,4,1.0,1.0,16,0,0,0.0,0.0,2,2,2,1.0,1.0
baseline,gemma4:12b,autonomous_depth_only,state_303,hex_nut,0.6,4,4,4,1.0,1.0,16,0,0,0.0,0.0,2,2,2,1.0,1.0
baseline,gemma4:12b,autonomous_depth_only,state_303,hex_nut,0.65,4,4,4,1.0,1.0,16,0,0,0.0,0.0,2,2,2,1.0,1.0
baseline,gemma4:12b,autonomous_depth_only,state_303,hex_nut,0.7,4,4,4,1.0,1.0,16,0,0,0.0,0.0,2,2,2,1.0,1.0
baseline,gemma4:12b,autonomous_depth_only,state_303,hex_nut,0.8,4,4,4,1.0,1.0,16,0,0,0.0,0.0,2,2,2,1.0,1.0
baseline,gemma4:12b,autonomous_depth_only,state_303,hex_nut,0.9,4,4,4,1.0,1.0,16,0,0,0.0,0.0,2,2,2,1.0,1.0
baseline,gemma4:12b,autonomous_depth_only,state_303,hex_nut,0.95,4,4,4,1.0,1.0,16,0,0,0.0,0.0,2,2,2,1.0,1.0
baseline,gemma4:12b,autonomous_depth_only,state_303,hex_nut,0.97,4,4,4,1.0,1.0,16,0,0,0.0,0.0,2,2,2,1.0,1.0
baseline,gemma4:12b,autonomous_depth_only,state_303,hex_nut,0.98,4,4,4,1.0,1.0,16,0,0,0.0,0.0,2,2,2,1.0,1.0
baseline,gemma4:12b,autonomous_depth_only,state_303,hex_nut,0.99,4,4,4,1.0,1.0,16,0,0,0.0,0.0,2,2,2,1.0,1.0
baseline,gemma4:12b,autonomous_depth_only,state_303,hex_nut,0.995,4,4,4,1.0,1.0,16,0,0,0.0,0.0,2,2,2,1.0,1.0
baseline,gemma4:12b,autonomous_depth_only,state_303,hex_nut,0.999,4,4,4,1.0,1.0,16,0,0,0.0,0.0,2,2,2,1.0,1.0
baseline,gemma4:12b,autonomous_depth_only,state_303,hex_nut,0.9999,4,0,0,0.0,0.0,16,0,0,0.0,0.0,2,0,0,0.0,0.0
baseline,gemma4:12b,autonomous_depth_only,state_303,hex_nut,0.99999,4,0,0,0.0,0.0,16,0,0,0.0,0.0,2,0,0,0.0,0.0
baseline,gemma4:12b,autonomous_depth_only,state_303,hex_nut,0.999999,4,0,0,0.0,0.0,16,0,0,0.0,0.0,2,0,0,0.0,0.0
baseline,gemma4:12b,autonomous_depth_only,state_303,round_pin,0.4,9,9,9,1.0,1.0,21,6,6,0.2857142857142857,0.2857142857142857,3,3,3,1.0,1.0
baseline,gemma4:12b,autonomous_depth_only,state_303,round_pin,0.5,9,9,9,1.0,1.0,21,6,6,0.2857142857142857,0.2857142857142857,3,3,3,1.0,1.0
baseline,gemma4:12b,autonomous_depth_only,state_303,round_pin,0.6,9,9,9,1.0,1.0,21,6,6,0.2857142857142857,0.2857142857142857,3,3,3,1.0,1.0
baseline,gemma4:12b,autonomous_depth_only,state_303,round_pin,0.65,9,9,9,1.0,1.0,21,6,6,0.2857142857142857,0.2857142857142857,3,3,3,1.0,1.0
baseline,gemma4:12b,autonomous_depth_only,state_303,round_pin,0.7,9,9,9,1.0,1.0,21,6,6,0.2857142857142857,0.2857142857142857,3,3,3,1.0,1.0
baseline,gemma4:12b,autonomous_depth_only,state_303,round_pin,0.8,9,9,9,1.0,1.0,21,6,6,0.2857142857142857,0.2857142857142857,3,3,3,1.0,1.0
baseline,gemma4:12b,autonomous_depth_only,state_303,round_pin,0.9,9,9,9,1.0,1.0,21,6,6,0.2857142857142857,0.2857142857142857,3,3,3,1.0,1.0
baseline,gemma4:12b,autonomous_depth_only,state_303,round_pin,0.95,9,9,9,1.0,1.0,21,6,6,0.2857142857142857,0.2857142857142857,3,3,3,1.0,1.0
baseline,gemma4:12b,autonomous_depth_only,state_303,round_pin,0.97,9,9,9,1.0,1.0,21,6,6,0.2857142857142857,0.2857142857142857,3,3,3,1.0,1.0
baseline,gemma4:12b,autonomous_depth_only,state_303,round_pin,0.98,9,9,9,1.0,1.0,21,6,6,0.2857142857142857,0.2857142857142857,3,3,3,1.0,1.0
baseline,gemma4:12b,autonomous_depth_only,state_303,round_pin,0.99,9,9,9,1.0,1.0,21,5,5,0.23809523809523808,0.23809523809523808,3,3,3,1.0,1.0
baseline,gemma4:12b,autonomous_depth_only,state_303,round_pin,0.995,9,9,9,1.0,1.0,21,4,4,0.19047619047619047,0.19047619047619047,3,3,3,1.0,1.0
baseline,gemma4:12b,autonomous_depth_only,state_303,round_pin,0.999,9,9,9,1.0,1.0,21,3,3,0.14285714285714285,0.14285714285714285,3,3,3,1.0,1.0
baseline,gemma4:12b,autonomous_depth_only,state_303,round_pin,0.9999,9,9,9,1.0,1.0,21,2,2,0.09523809523809523,0.09523809523809523,3,3,3,1.0,1.0
baseline,gemma4:12b,autonomous_depth_only,state_303,round_pin,0.99999,9,9,9,1.0,1.0,21,0,0,0.0,0.0,3,3,3,1.0,1.0
baseline,gemma4:12b,autonomous_depth_only,state_303,round_pin,0.999999,9,0,0,0.0,0.0,21,0,0,0.0,0.0,3,0,0,0.0,0.0
baseline,gemma4:12b,autonomous_depth_only,state_303,Waterproof_Male,0.4,1,1,1,1.0,1.0,9,3,3,0.3333333333333333,0.3333333333333333,1,1,1,1.0,1.0
baseline,gemma4:12b,autonomous_depth_only,state_303,Waterproof_Male,0.5,1,1,1,1.0,1.0,9,3,3,0.3333333333333333,0.3333333333333333,1,1,1,1.0,1.0
baseline,gemma4:12b,autonomous_depth_only,state_303,Waterproof_Male,0.6,1,1,1,1.0,1.0,9,3,3,0.3333333333333333,0.3333333333333333,1,1,1,1.0,1.0
baseline,gemma4:12b,autonomous_depth_only,state_303,Waterproof_Male,0.65,1,1,1,1.0,1.0,9,3,3,0.3333333333333333,0.3333333333333333,1,1,1,1.0,1.0
baseline,gemma4:12b,autonomous_depth_only,state_303,Waterproof_Male,0.7,1,1,1,1.0,1.0,9,3,3,0.3333333333333333,0.3333333333333333,1,1,1,1.0,1.0
baseline,gemma4:12b,autonomous_depth_only,state_303,Waterproof_Male,0.8,1,1,1,1.0,1.0,9,3,3,0.3333333333333333,0.3333333333333333,1,1,1,1.0,1.0
baseline,gemma4:12b,autonomous_depth_only,state_303,Waterproof_Male,0.9,1,1,1,1.0,1.0,9,3,3,0.3333333333333333,0.3333333333333333,1,1,1,1.0,1.0
baseline,gemma4:12b,autonomous_depth_only,state_303,Waterproof_Male,0.95,1,1,1,1.0,1.0,9,2,2,0.2222222222222222,0.2222222222222222,1,1,1,1.0,1.0
baseline,gemma4:12b,autonomous_depth_only,state_303,Waterproof_Male,0.97,1,1,1,1.0,1.0,9,2,2,0.2222222222222222,0.2222222222222222,1,1,1,1.0,1.0
baseline,gemma4:12b,autonomous_depth_only,state_303,Waterproof_Male,0.98,1,1,1,1.0,1.0,9,2,2,0.2222222222222222,0.2222222222222222,1,1,1,1.0,1.0
baseline,gemma4:12b,autonomous_depth_only,state_303,Waterproof_Male,0.99,1,1,1,1.0,1.0,9,2,2,0.2222222222222222,0.2222222222222222,1,1,1,1.0,1.0
baseline,gemma4:12b,autonomous_depth_only,state_303,Waterproof_Male,0.995,1,1,1,1.0,1.0,9,2,2,0.2222222222222222,0.2222222222222222,1,1,1,1.0,1.0
baseline,gemma4:12b,autonomous_depth_only,state_303,Waterproof_Male,0.999,1,1,1,1.0,1.0,9,2,2,0.2222222222222222,0.2222222222222222,1,1,1,1.0,1.0
baseline,gemma4:12b,autonomous_depth_only,state_303,Waterproof_Male,0.9999,1,1,1,1.0,1.0,9,1,1,0.1111111111111111,0.1111111111111111,1,1,1,1.0,1.0
baseline,gemma4:12b,autonomous_depth_only,state_303,Waterproof_Male,0.99999,1,1,1,1.0,1.0,9,1,1,0.1111111111111111,0.1111111111111111,1,1,1,1.0,1.0
baseline,gemma4:12b,autonomous_depth_only,state_303,Waterproof_Male,0.999999,1,0,0,0.0,0.0,9,0,0,0.0,0.0,1,0,0,0.0,0.0
baseline,gemma4:12b,autonomous_depth_only,state_303,DSUB_Male,0.4,1,1,1,1.0,1.0,9,1,1,0.1111111111111111,0.1111111111111111,1,1,1,1.0,1.0
baseline,gemma4:12b,autonomous_depth_only,state_303,DSUB_Male,0.5,1,1,1,1.0,1.0,9,1,1,0.1111111111111111,0.1111111111111111,1,1,1,1.0,1.0
baseline,gemma4:12b,autonomous_depth_only,state_303,DSUB_Male,0.6,1,1,1,1.0,1.0,9,0,0,0.0,0.0,1,1,1,1.0,1.0
baseline,gemma4:12b,autonomous_depth_only,state_303,DSUB_Male,0.65,1,1,1,1.0,1.0,9,0,0,0.0,0.0,1,1,1,1.0,1.0
baseline,gemma4:12b,autonomous_depth_only,state_303,DSUB_Male,0.7,1,1,1,1.0,1.0,9,0,0,0.0,0.0,1,1,1,1.0,1.0
baseline,gemma4:12b,autonomous_depth_only,state_303,DSUB_Male,0.8,1,1,1,1.0,1.0,9,0,0,0.0,0.0,1,1,1,1.0,1.0
baseline,gemma4:12b,autonomous_depth_only,state_303,DSUB_Male,0.9,1,1,1,1.0,1.0,9,0,0,0.0,0.0,1,1,1,1.0,1.0
baseline,gemma4:12b,autonomous_depth_only,state_303,DSUB_Male,0.95,1,1,1,1.0,1.0,9,0,0,0.0,0.0,1,1,1,1.0,1.0
baseline,gemma4:12b,autonomous_depth_only,state_303,DSUB_Male,0.97,1,1,1,1.0,1.0,9,0,0,0.0,0.0,1,1,1,1.0,1.0
baseline,gemma4:12b,autonomous_depth_only,state_303,DSUB_Male,0.98,1,1,1,1.0,1.0,9,0,0,0.0,0.0,1,1,1,1.0,1.0
baseline,gemma4:12b,autonomous_depth_only,state_303,DSUB_Male,0.99,1,1,1,1.0,1.0,9,0,0,0.0,0.0,1,1,1,1.0,1.0
baseline,gemma4:12b,autonomous_depth_only,state_303,DSUB_Male,0.995,1,1,1,1.0,1.0,9,0,0,0.0,0.0,1,1,1,1.0,1.0
baseline,gemma4:12b,autonomous_depth_only,state_303,DSUB_Male,0.999,1,1,1,1.0,1.0,9,0,0,0.0,0.0,1,1,1,1.0,1.0
baseline,gemma4:12b,autonomous_depth_only,state_303,DSUB_Male,0.9999,1,1,1,1.0,1.0,9,0,0,0.0,0.0,1,1,1,1.0,1.0
baseline,gemma4:12b,autonomous_depth_only,state_303,DSUB_Male,0.99999,1,1,1,1.0,1.0,9,0,0,0.0,0.0,1,1,1,1.0,1.0
baseline,gemma4:12b,autonomous_depth_only,state_303,DSUB_Male,0.999999,1,0,0,0.0,0.0,9,0,0,0.0,0.0,1,0,0,0.0,0.0
baseline,gemma4:12b,autonomous_depth_only,all,gear,0.4,36,36,36,1.0,1.0,90,31,31,0.34444444444444444,0.34444444444444444,12,12,12,1.0,1.0
baseline,gemma4:12b,autonomous_depth_only,all,gear,0.5,36,36,36,1.0,1.0,90,31,31,0.34444444444444444,0.34444444444444444,12,12,12,1.0,1.0
baseline,gemma4:12b,autonomous_depth_only,all,gear,0.6,36,36,36,1.0,1.0,90,31,31,0.34444444444444444,0.34444444444444444,12,12,12,1.0,1.0
baseline,gemma4:12b,autonomous_depth_only,all,gear,0.65,36,36,36,1.0,1.0,90,31,31,0.34444444444444444,0.34444444444444444,12,12,12,1.0,1.0
baseline,gemma4:12b,autonomous_depth_only,all,gear,0.7,36,36,36,1.0,1.0,90,31,31,0.34444444444444444,0.34444444444444444,12,12,12,1.0,1.0
baseline,gemma4:12b,autonomous_depth_only,all,gear,0.8,36,36,36,1.0,1.0,90,29,29,0.32222222222222224,0.32222222222222224,12,12,12,1.0,1.0
baseline,gemma4:12b,autonomous_depth_only,all,gear,0.9,36,36,36,1.0,1.0,90,28,28,0.3111111111111111,0.3111111111111111,12,12,12,1.0,1.0
baseline,gemma4:12b,autonomous_depth_only,all,gear,0.95,36,36,36,1.0,1.0,90,27,27,0.3,0.3,12,12,12,1.0,1.0
baseline,gemma4:12b,autonomous_depth_only,all,gear,0.97,36,36,36,1.0,1.0,90,26,26,0.28888888888888886,0.28888888888888886,12,12,12,1.0,1.0
baseline,gemma4:12b,autonomous_depth_only,all,gear,0.98,36,36,36,1.0,1.0,90,25,25,0.2777777777777778,0.2777777777777778,12,12,12,1.0,1.0
baseline,gemma4:12b,autonomous_depth_only,all,gear,0.99,36,36,36,1.0,1.0,90,23,23,0.25555555555555554,0.25555555555555554,12,12,12,1.0,1.0
baseline,gemma4:12b,autonomous_depth_only,all,gear,0.995,36,36,36,1.0,1.0,90,22,22,0.24444444444444444,0.24444444444444444,12,12,12,1.0,1.0
baseline,gemma4:12b,autonomous_depth_only,all,gear,0.999,36,33,33,0.9166666666666666,0.9166666666666666,90,21,21,0.23333333333333334,0.23333333333333334,12,10,10,0.8333333333333334,0.8333333333333334
baseline,gemma4:12b,autonomous_depth_only,all,gear,0.9999,36,29,29,0.8055555555555556,0.8055555555555556,90,17,17,0.18888888888888888,0.18888888888888888,12,10,10,0.8333333333333334,0.8333333333333334
baseline,gemma4:12b,autonomous_depth_only,all,gear,0.99999,36,11,11,0.3055555555555556,0.3055555555555556,90,0,0,0.0,0.0,12,2,2,0.16666666666666666,0.16666666666666666
baseline,gemma4:12b,autonomous_depth_only,all,gear,0.999999,36,0,0,0.0,0.0,90,0,0,0.0,0.0,12,0,0,0.0,0.0
baseline,gemma4:12b,autonomous_depth_only,all,hex_nut,0.4,16,16,16,1.0,1.0,68,0,0,0.0,0.0,8,8,8,1.0,1.0
baseline,gemma4:12b,autonomous_depth_only,all,hex_nut,0.5,16,16,16,1.0,1.0,68,0,0,0.0,0.0,8,8,8,1.0,1.0
baseline,gemma4:12b,autonomous_depth_only,all,hex_nut,0.6,16,16,16,1.0,1.0,68,0,0,0.0,0.0,8,8,8,1.0,1.0
baseline,gemma4:12b,autonomous_depth_only,all,hex_nut,0.65,16,16,16,1.0,1.0,68,0,0,0.0,0.0,8,8,8,1.0,1.0
baseline,gemma4:12b,autonomous_depth_only,all,hex_nut,0.7,16,16,16,1.0,1.0,68,0,0,0.0,0.0,8,8,8,1.0,1.0
baseline,gemma4:12b,autonomous_depth_only,all,hex_nut,0.8,16,16,16,1.0,1.0,68,0,0,0.0,0.0,8,8,8,1.0,1.0
baseline,gemma4:12b,autonomous_depth_only,all,hex_nut,0.9,16,16,16,1.0,1.0,68,0,0,0.0,0.0,8,8,8,1.0,1.0
baseline,gemma4:12b,autonomous_depth_only,all,hex_nut,0.95,16,14,14,0.875,0.875,68,0,0,0.0,0.0,8,7,7,0.875,0.875
baseline,gemma4:12b,autonomous_depth_only,all,hex_nut,0.97,16,14,14,0.875,0.875,68,0,0,0.0,0.0,8,7,7,0.875,0.875
baseline,gemma4:12b,autonomous_depth_only,all,hex_nut,0.98,16,14,14,0.875,0.875,68,0,0,0.0,0.0,8,7,7,0.875,0.875
baseline,gemma4:12b,autonomous_depth_only,all,hex_nut,0.99,16,14,14,0.875,0.875,68,0,0,0.0,0.0,8,7,7,0.875,0.875
baseline,gemma4:12b,autonomous_depth_only,all,hex_nut,0.995,16,14,14,0.875,0.875,68,0,0,0.0,0.0,8,7,7,0.875,0.875
baseline,gemma4:12b,autonomous_depth_only,all,hex_nut,0.999,16,13,13,0.8125,0.8125,68,0,0,0.0,0.0,8,6,6,0.75,0.75
baseline,gemma4:12b,autonomous_depth_only,all,hex_nut,0.9999,16,6,6,0.375,0.375,68,0,0,0.0,0.0,8,3,3,0.375,0.375
baseline,gemma4:12b,autonomous_depth_only,all,hex_nut,0.99999,16,0,0,0.0,0.0,68,0,0,0.0,0.0,8,0,0,0.0,0.0
baseline,gemma4:12b,autonomous_depth_only,all,hex_nut,0.999999,16,0,0,0.0,0.0,68,0,0,0.0,0.0,8,0,0,0.0,0.0
baseline,gemma4:12b,autonomous_depth_only,all,round_pin,0.4,36,36,36,1.0,1.0,90,27,27,0.3,0.3,12,12,12,1.0,1.0
baseline,gemma4:12b,autonomous_depth_only,all,round_pin,0.5,36,36,36,1.0,1.0,90,27,27,0.3,0.3,12,12,12,1.0,1.0
baseline,gemma4:12b,autonomous_depth_only,all,round_pin,0.6,36,36,36,1.0,1.0,90,27,27,0.3,0.3,12,12,12,1.0,1.0
baseline,gemma4:12b,autonomous_depth_only,all,round_pin,0.65,36,36,36,1.0,1.0,90,27,27,0.3,0.3,12,12,12,1.0,1.0
baseline,gemma4:12b,autonomous_depth_only,all,round_pin,0.7,36,36,36,1.0,1.0,90,27,27,0.3,0.3,12,12,12,1.0,1.0
baseline,gemma4:12b,autonomous_depth_only,all,round_pin,0.8,36,36,36,1.0,1.0,90,27,27,0.3,0.3,12,12,12,1.0,1.0
baseline,gemma4:12b,autonomous_depth_only,all,round_pin,0.9,36,36,36,1.0,1.0,90,27,27,0.3,0.3,12,12,12,1.0,1.0
baseline,gemma4:12b,autonomous_depth_only,all,round_pin,0.95,36,36,36,1.0,1.0,90,25,25,0.2777777777777778,0.2777777777777778,12,12,12,1.0,1.0
baseline,gemma4:12b,autonomous_depth_only,all,round_pin,0.97,36,36,36,1.0,1.0,90,24,24,0.26666666666666666,0.26666666666666666,12,12,12,1.0,1.0
baseline,gemma4:12b,autonomous_depth_only,all,round_pin,0.98,36,36,36,1.0,1.0,90,24,24,0.26666666666666666,0.26666666666666666,12,12,12,1.0,1.0
baseline,gemma4:12b,autonomous_depth_only,all,round_pin,0.99,36,36,36,1.0,1.0,90,23,23,0.25555555555555554,0.25555555555555554,12,12,12,1.0,1.0
baseline,gemma4:12b,autonomous_depth_only,all,round_pin,0.995,36,36,36,1.0,1.0,90,20,20,0.2222222222222222,0.2222222222222222,12,12,12,1.0,1.0
baseline,gemma4:12b,autonomous_depth_only,all,round_pin,0.999,36,36,36,1.0,1.0,90,13,13,0.14444444444444443,0.14444444444444443,12,12,12,1.0,1.0
baseline,gemma4:12b,autonomous_depth_only,all,round_pin,0.9999,36,36,36,1.0,1.0,90,2,2,0.022222222222222223,0.022222222222222223,12,12,12,1.0,1.0
baseline,gemma4:12b,autonomous_depth_only,all,round_pin,0.99999,36,36,36,1.0,1.0,90,0,0,0.0,0.0,12,12,12,1.0,1.0
baseline,gemma4:12b,autonomous_depth_only,all,round_pin,0.999999,36,0,0,0.0,0.0,90,0,0,0.0,0.0,12,0,0,0.0,0.0
baseline,gemma4:12b,autonomous_depth_only,all,Waterproof_Male,0.4,4,4,4,1.0,1.0,38,12,12,0.3157894736842105,0.3157894736842105,4,4,4,1.0,1.0
baseline,gemma4:12b,autonomous_depth_only,all,Waterproof_Male,0.5,4,4,4,1.0,1.0,38,12,12,0.3157894736842105,0.3157894736842105,4,4,4,1.0,1.0
baseline,gemma4:12b,autonomous_depth_only,all,Waterproof_Male,0.6,4,4,4,1.0,1.0,38,12,12,0.3157894736842105,0.3157894736842105,4,4,4,1.0,1.0
baseline,gemma4:12b,autonomous_depth_only,all,Waterproof_Male,0.65,4,4,4,1.0,1.0,38,12,12,0.3157894736842105,0.3157894736842105,4,4,4,1.0,1.0
baseline,gemma4:12b,autonomous_depth_only,all,Waterproof_Male,0.7,4,4,4,1.0,1.0,38,12,12,0.3157894736842105,0.3157894736842105,4,4,4,1.0,1.0
baseline,gemma4:12b,autonomous_depth_only,all,Waterproof_Male,0.8,4,4,4,1.0,1.0,38,12,12,0.3157894736842105,0.3157894736842105,4,4,4,1.0,1.0
baseline,gemma4:12b,autonomous_depth_only,all,Waterproof_Male,0.9,4,4,4,1.0,1.0,38,11,11,0.2894736842105263,0.2894736842105263,4,4,4,1.0,1.0
baseline,gemma4:12b,autonomous_depth_only,all,Waterproof_Male,0.95,4,4,4,1.0,1.0,38,10,10,0.2631578947368421,0.2631578947368421,4,4,4,1.0,1.0
baseline,gemma4:12b,autonomous_depth_only,all,Waterproof_Male,0.97,4,4,4,1.0,1.0,38,10,10,0.2631578947368421,0.2631578947368421,4,4,4,1.0,1.0
baseline,gemma4:12b,autonomous_depth_only,all,Waterproof_Male,0.98,4,4,4,1.0,1.0,38,10,10,0.2631578947368421,0.2631578947368421,4,4,4,1.0,1.0
baseline,gemma4:12b,autonomous_depth_only,all,Waterproof_Male,0.99,4,4,4,1.0,1.0,38,9,9,0.23684210526315788,0.23684210526315788,4,4,4,1.0,1.0
baseline,gemma4:12b,autonomous_depth_only,all,Waterproof_Male,0.995,4,4,4,1.0,1.0,38,9,9,0.23684210526315788,0.23684210526315788,4,4,4,1.0,1.0
baseline,gemma4:12b,autonomous_depth_only,all,Waterproof_Male,0.999,4,4,4,1.0,1.0,38,9,9,0.23684210526315788,0.23684210526315788,4,4,4,1.0,1.0
baseline,gemma4:12b,autonomous_depth_only,all,Waterproof_Male,0.9999,4,4,4,1.0,1.0,38,7,7,0.18421052631578946,0.18421052631578946,4,4,4,1.0,1.0
baseline,gemma4:12b,autonomous_depth_only,all,Waterproof_Male,0.99999,4,3,3,0.75,0.75,38,3,3,0.07894736842105263,0.07894736842105263,4,3,3,0.75,0.75
baseline,gemma4:12b,autonomous_depth_only,all,Waterproof_Male,0.999999,4,0,0,0.0,0.0,38,0,0,0.0,0.0,4,0,0,0.0,0.0
baseline,gemma4:12b,autonomous_depth_only,all,USB_Male,0.4,2,2,2,1.0,1.0,40,2,2,0.05,0.05,2,2,2,1.0,1.0
baseline,gemma4:12b,autonomous_depth_only,all,USB_Male,0.5,2,2,2,1.0,1.0,40,2,2,0.05,0.05,2,2,2,1.0,1.0
baseline,gemma4:12b,autonomous_depth_only,all,USB_Male,0.6,2,2,2,1.0,1.0,40,2,2,0.05,0.05,2,2,2,1.0,1.0
baseline,gemma4:12b,autonomous_depth_only,all,USB_Male,0.65,2,2,2,1.0,1.0,40,2,2,0.05,0.05,2,2,2,1.0,1.0
baseline,gemma4:12b,autonomous_depth_only,all,USB_Male,0.7,2,2,2,1.0,1.0,40,2,2,0.05,0.05,2,2,2,1.0,1.0
baseline,gemma4:12b,autonomous_depth_only,all,USB_Male,0.8,2,2,2,1.0,1.0,40,2,2,0.05,0.05,2,2,2,1.0,1.0
baseline,gemma4:12b,autonomous_depth_only,all,USB_Male,0.9,2,2,2,1.0,1.0,40,2,2,0.05,0.05,2,2,2,1.0,1.0
baseline,gemma4:12b,autonomous_depth_only,all,USB_Male,0.95,2,2,2,1.0,1.0,40,2,2,0.05,0.05,2,2,2,1.0,1.0
baseline,gemma4:12b,autonomous_depth_only,all,USB_Male,0.97,2,2,2,1.0,1.0,40,2,2,0.05,0.05,2,2,2,1.0,1.0
baseline,gemma4:12b,autonomous_depth_only,all,USB_Male,0.98,2,2,2,1.0,1.0,40,2,2,0.05,0.05,2,2,2,1.0,1.0
baseline,gemma4:12b,autonomous_depth_only,all,USB_Male,0.99,2,2,2,1.0,1.0,40,2,2,0.05,0.05,2,2,2,1.0,1.0
baseline,gemma4:12b,autonomous_depth_only,all,USB_Male,0.995,2,2,2,1.0,1.0,40,0,0,0.0,0.0,2,2,2,1.0,1.0
baseline,gemma4:12b,autonomous_depth_only,all,USB_Male,0.999,2,2,2,1.0,1.0,40,0,0,0.0,0.0,2,2,2,1.0,1.0
baseline,gemma4:12b,autonomous_depth_only,all,USB_Male,0.9999,2,2,2,1.0,1.0,40,0,0,0.0,0.0,2,2,2,1.0,1.0
baseline,gemma4:12b,autonomous_depth_only,all,USB_Male,0.99999,2,2,2,1.0,1.0,40,0,0,0.0,0.0,2,2,2,1.0,1.0
baseline,gemma4:12b,autonomous_depth_only,all,USB_Male,0.999999,2,0,0,0.0,0.0,40,0,0,0.0,0.0,2,0,0,0.0,0.0
baseline,gemma4:12b,autonomous_depth_only,all,DSUB_Male,0.4,4,4,4,1.0,1.0,38,4,4,0.10526315789473684,0.10526315789473684,4,4,4,1.0,1.0
baseline,gemma4:12b,autonomous_depth_only,all,DSUB_Male,0.5,4,4,4,1.0,1.0,38,4,4,0.10526315789473684,0.10526315789473684,4,4,4,1.0,1.0
baseline,gemma4:12b,autonomous_depth_only,all,DSUB_Male,0.6,4,4,4,1.0,1.0,38,3,3,0.07894736842105263,0.07894736842105263,4,4,4,1.0,1.0
baseline,gemma4:12b,autonomous_depth_only,all,DSUB_Male,0.65,4,4,4,1.0,1.0,38,3,3,0.07894736842105263,0.07894736842105263,4,4,4,1.0,1.0
baseline,gemma4:12b,autonomous_depth_only,all,DSUB_Male,0.7,4,4,4,1.0,1.0,38,3,3,0.07894736842105263,0.07894736842105263,4,4,4,1.0,1.0
baseline,gemma4:12b,autonomous_depth_only,all,DSUB_Male,0.8,4,4,4,1.0,1.0,38,2,2,0.05263157894736842,0.05263157894736842,4,4,4,1.0,1.0
baseline,gemma4:12b,autonomous_depth_only,all,DSUB_Male,0.9,4,4,4,1.0,1.0,38,2,2,0.05263157894736842,0.05263157894736842,4,4,4,1.0,1.0
baseline,gemma4:12b,autonomous_depth_only,all,DSUB_Male,0.95,4,4,4,1.0,1.0,38,2,2,0.05263157894736842,0.05263157894736842,4,4,4,1.0,1.0
baseline,gemma4:12b,autonomous_depth_only,all,DSUB_Male,0.97,4,4,4,1.0,1.0,38,2,2,0.05263157894736842,0.05263157894736842,4,4,4,1.0,1.0
baseline,gemma4:12b,autonomous_depth_only,all,DSUB_Male,0.98,4,4,4,1.0,1.0,38,2,2,0.05263157894736842,0.05263157894736842,4,4,4,1.0,1.0
baseline,gemma4:12b,autonomous_depth_only,all,DSUB_Male,0.99,4,4,4,1.0,1.0,38,2,2,0.05263157894736842,0.05263157894736842,4,4,4,1.0,1.0
baseline,gemma4:12b,autonomous_depth_only,all,DSUB_Male,0.995,4,4,4,1.0,1.0,38,2,2,0.05263157894736842,0.05263157894736842,4,4,4,1.0,1.0
baseline,gemma4:12b,autonomous_depth_only,all,DSUB_Male,0.999,4,4,4,1.0,1.0,38,1,1,0.02631578947368421,0.02631578947368421,4,4,4,1.0,1.0
baseline,gemma4:12b,autonomous_depth_only,all,DSUB_Male,0.9999,4,4,4,1.0,1.0,38,0,0,0.0,0.0,4,4,4,1.0,1.0
baseline,gemma4:12b,autonomous_depth_only,all,DSUB_Male,0.99999,4,2,2,0.5,0.5,38,0,0,0.0,0.0,4,2,2,0.5,0.5
baseline,gemma4:12b,autonomous_depth_only,all,DSUB_Male,0.999999,4,0,0,0.0,0.0,38,0,0,0.0,0.0,4,0,0,0.0,0.0
family_ablation,gemma4:12b,all_crops,original,gear,0.4,9,9,9,1.0,1.0,24,0,0,0.0,0.0,3,3,3,1.0,1.0
family_ablation,gemma4:12b,all_crops,original,gear,0.5,9,9,9,1.0,1.0,24,0,0,0.0,0.0,3,3,3,1.0,1.0
family_ablation,gemma4:12b,all_crops,original,gear,0.6,9,9,9,1.0,1.0,24,0,0,0.0,0.0,3,3,3,1.0,1.0
family_ablation,gemma4:12b,all_crops,original,gear,0.65,9,9,9,1.0,1.0,24,0,0,0.0,0.0,3,3,3,1.0,1.0
family_ablation,gemma4:12b,all_crops,original,gear,0.7,9,9,9,1.0,1.0,24,0,0,0.0,0.0,3,3,3,1.0,1.0
family_ablation,gemma4:12b,all_crops,original,gear,0.8,9,9,9,1.0,1.0,24,0,0,0.0,0.0,3,3,3,1.0,1.0
family_ablation,gemma4:12b,all_crops,original,gear,0.9,9,9,9,1.0,1.0,24,0,0,0.0,0.0,3,3,3,1.0,1.0
family_ablation,gemma4:12b,all_crops,original,gear,0.95,9,9,9,1.0,1.0,24,0,0,0.0,0.0,3,3,3,1.0,1.0
family_ablation,gemma4:12b,all_crops,original,gear,0.97,9,9,9,1.0,1.0,24,0,0,0.0,0.0,3,3,3,1.0,1.0
family_ablation,gemma4:12b,all_crops,original,gear,0.98,9,9,9,1.0,1.0,24,0,0,0.0,0.0,3,3,3,1.0,1.0
family_ablation,gemma4:12b,all_crops,original,gear,0.99,9,9,9,1.0,1.0,24,0,0,0.0,0.0,3,3,3,1.0,1.0
family_ablation,gemma4:12b,all_crops,original,gear,0.995,9,9,9,1.0,1.0,24,0,0,0.0,0.0,3,3,3,1.0,1.0
family_ablation,gemma4:12b,all_crops,original,gear,0.999,9,9,9,1.0,1.0,24,0,0,0.0,0.0,3,3,3,1.0,1.0
family_ablation,gemma4:12b,all_crops,original,gear,0.9999,9,9,9,1.0,1.0,24,0,0,0.0,0.0,3,3,3,1.0,1.0
family_ablation,gemma4:12b,all_crops,original,gear,0.99999,9,9,9,1.0,1.0,24,0,0,0.0,0.0,3,3,3,1.0,1.0
family_ablation,gemma4:12b,all_crops,original,gear,0.999999,9,0,0,0.0,0.0,24,0,0,0.0,0.0,3,0,0,0.0,0.0
family_ablation,gemma4:12b,all_crops,original,hex_nut,0.4,4,4,4,1.0,1.0,18,0,0,0.0,0.0,2,2,2,1.0,1.0
family_ablation,gemma4:12b,all_crops,original,hex_nut,0.5,4,4,4,1.0,1.0,18,0,0,0.0,0.0,2,2,2,1.0,1.0
family_ablation,gemma4:12b,all_crops,original,hex_nut,0.6,4,4,4,1.0,1.0,18,0,0,0.0,0.0,2,2,2,1.0,1.0
family_ablation,gemma4:12b,all_crops,original,hex_nut,0.65,4,4,4,1.0,1.0,18,0,0,0.0,0.0,2,2,2,1.0,1.0
family_ablation,gemma4:12b,all_crops,original,hex_nut,0.7,4,4,4,1.0,1.0,18,0,0,0.0,0.0,2,2,2,1.0,1.0
family_ablation,gemma4:12b,all_crops,original,hex_nut,0.8,4,4,4,1.0,1.0,18,0,0,0.0,0.0,2,2,2,1.0,1.0
family_ablation,gemma4:12b,all_crops,original,hex_nut,0.9,4,4,4,1.0,1.0,18,0,0,0.0,0.0,2,2,2,1.0,1.0
family_ablation,gemma4:12b,all_crops,original,hex_nut,0.95,4,4,4,1.0,1.0,18,0,0,0.0,0.0,2,2,2,1.0,1.0
family_ablation,gemma4:12b,all_crops,original,hex_nut,0.97,4,4,4,1.0,1.0,18,0,0,0.0,0.0,2,2,2,1.0,1.0
family_ablation,gemma4:12b,all_crops,original,hex_nut,0.98,4,4,4,1.0,1.0,18,0,0,0.0,0.0,2,2,2,1.0,1.0
family_ablation,gemma4:12b,all_crops,original,hex_nut,0.99,4,4,4,1.0,1.0,18,0,0,0.0,0.0,2,2,2,1.0,1.0
family_ablation,gemma4:12b,all_crops,original,hex_nut,0.995,4,4,4,1.0,1.0,18,0,0,0.0,0.0,2,2,2,1.0,1.0
family_ablation,gemma4:12b,all_crops,original,hex_nut,0.999,4,4,4,1.0,1.0,18,0,0,0.0,0.0,2,2,2,1.0,1.0
family_ablation,gemma4:12b,all_crops,original,hex_nut,0.9999,4,4,4,1.0,1.0,18,0,0,0.0,0.0,2,2,2,1.0,1.0
family_ablation,gemma4:12b,all_crops,original,hex_nut,0.99999,4,1,1,0.25,0.25,18,0,0,0.0,0.0,2,0,0,0.0,0.0
family_ablation,gemma4:12b,all_crops,original,hex_nut,0.999999,4,0,0,0.0,0.0,18,0,0,0.0,0.0,2,0,0,0.0,0.0
family_ablation,gemma4:12b,all_crops,original,round_pin,0.4,9,9,9,1.0,1.0,24,0,0,0.0,0.0,3,3,3,1.0,1.0
family_ablation,gemma4:12b,all_crops,original,round_pin,0.5,9,9,9,1.0,1.0,24,0,0,0.0,0.0,3,3,3,1.0,1.0
family_ablation,gemma4:12b,all_crops,original,round_pin,0.6,9,9,9,1.0,1.0,24,0,0,0.0,0.0,3,3,3,1.0,1.0
family_ablation,gemma4:12b,all_crops,original,round_pin,0.65,9,9,9,1.0,1.0,24,0,0,0.0,0.0,3,3,3,1.0,1.0
family_ablation,gemma4:12b,all_crops,original,round_pin,0.7,9,9,9,1.0,1.0,24,0,0,0.0,0.0,3,3,3,1.0,1.0
family_ablation,gemma4:12b,all_crops,original,round_pin,0.8,9,9,9,1.0,1.0,24,0,0,0.0,0.0,3,3,3,1.0,1.0
family_ablation,gemma4:12b,all_crops,original,round_pin,0.9,9,9,9,1.0,1.0,24,0,0,0.0,0.0,3,3,3,1.0,1.0
family_ablation,gemma4:12b,all_crops,original,round_pin,0.95,9,9,9,1.0,1.0,24,0,0,0.0,0.0,3,3,3,1.0,1.0
family_ablation,gemma4:12b,all_crops,original,round_pin,0.97,9,9,9,1.0,1.0,24,0,0,0.0,0.0,3,3,3,1.0,1.0
family_ablation,gemma4:12b,all_crops,original,round_pin,0.98,9,9,9,1.0,1.0,24,0,0,0.0,0.0,3,3,3,1.0,1.0
family_ablation,gemma4:12b,all_crops,original,round_pin,0.99,9,9,9,1.0,1.0,24,0,0,0.0,0.0,3,3,3,1.0,1.0
family_ablation,gemma4:12b,all_crops,original,round_pin,0.995,9,9,9,1.0,1.0,24,0,0,0.0,0.0,3,3,3,1.0,1.0
family_ablation,gemma4:12b,all_crops,original,round_pin,0.999,9,9,9,1.0,1.0,24,0,0,0.0,0.0,3,3,3,1.0,1.0
family_ablation,gemma4:12b,all_crops,original,round_pin,0.9999,9,9,9,1.0,1.0,24,0,0,0.0,0.0,3,3,3,1.0,1.0
family_ablation,gemma4:12b,all_crops,original,round_pin,0.99999,9,9,9,1.0,1.0,24,0,0,0.0,0.0,3,3,3,1.0,1.0
family_ablation,gemma4:12b,all_crops,original,round_pin,0.999999,9,0,0,0.0,0.0,24,0,0,0.0,0.0,3,0,0,0.0,0.0
family_ablation,gemma4:12b,all_crops,original,Waterproof_Male,0.4,1,1,1,1.0,1.0,10,2,2,0.2,0.2,1,1,1,1.0,1.0
family_ablation,gemma4:12b,all_crops,original,Waterproof_Male,0.5,1,1,1,1.0,1.0,10,2,2,0.2,0.2,1,1,1,1.0,1.0
family_ablation,gemma4:12b,all_crops,original,Waterproof_Male,0.6,1,1,1,1.0,1.0,10,2,2,0.2,0.2,1,1,1,1.0,1.0
family_ablation,gemma4:12b,all_crops,original,Waterproof_Male,0.65,1,1,1,1.0,1.0,10,2,2,0.2,0.2,1,1,1,1.0,1.0
family_ablation,gemma4:12b,all_crops,original,Waterproof_Male,0.7,1,1,1,1.0,1.0,10,1,1,0.1,0.1,1,1,1,1.0,1.0
family_ablation,gemma4:12b,all_crops,original,Waterproof_Male,0.8,1,1,1,1.0,1.0,10,1,1,0.1,0.1,1,1,1,1.0,1.0
family_ablation,gemma4:12b,all_crops,original,Waterproof_Male,0.9,1,1,1,1.0,1.0,10,1,1,0.1,0.1,1,1,1,1.0,1.0
family_ablation,gemma4:12b,all_crops,original,Waterproof_Male,0.95,1,1,1,1.0,1.0,10,1,1,0.1,0.1,1,1,1,1.0,1.0
family_ablation,gemma4:12b,all_crops,original,Waterproof_Male,0.97,1,1,1,1.0,1.0,10,1,1,0.1,0.1,1,1,1,1.0,1.0
family_ablation,gemma4:12b,all_crops,original,Waterproof_Male,0.98,1,1,1,1.0,1.0,10,1,1,0.1,0.1,1,1,1,1.0,1.0
family_ablation,gemma4:12b,all_crops,original,Waterproof_Male,0.99,1,1,1,1.0,1.0,10,1,1,0.1,0.1,1,1,1,1.0,1.0
family_ablation,gemma4:12b,all_crops,original,Waterproof_Male,0.995,1,1,1,1.0,1.0,10,1,1,0.1,0.1,1,1,1,1.0,1.0
family_ablation,gemma4:12b,all_crops,original,Waterproof_Male,0.999,1,1,1,1.0,1.0,10,1,1,0.1,0.1,1,1,1,1.0,1.0
family_ablation,gemma4:12b,all_crops,original,Waterproof_Male,0.9999,1,1,1,1.0,1.0,10,1,1,0.1,0.1,1,1,1,1.0,1.0
family_ablation,gemma4:12b,all_crops,original,Waterproof_Male,0.99999,1,1,1,1.0,1.0,10,1,1,0.1,0.1,1,1,1,1.0,1.0
family_ablation,gemma4:12b,all_crops,original,Waterproof_Male,0.999999,1,0,0,0.0,0.0,10,0,0,0.0,0.0,1,0,0,0.0,0.0
family_ablation,gemma4:12b,all_crops,original,USB_Male,0.4,1,1,1,1.0,1.0,10,1,1,0.1,0.1,1,1,1,1.0,1.0
family_ablation,gemma4:12b,all_crops,original,USB_Male,0.5,1,1,1,1.0,1.0,10,1,1,0.1,0.1,1,1,1,1.0,1.0
family_ablation,gemma4:12b,all_crops,original,USB_Male,0.6,1,1,1,1.0,1.0,10,1,1,0.1,0.1,1,1,1,1.0,1.0
family_ablation,gemma4:12b,all_crops,original,USB_Male,0.65,1,1,1,1.0,1.0,10,1,1,0.1,0.1,1,1,1,1.0,1.0
family_ablation,gemma4:12b,all_crops,original,USB_Male,0.7,1,1,1,1.0,1.0,10,1,1,0.1,0.1,1,1,1,1.0,1.0
family_ablation,gemma4:12b,all_crops,original,USB_Male,0.8,1,1,1,1.0,1.0,10,1,1,0.1,0.1,1,1,1,1.0,1.0
family_ablation,gemma4:12b,all_crops,original,USB_Male,0.9,1,1,1,1.0,1.0,10,1,1,0.1,0.1,1,1,1,1.0,1.0
family_ablation,gemma4:12b,all_crops,original,USB_Male,0.95,1,1,1,1.0,1.0,10,1,1,0.1,0.1,1,1,1,1.0,1.0
family_ablation,gemma4:12b,all_crops,original,USB_Male,0.97,1,1,1,1.0,1.0,10,1,1,0.1,0.1,1,1,1,1.0,1.0
family_ablation,gemma4:12b,all_crops,original,USB_Male,0.98,1,1,1,1.0,1.0,10,1,1,0.1,0.1,1,1,1,1.0,1.0
family_ablation,gemma4:12b,all_crops,original,USB_Male,0.99,1,1,1,1.0,1.0,10,1,1,0.1,0.1,1,1,1,1.0,1.0
family_ablation,gemma4:12b,all_crops,original,USB_Male,0.995,1,1,1,1.0,1.0,10,1,1,0.1,0.1,1,1,1,1.0,1.0
family_ablation,gemma4:12b,all_crops,original,USB_Male,0.999,1,1,1,1.0,1.0,10,1,1,0.1,0.1,1,1,1,1.0,1.0
family_ablation,gemma4:12b,all_crops,original,USB_Male,0.9999,1,1,1,1.0,1.0,10,0,0,0.0,0.0,1,1,1,1.0,1.0
family_ablation,gemma4:12b,all_crops,original,USB_Male,0.99999,1,1,1,1.0,1.0,10,0,0,0.0,0.0,1,1,1,1.0,1.0
family_ablation,gemma4:12b,all_crops,original,USB_Male,0.999999,1,0,0,0.0,0.0,10,0,0,0.0,0.0,1,0,0,0.0,0.0
family_ablation,gemma4:12b,all_crops,original,DSUB_Male,0.4,1,1,1,1.0,1.0,10,2,2,0.2,0.2,1,1,1,1.0,1.0
family_ablation,gemma4:12b,all_crops,original,DSUB_Male,0.5,1,1,1,1.0,1.0,10,2,2,0.2,0.2,1,1,1,1.0,1.0
family_ablation,gemma4:12b,all_crops,original,DSUB_Male,0.6,1,1,1,1.0,1.0,10,2,2,0.2,0.2,1,1,1,1.0,1.0
family_ablation,gemma4:12b,all_crops,original,DSUB_Male,0.65,1,1,1,1.0,1.0,10,2,2,0.2,0.2,1,1,1,1.0,1.0
family_ablation,gemma4:12b,all_crops,original,DSUB_Male,0.7,1,1,1,1.0,1.0,10,2,2,0.2,0.2,1,1,1,1.0,1.0
family_ablation,gemma4:12b,all_crops,original,DSUB_Male,0.8,1,1,1,1.0,1.0,10,2,2,0.2,0.2,1,1,1,1.0,1.0
family_ablation,gemma4:12b,all_crops,original,DSUB_Male,0.9,1,1,1,1.0,1.0,10,2,2,0.2,0.2,1,1,1,1.0,1.0
family_ablation,gemma4:12b,all_crops,original,DSUB_Male,0.95,1,1,1,1.0,1.0,10,2,2,0.2,0.2,1,1,1,1.0,1.0
family_ablation,gemma4:12b,all_crops,original,DSUB_Male,0.97,1,1,1,1.0,1.0,10,2,2,0.2,0.2,1,1,1,1.0,1.0
family_ablation,gemma4:12b,all_crops,original,DSUB_Male,0.98,1,1,1,1.0,1.0,10,2,2,0.2,0.2,1,1,1,1.0,1.0
family_ablation,gemma4:12b,all_crops,original,DSUB_Male,0.99,1,1,1,1.0,1.0,10,2,2,0.2,0.2,1,1,1,1.0,1.0
family_ablation,gemma4:12b,all_crops,original,DSUB_Male,0.995,1,1,1,1.0,1.0,10,2,2,0.2,0.2,1,1,1,1.0,1.0
family_ablation,gemma4:12b,all_crops,original,DSUB_Male,0.999,1,1,1,1.0,1.0,10,1,1,0.1,0.1,1,1,1,1.0,1.0
family_ablation,gemma4:12b,all_crops,original,DSUB_Male,0.9999,1,1,1,1.0,1.0,10,1,1,0.1,0.1,1,1,1,1.0,1.0
family_ablation,gemma4:12b,all_crops,original,DSUB_Male,0.99999,1,1,1,1.0,1.0,10,0,0,0.0,0.0,1,1,1,1.0,1.0
family_ablation,gemma4:12b,all_crops,original,DSUB_Male,0.999999,1,0,0,0.0,0.0,10,0,0,0.0,0.0,1,0,0,0.0,0.0
family_ablation,gemma4:12b,all_crops,state_101,gear,0.4,9,9,9,1.0,1.0,24,3,3,0.125,0.125,3,3,3,1.0,1.0
family_ablation,gemma4:12b,all_crops,state_101,gear,0.5,9,9,9,1.0,1.0,24,3,3,0.125,0.125,3,3,3,1.0,1.0
family_ablation,gemma4:12b,all_crops,state_101,gear,0.6,9,9,9,1.0,1.0,24,3,3,0.125,0.125,3,3,3,1.0,1.0
family_ablation,gemma4:12b,all_crops,state_101,gear,0.65,9,9,9,1.0,1.0,24,3,3,0.125,0.125,3,3,3,1.0,1.0
family_ablation,gemma4:12b,all_crops,state_101,gear,0.7,9,9,9,1.0,1.0,24,3,3,0.125,0.125,3,3,3,1.0,1.0
family_ablation,gemma4:12b,all_crops,state_101,gear,0.8,9,9,9,1.0,1.0,24,0,0,0.0,0.0,3,3,3,1.0,1.0
family_ablation,gemma4:12b,all_crops,state_101,gear,0.9,9,9,9,1.0,1.0,24,0,0,0.0,0.0,3,3,3,1.0,1.0
family_ablation,gemma4:12b,all_crops,state_101,gear,0.95,9,9,9,1.0,1.0,24,0,0,0.0,0.0,3,3,3,1.0,1.0
family_ablation,gemma4:12b,all_crops,state_101,gear,0.97,9,9,9,1.0,1.0,24,0,0,0.0,0.0,3,3,3,1.0,1.0
family_ablation,gemma4:12b,all_crops,state_101,gear,0.98,9,9,9,1.0,1.0,24,0,0,0.0,0.0,3,3,3,1.0,1.0
family_ablation,gemma4:12b,all_crops,state_101,gear,0.99,9,9,9,1.0,1.0,24,0,0,0.0,0.0,3,3,3,1.0,1.0
family_ablation,gemma4:12b,all_crops,state_101,gear,0.995,9,9,9,1.0,1.0,24,0,0,0.0,0.0,3,3,3,1.0,1.0
family_ablation,gemma4:12b,all_crops,state_101,gear,0.999,9,9,9,1.0,1.0,24,0,0,0.0,0.0,3,3,3,1.0,1.0
family_ablation,gemma4:12b,all_crops,state_101,gear,0.9999,9,9,9,1.0,1.0,24,0,0,0.0,0.0,3,3,3,1.0,1.0
family_ablation,gemma4:12b,all_crops,state_101,gear,0.99999,9,9,9,1.0,1.0,24,0,0,0.0,0.0,3,3,3,1.0,1.0
family_ablation,gemma4:12b,all_crops,state_101,gear,0.999999,9,0,0,0.0,0.0,24,0,0,0.0,0.0,3,0,0,0.0,0.0
family_ablation,gemma4:12b,all_crops,state_101,hex_nut,0.4,4,4,4,1.0,1.0,18,0,0,0.0,0.0,2,2,2,1.0,1.0
family_ablation,gemma4:12b,all_crops,state_101,hex_nut,0.5,4,4,4,1.0,1.0,18,0,0,0.0,0.0,2,2,2,1.0,1.0
family_ablation,gemma4:12b,all_crops,state_101,hex_nut,0.6,4,4,4,1.0,1.0,18,0,0,0.0,0.0,2,2,2,1.0,1.0
family_ablation,gemma4:12b,all_crops,state_101,hex_nut,0.65,4,4,4,1.0,1.0,18,0,0,0.0,0.0,2,2,2,1.0,1.0
family_ablation,gemma4:12b,all_crops,state_101,hex_nut,0.7,4,4,4,1.0,1.0,18,0,0,0.0,0.0,2,2,2,1.0,1.0
family_ablation,gemma4:12b,all_crops,state_101,hex_nut,0.8,4,4,4,1.0,1.0,18,0,0,0.0,0.0,2,2,2,1.0,1.0
family_ablation,gemma4:12b,all_crops,state_101,hex_nut,0.9,4,4,4,1.0,1.0,18,0,0,0.0,0.0,2,2,2,1.0,1.0
family_ablation,gemma4:12b,all_crops,state_101,hex_nut,0.95,4,4,4,1.0,1.0,18,0,0,0.0,0.0,2,2,2,1.0,1.0
family_ablation,gemma4:12b,all_crops,state_101,hex_nut,0.97,4,4,4,1.0,1.0,18,0,0,0.0,0.0,2,2,2,1.0,1.0
family_ablation,gemma4:12b,all_crops,state_101,hex_nut,0.98,4,4,4,1.0,1.0,18,0,0,0.0,0.0,2,2,2,1.0,1.0
family_ablation,gemma4:12b,all_crops,state_101,hex_nut,0.99,4,2,2,0.5,0.5,18,0,0,0.0,0.0,2,1,1,0.5,0.5
family_ablation,gemma4:12b,all_crops,state_101,hex_nut,0.995,4,2,2,0.5,0.5,18,0,0,0.0,0.0,2,1,1,0.5,0.5
family_ablation,gemma4:12b,all_crops,state_101,hex_nut,0.999,4,2,2,0.5,0.5,18,0,0,0.0,0.0,2,1,1,0.5,0.5
family_ablation,gemma4:12b,all_crops,state_101,hex_nut,0.9999,4,2,2,0.5,0.5,18,0,0,0.0,0.0,2,1,1,0.5,0.5
family_ablation,gemma4:12b,all_crops,state_101,hex_nut,0.99999,4,0,0,0.0,0.0,18,0,0,0.0,0.0,2,0,0,0.0,0.0
family_ablation,gemma4:12b,all_crops,state_101,hex_nut,0.999999,4,0,0,0.0,0.0,18,0,0,0.0,0.0,2,0,0,0.0,0.0
family_ablation,gemma4:12b,all_crops,state_101,round_pin,0.4,9,9,9,1.0,1.0,24,0,0,0.0,0.0,3,3,3,1.0,1.0
family_ablation,gemma4:12b,all_crops,state_101,round_pin,0.5,9,9,9,1.0,1.0,24,0,0,0.0,0.0,3,3,3,1.0,1.0
family_ablation,gemma4:12b,all_crops,state_101,round_pin,0.6,9,9,9,1.0,1.0,24,0,0,0.0,0.0,3,3,3,1.0,1.0
family_ablation,gemma4:12b,all_crops,state_101,round_pin,0.65,9,9,9,1.0,1.0,24,0,0,0.0,0.0,3,3,3,1.0,1.0
family_ablation,gemma4:12b,all_crops,state_101,round_pin,0.7,9,9,9,1.0,1.0,24,0,0,0.0,0.0,3,3,3,1.0,1.0
family_ablation,gemma4:12b,all_crops,state_101,round_pin,0.8,9,9,9,1.0,1.0,24,0,0,0.0,0.0,3,3,3,1.0,1.0
family_ablation,gemma4:12b,all_crops,state_101,round_pin,0.9,9,9,9,1.0,1.0,24,0,0,0.0,0.0,3,3,3,1.0,1.0
family_ablation,gemma4:12b,all_crops,state_101,round_pin,0.95,9,9,9,1.0,1.0,24,0,0,0.0,0.0,3,3,3,1.0,1.0
family_ablation,gemma4:12b,all_crops,state_101,round_pin,0.97,9,9,9,1.0,1.0,24,0,0,0.0,0.0,3,3,3,1.0,1.0
family_ablation,gemma4:12b,all_crops,state_101,round_pin,0.98,9,9,9,1.0,1.0,24,0,0,0.0,0.0,3,3,3,1.0,1.0
family_ablation,gemma4:12b,all_crops,state_101,round_pin,0.99,9,9,9,1.0,1.0,24,0,0,0.0,0.0,3,3,3,1.0,1.0
family_ablation,gemma4:12b,all_crops,state_101,round_pin,0.995,9,9,9,1.0,1.0,24,0,0,0.0,0.0,3,3,3,1.0,1.0
family_ablation,gemma4:12b,all_crops,state_101,round_pin,0.999,9,9,9,1.0,1.0,24,0,0,0.0,0.0,3,3,3,1.0,1.0
family_ablation,gemma4:12b,all_crops,state_101,round_pin,0.9999,9,9,9,1.0,1.0,24,0,0,0.0,0.0,3,3,3,1.0,1.0
family_ablation,gemma4:12b,all_crops,state_101,round_pin,0.99999,9,9,9,1.0,1.0,24,0,0,0.0,0.0,3,3,3,1.0,1.0
family_ablation,gemma4:12b,all_crops,state_101,round_pin,0.999999,9,0,0,0.0,0.0,24,0,0,0.0,0.0,3,0,0,0.0,0.0
family_ablation,gemma4:12b,all_crops,state_101,Waterproof_Male,0.4,1,1,1,1.0,1.0,10,3,3,0.3,0.3,1,1,1,1.0,1.0
family_ablation,gemma4:12b,all_crops,state_101,Waterproof_Male,0.5,1,1,1,1.0,1.0,10,2,2,0.2,0.2,1,1,1,1.0,1.0
family_ablation,gemma4:12b,all_crops,state_101,Waterproof_Male,0.6,1,1,1,1.0,1.0,10,2,2,0.2,0.2,1,1,1,1.0,1.0
family_ablation,gemma4:12b,all_crops,state_101,Waterproof_Male,0.65,1,1,1,1.0,1.0,10,2,2,0.2,0.2,1,1,1,1.0,1.0
family_ablation,gemma4:12b,all_crops,state_101,Waterproof_Male,0.7,1,1,1,1.0,1.0,10,2,2,0.2,0.2,1,1,1,1.0,1.0
family_ablation,gemma4:12b,all_crops,state_101,Waterproof_Male,0.8,1,1,1,1.0,1.0,10,2,2,0.2,0.2,1,1,1,1.0,1.0
family_ablation,gemma4:12b,all_crops,state_101,Waterproof_Male,0.9,1,1,1,1.0,1.0,10,2,2,0.2,0.2,1,1,1,1.0,1.0
family_ablation,gemma4:12b,all_crops,state_101,Waterproof_Male,0.95,1,1,1,1.0,1.0,10,1,1,0.1,0.1,1,1,1,1.0,1.0
family_ablation,gemma4:12b,all_crops,state_101,Waterproof_Male,0.97,1,1,1,1.0,1.0,10,1,1,0.1,0.1,1,1,1,1.0,1.0
family_ablation,gemma4:12b,all_crops,state_101,Waterproof_Male,0.98,1,1,1,1.0,1.0,10,1,1,0.1,0.1,1,1,1,1.0,1.0
family_ablation,gemma4:12b,all_crops,state_101,Waterproof_Male,0.99,1,1,1,1.0,1.0,10,1,1,0.1,0.1,1,1,1,1.0,1.0
family_ablation,gemma4:12b,all_crops,state_101,Waterproof_Male,0.995,1,1,1,1.0,1.0,10,0,0,0.0,0.0,1,1,1,1.0,1.0
family_ablation,gemma4:12b,all_crops,state_101,Waterproof_Male,0.999,1,1,1,1.0,1.0,10,0,0,0.0,0.0,1,1,1,1.0,1.0
family_ablation,gemma4:12b,all_crops,state_101,Waterproof_Male,0.9999,1,1,1,1.0,1.0,10,0,0,0.0,0.0,1,1,1,1.0,1.0
family_ablation,gemma4:12b,all_crops,state_101,Waterproof_Male,0.99999,1,1,1,1.0,1.0,10,0,0,0.0,0.0,1,1,1,1.0,1.0
family_ablation,gemma4:12b,all_crops,state_101,Waterproof_Male,0.999999,1,0,0,0.0,0.0,10,0,0,0.0,0.0,1,0,0,0.0,0.0
family_ablation,gemma4:12b,all_crops,state_101,USB_Male,0.4,1,1,1,1.0,1.0,10,0,0,0.0,0.0,1,1,1,1.0,1.0
family_ablation,gemma4:12b,all_crops,state_101,USB_Male,0.5,1,1,1,1.0,1.0,10,0,0,0.0,0.0,1,1,1,1.0,1.0
family_ablation,gemma4:12b,all_crops,state_101,USB_Male,0.6,1,1,1,1.0,1.0,10,0,0,0.0,0.0,1,1,1,1.0,1.0
family_ablation,gemma4:12b,all_crops,state_101,USB_Male,0.65,1,1,1,1.0,1.0,10,0,0,0.0,0.0,1,1,1,1.0,1.0
family_ablation,gemma4:12b,all_crops,state_101,USB_Male,0.7,1,1,1,1.0,1.0,10,0,0,0.0,0.0,1,1,1,1.0,1.0
family_ablation,gemma4:12b,all_crops,state_101,USB_Male,0.8,1,1,1,1.0,1.0,10,0,0,0.0,0.0,1,1,1,1.0,1.0
family_ablation,gemma4:12b,all_crops,state_101,USB_Male,0.9,1,1,1,1.0,1.0,10,0,0,0.0,0.0,1,1,1,1.0,1.0
family_ablation,gemma4:12b,all_crops,state_101,USB_Male,0.95,1,1,1,1.0,1.0,10,0,0,0.0,0.0,1,1,1,1.0,1.0
family_ablation,gemma4:12b,all_crops,state_101,USB_Male,0.97,1,1,1,1.0,1.0,10,0,0,0.0,0.0,1,1,1,1.0,1.0
family_ablation,gemma4:12b,all_crops,state_101,USB_Male,0.98,1,1,1,1.0,1.0,10,0,0,0.0,0.0,1,1,1,1.0,1.0
family_ablation,gemma4:12b,all_crops,state_101,USB_Male,0.99,1,1,1,1.0,1.0,10,0,0,0.0,0.0,1,1,1,1.0,1.0
family_ablation,gemma4:12b,all_crops,state_101,USB_Male,0.995,1,1,1,1.0,1.0,10,0,0,0.0,0.0,1,1,1,1.0,1.0
family_ablation,gemma4:12b,all_crops,state_101,USB_Male,0.999,1,1,1,1.0,1.0,10,0,0,0.0,0.0,1,1,1,1.0,1.0
family_ablation,gemma4:12b,all_crops,state_101,USB_Male,0.9999,1,1,1,1.0,1.0,10,0,0,0.0,0.0,1,1,1,1.0,1.0
family_ablation,gemma4:12b,all_crops,state_101,USB_Male,0.99999,1,1,1,1.0,1.0,10,0,0,0.0,0.0,1,1,1,1.0,1.0
family_ablation,gemma4:12b,all_crops,state_101,USB_Male,0.999999,1,0,0,0.0,0.0,10,0,0,0.0,0.0,1,0,0,0.0,0.0
family_ablation,gemma4:12b,all_crops,state_101,DSUB_Male,0.4,1,1,1,1.0,1.0,10,3,3,0.3,0.3,1,1,1,1.0,1.0
family_ablation,gemma4:12b,all_crops,state_101,DSUB_Male,0.5,1,1,1,1.0,1.0,10,3,3,0.3,0.3,1,1,1,1.0,1.0
family_ablation,gemma4:12b,all_crops,state_101,DSUB_Male,0.6,1,1,1,1.0,1.0,10,3,3,0.3,0.3,1,1,1,1.0,1.0
family_ablation,gemma4:12b,all_crops,state_101,DSUB_Male,0.65,1,1,1,1.0,1.0,10,3,3,0.3,0.3,1,1,1,1.0,1.0
family_ablation,gemma4:12b,all_crops,state_101,DSUB_Male,0.7,1,1,1,1.0,1.0,10,3,3,0.3,0.3,1,1,1,1.0,1.0
family_ablation,gemma4:12b,all_crops,state_101,DSUB_Male,0.8,1,1,1,1.0,1.0,10,2,2,0.2,0.2,1,1,1,1.0,1.0
family_ablation,gemma4:12b,all_crops,state_101,DSUB_Male,0.9,1,1,1,1.0,1.0,10,2,2,0.2,0.2,1,1,1,1.0,1.0
family_ablation,gemma4:12b,all_crops,state_101,DSUB_Male,0.95,1,1,1,1.0,1.0,10,2,2,0.2,0.2,1,1,1,1.0,1.0
family_ablation,gemma4:12b,all_crops,state_101,DSUB_Male,0.97,1,1,1,1.0,1.0,10,2,2,0.2,0.2,1,1,1,1.0,1.0
family_ablation,gemma4:12b,all_crops,state_101,DSUB_Male,0.98,1,1,1,1.0,1.0,10,2,2,0.2,0.2,1,1,1,1.0,1.0
family_ablation,gemma4:12b,all_crops,state_101,DSUB_Male,0.99,1,1,1,1.0,1.0,10,2,2,0.2,0.2,1,1,1,1.0,1.0
family_ablation,gemma4:12b,all_crops,state_101,DSUB_Male,0.995,1,1,1,1.0,1.0,10,2,2,0.2,0.2,1,1,1,1.0,1.0
family_ablation,gemma4:12b,all_crops,state_101,DSUB_Male,0.999,1,1,1,1.0,1.0,10,2,2,0.2,0.2,1,1,1,1.0,1.0
family_ablation,gemma4:12b,all_crops,state_101,DSUB_Male,0.9999,1,1,1,1.0,1.0,10,1,1,0.1,0.1,1,1,1,1.0,1.0
family_ablation,gemma4:12b,all_crops,state_101,DSUB_Male,0.99999,1,0,0,0.0,0.0,10,1,1,0.1,0.1,1,0,0,0.0,0.0
family_ablation,gemma4:12b,all_crops,state_101,DSUB_Male,0.999999,1,0,0,0.0,0.0,10,0,0,0.0,0.0,1,0,0,0.0,0.0
family_ablation,gemma4:12b,all_crops,state_202,gear,0.4,9,9,9,1.0,1.0,24,0,0,0.0,0.0,3,3,3,1.0,1.0
family_ablation,gemma4:12b,all_crops,state_202,gear,0.5,9,9,9,1.0,1.0,24,0,0,0.0,0.0,3,3,3,1.0,1.0
family_ablation,gemma4:12b,all_crops,state_202,gear,0.6,9,9,9,1.0,1.0,24,0,0,0.0,0.0,3,3,3,1.0,1.0
family_ablation,gemma4:12b,all_crops,state_202,gear,0.65,9,9,9,1.0,1.0,24,0,0,0.0,0.0,3,3,3,1.0,1.0
family_ablation,gemma4:12b,all_crops,state_202,gear,0.7,9,9,9,1.0,1.0,24,0,0,0.0,0.0,3,3,3,1.0,1.0
family_ablation,gemma4:12b,all_crops,state_202,gear,0.8,9,9,9,1.0,1.0,24,0,0,0.0,0.0,3,3,3,1.0,1.0
family_ablation,gemma4:12b,all_crops,state_202,gear,0.9,9,9,9,1.0,1.0,24,0,0,0.0,0.0,3,3,3,1.0,1.0
family_ablation,gemma4:12b,all_crops,state_202,gear,0.95,9,9,9,1.0,1.0,24,0,0,0.0,0.0,3,3,3,1.0,1.0
family_ablation,gemma4:12b,all_crops,state_202,gear,0.97,9,9,9,1.0,1.0,24,0,0,0.0,0.0,3,3,3,1.0,1.0
family_ablation,gemma4:12b,all_crops,state_202,gear,0.98,9,9,9,1.0,1.0,24,0,0,0.0,0.0,3,3,3,1.0,1.0
family_ablation,gemma4:12b,all_crops,state_202,gear,0.99,9,9,9,1.0,1.0,24,0,0,0.0,0.0,3,3,3,1.0,1.0
family_ablation,gemma4:12b,all_crops,state_202,gear,0.995,9,9,9,1.0,1.0,24,0,0,0.0,0.0,3,3,3,1.0,1.0
family_ablation,gemma4:12b,all_crops,state_202,gear,0.999,9,9,9,1.0,1.0,24,0,0,0.0,0.0,3,3,3,1.0,1.0
family_ablation,gemma4:12b,all_crops,state_202,gear,0.9999,9,9,9,1.0,1.0,24,0,0,0.0,0.0,3,3,3,1.0,1.0
family_ablation,gemma4:12b,all_crops,state_202,gear,0.99999,9,9,9,1.0,1.0,24,0,0,0.0,0.0,3,3,3,1.0,1.0
family_ablation,gemma4:12b,all_crops,state_202,gear,0.999999,9,0,0,0.0,0.0,24,0,0,0.0,0.0,3,0,0,0.0,0.0
family_ablation,gemma4:12b,all_crops,state_202,hex_nut,0.4,4,4,4,1.0,1.0,18,0,0,0.0,0.0,2,2,2,1.0,1.0
family_ablation,gemma4:12b,all_crops,state_202,hex_nut,0.5,4,4,4,1.0,1.0,18,0,0,0.0,0.0,2,2,2,1.0,1.0
family_ablation,gemma4:12b,all_crops,state_202,hex_nut,0.6,4,4,4,1.0,1.0,18,0,0,0.0,0.0,2,2,2,1.0,1.0
family_ablation,gemma4:12b,all_crops,state_202,hex_nut,0.65,4,4,4,1.0,1.0,18,0,0,0.0,0.0,2,2,2,1.0,1.0
family_ablation,gemma4:12b,all_crops,state_202,hex_nut,0.7,4,4,4,1.0,1.0,18,0,0,0.0,0.0,2,2,2,1.0,1.0
family_ablation,gemma4:12b,all_crops,state_202,hex_nut,0.8,4,4,4,1.0,1.0,18,0,0,0.0,0.0,2,2,2,1.0,1.0
family_ablation,gemma4:12b,all_crops,state_202,hex_nut,0.9,4,4,4,1.0,1.0,18,0,0,0.0,0.0,2,2,2,1.0,1.0
family_ablation,gemma4:12b,all_crops,state_202,hex_nut,0.95,4,4,4,1.0,1.0,18,0,0,0.0,0.0,2,2,2,1.0,1.0
family_ablation,gemma4:12b,all_crops,state_202,hex_nut,0.97,4,4,4,1.0,1.0,18,0,0,0.0,0.0,2,2,2,1.0,1.0
family_ablation,gemma4:12b,all_crops,state_202,hex_nut,0.98,4,4,4,1.0,1.0,18,0,0,0.0,0.0,2,2,2,1.0,1.0
family_ablation,gemma4:12b,all_crops,state_202,hex_nut,0.99,4,4,4,1.0,1.0,18,0,0,0.0,0.0,2,2,2,1.0,1.0
family_ablation,gemma4:12b,all_crops,state_202,hex_nut,0.995,4,4,4,1.0,1.0,18,0,0,0.0,0.0,2,2,2,1.0,1.0
family_ablation,gemma4:12b,all_crops,state_202,hex_nut,0.999,4,4,4,1.0,1.0,18,0,0,0.0,0.0,2,2,2,1.0,1.0
family_ablation,gemma4:12b,all_crops,state_202,hex_nut,0.9999,4,4,4,1.0,1.0,18,0,0,0.0,0.0,2,2,2,1.0,1.0
family_ablation,gemma4:12b,all_crops,state_202,hex_nut,0.99999,4,1,1,0.25,0.25,18,0,0,0.0,0.0,2,1,1,0.5,0.5
family_ablation,gemma4:12b,all_crops,state_202,hex_nut,0.999999,4,0,0,0.0,0.0,18,0,0,0.0,0.0,2,0,0,0.0,0.0
family_ablation,gemma4:12b,all_crops,state_202,round_pin,0.4,9,9,9,1.0,1.0,24,0,0,0.0,0.0,3,3,3,1.0,1.0
family_ablation,gemma4:12b,all_crops,state_202,round_pin,0.5,9,9,9,1.0,1.0,24,0,0,0.0,0.0,3,3,3,1.0,1.0
family_ablation,gemma4:12b,all_crops,state_202,round_pin,0.6,9,9,9,1.0,1.0,24,0,0,0.0,0.0,3,3,3,1.0,1.0
family_ablation,gemma4:12b,all_crops,state_202,round_pin,0.65,9,9,9,1.0,1.0,24,0,0,0.0,0.0,3,3,3,1.0,1.0
family_ablation,gemma4:12b,all_crops,state_202,round_pin,0.7,9,9,9,1.0,1.0,24,0,0,0.0,0.0,3,3,3,1.0,1.0
family_ablation,gemma4:12b,all_crops,state_202,round_pin,0.8,9,9,9,1.0,1.0,24,0,0,0.0,0.0,3,3,3,1.0,1.0
family_ablation,gemma4:12b,all_crops,state_202,round_pin,0.9,9,9,9,1.0,1.0,24,0,0,0.0,0.0,3,3,3,1.0,1.0
family_ablation,gemma4:12b,all_crops,state_202,round_pin,0.95,9,9,9,1.0,1.0,24,0,0,0.0,0.0,3,3,3,1.0,1.0
family_ablation,gemma4:12b,all_crops,state_202,round_pin,0.97,9,9,9,1.0,1.0,24,0,0,0.0,0.0,3,3,3,1.0,1.0
family_ablation,gemma4:12b,all_crops,state_202,round_pin,0.98,9,9,9,1.0,1.0,24,0,0,0.0,0.0,3,3,3,1.0,1.0
family_ablation,gemma4:12b,all_crops,state_202,round_pin,0.99,9,9,9,1.0,1.0,24,0,0,0.0,0.0,3,3,3,1.0,1.0
family_ablation,gemma4:12b,all_crops,state_202,round_pin,0.995,9,9,9,1.0,1.0,24,0,0,0.0,0.0,3,3,3,1.0,1.0
family_ablation,gemma4:12b,all_crops,state_202,round_pin,0.999,9,9,9,1.0,1.0,24,0,0,0.0,0.0,3,3,3,1.0,1.0
family_ablation,gemma4:12b,all_crops,state_202,round_pin,0.9999,9,9,9,1.0,1.0,24,0,0,0.0,0.0,3,3,3,1.0,1.0
family_ablation,gemma4:12b,all_crops,state_202,round_pin,0.99999,9,9,9,1.0,1.0,24,0,0,0.0,0.0,3,3,3,1.0,1.0
family_ablation,gemma4:12b,all_crops,state_202,round_pin,0.999999,9,0,0,0.0,0.0,24,0,0,0.0,0.0,3,0,0,0.0,0.0
family_ablation,gemma4:12b,all_crops,state_202,Waterproof_Male,0.4,1,1,1,1.0,1.0,10,3,3,0.3,0.3,1,1,1,1.0,1.0
family_ablation,gemma4:12b,all_crops,state_202,Waterproof_Male,0.5,1,1,1,1.0,1.0,10,3,3,0.3,0.3,1,1,1,1.0,1.0
family_ablation,gemma4:12b,all_crops,state_202,Waterproof_Male,0.6,1,1,1,1.0,1.0,10,3,3,0.3,0.3,1,1,1,1.0,1.0
family_ablation,gemma4:12b,all_crops,state_202,Waterproof_Male,0.65,1,1,1,1.0,1.0,10,3,3,0.3,0.3,1,1,1,1.0,1.0
family_ablation,gemma4:12b,all_crops,state_202,Waterproof_Male,0.7,1,1,1,1.0,1.0,10,3,3,0.3,0.3,1,1,1,1.0,1.0
family_ablation,gemma4:12b,all_crops,state_202,Waterproof_Male,0.8,1,1,1,1.0,1.0,10,3,3,0.3,0.3,1,1,1,1.0,1.0
family_ablation,gemma4:12b,all_crops,state_202,Waterproof_Male,0.9,1,1,1,1.0,1.0,10,2,2,0.2,0.2,1,1,1,1.0,1.0
family_ablation,gemma4:12b,all_crops,state_202,Waterproof_Male,0.95,1,1,1,1.0,1.0,10,2,2,0.2,0.2,1,1,1,1.0,1.0
family_ablation,gemma4:12b,all_crops,state_202,Waterproof_Male,0.97,1,1,1,1.0,1.0,10,2,2,0.2,0.2,1,1,1,1.0,1.0
family_ablation,gemma4:12b,all_crops,state_202,Waterproof_Male,0.98,1,1,1,1.0,1.0,10,2,2,0.2,0.2,1,1,1,1.0,1.0
family_ablation,gemma4:12b,all_crops,state_202,Waterproof_Male,0.99,1,1,1,1.0,1.0,10,2,2,0.2,0.2,1,1,1,1.0,1.0
family_ablation,gemma4:12b,all_crops,state_202,Waterproof_Male,0.995,1,1,1,1.0,1.0,10,2,2,0.2,0.2,1,1,1,1.0,1.0
family_ablation,gemma4:12b,all_crops,state_202,Waterproof_Male,0.999,1,1,1,1.0,1.0,10,2,2,0.2,0.2,1,1,1,1.0,1.0
family_ablation,gemma4:12b,all_crops,state_202,Waterproof_Male,0.9999,1,1,1,1.0,1.0,10,1,1,0.1,0.1,1,1,1,1.0,1.0
family_ablation,gemma4:12b,all_crops,state_202,Waterproof_Male,0.99999,1,1,1,1.0,1.0,10,1,1,0.1,0.1,1,1,1,1.0,1.0
family_ablation,gemma4:12b,all_crops,state_202,Waterproof_Male,0.999999,1,0,0,0.0,0.0,10,0,0,0.0,0.0,1,0,0,0.0,0.0
family_ablation,gemma4:12b,all_crops,state_202,USB_Male,0.4,1,1,1,1.0,1.0,10,0,0,0.0,0.0,1,1,1,1.0,1.0
family_ablation,gemma4:12b,all_crops,state_202,USB_Male,0.5,1,1,1,1.0,1.0,10,0,0,0.0,0.0,1,1,1,1.0,1.0
family_ablation,gemma4:12b,all_crops,state_202,USB_Male,0.6,1,1,1,1.0,1.0,10,0,0,0.0,0.0,1,1,1,1.0,1.0
family_ablation,gemma4:12b,all_crops,state_202,USB_Male,0.65,1,1,1,1.0,1.0,10,0,0,0.0,0.0,1,1,1,1.0,1.0
family_ablation,gemma4:12b,all_crops,state_202,USB_Male,0.7,1,1,1,1.0,1.0,10,0,0,0.0,0.0,1,1,1,1.0,1.0
family_ablation,gemma4:12b,all_crops,state_202,USB_Male,0.8,1,1,1,1.0,1.0,10,0,0,0.0,0.0,1,1,1,1.0,1.0
family_ablation,gemma4:12b,all_crops,state_202,USB_Male,0.9,1,1,1,1.0,1.0,10,0,0,0.0,0.0,1,1,1,1.0,1.0
family_ablation,gemma4:12b,all_crops,state_202,USB_Male,0.95,1,1,1,1.0,1.0,10,0,0,0.0,0.0,1,1,1,1.0,1.0
family_ablation,gemma4:12b,all_crops,state_202,USB_Male,0.97,1,1,1,1.0,1.0,10,0,0,0.0,0.0,1,1,1,1.0,1.0
family_ablation,gemma4:12b,all_crops,state_202,USB_Male,0.98,1,1,1,1.0,1.0,10,0,0,0.0,0.0,1,1,1,1.0,1.0
family_ablation,gemma4:12b,all_crops,state_202,USB_Male,0.99,1,1,1,1.0,1.0,10,0,0,0.0,0.0,1,1,1,1.0,1.0
family_ablation,gemma4:12b,all_crops,state_202,USB_Male,0.995,1,1,1,1.0,1.0,10,0,0,0.0,0.0,1,1,1,1.0,1.0
family_ablation,gemma4:12b,all_crops,state_202,USB_Male,0.999,1,1,1,1.0,1.0,10,0,0,0.0,0.0,1,1,1,1.0,1.0
family_ablation,gemma4:12b,all_crops,state_202,USB_Male,0.9999,1,1,1,1.0,1.0,10,0,0,0.0,0.0,1,1,1,1.0,1.0
family_ablation,gemma4:12b,all_crops,state_202,USB_Male,0.99999,1,1,1,1.0,1.0,10,0,0,0.0,0.0,1,1,1,1.0,1.0
family_ablation,gemma4:12b,all_crops,state_202,USB_Male,0.999999,1,0,0,0.0,0.0,10,0,0,0.0,0.0,1,0,0,0.0,0.0
family_ablation,gemma4:12b,all_crops,state_202,DSUB_Male,0.4,1,1,1,1.0,1.0,10,2,2,0.2,0.2,1,1,1,1.0,1.0
family_ablation,gemma4:12b,all_crops,state_202,DSUB_Male,0.5,1,1,1,1.0,1.0,10,2,2,0.2,0.2,1,1,1,1.0,1.0
family_ablation,gemma4:12b,all_crops,state_202,DSUB_Male,0.6,1,1,1,1.0,1.0,10,2,2,0.2,0.2,1,1,1,1.0,1.0
family_ablation,gemma4:12b,all_crops,state_202,DSUB_Male,0.65,1,1,1,1.0,1.0,10,2,2,0.2,0.2,1,1,1,1.0,1.0
family_ablation,gemma4:12b,all_crops,state_202,DSUB_Male,0.7,1,1,1,1.0,1.0,10,2,2,0.2,0.2,1,1,1,1.0,1.0
family_ablation,gemma4:12b,all_crops,state_202,DSUB_Male,0.8,1,1,1,1.0,1.0,10,2,2,0.2,0.2,1,1,1,1.0,1.0
family_ablation,gemma4:12b,all_crops,state_202,DSUB_Male,0.9,1,1,1,1.0,1.0,10,2,2,0.2,0.2,1,1,1,1.0,1.0
family_ablation,gemma4:12b,all_crops,state_202,DSUB_Male,0.95,1,1,1,1.0,1.0,10,2,2,0.2,0.2,1,1,1,1.0,1.0
family_ablation,gemma4:12b,all_crops,state_202,DSUB_Male,0.97,1,1,1,1.0,1.0,10,2,2,0.2,0.2,1,1,1,1.0,1.0
family_ablation,gemma4:12b,all_crops,state_202,DSUB_Male,0.98,1,1,1,1.0,1.0,10,2,2,0.2,0.2,1,1,1,1.0,1.0
family_ablation,gemma4:12b,all_crops,state_202,DSUB_Male,0.99,1,1,1,1.0,1.0,10,2,2,0.2,0.2,1,1,1,1.0,1.0
family_ablation,gemma4:12b,all_crops,state_202,DSUB_Male,0.995,1,1,1,1.0,1.0,10,2,2,0.2,0.2,1,1,1,1.0,1.0
family_ablation,gemma4:12b,all_crops,state_202,DSUB_Male,0.999,1,1,1,1.0,1.0,10,1,1,0.1,0.1,1,1,1,1.0,1.0
family_ablation,gemma4:12b,all_crops,state_202,DSUB_Male,0.9999,1,1,1,1.0,1.0,10,1,1,0.1,0.1,1,1,1,1.0,1.0
family_ablation,gemma4:12b,all_crops,state_202,DSUB_Male,0.99999,1,1,1,1.0,1.0,10,0,0,0.0,0.0,1,1,1,1.0,1.0
family_ablation,gemma4:12b,all_crops,state_202,DSUB_Male,0.999999,1,0,0,0.0,0.0,10,0,0,0.0,0.0,1,0,0,0.0,0.0
family_ablation,gemma4:12b,all_crops,state_303,gear,0.4,9,9,9,1.0,1.0,24,0,0,0.0,0.0,3,3,3,1.0,1.0
family_ablation,gemma4:12b,all_crops,state_303,gear,0.5,9,9,9,1.0,1.0,24,0,0,0.0,0.0,3,3,3,1.0,1.0
family_ablation,gemma4:12b,all_crops,state_303,gear,0.6,9,9,9,1.0,1.0,24,0,0,0.0,0.0,3,3,3,1.0,1.0
family_ablation,gemma4:12b,all_crops,state_303,gear,0.65,9,9,9,1.0,1.0,24,0,0,0.0,0.0,3,3,3,1.0,1.0
family_ablation,gemma4:12b,all_crops,state_303,gear,0.7,9,9,9,1.0,1.0,24,0,0,0.0,0.0,3,3,3,1.0,1.0
family_ablation,gemma4:12b,all_crops,state_303,gear,0.8,9,9,9,1.0,1.0,24,0,0,0.0,0.0,3,3,3,1.0,1.0
family_ablation,gemma4:12b,all_crops,state_303,gear,0.9,9,9,9,1.0,1.0,24,0,0,0.0,0.0,3,3,3,1.0,1.0
family_ablation,gemma4:12b,all_crops,state_303,gear,0.95,9,9,9,1.0,1.0,24,0,0,0.0,0.0,3,3,3,1.0,1.0
family_ablation,gemma4:12b,all_crops,state_303,gear,0.97,9,9,9,1.0,1.0,24,0,0,0.0,0.0,3,3,3,1.0,1.0
family_ablation,gemma4:12b,all_crops,state_303,gear,0.98,9,9,9,1.0,1.0,24,0,0,0.0,0.0,3,3,3,1.0,1.0
family_ablation,gemma4:12b,all_crops,state_303,gear,0.99,9,9,9,1.0,1.0,24,0,0,0.0,0.0,3,3,3,1.0,1.0
family_ablation,gemma4:12b,all_crops,state_303,gear,0.995,9,9,9,1.0,1.0,24,0,0,0.0,0.0,3,3,3,1.0,1.0
family_ablation,gemma4:12b,all_crops,state_303,gear,0.999,9,9,9,1.0,1.0,24,0,0,0.0,0.0,3,3,3,1.0,1.0
family_ablation,gemma4:12b,all_crops,state_303,gear,0.9999,9,9,9,1.0,1.0,24,0,0,0.0,0.0,3,3,3,1.0,1.0
family_ablation,gemma4:12b,all_crops,state_303,gear,0.99999,9,9,9,1.0,1.0,24,0,0,0.0,0.0,3,3,3,1.0,1.0
family_ablation,gemma4:12b,all_crops,state_303,gear,0.999999,9,0,0,0.0,0.0,24,0,0,0.0,0.0,3,0,0,0.0,0.0
family_ablation,gemma4:12b,all_crops,state_303,hex_nut,0.4,4,4,4,1.0,1.0,18,0,0,0.0,0.0,2,2,2,1.0,1.0
family_ablation,gemma4:12b,all_crops,state_303,hex_nut,0.5,4,4,4,1.0,1.0,18,0,0,0.0,0.0,2,2,2,1.0,1.0
family_ablation,gemma4:12b,all_crops,state_303,hex_nut,0.6,4,4,4,1.0,1.0,18,0,0,0.0,0.0,2,2,2,1.0,1.0
family_ablation,gemma4:12b,all_crops,state_303,hex_nut,0.65,4,4,4,1.0,1.0,18,0,0,0.0,0.0,2,2,2,1.0,1.0
family_ablation,gemma4:12b,all_crops,state_303,hex_nut,0.7,4,4,4,1.0,1.0,18,0,0,0.0,0.0,2,2,2,1.0,1.0
family_ablation,gemma4:12b,all_crops,state_303,hex_nut,0.8,4,4,4,1.0,1.0,18,0,0,0.0,0.0,2,2,2,1.0,1.0
family_ablation,gemma4:12b,all_crops,state_303,hex_nut,0.9,4,4,4,1.0,1.0,18,0,0,0.0,0.0,2,2,2,1.0,1.0
family_ablation,gemma4:12b,all_crops,state_303,hex_nut,0.95,4,4,4,1.0,1.0,18,0,0,0.0,0.0,2,2,2,1.0,1.0
family_ablation,gemma4:12b,all_crops,state_303,hex_nut,0.97,4,4,4,1.0,1.0,18,0,0,0.0,0.0,2,2,2,1.0,1.0
family_ablation,gemma4:12b,all_crops,state_303,hex_nut,0.98,4,4,4,1.0,1.0,18,0,0,0.0,0.0,2,2,2,1.0,1.0
family_ablation,gemma4:12b,all_crops,state_303,hex_nut,0.99,4,4,4,1.0,1.0,18,0,0,0.0,0.0,2,2,2,1.0,1.0
family_ablation,gemma4:12b,all_crops,state_303,hex_nut,0.995,4,4,4,1.0,1.0,18,0,0,0.0,0.0,2,2,2,1.0,1.0
family_ablation,gemma4:12b,all_crops,state_303,hex_nut,0.999,4,4,4,1.0,1.0,18,0,0,0.0,0.0,2,2,2,1.0,1.0
family_ablation,gemma4:12b,all_crops,state_303,hex_nut,0.9999,4,4,4,1.0,1.0,18,0,0,0.0,0.0,2,2,2,1.0,1.0
family_ablation,gemma4:12b,all_crops,state_303,hex_nut,0.99999,4,0,0,0.0,0.0,18,0,0,0.0,0.0,2,0,0,0.0,0.0
family_ablation,gemma4:12b,all_crops,state_303,hex_nut,0.999999,4,0,0,0.0,0.0,18,0,0,0.0,0.0,2,0,0,0.0,0.0
family_ablation,gemma4:12b,all_crops,state_303,round_pin,0.4,9,9,9,1.0,1.0,24,0,0,0.0,0.0,3,3,3,1.0,1.0
family_ablation,gemma4:12b,all_crops,state_303,round_pin,0.5,9,9,9,1.0,1.0,24,0,0,0.0,0.0,3,3,3,1.0,1.0
family_ablation,gemma4:12b,all_crops,state_303,round_pin,0.6,9,9,9,1.0,1.0,24,0,0,0.0,0.0,3,3,3,1.0,1.0
family_ablation,gemma4:12b,all_crops,state_303,round_pin,0.65,9,9,9,1.0,1.0,24,0,0,0.0,0.0,3,3,3,1.0,1.0
family_ablation,gemma4:12b,all_crops,state_303,round_pin,0.7,9,9,9,1.0,1.0,24,0,0,0.0,0.0,3,3,3,1.0,1.0
family_ablation,gemma4:12b,all_crops,state_303,round_pin,0.8,9,9,9,1.0,1.0,24,0,0,0.0,0.0,3,3,3,1.0,1.0
family_ablation,gemma4:12b,all_crops,state_303,round_pin,0.9,9,9,9,1.0,1.0,24,0,0,0.0,0.0,3,3,3,1.0,1.0
family_ablation,gemma4:12b,all_crops,state_303,round_pin,0.95,9,9,9,1.0,1.0,24,0,0,0.0,0.0,3,3,3,1.0,1.0
family_ablation,gemma4:12b,all_crops,state_303,round_pin,0.97,9,9,9,1.0,1.0,24,0,0,0.0,0.0,3,3,3,1.0,1.0
family_ablation,gemma4:12b,all_crops,state_303,round_pin,0.98,9,9,9,1.0,1.0,24,0,0,0.0,0.0,3,3,3,1.0,1.0
family_ablation,gemma4:12b,all_crops,state_303,round_pin,0.99,9,9,9,1.0,1.0,24,0,0,0.0,0.0,3,3,3,1.0,1.0
family_ablation,gemma4:12b,all_crops,state_303,round_pin,0.995,9,9,9,1.0,1.0,24,0,0,0.0,0.0,3,3,3,1.0,1.0
family_ablation,gemma4:12b,all_crops,state_303,round_pin,0.999,9,9,9,1.0,1.0,24,0,0,0.0,0.0,3,3,3,1.0,1.0
family_ablation,gemma4:12b,all_crops,state_303,round_pin,0.9999,9,9,9,1.0,1.0,24,0,0,0.0,0.0,3,3,3,1.0,1.0
family_ablation,gemma4:12b,all_crops,state_303,round_pin,0.99999,9,9,9,1.0,1.0,24,0,0,0.0,0.0,3,3,3,1.0,1.0
family_ablation,gemma4:12b,all_crops,state_303,round_pin,0.999999,9,0,0,0.0,0.0,24,0,0,0.0,0.0,3,0,0,0.0,0.0
family_ablation,gemma4:12b,all_crops,state_303,Waterproof_Male,0.4,1,1,1,1.0,1.0,10,2,2,0.2,0.2,1,1,1,1.0,1.0
family_ablation,gemma4:12b,all_crops,state_303,Waterproof_Male,0.5,1,1,1,1.0,1.0,10,2,2,0.2,0.2,1,1,1,1.0,1.0
family_ablation,gemma4:12b,all_crops,state_303,Waterproof_Male,0.6,1,1,1,1.0,1.0,10,2,2,0.2,0.2,1,1,1,1.0,1.0
family_ablation,gemma4:12b,all_crops,state_303,Waterproof_Male,0.65,1,1,1,1.0,1.0,10,2,2,0.2,0.2,1,1,1,1.0,1.0
family_ablation,gemma4:12b,all_crops,state_303,Waterproof_Male,0.7,1,1,1,1.0,1.0,10,2,2,0.2,0.2,1,1,1,1.0,1.0
family_ablation,gemma4:12b,all_crops,state_303,Waterproof_Male,0.8,1,1,1,1.0,1.0,10,2,2,0.2,0.2,1,1,1,1.0,1.0
family_ablation,gemma4:12b,all_crops,state_303,Waterproof_Male,0.9,1,1,1,1.0,1.0,10,2,2,0.2,0.2,1,1,1,1.0,1.0
family_ablation,gemma4:12b,all_crops,state_303,Waterproof_Male,0.95,1,1,1,1.0,1.0,10,2,2,0.2,0.2,1,1,1,1.0,1.0
family_ablation,gemma4:12b,all_crops,state_303,Waterproof_Male,0.97,1,1,1,1.0,1.0,10,1,1,0.1,0.1,1,1,1,1.0,1.0
family_ablation,gemma4:12b,all_crops,state_303,Waterproof_Male,0.98,1,1,1,1.0,1.0,10,1,1,0.1,0.1,1,1,1,1.0,1.0
family_ablation,gemma4:12b,all_crops,state_303,Waterproof_Male,0.99,1,1,1,1.0,1.0,10,1,1,0.1,0.1,1,1,1,1.0,1.0
family_ablation,gemma4:12b,all_crops,state_303,Waterproof_Male,0.995,1,1,1,1.0,1.0,10,1,1,0.1,0.1,1,1,1,1.0,1.0
family_ablation,gemma4:12b,all_crops,state_303,Waterproof_Male,0.999,1,1,1,1.0,1.0,10,1,1,0.1,0.1,1,1,1,1.0,1.0
family_ablation,gemma4:12b,all_crops,state_303,Waterproof_Male,0.9999,1,1,1,1.0,1.0,10,1,1,0.1,0.1,1,1,1,1.0,1.0
family_ablation,gemma4:12b,all_crops,state_303,Waterproof_Male,0.99999,1,1,1,1.0,1.0,10,1,1,0.1,0.1,1,1,1,1.0,1.0
family_ablation,gemma4:12b,all_crops,state_303,Waterproof_Male,0.999999,1,0,0,0.0,0.0,10,0,0,0.0,0.0,1,0,0,0.0,0.0
family_ablation,gemma4:12b,all_crops,state_303,USB_Male,0.4,1,1,1,1.0,1.0,10,0,0,0.0,0.0,1,1,1,1.0,1.0
family_ablation,gemma4:12b,all_crops,state_303,USB_Male,0.5,1,1,1,1.0,1.0,10,0,0,0.0,0.0,1,1,1,1.0,1.0
family_ablation,gemma4:12b,all_crops,state_303,USB_Male,0.6,1,1,1,1.0,1.0,10,0,0,0.0,0.0,1,1,1,1.0,1.0
family_ablation,gemma4:12b,all_crops,state_303,USB_Male,0.65,1,1,1,1.0,1.0,10,0,0,0.0,0.0,1,1,1,1.0,1.0
family_ablation,gemma4:12b,all_crops,state_303,USB_Male,0.7,1,1,1,1.0,1.0,10,0,0,0.0,0.0,1,1,1,1.0,1.0
family_ablation,gemma4:12b,all_crops,state_303,USB_Male,0.8,1,1,1,1.0,1.0,10,0,0,0.0,0.0,1,1,1,1.0,1.0
family_ablation,gemma4:12b,all_crops,state_303,USB_Male,0.9,1,1,1,1.0,1.0,10,0,0,0.0,0.0,1,1,1,1.0,1.0
family_ablation,gemma4:12b,all_crops,state_303,USB_Male,0.95,1,1,1,1.0,1.0,10,0,0,0.0,0.0,1,1,1,1.0,1.0
family_ablation,gemma4:12b,all_crops,state_303,USB_Male,0.97,1,1,1,1.0,1.0,10,0,0,0.0,0.0,1,1,1,1.0,1.0
family_ablation,gemma4:12b,all_crops,state_303,USB_Male,0.98,1,1,1,1.0,1.0,10,0,0,0.0,0.0,1,1,1,1.0,1.0
family_ablation,gemma4:12b,all_crops,state_303,USB_Male,0.99,1,1,1,1.0,1.0,10,0,0,0.0,0.0,1,1,1,1.0,1.0
family_ablation,gemma4:12b,all_crops,state_303,USB_Male,0.995,1,1,1,1.0,1.0,10,0,0,0.0,0.0,1,1,1,1.0,1.0
family_ablation,gemma4:12b,all_crops,state_303,USB_Male,0.999,1,1,1,1.0,1.0,10,0,0,0.0,0.0,1,1,1,1.0,1.0
family_ablation,gemma4:12b,all_crops,state_303,USB_Male,0.9999,1,1,1,1.0,1.0,10,0,0,0.0,0.0,1,1,1,1.0,1.0
family_ablation,gemma4:12b,all_crops,state_303,USB_Male,0.99999,1,1,1,1.0,1.0,10,0,0,0.0,0.0,1,1,1,1.0,1.0
family_ablation,gemma4:12b,all_crops,state_303,USB_Male,0.999999,1,0,0,0.0,0.0,10,0,0,0.0,0.0,1,0,0,0.0,0.0
family_ablation,gemma4:12b,all_crops,state_303,DSUB_Male,0.4,1,1,1,1.0,1.0,10,3,3,0.3,0.3,1,1,1,1.0,1.0
family_ablation,gemma4:12b,all_crops,state_303,DSUB_Male,0.5,1,1,1,1.0,1.0,10,3,3,0.3,0.3,1,1,1,1.0,1.0
family_ablation,gemma4:12b,all_crops,state_303,DSUB_Male,0.6,1,1,1,1.0,1.0,10,3,3,0.3,0.3,1,1,1,1.0,1.0
family_ablation,gemma4:12b,all_crops,state_303,DSUB_Male,0.65,1,1,1,1.0,1.0,10,3,3,0.3,0.3,1,1,1,1.0,1.0
family_ablation,gemma4:12b,all_crops,state_303,DSUB_Male,0.7,1,1,1,1.0,1.0,10,3,3,0.3,0.3,1,1,1,1.0,1.0
family_ablation,gemma4:12b,all_crops,state_303,DSUB_Male,0.8,1,1,1,1.0,1.0,10,2,2,0.2,0.2,1,1,1,1.0,1.0
family_ablation,gemma4:12b,all_crops,state_303,DSUB_Male,0.9,1,1,1,1.0,1.0,10,2,2,0.2,0.2,1,1,1,1.0,1.0
family_ablation,gemma4:12b,all_crops,state_303,DSUB_Male,0.95,1,1,1,1.0,1.0,10,2,2,0.2,0.2,1,1,1,1.0,1.0
family_ablation,gemma4:12b,all_crops,state_303,DSUB_Male,0.97,1,1,1,1.0,1.0,10,1,1,0.1,0.1,1,1,1,1.0,1.0
family_ablation,gemma4:12b,all_crops,state_303,DSUB_Male,0.98,1,1,1,1.0,1.0,10,1,1,0.1,0.1,1,1,1,1.0,1.0
family_ablation,gemma4:12b,all_crops,state_303,DSUB_Male,0.99,1,1,1,1.0,1.0,10,1,1,0.1,0.1,1,1,1,1.0,1.0
family_ablation,gemma4:12b,all_crops,state_303,DSUB_Male,0.995,1,1,1,1.0,1.0,10,1,1,0.1,0.1,1,1,1,1.0,1.0
family_ablation,gemma4:12b,all_crops,state_303,DSUB_Male,0.999,1,1,1,1.0,1.0,10,1,1,0.1,0.1,1,1,1,1.0,1.0
family_ablation,gemma4:12b,all_crops,state_303,DSUB_Male,0.9999,1,1,1,1.0,1.0,10,1,1,0.1,0.1,1,1,1,1.0,1.0
family_ablation,gemma4:12b,all_crops,state_303,DSUB_Male,0.99999,1,1,1,1.0,1.0,10,0,0,0.0,0.0,1,1,1,1.0,1.0
family_ablation,gemma4:12b,all_crops,state_303,DSUB_Male,0.999999,1,0,0,0.0,0.0,10,0,0,0.0,0.0,1,0,0,0.0,0.0
family_ablation,gemma4:12b,all_crops,all,gear,0.4,36,36,36,1.0,1.0,96,3,3,0.03125,0.03125,12,12,12,1.0,1.0
family_ablation,gemma4:12b,all_crops,all,gear,0.5,36,36,36,1.0,1.0,96,3,3,0.03125,0.03125,12,12,12,1.0,1.0
family_ablation,gemma4:12b,all_crops,all,gear,0.6,36,36,36,1.0,1.0,96,3,3,0.03125,0.03125,12,12,12,1.0,1.0
family_ablation,gemma4:12b,all_crops,all,gear,0.65,36,36,36,1.0,1.0,96,3,3,0.03125,0.03125,12,12,12,1.0,1.0
family_ablation,gemma4:12b,all_crops,all,gear,0.7,36,36,36,1.0,1.0,96,3,3,0.03125,0.03125,12,12,12,1.0,1.0
family_ablation,gemma4:12b,all_crops,all,gear,0.8,36,36,36,1.0,1.0,96,0,0,0.0,0.0,12,12,12,1.0,1.0
family_ablation,gemma4:12b,all_crops,all,gear,0.9,36,36,36,1.0,1.0,96,0,0,0.0,0.0,12,12,12,1.0,1.0
family_ablation,gemma4:12b,all_crops,all,gear,0.95,36,36,36,1.0,1.0,96,0,0,0.0,0.0,12,12,12,1.0,1.0
family_ablation,gemma4:12b,all_crops,all,gear,0.97,36,36,36,1.0,1.0,96,0,0,0.0,0.0,12,12,12,1.0,1.0
family_ablation,gemma4:12b,all_crops,all,gear,0.98,36,36,36,1.0,1.0,96,0,0,0.0,0.0,12,12,12,1.0,1.0
family_ablation,gemma4:12b,all_crops,all,gear,0.99,36,36,36,1.0,1.0,96,0,0,0.0,0.0,12,12,12,1.0,1.0
family_ablation,gemma4:12b,all_crops,all,gear,0.995,36,36,36,1.0,1.0,96,0,0,0.0,0.0,12,12,12,1.0,1.0
family_ablation,gemma4:12b,all_crops,all,gear,0.999,36,36,36,1.0,1.0,96,0,0,0.0,0.0,12,12,12,1.0,1.0
family_ablation,gemma4:12b,all_crops,all,gear,0.9999,36,36,36,1.0,1.0,96,0,0,0.0,0.0,12,12,12,1.0,1.0
family_ablation,gemma4:12b,all_crops,all,gear,0.99999,36,36,36,1.0,1.0,96,0,0,0.0,0.0,12,12,12,1.0,1.0
family_ablation,gemma4:12b,all_crops,all,gear,0.999999,36,0,0,0.0,0.0,96,0,0,0.0,0.0,12,0,0,0.0,0.0
family_ablation,gemma4:12b,all_crops,all,hex_nut,0.4,16,16,16,1.0,1.0,72,0,0,0.0,0.0,8,8,8,1.0,1.0
family_ablation,gemma4:12b,all_crops,all,hex_nut,0.5,16,16,16,1.0,1.0,72,0,0,0.0,0.0,8,8,8,1.0,1.0
family_ablation,gemma4:12b,all_crops,all,hex_nut,0.6,16,16,16,1.0,1.0,72,0,0,0.0,0.0,8,8,8,1.0,1.0
family_ablation,gemma4:12b,all_crops,all,hex_nut,0.65,16,16,16,1.0,1.0,72,0,0,0.0,0.0,8,8,8,1.0,1.0
family_ablation,gemma4:12b,all_crops,all,hex_nut,0.7,16,16,16,1.0,1.0,72,0,0,0.0,0.0,8,8,8,1.0,1.0
family_ablation,gemma4:12b,all_crops,all,hex_nut,0.8,16,16,16,1.0,1.0,72,0,0,0.0,0.0,8,8,8,1.0,1.0
family_ablation,gemma4:12b,all_crops,all,hex_nut,0.9,16,16,16,1.0,1.0,72,0,0,0.0,0.0,8,8,8,1.0,1.0
family_ablation,gemma4:12b,all_crops,all,hex_nut,0.95,16,16,16,1.0,1.0,72,0,0,0.0,0.0,8,8,8,1.0,1.0
family_ablation,gemma4:12b,all_crops,all,hex_nut,0.97,16,16,16,1.0,1.0,72,0,0,0.0,0.0,8,8,8,1.0,1.0
family_ablation,gemma4:12b,all_crops,all,hex_nut,0.98,16,16,16,1.0,1.0,72,0,0,0.0,0.0,8,8,8,1.0,1.0
family_ablation,gemma4:12b,all_crops,all,hex_nut,0.99,16,14,14,0.875,0.875,72,0,0,0.0,0.0,8,7,7,0.875,0.875
family_ablation,gemma4:12b,all_crops,all,hex_nut,0.995,16,14,14,0.875,0.875,72,0,0,0.0,0.0,8,7,7,0.875,0.875
family_ablation,gemma4:12b,all_crops,all,hex_nut,0.999,16,14,14,0.875,0.875,72,0,0,0.0,0.0,8,7,7,0.875,0.875
family_ablation,gemma4:12b,all_crops,all,hex_nut,0.9999,16,14,14,0.875,0.875,72,0,0,0.0,0.0,8,7,7,0.875,0.875
family_ablation,gemma4:12b,all_crops,all,hex_nut,0.99999,16,2,2,0.125,0.125,72,0,0,0.0,0.0,8,1,1,0.125,0.125
family_ablation,gemma4:12b,all_crops,all,hex_nut,0.999999,16,0,0,0.0,0.0,72,0,0,0.0,0.0,8,0,0,0.0,0.0
family_ablation,gemma4:12b,all_crops,all,round_pin,0.4,36,36,36,1.0,1.0,96,0,0,0.0,0.0,12,12,12,1.0,1.0
family_ablation,gemma4:12b,all_crops,all,round_pin,0.5,36,36,36,1.0,1.0,96,0,0,0.0,0.0,12,12,12,1.0,1.0
family_ablation,gemma4:12b,all_crops,all,round_pin,0.6,36,36,36,1.0,1.0,96,0,0,0.0,0.0,12,12,12,1.0,1.0
family_ablation,gemma4:12b,all_crops,all,round_pin,0.65,36,36,36,1.0,1.0,96,0,0,0.0,0.0,12,12,12,1.0,1.0
family_ablation,gemma4:12b,all_crops,all,round_pin,0.7,36,36,36,1.0,1.0,96,0,0,0.0,0.0,12,12,12,1.0,1.0
family_ablation,gemma4:12b,all_crops,all,round_pin,0.8,36,36,36,1.0,1.0,96,0,0,0.0,0.0,12,12,12,1.0,1.0
family_ablation,gemma4:12b,all_crops,all,round_pin,0.9,36,36,36,1.0,1.0,96,0,0,0.0,0.0,12,12,12,1.0,1.0
family_ablation,gemma4:12b,all_crops,all,round_pin,0.95,36,36,36,1.0,1.0,96,0,0,0.0,0.0,12,12,12,1.0,1.0
family_ablation,gemma4:12b,all_crops,all,round_pin,0.97,36,36,36,1.0,1.0,96,0,0,0.0,0.0,12,12,12,1.0,1.0
family_ablation,gemma4:12b,all_crops,all,round_pin,0.98,36,36,36,1.0,1.0,96,0,0,0.0,0.0,12,12,12,1.0,1.0
family_ablation,gemma4:12b,all_crops,all,round_pin,0.99,36,36,36,1.0,1.0,96,0,0,0.0,0.0,12,12,12,1.0,1.0
family_ablation,gemma4:12b,all_crops,all,round_pin,0.995,36,36,36,1.0,1.0,96,0,0,0.0,0.0,12,12,12,1.0,1.0
family_ablation,gemma4:12b,all_crops,all,round_pin,0.999,36,36,36,1.0,1.0,96,0,0,0.0,0.0,12,12,12,1.0,1.0
family_ablation,gemma4:12b,all_crops,all,round_pin,0.9999,36,36,36,1.0,1.0,96,0,0,0.0,0.0,12,12,12,1.0,1.0
family_ablation,gemma4:12b,all_crops,all,round_pin,0.99999,36,36,36,1.0,1.0,96,0,0,0.0,0.0,12,12,12,1.0,1.0
family_ablation,gemma4:12b,all_crops,all,round_pin,0.999999,36,0,0,0.0,0.0,96,0,0,0.0,0.0,12,0,0,0.0,0.0
family_ablation,gemma4:12b,all_crops,all,Waterproof_Male,0.4,4,4,4,1.0,1.0,40,10,10,0.25,0.25,4,4,4,1.0,1.0
family_ablation,gemma4:12b,all_crops,all,Waterproof_Male,0.5,4,4,4,1.0,1.0,40,9,9,0.225,0.225,4,4,4,1.0,1.0
family_ablation,gemma4:12b,all_crops,all,Waterproof_Male,0.6,4,4,4,1.0,1.0,40,9,9,0.225,0.225,4,4,4,1.0,1.0
family_ablation,gemma4:12b,all_crops,all,Waterproof_Male,0.65,4,4,4,1.0,1.0,40,9,9,0.225,0.225,4,4,4,1.0,1.0
family_ablation,gemma4:12b,all_crops,all,Waterproof_Male,0.7,4,4,4,1.0,1.0,40,8,8,0.2,0.2,4,4,4,1.0,1.0
family_ablation,gemma4:12b,all_crops,all,Waterproof_Male,0.8,4,4,4,1.0,1.0,40,8,8,0.2,0.2,4,4,4,1.0,1.0
family_ablation,gemma4:12b,all_crops,all,Waterproof_Male,0.9,4,4,4,1.0,1.0,40,7,7,0.175,0.175,4,4,4,1.0,1.0
family_ablation,gemma4:12b,all_crops,all,Waterproof_Male,0.95,4,4,4,1.0,1.0,40,6,6,0.15,0.15,4,4,4,1.0,1.0
family_ablation,gemma4:12b,all_crops,all,Waterproof_Male,0.97,4,4,4,1.0,1.0,40,5,5,0.125,0.125,4,4,4,1.0,1.0
family_ablation,gemma4:12b,all_crops,all,Waterproof_Male,0.98,4,4,4,1.0,1.0,40,5,5,0.125,0.125,4,4,4,1.0,1.0
family_ablation,gemma4:12b,all_crops,all,Waterproof_Male,0.99,4,4,4,1.0,1.0,40,5,5,0.125,0.125,4,4,4,1.0,1.0
family_ablation,gemma4:12b,all_crops,all,Waterproof_Male,0.995,4,4,4,1.0,1.0,40,4,4,0.1,0.1,4,4,4,1.0,1.0
family_ablation,gemma4:12b,all_crops,all,Waterproof_Male,0.999,4,4,4,1.0,1.0,40,4,4,0.1,0.1,4,4,4,1.0,1.0
family_ablation,gemma4:12b,all_crops,all,Waterproof_Male,0.9999,4,4,4,1.0,1.0,40,3,3,0.075,0.075,4,4,4,1.0,1.0
family_ablation,gemma4:12b,all_crops,all,Waterproof_Male,0.99999,4,4,4,1.0,1.0,40,3,3,0.075,0.075,4,4,4,1.0,1.0
family_ablation,gemma4:12b,all_crops,all,Waterproof_Male,0.999999,4,0,0,0.0,0.0,40,0,0,0.0,0.0,4,0,0,0.0,0.0
family_ablation,gemma4:12b,all_crops,all,USB_Male,0.4,4,4,4,1.0,1.0,40,1,1,0.025,0.025,4,4,4,1.0,1.0
family_ablation,gemma4:12b,all_crops,all,USB_Male,0.5,4,4,4,1.0,1.0,40,1,1,0.025,0.025,4,4,4,1.0,1.0
family_ablation,gemma4:12b,all_crops,all,USB_Male,0.6,4,4,4,1.0,1.0,40,1,1,0.025,0.025,4,4,4,1.0,1.0
family_ablation,gemma4:12b,all_crops,all,USB_Male,0.65,4,4,4,1.0,1.0,40,1,1,0.025,0.025,4,4,4,1.0,1.0
family_ablation,gemma4:12b,all_crops,all,USB_Male,0.7,4,4,4,1.0,1.0,40,1,1,0.025,0.025,4,4,4,1.0,1.0
family_ablation,gemma4:12b,all_crops,all,USB_Male,0.8,4,4,4,1.0,1.0,40,1,1,0.025,0.025,4,4,4,1.0,1.0
family_ablation,gemma4:12b,all_crops,all,USB_Male,0.9,4,4,4,1.0,1.0,40,1,1,0.025,0.025,4,4,4,1.0,1.0
family_ablation,gemma4:12b,all_crops,all,USB_Male,0.95,4,4,4,1.0,1.0,40,1,1,0.025,0.025,4,4,4,1.0,1.0
family_ablation,gemma4:12b,all_crops,all,USB_Male,0.97,4,4,4,1.0,1.0,40,1,1,0.025,0.025,4,4,4,1.0,1.0
family_ablation,gemma4:12b,all_crops,all,USB_Male,0.98,4,4,4,1.0,1.0,40,1,1,0.025,0.025,4,4,4,1.0,1.0
family_ablation,gemma4:12b,all_crops,all,USB_Male,0.99,4,4,4,1.0,1.0,40,1,1,0.025,0.025,4,4,4,1.0,1.0
family_ablation,gemma4:12b,all_crops,all,USB_Male,0.995,4,4,4,1.0,1.0,40,1,1,0.025,0.025,4,4,4,1.0,1.0
family_ablation,gemma4:12b,all_crops,all,USB_Male,0.999,4,4,4,1.0,1.0,40,1,1,0.025,0.025,4,4,4,1.0,1.0
family_ablation,gemma4:12b,all_crops,all,USB_Male,0.9999,4,4,4,1.0,1.0,40,0,0,0.0,0.0,4,4,4,1.0,1.0
family_ablation,gemma4:12b,all_crops,all,USB_Male,0.99999,4,4,4,1.0,1.0,40,0,0,0.0,0.0,4,4,4,1.0,1.0
family_ablation,gemma4:12b,all_crops,all,USB_Male,0.999999,4,0,0,0.0,0.0,40,0,0,0.0,0.0,4,0,0,0.0,0.0
family_ablation,gemma4:12b,all_crops,all,DSUB_Male,0.4,4,4,4,1.0,1.0,40,10,10,0.25,0.25,4,4,4,1.0,1.0
family_ablation,gemma4:12b,all_crops,all,DSUB_Male,0.5,4,4,4,1.0,1.0,40,10,10,0.25,0.25,4,4,4,1.0,1.0
family_ablation,gemma4:12b,all_crops,all,DSUB_Male,0.6,4,4,4,1.0,1.0,40,10,10,0.25,0.25,4,4,4,1.0,1.0
family_ablation,gemma4:12b,all_crops,all,DSUB_Male,0.65,4,4,4,1.0,1.0,40,10,10,0.25,0.25,4,4,4,1.0,1.0
family_ablation,gemma4:12b,all_crops,all,DSUB_Male,0.7,4,4,4,1.0,1.0,40,10,10,0.25,0.25,4,4,4,1.0,1.0
family_ablation,gemma4:12b,all_crops,all,DSUB_Male,0.8,4,4,4,1.0,1.0,40,8,8,0.2,0.2,4,4,4,1.0,1.0
family_ablation,gemma4:12b,all_crops,all,DSUB_Male,0.9,4,4,4,1.0,1.0,40,8,8,0.2,0.2,4,4,4,1.0,1.0
family_ablation,gemma4:12b,all_crops,all,DSUB_Male,0.95,4,4,4,1.0,1.0,40,8,8,0.2,0.2,4,4,4,1.0,1.0
family_ablation,gemma4:12b,all_crops,all,DSUB_Male,0.97,4,4,4,1.0,1.0,40,7,7,0.175,0.175,4,4,4,1.0,1.0
family_ablation,gemma4:12b,all_crops,all,DSUB_Male,0.98,4,4,4,1.0,1.0,40,7,7,0.175,0.175,4,4,4,1.0,1.0
family_ablation,gemma4:12b,all_crops,all,DSUB_Male,0.99,4,4,4,1.0,1.0,40,7,7,0.175,0.175,4,4,4,1.0,1.0
family_ablation,gemma4:12b,all_crops,all,DSUB_Male,0.995,4,4,4,1.0,1.0,40,7,7,0.175,0.175,4,4,4,1.0,1.0
family_ablation,gemma4:12b,all_crops,all,DSUB_Male,0.999,4,4,4,1.0,1.0,40,5,5,0.125,0.125,4,4,4,1.0,1.0
family_ablation,gemma4:12b,all_crops,all,DSUB_Male,0.9999,4,4,4,1.0,1.0,40,4,4,0.1,0.1,4,4,4,1.0,1.0
family_ablation,gemma4:12b,all_crops,all,DSUB_Male,0.99999,4,3,3,0.75,0.75,40,1,1,0.025,0.025,4,3,3,0.75,0.75
family_ablation,gemma4:12b,all_crops,all,DSUB_Male,0.999999,4,0,0,0.0,0.0,40,0,0,0.0,0.0,4,0,0,0.0,0.0
family_ablation,gemma4:12b,autonomous_depth_only,original,gear,0.4,9,9,9,1.0,1.0,24,0,0,0.0,0.0,3,3,3,1.0,1.0
family_ablation,gemma4:12b,autonomous_depth_only,original,gear,0.5,9,9,9,1.0,1.0,24,0,0,0.0,0.0,3,3,3,1.0,1.0
family_ablation,gemma4:12b,autonomous_depth_only,original,gear,0.6,9,9,9,1.0,1.0,24,0,0,0.0,0.0,3,3,3,1.0,1.0
family_ablation,gemma4:12b,autonomous_depth_only,original,gear,0.65,9,9,9,1.0,1.0,24,0,0,0.0,0.0,3,3,3,1.0,1.0
family_ablation,gemma4:12b,autonomous_depth_only,original,gear,0.7,9,9,9,1.0,1.0,24,0,0,0.0,0.0,3,3,3,1.0,1.0
family_ablation,gemma4:12b,autonomous_depth_only,original,gear,0.8,9,9,9,1.0,1.0,24,0,0,0.0,0.0,3,3,3,1.0,1.0
family_ablation,gemma4:12b,autonomous_depth_only,original,gear,0.9,9,9,9,1.0,1.0,24,0,0,0.0,0.0,3,3,3,1.0,1.0
family_ablation,gemma4:12b,autonomous_depth_only,original,gear,0.95,9,9,9,1.0,1.0,24,0,0,0.0,0.0,3,3,3,1.0,1.0
family_ablation,gemma4:12b,autonomous_depth_only,original,gear,0.97,9,9,9,1.0,1.0,24,0,0,0.0,0.0,3,3,3,1.0,1.0
family_ablation,gemma4:12b,autonomous_depth_only,original,gear,0.98,9,9,9,1.0,1.0,24,0,0,0.0,0.0,3,3,3,1.0,1.0
family_ablation,gemma4:12b,autonomous_depth_only,original,gear,0.99,9,9,9,1.0,1.0,24,0,0,0.0,0.0,3,3,3,1.0,1.0
family_ablation,gemma4:12b,autonomous_depth_only,original,gear,0.995,9,9,9,1.0,1.0,24,0,0,0.0,0.0,3,3,3,1.0,1.0
family_ablation,gemma4:12b,autonomous_depth_only,original,gear,0.999,9,9,9,1.0,1.0,24,0,0,0.0,0.0,3,3,3,1.0,1.0
family_ablation,gemma4:12b,autonomous_depth_only,original,gear,0.9999,9,9,9,1.0,1.0,24,0,0,0.0,0.0,3,3,3,1.0,1.0
family_ablation,gemma4:12b,autonomous_depth_only,original,gear,0.99999,9,9,9,1.0,1.0,24,0,0,0.0,0.0,3,3,3,1.0,1.0
family_ablation,gemma4:12b,autonomous_depth_only,original,gear,0.999999,9,0,0,0.0,0.0,24,0,0,0.0,0.0,3,0,0,0.0,0.0
family_ablation,gemma4:12b,autonomous_depth_only,original,hex_nut,0.4,4,4,4,1.0,1.0,18,0,0,0.0,0.0,2,2,2,1.0,1.0
family_ablation,gemma4:12b,autonomous_depth_only,original,hex_nut,0.5,4,4,4,1.0,1.0,18,0,0,0.0,0.0,2,2,2,1.0,1.0
family_ablation,gemma4:12b,autonomous_depth_only,original,hex_nut,0.6,4,4,4,1.0,1.0,18,0,0,0.0,0.0,2,2,2,1.0,1.0
family_ablation,gemma4:12b,autonomous_depth_only,original,hex_nut,0.65,4,4,4,1.0,1.0,18,0,0,0.0,0.0,2,2,2,1.0,1.0
family_ablation,gemma4:12b,autonomous_depth_only,original,hex_nut,0.7,4,4,4,1.0,1.0,18,0,0,0.0,0.0,2,2,2,1.0,1.0
family_ablation,gemma4:12b,autonomous_depth_only,original,hex_nut,0.8,4,4,4,1.0,1.0,18,0,0,0.0,0.0,2,2,2,1.0,1.0
family_ablation,gemma4:12b,autonomous_depth_only,original,hex_nut,0.9,4,4,4,1.0,1.0,18,0,0,0.0,0.0,2,2,2,1.0,1.0
family_ablation,gemma4:12b,autonomous_depth_only,original,hex_nut,0.95,4,4,4,1.0,1.0,18,0,0,0.0,0.0,2,2,2,1.0,1.0
family_ablation,gemma4:12b,autonomous_depth_only,original,hex_nut,0.97,4,4,4,1.0,1.0,18,0,0,0.0,0.0,2,2,2,1.0,1.0
family_ablation,gemma4:12b,autonomous_depth_only,original,hex_nut,0.98,4,4,4,1.0,1.0,18,0,0,0.0,0.0,2,2,2,1.0,1.0
family_ablation,gemma4:12b,autonomous_depth_only,original,hex_nut,0.99,4,4,4,1.0,1.0,18,0,0,0.0,0.0,2,2,2,1.0,1.0
family_ablation,gemma4:12b,autonomous_depth_only,original,hex_nut,0.995,4,4,4,1.0,1.0,18,0,0,0.0,0.0,2,2,2,1.0,1.0
family_ablation,gemma4:12b,autonomous_depth_only,original,hex_nut,0.999,4,4,4,1.0,1.0,18,0,0,0.0,0.0,2,2,2,1.0,1.0
family_ablation,gemma4:12b,autonomous_depth_only,original,hex_nut,0.9999,4,4,4,1.0,1.0,18,0,0,0.0,0.0,2,2,2,1.0,1.0
family_ablation,gemma4:12b,autonomous_depth_only,original,hex_nut,0.99999,4,1,1,0.25,0.25,18,0,0,0.0,0.0,2,0,0,0.0,0.0
family_ablation,gemma4:12b,autonomous_depth_only,original,hex_nut,0.999999,4,0,0,0.0,0.0,18,0,0,0.0,0.0,2,0,0,0.0,0.0
family_ablation,gemma4:12b,autonomous_depth_only,original,round_pin,0.4,9,9,9,1.0,1.0,24,0,0,0.0,0.0,3,3,3,1.0,1.0
family_ablation,gemma4:12b,autonomous_depth_only,original,round_pin,0.5,9,9,9,1.0,1.0,24,0,0,0.0,0.0,3,3,3,1.0,1.0
family_ablation,gemma4:12b,autonomous_depth_only,original,round_pin,0.6,9,9,9,1.0,1.0,24,0,0,0.0,0.0,3,3,3,1.0,1.0
family_ablation,gemma4:12b,autonomous_depth_only,original,round_pin,0.65,9,9,9,1.0,1.0,24,0,0,0.0,0.0,3,3,3,1.0,1.0
family_ablation,gemma4:12b,autonomous_depth_only,original,round_pin,0.7,9,9,9,1.0,1.0,24,0,0,0.0,0.0,3,3,3,1.0,1.0
family_ablation,gemma4:12b,autonomous_depth_only,original,round_pin,0.8,9,9,9,1.0,1.0,24,0,0,0.0,0.0,3,3,3,1.0,1.0
family_ablation,gemma4:12b,autonomous_depth_only,original,round_pin,0.9,9,9,9,1.0,1.0,24,0,0,0.0,0.0,3,3,3,1.0,1.0
family_ablation,gemma4:12b,autonomous_depth_only,original,round_pin,0.95,9,9,9,1.0,1.0,24,0,0,0.0,0.0,3,3,3,1.0,1.0
family_ablation,gemma4:12b,autonomous_depth_only,original,round_pin,0.97,9,9,9,1.0,1.0,24,0,0,0.0,0.0,3,3,3,1.0,1.0
family_ablation,gemma4:12b,autonomous_depth_only,original,round_pin,0.98,9,9,9,1.0,1.0,24,0,0,0.0,0.0,3,3,3,1.0,1.0
family_ablation,gemma4:12b,autonomous_depth_only,original,round_pin,0.99,9,9,9,1.0,1.0,24,0,0,0.0,0.0,3,3,3,1.0,1.0
family_ablation,gemma4:12b,autonomous_depth_only,original,round_pin,0.995,9,9,9,1.0,1.0,24,0,0,0.0,0.0,3,3,3,1.0,1.0
family_ablation,gemma4:12b,autonomous_depth_only,original,round_pin,0.999,9,9,9,1.0,1.0,24,0,0,0.0,0.0,3,3,3,1.0,1.0
family_ablation,gemma4:12b,autonomous_depth_only,original,round_pin,0.9999,9,9,9,1.0,1.0,24,0,0,0.0,0.0,3,3,3,1.0,1.0
family_ablation,gemma4:12b,autonomous_depth_only,original,round_pin,0.99999,9,9,9,1.0,1.0,24,0,0,0.0,0.0,3,3,3,1.0,1.0
family_ablation,gemma4:12b,autonomous_depth_only,original,round_pin,0.999999,9,0,0,0.0,0.0,24,0,0,0.0,0.0,3,0,0,0.0,0.0
family_ablation,gemma4:12b,autonomous_depth_only,original,Waterproof_Male,0.4,1,1,1,1.0,1.0,10,2,2,0.2,0.2,1,1,1,1.0,1.0
family_ablation,gemma4:12b,autonomous_depth_only,original,Waterproof_Male,0.5,1,1,1,1.0,1.0,10,2,2,0.2,0.2,1,1,1,1.0,1.0
family_ablation,gemma4:12b,autonomous_depth_only,original,Waterproof_Male,0.6,1,1,1,1.0,1.0,10,2,2,0.2,0.2,1,1,1,1.0,1.0
family_ablation,gemma4:12b,autonomous_depth_only,original,Waterproof_Male,0.65,1,1,1,1.0,1.0,10,2,2,0.2,0.2,1,1,1,1.0,1.0
family_ablation,gemma4:12b,autonomous_depth_only,original,Waterproof_Male,0.7,1,1,1,1.0,1.0,10,1,1,0.1,0.1,1,1,1,1.0,1.0
family_ablation,gemma4:12b,autonomous_depth_only,original,Waterproof_Male,0.8,1,1,1,1.0,1.0,10,1,1,0.1,0.1,1,1,1,1.0,1.0
family_ablation,gemma4:12b,autonomous_depth_only,original,Waterproof_Male,0.9,1,1,1,1.0,1.0,10,1,1,0.1,0.1,1,1,1,1.0,1.0
family_ablation,gemma4:12b,autonomous_depth_only,original,Waterproof_Male,0.95,1,1,1,1.0,1.0,10,1,1,0.1,0.1,1,1,1,1.0,1.0
family_ablation,gemma4:12b,autonomous_depth_only,original,Waterproof_Male,0.97,1,1,1,1.0,1.0,10,1,1,0.1,0.1,1,1,1,1.0,1.0
family_ablation,gemma4:12b,autonomous_depth_only,original,Waterproof_Male,0.98,1,1,1,1.0,1.0,10,1,1,0.1,0.1,1,1,1,1.0,1.0
family_ablation,gemma4:12b,autonomous_depth_only,original,Waterproof_Male,0.99,1,1,1,1.0,1.0,10,1,1,0.1,0.1,1,1,1,1.0,1.0
family_ablation,gemma4:12b,autonomous_depth_only,original,Waterproof_Male,0.995,1,1,1,1.0,1.0,10,1,1,0.1,0.1,1,1,1,1.0,1.0
family_ablation,gemma4:12b,autonomous_depth_only,original,Waterproof_Male,0.999,1,1,1,1.0,1.0,10,1,1,0.1,0.1,1,1,1,1.0,1.0
family_ablation,gemma4:12b,autonomous_depth_only,original,Waterproof_Male,0.9999,1,1,1,1.0,1.0,10,1,1,0.1,0.1,1,1,1,1.0,1.0
family_ablation,gemma4:12b,autonomous_depth_only,original,Waterproof_Male,0.99999,1,1,1,1.0,1.0,10,1,1,0.1,0.1,1,1,1,1.0,1.0
family_ablation,gemma4:12b,autonomous_depth_only,original,Waterproof_Male,0.999999,1,0,0,0.0,0.0,10,0,0,0.0,0.0,1,0,0,0.0,0.0
family_ablation,gemma4:12b,autonomous_depth_only,original,USB_Male,0.4,1,1,1,1.0,1.0,10,1,1,0.1,0.1,1,1,1,1.0,1.0
family_ablation,gemma4:12b,autonomous_depth_only,original,USB_Male,0.5,1,1,1,1.0,1.0,10,1,1,0.1,0.1,1,1,1,1.0,1.0
family_ablation,gemma4:12b,autonomous_depth_only,original,USB_Male,0.6,1,1,1,1.0,1.0,10,1,1,0.1,0.1,1,1,1,1.0,1.0
family_ablation,gemma4:12b,autonomous_depth_only,original,USB_Male,0.65,1,1,1,1.0,1.0,10,1,1,0.1,0.1,1,1,1,1.0,1.0
family_ablation,gemma4:12b,autonomous_depth_only,original,USB_Male,0.7,1,1,1,1.0,1.0,10,1,1,0.1,0.1,1,1,1,1.0,1.0
family_ablation,gemma4:12b,autonomous_depth_only,original,USB_Male,0.8,1,1,1,1.0,1.0,10,1,1,0.1,0.1,1,1,1,1.0,1.0
family_ablation,gemma4:12b,autonomous_depth_only,original,USB_Male,0.9,1,1,1,1.0,1.0,10,1,1,0.1,0.1,1,1,1,1.0,1.0
family_ablation,gemma4:12b,autonomous_depth_only,original,USB_Male,0.95,1,1,1,1.0,1.0,10,1,1,0.1,0.1,1,1,1,1.0,1.0
family_ablation,gemma4:12b,autonomous_depth_only,original,USB_Male,0.97,1,1,1,1.0,1.0,10,1,1,0.1,0.1,1,1,1,1.0,1.0
family_ablation,gemma4:12b,autonomous_depth_only,original,USB_Male,0.98,1,1,1,1.0,1.0,10,1,1,0.1,0.1,1,1,1,1.0,1.0
family_ablation,gemma4:12b,autonomous_depth_only,original,USB_Male,0.99,1,1,1,1.0,1.0,10,1,1,0.1,0.1,1,1,1,1.0,1.0
family_ablation,gemma4:12b,autonomous_depth_only,original,USB_Male,0.995,1,1,1,1.0,1.0,10,1,1,0.1,0.1,1,1,1,1.0,1.0
family_ablation,gemma4:12b,autonomous_depth_only,original,USB_Male,0.999,1,1,1,1.0,1.0,10,1,1,0.1,0.1,1,1,1,1.0,1.0
family_ablation,gemma4:12b,autonomous_depth_only,original,USB_Male,0.9999,1,1,1,1.0,1.0,10,0,0,0.0,0.0,1,1,1,1.0,1.0
family_ablation,gemma4:12b,autonomous_depth_only,original,USB_Male,0.99999,1,1,1,1.0,1.0,10,0,0,0.0,0.0,1,1,1,1.0,1.0
family_ablation,gemma4:12b,autonomous_depth_only,original,USB_Male,0.999999,1,0,0,0.0,0.0,10,0,0,0.0,0.0,1,0,0,0.0,0.0
family_ablation,gemma4:12b,autonomous_depth_only,original,DSUB_Male,0.4,1,1,1,1.0,1.0,10,2,2,0.2,0.2,1,1,1,1.0,1.0
family_ablation,gemma4:12b,autonomous_depth_only,original,DSUB_Male,0.5,1,1,1,1.0,1.0,10,2,2,0.2,0.2,1,1,1,1.0,1.0
family_ablation,gemma4:12b,autonomous_depth_only,original,DSUB_Male,0.6,1,1,1,1.0,1.0,10,2,2,0.2,0.2,1,1,1,1.0,1.0
family_ablation,gemma4:12b,autonomous_depth_only,original,DSUB_Male,0.65,1,1,1,1.0,1.0,10,2,2,0.2,0.2,1,1,1,1.0,1.0
family_ablation,gemma4:12b,autonomous_depth_only,original,DSUB_Male,0.7,1,1,1,1.0,1.0,10,2,2,0.2,0.2,1,1,1,1.0,1.0
family_ablation,gemma4:12b,autonomous_depth_only,original,DSUB_Male,0.8,1,1,1,1.0,1.0,10,2,2,0.2,0.2,1,1,1,1.0,1.0
family_ablation,gemma4:12b,autonomous_depth_only,original,DSUB_Male,0.9,1,1,1,1.0,1.0,10,2,2,0.2,0.2,1,1,1,1.0,1.0
family_ablation,gemma4:12b,autonomous_depth_only,original,DSUB_Male,0.95,1,1,1,1.0,1.0,10,2,2,0.2,0.2,1,1,1,1.0,1.0
family_ablation,gemma4:12b,autonomous_depth_only,original,DSUB_Male,0.97,1,1,1,1.0,1.0,10,2,2,0.2,0.2,1,1,1,1.0,1.0
family_ablation,gemma4:12b,autonomous_depth_only,original,DSUB_Male,0.98,1,1,1,1.0,1.0,10,2,2,0.2,0.2,1,1,1,1.0,1.0
family_ablation,gemma4:12b,autonomous_depth_only,original,DSUB_Male,0.99,1,1,1,1.0,1.0,10,2,2,0.2,0.2,1,1,1,1.0,1.0
family_ablation,gemma4:12b,autonomous_depth_only,original,DSUB_Male,0.995,1,1,1,1.0,1.0,10,2,2,0.2,0.2,1,1,1,1.0,1.0
family_ablation,gemma4:12b,autonomous_depth_only,original,DSUB_Male,0.999,1,1,1,1.0,1.0,10,1,1,0.1,0.1,1,1,1,1.0,1.0
family_ablation,gemma4:12b,autonomous_depth_only,original,DSUB_Male,0.9999,1,1,1,1.0,1.0,10,1,1,0.1,0.1,1,1,1,1.0,1.0
family_ablation,gemma4:12b,autonomous_depth_only,original,DSUB_Male,0.99999,1,1,1,1.0,1.0,10,0,0,0.0,0.0,1,1,1,1.0,1.0
family_ablation,gemma4:12b,autonomous_depth_only,original,DSUB_Male,0.999999,1,0,0,0.0,0.0,10,0,0,0.0,0.0,1,0,0,0.0,0.0
family_ablation,gemma4:12b,autonomous_depth_only,state_101,gear,0.4,9,9,9,1.0,1.0,21,3,3,0.14285714285714285,0.14285714285714285,3,3,3,1.0,1.0
family_ablation,gemma4:12b,autonomous_depth_only,state_101,gear,0.5,9,9,9,1.0,1.0,21,3,3,0.14285714285714285,0.14285714285714285,3,3,3,1.0,1.0
family_ablation,gemma4:12b,autonomous_depth_only,state_101,gear,0.6,9,9,9,1.0,1.0,21,3,3,0.14285714285714285,0.14285714285714285,3,3,3,1.0,1.0
family_ablation,gemma4:12b,autonomous_depth_only,state_101,gear,0.65,9,9,9,1.0,1.0,21,3,3,0.14285714285714285,0.14285714285714285,3,3,3,1.0,1.0
family_ablation,gemma4:12b,autonomous_depth_only,state_101,gear,0.7,9,9,9,1.0,1.0,21,3,3,0.14285714285714285,0.14285714285714285,3,3,3,1.0,1.0
family_ablation,gemma4:12b,autonomous_depth_only,state_101,gear,0.8,9,9,9,1.0,1.0,21,0,0,0.0,0.0,3,3,3,1.0,1.0
family_ablation,gemma4:12b,autonomous_depth_only,state_101,gear,0.9,9,9,9,1.0,1.0,21,0,0,0.0,0.0,3,3,3,1.0,1.0
family_ablation,gemma4:12b,autonomous_depth_only,state_101,gear,0.95,9,9,9,1.0,1.0,21,0,0,0.0,0.0,3,3,3,1.0,1.0
family_ablation,gemma4:12b,autonomous_depth_only,state_101,gear,0.97,9,9,9,1.0,1.0,21,0,0,0.0,0.0,3,3,3,1.0,1.0
family_ablation,gemma4:12b,autonomous_depth_only,state_101,gear,0.98,9,9,9,1.0,1.0,21,0,0,0.0,0.0,3,3,3,1.0,1.0
family_ablation,gemma4:12b,autonomous_depth_only,state_101,gear,0.99,9,9,9,1.0,1.0,21,0,0,0.0,0.0,3,3,3,1.0,1.0
family_ablation,gemma4:12b,autonomous_depth_only,state_101,gear,0.995,9,9,9,1.0,1.0,21,0,0,0.0,0.0,3,3,3,1.0,1.0
family_ablation,gemma4:12b,autonomous_depth_only,state_101,gear,0.999,9,9,9,1.0,1.0,21,0,0,0.0,0.0,3,3,3,1.0,1.0
family_ablation,gemma4:12b,autonomous_depth_only,state_101,gear,0.9999,9,9,9,1.0,1.0,21,0,0,0.0,0.0,3,3,3,1.0,1.0
family_ablation,gemma4:12b,autonomous_depth_only,state_101,gear,0.99999,9,9,9,1.0,1.0,21,0,0,0.0,0.0,3,3,3,1.0,1.0
family_ablation,gemma4:12b,autonomous_depth_only,state_101,gear,0.999999,9,0,0,0.0,0.0,21,0,0,0.0,0.0,3,0,0,0.0,0.0
family_ablation,gemma4:12b,autonomous_depth_only,state_101,hex_nut,0.4,4,4,4,1.0,1.0,16,0,0,0.0,0.0,2,2,2,1.0,1.0
family_ablation,gemma4:12b,autonomous_depth_only,state_101,hex_nut,0.5,4,4,4,1.0,1.0,16,0,0,0.0,0.0,2,2,2,1.0,1.0
family_ablation,gemma4:12b,autonomous_depth_only,state_101,hex_nut,0.6,4,4,4,1.0,1.0,16,0,0,0.0,0.0,2,2,2,1.0,1.0
family_ablation,gemma4:12b,autonomous_depth_only,state_101,hex_nut,0.65,4,4,4,1.0,1.0,16,0,0,0.0,0.0,2,2,2,1.0,1.0
family_ablation,gemma4:12b,autonomous_depth_only,state_101,hex_nut,0.7,4,4,4,1.0,1.0,16,0,0,0.0,0.0,2,2,2,1.0,1.0
family_ablation,gemma4:12b,autonomous_depth_only,state_101,hex_nut,0.8,4,4,4,1.0,1.0,16,0,0,0.0,0.0,2,2,2,1.0,1.0
family_ablation,gemma4:12b,autonomous_depth_only,state_101,hex_nut,0.9,4,4,4,1.0,1.0,16,0,0,0.0,0.0,2,2,2,1.0,1.0
family_ablation,gemma4:12b,autonomous_depth_only,state_101,hex_nut,0.95,4,4,4,1.0,1.0,16,0,0,0.0,0.0,2,2,2,1.0,1.0
family_ablation,gemma4:12b,autonomous_depth_only,state_101,hex_nut,0.97,4,4,4,1.0,1.0,16,0,0,0.0,0.0,2,2,2,1.0,1.0
family_ablation,gemma4:12b,autonomous_depth_only,state_101,hex_nut,0.98,4,4,4,1.0,1.0,16,0,0,0.0,0.0,2,2,2,1.0,1.0
family_ablation,gemma4:12b,autonomous_depth_only,state_101,hex_nut,0.99,4,2,2,0.5,0.5,16,0,0,0.0,0.0,2,1,1,0.5,0.5
family_ablation,gemma4:12b,autonomous_depth_only,state_101,hex_nut,0.995,4,2,2,0.5,0.5,16,0,0,0.0,0.0,2,1,1,0.5,0.5
family_ablation,gemma4:12b,autonomous_depth_only,state_101,hex_nut,0.999,4,2,2,0.5,0.5,16,0,0,0.0,0.0,2,1,1,0.5,0.5
family_ablation,gemma4:12b,autonomous_depth_only,state_101,hex_nut,0.9999,4,2,2,0.5,0.5,16,0,0,0.0,0.0,2,1,1,0.5,0.5
family_ablation,gemma4:12b,autonomous_depth_only,state_101,hex_nut,0.99999,4,0,0,0.0,0.0,16,0,0,0.0,0.0,2,0,0,0.0,0.0
family_ablation,gemma4:12b,autonomous_depth_only,state_101,hex_nut,0.999999,4,0,0,0.0,0.0,16,0,0,0.0,0.0,2,0,0,0.0,0.0
family_ablation,gemma4:12b,autonomous_depth_only,state_101,round_pin,0.4,9,9,9,1.0,1.0,21,0,0,0.0,0.0,3,3,3,1.0,1.0
family_ablation,gemma4:12b,autonomous_depth_only,state_101,round_pin,0.5,9,9,9,1.0,1.0,21,0,0,0.0,0.0,3,3,3,1.0,1.0
family_ablation,gemma4:12b,autonomous_depth_only,state_101,round_pin,0.6,9,9,9,1.0,1.0,21,0,0,0.0,0.0,3,3,3,1.0,1.0
family_ablation,gemma4:12b,autonomous_depth_only,state_101,round_pin,0.65,9,9,9,1.0,1.0,21,0,0,0.0,0.0,3,3,3,1.0,1.0
family_ablation,gemma4:12b,autonomous_depth_only,state_101,round_pin,0.7,9,9,9,1.0,1.0,21,0,0,0.0,0.0,3,3,3,1.0,1.0
family_ablation,gemma4:12b,autonomous_depth_only,state_101,round_pin,0.8,9,9,9,1.0,1.0,21,0,0,0.0,0.0,3,3,3,1.0,1.0
family_ablation,gemma4:12b,autonomous_depth_only,state_101,round_pin,0.9,9,9,9,1.0,1.0,21,0,0,0.0,0.0,3,3,3,1.0,1.0
family_ablation,gemma4:12b,autonomous_depth_only,state_101,round_pin,0.95,9,9,9,1.0,1.0,21,0,0,0.0,0.0,3,3,3,1.0,1.0
family_ablation,gemma4:12b,autonomous_depth_only,state_101,round_pin,0.97,9,9,9,1.0,1.0,21,0,0,0.0,0.0,3,3,3,1.0,1.0
family_ablation,gemma4:12b,autonomous_depth_only,state_101,round_pin,0.98,9,9,9,1.0,1.0,21,0,0,0.0,0.0,3,3,3,1.0,1.0
family_ablation,gemma4:12b,autonomous_depth_only,state_101,round_pin,0.99,9,9,9,1.0,1.0,21,0,0,0.0,0.0,3,3,3,1.0,1.0
family_ablation,gemma4:12b,autonomous_depth_only,state_101,round_pin,0.995,9,9,9,1.0,1.0,21,0,0,0.0,0.0,3,3,3,1.0,1.0
family_ablation,gemma4:12b,autonomous_depth_only,state_101,round_pin,0.999,9,9,9,1.0,1.0,21,0,0,0.0,0.0,3,3,3,1.0,1.0
family_ablation,gemma4:12b,autonomous_depth_only,state_101,round_pin,0.9999,9,9,9,1.0,1.0,21,0,0,0.0,0.0,3,3,3,1.0,1.0
family_ablation,gemma4:12b,autonomous_depth_only,state_101,round_pin,0.99999,9,9,9,1.0,1.0,21,0,0,0.0,0.0,3,3,3,1.0,1.0
family_ablation,gemma4:12b,autonomous_depth_only,state_101,round_pin,0.999999,9,0,0,0.0,0.0,21,0,0,0.0,0.0,3,0,0,0.0,0.0
family_ablation,gemma4:12b,autonomous_depth_only,state_101,Waterproof_Male,0.4,1,1,1,1.0,1.0,9,3,3,0.3333333333333333,0.3333333333333333,1,1,1,1.0,1.0
family_ablation,gemma4:12b,autonomous_depth_only,state_101,Waterproof_Male,0.5,1,1,1,1.0,1.0,9,2,2,0.2222222222222222,0.2222222222222222,1,1,1,1.0,1.0
family_ablation,gemma4:12b,autonomous_depth_only,state_101,Waterproof_Male,0.6,1,1,1,1.0,1.0,9,2,2,0.2222222222222222,0.2222222222222222,1,1,1,1.0,1.0
family_ablation,gemma4:12b,autonomous_depth_only,state_101,Waterproof_Male,0.65,1,1,1,1.0,1.0,9,2,2,0.2222222222222222,0.2222222222222222,1,1,1,1.0,1.0
family_ablation,gemma4:12b,autonomous_depth_only,state_101,Waterproof_Male,0.7,1,1,1,1.0,1.0,9,2,2,0.2222222222222222,0.2222222222222222,1,1,1,1.0,1.0
family_ablation,gemma4:12b,autonomous_depth_only,state_101,Waterproof_Male,0.8,1,1,1,1.0,1.0,9,2,2,0.2222222222222222,0.2222222222222222,1,1,1,1.0,1.0
family_ablation,gemma4:12b,autonomous_depth_only,state_101,Waterproof_Male,0.9,1,1,1,1.0,1.0,9,2,2,0.2222222222222222,0.2222222222222222,1,1,1,1.0,1.0
family_ablation,gemma4:12b,autonomous_depth_only,state_101,Waterproof_Male,0.95,1,1,1,1.0,1.0,9,1,1,0.1111111111111111,0.1111111111111111,1,1,1,1.0,1.0
family_ablation,gemma4:12b,autonomous_depth_only,state_101,Waterproof_Male,0.97,1,1,1,1.0,1.0,9,1,1,0.1111111111111111,0.1111111111111111,1,1,1,1.0,1.0
family_ablation,gemma4:12b,autonomous_depth_only,state_101,Waterproof_Male,0.98,1,1,1,1.0,1.0,9,1,1,0.1111111111111111,0.1111111111111111,1,1,1,1.0,1.0
family_ablation,gemma4:12b,autonomous_depth_only,state_101,Waterproof_Male,0.99,1,1,1,1.0,1.0,9,1,1,0.1111111111111111,0.1111111111111111,1,1,1,1.0,1.0
family_ablation,gemma4:12b,autonomous_depth_only,state_101,Waterproof_Male,0.995,1,1,1,1.0,1.0,9,0,0,0.0,0.0,1,1,1,1.0,1.0
family_ablation,gemma4:12b,autonomous_depth_only,state_101,Waterproof_Male,0.999,1,1,1,1.0,1.0,9,0,0,0.0,0.0,1,1,1,1.0,1.0
family_ablation,gemma4:12b,autonomous_depth_only,state_101,Waterproof_Male,0.9999,1,1,1,1.0,1.0,9,0,0,0.0,0.0,1,1,1,1.0,1.0
family_ablation,gemma4:12b,autonomous_depth_only,state_101,Waterproof_Male,0.99999,1,1,1,1.0,1.0,9,0,0,0.0,0.0,1,1,1,1.0,1.0
family_ablation,gemma4:12b,autonomous_depth_only,state_101,Waterproof_Male,0.999999,1,0,0,0.0,0.0,9,0,0,0.0,0.0,1,0,0,0.0,0.0
family_ablation,gemma4:12b,autonomous_depth_only,state_101,DSUB_Male,0.4,1,1,1,1.0,1.0,9,2,2,0.2222222222222222,0.2222222222222222,1,1,1,1.0,1.0
family_ablation,gemma4:12b,autonomous_depth_only,state_101,DSUB_Male,0.5,1,1,1,1.0,1.0,9,2,2,0.2222222222222222,0.2222222222222222,1,1,1,1.0,1.0
family_ablation,gemma4:12b,autonomous_depth_only,state_101,DSUB_Male,0.6,1,1,1,1.0,1.0,9,2,2,0.2222222222222222,0.2222222222222222,1,1,1,1.0,1.0
family_ablation,gemma4:12b,autonomous_depth_only,state_101,DSUB_Male,0.65,1,1,1,1.0,1.0,9,2,2,0.2222222222222222,0.2222222222222222,1,1,1,1.0,1.0
family_ablation,gemma4:12b,autonomous_depth_only,state_101,DSUB_Male,0.7,1,1,1,1.0,1.0,9,2,2,0.2222222222222222,0.2222222222222222,1,1,1,1.0,1.0
family_ablation,gemma4:12b,autonomous_depth_only,state_101,DSUB_Male,0.8,1,1,1,1.0,1.0,9,1,1,0.1111111111111111,0.1111111111111111,1,1,1,1.0,1.0
family_ablation,gemma4:12b,autonomous_depth_only,state_101,DSUB_Male,0.9,1,1,1,1.0,1.0,9,1,1,0.1111111111111111,0.1111111111111111,1,1,1,1.0,1.0
family_ablation,gemma4:12b,autonomous_depth_only,state_101,DSUB_Male,0.95,1,1,1,1.0,1.0,9,1,1,0.1111111111111111,0.1111111111111111,1,1,1,1.0,1.0
family_ablation,gemma4:12b,autonomous_depth_only,state_101,DSUB_Male,0.97,1,1,1,1.0,1.0,9,1,1,0.1111111111111111,0.1111111111111111,1,1,1,1.0,1.0
family_ablation,gemma4:12b,autonomous_depth_only,state_101,DSUB_Male,0.98,1,1,1,1.0,1.0,9,1,1,0.1111111111111111,0.1111111111111111,1,1,1,1.0,1.0
family_ablation,gemma4:12b,autonomous_depth_only,state_101,DSUB_Male,0.99,1,1,1,1.0,1.0,9,1,1,0.1111111111111111,0.1111111111111111,1,1,1,1.0,1.0
family_ablation,gemma4:12b,autonomous_depth_only,state_101,DSUB_Male,0.995,1,1,1,1.0,1.0,9,1,1,0.1111111111111111,0.1111111111111111,1,1,1,1.0,1.0
family_ablation,gemma4:12b,autonomous_depth_only,state_101,DSUB_Male,0.999,1,1,1,1.0,1.0,9,1,1,0.1111111111111111,0.1111111111111111,1,1,1,1.0,1.0
family_ablation,gemma4:12b,autonomous_depth_only,state_101,DSUB_Male,0.9999,1,1,1,1.0,1.0,9,0,0,0.0,0.0,1,1,1,1.0,1.0
family_ablation,gemma4:12b,autonomous_depth_only,state_101,DSUB_Male,0.99999,1,0,0,0.0,0.0,9,0,0,0.0,0.0,1,0,0,0.0,0.0
family_ablation,gemma4:12b,autonomous_depth_only,state_101,DSUB_Male,0.999999,1,0,0,0.0,0.0,9,0,0,0.0,0.0,1,0,0,0.0,0.0
family_ablation,gemma4:12b,autonomous_depth_only,state_202,gear,0.4,9,9,9,1.0,1.0,24,0,0,0.0,0.0,3,3,3,1.0,1.0
family_ablation,gemma4:12b,autonomous_depth_only,state_202,gear,0.5,9,9,9,1.0,1.0,24,0,0,0.0,0.0,3,3,3,1.0,1.0
family_ablation,gemma4:12b,autonomous_depth_only,state_202,gear,0.6,9,9,9,1.0,1.0,24,0,0,0.0,0.0,3,3,3,1.0,1.0
family_ablation,gemma4:12b,autonomous_depth_only,state_202,gear,0.65,9,9,9,1.0,1.0,24,0,0,0.0,0.0,3,3,3,1.0,1.0
family_ablation,gemma4:12b,autonomous_depth_only,state_202,gear,0.7,9,9,9,1.0,1.0,24,0,0,0.0,0.0,3,3,3,1.0,1.0
family_ablation,gemma4:12b,autonomous_depth_only,state_202,gear,0.8,9,9,9,1.0,1.0,24,0,0,0.0,0.0,3,3,3,1.0,1.0
family_ablation,gemma4:12b,autonomous_depth_only,state_202,gear,0.9,9,9,9,1.0,1.0,24,0,0,0.0,0.0,3,3,3,1.0,1.0
family_ablation,gemma4:12b,autonomous_depth_only,state_202,gear,0.95,9,9,9,1.0,1.0,24,0,0,0.0,0.0,3,3,3,1.0,1.0
family_ablation,gemma4:12b,autonomous_depth_only,state_202,gear,0.97,9,9,9,1.0,1.0,24,0,0,0.0,0.0,3,3,3,1.0,1.0
family_ablation,gemma4:12b,autonomous_depth_only,state_202,gear,0.98,9,9,9,1.0,1.0,24,0,0,0.0,0.0,3,3,3,1.0,1.0
family_ablation,gemma4:12b,autonomous_depth_only,state_202,gear,0.99,9,9,9,1.0,1.0,24,0,0,0.0,0.0,3,3,3,1.0,1.0
family_ablation,gemma4:12b,autonomous_depth_only,state_202,gear,0.995,9,9,9,1.0,1.0,24,0,0,0.0,0.0,3,3,3,1.0,1.0
family_ablation,gemma4:12b,autonomous_depth_only,state_202,gear,0.999,9,9,9,1.0,1.0,24,0,0,0.0,0.0,3,3,3,1.0,1.0
family_ablation,gemma4:12b,autonomous_depth_only,state_202,gear,0.9999,9,9,9,1.0,1.0,24,0,0,0.0,0.0,3,3,3,1.0,1.0
family_ablation,gemma4:12b,autonomous_depth_only,state_202,gear,0.99999,9,9,9,1.0,1.0,24,0,0,0.0,0.0,3,3,3,1.0,1.0
family_ablation,gemma4:12b,autonomous_depth_only,state_202,gear,0.999999,9,0,0,0.0,0.0,24,0,0,0.0,0.0,3,0,0,0.0,0.0
family_ablation,gemma4:12b,autonomous_depth_only,state_202,hex_nut,0.4,4,4,4,1.0,1.0,18,0,0,0.0,0.0,2,2,2,1.0,1.0
family_ablation,gemma4:12b,autonomous_depth_only,state_202,hex_nut,0.5,4,4,4,1.0,1.0,18,0,0,0.0,0.0,2,2,2,1.0,1.0
family_ablation,gemma4:12b,autonomous_depth_only,state_202,hex_nut,0.6,4,4,4,1.0,1.0,18,0,0,0.0,0.0,2,2,2,1.0,1.0
family_ablation,gemma4:12b,autonomous_depth_only,state_202,hex_nut,0.65,4,4,4,1.0,1.0,18,0,0,0.0,0.0,2,2,2,1.0,1.0
family_ablation,gemma4:12b,autonomous_depth_only,state_202,hex_nut,0.7,4,4,4,1.0,1.0,18,0,0,0.0,0.0,2,2,2,1.0,1.0
family_ablation,gemma4:12b,autonomous_depth_only,state_202,hex_nut,0.8,4,4,4,1.0,1.0,18,0,0,0.0,0.0,2,2,2,1.0,1.0
family_ablation,gemma4:12b,autonomous_depth_only,state_202,hex_nut,0.9,4,4,4,1.0,1.0,18,0,0,0.0,0.0,2,2,2,1.0,1.0
family_ablation,gemma4:12b,autonomous_depth_only,state_202,hex_nut,0.95,4,4,4,1.0,1.0,18,0,0,0.0,0.0,2,2,2,1.0,1.0
family_ablation,gemma4:12b,autonomous_depth_only,state_202,hex_nut,0.97,4,4,4,1.0,1.0,18,0,0,0.0,0.0,2,2,2,1.0,1.0
family_ablation,gemma4:12b,autonomous_depth_only,state_202,hex_nut,0.98,4,4,4,1.0,1.0,18,0,0,0.0,0.0,2,2,2,1.0,1.0
family_ablation,gemma4:12b,autonomous_depth_only,state_202,hex_nut,0.99,4,4,4,1.0,1.0,18,0,0,0.0,0.0,2,2,2,1.0,1.0
family_ablation,gemma4:12b,autonomous_depth_only,state_202,hex_nut,0.995,4,4,4,1.0,1.0,18,0,0,0.0,0.0,2,2,2,1.0,1.0
family_ablation,gemma4:12b,autonomous_depth_only,state_202,hex_nut,0.999,4,4,4,1.0,1.0,18,0,0,0.0,0.0,2,2,2,1.0,1.0
family_ablation,gemma4:12b,autonomous_depth_only,state_202,hex_nut,0.9999,4,4,4,1.0,1.0,18,0,0,0.0,0.0,2,2,2,1.0,1.0
family_ablation,gemma4:12b,autonomous_depth_only,state_202,hex_nut,0.99999,4,1,1,0.25,0.25,18,0,0,0.0,0.0,2,1,1,0.5,0.5
family_ablation,gemma4:12b,autonomous_depth_only,state_202,hex_nut,0.999999,4,0,0,0.0,0.0,18,0,0,0.0,0.0,2,0,0,0.0,0.0
family_ablation,gemma4:12b,autonomous_depth_only,state_202,round_pin,0.4,9,9,9,1.0,1.0,24,0,0,0.0,0.0,3,3,3,1.0,1.0
family_ablation,gemma4:12b,autonomous_depth_only,state_202,round_pin,0.5,9,9,9,1.0,1.0,24,0,0,0.0,0.0,3,3,3,1.0,1.0
family_ablation,gemma4:12b,autonomous_depth_only,state_202,round_pin,0.6,9,9,9,1.0,1.0,24,0,0,0.0,0.0,3,3,3,1.0,1.0
family_ablation,gemma4:12b,autonomous_depth_only,state_202,round_pin,0.65,9,9,9,1.0,1.0,24,0,0,0.0,0.0,3,3,3,1.0,1.0
family_ablation,gemma4:12b,autonomous_depth_only,state_202,round_pin,0.7,9,9,9,1.0,1.0,24,0,0,0.0,0.0,3,3,3,1.0,1.0
family_ablation,gemma4:12b,autonomous_depth_only,state_202,round_pin,0.8,9,9,9,1.0,1.0,24,0,0,0.0,0.0,3,3,3,1.0,1.0
family_ablation,gemma4:12b,autonomous_depth_only,state_202,round_pin,0.9,9,9,9,1.0,1.0,24,0,0,0.0,0.0,3,3,3,1.0,1.0
family_ablation,gemma4:12b,autonomous_depth_only,state_202,round_pin,0.95,9,9,9,1.0,1.0,24,0,0,0.0,0.0,3,3,3,1.0,1.0
family_ablation,gemma4:12b,autonomous_depth_only,state_202,round_pin,0.97,9,9,9,1.0,1.0,24,0,0,0.0,0.0,3,3,3,1.0,1.0
family_ablation,gemma4:12b,autonomous_depth_only,state_202,round_pin,0.98,9,9,9,1.0,1.0,24,0,0,0.0,0.0,3,3,3,1.0,1.0
family_ablation,gemma4:12b,autonomous_depth_only,state_202,round_pin,0.99,9,9,9,1.0,1.0,24,0,0,0.0,0.0,3,3,3,1.0,1.0
family_ablation,gemma4:12b,autonomous_depth_only,state_202,round_pin,0.995,9,9,9,1.0,1.0,24,0,0,0.0,0.0,3,3,3,1.0,1.0
family_ablation,gemma4:12b,autonomous_depth_only,state_202,round_pin,0.999,9,9,9,1.0,1.0,24,0,0,0.0,0.0,3,3,3,1.0,1.0
family_ablation,gemma4:12b,autonomous_depth_only,state_202,round_pin,0.9999,9,9,9,1.0,1.0,24,0,0,0.0,0.0,3,3,3,1.0,1.0
family_ablation,gemma4:12b,autonomous_depth_only,state_202,round_pin,0.99999,9,9,9,1.0,1.0,24,0,0,0.0,0.0,3,3,3,1.0,1.0
family_ablation,gemma4:12b,autonomous_depth_only,state_202,round_pin,0.999999,9,0,0,0.0,0.0,24,0,0,0.0,0.0,3,0,0,0.0,0.0
family_ablation,gemma4:12b,autonomous_depth_only,state_202,Waterproof_Male,0.4,1,1,1,1.0,1.0,10,3,3,0.3,0.3,1,1,1,1.0,1.0
family_ablation,gemma4:12b,autonomous_depth_only,state_202,Waterproof_Male,0.5,1,1,1,1.0,1.0,10,3,3,0.3,0.3,1,1,1,1.0,1.0
family_ablation,gemma4:12b,autonomous_depth_only,state_202,Waterproof_Male,0.6,1,1,1,1.0,1.0,10,3,3,0.3,0.3,1,1,1,1.0,1.0
family_ablation,gemma4:12b,autonomous_depth_only,state_202,Waterproof_Male,0.65,1,1,1,1.0,1.0,10,3,3,0.3,0.3,1,1,1,1.0,1.0
family_ablation,gemma4:12b,autonomous_depth_only,state_202,Waterproof_Male,0.7,1,1,1,1.0,1.0,10,3,3,0.3,0.3,1,1,1,1.0,1.0
family_ablation,gemma4:12b,autonomous_depth_only,state_202,Waterproof_Male,0.8,1,1,1,1.0,1.0,10,3,3,0.3,0.3,1,1,1,1.0,1.0
family_ablation,gemma4:12b,autonomous_depth_only,state_202,Waterproof_Male,0.9,1,1,1,1.0,1.0,10,2,2,0.2,0.2,1,1,1,1.0,1.0
family_ablation,gemma4:12b,autonomous_depth_only,state_202,Waterproof_Male,0.95,1,1,1,1.0,1.0,10,2,2,0.2,0.2,1,1,1,1.0,1.0
family_ablation,gemma4:12b,autonomous_depth_only,state_202,Waterproof_Male,0.97,1,1,1,1.0,1.0,10,2,2,0.2,0.2,1,1,1,1.0,1.0
family_ablation,gemma4:12b,autonomous_depth_only,state_202,Waterproof_Male,0.98,1,1,1,1.0,1.0,10,2,2,0.2,0.2,1,1,1,1.0,1.0
family_ablation,gemma4:12b,autonomous_depth_only,state_202,Waterproof_Male,0.99,1,1,1,1.0,1.0,10,2,2,0.2,0.2,1,1,1,1.0,1.0
family_ablation,gemma4:12b,autonomous_depth_only,state_202,Waterproof_Male,0.995,1,1,1,1.0,1.0,10,2,2,0.2,0.2,1,1,1,1.0,1.0
family_ablation,gemma4:12b,autonomous_depth_only,state_202,Waterproof_Male,0.999,1,1,1,1.0,1.0,10,2,2,0.2,0.2,1,1,1,1.0,1.0
family_ablation,gemma4:12b,autonomous_depth_only,state_202,Waterproof_Male,0.9999,1,1,1,1.0,1.0,10,1,1,0.1,0.1,1,1,1,1.0,1.0
family_ablation,gemma4:12b,autonomous_depth_only,state_202,Waterproof_Male,0.99999,1,1,1,1.0,1.0,10,1,1,0.1,0.1,1,1,1,1.0,1.0
family_ablation,gemma4:12b,autonomous_depth_only,state_202,Waterproof_Male,0.999999,1,0,0,0.0,0.0,10,0,0,0.0,0.0,1,0,0,0.0,0.0
family_ablation,gemma4:12b,autonomous_depth_only,state_202,USB_Male,0.4,1,1,1,1.0,1.0,10,0,0,0.0,0.0,1,1,1,1.0,1.0
family_ablation,gemma4:12b,autonomous_depth_only,state_202,USB_Male,0.5,1,1,1,1.0,1.0,10,0,0,0.0,0.0,1,1,1,1.0,1.0
family_ablation,gemma4:12b,autonomous_depth_only,state_202,USB_Male,0.6,1,1,1,1.0,1.0,10,0,0,0.0,0.0,1,1,1,1.0,1.0
family_ablation,gemma4:12b,autonomous_depth_only,state_202,USB_Male,0.65,1,1,1,1.0,1.0,10,0,0,0.0,0.0,1,1,1,1.0,1.0
family_ablation,gemma4:12b,autonomous_depth_only,state_202,USB_Male,0.7,1,1,1,1.0,1.0,10,0,0,0.0,0.0,1,1,1,1.0,1.0
family_ablation,gemma4:12b,autonomous_depth_only,state_202,USB_Male,0.8,1,1,1,1.0,1.0,10,0,0,0.0,0.0,1,1,1,1.0,1.0
family_ablation,gemma4:12b,autonomous_depth_only,state_202,USB_Male,0.9,1,1,1,1.0,1.0,10,0,0,0.0,0.0,1,1,1,1.0,1.0
family_ablation,gemma4:12b,autonomous_depth_only,state_202,USB_Male,0.95,1,1,1,1.0,1.0,10,0,0,0.0,0.0,1,1,1,1.0,1.0
family_ablation,gemma4:12b,autonomous_depth_only,state_202,USB_Male,0.97,1,1,1,1.0,1.0,10,0,0,0.0,0.0,1,1,1,1.0,1.0
family_ablation,gemma4:12b,autonomous_depth_only,state_202,USB_Male,0.98,1,1,1,1.0,1.0,10,0,0,0.0,0.0,1,1,1,1.0,1.0
family_ablation,gemma4:12b,autonomous_depth_only,state_202,USB_Male,0.99,1,1,1,1.0,1.0,10,0,0,0.0,0.0,1,1,1,1.0,1.0
family_ablation,gemma4:12b,autonomous_depth_only,state_202,USB_Male,0.995,1,1,1,1.0,1.0,10,0,0,0.0,0.0,1,1,1,1.0,1.0
family_ablation,gemma4:12b,autonomous_depth_only,state_202,USB_Male,0.999,1,1,1,1.0,1.0,10,0,0,0.0,0.0,1,1,1,1.0,1.0
family_ablation,gemma4:12b,autonomous_depth_only,state_202,USB_Male,0.9999,1,1,1,1.0,1.0,10,0,0,0.0,0.0,1,1,1,1.0,1.0
family_ablation,gemma4:12b,autonomous_depth_only,state_202,USB_Male,0.99999,1,1,1,1.0,1.0,10,0,0,0.0,0.0,1,1,1,1.0,1.0
family_ablation,gemma4:12b,autonomous_depth_only,state_202,USB_Male,0.999999,1,0,0,0.0,0.0,10,0,0,0.0,0.0,1,0,0,0.0,0.0
family_ablation,gemma4:12b,autonomous_depth_only,state_202,DSUB_Male,0.4,1,1,1,1.0,1.0,10,2,2,0.2,0.2,1,1,1,1.0,1.0
family_ablation,gemma4:12b,autonomous_depth_only,state_202,DSUB_Male,0.5,1,1,1,1.0,1.0,10,2,2,0.2,0.2,1,1,1,1.0,1.0
family_ablation,gemma4:12b,autonomous_depth_only,state_202,DSUB_Male,0.6,1,1,1,1.0,1.0,10,2,2,0.2,0.2,1,1,1,1.0,1.0
family_ablation,gemma4:12b,autonomous_depth_only,state_202,DSUB_Male,0.65,1,1,1,1.0,1.0,10,2,2,0.2,0.2,1,1,1,1.0,1.0
family_ablation,gemma4:12b,autonomous_depth_only,state_202,DSUB_Male,0.7,1,1,1,1.0,1.0,10,2,2,0.2,0.2,1,1,1,1.0,1.0
family_ablation,gemma4:12b,autonomous_depth_only,state_202,DSUB_Male,0.8,1,1,1,1.0,1.0,10,2,2,0.2,0.2,1,1,1,1.0,1.0
family_ablation,gemma4:12b,autonomous_depth_only,state_202,DSUB_Male,0.9,1,1,1,1.0,1.0,10,2,2,0.2,0.2,1,1,1,1.0,1.0
family_ablation,gemma4:12b,autonomous_depth_only,state_202,DSUB_Male,0.95,1,1,1,1.0,1.0,10,2,2,0.2,0.2,1,1,1,1.0,1.0
family_ablation,gemma4:12b,autonomous_depth_only,state_202,DSUB_Male,0.97,1,1,1,1.0,1.0,10,2,2,0.2,0.2,1,1,1,1.0,1.0
family_ablation,gemma4:12b,autonomous_depth_only,state_202,DSUB_Male,0.98,1,1,1,1.0,1.0,10,2,2,0.2,0.2,1,1,1,1.0,1.0
family_ablation,gemma4:12b,autonomous_depth_only,state_202,DSUB_Male,0.99,1,1,1,1.0,1.0,10,2,2,0.2,0.2,1,1,1,1.0,1.0
family_ablation,gemma4:12b,autonomous_depth_only,state_202,DSUB_Male,0.995,1,1,1,1.0,1.0,10,2,2,0.2,0.2,1,1,1,1.0,1.0
family_ablation,gemma4:12b,autonomous_depth_only,state_202,DSUB_Male,0.999,1,1,1,1.0,1.0,10,1,1,0.1,0.1,1,1,1,1.0,1.0
family_ablation,gemma4:12b,autonomous_depth_only,state_202,DSUB_Male,0.9999,1,1,1,1.0,1.0,10,1,1,0.1,0.1,1,1,1,1.0,1.0
family_ablation,gemma4:12b,autonomous_depth_only,state_202,DSUB_Male,0.99999,1,1,1,1.0,1.0,10,0,0,0.0,0.0,1,1,1,1.0,1.0
family_ablation,gemma4:12b,autonomous_depth_only,state_202,DSUB_Male,0.999999,1,0,0,0.0,0.0,10,0,0,0.0,0.0,1,0,0,0.0,0.0
family_ablation,gemma4:12b,autonomous_depth_only,state_303,gear,0.4,9,9,9,1.0,1.0,21,0,0,0.0,0.0,3,3,3,1.0,1.0
family_ablation,gemma4:12b,autonomous_depth_only,state_303,gear,0.5,9,9,9,1.0,1.0,21,0,0,0.0,0.0,3,3,3,1.0,1.0
family_ablation,gemma4:12b,autonomous_depth_only,state_303,gear,0.6,9,9,9,1.0,1.0,21,0,0,0.0,0.0,3,3,3,1.0,1.0
family_ablation,gemma4:12b,autonomous_depth_only,state_303,gear,0.65,9,9,9,1.0,1.0,21,0,0,0.0,0.0,3,3,3,1.0,1.0
family_ablation,gemma4:12b,autonomous_depth_only,state_303,gear,0.7,9,9,9,1.0,1.0,21,0,0,0.0,0.0,3,3,3,1.0,1.0
family_ablation,gemma4:12b,autonomous_depth_only,state_303,gear,0.8,9,9,9,1.0,1.0,21,0,0,0.0,0.0,3,3,3,1.0,1.0
family_ablation,gemma4:12b,autonomous_depth_only,state_303,gear,0.9,9,9,9,1.0,1.0,21,0,0,0.0,0.0,3,3,3,1.0,1.0
family_ablation,gemma4:12b,autonomous_depth_only,state_303,gear,0.95,9,9,9,1.0,1.0,21,0,0,0.0,0.0,3,3,3,1.0,1.0
family_ablation,gemma4:12b,autonomous_depth_only,state_303,gear,0.97,9,9,9,1.0,1.0,21,0,0,0.0,0.0,3,3,3,1.0,1.0
family_ablation,gemma4:12b,autonomous_depth_only,state_303,gear,0.98,9,9,9,1.0,1.0,21,0,0,0.0,0.0,3,3,3,1.0,1.0
family_ablation,gemma4:12b,autonomous_depth_only,state_303,gear,0.99,9,9,9,1.0,1.0,21,0,0,0.0,0.0,3,3,3,1.0,1.0
family_ablation,gemma4:12b,autonomous_depth_only,state_303,gear,0.995,9,9,9,1.0,1.0,21,0,0,0.0,0.0,3,3,3,1.0,1.0
family_ablation,gemma4:12b,autonomous_depth_only,state_303,gear,0.999,9,9,9,1.0,1.0,21,0,0,0.0,0.0,3,3,3,1.0,1.0
family_ablation,gemma4:12b,autonomous_depth_only,state_303,gear,0.9999,9,9,9,1.0,1.0,21,0,0,0.0,0.0,3,3,3,1.0,1.0
family_ablation,gemma4:12b,autonomous_depth_only,state_303,gear,0.99999,9,9,9,1.0,1.0,21,0,0,0.0,0.0,3,3,3,1.0,1.0
family_ablation,gemma4:12b,autonomous_depth_only,state_303,gear,0.999999,9,0,0,0.0,0.0,21,0,0,0.0,0.0,3,0,0,0.0,0.0
family_ablation,gemma4:12b,autonomous_depth_only,state_303,hex_nut,0.4,4,4,4,1.0,1.0,16,0,0,0.0,0.0,2,2,2,1.0,1.0
family_ablation,gemma4:12b,autonomous_depth_only,state_303,hex_nut,0.5,4,4,4,1.0,1.0,16,0,0,0.0,0.0,2,2,2,1.0,1.0
family_ablation,gemma4:12b,autonomous_depth_only,state_303,hex_nut,0.6,4,4,4,1.0,1.0,16,0,0,0.0,0.0,2,2,2,1.0,1.0
family_ablation,gemma4:12b,autonomous_depth_only,state_303,hex_nut,0.65,4,4,4,1.0,1.0,16,0,0,0.0,0.0,2,2,2,1.0,1.0
family_ablation,gemma4:12b,autonomous_depth_only,state_303,hex_nut,0.7,4,4,4,1.0,1.0,16,0,0,0.0,0.0,2,2,2,1.0,1.0
family_ablation,gemma4:12b,autonomous_depth_only,state_303,hex_nut,0.8,4,4,4,1.0,1.0,16,0,0,0.0,0.0,2,2,2,1.0,1.0
family_ablation,gemma4:12b,autonomous_depth_only,state_303,hex_nut,0.9,4,4,4,1.0,1.0,16,0,0,0.0,0.0,2,2,2,1.0,1.0
family_ablation,gemma4:12b,autonomous_depth_only,state_303,hex_nut,0.95,4,4,4,1.0,1.0,16,0,0,0.0,0.0,2,2,2,1.0,1.0
family_ablation,gemma4:12b,autonomous_depth_only,state_303,hex_nut,0.97,4,4,4,1.0,1.0,16,0,0,0.0,0.0,2,2,2,1.0,1.0
family_ablation,gemma4:12b,autonomous_depth_only,state_303,hex_nut,0.98,4,4,4,1.0,1.0,16,0,0,0.0,0.0,2,2,2,1.0,1.0
family_ablation,gemma4:12b,autonomous_depth_only,state_303,hex_nut,0.99,4,4,4,1.0,1.0,16,0,0,0.0,0.0,2,2,2,1.0,1.0
family_ablation,gemma4:12b,autonomous_depth_only,state_303,hex_nut,0.995,4,4,4,1.0,1.0,16,0,0,0.0,0.0,2,2,2,1.0,1.0
family_ablation,gemma4:12b,autonomous_depth_only,state_303,hex_nut,0.999,4,4,4,1.0,1.0,16,0,0,0.0,0.0,2,2,2,1.0,1.0
family_ablation,gemma4:12b,autonomous_depth_only,state_303,hex_nut,0.9999,4,4,4,1.0,1.0,16,0,0,0.0,0.0,2,2,2,1.0,1.0
family_ablation,gemma4:12b,autonomous_depth_only,state_303,hex_nut,0.99999,4,0,0,0.0,0.0,16,0,0,0.0,0.0,2,0,0,0.0,0.0
family_ablation,gemma4:12b,autonomous_depth_only,state_303,hex_nut,0.999999,4,0,0,0.0,0.0,16,0,0,0.0,0.0,2,0,0,0.0,0.0
family_ablation,gemma4:12b,autonomous_depth_only,state_303,round_pin,0.4,9,9,9,1.0,1.0,21,0,0,0.0,0.0,3,3,3,1.0,1.0
family_ablation,gemma4:12b,autonomous_depth_only,state_303,round_pin,0.5,9,9,9,1.0,1.0,21,0,0,0.0,0.0,3,3,3,1.0,1.0
family_ablation,gemma4:12b,autonomous_depth_only,state_303,round_pin,0.6,9,9,9,1.0,1.0,21,0,0,0.0,0.0,3,3,3,1.0,1.0
family_ablation,gemma4:12b,autonomous_depth_only,state_303,round_pin,0.65,9,9,9,1.0,1.0,21,0,0,0.0,0.0,3,3,3,1.0,1.0
family_ablation,gemma4:12b,autonomous_depth_only,state_303,round_pin,0.7,9,9,9,1.0,1.0,21,0,0,0.0,0.0,3,3,3,1.0,1.0
family_ablation,gemma4:12b,autonomous_depth_only,state_303,round_pin,0.8,9,9,9,1.0,1.0,21,0,0,0.0,0.0,3,3,3,1.0,1.0
family_ablation,gemma4:12b,autonomous_depth_only,state_303,round_pin,0.9,9,9,9,1.0,1.0,21,0,0,0.0,0.0,3,3,3,1.0,1.0
family_ablation,gemma4:12b,autonomous_depth_only,state_303,round_pin,0.95,9,9,9,1.0,1.0,21,0,0,0.0,0.0,3,3,3,1.0,1.0
family_ablation,gemma4:12b,autonomous_depth_only,state_303,round_pin,0.97,9,9,9,1.0,1.0,21,0,0,0.0,0.0,3,3,3,1.0,1.0
family_ablation,gemma4:12b,autonomous_depth_only,state_303,round_pin,0.98,9,9,9,1.0,1.0,21,0,0,0.0,0.0,3,3,3,1.0,1.0
family_ablation,gemma4:12b,autonomous_depth_only,state_303,round_pin,0.99,9,9,9,1.0,1.0,21,0,0,0.0,0.0,3,3,3,1.0,1.0
family_ablation,gemma4:12b,autonomous_depth_only,state_303,round_pin,0.995,9,9,9,1.0,1.0,21,0,0,0.0,0.0,3,3,3,1.0,1.0
family_ablation,gemma4:12b,autonomous_depth_only,state_303,round_pin,0.999,9,9,9,1.0,1.0,21,0,0,0.0,0.0,3,3,3,1.0,1.0
family_ablation,gemma4:12b,autonomous_depth_only,state_303,round_pin,0.9999,9,9,9,1.0,1.0,21,0,0,0.0,0.0,3,3,3,1.0,1.0
family_ablation,gemma4:12b,autonomous_depth_only,state_303,round_pin,0.99999,9,9,9,1.0,1.0,21,0,0,0.0,0.0,3,3,3,1.0,1.0
family_ablation,gemma4:12b,autonomous_depth_only,state_303,round_pin,0.999999,9,0,0,0.0,0.0,21,0,0,0.0,0.0,3,0,0,0.0,0.0
family_ablation,gemma4:12b,autonomous_depth_only,state_303,Waterproof_Male,0.4,1,1,1,1.0,1.0,9,2,2,0.2222222222222222,0.2222222222222222,1,1,1,1.0,1.0
family_ablation,gemma4:12b,autonomous_depth_only,state_303,Waterproof_Male,0.5,1,1,1,1.0,1.0,9,2,2,0.2222222222222222,0.2222222222222222,1,1,1,1.0,1.0
family_ablation,gemma4:12b,autonomous_depth_only,state_303,Waterproof_Male,0.6,1,1,1,1.0,1.0,9,2,2,0.2222222222222222,0.2222222222222222,1,1,1,1.0,1.0
family_ablation,gemma4:12b,autonomous_depth_only,state_303,Waterproof_Male,0.65,1,1,1,1.0,1.0,9,2,2,0.2222222222222222,0.2222222222222222,1,1,1,1.0,1.0
family_ablation,gemma4:12b,autonomous_depth_only,state_303,Waterproof_Male,0.7,1,1,1,1.0,1.0,9,2,2,0.2222222222222222,0.2222222222222222,1,1,1,1.0,1.0
family_ablation,gemma4:12b,autonomous_depth_only,state_303,Waterproof_Male,0.8,1,1,1,1.0,1.0,9,2,2,0.2222222222222222,0.2222222222222222,1,1,1,1.0,1.0
family_ablation,gemma4:12b,autonomous_depth_only,state_303,Waterproof_Male,0.9,1,1,1,1.0,1.0,9,2,2,0.2222222222222222,0.2222222222222222,1,1,1,1.0,1.0
family_ablation,gemma4:12b,autonomous_depth_only,state_303,Waterproof_Male,0.95,1,1,1,1.0,1.0,9,2,2,0.2222222222222222,0.2222222222222222,1,1,1,1.0,1.0
family_ablation,gemma4:12b,autonomous_depth_only,state_303,Waterproof_Male,0.97,1,1,1,1.0,1.0,9,1,1,0.1111111111111111,0.1111111111111111,1,1,1,1.0,1.0
family_ablation,gemma4:12b,autonomous_depth_only,state_303,Waterproof_Male,0.98,1,1,1,1.0,1.0,9,1,1,0.1111111111111111,0.1111111111111111,1,1,1,1.0,1.0
family_ablation,gemma4:12b,autonomous_depth_only,state_303,Waterproof_Male,0.99,1,1,1,1.0,1.0,9,1,1,0.1111111111111111,0.1111111111111111,1,1,1,1.0,1.0
family_ablation,gemma4:12b,autonomous_depth_only,state_303,Waterproof_Male,0.995,1,1,1,1.0,1.0,9,1,1,0.1111111111111111,0.1111111111111111,1,1,1,1.0,1.0
family_ablation,gemma4:12b,autonomous_depth_only,state_303,Waterproof_Male,0.999,1,1,1,1.0,1.0,9,1,1,0.1111111111111111,0.1111111111111111,1,1,1,1.0,1.0
family_ablation,gemma4:12b,autonomous_depth_only,state_303,Waterproof_Male,0.9999,1,1,1,1.0,1.0,9,1,1,0.1111111111111111,0.1111111111111111,1,1,1,1.0,1.0
family_ablation,gemma4:12b,autonomous_depth_only,state_303,Waterproof_Male,0.99999,1,1,1,1.0,1.0,9,1,1,0.1111111111111111,0.1111111111111111,1,1,1,1.0,1.0
family_ablation,gemma4:12b,autonomous_depth_only,state_303,Waterproof_Male,0.999999,1,0,0,0.0,0.0,9,0,0,0.0,0.0,1,0,0,0.0,0.0
family_ablation,gemma4:12b,autonomous_depth_only,state_303,DSUB_Male,0.4,1,1,1,1.0,1.0,9,2,2,0.2222222222222222,0.2222222222222222,1,1,1,1.0,1.0
family_ablation,gemma4:12b,autonomous_depth_only,state_303,DSUB_Male,0.5,1,1,1,1.0,1.0,9,2,2,0.2222222222222222,0.2222222222222222,1,1,1,1.0,1.0
family_ablation,gemma4:12b,autonomous_depth_only,state_303,DSUB_Male,0.6,1,1,1,1.0,1.0,9,2,2,0.2222222222222222,0.2222222222222222,1,1,1,1.0,1.0
family_ablation,gemma4:12b,autonomous_depth_only,state_303,DSUB_Male,0.65,1,1,1,1.0,1.0,9,2,2,0.2222222222222222,0.2222222222222222,1,1,1,1.0,1.0
family_ablation,gemma4:12b,autonomous_depth_only,state_303,DSUB_Male,0.7,1,1,1,1.0,1.0,9,2,2,0.2222222222222222,0.2222222222222222,1,1,1,1.0,1.0
family_ablation,gemma4:12b,autonomous_depth_only,state_303,DSUB_Male,0.8,1,1,1,1.0,1.0,9,1,1,0.1111111111111111,0.1111111111111111,1,1,1,1.0,1.0
family_ablation,gemma4:12b,autonomous_depth_only,state_303,DSUB_Male,0.9,1,1,1,1.0,1.0,9,1,1,0.1111111111111111,0.1111111111111111,1,1,1,1.0,1.0
family_ablation,gemma4:12b,autonomous_depth_only,state_303,DSUB_Male,0.95,1,1,1,1.0,1.0,9,1,1,0.1111111111111111,0.1111111111111111,1,1,1,1.0,1.0
family_ablation,gemma4:12b,autonomous_depth_only,state_303,DSUB_Male,0.97,1,1,1,1.0,1.0,9,0,0,0.0,0.0,1,1,1,1.0,1.0
family_ablation,gemma4:12b,autonomous_depth_only,state_303,DSUB_Male,0.98,1,1,1,1.0,1.0,9,0,0,0.0,0.0,1,1,1,1.0,1.0
family_ablation,gemma4:12b,autonomous_depth_only,state_303,DSUB_Male,0.99,1,1,1,1.0,1.0,9,0,0,0.0,0.0,1,1,1,1.0,1.0
family_ablation,gemma4:12b,autonomous_depth_only,state_303,DSUB_Male,0.995,1,1,1,1.0,1.0,9,0,0,0.0,0.0,1,1,1,1.0,1.0
family_ablation,gemma4:12b,autonomous_depth_only,state_303,DSUB_Male,0.999,1,1,1,1.0,1.0,9,0,0,0.0,0.0,1,1,1,1.0,1.0
family_ablation,gemma4:12b,autonomous_depth_only,state_303,DSUB_Male,0.9999,1,1,1,1.0,1.0,9,0,0,0.0,0.0,1,1,1,1.0,1.0
family_ablation,gemma4:12b,autonomous_depth_only,state_303,DSUB_Male,0.99999,1,1,1,1.0,1.0,9,0,0,0.0,0.0,1,1,1,1.0,1.0
family_ablation,gemma4:12b,autonomous_depth_only,state_303,DSUB_Male,0.999999,1,0,0,0.0,0.0,9,0,0,0.0,0.0,1,0,0,0.0,0.0
family_ablation,gemma4:12b,autonomous_depth_only,all,gear,0.4,36,36,36,1.0,1.0,90,3,3,0.03333333333333333,0.03333333333333333,12,12,12,1.0,1.0
family_ablation,gemma4:12b,autonomous_depth_only,all,gear,0.5,36,36,36,1.0,1.0,90,3,3,0.03333333333333333,0.03333333333333333,12,12,12,1.0,1.0
family_ablation,gemma4:12b,autonomous_depth_only,all,gear,0.6,36,36,36,1.0,1.0,90,3,3,0.03333333333333333,0.03333333333333333,12,12,12,1.0,1.0
family_ablation,gemma4:12b,autonomous_depth_only,all,gear,0.65,36,36,36,1.0,1.0,90,3,3,0.03333333333333333,0.03333333333333333,12,12,12,1.0,1.0
family_ablation,gemma4:12b,autonomous_depth_only,all,gear,0.7,36,36,36,1.0,1.0,90,3,3,0.03333333333333333,0.03333333333333333,12,12,12,1.0,1.0
family_ablation,gemma4:12b,autonomous_depth_only,all,gear,0.8,36,36,36,1.0,1.0,90,0,0,0.0,0.0,12,12,12,1.0,1.0
family_ablation,gemma4:12b,autonomous_depth_only,all,gear,0.9,36,36,36,1.0,1.0,90,0,0,0.0,0.0,12,12,12,1.0,1.0
family_ablation,gemma4:12b,autonomous_depth_only,all,gear,0.95,36,36,36,1.0,1.0,90,0,0,0.0,0.0,12,12,12,1.0,1.0
family_ablation,gemma4:12b,autonomous_depth_only,all,gear,0.97,36,36,36,1.0,1.0,90,0,0,0.0,0.0,12,12,12,1.0,1.0
family_ablation,gemma4:12b,autonomous_depth_only,all,gear,0.98,36,36,36,1.0,1.0,90,0,0,0.0,0.0,12,12,12,1.0,1.0
family_ablation,gemma4:12b,autonomous_depth_only,all,gear,0.99,36,36,36,1.0,1.0,90,0,0,0.0,0.0,12,12,12,1.0,1.0
family_ablation,gemma4:12b,autonomous_depth_only,all,gear,0.995,36,36,36,1.0,1.0,90,0,0,0.0,0.0,12,12,12,1.0,1.0
family_ablation,gemma4:12b,autonomous_depth_only,all,gear,0.999,36,36,36,1.0,1.0,90,0,0,0.0,0.0,12,12,12,1.0,1.0
family_ablation,gemma4:12b,autonomous_depth_only,all,gear,0.9999,36,36,36,1.0,1.0,90,0,0,0.0,0.0,12,12,12,1.0,1.0
family_ablation,gemma4:12b,autonomous_depth_only,all,gear,0.99999,36,36,36,1.0,1.0,90,0,0,0.0,0.0,12,12,12,1.0,1.0
family_ablation,gemma4:12b,autonomous_depth_only,all,gear,0.999999,36,0,0,0.0,0.0,90,0,0,0.0,0.0,12,0,0,0.0,0.0
family_ablation,gemma4:12b,autonomous_depth_only,all,hex_nut,0.4,16,16,16,1.0,1.0,68,0,0,0.0,0.0,8,8,8,1.0,1.0
family_ablation,gemma4:12b,autonomous_depth_only,all,hex_nut,0.5,16,16,16,1.0,1.0,68,0,0,0.0,0.0,8,8,8,1.0,1.0
family_ablation,gemma4:12b,autonomous_depth_only,all,hex_nut,0.6,16,16,16,1.0,1.0,68,0,0,0.0,0.0,8,8,8,1.0,1.0
family_ablation,gemma4:12b,autonomous_depth_only,all,hex_nut,0.65,16,16,16,1.0,1.0,68,0,0,0.0,0.0,8,8,8,1.0,1.0
family_ablation,gemma4:12b,autonomous_depth_only,all,hex_nut,0.7,16,16,16,1.0,1.0,68,0,0,0.0,0.0,8,8,8,1.0,1.0
family_ablation,gemma4:12b,autonomous_depth_only,all,hex_nut,0.8,16,16,16,1.0,1.0,68,0,0,0.0,0.0,8,8,8,1.0,1.0
family_ablation,gemma4:12b,autonomous_depth_only,all,hex_nut,0.9,16,16,16,1.0,1.0,68,0,0,0.0,0.0,8,8,8,1.0,1.0
family_ablation,gemma4:12b,autonomous_depth_only,all,hex_nut,0.95,16,16,16,1.0,1.0,68,0,0,0.0,0.0,8,8,8,1.0,1.0
family_ablation,gemma4:12b,autonomous_depth_only,all,hex_nut,0.97,16,16,16,1.0,1.0,68,0,0,0.0,0.0,8,8,8,1.0,1.0
family_ablation,gemma4:12b,autonomous_depth_only,all,hex_nut,0.98,16,16,16,1.0,1.0,68,0,0,0.0,0.0,8,8,8,1.0,1.0
family_ablation,gemma4:12b,autonomous_depth_only,all,hex_nut,0.99,16,14,14,0.875,0.875,68,0,0,0.0,0.0,8,7,7,0.875,0.875
family_ablation,gemma4:12b,autonomous_depth_only,all,hex_nut,0.995,16,14,14,0.875,0.875,68,0,0,0.0,0.0,8,7,7,0.875,0.875
family_ablation,gemma4:12b,autonomous_depth_only,all,hex_nut,0.999,16,14,14,0.875,0.875,68,0,0,0.0,0.0,8,7,7,0.875,0.875
family_ablation,gemma4:12b,autonomous_depth_only,all,hex_nut,0.9999,16,14,14,0.875,0.875,68,0,0,0.0,0.0,8,7,7,0.875,0.875
family_ablation,gemma4:12b,autonomous_depth_only,all,hex_nut,0.99999,16,2,2,0.125,0.125,68,0,0,0.0,0.0,8,1,1,0.125,0.125
family_ablation,gemma4:12b,autonomous_depth_only,all,hex_nut,0.999999,16,0,0,0.0,0.0,68,0,0,0.0,0.0,8,0,0,0.0,0.0
family_ablation,gemma4:12b,autonomous_depth_only,all,round_pin,0.4,36,36,36,1.0,1.0,90,0,0,0.0,0.0,12,12,12,1.0,1.0
family_ablation,gemma4:12b,autonomous_depth_only,all,round_pin,0.5,36,36,36,1.0,1.0,90,0,0,0.0,0.0,12,12,12,1.0,1.0
family_ablation,gemma4:12b,autonomous_depth_only,all,round_pin,0.6,36,36,36,1.0,1.0,90,0,0,0.0,0.0,12,12,12,1.0,1.0
family_ablation,gemma4:12b,autonomous_depth_only,all,round_pin,0.65,36,36,36,1.0,1.0,90,0,0,0.0,0.0,12,12,12,1.0,1.0
family_ablation,gemma4:12b,autonomous_depth_only,all,round_pin,0.7,36,36,36,1.0,1.0,90,0,0,0.0,0.0,12,12,12,1.0,1.0
family_ablation,gemma4:12b,autonomous_depth_only,all,round_pin,0.8,36,36,36,1.0,1.0,90,0,0,0.0,0.0,12,12,12,1.0,1.0
family_ablation,gemma4:12b,autonomous_depth_only,all,round_pin,0.9,36,36,36,1.0,1.0,90,0,0,0.0,0.0,12,12,12,1.0,1.0
family_ablation,gemma4:12b,autonomous_depth_only,all,round_pin,0.95,36,36,36,1.0,1.0,90,0,0,0.0,0.0,12,12,12,1.0,1.0
family_ablation,gemma4:12b,autonomous_depth_only,all,round_pin,0.97,36,36,36,1.0,1.0,90,0,0,0.0,0.0,12,12,12,1.0,1.0
family_ablation,gemma4:12b,autonomous_depth_only,all,round_pin,0.98,36,36,36,1.0,1.0,90,0,0,0.0,0.0,12,12,12,1.0,1.0
family_ablation,gemma4:12b,autonomous_depth_only,all,round_pin,0.99,36,36,36,1.0,1.0,90,0,0,0.0,0.0,12,12,12,1.0,1.0
family_ablation,gemma4:12b,autonomous_depth_only,all,round_pin,0.995,36,36,36,1.0,1.0,90,0,0,0.0,0.0,12,12,12,1.0,1.0
family_ablation,gemma4:12b,autonomous_depth_only,all,round_pin,0.999,36,36,36,1.0,1.0,90,0,0,0.0,0.0,12,12,12,1.0,1.0
family_ablation,gemma4:12b,autonomous_depth_only,all,round_pin,0.9999,36,36,36,1.0,1.0,90,0,0,0.0,0.0,12,12,12,1.0,1.0
family_ablation,gemma4:12b,autonomous_depth_only,all,round_pin,0.99999,36,36,36,1.0,1.0,90,0,0,0.0,0.0,12,12,12,1.0,1.0
family_ablation,gemma4:12b,autonomous_depth_only,all,round_pin,0.999999,36,0,0,0.0,0.0,90,0,0,0.0,0.0,12,0,0,0.0,0.0
family_ablation,gemma4:12b,autonomous_depth_only,all,Waterproof_Male,0.4,4,4,4,1.0,1.0,38,10,10,0.2631578947368421,0.2631578947368421,4,4,4,1.0,1.0
family_ablation,gemma4:12b,autonomous_depth_only,all,Waterproof_Male,0.5,4,4,4,1.0,1.0,38,9,9,0.23684210526315788,0.23684210526315788,4,4,4,1.0,1.0
family_ablation,gemma4:12b,autonomous_depth_only,all,Waterproof_Male,0.6,4,4,4,1.0,1.0,38,9,9,0.23684210526315788,0.23684210526315788,4,4,4,1.0,1.0
family_ablation,gemma4:12b,autonomous_depth_only,all,Waterproof_Male,0.65,4,4,4,1.0,1.0,38,9,9,0.23684210526315788,0.23684210526315788,4,4,4,1.0,1.0
family_ablation,gemma4:12b,autonomous_depth_only,all,Waterproof_Male,0.7,4,4,4,1.0,1.0,38,8,8,0.21052631578947367,0.21052631578947367,4,4,4,1.0,1.0
family_ablation,gemma4:12b,autonomous_depth_only,all,Waterproof_Male,0.8,4,4,4,1.0,1.0,38,8,8,0.21052631578947367,0.21052631578947367,4,4,4,1.0,1.0
family_ablation,gemma4:12b,autonomous_depth_only,all,Waterproof_Male,0.9,4,4,4,1.0,1.0,38,7,7,0.18421052631578946,0.18421052631578946,4,4,4,1.0,1.0
family_ablation,gemma4:12b,autonomous_depth_only,all,Waterproof_Male,0.95,4,4,4,1.0,1.0,38,6,6,0.15789473684210525,0.15789473684210525,4,4,4,1.0,1.0
family_ablation,gemma4:12b,autonomous_depth_only,all,Waterproof_Male,0.97,4,4,4,1.0,1.0,38,5,5,0.13157894736842105,0.13157894736842105,4,4,4,1.0,1.0
family_ablation,gemma4:12b,autonomous_depth_only,all,Waterproof_Male,0.98,4,4,4,1.0,1.0,38,5,5,0.13157894736842105,0.13157894736842105,4,4,4,1.0,1.0
family_ablation,gemma4:12b,autonomous_depth_only,all,Waterproof_Male,0.99,4,4,4,1.0,1.0,38,5,5,0.13157894736842105,0.13157894736842105,4,4,4,1.0,1.0
family_ablation,gemma4:12b,autonomous_depth_only,all,Waterproof_Male,0.995,4,4,4,1.0,1.0,38,4,4,0.10526315789473684,0.10526315789473684,4,4,4,1.0,1.0
family_ablation,gemma4:12b,autonomous_depth_only,all,Waterproof_Male,0.999,4,4,4,1.0,1.0,38,4,4,0.10526315789473684,0.10526315789473684,4,4,4,1.0,1.0
family_ablation,gemma4:12b,autonomous_depth_only,all,Waterproof_Male,0.9999,4,4,4,1.0,1.0,38,3,3,0.07894736842105263,0.07894736842105263,4,4,4,1.0,1.0
family_ablation,gemma4:12b,autonomous_depth_only,all,Waterproof_Male,0.99999,4,4,4,1.0,1.0,38,3,3,0.07894736842105263,0.07894736842105263,4,4,4,1.0,1.0
family_ablation,gemma4:12b,autonomous_depth_only,all,Waterproof_Male,0.999999,4,0,0,0.0,0.0,38,0,0,0.0,0.0,4,0,0,0.0,0.0
family_ablation,gemma4:12b,autonomous_depth_only,all,USB_Male,0.4,2,2,2,1.0,1.0,40,1,1,0.025,0.025,2,2,2,1.0,1.0
family_ablation,gemma4:12b,autonomous_depth_only,all,USB_Male,0.5,2,2,2,1.0,1.0,40,1,1,0.025,0.025,2,2,2,1.0,1.0
family_ablation,gemma4:12b,autonomous_depth_only,all,USB_Male,0.6,2,2,2,1.0,1.0,40,1,1,0.025,0.025,2,2,2,1.0,1.0
family_ablation,gemma4:12b,autonomous_depth_only,all,USB_Male,0.65,2,2,2,1.0,1.0,40,1,1,0.025,0.025,2,2,2,1.0,1.0
family_ablation,gemma4:12b,autonomous_depth_only,all,USB_Male,0.7,2,2,2,1.0,1.0,40,1,1,0.025,0.025,2,2,2,1.0,1.0
family_ablation,gemma4:12b,autonomous_depth_only,all,USB_Male,0.8,2,2,2,1.0,1.0,40,1,1,0.025,0.025,2,2,2,1.0,1.0
family_ablation,gemma4:12b,autonomous_depth_only,all,USB_Male,0.9,2,2,2,1.0,1.0,40,1,1,0.025,0.025,2,2,2,1.0,1.0
family_ablation,gemma4:12b,autonomous_depth_only,all,USB_Male,0.95,2,2,2,1.0,1.0,40,1,1,0.025,0.025,2,2,2,1.0,1.0
family_ablation,gemma4:12b,autonomous_depth_only,all,USB_Male,0.97,2,2,2,1.0,1.0,40,1,1,0.025,0.025,2,2,2,1.0,1.0
family_ablation,gemma4:12b,autonomous_depth_only,all,USB_Male,0.98,2,2,2,1.0,1.0,40,1,1,0.025,0.025,2,2,2,1.0,1.0
family_ablation,gemma4:12b,autonomous_depth_only,all,USB_Male,0.99,2,2,2,1.0,1.0,40,1,1,0.025,0.025,2,2,2,1.0,1.0
family_ablation,gemma4:12b,autonomous_depth_only,all,USB_Male,0.995,2,2,2,1.0,1.0,40,1,1,0.025,0.025,2,2,2,1.0,1.0
family_ablation,gemma4:12b,autonomous_depth_only,all,USB_Male,0.999,2,2,2,1.0,1.0,40,1,1,0.025,0.025,2,2,2,1.0,1.0
family_ablation,gemma4:12b,autonomous_depth_only,all,USB_Male,0.9999,2,2,2,1.0,1.0,40,0,0,0.0,0.0,2,2,2,1.0,1.0
family_ablation,gemma4:12b,autonomous_depth_only,all,USB_Male,0.99999,2,2,2,1.0,1.0,40,0,0,0.0,0.0,2,2,2,1.0,1.0
family_ablation,gemma4:12b,autonomous_depth_only,all,USB_Male,0.999999,2,0,0,0.0,0.0,40,0,0,0.0,0.0,2,0,0,0.0,0.0
family_ablation,gemma4:12b,autonomous_depth_only,all,DSUB_Male,0.4,4,4,4,1.0,1.0,38,8,8,0.21052631578947367,0.21052631578947367,4,4,4,1.0,1.0
family_ablation,gemma4:12b,autonomous_depth_only,all,DSUB_Male,0.5,4,4,4,1.0,1.0,38,8,8,0.21052631578947367,0.21052631578947367,4,4,4,1.0,1.0
family_ablation,gemma4:12b,autonomous_depth_only,all,DSUB_Male,0.6,4,4,4,1.0,1.0,38,8,8,0.21052631578947367,0.21052631578947367,4,4,4,1.0,1.0
family_ablation,gemma4:12b,autonomous_depth_only,all,DSUB_Male,0.65,4,4,4,1.0,1.0,38,8,8,0.21052631578947367,0.21052631578947367,4,4,4,1.0,1.0
family_ablation,gemma4:12b,autonomous_depth_only,all,DSUB_Male,0.7,4,4,4,1.0,1.0,38,8,8,0.21052631578947367,0.21052631578947367,4,4,4,1.0,1.0
family_ablation,gemma4:12b,autonomous_depth_only,all,DSUB_Male,0.8,4,4,4,1.0,1.0,38,6,6,0.15789473684210525,0.15789473684210525,4,4,4,1.0,1.0
family_ablation,gemma4:12b,autonomous_depth_only,all,DSUB_Male,0.9,4,4,4,1.0,1.0,38,6,6,0.15789473684210525,0.15789473684210525,4,4,4,1.0,1.0
family_ablation,gemma4:12b,autonomous_depth_only,all,DSUB_Male,0.95,4,4,4,1.0,1.0,38,6,6,0.15789473684210525,0.15789473684210525,4,4,4,1.0,1.0
family_ablation,gemma4:12b,autonomous_depth_only,all,DSUB_Male,0.97,4,4,4,1.0,1.0,38,5,5,0.13157894736842105,0.13157894736842105,4,4,4,1.0,1.0
family_ablation,gemma4:12b,autonomous_depth_only,all,DSUB_Male,0.98,4,4,4,1.0,1.0,38,5,5,0.13157894736842105,0.13157894736842105,4,4,4,1.0,1.0
family_ablation,gemma4:12b,autonomous_depth_only,all,DSUB_Male,0.99,4,4,4,1.0,1.0,38,5,5,0.13157894736842105,0.13157894736842105,4,4,4,1.0,1.0
family_ablation,gemma4:12b,autonomous_depth_only,all,DSUB_Male,0.995,4,4,4,1.0,1.0,38,5,5,0.13157894736842105,0.13157894736842105,4,4,4,1.0,1.0
family_ablation,gemma4:12b,autonomous_depth_only,all,DSUB_Male,0.999,4,4,4,1.0,1.0,38,3,3,0.07894736842105263,0.07894736842105263,4,4,4,1.0,1.0
family_ablation,gemma4:12b,autonomous_depth_only,all,DSUB_Male,0.9999,4,4,4,1.0,1.0,38,2,2,0.05263157894736842,0.05263157894736842,4,4,4,1.0,1.0
family_ablation,gemma4:12b,autonomous_depth_only,all,DSUB_Male,0.99999,4,3,3,0.75,0.75,38,0,0,0.0,0.0,4,3,3,0.75,0.75
family_ablation,gemma4:12b,autonomous_depth_only,all,DSUB_Male,0.999999,4,0,0,0.0,0.0,38,0,0,0.0,0.0,4,0,0,0.0,0.0
