condition,model,scope,state,target_family,comparisons,family_pairs,unrelated_pairs,family_vs_unrelated_auc_lower,family_vs_unrelated_auc_upper,missing_exact_p_A,all_count,all_C_count,all_C_frequency,all_mean_p_A_lower,all_mean_p_A_upper,all_mean_p_C_lower,all_mean_p_C_upper,family_count,family_C_count,family_C_frequency,family_mean_p_A_lower,family_mean_p_A_upper,family_mean_p_C_lower,family_mean_p_C_upper,unrelated_count,unrelated_C_count,unrelated_C_frequency,unrelated_mean_p_A_lower,unrelated_mean_p_A_upper,unrelated_mean_p_C_lower,unrelated_mean_p_C_upper,own_count,own_C_count,own_C_frequency,own_mean_p_A_lower,own_mean_p_A_upper,own_mean_p_C_lower,own_mean_p_C_upper
baseline,qwen3.5:4b,all_crops,original,gear,33,9,24,0.9814814814814815,0.9814814814814815,0,33,20,0.6060606060606061,0.3052672739184818,0.3052672739184818,0.5345876099693729,0.5345876099693729,9,0,0.0,0.714610382137955,0.714610382137955,0.16363999747626734,0.16363999747626734,24,20,0.8333333333333334,0.1517636083361793,0.1517636083361793,0.6736929646542879,0.6736929646542879,3,0,0.0,0.7456275788383828,0.7456275788383828,0.13827045692291076,0.13827045692291076
baseline,qwen3.5:4b,all_crops,original,hex_nut,22,4,18,0.9861111111111112,0.9861111111111112,0,22,20,0.9090909090909091,0.1691164796520629,0.1691164796520629,0.6655375005073748,0.6655375005073748,4,2,0.5,0.4406448311923014,0.4406448311923014,0.4952234779976039,0.4952234779976039,18,18,1.0,0.10877684597645432,0.10877684597645432,0.7033850610651018,0.7033850610651018,2,1,0.5,0.4473241966045919,0.4473241966045919,0.4835215250155992,0.4835215250155992
baseline,qwen3.5:4b,all_crops,original,round_pin,33,9,24,1.0,1.0,0,33,20,0.6060606060606061,0.40086980418262275,0.40086980418262275,0.4237599800369877,0.4237599800369877,9,0,0.0,0.7975725079284616,0.7975725079284616,0.15466956740018445,0.15466956740018445,24,20,0.8333333333333334,0.25210629027793313,0.25210629027793313,0.5246688847757889,0.5246688847757889,3,0,0.0,0.7678406055154671,0.7678406055154671,0.18187327053303595,0.18187327053303595
baseline,qwen3.5:4b,all_crops,original,Waterproof_Male,11,1,10,1.0,1.0,0,11,8,0.7272727272727273,0.3259642330348468,0.3259642330348468,0.5206496962885382,0.5206496962885382,1,0,0.0,0.8100212196257536,0.8100212196257536,0.09020523807363821,0.09020523807363821,10,8,0.8,0.27755853437575606,0.27755853437575606,0.5636941421100283,0.5636941421100283,1,0,0.0,0.8100212196257536,0.8100212196257536,0.09020523807363821,0.09020523807363821
baseline,qwen3.5:4b,all_crops,original,USB_Male,11,1,10,1.0,1.0,0,11,9,0.8181818181818182,0.1994028304441171,0.1994028304441171,0.6818487420038671,0.6818487420038671,1,0,0.0,0.8700935810351655,0.8700935810351655,0.0582566275596112,0.0582566275596112,10,9,0.9,0.13233375538501224,0.13233375538501224,0.7442079534482927,0.7442079534482927,1,0,0.0,0.8700935810351655,0.8700935810351655,0.0582566275596112,0.0582566275596112
baseline,qwen3.5:4b,all_crops,original,DSUB_Male,11,1,10,1.0,1.0,0,11,8,0.7272727272727273,0.2797036422741938,0.2797036422741938,0.5749144653976929,0.5749144653976929,1,0,0.0,0.7939588468329908,0.7939588468329908,0.11812202114783044,0.11812202114783044,10,8,0.8,0.22827812181831408,0.22827812181831408,0.620593709822679,0.620593709822679,1,0,0.0,0.7939588468329908,0.7939588468329908,0.11812202114783044,0.11812202114783044
baseline,qwen3.5:4b,all_crops,state_101,gear,33,9,24,1.0,1.0,0,33,20,0.6060606060606061,0.33622844199835006,0.33622844199835006,0.5200258090235377,0.5200258090235377,9,0,0.0,0.7954994367891368,0.7954994367891368,0.10214365593672303,0.10214365593672303,24,20,0.8333333333333334,0.16400181895180507,0.16400181895180507,0.6767316164310931,0.6767316164310931,3,0,0.0,0.7968679052934569,0.7968679052934569,0.10452019827623267,0.10452019827623267
baseline,qwen3.5:4b,all_crops,state_101,hex_nut,22,4,18,1.0,1.0,0,22,17,0.7727272727272727,0.1761677581232842,0.1761677581232842,0.5918355960616609,0.5918355960616609,4,1,0.25,0.5597760214824332,0.5597760214824332,0.3645086237752545,0.3645086237752545,18,16,0.8888888888888888,0.0909214773768066,0.0909214773768066,0.6423527010141956,0.6423527010141956,2,0,0.0,0.6117956095713275,0.6117956095713275,0.3075552212986564,0.3075552212986564
baseline,qwen3.5:4b,all_crops,state_101,round_pin,33,9,24,1.0,1.0,0,33,22,0.6666666666666666,0.34845608255717925,0.34845608255717925,0.46078109668958817,0.46078109668958817,9,0,0.0,0.6860773804744817,0.6860773804744817,0.26209408327616895,0.26209408327616895,24,22,0.9166666666666666,0.2218480958381908,0.2218480958381908,0.5352887267196205,0.5352887267196205,3,0,0.0,0.7152392256417159,0.7152392256417159,0.23516061733364535,0.23516061733364535
baseline,qwen3.5:4b,all_crops,state_101,Waterproof_Male,11,1,10,1.0,1.0,0,11,6,0.5454545454545454,0.3222847057496034,0.3222847057496034,0.46737963498017604,0.46737963498017604,1,0,0.0,0.7830064248338079,0.7830064248338079,0.09481695211170849,0.09481695211170849,10,6,0.6,0.276212533841183,0.276212533841183,0.5046359032670228,0.5046359032670228,1,0,0.0,0.7830064248338079,0.7830064248338079,0.09481695211170849,0.09481695211170849
baseline,qwen3.5:4b,all_crops,state_101,USB_Male,11,1,10,1.0,1.0,0,11,10,0.9090909090909091,0.17891301722061248,0.17891301722061248,0.6770094011051705,0.6770094011051705,1,0,0.0,0.9069645979948108,0.9069645979948108,0.0352193896929818,0.0352193896929818,10,10,1.0,0.10610785914319262,0.10610785914319262,0.7411884022463895,0.7411884022463895,1,0,0.0,0.9069645979948108,0.9069645979948108,0.0352193896929818,0.0352193896929818
baseline,qwen3.5:4b,all_crops,state_101,DSUB_Male,11,1,10,0.9,0.9,0,11,7,0.6363636363636364,0.2682851990749309,0.2682851990749309,0.5375920361658958,0.5375920361658958,1,0,0.0,0.7251843899942628,0.7251843899942628,0.1330154018907818,0.1330154018907818,10,7,0.7,0.22259527998299772,0.22259527998299772,0.5780496995934072,0.5780496995934072,1,0,0.0,0.7251843899942628,0.7251843899942628,0.1330154018907818,0.1330154018907818
baseline,qwen3.5:4b,all_crops,state_202,gear,33,9,24,0.9953703703703703,0.9953703703703703,0,33,18,0.5454545454545454,0.33472680291287826,0.33472680291287826,0.4649888934927455,0.4649888934927455,9,0,0.0,0.731919274909052,0.731919274909052,0.12942449366938236,0.12942449366938236,24,18,0.75,0.1857796259143131,0.1857796259143131,0.5908255434265067,0.5908255434265067,3,0,0.0,0.7478140407271606,0.7478140407271606,0.13137064651244287,0.13137064651244287
baseline,qwen3.5:4b,all_crops,state_202,hex_nut,22,4,18,1.0,1.0,0,22,17,0.7727272727272727,0.21015246995501677,0.21015246995501677,0.5984730588253142,0.5984730588253142,4,0,0.0,0.6950025849153061,0.6950025849153061,0.2095877745014127,0.2095877745014127,18,17,0.9444444444444444,0.10240799996384141,0.10240799996384141,0.6848920108972923,0.6848920108972923,2,0,0.0,0.662664496371989,0.662664496371989,0.23788088038500474,0.23788088038500474
baseline,qwen3.5:4b,all_crops,state_202,round_pin,33,9,24,1.0,1.0,0,33,20,0.6060606060606061,0.3626348965844024,0.3626348965844024,0.4373791220688373,0.4373791220688373,9,0,0.0,0.7778801810164071,0.7778801810164071,0.17494535537970637,0.17494535537970637,24,20,0.8333333333333334,0.20691791492240075,0.20691791492240075,0.5357917845772614,0.5357917845772614,3,0,0.0,0.7700049495928877,0.7700049495928877,0.18333751219816893,0.18333751219816893
baseline,qwen3.5:4b,all_crops,state_202,Waterproof_Male,11,1,10,0.9,0.9,0,11,6,0.5454545454545454,0.33678898862542755,0.33678898862542755,0.46607902897490106,0.46607902897490106,1,0,0.0,0.6959017021453745,0.6959017021453745,0.17577639814350243,0.17577639814350243,10,6,0.6,0.3008777172734329,0.3008777172734329,0.49510929205804094,0.49510929205804094,1,0,0.0,0.6959017021453745,0.6959017021453745,0.17577639814350243,0.17577639814350243
baseline,qwen3.5:4b,all_crops,state_202,USB_Male,11,1,10,1.0,1.0,0,11,10,0.9090909090909091,0.18156151037298363,0.18156151037298363,0.6802693001210819,0.6802693001210819,1,0,0.0,0.889730987512076,0.889730987512076,0.04887341036356972,0.04887341036356972,10,10,1.0,0.11074456265907437,0.11074456265907437,0.7434088890968331,0.7434088890968331,1,0,0.0,0.889730987512076,0.889730987512076,0.04887341036356972,0.04887341036356972
baseline,qwen3.5:4b,all_crops,state_202,DSUB_Male,11,1,10,1.0,1.0,0,11,9,0.8181818181818182,0.27448767397635887,0.27448767397635887,0.5688407946051477,0.5688407946051477,1,0,0.0,0.829964582890229,0.829964582890229,0.07849254364379638,0.07849254364379638,10,9,0.9,0.21893998308497187,0.21893998308497187,0.6178756197012828,0.6178756197012828,1,0,0.0,0.829964582890229,0.829964582890229,0.07849254364379638,0.07849254364379638
baseline,qwen3.5:4b,all_crops,state_303,gear,33,9,24,1.0,1.0,0,33,18,0.5454545454545454,0.3056207511580659,0.3056207511580659,0.5074261662894244,0.5074261662894244,9,0,0.0,0.7310640690514268,0.7310640690514268,0.14851489687160294,0.14851489687160294,24,18,0.75,0.14607950694805563,0.14607950694805563,0.6420178923211074,0.6420178923211074,3,0,0.0,0.7261678592416182,0.7261678592416182,0.1511558598039037,0.1511558598039037
baseline,qwen3.5:4b,all_crops,state_303,hex_nut,22,4,18,1.0,1.0,0,22,19,0.8636363636363636,0.14556301501215282,0.14556301501215282,0.6398504928767639,0.6398504928767639,4,3,0.75,0.41960123523338866,0.41960123523338866,0.48485171841025565,0.48485171841025565,18,16,0.8888888888888888,0.08466563274076705,0.08466563274076705,0.6742946649804324,0.6742946649804324,2,2,1.0,0.38283029467880636,0.38283029467880636,0.5347761355130942,0.5347761355130942
baseline,qwen3.5:4b,all_crops,state_303,round_pin,33,9,24,1.0,1.0,0,33,17,0.5151515151515151,0.3905099136186569,0.3905099136186569,0.4172122300807468,0.4172122300807468,9,0,0.0,0.7684604294425651,0.7684604294425651,0.1774912088208866,0.1774912088208866,24,17,0.7083333333333334,0.24877847018469126,0.24877847018469126,0.5071076130531945,0.5071076130531945,3,0,0.0,0.7474977331031344,0.7474977331031344,0.19861561809478012,0.19861561809478012
baseline,qwen3.5:4b,all_crops,state_303,Waterproof_Male,11,1,10,0.9,0.9,0,11,5,0.45454545454545453,0.34914211033677683,0.34914211033677683,0.46781494050393807,0.46781494050393807,1,0,0.0,0.7909752104943765,0.7909752104943765,0.09018341151094333,0.09018341151094333,10,5,0.5,0.30495880032101685,0.30495880032101685,0.5055780934032376,0.5055780934032376,1,0,0.0,0.7909752104943765,0.7909752104943765,0.09018341151094333,0.09018341151094333
baseline,qwen3.5:4b,all_crops,state_303,USB_Male,11,1,10,1.0,1.0,0,11,10,0.9090909090909091,0.1950118770441377,0.1950118770441377,0.6758063881274965,0.6758063881274965,1,0,0.0,0.9329738626041588,0.9329738626041588,0.027601688773259487,0.027601688773259487,10,10,1.0,0.12121567848813557,0.12121567848813557,0.7406268580629203,0.7406268580629203,1,0,0.0,0.9329738626041588,0.9329738626041588,0.027601688773259487,0.027601688773259487
baseline,qwen3.5:4b,all_crops,state_303,DSUB_Male,11,1,10,1.0,1.0,0,11,9,0.8181818181818182,0.29924144894396393,0.29924144894396393,0.5456946105730917,0.5456946105730917,1,0,0.0,0.863619744678796,0.863619744678796,0.06908276049823155,0.06908276049823155,10,9,0.9,0.24280361937048073,0.24280361937048073,0.5933557955805776,0.5933557955805776,1,0,0.0,0.863619744678796,0.863619744678796,0.06908276049823155,0.06908276049823155
baseline,qwen3.5:4b,all_crops,all,gear,132,36,96,0.9913194444444444,0.9913194444444444,0,132,76,0.5757575757575758,0.320460817496944,0.320460817496944,0.5067571196937701,0.5067571196937701,36,0,0.0,0.7432732907218927,0.7432732907218927,0.13593076098849394,0.13593076098849394,96,76,0.7916666666666666,0.1619061400375883,0.1619061400375883,0.6458170042082488,0.6458170042082488,12,0,0.0,0.7541193460251546,0.7541193460251546,0.1313292903788725,0.1313292903788725
baseline,qwen3.5:4b,all_crops,all,hex_nut,88,16,72,0.9973958333333334,0.9973958333333334,0,88,73,0.8295454545454546,0.1752499306856292,0.1752499306856292,0.6239241620677785,0.6239241620677785,16,6,0.375,0.5287561682058574,0.5287561682058574,0.3885428986711317,0.3885428986711317,72,67,0.9305555555555556,0.09669298901446735,0.09669298901446735,0.6762311094892556,0.6762311094892556,8,3,0.375,0.5261536493066786,0.5261536493066786,0.39093344055308865,0.39093344055308865
baseline,qwen3.5:4b,all_crops,all,round_pin,132,36,96,1.0,1.0,0,132,79,0.5984848484848485,0.37561767423571535,0.37561767423571535,0.43478310721904,0.43478310721904,36,0,0.0,0.7574976247154788,0.7574976247154788,0.19230005371923664,0.19230005371923664,96,79,0.8229166666666666,0.23241269280580398,0.23241269280580398,0.5257142522814663,0.5257142522814663,12,0,0.0,0.7501456284633014,0.7501456284633014,0.19974675453990762,0.19974675453990762
baseline,qwen3.5:4b,all_crops,all,Waterproof_Male,44,4,40,0.925,0.925,0,44,25,0.5681818181818182,0.33354500943666365,0.33354500943666365,0.4804808251868884,0.4804808251868884,4,0,0.0,0.7699761392748281,0.7699761392748281,0.11274549995994812,0.11274549995994812,40,25,0.625,0.28990189645284714,0.28990189645284714,0.5172543577095825,0.5172543577095825,4,0,0.0,0.7699761392748281,0.7699761392748281,0.11274549995994812,0.11274549995994812
baseline,qwen3.5:4b,all_crops,all,USB_Male,44,4,40,1.0,1.0,0,44,39,0.8863636363636364,0.18872230877046273,0.18872230877046273,0.6787334578394041,0.6787334578394041,4,0,0.0,0.8999407572865529,0.8999407572865529,0.04248777909735555,0.04248777909735555,40,39,0.975,0.1176004639188537,0.1176004639188537,0.7423580257136088,0.7423580257136088,4,0,0.0,0.8999407572865529,0.8999407572865529,0.04248777909735555,0.04248777909735555
baseline,qwen3.5:4b,all_crops,all,DSUB_Male,44,4,40,0.9875,0.9875,0,44,33,0.75,0.2804294910673619,0.2804294910673619,0.5567604766854571,0.5567604766854571,4,0,0.0,0.8031818910990696,0.8031818910990696,0.09967818179516003,0.09967818179516003,40,33,0.825,0.2281542510641911,0.2281542510641911,0.6024687061744867,0.6024687061744867,4,0,0.0,0.8031818910990696,0.8031818910990696,0.09967818179516003,0.09967818179516003
baseline,qwen3.5:4b,autonomous_depth_only,original,gear,33,9,24,0.9814814814814815,0.9814814814814815,0,33,20,0.6060606060606061,0.3052672739184818,0.3052672739184818,0.5345876099693729,0.5345876099693729,9,0,0.0,0.714610382137955,0.714610382137955,0.16363999747626734,0.16363999747626734,24,20,0.8333333333333334,0.1517636083361793,0.1517636083361793,0.6736929646542879,0.6736929646542879,3,0,0.0,0.7456275788383828,0.7456275788383828,0.13827045692291076,0.13827045692291076
baseline,qwen3.5:4b,autonomous_depth_only,original,hex_nut,22,4,18,0.9861111111111112,0.9861111111111112,0,22,20,0.9090909090909091,0.1691164796520629,0.1691164796520629,0.6655375005073748,0.6655375005073748,4,2,0.5,0.4406448311923014,0.4406448311923014,0.4952234779976039,0.4952234779976039,18,18,1.0,0.10877684597645432,0.10877684597645432,0.7033850610651018,0.7033850610651018,2,1,0.5,0.4473241966045919,0.4473241966045919,0.4835215250155992,0.4835215250155992
baseline,qwen3.5:4b,autonomous_depth_only,original,round_pin,33,9,24,1.0,1.0,0,33,20,0.6060606060606061,0.40086980418262275,0.40086980418262275,0.4237599800369877,0.4237599800369877,9,0,0.0,0.7975725079284616,0.7975725079284616,0.15466956740018445,0.15466956740018445,24,20,0.8333333333333334,0.25210629027793313,0.25210629027793313,0.5246688847757889,0.5246688847757889,3,0,0.0,0.7678406055154671,0.7678406055154671,0.18187327053303595,0.18187327053303595
baseline,qwen3.5:4b,autonomous_depth_only,original,Waterproof_Male,11,1,10,1.0,1.0,0,11,8,0.7272727272727273,0.3259642330348468,0.3259642330348468,0.5206496962885382,0.5206496962885382,1,0,0.0,0.8100212196257536,0.8100212196257536,0.09020523807363821,0.09020523807363821,10,8,0.8,0.27755853437575606,0.27755853437575606,0.5636941421100283,0.5636941421100283,1,0,0.0,0.8100212196257536,0.8100212196257536,0.09020523807363821,0.09020523807363821
baseline,qwen3.5:4b,autonomous_depth_only,original,USB_Male,11,1,10,1.0,1.0,0,11,9,0.8181818181818182,0.1994028304441171,0.1994028304441171,0.6818487420038671,0.6818487420038671,1,0,0.0,0.8700935810351655,0.8700935810351655,0.0582566275596112,0.0582566275596112,10,9,0.9,0.13233375538501224,0.13233375538501224,0.7442079534482927,0.7442079534482927,1,0,0.0,0.8700935810351655,0.8700935810351655,0.0582566275596112,0.0582566275596112
baseline,qwen3.5:4b,autonomous_depth_only,original,DSUB_Male,11,1,10,1.0,1.0,0,11,8,0.7272727272727273,0.2797036422741938,0.2797036422741938,0.5749144653976929,0.5749144653976929,1,0,0.0,0.7939588468329908,0.7939588468329908,0.11812202114783044,0.11812202114783044,10,8,0.8,0.22827812181831408,0.22827812181831408,0.620593709822679,0.620593709822679,1,0,0.0,0.7939588468329908,0.7939588468329908,0.11812202114783044,0.11812202114783044
baseline,qwen3.5:4b,autonomous_depth_only,state_101,gear,30,9,21,1.0,1.0,0,30,18,0.6,0.36819886053343936,0.36819886053343936,0.5154901713629575,0.5154901713629575,9,0,0.0,0.7954994367891368,0.7954994367891368,0.10214365593672303,0.10214365593672303,21,18,0.8571428571428571,0.18507004213814038,0.18507004213814038,0.6926386779742009,0.6926386779742009,3,0,0.0,0.7968679052934569,0.7968679052934569,0.10452019827623267,0.10452019827623267
baseline,qwen3.5:4b,autonomous_depth_only,state_101,hex_nut,20,4,16,1.0,1.0,0,20,16,0.8,0.1921141325989925,0.1921141325989925,0.60339626189954,0.60339626189954,4,1,0.25,0.5597760214824332,0.5597760214824332,0.3645086237752545,0.3645086237752545,16,15,0.9375,0.10019866037813226,0.10019866037813226,0.6631181714306114,0.6631181714306114,2,0,0.0,0.6117956095713275,0.6117956095713275,0.3075552212986564,0.3075552212986564
baseline,qwen3.5:4b,autonomous_depth_only,state_101,round_pin,30,9,21,1.0,1.0,0,30,21,0.7,0.3699732869599666,0.3699732869599666,0.4649646076514129,0.4649646076514129,9,0,0.0,0.6860773804744817,0.6860773804744817,0.26209408327616895,0.26209408327616895,21,21,1.0,0.23450010402517446,0.23450010402517446,0.5519091180979463,0.5519091180979463,3,0,0.0,0.7152392256417159,0.7152392256417159,0.23516061733364535,0.23516061733364535
baseline,qwen3.5:4b,autonomous_depth_only,state_101,Waterproof_Male,10,1,9,1.0,1.0,0,10,6,0.6,0.28162001580501383,0.28162001580501383,0.5017197406535094,0.5017197406535094,1,0,0.0,0.7830064248338079,0.7830064248338079,0.09481695211170849,0.09481695211170849,9,6,0.6666666666666666,0.2259104148018145,0.2259104148018145,0.5469311616025984,0.5469311616025984,1,0,0.0,0.7830064248338079,0.7830064248338079,0.09481695211170849,0.09481695211170849
baseline,qwen3.5:4b,autonomous_depth_only,state_101,DSUB_Male,10,1,9,1.0,1.0,0,10,7,0.7,0.2158620001151977,0.2158620001151977,0.5818812405415783,0.5818812405415783,1,0,0.0,0.7251843899942628,0.7251843899942628,0.1330154018907818,0.1330154018907818,9,7,0.7777777777777778,0.15927062346196824,0.15927062346196824,0.6317552226138891,0.6317552226138891,1,0,0.0,0.7251843899942628,0.7251843899942628,0.1330154018907818,0.1330154018907818
baseline,qwen3.5:4b,autonomous_depth_only,state_202,gear,33,9,24,0.9953703703703703,0.9953703703703703,0,33,18,0.5454545454545454,0.33472680291287826,0.33472680291287826,0.4649888934927455,0.4649888934927455,9,0,0.0,0.731919274909052,0.731919274909052,0.12942449366938236,0.12942449366938236,24,18,0.75,0.1857796259143131,0.1857796259143131,0.5908255434265067,0.5908255434265067,3,0,0.0,0.7478140407271606,0.7478140407271606,0.13137064651244287,0.13137064651244287
baseline,qwen3.5:4b,autonomous_depth_only,state_202,hex_nut,22,4,18,1.0,1.0,0,22,17,0.7727272727272727,0.21015246995501677,0.21015246995501677,0.5984730588253142,0.5984730588253142,4,0,0.0,0.6950025849153061,0.6950025849153061,0.2095877745014127,0.2095877745014127,18,17,0.9444444444444444,0.10240799996384141,0.10240799996384141,0.6848920108972923,0.6848920108972923,2,0,0.0,0.662664496371989,0.662664496371989,0.23788088038500474,0.23788088038500474
baseline,qwen3.5:4b,autonomous_depth_only,state_202,round_pin,33,9,24,1.0,1.0,0,33,20,0.6060606060606061,0.3626348965844024,0.3626348965844024,0.4373791220688373,0.4373791220688373,9,0,0.0,0.7778801810164071,0.7778801810164071,0.17494535537970637,0.17494535537970637,24,20,0.8333333333333334,0.20691791492240075,0.20691791492240075,0.5357917845772614,0.5357917845772614,3,0,0.0,0.7700049495928877,0.7700049495928877,0.18333751219816893,0.18333751219816893
baseline,qwen3.5:4b,autonomous_depth_only,state_202,Waterproof_Male,11,1,10,0.9,0.9,0,11,6,0.5454545454545454,0.33678898862542755,0.33678898862542755,0.46607902897490106,0.46607902897490106,1,0,0.0,0.6959017021453745,0.6959017021453745,0.17577639814350243,0.17577639814350243,10,6,0.6,0.3008777172734329,0.3008777172734329,0.49510929205804094,0.49510929205804094,1,0,0.0,0.6959017021453745,0.6959017021453745,0.17577639814350243,0.17577639814350243
baseline,qwen3.5:4b,autonomous_depth_only,state_202,USB_Male,11,1,10,1.0,1.0,0,11,10,0.9090909090909091,0.18156151037298363,0.18156151037298363,0.6802693001210819,0.6802693001210819,1,0,0.0,0.889730987512076,0.889730987512076,0.04887341036356972,0.04887341036356972,10,10,1.0,0.11074456265907437,0.11074456265907437,0.7434088890968331,0.7434088890968331,1,0,0.0,0.889730987512076,0.889730987512076,0.04887341036356972,0.04887341036356972
baseline,qwen3.5:4b,autonomous_depth_only,state_202,DSUB_Male,11,1,10,1.0,1.0,0,11,9,0.8181818181818182,0.27448767397635887,0.27448767397635887,0.5688407946051477,0.5688407946051477,1,0,0.0,0.829964582890229,0.829964582890229,0.07849254364379638,0.07849254364379638,10,9,0.9,0.21893998308497187,0.21893998308497187,0.6178756197012828,0.6178756197012828,1,0,0.0,0.829964582890229,0.829964582890229,0.07849254364379638,0.07849254364379638
baseline,qwen3.5:4b,autonomous_depth_only,state_303,gear,30,9,21,1.0,1.0,0,30,17,0.5666666666666667,0.33443717075114365,0.33443717075114365,0.5202626225751287,0.5202626225751287,9,0,0.0,0.7310640690514268,0.7310640690514268,0.14851489687160294,0.14851489687160294,21,17,0.8095238095238095,0.1644542143367366,0.1644542143367366,0.6795830764480683,0.6795830764480683,3,0,0.0,0.7261678592416182,0.7261678592416182,0.1511558598039037,0.1511558598039037
baseline,qwen3.5:4b,autonomous_depth_only,state_303,hex_nut,20,4,16,1.0,1.0,0,20,17,0.85,0.15565919306340437,0.15565919306340437,0.6318819774388262,0.6318819774388262,4,3,0.75,0.41960123523338866,0.41960123523338866,0.48485171841025565,0.48485171841025565,16,14,0.875,0.08967368252090827,0.08967368252090827,0.6686395421959689,0.6686395421959689,2,2,1.0,0.38283029467880636,0.38283029467880636,0.5347761355130942,0.5347761355130942
baseline,qwen3.5:4b,autonomous_depth_only,state_303,round_pin,30,9,21,1.0,1.0,0,30,17,0.5666666666666667,0.4158668129742566,0.4158668129742566,0.42563325271466007,0.42563325271466007,9,0,0.0,0.7684604294425651,0.7684604294425651,0.1774912088208866,0.1774912088208866,21,17,0.8095238095238095,0.26475526305926733,0.26475526305926733,0.5319798429548487,0.5319798429548487,3,0,0.0,0.7474977331031344,0.7474977331031344,0.19861561809478012,0.19861561809478012
baseline,qwen3.5:4b,autonomous_depth_only,state_303,Waterproof_Male,10,1,9,0.8888888888888888,0.8888888888888888,0,10,5,0.5,0.31377295092117263,0.31377295092117263,0.5013650142031153,0.5013650142031153,1,0,0.0,0.7909752104943765,0.7909752104943765,0.09018341151094333,0.09018341151094333,9,5,0.5555555555555556,0.2607504776352611,0.2607504776352611,0.54705185894669,0.54705185894669,1,0,0.0,0.7909752104943765,0.7909752104943765,0.09018341151094333,0.09018341151094333
baseline,qwen3.5:4b,autonomous_depth_only,state_303,DSUB_Male,10,1,9,1.0,1.0,0,10,9,0.9,0.2501062610915753,0.2501062610915753,0.5905728117623108,0.5905728117623108,1,0,0.0,0.863619744678796,0.863619744678796,0.06908276049823155,0.06908276049823155,9,9,1.0,0.1819380962485508,0.1819380962485508,0.6485161507916529,0.6485161507916529,1,0,0.0,0.863619744678796,0.863619744678796,0.06908276049823155,0.06908276049823155
baseline,qwen3.5:4b,autonomous_depth_only,all,gear,126,36,90,0.9907407407407407,0.9907407407407407,0,126,73,0.5793650793650794,0.3349117894759713,0.3349117894759713,0.5084016542253373,0.5084016542253373,36,0,0.0,0.7432732907218927,0.7432732907218927,0.13593076098849394,0.13593076098849394,90,73,0.8111111111111111,0.1715671889776026,0.1715671889776026,0.6573900115200747,0.6573900115200747,12,0,0.0,0.7541193460251546,0.7541193460251546,0.1313292903788725,0.1313292903788725
baseline,qwen3.5:4b,autonomous_depth_only,all,hex_nut,84,16,68,0.9972426470588235,0.9972426470588235,0,84,70,0.8333333333333334,0.1821355167214725,0.1821355167214725,0.6251642510962677,0.6251642510962677,16,6,0.375,0.5287561682058574,0.5287561682058574,0.3885428986711317,0.3885428986711317,68,64,0.9411764705882353,0.10057771637220546,0.10057771637220546,0.6808398634315939,0.6808398634315939,8,3,0.375,0.5261536493066786,0.5261536493066786,0.39093344055308865,0.39093344055308865
baseline,qwen3.5:4b,autonomous_depth_only,all,round_pin,126,36,90,1.0,1.0,0,126,78,0.6190476190476191,0.3870703025661788,0.3870703025661788,0.43758354111487635,0.43758354111487635,36,0,0.0,0.7574976247154788,0.7574976247154788,0.19230005371923664,0.19230005371923664,90,78,0.8666666666666667,0.23889937370645878,0.23889937370645878,0.5356969360731322,0.5356969360731322,12,0,0.0,0.7501456284633014,0.7501456284633014,0.19974675453990762,0.19974675453990762
baseline,qwen3.5:4b,autonomous_depth_only,all,Waterproof_Male,42,4,38,0.9342105263157895,0.9342105263157895,0,42,25,0.5952380952380952,0.3153384548934496,0.3153384548934496,0.4972586553920019,0.4972586553920019,4,0,0.0,0.7699761392748281,0.7699761392748281,0.11274549995994812,0.11274549995994812,38,25,0.6578947368421053,0.26748185653751494,0.26748185653751494,0.5377337243848498,0.5377337243848498,4,0,0.0,0.7699761392748281,0.7699761392748281,0.11274549995994812,0.11274549995994812
baseline,qwen3.5:4b,autonomous_depth_only,all,USB_Male,42,2,40,1.0,1.0,0,42,39,0.9285714285714286,0.15390102679289025,0.15390102679289025,0.7095583587254175,0.7095583587254175,2,0,0.0,0.8799122842736208,0.8799122842736208,0.053565018961590466,0.053565018961590466,40,39,0.975,0.1176004639188537,0.1176004639188537,0.7423580257136088,0.7423580257136088,2,0,0.0,0.8799122842736208,0.8799122842736208,0.053565018961590466,0.053565018961590466
baseline,qwen3.5:4b,autonomous_depth_only,all,DSUB_Male,42,4,38,1.0,1.0,0,42,33,0.7857142857142857,0.2560901688291383,0.2560901688291383,0.5787106757873842,0.5787106757873842,4,0,0.0,0.8031818910990696,0.8031818910990696,0.09967818179516003,0.09967818179516003,38,33,0.868421052631579,0.198501566484935,0.198501566484935,0.6291351488391972,0.6291351488391972,4,0,0.0,0.8031818910990696,0.8031818910990696,0.09967818179516003,0.09967818179516003
family_ablation,qwen3.5:4b,all_crops,original,gear,33,9,24,0.9583333333333334,0.9583333333333334,0,33,18,0.5454545454545454,0.36329169369826575,0.36329169369826575,0.5120357514141769,0.5120357514141769,9,0,0.0,0.8579709117692177,0.8579709117692177,0.07735037354283333,0.07735037354283333,24,18,0.75,0.17778698692165876,0.17778698692165876,0.6750427681159308,0.6750427681159308,3,0,0.0,0.8579709117692177,0.8579709117692177,0.07735037354283335,0.07735037354283335
family_ablation,qwen3.5:4b,all_crops,original,hex_nut,22,4,18,1.0,1.0,0,22,14,0.6363636363636364,0.17805508600952816,0.17805508600952816,0.5421676518987721,0.5421676518987721,4,0,0.0,0.7283286717259516,0.7283286717259516,0.15660407184049188,0.15660407184049188,18,14,0.7777777777777778,0.055772066961434046,0.055772066961434046,0.627848447467279,0.627848447467279,2,0,0.0,0.7283286717259516,0.7283286717259516,0.15660407184049185,0.15660407184049185
family_ablation,qwen3.5:4b,all_crops,original,round_pin,33,9,24,1.0,1.0,0,33,21,0.6363636363636364,0.36246762860512466,0.36246762860512466,0.40342007325144896,0.40342007325144896,9,0,0.0,0.9068424703053657,0.9068424703053657,0.05851833096003711,0.05851833096003711,24,21,0.875,0.1583270629675342,0.1583270629675342,0.5327582266107284,0.5327582266107284,3,0,0.0,0.9068424703053656,0.9068424703053656,0.05851833096003711,0.05851833096003711
family_ablation,qwen3.5:4b,all_crops,original,Waterproof_Male,11,1,10,1.0,1.0,0,11,5,0.45454545454545453,0.3528923830578805,0.3528923830578805,0.47361850844151,0.47361850844151,1,0,0.0,0.8729751709970281,0.8729751709970281,0.055018780915478405,0.055018780915478405,10,5,0.5,0.3008841042639657,0.3008841042639657,0.5154784811941132,0.5154784811941132,1,0,0.0,0.8729751709970281,0.8729751709970281,0.055018780915478405,0.055018780915478405
family_ablation,qwen3.5:4b,all_crops,original,USB_Male,11,1,10,1.0,1.0,0,11,10,0.9090909090909091,0.14537722330563982,0.14537722330563982,0.6979060107298026,0.6979060107298026,1,0,0.0,0.8765800641234416,0.8765800641234416,0.02668556674647683,0.02668556674647683,10,10,1.0,0.07225693922385963,0.07225693922385963,0.7650280551281352,0.7650280551281352,1,0,0.0,0.8765800641234416,0.8765800641234416,0.02668556674647683,0.02668556674647683
family_ablation,qwen3.5:4b,all_crops,original,DSUB_Male,11,1,10,1.0,1.0,0,11,8,0.7272727272727273,0.2110629186408591,0.2110629186408591,0.668935811619953,0.668935811619953,1,0,0.0,0.8389554668286853,0.8389554668286853,0.06569828377074137,0.06569828377074137,10,8,0.8,0.14827366382207646,0.14827366382207646,0.7292595644048742,0.7292595644048742,1,0,0.0,0.8389554668286853,0.8389554668286853,0.06569828377074137,0.06569828377074137
family_ablation,qwen3.5:4b,all_crops,state_101,gear,33,9,24,1.0,1.0,0,33,18,0.5454545454545454,0.3875034526589522,0.3875034526589522,0.4922257259677056,0.4922257259677056,9,0,0.0,0.9066910355646206,0.9066910355646206,0.04851484056575145,0.04851484056575145,24,18,0.75,0.19280810906932655,0.19280810906932655,0.6586173079934384,0.6586173079934384,3,0,0.0,0.9066910355646206,0.9066910355646206,0.04851484056575145,0.04851484056575145
family_ablation,qwen3.5:4b,all_crops,state_101,hex_nut,22,4,18,1.0,1.0,0,22,12,0.5454545454545454,0.14027845235330882,0.14027845235330882,0.5521294507348902,0.5521294507348902,4,0,0.0,0.5638076887334079,0.5638076887334079,0.2313906073597705,0.2313906073597705,18,12,0.6666666666666666,0.046160844268842365,0.046160844268842365,0.6234047492626945,0.6234047492626945,2,0,0.0,0.5638076887334079,0.5638076887334079,0.23139060735977052,0.23139060735977052
family_ablation,qwen3.5:4b,all_crops,state_101,round_pin,33,9,24,1.0,1.0,0,33,18,0.5454545454545454,0.35026057162498553,0.35026057162498553,0.4103420452220401,0.4103420452220401,9,0,0.0,0.8764625163708644,0.8764625163708644,0.07344650434594642,0.07344650434594642,24,18,0.75,0.15293484234528099,0.15293484234528099,0.5366778730505751,0.5366778730505751,3,0,0.0,0.8764625163708644,0.8764625163708644,0.07344650434594642,0.07344650434594642
family_ablation,qwen3.5:4b,all_crops,state_101,Waterproof_Male,11,1,10,1.0,1.0,0,11,6,0.5454545454545454,0.3186678058631276,0.3186678058631276,0.4923196789218673,0.4923196789218673,1,0,0.0,0.8852753606056656,0.8852753606056656,0.04744721607391141,0.04744721607391141,10,6,0.6,0.2620070503888738,0.2620070503888738,0.5368069252066628,0.5368069252066628,1,0,0.0,0.8852753606056656,0.8852753606056656,0.04744721607391141,0.04744721607391141
family_ablation,qwen3.5:4b,all_crops,state_101,USB_Male,11,1,10,1.0,1.0,0,11,10,0.9090909090909091,0.14146300727457328,0.14146300727457328,0.6940609032668493,0.6940609032668493,1,0,0.0,0.8857170935983154,0.8857170935983154,0.031836969428377125,0.031836969428377125,10,10,1.0,0.06703759864219908,0.06703759864219908,0.7602832966506966,0.7602832966506966,1,0,0.0,0.8857170935983154,0.8857170935983154,0.031836969428377125,0.031836969428377125
family_ablation,qwen3.5:4b,all_crops,state_101,DSUB_Male,11,1,10,1.0,1.0,0,11,8,0.7272727272727273,0.22854512410385597,0.22854512410385597,0.6541136260207787,0.6541136260207787,1,0,0.0,0.8566402820385145,0.8566402820385145,0.05894391443399895,0.05894391443399895,10,8,0.8,0.1657356083103901,0.1657356083103901,0.7136305971794566,0.7136305971794566,1,0,0.0,0.8566402820385145,0.8566402820385145,0.05894391443399895,0.05894391443399895
family_ablation,qwen3.5:4b,all_crops,state_202,gear,33,9,24,1.0,1.0,0,33,21,0.6363636363636364,0.350910526916961,0.350910526916961,0.5229359381192569,0.5229359381192569,9,0,0.0,0.8601094466813565,0.8601094466813565,0.06582262633151797,0.06582262633151797,24,21,0.875,0.15996093200531278,0.15996093200531278,0.694353430039659,0.694353430039659,3,0,0.0,0.8601094466813565,0.8601094466813565,0.06582262633151799,0.06582262633151799
family_ablation,qwen3.5:4b,all_crops,state_202,hex_nut,22,4,18,1.0,1.0,0,22,12,0.5454545454545454,0.18422827635368824,0.18422827635368824,0.5127769816351865,0.5127769816351865,4,0,0.0,0.7961182915118281,0.7961182915118281,0.08631573449064636,0.08631573449064636,18,12,0.6666666666666666,0.048252717429657165,0.048252717429657165,0.6075461476673065,0.6075461476673065,2,0,0.0,0.7961182915118281,0.7961182915118281,0.08631573449064638,0.08631573449064638
family_ablation,qwen3.5:4b,all_crops,state_202,round_pin,33,9,24,1.0,1.0,0,33,21,0.6363636363636364,0.344543441643065,0.344543441643065,0.3967545888195725,0.3967545888195725,9,0,0.0,0.8967469536482828,0.8967469536482828,0.06297291025735599,0.06297291025735599,24,21,0.875,0.13746712464110833,0.13746712464110833,0.5219227182804037,0.5219227182804037,3,0,0.0,0.8967469536482827,0.8967469536482827,0.06297291025735598,0.06297291025735598
family_ablation,qwen3.5:4b,all_crops,state_202,Waterproof_Male,11,1,10,0.9,0.9,0,11,5,0.45454545454545453,0.3608086548856502,0.3608086548856502,0.43017582693392314,0.43017582693392314,1,0,0.0,0.8149529064679002,0.8149529064679002,0.09735193094061736,0.09735193094061736,10,5,0.5,0.3153942297274252,0.3153942297274252,0.4634582165332537,0.4634582165332537,1,0,0.0,0.8149529064679002,0.8149529064679002,0.09735193094061736,0.09735193094061736
family_ablation,qwen3.5:4b,all_crops,state_202,USB_Male,11,1,10,1.0,1.0,0,11,10,0.9090909090909091,0.14961216761789814,0.14961216761789814,0.6810297625152466,0.6810297625152466,1,0,0.0,0.9012398731141236,0.9012398731141236,0.02452696723496377,0.02452696723496377,10,10,1.0,0.07444939706827561,0.07444939706827561,0.7466800420432749,0.7466800420432749,1,0,0.0,0.9012398731141236,0.9012398731141236,0.02452696723496377,0.02452696723496377
family_ablation,qwen3.5:4b,all_crops,state_202,DSUB_Male,11,1,10,1.0,1.0,0,11,8,0.7272727272727273,0.2437620704539526,0.2437620704539526,0.6176169374067015,0.6176169374067015,1,0,0.0,0.8609841496477156,0.8609841496477156,0.05560795055209415,0.05560795055209415,10,8,0.8,0.18203986253457627,0.18203986253457627,0.6738178360921623,0.6738178360921623,1,0,0.0,0.8609841496477156,0.8609841496477156,0.05560795055209415,0.05560795055209415
family_ablation,qwen3.5:4b,all_crops,state_303,gear,33,9,24,1.0,1.0,0,33,18,0.5454545454545454,0.3993548000122682,0.3993548000122682,0.49173121227706224,0.49173121227706224,9,0,0.0,0.9054073498424411,0.9054073498424411,0.05047115597805785,0.05047115597805785,24,18,0.75,0.20958509382595328,0.20958509382595328,0.6572037333891889,0.6572037333891889,3,0,0.0,0.9054073498424412,0.9054073498424412,0.05047115597805785,0.05047115597805785
family_ablation,qwen3.5:4b,all_crops,state_303,hex_nut,22,4,18,1.0,1.0,0,22,12,0.5454545454545454,0.11722144597500496,0.11722144597500496,0.5681517462674487,0.5681517462674487,4,0,0.0,0.41837009307209794,0.41837009307209794,0.33785934992315925,0.33785934992315925,18,12,0.6666666666666666,0.0502995243978732,0.0502995243978732,0.6193278343439574,0.6193278343439574,2,0,0.0,0.41837009307209794,0.41837009307209794,0.33785934992315925,0.33785934992315925
family_ablation,qwen3.5:4b,all_crops,state_303,round_pin,33,9,24,1.0,1.0,0,33,24,0.7272727272727273,0.3419746070399016,0.3419746070399016,0.4459114845125949,0.4459114845125949,9,0,0.0,0.9028205075598384,0.9028205075598384,0.0595359186925472,0.0595359186925472,24,24,1.0,0.13165739434492532,0.13165739434492532,0.5908023216951127,0.5908023216951127,3,0,0.0,0.9028205075598384,0.9028205075598384,0.0595359186925472,0.0595359186925472
family_ablation,qwen3.5:4b,all_crops,state_303,Waterproof_Male,11,1,10,0.9,0.9,0,11,6,0.5454545454545454,0.3611408582946053,0.3611408582946053,0.47180775656866375,0.47180775656866375,1,0,0.0,0.7903996166278365,0.7903996166278365,0.10325613586812385,0.10325613586812385,10,6,0.6,0.31821498246128216,0.31821498246128216,0.5086629186387177,0.5086629186387177,1,0,0.0,0.7903996166278365,0.7903996166278365,0.10325613586812385,0.10325613586812385
family_ablation,qwen3.5:4b,all_crops,state_303,USB_Male,11,1,10,1.0,1.0,0,11,10,0.9090909090909091,0.14408304487221843,0.14408304487221843,0.6876347444481739,0.6876347444481739,1,0,0.0,0.8955042367772595,0.8955042367772595,0.030001629503830587,0.030001629503830587,10,10,1.0,0.06894092568171432,0.06894092568171432,0.7533980559426082,0.7533980559426082,1,0,0.0,0.8955042367772595,0.8955042367772595,0.030001629503830587,0.030001629503830587
family_ablation,qwen3.5:4b,all_crops,state_303,DSUB_Male,11,1,10,1.0,1.0,0,11,8,0.7272727272727273,0.25799491273025343,0.25799491273025343,0.6256721182780991,0.6256721182780991,1,0,0.0,0.8733170581754468,0.8733170581754468,0.04227354640435838,0.04227354640435838,10,8,0.8,0.1964626981857341,0.1964626981857341,0.6840119754654732,0.6840119754654732,1,0,0.0,0.8733170581754468,0.8733170581754468,0.04227354640435838,0.04227354640435838
family_ablation,qwen3.5:4b,all_crops,all,gear,132,36,96,0.9895833333333334,0.9895833333333334,0,132,75,0.5681818181818182,0.3752651183216118,0.3752651183216118,0.5047321569445504,0.5047321569445504,36,0,0.0,0.8825446859644089,0.8825446859644089,0.06053974910454015,0.06053974910454015,96,75,0.78125,0.18503528045556283,0.18503528045556283,0.6713043098845543,0.6713043098845543,12,0,0.0,0.882544685964409,0.882544685964409,0.06053974910454016,0.06053974910454016
family_ablation,qwen3.5:4b,all_crops,all,hex_nut,88,16,72,1.0,1.0,0,88,50,0.5681818181818182,0.15494581517288256,0.15494581517288256,0.5438064576340743,0.5438064576340743,16,0,0.0,0.6266561862608214,0.6266561862608214,0.20304244090351697,0.20304244090351697,72,50,0.6944444444444444,0.05012128826445169,0.05012128826445169,0.6195317946853094,0.6195317946853094,8,0,0.0,0.6266561862608213,0.6266561862608213,0.203042440903517,0.203042440903517
family_ablation,qwen3.5:4b,all_crops,all,round_pin,132,36,96,1.0,1.0,0,132,84,0.6363636363636364,0.3498115622282692,0.3498115622282692,0.41410704795141406,0.41410704795141406,36,0,0.0,0.8957181119710876,0.8957181119710876,0.06361841606397167,0.06361841606397167,96,84,0.875,0.14509660607471223,0.14509660607471223,0.545540284909205,0.545540284909205,12,0,0.0,0.8957181119710876,0.8957181119710876,0.06361841606397169,0.06361841606397169
family_ablation,qwen3.5:4b,all_crops,all,Waterproof_Male,44,4,40,0.9375,0.9375,0,44,22,0.5,0.34837742552531586,0.34837742552531586,0.4669804427164911,0.4669804427164911,4,0,0.0,0.8409007636746076,0.8409007636746076,0.07576851594953277,0.07576851594953277,40,22,0.55,0.29912509171038676,0.29912509171038676,0.5061016353931869,0.5061016353931869,4,0,0.0,0.8409007636746076,0.8409007636746076,0.07576851594953277,0.07576851594953277
family_ablation,qwen3.5:4b,all_crops,all,USB_Male,44,4,40,1.0,1.0,0,44,40,0.9090909090909091,0.14513386076758245,0.14513386076758245,0.690157855240018,0.690157855240018,4,0,0.0,0.8897603169032849,0.8897603169032849,0.028262783228412077,0.028262783228412077,40,40,1.0,0.07067121515401216,0.07067121515401216,0.7563473624411788,0.7563473624411788,4,0,0.0,0.8897603169032849,0.8897603169032849,0.028262783228412077,0.028262783228412077
family_ablation,qwen3.5:4b,all_crops,all,DSUB_Male,44,4,40,1.0,1.0,0,44,32,0.7272727272727273,0.23534125648223023,0.23534125648223023,0.6415846233313831,0.6415846233313831,4,0,0.0,0.8574742391725906,0.8574742391725906,0.055630923790298215,0.055630923790298215,40,32,0.8,0.1731279582131942,0.1731279582131942,0.7001799932854916,0.7001799932854916,4,0,0.0,0.8574742391725906,0.8574742391725906,0.055630923790298215,0.055630923790298215
family_ablation,qwen3.5:4b,autonomous_depth_only,original,gear,33,9,24,0.9583333333333334,0.9583333333333334,0,33,18,0.5454545454545454,0.36329169369826575,0.36329169369826575,0.5120357514141769,0.5120357514141769,9,0,0.0,0.8579709117692177,0.8579709117692177,0.07735037354283333,0.07735037354283333,24,18,0.75,0.17778698692165876,0.17778698692165876,0.6750427681159308,0.6750427681159308,3,0,0.0,0.8579709117692177,0.8579709117692177,0.07735037354283335,0.07735037354283335
family_ablation,qwen3.5:4b,autonomous_depth_only,original,hex_nut,22,4,18,1.0,1.0,0,22,14,0.6363636363636364,0.17805508600952816,0.17805508600952816,0.5421676518987721,0.5421676518987721,4,0,0.0,0.7283286717259516,0.7283286717259516,0.15660407184049188,0.15660407184049188,18,14,0.7777777777777778,0.055772066961434046,0.055772066961434046,0.627848447467279,0.627848447467279,2,0,0.0,0.7283286717259516,0.7283286717259516,0.15660407184049185,0.15660407184049185
family_ablation,qwen3.5:4b,autonomous_depth_only,original,round_pin,33,9,24,1.0,1.0,0,33,21,0.6363636363636364,0.36246762860512466,0.36246762860512466,0.40342007325144896,0.40342007325144896,9,0,0.0,0.9068424703053657,0.9068424703053657,0.05851833096003711,0.05851833096003711,24,21,0.875,0.1583270629675342,0.1583270629675342,0.5327582266107284,0.5327582266107284,3,0,0.0,0.9068424703053656,0.9068424703053656,0.05851833096003711,0.05851833096003711
family_ablation,qwen3.5:4b,autonomous_depth_only,original,Waterproof_Male,11,1,10,1.0,1.0,0,11,5,0.45454545454545453,0.3528923830578805,0.3528923830578805,0.47361850844151,0.47361850844151,1,0,0.0,0.8729751709970281,0.8729751709970281,0.055018780915478405,0.055018780915478405,10,5,0.5,0.3008841042639657,0.3008841042639657,0.5154784811941132,0.5154784811941132,1,0,0.0,0.8729751709970281,0.8729751709970281,0.055018780915478405,0.055018780915478405
family_ablation,qwen3.5:4b,autonomous_depth_only,original,USB_Male,11,1,10,1.0,1.0,0,11,10,0.9090909090909091,0.14537722330563982,0.14537722330563982,0.6979060107298026,0.6979060107298026,1,0,0.0,0.8765800641234416,0.8765800641234416,0.02668556674647683,0.02668556674647683,10,10,1.0,0.07225693922385963,0.07225693922385963,0.7650280551281352,0.7650280551281352,1,0,0.0,0.8765800641234416,0.8765800641234416,0.02668556674647683,0.02668556674647683
family_ablation,qwen3.5:4b,autonomous_depth_only,original,DSUB_Male,11,1,10,1.0,1.0,0,11,8,0.7272727272727273,0.2110629186408591,0.2110629186408591,0.668935811619953,0.668935811619953,1,0,0.0,0.8389554668286853,0.8389554668286853,0.06569828377074137,0.06569828377074137,10,8,0.8,0.14827366382207646,0.14827366382207646,0.7292595644048742,0.7292595644048742,1,0,0.0,0.8389554668286853,0.8389554668286853,0.06569828377074137,0.06569828377074137
family_ablation,qwen3.5:4b,autonomous_depth_only,state_101,gear,30,9,21,1.0,1.0,0,30,15,0.5,0.4244025721503837,0.4244025721503837,0.46367580116154455,0.46367580116154455,9,0,0.0,0.9066910355646206,0.9066910355646206,0.04851484056575145,0.04851484056575145,21,15,0.7142857142857143,0.21770751640142486,0.21770751640142486,0.6416019271311701,0.6416019271311701,3,0,0.0,0.9066910355646206,0.9066910355646206,0.04851484056575145,0.04851484056575145
family_ablation,qwen3.5:4b,autonomous_depth_only,state_101,hex_nut,20,4,16,1.0,1.0,0,20,10,0.5,0.1526997214474119,0.1526997214474119,0.5236760002469426,0.5236760002469426,4,0,0.0,0.5638076887334079,0.5638076887334079,0.2313906073597705,0.2313906073597705,16,10,0.625,0.049922729625912876,0.049922729625912876,0.5967473484687358,0.5967473484687358,2,0,0.0,0.5638076887334079,0.5638076887334079,0.23139060735977052,0.23139060735977052
family_ablation,qwen3.5:4b,autonomous_depth_only,state_101,round_pin,30,9,21,1.0,1.0,0,30,18,0.6,0.3740365241585849,0.3740365241585849,0.40705891909809055,0.40705891909809055,9,0,0.0,0.8764625163708644,0.8764625163708644,0.07344650434594642,0.07344650434594642,21,18,0.8571428571428571,0.15871109892475063,0.15871109892475063,0.550035668277581,0.550035668277581,3,0,0.0,0.8764625163708644,0.8764625163708644,0.07344650434594642,0.07344650434594642
family_ablation,qwen3.5:4b,autonomous_depth_only,state_101,Waterproof_Male,10,1,9,1.0,1.0,0,10,6,0.6,0.3117386143611274,0.3117386143611274,0.5228843016561403,0.5228843016561403,1,0,0.0,0.8852753606056656,0.8852753606056656,0.04744721607391141,0.04744721607391141,9,6,0.6666666666666666,0.24801230922284537,0.24801230922284537,0.5757106444986102,0.5757106444986102,1,0,0.0,0.8852753606056656,0.8852753606056656,0.04744721607391141,0.04744721607391141
family_ablation,qwen3.5:4b,autonomous_depth_only,state_101,DSUB_Male,10,1,9,1.0,1.0,0,10,8,0.8,0.17547612820483405,0.17547612820483405,0.7113168468944278,0.7113168468944278,1,0,0.0,0.8566402820385145,0.8566402820385145,0.05894391443399895,0.05894391443399895,9,8,0.8888888888888888,0.099791222223314,0.099791222223314,0.7838027282789198,0.7838027282789198,1,0,0.0,0.8566402820385145,0.8566402820385145,0.05894391443399895,0.05894391443399895
family_ablation,qwen3.5:4b,autonomous_depth_only,state_202,gear,33,9,24,1.0,1.0,0,33,21,0.6363636363636364,0.350910526916961,0.350910526916961,0.5229359381192569,0.5229359381192569,9,0,0.0,0.8601094466813565,0.8601094466813565,0.06582262633151797,0.06582262633151797,24,21,0.875,0.15996093200531278,0.15996093200531278,0.694353430039659,0.694353430039659,3,0,0.0,0.8601094466813565,0.8601094466813565,0.06582262633151799,0.06582262633151799
family_ablation,qwen3.5:4b,autonomous_depth_only,state_202,hex_nut,22,4,18,1.0,1.0,0,22,12,0.5454545454545454,0.18422827635368824,0.18422827635368824,0.5127769816351865,0.5127769816351865,4,0,0.0,0.7961182915118281,0.7961182915118281,0.08631573449064636,0.08631573449064636,18,12,0.6666666666666666,0.048252717429657165,0.048252717429657165,0.6075461476673065,0.6075461476673065,2,0,0.0,0.7961182915118281,0.7961182915118281,0.08631573449064638,0.08631573449064638
family_ablation,qwen3.5:4b,autonomous_depth_only,state_202,round_pin,33,9,24,1.0,1.0,0,33,21,0.6363636363636364,0.344543441643065,0.344543441643065,0.3967545888195725,0.3967545888195725,9,0,0.0,0.8967469536482828,0.8967469536482828,0.06297291025735599,0.06297291025735599,24,21,0.875,0.13746712464110833,0.13746712464110833,0.5219227182804037,0.5219227182804037,3,0,0.0,0.8967469536482827,0.8967469536482827,0.06297291025735598,0.06297291025735598
family_ablation,qwen3.5:4b,autonomous_depth_only,state_202,Waterproof_Male,11,1,10,0.9,0.9,0,11,5,0.45454545454545453,0.3608086548856502,0.3608086548856502,0.43017582693392314,0.43017582693392314,1,0,0.0,0.8149529064679002,0.8149529064679002,0.09735193094061736,0.09735193094061736,10,5,0.5,0.3153942297274252,0.3153942297274252,0.4634582165332537,0.4634582165332537,1,0,0.0,0.8149529064679002,0.8149529064679002,0.09735193094061736,0.09735193094061736
family_ablation,qwen3.5:4b,autonomous_depth_only,state_202,USB_Male,11,1,10,1.0,1.0,0,11,10,0.9090909090909091,0.14961216761789814,0.14961216761789814,0.6810297625152466,0.6810297625152466,1,0,0.0,0.9012398731141236,0.9012398731141236,0.02452696723496377,0.02452696723496377,10,10,1.0,0.07444939706827561,0.07444939706827561,0.7466800420432749,0.7466800420432749,1,0,0.0,0.9012398731141236,0.9012398731141236,0.02452696723496377,0.02452696723496377
family_ablation,qwen3.5:4b,autonomous_depth_only,state_202,DSUB_Male,11,1,10,1.0,1.0,0,11,8,0.7272727272727273,0.2437620704539526,0.2437620704539526,0.6176169374067015,0.6176169374067015,1,0,0.0,0.8609841496477156,0.8609841496477156,0.05560795055209415,0.05560795055209415,10,8,0.8,0.18203986253457627,0.18203986253457627,0.6738178360921623,0.6738178360921623,1,0,0.0,0.8609841496477156,0.8609841496477156,0.05560795055209415,0.05560795055209415
family_ablation,qwen3.5:4b,autonomous_depth_only,state_303,gear,30,9,21,1.0,1.0,0,30,15,0.5,0.43703887362337884,0.43703887362337884,0.4578485150401714,0.4578485150401714,9,0,0.0,0.9054073498424411,0.9054073498424411,0.05047115597805785,0.05047115597805785,21,15,0.7142857142857143,0.2363095266723521,0.2363095266723521,0.6324388117810772,0.6324388117810772,3,0,0.0,0.9054073498424412,0.9054073498424412,0.05047115597805785,0.05047115597805785
family_ablation,qwen3.5:4b,autonomous_depth_only,state_303,hex_nut,20,4,16,1.0,1.0,0,20,10,0.5,0.12456100799287255,0.12456100799287255,0.5416255609629244,0.5416255609629244,4,0,0.0,0.41837009307209794,0.41837009307209794,0.33785934992315925,0.33785934992315925,16,10,0.625,0.0511087367230662,0.0511087367230662,0.5925671137228656,0.5925671137228656,2,0,0.0,0.41837009307209794,0.41837009307209794,0.33785934992315925,0.33785934992315925
family_ablation,qwen3.5:4b,autonomous_depth_only,state_303,round_pin,30,9,21,1.0,1.0,0,30,21,0.7,0.35874425352004624,0.35874425352004624,0.4387013276777477,0.4387013276777477,9,0,0.0,0.9028205075598384,0.9028205075598384,0.0595359186925472,0.0595359186925472,21,21,1.0,0.125568716074421,0.125568716074421,0.601200788671405,0.601200788671405,3,0,0.0,0.9028205075598384,0.9028205075598384,0.0595359186925472,0.0595359186925472
family_ablation,qwen3.5:4b,autonomous_depth_only,state_303,Waterproof_Male,10,1,9,0.8888888888888888,0.8888888888888888,0,10,6,0.6,0.3543574029356059,0.3543574029356059,0.4951149623050779,0.4951149623050779,1,0,0.0,0.7903996166278365,0.7903996166278365,0.10325613586812385,0.10325613586812385,9,6,0.6666666666666666,0.30590826808091365,0.30590826808091365,0.538654831909184,0.538654831909184,1,0,0.0,0.7903996166278365,0.7903996166278365,0.10325613586812385,0.10325613586812385
family_ablation,qwen3.5:4b,autonomous_depth_only,state_303,DSUB_Male,10,1,9,1.0,1.0,0,10,8,0.8,0.2072210739441533,0.2072210739441533,0.679416917396371,0.679416917396371,1,0,0.0,0.8733170581754468,0.8733170581754468,0.04227354640435838,0.04227354640435838,9,8,0.8888888888888888,0.13321040902956516,0.13321040902956516,0.7502106252843724,0.7502106252843724,1,0,0.0,0.8733170581754468,0.8733170581754468,0.04227354640435838,0.04227354640435838
family_ablation,qwen3.5:4b,autonomous_depth_only,all,gear,126,36,90,0.9888888888888889,0.9888888888888889,0,126,69,0.5476190476190477,0.3921580686786933,0.3921580686786933,0.49047456540202217,0.49047456540202217,36,0,0.0,0.8825446859644089,0.8825446859644089,0.06053974910454015,0.06053974910454015,90,69,0.7666666666666667,0.19600342176440705,0.19600342176440705,0.6624484919210148,0.6624484919210148,12,0,0.0,0.882544685964409,0.882544685964409,0.06053974910454016,0.06053974910454016
family_ablation,qwen3.5:4b,autonomous_depth_only,all,hex_nut,84,16,68,1.0,1.0,0,84,46,0.5476190476190477,0.16089819715233866,0.16089819715233866,0.5299382519279098,0.5299382519279098,16,0,0.0,0.6266561862608214,0.6266561862608214,0.20304244090351697,0.20304244090351697,68,46,0.6764705882352942,0.05130808206798981,0.05130808206798981,0.6068549133454141,0.6068549133454141,8,0,0.0,0.6266561862608213,0.6266561862608213,0.203042440903517,0.203042440903517
family_ablation,qwen3.5:4b,autonomous_depth_only,all,round_pin,126,36,90,1.0,1.0,0,126,81,0.6428571428571429,0.35964117975039045,0.35964117975039045,0.4109410416795147,0.4109410416795147,36,0,0.0,0.8957181119710876,0.8957181119710876,0.06361841606397167,0.06361841606397167,90,81,0.9,0.1452104068621114,0.1452104068621114,0.549870091925732,0.549870091925732,12,0,0.0,0.8957181119710876,0.8957181119710876,0.06361841606397169,0.06361841606397169
family_ablation,qwen3.5:4b,autonomous_depth_only,all,Waterproof_Male,42,4,38,0.9342105263157895,0.9342105263157895,0,42,22,0.5238095238095238,0.34551599024633745,0.34551599024633745,0.47908881735099873,0.47908881735099873,4,0,0.0,0.8409007636746076,0.8409007636746076,0.07576851594953277,0.07576851594953277,38,22,0.5789473684210527,0.29337022462230894,0.29337022462230894,0.5215435859195742,0.5215435859195742,4,0,0.0,0.8409007636746076,0.8409007636746076,0.07576851594953277,0.07576851594953277
family_ablation,qwen3.5:4b,autonomous_depth_only,all,USB_Male,42,2,40,1.0,1.0,0,42,40,0.9523809523809523,0.10963496531900124,0.10963496531900124,0.7215501674197284,0.7215501674197284,2,0,0.0,0.8889099686187826,0.8889099686187826,0.0256062669907203,0.0256062669907203,40,40,1.0,0.07067121515401216,0.07067121515401216,0.7563473624411788,0.7563473624411788,2,0,0.0,0.8889099686187826,0.8889099686187826,0.0256062669907203,0.0256062669907203
family_ablation,qwen3.5:4b,autonomous_depth_only,all,DSUB_Male,42,4,38,1.0,1.0,0,42,32,0.7619047619047619,0.21023921194125722,0.21023921194125722,0.6680813781476473,0.6680813781476473,4,0,0.0,0.8574742391725906,0.8574742391725906,0.055630923790298215,0.055630923790298215,38,32,0.8421052631578947,0.14210920907480104,0.14210920907480104,0.7325498470273683,0.7325498470273683,4,0,0.0,0.8574742391725906,0.8574742391725906,0.055630923790298215,0.055630923790298215
baseline,qwen3.5:9b,all_crops,original,gear,33,9,24,1.0,1.0,0,33,1,0.030303030303030304,0.46625892361001714,0.46625892361001714,0.18973741564556704,0.18973741564556704,9,0,0.0,0.9863337147013537,0.9863337147013537,0.007764626510324256,0.007764626510324256,24,1,0.041666666666666664,0.2712308769507659,0.2712308769507659,0.25797721157128306,0.25797721157128306,3,0,0.0,0.9864002465636202,0.9864002465636202,0.007760656095833686,0.007760656095833686
baseline,qwen3.5:9b,all_crops,original,hex_nut,22,4,18,1.0,1.0,0,22,1,0.045454545454545456,0.21004195692072028,0.21004195692072028,0.19947521900611956,0.19947521900611956,4,0,0.0,0.9740456934091632,0.9740456934091632,0.020258693385798533,0.020258693385798533,18,1,0.05555555555555555,0.0402633488121774,0.0402633488121774,0.2393011135884131,0.2393011135884131,2,0,0.0,0.9716531031098578,0.9716531031098578,0.02220972811281485,0.02220972811281485
baseline,qwen3.5:9b,all_crops,original,round_pin,33,9,24,1.0,1.0,0,33,0,0.0,0.8084417183209552,0.8084417183209552,0.10182808136504287,0.10182808136504287,9,0,0.0,0.9871810013370644,0.9871810013370644,0.00994204752014194,0.00994204752014194,24,0,0.0,0.7414144871899143,0.7414144871899143,0.13628534405688073,0.13628534405688073,3,0,0.0,0.9883604647154368,0.9883604647154368,0.009009737079842891,0.009009737079842891
baseline,qwen3.5:9b,all_crops,original,Waterproof_Male,11,1,10,1.0,1.0,0,11,1,0.09090909090909091,0.4345888693812629,0.4345888693812629,0.2179551391163371,0.2179551391163371,1,0,0.0,0.9883934855811446,0.9883934855811446,0.008848611573287025,0.008848611573287025,10,1,0.1,0.37920840776127474,0.37920840776127474,0.2388657918706421,0.2388657918706421,1,0,0.0,0.9883934855811446,0.9883934855811446,0.008848611573287025,0.008848611573287025
baseline,qwen3.5:9b,all_crops,original,USB_Male,11,1,10,1.0,1.0,0,11,1,0.09090909090909091,0.15275477501946888,0.15275477501946888,0.2024575106074276,0.2024575106074276,1,0,0.0,0.9791847465539907,0.9791847465539907,0.011047139391587826,0.011047139391587826,10,1,0.1,0.0701117778660167,0.0701117778660167,0.22159854772901158,0.22159854772901158,1,0,0.0,0.9791847465539907,0.9791847465539907,0.011047139391587826,0.011047139391587826
baseline,qwen3.5:9b,all_crops,original,DSUB_Male,11,1,10,1.0,1.0,0,11,5,0.45454545454545453,0.4016638381669844,0.4016638381669844,0.3629337865668246,0.3629337865668246,1,0,0.0,0.9883656505754764,0.9883656505754764,0.0078004504330009255,0.0078004504330009255,10,5,0.5,0.34299365692613526,0.34299365692613526,0.398447120180207,0.398447120180207,1,0,0.0,0.9883656505754764,0.9883656505754764,0.0078004504330009255,0.0078004504330009255
baseline,qwen3.5:9b,all_crops,state_101,gear,33,9,24,0.9629629629629629,0.9629629629629629,0,33,7,0.21212121212121213,0.4593344628475732,0.4593344628475732,0.2576118576487473,0.2576118576487473,9,0,0.0,0.9836667975598794,0.9836667975598794,0.00824934205061877,0.00824934205061877,24,7,0.2916666666666667,0.26270983733045844,0.26270983733045844,0.35112280099804544,0.35112280099804544,3,0,0.0,0.9835590721485502,0.9835590721485502,0.008982257881552333,0.008982257881552333
baseline,qwen3.5:9b,all_crops,state_101,hex_nut,22,4,18,1.0,1.0,0,22,2,0.09090909090909091,0.19902166694851645,0.19902166694851645,0.2617223041333997,0.2617223041333997,4,0,0.0,0.9443706879947008,0.9443706879947008,0.04063647250893307,0.04063647250893307,18,2,0.1111111111111111,0.03338855116047548,0.03338855116047548,0.31085248893883677,0.31085248893883677,2,0,0.0,0.9598096915256212,0.9598096915256212,0.028463728737897452,0.028463728737897452
baseline,qwen3.5:9b,all_crops,state_101,round_pin,33,9,24,1.0,1.0,0,33,3,0.09090909090909091,0.7206671395399052,0.7206671395399052,0.13835118362284549,0.13835118362284549,9,0,0.0,0.9721682535454056,0.9721682535454056,0.021510176893656956,0.021510176893656956,24,3,0.125,0.6263542217878425,0.6263542217878425,0.18216656114629118,0.18216656114629118,3,0,0.0,0.9728080630877513,0.9728080630877513,0.020642662008696955,0.020642662008696955
baseline,qwen3.5:9b,all_crops,state_101,Waterproof_Male,11,1,10,1.0,1.0,0,11,3,0.2727272727272727,0.44333909028842167,0.44333909028842167,0.28718289045877926,0.28718289045877926,1,0,0.0,0.9867760539683733,0.9867760539683733,0.010303117086796333,0.010303117086796333,10,3,0.3,0.3889953939204265,0.3889953939204265,0.31487086779597756,0.31487086779597756,1,0,0.0,0.9867760539683733,0.9867760539683733,0.010303117086796333,0.010303117086796333
baseline,qwen3.5:9b,all_crops,state_101,USB_Male,11,1,10,1.0,1.0,0,11,0,0.0,0.191608150025153,0.191608150025153,0.1870785910062588,0.1870785910062588,1,0,0.0,0.9879665968422295,0.9879665968422295,0.007944706477498384,0.007944706477498384,10,0,0.0,0.11197230534344534,0.11197230534344534,0.20499197945913483,0.20499197945913483,1,0,0.0,0.9879665968422295,0.9879665968422295,0.007944706477498384,0.007944706477498384
baseline,qwen3.5:9b,all_crops,state_101,DSUB_Male,11,1,10,0.9,0.9,0,11,3,0.2727272727272727,0.440389126650224,0.440389126650224,0.3064544311480485,0.3064544311480485,1,0,0.0,0.9795057772323327,0.9795057772323327,0.01362620973173259,0.01362620973173259,10,3,0.3,0.3864774615920131,0.3864774615920131,0.33573725328968007,0.33573725328968007,1,0,0.0,0.9795057772323327,0.9795057772323327,0.01362620973173259,0.01362620973173259
baseline,qwen3.5:9b,all_crops,state_202,gear,33,9,24,0.9629629629629629,0.9629629629629629,0,33,1,0.030303030303030304,0.4752387046942837,0.4752387046942837,0.1853893685717811,0.1853893685717811,9,0,0.0,0.974355511751176,0.974355511751176,0.01111658214664715,0.01111658214664715,24,1,0.041666666666666664,0.2880699020479492,0.2880699020479492,0.25074166348120636,0.25074166348120636,3,0,0.0,0.9699286609099921,0.9699286609099921,0.013178807611490656,0.013178807611490656
baseline,qwen3.5:9b,all_crops,state_202,hex_nut,22,4,18,1.0,1.0,0,22,0,0.0,0.20198477773733164,0.20198477773733164,0.20041562455872072,0.20041562455872072,4,0,0.0,0.9598066056420423,0.9598066056420423,0.024372720994338803,0.024372720994338803,18,0,0.0,0.033579927091840385,0.033579927091840385,0.23953626979525,0.23953626979525,2,0,0.0,0.9507893618226443,0.9507893618226443,0.02956071126504219,0.02956071126504219
baseline,qwen3.5:9b,all_crops,state_202,round_pin,33,9,24,1.0,1.0,0,33,0,0.0,0.7558920072599608,0.7558920072599608,0.11342290985531515,0.11342290985531515,9,0,0.0,0.9802145692146359,0.9802145692146359,0.015184805352712787,0.015184805352712787,24,0,0.0,0.6717710465269575,0.6717710465269575,0.15026219904379104,0.15026219904379104,3,0,0.0,0.9808511134657008,0.9808511134657008,0.014740379217082752,0.014740379217082752
baseline,qwen3.5:9b,all_crops,state_202,Waterproof_Male,11,1,10,0.9,0.9,0,11,1,0.09090909090909091,0.4569115351299502,0.4569115351299502,0.20253293346189255,0.20253293346189255,1,0,0.0,0.9776588073208066,0.9776588073208066,0.015450431736648323,0.015450431736648323,10,1,0.1,0.40483680791086457,0.40483680791086457,0.22124118363441703,0.22124118363441703,1,0,0.0,0.9776588073208066,0.9776588073208066,0.015450431736648323,0.015450431736648323
baseline,qwen3.5:9b,all_crops,state_202,USB_Male,11,1,10,1.0,1.0,0,11,1,0.09090909090909091,0.16460683100146525,0.16460683100146525,0.19487506633225948,0.19487506633225948,1,0,0.0,0.9822121264197585,0.9822121264197585,0.008869847671570473,0.008869847671570473,10,1,0.1,0.08284630145963592,0.08284630145963592,0.2134755881983284,0.2134755881983284,1,0,0.0,0.9822121264197585,0.9822121264197585,0.008869847671570473,0.008869847671570473
baseline,qwen3.5:9b,all_crops,state_202,DSUB_Male,11,1,10,1.0,1.0,0,11,3,0.2727272727272727,0.4748584708117465,0.4748584708117465,0.283496067062623,0.283496067062623,1,0,0.0,0.9811873439557939,0.9811873439557939,0.015142196729912643,0.015142196729912643,10,3,0.3,0.42422558349734174,0.42422558349734174,0.310331454095894,0.310331454095894,1,0,0.0,0.9811873439557939,0.9811873439557939,0.015142196729912643,0.015142196729912643
baseline,qwen3.5:9b,all_crops,state_303,gear,33,9,24,0.9629629629629629,0.9629629629629629,0,33,1,0.030303030303030304,0.48678057079708975,0.48678057079708975,0.17846474911865295,0.17846474911865295,9,0,0.0,0.9827776750860657,0.9827776750860657,0.009795541900393008,0.009795541900393008,24,1,0.041666666666666664,0.30078165668872375,0.30078165668872375,0.24171570182550048,0.24171570182550048,3,0,0.0,0.9850510756418022,0.9850510756418022,0.008778965548329186,0.008778965548329186
baseline,qwen3.5:9b,all_crops,state_303,hex_nut,22,4,18,1.0,1.0,0,22,0,0.0,0.19852703938057079,0.19852703938057079,0.22770514357378627,0.22770514357378627,4,0,0.0,0.9614922113307041,0.9614922113307041,0.02319416055010707,0.02319416055010707,18,0,0.0,0.028979223391652303,0.028979223391652303,0.2731520286901594,0.2731520286901594,2,0,0.0,0.9468179946331472,0.9468179946331472,0.02994051942988331,0.02994051942988331
baseline,qwen3.5:9b,all_crops,state_303,round_pin,33,9,24,1.0,1.0,0,33,1,0.030303030303030304,0.7841710781338604,0.7841710781338604,0.10948721411355478,0.10948721411355478,9,0,0.0,0.9842246505175383,0.9842246505175383,0.01248158619736097,0.01248158619736097,24,1,0.041666666666666664,0.7091509884899813,0.7091509884899813,0.14586432458212747,0.14586432458212747,3,0,0.0,0.9862348835659315,0.9862348835659315,0.011232693324678059,0.011232693324678059
baseline,qwen3.5:9b,all_crops,state_303,Waterproof_Male,11,1,10,0.9,0.9,0,11,1,0.09090909090909091,0.44704982993573855,0.44704982993573855,0.20808744874900675,0.20808744874900675,1,0,0.0,0.9876156452125334,0.9876156452125334,0.00891384992725948,0.00891384992725948,10,1,0.1,0.3929932484080591,0.3929932484080591,0.2280048086311815,0.2280048086311815,1,0,0.0,0.9876156452125334,0.9876156452125334,0.00891384992725948,0.00891384992725948
baseline,qwen3.5:9b,all_crops,state_303,USB_Male,11,1,10,1.0,1.0,0,11,1,0.09090909090909091,0.15072392831000558,0.15072392831000558,0.2034378148897854,0.2034378148897854,1,0,0.0,0.9880384209158363,0.9880384209158363,0.008076700537692886,0.008076700537692886,10,1,0.1,0.06699247904942249,0.06699247904942249,0.22297392632499466,0.22297392632499466,1,0,0.0,0.9880384209158363,0.9880384209158363,0.008076700537692886,0.008076700537692886
baseline,qwen3.5:9b,all_crops,state_303,DSUB_Male,11,1,10,1.0,1.0,0,11,3,0.2727272727272727,0.5011427124172553,0.5011427124172553,0.26499429556597565,0.26499429556597565,1,0,0.0,0.9873194698262888,0.9873194698262888,0.008954931440458695,0.008954931440458695,10,3,0.3,0.4525250366763519,0.4525250366763519,0.2905982319785273,0.2905982319785273,1,0,0.0,0.9873194698262888,0.9873194698262888,0.008954931440458695,0.008954931440458695
baseline,qwen3.5:9b,all_crops,all,gear,132,36,96,0.9661458333333334,0.9661458333333334,0,132,10,0.07575757575757576,0.4719031654872409,0.4719031654872409,0.2028008477461871,0.2028008477461871,36,0,0.0,0.9817834247746187,0.9817834247746187,0.009231523151995796,0.009231523151995796,96,10,0.10416666666666667,0.28069806825447435,0.28069806825447435,0.2753893444690088,0.2753893444690088,12,0,0.0,0.9812347638159911,0.9812347638159911,0.009675171784301466,0.009675171784301466
baseline,qwen3.5:9b,all_crops,all,hex_nut,88,16,72,1.0,1.0,0,88,3,0.03409090909090909,0.20239386024678482,0.20239386024678482,0.22232957281800658,0.22232957281800658,16,0,0.0,0.9599287995941526,0.9599287995941526,0.02711551185979437,0.02711551185979437,72,3,0.041666666666666664,0.0340527626140364,0.0340527626140364,0.2657104752531649,0.2657104752531649,8,0,0.0,0.9572675377728176,0.9572675377728176,0.027543671886409448,0.027543671886409448
baseline,qwen3.5:9b,all_crops,all,round_pin,132,36,96,1.0,1.0,0,132,4,0.030303030303030304,0.7672929858136703,0.7672929858136703,0.11577234723918957,0.11577234723918957,36,0,0.0,0.9809471186536611,0.9809471186536611,0.014779653990968164,0.014779653990968164,96,4,0.041666666666666664,0.6871726859986739,0.6871726859986739,0.1536446072072726,0.1536446072072726,12,0,0.0,0.9820636312087051,0.9820636312087051,0.013906367907575165,0.013906367907575165
baseline,qwen3.5:9b,all_crops,all,Waterproof_Male,44,4,40,0.95,0.95,0,44,6,0.13636363636363635,0.44547233118384333,0.44547233118384333,0.22893960294650387,0.22893960294650387,4,0,0.0,0.9851109980207146,0.9851109980207146,0.01087900258099779,0.01087900258099779,40,6,0.15,0.3915084645001562,0.3915084645001562,0.25074566298305456,0.25074566298305456,4,0,0.0,0.9851109980207146,0.9851109980207146,0.01087900258099779,0.01087900258099779
baseline,qwen3.5:9b,all_crops,all,USB_Male,44,4,40,1.0,1.0,0,44,3,0.06818181818181818,0.16492342108902316,0.16492342108902316,0.1969622457089328,0.1969622457089328,4,0,0.0,0.9843504726829538,0.9843504726829538,0.008984598519587392,0.008984598519587392,40,3,0.075,0.08298071592963012,0.08298071592963012,0.2157600104278674,0.2157600104278674,4,0,0.0,0.9843504726829538,0.9843504726829538,0.008984598519587392,0.008984598519587392
baseline,qwen3.5:9b,all_crops,all,DSUB_Male,44,4,40,0.99375,0.99375,0,44,14,0.3181818181818182,0.4545135370115526,0.4545135370115526,0.30446964508586793,0.30446964508586793,4,0,0.0,0.984094560397473,0.984094560397473,0.011380947083776214,0.011380947083776214,40,14,0.35,0.4015554346729605,0.4015554346729605,0.3337785148860771,0.3337785148860771,4,0,0.0,0.984094560397473,0.984094560397473,0.011380947083776214,0.011380947083776214
baseline,qwen3.5:9b,autonomous_depth_only,original,gear,33,9,24,1.0,1.0,0,33,1,0.030303030303030304,0.46625892361001714,0.46625892361001714,0.18973741564556704,0.18973741564556704,9,0,0.0,0.9863337147013537,0.9863337147013537,0.007764626510324256,0.007764626510324256,24,1,0.041666666666666664,0.2712308769507659,0.2712308769507659,0.25797721157128306,0.25797721157128306,3,0,0.0,0.9864002465636202,0.9864002465636202,0.007760656095833686,0.007760656095833686
baseline,qwen3.5:9b,autonomous_depth_only,original,hex_nut,22,4,18,1.0,1.0,0,22,1,0.045454545454545456,0.21004195692072028,0.21004195692072028,0.19947521900611956,0.19947521900611956,4,0,0.0,0.9740456934091632,0.9740456934091632,0.020258693385798533,0.020258693385798533,18,1,0.05555555555555555,0.0402633488121774,0.0402633488121774,0.2393011135884131,0.2393011135884131,2,0,0.0,0.9716531031098578,0.9716531031098578,0.02220972811281485,0.02220972811281485
baseline,qwen3.5:9b,autonomous_depth_only,original,round_pin,33,9,24,1.0,1.0,0,33,0,0.0,0.8084417183209552,0.8084417183209552,0.10182808136504287,0.10182808136504287,9,0,0.0,0.9871810013370644,0.9871810013370644,0.00994204752014194,0.00994204752014194,24,0,0.0,0.7414144871899143,0.7414144871899143,0.13628534405688073,0.13628534405688073,3,0,0.0,0.9883604647154368,0.9883604647154368,0.009009737079842891,0.009009737079842891
baseline,qwen3.5:9b,autonomous_depth_only,original,Waterproof_Male,11,1,10,1.0,1.0,0,11,1,0.09090909090909091,0.4345888693812629,0.4345888693812629,0.2179551391163371,0.2179551391163371,1,0,0.0,0.9883934855811446,0.9883934855811446,0.008848611573287025,0.008848611573287025,10,1,0.1,0.37920840776127474,0.37920840776127474,0.2388657918706421,0.2388657918706421,1,0,0.0,0.9883934855811446,0.9883934855811446,0.008848611573287025,0.008848611573287025
baseline,qwen3.5:9b,autonomous_depth_only,original,USB_Male,11,1,10,1.0,1.0,0,11,1,0.09090909090909091,0.15275477501946888,0.15275477501946888,0.2024575106074276,0.2024575106074276,1,0,0.0,0.9791847465539907,0.9791847465539907,0.011047139391587826,0.011047139391587826,10,1,0.1,0.0701117778660167,0.0701117778660167,0.22159854772901158,0.22159854772901158,1,0,0.0,0.9791847465539907,0.9791847465539907,0.011047139391587826,0.011047139391587826
baseline,qwen3.5:9b,autonomous_depth_only,original,DSUB_Male,11,1,10,1.0,1.0,0,11,5,0.45454545454545453,0.4016638381669844,0.4016638381669844,0.3629337865668246,0.3629337865668246,1,0,0.0,0.9883656505754764,0.9883656505754764,0.0078004504330009255,0.0078004504330009255,10,5,0.5,0.34299365692613526,0.34299365692613526,0.398447120180207,0.398447120180207,1,0,0.0,0.9883656505754764,0.9883656505754764,0.0078004504330009255,0.0078004504330009255
baseline,qwen3.5:9b,autonomous_depth_only,state_101,gear,30,9,21,0.9576719576719577,0.9576719576719577,0,30,7,0.23333333333333334,0.5044294786628432,0.5044294786628432,0.24592430067781354,0.24592430067781354,9,0,0.0,0.9836667975598794,0.9836667975598794,0.00824934205061877,0.00824934205061877,21,7,0.3333333333333333,0.29904205627839914,0.29904205627839914,0.34778499723232553,0.34778499723232553,3,0,0.0,0.9835590721485502,0.9835590721485502,0.008982257881552333,0.008982257881552333
baseline,qwen3.5:9b,autonomous_depth_only,state_101,hex_nut,20,4,16,1.0,1.0,0,20,2,0.1,0.21869057225511795,0.21869057225511795,0.26406542721320597,0.26406542721320597,4,0,0.0,0.9443706879947008,0.9443706879947008,0.04063647250893307,0.04063647250893307,16,2,0.125,0.03727054332022227,0.03727054332022227,0.3199226658892742,0.3199226658892742,2,0,0.0,0.9598096915256212,0.9598096915256212,0.028463728737897452,0.028463728737897452
baseline,qwen3.5:9b,autonomous_depth_only,state_101,round_pin,30,9,21,1.0,1.0,0,30,3,0.1,0.7622486736064052,0.7622486736064052,0.12087160256685396,0.12087160256685396,9,0,0.0,0.9721682535454056,0.9721682535454056,0.021510176893656956,0.021510176893656956,21,3,0.14285714285714285,0.6722831393468335,0.6722831393468335,0.1634550707125098,0.1634550707125098,3,0,0.0,0.9728080630877513,0.9728080630877513,0.020642662008696955,0.020642662008696955
baseline,qwen3.5:9b,autonomous_depth_only,state_101,Waterproof_Male,10,1,9,1.0,1.0,0,10,3,0.3,0.3906588582662686,0.3906588582662686,0.31398650341101036,0.31398650341101036,1,0,0.0,0.9867760539683733,0.9867760539683733,0.010303117086796333,0.010303117086796333,9,3,0.3333333333333333,0.3244236142993681,0.3244236142993681,0.3477291018914786,0.3477291018914786,1,0,0.0,0.9867760539683733,0.9867760539683733,0.010303117086796333,0.010303117086796333
baseline,qwen3.5:9b,autonomous_depth_only,state_101,DSUB_Male,10,1,9,1.0,1.0,0,10,3,0.3,0.38642424664219976,0.38642424664219976,0.3357058021059687,0.3357058021059687,1,0,0.0,0.9795057772323327,0.9795057772323327,0.01362620973173259,0.01362620973173259,9,3,0.3333333333333333,0.3205262987988517,0.3205262987988517,0.3714924234808838,0.3714924234808838,1,0,0.0,0.9795057772323327,0.9795057772323327,0.01362620973173259,0.01362620973173259
baseline,qwen3.5:9b,autonomous_depth_only,state_202,gear,33,9,24,0.9629629629629629,0.9629629629629629,0,33,1,0.030303030303030304,0.4752387046942837,0.4752387046942837,0.1853893685717811,0.1853893685717811,9,0,0.0,0.974355511751176,0.974355511751176,0.01111658214664715,0.01111658214664715,24,1,0.041666666666666664,0.2880699020479492,0.2880699020479492,0.25074166348120636,0.25074166348120636,3,0,0.0,0.9699286609099921,0.9699286609099921,0.013178807611490656,0.013178807611490656
baseline,qwen3.5:9b,autonomous_depth_only,state_202,hex_nut,22,4,18,1.0,1.0,0,22,0,0.0,0.20198477773733164,0.20198477773733164,0.20041562455872072,0.20041562455872072,4,0,0.0,0.9598066056420423,0.9598066056420423,0.024372720994338803,0.024372720994338803,18,0,0.0,0.033579927091840385,0.033579927091840385,0.23953626979525,0.23953626979525,2,0,0.0,0.9507893618226443,0.9507893618226443,0.02956071126504219,0.02956071126504219
baseline,qwen3.5:9b,autonomous_depth_only,state_202,round_pin,33,9,24,1.0,1.0,0,33,0,0.0,0.7558920072599608,0.7558920072599608,0.11342290985531515,0.11342290985531515,9,0,0.0,0.9802145692146359,0.9802145692146359,0.015184805352712787,0.015184805352712787,24,0,0.0,0.6717710465269575,0.6717710465269575,0.15026219904379104,0.15026219904379104,3,0,0.0,0.9808511134657008,0.9808511134657008,0.014740379217082752,0.014740379217082752
baseline,qwen3.5:9b,autonomous_depth_only,state_202,Waterproof_Male,11,1,10,0.9,0.9,0,11,1,0.09090909090909091,0.4569115351299502,0.4569115351299502,0.20253293346189255,0.20253293346189255,1,0,0.0,0.9776588073208066,0.9776588073208066,0.015450431736648323,0.015450431736648323,10,1,0.1,0.40483680791086457,0.40483680791086457,0.22124118363441703,0.22124118363441703,1,0,0.0,0.9776588073208066,0.9776588073208066,0.015450431736648323,0.015450431736648323
baseline,qwen3.5:9b,autonomous_depth_only,state_202,USB_Male,11,1,10,1.0,1.0,0,11,1,0.09090909090909091,0.16460683100146525,0.16460683100146525,0.19487506633225948,0.19487506633225948,1,0,0.0,0.9822121264197585,0.9822121264197585,0.008869847671570473,0.008869847671570473,10,1,0.1,0.08284630145963592,0.08284630145963592,0.2134755881983284,0.2134755881983284,1,0,0.0,0.9822121264197585,0.9822121264197585,0.008869847671570473,0.008869847671570473
baseline,qwen3.5:9b,autonomous_depth_only,state_202,DSUB_Male,11,1,10,1.0,1.0,0,11,3,0.2727272727272727,0.4748584708117465,0.4748584708117465,0.283496067062623,0.283496067062623,1,0,0.0,0.9811873439557939,0.9811873439557939,0.015142196729912643,0.015142196729912643,10,3,0.3,0.42422558349734174,0.42422558349734174,0.310331454095894,0.310331454095894,1,0,0.0,0.9811873439557939,0.9811873439557939,0.015142196729912643,0.015142196729912643
baseline,qwen3.5:9b,autonomous_depth_only,state_303,gear,30,9,21,0.9576719576719577,0.9576719576719577,0,30,1,0.03333333333333333,0.5346010380562564,0.5346010380562564,0.15744112702727364,0.15744112702727364,9,0,0.0,0.9827776750860657,0.9827776750860657,0.009795541900393008,0.009795541900393008,21,1,0.047619047619047616,0.3425253364720523,0.3425253364720523,0.22071780636736532,0.22071780636736532,3,0,0.0,0.9850510756418022,0.9850510756418022,0.008778965548329186,0.008778965548329186
baseline,qwen3.5:9b,autonomous_depth_only,state_303,hex_nut,20,4,16,1.0,1.0,0,20,0,0.0,0.216843477804397,0.216843477804397,0.2157266493804178,0.2157266493804178,4,0,0.0,0.9614922113307041,0.9614922113307041,0.02319416055010707,0.02319416055010707,16,0,0.0,0.030681294422820242,0.030681294422820242,0.26385977158799545,0.26385977158799545,2,0,0.0,0.9468179946331472,0.9468179946331472,0.02994051942988331,0.02994051942988331
baseline,qwen3.5:9b,autonomous_depth_only,state_303,round_pin,30,9,21,1.0,1.0,0,30,1,0.03333333333333333,0.8245790759560284,0.8245790759560284,0.09403733446365034,0.09403733446365034,9,0,0.0,0.9842246505175383,0.9842246505175383,0.01248158619736097,0.01248158619736097,21,1,0.047619047619047616,0.7561595440010954,0.7561595440010954,0.12898979800634583,0.12898979800634583,3,0,0.0,0.9862348835659315,0.9862348835659315,0.011232693324678059,0.011232693324678059
baseline,qwen3.5:9b,autonomous_depth_only,state_303,Waterproof_Male,10,1,9,0.8888888888888888,0.8888888888888888,0,10,1,0.1,0.3951048800969822,0.3951048800969822,0.22644820560855905,0.22644820560855905,1,0,0.0,0.9876156452125334,0.9876156452125334,0.00891384992725948,0.00891384992725948,9,1,0.1111111111111111,0.3292703506396988,0.3292703506396988,0.2506186895731479,0.2506186895731479,1,0,0.0,0.9876156452125334,0.9876156452125334,0.00891384992725948,0.00891384992725948
baseline,qwen3.5:9b,autonomous_depth_only,state_303,DSUB_Male,10,1,9,1.0,1.0,0,10,3,0.3,0.45407620595306925,0.45407620595306925,0.28939617753784586,0.28939617753784586,1,0,0.0,0.9873194698262888,0.9873194698262888,0.008954931440458695,0.008954931440458695,9,3,0.3333333333333333,0.39482695441160043,0.39482695441160043,0.32055631599311113,0.32055631599311113,1,0,0.0,0.9873194698262888,0.9873194698262888,0.008954931440458695,0.008954931440458695
baseline,qwen3.5:9b,autonomous_depth_only,all,gear,126,36,90,0.9638888888888889,0.9638888888888889,0,126,10,0.07936507936507936,0.4939709304413882,0.4939709304413882,0.1942868786533738,0.1942868786533738,36,0,0.0,0.9817834247746187,0.9817834247746187,0.009231523151995796,0.009231523151995796,90,10,0.1111111111111111,0.298845932708096,0.298845932708096,0.2683090208539251,0.2683090208539251,12,0,0.0,0.9812347638159911,0.9812347638159911,0.009675171784301466,0.009675171784301466
baseline,qwen3.5:9b,autonomous_depth_only,all,hex_nut,84,16,68,1.0,1.0,0,84,3,0.03571428571428571,0.21161034718651717,0.21161034718651717,0.21896952488451144,0.21896952488451144,16,0,0.0,0.9599287995941526,0.9599287995941526,0.02711551185979437,0.02711551185979437,68,3,0.04411764705882353,0.03553541720825,0.03553541720825,0.26411164559620953,0.26411164559620953,8,0,0.0,0.9572675377728176,0.9572675377728176,0.027543671886409448,0.027543671886409448
baseline,qwen3.5:9b,autonomous_depth_only,all,round_pin,126,36,90,1.0,1.0,0,126,4,0.031746031746031744,0.7875225827860574,0.7875225827860574,0.10754405413640432,0.10754405413640432,36,0,0.0,0.9809471186536611,0.9809471186536611,0.014779653990968164,0.014779653990968164,90,4,0.044444444444444446,0.7101527684390159,0.7101527684390159,0.14464981419457879,0.14464981419457879,12,0,0.0,0.9820636312087051,0.9820636312087051,0.013906367907575165,0.013906367907575165
baseline,qwen3.5:9b,autonomous_depth_only,all,Waterproof_Male,42,4,38,0.9473684210526315,0.9473684210526315,0,42,6,0.14285714285714285,0.42057480555371074,0.42057480555371074,0.23880275925133856,0.23880275925133856,4,0,0.0,0.9851109980207146,0.9851109980207146,0.01087900258099779,0.01087900258099779,38,6,0.15789473684210525,0.3611499431887631,0.3611499431887631,0.2627947336376902,0.2627947336376902,4,0,0.0,0.9851109980207146,0.9851109980207146,0.01087900258099779,0.01087900258099779
baseline,qwen3.5:9b,autonomous_depth_only,all,USB_Male,42,2,40,1.0,1.0,0,42,3,0.07142857142857142,0.12572917881330842,0.12572917881330842,0.20595993819471078,0.20595993819471078,2,0,0.0,0.9806984364868746,0.9806984364868746,0.00995849353157915,0.00995849353157915,40,3,0.075,0.08298071592963012,0.08298071592963012,0.2157600104278674,0.2157600104278674,2,0,0.0,0.9806984364868746,0.9806984364868746,0.00995849353157915,0.00995849353157915
baseline,qwen3.5:9b,autonomous_depth_only,all,DSUB_Male,42,4,38,1.0,1.0,0,42,14,0.3333333333333333,0.42968452201711277,0.42968452201711277,0.3181368615800492,0.3181368615800492,4,0,0.0,0.984094560397473,0.984094560397473,0.011380947083776214,0.011380947083776214,38,14,0.3684210526315789,0.3713255706086537,0.3713255706086537,0.3504269578428148,0.3504269578428148,4,0,0.0,0.984094560397473,0.984094560397473,0.011380947083776214,0.011380947083776214
family_ablation,qwen3.5:9b,all_crops,original,gear,33,9,24,1.0,1.0,0,33,12,0.36363636363636365,0.3810772187088494,0.3810772187088494,0.4225102731147312,0.4225102731147312,9,0,0.0,0.9855828286740773,0.9855828286740773,0.011236854072202103,0.011236854072202103,24,12,0.5,0.154387614971889,0.154387614971889,0.5767378052556797,0.5767378052556797,3,0,0.0,0.9855828286740774,0.9855828286740774,0.011236854072202103,0.011236854072202103
family_ablation,qwen3.5:9b,all_crops,original,hex_nut,22,4,18,1.0,1.0,0,22,12,0.5454545454545454,0.18213770849237526,0.18213770849237526,0.43509603715246886,0.43509603715246886,4,0,0.0,0.9118673805870358,0.9118673805870358,0.06476209618559337,0.06476209618559337,18,12,0.6666666666666666,0.019975559138006235,0.019975559138006235,0.5173924684784412,0.5173924684784412,2,0,0.0,0.9118673805870358,0.9118673805870358,0.06476209618559338,0.06476209618559338
family_ablation,qwen3.5:9b,all_crops,original,round_pin,33,9,24,1.0,1.0,0,33,6,0.18181818181818182,0.3515690789002595,0.3515690789002595,0.2610930839562411,0.2610930839562411,9,0,0.0,0.9946388601427881,0.9946388601427881,0.004635943014380739,0.004635943014380739,24,6,0.25,0.1104179109343113,0.1104179109343113,0.3572645118094388,0.3572645118094388,3,0,0.0,0.9946388601427881,0.9946388601427881,0.004635943014380739,0.004635943014380739
family_ablation,qwen3.5:9b,all_crops,original,Waterproof_Male,11,1,10,1.0,1.0,0,11,5,0.45454545454545453,0.27948145543758635,0.27948145543758635,0.46990403134185343,0.46990403134185343,1,0,0.0,0.9965006113046954,0.9965006113046954,0.0029147458760970433,0.0029147458760970433,10,5,0.5,0.20777953985087544,0.20777953985087544,0.516602959888429,0.516602959888429,1,0,0.0,0.9965006113046954,0.9965006113046954,0.0029147458760970433,0.0029147458760970433
family_ablation,qwen3.5:9b,all_crops,original,USB_Male,11,1,10,1.0,1.0,0,11,5,0.45454545454545453,0.1148072153214959,0.1148072153214959,0.5743047504626251,0.5743047504626251,1,0,0.0,0.9863046407538004,0.9863046407538004,0.008469594390021248,0.008469594390021248,10,5,0.5,0.027657472778265475,0.027657472778265475,0.6308882660698855,0.6308882660698855,1,0,0.0,0.9863046407538004,0.9863046407538004,0.008469594390021248,0.008469594390021248
family_ablation,qwen3.5:9b,all_crops,original,DSUB_Male,11,1,10,1.0,1.0,0,11,7,0.6363636363636364,0.2368930438217019,0.2368930438217019,0.6304540306595127,0.6304540306595127,1,0,0.0,0.9894068840421235,0.9894068840421235,0.007931061274705857,0.007931061274705857,10,7,0.7,0.16164165979965975,0.16164165979965975,0.6927063275979934,0.6927063275979934,1,0,0.0,0.9894068840421235,0.9894068840421235,0.007931061274705857,0.007931061274705857
family_ablation,qwen3.5:9b,all_crops,state_101,gear,33,9,24,1.0,1.0,0,33,9,0.2727272727272727,0.41019583350032696,0.41019583350032696,0.3632127057899756,0.3632127057899756,9,0,0.0,0.9834828569914086,0.9834828569914086,0.01104278822844297,0.01104278822844297,24,9,0.375,0.19521319969117126,0.19521319969117126,0.49527642487555035,0.49527642487555035,3,0,0.0,0.9834828569914086,0.9834828569914086,0.01104278822844297,0.01104278822844297
family_ablation,qwen3.5:9b,all_crops,state_101,hex_nut,22,4,18,1.0,1.0,0,22,8,0.36363636363636365,0.18558786786118742,0.18558786786118742,0.3805347836483525,0.3805347836483525,4,0,0.0,0.9192869402647341,0.9192869402647341,0.059605501483178225,0.059605501483178225,18,8,0.4444444444444444,0.0225436295492881,0.0225436295492881,0.4518524019072802,0.4518524019072802,2,0,0.0,0.9192869402647341,0.9192869402647341,0.059605501483178225,0.059605501483178225
family_ablation,qwen3.5:9b,all_crops,state_101,round_pin,33,9,24,1.0,1.0,0,33,0,0.0,0.3958024859805776,0.3958024859805776,0.18869534874052835,0.18869534874052835,9,0,0.0,0.9837494297189525,0.9837494297189525,0.014131523505667716,0.014131523505667716,24,0,0.0,0.17532238207868703,0.17532238207868703,0.2541567832036011,0.2541567832036011,3,0,0.0,0.9837494297189525,0.9837494297189525,0.014131523505667714,0.014131523505667714
family_ablation,qwen3.5:9b,all_crops,state_101,Waterproof_Male,11,1,10,1.0,1.0,0,11,5,0.45454545454545453,0.2593853608718378,0.2593853608718378,0.4698352036275864,0.4698352036275864,1,0,0.0,0.9956360459918868,0.9956360459918868,0.0034761001729467856,0.0034761001729467856,10,5,0.5,0.18576029235983285,0.18576029235983285,0.5164711139730503,0.5164711139730503,1,0,0.0,0.9956360459918868,0.9956360459918868,0.0034761001729467856,0.0034761001729467856
family_ablation,qwen3.5:9b,all_crops,state_101,USB_Male,11,1,10,1.0,1.0,0,11,5,0.45454545454545453,0.10490460308185788,0.10490460308185788,0.5680857640973583,0.5680857640973583,1,0,0.0,0.991059244089405,0.991059244089405,0.005376708361627074,0.005376708361627074,10,5,0.5,0.01628913898110316,0.01628913898110316,0.6243566696709315,0.6243566696709315,1,0,0.0,0.991059244089405,0.991059244089405,0.005376708361627074,0.005376708361627074
family_ablation,qwen3.5:9b,all_crops,state_101,DSUB_Male,11,1,10,1.0,1.0,0,11,7,0.6363636363636364,0.25669682672470034,0.25669682672470034,0.6417834338159333,0.6417834338159333,1,0,0.0,0.9898754950321332,0.9898754950321332,0.007210045163986144,0.007210045163986144,10,7,0.7,0.18337895989395708,0.18337895989395708,0.7052407726811281,0.7052407726811281,1,0,0.0,0.9898754950321332,0.9898754950321332,0.007210045163986144,0.007210045163986144
family_ablation,qwen3.5:9b,all_crops,state_202,gear,33,9,24,1.0,1.0,0,33,12,0.36363636363636365,0.28277681873955945,0.28277681873955945,0.39180466952112114,0.39180466952112114,9,0,0.0,0.9463663890721227,0.9463663890721227,0.03233171029047076,0.03233171029047076,24,12,0.5,0.03393072986484829,0.03393072986484829,0.5266070292326149,0.5266070292326149,3,0,0.0,0.9463663890721227,0.9463663890721227,0.03233171029047076,0.03233171029047076
family_ablation,qwen3.5:9b,all_crops,state_202,hex_nut,22,4,18,1.0,1.0,0,22,6,0.2727272727272727,0.1825436338423985,0.1825436338423985,0.3429368801543808,0.3429368801543808,4,0,0.0,0.9118466967879393,0.9118466967879393,0.06358088997331074,0.06358088997331074,18,6,0.3333333333333333,0.020476286521167224,0.020476286521167224,0.4050159890835075,0.4050159890835075,2,0,0.0,0.9118466967879393,0.9118466967879393,0.06358088997331074,0.06358088997331074
family_ablation,qwen3.5:9b,all_crops,state_202,round_pin,33,9,24,1.0,1.0,0,33,9,0.2727272727272727,0.33944988334684617,0.33944988334684617,0.2526598479530291,0.2526598479530291,9,0,0.0,0.9926636814238908,0.9926636814238908,0.006332982965610568,0.006332982965610568,24,9,0.375,0.09449470906795447,0.09449470906795447,0.345032422323311,0.345032422323311,3,0,0.0,0.9926636814238909,0.9926636814238909,0.006332982965610568,0.006332982965610568
family_ablation,qwen3.5:9b,all_crops,state_202,Waterproof_Male,11,1,10,0.9,0.9,0,11,5,0.45454545454545453,0.29364208830740685,0.29364208830740685,0.4920223224732368,0.4920223224732368,1,0,0.0,0.9901031256173517,0.9901031256173517,0.007204388407480026,0.007204388407480026,10,5,0.5,0.2239959845764123,0.2239959845764123,0.5405041158798125,0.5405041158798125,1,0,0.0,0.9901031256173517,0.9901031256173517,0.007204388407480026,0.007204388407480026
family_ablation,qwen3.5:9b,all_crops,state_202,USB_Male,11,1,10,1.0,1.0,0,11,7,0.6363636363636364,0.10501092369182065,0.10501092369182065,0.5423965554264616,0.5423965554264616,1,0,0.0,0.9845893978199085,0.9845893978199085,0.008532628293004024,0.008532628293004024,10,7,0.7,0.017053076279011866,0.017053076279011866,0.5957829481398074,0.5957829481398074,1,0,0.0,0.9845893978199085,0.9845893978199085,0.008532628293004024,0.008532628293004024
family_ablation,qwen3.5:9b,all_crops,state_202,DSUB_Male,11,1,10,1.0,1.0,0,11,8,0.7272727272727273,0.25131947320255893,0.25131947320255893,0.610841508588745,0.610841508588745,1,0,0.0,0.9929810762586465,0.9929810762586465,0.005401127573882454,0.005401127573882454,10,8,0.8,0.17715331289695016,0.17715331289695016,0.6713855466902312,0.6713855466902312,1,0,0.0,0.9929810762586465,0.9929810762586465,0.005401127573882454,0.005401127573882454
family_ablation,qwen3.5:9b,all_crops,state_303,gear,33,9,24,1.0,1.0,0,33,15,0.45454545454545453,0.37949110506020545,0.37949110506020545,0.40295184471792833,0.40295184471792833,9,0,0.0,0.979955554659375,0.979955554659375,0.014257243073973167,0.014257243073973167,24,15,0.625,0.1543169364605169,0.1543169364605169,0.5487123203344116,0.5487123203344116,3,0,0.0,0.9799555546593749,0.9799555546593749,0.014257243073973169,0.014257243073973169
family_ablation,qwen3.5:9b,all_crops,state_303,hex_nut,22,4,18,1.0,1.0,0,22,12,0.5454545454545454,0.1722813777187633,0.1722813777187633,0.3987535095384373,0.3987535095384373,4,0,0.0,0.8546921599802493,0.8546921599802493,0.10482613361764621,0.10482613361764621,18,12,0.6666666666666666,0.020634537216210877,0.020634537216210877,0.4640707041875019,0.4640707041875019,2,0,0.0,0.8546921599802493,0.8546921599802493,0.10482613361764621,0.10482613361764621
family_ablation,qwen3.5:9b,all_crops,state_303,round_pin,33,9,24,1.0,1.0,0,33,9,0.2727272727272727,0.3280565046266277,0.3280565046266277,0.285709973236437,0.285709973236437,9,0,0.0,0.9951177040032143,0.9951177040032143,0.004200124211876289,0.004200124211876289,24,9,0.375,0.07790855486040771,0.07790855486040771,0.3912761666206472,0.3912761666206472,3,0,0.0,0.9951177040032143,0.9951177040032143,0.004200124211876289,0.004200124211876289
family_ablation,qwen3.5:9b,all_crops,state_303,Waterproof_Male,11,1,10,0.9,0.9,0,11,5,0.45454545454545453,0.3377998025812188,0.3377998025812188,0.46691563703163225,0.46691563703163225,1,0,0.0,0.9933063387305981,0.9933063387305981,0.005099228529397594,0.005099228529397594,10,5,0.5,0.27224914896628083,0.27224914896628083,0.5130972778818557,0.5130972778818557,1,0,0.0,0.9933063387305981,0.9933063387305981,0.005099228529397594,0.005099228529397594
family_ablation,qwen3.5:9b,all_crops,state_303,USB_Male,11,1,10,1.0,1.0,0,11,9,0.8181818181818182,0.10192234541729475,0.10192234541729475,0.6447098371627585,0.6447098371627585,1,0,0.0,0.9804434185196651,0.9804434185196651,0.01260750916580007,0.01260750916580007,10,9,0.9,0.014070238107057728,0.014070238107057728,0.7079200699624544,0.7079200699624544,1,0,0.0,0.9804434185196651,0.9804434185196651,0.01260750916580007,0.01260750916580007
family_ablation,qwen3.5:9b,all_crops,state_303,DSUB_Male,11,1,10,1.0,1.0,0,11,8,0.7272727272727273,0.24384153392690963,0.24384153392690963,0.6562166044470529,0.6562166044470529,1,0,0.0,0.9793500308192242,0.9793500308192242,0.015016086878746022,0.015016086878746022,10,8,0.8,0.17029068423767818,0.17029068423767818,0.7203366562038835,0.7203366562038835,1,0,0.0,0.9793500308192242,0.9793500308192242,0.015016086878746022,0.015016086878746022
family_ablation,qwen3.5:9b,all_crops,all,gear,132,36,96,0.9973958333333334,0.9973958333333334,0,132,48,0.36363636363636365,0.3633852440022353,0.3633852440022353,0.3951198732859391,0.3951198732859391,36,0,0.0,0.973846907349246,0.973846907349246,0.017217148916272254,0.017217148916272254,96,48,0.5,0.13446212024710635,0.13446212024710635,0.5368333949245642,0.5368333949245642,12,0,0.0,0.9738469073492458,0.9738469073492458,0.01721714891627225,0.01721714891627225
family_ablation,qwen3.5:9b,all_crops,all,hex_nut,88,16,72,1.0,1.0,0,88,38,0.4318181818181818,0.18063764697868112,0.18063764697868112,0.3893303026234099,0.3893303026234099,16,0,0.0,0.8994232944049896,0.8994232944049896,0.07319365531493213,0.07319365531493213,72,38,0.5277777777777778,0.02090750310616811,0.02090750310616811,0.4595828909141827,0.4595828909141827,8,0,0.0,0.8994232944049896,0.8994232944049896,0.07319365531493213,0.07319365531493213
family_ablation,qwen3.5:9b,all_crops,all,round_pin,132,36,96,1.0,1.0,0,132,24,0.18181818181818182,0.3537194882135778,0.3537194882135778,0.24703956347155884,0.24703956347155884,36,0,0.0,0.9915424188222111,0.9915424188222111,0.007325143424383829,0.007325143424383829,96,24,0.25,0.11453588923534012,0.11453588923534012,0.33693247098924944,0.33693247098924944,12,0,0.0,0.9915424188222114,0.9915424188222114,0.007325143424383827,0.007325143424383827
family_ablation,qwen3.5:9b,all_crops,all,Waterproof_Male,44,4,40,0.95625,0.95625,0,44,20,0.45454545454545453,0.2925771767995124,0.2925771767995124,0.47466929861857726,0.47466929861857726,4,0,0.0,0.9938865304111331,0.9938865304111331,0.004673615746480363,0.004673615746480363,40,20,0.5,0.22244624143835035,0.22244624143835035,0.521668866905787,0.521668866905787,4,0,0.0,0.9938865304111331,0.9938865304111331,0.004673615746480363,0.004673615746480363
family_ablation,qwen3.5:9b,all_crops,all,USB_Male,44,4,40,1.0,1.0,0,44,26,0.5909090909090909,0.1066612718781173,0.1066612718781173,0.5823742267873008,0.5823742267873008,4,0,0.0,0.9855991752956947,0.9855991752956947,0.008746610052613103,0.008746610052613103,40,26,0.65,0.018767481536359557,0.018767481536359557,0.6397369884607697,0.6397369884607697,4,0,0.0,0.9855991752956947,0.9855991752956947,0.008746610052613103,0.008746610052613103
family_ablation,qwen3.5:9b,all_crops,all,DSUB_Male,44,4,40,1.0,1.0,0,44,30,0.6818181818181818,0.2471877194189677,0.2471877194189677,0.634823894377811,0.634823894377811,4,0,0.0,0.9879033715380319,0.9879033715380319,0.00888958022283012,0.00888958022283012,40,30,0.75,0.17311615420706128,0.17311615420706128,0.6974173257933091,0.6974173257933091,4,0,0.0,0.9879033715380319,0.9879033715380319,0.00888958022283012,0.00888958022283012
family_ablation,qwen3.5:9b,autonomous_depth_only,original,gear,33,9,24,1.0,1.0,0,33,12,0.36363636363636365,0.3810772187088494,0.3810772187088494,0.4225102731147312,0.4225102731147312,9,0,0.0,0.9855828286740773,0.9855828286740773,0.011236854072202103,0.011236854072202103,24,12,0.5,0.154387614971889,0.154387614971889,0.5767378052556797,0.5767378052556797,3,0,0.0,0.9855828286740774,0.9855828286740774,0.011236854072202103,0.011236854072202103
family_ablation,qwen3.5:9b,autonomous_depth_only,original,hex_nut,22,4,18,1.0,1.0,0,22,12,0.5454545454545454,0.18213770849237526,0.18213770849237526,0.43509603715246886,0.43509603715246886,4,0,0.0,0.9118673805870358,0.9118673805870358,0.06476209618559337,0.06476209618559337,18,12,0.6666666666666666,0.019975559138006235,0.019975559138006235,0.5173924684784412,0.5173924684784412,2,0,0.0,0.9118673805870358,0.9118673805870358,0.06476209618559338,0.06476209618559338
family_ablation,qwen3.5:9b,autonomous_depth_only,original,round_pin,33,9,24,1.0,1.0,0,33,6,0.18181818181818182,0.3515690789002595,0.3515690789002595,0.2610930839562411,0.2610930839562411,9,0,0.0,0.9946388601427881,0.9946388601427881,0.004635943014380739,0.004635943014380739,24,6,0.25,0.1104179109343113,0.1104179109343113,0.3572645118094388,0.3572645118094388,3,0,0.0,0.9946388601427881,0.9946388601427881,0.004635943014380739,0.004635943014380739
family_ablation,qwen3.5:9b,autonomous_depth_only,original,Waterproof_Male,11,1,10,1.0,1.0,0,11,5,0.45454545454545453,0.27948145543758635,0.27948145543758635,0.46990403134185343,0.46990403134185343,1,0,0.0,0.9965006113046954,0.9965006113046954,0.0029147458760970433,0.0029147458760970433,10,5,0.5,0.20777953985087544,0.20777953985087544,0.516602959888429,0.516602959888429,1,0,0.0,0.9965006113046954,0.9965006113046954,0.0029147458760970433,0.0029147458760970433
family_ablation,qwen3.5:9b,autonomous_depth_only,original,USB_Male,11,1,10,1.0,1.0,0,11,5,0.45454545454545453,0.1148072153214959,0.1148072153214959,0.5743047504626251,0.5743047504626251,1,0,0.0,0.9863046407538004,0.9863046407538004,0.008469594390021248,0.008469594390021248,10,5,0.5,0.027657472778265475,0.027657472778265475,0.6308882660698855,0.6308882660698855,1,0,0.0,0.9863046407538004,0.9863046407538004,0.008469594390021248,0.008469594390021248
family_ablation,qwen3.5:9b,autonomous_depth_only,original,DSUB_Male,11,1,10,1.0,1.0,0,11,7,0.6363636363636364,0.2368930438217019,0.2368930438217019,0.6304540306595127,0.6304540306595127,1,0,0.0,0.9894068840421235,0.9894068840421235,0.007931061274705857,0.007931061274705857,10,7,0.7,0.16164165979965975,0.16164165979965975,0.6927063275979934,0.6927063275979934,1,0,0.0,0.9894068840421235,0.9894068840421235,0.007931061274705857,0.007931061274705857
family_ablation,qwen3.5:9b,autonomous_depth_only,state_101,gear,30,9,21,1.0,1.0,0,30,9,0.3,0.45038117469337274,0.45038117469337274,0.38164694092197426,0.38164694092197426,9,0,0.0,0.9834828569914086,0.9834828569914086,0.01104278822844297,0.01104278822844297,21,9,0.42857142857142855,0.22190902513707156,0.22190902513707156,0.5404772920763448,0.5404772920763448,3,0,0.0,0.9834828569914086,0.9834828569914086,0.01104278822844297,0.01104278822844297
family_ablation,qwen3.5:9b,autonomous_depth_only,state_101,hex_nut,20,4,16,1.0,1.0,0,20,8,0.4,0.203029721066599,0.203029721066599,0.397154380189863,0.397154380189863,4,0,0.0,0.9192869402647341,0.9192869402647341,0.059605501483178225,0.059605501483178225,16,8,0.5,0.02396541626706518,0.02396541626706518,0.48154159986653405,0.48154159986653405,2,0,0.0,0.9192869402647341,0.9192869402647341,0.059605501483178225,0.059605501483178225
family_ablation,qwen3.5:9b,autonomous_depth_only,state_101,round_pin,30,9,21,1.0,1.0,0,30,0,0.0,0.4331172989311211,0.4331172989311211,0.18910382569811218,0.18910382569811218,9,0,0.0,0.9837494297189525,0.9837494297189525,0.014131523505667716,0.014131523505667716,21,0,0.0,0.19713210002205056,0.19713210002205056,0.26409195520915985,0.26409195520915985,3,0,0.0,0.9837494297189525,0.9837494297189525,0.014131523505667714,0.014131523505667714
family_ablation,qwen3.5:9b,autonomous_depth_only,state_101,Waterproof_Male,10,1,9,1.0,1.0,0,10,5,0.5,0.2553544696461228,0.2553544696461228,0.5074791246312013,0.5074791246312013,1,0,0.0,0.9956360459918868,0.9956360459918868,0.0034761001729467856,0.0034761001729467856,9,5,0.5555555555555556,0.1731009611632601,0.1731009611632601,0.5634794606821184,0.5634794606821184,1,0,0.0,0.9956360459918868,0.9956360459918868,0.0034761001729467856,0.0034761001729467856
family_ablation,qwen3.5:9b,autonomous_depth_only,state_101,DSUB_Male,10,1,9,1.0,1.0,0,10,7,0.7,0.20009983299218845,0.20009983299218845,0.6990154567154255,0.6990154567154255,1,0,0.0,0.9898754950321332,0.9898754950321332,0.007210045163986144,0.007210045163986144,9,7,0.7777777777777778,0.11234698165441682,0.11234698165441682,0.7758827246655855,0.7758827246655855,1,0,0.0,0.9898754950321332,0.9898754950321332,0.007210045163986144,0.007210045163986144
family_ablation,qwen3.5:9b,autonomous_depth_only,state_202,gear,33,9,24,1.0,1.0,0,33,12,0.36363636363636365,0.28277681873955945,0.28277681873955945,0.39180466952112114,0.39180466952112114,9,0,0.0,0.9463663890721227,0.9463663890721227,0.03233171029047076,0.03233171029047076,24,12,0.5,0.03393072986484829,0.03393072986484829,0.5266070292326149,0.5266070292326149,3,0,0.0,0.9463663890721227,0.9463663890721227,0.03233171029047076,0.03233171029047076
family_ablation,qwen3.5:9b,autonomous_depth_only,state_202,hex_nut,22,4,18,1.0,1.0,0,22,6,0.2727272727272727,0.1825436338423985,0.1825436338423985,0.3429368801543808,0.3429368801543808,4,0,0.0,0.9118466967879393,0.9118466967879393,0.06358088997331074,0.06358088997331074,18,6,0.3333333333333333,0.020476286521167224,0.020476286521167224,0.4050159890835075,0.4050159890835075,2,0,0.0,0.9118466967879393,0.9118466967879393,0.06358088997331074,0.06358088997331074
family_ablation,qwen3.5:9b,autonomous_depth_only,state_202,round_pin,33,9,24,1.0,1.0,0,33,9,0.2727272727272727,0.33944988334684617,0.33944988334684617,0.2526598479530291,0.2526598479530291,9,0,0.0,0.9926636814238908,0.9926636814238908,0.006332982965610568,0.006332982965610568,24,9,0.375,0.09449470906795447,0.09449470906795447,0.345032422323311,0.345032422323311,3,0,0.0,0.9926636814238909,0.9926636814238909,0.006332982965610568,0.006332982965610568
family_ablation,qwen3.5:9b,autonomous_depth_only,state_202,Waterproof_Male,11,1,10,0.9,0.9,0,11,5,0.45454545454545453,0.29364208830740685,0.29364208830740685,0.4920223224732368,0.4920223224732368,1,0,0.0,0.9901031256173517,0.9901031256173517,0.007204388407480026,0.007204388407480026,10,5,0.5,0.2239959845764123,0.2239959845764123,0.5405041158798125,0.5405041158798125,1,0,0.0,0.9901031256173517,0.9901031256173517,0.007204388407480026,0.007204388407480026
family_ablation,qwen3.5:9b,autonomous_depth_only,state_202,USB_Male,11,1,10,1.0,1.0,0,11,7,0.6363636363636364,0.10501092369182065,0.10501092369182065,0.5423965554264616,0.5423965554264616,1,0,0.0,0.9845893978199085,0.9845893978199085,0.008532628293004024,0.008532628293004024,10,7,0.7,0.017053076279011866,0.017053076279011866,0.5957829481398074,0.5957829481398074,1,0,0.0,0.9845893978199085,0.9845893978199085,0.008532628293004024,0.008532628293004024
family_ablation,qwen3.5:9b,autonomous_depth_only,state_202,DSUB_Male,11,1,10,1.0,1.0,0,11,8,0.7272727272727273,0.25131947320255893,0.25131947320255893,0.610841508588745,0.610841508588745,1,0,0.0,0.9929810762586465,0.9929810762586465,0.005401127573882454,0.005401127573882454,10,8,0.8,0.17715331289695016,0.17715331289695016,0.6713855466902312,0.6713855466902312,1,0,0.0,0.9929810762586465,0.9929810762586465,0.005401127573882454,0.005401127573882454
family_ablation,qwen3.5:9b,autonomous_depth_only,state_303,gear,30,9,21,1.0,1.0,0,30,15,0.5,0.41598858110411013,0.41598858110411013,0.40547103342888824,0.40547103342888824,9,0,0.0,0.979955554659375,0.979955554659375,0.014257243073973167,0.014257243073973167,21,15,0.7142857142857143,0.174288449580425,0.174288449580425,0.5731340864381375,0.5731340864381375,3,0,0.0,0.9799555546593749,0.9799555546593749,0.014257243073973169,0.014257243073973169
family_ablation,qwen3.5:9b,autonomous_depth_only,state_303,hex_nut,20,4,16,1.0,1.0,0,20,10,0.5,0.18735757550178606,0.18735757550178606,0.37820407253797045,0.37820407253797045,4,0,0.0,0.8546921599802493,0.8546921599802493,0.10482613361764621,0.10482613361764621,16,10,0.625,0.020523929382170306,0.020523929382170306,0.4465485572680514,0.4465485572680514,2,0,0.0,0.8546921599802493,0.8546921599802493,0.10482613361764621,0.10482613361764621
family_ablation,qwen3.5:9b,autonomous_depth_only,state_303,round_pin,30,9,21,1.0,1.0,0,30,9,0.3,0.3566539600343271,0.3566539600343271,0.2914207696388926,0.2914207696388926,9,0,0.0,0.9951177040032143,0.9951177040032143,0.004200124211876289,0.004200124211876289,21,9,0.42857142857142855,0.08302664119051804,0.08302664119051804,0.4145153319647567,0.4145153319647567,3,0,0.0,0.9951177040032143,0.9951177040032143,0.004200124211876289,0.004200124211876289
family_ablation,qwen3.5:9b,autonomous_depth_only,state_303,Waterproof_Male,10,1,9,0.8888888888888888,0.8888888888888888,0,10,5,0.5,0.3376806149655581,0.3376806149655581,0.4964941308218713,0.4964941308218713,1,0,0.0,0.9933063387305981,0.9933063387305981,0.005099228529397594,0.005099228529397594,9,5,0.5555555555555556,0.2648333123249981,0.2648333123249981,0.551093564409924,0.551093564409924,1,0,0.0,0.9933063387305981,0.9933063387305981,0.005099228529397594,0.005099228529397594
family_ablation,qwen3.5:9b,autonomous_depth_only,state_303,DSUB_Male,10,1,9,1.0,1.0,0,10,8,0.8,0.1818457652543776,0.1818457652543776,0.7144462930961897,0.7144462930961897,1,0,0.0,0.9793500308192242,0.9793500308192242,0.015016086878746022,0.015016086878746022,9,8,0.8888888888888888,0.09323418019161686,0.09323418019161686,0.7921607604536834,0.7921607604536834,1,0,0.0,0.9793500308192242,0.9793500308192242,0.015016086878746022,0.015016086878746022
family_ablation,qwen3.5:9b,autonomous_depth_only,all,gear,126,36,90,0.9972222222222222,0.9972222222222222,0,126,48,0.38095238095238093,0.38014504690255524,0.38014504690255524,0.40068200267864285,0.40068200267864285,36,0,0.0,0.973846907349246,0.973846907349246,0.017217148916272254,0.017217148916272254,90,48,0.5333333333333333,0.14266430272387914,0.14266430272387914,0.5540679441835911,0.5540679441835911,12,0,0.0,0.9738469073492458,0.9738469073492458,0.01721714891627225,0.01721714891627225
family_ablation,qwen3.5:9b,autonomous_depth_only,all,hex_nut,84,16,68,1.0,1.0,0,84,36,0.42857142857142855,0.18846113646110385,0.18846113646110385,0.38837968137270673,0.38837968137270673,16,0,0.0,0.8994232944049896,0.8994232944049896,0.07319365531493213,0.07319365531493213,68,36,0.5294117647058824,0.021175922827248384,0.021175922827248384,0.46254109926865355,0.46254109926865355,8,0,0.0,0.8994232944049896,0.8994232944049896,0.07319365531493213,0.07319365531493213
family_ablation,qwen3.5:9b,autonomous_depth_only,all,round_pin,126,36,90,1.0,1.0,0,126,24,0.19047619047619047,0.36902193272315814,0.36902193272315814,0.24896495724695286,0.24896495724695286,36,0,0.0,0.9915424188222111,0.9915424188222111,0.007325143424383829,0.007325143424383829,90,24,0.26666666666666666,0.1200137382835369,0.1200137382835369,0.34562088277598046,0.34562088277598046,12,0,0.0,0.9915424188222114,0.9915424188222114,0.007325143424383827,0.007325143424383827
family_ablation,qwen3.5:9b,autonomous_depth_only,all,Waterproof_Male,42,4,38,0.9539473684210527,0.9539473684210527,0,42,20,0.47619047619047616,0.29130261493599363,0.29130261493599363,0.49097434396420747,0.49097434396420747,4,0,0.0,0.9938865304111331,0.9938865304111331,0.004673615746480363,0.004673615746480363,38,20,0.5263157894736842,0.21734641330703164,0.21734641330703164,0.5421638943029157,0.5421638943029157,4,0,0.0,0.9938865304111331,0.9938865304111331,0.004673615746480363,0.004673615746480363
family_ablation,qwen3.5:9b,autonomous_depth_only,all,USB_Male,42,2,40,1.0,1.0,0,42,26,0.6190476190476191,0.06479984047685933,0.06479984047685933,0.6096781371693765,0.6096781371693765,2,0,0.0,0.9854470192868545,0.9854470192868545,0.008501111341512636,0.008501111341512636,40,26,0.65,0.018767481536359557,0.018767481536359557,0.6397369884607697,0.6397369884607697,2,0,0.0,0.9854470192868545,0.9854470192868545,0.008501111341512636,0.008501111341512636
family_ablation,qwen3.5:9b,autonomous_depth_only,all,DSUB_Male,42,4,38,1.0,1.0,0,42,30,0.7142857142857143,0.21880461118410788,0.21880461118410788,0.6616397245201663,0.6616397245201663,4,0,0.0,0.9879033715380319,0.9879033715380319,0.00888958022283012,0.00888958022283012,38,30,0.7894736842105263,0.13784684693632637,0.13784684693632637,0.7303502660251491,0.7303502660251491,4,0,0.0,0.9879033715380319,0.9879033715380319,0.00888958022283012,0.00888958022283012
baseline,gemma4:12b,all_crops,original,gear,33,9,24,0.9398148148148148,0.9398148148148148,0,33,0,0.0,0.544476080372448,0.544476080372448,2.081606028860272e-06,2.081606028860272e-06,9,0,0.0,0.9999705950413337,0.9999705950413337,3.3792203630559805e-08,3.3792203630559805e-08,24,0,0.0,0.37366563737161584,0.37366563737161584,2.8495362133214142e-06,2.8495362133214142e-06,3,0,0.0,0.9999647935223189,0.9999647935223189,3.65032474239493e-08,3.65032474239493e-08
baseline,gemma4:12b,all_crops,original,hex_nut,22,4,18,1.0,1.0,0,22,0,0.0,0.18194744404988608,0.18194744404988608,7.084284992729002e-06,7.084284992729002e-06,4,0,0.0,0.9997661560750969,0.9997661560750969,6.654040346578999e-08,6.654040346578999e-08,18,0,0.0,0.0002099524887281483,0.0002099524887281483,8.643783790343047e-06,8.643783790343047e-06,2,0,0.0,0.9997309744251384,0.9997309744251384,5.207678155951481e-08,5.207678155951481e-08
baseline,gemma4:12b,all_crops,original,round_pin,33,9,24,1.0,1.0,0,33,0,0.0,0.5447742485793936,0.5447742485793936,0.0002353993201684243,0.0002353993201684243,9,0,0.0,0.9999967416127207,0.9999967416127207,3.608921285034856e-08,3.608921285034856e-08,24,0,0.0,0.37406581369189595,0.37406581369189595,0.0003236605317767645,0.0003236605317767645,3,0,0.0,0.9999961058299173,0.9999961058299173,3.57177549762508e-08,3.57177549762508e-08
baseline,gemma4:12b,all_crops,original,Waterproof_Male,11,1,10,1.0,1.0,0,11,0,0.0,0.2839680664863948,0.2839680664863948,2.5403824487506172e-05,2.5403824487506172e-05,1,0,0.0,0.9999976158140953,0.9999976158140953,1.7967632203456594e-08,1.7967632203456594e-08,10,0,0.0,0.21236511155362475,0.21236511155362475,2.794241017303645e-05,2.794241017303645e-05,1,0,0.0,0.9999976158140953,0.9999976158140953,1.7967632203456594e-08,1.7967632203456594e-08
baseline,gemma4:12b,all_crops,original,USB_Male,11,1,10,1.0,1.0,0,11,0,0.0,0.18113075598017628,0.18113075598017628,1.607609991268791e-07,2.7435000331771497e-05,1,0,0.0,0.9999930858610072,0.9999930858610072,5.856326653435542e-08,5.856326653435542e-08,10,0,0.0,0.0992445229920932,0.0992445229920932,1.7098077238613146e-07,3.017264403829521e-05,1,0,0.0,0.9999930858610072,0.9999930858610072,5.856326653435542e-08,5.856326653435542e-08
baseline,gemma4:12b,all_crops,original,DSUB_Male,11,1,10,1.0,1.0,0,11,0,0.0,0.1646907565066922,0.1646907565066922,9.774619247406611e-06,9.774619247406611e-06,1,0,0.0,0.9999645948420485,0.9999645948420485,1.8345021204046568e-08,1.8345021204046568e-08,10,0,0.0,0.08116337267315661,0.08116337267315661,1.0750246670026866e-05,1.0750246670026866e-05,1,0,0.0,0.9999645948420485,0.9999645948420485,1.8345021204046568e-08,1.8345021204046568e-08
baseline,gemma4:12b,all_crops,state_101,gear,33,9,24,0.9490740740740741,0.9490740740740741,0,33,0,0.0,0.4557397959618093,0.4557397959618093,2.36717289597274e-05,2.36717289597274e-05,9,0,0.0,0.999965641233787,0.999965641233787,5.083726171626795e-08,5.083726171626795e-08,24,0,0.0,0.25165510398481766,0.25165510398481766,3.252956334648158e-05,3.252956334648158e-05,3,0,0.0,0.9999756415688958,0.9999756415688958,4.3070421157176036e-08,4.3070421157176036e-08
baseline,gemma4:12b,all_crops,state_101,hex_nut,22,4,18,1.0,1.0,0,22,0,0.0,0.1747357797684129,0.1747357797684129,1.4529449621527941e-05,1.4529449621527941e-05,4,0,0.0,0.9597007634862799,0.9597007634862799,1.7729667570437306e-06,1.7729667570437306e-06,18,0,0.0,0.00029911671999801156,0.00029911671999801156,1.736422359141332e-05,1.736422359141332e-05,2,0,0.0,0.9515446720507821,0.9515446720507821,2.5494204130826127e-06,2.5494204130826127e-06
baseline,gemma4:12b,all_crops,state_101,round_pin,33,9,24,1.0,1.0,0,33,0,0.0,0.5163594929435821,0.5163594929435821,0.00012913008889244164,0.00012913008889244164,9,0,0.0,0.9999963574939011,0.9999963574939011,3.300556073403802e-08,3.300556073403802e-08,24,0,0.0,0.3349956687372126,0.3349956687372126,0.000177541495141832,0.000177541495141832,3,0,0.0,0.9999963442483732,0.9999963442483732,3.367977039057865e-08,3.367977039057865e-08
baseline,gemma4:12b,all_crops,state_101,Waterproof_Male,11,1,10,1.0,1.0,0,11,0,0.0,0.4392812652007265,0.4392812652007265,2.8916675824461056e-05,2.8916675824461056e-05,1,0,0.0,0.9999982118606638,0.9999982118606638,1.3661833821553053e-08,1.3661833821553053e-08,10,0,0.0,0.3832095705347328,0.3832095705347328,3.1806977223525e-05,3.1806977223525e-05,1,0,0.0,0.9999982118606638,0.9999982118606638,1.3661833821553053e-08,1.3661833821553053e-08
baseline,gemma4:12b,all_crops,state_101,USB_Male,11,1,10,1.0,1.0,0,11,0,0.0,0.18124199551735778,0.18124199551735778,1.3770338679088903e-06,1.9558852049727074e-05,1,0,0.0,0.9999954700467981,0.9999954700467981,3.81685846227712e-08,3.81685846227712e-08,10,0,0.0,0.09936664806441378,0.09936664806441378,1.5109203962375022e-06,2.1510920396237506e-05,1,0,0.0,0.9999954700467981,0.9999954700467981,3.81685846227712e-08,3.81685846227712e-08
baseline,gemma4:12b,all_crops,state_101,DSUB_Male,11,1,10,1.0,1.0,0,11,0,0.0,0.18261817933823277,0.18261817933823277,8.126428180238117e-06,8.126428180238117e-06,1,0,0.0,0.999975919724226,0.999975919724226,1.861916941987157e-08,1.861916941987157e-08,10,0,0.0,0.10088240529963344,0.10088240529963344,8.937209081319941e-06,8.937209081319941e-06,1,0,0.0,0.999975919724226,0.999975919724226,1.861916941987157e-08,1.861916941987157e-08
baseline,gemma4:12b,all_crops,state_202,gear,33,9,24,0.9675925925925926,0.9675925925925926,0,33,0,0.0,0.49636725696672607,0.49636725696672607,1.4138297156214227e-05,1.4138297156214227e-05,9,0,0.0,0.9994913737072982,0.9994913737072982,9.793506402105685e-08,9.793506402105685e-08,24,0,0.0,0.30769571318901145,0.30769571318901145,1.9403432940786662e-05,1.9403432940786662e-05,3,0,0.0,0.9991594950577269,0.9991594950577269,1.3261400344212289e-07,1.3261400344212289e-07
baseline,gemma4:12b,all_crops,state_202,hex_nut,22,4,18,1.0,1.0,0,22,0,0.0,0.18212536063227527,0.18212536063227527,2.985691279754646e-05,3.440236734300101e-05,4,0,0.0,0.9999676346776611,0.9999676346776611,3.9979646467465934e-08,3.9979646467465934e-08,18,0,0.0,0.0003826330666339788,0.0003826330666339788,3.648289794223069e-05,4.203845349778624e-05,2,0,0.0,0.9999685883527442,0.9999685883527442,3.877669991391051e-08,3.877669991391051e-08
baseline,gemma4:12b,all_crops,state_202,round_pin,33,9,24,1.0,1.0,0,33,0,0.0,0.45805436461560417,0.45805436461560417,0.00017150549411273976,0.00017150549411273976,9,0,0.0,0.9999966886308411,0.9999966886308411,2.8922282980605404e-08,2.8922282980605404e-08,24,0,0.0,0.25482599310989024,0.25482599310989024,0.00023580920854889944,0.00023580920854889944,3,0,0.0,0.9999961853028054,0.9999961853028054,2.7380414390810256e-08,2.7380414390810256e-08
baseline,gemma4:12b,all_crops,state_202,Waterproof_Male,11,1,10,0.9,0.9,0,11,0,0.0,0.4532889185013502,0.4532889185013502,1.2498315879632043e-05,1.2498315879632043e-05,1,0,0.0,0.9999841451646687,0.9999841451646687,2.743486081474597e-08,2.743486081474597e-08,10,0,0.0,0.3986193958350185,0.3986193958350185,1.3745403981513772e-05,1.3745403981513772e-05,1,0,0.0,0.9999841451646687,0.9999841451646687,2.743486081474597e-08,2.743486081474597e-08
baseline,gemma4:12b,all_crops,state_202,USB_Male,11,1,10,1.0,1.0,0,11,0,0.0,0.09098390585944434,0.09098390585944434,2.7994583657263525e-07,1.8461764018390818e-05,1,0,0.0,0.9999927282334015,0.9999927282334015,5.905918267845482e-08,5.905918267845482e-08,10,0,0.0,8.302362204863214e-05,8.302362204863214e-05,3.020345019620533e-07,2.0302034501962054e-05,1,0,0.0,0.9999927282334015,0.9999927282334015,5.905918267845482e-08,5.905918267845482e-08
baseline,gemma4:12b,all_crops,state_202,DSUB_Male,11,1,10,1.0,1.0,0,11,0,0.0,0.21531563138216814,0.21531563138216814,2.5417056958821876e-05,2.5417056958821876e-05,1,0,0.0,0.9999957084656899,0.9999957084656899,2.5962322317594585e-08,2.5962322317594585e-08,10,0,0.0,0.13684762367381595,0.13684762367381595,2.79561664224723e-05,2.79561664224723e-05,1,0,0.0,0.9999957084656899,0.9999957084656899,2.5962322317594585e-08,2.5962322317594585e-08
baseline,gemma4:12b,all_crops,state_303,gear,33,9,24,0.9074074074074074,0.9074074074074074,0,33,0,0.0,0.5154914592862723,0.5154914592862723,1.72911104597573e-05,1.72911104597573e-05,9,0,0.0,0.9996421005971438,0.9996421005971438,1.3202411979078684e-07,1.3202411979078684e-07,24,0,0.0,0.33393496879469575,0.33393496879469575,2.372576783724474e-05,2.372576783724474e-05,3,0,0.0,0.9993289311601788,0.9993289311601788,7.68802895507611e-08,7.68802895507611e-08
baseline,gemma4:12b,all_crops,state_303,hex_nut,22,4,18,1.0,1.0,0,22,0,0.0,0.18241072046960982,0.18241072046960982,1.8784962260667237e-05,1.8784962260667237e-05,4,0,0.0,0.9997716546062674,0.9997716546062674,5.1095208737059955e-08,5.1095208737059955e-08,18,0,0.0,0.0007749573281304061,0.0007749573281304061,2.294804382776283e-05,2.294804382776283e-05,2,0,0.0,0.999863982197352,0.999863982197352,4.407129399338696e-08,4.407129399338696e-08
baseline,gemma4:12b,all_crops,state_303,round_pin,33,9,24,1.0,1.0,0,33,0,0.0,0.46677828677135424,0.46677828677135424,0.0001227209359917574,0.0001227209359917574,9,0,0.0,0.9999968475765052,0.9999968475765052,3.397125713974533e-08,3.397125713974533e-08,24,0,0.0,0.26682132646942264,0.26682132646942264,0.00016872854776723897,0.00016872854776723897,3,0,0.0,0.9999959866205496,0.9999959866205496,4.3070053665321273e-08,4.3070053665321273e-08
baseline,gemma4:12b,all_crops,state_303,Waterproof_Male,11,1,10,0.9,0.9,0,11,0,0.0,0.44938778997705775,0.44938778997705775,1.362697636201862e-05,1.362697636201862e-05,1,0,0.0,0.999996542930667,0.999996542930667,2.7220686074297245e-08,2.7220686074297245e-08,10,0,0.0,0.39432691468169684,0.39432691468169684,1.4986951929613052e-05,1.4986951929613052e-05,1,0,0.0,0.999996542930667,0.999996542930667,2.7220686074297245e-08,2.7220686074297245e-08
baseline,gemma4:12b,all_crops,state_303,USB_Male,11,1,10,1.0,1.0,0,11,0,0.0,0.09094292664691404,0.09094292664691404,3.321465582115224e-07,1.8513964740029705e-05,1,0,0.0,0.9999914169306978,0.9999914169306978,1.0806416183166958e-07,1.0806416183166958e-07,10,0,0.0,3.807761853567749e-05,3.807761853567749e-05,3.545547978495077e-07,2.035455479784951e-05,1,0,0.0,0.9999914169306978,0.9999914169306978,1.0806416183166958e-07,1.0806416183166958e-07
baseline,gemma4:12b,all_crops,state_303,DSUB_Male,11,1,10,1.0,1.0,0,11,0,0.0,0.13905542701199164,0.13905542701199164,2.9052518325678296e-05,2.9052518325678296e-05,1,0,0.0,0.999995231628418,0.999995231628418,1.8742380107421667e-08,1.8742380107421667e-08,10,0,0.0,0.05296144655034901,0.05296144655034901,3.195589592023538e-05,3.195589592023538e-05,1,0,0.0,0.999995231628418,0.999995231628418,1.8742380107421667e-08,1.8742380107421667e-08
baseline,gemma4:12b,all_crops,all,gear,132,36,96,0.9377893518518519,0.9377893518518519,0,132,0,0.0,0.503018648146814,0.503018648146814,1.42956856511398e-05,1.42956856511398e-05,36,0,0.0,0.9997674276448907,0.9997674276448907,7.864716228966785e-08,7.864716228966785e-08,96,0,0.0,0.31673785583503516,0.31673785583503516,1.9627075084458596e-05,1.9627075084458596e-05,12,0,0.0,0.9996072153272803,0.9996072153272803,7.226699039350234e-08,7.226699039350234e-08
baseline,gemma4:12b,all_crops,all,hex_nut,88,16,72,1.0,1.0,0,88,0,0.0,0.180304826230046,0.180304826230046,1.7563902418117664e-05,1.87002660544813e-05,16,0,0.0,0.9898015522113264,0.9898015522113264,4.826455039285116e-07,4.826455039285116e-07,72,0,0.0,0.0004166649008726362,0.0004166649008726362,2.1359737287937472e-05,2.2748626176826363e-05,8,0,0.0,0.9877770542565041,0.9877770542565041,6.710862971373562e-07,6.710862971373562e-07
baseline,gemma4:12b,all_crops,all,round_pin,132,36,96,1.0,1.0,0,132,0,0.0,0.4964915982274835,0.4964915982274835,0.0001646889597913408,0.0001646889597913408,36,0,0.0,0.9999966588284921,0.9999966588284921,3.299707842618433e-08,3.299707842618433e-08,96,0,0.0,0.30767720050210534,0.30767720050210534,0.00022643494580868373,0.00022643494580868373,12,0,0.0,0.9999961555004114,0.9999961555004114,3.496199835574025e-08,3.496199835574025e-08
baseline,gemma4:12b,all_crops,all,Waterproof_Male,44,4,40,0.95625,0.95625,0,44,0,0.0,0.4064815100413824,0.4064815100413824,2.0111448138404472e-05,2.0111448138404472e-05,4,0,0.0,0.9999941289425237,0.9999941289425237,2.1571253228513217e-08,2.1571253228513217e-08,40,0,0.0,0.3471302481512682,0.3471302481512682,2.212043582692207e-05,2.212043582692207e-05,4,0,0.0,0.9999941289425237,0.9999941289425237,2.1571253228513217e-08,2.1571253228513217e-08
baseline,gemma4:12b,all_crops,all,USB_Male,44,4,40,1.0,1.0,0,44,0,0.0,0.1360748960009731,0.1360748960009731,5.374718154549818e-07,2.0992395284979775e-05,4,0,0.0,0.999993175267976,0.999993175267976,6.596379891681276e-08,6.596379891681276e-08,40,0,0.0,0.04968306807427282,0.04968306807427282,5.846226171087987e-07,2.3085038433586073e-05,4,0,0.0,0.999993175267976,0.999993175267976,6.596379891681276e-08,6.596379891681276e-08
baseline,gemma4:12b,all_crops,all,DSUB_Male,44,4,40,1.0,1.0,0,44,0,0.0,0.1754199985597712,0.1754199985597712,1.8092655678036224e-05,1.8092655678036224e-05,4,0,0.0,0.9999828636650956,0.9999828636650956,2.0417223262233597e-08,2.0417223262233597e-08,40,0,0.0,0.09296371204923877,0.09296371204923877,1.9899879523513624e-05,1.9899879523513624e-05,4,0,0.0,0.9999828636650956,0.9999828636650956,2.0417223262233597e-08,2.0417223262233597e-08
baseline,gemma4:12b,autonomous_depth_only,original,gear,33,9,24,0.9398148148148148,0.9398148148148148,0,33,0,0.0,0.544476080372448,0.544476080372448,2.081606028860272e-06,2.081606028860272e-06,9,0,0.0,0.9999705950413337,0.9999705950413337,3.3792203630559805e-08,3.3792203630559805e-08,24,0,0.0,0.37366563737161584,0.37366563737161584,2.8495362133214142e-06,2.8495362133214142e-06,3,0,0.0,0.9999647935223189,0.9999647935223189,3.65032474239493e-08,3.65032474239493e-08
baseline,gemma4:12b,autonomous_depth_only,original,hex_nut,22,4,18,1.0,1.0,0,22,0,0.0,0.18194744404988608,0.18194744404988608,7.084284992729002e-06,7.084284992729002e-06,4,0,0.0,0.9997661560750969,0.9997661560750969,6.654040346578999e-08,6.654040346578999e-08,18,0,0.0,0.0002099524887281483,0.0002099524887281483,8.643783790343047e-06,8.643783790343047e-06,2,0,0.0,0.9997309744251384,0.9997309744251384,5.207678155951481e-08,5.207678155951481e-08
baseline,gemma4:12b,autonomous_depth_only,original,round_pin,33,9,24,1.0,1.0,0,33,0,0.0,0.5447742485793936,0.5447742485793936,0.0002353993201684243,0.0002353993201684243,9,0,0.0,0.9999967416127207,0.9999967416127207,3.608921285034856e-08,3.608921285034856e-08,24,0,0.0,0.37406581369189595,0.37406581369189595,0.0003236605317767645,0.0003236605317767645,3,0,0.0,0.9999961058299173,0.9999961058299173,3.57177549762508e-08,3.57177549762508e-08
baseline,gemma4:12b,autonomous_depth_only,original,Waterproof_Male,11,1,10,1.0,1.0,0,11,0,0.0,0.2839680664863948,0.2839680664863948,2.5403824487506172e-05,2.5403824487506172e-05,1,0,0.0,0.9999976158140953,0.9999976158140953,1.7967632203456594e-08,1.7967632203456594e-08,10,0,0.0,0.21236511155362475,0.21236511155362475,2.794241017303645e-05,2.794241017303645e-05,1,0,0.0,0.9999976158140953,0.9999976158140953,1.7967632203456594e-08,1.7967632203456594e-08
baseline,gemma4:12b,autonomous_depth_only,original,USB_Male,11,1,10,1.0,1.0,0,11,0,0.0,0.18113075598017628,0.18113075598017628,1.607609991268791e-07,2.7435000331771497e-05,1,0,0.0,0.9999930858610072,0.9999930858610072,5.856326653435542e-08,5.856326653435542e-08,10,0,0.0,0.0992445229920932,0.0992445229920932,1.7098077238613146e-07,3.017264403829521e-05,1,0,0.0,0.9999930858610072,0.9999930858610072,5.856326653435542e-08,5.856326653435542e-08
baseline,gemma4:12b,autonomous_depth_only,original,DSUB_Male,11,1,10,1.0,1.0,0,11,0,0.0,0.1646907565066922,0.1646907565066922,9.774619247406611e-06,9.774619247406611e-06,1,0,0.0,0.9999645948420485,0.9999645948420485,1.8345021204046568e-08,1.8345021204046568e-08,10,0,0.0,0.08116337267315661,0.08116337267315661,1.0750246670026866e-05,1.0750246670026866e-05,1,0,0.0,0.9999645948420485,0.9999645948420485,1.8345021204046568e-08,1.8345021204046568e-08
baseline,gemma4:12b,autonomous_depth_only,state_101,gear,30,9,21,0.9417989417989417,0.9417989417989417,0,30,0,0.0,0.5013134133838485,0.5013134133838485,2.5975401907302223e-05,2.5975401907302223e-05,9,0,0.0,0.999965641233787,0.999965641233787,5.083726171626795e-08,5.083726171626795e-08,21,0,0.0,0.28760531573387493,0.28760531573387493,3.7085929612553346e-05,3.7085929612553346e-05,3,0,0.0,0.9999756415688958,0.9999756415688958,4.3070421157176036e-08,4.3070421157176036e-08
baseline,gemma4:12b,autonomous_depth_only,state_101,hex_nut,20,4,16,1.0,1.0,0,20,0,0.0,0.1922091958062584,0.1922091958062584,1.5958982154485015e-05,1.5958982154485015e-05,4,0,0.0,0.9597007634862799,0.9597007634862799,1.7729667570437306e-06,1.7729667570437306e-06,16,0,0.0,0.0003363038862530276,0.0003363038862530276,1.950548600384534e-05,1.950548600384534e-05,2,0,0.0,0.9515446720507821,0.9515446720507821,2.5494204130826127e-06,2.5494204130826127e-06
baseline,gemma4:12b,autonomous_depth_only,state_101,round_pin,30,9,21,1.0,1.0,0,30,0,0.0,0.5035877849754175,0.5035877849754175,4.944725389071626e-05,4.944725389071626e-05,9,0,0.0,0.9999963574939011,0.9999963574939011,3.300556073403802e-08,3.300556073403802e-08,21,0,0.0,0.29084125389606735,0.29084125389606735,7.062478888928005e-05,7.062478888928005e-05,3,0,0.0,0.9999963442483732,0.9999963442483732,3.367977039057865e-08,3.367977039057865e-08
baseline,gemma4:12b,autonomous_depth_only,state_101,Waterproof_Male,10,1,9,1.0,1.0,0,10,0,0.0,0.3832209431009387,0.3832209431009387,3.1802635199948546e-05,3.1802635199948546e-05,1,0,0.0,0.9999982118606638,0.9999982118606638,1.3661833821553053e-08,1.3661833821553053e-08,9,0,0.0,0.31469013546096924,0.31469013546096924,3.533474335174042e-05,3.533474335174042e-05,1,0,0.0,0.9999982118606638,0.9999982118606638,1.3661833821553053e-08,1.3661833821553053e-08
baseline,gemma4:12b,autonomous_depth_only,state_101,DSUB_Male,10,1,9,1.0,1.0,0,10,0,0.0,0.19980605196909215,0.19980605196909215,1.0227078924383825e-06,1.0227078924383825e-06,1,0,0.0,0.999975919724226,0.999975919724226,1.861916941987157e-08,1.861916941987157e-08,9,0,0.0,0.11089828888518842,0.11089828888518842,1.134273306107106e-06,1.134273306107106e-06,1,0,0.0,0.999975919724226,0.999975919724226,1.861916941987157e-08,1.861916941987157e-08
baseline,gemma4:12b,autonomous_depth_only,state_202,gear,33,9,24,0.9675925925925926,0.9675925925925926,0,33,0,0.0,0.49636725696672607,0.49636725696672607,1.4138297156214227e-05,1.4138297156214227e-05,9,0,0.0,0.9994913737072982,0.9994913737072982,9.793506402105685e-08,9.793506402105685e-08,24,0,0.0,0.30769571318901145,0.30769571318901145,1.9403432940786662e-05,1.9403432940786662e-05,3,0,0.0,0.9991594950577269,0.9991594950577269,1.3261400344212289e-07,1.3261400344212289e-07
baseline,gemma4:12b,autonomous_depth_only,state_202,hex_nut,22,4,18,1.0,1.0,0,22,0,0.0,0.18212536063227527,0.18212536063227527,2.985691279754646e-05,3.440236734300101e-05,4,0,0.0,0.9999676346776611,0.9999676346776611,3.9979646467465934e-08,3.9979646467465934e-08,18,0,0.0,0.0003826330666339788,0.0003826330666339788,3.648289794223069e-05,4.203845349778624e-05,2,0,0.0,0.9999685883527442,0.9999685883527442,3.877669991391051e-08,3.877669991391051e-08
baseline,gemma4:12b,autonomous_depth_only,state_202,round_pin,33,9,24,1.0,1.0,0,33,0,0.0,0.45805436461560417,0.45805436461560417,0.00017150549411273976,0.00017150549411273976,9,0,0.0,0.9999966886308411,0.9999966886308411,2.8922282980605404e-08,2.8922282980605404e-08,24,0,0.0,0.25482599310989024,0.25482599310989024,0.00023580920854889944,0.00023580920854889944,3,0,0.0,0.9999961853028054,0.9999961853028054,2.7380414390810256e-08,2.7380414390810256e-08
baseline,gemma4:12b,autonomous_depth_only,state_202,Waterproof_Male,11,1,10,0.9,0.9,0,11,0,0.0,0.4532889185013502,0.4532889185013502,1.2498315879632043e-05,1.2498315879632043e-05,1,0,0.0,0.9999841451646687,0.9999841451646687,2.743486081474597e-08,2.743486081474597e-08,10,0,0.0,0.3986193958350185,0.3986193958350185,1.3745403981513772e-05,1.3745403981513772e-05,1,0,0.0,0.9999841451646687,0.9999841451646687,2.743486081474597e-08,2.743486081474597e-08
baseline,gemma4:12b,autonomous_depth_only,state_202,USB_Male,11,1,10,1.0,1.0,0,11,0,0.0,0.09098390585944434,0.09098390585944434,2.7994583657263525e-07,1.8461764018390818e-05,1,0,0.0,0.9999927282334015,0.9999927282334015,5.905918267845482e-08,5.905918267845482e-08,10,0,0.0,8.302362204863214e-05,8.302362204863214e-05,3.020345019620533e-07,2.0302034501962054e-05,1,0,0.0,0.9999927282334015,0.9999927282334015,5.905918267845482e-08,5.905918267845482e-08
baseline,gemma4:12b,autonomous_depth_only,state_202,DSUB_Male,11,1,10,1.0,1.0,0,11,0,0.0,0.21531563138216814,0.21531563138216814,2.5417056958821876e-05,2.5417056958821876e-05,1,0,0.0,0.9999957084656899,0.9999957084656899,2.5962322317594585e-08,2.5962322317594585e-08,10,0,0.0,0.13684762367381595,0.13684762367381595,2.79561664224723e-05,2.79561664224723e-05,1,0,0.0,0.9999957084656899,0.9999957084656899,2.5962322317594585e-08,2.5962322317594585e-08
baseline,gemma4:12b,autonomous_depth_only,state_303,gear,30,9,21,0.8941798941798942,0.8941798941798942,0,30,0,0.0,0.5670386313247416,0.5670386313247416,1.8219431854855244e-05,1.8219431854855244e-05,9,0,0.0,0.9996421005971438,0.9996421005971438,1.3202411979078684e-07,1.3202411979078684e-07,21,0,0.0,0.38163714449371244,0.38163714449371244,2.5971178027025727e-05,2.5971178027025727e-05,3,0,0.0,0.9993289311601788,0.9993289311601788,7.68802895507611e-08,7.68802895507611e-08
baseline,gemma4:12b,autonomous_depth_only,state_303,hex_nut,20,4,16,1.0,1.0,0,20,0,0.0,0.2006513136384392,0.2006513136384392,2.0581443638741745e-05,2.0581443638741745e-05,4,0,0.0,0.9997716546062674,0.9997716546062674,5.1095208737059955e-08,5.1095208737059955e-08,16,0,0.0,0.000871228396482153,0.000871228396482153,2.5714030746242918e-05,2.5714030746242918e-05,2,0,0.0,0.999863982197352,0.999863982197352,4.407129399338696e-08,4.407129399338696e-08
baseline,gemma4:12b,autonomous_depth_only,state_303,round_pin,30,9,21,1.0,1.0,0,30,0,0.0,0.49957538675923147,0.49957538675923147,3.2966510915545666e-05,3.2966510915545666e-05,9,0,0.0,0.9999968475765052,0.9999968475765052,3.397125713974533e-08,3.397125713974533e-08,21,0,0.0,0.2851090464089713,0.2851090464089713,4.708045648343392e-05,4.708045648343392e-05,3,0,0.0,0.9999959866205496,0.9999959866205496,4.3070053665321273e-08,4.3070053665321273e-08
baseline,gemma4:12b,autonomous_depth_only,state_303,Waterproof_Male,10,1,9,0.8888888888888888,0.8888888888888888,0,10,0,0.0,0.39433512820141126,0.39433512820141126,1.4985806471932314e-05,1.4985806471932314e-05,1,0,0.0,0.999996542930667,0.999996542930667,2.7220686074297245e-08,2.7220686074297245e-08,9,0,0.0,0.3270394154537162,0.3270394154537162,1.664787155924987e-05,1.664787155924987e-05,1,0,0.0,0.999996542930667,0.999996542930667,2.7220686074297245e-08,2.7220686074297245e-08
baseline,gemma4:12b,autonomous_depth_only,state_303,DSUB_Male,10,1,9,1.0,1.0,0,10,0,0.0,0.15277138306164237,0.15277138306164237,2.501565067815176e-05,2.501565067815176e-05,1,0,0.0,0.999995231628418,0.999995231628418,1.8742380107421667e-08,1.8742380107421667e-08,9,0,0.0,0.0586353998875562,0.0586353998875562,2.779308493349002e-05,2.779308493349002e-05,1,0,0.0,0.999995231628418,0.999995231628418,1.8742380107421667e-08,1.8742380107421667e-08
baseline,gemma4:12b,autonomous_depth_only,all,gear,126,36,90,0.933641975308642,0.933641975308642,0,126,0,0.0,0.5269713609004004,0.5269713609004004,1.4770649348985577e-05,1.4770649348985577e-05,36,0,0.0,0.9997674276448907,0.9997674276448907,7.864716228966785e-08,7.864716228966785e-08,90,0,0.0,0.3378529342026043,0.3378529342026043,2.064745022366394e-05,2.064745022366394e-05,12,0,0.0,0.9996072153272803,0.9996072153272803,7.226699039350234e-08,7.226699039350234e-08
baseline,gemma4:12b,autonomous_depth_only,all,hex_nut,84,16,68,1.0,1.0,0,84,0,0.0,0.18889061776073218,0.18889061776073218,1.8375176991078517e-05,1.956565318155471e-05,16,0,0.0,0.9898015522113264,0.9898015522113264,4.826455039285116e-07,4.826455039285116e-07,68,0,0.0,0.00044098612529825255,0.00044098612529825255,2.25851843998197e-05,2.405577263511382e-05,8,0,0.0,0.9877770542565041,0.9877770542565041,6.710862971373562e-07,6.710862971373562e-07
baseline,gemma4:12b,autonomous_depth_only,all,round_pin,126,36,90,1.0,1.0,0,126,0,0.0,0.5014939633926538,0.5014939633926538,0.00012619263345608152,0.00012619263345608152,36,0,0.0,0.9999966588284921,0.9999966588284921,3.299707842618433e-08,3.299707842618433e-08,90,0,0.0,0.30209288521831873,0.30209288521831873,0.00017665648800714367,0.00017665648800714367,12,0,0.0,0.9999961555004114,0.9999961555004114,3.496199835574025e-08,3.496199835574025e-08
baseline,gemma4:12b,autonomous_depth_only,all,Waterproof_Male,42,4,38,0.9539473684210527,0.9539473684210527,0,42,0,0.0,0.37822351304496893,0.37822351304496893,2.1066856208507832e-05,2.1066856208507832e-05,4,0,0.0,0.9999941289425237,0.9999941289425237,2.1571253228513217e-08,2.1571253228513217e-08,38,0,0.0,0.31277397452943684,0.31277397452943684,2.328214936169513e-05,2.328214936169513e-05,4,0,0.0,0.9999941289425237,0.9999941289425237,2.1571253228513217e-08,2.1571253228513217e-08
baseline,gemma4:12b,autonomous_depth_only,all,USB_Male,42,2,40,1.0,1.0,0,42,0,0.0,0.09493591754917431,0.09493591754917431,5.595839793705895e-07,2.198855142363466e-05,2,0,0.0,0.9999929070472043,0.9999929070472043,5.8811224606405116e-08,5.8811224606405116e-08,40,0,0.0,0.04968306807427282,0.04968306807427282,5.846226171087987e-07,2.3085038433586073e-05,2,0,0.0,0.9999929070472043,0.9999929070472043,5.8811224606405116e-08,5.8811224606405116e-08
baseline,gemma4:12b,autonomous_depth_only,all,DSUB_Male,42,4,38,1.0,1.0,0,42,0,0.0,0.18347249088297163,0.18347249088297163,1.541647676129559e-05,1.541647676129559e-05,4,0,0.0,0.9999828636650956,0.9999828636650956,2.0417223262233597e-08,2.0417223262233597e-08,38,0,0.0,0.0975240305901165,0.0975240305901165,1.7037114607404363e-05,1.7037114607404363e-05,4,0,0.0,0.9999828636650956,0.9999828636650956,2.0417223262233597e-08,2.0417223262233597e-08
family_ablation,gemma4:12b,all_crops,original,gear,33,9,24,1.0,1.0,0,33,3,0.09090909090909091,0.27801333905017156,0.27801333905017156,0.1414785789806595,0.1414785789806595,9,0,0.0,0.9999967416127412,0.9999967416127412,2.612996848708588e-07,2.612996848708588e-07,24,3,0.125,0.007269563089207974,0.007269563089207974,0.19453294811102498,0.19453294811102498,3,0,0.0,0.9999964237213229,0.9999964237213229,2.7623072413661997e-07,2.7623072413661997e-07
family_ablation,gemma4:12b,all_crops,original,hex_nut,22,4,18,1.0,1.0,0,22,0,0.0,0.1818143346119456,0.1818143346119456,0.015119931979781807,0.015119931979781807,4,0,0.0,0.9999732375150897,0.9999732375150897,1.8541538304266695e-06,1.8541538304266695e-06,18,0,0.0,1.245077913583505e-06,1.245077913583505e-06,0.018479504829993228,0.018479504829993228,2,0,0.0,0.9999742507939877,0.9999742507939877,1.992159294258665e-06,1.992159294258665e-06
family_ablation,gemma4:12b,all_crops,original,round_pin,33,9,24,1.0,1.0,0,33,3,0.09090909090909091,0.27273913758039003,0.27273913758039003,0.08022694593625072,0.08022694593625072,9,0,0.0,0.9999969270494612,0.9999969270494612,2.2516279040666573e-07,2.2516279040666573e-07,24,3,0.125,1.7466529488350695e-05,1.7466529488350695e-05,0.11031196622629835,0.11031196622629835,3,0,0.0,0.999997019767792,0.999997019767792,2.4797960984757143e-07,2.4797960984757143e-07
family_ablation,gemma4:12b,all_crops,original,Waterproof_Male,11,1,10,1.0,1.0,0,11,4,0.36363636363636365,0.28784012930191893,0.28784012930191893,0.2859122073286389,0.2859122073286389,1,0,0.0,0.9999964237213419,0.9999964237213419,3.34074613903152e-07,3.34074613903152e-07,10,4,0.4,0.21662449985997662,0.21662449985997662,0.3145033946540415,0.3145033946540415,1,0,0.0,0.9999964237213419,0.9999964237213419,3.34074613903152e-07,3.34074613903152e-07
family_ablation,gemma4:12b,all_crops,original,USB_Male,11,1,10,1.0,1.0,0,11,0,0.0,0.1817876205081503,0.1817876205081503,0.05720555254752473,0.05720555254752473,1,0,0.0,0.9999934434891956,0.9999934434891956,7.573559925712907e-07,7.573559925712907e-07,10,0,0.0,0.09996703821004578,0.09996703821004578,0.06292603206667793,0.06292603206667793,1,0,0.0,0.9999934434891956,0.9999934434891956,7.573559925712907e-07,7.573559925712907e-07
family_ablation,gemma4:12b,all_crops,original,DSUB_Male,11,1,10,1.0,1.0,0,11,3,0.2727272727272727,0.27251022098837835,0.27251022098837835,0.26773815749680147,0.26773815749680147,1,0,0.0,0.9999957084656899,0.9999957084656899,5.948729270720711e-07,5.948729270720711e-07,10,3,0.3,0.19976167224064723,0.19976167224064723,0.2945119137591889,0.2945119137591889,1,0,0.0,0.9999957084656899,0.9999957084656899,5.948729270720711e-07,5.948729270720711e-07
family_ablation,gemma4:12b,all_crops,state_101,gear,33,9,24,1.0,1.0,0,33,9,0.2727272727272727,0.3465930808900642,0.3465930808900642,0.25464931114623596,0.25464931114623596,9,0,0.0,0.9999939468171932,0.9999939468171932,3.5024738230665984e-07,3.5024738230665984e-07,24,9,0.375,0.10156775616739079,0.10156775616739079,0.3501426714833061,0.3501426714833061,3,0,0.0,0.9999943574268949,0.9999943574268949,3.3765632244150525e-07,3.3765632244150525e-07
family_ablation,gemma4:12b,all_crops,state_101,hex_nut,22,4,18,1.0,1.0,0,22,0,0.0,0.18082008415841974,0.18082008415841974,0.0007248898678352635,0.0007248898678352635,4,0,0.0,0.9945057630267367,0.9945057630267367,0.0003356512945580333,0.0003356512945580333,18,0,0.0,1.0444099048586994e-06,1.0444099048586994e-06,0.000811387328563537,0.000811387328563537,2,0,0.0,0.9944780768710955,0.9944780768710955,0.00033248194552114226,0.00033248194552114226
family_ablation,gemma4:12b,all_crops,state_101,round_pin,33,9,24,1.0,1.0,0,33,0,0.0,0.2727311925507416,0.2727311925507416,0.0200410557751894,0.0200410557751894,9,0,0.0,0.9999963045120595,0.9999963045120595,3.853787460402245e-07,3.853787460402245e-07,24,0,0.0,6.775565247397411e-06,6.775565247397411e-06,0.027556307173855665,0.027556307173855665,3,0,0.0,0.9999963839848954,0.9999963839848954,3.815912884534186e-07,3.815912884534186e-07
family_ablation,gemma4:12b,all_crops,state_101,Waterproof_Male,11,1,10,1.0,1.0,0,11,4,0.36363636363636365,0.3022785713253135,0.3022785713253135,0.32100913329729536,0.32100913329729536,1,0,0.0,0.999996304512031,0.999996304512031,1.003906484109873e-07,1.003906484109873e-07,10,4,0.4,0.23250679800664176,0.23250679800664176,0.3531100365879601,0.3531100365879601,1,0,0.0,0.999996304512031,0.999996304512031,1.003906484109873e-07,1.003906484109873e-07
family_ablation,gemma4:12b,all_crops,state_101,USB_Male,11,1,10,1.0,1.0,0,11,2,0.18181818181818182,0.09190672413342656,0.09190672413342656,0.1741614368793979,0.1741614368793979,1,0,0.0,0.9999928474427408,0.9999928474427408,3.902075622483828e-07,3.902075622483828e-07,10,2,0.2,0.0010981118024951382,0.0010981118024951382,0.19157754154658144,0.19157754154658144,1,0,0.0,0.9999928474427408,0.9999928474427408,3.902075622483828e-07,3.902075622483828e-07
family_ablation,gemma4:12b,all_crops,state_101,DSUB_Male,11,1,10,0.9,0.9,0,11,3,0.2727272727272727,0.3419930938669138,0.3419930938669138,0.29460649195401395,0.29460649195401395,1,0,0.0,0.9999656677246228,0.9999656677246228,4.202582725923018e-06,4.202582725923018e-06,10,3,0.3,0.2761958364811429,0.2761958364811429,0.3240667208911428,0.3240667208911428,1,0,0.0,0.9999656677246228,0.9999656677246228,4.202582725923018e-06,4.202582725923018e-06
family_ablation,gemma4:12b,all_crops,state_202,gear,33,9,24,1.0,1.0,0,33,6,0.18181818181818182,0.27272961896436587,0.27272961896436587,0.15112517328755057,0.15112517328755057,9,0,0.0,0.9999950991736597,0.9999950991736597,5.399108538697437e-07,5.399108538697437e-07,24,6,0.25,5.063885880623957e-06,5.063885880623957e-06,0.20779691080381188,0.20779691080381188,3,0,0.0,0.9999951124190929,0.9999951124190929,5.542200388281878e-07,5.542200388281878e-07
family_ablation,gemma4:12b,all_crops,state_202,hex_nut,22,4,18,1.0,1.0,0,22,0,0.0,0.18181552658251834,0.18181552658251834,0.004862680805889337,0.004862680805889337,4,0,0.0,0.9999783635135162,0.9999783635135162,1.3145785921365116e-06,1.3145785921365116e-06,18,0,0.0,1.5628200743622297e-06,1.5628200743622297e-06,0.005942984411955381,0.005942984411955381,2,0,0.0,0.9999784231185773,0.9999784231185773,1.2518936424651785e-06,1.2518936424651785e-06
family_ablation,gemma4:12b,all_crops,state_202,round_pin,33,9,24,1.0,1.0,0,33,0,0.0,0.2727375289798646,0.2727375289798646,0.008834695008003102,0.008834695008003102,9,0,0.0,0.99999670187635,0.99999670187635,2.301380289533203e-07,2.301380289533203e-07,24,0,0.0,1.533914368262647e-05,1.533914368262647e-05,0.012147619334243409,0.012147619334243409,3,0,0.0,0.9999963839849239,0.9999963839849239,2.4937684339359483e-07,2.4937684339359483e-07
family_ablation,gemma4:12b,all_crops,state_202,Waterproof_Male,11,1,10,0.9,0.9,0,11,2,0.18181818181818182,0.3500666155861514,0.3500666155861514,0.20658652616516868,0.20658652616516868,1,0,0.0,0.9999941587445919,0.9999941587445919,1.0195548112800588e-06,1.0195548112800588e-06,10,2,0.2,0.2850738612703073,0.2850738612703073,0.22724507682620443,0.22724507682620443,1,0,0.0,0.9999941587445919,0.9999941587445919,1.0195548112800588e-06,1.0195548112800588e-06
family_ablation,gemma4:12b,all_crops,state_202,USB_Male,11,1,10,1.0,1.0,0,11,0,0.0,0.09090952824119468,0.09090952824119468,0.01705620369408204,0.01705620369408204,1,0,0.0,0.9999949932096399,0.9999949932096399,4.379772028836986e-07,4.379772028836986e-07,10,0,0.0,9.817443501370222e-07,9.817443501370222e-07,0.018761780265769957,0.018761780265769957,1,0,0.0,0.9999949932096399,0.9999949932096399,4.379772028836986e-07,4.379772028836986e-07
family_ablation,gemma4:12b,all_crops,state_202,DSUB_Male,11,1,10,1.0,1.0,0,11,3,0.2727272727272727,0.272632258430346,0.272632258430346,0.2702623155422147,0.2702623155422147,1,0,0.0,0.9999957084656899,0.9999957084656899,2.8885428418216484e-07,2.8885428418216484e-07,10,3,0.3,0.19989591342681162,0.19989591342681162,0.29728851821100777,0.29728851821100777,1,0,0.0,0.9999957084656899,0.9999957084656899,2.8885428418216484e-07,2.8885428418216484e-07
family_ablation,gemma4:12b,all_crops,state_303,gear,33,9,24,1.0,1.0,0,33,3,0.09090909090909091,0.27450891519997994,0.27450891519997994,0.12874167666510986,0.12874167666510986,9,0,0.0,0.9999960925843104,0.9999960925843104,5.984228811701421e-07,5.984228811701421e-07,24,3,0.125,0.00245122368085608,0.00245122368085608,0.1770195810059456,0.1770195810059456,3,0,0.0,0.9999961058297847,0.9999961058297847,6.37780719421224e-07,6.37780719421224e-07
family_ablation,gemma4:12b,all_crops,state_303,hex_nut,22,4,18,1.0,1.0,0,22,0,0.0,0.18181296736807556,0.18181296736807556,0.0006452940417235972,0.0006452940417235972,4,0,0.0,0.9999660551540452,0.9999660551540452,2.766544685720425e-06,2.766544685720425e-06,18,0,0.0,1.1700823045288097e-06,1.1700823045288097e-06,0.0007880779299542363,0.0007880779299542363,2,0,0.0,0.9999663233750512,0.9999663233750512,3.01786254152377e-06,3.01786254152377e-06
family_ablation,gemma4:12b,all_crops,state_303,round_pin,33,9,24,1.0,1.0,0,33,0,0.0,0.27273708151033116,0.27273708151033116,0.016826920357175933,0.016826920357175933,9,0,0.0,0.9999970595041217,0.9999970595041217,2.799425926038415e-07,2.799425926038415e-07,24,0,0.0,1.4589762659715465e-05,1.4589762659715465e-05,0.023136910512644677,0.023136910512644677,3,0,0.0,0.9999971389769607,0.9999971389769607,2.7137814583030784e-07,2.7137814583030784e-07
family_ablation,gemma4:12b,all_crops,state_303,Waterproof_Male,11,1,10,1.0,1.0,0,11,4,0.36363636363636365,0.28625899578121355,0.28625899578121355,0.3311789735130739,0.3311789735130739,1,0,0.0,0.9999939203260696,0.9999939203260696,2.067103627083619e-06,2.067103627083619e-06,10,4,0.4,0.21488550332672793,0.21488550332672793,0.36429666415401857,0.36429666415401857,1,0,0.0,0.9999939203260696,0.9999939203260696,2.067103627083619e-06,2.067103627083619e-06
family_ablation,gemma4:12b,all_crops,state_303,USB_Male,11,1,10,1.0,1.0,0,11,0,0.0,0.09090976003763568,0.09090976003763568,0.003400042418433513,0.003400042418433513,1,0,0.0,0.9999961853027344,0.9999961853027344,2.1789127479068015e-07,2.1789127479068015e-07,10,0,0.0,1.1175111258172029e-06,1.1175111258172029e-06,0.0037400248711493846,0.0037400248711493846,1,0,0.0,0.9999961853027344,0.9999961853027344,2.1789127479068015e-07,2.1789127479068015e-07
family_ablation,gemma4:12b,all_crops,state_303,DSUB_Male,11,1,10,1.0,1.0,0,11,3,0.2727272727272727,0.33983162957270086,0.33983162957270086,0.276378824281561,0.276378824281561,1,0,0.0,0.9999967813491324,0.9999967813491324,2.616760765174216e-07,2.616760765174216e-07,10,3,0.3,0.2738151143950577,0.2738151143950577,0.3040166805421095,0.3040166805421095,1,0,0.0,0.9999967813491324,0.9999967813491324,2.616760765174216e-07,2.616760765174216e-07
family_ablation,gemma4:12b,all_crops,all,gear,132,36,96,1.0,1.0,0,132,21,0.1590909090909091,0.2929612385261454,0.2929612385261454,0.168998685019889,0.168998685019889,36,0,0.0,0.9999954700469762,0.9999954700469762,4.374702005543511e-07,4.374702005543511e-07,96,21,0.21875,0.02782340170583387,0.02782340170583387,0.23237302785102212,0.23237302785102212,12,0,0.0,0.9999954998492738,0.9999954998492738,4.5147195120688424e-07,4.5147195120688424e-07
family_ablation,gemma4:12b,all_crops,all,hex_nut,88,16,72,1.0,1.0,0,88,0,0.0,0.18156572818023983,0.18156572818023983,0.0053381991738075014,0.0053381991738075014,16,0,0.0,0.9986058548023471,0.9986058548023471,8.539664291657922e-05,8.539664291657922e-05,72,0,0.0,1.255597549333311e-06,1.255597549333311e-06,0.006505488625116596,0.006505488625116596,8,0,0.0,0.9985992685396778,0.9985992685396778,8.468596524984746e-05,8.468596524984746e-05
family_ablation,gemma4:12b,all_crops,all,round_pin,132,36,96,1.0,1.0,0,132,3,0.022727272727272728,0.27273623515533185,0.27273623515533185,0.03148240426915479,0.03148240426915479,36,0,0.0,0.9999967482354981,0.9999967482354981,2.8015553950101306e-07,2.8015553950101306e-07,96,3,0.03125,1.354275026952251e-05,1.354275026952251e-05,0.043288200811760526,0.043288200811760526,12,0,0.0,0.999996731678643,0.999996731678643,2.875814718812232e-07,2.875814718812232e-07
family_ablation,gemma4:12b,all_crops,all,Waterproof_Male,44,4,40,0.971875,0.971875,0,44,14,0.3181818181818182,0.30661107799864934,0.30661107799864934,0.2861717100760442,0.2861717100760442,4,0,0.0,0.9999952018260085,0.9999952018260085,8.802809251694542e-07,8.802809251694542e-07,40,14,0.35,0.23727266561591343,0.23727266561591343,0.3147887930555561,0.3147887930555561,4,0,0.0,0.9999952018260085,0.9999952018260085,8.802809251694542e-07,8.802809251694542e-07
family_ablation,gemma4:12b,all_crops,all,USB_Male,44,4,40,1.0,1.0,0,44,2,0.045454545454545456,0.11387840823010181,0.11387840823010181,0.06295580888485953,0.06295580888485953,4,0,0.0,0.9999943673610776,0.9999943673610776,4.508580081235131e-07,4.508580081235131e-07,40,2,0.05,0.025266812317004218,0.025266812317004218,0.06925134468754468,0.06925134468754468,4,0,0.0,0.9999943673610776,0.9999943673610776,4.508580081235131e-07,4.508580081235131e-07
family_ablation,gemma4:12b,all_crops,all,DSUB_Male,44,4,40,0.9875,0.9875,0,44,12,0.2727272727272727,0.3067418007145848,0.3067418007145848,0.27724644731864784,0.27724644731864784,4,0,0.0,0.9999884665012837,0.9999884665012837,1.336996503423669e-06,1.336996503423669e-06,40,12,0.3,0.23741713413591486,0.23741713413591486,0.30497095835086224,0.30497095835086224,4,0,0.0,0.9999884665012837,0.9999884665012837,1.336996503423669e-06,1.336996503423669e-06
family_ablation,gemma4:12b,autonomous_depth_only,original,gear,33,9,24,1.0,1.0,0,33,3,0.09090909090909091,0.27801333905017156,0.27801333905017156,0.1414785789806595,0.1414785789806595,9,0,0.0,0.9999967416127412,0.9999967416127412,2.612996848708588e-07,2.612996848708588e-07,24,3,0.125,0.007269563089207974,0.007269563089207974,0.19453294811102498,0.19453294811102498,3,0,0.0,0.9999964237213229,0.9999964237213229,2.7623072413661997e-07,2.7623072413661997e-07
family_ablation,gemma4:12b,autonomous_depth_only,original,hex_nut,22,4,18,1.0,1.0,0,22,0,0.0,0.1818143346119456,0.1818143346119456,0.015119931979781807,0.015119931979781807,4,0,0.0,0.9999732375150897,0.9999732375150897,1.8541538304266695e-06,1.8541538304266695e-06,18,0,0.0,1.245077913583505e-06,1.245077913583505e-06,0.018479504829993228,0.018479504829993228,2,0,0.0,0.9999742507939877,0.9999742507939877,1.992159294258665e-06,1.992159294258665e-06
family_ablation,gemma4:12b,autonomous_depth_only,original,round_pin,33,9,24,1.0,1.0,0,33,3,0.09090909090909091,0.27273913758039003,0.27273913758039003,0.08022694593625072,0.08022694593625072,9,0,0.0,0.9999969270494612,0.9999969270494612,2.2516279040666573e-07,2.2516279040666573e-07,24,3,0.125,1.7466529488350695e-05,1.7466529488350695e-05,0.11031196622629835,0.11031196622629835,3,0,0.0,0.999997019767792,0.999997019767792,2.4797960984757143e-07,2.4797960984757143e-07
family_ablation,gemma4:12b,autonomous_depth_only,original,Waterproof_Male,11,1,10,1.0,1.0,0,11,4,0.36363636363636365,0.28784012930191893,0.28784012930191893,0.2859122073286389,0.2859122073286389,1,0,0.0,0.9999964237213419,0.9999964237213419,3.34074613903152e-07,3.34074613903152e-07,10,4,0.4,0.21662449985997662,0.21662449985997662,0.3145033946540415,0.3145033946540415,1,0,0.0,0.9999964237213419,0.9999964237213419,3.34074613903152e-07,3.34074613903152e-07
family_ablation,gemma4:12b,autonomous_depth_only,original,USB_Male,11,1,10,1.0,1.0,0,11,0,0.0,0.1817876205081503,0.1817876205081503,0.05720555254752473,0.05720555254752473,1,0,0.0,0.9999934434891956,0.9999934434891956,7.573559925712907e-07,7.573559925712907e-07,10,0,0.0,0.09996703821004578,0.09996703821004578,0.06292603206667793,0.06292603206667793,1,0,0.0,0.9999934434891956,0.9999934434891956,7.573559925712907e-07,7.573559925712907e-07
family_ablation,gemma4:12b,autonomous_depth_only,original,DSUB_Male,11,1,10,1.0,1.0,0,11,3,0.2727272727272727,0.27251022098837835,0.27251022098837835,0.26773815749680147,0.26773815749680147,1,0,0.0,0.9999957084656899,0.9999957084656899,5.948729270720711e-07,5.948729270720711e-07,10,3,0.3,0.19976167224064723,0.19976167224064723,0.2945119137591889,0.2945119137591889,1,0,0.0,0.9999957084656899,0.9999957084656899,5.948729270720711e-07,5.948729270720711e-07
family_ablation,gemma4:12b,autonomous_depth_only,state_101,gear,30,9,21,1.0,1.0,0,30,9,0.3,0.38125231192425735,0.38125231192425735,0.2754307257588645,0.2754307257588645,9,0,0.0,0.9999939468171932,0.9999939468171932,3.5024738230665984e-07,3.5024738230665984e-07,21,9,0.42857142857142855,0.11607732554157044,0.11607732554157044,0.39347231526378545,0.39347231526378545,3,0,0.0,0.9999943574268949,0.9999943574268949,3.3765632244150525e-07,3.3765632244150525e-07
family_ablation,gemma4:12b,autonomous_depth_only,state_101,hex_nut,20,4,16,1.0,1.0,0,20,0,0.0,0.19890179824278217,0.19890179824278217,0.0006021010537321734,0.0006021010537321734,4,0,0.0,0.9945057630267367,0.9945057630267367,0.0003356512945580333,0.0003356512945580333,16,0,0.0,8.070467935266247e-07,8.070467935266247e-07,0.0006687134935257084,0.0006687134935257084,2,0,0.0,0.9944780768710955,0.9944780768710955,0.00033248194552114226,0.00033248194552114226
family_ablation,gemma4:12b,autonomous_depth_only,state_101,round_pin,30,9,21,1.0,1.0,0,30,0,0.0,0.30000310869344865,0.30000310869344865,0.020766033537489556,0.020766033537489556,9,0,0.0,0.9999963045120595,0.9999963045120595,3.853787460402245e-07,3.853787460402245e-07,21,0,0.0,6.024771187047186e-06,6.024771187047186e-06,0.02966559703409392,0.02966559703409392,3,0,0.0,0.9999963839848954,0.9999963839848954,3.815912884534186e-07,3.815912884534186e-07
family_ablation,gemma4:12b,autonomous_depth_only,state_101,Waterproof_Male,10,1,9,1.0,1.0,0,10,4,0.4,0.3325053578524584,0.3325053578524584,0.3526711467699316,0.3526711467699316,1,0,0.0,0.999996304512031,0.999996304512031,1.003906484109873e-07,1.003906484109873e-07,9,4,0.4444444444444444,0.2583396971125059,0.2583396971125059,0.391856818589852,0.391856818589852,1,0,0.0,0.999996304512031,0.999996304512031,1.003906484109873e-07,1.003906484109873e-07
family_ablation,gemma4:12b,autonomous_depth_only,state_101,DSUB_Male,10,1,9,1.0,1.0,0,10,3,0.3,0.2761932138767627,0.2761932138767627,0.3240670860553761,0.3240670860553761,1,0,0.0,0.9999656677246228,0.9999656677246228,4.202582725923018e-06,4.202582725923018e-06,9,3,0.3333333333333333,0.1957740523381116,0.1957740523381116,0.3600740731078928,0.3600740731078928,1,0,0.0,0.9999656677246228,0.9999656677246228,4.202582725923018e-06,4.202582725923018e-06
family_ablation,gemma4:12b,autonomous_depth_only,state_202,gear,33,9,24,1.0,1.0,0,33,6,0.18181818181818182,0.27272961896436587,0.27272961896436587,0.15112517328755057,0.15112517328755057,9,0,0.0,0.9999950991736597,0.9999950991736597,5.399108538697437e-07,5.399108538697437e-07,24,6,0.25,5.063885880623957e-06,5.063885880623957e-06,0.20779691080381188,0.20779691080381188,3,0,0.0,0.9999951124190929,0.9999951124190929,5.542200388281878e-07,5.542200388281878e-07
family_ablation,gemma4:12b,autonomous_depth_only,state_202,hex_nut,22,4,18,1.0,1.0,0,22,0,0.0,0.18181552658251834,0.18181552658251834,0.004862680805889337,0.004862680805889337,4,0,0.0,0.9999783635135162,0.9999783635135162,1.3145785921365116e-06,1.3145785921365116e-06,18,0,0.0,1.5628200743622297e-06,1.5628200743622297e-06,0.005942984411955381,0.005942984411955381,2,0,0.0,0.9999784231185773,0.9999784231185773,1.2518936424651785e-06,1.2518936424651785e-06
family_ablation,gemma4:12b,autonomous_depth_only,state_202,round_pin,33,9,24,1.0,1.0,0,33,0,0.0,0.2727375289798646,0.2727375289798646,0.008834695008003102,0.008834695008003102,9,0,0.0,0.99999670187635,0.99999670187635,2.301380289533203e-07,2.301380289533203e-07,24,0,0.0,1.533914368262647e-05,1.533914368262647e-05,0.012147619334243409,0.012147619334243409,3,0,0.0,0.9999963839849239,0.9999963839849239,2.4937684339359483e-07,2.4937684339359483e-07
family_ablation,gemma4:12b,autonomous_depth_only,state_202,Waterproof_Male,11,1,10,0.9,0.9,0,11,2,0.18181818181818182,0.3500666155861514,0.3500666155861514,0.20658652616516868,0.20658652616516868,1,0,0.0,0.9999941587445919,0.9999941587445919,1.0195548112800588e-06,1.0195548112800588e-06,10,2,0.2,0.2850738612703073,0.2850738612703073,0.22724507682620443,0.22724507682620443,1,0,0.0,0.9999941587445919,0.9999941587445919,1.0195548112800588e-06,1.0195548112800588e-06
family_ablation,gemma4:12b,autonomous_depth_only,state_202,USB_Male,11,1,10,1.0,1.0,0,11,0,0.0,0.09090952824119468,0.09090952824119468,0.01705620369408204,0.01705620369408204,1,0,0.0,0.9999949932096399,0.9999949932096399,4.379772028836986e-07,4.379772028836986e-07,10,0,0.0,9.817443501370222e-07,9.817443501370222e-07,0.018761780265769957,0.018761780265769957,1,0,0.0,0.9999949932096399,0.9999949932096399,4.379772028836986e-07,4.379772028836986e-07
family_ablation,gemma4:12b,autonomous_depth_only,state_202,DSUB_Male,11,1,10,1.0,1.0,0,11,3,0.2727272727272727,0.272632258430346,0.272632258430346,0.2702623155422147,0.2702623155422147,1,0,0.0,0.9999957084656899,0.9999957084656899,2.8885428418216484e-07,2.8885428418216484e-07,10,3,0.3,0.19989591342681162,0.19989591342681162,0.29728851821100777,0.29728851821100777,1,0,0.0,0.9999957084656899,0.9999957084656899,2.8885428418216484e-07,2.8885428418216484e-07
family_ablation,gemma4:12b,autonomous_depth_only,state_303,gear,30,9,21,1.0,1.0,0,30,3,0.1,0.30195974191703745,0.30195974191703745,0.14106951788483754,0.14106951788483754,9,0,0.0,0.9999960925843104,0.9999960925843104,5.984228811701421e-07,5.984228811701421e-07,21,3,0.14285714285714285,0.0028013059167776647,0.0028013059167776647,0.201527626225676,0.201527626225676,3,0,0.0,0.9999961058297847,0.9999961058297847,6.37780719421224e-07,6.37780719421224e-07
family_ablation,gemma4:12b,autonomous_depth_only,state_303,hex_nut,20,4,16,1.0,1.0,0,20,0,0.0,0.19999359132155015,0.19999359132155015,0.0001824649393793052,0.0001824649393793052,4,0,0.0,0.9999660551540452,0.9999660551540452,2.766544685720425e-06,2.766544685720425e-06,16,0,0.0,4.7536342637154727e-07,4.7536342637154727e-07,0.00022738953805270134,0.00022738953805270134,2,0,0.0,0.9999663233750512,0.9999663233750512,3.01786254152377e-06,3.01786254152377e-06
family_ablation,gemma4:12b,autonomous_depth_only,state_303,round_pin,30,9,21,1.0,1.0,0,30,0,0.0,0.30000103250268845,0.30000103250268845,0.0024473318854969393,0.0024473318854969393,9,0,0.0,0.9999970595041217,0.9999970595041217,2.799425926038415e-07,2.799425926038415e-07,21,0,0.0,2.735216359876668e-06,2.735216359876668e-06,0.0034960684324559406,0.0034960684324559406,3,0,0.0,0.9999971389769607,0.9999971389769607,2.7137814583030784e-07,2.7137814583030784e-07
family_ablation,gemma4:12b,autonomous_depth_only,state_303,Waterproof_Male,10,1,9,1.0,1.0,0,10,4,0.4,0.29865911302150705,0.29865911302150705,0.36328453454212684,0.36328453454212684,1,0,0.0,0.9999939203260696,0.9999939203260696,2.067103627083619e-06,2.067103627083619e-06,9,4,0.4444444444444444,0.22073302332100014,0.22073302332100014,0.4036492531464046,0.4036492531464046,1,0,0.0,0.9999939203260696,0.9999939203260696,2.067103627083619e-06,2.067103627083619e-06
family_ablation,gemma4:12b,autonomous_depth_only,state_303,DSUB_Male,10,1,9,1.0,1.0,0,10,3,0.3,0.2738161515159144,0.2738161515159144,0.30401659124709174,0.30401659124709174,1,0,0.0,0.9999967813491324,0.9999967813491324,2.616760765174216e-07,2.616760765174216e-07,9,3,0.3333333333333333,0.19312941486777901,0.19312941486777901,0.337796183421649,0.337796183421649,1,0,0.0,0.9999967813491324,0.9999967813491324,2.616760765174216e-07,2.616760765174216e-07
family_ablation,gemma4:12b,autonomous_depth_only,all,gear,126,36,90,1.0,1.0,0,126,21,0.16666666666666666,0.30691173991840154,0.30691173991840154,0.17580104074731742,0.17580104074731742,36,0,0.0,0.9999954700469762,0.9999954700469762,4.374702005543511e-07,4.374702005543511e-07,90,21,0.23333333333333334,0.029678247866971524,0.029678247866971524,0.24612128205816414,0.24612128205816414,12,0,0.0,0.9999954998492738,0.9999954998492738,4.5147195120688424e-07,4.5147195120688424e-07
family_ablation,gemma4:12b,autonomous_depth_only,all,hex_nut,84,16,68,1.0,1.0,0,84,0,0.0,0.19021148497101015,0.19021148497101015,0.005420342870797558,0.005420342870797558,16,0,0.0,0.9986058548023471,0.9986058548023471,8.539664291657922e-05,8.539664291657922e-05,68,0,0.0,1.045010695608735e-06,1.045010695608735e-06,0.006675624336181317,0.006675624336181317,8,0,0.0,0.9985992685396778,0.9985992685396778,8.468596524984746e-05,8.468596524984746e-05
family_ablation,gemma4:12b,autonomous_depth_only,all,round_pin,126,36,90,1.0,1.0,0,126,3,0.023809523809523808,0.2857210653362898,0.2857210653362898,0.028852659633729932,0.028852659633729932,36,0,0.0,0.9999967482354981,0.9999967482354981,2.8015553950101306e-07,2.8015553950101306e-07,90,3,0.03333333333333333,1.079217660654281e-05,1.079217660654281e-05,0.0403936114250061,0.0403936114250061,12,0,0.0,0.999996731678643,0.999996731678643,2.875814718812232e-07,2.875814718812232e-07
family_ablation,gemma4:12b,autonomous_depth_only,all,Waterproof_Male,42,4,38,0.9703947368421053,0.9703947368421053,0,42,14,0.3333333333333333,0.31734806910734353,0.31734806910734353,0.29945340194172543,0.29945340194172543,4,0,0.0,0.9999952018260085,0.9999952018260085,8.802809251694542e-07,8.802809251694542e-07,38,14,0.3684210526315789,0.2454904761895893,0.2454904761895893,0.33097472001128336,0.33097472001128336,4,0,0.0,0.9999952018260085,0.9999952018260085,8.802809251694542e-07,8.802809251694542e-07
family_ablation,gemma4:12b,autonomous_depth_only,all,USB_Male,42,2,40,1.0,1.0,0,42,2,0.047619047619047616,0.07168240308045248,0.07168240308045248,0.06595369006749958,0.06595369006749958,2,0,0.0,0.9999942183494177,0.9999942183494177,5.976665977274946e-07,5.976665977274946e-07,40,2,0.05,0.025266812317004218,0.025266812317004218,0.06925134468754468,0.06925134468754468,2,0,0.0,0.9999942183494177,0.9999942183494177,5.976665977274946e-07,5.976665977274946e-07
family_ablation,gemma4:12b,autonomous_depth_only,all,DSUB_Male,42,4,38,1.0,1.0,0,42,12,0.2857142857142857,0.27373002208411285,0.27373002208411285,0.2904486184869966,0.2904486184869966,4,0,0.0,0.9999884665012837,0.9999884665012837,1.336996503423669e-06,1.336996503423669e-06,38,12,0.3157894736842105,0.19728176477704218,0.19728176477704218,0.3210220165386275,0.3210220165386275,4,0,0.0,0.9999884665012837,0.9999884665012837,1.336996503423669e-06,1.336996503423669e-06
