condition,model,scope,state,target_family,threshold,family_total,family_retained_lower,family_retained_upper,family_rate_lower,family_rate_upper,unrelated_total,unrelated_retained_lower,unrelated_retained_upper,unrelated_rate_lower,unrelated_rate_upper,own_total,own_retained_lower,own_retained_upper,own_rate_lower,own_rate_upper
baseline,qwen3.5:4b,all_crops,original,all,0.0,25,25,25,1.0,1.0,96,96,96,1.0,1.0,11,11,11,1.0,1.0
baseline,qwen3.5:4b,all_crops,original,all,0.01,25,25,25,1.0,1.0,96,96,96,1.0,1.0,11,11,11,1.0,1.0
baseline,qwen3.5:4b,all_crops,original,all,0.02,25,25,25,1.0,1.0,96,94,94,0.9791666666666666,0.9791666666666666,11,11,11,1.0,1.0
baseline,qwen3.5:4b,all_crops,original,all,0.03,25,25,25,1.0,1.0,96,93,93,0.96875,0.96875,11,11,11,1.0,1.0
baseline,qwen3.5:4b,all_crops,original,all,0.04,25,25,25,1.0,1.0,96,92,92,0.9583333333333334,0.9583333333333334,11,11,11,1.0,1.0
baseline,qwen3.5:4b,all_crops,original,all,0.05,25,25,25,1.0,1.0,96,84,84,0.875,0.875,11,11,11,1.0,1.0
baseline,qwen3.5:4b,all_crops,original,all,0.06,25,25,25,1.0,1.0,96,79,79,0.8229166666666666,0.8229166666666666,11,11,11,1.0,1.0
baseline,qwen3.5:4b,all_crops,original,all,0.07,25,25,25,1.0,1.0,96,71,71,0.7395833333333334,0.7395833333333334,11,11,11,1.0,1.0
baseline,qwen3.5:4b,all_crops,original,all,0.08,25,25,25,1.0,1.0,96,65,65,0.6770833333333334,0.6770833333333334,11,11,11,1.0,1.0
baseline,qwen3.5:4b,all_crops,original,all,0.09,25,25,25,1.0,1.0,96,61,61,0.6354166666666666,0.6354166666666666,11,11,11,1.0,1.0
baseline,qwen3.5:4b,all_crops,original,all,0.1,25,25,25,1.0,1.0,96,57,57,0.59375,0.59375,11,11,11,1.0,1.0
baseline,qwen3.5:4b,all_crops,original,all,0.11,25,25,25,1.0,1.0,96,56,56,0.5833333333333334,0.5833333333333334,11,11,11,1.0,1.0
baseline,qwen3.5:4b,all_crops,original,all,0.12,25,25,25,1.0,1.0,96,53,53,0.5520833333333334,0.5520833333333334,11,11,11,1.0,1.0
baseline,qwen3.5:4b,all_crops,original,all,0.13,25,25,25,1.0,1.0,96,50,50,0.5208333333333334,0.5208333333333334,11,11,11,1.0,1.0
baseline,qwen3.5:4b,all_crops,original,all,0.14,25,25,25,1.0,1.0,96,43,43,0.4479166666666667,0.4479166666666667,11,11,11,1.0,1.0
baseline,qwen3.5:4b,all_crops,original,all,0.15,25,25,25,1.0,1.0,96,41,41,0.4270833333333333,0.4270833333333333,11,11,11,1.0,1.0
baseline,qwen3.5:4b,all_crops,original,all,0.16,25,25,25,1.0,1.0,96,39,39,0.40625,0.40625,11,11,11,1.0,1.0
baseline,qwen3.5:4b,all_crops,original,all,0.17,25,25,25,1.0,1.0,96,37,37,0.3854166666666667,0.3854166666666667,11,11,11,1.0,1.0
baseline,qwen3.5:4b,all_crops,original,all,0.18,25,25,25,1.0,1.0,96,35,35,0.3645833333333333,0.3645833333333333,11,11,11,1.0,1.0
baseline,qwen3.5:4b,all_crops,original,all,0.19,25,25,25,1.0,1.0,96,33,33,0.34375,0.34375,11,11,11,1.0,1.0
baseline,qwen3.5:4b,all_crops,original,all,0.2,25,25,25,1.0,1.0,96,32,32,0.3333333333333333,0.3333333333333333,11,11,11,1.0,1.0
baseline,qwen3.5:4b,all_crops,original,all,0.21,25,25,25,1.0,1.0,96,31,31,0.3229166666666667,0.3229166666666667,11,11,11,1.0,1.0
baseline,qwen3.5:4b,all_crops,original,all,0.22,25,25,25,1.0,1.0,96,30,30,0.3125,0.3125,11,11,11,1.0,1.0
baseline,qwen3.5:4b,all_crops,original,all,0.23,25,25,25,1.0,1.0,96,30,30,0.3125,0.3125,11,11,11,1.0,1.0
baseline,qwen3.5:4b,all_crops,original,all,0.24,25,25,25,1.0,1.0,96,28,28,0.2916666666666667,0.2916666666666667,11,11,11,1.0,1.0
baseline,qwen3.5:4b,all_crops,original,all,0.25,25,25,25,1.0,1.0,96,28,28,0.2916666666666667,0.2916666666666667,11,11,11,1.0,1.0
baseline,qwen3.5:4b,all_crops,original,all,0.26,25,25,25,1.0,1.0,96,25,25,0.2604166666666667,0.2604166666666667,11,11,11,1.0,1.0
baseline,qwen3.5:4b,all_crops,original,all,0.27,25,25,25,1.0,1.0,96,25,25,0.2604166666666667,0.2604166666666667,11,11,11,1.0,1.0
baseline,qwen3.5:4b,all_crops,original,all,0.28,25,25,25,1.0,1.0,96,25,25,0.2604166666666667,0.2604166666666667,11,11,11,1.0,1.0
baseline,qwen3.5:4b,all_crops,original,all,0.29,25,25,25,1.0,1.0,96,25,25,0.2604166666666667,0.2604166666666667,11,11,11,1.0,1.0
baseline,qwen3.5:4b,all_crops,original,all,0.3,25,25,25,1.0,1.0,96,23,23,0.23958333333333334,0.23958333333333334,11,11,11,1.0,1.0
baseline,qwen3.5:4b,all_crops,original,all,0.31,25,25,25,1.0,1.0,96,22,22,0.22916666666666666,0.22916666666666666,11,11,11,1.0,1.0
baseline,qwen3.5:4b,all_crops,original,all,0.32,25,25,25,1.0,1.0,96,20,20,0.20833333333333334,0.20833333333333334,11,11,11,1.0,1.0
baseline,qwen3.5:4b,all_crops,original,all,0.33,25,25,25,1.0,1.0,96,17,17,0.17708333333333334,0.17708333333333334,11,11,11,1.0,1.0
baseline,qwen3.5:4b,all_crops,original,all,0.34,25,25,25,1.0,1.0,96,16,16,0.16666666666666666,0.16666666666666666,11,11,11,1.0,1.0
baseline,qwen3.5:4b,all_crops,original,all,0.35,25,25,25,1.0,1.0,96,15,15,0.15625,0.15625,11,11,11,1.0,1.0
baseline,qwen3.5:4b,all_crops,original,all,0.36,25,24,24,0.96,0.96,96,14,14,0.14583333333333334,0.14583333333333334,11,11,11,1.0,1.0
baseline,qwen3.5:4b,all_crops,original,all,0.37,25,24,24,0.96,0.96,96,14,14,0.14583333333333334,0.14583333333333334,11,11,11,1.0,1.0
baseline,qwen3.5:4b,all_crops,original,all,0.38,25,24,24,0.96,0.96,96,12,12,0.125,0.125,11,11,11,1.0,1.0
baseline,qwen3.5:4b,all_crops,original,all,0.39,25,24,24,0.96,0.96,96,10,10,0.10416666666666667,0.10416666666666667,11,11,11,1.0,1.0
baseline,qwen3.5:4b,all_crops,original,all,0.4,25,24,24,0.96,0.96,96,10,10,0.10416666666666667,0.10416666666666667,11,11,11,1.0,1.0
baseline,qwen3.5:4b,all_crops,original,all,0.41,25,23,23,0.92,0.92,96,8,8,0.08333333333333333,0.08333333333333333,11,10,10,0.9090909090909091,0.9090909090909091
baseline,qwen3.5:4b,all_crops,original,all,0.42,25,23,23,0.92,0.92,96,8,8,0.08333333333333333,0.08333333333333333,11,10,10,0.9090909090909091,0.9090909090909091
baseline,qwen3.5:4b,all_crops,original,all,0.43,25,23,23,0.92,0.92,96,8,8,0.08333333333333333,0.08333333333333333,11,10,10,0.9090909090909091,0.9090909090909091
baseline,qwen3.5:4b,all_crops,original,all,0.44,25,23,23,0.92,0.92,96,8,8,0.08333333333333333,0.08333333333333333,11,10,10,0.9090909090909091,0.9090909090909091
baseline,qwen3.5:4b,all_crops,original,all,0.45,25,23,23,0.92,0.92,96,6,6,0.0625,0.0625,11,10,10,0.9090909090909091,0.9090909090909091
baseline,qwen3.5:4b,all_crops,original,all,0.46,25,23,23,0.92,0.92,96,5,5,0.052083333333333336,0.052083333333333336,11,10,10,0.9090909090909091,0.9090909090909091
baseline,qwen3.5:4b,all_crops,original,all,0.47,25,22,22,0.88,0.88,96,5,5,0.052083333333333336,0.052083333333333336,11,10,10,0.9090909090909091,0.9090909090909091
baseline,qwen3.5:4b,all_crops,original,all,0.48,25,22,22,0.88,0.88,96,5,5,0.052083333333333336,0.052083333333333336,11,10,10,0.9090909090909091,0.9090909090909091
baseline,qwen3.5:4b,all_crops,original,all,0.49,25,22,22,0.88,0.88,96,5,5,0.052083333333333336,0.052083333333333336,11,10,10,0.9090909090909091,0.9090909090909091
baseline,qwen3.5:4b,all_crops,original,all,0.5,25,20,20,0.8,0.8,96,5,5,0.052083333333333336,0.052083333333333336,11,9,9,0.8181818181818182,0.8181818181818182
baseline,qwen3.5:4b,all_crops,original,all,0.51,25,20,20,0.8,0.8,96,4,4,0.041666666666666664,0.041666666666666664,11,9,9,0.8181818181818182,0.8181818181818182
baseline,qwen3.5:4b,all_crops,original,all,0.52,25,19,19,0.76,0.76,96,4,4,0.041666666666666664,0.041666666666666664,11,9,9,0.8181818181818182,0.8181818181818182
baseline,qwen3.5:4b,all_crops,original,all,0.53,25,19,19,0.76,0.76,96,4,4,0.041666666666666664,0.041666666666666664,11,9,9,0.8181818181818182,0.8181818181818182
baseline,qwen3.5:4b,all_crops,original,all,0.54,25,19,19,0.76,0.76,96,4,4,0.041666666666666664,0.041666666666666664,11,9,9,0.8181818181818182,0.8181818181818182
baseline,qwen3.5:4b,all_crops,original,all,0.55,25,19,19,0.76,0.76,96,4,4,0.041666666666666664,0.041666666666666664,11,9,9,0.8181818181818182,0.8181818181818182
baseline,qwen3.5:4b,all_crops,original,all,0.56,25,19,19,0.76,0.76,96,3,3,0.03125,0.03125,11,9,9,0.8181818181818182,0.8181818181818182
baseline,qwen3.5:4b,all_crops,original,all,0.57,25,19,19,0.76,0.76,96,3,3,0.03125,0.03125,11,9,9,0.8181818181818182,0.8181818181818182
baseline,qwen3.5:4b,all_crops,original,all,0.58,25,19,19,0.76,0.76,96,2,2,0.020833333333333332,0.020833333333333332,11,9,9,0.8181818181818182,0.8181818181818182
baseline,qwen3.5:4b,all_crops,original,all,0.59,25,19,19,0.76,0.76,96,2,2,0.020833333333333332,0.020833333333333332,11,9,9,0.8181818181818182,0.8181818181818182
baseline,qwen3.5:4b,all_crops,original,all,0.6,25,19,19,0.76,0.76,96,2,2,0.020833333333333332,0.020833333333333332,11,9,9,0.8181818181818182,0.8181818181818182
baseline,qwen3.5:4b,all_crops,original,all,0.61,25,19,19,0.76,0.76,96,2,2,0.020833333333333332,0.020833333333333332,11,9,9,0.8181818181818182,0.8181818181818182
baseline,qwen3.5:4b,all_crops,original,all,0.62,25,18,18,0.72,0.72,96,2,2,0.020833333333333332,0.020833333333333332,11,8,8,0.7272727272727273,0.7272727272727273
baseline,qwen3.5:4b,all_crops,original,all,0.63,25,18,18,0.72,0.72,96,2,2,0.020833333333333332,0.020833333333333332,11,8,8,0.7272727272727273,0.7272727272727273
baseline,qwen3.5:4b,all_crops,original,all,0.64,25,18,18,0.72,0.72,96,2,2,0.020833333333333332,0.020833333333333332,11,8,8,0.7272727272727273,0.7272727272727273
baseline,qwen3.5:4b,all_crops,original,all,0.65,25,18,18,0.72,0.72,96,2,2,0.020833333333333332,0.020833333333333332,11,8,8,0.7272727272727273,0.7272727272727273
baseline,qwen3.5:4b,all_crops,original,all,0.66,25,18,18,0.72,0.72,96,2,2,0.020833333333333332,0.020833333333333332,11,8,8,0.7272727272727273,0.7272727272727273
baseline,qwen3.5:4b,all_crops,original,all,0.67,25,18,18,0.72,0.72,96,2,2,0.020833333333333332,0.020833333333333332,11,8,8,0.7272727272727273,0.7272727272727273
baseline,qwen3.5:4b,all_crops,original,all,0.68,25,18,18,0.72,0.72,96,2,2,0.020833333333333332,0.020833333333333332,11,8,8,0.7272727272727273,0.7272727272727273
baseline,qwen3.5:4b,all_crops,original,all,0.69,25,18,18,0.72,0.72,96,2,2,0.020833333333333332,0.020833333333333332,11,8,8,0.7272727272727273,0.7272727272727273
baseline,qwen3.5:4b,all_crops,original,all,0.7,25,17,17,0.68,0.68,96,1,1,0.010416666666666666,0.010416666666666666,11,7,7,0.6363636363636364,0.6363636363636364
baseline,qwen3.5:4b,all_crops,original,all,0.71,25,17,17,0.68,0.68,96,1,1,0.010416666666666666,0.010416666666666666,11,7,7,0.6363636363636364,0.6363636363636364
baseline,qwen3.5:4b,all_crops,original,all,0.72,25,17,17,0.68,0.68,96,1,1,0.010416666666666666,0.010416666666666666,11,7,7,0.6363636363636364,0.6363636363636364
baseline,qwen3.5:4b,all_crops,original,all,0.73,25,17,17,0.68,0.68,96,1,1,0.010416666666666666,0.010416666666666666,11,7,7,0.6363636363636364,0.6363636363636364
baseline,qwen3.5:4b,all_crops,original,all,0.74,25,17,17,0.68,0.68,96,1,1,0.010416666666666666,0.010416666666666666,11,7,7,0.6363636363636364,0.6363636363636364
baseline,qwen3.5:4b,all_crops,original,all,0.75,25,17,17,0.68,0.68,96,1,1,0.010416666666666666,0.010416666666666666,11,7,7,0.6363636363636364,0.6363636363636364
baseline,qwen3.5:4b,all_crops,original,all,0.76,25,17,17,0.68,0.68,96,1,1,0.010416666666666666,0.010416666666666666,11,7,7,0.6363636363636364,0.6363636363636364
baseline,qwen3.5:4b,all_crops,original,all,0.77,25,16,16,0.64,0.64,96,0,0,0.0,0.0,11,7,7,0.6363636363636364,0.6363636363636364
baseline,qwen3.5:4b,all_crops,original,all,0.78,25,15,15,0.6,0.6,96,0,0,0.0,0.0,11,7,7,0.6363636363636364,0.6363636363636364
baseline,qwen3.5:4b,all_crops,original,all,0.79,25,12,12,0.48,0.48,96,0,0,0.0,0.0,11,5,5,0.45454545454545453,0.45454545454545453
baseline,qwen3.5:4b,all_crops,original,all,0.8,25,11,11,0.44,0.44,96,0,0,0.0,0.0,11,4,4,0.36363636363636365,0.36363636363636365
baseline,qwen3.5:4b,all_crops,original,all,0.81,25,10,10,0.4,0.4,96,0,0,0.0,0.0,11,4,4,0.36363636363636365,0.36363636363636365
baseline,qwen3.5:4b,all_crops,original,all,0.82,25,9,9,0.36,0.36,96,0,0,0.0,0.0,11,3,3,0.2727272727272727,0.2727272727272727
baseline,qwen3.5:4b,all_crops,original,all,0.83,25,4,4,0.16,0.16,96,0,0,0.0,0.0,11,2,2,0.18181818181818182,0.18181818181818182
baseline,qwen3.5:4b,all_crops,original,all,0.84,25,3,3,0.12,0.12,96,0,0,0.0,0.0,11,2,2,0.18181818181818182,0.18181818181818182
baseline,qwen3.5:4b,all_crops,original,all,0.85,25,2,2,0.08,0.08,96,0,0,0.0,0.0,11,1,1,0.09090909090909091,0.09090909090909091
baseline,qwen3.5:4b,all_crops,original,all,0.86,25,1,1,0.04,0.04,96,0,0,0.0,0.0,11,1,1,0.09090909090909091,0.09090909090909091
baseline,qwen3.5:4b,all_crops,original,all,0.87,25,1,1,0.04,0.04,96,0,0,0.0,0.0,11,1,1,0.09090909090909091,0.09090909090909091
baseline,qwen3.5:4b,all_crops,original,all,0.88,25,0,0,0.0,0.0,96,0,0,0.0,0.0,11,0,0,0.0,0.0
baseline,qwen3.5:4b,all_crops,original,all,0.89,25,0,0,0.0,0.0,96,0,0,0.0,0.0,11,0,0,0.0,0.0
baseline,qwen3.5:4b,all_crops,original,all,0.9,25,0,0,0.0,0.0,96,0,0,0.0,0.0,11,0,0,0.0,0.0
baseline,qwen3.5:4b,all_crops,original,all,0.91,25,0,0,0.0,0.0,96,0,0,0.0,0.0,11,0,0,0.0,0.0
baseline,qwen3.5:4b,all_crops,original,all,0.92,25,0,0,0.0,0.0,96,0,0,0.0,0.0,11,0,0,0.0,0.0
baseline,qwen3.5:4b,all_crops,original,all,0.93,25,0,0,0.0,0.0,96,0,0,0.0,0.0,11,0,0,0.0,0.0
baseline,qwen3.5:4b,all_crops,original,all,0.94,25,0,0,0.0,0.0,96,0,0,0.0,0.0,11,0,0,0.0,0.0
baseline,qwen3.5:4b,all_crops,original,all,0.95,25,0,0,0.0,0.0,96,0,0,0.0,0.0,11,0,0,0.0,0.0
baseline,qwen3.5:4b,all_crops,original,all,0.96,25,0,0,0.0,0.0,96,0,0,0.0,0.0,11,0,0,0.0,0.0
baseline,qwen3.5:4b,all_crops,original,all,0.97,25,0,0,0.0,0.0,96,0,0,0.0,0.0,11,0,0,0.0,0.0
baseline,qwen3.5:4b,all_crops,original,all,0.98,25,0,0,0.0,0.0,96,0,0,0.0,0.0,11,0,0,0.0,0.0
baseline,qwen3.5:4b,all_crops,original,all,0.99,25,0,0,0.0,0.0,96,0,0,0.0,0.0,11,0,0,0.0,0.0
baseline,qwen3.5:4b,all_crops,original,all,0.995,25,0,0,0.0,0.0,96,0,0,0.0,0.0,11,0,0,0.0,0.0
baseline,qwen3.5:4b,all_crops,original,all,0.999,25,0,0,0.0,0.0,96,0,0,0.0,0.0,11,0,0,0.0,0.0
baseline,qwen3.5:4b,all_crops,original,all,0.9999,25,0,0,0.0,0.0,96,0,0,0.0,0.0,11,0,0,0.0,0.0
baseline,qwen3.5:4b,all_crops,original,all,0.99999,25,0,0,0.0,0.0,96,0,0,0.0,0.0,11,0,0,0.0,0.0
baseline,qwen3.5:4b,all_crops,original,all,0.999999,25,0,0,0.0,0.0,96,0,0,0.0,0.0,11,0,0,0.0,0.0
baseline,qwen3.5:4b,all_crops,original,all,1.0,25,0,0,0.0,0.0,96,0,0,0.0,0.0,11,0,0,0.0,0.0
baseline,qwen3.5:4b,all_crops,state_101,all,0.0,25,25,25,1.0,1.0,96,96,96,1.0,1.0,11,11,11,1.0,1.0
baseline,qwen3.5:4b,all_crops,state_101,all,0.01,25,25,25,1.0,1.0,96,96,96,1.0,1.0,11,11,11,1.0,1.0
baseline,qwen3.5:4b,all_crops,state_101,all,0.02,25,25,25,1.0,1.0,96,91,91,0.9479166666666666,0.9479166666666666,11,11,11,1.0,1.0
baseline,qwen3.5:4b,all_crops,state_101,all,0.03,25,25,25,1.0,1.0,96,90,90,0.9375,0.9375,11,11,11,1.0,1.0
baseline,qwen3.5:4b,all_crops,state_101,all,0.04,25,25,25,1.0,1.0,96,87,87,0.90625,0.90625,11,11,11,1.0,1.0
baseline,qwen3.5:4b,all_crops,state_101,all,0.05,25,25,25,1.0,1.0,96,82,82,0.8541666666666666,0.8541666666666666,11,11,11,1.0,1.0
baseline,qwen3.5:4b,all_crops,state_101,all,0.06,25,25,25,1.0,1.0,96,79,79,0.8229166666666666,0.8229166666666666,11,11,11,1.0,1.0
baseline,qwen3.5:4b,all_crops,state_101,all,0.07,25,25,25,1.0,1.0,96,74,74,0.7708333333333334,0.7708333333333334,11,11,11,1.0,1.0
baseline,qwen3.5:4b,all_crops,state_101,all,0.08,25,25,25,1.0,1.0,96,65,65,0.6770833333333334,0.6770833333333334,11,11,11,1.0,1.0
baseline,qwen3.5:4b,all_crops,state_101,all,0.09,25,25,25,1.0,1.0,96,59,59,0.6145833333333334,0.6145833333333334,11,11,11,1.0,1.0
baseline,qwen3.5:4b,all_crops,state_101,all,0.1,25,25,25,1.0,1.0,96,56,56,0.5833333333333334,0.5833333333333334,11,11,11,1.0,1.0
baseline,qwen3.5:4b,all_crops,state_101,all,0.11,25,25,25,1.0,1.0,96,53,53,0.5520833333333334,0.5520833333333334,11,11,11,1.0,1.0
baseline,qwen3.5:4b,all_crops,state_101,all,0.12,25,25,25,1.0,1.0,96,49,49,0.5104166666666666,0.5104166666666666,11,11,11,1.0,1.0
baseline,qwen3.5:4b,all_crops,state_101,all,0.13,25,25,25,1.0,1.0,96,45,45,0.46875,0.46875,11,11,11,1.0,1.0
baseline,qwen3.5:4b,all_crops,state_101,all,0.14,25,25,25,1.0,1.0,96,41,41,0.4270833333333333,0.4270833333333333,11,11,11,1.0,1.0
baseline,qwen3.5:4b,all_crops,state_101,all,0.15,25,25,25,1.0,1.0,96,40,40,0.4166666666666667,0.4166666666666667,11,11,11,1.0,1.0
baseline,qwen3.5:4b,all_crops,state_101,all,0.16,25,25,25,1.0,1.0,96,40,40,0.4166666666666667,0.4166666666666667,11,11,11,1.0,1.0
baseline,qwen3.5:4b,all_crops,state_101,all,0.17,25,25,25,1.0,1.0,96,37,37,0.3854166666666667,0.3854166666666667,11,11,11,1.0,1.0
baseline,qwen3.5:4b,all_crops,state_101,all,0.18,25,25,25,1.0,1.0,96,36,36,0.375,0.375,11,11,11,1.0,1.0
baseline,qwen3.5:4b,all_crops,state_101,all,0.19,25,25,25,1.0,1.0,96,33,33,0.34375,0.34375,11,11,11,1.0,1.0
baseline,qwen3.5:4b,all_crops,state_101,all,0.2,25,25,25,1.0,1.0,96,28,28,0.2916666666666667,0.2916666666666667,11,11,11,1.0,1.0
baseline,qwen3.5:4b,all_crops,state_101,all,0.21,25,25,25,1.0,1.0,96,26,26,0.2708333333333333,0.2708333333333333,11,11,11,1.0,1.0
baseline,qwen3.5:4b,all_crops,state_101,all,0.22,25,25,25,1.0,1.0,96,25,25,0.2604166666666667,0.2604166666666667,11,11,11,1.0,1.0
baseline,qwen3.5:4b,all_crops,state_101,all,0.23,25,25,25,1.0,1.0,96,25,25,0.2604166666666667,0.2604166666666667,11,11,11,1.0,1.0
baseline,qwen3.5:4b,all_crops,state_101,all,0.24,25,25,25,1.0,1.0,96,23,23,0.23958333333333334,0.23958333333333334,11,11,11,1.0,1.0
baseline,qwen3.5:4b,all_crops,state_101,all,0.25,25,25,25,1.0,1.0,96,22,22,0.22916666666666666,0.22916666666666666,11,11,11,1.0,1.0
baseline,qwen3.5:4b,all_crops,state_101,all,0.26,25,25,25,1.0,1.0,96,22,22,0.22916666666666666,0.22916666666666666,11,11,11,1.0,1.0
baseline,qwen3.5:4b,all_crops,state_101,all,0.27,25,25,25,1.0,1.0,96,20,20,0.20833333333333334,0.20833333333333334,11,11,11,1.0,1.0
baseline,qwen3.5:4b,all_crops,state_101,all,0.28,25,25,25,1.0,1.0,96,17,17,0.17708333333333334,0.17708333333333334,11,11,11,1.0,1.0
baseline,qwen3.5:4b,all_crops,state_101,all,0.29,25,25,25,1.0,1.0,96,17,17,0.17708333333333334,0.17708333333333334,11,11,11,1.0,1.0
baseline,qwen3.5:4b,all_crops,state_101,all,0.3,25,25,25,1.0,1.0,96,14,14,0.14583333333333334,0.14583333333333334,11,11,11,1.0,1.0
baseline,qwen3.5:4b,all_crops,state_101,all,0.31,25,25,25,1.0,1.0,96,13,13,0.13541666666666666,0.13541666666666666,11,11,11,1.0,1.0
baseline,qwen3.5:4b,all_crops,state_101,all,0.32,25,24,24,0.96,0.96,96,12,12,0.125,0.125,11,11,11,1.0,1.0
baseline,qwen3.5:4b,all_crops,state_101,all,0.33,25,24,24,0.96,0.96,96,12,12,0.125,0.125,11,11,11,1.0,1.0
baseline,qwen3.5:4b,all_crops,state_101,all,0.34,25,24,24,0.96,0.96,96,12,12,0.125,0.125,11,11,11,1.0,1.0
baseline,qwen3.5:4b,all_crops,state_101,all,0.35,25,24,24,0.96,0.96,96,12,12,0.125,0.125,11,11,11,1.0,1.0
baseline,qwen3.5:4b,all_crops,state_101,all,0.36,25,24,24,0.96,0.96,96,12,12,0.125,0.125,11,11,11,1.0,1.0
baseline,qwen3.5:4b,all_crops,state_101,all,0.37,25,24,24,0.96,0.96,96,11,11,0.11458333333333333,0.11458333333333333,11,11,11,1.0,1.0
baseline,qwen3.5:4b,all_crops,state_101,all,0.38,25,24,24,0.96,0.96,96,10,10,0.10416666666666667,0.10416666666666667,11,11,11,1.0,1.0
baseline,qwen3.5:4b,all_crops,state_101,all,0.39,25,24,24,0.96,0.96,96,8,8,0.08333333333333333,0.08333333333333333,11,11,11,1.0,1.0
baseline,qwen3.5:4b,all_crops,state_101,all,0.4,25,24,24,0.96,0.96,96,7,7,0.07291666666666667,0.07291666666666667,11,11,11,1.0,1.0
baseline,qwen3.5:4b,all_crops,state_101,all,0.41,25,24,24,0.96,0.96,96,7,7,0.07291666666666667,0.07291666666666667,11,11,11,1.0,1.0
baseline,qwen3.5:4b,all_crops,state_101,all,0.42,25,24,24,0.96,0.96,96,7,7,0.07291666666666667,0.07291666666666667,11,11,11,1.0,1.0
baseline,qwen3.5:4b,all_crops,state_101,all,0.43,25,24,24,0.96,0.96,96,7,7,0.07291666666666667,0.07291666666666667,11,11,11,1.0,1.0
baseline,qwen3.5:4b,all_crops,state_101,all,0.44,25,24,24,0.96,0.96,96,6,6,0.0625,0.0625,11,11,11,1.0,1.0
baseline,qwen3.5:4b,all_crops,state_101,all,0.45,25,24,24,0.96,0.96,96,6,6,0.0625,0.0625,11,11,11,1.0,1.0
baseline,qwen3.5:4b,all_crops,state_101,all,0.46,25,24,24,0.96,0.96,96,6,6,0.0625,0.0625,11,11,11,1.0,1.0
baseline,qwen3.5:4b,all_crops,state_101,all,0.47,25,24,24,0.96,0.96,96,6,6,0.0625,0.0625,11,11,11,1.0,1.0
baseline,qwen3.5:4b,all_crops,state_101,all,0.48,25,24,24,0.96,0.96,96,5,5,0.052083333333333336,0.052083333333333336,11,11,11,1.0,1.0
baseline,qwen3.5:4b,all_crops,state_101,all,0.49,25,24,24,0.96,0.96,96,5,5,0.052083333333333336,0.052083333333333336,11,11,11,1.0,1.0
baseline,qwen3.5:4b,all_crops,state_101,all,0.5,25,24,24,0.96,0.96,96,5,5,0.052083333333333336,0.052083333333333336,11,11,11,1.0,1.0
baseline,qwen3.5:4b,all_crops,state_101,all,0.51,25,24,24,0.96,0.96,96,5,5,0.052083333333333336,0.052083333333333336,11,11,11,1.0,1.0
baseline,qwen3.5:4b,all_crops,state_101,all,0.52,25,24,24,0.96,0.96,96,5,5,0.052083333333333336,0.052083333333333336,11,11,11,1.0,1.0
baseline,qwen3.5:4b,all_crops,state_101,all,0.53,25,24,24,0.96,0.96,96,5,5,0.052083333333333336,0.052083333333333336,11,11,11,1.0,1.0
baseline,qwen3.5:4b,all_crops,state_101,all,0.54,25,24,24,0.96,0.96,96,5,5,0.052083333333333336,0.052083333333333336,11,11,11,1.0,1.0
baseline,qwen3.5:4b,all_crops,state_101,all,0.55,25,24,24,0.96,0.96,96,4,4,0.041666666666666664,0.041666666666666664,11,11,11,1.0,1.0
baseline,qwen3.5:4b,all_crops,state_101,all,0.56,25,24,24,0.96,0.96,96,4,4,0.041666666666666664,0.041666666666666664,11,11,11,1.0,1.0
baseline,qwen3.5:4b,all_crops,state_101,all,0.57,25,24,24,0.96,0.96,96,4,4,0.041666666666666664,0.041666666666666664,11,11,11,1.0,1.0
baseline,qwen3.5:4b,all_crops,state_101,all,0.58,25,24,24,0.96,0.96,96,3,3,0.03125,0.03125,11,11,11,1.0,1.0
baseline,qwen3.5:4b,all_crops,state_101,all,0.59,25,24,24,0.96,0.96,96,3,3,0.03125,0.03125,11,11,11,1.0,1.0
baseline,qwen3.5:4b,all_crops,state_101,all,0.6,25,24,24,0.96,0.96,96,3,3,0.03125,0.03125,11,11,11,1.0,1.0
baseline,qwen3.5:4b,all_crops,state_101,all,0.61,25,23,23,0.92,0.92,96,3,3,0.03125,0.03125,11,10,10,0.9090909090909091,0.9090909090909091
baseline,qwen3.5:4b,all_crops,state_101,all,0.62,25,23,23,0.92,0.92,96,3,3,0.03125,0.03125,11,10,10,0.9090909090909091,0.9090909090909091
baseline,qwen3.5:4b,all_crops,state_101,all,0.63,25,22,22,0.88,0.88,96,3,3,0.03125,0.03125,11,9,9,0.8181818181818182,0.8181818181818182
baseline,qwen3.5:4b,all_crops,state_101,all,0.64,25,20,20,0.8,0.8,96,3,3,0.03125,0.03125,11,9,9,0.8181818181818182,0.8181818181818182
baseline,qwen3.5:4b,all_crops,state_101,all,0.65,25,19,19,0.76,0.76,96,3,3,0.03125,0.03125,11,9,9,0.8181818181818182,0.8181818181818182
baseline,qwen3.5:4b,all_crops,state_101,all,0.66,25,17,17,0.68,0.68,96,3,3,0.03125,0.03125,11,7,7,0.6363636363636364,0.6363636363636364
baseline,qwen3.5:4b,all_crops,state_101,all,0.67,25,17,17,0.68,0.68,96,3,3,0.03125,0.03125,11,7,7,0.6363636363636364,0.6363636363636364
baseline,qwen3.5:4b,all_crops,state_101,all,0.68,25,17,17,0.68,0.68,96,3,3,0.03125,0.03125,11,7,7,0.6363636363636364,0.6363636363636364
baseline,qwen3.5:4b,all_crops,state_101,all,0.69,25,16,16,0.64,0.64,96,3,3,0.03125,0.03125,11,7,7,0.6363636363636364,0.6363636363636364
baseline,qwen3.5:4b,all_crops,state_101,all,0.7,25,15,15,0.6,0.6,96,3,3,0.03125,0.03125,11,7,7,0.6363636363636364,0.6363636363636364
baseline,qwen3.5:4b,all_crops,state_101,all,0.71,25,14,14,0.56,0.56,96,3,3,0.03125,0.03125,11,7,7,0.6363636363636364,0.6363636363636364
baseline,qwen3.5:4b,all_crops,state_101,all,0.72,25,14,14,0.56,0.56,96,3,3,0.03125,0.03125,11,7,7,0.6363636363636364,0.6363636363636364
baseline,qwen3.5:4b,all_crops,state_101,all,0.73,25,11,11,0.44,0.44,96,2,2,0.020833333333333332,0.020833333333333332,11,6,6,0.5454545454545454,0.5454545454545454
baseline,qwen3.5:4b,all_crops,state_101,all,0.74,25,10,10,0.4,0.4,96,1,1,0.010416666666666666,0.010416666666666666,11,6,6,0.5454545454545454,0.5454545454545454
baseline,qwen3.5:4b,all_crops,state_101,all,0.75,25,10,10,0.4,0.4,96,1,1,0.010416666666666666,0.010416666666666666,11,6,6,0.5454545454545454,0.5454545454545454
baseline,qwen3.5:4b,all_crops,state_101,all,0.76,25,9,9,0.36,0.36,96,1,1,0.010416666666666666,0.010416666666666666,11,5,5,0.45454545454545453,0.45454545454545453
baseline,qwen3.5:4b,all_crops,state_101,all,0.77,25,9,9,0.36,0.36,96,1,1,0.010416666666666666,0.010416666666666666,11,5,5,0.45454545454545453,0.45454545454545453
baseline,qwen3.5:4b,all_crops,state_101,all,0.78,25,9,9,0.36,0.36,96,1,1,0.010416666666666666,0.010416666666666666,11,5,5,0.45454545454545453,0.45454545454545453
baseline,qwen3.5:4b,all_crops,state_101,all,0.79,25,6,6,0.24,0.24,96,1,1,0.010416666666666666,0.010416666666666666,11,3,3,0.2727272727272727,0.2727272727272727
baseline,qwen3.5:4b,all_crops,state_101,all,0.8,25,6,6,0.24,0.24,96,0,0,0.0,0.0,11,3,3,0.2727272727272727,0.2727272727272727
baseline,qwen3.5:4b,all_crops,state_101,all,0.81,25,6,6,0.24,0.24,96,0,0,0.0,0.0,11,3,3,0.2727272727272727,0.2727272727272727
baseline,qwen3.5:4b,all_crops,state_101,all,0.82,25,6,6,0.24,0.24,96,0,0,0.0,0.0,11,3,3,0.2727272727272727,0.2727272727272727
baseline,qwen3.5:4b,all_crops,state_101,all,0.83,25,4,4,0.16,0.16,96,0,0,0.0,0.0,11,2,2,0.18181818181818182,0.18181818181818182
baseline,qwen3.5:4b,all_crops,state_101,all,0.84,25,4,4,0.16,0.16,96,0,0,0.0,0.0,11,2,2,0.18181818181818182,0.18181818181818182
baseline,qwen3.5:4b,all_crops,state_101,all,0.85,25,3,3,0.12,0.12,96,0,0,0.0,0.0,11,2,2,0.18181818181818182,0.18181818181818182
baseline,qwen3.5:4b,all_crops,state_101,all,0.86,25,2,2,0.08,0.08,96,0,0,0.0,0.0,11,1,1,0.09090909090909091,0.09090909090909091
baseline,qwen3.5:4b,all_crops,state_101,all,0.87,25,1,1,0.04,0.04,96,0,0,0.0,0.0,11,1,1,0.09090909090909091,0.09090909090909091
baseline,qwen3.5:4b,all_crops,state_101,all,0.88,25,1,1,0.04,0.04,96,0,0,0.0,0.0,11,1,1,0.09090909090909091,0.09090909090909091
baseline,qwen3.5:4b,all_crops,state_101,all,0.89,25,1,1,0.04,0.04,96,0,0,0.0,0.0,11,1,1,0.09090909090909091,0.09090909090909091
baseline,qwen3.5:4b,all_crops,state_101,all,0.9,25,1,1,0.04,0.04,96,0,0,0.0,0.0,11,1,1,0.09090909090909091,0.09090909090909091
baseline,qwen3.5:4b,all_crops,state_101,all,0.91,25,0,0,0.0,0.0,96,0,0,0.0,0.0,11,0,0,0.0,0.0
baseline,qwen3.5:4b,all_crops,state_101,all,0.92,25,0,0,0.0,0.0,96,0,0,0.0,0.0,11,0,0,0.0,0.0
baseline,qwen3.5:4b,all_crops,state_101,all,0.93,25,0,0,0.0,0.0,96,0,0,0.0,0.0,11,0,0,0.0,0.0
baseline,qwen3.5:4b,all_crops,state_101,all,0.94,25,0,0,0.0,0.0,96,0,0,0.0,0.0,11,0,0,0.0,0.0
baseline,qwen3.5:4b,all_crops,state_101,all,0.95,25,0,0,0.0,0.0,96,0,0,0.0,0.0,11,0,0,0.0,0.0
baseline,qwen3.5:4b,all_crops,state_101,all,0.96,25,0,0,0.0,0.0,96,0,0,0.0,0.0,11,0,0,0.0,0.0
baseline,qwen3.5:4b,all_crops,state_101,all,0.97,25,0,0,0.0,0.0,96,0,0,0.0,0.0,11,0,0,0.0,0.0
baseline,qwen3.5:4b,all_crops,state_101,all,0.98,25,0,0,0.0,0.0,96,0,0,0.0,0.0,11,0,0,0.0,0.0
baseline,qwen3.5:4b,all_crops,state_101,all,0.99,25,0,0,0.0,0.0,96,0,0,0.0,0.0,11,0,0,0.0,0.0
baseline,qwen3.5:4b,all_crops,state_101,all,0.995,25,0,0,0.0,0.0,96,0,0,0.0,0.0,11,0,0,0.0,0.0
baseline,qwen3.5:4b,all_crops,state_101,all,0.999,25,0,0,0.0,0.0,96,0,0,0.0,0.0,11,0,0,0.0,0.0
baseline,qwen3.5:4b,all_crops,state_101,all,0.9999,25,0,0,0.0,0.0,96,0,0,0.0,0.0,11,0,0,0.0,0.0
baseline,qwen3.5:4b,all_crops,state_101,all,0.99999,25,0,0,0.0,0.0,96,0,0,0.0,0.0,11,0,0,0.0,0.0
baseline,qwen3.5:4b,all_crops,state_101,all,0.999999,25,0,0,0.0,0.0,96,0,0,0.0,0.0,11,0,0,0.0,0.0
baseline,qwen3.5:4b,all_crops,state_101,all,1.0,25,0,0,0.0,0.0,96,0,0,0.0,0.0,11,0,0,0.0,0.0
baseline,qwen3.5:4b,all_crops,state_202,all,0.0,25,25,25,1.0,1.0,96,96,96,1.0,1.0,11,11,11,1.0,1.0
baseline,qwen3.5:4b,all_crops,state_202,all,0.01,25,25,25,1.0,1.0,96,96,96,1.0,1.0,11,11,11,1.0,1.0
baseline,qwen3.5:4b,all_crops,state_202,all,0.02,25,25,25,1.0,1.0,96,94,94,0.9791666666666666,0.9791666666666666,11,11,11,1.0,1.0
baseline,qwen3.5:4b,all_crops,state_202,all,0.03,25,25,25,1.0,1.0,96,91,91,0.9479166666666666,0.9479166666666666,11,11,11,1.0,1.0
baseline,qwen3.5:4b,all_crops,state_202,all,0.04,25,25,25,1.0,1.0,96,88,88,0.9166666666666666,0.9166666666666666,11,11,11,1.0,1.0
baseline,qwen3.5:4b,all_crops,state_202,all,0.05,25,25,25,1.0,1.0,96,84,84,0.875,0.875,11,11,11,1.0,1.0
baseline,qwen3.5:4b,all_crops,state_202,all,0.06,25,25,25,1.0,1.0,96,81,81,0.84375,0.84375,11,11,11,1.0,1.0
baseline,qwen3.5:4b,all_crops,state_202,all,0.07,25,25,25,1.0,1.0,96,74,74,0.7708333333333334,0.7708333333333334,11,11,11,1.0,1.0
baseline,qwen3.5:4b,all_crops,state_202,all,0.08,25,25,25,1.0,1.0,96,66,66,0.6875,0.6875,11,11,11,1.0,1.0
baseline,qwen3.5:4b,all_crops,state_202,all,0.09,25,25,25,1.0,1.0,96,59,59,0.6145833333333334,0.6145833333333334,11,11,11,1.0,1.0
baseline,qwen3.5:4b,all_crops,state_202,all,0.1,25,25,25,1.0,1.0,96,57,57,0.59375,0.59375,11,11,11,1.0,1.0
baseline,qwen3.5:4b,all_crops,state_202,all,0.11,25,25,25,1.0,1.0,96,53,53,0.5520833333333334,0.5520833333333334,11,11,11,1.0,1.0
baseline,qwen3.5:4b,all_crops,state_202,all,0.12,25,25,25,1.0,1.0,96,51,51,0.53125,0.53125,11,11,11,1.0,1.0
baseline,qwen3.5:4b,all_crops,state_202,all,0.13,25,25,25,1.0,1.0,96,49,49,0.5104166666666666,0.5104166666666666,11,11,11,1.0,1.0
baseline,qwen3.5:4b,all_crops,state_202,all,0.14,25,25,25,1.0,1.0,96,47,47,0.4895833333333333,0.4895833333333333,11,11,11,1.0,1.0
baseline,qwen3.5:4b,all_crops,state_202,all,0.15,25,25,25,1.0,1.0,96,43,43,0.4479166666666667,0.4479166666666667,11,11,11,1.0,1.0
baseline,qwen3.5:4b,all_crops,state_202,all,0.16,25,25,25,1.0,1.0,96,38,38,0.3958333333333333,0.3958333333333333,11,11,11,1.0,1.0
baseline,qwen3.5:4b,all_crops,state_202,all,0.17,25,25,25,1.0,1.0,96,35,35,0.3645833333333333,0.3645833333333333,11,11,11,1.0,1.0
baseline,qwen3.5:4b,all_crops,state_202,all,0.18,25,25,25,1.0,1.0,96,32,32,0.3333333333333333,0.3333333333333333,11,11,11,1.0,1.0
baseline,qwen3.5:4b,all_crops,state_202,all,0.19,25,25,25,1.0,1.0,96,32,32,0.3333333333333333,0.3333333333333333,11,11,11,1.0,1.0
baseline,qwen3.5:4b,all_crops,state_202,all,0.2,25,25,25,1.0,1.0,96,28,28,0.2916666666666667,0.2916666666666667,11,11,11,1.0,1.0
baseline,qwen3.5:4b,all_crops,state_202,all,0.21,25,25,25,1.0,1.0,96,27,27,0.28125,0.28125,11,11,11,1.0,1.0
baseline,qwen3.5:4b,all_crops,state_202,all,0.22,25,25,25,1.0,1.0,96,26,26,0.2708333333333333,0.2708333333333333,11,11,11,1.0,1.0
baseline,qwen3.5:4b,all_crops,state_202,all,0.23,25,25,25,1.0,1.0,96,25,25,0.2604166666666667,0.2604166666666667,11,11,11,1.0,1.0
baseline,qwen3.5:4b,all_crops,state_202,all,0.24,25,25,25,1.0,1.0,96,23,23,0.23958333333333334,0.23958333333333334,11,11,11,1.0,1.0
baseline,qwen3.5:4b,all_crops,state_202,all,0.25,25,25,25,1.0,1.0,96,20,20,0.20833333333333334,0.20833333333333334,11,11,11,1.0,1.0
baseline,qwen3.5:4b,all_crops,state_202,all,0.26,25,25,25,1.0,1.0,96,17,17,0.17708333333333334,0.17708333333333334,11,11,11,1.0,1.0
baseline,qwen3.5:4b,all_crops,state_202,all,0.27,25,25,25,1.0,1.0,96,16,16,0.16666666666666666,0.16666666666666666,11,11,11,1.0,1.0
baseline,qwen3.5:4b,all_crops,state_202,all,0.28,25,25,25,1.0,1.0,96,16,16,0.16666666666666666,0.16666666666666666,11,11,11,1.0,1.0
baseline,qwen3.5:4b,all_crops,state_202,all,0.29,25,25,25,1.0,1.0,96,16,16,0.16666666666666666,0.16666666666666666,11,11,11,1.0,1.0
baseline,qwen3.5:4b,all_crops,state_202,all,0.3,25,25,25,1.0,1.0,96,16,16,0.16666666666666666,0.16666666666666666,11,11,11,1.0,1.0
baseline,qwen3.5:4b,all_crops,state_202,all,0.31,25,25,25,1.0,1.0,96,16,16,0.16666666666666666,0.16666666666666666,11,11,11,1.0,1.0
baseline,qwen3.5:4b,all_crops,state_202,all,0.32,25,25,25,1.0,1.0,96,16,16,0.16666666666666666,0.16666666666666666,11,11,11,1.0,1.0
baseline,qwen3.5:4b,all_crops,state_202,all,0.33,25,25,25,1.0,1.0,96,15,15,0.15625,0.15625,11,11,11,1.0,1.0
baseline,qwen3.5:4b,all_crops,state_202,all,0.34,25,25,25,1.0,1.0,96,14,14,0.14583333333333334,0.14583333333333334,11,11,11,1.0,1.0
baseline,qwen3.5:4b,all_crops,state_202,all,0.35,25,25,25,1.0,1.0,96,14,14,0.14583333333333334,0.14583333333333334,11,11,11,1.0,1.0
baseline,qwen3.5:4b,all_crops,state_202,all,0.36,25,25,25,1.0,1.0,96,12,12,0.125,0.125,11,11,11,1.0,1.0
baseline,qwen3.5:4b,all_crops,state_202,all,0.37,25,25,25,1.0,1.0,96,10,10,0.10416666666666667,0.10416666666666667,11,11,11,1.0,1.0
baseline,qwen3.5:4b,all_crops,state_202,all,0.38,25,25,25,1.0,1.0,96,10,10,0.10416666666666667,0.10416666666666667,11,11,11,1.0,1.0
baseline,qwen3.5:4b,all_crops,state_202,all,0.39,25,25,25,1.0,1.0,96,9,9,0.09375,0.09375,11,11,11,1.0,1.0
baseline,qwen3.5:4b,all_crops,state_202,all,0.4,25,25,25,1.0,1.0,96,8,8,0.08333333333333333,0.08333333333333333,11,11,11,1.0,1.0
baseline,qwen3.5:4b,all_crops,state_202,all,0.41,25,25,25,1.0,1.0,96,8,8,0.08333333333333333,0.08333333333333333,11,11,11,1.0,1.0
baseline,qwen3.5:4b,all_crops,state_202,all,0.42,25,25,25,1.0,1.0,96,8,8,0.08333333333333333,0.08333333333333333,11,11,11,1.0,1.0
baseline,qwen3.5:4b,all_crops,state_202,all,0.43,25,25,25,1.0,1.0,96,8,8,0.08333333333333333,0.08333333333333333,11,11,11,1.0,1.0
baseline,qwen3.5:4b,all_crops,state_202,all,0.44,25,25,25,1.0,1.0,96,8,8,0.08333333333333333,0.08333333333333333,11,11,11,1.0,1.0
baseline,qwen3.5:4b,all_crops,state_202,all,0.45,25,25,25,1.0,1.0,96,8,8,0.08333333333333333,0.08333333333333333,11,11,11,1.0,1.0
baseline,qwen3.5:4b,all_crops,state_202,all,0.46,25,25,25,1.0,1.0,96,8,8,0.08333333333333333,0.08333333333333333,11,11,11,1.0,1.0
baseline,qwen3.5:4b,all_crops,state_202,all,0.47,25,25,25,1.0,1.0,96,7,7,0.07291666666666667,0.07291666666666667,11,11,11,1.0,1.0
baseline,qwen3.5:4b,all_crops,state_202,all,0.48,25,25,25,1.0,1.0,96,7,7,0.07291666666666667,0.07291666666666667,11,11,11,1.0,1.0
baseline,qwen3.5:4b,all_crops,state_202,all,0.49,25,25,25,1.0,1.0,96,7,7,0.07291666666666667,0.07291666666666667,11,11,11,1.0,1.0
baseline,qwen3.5:4b,all_crops,state_202,all,0.5,25,25,25,1.0,1.0,96,7,7,0.07291666666666667,0.07291666666666667,11,11,11,1.0,1.0
baseline,qwen3.5:4b,all_crops,state_202,all,0.51,25,25,25,1.0,1.0,96,7,7,0.07291666666666667,0.07291666666666667,11,11,11,1.0,1.0
baseline,qwen3.5:4b,all_crops,state_202,all,0.52,25,25,25,1.0,1.0,96,7,7,0.07291666666666667,0.07291666666666667,11,11,11,1.0,1.0
baseline,qwen3.5:4b,all_crops,state_202,all,0.53,25,25,25,1.0,1.0,96,7,7,0.07291666666666667,0.07291666666666667,11,11,11,1.0,1.0
baseline,qwen3.5:4b,all_crops,state_202,all,0.54,25,25,25,1.0,1.0,96,7,7,0.07291666666666667,0.07291666666666667,11,11,11,1.0,1.0
baseline,qwen3.5:4b,all_crops,state_202,all,0.55,25,25,25,1.0,1.0,96,7,7,0.07291666666666667,0.07291666666666667,11,11,11,1.0,1.0
baseline,qwen3.5:4b,all_crops,state_202,all,0.56,25,25,25,1.0,1.0,96,7,7,0.07291666666666667,0.07291666666666667,11,11,11,1.0,1.0
baseline,qwen3.5:4b,all_crops,state_202,all,0.57,25,25,25,1.0,1.0,96,6,6,0.0625,0.0625,11,11,11,1.0,1.0
baseline,qwen3.5:4b,all_crops,state_202,all,0.58,25,25,25,1.0,1.0,96,6,6,0.0625,0.0625,11,11,11,1.0,1.0
baseline,qwen3.5:4b,all_crops,state_202,all,0.59,25,25,25,1.0,1.0,96,6,6,0.0625,0.0625,11,11,11,1.0,1.0
baseline,qwen3.5:4b,all_crops,state_202,all,0.6,25,24,24,0.96,0.96,96,6,6,0.0625,0.0625,11,10,10,0.9090909090909091,0.9090909090909091
baseline,qwen3.5:4b,all_crops,state_202,all,0.61,25,24,24,0.96,0.96,96,6,6,0.0625,0.0625,11,10,10,0.9090909090909091,0.9090909090909091
baseline,qwen3.5:4b,all_crops,state_202,all,0.62,25,24,24,0.96,0.96,96,5,5,0.052083333333333336,0.052083333333333336,11,10,10,0.9090909090909091,0.9090909090909091
baseline,qwen3.5:4b,all_crops,state_202,all,0.63,25,24,24,0.96,0.96,96,5,5,0.052083333333333336,0.052083333333333336,11,10,10,0.9090909090909091,0.9090909090909091
baseline,qwen3.5:4b,all_crops,state_202,all,0.64,25,24,24,0.96,0.96,96,5,5,0.052083333333333336,0.052083333333333336,11,10,10,0.9090909090909091,0.9090909090909091
baseline,qwen3.5:4b,all_crops,state_202,all,0.65,25,24,24,0.96,0.96,96,4,4,0.041666666666666664,0.041666666666666664,11,10,10,0.9090909090909091,0.9090909090909091
baseline,qwen3.5:4b,all_crops,state_202,all,0.66,25,24,24,0.96,0.96,96,3,3,0.03125,0.03125,11,10,10,0.9090909090909091,0.9090909090909091
baseline,qwen3.5:4b,all_crops,state_202,all,0.67,25,22,22,0.88,0.88,96,2,2,0.020833333333333332,0.020833333333333332,11,10,10,0.9090909090909091,0.9090909090909091
baseline,qwen3.5:4b,all_crops,state_202,all,0.68,25,20,20,0.8,0.8,96,1,1,0.010416666666666666,0.010416666666666666,11,9,9,0.8181818181818182,0.8181818181818182
baseline,qwen3.5:4b,all_crops,state_202,all,0.69,25,19,19,0.76,0.76,96,1,1,0.010416666666666666,0.010416666666666666,11,9,9,0.8181818181818182,0.8181818181818182
baseline,qwen3.5:4b,all_crops,state_202,all,0.7,25,17,17,0.68,0.68,96,1,1,0.010416666666666666,0.010416666666666666,11,8,8,0.7272727272727273,0.7272727272727273
baseline,qwen3.5:4b,all_crops,state_202,all,0.71,25,17,17,0.68,0.68,96,1,1,0.010416666666666666,0.010416666666666666,11,8,8,0.7272727272727273,0.7272727272727273
baseline,qwen3.5:4b,all_crops,state_202,all,0.72,25,16,16,0.64,0.64,96,1,1,0.010416666666666666,0.010416666666666666,11,8,8,0.7272727272727273,0.7272727272727273
baseline,qwen3.5:4b,all_crops,state_202,all,0.73,25,16,16,0.64,0.64,96,1,1,0.010416666666666666,0.010416666666666666,11,8,8,0.7272727272727273,0.7272727272727273
baseline,qwen3.5:4b,all_crops,state_202,all,0.74,25,14,14,0.56,0.56,96,1,1,0.010416666666666666,0.010416666666666666,11,6,6,0.5454545454545454,0.5454545454545454
baseline,qwen3.5:4b,all_crops,state_202,all,0.75,25,14,14,0.56,0.56,96,1,1,0.010416666666666666,0.010416666666666666,11,6,6,0.5454545454545454,0.5454545454545454
baseline,qwen3.5:4b,all_crops,state_202,all,0.76,25,13,13,0.52,0.52,96,1,1,0.010416666666666666,0.010416666666666666,11,6,6,0.5454545454545454,0.5454545454545454
baseline,qwen3.5:4b,all_crops,state_202,all,0.77,25,12,12,0.48,0.48,96,1,1,0.010416666666666666,0.010416666666666666,11,5,5,0.45454545454545453,0.45454545454545453
baseline,qwen3.5:4b,all_crops,state_202,all,0.78,25,11,11,0.44,0.44,96,1,1,0.010416666666666666,0.010416666666666666,11,4,4,0.36363636363636365,0.36363636363636365
baseline,qwen3.5:4b,all_crops,state_202,all,0.79,25,10,10,0.4,0.4,96,1,1,0.010416666666666666,0.010416666666666666,11,4,4,0.36363636363636365,0.36363636363636365
baseline,qwen3.5:4b,all_crops,state_202,all,0.8,25,9,9,0.36,0.36,96,1,1,0.010416666666666666,0.010416666666666666,11,4,4,0.36363636363636365,0.36363636363636365
baseline,qwen3.5:4b,all_crops,state_202,all,0.81,25,3,3,0.12,0.12,96,1,1,0.010416666666666666,0.010416666666666666,11,2,2,0.18181818181818182,0.18181818181818182
baseline,qwen3.5:4b,all_crops,state_202,all,0.82,25,3,3,0.12,0.12,96,1,1,0.010416666666666666,0.010416666666666666,11,2,2,0.18181818181818182,0.18181818181818182
baseline,qwen3.5:4b,all_crops,state_202,all,0.83,25,1,1,0.04,0.04,96,0,0,0.0,0.0,11,1,1,0.09090909090909091,0.09090909090909091
baseline,qwen3.5:4b,all_crops,state_202,all,0.84,25,1,1,0.04,0.04,96,0,0,0.0,0.0,11,1,1,0.09090909090909091,0.09090909090909091
baseline,qwen3.5:4b,all_crops,state_202,all,0.85,25,1,1,0.04,0.04,96,0,0,0.0,0.0,11,1,1,0.09090909090909091,0.09090909090909091
baseline,qwen3.5:4b,all_crops,state_202,all,0.86,25,1,1,0.04,0.04,96,0,0,0.0,0.0,11,1,1,0.09090909090909091,0.09090909090909091
baseline,qwen3.5:4b,all_crops,state_202,all,0.87,25,1,1,0.04,0.04,96,0,0,0.0,0.0,11,1,1,0.09090909090909091,0.09090909090909091
baseline,qwen3.5:4b,all_crops,state_202,all,0.88,25,1,1,0.04,0.04,96,0,0,0.0,0.0,11,1,1,0.09090909090909091,0.09090909090909091
baseline,qwen3.5:4b,all_crops,state_202,all,0.89,25,0,0,0.0,0.0,96,0,0,0.0,0.0,11,0,0,0.0,0.0
baseline,qwen3.5:4b,all_crops,state_202,all,0.9,25,0,0,0.0,0.0,96,0,0,0.0,0.0,11,0,0,0.0,0.0
baseline,qwen3.5:4b,all_crops,state_202,all,0.91,25,0,0,0.0,0.0,96,0,0,0.0,0.0,11,0,0,0.0,0.0
baseline,qwen3.5:4b,all_crops,state_202,all,0.92,25,0,0,0.0,0.0,96,0,0,0.0,0.0,11,0,0,0.0,0.0
baseline,qwen3.5:4b,all_crops,state_202,all,0.93,25,0,0,0.0,0.0,96,0,0,0.0,0.0,11,0,0,0.0,0.0
baseline,qwen3.5:4b,all_crops,state_202,all,0.94,25,0,0,0.0,0.0,96,0,0,0.0,0.0,11,0,0,0.0,0.0
baseline,qwen3.5:4b,all_crops,state_202,all,0.95,25,0,0,0.0,0.0,96,0,0,0.0,0.0,11,0,0,0.0,0.0
baseline,qwen3.5:4b,all_crops,state_202,all,0.96,25,0,0,0.0,0.0,96,0,0,0.0,0.0,11,0,0,0.0,0.0
baseline,qwen3.5:4b,all_crops,state_202,all,0.97,25,0,0,0.0,0.0,96,0,0,0.0,0.0,11,0,0,0.0,0.0
baseline,qwen3.5:4b,all_crops,state_202,all,0.98,25,0,0,0.0,0.0,96,0,0,0.0,0.0,11,0,0,0.0,0.0
baseline,qwen3.5:4b,all_crops,state_202,all,0.99,25,0,0,0.0,0.0,96,0,0,0.0,0.0,11,0,0,0.0,0.0
baseline,qwen3.5:4b,all_crops,state_202,all,0.995,25,0,0,0.0,0.0,96,0,0,0.0,0.0,11,0,0,0.0,0.0
baseline,qwen3.5:4b,all_crops,state_202,all,0.999,25,0,0,0.0,0.0,96,0,0,0.0,0.0,11,0,0,0.0,0.0
baseline,qwen3.5:4b,all_crops,state_202,all,0.9999,25,0,0,0.0,0.0,96,0,0,0.0,0.0,11,0,0,0.0,0.0
baseline,qwen3.5:4b,all_crops,state_202,all,0.99999,25,0,0,0.0,0.0,96,0,0,0.0,0.0,11,0,0,0.0,0.0
baseline,qwen3.5:4b,all_crops,state_202,all,0.999999,25,0,0,0.0,0.0,96,0,0,0.0,0.0,11,0,0,0.0,0.0
baseline,qwen3.5:4b,all_crops,state_202,all,1.0,25,0,0,0.0,0.0,96,0,0,0.0,0.0,11,0,0,0.0,0.0
baseline,qwen3.5:4b,all_crops,state_303,all,0.0,25,25,25,1.0,1.0,96,96,96,1.0,1.0,11,11,11,1.0,1.0
baseline,qwen3.5:4b,all_crops,state_303,all,0.01,25,25,25,1.0,1.0,96,96,96,1.0,1.0,11,11,11,1.0,1.0
baseline,qwen3.5:4b,all_crops,state_303,all,0.02,25,25,25,1.0,1.0,96,94,94,0.9791666666666666,0.9791666666666666,11,11,11,1.0,1.0
baseline,qwen3.5:4b,all_crops,state_303,all,0.03,25,25,25,1.0,1.0,96,91,91,0.9479166666666666,0.9479166666666666,11,11,11,1.0,1.0
baseline,qwen3.5:4b,all_crops,state_303,all,0.04,25,25,25,1.0,1.0,96,85,85,0.8854166666666666,0.8854166666666666,11,11,11,1.0,1.0
baseline,qwen3.5:4b,all_crops,state_303,all,0.05,25,25,25,1.0,1.0,96,76,76,0.7916666666666666,0.7916666666666666,11,11,11,1.0,1.0
baseline,qwen3.5:4b,all_crops,state_303,all,0.06,25,25,25,1.0,1.0,96,69,69,0.71875,0.71875,11,11,11,1.0,1.0
baseline,qwen3.5:4b,all_crops,state_303,all,0.07,25,25,25,1.0,1.0,96,66,66,0.6875,0.6875,11,11,11,1.0,1.0
baseline,qwen3.5:4b,all_crops,state_303,all,0.08,25,25,25,1.0,1.0,96,63,63,0.65625,0.65625,11,11,11,1.0,1.0
baseline,qwen3.5:4b,all_crops,state_303,all,0.09,25,25,25,1.0,1.0,96,60,60,0.625,0.625,11,11,11,1.0,1.0
baseline,qwen3.5:4b,all_crops,state_303,all,0.1,25,25,25,1.0,1.0,96,56,56,0.5833333333333334,0.5833333333333334,11,11,11,1.0,1.0
baseline,qwen3.5:4b,all_crops,state_303,all,0.11,25,25,25,1.0,1.0,96,51,51,0.53125,0.53125,11,11,11,1.0,1.0
baseline,qwen3.5:4b,all_crops,state_303,all,0.12,25,25,25,1.0,1.0,96,49,49,0.5104166666666666,0.5104166666666666,11,11,11,1.0,1.0
baseline,qwen3.5:4b,all_crops,state_303,all,0.13,25,25,25,1.0,1.0,96,46,46,0.4791666666666667,0.4791666666666667,11,11,11,1.0,1.0
baseline,qwen3.5:4b,all_crops,state_303,all,0.14,25,25,25,1.0,1.0,96,43,43,0.4479166666666667,0.4479166666666667,11,11,11,1.0,1.0
baseline,qwen3.5:4b,all_crops,state_303,all,0.15,25,25,25,1.0,1.0,96,40,40,0.4166666666666667,0.4166666666666667,11,11,11,1.0,1.0
baseline,qwen3.5:4b,all_crops,state_303,all,0.16,25,25,25,1.0,1.0,96,39,39,0.40625,0.40625,11,11,11,1.0,1.0
baseline,qwen3.5:4b,all_crops,state_303,all,0.17,25,25,25,1.0,1.0,96,36,36,0.375,0.375,11,11,11,1.0,1.0
baseline,qwen3.5:4b,all_crops,state_303,all,0.18,25,25,25,1.0,1.0,96,34,34,0.3541666666666667,0.3541666666666667,11,11,11,1.0,1.0
baseline,qwen3.5:4b,all_crops,state_303,all,0.19,25,25,25,1.0,1.0,96,29,29,0.3020833333333333,0.3020833333333333,11,11,11,1.0,1.0
baseline,qwen3.5:4b,all_crops,state_303,all,0.2,25,25,25,1.0,1.0,96,28,28,0.2916666666666667,0.2916666666666667,11,11,11,1.0,1.0
baseline,qwen3.5:4b,all_crops,state_303,all,0.21,25,25,25,1.0,1.0,96,27,27,0.28125,0.28125,11,11,11,1.0,1.0
baseline,qwen3.5:4b,all_crops,state_303,all,0.22,25,25,25,1.0,1.0,96,25,25,0.2604166666666667,0.2604166666666667,11,11,11,1.0,1.0
baseline,qwen3.5:4b,all_crops,state_303,all,0.23,25,25,25,1.0,1.0,96,24,24,0.25,0.25,11,11,11,1.0,1.0
baseline,qwen3.5:4b,all_crops,state_303,all,0.24,25,25,25,1.0,1.0,96,24,24,0.25,0.25,11,11,11,1.0,1.0
baseline,qwen3.5:4b,all_crops,state_303,all,0.25,25,25,25,1.0,1.0,96,23,23,0.23958333333333334,0.23958333333333334,11,11,11,1.0,1.0
baseline,qwen3.5:4b,all_crops,state_303,all,0.26,25,25,25,1.0,1.0,96,21,21,0.21875,0.21875,11,11,11,1.0,1.0
baseline,qwen3.5:4b,all_crops,state_303,all,0.27,25,25,25,1.0,1.0,96,20,20,0.20833333333333334,0.20833333333333334,11,11,11,1.0,1.0
baseline,qwen3.5:4b,all_crops,state_303,all,0.28,25,25,25,1.0,1.0,96,20,20,0.20833333333333334,0.20833333333333334,11,11,11,1.0,1.0
baseline,qwen3.5:4b,all_crops,state_303,all,0.29,25,25,25,1.0,1.0,96,19,19,0.19791666666666666,0.19791666666666666,11,11,11,1.0,1.0
baseline,qwen3.5:4b,all_crops,state_303,all,0.3,25,25,25,1.0,1.0,96,18,18,0.1875,0.1875,11,11,11,1.0,1.0
baseline,qwen3.5:4b,all_crops,state_303,all,0.31,25,25,25,1.0,1.0,96,18,18,0.1875,0.1875,11,11,11,1.0,1.0
baseline,qwen3.5:4b,all_crops,state_303,all,0.32,25,25,25,1.0,1.0,96,17,17,0.17708333333333334,0.17708333333333334,11,11,11,1.0,1.0
baseline,qwen3.5:4b,all_crops,state_303,all,0.33,25,25,25,1.0,1.0,96,17,17,0.17708333333333334,0.17708333333333334,11,11,11,1.0,1.0
baseline,qwen3.5:4b,all_crops,state_303,all,0.34,25,25,25,1.0,1.0,96,15,15,0.15625,0.15625,11,11,11,1.0,1.0
baseline,qwen3.5:4b,all_crops,state_303,all,0.35,25,25,25,1.0,1.0,96,14,14,0.14583333333333334,0.14583333333333334,11,11,11,1.0,1.0
baseline,qwen3.5:4b,all_crops,state_303,all,0.36,25,25,25,1.0,1.0,96,14,14,0.14583333333333334,0.14583333333333334,11,11,11,1.0,1.0
baseline,qwen3.5:4b,all_crops,state_303,all,0.37,25,25,25,1.0,1.0,96,14,14,0.14583333333333334,0.14583333333333334,11,11,11,1.0,1.0
baseline,qwen3.5:4b,all_crops,state_303,all,0.38,25,24,24,0.96,0.96,96,14,14,0.14583333333333334,0.14583333333333334,11,10,10,0.9090909090909091,0.9090909090909091
baseline,qwen3.5:4b,all_crops,state_303,all,0.39,25,23,23,0.92,0.92,96,14,14,0.14583333333333334,0.14583333333333334,11,10,10,0.9090909090909091,0.9090909090909091
baseline,qwen3.5:4b,all_crops,state_303,all,0.4,25,22,22,0.88,0.88,96,13,13,0.13541666666666666,0.13541666666666666,11,9,9,0.8181818181818182,0.8181818181818182
baseline,qwen3.5:4b,all_crops,state_303,all,0.41,25,22,22,0.88,0.88,96,13,13,0.13541666666666666,0.13541666666666666,11,9,9,0.8181818181818182,0.8181818181818182
baseline,qwen3.5:4b,all_crops,state_303,all,0.42,25,22,22,0.88,0.88,96,13,13,0.13541666666666666,0.13541666666666666,11,9,9,0.8181818181818182,0.8181818181818182
baseline,qwen3.5:4b,all_crops,state_303,all,0.43,25,22,22,0.88,0.88,96,11,11,0.11458333333333333,0.11458333333333333,11,9,9,0.8181818181818182,0.8181818181818182
baseline,qwen3.5:4b,all_crops,state_303,all,0.44,25,22,22,0.88,0.88,96,10,10,0.10416666666666667,0.10416666666666667,11,9,9,0.8181818181818182,0.8181818181818182
baseline,qwen3.5:4b,all_crops,state_303,all,0.45,25,22,22,0.88,0.88,96,10,10,0.10416666666666667,0.10416666666666667,11,9,9,0.8181818181818182,0.8181818181818182
baseline,qwen3.5:4b,all_crops,state_303,all,0.46,25,22,22,0.88,0.88,96,9,9,0.09375,0.09375,11,9,9,0.8181818181818182,0.8181818181818182
baseline,qwen3.5:4b,all_crops,state_303,all,0.47,25,22,22,0.88,0.88,96,9,9,0.09375,0.09375,11,9,9,0.8181818181818182,0.8181818181818182
baseline,qwen3.5:4b,all_crops,state_303,all,0.48,25,22,22,0.88,0.88,96,8,8,0.08333333333333333,0.08333333333333333,11,9,9,0.8181818181818182,0.8181818181818182
baseline,qwen3.5:4b,all_crops,state_303,all,0.49,25,22,22,0.88,0.88,96,7,7,0.07291666666666667,0.07291666666666667,11,9,9,0.8181818181818182,0.8181818181818182
baseline,qwen3.5:4b,all_crops,state_303,all,0.5,25,22,22,0.88,0.88,96,7,7,0.07291666666666667,0.07291666666666667,11,9,9,0.8181818181818182,0.8181818181818182
baseline,qwen3.5:4b,all_crops,state_303,all,0.51,25,22,22,0.88,0.88,96,5,5,0.052083333333333336,0.052083333333333336,11,9,9,0.8181818181818182,0.8181818181818182
baseline,qwen3.5:4b,all_crops,state_303,all,0.52,25,22,22,0.88,0.88,96,5,5,0.052083333333333336,0.052083333333333336,11,9,9,0.8181818181818182,0.8181818181818182
baseline,qwen3.5:4b,all_crops,state_303,all,0.53,25,22,22,0.88,0.88,96,4,4,0.041666666666666664,0.041666666666666664,11,9,9,0.8181818181818182,0.8181818181818182
baseline,qwen3.5:4b,all_crops,state_303,all,0.54,25,21,21,0.84,0.84,96,4,4,0.041666666666666664,0.041666666666666664,11,9,9,0.8181818181818182,0.8181818181818182
baseline,qwen3.5:4b,all_crops,state_303,all,0.55,25,21,21,0.84,0.84,96,4,4,0.041666666666666664,0.041666666666666664,11,9,9,0.8181818181818182,0.8181818181818182
baseline,qwen3.5:4b,all_crops,state_303,all,0.56,25,21,21,0.84,0.84,96,4,4,0.041666666666666664,0.041666666666666664,11,9,9,0.8181818181818182,0.8181818181818182
baseline,qwen3.5:4b,all_crops,state_303,all,0.57,25,21,21,0.84,0.84,96,4,4,0.041666666666666664,0.041666666666666664,11,9,9,0.8181818181818182,0.8181818181818182
baseline,qwen3.5:4b,all_crops,state_303,all,0.58,25,21,21,0.84,0.84,96,4,4,0.041666666666666664,0.041666666666666664,11,9,9,0.8181818181818182,0.8181818181818182
baseline,qwen3.5:4b,all_crops,state_303,all,0.59,25,21,21,0.84,0.84,96,4,4,0.041666666666666664,0.041666666666666664,11,9,9,0.8181818181818182,0.8181818181818182
baseline,qwen3.5:4b,all_crops,state_303,all,0.6,25,21,21,0.84,0.84,96,3,3,0.03125,0.03125,11,9,9,0.8181818181818182,0.8181818181818182
baseline,qwen3.5:4b,all_crops,state_303,all,0.61,25,21,21,0.84,0.84,96,3,3,0.03125,0.03125,11,9,9,0.8181818181818182,0.8181818181818182
baseline,qwen3.5:4b,all_crops,state_303,all,0.62,25,20,20,0.8,0.8,96,3,3,0.03125,0.03125,11,8,8,0.7272727272727273,0.7272727272727273
baseline,qwen3.5:4b,all_crops,state_303,all,0.63,25,20,20,0.8,0.8,96,3,3,0.03125,0.03125,11,8,8,0.7272727272727273,0.7272727272727273
baseline,qwen3.5:4b,all_crops,state_303,all,0.64,25,19,19,0.76,0.76,96,3,3,0.03125,0.03125,11,8,8,0.7272727272727273,0.7272727272727273
baseline,qwen3.5:4b,all_crops,state_303,all,0.65,25,18,18,0.72,0.72,96,3,3,0.03125,0.03125,11,8,8,0.7272727272727273,0.7272727272727273
baseline,qwen3.5:4b,all_crops,state_303,all,0.66,25,18,18,0.72,0.72,96,3,3,0.03125,0.03125,11,8,8,0.7272727272727273,0.7272727272727273
baseline,qwen3.5:4b,all_crops,state_303,all,0.67,25,18,18,0.72,0.72,96,3,3,0.03125,0.03125,11,8,8,0.7272727272727273,0.7272727272727273
baseline,qwen3.5:4b,all_crops,state_303,all,0.68,25,15,15,0.6,0.6,96,3,3,0.03125,0.03125,11,7,7,0.6363636363636364,0.6363636363636364
baseline,qwen3.5:4b,all_crops,state_303,all,0.69,25,15,15,0.6,0.6,96,3,3,0.03125,0.03125,11,7,7,0.6363636363636364,0.6363636363636364
baseline,qwen3.5:4b,all_crops,state_303,all,0.7,25,15,15,0.6,0.6,96,3,3,0.03125,0.03125,11,7,7,0.6363636363636364,0.6363636363636364
baseline,qwen3.5:4b,all_crops,state_303,all,0.71,25,13,13,0.52,0.52,96,2,2,0.020833333333333332,0.020833333333333332,11,6,6,0.5454545454545454,0.5454545454545454
baseline,qwen3.5:4b,all_crops,state_303,all,0.72,25,12,12,0.48,0.48,96,2,2,0.020833333333333332,0.020833333333333332,11,6,6,0.5454545454545454,0.5454545454545454
baseline,qwen3.5:4b,all_crops,state_303,all,0.73,25,11,11,0.44,0.44,96,2,2,0.020833333333333332,0.020833333333333332,11,5,5,0.45454545454545453,0.45454545454545453
baseline,qwen3.5:4b,all_crops,state_303,all,0.74,25,11,11,0.44,0.44,96,2,2,0.020833333333333332,0.020833333333333332,11,5,5,0.45454545454545453,0.45454545454545453
baseline,qwen3.5:4b,all_crops,state_303,all,0.75,25,11,11,0.44,0.44,96,2,2,0.020833333333333332,0.020833333333333332,11,5,5,0.45454545454545453,0.45454545454545453
baseline,qwen3.5:4b,all_crops,state_303,all,0.76,25,11,11,0.44,0.44,96,2,2,0.020833333333333332,0.020833333333333332,11,5,5,0.45454545454545453,0.45454545454545453
baseline,qwen3.5:4b,all_crops,state_303,all,0.77,25,10,10,0.4,0.4,96,2,2,0.020833333333333332,0.020833333333333332,11,5,5,0.45454545454545453,0.45454545454545453
baseline,qwen3.5:4b,all_crops,state_303,all,0.78,25,9,9,0.36,0.36,96,2,2,0.020833333333333332,0.020833333333333332,11,5,5,0.45454545454545453,0.45454545454545453
baseline,qwen3.5:4b,all_crops,state_303,all,0.79,25,9,9,0.36,0.36,96,2,2,0.020833333333333332,0.020833333333333332,11,5,5,0.45454545454545453,0.45454545454545453
baseline,qwen3.5:4b,all_crops,state_303,all,0.8,25,8,8,0.32,0.32,96,1,1,0.010416666666666666,0.010416666666666666,11,4,4,0.36363636363636365,0.36363636363636365
baseline,qwen3.5:4b,all_crops,state_303,all,0.81,25,7,7,0.28,0.28,96,1,1,0.010416666666666666,0.010416666666666666,11,3,3,0.2727272727272727,0.2727272727272727
baseline,qwen3.5:4b,all_crops,state_303,all,0.82,25,7,7,0.28,0.28,96,1,1,0.010416666666666666,0.010416666666666666,11,3,3,0.2727272727272727,0.2727272727272727
baseline,qwen3.5:4b,all_crops,state_303,all,0.83,25,7,7,0.28,0.28,96,1,1,0.010416666666666666,0.010416666666666666,11,3,3,0.2727272727272727,0.2727272727272727
baseline,qwen3.5:4b,all_crops,state_303,all,0.84,25,7,7,0.28,0.28,96,1,1,0.010416666666666666,0.010416666666666666,11,3,3,0.2727272727272727,0.2727272727272727
baseline,qwen3.5:4b,all_crops,state_303,all,0.85,25,6,6,0.24,0.24,96,1,1,0.010416666666666666,0.010416666666666666,11,3,3,0.2727272727272727,0.2727272727272727
baseline,qwen3.5:4b,all_crops,state_303,all,0.86,25,6,6,0.24,0.24,96,1,1,0.010416666666666666,0.010416666666666666,11,3,3,0.2727272727272727,0.2727272727272727
baseline,qwen3.5:4b,all_crops,state_303,all,0.87,25,3,3,0.12,0.12,96,1,1,0.010416666666666666,0.010416666666666666,11,2,2,0.18181818181818182,0.18181818181818182
baseline,qwen3.5:4b,all_crops,state_303,all,0.88,25,3,3,0.12,0.12,96,1,1,0.010416666666666666,0.010416666666666666,11,2,2,0.18181818181818182,0.18181818181818182
baseline,qwen3.5:4b,all_crops,state_303,all,0.89,25,2,2,0.08,0.08,96,0,0,0.0,0.0,11,1,1,0.09090909090909091,0.09090909090909091
baseline,qwen3.5:4b,all_crops,state_303,all,0.9,25,2,2,0.08,0.08,96,0,0,0.0,0.0,11,1,1,0.09090909090909091,0.09090909090909091
baseline,qwen3.5:4b,all_crops,state_303,all,0.91,25,1,1,0.04,0.04,96,0,0,0.0,0.0,11,1,1,0.09090909090909091,0.09090909090909091
baseline,qwen3.5:4b,all_crops,state_303,all,0.92,25,1,1,0.04,0.04,96,0,0,0.0,0.0,11,1,1,0.09090909090909091,0.09090909090909091
baseline,qwen3.5:4b,all_crops,state_303,all,0.93,25,1,1,0.04,0.04,96,0,0,0.0,0.0,11,1,1,0.09090909090909091,0.09090909090909091
baseline,qwen3.5:4b,all_crops,state_303,all,0.94,25,0,0,0.0,0.0,96,0,0,0.0,0.0,11,0,0,0.0,0.0
baseline,qwen3.5:4b,all_crops,state_303,all,0.95,25,0,0,0.0,0.0,96,0,0,0.0,0.0,11,0,0,0.0,0.0
baseline,qwen3.5:4b,all_crops,state_303,all,0.96,25,0,0,0.0,0.0,96,0,0,0.0,0.0,11,0,0,0.0,0.0
baseline,qwen3.5:4b,all_crops,state_303,all,0.97,25,0,0,0.0,0.0,96,0,0,0.0,0.0,11,0,0,0.0,0.0
baseline,qwen3.5:4b,all_crops,state_303,all,0.98,25,0,0,0.0,0.0,96,0,0,0.0,0.0,11,0,0,0.0,0.0
baseline,qwen3.5:4b,all_crops,state_303,all,0.99,25,0,0,0.0,0.0,96,0,0,0.0,0.0,11,0,0,0.0,0.0
baseline,qwen3.5:4b,all_crops,state_303,all,0.995,25,0,0,0.0,0.0,96,0,0,0.0,0.0,11,0,0,0.0,0.0
baseline,qwen3.5:4b,all_crops,state_303,all,0.999,25,0,0,0.0,0.0,96,0,0,0.0,0.0,11,0,0,0.0,0.0
baseline,qwen3.5:4b,all_crops,state_303,all,0.9999,25,0,0,0.0,0.0,96,0,0,0.0,0.0,11,0,0,0.0,0.0
baseline,qwen3.5:4b,all_crops,state_303,all,0.99999,25,0,0,0.0,0.0,96,0,0,0.0,0.0,11,0,0,0.0,0.0
baseline,qwen3.5:4b,all_crops,state_303,all,0.999999,25,0,0,0.0,0.0,96,0,0,0.0,0.0,11,0,0,0.0,0.0
baseline,qwen3.5:4b,all_crops,state_303,all,1.0,25,0,0,0.0,0.0,96,0,0,0.0,0.0,11,0,0,0.0,0.0
baseline,qwen3.5:4b,all_crops,all,all,0.0,100,100,100,1.0,1.0,384,384,384,1.0,1.0,44,44,44,1.0,1.0
baseline,qwen3.5:4b,all_crops,all,all,0.01,100,100,100,1.0,1.0,384,384,384,1.0,1.0,44,44,44,1.0,1.0
baseline,qwen3.5:4b,all_crops,all,all,0.02,100,100,100,1.0,1.0,384,373,373,0.9713541666666666,0.9713541666666666,44,44,44,1.0,1.0
baseline,qwen3.5:4b,all_crops,all,all,0.03,100,100,100,1.0,1.0,384,365,365,0.9505208333333334,0.9505208333333334,44,44,44,1.0,1.0
baseline,qwen3.5:4b,all_crops,all,all,0.04,100,100,100,1.0,1.0,384,352,352,0.9166666666666666,0.9166666666666666,44,44,44,1.0,1.0
baseline,qwen3.5:4b,all_crops,all,all,0.05,100,100,100,1.0,1.0,384,326,326,0.8489583333333334,0.8489583333333334,44,44,44,1.0,1.0
baseline,qwen3.5:4b,all_crops,all,all,0.06,100,100,100,1.0,1.0,384,308,308,0.8020833333333334,0.8020833333333334,44,44,44,1.0,1.0
baseline,qwen3.5:4b,all_crops,all,all,0.07,100,100,100,1.0,1.0,384,285,285,0.7421875,0.7421875,44,44,44,1.0,1.0
baseline,qwen3.5:4b,all_crops,all,all,0.08,100,100,100,1.0,1.0,384,259,259,0.6744791666666666,0.6744791666666666,44,44,44,1.0,1.0
baseline,qwen3.5:4b,all_crops,all,all,0.09,100,100,100,1.0,1.0,384,239,239,0.6223958333333334,0.6223958333333334,44,44,44,1.0,1.0
baseline,qwen3.5:4b,all_crops,all,all,0.1,100,100,100,1.0,1.0,384,226,226,0.5885416666666666,0.5885416666666666,44,44,44,1.0,1.0
baseline,qwen3.5:4b,all_crops,all,all,0.11,100,100,100,1.0,1.0,384,213,213,0.5546875,0.5546875,44,44,44,1.0,1.0
baseline,qwen3.5:4b,all_crops,all,all,0.12,100,100,100,1.0,1.0,384,202,202,0.5260416666666666,0.5260416666666666,44,44,44,1.0,1.0
baseline,qwen3.5:4b,all_crops,all,all,0.13,100,100,100,1.0,1.0,384,190,190,0.4947916666666667,0.4947916666666667,44,44,44,1.0,1.0
baseline,qwen3.5:4b,all_crops,all,all,0.14,100,100,100,1.0,1.0,384,174,174,0.453125,0.453125,44,44,44,1.0,1.0
baseline,qwen3.5:4b,all_crops,all,all,0.15,100,100,100,1.0,1.0,384,164,164,0.4270833333333333,0.4270833333333333,44,44,44,1.0,1.0
baseline,qwen3.5:4b,all_crops,all,all,0.16,100,100,100,1.0,1.0,384,156,156,0.40625,0.40625,44,44,44,1.0,1.0
baseline,qwen3.5:4b,all_crops,all,all,0.17,100,100,100,1.0,1.0,384,145,145,0.3776041666666667,0.3776041666666667,44,44,44,1.0,1.0
baseline,qwen3.5:4b,all_crops,all,all,0.18,100,100,100,1.0,1.0,384,137,137,0.3567708333333333,0.3567708333333333,44,44,44,1.0,1.0
baseline,qwen3.5:4b,all_crops,all,all,0.19,100,100,100,1.0,1.0,384,127,127,0.3307291666666667,0.3307291666666667,44,44,44,1.0,1.0
baseline,qwen3.5:4b,all_crops,all,all,0.2,100,100,100,1.0,1.0,384,116,116,0.3020833333333333,0.3020833333333333,44,44,44,1.0,1.0
baseline,qwen3.5:4b,all_crops,all,all,0.21,100,100,100,1.0,1.0,384,111,111,0.2890625,0.2890625,44,44,44,1.0,1.0
baseline,qwen3.5:4b,all_crops,all,all,0.22,100,100,100,1.0,1.0,384,106,106,0.2760416666666667,0.2760416666666667,44,44,44,1.0,1.0
baseline,qwen3.5:4b,all_crops,all,all,0.23,100,100,100,1.0,1.0,384,104,104,0.2708333333333333,0.2708333333333333,44,44,44,1.0,1.0
baseline,qwen3.5:4b,all_crops,all,all,0.24,100,100,100,1.0,1.0,384,98,98,0.2552083333333333,0.2552083333333333,44,44,44,1.0,1.0
baseline,qwen3.5:4b,all_crops,all,all,0.25,100,100,100,1.0,1.0,384,93,93,0.2421875,0.2421875,44,44,44,1.0,1.0
baseline,qwen3.5:4b,all_crops,all,all,0.26,100,100,100,1.0,1.0,384,85,85,0.22135416666666666,0.22135416666666666,44,44,44,1.0,1.0
baseline,qwen3.5:4b,all_crops,all,all,0.27,100,100,100,1.0,1.0,384,81,81,0.2109375,0.2109375,44,44,44,1.0,1.0
baseline,qwen3.5:4b,all_crops,all,all,0.28,100,100,100,1.0,1.0,384,78,78,0.203125,0.203125,44,44,44,1.0,1.0
baseline,qwen3.5:4b,all_crops,all,all,0.29,100,100,100,1.0,1.0,384,77,77,0.20052083333333334,0.20052083333333334,44,44,44,1.0,1.0
baseline,qwen3.5:4b,all_crops,all,all,0.3,100,100,100,1.0,1.0,384,71,71,0.18489583333333334,0.18489583333333334,44,44,44,1.0,1.0
baseline,qwen3.5:4b,all_crops,all,all,0.31,100,100,100,1.0,1.0,384,69,69,0.1796875,0.1796875,44,44,44,1.0,1.0
baseline,qwen3.5:4b,all_crops,all,all,0.32,100,99,99,0.99,0.99,384,65,65,0.16927083333333334,0.16927083333333334,44,44,44,1.0,1.0
baseline,qwen3.5:4b,all_crops,all,all,0.33,100,99,99,0.99,0.99,384,61,61,0.15885416666666666,0.15885416666666666,44,44,44,1.0,1.0
baseline,qwen3.5:4b,all_crops,all,all,0.34,100,99,99,0.99,0.99,384,57,57,0.1484375,0.1484375,44,44,44,1.0,1.0
baseline,qwen3.5:4b,all_crops,all,all,0.35,100,99,99,0.99,0.99,384,55,55,0.14322916666666666,0.14322916666666666,44,44,44,1.0,1.0
baseline,qwen3.5:4b,all_crops,all,all,0.36,100,98,98,0.98,0.98,384,52,52,0.13541666666666666,0.13541666666666666,44,44,44,1.0,1.0
baseline,qwen3.5:4b,all_crops,all,all,0.37,100,98,98,0.98,0.98,384,49,49,0.12760416666666666,0.12760416666666666,44,44,44,1.0,1.0
baseline,qwen3.5:4b,all_crops,all,all,0.38,100,97,97,0.97,0.97,384,46,46,0.11979166666666667,0.11979166666666667,44,43,43,0.9772727272727273,0.9772727272727273
baseline,qwen3.5:4b,all_crops,all,all,0.39,100,96,96,0.96,0.96,384,41,41,0.10677083333333333,0.10677083333333333,44,43,43,0.9772727272727273,0.9772727272727273
baseline,qwen3.5:4b,all_crops,all,all,0.4,100,95,95,0.95,0.95,384,38,38,0.09895833333333333,0.09895833333333333,44,42,42,0.9545454545454546,0.9545454545454546
baseline,qwen3.5:4b,all_crops,all,all,0.41,100,94,94,0.94,0.94,384,36,36,0.09375,0.09375,44,41,41,0.9318181818181818,0.9318181818181818
baseline,qwen3.5:4b,all_crops,all,all,0.42,100,94,94,0.94,0.94,384,36,36,0.09375,0.09375,44,41,41,0.9318181818181818,0.9318181818181818
baseline,qwen3.5:4b,all_crops,all,all,0.43,100,94,94,0.94,0.94,384,34,34,0.08854166666666667,0.08854166666666667,44,41,41,0.9318181818181818,0.9318181818181818
baseline,qwen3.5:4b,all_crops,all,all,0.44,100,94,94,0.94,0.94,384,32,32,0.08333333333333333,0.08333333333333333,44,41,41,0.9318181818181818,0.9318181818181818
baseline,qwen3.5:4b,all_crops,all,all,0.45,100,94,94,0.94,0.94,384,30,30,0.078125,0.078125,44,41,41,0.9318181818181818,0.9318181818181818
baseline,qwen3.5:4b,all_crops,all,all,0.46,100,94,94,0.94,0.94,384,28,28,0.07291666666666667,0.07291666666666667,44,41,41,0.9318181818181818,0.9318181818181818
baseline,qwen3.5:4b,all_crops,all,all,0.47,100,93,93,0.93,0.93,384,27,27,0.0703125,0.0703125,44,41,41,0.9318181818181818,0.9318181818181818
baseline,qwen3.5:4b,all_crops,all,all,0.48,100,93,93,0.93,0.93,384,25,25,0.06510416666666667,0.06510416666666667,44,41,41,0.9318181818181818,0.9318181818181818
baseline,qwen3.5:4b,all_crops,all,all,0.49,100,93,93,0.93,0.93,384,24,24,0.0625,0.0625,44,41,41,0.9318181818181818,0.9318181818181818
baseline,qwen3.5:4b,all_crops,all,all,0.5,100,91,91,0.91,0.91,384,24,24,0.0625,0.0625,44,40,40,0.9090909090909091,0.9090909090909091
baseline,qwen3.5:4b,all_crops,all,all,0.51,100,91,91,0.91,0.91,384,21,21,0.0546875,0.0546875,44,40,40,0.9090909090909091,0.9090909090909091
baseline,qwen3.5:4b,all_crops,all,all,0.52,100,90,90,0.9,0.9,384,21,21,0.0546875,0.0546875,44,40,40,0.9090909090909091,0.9090909090909091
baseline,qwen3.5:4b,all_crops,all,all,0.53,100,90,90,0.9,0.9,384,20,20,0.052083333333333336,0.052083333333333336,44,40,40,0.9090909090909091,0.9090909090909091
baseline,qwen3.5:4b,all_crops,all,all,0.54,100,89,89,0.89,0.89,384,20,20,0.052083333333333336,0.052083333333333336,44,40,40,0.9090909090909091,0.9090909090909091
baseline,qwen3.5:4b,all_crops,all,all,0.55,100,89,89,0.89,0.89,384,19,19,0.049479166666666664,0.049479166666666664,44,40,40,0.9090909090909091,0.9090909090909091
baseline,qwen3.5:4b,all_crops,all,all,0.56,100,89,89,0.89,0.89,384,18,18,0.046875,0.046875,44,40,40,0.9090909090909091,0.9090909090909091
baseline,qwen3.5:4b,all_crops,all,all,0.57,100,89,89,0.89,0.89,384,17,17,0.044270833333333336,0.044270833333333336,44,40,40,0.9090909090909091,0.9090909090909091
baseline,qwen3.5:4b,all_crops,all,all,0.58,100,89,89,0.89,0.89,384,15,15,0.0390625,0.0390625,44,40,40,0.9090909090909091,0.9090909090909091
baseline,qwen3.5:4b,all_crops,all,all,0.59,100,89,89,0.89,0.89,384,15,15,0.0390625,0.0390625,44,40,40,0.9090909090909091,0.9090909090909091
baseline,qwen3.5:4b,all_crops,all,all,0.6,100,88,88,0.88,0.88,384,14,14,0.036458333333333336,0.036458333333333336,44,39,39,0.8863636363636364,0.8863636363636364
baseline,qwen3.5:4b,all_crops,all,all,0.61,100,87,87,0.87,0.87,384,14,14,0.036458333333333336,0.036458333333333336,44,38,38,0.8636363636363636,0.8636363636363636
baseline,qwen3.5:4b,all_crops,all,all,0.62,100,85,85,0.85,0.85,384,13,13,0.033854166666666664,0.033854166666666664,44,36,36,0.8181818181818182,0.8181818181818182
baseline,qwen3.5:4b,all_crops,all,all,0.63,100,84,84,0.84,0.84,384,13,13,0.033854166666666664,0.033854166666666664,44,35,35,0.7954545454545454,0.7954545454545454
baseline,qwen3.5:4b,all_crops,all,all,0.64,100,81,81,0.81,0.81,384,13,13,0.033854166666666664,0.033854166666666664,44,35,35,0.7954545454545454,0.7954545454545454
baseline,qwen3.5:4b,all_crops,all,all,0.65,100,79,79,0.79,0.79,384,12,12,0.03125,0.03125,44,35,35,0.7954545454545454,0.7954545454545454
baseline,qwen3.5:4b,all_crops,all,all,0.66,100,77,77,0.77,0.77,384,11,11,0.028645833333333332,0.028645833333333332,44,33,33,0.75,0.75
baseline,qwen3.5:4b,all_crops,all,all,0.67,100,75,75,0.75,0.75,384,10,10,0.026041666666666668,0.026041666666666668,44,33,33,0.75,0.75
baseline,qwen3.5:4b,all_crops,all,all,0.68,100,70,70,0.7,0.7,384,9,9,0.0234375,0.0234375,44,31,31,0.7045454545454546,0.7045454545454546
baseline,qwen3.5:4b,all_crops,all,all,0.69,100,68,68,0.68,0.68,384,9,9,0.0234375,0.0234375,44,31,31,0.7045454545454546,0.7045454545454546
baseline,qwen3.5:4b,all_crops,all,all,0.7,100,64,64,0.64,0.64,384,8,8,0.020833333333333332,0.020833333333333332,44,29,29,0.6590909090909091,0.6590909090909091
baseline,qwen3.5:4b,all_crops,all,all,0.71,100,61,61,0.61,0.61,384,7,7,0.018229166666666668,0.018229166666666668,44,28,28,0.6363636363636364,0.6363636363636364
baseline,qwen3.5:4b,all_crops,all,all,0.72,100,59,59,0.59,0.59,384,7,7,0.018229166666666668,0.018229166666666668,44,28,28,0.6363636363636364,0.6363636363636364
baseline,qwen3.5:4b,all_crops,all,all,0.73,100,55,55,0.55,0.55,384,6,6,0.015625,0.015625,44,26,26,0.5909090909090909,0.5909090909090909
baseline,qwen3.5:4b,all_crops,all,all,0.74,100,52,52,0.52,0.52,384,5,5,0.013020833333333334,0.013020833333333334,44,24,24,0.5454545454545454,0.5454545454545454
baseline,qwen3.5:4b,all_crops,all,all,0.75,100,52,52,0.52,0.52,384,5,5,0.013020833333333334,0.013020833333333334,44,24,24,0.5454545454545454,0.5454545454545454
baseline,qwen3.5:4b,all_crops,all,all,0.76,100,50,50,0.5,0.5,384,5,5,0.013020833333333334,0.013020833333333334,44,23,23,0.5227272727272727,0.5227272727272727
baseline,qwen3.5:4b,all_crops,all,all,0.77,100,47,47,0.47,0.47,384,4,4,0.010416666666666666,0.010416666666666666,44,22,22,0.5,0.5
baseline,qwen3.5:4b,all_crops,all,all,0.78,100,44,44,0.44,0.44,384,4,4,0.010416666666666666,0.010416666666666666,44,21,21,0.4772727272727273,0.4772727272727273
baseline,qwen3.5:4b,all_crops,all,all,0.79,100,37,37,0.37,0.37,384,4,4,0.010416666666666666,0.010416666666666666,44,17,17,0.38636363636363635,0.38636363636363635
baseline,qwen3.5:4b,all_crops,all,all,0.8,100,34,34,0.34,0.34,384,2,2,0.005208333333333333,0.005208333333333333,44,15,15,0.3409090909090909,0.3409090909090909
baseline,qwen3.5:4b,all_crops,all,all,0.81,100,26,26,0.26,0.26,384,2,2,0.005208333333333333,0.005208333333333333,44,12,12,0.2727272727272727,0.2727272727272727
baseline,qwen3.5:4b,all_crops,all,all,0.82,100,25,25,0.25,0.25,384,2,2,0.005208333333333333,0.005208333333333333,44,11,11,0.25,0.25
baseline,qwen3.5:4b,all_crops,all,all,0.83,100,16,16,0.16,0.16,384,1,1,0.0026041666666666665,0.0026041666666666665,44,8,8,0.18181818181818182,0.18181818181818182
baseline,qwen3.5:4b,all_crops,all,all,0.84,100,15,15,0.15,0.15,384,1,1,0.0026041666666666665,0.0026041666666666665,44,8,8,0.18181818181818182,0.18181818181818182
baseline,qwen3.5:4b,all_crops,all,all,0.85,100,12,12,0.12,0.12,384,1,1,0.0026041666666666665,0.0026041666666666665,44,7,7,0.1590909090909091,0.1590909090909091
baseline,qwen3.5:4b,all_crops,all,all,0.86,100,10,10,0.1,0.1,384,1,1,0.0026041666666666665,0.0026041666666666665,44,6,6,0.13636363636363635,0.13636363636363635
baseline,qwen3.5:4b,all_crops,all,all,0.87,100,6,6,0.06,0.06,384,1,1,0.0026041666666666665,0.0026041666666666665,44,5,5,0.11363636363636363,0.11363636363636363
baseline,qwen3.5:4b,all_crops,all,all,0.88,100,5,5,0.05,0.05,384,1,1,0.0026041666666666665,0.0026041666666666665,44,4,4,0.09090909090909091,0.09090909090909091
baseline,qwen3.5:4b,all_crops,all,all,0.89,100,3,3,0.03,0.03,384,0,0,0.0,0.0,44,2,2,0.045454545454545456,0.045454545454545456
baseline,qwen3.5:4b,all_crops,all,all,0.9,100,3,3,0.03,0.03,384,0,0,0.0,0.0,44,2,2,0.045454545454545456,0.045454545454545456
baseline,qwen3.5:4b,all_crops,all,all,0.91,100,1,1,0.01,0.01,384,0,0,0.0,0.0,44,1,1,0.022727272727272728,0.022727272727272728
baseline,qwen3.5:4b,all_crops,all,all,0.92,100,1,1,0.01,0.01,384,0,0,0.0,0.0,44,1,1,0.022727272727272728,0.022727272727272728
baseline,qwen3.5:4b,all_crops,all,all,0.93,100,1,1,0.01,0.01,384,0,0,0.0,0.0,44,1,1,0.022727272727272728,0.022727272727272728
baseline,qwen3.5:4b,all_crops,all,all,0.94,100,0,0,0.0,0.0,384,0,0,0.0,0.0,44,0,0,0.0,0.0
baseline,qwen3.5:4b,all_crops,all,all,0.95,100,0,0,0.0,0.0,384,0,0,0.0,0.0,44,0,0,0.0,0.0
baseline,qwen3.5:4b,all_crops,all,all,0.96,100,0,0,0.0,0.0,384,0,0,0.0,0.0,44,0,0,0.0,0.0
baseline,qwen3.5:4b,all_crops,all,all,0.97,100,0,0,0.0,0.0,384,0,0,0.0,0.0,44,0,0,0.0,0.0
baseline,qwen3.5:4b,all_crops,all,all,0.98,100,0,0,0.0,0.0,384,0,0,0.0,0.0,44,0,0,0.0,0.0
baseline,qwen3.5:4b,all_crops,all,all,0.99,100,0,0,0.0,0.0,384,0,0,0.0,0.0,44,0,0,0.0,0.0
baseline,qwen3.5:4b,all_crops,all,all,0.995,100,0,0,0.0,0.0,384,0,0,0.0,0.0,44,0,0,0.0,0.0
baseline,qwen3.5:4b,all_crops,all,all,0.999,100,0,0,0.0,0.0,384,0,0,0.0,0.0,44,0,0,0.0,0.0
baseline,qwen3.5:4b,all_crops,all,all,0.9999,100,0,0,0.0,0.0,384,0,0,0.0,0.0,44,0,0,0.0,0.0
baseline,qwen3.5:4b,all_crops,all,all,0.99999,100,0,0,0.0,0.0,384,0,0,0.0,0.0,44,0,0,0.0,0.0
baseline,qwen3.5:4b,all_crops,all,all,0.999999,100,0,0,0.0,0.0,384,0,0,0.0,0.0,44,0,0,0.0,0.0
baseline,qwen3.5:4b,all_crops,all,all,1.0,100,0,0,0.0,0.0,384,0,0,0.0,0.0,44,0,0,0.0,0.0
baseline,qwen3.5:4b,autonomous_depth_only,original,all,0.0,25,25,25,1.0,1.0,96,96,96,1.0,1.0,11,11,11,1.0,1.0
baseline,qwen3.5:4b,autonomous_depth_only,original,all,0.01,25,25,25,1.0,1.0,96,96,96,1.0,1.0,11,11,11,1.0,1.0
baseline,qwen3.5:4b,autonomous_depth_only,original,all,0.02,25,25,25,1.0,1.0,96,94,94,0.9791666666666666,0.9791666666666666,11,11,11,1.0,1.0
baseline,qwen3.5:4b,autonomous_depth_only,original,all,0.03,25,25,25,1.0,1.0,96,93,93,0.96875,0.96875,11,11,11,1.0,1.0
baseline,qwen3.5:4b,autonomous_depth_only,original,all,0.04,25,25,25,1.0,1.0,96,92,92,0.9583333333333334,0.9583333333333334,11,11,11,1.0,1.0
baseline,qwen3.5:4b,autonomous_depth_only,original,all,0.05,25,25,25,1.0,1.0,96,84,84,0.875,0.875,11,11,11,1.0,1.0
baseline,qwen3.5:4b,autonomous_depth_only,original,all,0.06,25,25,25,1.0,1.0,96,79,79,0.8229166666666666,0.8229166666666666,11,11,11,1.0,1.0
baseline,qwen3.5:4b,autonomous_depth_only,original,all,0.07,25,25,25,1.0,1.0,96,71,71,0.7395833333333334,0.7395833333333334,11,11,11,1.0,1.0
baseline,qwen3.5:4b,autonomous_depth_only,original,all,0.08,25,25,25,1.0,1.0,96,65,65,0.6770833333333334,0.6770833333333334,11,11,11,1.0,1.0
baseline,qwen3.5:4b,autonomous_depth_only,original,all,0.09,25,25,25,1.0,1.0,96,61,61,0.6354166666666666,0.6354166666666666,11,11,11,1.0,1.0
baseline,qwen3.5:4b,autonomous_depth_only,original,all,0.1,25,25,25,1.0,1.0,96,57,57,0.59375,0.59375,11,11,11,1.0,1.0
baseline,qwen3.5:4b,autonomous_depth_only,original,all,0.11,25,25,25,1.0,1.0,96,56,56,0.5833333333333334,0.5833333333333334,11,11,11,1.0,1.0
baseline,qwen3.5:4b,autonomous_depth_only,original,all,0.12,25,25,25,1.0,1.0,96,53,53,0.5520833333333334,0.5520833333333334,11,11,11,1.0,1.0
baseline,qwen3.5:4b,autonomous_depth_only,original,all,0.13,25,25,25,1.0,1.0,96,50,50,0.5208333333333334,0.5208333333333334,11,11,11,1.0,1.0
baseline,qwen3.5:4b,autonomous_depth_only,original,all,0.14,25,25,25,1.0,1.0,96,43,43,0.4479166666666667,0.4479166666666667,11,11,11,1.0,1.0
baseline,qwen3.5:4b,autonomous_depth_only,original,all,0.15,25,25,25,1.0,1.0,96,41,41,0.4270833333333333,0.4270833333333333,11,11,11,1.0,1.0
baseline,qwen3.5:4b,autonomous_depth_only,original,all,0.16,25,25,25,1.0,1.0,96,39,39,0.40625,0.40625,11,11,11,1.0,1.0
baseline,qwen3.5:4b,autonomous_depth_only,original,all,0.17,25,25,25,1.0,1.0,96,37,37,0.3854166666666667,0.3854166666666667,11,11,11,1.0,1.0
baseline,qwen3.5:4b,autonomous_depth_only,original,all,0.18,25,25,25,1.0,1.0,96,35,35,0.3645833333333333,0.3645833333333333,11,11,11,1.0,1.0
baseline,qwen3.5:4b,autonomous_depth_only,original,all,0.19,25,25,25,1.0,1.0,96,33,33,0.34375,0.34375,11,11,11,1.0,1.0
baseline,qwen3.5:4b,autonomous_depth_only,original,all,0.2,25,25,25,1.0,1.0,96,32,32,0.3333333333333333,0.3333333333333333,11,11,11,1.0,1.0
baseline,qwen3.5:4b,autonomous_depth_only,original,all,0.21,25,25,25,1.0,1.0,96,31,31,0.3229166666666667,0.3229166666666667,11,11,11,1.0,1.0
baseline,qwen3.5:4b,autonomous_depth_only,original,all,0.22,25,25,25,1.0,1.0,96,30,30,0.3125,0.3125,11,11,11,1.0,1.0
baseline,qwen3.5:4b,autonomous_depth_only,original,all,0.23,25,25,25,1.0,1.0,96,30,30,0.3125,0.3125,11,11,11,1.0,1.0
baseline,qwen3.5:4b,autonomous_depth_only,original,all,0.24,25,25,25,1.0,1.0,96,28,28,0.2916666666666667,0.2916666666666667,11,11,11,1.0,1.0
baseline,qwen3.5:4b,autonomous_depth_only,original,all,0.25,25,25,25,1.0,1.0,96,28,28,0.2916666666666667,0.2916666666666667,11,11,11,1.0,1.0
baseline,qwen3.5:4b,autonomous_depth_only,original,all,0.26,25,25,25,1.0,1.0,96,25,25,0.2604166666666667,0.2604166666666667,11,11,11,1.0,1.0
baseline,qwen3.5:4b,autonomous_depth_only,original,all,0.27,25,25,25,1.0,1.0,96,25,25,0.2604166666666667,0.2604166666666667,11,11,11,1.0,1.0
baseline,qwen3.5:4b,autonomous_depth_only,original,all,0.28,25,25,25,1.0,1.0,96,25,25,0.2604166666666667,0.2604166666666667,11,11,11,1.0,1.0
baseline,qwen3.5:4b,autonomous_depth_only,original,all,0.29,25,25,25,1.0,1.0,96,25,25,0.2604166666666667,0.2604166666666667,11,11,11,1.0,1.0
baseline,qwen3.5:4b,autonomous_depth_only,original,all,0.3,25,25,25,1.0,1.0,96,23,23,0.23958333333333334,0.23958333333333334,11,11,11,1.0,1.0
baseline,qwen3.5:4b,autonomous_depth_only,original,all,0.31,25,25,25,1.0,1.0,96,22,22,0.22916666666666666,0.22916666666666666,11,11,11,1.0,1.0
baseline,qwen3.5:4b,autonomous_depth_only,original,all,0.32,25,25,25,1.0,1.0,96,20,20,0.20833333333333334,0.20833333333333334,11,11,11,1.0,1.0
baseline,qwen3.5:4b,autonomous_depth_only,original,all,0.33,25,25,25,1.0,1.0,96,17,17,0.17708333333333334,0.17708333333333334,11,11,11,1.0,1.0
baseline,qwen3.5:4b,autonomous_depth_only,original,all,0.34,25,25,25,1.0,1.0,96,16,16,0.16666666666666666,0.16666666666666666,11,11,11,1.0,1.0
baseline,qwen3.5:4b,autonomous_depth_only,original,all,0.35,25,25,25,1.0,1.0,96,15,15,0.15625,0.15625,11,11,11,1.0,1.0
baseline,qwen3.5:4b,autonomous_depth_only,original,all,0.36,25,24,24,0.96,0.96,96,14,14,0.14583333333333334,0.14583333333333334,11,11,11,1.0,1.0
baseline,qwen3.5:4b,autonomous_depth_only,original,all,0.37,25,24,24,0.96,0.96,96,14,14,0.14583333333333334,0.14583333333333334,11,11,11,1.0,1.0
baseline,qwen3.5:4b,autonomous_depth_only,original,all,0.38,25,24,24,0.96,0.96,96,12,12,0.125,0.125,11,11,11,1.0,1.0
baseline,qwen3.5:4b,autonomous_depth_only,original,all,0.39,25,24,24,0.96,0.96,96,10,10,0.10416666666666667,0.10416666666666667,11,11,11,1.0,1.0
baseline,qwen3.5:4b,autonomous_depth_only,original,all,0.4,25,24,24,0.96,0.96,96,10,10,0.10416666666666667,0.10416666666666667,11,11,11,1.0,1.0
baseline,qwen3.5:4b,autonomous_depth_only,original,all,0.41,25,23,23,0.92,0.92,96,8,8,0.08333333333333333,0.08333333333333333,11,10,10,0.9090909090909091,0.9090909090909091
baseline,qwen3.5:4b,autonomous_depth_only,original,all,0.42,25,23,23,0.92,0.92,96,8,8,0.08333333333333333,0.08333333333333333,11,10,10,0.9090909090909091,0.9090909090909091
baseline,qwen3.5:4b,autonomous_depth_only,original,all,0.43,25,23,23,0.92,0.92,96,8,8,0.08333333333333333,0.08333333333333333,11,10,10,0.9090909090909091,0.9090909090909091
baseline,qwen3.5:4b,autonomous_depth_only,original,all,0.44,25,23,23,0.92,0.92,96,8,8,0.08333333333333333,0.08333333333333333,11,10,10,0.9090909090909091,0.9090909090909091
baseline,qwen3.5:4b,autonomous_depth_only,original,all,0.45,25,23,23,0.92,0.92,96,6,6,0.0625,0.0625,11,10,10,0.9090909090909091,0.9090909090909091
baseline,qwen3.5:4b,autonomous_depth_only,original,all,0.46,25,23,23,0.92,0.92,96,5,5,0.052083333333333336,0.052083333333333336,11,10,10,0.9090909090909091,0.9090909090909091
baseline,qwen3.5:4b,autonomous_depth_only,original,all,0.47,25,22,22,0.88,0.88,96,5,5,0.052083333333333336,0.052083333333333336,11,10,10,0.9090909090909091,0.9090909090909091
baseline,qwen3.5:4b,autonomous_depth_only,original,all,0.48,25,22,22,0.88,0.88,96,5,5,0.052083333333333336,0.052083333333333336,11,10,10,0.9090909090909091,0.9090909090909091
baseline,qwen3.5:4b,autonomous_depth_only,original,all,0.49,25,22,22,0.88,0.88,96,5,5,0.052083333333333336,0.052083333333333336,11,10,10,0.9090909090909091,0.9090909090909091
baseline,qwen3.5:4b,autonomous_depth_only,original,all,0.5,25,20,20,0.8,0.8,96,5,5,0.052083333333333336,0.052083333333333336,11,9,9,0.8181818181818182,0.8181818181818182
baseline,qwen3.5:4b,autonomous_depth_only,original,all,0.51,25,20,20,0.8,0.8,96,4,4,0.041666666666666664,0.041666666666666664,11,9,9,0.8181818181818182,0.8181818181818182
baseline,qwen3.5:4b,autonomous_depth_only,original,all,0.52,25,19,19,0.76,0.76,96,4,4,0.041666666666666664,0.041666666666666664,11,9,9,0.8181818181818182,0.8181818181818182
baseline,qwen3.5:4b,autonomous_depth_only,original,all,0.53,25,19,19,0.76,0.76,96,4,4,0.041666666666666664,0.041666666666666664,11,9,9,0.8181818181818182,0.8181818181818182
baseline,qwen3.5:4b,autonomous_depth_only,original,all,0.54,25,19,19,0.76,0.76,96,4,4,0.041666666666666664,0.041666666666666664,11,9,9,0.8181818181818182,0.8181818181818182
baseline,qwen3.5:4b,autonomous_depth_only,original,all,0.55,25,19,19,0.76,0.76,96,4,4,0.041666666666666664,0.041666666666666664,11,9,9,0.8181818181818182,0.8181818181818182
baseline,qwen3.5:4b,autonomous_depth_only,original,all,0.56,25,19,19,0.76,0.76,96,3,3,0.03125,0.03125,11,9,9,0.8181818181818182,0.8181818181818182
baseline,qwen3.5:4b,autonomous_depth_only,original,all,0.57,25,19,19,0.76,0.76,96,3,3,0.03125,0.03125,11,9,9,0.8181818181818182,0.8181818181818182
baseline,qwen3.5:4b,autonomous_depth_only,original,all,0.58,25,19,19,0.76,0.76,96,2,2,0.020833333333333332,0.020833333333333332,11,9,9,0.8181818181818182,0.8181818181818182
baseline,qwen3.5:4b,autonomous_depth_only,original,all,0.59,25,19,19,0.76,0.76,96,2,2,0.020833333333333332,0.020833333333333332,11,9,9,0.8181818181818182,0.8181818181818182
baseline,qwen3.5:4b,autonomous_depth_only,original,all,0.6,25,19,19,0.76,0.76,96,2,2,0.020833333333333332,0.020833333333333332,11,9,9,0.8181818181818182,0.8181818181818182
baseline,qwen3.5:4b,autonomous_depth_only,original,all,0.61,25,19,19,0.76,0.76,96,2,2,0.020833333333333332,0.020833333333333332,11,9,9,0.8181818181818182,0.8181818181818182
baseline,qwen3.5:4b,autonomous_depth_only,original,all,0.62,25,18,18,0.72,0.72,96,2,2,0.020833333333333332,0.020833333333333332,11,8,8,0.7272727272727273,0.7272727272727273
baseline,qwen3.5:4b,autonomous_depth_only,original,all,0.63,25,18,18,0.72,0.72,96,2,2,0.020833333333333332,0.020833333333333332,11,8,8,0.7272727272727273,0.7272727272727273
baseline,qwen3.5:4b,autonomous_depth_only,original,all,0.64,25,18,18,0.72,0.72,96,2,2,0.020833333333333332,0.020833333333333332,11,8,8,0.7272727272727273,0.7272727272727273
baseline,qwen3.5:4b,autonomous_depth_only,original,all,0.65,25,18,18,0.72,0.72,96,2,2,0.020833333333333332,0.020833333333333332,11,8,8,0.7272727272727273,0.7272727272727273
baseline,qwen3.5:4b,autonomous_depth_only,original,all,0.66,25,18,18,0.72,0.72,96,2,2,0.020833333333333332,0.020833333333333332,11,8,8,0.7272727272727273,0.7272727272727273
baseline,qwen3.5:4b,autonomous_depth_only,original,all,0.67,25,18,18,0.72,0.72,96,2,2,0.020833333333333332,0.020833333333333332,11,8,8,0.7272727272727273,0.7272727272727273
baseline,qwen3.5:4b,autonomous_depth_only,original,all,0.68,25,18,18,0.72,0.72,96,2,2,0.020833333333333332,0.020833333333333332,11,8,8,0.7272727272727273,0.7272727272727273
baseline,qwen3.5:4b,autonomous_depth_only,original,all,0.69,25,18,18,0.72,0.72,96,2,2,0.020833333333333332,0.020833333333333332,11,8,8,0.7272727272727273,0.7272727272727273
baseline,qwen3.5:4b,autonomous_depth_only,original,all,0.7,25,17,17,0.68,0.68,96,1,1,0.010416666666666666,0.010416666666666666,11,7,7,0.6363636363636364,0.6363636363636364
baseline,qwen3.5:4b,autonomous_depth_only,original,all,0.71,25,17,17,0.68,0.68,96,1,1,0.010416666666666666,0.010416666666666666,11,7,7,0.6363636363636364,0.6363636363636364
baseline,qwen3.5:4b,autonomous_depth_only,original,all,0.72,25,17,17,0.68,0.68,96,1,1,0.010416666666666666,0.010416666666666666,11,7,7,0.6363636363636364,0.6363636363636364
baseline,qwen3.5:4b,autonomous_depth_only,original,all,0.73,25,17,17,0.68,0.68,96,1,1,0.010416666666666666,0.010416666666666666,11,7,7,0.6363636363636364,0.6363636363636364
baseline,qwen3.5:4b,autonomous_depth_only,original,all,0.74,25,17,17,0.68,0.68,96,1,1,0.010416666666666666,0.010416666666666666,11,7,7,0.6363636363636364,0.6363636363636364
baseline,qwen3.5:4b,autonomous_depth_only,original,all,0.75,25,17,17,0.68,0.68,96,1,1,0.010416666666666666,0.010416666666666666,11,7,7,0.6363636363636364,0.6363636363636364
baseline,qwen3.5:4b,autonomous_depth_only,original,all,0.76,25,17,17,0.68,0.68,96,1,1,0.010416666666666666,0.010416666666666666,11,7,7,0.6363636363636364,0.6363636363636364
baseline,qwen3.5:4b,autonomous_depth_only,original,all,0.77,25,16,16,0.64,0.64,96,0,0,0.0,0.0,11,7,7,0.6363636363636364,0.6363636363636364
baseline,qwen3.5:4b,autonomous_depth_only,original,all,0.78,25,15,15,0.6,0.6,96,0,0,0.0,0.0,11,7,7,0.6363636363636364,0.6363636363636364
baseline,qwen3.5:4b,autonomous_depth_only,original,all,0.79,25,12,12,0.48,0.48,96,0,0,0.0,0.0,11,5,5,0.45454545454545453,0.45454545454545453
baseline,qwen3.5:4b,autonomous_depth_only,original,all,0.8,25,11,11,0.44,0.44,96,0,0,0.0,0.0,11,4,4,0.36363636363636365,0.36363636363636365
baseline,qwen3.5:4b,autonomous_depth_only,original,all,0.81,25,10,10,0.4,0.4,96,0,0,0.0,0.0,11,4,4,0.36363636363636365,0.36363636363636365
baseline,qwen3.5:4b,autonomous_depth_only,original,all,0.82,25,9,9,0.36,0.36,96,0,0,0.0,0.0,11,3,3,0.2727272727272727,0.2727272727272727
baseline,qwen3.5:4b,autonomous_depth_only,original,all,0.83,25,4,4,0.16,0.16,96,0,0,0.0,0.0,11,2,2,0.18181818181818182,0.18181818181818182
baseline,qwen3.5:4b,autonomous_depth_only,original,all,0.84,25,3,3,0.12,0.12,96,0,0,0.0,0.0,11,2,2,0.18181818181818182,0.18181818181818182
baseline,qwen3.5:4b,autonomous_depth_only,original,all,0.85,25,2,2,0.08,0.08,96,0,0,0.0,0.0,11,1,1,0.09090909090909091,0.09090909090909091
baseline,qwen3.5:4b,autonomous_depth_only,original,all,0.86,25,1,1,0.04,0.04,96,0,0,0.0,0.0,11,1,1,0.09090909090909091,0.09090909090909091
baseline,qwen3.5:4b,autonomous_depth_only,original,all,0.87,25,1,1,0.04,0.04,96,0,0,0.0,0.0,11,1,1,0.09090909090909091,0.09090909090909091
baseline,qwen3.5:4b,autonomous_depth_only,original,all,0.88,25,0,0,0.0,0.0,96,0,0,0.0,0.0,11,0,0,0.0,0.0
baseline,qwen3.5:4b,autonomous_depth_only,original,all,0.89,25,0,0,0.0,0.0,96,0,0,0.0,0.0,11,0,0,0.0,0.0
baseline,qwen3.5:4b,autonomous_depth_only,original,all,0.9,25,0,0,0.0,0.0,96,0,0,0.0,0.0,11,0,0,0.0,0.0
baseline,qwen3.5:4b,autonomous_depth_only,original,all,0.91,25,0,0,0.0,0.0,96,0,0,0.0,0.0,11,0,0,0.0,0.0
baseline,qwen3.5:4b,autonomous_depth_only,original,all,0.92,25,0,0,0.0,0.0,96,0,0,0.0,0.0,11,0,0,0.0,0.0
baseline,qwen3.5:4b,autonomous_depth_only,original,all,0.93,25,0,0,0.0,0.0,96,0,0,0.0,0.0,11,0,0,0.0,0.0
baseline,qwen3.5:4b,autonomous_depth_only,original,all,0.94,25,0,0,0.0,0.0,96,0,0,0.0,0.0,11,0,0,0.0,0.0
baseline,qwen3.5:4b,autonomous_depth_only,original,all,0.95,25,0,0,0.0,0.0,96,0,0,0.0,0.0,11,0,0,0.0,0.0
baseline,qwen3.5:4b,autonomous_depth_only,original,all,0.96,25,0,0,0.0,0.0,96,0,0,0.0,0.0,11,0,0,0.0,0.0
baseline,qwen3.5:4b,autonomous_depth_only,original,all,0.97,25,0,0,0.0,0.0,96,0,0,0.0,0.0,11,0,0,0.0,0.0
baseline,qwen3.5:4b,autonomous_depth_only,original,all,0.98,25,0,0,0.0,0.0,96,0,0,0.0,0.0,11,0,0,0.0,0.0
baseline,qwen3.5:4b,autonomous_depth_only,original,all,0.99,25,0,0,0.0,0.0,96,0,0,0.0,0.0,11,0,0,0.0,0.0
baseline,qwen3.5:4b,autonomous_depth_only,original,all,0.995,25,0,0,0.0,0.0,96,0,0,0.0,0.0,11,0,0,0.0,0.0
baseline,qwen3.5:4b,autonomous_depth_only,original,all,0.999,25,0,0,0.0,0.0,96,0,0,0.0,0.0,11,0,0,0.0,0.0
baseline,qwen3.5:4b,autonomous_depth_only,original,all,0.9999,25,0,0,0.0,0.0,96,0,0,0.0,0.0,11,0,0,0.0,0.0
baseline,qwen3.5:4b,autonomous_depth_only,original,all,0.99999,25,0,0,0.0,0.0,96,0,0,0.0,0.0,11,0,0,0.0,0.0
baseline,qwen3.5:4b,autonomous_depth_only,original,all,0.999999,25,0,0,0.0,0.0,96,0,0,0.0,0.0,11,0,0,0.0,0.0
baseline,qwen3.5:4b,autonomous_depth_only,original,all,1.0,25,0,0,0.0,0.0,96,0,0,0.0,0.0,11,0,0,0.0,0.0
baseline,qwen3.5:4b,autonomous_depth_only,state_101,all,0.0,24,24,24,1.0,1.0,86,86,86,1.0,1.0,10,10,10,1.0,1.0
baseline,qwen3.5:4b,autonomous_depth_only,state_101,all,0.01,24,24,24,1.0,1.0,86,86,86,1.0,1.0,10,10,10,1.0,1.0
baseline,qwen3.5:4b,autonomous_depth_only,state_101,all,0.02,24,24,24,1.0,1.0,86,85,85,0.9883720930232558,0.9883720930232558,10,10,10,1.0,1.0
baseline,qwen3.5:4b,autonomous_depth_only,state_101,all,0.03,24,24,24,1.0,1.0,86,85,85,0.9883720930232558,0.9883720930232558,10,10,10,1.0,1.0
baseline,qwen3.5:4b,autonomous_depth_only,state_101,all,0.04,24,24,24,1.0,1.0,86,82,82,0.9534883720930233,0.9534883720930233,10,10,10,1.0,1.0
baseline,qwen3.5:4b,autonomous_depth_only,state_101,all,0.05,24,24,24,1.0,1.0,86,77,77,0.8953488372093024,0.8953488372093024,10,10,10,1.0,1.0
baseline,qwen3.5:4b,autonomous_depth_only,state_101,all,0.06,24,24,24,1.0,1.0,86,74,74,0.8604651162790697,0.8604651162790697,10,10,10,1.0,1.0
baseline,qwen3.5:4b,autonomous_depth_only,state_101,all,0.07,24,24,24,1.0,1.0,86,69,69,0.8023255813953488,0.8023255813953488,10,10,10,1.0,1.0
baseline,qwen3.5:4b,autonomous_depth_only,state_101,all,0.08,24,24,24,1.0,1.0,86,60,60,0.6976744186046512,0.6976744186046512,10,10,10,1.0,1.0
baseline,qwen3.5:4b,autonomous_depth_only,state_101,all,0.09,24,24,24,1.0,1.0,86,54,54,0.627906976744186,0.627906976744186,10,10,10,1.0,1.0
baseline,qwen3.5:4b,autonomous_depth_only,state_101,all,0.1,24,24,24,1.0,1.0,86,52,52,0.6046511627906976,0.6046511627906976,10,10,10,1.0,1.0
baseline,qwen3.5:4b,autonomous_depth_only,state_101,all,0.11,24,24,24,1.0,1.0,86,49,49,0.5697674418604651,0.5697674418604651,10,10,10,1.0,1.0
baseline,qwen3.5:4b,autonomous_depth_only,state_101,all,0.12,24,24,24,1.0,1.0,86,45,45,0.5232558139534884,0.5232558139534884,10,10,10,1.0,1.0
baseline,qwen3.5:4b,autonomous_depth_only,state_101,all,0.13,24,24,24,1.0,1.0,86,42,42,0.4883720930232558,0.4883720930232558,10,10,10,1.0,1.0
baseline,qwen3.5:4b,autonomous_depth_only,state_101,all,0.14,24,24,24,1.0,1.0,86,38,38,0.4418604651162791,0.4418604651162791,10,10,10,1.0,1.0
baseline,qwen3.5:4b,autonomous_depth_only,state_101,all,0.15,24,24,24,1.0,1.0,86,37,37,0.43023255813953487,0.43023255813953487,10,10,10,1.0,1.0
baseline,qwen3.5:4b,autonomous_depth_only,state_101,all,0.16,24,24,24,1.0,1.0,86,37,37,0.43023255813953487,0.43023255813953487,10,10,10,1.0,1.0
baseline,qwen3.5:4b,autonomous_depth_only,state_101,all,0.17,24,24,24,1.0,1.0,86,34,34,0.3953488372093023,0.3953488372093023,10,10,10,1.0,1.0
baseline,qwen3.5:4b,autonomous_depth_only,state_101,all,0.18,24,24,24,1.0,1.0,86,34,34,0.3953488372093023,0.3953488372093023,10,10,10,1.0,1.0
baseline,qwen3.5:4b,autonomous_depth_only,state_101,all,0.19,24,24,24,1.0,1.0,86,31,31,0.36046511627906974,0.36046511627906974,10,10,10,1.0,1.0
baseline,qwen3.5:4b,autonomous_depth_only,state_101,all,0.2,24,24,24,1.0,1.0,86,26,26,0.3023255813953488,0.3023255813953488,10,10,10,1.0,1.0
baseline,qwen3.5:4b,autonomous_depth_only,state_101,all,0.21,24,24,24,1.0,1.0,86,24,24,0.27906976744186046,0.27906976744186046,10,10,10,1.0,1.0
baseline,qwen3.5:4b,autonomous_depth_only,state_101,all,0.22,24,24,24,1.0,1.0,86,23,23,0.26744186046511625,0.26744186046511625,10,10,10,1.0,1.0
baseline,qwen3.5:4b,autonomous_depth_only,state_101,all,0.23,24,24,24,1.0,1.0,86,23,23,0.26744186046511625,0.26744186046511625,10,10,10,1.0,1.0
baseline,qwen3.5:4b,autonomous_depth_only,state_101,all,0.24,24,24,24,1.0,1.0,86,21,21,0.2441860465116279,0.2441860465116279,10,10,10,1.0,1.0
baseline,qwen3.5:4b,autonomous_depth_only,state_101,all,0.25,24,24,24,1.0,1.0,86,20,20,0.23255813953488372,0.23255813953488372,10,10,10,1.0,1.0
baseline,qwen3.5:4b,autonomous_depth_only,state_101,all,0.26,24,24,24,1.0,1.0,86,20,20,0.23255813953488372,0.23255813953488372,10,10,10,1.0,1.0
baseline,qwen3.5:4b,autonomous_depth_only,state_101,all,0.27,24,24,24,1.0,1.0,86,18,18,0.20930232558139536,0.20930232558139536,10,10,10,1.0,1.0
baseline,qwen3.5:4b,autonomous_depth_only,state_101,all,0.28,24,24,24,1.0,1.0,86,15,15,0.1744186046511628,0.1744186046511628,10,10,10,1.0,1.0
baseline,qwen3.5:4b,autonomous_depth_only,state_101,all,0.29,24,24,24,1.0,1.0,86,15,15,0.1744186046511628,0.1744186046511628,10,10,10,1.0,1.0
baseline,qwen3.5:4b,autonomous_depth_only,state_101,all,0.3,24,24,24,1.0,1.0,86,12,12,0.13953488372093023,0.13953488372093023,10,10,10,1.0,1.0
baseline,qwen3.5:4b,autonomous_depth_only,state_101,all,0.31,24,24,24,1.0,1.0,86,11,11,0.12790697674418605,0.12790697674418605,10,10,10,1.0,1.0
baseline,qwen3.5:4b,autonomous_depth_only,state_101,all,0.32,24,23,23,0.9583333333333334,0.9583333333333334,86,10,10,0.11627906976744186,0.11627906976744186,10,10,10,1.0,1.0
baseline,qwen3.5:4b,autonomous_depth_only,state_101,all,0.33,24,23,23,0.9583333333333334,0.9583333333333334,86,10,10,0.11627906976744186,0.11627906976744186,10,10,10,1.0,1.0
baseline,qwen3.5:4b,autonomous_depth_only,state_101,all,0.34,24,23,23,0.9583333333333334,0.9583333333333334,86,10,10,0.11627906976744186,0.11627906976744186,10,10,10,1.0,1.0
baseline,qwen3.5:4b,autonomous_depth_only,state_101,all,0.35,24,23,23,0.9583333333333334,0.9583333333333334,86,10,10,0.11627906976744186,0.11627906976744186,10,10,10,1.0,1.0
baseline,qwen3.5:4b,autonomous_depth_only,state_101,all,0.36,24,23,23,0.9583333333333334,0.9583333333333334,86,10,10,0.11627906976744186,0.11627906976744186,10,10,10,1.0,1.0
baseline,qwen3.5:4b,autonomous_depth_only,state_101,all,0.37,24,23,23,0.9583333333333334,0.9583333333333334,86,9,9,0.10465116279069768,0.10465116279069768,10,10,10,1.0,1.0
baseline,qwen3.5:4b,autonomous_depth_only,state_101,all,0.38,24,23,23,0.9583333333333334,0.9583333333333334,86,8,8,0.09302325581395349,0.09302325581395349,10,10,10,1.0,1.0
baseline,qwen3.5:4b,autonomous_depth_only,state_101,all,0.39,24,23,23,0.9583333333333334,0.9583333333333334,86,6,6,0.06976744186046512,0.06976744186046512,10,10,10,1.0,1.0
baseline,qwen3.5:4b,autonomous_depth_only,state_101,all,0.4,24,23,23,0.9583333333333334,0.9583333333333334,86,5,5,0.05813953488372093,0.05813953488372093,10,10,10,1.0,1.0
baseline,qwen3.5:4b,autonomous_depth_only,state_101,all,0.41,24,23,23,0.9583333333333334,0.9583333333333334,86,5,5,0.05813953488372093,0.05813953488372093,10,10,10,1.0,1.0
baseline,qwen3.5:4b,autonomous_depth_only,state_101,all,0.42,24,23,23,0.9583333333333334,0.9583333333333334,86,5,5,0.05813953488372093,0.05813953488372093,10,10,10,1.0,1.0
baseline,qwen3.5:4b,autonomous_depth_only,state_101,all,0.43,24,23,23,0.9583333333333334,0.9583333333333334,86,5,5,0.05813953488372093,0.05813953488372093,10,10,10,1.0,1.0
baseline,qwen3.5:4b,autonomous_depth_only,state_101,all,0.44,24,23,23,0.9583333333333334,0.9583333333333334,86,4,4,0.046511627906976744,0.046511627906976744,10,10,10,1.0,1.0
baseline,qwen3.5:4b,autonomous_depth_only,state_101,all,0.45,24,23,23,0.9583333333333334,0.9583333333333334,86,4,4,0.046511627906976744,0.046511627906976744,10,10,10,1.0,1.0
baseline,qwen3.5:4b,autonomous_depth_only,state_101,all,0.46,24,23,23,0.9583333333333334,0.9583333333333334,86,4,4,0.046511627906976744,0.046511627906976744,10,10,10,1.0,1.0
baseline,qwen3.5:4b,autonomous_depth_only,state_101,all,0.47,24,23,23,0.9583333333333334,0.9583333333333334,86,4,4,0.046511627906976744,0.046511627906976744,10,10,10,1.0,1.0
baseline,qwen3.5:4b,autonomous_depth_only,state_101,all,0.48,24,23,23,0.9583333333333334,0.9583333333333334,86,3,3,0.03488372093023256,0.03488372093023256,10,10,10,1.0,1.0
baseline,qwen3.5:4b,autonomous_depth_only,state_101,all,0.49,24,23,23,0.9583333333333334,0.9583333333333334,86,3,3,0.03488372093023256,0.03488372093023256,10,10,10,1.0,1.0
baseline,qwen3.5:4b,autonomous_depth_only,state_101,all,0.5,24,23,23,0.9583333333333334,0.9583333333333334,86,3,3,0.03488372093023256,0.03488372093023256,10,10,10,1.0,1.0
baseline,qwen3.5:4b,autonomous_depth_only,state_101,all,0.51,24,23,23,0.9583333333333334,0.9583333333333334,86,3,3,0.03488372093023256,0.03488372093023256,10,10,10,1.0,1.0
baseline,qwen3.5:4b,autonomous_depth_only,state_101,all,0.52,24,23,23,0.9583333333333334,0.9583333333333334,86,3,3,0.03488372093023256,0.03488372093023256,10,10,10,1.0,1.0
baseline,qwen3.5:4b,autonomous_depth_only,state_101,all,0.53,24,23,23,0.9583333333333334,0.9583333333333334,86,3,3,0.03488372093023256,0.03488372093023256,10,10,10,1.0,1.0
baseline,qwen3.5:4b,autonomous_depth_only,state_101,all,0.54,24,23,23,0.9583333333333334,0.9583333333333334,86,3,3,0.03488372093023256,0.03488372093023256,10,10,10,1.0,1.0
baseline,qwen3.5:4b,autonomous_depth_only,state_101,all,0.55,24,23,23,0.9583333333333334,0.9583333333333334,86,2,2,0.023255813953488372,0.023255813953488372,10,10,10,1.0,1.0
baseline,qwen3.5:4b,autonomous_depth_only,state_101,all,0.56,24,23,23,0.9583333333333334,0.9583333333333334,86,2,2,0.023255813953488372,0.023255813953488372,10,10,10,1.0,1.0
baseline,qwen3.5:4b,autonomous_depth_only,state_101,all,0.57,24,23,23,0.9583333333333334,0.9583333333333334,86,2,2,0.023255813953488372,0.023255813953488372,10,10,10,1.0,1.0
baseline,qwen3.5:4b,autonomous_depth_only,state_101,all,0.58,24,23,23,0.9583333333333334,0.9583333333333334,86,1,1,0.011627906976744186,0.011627906976744186,10,10,10,1.0,1.0
baseline,qwen3.5:4b,autonomous_depth_only,state_101,all,0.59,24,23,23,0.9583333333333334,0.9583333333333334,86,1,1,0.011627906976744186,0.011627906976744186,10,10,10,1.0,1.0
baseline,qwen3.5:4b,autonomous_depth_only,state_101,all,0.6,24,23,23,0.9583333333333334,0.9583333333333334,86,1,1,0.011627906976744186,0.011627906976744186,10,10,10,1.0,1.0
baseline,qwen3.5:4b,autonomous_depth_only,state_101,all,0.61,24,22,22,0.9166666666666666,0.9166666666666666,86,1,1,0.011627906976744186,0.011627906976744186,10,9,9,0.9,0.9
baseline,qwen3.5:4b,autonomous_depth_only,state_101,all,0.62,24,22,22,0.9166666666666666,0.9166666666666666,86,1,1,0.011627906976744186,0.011627906976744186,10,9,9,0.9,0.9
baseline,qwen3.5:4b,autonomous_depth_only,state_101,all,0.63,24,21,21,0.875,0.875,86,1,1,0.011627906976744186,0.011627906976744186,10,8,8,0.8,0.8
baseline,qwen3.5:4b,autonomous_depth_only,state_101,all,0.64,24,19,19,0.7916666666666666,0.7916666666666666,86,1,1,0.011627906976744186,0.011627906976744186,10,8,8,0.8,0.8
baseline,qwen3.5:4b,autonomous_depth_only,state_101,all,0.65,24,18,18,0.75,0.75,86,1,1,0.011627906976744186,0.011627906976744186,10,8,8,0.8,0.8
baseline,qwen3.5:4b,autonomous_depth_only,state_101,all,0.66,24,16,16,0.6666666666666666,0.6666666666666666,86,1,1,0.011627906976744186,0.011627906976744186,10,6,6,0.6,0.6
baseline,qwen3.5:4b,autonomous_depth_only,state_101,all,0.67,24,16,16,0.6666666666666666,0.6666666666666666,86,1,1,0.011627906976744186,0.011627906976744186,10,6,6,0.6,0.6
baseline,qwen3.5:4b,autonomous_depth_only,state_101,all,0.68,24,16,16,0.6666666666666666,0.6666666666666666,86,1,1,0.011627906976744186,0.011627906976744186,10,6,6,0.6,0.6
baseline,qwen3.5:4b,autonomous_depth_only,state_101,all,0.69,24,15,15,0.625,0.625,86,1,1,0.011627906976744186,0.011627906976744186,10,6,6,0.6,0.6
baseline,qwen3.5:4b,autonomous_depth_only,state_101,all,0.7,24,14,14,0.5833333333333334,0.5833333333333334,86,1,1,0.011627906976744186,0.011627906976744186,10,6,6,0.6,0.6
baseline,qwen3.5:4b,autonomous_depth_only,state_101,all,0.71,24,13,13,0.5416666666666666,0.5416666666666666,86,1,1,0.011627906976744186,0.011627906976744186,10,6,6,0.6,0.6
baseline,qwen3.5:4b,autonomous_depth_only,state_101,all,0.72,24,13,13,0.5416666666666666,0.5416666666666666,86,1,1,0.011627906976744186,0.011627906976744186,10,6,6,0.6,0.6
baseline,qwen3.5:4b,autonomous_depth_only,state_101,all,0.73,24,10,10,0.4166666666666667,0.4166666666666667,86,1,1,0.011627906976744186,0.011627906976744186,10,5,5,0.5,0.5
baseline,qwen3.5:4b,autonomous_depth_only,state_101,all,0.74,24,9,9,0.375,0.375,86,0,0,0.0,0.0,10,5,5,0.5,0.5
baseline,qwen3.5:4b,autonomous_depth_only,state_101,all,0.75,24,9,9,0.375,0.375,86,0,0,0.0,0.0,10,5,5,0.5,0.5
baseline,qwen3.5:4b,autonomous_depth_only,state_101,all,0.76,24,8,8,0.3333333333333333,0.3333333333333333,86,0,0,0.0,0.0,10,4,4,0.4,0.4
baseline,qwen3.5:4b,autonomous_depth_only,state_101,all,0.77,24,8,8,0.3333333333333333,0.3333333333333333,86,0,0,0.0,0.0,10,4,4,0.4,0.4
baseline,qwen3.5:4b,autonomous_depth_only,state_101,all,0.78,24,8,8,0.3333333333333333,0.3333333333333333,86,0,0,0.0,0.0,10,4,4,0.4,0.4
baseline,qwen3.5:4b,autonomous_depth_only,state_101,all,0.79,24,5,5,0.20833333333333334,0.20833333333333334,86,0,0,0.0,0.0,10,2,2,0.2,0.2
baseline,qwen3.5:4b,autonomous_depth_only,state_101,all,0.8,24,5,5,0.20833333333333334,0.20833333333333334,86,0,0,0.0,0.0,10,2,2,0.2,0.2
baseline,qwen3.5:4b,autonomous_depth_only,state_101,all,0.81,24,5,5,0.20833333333333334,0.20833333333333334,86,0,0,0.0,0.0,10,2,2,0.2,0.2
baseline,qwen3.5:4b,autonomous_depth_only,state_101,all,0.82,24,5,5,0.20833333333333334,0.20833333333333334,86,0,0,0.0,0.0,10,2,2,0.2,0.2
baseline,qwen3.5:4b,autonomous_depth_only,state_101,all,0.83,24,3,3,0.125,0.125,86,0,0,0.0,0.0,10,1,1,0.1,0.1
baseline,qwen3.5:4b,autonomous_depth_only,state_101,all,0.84,24,3,3,0.125,0.125,86,0,0,0.0,0.0,10,1,1,0.1,0.1
baseline,qwen3.5:4b,autonomous_depth_only,state_101,all,0.85,24,2,2,0.08333333333333333,0.08333333333333333,86,0,0,0.0,0.0,10,1,1,0.1,0.1
baseline,qwen3.5:4b,autonomous_depth_only,state_101,all,0.86,24,1,1,0.041666666666666664,0.041666666666666664,86,0,0,0.0,0.0,10,0,0,0.0,0.0
baseline,qwen3.5:4b,autonomous_depth_only,state_101,all,0.87,24,0,0,0.0,0.0,86,0,0,0.0,0.0,10,0,0,0.0,0.0
baseline,qwen3.5:4b,autonomous_depth_only,state_101,all,0.88,24,0,0,0.0,0.0,86,0,0,0.0,0.0,10,0,0,0.0,0.0
baseline,qwen3.5:4b,autonomous_depth_only,state_101,all,0.89,24,0,0,0.0,0.0,86,0,0,0.0,0.0,10,0,0,0.0,0.0
baseline,qwen3.5:4b,autonomous_depth_only,state_101,all,0.9,24,0,0,0.0,0.0,86,0,0,0.0,0.0,10,0,0,0.0,0.0
baseline,qwen3.5:4b,autonomous_depth_only,state_101,all,0.91,24,0,0,0.0,0.0,86,0,0,0.0,0.0,10,0,0,0.0,0.0
baseline,qwen3.5:4b,autonomous_depth_only,state_101,all,0.92,24,0,0,0.0,0.0,86,0,0,0.0,0.0,10,0,0,0.0,0.0
baseline,qwen3.5:4b,autonomous_depth_only,state_101,all,0.93,24,0,0,0.0,0.0,86,0,0,0.0,0.0,10,0,0,0.0,0.0
baseline,qwen3.5:4b,autonomous_depth_only,state_101,all,0.94,24,0,0,0.0,0.0,86,0,0,0.0,0.0,10,0,0,0.0,0.0
baseline,qwen3.5:4b,autonomous_depth_only,state_101,all,0.95,24,0,0,0.0,0.0,86,0,0,0.0,0.0,10,0,0,0.0,0.0
baseline,qwen3.5:4b,autonomous_depth_only,state_101,all,0.96,24,0,0,0.0,0.0,86,0,0,0.0,0.0,10,0,0,0.0,0.0
baseline,qwen3.5:4b,autonomous_depth_only,state_101,all,0.97,24,0,0,0.0,0.0,86,0,0,0.0,0.0,10,0,0,0.0,0.0
baseline,qwen3.5:4b,autonomous_depth_only,state_101,all,0.98,24,0,0,0.0,0.0,86,0,0,0.0,0.0,10,0,0,0.0,0.0
baseline,qwen3.5:4b,autonomous_depth_only,state_101,all,0.99,24,0,0,0.0,0.0,86,0,0,0.0,0.0,10,0,0,0.0,0.0
baseline,qwen3.5:4b,autonomous_depth_only,state_101,all,0.995,24,0,0,0.0,0.0,86,0,0,0.0,0.0,10,0,0,0.0,0.0
baseline,qwen3.5:4b,autonomous_depth_only,state_101,all,0.999,24,0,0,0.0,0.0,86,0,0,0.0,0.0,10,0,0,0.0,0.0
baseline,qwen3.5:4b,autonomous_depth_only,state_101,all,0.9999,24,0,0,0.0,0.0,86,0,0,0.0,0.0,10,0,0,0.0,0.0
baseline,qwen3.5:4b,autonomous_depth_only,state_101,all,0.99999,24,0,0,0.0,0.0,86,0,0,0.0,0.0,10,0,0,0.0,0.0
baseline,qwen3.5:4b,autonomous_depth_only,state_101,all,0.999999,24,0,0,0.0,0.0,86,0,0,0.0,0.0,10,0,0,0.0,0.0
baseline,qwen3.5:4b,autonomous_depth_only,state_101,all,1.0,24,0,0,0.0,0.0,86,0,0,0.0,0.0,10,0,0,0.0,0.0
baseline,qwen3.5:4b,autonomous_depth_only,state_202,all,0.0,25,25,25,1.0,1.0,96,96,96,1.0,1.0,11,11,11,1.0,1.0
baseline,qwen3.5:4b,autonomous_depth_only,state_202,all,0.01,25,25,25,1.0,1.0,96,96,96,1.0,1.0,11,11,11,1.0,1.0
baseline,qwen3.5:4b,autonomous_depth_only,state_202,all,0.02,25,25,25,1.0,1.0,96,94,94,0.9791666666666666,0.9791666666666666,11,11,11,1.0,1.0
baseline,qwen3.5:4b,autonomous_depth_only,state_202,all,0.03,25,25,25,1.0,1.0,96,91,91,0.9479166666666666,0.9479166666666666,11,11,11,1.0,1.0
baseline,qwen3.5:4b,autonomous_depth_only,state_202,all,0.04,25,25,25,1.0,1.0,96,88,88,0.9166666666666666,0.9166666666666666,11,11,11,1.0,1.0
baseline,qwen3.5:4b,autonomous_depth_only,state_202,all,0.05,25,25,25,1.0,1.0,96,84,84,0.875,0.875,11,11,11,1.0,1.0
baseline,qwen3.5:4b,autonomous_depth_only,state_202,all,0.06,25,25,25,1.0,1.0,96,81,81,0.84375,0.84375,11,11,11,1.0,1.0
baseline,qwen3.5:4b,autonomous_depth_only,state_202,all,0.07,25,25,25,1.0,1.0,96,74,74,0.7708333333333334,0.7708333333333334,11,11,11,1.0,1.0
baseline,qwen3.5:4b,autonomous_depth_only,state_202,all,0.08,25,25,25,1.0,1.0,96,66,66,0.6875,0.6875,11,11,11,1.0,1.0
baseline,qwen3.5:4b,autonomous_depth_only,state_202,all,0.09,25,25,25,1.0,1.0,96,59,59,0.6145833333333334,0.6145833333333334,11,11,11,1.0,1.0
baseline,qwen3.5:4b,autonomous_depth_only,state_202,all,0.1,25,25,25,1.0,1.0,96,57,57,0.59375,0.59375,11,11,11,1.0,1.0
baseline,qwen3.5:4b,autonomous_depth_only,state_202,all,0.11,25,25,25,1.0,1.0,96,53,53,0.5520833333333334,0.5520833333333334,11,11,11,1.0,1.0
baseline,qwen3.5:4b,autonomous_depth_only,state_202,all,0.12,25,25,25,1.0,1.0,96,51,51,0.53125,0.53125,11,11,11,1.0,1.0
baseline,qwen3.5:4b,autonomous_depth_only,state_202,all,0.13,25,25,25,1.0,1.0,96,49,49,0.5104166666666666,0.5104166666666666,11,11,11,1.0,1.0
baseline,qwen3.5:4b,autonomous_depth_only,state_202,all,0.14,25,25,25,1.0,1.0,96,47,47,0.4895833333333333,0.4895833333333333,11,11,11,1.0,1.0
baseline,qwen3.5:4b,autonomous_depth_only,state_202,all,0.15,25,25,25,1.0,1.0,96,43,43,0.4479166666666667,0.4479166666666667,11,11,11,1.0,1.0
baseline,qwen3.5:4b,autonomous_depth_only,state_202,all,0.16,25,25,25,1.0,1.0,96,38,38,0.3958333333333333,0.3958333333333333,11,11,11,1.0,1.0
baseline,qwen3.5:4b,autonomous_depth_only,state_202,all,0.17,25,25,25,1.0,1.0,96,35,35,0.3645833333333333,0.3645833333333333,11,11,11,1.0,1.0
baseline,qwen3.5:4b,autonomous_depth_only,state_202,all,0.18,25,25,25,1.0,1.0,96,32,32,0.3333333333333333,0.3333333333333333,11,11,11,1.0,1.0
baseline,qwen3.5:4b,autonomous_depth_only,state_202,all,0.19,25,25,25,1.0,1.0,96,32,32,0.3333333333333333,0.3333333333333333,11,11,11,1.0,1.0
baseline,qwen3.5:4b,autonomous_depth_only,state_202,all,0.2,25,25,25,1.0,1.0,96,28,28,0.2916666666666667,0.2916666666666667,11,11,11,1.0,1.0
baseline,qwen3.5:4b,autonomous_depth_only,state_202,all,0.21,25,25,25,1.0,1.0,96,27,27,0.28125,0.28125,11,11,11,1.0,1.0
baseline,qwen3.5:4b,autonomous_depth_only,state_202,all,0.22,25,25,25,1.0,1.0,96,26,26,0.2708333333333333,0.2708333333333333,11,11,11,1.0,1.0
baseline,qwen3.5:4b,autonomous_depth_only,state_202,all,0.23,25,25,25,1.0,1.0,96,25,25,0.2604166666666667,0.2604166666666667,11,11,11,1.0,1.0
baseline,qwen3.5:4b,autonomous_depth_only,state_202,all,0.24,25,25,25,1.0,1.0,96,23,23,0.23958333333333334,0.23958333333333334,11,11,11,1.0,1.0
baseline,qwen3.5:4b,autonomous_depth_only,state_202,all,0.25,25,25,25,1.0,1.0,96,20,20,0.20833333333333334,0.20833333333333334,11,11,11,1.0,1.0
baseline,qwen3.5:4b,autonomous_depth_only,state_202,all,0.26,25,25,25,1.0,1.0,96,17,17,0.17708333333333334,0.17708333333333334,11,11,11,1.0,1.0
baseline,qwen3.5:4b,autonomous_depth_only,state_202,all,0.27,25,25,25,1.0,1.0,96,16,16,0.16666666666666666,0.16666666666666666,11,11,11,1.0,1.0
baseline,qwen3.5:4b,autonomous_depth_only,state_202,all,0.28,25,25,25,1.0,1.0,96,16,16,0.16666666666666666,0.16666666666666666,11,11,11,1.0,1.0
baseline,qwen3.5:4b,autonomous_depth_only,state_202,all,0.29,25,25,25,1.0,1.0,96,16,16,0.16666666666666666,0.16666666666666666,11,11,11,1.0,1.0
baseline,qwen3.5:4b,autonomous_depth_only,state_202,all,0.3,25,25,25,1.0,1.0,96,16,16,0.16666666666666666,0.16666666666666666,11,11,11,1.0,1.0
baseline,qwen3.5:4b,autonomous_depth_only,state_202,all,0.31,25,25,25,1.0,1.0,96,16,16,0.16666666666666666,0.16666666666666666,11,11,11,1.0,1.0
baseline,qwen3.5:4b,autonomous_depth_only,state_202,all,0.32,25,25,25,1.0,1.0,96,16,16,0.16666666666666666,0.16666666666666666,11,11,11,1.0,1.0
baseline,qwen3.5:4b,autonomous_depth_only,state_202,all,0.33,25,25,25,1.0,1.0,96,15,15,0.15625,0.15625,11,11,11,1.0,1.0
baseline,qwen3.5:4b,autonomous_depth_only,state_202,all,0.34,25,25,25,1.0,1.0,96,14,14,0.14583333333333334,0.14583333333333334,11,11,11,1.0,1.0
baseline,qwen3.5:4b,autonomous_depth_only,state_202,all,0.35,25,25,25,1.0,1.0,96,14,14,0.14583333333333334,0.14583333333333334,11,11,11,1.0,1.0
baseline,qwen3.5:4b,autonomous_depth_only,state_202,all,0.36,25,25,25,1.0,1.0,96,12,12,0.125,0.125,11,11,11,1.0,1.0
baseline,qwen3.5:4b,autonomous_depth_only,state_202,all,0.37,25,25,25,1.0,1.0,96,10,10,0.10416666666666667,0.10416666666666667,11,11,11,1.0,1.0
baseline,qwen3.5:4b,autonomous_depth_only,state_202,all,0.38,25,25,25,1.0,1.0,96,10,10,0.10416666666666667,0.10416666666666667,11,11,11,1.0,1.0
baseline,qwen3.5:4b,autonomous_depth_only,state_202,all,0.39,25,25,25,1.0,1.0,96,9,9,0.09375,0.09375,11,11,11,1.0,1.0
baseline,qwen3.5:4b,autonomous_depth_only,state_202,all,0.4,25,25,25,1.0,1.0,96,8,8,0.08333333333333333,0.08333333333333333,11,11,11,1.0,1.0
baseline,qwen3.5:4b,autonomous_depth_only,state_202,all,0.41,25,25,25,1.0,1.0,96,8,8,0.08333333333333333,0.08333333333333333,11,11,11,1.0,1.0
baseline,qwen3.5:4b,autonomous_depth_only,state_202,all,0.42,25,25,25,1.0,1.0,96,8,8,0.08333333333333333,0.08333333333333333,11,11,11,1.0,1.0
baseline,qwen3.5:4b,autonomous_depth_only,state_202,all,0.43,25,25,25,1.0,1.0,96,8,8,0.08333333333333333,0.08333333333333333,11,11,11,1.0,1.0
baseline,qwen3.5:4b,autonomous_depth_only,state_202,all,0.44,25,25,25,1.0,1.0,96,8,8,0.08333333333333333,0.08333333333333333,11,11,11,1.0,1.0
baseline,qwen3.5:4b,autonomous_depth_only,state_202,all,0.45,25,25,25,1.0,1.0,96,8,8,0.08333333333333333,0.08333333333333333,11,11,11,1.0,1.0
baseline,qwen3.5:4b,autonomous_depth_only,state_202,all,0.46,25,25,25,1.0,1.0,96,8,8,0.08333333333333333,0.08333333333333333,11,11,11,1.0,1.0
baseline,qwen3.5:4b,autonomous_depth_only,state_202,all,0.47,25,25,25,1.0,1.0,96,7,7,0.07291666666666667,0.07291666666666667,11,11,11,1.0,1.0
baseline,qwen3.5:4b,autonomous_depth_only,state_202,all,0.48,25,25,25,1.0,1.0,96,7,7,0.07291666666666667,0.07291666666666667,11,11,11,1.0,1.0
baseline,qwen3.5:4b,autonomous_depth_only,state_202,all,0.49,25,25,25,1.0,1.0,96,7,7,0.07291666666666667,0.07291666666666667,11,11,11,1.0,1.0
baseline,qwen3.5:4b,autonomous_depth_only,state_202,all,0.5,25,25,25,1.0,1.0,96,7,7,0.07291666666666667,0.07291666666666667,11,11,11,1.0,1.0
baseline,qwen3.5:4b,autonomous_depth_only,state_202,all,0.51,25,25,25,1.0,1.0,96,7,7,0.07291666666666667,0.07291666666666667,11,11,11,1.0,1.0
baseline,qwen3.5:4b,autonomous_depth_only,state_202,all,0.52,25,25,25,1.0,1.0,96,7,7,0.07291666666666667,0.07291666666666667,11,11,11,1.0,1.0
baseline,qwen3.5:4b,autonomous_depth_only,state_202,all,0.53,25,25,25,1.0,1.0,96,7,7,0.07291666666666667,0.07291666666666667,11,11,11,1.0,1.0
baseline,qwen3.5:4b,autonomous_depth_only,state_202,all,0.54,25,25,25,1.0,1.0,96,7,7,0.07291666666666667,0.07291666666666667,11,11,11,1.0,1.0
baseline,qwen3.5:4b,autonomous_depth_only,state_202,all,0.55,25,25,25,1.0,1.0,96,7,7,0.07291666666666667,0.07291666666666667,11,11,11,1.0,1.0
baseline,qwen3.5:4b,autonomous_depth_only,state_202,all,0.56,25,25,25,1.0,1.0,96,7,7,0.07291666666666667,0.07291666666666667,11,11,11,1.0,1.0
baseline,qwen3.5:4b,autonomous_depth_only,state_202,all,0.57,25,25,25,1.0,1.0,96,6,6,0.0625,0.0625,11,11,11,1.0,1.0
baseline,qwen3.5:4b,autonomous_depth_only,state_202,all,0.58,25,25,25,1.0,1.0,96,6,6,0.0625,0.0625,11,11,11,1.0,1.0
baseline,qwen3.5:4b,autonomous_depth_only,state_202,all,0.59,25,25,25,1.0,1.0,96,6,6,0.0625,0.0625,11,11,11,1.0,1.0
baseline,qwen3.5:4b,autonomous_depth_only,state_202,all,0.6,25,24,24,0.96,0.96,96,6,6,0.0625,0.0625,11,10,10,0.9090909090909091,0.9090909090909091
baseline,qwen3.5:4b,autonomous_depth_only,state_202,all,0.61,25,24,24,0.96,0.96,96,6,6,0.0625,0.0625,11,10,10,0.9090909090909091,0.9090909090909091
baseline,qwen3.5:4b,autonomous_depth_only,state_202,all,0.62,25,24,24,0.96,0.96,96,5,5,0.052083333333333336,0.052083333333333336,11,10,10,0.9090909090909091,0.9090909090909091
baseline,qwen3.5:4b,autonomous_depth_only,state_202,all,0.63,25,24,24,0.96,0.96,96,5,5,0.052083333333333336,0.052083333333333336,11,10,10,0.9090909090909091,0.9090909090909091
baseline,qwen3.5:4b,autonomous_depth_only,state_202,all,0.64,25,24,24,0.96,0.96,96,5,5,0.052083333333333336,0.052083333333333336,11,10,10,0.9090909090909091,0.9090909090909091
baseline,qwen3.5:4b,autonomous_depth_only,state_202,all,0.65,25,24,24,0.96,0.96,96,4,4,0.041666666666666664,0.041666666666666664,11,10,10,0.9090909090909091,0.9090909090909091
baseline,qwen3.5:4b,autonomous_depth_only,state_202,all,0.66,25,24,24,0.96,0.96,96,3,3,0.03125,0.03125,11,10,10,0.9090909090909091,0.9090909090909091
baseline,qwen3.5:4b,autonomous_depth_only,state_202,all,0.67,25,22,22,0.88,0.88,96,2,2,0.020833333333333332,0.020833333333333332,11,10,10,0.9090909090909091,0.9090909090909091
baseline,qwen3.5:4b,autonomous_depth_only,state_202,all,0.68,25,20,20,0.8,0.8,96,1,1,0.010416666666666666,0.010416666666666666,11,9,9,0.8181818181818182,0.8181818181818182
baseline,qwen3.5:4b,autonomous_depth_only,state_202,all,0.69,25,19,19,0.76,0.76,96,1,1,0.010416666666666666,0.010416666666666666,11,9,9,0.8181818181818182,0.8181818181818182
baseline,qwen3.5:4b,autonomous_depth_only,state_202,all,0.7,25,17,17,0.68,0.68,96,1,1,0.010416666666666666,0.010416666666666666,11,8,8,0.7272727272727273,0.7272727272727273
baseline,qwen3.5:4b,autonomous_depth_only,state_202,all,0.71,25,17,17,0.68,0.68,96,1,1,0.010416666666666666,0.010416666666666666,11,8,8,0.7272727272727273,0.7272727272727273
baseline,qwen3.5:4b,autonomous_depth_only,state_202,all,0.72,25,16,16,0.64,0.64,96,1,1,0.010416666666666666,0.010416666666666666,11,8,8,0.7272727272727273,0.7272727272727273
baseline,qwen3.5:4b,autonomous_depth_only,state_202,all,0.73,25,16,16,0.64,0.64,96,1,1,0.010416666666666666,0.010416666666666666,11,8,8,0.7272727272727273,0.7272727272727273
baseline,qwen3.5:4b,autonomous_depth_only,state_202,all,0.74,25,14,14,0.56,0.56,96,1,1,0.010416666666666666,0.010416666666666666,11,6,6,0.5454545454545454,0.5454545454545454
baseline,qwen3.5:4b,autonomous_depth_only,state_202,all,0.75,25,14,14,0.56,0.56,96,1,1,0.010416666666666666,0.010416666666666666,11,6,6,0.5454545454545454,0.5454545454545454
baseline,qwen3.5:4b,autonomous_depth_only,state_202,all,0.76,25,13,13,0.52,0.52,96,1,1,0.010416666666666666,0.010416666666666666,11,6,6,0.5454545454545454,0.5454545454545454
baseline,qwen3.5:4b,autonomous_depth_only,state_202,all,0.77,25,12,12,0.48,0.48,96,1,1,0.010416666666666666,0.010416666666666666,11,5,5,0.45454545454545453,0.45454545454545453
baseline,qwen3.5:4b,autonomous_depth_only,state_202,all,0.78,25,11,11,0.44,0.44,96,1,1,0.010416666666666666,0.010416666666666666,11,4,4,0.36363636363636365,0.36363636363636365
baseline,qwen3.5:4b,autonomous_depth_only,state_202,all,0.79,25,10,10,0.4,0.4,96,1,1,0.010416666666666666,0.010416666666666666,11,4,4,0.36363636363636365,0.36363636363636365
baseline,qwen3.5:4b,autonomous_depth_only,state_202,all,0.8,25,9,9,0.36,0.36,96,1,1,0.010416666666666666,0.010416666666666666,11,4,4,0.36363636363636365,0.36363636363636365
baseline,qwen3.5:4b,autonomous_depth_only,state_202,all,0.81,25,3,3,0.12,0.12,96,1,1,0.010416666666666666,0.010416666666666666,11,2,2,0.18181818181818182,0.18181818181818182
baseline,qwen3.5:4b,autonomous_depth_only,state_202,all,0.82,25,3,3,0.12,0.12,96,1,1,0.010416666666666666,0.010416666666666666,11,2,2,0.18181818181818182,0.18181818181818182
baseline,qwen3.5:4b,autonomous_depth_only,state_202,all,0.83,25,1,1,0.04,0.04,96,0,0,0.0,0.0,11,1,1,0.09090909090909091,0.09090909090909091
baseline,qwen3.5:4b,autonomous_depth_only,state_202,all,0.84,25,1,1,0.04,0.04,96,0,0,0.0,0.0,11,1,1,0.09090909090909091,0.09090909090909091
baseline,qwen3.5:4b,autonomous_depth_only,state_202,all,0.85,25,1,1,0.04,0.04,96,0,0,0.0,0.0,11,1,1,0.09090909090909091,0.09090909090909091
baseline,qwen3.5:4b,autonomous_depth_only,state_202,all,0.86,25,1,1,0.04,0.04,96,0,0,0.0,0.0,11,1,1,0.09090909090909091,0.09090909090909091
baseline,qwen3.5:4b,autonomous_depth_only,state_202,all,0.87,25,1,1,0.04,0.04,96,0,0,0.0,0.0,11,1,1,0.09090909090909091,0.09090909090909091
baseline,qwen3.5:4b,autonomous_depth_only,state_202,all,0.88,25,1,1,0.04,0.04,96,0,0,0.0,0.0,11,1,1,0.09090909090909091,0.09090909090909091
baseline,qwen3.5:4b,autonomous_depth_only,state_202,all,0.89,25,0,0,0.0,0.0,96,0,0,0.0,0.0,11,0,0,0.0,0.0
baseline,qwen3.5:4b,autonomous_depth_only,state_202,all,0.9,25,0,0,0.0,0.0,96,0,0,0.0,0.0,11,0,0,0.0,0.0
baseline,qwen3.5:4b,autonomous_depth_only,state_202,all,0.91,25,0,0,0.0,0.0,96,0,0,0.0,0.0,11,0,0,0.0,0.0
baseline,qwen3.5:4b,autonomous_depth_only,state_202,all,0.92,25,0,0,0.0,0.0,96,0,0,0.0,0.0,11,0,0,0.0,0.0
baseline,qwen3.5:4b,autonomous_depth_only,state_202,all,0.93,25,0,0,0.0,0.0,96,0,0,0.0,0.0,11,0,0,0.0,0.0
baseline,qwen3.5:4b,autonomous_depth_only,state_202,all,0.94,25,0,0,0.0,0.0,96,0,0,0.0,0.0,11,0,0,0.0,0.0
baseline,qwen3.5:4b,autonomous_depth_only,state_202,all,0.95,25,0,0,0.0,0.0,96,0,0,0.0,0.0,11,0,0,0.0,0.0
baseline,qwen3.5:4b,autonomous_depth_only,state_202,all,0.96,25,0,0,0.0,0.0,96,0,0,0.0,0.0,11,0,0,0.0,0.0
baseline,qwen3.5:4b,autonomous_depth_only,state_202,all,0.97,25,0,0,0.0,0.0,96,0,0,0.0,0.0,11,0,0,0.0,0.0
baseline,qwen3.5:4b,autonomous_depth_only,state_202,all,0.98,25,0,0,0.0,0.0,96,0,0,0.0,0.0,11,0,0,0.0,0.0
baseline,qwen3.5:4b,autonomous_depth_only,state_202,all,0.99,25,0,0,0.0,0.0,96,0,0,0.0,0.0,11,0,0,0.0,0.0
baseline,qwen3.5:4b,autonomous_depth_only,state_202,all,0.995,25,0,0,0.0,0.0,96,0,0,0.0,0.0,11,0,0,0.0,0.0
baseline,qwen3.5:4b,autonomous_depth_only,state_202,all,0.999,25,0,0,0.0,0.0,96,0,0,0.0,0.0,11,0,0,0.0,0.0
baseline,qwen3.5:4b,autonomous_depth_only,state_202,all,0.9999,25,0,0,0.0,0.0,96,0,0,0.0,0.0,11,0,0,0.0,0.0
baseline,qwen3.5:4b,autonomous_depth_only,state_202,all,0.99999,25,0,0,0.0,0.0,96,0,0,0.0,0.0,11,0,0,0.0,0.0
baseline,qwen3.5:4b,autonomous_depth_only,state_202,all,0.999999,25,0,0,0.0,0.0,96,0,0,0.0,0.0,11,0,0,0.0,0.0
baseline,qwen3.5:4b,autonomous_depth_only,state_202,all,1.0,25,0,0,0.0,0.0,96,0,0,0.0,0.0,11,0,0,0.0,0.0
baseline,qwen3.5:4b,autonomous_depth_only,state_303,all,0.0,24,24,24,1.0,1.0,86,86,86,1.0,1.0,10,10,10,1.0,1.0
baseline,qwen3.5:4b,autonomous_depth_only,state_303,all,0.01,24,24,24,1.0,1.0,86,86,86,1.0,1.0,10,10,10,1.0,1.0
baseline,qwen3.5:4b,autonomous_depth_only,state_303,all,0.02,24,24,24,1.0,1.0,86,86,86,1.0,1.0,10,10,10,1.0,1.0
baseline,qwen3.5:4b,autonomous_depth_only,state_303,all,0.03,24,24,24,1.0,1.0,86,84,84,0.9767441860465116,0.9767441860465116,10,10,10,1.0,1.0
baseline,qwen3.5:4b,autonomous_depth_only,state_303,all,0.04,24,24,24,1.0,1.0,86,79,79,0.9186046511627907,0.9186046511627907,10,10,10,1.0,1.0
baseline,qwen3.5:4b,autonomous_depth_only,state_303,all,0.05,24,24,24,1.0,1.0,86,70,70,0.813953488372093,0.813953488372093,10,10,10,1.0,1.0
baseline,qwen3.5:4b,autonomous_depth_only,state_303,all,0.06,24,24,24,1.0,1.0,86,64,64,0.7441860465116279,0.7441860465116279,10,10,10,1.0,1.0
baseline,qwen3.5:4b,autonomous_depth_only,state_303,all,0.07,24,24,24,1.0,1.0,86,61,61,0.7093023255813954,0.7093023255813954,10,10,10,1.0,1.0
baseline,qwen3.5:4b,autonomous_depth_only,state_303,all,0.08,24,24,24,1.0,1.0,86,58,58,0.6744186046511628,0.6744186046511628,10,10,10,1.0,1.0
baseline,qwen3.5:4b,autonomous_depth_only,state_303,all,0.09,24,24,24,1.0,1.0,86,55,55,0.6395348837209303,0.6395348837209303,10,10,10,1.0,1.0
baseline,qwen3.5:4b,autonomous_depth_only,state_303,all,0.1,24,24,24,1.0,1.0,86,51,51,0.5930232558139535,0.5930232558139535,10,10,10,1.0,1.0
baseline,qwen3.5:4b,autonomous_depth_only,state_303,all,0.11,24,24,24,1.0,1.0,86,46,46,0.5348837209302325,0.5348837209302325,10,10,10,1.0,1.0
baseline,qwen3.5:4b,autonomous_depth_only,state_303,all,0.12,24,24,24,1.0,1.0,86,44,44,0.5116279069767442,0.5116279069767442,10,10,10,1.0,1.0
baseline,qwen3.5:4b,autonomous_depth_only,state_303,all,0.13,24,24,24,1.0,1.0,86,42,42,0.4883720930232558,0.4883720930232558,10,10,10,1.0,1.0
baseline,qwen3.5:4b,autonomous_depth_only,state_303,all,0.14,24,24,24,1.0,1.0,86,39,39,0.45348837209302323,0.45348837209302323,10,10,10,1.0,1.0
baseline,qwen3.5:4b,autonomous_depth_only,state_303,all,0.15,24,24,24,1.0,1.0,86,38,38,0.4418604651162791,0.4418604651162791,10,10,10,1.0,1.0
baseline,qwen3.5:4b,autonomous_depth_only,state_303,all,0.16,24,24,24,1.0,1.0,86,37,37,0.43023255813953487,0.43023255813953487,10,10,10,1.0,1.0
baseline,qwen3.5:4b,autonomous_depth_only,state_303,all,0.17,24,24,24,1.0,1.0,86,34,34,0.3953488372093023,0.3953488372093023,10,10,10,1.0,1.0
baseline,qwen3.5:4b,autonomous_depth_only,state_303,all,0.18,24,24,24,1.0,1.0,86,32,32,0.37209302325581395,0.37209302325581395,10,10,10,1.0,1.0
baseline,qwen3.5:4b,autonomous_depth_only,state_303,all,0.19,24,24,24,1.0,1.0,86,27,27,0.313953488372093,0.313953488372093,10,10,10,1.0,1.0
baseline,qwen3.5:4b,autonomous_depth_only,state_303,all,0.2,24,24,24,1.0,1.0,86,26,26,0.3023255813953488,0.3023255813953488,10,10,10,1.0,1.0
baseline,qwen3.5:4b,autonomous_depth_only,state_303,all,0.21,24,24,24,1.0,1.0,86,25,25,0.29069767441860467,0.29069767441860467,10,10,10,1.0,1.0
baseline,qwen3.5:4b,autonomous_depth_only,state_303,all,0.22,24,24,24,1.0,1.0,86,23,23,0.26744186046511625,0.26744186046511625,10,10,10,1.0,1.0
baseline,qwen3.5:4b,autonomous_depth_only,state_303,all,0.23,24,24,24,1.0,1.0,86,22,22,0.2558139534883721,0.2558139534883721,10,10,10,1.0,1.0
baseline,qwen3.5:4b,autonomous_depth_only,state_303,all,0.24,24,24,24,1.0,1.0,86,22,22,0.2558139534883721,0.2558139534883721,10,10,10,1.0,1.0
baseline,qwen3.5:4b,autonomous_depth_only,state_303,all,0.25,24,24,24,1.0,1.0,86,21,21,0.2441860465116279,0.2441860465116279,10,10,10,1.0,1.0
baseline,qwen3.5:4b,autonomous_depth_only,state_303,all,0.26,24,24,24,1.0,1.0,86,19,19,0.22093023255813954,0.22093023255813954,10,10,10,1.0,1.0
baseline,qwen3.5:4b,autonomous_depth_only,state_303,all,0.27,24,24,24,1.0,1.0,86,18,18,0.20930232558139536,0.20930232558139536,10,10,10,1.0,1.0
baseline,qwen3.5:4b,autonomous_depth_only,state_303,all,0.28,24,24,24,1.0,1.0,86,18,18,0.20930232558139536,0.20930232558139536,10,10,10,1.0,1.0
baseline,qwen3.5:4b,autonomous_depth_only,state_303,all,0.29,24,24,24,1.0,1.0,86,17,17,0.19767441860465115,0.19767441860465115,10,10,10,1.0,1.0
baseline,qwen3.5:4b,autonomous_depth_only,state_303,all,0.3,24,24,24,1.0,1.0,86,16,16,0.18604651162790697,0.18604651162790697,10,10,10,1.0,1.0
baseline,qwen3.5:4b,autonomous_depth_only,state_303,all,0.31,24,24,24,1.0,1.0,86,16,16,0.18604651162790697,0.18604651162790697,10,10,10,1.0,1.0
baseline,qwen3.5:4b,autonomous_depth_only,state_303,all,0.32,24,24,24,1.0,1.0,86,15,15,0.1744186046511628,0.1744186046511628,10,10,10,1.0,1.0
baseline,qwen3.5:4b,autonomous_depth_only,state_303,all,0.33,24,24,24,1.0,1.0,86,15,15,0.1744186046511628,0.1744186046511628,10,10,10,1.0,1.0
baseline,qwen3.5:4b,autonomous_depth_only,state_303,all,0.34,24,24,24,1.0,1.0,86,13,13,0.1511627906976744,0.1511627906976744,10,10,10,1.0,1.0
baseline,qwen3.5:4b,autonomous_depth_only,state_303,all,0.35,24,24,24,1.0,1.0,86,12,12,0.13953488372093023,0.13953488372093023,10,10,10,1.0,1.0
baseline,qwen3.5:4b,autonomous_depth_only,state_303,all,0.36,24,24,24,1.0,1.0,86,12,12,0.13953488372093023,0.13953488372093023,10,10,10,1.0,1.0
baseline,qwen3.5:4b,autonomous_depth_only,state_303,all,0.37,24,24,24,1.0,1.0,86,12,12,0.13953488372093023,0.13953488372093023,10,10,10,1.0,1.0
baseline,qwen3.5:4b,autonomous_depth_only,state_303,all,0.38,24,23,23,0.9583333333333334,0.9583333333333334,86,12,12,0.13953488372093023,0.13953488372093023,10,9,9,0.9,0.9
baseline,qwen3.5:4b,autonomous_depth_only,state_303,all,0.39,24,22,22,0.9166666666666666,0.9166666666666666,86,12,12,0.13953488372093023,0.13953488372093023,10,9,9,0.9,0.9
baseline,qwen3.5:4b,autonomous_depth_only,state_303,all,0.4,24,21,21,0.875,0.875,86,11,11,0.12790697674418605,0.12790697674418605,10,8,8,0.8,0.8
baseline,qwen3.5:4b,autonomous_depth_only,state_303,all,0.41,24,21,21,0.875,0.875,86,11,11,0.12790697674418605,0.12790697674418605,10,8,8,0.8,0.8
baseline,qwen3.5:4b,autonomous_depth_only,state_303,all,0.42,24,21,21,0.875,0.875,86,11,11,0.12790697674418605,0.12790697674418605,10,8,8,0.8,0.8
baseline,qwen3.5:4b,autonomous_depth_only,state_303,all,0.43,24,21,21,0.875,0.875,86,9,9,0.10465116279069768,0.10465116279069768,10,8,8,0.8,0.8
baseline,qwen3.5:4b,autonomous_depth_only,state_303,all,0.44,24,21,21,0.875,0.875,86,8,8,0.09302325581395349,0.09302325581395349,10,8,8,0.8,0.8
baseline,qwen3.5:4b,autonomous_depth_only,state_303,all,0.45,24,21,21,0.875,0.875,86,8,8,0.09302325581395349,0.09302325581395349,10,8,8,0.8,0.8
baseline,qwen3.5:4b,autonomous_depth_only,state_303,all,0.46,24,21,21,0.875,0.875,86,7,7,0.08139534883720931,0.08139534883720931,10,8,8,0.8,0.8
baseline,qwen3.5:4b,autonomous_depth_only,state_303,all,0.47,24,21,21,0.875,0.875,86,7,7,0.08139534883720931,0.08139534883720931,10,8,8,0.8,0.8
baseline,qwen3.5:4b,autonomous_depth_only,state_303,all,0.48,24,21,21,0.875,0.875,86,6,6,0.06976744186046512,0.06976744186046512,10,8,8,0.8,0.8
baseline,qwen3.5:4b,autonomous_depth_only,state_303,all,0.49,24,21,21,0.875,0.875,86,5,5,0.05813953488372093,0.05813953488372093,10,8,8,0.8,0.8
baseline,qwen3.5:4b,autonomous_depth_only,state_303,all,0.5,24,21,21,0.875,0.875,86,5,5,0.05813953488372093,0.05813953488372093,10,8,8,0.8,0.8
baseline,qwen3.5:4b,autonomous_depth_only,state_303,all,0.51,24,21,21,0.875,0.875,86,3,3,0.03488372093023256,0.03488372093023256,10,8,8,0.8,0.8
baseline,qwen3.5:4b,autonomous_depth_only,state_303,all,0.52,24,21,21,0.875,0.875,86,3,3,0.03488372093023256,0.03488372093023256,10,8,8,0.8,0.8
baseline,qwen3.5:4b,autonomous_depth_only,state_303,all,0.53,24,21,21,0.875,0.875,86,2,2,0.023255813953488372,0.023255813953488372,10,8,8,0.8,0.8
baseline,qwen3.5:4b,autonomous_depth_only,state_303,all,0.54,24,20,20,0.8333333333333334,0.8333333333333334,86,2,2,0.023255813953488372,0.023255813953488372,10,8,8,0.8,0.8
baseline,qwen3.5:4b,autonomous_depth_only,state_303,all,0.55,24,20,20,0.8333333333333334,0.8333333333333334,86,2,2,0.023255813953488372,0.023255813953488372,10,8,8,0.8,0.8
baseline,qwen3.5:4b,autonomous_depth_only,state_303,all,0.56,24,20,20,0.8333333333333334,0.8333333333333334,86,2,2,0.023255813953488372,0.023255813953488372,10,8,8,0.8,0.8
baseline,qwen3.5:4b,autonomous_depth_only,state_303,all,0.57,24,20,20,0.8333333333333334,0.8333333333333334,86,2,2,0.023255813953488372,0.023255813953488372,10,8,8,0.8,0.8
baseline,qwen3.5:4b,autonomous_depth_only,state_303,all,0.58,24,20,20,0.8333333333333334,0.8333333333333334,86,2,2,0.023255813953488372,0.023255813953488372,10,8,8,0.8,0.8
baseline,qwen3.5:4b,autonomous_depth_only,state_303,all,0.59,24,20,20,0.8333333333333334,0.8333333333333334,86,2,2,0.023255813953488372,0.023255813953488372,10,8,8,0.8,0.8
baseline,qwen3.5:4b,autonomous_depth_only,state_303,all,0.6,24,20,20,0.8333333333333334,0.8333333333333334,86,1,1,0.011627906976744186,0.011627906976744186,10,8,8,0.8,0.8
baseline,qwen3.5:4b,autonomous_depth_only,state_303,all,0.61,24,20,20,0.8333333333333334,0.8333333333333334,86,1,1,0.011627906976744186,0.011627906976744186,10,8,8,0.8,0.8
baseline,qwen3.5:4b,autonomous_depth_only,state_303,all,0.62,24,19,19,0.7916666666666666,0.7916666666666666,86,1,1,0.011627906976744186,0.011627906976744186,10,7,7,0.7,0.7
baseline,qwen3.5:4b,autonomous_depth_only,state_303,all,0.63,24,19,19,0.7916666666666666,0.7916666666666666,86,1,1,0.011627906976744186,0.011627906976744186,10,7,7,0.7,0.7
baseline,qwen3.5:4b,autonomous_depth_only,state_303,all,0.64,24,18,18,0.75,0.75,86,1,1,0.011627906976744186,0.011627906976744186,10,7,7,0.7,0.7
baseline,qwen3.5:4b,autonomous_depth_only,state_303,all,0.65,24,17,17,0.7083333333333334,0.7083333333333334,86,1,1,0.011627906976744186,0.011627906976744186,10,7,7,0.7,0.7
baseline,qwen3.5:4b,autonomous_depth_only,state_303,all,0.66,24,17,17,0.7083333333333334,0.7083333333333334,86,1,1,0.011627906976744186,0.011627906976744186,10,7,7,0.7,0.7
baseline,qwen3.5:4b,autonomous_depth_only,state_303,all,0.67,24,17,17,0.7083333333333334,0.7083333333333334,86,1,1,0.011627906976744186,0.011627906976744186,10,7,7,0.7,0.7
baseline,qwen3.5:4b,autonomous_depth_only,state_303,all,0.68,24,14,14,0.5833333333333334,0.5833333333333334,86,1,1,0.011627906976744186,0.011627906976744186,10,6,6,0.6,0.6
baseline,qwen3.5:4b,autonomous_depth_only,state_303,all,0.69,24,14,14,0.5833333333333334,0.5833333333333334,86,1,1,0.011627906976744186,0.011627906976744186,10,6,6,0.6,0.6
baseline,qwen3.5:4b,autonomous_depth_only,state_303,all,0.7,24,14,14,0.5833333333333334,0.5833333333333334,86,1,1,0.011627906976744186,0.011627906976744186,10,6,6,0.6,0.6
baseline,qwen3.5:4b,autonomous_depth_only,state_303,all,0.71,24,12,12,0.5,0.5,86,1,1,0.011627906976744186,0.011627906976744186,10,5,5,0.5,0.5
baseline,qwen3.5:4b,autonomous_depth_only,state_303,all,0.72,24,11,11,0.4583333333333333,0.4583333333333333,86,1,1,0.011627906976744186,0.011627906976744186,10,5,5,0.5,0.5
baseline,qwen3.5:4b,autonomous_depth_only,state_303,all,0.73,24,10,10,0.4166666666666667,0.4166666666666667,86,1,1,0.011627906976744186,0.011627906976744186,10,4,4,0.4,0.4
baseline,qwen3.5:4b,autonomous_depth_only,state_303,all,0.74,24,10,10,0.4166666666666667,0.4166666666666667,86,1,1,0.011627906976744186,0.011627906976744186,10,4,4,0.4,0.4
baseline,qwen3.5:4b,autonomous_depth_only,state_303,all,0.75,24,10,10,0.4166666666666667,0.4166666666666667,86,1,1,0.011627906976744186,0.011627906976744186,10,4,4,0.4,0.4
baseline,qwen3.5:4b,autonomous_depth_only,state_303,all,0.76,24,10,10,0.4166666666666667,0.4166666666666667,86,1,1,0.011627906976744186,0.011627906976744186,10,4,4,0.4,0.4
baseline,qwen3.5:4b,autonomous_depth_only,state_303,all,0.77,24,9,9,0.375,0.375,86,1,1,0.011627906976744186,0.011627906976744186,10,4,4,0.4,0.4
baseline,qwen3.5:4b,autonomous_depth_only,state_303,all,0.78,24,8,8,0.3333333333333333,0.3333333333333333,86,1,1,0.011627906976744186,0.011627906976744186,10,4,4,0.4,0.4
baseline,qwen3.5:4b,autonomous_depth_only,state_303,all,0.79,24,8,8,0.3333333333333333,0.3333333333333333,86,1,1,0.011627906976744186,0.011627906976744186,10,4,4,0.4,0.4
baseline,qwen3.5:4b,autonomous_depth_only,state_303,all,0.8,24,7,7,0.2916666666666667,0.2916666666666667,86,1,1,0.011627906976744186,0.011627906976744186,10,3,3,0.3,0.3
baseline,qwen3.5:4b,autonomous_depth_only,state_303,all,0.81,24,6,6,0.25,0.25,86,1,1,0.011627906976744186,0.011627906976744186,10,2,2,0.2,0.2
baseline,qwen3.5:4b,autonomous_depth_only,state_303,all,0.82,24,6,6,0.25,0.25,86,1,1,0.011627906976744186,0.011627906976744186,10,2,2,0.2,0.2
baseline,qwen3.5:4b,autonomous_depth_only,state_303,all,0.83,24,6,6,0.25,0.25,86,1,1,0.011627906976744186,0.011627906976744186,10,2,2,0.2,0.2
baseline,qwen3.5:4b,autonomous_depth_only,state_303,all,0.84,24,6,6,0.25,0.25,86,1,1,0.011627906976744186,0.011627906976744186,10,2,2,0.2,0.2
baseline,qwen3.5:4b,autonomous_depth_only,state_303,all,0.85,24,5,5,0.20833333333333334,0.20833333333333334,86,1,1,0.011627906976744186,0.011627906976744186,10,2,2,0.2,0.2
baseline,qwen3.5:4b,autonomous_depth_only,state_303,all,0.86,24,5,5,0.20833333333333334,0.20833333333333334,86,1,1,0.011627906976744186,0.011627906976744186,10,2,2,0.2,0.2
baseline,qwen3.5:4b,autonomous_depth_only,state_303,all,0.87,24,2,2,0.08333333333333333,0.08333333333333333,86,1,1,0.011627906976744186,0.011627906976744186,10,1,1,0.1,0.1
baseline,qwen3.5:4b,autonomous_depth_only,state_303,all,0.88,24,2,2,0.08333333333333333,0.08333333333333333,86,1,1,0.011627906976744186,0.011627906976744186,10,1,1,0.1,0.1
baseline,qwen3.5:4b,autonomous_depth_only,state_303,all,0.89,24,1,1,0.041666666666666664,0.041666666666666664,86,0,0,0.0,0.0,10,0,0,0.0,0.0
baseline,qwen3.5:4b,autonomous_depth_only,state_303,all,0.9,24,1,1,0.041666666666666664,0.041666666666666664,86,0,0,0.0,0.0,10,0,0,0.0,0.0
baseline,qwen3.5:4b,autonomous_depth_only,state_303,all,0.91,24,0,0,0.0,0.0,86,0,0,0.0,0.0,10,0,0,0.0,0.0
baseline,qwen3.5:4b,autonomous_depth_only,state_303,all,0.92,24,0,0,0.0,0.0,86,0,0,0.0,0.0,10,0,0,0.0,0.0
baseline,qwen3.5:4b,autonomous_depth_only,state_303,all,0.93,24,0,0,0.0,0.0,86,0,0,0.0,0.0,10,0,0,0.0,0.0
baseline,qwen3.5:4b,autonomous_depth_only,state_303,all,0.94,24,0,0,0.0,0.0,86,0,0,0.0,0.0,10,0,0,0.0,0.0
baseline,qwen3.5:4b,autonomous_depth_only,state_303,all,0.95,24,0,0,0.0,0.0,86,0,0,0.0,0.0,10,0,0,0.0,0.0
baseline,qwen3.5:4b,autonomous_depth_only,state_303,all,0.96,24,0,0,0.0,0.0,86,0,0,0.0,0.0,10,0,0,0.0,0.0
baseline,qwen3.5:4b,autonomous_depth_only,state_303,all,0.97,24,0,0,0.0,0.0,86,0,0,0.0,0.0,10,0,0,0.0,0.0
baseline,qwen3.5:4b,autonomous_depth_only,state_303,all,0.98,24,0,0,0.0,0.0,86,0,0,0.0,0.0,10,0,0,0.0,0.0
baseline,qwen3.5:4b,autonomous_depth_only,state_303,all,0.99,24,0,0,0.0,0.0,86,0,0,0.0,0.0,10,0,0,0.0,0.0
baseline,qwen3.5:4b,autonomous_depth_only,state_303,all,0.995,24,0,0,0.0,0.0,86,0,0,0.0,0.0,10,0,0,0.0,0.0
baseline,qwen3.5:4b,autonomous_depth_only,state_303,all,0.999,24,0,0,0.0,0.0,86,0,0,0.0,0.0,10,0,0,0.0,0.0
baseline,qwen3.5:4b,autonomous_depth_only,state_303,all,0.9999,24,0,0,0.0,0.0,86,0,0,0.0,0.0,10,0,0,0.0,0.0
baseline,qwen3.5:4b,autonomous_depth_only,state_303,all,0.99999,24,0,0,0.0,0.0,86,0,0,0.0,0.0,10,0,0,0.0,0.0
baseline,qwen3.5:4b,autonomous_depth_only,state_303,all,0.999999,24,0,0,0.0,0.0,86,0,0,0.0,0.0,10,0,0,0.0,0.0
baseline,qwen3.5:4b,autonomous_depth_only,state_303,all,1.0,24,0,0,0.0,0.0,86,0,0,0.0,0.0,10,0,0,0.0,0.0
baseline,qwen3.5:4b,autonomous_depth_only,all,all,0.0,98,98,98,1.0,1.0,364,364,364,1.0,1.0,42,42,42,1.0,1.0
baseline,qwen3.5:4b,autonomous_depth_only,all,all,0.01,98,98,98,1.0,1.0,364,364,364,1.0,1.0,42,42,42,1.0,1.0
baseline,qwen3.5:4b,autonomous_depth_only,all,all,0.02,98,98,98,1.0,1.0,364,359,359,0.9862637362637363,0.9862637362637363,42,42,42,1.0,1.0
baseline,qwen3.5:4b,autonomous_depth_only,all,all,0.03,98,98,98,1.0,1.0,364,353,353,0.9697802197802198,0.9697802197802198,42,42,42,1.0,1.0
baseline,qwen3.5:4b,autonomous_depth_only,all,all,0.04,98,98,98,1.0,1.0,364,341,341,0.9368131868131868,0.9368131868131868,42,42,42,1.0,1.0
baseline,qwen3.5:4b,autonomous_depth_only,all,all,0.05,98,98,98,1.0,1.0,364,315,315,0.8653846153846154,0.8653846153846154,42,42,42,1.0,1.0
baseline,qwen3.5:4b,autonomous_depth_only,all,all,0.06,98,98,98,1.0,1.0,364,298,298,0.8186813186813187,0.8186813186813187,42,42,42,1.0,1.0
baseline,qwen3.5:4b,autonomous_depth_only,all,all,0.07,98,98,98,1.0,1.0,364,275,275,0.7554945054945055,0.7554945054945055,42,42,42,1.0,1.0
baseline,qwen3.5:4b,autonomous_depth_only,all,all,0.08,98,98,98,1.0,1.0,364,249,249,0.6840659340659341,0.6840659340659341,42,42,42,1.0,1.0
baseline,qwen3.5:4b,autonomous_depth_only,all,all,0.09,98,98,98,1.0,1.0,364,229,229,0.6291208791208791,0.6291208791208791,42,42,42,1.0,1.0
baseline,qwen3.5:4b,autonomous_depth_only,all,all,0.1,98,98,98,1.0,1.0,364,217,217,0.5961538461538461,0.5961538461538461,42,42,42,1.0,1.0
baseline,qwen3.5:4b,autonomous_depth_only,all,all,0.11,98,98,98,1.0,1.0,364,204,204,0.5604395604395604,0.5604395604395604,42,42,42,1.0,1.0
baseline,qwen3.5:4b,autonomous_depth_only,all,all,0.12,98,98,98,1.0,1.0,364,193,193,0.5302197802197802,0.5302197802197802,42,42,42,1.0,1.0
baseline,qwen3.5:4b,autonomous_depth_only,all,all,0.13,98,98,98,1.0,1.0,364,183,183,0.5027472527472527,0.5027472527472527,42,42,42,1.0,1.0
baseline,qwen3.5:4b,autonomous_depth_only,all,all,0.14,98,98,98,1.0,1.0,364,167,167,0.45879120879120877,0.45879120879120877,42,42,42,1.0,1.0
baseline,qwen3.5:4b,autonomous_depth_only,all,all,0.15,98,98,98,1.0,1.0,364,159,159,0.4368131868131868,0.4368131868131868,42,42,42,1.0,1.0
baseline,qwen3.5:4b,autonomous_depth_only,all,all,0.16,98,98,98,1.0,1.0,364,151,151,0.41483516483516486,0.41483516483516486,42,42,42,1.0,1.0
baseline,qwen3.5:4b,autonomous_depth_only,all,all,0.17,98,98,98,1.0,1.0,364,140,140,0.38461538461538464,0.38461538461538464,42,42,42,1.0,1.0
baseline,qwen3.5:4b,autonomous_depth_only,all,all,0.18,98,98,98,1.0,1.0,364,133,133,0.36538461538461536,0.36538461538461536,42,42,42,1.0,1.0
baseline,qwen3.5:4b,autonomous_depth_only,all,all,0.19,98,98,98,1.0,1.0,364,123,123,0.33791208791208793,0.33791208791208793,42,42,42,1.0,1.0
baseline,qwen3.5:4b,autonomous_depth_only,all,all,0.2,98,98,98,1.0,1.0,364,112,112,0.3076923076923077,0.3076923076923077,42,42,42,1.0,1.0
baseline,qwen3.5:4b,autonomous_depth_only,all,all,0.21,98,98,98,1.0,1.0,364,107,107,0.29395604395604397,0.29395604395604397,42,42,42,1.0,1.0
baseline,qwen3.5:4b,autonomous_depth_only,all,all,0.22,98,98,98,1.0,1.0,364,102,102,0.2802197802197802,0.2802197802197802,42,42,42,1.0,1.0
baseline,qwen3.5:4b,autonomous_depth_only,all,all,0.23,98,98,98,1.0,1.0,364,100,100,0.27472527472527475,0.27472527472527475,42,42,42,1.0,1.0
baseline,qwen3.5:4b,autonomous_depth_only,all,all,0.24,98,98,98,1.0,1.0,364,94,94,0.25824175824175827,0.25824175824175827,42,42,42,1.0,1.0
baseline,qwen3.5:4b,autonomous_depth_only,all,all,0.25,98,98,98,1.0,1.0,364,89,89,0.2445054945054945,0.2445054945054945,42,42,42,1.0,1.0
baseline,qwen3.5:4b,autonomous_depth_only,all,all,0.26,98,98,98,1.0,1.0,364,81,81,0.22252747252747251,0.22252747252747251,42,42,42,1.0,1.0
baseline,qwen3.5:4b,autonomous_depth_only,all,all,0.27,98,98,98,1.0,1.0,364,77,77,0.21153846153846154,0.21153846153846154,42,42,42,1.0,1.0
baseline,qwen3.5:4b,autonomous_depth_only,all,all,0.28,98,98,98,1.0,1.0,364,74,74,0.2032967032967033,0.2032967032967033,42,42,42,1.0,1.0
baseline,qwen3.5:4b,autonomous_depth_only,all,all,0.29,98,98,98,1.0,1.0,364,73,73,0.20054945054945056,0.20054945054945056,42,42,42,1.0,1.0
baseline,qwen3.5:4b,autonomous_depth_only,all,all,0.3,98,98,98,1.0,1.0,364,67,67,0.18406593406593408,0.18406593406593408,42,42,42,1.0,1.0
baseline,qwen3.5:4b,autonomous_depth_only,all,all,0.31,98,98,98,1.0,1.0,364,65,65,0.17857142857142858,0.17857142857142858,42,42,42,1.0,1.0
baseline,qwen3.5:4b,autonomous_depth_only,all,all,0.32,98,97,97,0.9897959183673469,0.9897959183673469,364,61,61,0.16758241758241757,0.16758241758241757,42,42,42,1.0,1.0
baseline,qwen3.5:4b,autonomous_depth_only,all,all,0.33,98,97,97,0.9897959183673469,0.9897959183673469,364,57,57,0.1565934065934066,0.1565934065934066,42,42,42,1.0,1.0
baseline,qwen3.5:4b,autonomous_depth_only,all,all,0.34,98,97,97,0.9897959183673469,0.9897959183673469,364,53,53,0.14560439560439561,0.14560439560439561,42,42,42,1.0,1.0
baseline,qwen3.5:4b,autonomous_depth_only,all,all,0.35,98,97,97,0.9897959183673469,0.9897959183673469,364,51,51,0.1401098901098901,0.1401098901098901,42,42,42,1.0,1.0
baseline,qwen3.5:4b,autonomous_depth_only,all,all,0.36,98,96,96,0.9795918367346939,0.9795918367346939,364,48,48,0.13186813186813187,0.13186813186813187,42,42,42,1.0,1.0
baseline,qwen3.5:4b,autonomous_depth_only,all,all,0.37,98,96,96,0.9795918367346939,0.9795918367346939,364,45,45,0.12362637362637363,0.12362637362637363,42,42,42,1.0,1.0
baseline,qwen3.5:4b,autonomous_depth_only,all,all,0.38,98,95,95,0.9693877551020408,0.9693877551020408,364,42,42,0.11538461538461539,0.11538461538461539,42,41,41,0.9761904761904762,0.9761904761904762
baseline,qwen3.5:4b,autonomous_depth_only,all,all,0.39,98,94,94,0.9591836734693877,0.9591836734693877,364,37,37,0.10164835164835165,0.10164835164835165,42,41,41,0.9761904761904762,0.9761904761904762
baseline,qwen3.5:4b,autonomous_depth_only,all,all,0.4,98,93,93,0.9489795918367347,0.9489795918367347,364,34,34,0.09340659340659341,0.09340659340659341,42,40,40,0.9523809523809523,0.9523809523809523
baseline,qwen3.5:4b,autonomous_depth_only,all,all,0.41,98,92,92,0.9387755102040817,0.9387755102040817,364,32,32,0.08791208791208792,0.08791208791208792,42,39,39,0.9285714285714286,0.9285714285714286
baseline,qwen3.5:4b,autonomous_depth_only,all,all,0.42,98,92,92,0.9387755102040817,0.9387755102040817,364,32,32,0.08791208791208792,0.08791208791208792,42,39,39,0.9285714285714286,0.9285714285714286
baseline,qwen3.5:4b,autonomous_depth_only,all,all,0.43,98,92,92,0.9387755102040817,0.9387755102040817,364,30,30,0.08241758241758242,0.08241758241758242,42,39,39,0.9285714285714286,0.9285714285714286
baseline,qwen3.5:4b,autonomous_depth_only,all,all,0.44,98,92,92,0.9387755102040817,0.9387755102040817,364,28,28,0.07692307692307693,0.07692307692307693,42,39,39,0.9285714285714286,0.9285714285714286
baseline,qwen3.5:4b,autonomous_depth_only,all,all,0.45,98,92,92,0.9387755102040817,0.9387755102040817,364,26,26,0.07142857142857142,0.07142857142857142,42,39,39,0.9285714285714286,0.9285714285714286
baseline,qwen3.5:4b,autonomous_depth_only,all,all,0.46,98,92,92,0.9387755102040817,0.9387755102040817,364,24,24,0.06593406593406594,0.06593406593406594,42,39,39,0.9285714285714286,0.9285714285714286
baseline,qwen3.5:4b,autonomous_depth_only,all,all,0.47,98,91,91,0.9285714285714286,0.9285714285714286,364,23,23,0.06318681318681318,0.06318681318681318,42,39,39,0.9285714285714286,0.9285714285714286
baseline,qwen3.5:4b,autonomous_depth_only,all,all,0.48,98,91,91,0.9285714285714286,0.9285714285714286,364,21,21,0.057692307692307696,0.057692307692307696,42,39,39,0.9285714285714286,0.9285714285714286
baseline,qwen3.5:4b,autonomous_depth_only,all,all,0.49,98,91,91,0.9285714285714286,0.9285714285714286,364,20,20,0.054945054945054944,0.054945054945054944,42,39,39,0.9285714285714286,0.9285714285714286
baseline,qwen3.5:4b,autonomous_depth_only,all,all,0.5,98,89,89,0.9081632653061225,0.9081632653061225,364,20,20,0.054945054945054944,0.054945054945054944,42,38,38,0.9047619047619048,0.9047619047619048
baseline,qwen3.5:4b,autonomous_depth_only,all,all,0.51,98,89,89,0.9081632653061225,0.9081632653061225,364,17,17,0.046703296703296704,0.046703296703296704,42,38,38,0.9047619047619048,0.9047619047619048
baseline,qwen3.5:4b,autonomous_depth_only,all,all,0.52,98,88,88,0.8979591836734694,0.8979591836734694,364,17,17,0.046703296703296704,0.046703296703296704,42,38,38,0.9047619047619048,0.9047619047619048
baseline,qwen3.5:4b,autonomous_depth_only,all,all,0.53,98,88,88,0.8979591836734694,0.8979591836734694,364,16,16,0.04395604395604396,0.04395604395604396,42,38,38,0.9047619047619048,0.9047619047619048
baseline,qwen3.5:4b,autonomous_depth_only,all,all,0.54,98,87,87,0.8877551020408163,0.8877551020408163,364,16,16,0.04395604395604396,0.04395604395604396,42,38,38,0.9047619047619048,0.9047619047619048
baseline,qwen3.5:4b,autonomous_depth_only,all,all,0.55,98,87,87,0.8877551020408163,0.8877551020408163,364,15,15,0.04120879120879121,0.04120879120879121,42,38,38,0.9047619047619048,0.9047619047619048
baseline,qwen3.5:4b,autonomous_depth_only,all,all,0.56,98,87,87,0.8877551020408163,0.8877551020408163,364,14,14,0.038461538461538464,0.038461538461538464,42,38,38,0.9047619047619048,0.9047619047619048
baseline,qwen3.5:4b,autonomous_depth_only,all,all,0.57,98,87,87,0.8877551020408163,0.8877551020408163,364,13,13,0.03571428571428571,0.03571428571428571,42,38,38,0.9047619047619048,0.9047619047619048
baseline,qwen3.5:4b,autonomous_depth_only,all,all,0.58,98,87,87,0.8877551020408163,0.8877551020408163,364,11,11,0.03021978021978022,0.03021978021978022,42,38,38,0.9047619047619048,0.9047619047619048
baseline,qwen3.5:4b,autonomous_depth_only,all,all,0.59,98,87,87,0.8877551020408163,0.8877551020408163,364,11,11,0.03021978021978022,0.03021978021978022,42,38,38,0.9047619047619048,0.9047619047619048
baseline,qwen3.5:4b,autonomous_depth_only,all,all,0.6,98,86,86,0.8775510204081632,0.8775510204081632,364,10,10,0.027472527472527472,0.027472527472527472,42,37,37,0.8809523809523809,0.8809523809523809
baseline,qwen3.5:4b,autonomous_depth_only,all,all,0.61,98,85,85,0.8673469387755102,0.8673469387755102,364,10,10,0.027472527472527472,0.027472527472527472,42,36,36,0.8571428571428571,0.8571428571428571
baseline,qwen3.5:4b,autonomous_depth_only,all,all,0.62,98,83,83,0.8469387755102041,0.8469387755102041,364,9,9,0.024725274725274724,0.024725274725274724,42,34,34,0.8095238095238095,0.8095238095238095
baseline,qwen3.5:4b,autonomous_depth_only,all,all,0.63,98,82,82,0.8367346938775511,0.8367346938775511,364,9,9,0.024725274725274724,0.024725274725274724,42,33,33,0.7857142857142857,0.7857142857142857
baseline,qwen3.5:4b,autonomous_depth_only,all,all,0.64,98,79,79,0.8061224489795918,0.8061224489795918,364,9,9,0.024725274725274724,0.024725274725274724,42,33,33,0.7857142857142857,0.7857142857142857
baseline,qwen3.5:4b,autonomous_depth_only,all,all,0.65,98,77,77,0.7857142857142857,0.7857142857142857,364,8,8,0.02197802197802198,0.02197802197802198,42,33,33,0.7857142857142857,0.7857142857142857
baseline,qwen3.5:4b,autonomous_depth_only,all,all,0.66,98,75,75,0.7653061224489796,0.7653061224489796,364,7,7,0.019230769230769232,0.019230769230769232,42,31,31,0.7380952380952381,0.7380952380952381
baseline,qwen3.5:4b,autonomous_depth_only,all,all,0.67,98,73,73,0.7448979591836735,0.7448979591836735,364,6,6,0.016483516483516484,0.016483516483516484,42,31,31,0.7380952380952381,0.7380952380952381
baseline,qwen3.5:4b,autonomous_depth_only,all,all,0.68,98,68,68,0.6938775510204082,0.6938775510204082,364,5,5,0.013736263736263736,0.013736263736263736,42,29,29,0.6904761904761905,0.6904761904761905
baseline,qwen3.5:4b,autonomous_depth_only,all,all,0.69,98,66,66,0.673469387755102,0.673469387755102,364,5,5,0.013736263736263736,0.013736263736263736,42,29,29,0.6904761904761905,0.6904761904761905
baseline,qwen3.5:4b,autonomous_depth_only,all,all,0.7,98,62,62,0.6326530612244898,0.6326530612244898,364,4,4,0.01098901098901099,0.01098901098901099,42,27,27,0.6428571428571429,0.6428571428571429
baseline,qwen3.5:4b,autonomous_depth_only,all,all,0.71,98,59,59,0.6020408163265306,0.6020408163265306,364,4,4,0.01098901098901099,0.01098901098901099,42,26,26,0.6190476190476191,0.6190476190476191
baseline,qwen3.5:4b,autonomous_depth_only,all,all,0.72,98,57,57,0.5816326530612245,0.5816326530612245,364,4,4,0.01098901098901099,0.01098901098901099,42,26,26,0.6190476190476191,0.6190476190476191
baseline,qwen3.5:4b,autonomous_depth_only,all,all,0.73,98,53,53,0.5408163265306123,0.5408163265306123,364,4,4,0.01098901098901099,0.01098901098901099,42,24,24,0.5714285714285714,0.5714285714285714
baseline,qwen3.5:4b,autonomous_depth_only,all,all,0.74,98,50,50,0.5102040816326531,0.5102040816326531,364,3,3,0.008241758241758242,0.008241758241758242,42,22,22,0.5238095238095238,0.5238095238095238
baseline,qwen3.5:4b,autonomous_depth_only,all,all,0.75,98,50,50,0.5102040816326531,0.5102040816326531,364,3,3,0.008241758241758242,0.008241758241758242,42,22,22,0.5238095238095238,0.5238095238095238
baseline,qwen3.5:4b,autonomous_depth_only,all,all,0.76,98,48,48,0.4897959183673469,0.4897959183673469,364,3,3,0.008241758241758242,0.008241758241758242,42,21,21,0.5,0.5
baseline,qwen3.5:4b,autonomous_depth_only,all,all,0.77,98,45,45,0.45918367346938777,0.45918367346938777,364,2,2,0.005494505494505495,0.005494505494505495,42,20,20,0.47619047619047616,0.47619047619047616
baseline,qwen3.5:4b,autonomous_depth_only,all,all,0.78,98,42,42,0.42857142857142855,0.42857142857142855,364,2,2,0.005494505494505495,0.005494505494505495,42,19,19,0.4523809523809524,0.4523809523809524
baseline,qwen3.5:4b,autonomous_depth_only,all,all,0.79,98,35,35,0.35714285714285715,0.35714285714285715,364,2,2,0.005494505494505495,0.005494505494505495,42,15,15,0.35714285714285715,0.35714285714285715
baseline,qwen3.5:4b,autonomous_depth_only,all,all,0.8,98,32,32,0.32653061224489793,0.32653061224489793,364,2,2,0.005494505494505495,0.005494505494505495,42,13,13,0.30952380952380953,0.30952380952380953
baseline,qwen3.5:4b,autonomous_depth_only,all,all,0.81,98,24,24,0.24489795918367346,0.24489795918367346,364,2,2,0.005494505494505495,0.005494505494505495,42,10,10,0.23809523809523808,0.23809523809523808
baseline,qwen3.5:4b,autonomous_depth_only,all,all,0.82,98,23,23,0.23469387755102042,0.23469387755102042,364,2,2,0.005494505494505495,0.005494505494505495,42,9,9,0.21428571428571427,0.21428571428571427
baseline,qwen3.5:4b,autonomous_depth_only,all,all,0.83,98,14,14,0.14285714285714285,0.14285714285714285,364,1,1,0.0027472527472527475,0.0027472527472527475,42,6,6,0.14285714285714285,0.14285714285714285
baseline,qwen3.5:4b,autonomous_depth_only,all,all,0.84,98,13,13,0.1326530612244898,0.1326530612244898,364,1,1,0.0027472527472527475,0.0027472527472527475,42,6,6,0.14285714285714285,0.14285714285714285
baseline,qwen3.5:4b,autonomous_depth_only,all,all,0.85,98,10,10,0.10204081632653061,0.10204081632653061,364,1,1,0.0027472527472527475,0.0027472527472527475,42,5,5,0.11904761904761904,0.11904761904761904
baseline,qwen3.5:4b,autonomous_depth_only,all,all,0.86,98,8,8,0.08163265306122448,0.08163265306122448,364,1,1,0.0027472527472527475,0.0027472527472527475,42,4,4,0.09523809523809523,0.09523809523809523
baseline,qwen3.5:4b,autonomous_depth_only,all,all,0.87,98,4,4,0.04081632653061224,0.04081632653061224,364,1,1,0.0027472527472527475,0.0027472527472527475,42,3,3,0.07142857142857142,0.07142857142857142
baseline,qwen3.5:4b,autonomous_depth_only,all,all,0.88,98,3,3,0.030612244897959183,0.030612244897959183,364,1,1,0.0027472527472527475,0.0027472527472527475,42,2,2,0.047619047619047616,0.047619047619047616
baseline,qwen3.5:4b,autonomous_depth_only,all,all,0.89,98,1,1,0.01020408163265306,0.01020408163265306,364,0,0,0.0,0.0,42,0,0,0.0,0.0
baseline,qwen3.5:4b,autonomous_depth_only,all,all,0.9,98,1,1,0.01020408163265306,0.01020408163265306,364,0,0,0.0,0.0,42,0,0,0.0,0.0
baseline,qwen3.5:4b,autonomous_depth_only,all,all,0.91,98,0,0,0.0,0.0,364,0,0,0.0,0.0,42,0,0,0.0,0.0
baseline,qwen3.5:4b,autonomous_depth_only,all,all,0.92,98,0,0,0.0,0.0,364,0,0,0.0,0.0,42,0,0,0.0,0.0
baseline,qwen3.5:4b,autonomous_depth_only,all,all,0.93,98,0,0,0.0,0.0,364,0,0,0.0,0.0,42,0,0,0.0,0.0
baseline,qwen3.5:4b,autonomous_depth_only,all,all,0.94,98,0,0,0.0,0.0,364,0,0,0.0,0.0,42,0,0,0.0,0.0
baseline,qwen3.5:4b,autonomous_depth_only,all,all,0.95,98,0,0,0.0,0.0,364,0,0,0.0,0.0,42,0,0,0.0,0.0
baseline,qwen3.5:4b,autonomous_depth_only,all,all,0.96,98,0,0,0.0,0.0,364,0,0,0.0,0.0,42,0,0,0.0,0.0
baseline,qwen3.5:4b,autonomous_depth_only,all,all,0.97,98,0,0,0.0,0.0,364,0,0,0.0,0.0,42,0,0,0.0,0.0
baseline,qwen3.5:4b,autonomous_depth_only,all,all,0.98,98,0,0,0.0,0.0,364,0,0,0.0,0.0,42,0,0,0.0,0.0
baseline,qwen3.5:4b,autonomous_depth_only,all,all,0.99,98,0,0,0.0,0.0,364,0,0,0.0,0.0,42,0,0,0.0,0.0
baseline,qwen3.5:4b,autonomous_depth_only,all,all,0.995,98,0,0,0.0,0.0,364,0,0,0.0,0.0,42,0,0,0.0,0.0
baseline,qwen3.5:4b,autonomous_depth_only,all,all,0.999,98,0,0,0.0,0.0,364,0,0,0.0,0.0,42,0,0,0.0,0.0
baseline,qwen3.5:4b,autonomous_depth_only,all,all,0.9999,98,0,0,0.0,0.0,364,0,0,0.0,0.0,42,0,0,0.0,0.0
baseline,qwen3.5:4b,autonomous_depth_only,all,all,0.99999,98,0,0,0.0,0.0,364,0,0,0.0,0.0,42,0,0,0.0,0.0
baseline,qwen3.5:4b,autonomous_depth_only,all,all,0.999999,98,0,0,0.0,0.0,364,0,0,0.0,0.0,42,0,0,0.0,0.0
baseline,qwen3.5:4b,autonomous_depth_only,all,all,1.0,98,0,0,0.0,0.0,364,0,0,0.0,0.0,42,0,0,0.0,0.0
family_ablation,qwen3.5:4b,all_crops,original,all,0.0,25,25,25,1.0,1.0,96,96,96,1.0,1.0,11,11,11,1.0,1.0
family_ablation,qwen3.5:4b,all_crops,original,all,0.01,25,25,25,1.0,1.0,96,96,96,1.0,1.0,11,11,11,1.0,1.0
family_ablation,qwen3.5:4b,all_crops,original,all,0.02,25,25,25,1.0,1.0,96,94,94,0.9791666666666666,0.9791666666666666,11,11,11,1.0,1.0
family_ablation,qwen3.5:4b,all_crops,original,all,0.03,25,25,25,1.0,1.0,96,87,87,0.90625,0.90625,11,11,11,1.0,1.0
family_ablation,qwen3.5:4b,all_crops,original,all,0.04,25,25,25,1.0,1.0,96,63,63,0.65625,0.65625,11,11,11,1.0,1.0
family_ablation,qwen3.5:4b,all_crops,original,all,0.05,25,25,25,1.0,1.0,96,57,57,0.59375,0.59375,11,11,11,1.0,1.0
family_ablation,qwen3.5:4b,all_crops,original,all,0.06,25,25,25,1.0,1.0,96,49,49,0.5104166666666666,0.5104166666666666,11,11,11,1.0,1.0
family_ablation,qwen3.5:4b,all_crops,original,all,0.07,25,25,25,1.0,1.0,96,40,40,0.4166666666666667,0.4166666666666667,11,11,11,1.0,1.0
family_ablation,qwen3.5:4b,all_crops,original,all,0.08,25,25,25,1.0,1.0,96,36,36,0.375,0.375,11,11,11,1.0,1.0
family_ablation,qwen3.5:4b,all_crops,original,all,0.09,25,25,25,1.0,1.0,96,36,36,0.375,0.375,11,11,11,1.0,1.0
family_ablation,qwen3.5:4b,all_crops,original,all,0.1,25,25,25,1.0,1.0,96,36,36,0.375,0.375,11,11,11,1.0,1.0
family_ablation,qwen3.5:4b,all_crops,original,all,0.11,25,25,25,1.0,1.0,96,33,33,0.34375,0.34375,11,11,11,1.0,1.0
family_ablation,qwen3.5:4b,all_crops,original,all,0.12,25,25,25,1.0,1.0,96,33,33,0.34375,0.34375,11,11,11,1.0,1.0
family_ablation,qwen3.5:4b,all_crops,original,all,0.13,25,25,25,1.0,1.0,96,32,32,0.3333333333333333,0.3333333333333333,11,11,11,1.0,1.0
family_ablation,qwen3.5:4b,all_crops,original,all,0.14,25,25,25,1.0,1.0,96,32,32,0.3333333333333333,0.3333333333333333,11,11,11,1.0,1.0
family_ablation,qwen3.5:4b,all_crops,original,all,0.15,25,25,25,1.0,1.0,96,26,26,0.2708333333333333,0.2708333333333333,11,11,11,1.0,1.0
family_ablation,qwen3.5:4b,all_crops,original,all,0.16,25,25,25,1.0,1.0,96,26,26,0.2708333333333333,0.2708333333333333,11,11,11,1.0,1.0
family_ablation,qwen3.5:4b,all_crops,original,all,0.17,25,25,25,1.0,1.0,96,23,23,0.23958333333333334,0.23958333333333334,11,11,11,1.0,1.0
family_ablation,qwen3.5:4b,all_crops,original,all,0.18,25,25,25,1.0,1.0,96,23,23,0.23958333333333334,0.23958333333333334,11,11,11,1.0,1.0
family_ablation,qwen3.5:4b,all_crops,original,all,0.19,25,25,25,1.0,1.0,96,23,23,0.23958333333333334,0.23958333333333334,11,11,11,1.0,1.0
family_ablation,qwen3.5:4b,all_crops,original,all,0.2,25,25,25,1.0,1.0,96,23,23,0.23958333333333334,0.23958333333333334,11,11,11,1.0,1.0
family_ablation,qwen3.5:4b,all_crops,original,all,0.21,25,25,25,1.0,1.0,96,20,20,0.20833333333333334,0.20833333333333334,11,11,11,1.0,1.0
family_ablation,qwen3.5:4b,all_crops,original,all,0.22,25,25,25,1.0,1.0,96,20,20,0.20833333333333334,0.20833333333333334,11,11,11,1.0,1.0
family_ablation,qwen3.5:4b,all_crops,original,all,0.23,25,25,25,1.0,1.0,96,20,20,0.20833333333333334,0.20833333333333334,11,11,11,1.0,1.0
family_ablation,qwen3.5:4b,all_crops,original,all,0.24,25,25,25,1.0,1.0,96,20,20,0.20833333333333334,0.20833333333333334,11,11,11,1.0,1.0
family_ablation,qwen3.5:4b,all_crops,original,all,0.25,25,25,25,1.0,1.0,96,20,20,0.20833333333333334,0.20833333333333334,11,11,11,1.0,1.0
family_ablation,qwen3.5:4b,all_crops,original,all,0.26,25,25,25,1.0,1.0,96,16,16,0.16666666666666666,0.16666666666666666,11,11,11,1.0,1.0
family_ablation,qwen3.5:4b,all_crops,original,all,0.27,25,25,25,1.0,1.0,96,16,16,0.16666666666666666,0.16666666666666666,11,11,11,1.0,1.0
family_ablation,qwen3.5:4b,all_crops,original,all,0.28,25,25,25,1.0,1.0,96,13,13,0.13541666666666666,0.13541666666666666,11,11,11,1.0,1.0
family_ablation,qwen3.5:4b,all_crops,original,all,0.29,25,25,25,1.0,1.0,96,12,12,0.125,0.125,11,11,11,1.0,1.0
family_ablation,qwen3.5:4b,all_crops,original,all,0.3,25,25,25,1.0,1.0,96,12,12,0.125,0.125,11,11,11,1.0,1.0
family_ablation,qwen3.5:4b,all_crops,original,all,0.31,25,25,25,1.0,1.0,96,12,12,0.125,0.125,11,11,11,1.0,1.0
family_ablation,qwen3.5:4b,all_crops,original,all,0.32,25,25,25,1.0,1.0,96,12,12,0.125,0.125,11,11,11,1.0,1.0
family_ablation,qwen3.5:4b,all_crops,original,all,0.33,25,25,25,1.0,1.0,96,11,11,0.11458333333333333,0.11458333333333333,11,11,11,1.0,1.0
family_ablation,qwen3.5:4b,all_crops,original,all,0.34,25,25,25,1.0,1.0,96,11,11,0.11458333333333333,0.11458333333333333,11,11,11,1.0,1.0
family_ablation,qwen3.5:4b,all_crops,original,all,0.35,25,25,25,1.0,1.0,96,11,11,0.11458333333333333,0.11458333333333333,11,11,11,1.0,1.0
family_ablation,qwen3.5:4b,all_crops,original,all,0.36,25,25,25,1.0,1.0,96,11,11,0.11458333333333333,0.11458333333333333,11,11,11,1.0,1.0
family_ablation,qwen3.5:4b,all_crops,original,all,0.37,25,25,25,1.0,1.0,96,11,11,0.11458333333333333,0.11458333333333333,11,11,11,1.0,1.0
family_ablation,qwen3.5:4b,all_crops,original,all,0.38,25,25,25,1.0,1.0,96,11,11,0.11458333333333333,0.11458333333333333,11,11,11,1.0,1.0
family_ablation,qwen3.5:4b,all_crops,original,all,0.39,25,25,25,1.0,1.0,96,11,11,0.11458333333333333,0.11458333333333333,11,11,11,1.0,1.0
family_ablation,qwen3.5:4b,all_crops,original,all,0.4,25,25,25,1.0,1.0,96,11,11,0.11458333333333333,0.11458333333333333,11,11,11,1.0,1.0
family_ablation,qwen3.5:4b,all_crops,original,all,0.41,25,25,25,1.0,1.0,96,11,11,0.11458333333333333,0.11458333333333333,11,11,11,1.0,1.0
family_ablation,qwen3.5:4b,all_crops,original,all,0.42,25,25,25,1.0,1.0,96,11,11,0.11458333333333333,0.11458333333333333,11,11,11,1.0,1.0
family_ablation,qwen3.5:4b,all_crops,original,all,0.43,25,25,25,1.0,1.0,96,10,10,0.10416666666666667,0.10416666666666667,11,11,11,1.0,1.0
family_ablation,qwen3.5:4b,all_crops,original,all,0.44,25,25,25,1.0,1.0,96,10,10,0.10416666666666667,0.10416666666666667,11,11,11,1.0,1.0
family_ablation,qwen3.5:4b,all_crops,original,all,0.45,25,25,25,1.0,1.0,96,10,10,0.10416666666666667,0.10416666666666667,11,11,11,1.0,1.0
family_ablation,qwen3.5:4b,all_crops,original,all,0.46,25,25,25,1.0,1.0,96,7,7,0.07291666666666667,0.07291666666666667,11,11,11,1.0,1.0
family_ablation,qwen3.5:4b,all_crops,original,all,0.47,25,25,25,1.0,1.0,96,7,7,0.07291666666666667,0.07291666666666667,11,11,11,1.0,1.0
family_ablation,qwen3.5:4b,all_crops,original,all,0.48,25,25,25,1.0,1.0,96,7,7,0.07291666666666667,0.07291666666666667,11,11,11,1.0,1.0
family_ablation,qwen3.5:4b,all_crops,original,all,0.49,25,25,25,1.0,1.0,96,7,7,0.07291666666666667,0.07291666666666667,11,11,11,1.0,1.0
family_ablation,qwen3.5:4b,all_crops,original,all,0.5,25,25,25,1.0,1.0,96,7,7,0.07291666666666667,0.07291666666666667,11,11,11,1.0,1.0
family_ablation,qwen3.5:4b,all_crops,original,all,0.51,25,25,25,1.0,1.0,96,7,7,0.07291666666666667,0.07291666666666667,11,11,11,1.0,1.0
family_ablation,qwen3.5:4b,all_crops,original,all,0.52,25,25,25,1.0,1.0,96,6,6,0.0625,0.0625,11,11,11,1.0,1.0
family_ablation,qwen3.5:4b,all_crops,original,all,0.53,25,25,25,1.0,1.0,96,6,6,0.0625,0.0625,11,11,11,1.0,1.0
family_ablation,qwen3.5:4b,all_crops,original,all,0.54,25,25,25,1.0,1.0,96,6,6,0.0625,0.0625,11,11,11,1.0,1.0
family_ablation,qwen3.5:4b,all_crops,original,all,0.55,25,25,25,1.0,1.0,96,6,6,0.0625,0.0625,11,11,11,1.0,1.0
family_ablation,qwen3.5:4b,all_crops,original,all,0.56,25,25,25,1.0,1.0,96,6,6,0.0625,0.0625,11,11,11,1.0,1.0
family_ablation,qwen3.5:4b,all_crops,original,all,0.57,25,25,25,1.0,1.0,96,6,6,0.0625,0.0625,11,11,11,1.0,1.0
family_ablation,qwen3.5:4b,all_crops,original,all,0.58,25,25,25,1.0,1.0,96,6,6,0.0625,0.0625,11,11,11,1.0,1.0
family_ablation,qwen3.5:4b,all_crops,original,all,0.59,25,25,25,1.0,1.0,96,6,6,0.0625,0.0625,11,11,11,1.0,1.0
family_ablation,qwen3.5:4b,all_crops,original,all,0.6,25,25,25,1.0,1.0,96,6,6,0.0625,0.0625,11,11,11,1.0,1.0
family_ablation,qwen3.5:4b,all_crops,original,all,0.61,25,25,25,1.0,1.0,96,5,5,0.052083333333333336,0.052083333333333336,11,11,11,1.0,1.0
family_ablation,qwen3.5:4b,all_crops,original,all,0.62,25,25,25,1.0,1.0,96,5,5,0.052083333333333336,0.052083333333333336,11,11,11,1.0,1.0
family_ablation,qwen3.5:4b,all_crops,original,all,0.63,25,25,25,1.0,1.0,96,5,5,0.052083333333333336,0.052083333333333336,11,11,11,1.0,1.0
family_ablation,qwen3.5:4b,all_crops,original,all,0.64,25,25,25,1.0,1.0,96,5,5,0.052083333333333336,0.052083333333333336,11,11,11,1.0,1.0
family_ablation,qwen3.5:4b,all_crops,original,all,0.65,25,25,25,1.0,1.0,96,5,5,0.052083333333333336,0.052083333333333336,11,11,11,1.0,1.0
family_ablation,qwen3.5:4b,all_crops,original,all,0.66,25,25,25,1.0,1.0,96,5,5,0.052083333333333336,0.052083333333333336,11,11,11,1.0,1.0
family_ablation,qwen3.5:4b,all_crops,original,all,0.67,25,25,25,1.0,1.0,96,5,5,0.052083333333333336,0.052083333333333336,11,11,11,1.0,1.0
family_ablation,qwen3.5:4b,all_crops,original,all,0.68,25,25,25,1.0,1.0,96,5,5,0.052083333333333336,0.052083333333333336,11,11,11,1.0,1.0
family_ablation,qwen3.5:4b,all_crops,original,all,0.69,25,25,25,1.0,1.0,96,5,5,0.052083333333333336,0.052083333333333336,11,11,11,1.0,1.0
family_ablation,qwen3.5:4b,all_crops,original,all,0.7,25,23,23,0.92,0.92,96,5,5,0.052083333333333336,0.052083333333333336,11,10,10,0.9090909090909091,0.9090909090909091
family_ablation,qwen3.5:4b,all_crops,original,all,0.71,25,23,23,0.92,0.92,96,5,5,0.052083333333333336,0.052083333333333336,11,10,10,0.9090909090909091,0.9090909090909091
family_ablation,qwen3.5:4b,all_crops,original,all,0.72,25,20,20,0.8,0.8,96,5,5,0.052083333333333336,0.052083333333333336,11,9,9,0.8181818181818182,0.8181818181818182
family_ablation,qwen3.5:4b,all_crops,original,all,0.73,25,20,20,0.8,0.8,96,5,5,0.052083333333333336,0.052083333333333336,11,9,9,0.8181818181818182,0.8181818181818182
family_ablation,qwen3.5:4b,all_crops,original,all,0.74,25,20,20,0.8,0.8,96,2,2,0.020833333333333332,0.020833333333333332,11,9,9,0.8181818181818182,0.8181818181818182
family_ablation,qwen3.5:4b,all_crops,original,all,0.75,25,20,20,0.8,0.8,96,2,2,0.020833333333333332,0.020833333333333332,11,9,9,0.8181818181818182,0.8181818181818182
family_ablation,qwen3.5:4b,all_crops,original,all,0.76,25,18,18,0.72,0.72,96,1,1,0.010416666666666666,0.010416666666666666,11,8,8,0.7272727272727273,0.7272727272727273
family_ablation,qwen3.5:4b,all_crops,original,all,0.77,25,18,18,0.72,0.72,96,1,1,0.010416666666666666,0.010416666666666666,11,8,8,0.7272727272727273,0.7272727272727273
family_ablation,qwen3.5:4b,all_crops,original,all,0.78,25,18,18,0.72,0.72,96,1,1,0.010416666666666666,0.010416666666666666,11,8,8,0.7272727272727273,0.7272727272727273
family_ablation,qwen3.5:4b,all_crops,original,all,0.79,25,18,18,0.72,0.72,96,1,1,0.010416666666666666,0.010416666666666666,11,8,8,0.7272727272727273,0.7272727272727273
family_ablation,qwen3.5:4b,all_crops,original,all,0.8,25,18,18,0.72,0.72,96,1,1,0.010416666666666666,0.010416666666666666,11,8,8,0.7272727272727273,0.7272727272727273
family_ablation,qwen3.5:4b,all_crops,original,all,0.81,25,18,18,0.72,0.72,96,1,1,0.010416666666666666,0.010416666666666666,11,8,8,0.7272727272727273,0.7272727272727273
family_ablation,qwen3.5:4b,all_crops,original,all,0.82,25,18,18,0.72,0.72,96,1,1,0.010416666666666666,0.010416666666666666,11,8,8,0.7272727272727273,0.7272727272727273
family_ablation,qwen3.5:4b,all_crops,original,all,0.83,25,18,18,0.72,0.72,96,1,1,0.010416666666666666,0.010416666666666666,11,8,8,0.7272727272727273,0.7272727272727273
family_ablation,qwen3.5:4b,all_crops,original,all,0.84,25,17,17,0.68,0.68,96,1,1,0.010416666666666666,0.010416666666666666,11,7,7,0.6363636363636364,0.6363636363636364
family_ablation,qwen3.5:4b,all_crops,original,all,0.85,25,17,17,0.68,0.68,96,1,1,0.010416666666666666,0.010416666666666666,11,7,7,0.6363636363636364,0.6363636363636364
family_ablation,qwen3.5:4b,all_crops,original,all,0.86,25,17,17,0.68,0.68,96,0,0,0.0,0.0,11,7,7,0.6363636363636364,0.6363636363636364
family_ablation,qwen3.5:4b,all_crops,original,all,0.87,25,17,17,0.68,0.68,96,0,0,0.0,0.0,11,7,7,0.6363636363636364,0.6363636363636364
family_ablation,qwen3.5:4b,all_crops,original,all,0.88,25,15,15,0.6,0.6,96,0,0,0.0,0.0,11,5,5,0.45454545454545453,0.45454545454545453
family_ablation,qwen3.5:4b,all_crops,original,all,0.89,25,12,12,0.48,0.48,96,0,0,0.0,0.0,11,4,4,0.36363636363636365,0.36363636363636365
family_ablation,qwen3.5:4b,all_crops,original,all,0.9,25,12,12,0.48,0.48,96,0,0,0.0,0.0,11,4,4,0.36363636363636365,0.36363636363636365
family_ablation,qwen3.5:4b,all_crops,original,all,0.91,25,12,12,0.48,0.48,96,0,0,0.0,0.0,11,4,4,0.36363636363636365,0.36363636363636365
family_ablation,qwen3.5:4b,all_crops,original,all,0.92,25,6,6,0.24,0.24,96,0,0,0.0,0.0,11,2,2,0.18181818181818182,0.18181818181818182
family_ablation,qwen3.5:4b,all_crops,original,all,0.93,25,3,3,0.12,0.12,96,0,0,0.0,0.0,11,1,1,0.09090909090909091,0.09090909090909091
family_ablation,qwen3.5:4b,all_crops,original,all,0.94,25,0,0,0.0,0.0,96,0,0,0.0,0.0,11,0,0,0.0,0.0
family_ablation,qwen3.5:4b,all_crops,original,all,0.95,25,0,0,0.0,0.0,96,0,0,0.0,0.0,11,0,0,0.0,0.0
family_ablation,qwen3.5:4b,all_crops,original,all,0.96,25,0,0,0.0,0.0,96,0,0,0.0,0.0,11,0,0,0.0,0.0
family_ablation,qwen3.5:4b,all_crops,original,all,0.97,25,0,0,0.0,0.0,96,0,0,0.0,0.0,11,0,0,0.0,0.0
family_ablation,qwen3.5:4b,all_crops,original,all,0.98,25,0,0,0.0,0.0,96,0,0,0.0,0.0,11,0,0,0.0,0.0
family_ablation,qwen3.5:4b,all_crops,original,all,0.99,25,0,0,0.0,0.0,96,0,0,0.0,0.0,11,0,0,0.0,0.0
family_ablation,qwen3.5:4b,all_crops,original,all,0.995,25,0,0,0.0,0.0,96,0,0,0.0,0.0,11,0,0,0.0,0.0
family_ablation,qwen3.5:4b,all_crops,original,all,0.999,25,0,0,0.0,0.0,96,0,0,0.0,0.0,11,0,0,0.0,0.0
family_ablation,qwen3.5:4b,all_crops,original,all,0.9999,25,0,0,0.0,0.0,96,0,0,0.0,0.0,11,0,0,0.0,0.0
family_ablation,qwen3.5:4b,all_crops,original,all,0.99999,25,0,0,0.0,0.0,96,0,0,0.0,0.0,11,0,0,0.0,0.0
family_ablation,qwen3.5:4b,all_crops,original,all,0.999999,25,0,0,0.0,0.0,96,0,0,0.0,0.0,11,0,0,0.0,0.0
family_ablation,qwen3.5:4b,all_crops,original,all,1.0,25,0,0,0.0,0.0,96,0,0,0.0,0.0,11,0,0,0.0,0.0
family_ablation,qwen3.5:4b,all_crops,state_101,all,0.0,25,25,25,1.0,1.0,96,96,96,1.0,1.0,11,11,11,1.0,1.0
family_ablation,qwen3.5:4b,all_crops,state_101,all,0.01,25,25,25,1.0,1.0,96,96,96,1.0,1.0,11,11,11,1.0,1.0
family_ablation,qwen3.5:4b,all_crops,state_101,all,0.02,25,25,25,1.0,1.0,96,89,89,0.9270833333333334,0.9270833333333334,11,11,11,1.0,1.0
family_ablation,qwen3.5:4b,all_crops,state_101,all,0.03,25,25,25,1.0,1.0,96,86,86,0.8958333333333334,0.8958333333333334,11,11,11,1.0,1.0
family_ablation,qwen3.5:4b,all_crops,state_101,all,0.04,25,25,25,1.0,1.0,96,73,73,0.7604166666666666,0.7604166666666666,11,11,11,1.0,1.0
family_ablation,qwen3.5:4b,all_crops,state_101,all,0.05,25,25,25,1.0,1.0,96,48,48,0.5,0.5,11,11,11,1.0,1.0
family_ablation,qwen3.5:4b,all_crops,state_101,all,0.06,25,25,25,1.0,1.0,96,39,39,0.40625,0.40625,11,11,11,1.0,1.0
family_ablation,qwen3.5:4b,all_crops,state_101,all,0.07,25,25,25,1.0,1.0,96,32,32,0.3333333333333333,0.3333333333333333,11,11,11,1.0,1.0
family_ablation,qwen3.5:4b,all_crops,state_101,all,0.08,25,25,25,1.0,1.0,96,31,31,0.3229166666666667,0.3229166666666667,11,11,11,1.0,1.0
family_ablation,qwen3.5:4b,all_crops,state_101,all,0.09,25,25,25,1.0,1.0,96,31,31,0.3229166666666667,0.3229166666666667,11,11,11,1.0,1.0
family_ablation,qwen3.5:4b,all_crops,state_101,all,0.1,25,25,25,1.0,1.0,96,31,31,0.3229166666666667,0.3229166666666667,11,11,11,1.0,1.0
family_ablation,qwen3.5:4b,all_crops,state_101,all,0.11,25,25,25,1.0,1.0,96,31,31,0.3229166666666667,0.3229166666666667,11,11,11,1.0,1.0
family_ablation,qwen3.5:4b,all_crops,state_101,all,0.12,25,25,25,1.0,1.0,96,25,25,0.2604166666666667,0.2604166666666667,11,11,11,1.0,1.0
family_ablation,qwen3.5:4b,all_crops,state_101,all,0.13,25,25,25,1.0,1.0,96,24,24,0.25,0.25,11,11,11,1.0,1.0
family_ablation,qwen3.5:4b,all_crops,state_101,all,0.14,25,25,25,1.0,1.0,96,24,24,0.25,0.25,11,11,11,1.0,1.0
family_ablation,qwen3.5:4b,all_crops,state_101,all,0.15,25,25,25,1.0,1.0,96,21,21,0.21875,0.21875,11,11,11,1.0,1.0
family_ablation,qwen3.5:4b,all_crops,state_101,all,0.16,25,25,25,1.0,1.0,96,21,21,0.21875,0.21875,11,11,11,1.0,1.0
family_ablation,qwen3.5:4b,all_crops,state_101,all,0.17,25,25,25,1.0,1.0,96,21,21,0.21875,0.21875,11,11,11,1.0,1.0
family_ablation,qwen3.5:4b,all_crops,state_101,all,0.18,25,25,25,1.0,1.0,96,20,20,0.20833333333333334,0.20833333333333334,11,11,11,1.0,1.0
family_ablation,qwen3.5:4b,all_crops,state_101,all,0.19,25,25,25,1.0,1.0,96,20,20,0.20833333333333334,0.20833333333333334,11,11,11,1.0,1.0
family_ablation,qwen3.5:4b,all_crops,state_101,all,0.2,25,25,25,1.0,1.0,96,19,19,0.19791666666666666,0.19791666666666666,11,11,11,1.0,1.0
family_ablation,qwen3.5:4b,all_crops,state_101,all,0.21,25,25,25,1.0,1.0,96,19,19,0.19791666666666666,0.19791666666666666,11,11,11,1.0,1.0
family_ablation,qwen3.5:4b,all_crops,state_101,all,0.22,25,25,25,1.0,1.0,96,19,19,0.19791666666666666,0.19791666666666666,11,11,11,1.0,1.0
family_ablation,qwen3.5:4b,all_crops,state_101,all,0.23,25,25,25,1.0,1.0,96,19,19,0.19791666666666666,0.19791666666666666,11,11,11,1.0,1.0
family_ablation,qwen3.5:4b,all_crops,state_101,all,0.24,25,25,25,1.0,1.0,96,19,19,0.19791666666666666,0.19791666666666666,11,11,11,1.0,1.0
family_ablation,qwen3.5:4b,all_crops,state_101,all,0.25,25,25,25,1.0,1.0,96,19,19,0.19791666666666666,0.19791666666666666,11,11,11,1.0,1.0
family_ablation,qwen3.5:4b,all_crops,state_101,all,0.26,25,25,25,1.0,1.0,96,19,19,0.19791666666666666,0.19791666666666666,11,11,11,1.0,1.0
family_ablation,qwen3.5:4b,all_crops,state_101,all,0.27,25,25,25,1.0,1.0,96,19,19,0.19791666666666666,0.19791666666666666,11,11,11,1.0,1.0
family_ablation,qwen3.5:4b,all_crops,state_101,all,0.28,25,25,25,1.0,1.0,96,19,19,0.19791666666666666,0.19791666666666666,11,11,11,1.0,1.0
family_ablation,qwen3.5:4b,all_crops,state_101,all,0.29,25,25,25,1.0,1.0,96,18,18,0.1875,0.1875,11,11,11,1.0,1.0
family_ablation,qwen3.5:4b,all_crops,state_101,all,0.3,25,25,25,1.0,1.0,96,18,18,0.1875,0.1875,11,11,11,1.0,1.0
family_ablation,qwen3.5:4b,all_crops,state_101,all,0.31,25,25,25,1.0,1.0,96,18,18,0.1875,0.1875,11,11,11,1.0,1.0
family_ablation,qwen3.5:4b,all_crops,state_101,all,0.32,25,25,25,1.0,1.0,96,15,15,0.15625,0.15625,11,11,11,1.0,1.0
family_ablation,qwen3.5:4b,all_crops,state_101,all,0.33,25,25,25,1.0,1.0,96,15,15,0.15625,0.15625,11,11,11,1.0,1.0
family_ablation,qwen3.5:4b,all_crops,state_101,all,0.34,25,25,25,1.0,1.0,96,15,15,0.15625,0.15625,11,11,11,1.0,1.0
family_ablation,qwen3.5:4b,all_crops,state_101,all,0.35,25,25,25,1.0,1.0,96,15,15,0.15625,0.15625,11,11,11,1.0,1.0
family_ablation,qwen3.5:4b,all_crops,state_101,all,0.36,25,25,25,1.0,1.0,96,15,15,0.15625,0.15625,11,11,11,1.0,1.0
family_ablation,qwen3.5:4b,all_crops,state_101,all,0.37,25,25,25,1.0,1.0,96,15,15,0.15625,0.15625,11,11,11,1.0,1.0
family_ablation,qwen3.5:4b,all_crops,state_101,all,0.38,25,25,25,1.0,1.0,96,15,15,0.15625,0.15625,11,11,11,1.0,1.0
family_ablation,qwen3.5:4b,all_crops,state_101,all,0.39,25,25,25,1.0,1.0,96,14,14,0.14583333333333334,0.14583333333333334,11,11,11,1.0,1.0
family_ablation,qwen3.5:4b,all_crops,state_101,all,0.4,25,23,23,0.92,0.92,96,14,14,0.14583333333333334,0.14583333333333334,11,10,10,0.9090909090909091,0.9090909090909091
family_ablation,qwen3.5:4b,all_crops,state_101,all,0.41,25,23,23,0.92,0.92,96,11,11,0.11458333333333333,0.11458333333333333,11,10,10,0.9090909090909091,0.9090909090909091
family_ablation,qwen3.5:4b,all_crops,state_101,all,0.42,25,23,23,0.92,0.92,96,10,10,0.10416666666666667,0.10416666666666667,11,10,10,0.9090909090909091,0.9090909090909091
family_ablation,qwen3.5:4b,all_crops,state_101,all,0.43,25,23,23,0.92,0.92,96,10,10,0.10416666666666667,0.10416666666666667,11,10,10,0.9090909090909091,0.9090909090909091
family_ablation,qwen3.5:4b,all_crops,state_101,all,0.44,25,23,23,0.92,0.92,96,7,7,0.07291666666666667,0.07291666666666667,11,10,10,0.9090909090909091,0.9090909090909091
family_ablation,qwen3.5:4b,all_crops,state_101,all,0.45,25,23,23,0.92,0.92,96,7,7,0.07291666666666667,0.07291666666666667,11,10,10,0.9090909090909091,0.9090909090909091
family_ablation,qwen3.5:4b,all_crops,state_101,all,0.46,25,23,23,0.92,0.92,96,7,7,0.07291666666666667,0.07291666666666667,11,10,10,0.9090909090909091,0.9090909090909091
family_ablation,qwen3.5:4b,all_crops,state_101,all,0.47,25,23,23,0.92,0.92,96,7,7,0.07291666666666667,0.07291666666666667,11,10,10,0.9090909090909091,0.9090909090909091
family_ablation,qwen3.5:4b,all_crops,state_101,all,0.48,25,23,23,0.92,0.92,96,7,7,0.07291666666666667,0.07291666666666667,11,10,10,0.9090909090909091,0.9090909090909091
family_ablation,qwen3.5:4b,all_crops,state_101,all,0.49,25,23,23,0.92,0.92,96,7,7,0.07291666666666667,0.07291666666666667,11,10,10,0.9090909090909091,0.9090909090909091
family_ablation,qwen3.5:4b,all_crops,state_101,all,0.5,25,23,23,0.92,0.92,96,7,7,0.07291666666666667,0.07291666666666667,11,10,10,0.9090909090909091,0.9090909090909091
family_ablation,qwen3.5:4b,all_crops,state_101,all,0.51,25,23,23,0.92,0.92,96,7,7,0.07291666666666667,0.07291666666666667,11,10,10,0.9090909090909091,0.9090909090909091
family_ablation,qwen3.5:4b,all_crops,state_101,all,0.52,25,23,23,0.92,0.92,96,7,7,0.07291666666666667,0.07291666666666667,11,10,10,0.9090909090909091,0.9090909090909091
family_ablation,qwen3.5:4b,all_crops,state_101,all,0.53,25,23,23,0.92,0.92,96,7,7,0.07291666666666667,0.07291666666666667,11,10,10,0.9090909090909091,0.9090909090909091
family_ablation,qwen3.5:4b,all_crops,state_101,all,0.54,25,23,23,0.92,0.92,96,6,6,0.0625,0.0625,11,10,10,0.9090909090909091,0.9090909090909091
family_ablation,qwen3.5:4b,all_crops,state_101,all,0.55,25,23,23,0.92,0.92,96,6,6,0.0625,0.0625,11,10,10,0.9090909090909091,0.9090909090909091
family_ablation,qwen3.5:4b,all_crops,state_101,all,0.56,25,23,23,0.92,0.92,96,6,6,0.0625,0.0625,11,10,10,0.9090909090909091,0.9090909090909091
family_ablation,qwen3.5:4b,all_crops,state_101,all,0.57,25,23,23,0.92,0.92,96,6,6,0.0625,0.0625,11,10,10,0.9090909090909091,0.9090909090909091
family_ablation,qwen3.5:4b,all_crops,state_101,all,0.58,25,23,23,0.92,0.92,96,6,6,0.0625,0.0625,11,10,10,0.9090909090909091,0.9090909090909091
family_ablation,qwen3.5:4b,all_crops,state_101,all,0.59,25,23,23,0.92,0.92,96,6,6,0.0625,0.0625,11,10,10,0.9090909090909091,0.9090909090909091
family_ablation,qwen3.5:4b,all_crops,state_101,all,0.6,25,23,23,0.92,0.92,96,4,4,0.041666666666666664,0.041666666666666664,11,10,10,0.9090909090909091,0.9090909090909091
family_ablation,qwen3.5:4b,all_crops,state_101,all,0.61,25,23,23,0.92,0.92,96,4,4,0.041666666666666664,0.041666666666666664,11,10,10,0.9090909090909091,0.9090909090909091
family_ablation,qwen3.5:4b,all_crops,state_101,all,0.62,25,23,23,0.92,0.92,96,4,4,0.041666666666666664,0.041666666666666664,11,10,10,0.9090909090909091,0.9090909090909091
family_ablation,qwen3.5:4b,all_crops,state_101,all,0.63,25,23,23,0.92,0.92,96,4,4,0.041666666666666664,0.041666666666666664,11,10,10,0.9090909090909091,0.9090909090909091
family_ablation,qwen3.5:4b,all_crops,state_101,all,0.64,25,23,23,0.92,0.92,96,4,4,0.041666666666666664,0.041666666666666664,11,10,10,0.9090909090909091,0.9090909090909091
family_ablation,qwen3.5:4b,all_crops,state_101,all,0.65,25,23,23,0.92,0.92,96,4,4,0.041666666666666664,0.041666666666666664,11,10,10,0.9090909090909091,0.9090909090909091
family_ablation,qwen3.5:4b,all_crops,state_101,all,0.66,25,23,23,0.92,0.92,96,4,4,0.041666666666666664,0.041666666666666664,11,10,10,0.9090909090909091,0.9090909090909091
family_ablation,qwen3.5:4b,all_crops,state_101,all,0.67,25,23,23,0.92,0.92,96,4,4,0.041666666666666664,0.041666666666666664,11,10,10,0.9090909090909091,0.9090909090909091
family_ablation,qwen3.5:4b,all_crops,state_101,all,0.68,25,23,23,0.92,0.92,96,4,4,0.041666666666666664,0.041666666666666664,11,10,10,0.9090909090909091,0.9090909090909091
family_ablation,qwen3.5:4b,all_crops,state_101,all,0.69,25,23,23,0.92,0.92,96,4,4,0.041666666666666664,0.041666666666666664,11,10,10,0.9090909090909091,0.9090909090909091
family_ablation,qwen3.5:4b,all_crops,state_101,all,0.7,25,23,23,0.92,0.92,96,4,4,0.041666666666666664,0.041666666666666664,11,10,10,0.9090909090909091,0.9090909090909091
family_ablation,qwen3.5:4b,all_crops,state_101,all,0.71,25,23,23,0.92,0.92,96,4,4,0.041666666666666664,0.041666666666666664,11,10,10,0.9090909090909091,0.9090909090909091
family_ablation,qwen3.5:4b,all_crops,state_101,all,0.72,25,23,23,0.92,0.92,96,4,4,0.041666666666666664,0.041666666666666664,11,10,10,0.9090909090909091,0.9090909090909091
family_ablation,qwen3.5:4b,all_crops,state_101,all,0.73,25,23,23,0.92,0.92,96,4,4,0.041666666666666664,0.041666666666666664,11,10,10,0.9090909090909091,0.9090909090909091
family_ablation,qwen3.5:4b,all_crops,state_101,all,0.74,25,21,21,0.84,0.84,96,4,4,0.041666666666666664,0.041666666666666664,11,9,9,0.8181818181818182,0.8181818181818182
family_ablation,qwen3.5:4b,all_crops,state_101,all,0.75,25,21,21,0.84,0.84,96,4,4,0.041666666666666664,0.041666666666666664,11,9,9,0.8181818181818182,0.8181818181818182
family_ablation,qwen3.5:4b,all_crops,state_101,all,0.76,25,21,21,0.84,0.84,96,3,3,0.03125,0.03125,11,9,9,0.8181818181818182,0.8181818181818182
family_ablation,qwen3.5:4b,all_crops,state_101,all,0.77,25,21,21,0.84,0.84,96,3,3,0.03125,0.03125,11,9,9,0.8181818181818182,0.8181818181818182
family_ablation,qwen3.5:4b,all_crops,state_101,all,0.78,25,21,21,0.84,0.84,96,3,3,0.03125,0.03125,11,9,9,0.8181818181818182,0.8181818181818182
family_ablation,qwen3.5:4b,all_crops,state_101,all,0.79,25,21,21,0.84,0.84,96,3,3,0.03125,0.03125,11,9,9,0.8181818181818182,0.8181818181818182
family_ablation,qwen3.5:4b,all_crops,state_101,all,0.8,25,21,21,0.84,0.84,96,3,3,0.03125,0.03125,11,9,9,0.8181818181818182,0.8181818181818182
family_ablation,qwen3.5:4b,all_crops,state_101,all,0.81,25,21,21,0.84,0.84,96,3,3,0.03125,0.03125,11,9,9,0.8181818181818182,0.8181818181818182
family_ablation,qwen3.5:4b,all_crops,state_101,all,0.82,25,21,21,0.84,0.84,96,3,3,0.03125,0.03125,11,9,9,0.8181818181818182,0.8181818181818182
family_ablation,qwen3.5:4b,all_crops,state_101,all,0.83,25,21,21,0.84,0.84,96,3,3,0.03125,0.03125,11,9,9,0.8181818181818182,0.8181818181818182
family_ablation,qwen3.5:4b,all_crops,state_101,all,0.84,25,21,21,0.84,0.84,96,3,3,0.03125,0.03125,11,9,9,0.8181818181818182,0.8181818181818182
family_ablation,qwen3.5:4b,all_crops,state_101,all,0.85,25,21,21,0.84,0.84,96,3,3,0.03125,0.03125,11,9,9,0.8181818181818182,0.8181818181818182
family_ablation,qwen3.5:4b,all_crops,state_101,all,0.86,25,17,17,0.68,0.68,96,3,3,0.03125,0.03125,11,7,7,0.6363636363636364,0.6363636363636364
family_ablation,qwen3.5:4b,all_crops,state_101,all,0.87,25,17,17,0.68,0.68,96,0,0,0.0,0.0,11,7,7,0.6363636363636364,0.6363636363636364
family_ablation,qwen3.5:4b,all_crops,state_101,all,0.88,25,14,14,0.56,0.56,96,0,0,0.0,0.0,11,6,6,0.5454545454545454,0.5454545454545454
family_ablation,qwen3.5:4b,all_crops,state_101,all,0.89,25,12,12,0.48,0.48,96,0,0,0.0,0.0,11,4,4,0.36363636363636365,0.36363636363636365
family_ablation,qwen3.5:4b,all_crops,state_101,all,0.9,25,6,6,0.24,0.24,96,0,0,0.0,0.0,11,2,2,0.18181818181818182,0.18181818181818182
family_ablation,qwen3.5:4b,all_crops,state_101,all,0.91,25,3,3,0.12,0.12,96,0,0,0.0,0.0,11,1,1,0.09090909090909091,0.09090909090909091
family_ablation,qwen3.5:4b,all_crops,state_101,all,0.92,25,3,3,0.12,0.12,96,0,0,0.0,0.0,11,1,1,0.09090909090909091,0.09090909090909091
family_ablation,qwen3.5:4b,all_crops,state_101,all,0.93,25,0,0,0.0,0.0,96,0,0,0.0,0.0,11,0,0,0.0,0.0
family_ablation,qwen3.5:4b,all_crops,state_101,all,0.94,25,0,0,0.0,0.0,96,0,0,0.0,0.0,11,0,0,0.0,0.0
family_ablation,qwen3.5:4b,all_crops,state_101,all,0.95,25,0,0,0.0,0.0,96,0,0,0.0,0.0,11,0,0,0.0,0.0
family_ablation,qwen3.5:4b,all_crops,state_101,all,0.96,25,0,0,0.0,0.0,96,0,0,0.0,0.0,11,0,0,0.0,0.0
family_ablation,qwen3.5:4b,all_crops,state_101,all,0.97,25,0,0,0.0,0.0,96,0,0,0.0,0.0,11,0,0,0.0,0.0
family_ablation,qwen3.5:4b,all_crops,state_101,all,0.98,25,0,0,0.0,0.0,96,0,0,0.0,0.0,11,0,0,0.0,0.0
family_ablation,qwen3.5:4b,all_crops,state_101,all,0.99,25,0,0,0.0,0.0,96,0,0,0.0,0.0,11,0,0,0.0,0.0
family_ablation,qwen3.5:4b,all_crops,state_101,all,0.995,25,0,0,0.0,0.0,96,0,0,0.0,0.0,11,0,0,0.0,0.0
family_ablation,qwen3.5:4b,all_crops,state_101,all,0.999,25,0,0,0.0,0.0,96,0,0,0.0,0.0,11,0,0,0.0,0.0
family_ablation,qwen3.5:4b,all_crops,state_101,all,0.9999,25,0,0,0.0,0.0,96,0,0,0.0,0.0,11,0,0,0.0,0.0
family_ablation,qwen3.5:4b,all_crops,state_101,all,0.99999,25,0,0,0.0,0.0,96,0,0,0.0,0.0,11,0,0,0.0,0.0
family_ablation,qwen3.5:4b,all_crops,state_101,all,0.999999,25,0,0,0.0,0.0,96,0,0,0.0,0.0,11,0,0,0.0,0.0
family_ablation,qwen3.5:4b,all_crops,state_101,all,1.0,25,0,0,0.0,0.0,96,0,0,0.0,0.0,11,0,0,0.0,0.0
family_ablation,qwen3.5:4b,all_crops,state_202,all,0.0,25,25,25,1.0,1.0,96,96,96,1.0,1.0,11,11,11,1.0,1.0
family_ablation,qwen3.5:4b,all_crops,state_202,all,0.01,25,25,25,1.0,1.0,96,96,96,1.0,1.0,11,11,11,1.0,1.0
family_ablation,qwen3.5:4b,all_crops,state_202,all,0.02,25,25,25,1.0,1.0,96,91,91,0.9479166666666666,0.9479166666666666,11,11,11,1.0,1.0
family_ablation,qwen3.5:4b,all_crops,state_202,all,0.03,25,25,25,1.0,1.0,96,83,83,0.8645833333333334,0.8645833333333334,11,11,11,1.0,1.0
family_ablation,qwen3.5:4b,all_crops,state_202,all,0.04,25,25,25,1.0,1.0,96,69,69,0.71875,0.71875,11,11,11,1.0,1.0
family_ablation,qwen3.5:4b,all_crops,state_202,all,0.05,25,25,25,1.0,1.0,96,55,55,0.5729166666666666,0.5729166666666666,11,11,11,1.0,1.0
family_ablation,qwen3.5:4b,all_crops,state_202,all,0.06,25,25,25,1.0,1.0,96,45,45,0.46875,0.46875,11,11,11,1.0,1.0
family_ablation,qwen3.5:4b,all_crops,state_202,all,0.07,25,25,25,1.0,1.0,96,39,39,0.40625,0.40625,11,11,11,1.0,1.0
family_ablation,qwen3.5:4b,all_crops,state_202,all,0.08,25,25,25,1.0,1.0,96,38,38,0.3958333333333333,0.3958333333333333,11,11,11,1.0,1.0
family_ablation,qwen3.5:4b,all_crops,state_202,all,0.09,25,25,25,1.0,1.0,96,31,31,0.3229166666666667,0.3229166666666667,11,11,11,1.0,1.0
family_ablation,qwen3.5:4b,all_crops,state_202,all,0.1,25,25,25,1.0,1.0,96,31,31,0.3229166666666667,0.3229166666666667,11,11,11,1.0,1.0
family_ablation,qwen3.5:4b,all_crops,state_202,all,0.11,25,25,25,1.0,1.0,96,27,27,0.28125,0.28125,11,11,11,1.0,1.0
family_ablation,qwen3.5:4b,all_crops,state_202,all,0.12,25,25,25,1.0,1.0,96,27,27,0.28125,0.28125,11,11,11,1.0,1.0
family_ablation,qwen3.5:4b,all_crops,state_202,all,0.13,25,25,25,1.0,1.0,96,27,27,0.28125,0.28125,11,11,11,1.0,1.0
family_ablation,qwen3.5:4b,all_crops,state_202,all,0.14,25,25,25,1.0,1.0,96,25,25,0.2604166666666667,0.2604166666666667,11,11,11,1.0,1.0
family_ablation,qwen3.5:4b,all_crops,state_202,all,0.15,25,25,25,1.0,1.0,96,25,25,0.2604166666666667,0.2604166666666667,11,11,11,1.0,1.0
family_ablation,qwen3.5:4b,all_crops,state_202,all,0.16,25,25,25,1.0,1.0,96,22,22,0.22916666666666666,0.22916666666666666,11,11,11,1.0,1.0
family_ablation,qwen3.5:4b,all_crops,state_202,all,0.17,25,25,25,1.0,1.0,96,21,21,0.21875,0.21875,11,11,11,1.0,1.0
family_ablation,qwen3.5:4b,all_crops,state_202,all,0.18,25,25,25,1.0,1.0,96,21,21,0.21875,0.21875,11,11,11,1.0,1.0
family_ablation,qwen3.5:4b,all_crops,state_202,all,0.19,25,25,25,1.0,1.0,96,21,21,0.21875,0.21875,11,11,11,1.0,1.0
family_ablation,qwen3.5:4b,all_crops,state_202,all,0.2,25,25,25,1.0,1.0,96,21,21,0.21875,0.21875,11,11,11,1.0,1.0
family_ablation,qwen3.5:4b,all_crops,state_202,all,0.21,25,25,25,1.0,1.0,96,21,21,0.21875,0.21875,11,11,11,1.0,1.0
family_ablation,qwen3.5:4b,all_crops,state_202,all,0.22,25,25,25,1.0,1.0,96,19,19,0.19791666666666666,0.19791666666666666,11,11,11,1.0,1.0
family_ablation,qwen3.5:4b,all_crops,state_202,all,0.23,25,25,25,1.0,1.0,96,18,18,0.1875,0.1875,11,11,11,1.0,1.0
family_ablation,qwen3.5:4b,all_crops,state_202,all,0.24,25,25,25,1.0,1.0,96,18,18,0.1875,0.1875,11,11,11,1.0,1.0
family_ablation,qwen3.5:4b,all_crops,state_202,all,0.25,25,25,25,1.0,1.0,96,15,15,0.15625,0.15625,11,11,11,1.0,1.0
family_ablation,qwen3.5:4b,all_crops,state_202,all,0.26,25,25,25,1.0,1.0,96,15,15,0.15625,0.15625,11,11,11,1.0,1.0
family_ablation,qwen3.5:4b,all_crops,state_202,all,0.27,25,25,25,1.0,1.0,96,15,15,0.15625,0.15625,11,11,11,1.0,1.0
family_ablation,qwen3.5:4b,all_crops,state_202,all,0.28,25,25,25,1.0,1.0,96,15,15,0.15625,0.15625,11,11,11,1.0,1.0
family_ablation,qwen3.5:4b,all_crops,state_202,all,0.29,25,25,25,1.0,1.0,96,15,15,0.15625,0.15625,11,11,11,1.0,1.0
family_ablation,qwen3.5:4b,all_crops,state_202,all,0.3,25,25,25,1.0,1.0,96,15,15,0.15625,0.15625,11,11,11,1.0,1.0
family_ablation,qwen3.5:4b,all_crops,state_202,all,0.31,25,25,25,1.0,1.0,96,15,15,0.15625,0.15625,11,11,11,1.0,1.0
family_ablation,qwen3.5:4b,all_crops,state_202,all,0.32,25,25,25,1.0,1.0,96,15,15,0.15625,0.15625,11,11,11,1.0,1.0
family_ablation,qwen3.5:4b,all_crops,state_202,all,0.33,25,25,25,1.0,1.0,96,12,12,0.125,0.125,11,11,11,1.0,1.0
family_ablation,qwen3.5:4b,all_crops,state_202,all,0.34,25,25,25,1.0,1.0,96,12,12,0.125,0.125,11,11,11,1.0,1.0
family_ablation,qwen3.5:4b,all_crops,state_202,all,0.35,25,25,25,1.0,1.0,96,12,12,0.125,0.125,11,11,11,1.0,1.0
family_ablation,qwen3.5:4b,all_crops,state_202,all,0.36,25,25,25,1.0,1.0,96,12,12,0.125,0.125,11,11,11,1.0,1.0
family_ablation,qwen3.5:4b,all_crops,state_202,all,0.37,25,25,25,1.0,1.0,96,12,12,0.125,0.125,11,11,11,1.0,1.0
family_ablation,qwen3.5:4b,all_crops,state_202,all,0.38,25,25,25,1.0,1.0,96,12,12,0.125,0.125,11,11,11,1.0,1.0
family_ablation,qwen3.5:4b,all_crops,state_202,all,0.39,25,25,25,1.0,1.0,96,9,9,0.09375,0.09375,11,11,11,1.0,1.0
family_ablation,qwen3.5:4b,all_crops,state_202,all,0.4,25,25,25,1.0,1.0,96,8,8,0.08333333333333333,0.08333333333333333,11,11,11,1.0,1.0
family_ablation,qwen3.5:4b,all_crops,state_202,all,0.41,25,25,25,1.0,1.0,96,8,8,0.08333333333333333,0.08333333333333333,11,11,11,1.0,1.0
family_ablation,qwen3.5:4b,all_crops,state_202,all,0.42,25,25,25,1.0,1.0,96,8,8,0.08333333333333333,0.08333333333333333,11,11,11,1.0,1.0
family_ablation,qwen3.5:4b,all_crops,state_202,all,0.43,25,25,25,1.0,1.0,96,8,8,0.08333333333333333,0.08333333333333333,11,11,11,1.0,1.0
family_ablation,qwen3.5:4b,all_crops,state_202,all,0.44,25,25,25,1.0,1.0,96,8,8,0.08333333333333333,0.08333333333333333,11,11,11,1.0,1.0
family_ablation,qwen3.5:4b,all_crops,state_202,all,0.45,25,25,25,1.0,1.0,96,8,8,0.08333333333333333,0.08333333333333333,11,11,11,1.0,1.0
family_ablation,qwen3.5:4b,all_crops,state_202,all,0.46,25,25,25,1.0,1.0,96,8,8,0.08333333333333333,0.08333333333333333,11,11,11,1.0,1.0
family_ablation,qwen3.5:4b,all_crops,state_202,all,0.47,25,25,25,1.0,1.0,96,8,8,0.08333333333333333,0.08333333333333333,11,11,11,1.0,1.0
family_ablation,qwen3.5:4b,all_crops,state_202,all,0.48,25,25,25,1.0,1.0,96,8,8,0.08333333333333333,0.08333333333333333,11,11,11,1.0,1.0
family_ablation,qwen3.5:4b,all_crops,state_202,all,0.49,25,25,25,1.0,1.0,96,8,8,0.08333333333333333,0.08333333333333333,11,11,11,1.0,1.0
family_ablation,qwen3.5:4b,all_crops,state_202,all,0.5,25,25,25,1.0,1.0,96,7,7,0.07291666666666667,0.07291666666666667,11,11,11,1.0,1.0
family_ablation,qwen3.5:4b,all_crops,state_202,all,0.51,25,25,25,1.0,1.0,96,6,6,0.0625,0.0625,11,11,11,1.0,1.0
family_ablation,qwen3.5:4b,all_crops,state_202,all,0.52,25,25,25,1.0,1.0,96,6,6,0.0625,0.0625,11,11,11,1.0,1.0
family_ablation,qwen3.5:4b,all_crops,state_202,all,0.53,25,25,25,1.0,1.0,96,6,6,0.0625,0.0625,11,11,11,1.0,1.0
family_ablation,qwen3.5:4b,all_crops,state_202,all,0.54,25,25,25,1.0,1.0,96,6,6,0.0625,0.0625,11,11,11,1.0,1.0
family_ablation,qwen3.5:4b,all_crops,state_202,all,0.55,25,25,25,1.0,1.0,96,6,6,0.0625,0.0625,11,11,11,1.0,1.0
family_ablation,qwen3.5:4b,all_crops,state_202,all,0.56,25,25,25,1.0,1.0,96,6,6,0.0625,0.0625,11,11,11,1.0,1.0
family_ablation,qwen3.5:4b,all_crops,state_202,all,0.57,25,25,25,1.0,1.0,96,6,6,0.0625,0.0625,11,11,11,1.0,1.0
family_ablation,qwen3.5:4b,all_crops,state_202,all,0.58,25,25,25,1.0,1.0,96,6,6,0.0625,0.0625,11,11,11,1.0,1.0
family_ablation,qwen3.5:4b,all_crops,state_202,all,0.59,25,25,25,1.0,1.0,96,6,6,0.0625,0.0625,11,11,11,1.0,1.0
family_ablation,qwen3.5:4b,all_crops,state_202,all,0.6,25,25,25,1.0,1.0,96,6,6,0.0625,0.0625,11,11,11,1.0,1.0
family_ablation,qwen3.5:4b,all_crops,state_202,all,0.61,25,25,25,1.0,1.0,96,6,6,0.0625,0.0625,11,11,11,1.0,1.0
family_ablation,qwen3.5:4b,all_crops,state_202,all,0.62,25,25,25,1.0,1.0,96,6,6,0.0625,0.0625,11,11,11,1.0,1.0
family_ablation,qwen3.5:4b,all_crops,state_202,all,0.63,25,25,25,1.0,1.0,96,6,6,0.0625,0.0625,11,11,11,1.0,1.0
family_ablation,qwen3.5:4b,all_crops,state_202,all,0.64,25,25,25,1.0,1.0,96,6,6,0.0625,0.0625,11,11,11,1.0,1.0
family_ablation,qwen3.5:4b,all_crops,state_202,all,0.65,25,25,25,1.0,1.0,96,6,6,0.0625,0.0625,11,11,11,1.0,1.0
family_ablation,qwen3.5:4b,all_crops,state_202,all,0.66,25,25,25,1.0,1.0,96,6,6,0.0625,0.0625,11,11,11,1.0,1.0
family_ablation,qwen3.5:4b,all_crops,state_202,all,0.67,25,25,25,1.0,1.0,96,6,6,0.0625,0.0625,11,11,11,1.0,1.0
family_ablation,qwen3.5:4b,all_crops,state_202,all,0.68,25,25,25,1.0,1.0,96,6,6,0.0625,0.0625,11,11,11,1.0,1.0
family_ablation,qwen3.5:4b,all_crops,state_202,all,0.69,25,25,25,1.0,1.0,96,6,6,0.0625,0.0625,11,11,11,1.0,1.0
family_ablation,qwen3.5:4b,all_crops,state_202,all,0.7,25,25,25,1.0,1.0,96,3,3,0.03125,0.03125,11,11,11,1.0,1.0
family_ablation,qwen3.5:4b,all_crops,state_202,all,0.71,25,25,25,1.0,1.0,96,3,3,0.03125,0.03125,11,11,11,1.0,1.0
family_ablation,qwen3.5:4b,all_crops,state_202,all,0.72,25,25,25,1.0,1.0,96,3,3,0.03125,0.03125,11,11,11,1.0,1.0
family_ablation,qwen3.5:4b,all_crops,state_202,all,0.73,25,25,25,1.0,1.0,96,3,3,0.03125,0.03125,11,11,11,1.0,1.0
family_ablation,qwen3.5:4b,all_crops,state_202,all,0.74,25,25,25,1.0,1.0,96,3,3,0.03125,0.03125,11,11,11,1.0,1.0
family_ablation,qwen3.5:4b,all_crops,state_202,all,0.75,25,25,25,1.0,1.0,96,3,3,0.03125,0.03125,11,11,11,1.0,1.0
family_ablation,qwen3.5:4b,all_crops,state_202,all,0.76,25,25,25,1.0,1.0,96,2,2,0.020833333333333332,0.020833333333333332,11,11,11,1.0,1.0
family_ablation,qwen3.5:4b,all_crops,state_202,all,0.77,25,25,25,1.0,1.0,96,1,1,0.010416666666666666,0.010416666666666666,11,11,11,1.0,1.0
family_ablation,qwen3.5:4b,all_crops,state_202,all,0.78,25,23,23,0.92,0.92,96,1,1,0.010416666666666666,0.010416666666666666,11,10,10,0.9090909090909091,0.9090909090909091
family_ablation,qwen3.5:4b,all_crops,state_202,all,0.79,25,20,20,0.8,0.8,96,1,1,0.010416666666666666,0.010416666666666666,11,9,9,0.8181818181818182,0.8181818181818182
family_ablation,qwen3.5:4b,all_crops,state_202,all,0.8,25,20,20,0.8,0.8,96,1,1,0.010416666666666666,0.010416666666666666,11,9,9,0.8181818181818182,0.8181818181818182
family_ablation,qwen3.5:4b,all_crops,state_202,all,0.81,25,20,20,0.8,0.8,96,1,1,0.010416666666666666,0.010416666666666666,11,9,9,0.8181818181818182,0.8181818181818182
family_ablation,qwen3.5:4b,all_crops,state_202,all,0.82,25,17,17,0.68,0.68,96,1,1,0.010416666666666666,0.010416666666666666,11,7,7,0.6363636363636364,0.6363636363636364
family_ablation,qwen3.5:4b,all_crops,state_202,all,0.83,25,17,17,0.68,0.68,96,1,1,0.010416666666666666,0.010416666666666666,11,7,7,0.6363636363636364,0.6363636363636364
family_ablation,qwen3.5:4b,all_crops,state_202,all,0.84,25,17,17,0.68,0.68,96,1,1,0.010416666666666666,0.010416666666666666,11,7,7,0.6363636363636364,0.6363636363636364
family_ablation,qwen3.5:4b,all_crops,state_202,all,0.85,25,17,17,0.68,0.68,96,1,1,0.010416666666666666,0.010416666666666666,11,7,7,0.6363636363636364,0.6363636363636364
family_ablation,qwen3.5:4b,all_crops,state_202,all,0.86,25,17,17,0.68,0.68,96,1,1,0.010416666666666666,0.010416666666666666,11,7,7,0.6363636363636364,0.6363636363636364
family_ablation,qwen3.5:4b,all_crops,state_202,all,0.87,25,13,13,0.52,0.52,96,1,1,0.010416666666666666,0.010416666666666666,11,5,5,0.45454545454545453,0.45454545454545453
family_ablation,qwen3.5:4b,all_crops,state_202,all,0.88,25,13,13,0.52,0.52,96,1,1,0.010416666666666666,0.010416666666666666,11,5,5,0.45454545454545453,0.45454545454545453
family_ablation,qwen3.5:4b,all_crops,state_202,all,0.89,25,10,10,0.4,0.4,96,1,1,0.010416666666666666,0.010416666666666666,11,4,4,0.36363636363636365,0.36363636363636365
family_ablation,qwen3.5:4b,all_crops,state_202,all,0.9,25,10,10,0.4,0.4,96,0,0,0.0,0.0,11,4,4,0.36363636363636365,0.36363636363636365
family_ablation,qwen3.5:4b,all_crops,state_202,all,0.91,25,9,9,0.36,0.36,96,0,0,0.0,0.0,11,3,3,0.2727272727272727,0.2727272727272727
family_ablation,qwen3.5:4b,all_crops,state_202,all,0.92,25,0,0,0.0,0.0,96,0,0,0.0,0.0,11,0,0,0.0,0.0
family_ablation,qwen3.5:4b,all_crops,state_202,all,0.93,25,0,0,0.0,0.0,96,0,0,0.0,0.0,11,0,0,0.0,0.0
family_ablation,qwen3.5:4b,all_crops,state_202,all,0.94,25,0,0,0.0,0.0,96,0,0,0.0,0.0,11,0,0,0.0,0.0
family_ablation,qwen3.5:4b,all_crops,state_202,all,0.95,25,0,0,0.0,0.0,96,0,0,0.0,0.0,11,0,0,0.0,0.0
family_ablation,qwen3.5:4b,all_crops,state_202,all,0.96,25,0,0,0.0,0.0,96,0,0,0.0,0.0,11,0,0,0.0,0.0
family_ablation,qwen3.5:4b,all_crops,state_202,all,0.97,25,0,0,0.0,0.0,96,0,0,0.0,0.0,11,0,0,0.0,0.0
family_ablation,qwen3.5:4b,all_crops,state_202,all,0.98,25,0,0,0.0,0.0,96,0,0,0.0,0.0,11,0,0,0.0,0.0
family_ablation,qwen3.5:4b,all_crops,state_202,all,0.99,25,0,0,0.0,0.0,96,0,0,0.0,0.0,11,0,0,0.0,0.0
family_ablation,qwen3.5:4b,all_crops,state_202,all,0.995,25,0,0,0.0,0.0,96,0,0,0.0,0.0,11,0,0,0.0,0.0
family_ablation,qwen3.5:4b,all_crops,state_202,all,0.999,25,0,0,0.0,0.0,96,0,0,0.0,0.0,11,0,0,0.0,0.0
family_ablation,qwen3.5:4b,all_crops,state_202,all,0.9999,25,0,0,0.0,0.0,96,0,0,0.0,0.0,11,0,0,0.0,0.0
family_ablation,qwen3.5:4b,all_crops,state_202,all,0.99999,25,0,0,0.0,0.0,96,0,0,0.0,0.0,11,0,0,0.0,0.0
family_ablation,qwen3.5:4b,all_crops,state_202,all,0.999999,25,0,0,0.0,0.0,96,0,0,0.0,0.0,11,0,0,0.0,0.0
family_ablation,qwen3.5:4b,all_crops,state_202,all,1.0,25,0,0,0.0,0.0,96,0,0,0.0,0.0,11,0,0,0.0,0.0
family_ablation,qwen3.5:4b,all_crops,state_303,all,0.0,25,25,25,1.0,1.0,96,96,96,1.0,1.0,11,11,11,1.0,1.0
family_ablation,qwen3.5:4b,all_crops,state_303,all,0.01,25,25,25,1.0,1.0,96,96,96,1.0,1.0,11,11,11,1.0,1.0
family_ablation,qwen3.5:4b,all_crops,state_303,all,0.02,25,25,25,1.0,1.0,96,91,91,0.9479166666666666,0.9479166666666666,11,11,11,1.0,1.0
family_ablation,qwen3.5:4b,all_crops,state_303,all,0.03,25,25,25,1.0,1.0,96,82,82,0.8541666666666666,0.8541666666666666,11,11,11,1.0,1.0
family_ablation,qwen3.5:4b,all_crops,state_303,all,0.04,25,25,25,1.0,1.0,96,76,76,0.7916666666666666,0.7916666666666666,11,11,11,1.0,1.0
family_ablation,qwen3.5:4b,all_crops,state_303,all,0.05,25,25,25,1.0,1.0,96,48,48,0.5,0.5,11,11,11,1.0,1.0
family_ablation,qwen3.5:4b,all_crops,state_303,all,0.06,25,25,25,1.0,1.0,96,44,44,0.4583333333333333,0.4583333333333333,11,11,11,1.0,1.0
family_ablation,qwen3.5:4b,all_crops,state_303,all,0.07,25,25,25,1.0,1.0,96,39,39,0.40625,0.40625,11,11,11,1.0,1.0
family_ablation,qwen3.5:4b,all_crops,state_303,all,0.08,25,25,25,1.0,1.0,96,35,35,0.3645833333333333,0.3645833333333333,11,11,11,1.0,1.0
family_ablation,qwen3.5:4b,all_crops,state_303,all,0.09,25,25,25,1.0,1.0,96,34,34,0.3541666666666667,0.3541666666666667,11,11,11,1.0,1.0
family_ablation,qwen3.5:4b,all_crops,state_303,all,0.1,25,25,25,1.0,1.0,96,27,27,0.28125,0.28125,11,11,11,1.0,1.0
family_ablation,qwen3.5:4b,all_crops,state_303,all,0.11,25,25,25,1.0,1.0,96,26,26,0.2708333333333333,0.2708333333333333,11,11,11,1.0,1.0
family_ablation,qwen3.5:4b,all_crops,state_303,all,0.12,25,25,25,1.0,1.0,96,25,25,0.2604166666666667,0.2604166666666667,11,11,11,1.0,1.0
family_ablation,qwen3.5:4b,all_crops,state_303,all,0.13,25,25,25,1.0,1.0,96,25,25,0.2604166666666667,0.2604166666666667,11,11,11,1.0,1.0
family_ablation,qwen3.5:4b,all_crops,state_303,all,0.14,25,25,25,1.0,1.0,96,25,25,0.2604166666666667,0.2604166666666667,11,11,11,1.0,1.0
family_ablation,qwen3.5:4b,all_crops,state_303,all,0.15,25,25,25,1.0,1.0,96,25,25,0.2604166666666667,0.2604166666666667,11,11,11,1.0,1.0
family_ablation,qwen3.5:4b,all_crops,state_303,all,0.16,25,25,25,1.0,1.0,96,25,25,0.2604166666666667,0.2604166666666667,11,11,11,1.0,1.0
family_ablation,qwen3.5:4b,all_crops,state_303,all,0.17,25,25,25,1.0,1.0,96,25,25,0.2604166666666667,0.2604166666666667,11,11,11,1.0,1.0
family_ablation,qwen3.5:4b,all_crops,state_303,all,0.18,25,25,25,1.0,1.0,96,22,22,0.22916666666666666,0.22916666666666666,11,11,11,1.0,1.0
family_ablation,qwen3.5:4b,all_crops,state_303,all,0.19,25,25,25,1.0,1.0,96,22,22,0.22916666666666666,0.22916666666666666,11,11,11,1.0,1.0
family_ablation,qwen3.5:4b,all_crops,state_303,all,0.2,25,25,25,1.0,1.0,96,17,17,0.17708333333333334,0.17708333333333334,11,11,11,1.0,1.0
family_ablation,qwen3.5:4b,all_crops,state_303,all,0.21,25,25,25,1.0,1.0,96,17,17,0.17708333333333334,0.17708333333333334,11,11,11,1.0,1.0
family_ablation,qwen3.5:4b,all_crops,state_303,all,0.22,25,25,25,1.0,1.0,96,17,17,0.17708333333333334,0.17708333333333334,11,11,11,1.0,1.0
family_ablation,qwen3.5:4b,all_crops,state_303,all,0.23,25,25,25,1.0,1.0,96,17,17,0.17708333333333334,0.17708333333333334,11,11,11,1.0,1.0
family_ablation,qwen3.5:4b,all_crops,state_303,all,0.24,25,25,25,1.0,1.0,96,17,17,0.17708333333333334,0.17708333333333334,11,11,11,1.0,1.0
family_ablation,qwen3.5:4b,all_crops,state_303,all,0.25,25,25,25,1.0,1.0,96,17,17,0.17708333333333334,0.17708333333333334,11,11,11,1.0,1.0
family_ablation,qwen3.5:4b,all_crops,state_303,all,0.26,25,25,25,1.0,1.0,96,16,16,0.16666666666666666,0.16666666666666666,11,11,11,1.0,1.0
family_ablation,qwen3.5:4b,all_crops,state_303,all,0.27,25,25,25,1.0,1.0,96,16,16,0.16666666666666666,0.16666666666666666,11,11,11,1.0,1.0
family_ablation,qwen3.5:4b,all_crops,state_303,all,0.28,25,25,25,1.0,1.0,96,16,16,0.16666666666666666,0.16666666666666666,11,11,11,1.0,1.0
family_ablation,qwen3.5:4b,all_crops,state_303,all,0.29,25,25,25,1.0,1.0,96,16,16,0.16666666666666666,0.16666666666666666,11,11,11,1.0,1.0
family_ablation,qwen3.5:4b,all_crops,state_303,all,0.3,25,25,25,1.0,1.0,96,16,16,0.16666666666666666,0.16666666666666666,11,11,11,1.0,1.0
family_ablation,qwen3.5:4b,all_crops,state_303,all,0.31,25,25,25,1.0,1.0,96,16,16,0.16666666666666666,0.16666666666666666,11,11,11,1.0,1.0
family_ablation,qwen3.5:4b,all_crops,state_303,all,0.32,25,25,25,1.0,1.0,96,16,16,0.16666666666666666,0.16666666666666666,11,11,11,1.0,1.0
family_ablation,qwen3.5:4b,all_crops,state_303,all,0.33,25,25,25,1.0,1.0,96,16,16,0.16666666666666666,0.16666666666666666,11,11,11,1.0,1.0
family_ablation,qwen3.5:4b,all_crops,state_303,all,0.34,25,25,25,1.0,1.0,96,16,16,0.16666666666666666,0.16666666666666666,11,11,11,1.0,1.0
family_ablation,qwen3.5:4b,all_crops,state_303,all,0.35,25,25,25,1.0,1.0,96,16,16,0.16666666666666666,0.16666666666666666,11,11,11,1.0,1.0
family_ablation,qwen3.5:4b,all_crops,state_303,all,0.36,25,25,25,1.0,1.0,96,16,16,0.16666666666666666,0.16666666666666666,11,11,11,1.0,1.0
family_ablation,qwen3.5:4b,all_crops,state_303,all,0.37,25,25,25,1.0,1.0,96,16,16,0.16666666666666666,0.16666666666666666,11,11,11,1.0,1.0
family_ablation,qwen3.5:4b,all_crops,state_303,all,0.38,25,25,25,1.0,1.0,96,16,16,0.16666666666666666,0.16666666666666666,11,11,11,1.0,1.0
family_ablation,qwen3.5:4b,all_crops,state_303,all,0.39,25,25,25,1.0,1.0,96,12,12,0.125,0.125,11,11,11,1.0,1.0
family_ablation,qwen3.5:4b,all_crops,state_303,all,0.4,25,25,25,1.0,1.0,96,12,12,0.125,0.125,11,11,11,1.0,1.0
family_ablation,qwen3.5:4b,all_crops,state_303,all,0.41,25,23,23,0.92,0.92,96,11,11,0.11458333333333333,0.11458333333333333,11,10,10,0.9090909090909091,0.9090909090909091
family_ablation,qwen3.5:4b,all_crops,state_303,all,0.42,25,23,23,0.92,0.92,96,11,11,0.11458333333333333,0.11458333333333333,11,10,10,0.9090909090909091,0.9090909090909091
family_ablation,qwen3.5:4b,all_crops,state_303,all,0.43,25,21,21,0.84,0.84,96,10,10,0.10416666666666667,0.10416666666666667,11,9,9,0.8181818181818182,0.8181818181818182
family_ablation,qwen3.5:4b,all_crops,state_303,all,0.44,25,21,21,0.84,0.84,96,10,10,0.10416666666666667,0.10416666666666667,11,9,9,0.8181818181818182,0.8181818181818182
family_ablation,qwen3.5:4b,all_crops,state_303,all,0.45,25,21,21,0.84,0.84,96,10,10,0.10416666666666667,0.10416666666666667,11,9,9,0.8181818181818182,0.8181818181818182
family_ablation,qwen3.5:4b,all_crops,state_303,all,0.46,25,21,21,0.84,0.84,96,10,10,0.10416666666666667,0.10416666666666667,11,9,9,0.8181818181818182,0.8181818181818182
family_ablation,qwen3.5:4b,all_crops,state_303,all,0.47,25,21,21,0.84,0.84,96,10,10,0.10416666666666667,0.10416666666666667,11,9,9,0.8181818181818182,0.8181818181818182
family_ablation,qwen3.5:4b,all_crops,state_303,all,0.48,25,21,21,0.84,0.84,96,10,10,0.10416666666666667,0.10416666666666667,11,9,9,0.8181818181818182,0.8181818181818182
family_ablation,qwen3.5:4b,all_crops,state_303,all,0.49,25,21,21,0.84,0.84,96,10,10,0.10416666666666667,0.10416666666666667,11,9,9,0.8181818181818182,0.8181818181818182
family_ablation,qwen3.5:4b,all_crops,state_303,all,0.5,25,21,21,0.84,0.84,96,10,10,0.10416666666666667,0.10416666666666667,11,9,9,0.8181818181818182,0.8181818181818182
family_ablation,qwen3.5:4b,all_crops,state_303,all,0.51,25,21,21,0.84,0.84,96,9,9,0.09375,0.09375,11,9,9,0.8181818181818182,0.8181818181818182
family_ablation,qwen3.5:4b,all_crops,state_303,all,0.52,25,21,21,0.84,0.84,96,9,9,0.09375,0.09375,11,9,9,0.8181818181818182,0.8181818181818182
family_ablation,qwen3.5:4b,all_crops,state_303,all,0.53,25,21,21,0.84,0.84,96,9,9,0.09375,0.09375,11,9,9,0.8181818181818182,0.8181818181818182
family_ablation,qwen3.5:4b,all_crops,state_303,all,0.54,25,21,21,0.84,0.84,96,9,9,0.09375,0.09375,11,9,9,0.8181818181818182,0.8181818181818182
family_ablation,qwen3.5:4b,all_crops,state_303,all,0.55,25,21,21,0.84,0.84,96,9,9,0.09375,0.09375,11,9,9,0.8181818181818182,0.8181818181818182
family_ablation,qwen3.5:4b,all_crops,state_303,all,0.56,25,21,21,0.84,0.84,96,9,9,0.09375,0.09375,11,9,9,0.8181818181818182,0.8181818181818182
family_ablation,qwen3.5:4b,all_crops,state_303,all,0.57,25,21,21,0.84,0.84,96,9,9,0.09375,0.09375,11,9,9,0.8181818181818182,0.8181818181818182
family_ablation,qwen3.5:4b,all_crops,state_303,all,0.58,25,21,21,0.84,0.84,96,9,9,0.09375,0.09375,11,9,9,0.8181818181818182,0.8181818181818182
family_ablation,qwen3.5:4b,all_crops,state_303,all,0.59,25,21,21,0.84,0.84,96,9,9,0.09375,0.09375,11,9,9,0.8181818181818182,0.8181818181818182
family_ablation,qwen3.5:4b,all_crops,state_303,all,0.6,25,21,21,0.84,0.84,96,9,9,0.09375,0.09375,11,9,9,0.8181818181818182,0.8181818181818182
family_ablation,qwen3.5:4b,all_crops,state_303,all,0.61,25,21,21,0.84,0.84,96,9,9,0.09375,0.09375,11,9,9,0.8181818181818182,0.8181818181818182
family_ablation,qwen3.5:4b,all_crops,state_303,all,0.62,25,21,21,0.84,0.84,96,9,9,0.09375,0.09375,11,9,9,0.8181818181818182,0.8181818181818182
family_ablation,qwen3.5:4b,all_crops,state_303,all,0.63,25,21,21,0.84,0.84,96,9,9,0.09375,0.09375,11,9,9,0.8181818181818182,0.8181818181818182
family_ablation,qwen3.5:4b,all_crops,state_303,all,0.64,25,21,21,0.84,0.84,96,9,9,0.09375,0.09375,11,9,9,0.8181818181818182,0.8181818181818182
family_ablation,qwen3.5:4b,all_crops,state_303,all,0.65,25,21,21,0.84,0.84,96,9,9,0.09375,0.09375,11,9,9,0.8181818181818182,0.8181818181818182
family_ablation,qwen3.5:4b,all_crops,state_303,all,0.66,25,21,21,0.84,0.84,96,9,9,0.09375,0.09375,11,9,9,0.8181818181818182,0.8181818181818182
family_ablation,qwen3.5:4b,all_crops,state_303,all,0.67,25,21,21,0.84,0.84,96,9,9,0.09375,0.09375,11,9,9,0.8181818181818182,0.8181818181818182
family_ablation,qwen3.5:4b,all_crops,state_303,all,0.68,25,21,21,0.84,0.84,96,5,5,0.052083333333333336,0.052083333333333336,11,9,9,0.8181818181818182,0.8181818181818182
family_ablation,qwen3.5:4b,all_crops,state_303,all,0.69,25,21,21,0.84,0.84,96,5,5,0.052083333333333336,0.052083333333333336,11,9,9,0.8181818181818182,0.8181818181818182
family_ablation,qwen3.5:4b,all_crops,state_303,all,0.7,25,21,21,0.84,0.84,96,5,5,0.052083333333333336,0.052083333333333336,11,9,9,0.8181818181818182,0.8181818181818182
family_ablation,qwen3.5:4b,all_crops,state_303,all,0.71,25,21,21,0.84,0.84,96,5,5,0.052083333333333336,0.052083333333333336,11,9,9,0.8181818181818182,0.8181818181818182
family_ablation,qwen3.5:4b,all_crops,state_303,all,0.72,25,21,21,0.84,0.84,96,5,5,0.052083333333333336,0.052083333333333336,11,9,9,0.8181818181818182,0.8181818181818182
family_ablation,qwen3.5:4b,all_crops,state_303,all,0.73,25,21,21,0.84,0.84,96,5,5,0.052083333333333336,0.052083333333333336,11,9,9,0.8181818181818182,0.8181818181818182
family_ablation,qwen3.5:4b,all_crops,state_303,all,0.74,25,21,21,0.84,0.84,96,5,5,0.052083333333333336,0.052083333333333336,11,9,9,0.8181818181818182,0.8181818181818182
family_ablation,qwen3.5:4b,all_crops,state_303,all,0.75,25,21,21,0.84,0.84,96,5,5,0.052083333333333336,0.052083333333333336,11,9,9,0.8181818181818182,0.8181818181818182
family_ablation,qwen3.5:4b,all_crops,state_303,all,0.76,25,21,21,0.84,0.84,96,5,5,0.052083333333333336,0.052083333333333336,11,9,9,0.8181818181818182,0.8181818181818182
family_ablation,qwen3.5:4b,all_crops,state_303,all,0.77,25,21,21,0.84,0.84,96,4,4,0.041666666666666664,0.041666666666666664,11,9,9,0.8181818181818182,0.8181818181818182
family_ablation,qwen3.5:4b,all_crops,state_303,all,0.78,25,21,21,0.84,0.84,96,1,1,0.010416666666666666,0.010416666666666666,11,9,9,0.8181818181818182,0.8181818181818182
family_ablation,qwen3.5:4b,all_crops,state_303,all,0.79,25,21,21,0.84,0.84,96,1,1,0.010416666666666666,0.010416666666666666,11,9,9,0.8181818181818182,0.8181818181818182
family_ablation,qwen3.5:4b,all_crops,state_303,all,0.8,25,20,20,0.8,0.8,96,1,1,0.010416666666666666,0.010416666666666666,11,8,8,0.7272727272727273,0.7272727272727273
family_ablation,qwen3.5:4b,all_crops,state_303,all,0.81,25,20,20,0.8,0.8,96,1,1,0.010416666666666666,0.010416666666666666,11,8,8,0.7272727272727273,0.7272727272727273
family_ablation,qwen3.5:4b,all_crops,state_303,all,0.82,25,20,20,0.8,0.8,96,1,1,0.010416666666666666,0.010416666666666666,11,8,8,0.7272727272727273,0.7272727272727273
family_ablation,qwen3.5:4b,all_crops,state_303,all,0.83,25,20,20,0.8,0.8,96,1,1,0.010416666666666666,0.010416666666666666,11,8,8,0.7272727272727273,0.7272727272727273
family_ablation,qwen3.5:4b,all_crops,state_303,all,0.84,25,20,20,0.8,0.8,96,1,1,0.010416666666666666,0.010416666666666666,11,8,8,0.7272727272727273,0.7272727272727273
family_ablation,qwen3.5:4b,all_crops,state_303,all,0.85,25,20,20,0.8,0.8,96,1,1,0.010416666666666666,0.010416666666666666,11,8,8,0.7272727272727273,0.7272727272727273
family_ablation,qwen3.5:4b,all_crops,state_303,all,0.86,25,20,20,0.8,0.8,96,1,1,0.010416666666666666,0.010416666666666666,11,8,8,0.7272727272727273,0.7272727272727273
family_ablation,qwen3.5:4b,all_crops,state_303,all,0.87,25,17,17,0.68,0.68,96,1,1,0.010416666666666666,0.010416666666666666,11,7,7,0.6363636363636364,0.6363636363636364
family_ablation,qwen3.5:4b,all_crops,state_303,all,0.88,25,16,16,0.64,0.64,96,1,1,0.010416666666666666,0.010416666666666666,11,6,6,0.5454545454545454,0.5454545454545454
family_ablation,qwen3.5:4b,all_crops,state_303,all,0.89,25,16,16,0.64,0.64,96,0,0,0.0,0.0,11,6,6,0.5454545454545454,0.5454545454545454
family_ablation,qwen3.5:4b,all_crops,state_303,all,0.9,25,15,15,0.6,0.6,96,0,0,0.0,0.0,11,5,5,0.45454545454545453,0.45454545454545453
family_ablation,qwen3.5:4b,all_crops,state_303,all,0.91,25,9,9,0.36,0.36,96,0,0,0.0,0.0,11,3,3,0.2727272727272727,0.2727272727272727
family_ablation,qwen3.5:4b,all_crops,state_303,all,0.92,25,3,3,0.12,0.12,96,0,0,0.0,0.0,11,1,1,0.09090909090909091,0.09090909090909091
family_ablation,qwen3.5:4b,all_crops,state_303,all,0.93,25,0,0,0.0,0.0,96,0,0,0.0,0.0,11,0,0,0.0,0.0
family_ablation,qwen3.5:4b,all_crops,state_303,all,0.94,25,0,0,0.0,0.0,96,0,0,0.0,0.0,11,0,0,0.0,0.0
family_ablation,qwen3.5:4b,all_crops,state_303,all,0.95,25,0,0,0.0,0.0,96,0,0,0.0,0.0,11,0,0,0.0,0.0
family_ablation,qwen3.5:4b,all_crops,state_303,all,0.96,25,0,0,0.0,0.0,96,0,0,0.0,0.0,11,0,0,0.0,0.0
family_ablation,qwen3.5:4b,all_crops,state_303,all,0.97,25,0,0,0.0,0.0,96,0,0,0.0,0.0,11,0,0,0.0,0.0
family_ablation,qwen3.5:4b,all_crops,state_303,all,0.98,25,0,0,0.0,0.0,96,0,0,0.0,0.0,11,0,0,0.0,0.0
family_ablation,qwen3.5:4b,all_crops,state_303,all,0.99,25,0,0,0.0,0.0,96,0,0,0.0,0.0,11,0,0,0.0,0.0
family_ablation,qwen3.5:4b,all_crops,state_303,all,0.995,25,0,0,0.0,0.0,96,0,0,0.0,0.0,11,0,0,0.0,0.0
family_ablation,qwen3.5:4b,all_crops,state_303,all,0.999,25,0,0,0.0,0.0,96,0,0,0.0,0.0,11,0,0,0.0,0.0
family_ablation,qwen3.5:4b,all_crops,state_303,all,0.9999,25,0,0,0.0,0.0,96,0,0,0.0,0.0,11,0,0,0.0,0.0
family_ablation,qwen3.5:4b,all_crops,state_303,all,0.99999,25,0,0,0.0,0.0,96,0,0,0.0,0.0,11,0,0,0.0,0.0
family_ablation,qwen3.5:4b,all_crops,state_303,all,0.999999,25,0,0,0.0,0.0,96,0,0,0.0,0.0,11,0,0,0.0,0.0
family_ablation,qwen3.5:4b,all_crops,state_303,all,1.0,25,0,0,0.0,0.0,96,0,0,0.0,0.0,11,0,0,0.0,0.0
family_ablation,qwen3.5:4b,all_crops,all,all,0.0,100,100,100,1.0,1.0,384,384,384,1.0,1.0,44,44,44,1.0,1.0
family_ablation,qwen3.5:4b,all_crops,all,all,0.01,100,100,100,1.0,1.0,384,384,384,1.0,1.0,44,44,44,1.0,1.0
family_ablation,qwen3.5:4b,all_crops,all,all,0.02,100,100,100,1.0,1.0,384,365,365,0.9505208333333334,0.9505208333333334,44,44,44,1.0,1.0
family_ablation,qwen3.5:4b,all_crops,all,all,0.03,100,100,100,1.0,1.0,384,338,338,0.8802083333333334,0.8802083333333334,44,44,44,1.0,1.0
family_ablation,qwen3.5:4b,all_crops,all,all,0.04,100,100,100,1.0,1.0,384,281,281,0.7317708333333334,0.7317708333333334,44,44,44,1.0,1.0
family_ablation,qwen3.5:4b,all_crops,all,all,0.05,100,100,100,1.0,1.0,384,208,208,0.5416666666666666,0.5416666666666666,44,44,44,1.0,1.0
family_ablation,qwen3.5:4b,all_crops,all,all,0.06,100,100,100,1.0,1.0,384,177,177,0.4609375,0.4609375,44,44,44,1.0,1.0
family_ablation,qwen3.5:4b,all_crops,all,all,0.07,100,100,100,1.0,1.0,384,150,150,0.390625,0.390625,44,44,44,1.0,1.0
family_ablation,qwen3.5:4b,all_crops,all,all,0.08,100,100,100,1.0,1.0,384,140,140,0.3645833333333333,0.3645833333333333,44,44,44,1.0,1.0
family_ablation,qwen3.5:4b,all_crops,all,all,0.09,100,100,100,1.0,1.0,384,132,132,0.34375,0.34375,44,44,44,1.0,1.0
family_ablation,qwen3.5:4b,all_crops,all,all,0.1,100,100,100,1.0,1.0,384,125,125,0.3255208333333333,0.3255208333333333,44,44,44,1.0,1.0
family_ablation,qwen3.5:4b,all_crops,all,all,0.11,100,100,100,1.0,1.0,384,117,117,0.3046875,0.3046875,44,44,44,1.0,1.0
family_ablation,qwen3.5:4b,all_crops,all,all,0.12,100,100,100,1.0,1.0,384,110,110,0.2864583333333333,0.2864583333333333,44,44,44,1.0,1.0
family_ablation,qwen3.5:4b,all_crops,all,all,0.13,100,100,100,1.0,1.0,384,108,108,0.28125,0.28125,44,44,44,1.0,1.0
family_ablation,qwen3.5:4b,all_crops,all,all,0.14,100,100,100,1.0,1.0,384,106,106,0.2760416666666667,0.2760416666666667,44,44,44,1.0,1.0
family_ablation,qwen3.5:4b,all_crops,all,all,0.15,100,100,100,1.0,1.0,384,97,97,0.2526041666666667,0.2526041666666667,44,44,44,1.0,1.0
family_ablation,qwen3.5:4b,all_crops,all,all,0.16,100,100,100,1.0,1.0,384,94,94,0.24479166666666666,0.24479166666666666,44,44,44,1.0,1.0
family_ablation,qwen3.5:4b,all_crops,all,all,0.17,100,100,100,1.0,1.0,384,90,90,0.234375,0.234375,44,44,44,1.0,1.0
family_ablation,qwen3.5:4b,all_crops,all,all,0.18,100,100,100,1.0,1.0,384,86,86,0.22395833333333334,0.22395833333333334,44,44,44,1.0,1.0
family_ablation,qwen3.5:4b,all_crops,all,all,0.19,100,100,100,1.0,1.0,384,86,86,0.22395833333333334,0.22395833333333334,44,44,44,1.0,1.0
family_ablation,qwen3.5:4b,all_crops,all,all,0.2,100,100,100,1.0,1.0,384,80,80,0.20833333333333334,0.20833333333333334,44,44,44,1.0,1.0
family_ablation,qwen3.5:4b,all_crops,all,all,0.21,100,100,100,1.0,1.0,384,77,77,0.20052083333333334,0.20052083333333334,44,44,44,1.0,1.0
family_ablation,qwen3.5:4b,all_crops,all,all,0.22,100,100,100,1.0,1.0,384,75,75,0.1953125,0.1953125,44,44,44,1.0,1.0
family_ablation,qwen3.5:4b,all_crops,all,all,0.23,100,100,100,1.0,1.0,384,74,74,0.19270833333333334,0.19270833333333334,44,44,44,1.0,1.0
family_ablation,qwen3.5:4b,all_crops,all,all,0.24,100,100,100,1.0,1.0,384,74,74,0.19270833333333334,0.19270833333333334,44,44,44,1.0,1.0
family_ablation,qwen3.5:4b,all_crops,all,all,0.25,100,100,100,1.0,1.0,384,71,71,0.18489583333333334,0.18489583333333334,44,44,44,1.0,1.0
family_ablation,qwen3.5:4b,all_crops,all,all,0.26,100,100,100,1.0,1.0,384,66,66,0.171875,0.171875,44,44,44,1.0,1.0
family_ablation,qwen3.5:4b,all_crops,all,all,0.27,100,100,100,1.0,1.0,384,66,66,0.171875,0.171875,44,44,44,1.0,1.0
family_ablation,qwen3.5:4b,all_crops,all,all,0.28,100,100,100,1.0,1.0,384,63,63,0.1640625,0.1640625,44,44,44,1.0,1.0
family_ablation,qwen3.5:4b,all_crops,all,all,0.29,100,100,100,1.0,1.0,384,61,61,0.15885416666666666,0.15885416666666666,44,44,44,1.0,1.0
family_ablation,qwen3.5:4b,all_crops,all,all,0.3,100,100,100,1.0,1.0,384,61,61,0.15885416666666666,0.15885416666666666,44,44,44,1.0,1.0
family_ablation,qwen3.5:4b,all_crops,all,all,0.31,100,100,100,1.0,1.0,384,61,61,0.15885416666666666,0.15885416666666666,44,44,44,1.0,1.0
family_ablation,qwen3.5:4b,all_crops,all,all,0.32,100,100,100,1.0,1.0,384,58,58,0.15104166666666666,0.15104166666666666,44,44,44,1.0,1.0
family_ablation,qwen3.5:4b,all_crops,all,all,0.33,100,100,100,1.0,1.0,384,54,54,0.140625,0.140625,44,44,44,1.0,1.0
family_ablation,qwen3.5:4b,all_crops,all,all,0.34,100,100,100,1.0,1.0,384,54,54,0.140625,0.140625,44,44,44,1.0,1.0
family_ablation,qwen3.5:4b,all_crops,all,all,0.35,100,100,100,1.0,1.0,384,54,54,0.140625,0.140625,44,44,44,1.0,1.0
family_ablation,qwen3.5:4b,all_crops,all,all,0.36,100,100,100,1.0,1.0,384,54,54,0.140625,0.140625,44,44,44,1.0,1.0
family_ablation,qwen3.5:4b,all_crops,all,all,0.37,100,100,100,1.0,1.0,384,54,54,0.140625,0.140625,44,44,44,1.0,1.0
family_ablation,qwen3.5:4b,all_crops,all,all,0.38,100,100,100,1.0,1.0,384,54,54,0.140625,0.140625,44,44,44,1.0,1.0
family_ablation,qwen3.5:4b,all_crops,all,all,0.39,100,100,100,1.0,1.0,384,46,46,0.11979166666666667,0.11979166666666667,44,44,44,1.0,1.0
family_ablation,qwen3.5:4b,all_crops,all,all,0.4,100,98,98,0.98,0.98,384,45,45,0.1171875,0.1171875,44,43,43,0.9772727272727273,0.9772727272727273
family_ablation,qwen3.5:4b,all_crops,all,all,0.41,100,96,96,0.96,0.96,384,41,41,0.10677083333333333,0.10677083333333333,44,42,42,0.9545454545454546,0.9545454545454546
family_ablation,qwen3.5:4b,all_crops,all,all,0.42,100,96,96,0.96,0.96,384,40,40,0.10416666666666667,0.10416666666666667,44,42,42,0.9545454545454546,0.9545454545454546
family_ablation,qwen3.5:4b,all_crops,all,all,0.43,100,94,94,0.94,0.94,384,38,38,0.09895833333333333,0.09895833333333333,44,41,41,0.9318181818181818,0.9318181818181818
family_ablation,qwen3.5:4b,all_crops,all,all,0.44,100,94,94,0.94,0.94,384,35,35,0.09114583333333333,0.09114583333333333,44,41,41,0.9318181818181818,0.9318181818181818
family_ablation,qwen3.5:4b,all_crops,all,all,0.45,100,94,94,0.94,0.94,384,35,35,0.09114583333333333,0.09114583333333333,44,41,41,0.9318181818181818,0.9318181818181818
family_ablation,qwen3.5:4b,all_crops,all,all,0.46,100,94,94,0.94,0.94,384,32,32,0.08333333333333333,0.08333333333333333,44,41,41,0.9318181818181818,0.9318181818181818
family_ablation,qwen3.5:4b,all_crops,all,all,0.47,100,94,94,0.94,0.94,384,32,32,0.08333333333333333,0.08333333333333333,44,41,41,0.9318181818181818,0.9318181818181818
family_ablation,qwen3.5:4b,all_crops,all,all,0.48,100,94,94,0.94,0.94,384,32,32,0.08333333333333333,0.08333333333333333,44,41,41,0.9318181818181818,0.9318181818181818
family_ablation,qwen3.5:4b,all_crops,all,all,0.49,100,94,94,0.94,0.94,384,32,32,0.08333333333333333,0.08333333333333333,44,41,41,0.9318181818181818,0.9318181818181818
family_ablation,qwen3.5:4b,all_crops,all,all,0.5,100,94,94,0.94,0.94,384,31,31,0.08072916666666667,0.08072916666666667,44,41,41,0.9318181818181818,0.9318181818181818
family_ablation,qwen3.5:4b,all_crops,all,all,0.51,100,94,94,0.94,0.94,384,29,29,0.07552083333333333,0.07552083333333333,44,41,41,0.9318181818181818,0.9318181818181818
family_ablation,qwen3.5:4b,all_crops,all,all,0.52,100,94,94,0.94,0.94,384,28,28,0.07291666666666667,0.07291666666666667,44,41,41,0.9318181818181818,0.9318181818181818
family_ablation,qwen3.5:4b,all_crops,all,all,0.53,100,94,94,0.94,0.94,384,28,28,0.07291666666666667,0.07291666666666667,44,41,41,0.9318181818181818,0.9318181818181818
family_ablation,qwen3.5:4b,all_crops,all,all,0.54,100,94,94,0.94,0.94,384,27,27,0.0703125,0.0703125,44,41,41,0.9318181818181818,0.9318181818181818
family_ablation,qwen3.5:4b,all_crops,all,all,0.55,100,94,94,0.94,0.94,384,27,27,0.0703125,0.0703125,44,41,41,0.9318181818181818,0.9318181818181818
family_ablation,qwen3.5:4b,all_crops,all,all,0.56,100,94,94,0.94,0.94,384,27,27,0.0703125,0.0703125,44,41,41,0.9318181818181818,0.9318181818181818
family_ablation,qwen3.5:4b,all_crops,all,all,0.57,100,94,94,0.94,0.94,384,27,27,0.0703125,0.0703125,44,41,41,0.9318181818181818,0.9318181818181818
family_ablation,qwen3.5:4b,all_crops,all,all,0.58,100,94,94,0.94,0.94,384,27,27,0.0703125,0.0703125,44,41,41,0.9318181818181818,0.9318181818181818
family_ablation,qwen3.5:4b,all_crops,all,all,0.59,100,94,94,0.94,0.94,384,27,27,0.0703125,0.0703125,44,41,41,0.9318181818181818,0.9318181818181818
family_ablation,qwen3.5:4b,all_crops,all,all,0.6,100,94,94,0.94,0.94,384,25,25,0.06510416666666667,0.06510416666666667,44,41,41,0.9318181818181818,0.9318181818181818
family_ablation,qwen3.5:4b,all_crops,all,all,0.61,100,94,94,0.94,0.94,384,24,24,0.0625,0.0625,44,41,41,0.9318181818181818,0.9318181818181818
family_ablation,qwen3.5:4b,all_crops,all,all,0.62,100,94,94,0.94,0.94,384,24,24,0.0625,0.0625,44,41,41,0.9318181818181818,0.9318181818181818
family_ablation,qwen3.5:4b,all_crops,all,all,0.63,100,94,94,0.94,0.94,384,24,24,0.0625,0.0625,44,41,41,0.9318181818181818,0.9318181818181818
family_ablation,qwen3.5:4b,all_crops,all,all,0.64,100,94,94,0.94,0.94,384,24,24,0.0625,0.0625,44,41,41,0.9318181818181818,0.9318181818181818
family_ablation,qwen3.5:4b,all_crops,all,all,0.65,100,94,94,0.94,0.94,384,24,24,0.0625,0.0625,44,41,41,0.9318181818181818,0.9318181818181818
family_ablation,qwen3.5:4b,all_crops,all,all,0.66,100,94,94,0.94,0.94,384,24,24,0.0625,0.0625,44,41,41,0.9318181818181818,0.9318181818181818
family_ablation,qwen3.5:4b,all_crops,all,all,0.67,100,94,94,0.94,0.94,384,24,24,0.0625,0.0625,44,41,41,0.9318181818181818,0.9318181818181818
family_ablation,qwen3.5:4b,all_crops,all,all,0.68,100,94,94,0.94,0.94,384,20,20,0.052083333333333336,0.052083333333333336,44,41,41,0.9318181818181818,0.9318181818181818
family_ablation,qwen3.5:4b,all_crops,all,all,0.69,100,94,94,0.94,0.94,384,20,20,0.052083333333333336,0.052083333333333336,44,41,41,0.9318181818181818,0.9318181818181818
family_ablation,qwen3.5:4b,all_crops,all,all,0.7,100,92,92,0.92,0.92,384,17,17,0.044270833333333336,0.044270833333333336,44,40,40,0.9090909090909091,0.9090909090909091
family_ablation,qwen3.5:4b,all_crops,all,all,0.71,100,92,92,0.92,0.92,384,17,17,0.044270833333333336,0.044270833333333336,44,40,40,0.9090909090909091,0.9090909090909091
family_ablation,qwen3.5:4b,all_crops,all,all,0.72,100,89,89,0.89,0.89,384,17,17,0.044270833333333336,0.044270833333333336,44,39,39,0.8863636363636364,0.8863636363636364
family_ablation,qwen3.5:4b,all_crops,all,all,0.73,100,89,89,0.89,0.89,384,17,17,0.044270833333333336,0.044270833333333336,44,39,39,0.8863636363636364,0.8863636363636364
family_ablation,qwen3.5:4b,all_crops,all,all,0.74,100,87,87,0.87,0.87,384,14,14,0.036458333333333336,0.036458333333333336,44,38,38,0.8636363636363636,0.8636363636363636
family_ablation,qwen3.5:4b,all_crops,all,all,0.75,100,87,87,0.87,0.87,384,14,14,0.036458333333333336,0.036458333333333336,44,38,38,0.8636363636363636,0.8636363636363636
family_ablation,qwen3.5:4b,all_crops,all,all,0.76,100,85,85,0.85,0.85,384,11,11,0.028645833333333332,0.028645833333333332,44,37,37,0.8409090909090909,0.8409090909090909
family_ablation,qwen3.5:4b,all_crops,all,all,0.77,100,85,85,0.85,0.85,384,9,9,0.0234375,0.0234375,44,37,37,0.8409090909090909,0.8409090909090909
family_ablation,qwen3.5:4b,all_crops,all,all,0.78,100,83,83,0.83,0.83,384,6,6,0.015625,0.015625,44,36,36,0.8181818181818182,0.8181818181818182
family_ablation,qwen3.5:4b,all_crops,all,all,0.79,100,80,80,0.8,0.8,384,6,6,0.015625,0.015625,44,35,35,0.7954545454545454,0.7954545454545454
family_ablation,qwen3.5:4b,all_crops,all,all,0.8,100,79,79,0.79,0.79,384,6,6,0.015625,0.015625,44,34,34,0.7727272727272727,0.7727272727272727
family_ablation,qwen3.5:4b,all_crops,all,all,0.81,100,79,79,0.79,0.79,384,6,6,0.015625,0.015625,44,34,34,0.7727272727272727,0.7727272727272727
family_ablation,qwen3.5:4b,all_crops,all,all,0.82,100,76,76,0.76,0.76,384,6,6,0.015625,0.015625,44,32,32,0.7272727272727273,0.7272727272727273
family_ablation,qwen3.5:4b,all_crops,all,all,0.83,100,76,76,0.76,0.76,384,6,6,0.015625,0.015625,44,32,32,0.7272727272727273,0.7272727272727273
family_ablation,qwen3.5:4b,all_crops,all,all,0.84,100,75,75,0.75,0.75,384,6,6,0.015625,0.015625,44,31,31,0.7045454545454546,0.7045454545454546
family_ablation,qwen3.5:4b,all_crops,all,all,0.85,100,75,75,0.75,0.75,384,6,6,0.015625,0.015625,44,31,31,0.7045454545454546,0.7045454545454546
family_ablation,qwen3.5:4b,all_crops,all,all,0.86,100,71,71,0.71,0.71,384,5,5,0.013020833333333334,0.013020833333333334,44,29,29,0.6590909090909091,0.6590909090909091
family_ablation,qwen3.5:4b,all_crops,all,all,0.87,100,64,64,0.64,0.64,384,2,2,0.005208333333333333,0.005208333333333333,44,26,26,0.5909090909090909,0.5909090909090909
family_ablation,qwen3.5:4b,all_crops,all,all,0.88,100,58,58,0.58,0.58,384,2,2,0.005208333333333333,0.005208333333333333,44,22,22,0.5,0.5
family_ablation,qwen3.5:4b,all_crops,all,all,0.89,100,50,50,0.5,0.5,384,1,1,0.0026041666666666665,0.0026041666666666665,44,18,18,0.4090909090909091,0.4090909090909091
family_ablation,qwen3.5:4b,all_crops,all,all,0.9,100,43,43,0.43,0.43,384,0,0,0.0,0.0,44,15,15,0.3409090909090909,0.3409090909090909
family_ablation,qwen3.5:4b,all_crops,all,all,0.91,100,33,33,0.33,0.33,384,0,0,0.0,0.0,44,11,11,0.25,0.25
family_ablation,qwen3.5:4b,all_crops,all,all,0.92,100,12,12,0.12,0.12,384,0,0,0.0,0.0,44,4,4,0.09090909090909091,0.09090909090909091
family_ablation,qwen3.5:4b,all_crops,all,all,0.93,100,3,3,0.03,0.03,384,0,0,0.0,0.0,44,1,1,0.022727272727272728,0.022727272727272728
family_ablation,qwen3.5:4b,all_crops,all,all,0.94,100,0,0,0.0,0.0,384,0,0,0.0,0.0,44,0,0,0.0,0.0
family_ablation,qwen3.5:4b,all_crops,all,all,0.95,100,0,0,0.0,0.0,384,0,0,0.0,0.0,44,0,0,0.0,0.0
family_ablation,qwen3.5:4b,all_crops,all,all,0.96,100,0,0,0.0,0.0,384,0,0,0.0,0.0,44,0,0,0.0,0.0
family_ablation,qwen3.5:4b,all_crops,all,all,0.97,100,0,0,0.0,0.0,384,0,0,0.0,0.0,44,0,0,0.0,0.0
family_ablation,qwen3.5:4b,all_crops,all,all,0.98,100,0,0,0.0,0.0,384,0,0,0.0,0.0,44,0,0,0.0,0.0
family_ablation,qwen3.5:4b,all_crops,all,all,0.99,100,0,0,0.0,0.0,384,0,0,0.0,0.0,44,0,0,0.0,0.0
family_ablation,qwen3.5:4b,all_crops,all,all,0.995,100,0,0,0.0,0.0,384,0,0,0.0,0.0,44,0,0,0.0,0.0
family_ablation,qwen3.5:4b,all_crops,all,all,0.999,100,0,0,0.0,0.0,384,0,0,0.0,0.0,44,0,0,0.0,0.0
family_ablation,qwen3.5:4b,all_crops,all,all,0.9999,100,0,0,0.0,0.0,384,0,0,0.0,0.0,44,0,0,0.0,0.0
family_ablation,qwen3.5:4b,all_crops,all,all,0.99999,100,0,0,0.0,0.0,384,0,0,0.0,0.0,44,0,0,0.0,0.0
family_ablation,qwen3.5:4b,all_crops,all,all,0.999999,100,0,0,0.0,0.0,384,0,0,0.0,0.0,44,0,0,0.0,0.0
family_ablation,qwen3.5:4b,all_crops,all,all,1.0,100,0,0,0.0,0.0,384,0,0,0.0,0.0,44,0,0,0.0,0.0
family_ablation,qwen3.5:4b,autonomous_depth_only,original,all,0.0,25,25,25,1.0,1.0,96,96,96,1.0,1.0,11,11,11,1.0,1.0
family_ablation,qwen3.5:4b,autonomous_depth_only,original,all,0.01,25,25,25,1.0,1.0,96,96,96,1.0,1.0,11,11,11,1.0,1.0
family_ablation,qwen3.5:4b,autonomous_depth_only,original,all,0.02,25,25,25,1.0,1.0,96,94,94,0.9791666666666666,0.9791666666666666,11,11,11,1.0,1.0
family_ablation,qwen3.5:4b,autonomous_depth_only,original,all,0.03,25,25,25,1.0,1.0,96,87,87,0.90625,0.90625,11,11,11,1.0,1.0
family_ablation,qwen3.5:4b,autonomous_depth_only,original,all,0.04,25,25,25,1.0,1.0,96,63,63,0.65625,0.65625,11,11,11,1.0,1.0
family_ablation,qwen3.5:4b,autonomous_depth_only,original,all,0.05,25,25,25,1.0,1.0,96,57,57,0.59375,0.59375,11,11,11,1.0,1.0
family_ablation,qwen3.5:4b,autonomous_depth_only,original,all,0.06,25,25,25,1.0,1.0,96,49,49,0.5104166666666666,0.5104166666666666,11,11,11,1.0,1.0
family_ablation,qwen3.5:4b,autonomous_depth_only,original,all,0.07,25,25,25,1.0,1.0,96,40,40,0.4166666666666667,0.4166666666666667,11,11,11,1.0,1.0
family_ablation,qwen3.5:4b,autonomous_depth_only,original,all,0.08,25,25,25,1.0,1.0,96,36,36,0.375,0.375,11,11,11,1.0,1.0
family_ablation,qwen3.5:4b,autonomous_depth_only,original,all,0.09,25,25,25,1.0,1.0,96,36,36,0.375,0.375,11,11,11,1.0,1.0
family_ablation,qwen3.5:4b,autonomous_depth_only,original,all,0.1,25,25,25,1.0,1.0,96,36,36,0.375,0.375,11,11,11,1.0,1.0
family_ablation,qwen3.5:4b,autonomous_depth_only,original,all,0.11,25,25,25,1.0,1.0,96,33,33,0.34375,0.34375,11,11,11,1.0,1.0
family_ablation,qwen3.5:4b,autonomous_depth_only,original,all,0.12,25,25,25,1.0,1.0,96,33,33,0.34375,0.34375,11,11,11,1.0,1.0
family_ablation,qwen3.5:4b,autonomous_depth_only,original,all,0.13,25,25,25,1.0,1.0,96,32,32,0.3333333333333333,0.3333333333333333,11,11,11,1.0,1.0
family_ablation,qwen3.5:4b,autonomous_depth_only,original,all,0.14,25,25,25,1.0,1.0,96,32,32,0.3333333333333333,0.3333333333333333,11,11,11,1.0,1.0
family_ablation,qwen3.5:4b,autonomous_depth_only,original,all,0.15,25,25,25,1.0,1.0,96,26,26,0.2708333333333333,0.2708333333333333,11,11,11,1.0,1.0
family_ablation,qwen3.5:4b,autonomous_depth_only,original,all,0.16,25,25,25,1.0,1.0,96,26,26,0.2708333333333333,0.2708333333333333,11,11,11,1.0,1.0
family_ablation,qwen3.5:4b,autonomous_depth_only,original,all,0.17,25,25,25,1.0,1.0,96,23,23,0.23958333333333334,0.23958333333333334,11,11,11,1.0,1.0
family_ablation,qwen3.5:4b,autonomous_depth_only,original,all,0.18,25,25,25,1.0,1.0,96,23,23,0.23958333333333334,0.23958333333333334,11,11,11,1.0,1.0
family_ablation,qwen3.5:4b,autonomous_depth_only,original,all,0.19,25,25,25,1.0,1.0,96,23,23,0.23958333333333334,0.23958333333333334,11,11,11,1.0,1.0
family_ablation,qwen3.5:4b,autonomous_depth_only,original,all,0.2,25,25,25,1.0,1.0,96,23,23,0.23958333333333334,0.23958333333333334,11,11,11,1.0,1.0
family_ablation,qwen3.5:4b,autonomous_depth_only,original,all,0.21,25,25,25,1.0,1.0,96,20,20,0.20833333333333334,0.20833333333333334,11,11,11,1.0,1.0
family_ablation,qwen3.5:4b,autonomous_depth_only,original,all,0.22,25,25,25,1.0,1.0,96,20,20,0.20833333333333334,0.20833333333333334,11,11,11,1.0,1.0
family_ablation,qwen3.5:4b,autonomous_depth_only,original,all,0.23,25,25,25,1.0,1.0,96,20,20,0.20833333333333334,0.20833333333333334,11,11,11,1.0,1.0
family_ablation,qwen3.5:4b,autonomous_depth_only,original,all,0.24,25,25,25,1.0,1.0,96,20,20,0.20833333333333334,0.20833333333333334,11,11,11,1.0,1.0
family_ablation,qwen3.5:4b,autonomous_depth_only,original,all,0.25,25,25,25,1.0,1.0,96,20,20,0.20833333333333334,0.20833333333333334,11,11,11,1.0,1.0
family_ablation,qwen3.5:4b,autonomous_depth_only,original,all,0.26,25,25,25,1.0,1.0,96,16,16,0.16666666666666666,0.16666666666666666,11,11,11,1.0,1.0
family_ablation,qwen3.5:4b,autonomous_depth_only,original,all,0.27,25,25,25,1.0,1.0,96,16,16,0.16666666666666666,0.16666666666666666,11,11,11,1.0,1.0
family_ablation,qwen3.5:4b,autonomous_depth_only,original,all,0.28,25,25,25,1.0,1.0,96,13,13,0.13541666666666666,0.13541666666666666,11,11,11,1.0,1.0
family_ablation,qwen3.5:4b,autonomous_depth_only,original,all,0.29,25,25,25,1.0,1.0,96,12,12,0.125,0.125,11,11,11,1.0,1.0
family_ablation,qwen3.5:4b,autonomous_depth_only,original,all,0.3,25,25,25,1.0,1.0,96,12,12,0.125,0.125,11,11,11,1.0,1.0
family_ablation,qwen3.5:4b,autonomous_depth_only,original,all,0.31,25,25,25,1.0,1.0,96,12,12,0.125,0.125,11,11,11,1.0,1.0
family_ablation,qwen3.5:4b,autonomous_depth_only,original,all,0.32,25,25,25,1.0,1.0,96,12,12,0.125,0.125,11,11,11,1.0,1.0
family_ablation,qwen3.5:4b,autonomous_depth_only,original,all,0.33,25,25,25,1.0,1.0,96,11,11,0.11458333333333333,0.11458333333333333,11,11,11,1.0,1.0
family_ablation,qwen3.5:4b,autonomous_depth_only,original,all,0.34,25,25,25,1.0,1.0,96,11,11,0.11458333333333333,0.11458333333333333,11,11,11,1.0,1.0
family_ablation,qwen3.5:4b,autonomous_depth_only,original,all,0.35,25,25,25,1.0,1.0,96,11,11,0.11458333333333333,0.11458333333333333,11,11,11,1.0,1.0
family_ablation,qwen3.5:4b,autonomous_depth_only,original,all,0.36,25,25,25,1.0,1.0,96,11,11,0.11458333333333333,0.11458333333333333,11,11,11,1.0,1.0
family_ablation,qwen3.5:4b,autonomous_depth_only,original,all,0.37,25,25,25,1.0,1.0,96,11,11,0.11458333333333333,0.11458333333333333,11,11,11,1.0,1.0
family_ablation,qwen3.5:4b,autonomous_depth_only,original,all,0.38,25,25,25,1.0,1.0,96,11,11,0.11458333333333333,0.11458333333333333,11,11,11,1.0,1.0
family_ablation,qwen3.5:4b,autonomous_depth_only,original,all,0.39,25,25,25,1.0,1.0,96,11,11,0.11458333333333333,0.11458333333333333,11,11,11,1.0,1.0
family_ablation,qwen3.5:4b,autonomous_depth_only,original,all,0.4,25,25,25,1.0,1.0,96,11,11,0.11458333333333333,0.11458333333333333,11,11,11,1.0,1.0
family_ablation,qwen3.5:4b,autonomous_depth_only,original,all,0.41,25,25,25,1.0,1.0,96,11,11,0.11458333333333333,0.11458333333333333,11,11,11,1.0,1.0
family_ablation,qwen3.5:4b,autonomous_depth_only,original,all,0.42,25,25,25,1.0,1.0,96,11,11,0.11458333333333333,0.11458333333333333,11,11,11,1.0,1.0
family_ablation,qwen3.5:4b,autonomous_depth_only,original,all,0.43,25,25,25,1.0,1.0,96,10,10,0.10416666666666667,0.10416666666666667,11,11,11,1.0,1.0
family_ablation,qwen3.5:4b,autonomous_depth_only,original,all,0.44,25,25,25,1.0,1.0,96,10,10,0.10416666666666667,0.10416666666666667,11,11,11,1.0,1.0
family_ablation,qwen3.5:4b,autonomous_depth_only,original,all,0.45,25,25,25,1.0,1.0,96,10,10,0.10416666666666667,0.10416666666666667,11,11,11,1.0,1.0
family_ablation,qwen3.5:4b,autonomous_depth_only,original,all,0.46,25,25,25,1.0,1.0,96,7,7,0.07291666666666667,0.07291666666666667,11,11,11,1.0,1.0
family_ablation,qwen3.5:4b,autonomous_depth_only,original,all,0.47,25,25,25,1.0,1.0,96,7,7,0.07291666666666667,0.07291666666666667,11,11,11,1.0,1.0
family_ablation,qwen3.5:4b,autonomous_depth_only,original,all,0.48,25,25,25,1.0,1.0,96,7,7,0.07291666666666667,0.07291666666666667,11,11,11,1.0,1.0
family_ablation,qwen3.5:4b,autonomous_depth_only,original,all,0.49,25,25,25,1.0,1.0,96,7,7,0.07291666666666667,0.07291666666666667,11,11,11,1.0,1.0
family_ablation,qwen3.5:4b,autonomous_depth_only,original,all,0.5,25,25,25,1.0,1.0,96,7,7,0.07291666666666667,0.07291666666666667,11,11,11,1.0,1.0
family_ablation,qwen3.5:4b,autonomous_depth_only,original,all,0.51,25,25,25,1.0,1.0,96,7,7,0.07291666666666667,0.07291666666666667,11,11,11,1.0,1.0
family_ablation,qwen3.5:4b,autonomous_depth_only,original,all,0.52,25,25,25,1.0,1.0,96,6,6,0.0625,0.0625,11,11,11,1.0,1.0
family_ablation,qwen3.5:4b,autonomous_depth_only,original,all,0.53,25,25,25,1.0,1.0,96,6,6,0.0625,0.0625,11,11,11,1.0,1.0
family_ablation,qwen3.5:4b,autonomous_depth_only,original,all,0.54,25,25,25,1.0,1.0,96,6,6,0.0625,0.0625,11,11,11,1.0,1.0
family_ablation,qwen3.5:4b,autonomous_depth_only,original,all,0.55,25,25,25,1.0,1.0,96,6,6,0.0625,0.0625,11,11,11,1.0,1.0
family_ablation,qwen3.5:4b,autonomous_depth_only,original,all,0.56,25,25,25,1.0,1.0,96,6,6,0.0625,0.0625,11,11,11,1.0,1.0
family_ablation,qwen3.5:4b,autonomous_depth_only,original,all,0.57,25,25,25,1.0,1.0,96,6,6,0.0625,0.0625,11,11,11,1.0,1.0
family_ablation,qwen3.5:4b,autonomous_depth_only,original,all,0.58,25,25,25,1.0,1.0,96,6,6,0.0625,0.0625,11,11,11,1.0,1.0
family_ablation,qwen3.5:4b,autonomous_depth_only,original,all,0.59,25,25,25,1.0,1.0,96,6,6,0.0625,0.0625,11,11,11,1.0,1.0
family_ablation,qwen3.5:4b,autonomous_depth_only,original,all,0.6,25,25,25,1.0,1.0,96,6,6,0.0625,0.0625,11,11,11,1.0,1.0
family_ablation,qwen3.5:4b,autonomous_depth_only,original,all,0.61,25,25,25,1.0,1.0,96,5,5,0.052083333333333336,0.052083333333333336,11,11,11,1.0,1.0
family_ablation,qwen3.5:4b,autonomous_depth_only,original,all,0.62,25,25,25,1.0,1.0,96,5,5,0.052083333333333336,0.052083333333333336,11,11,11,1.0,1.0
family_ablation,qwen3.5:4b,autonomous_depth_only,original,all,0.63,25,25,25,1.0,1.0,96,5,5,0.052083333333333336,0.052083333333333336,11,11,11,1.0,1.0
family_ablation,qwen3.5:4b,autonomous_depth_only,original,all,0.64,25,25,25,1.0,1.0,96,5,5,0.052083333333333336,0.052083333333333336,11,11,11,1.0,1.0
family_ablation,qwen3.5:4b,autonomous_depth_only,original,all,0.65,25,25,25,1.0,1.0,96,5,5,0.052083333333333336,0.052083333333333336,11,11,11,1.0,1.0
family_ablation,qwen3.5:4b,autonomous_depth_only,original,all,0.66,25,25,25,1.0,1.0,96,5,5,0.052083333333333336,0.052083333333333336,11,11,11,1.0,1.0
family_ablation,qwen3.5:4b,autonomous_depth_only,original,all,0.67,25,25,25,1.0,1.0,96,5,5,0.052083333333333336,0.052083333333333336,11,11,11,1.0,1.0
family_ablation,qwen3.5:4b,autonomous_depth_only,original,all,0.68,25,25,25,1.0,1.0,96,5,5,0.052083333333333336,0.052083333333333336,11,11,11,1.0,1.0
family_ablation,qwen3.5:4b,autonomous_depth_only,original,all,0.69,25,25,25,1.0,1.0,96,5,5,0.052083333333333336,0.052083333333333336,11,11,11,1.0,1.0
family_ablation,qwen3.5:4b,autonomous_depth_only,original,all,0.7,25,23,23,0.92,0.92,96,5,5,0.052083333333333336,0.052083333333333336,11,10,10,0.9090909090909091,0.9090909090909091
family_ablation,qwen3.5:4b,autonomous_depth_only,original,all,0.71,25,23,23,0.92,0.92,96,5,5,0.052083333333333336,0.052083333333333336,11,10,10,0.9090909090909091,0.9090909090909091
family_ablation,qwen3.5:4b,autonomous_depth_only,original,all,0.72,25,20,20,0.8,0.8,96,5,5,0.052083333333333336,0.052083333333333336,11,9,9,0.8181818181818182,0.8181818181818182
family_ablation,qwen3.5:4b,autonomous_depth_only,original,all,0.73,25,20,20,0.8,0.8,96,5,5,0.052083333333333336,0.052083333333333336,11,9,9,0.8181818181818182,0.8181818181818182
family_ablation,qwen3.5:4b,autonomous_depth_only,original,all,0.74,25,20,20,0.8,0.8,96,2,2,0.020833333333333332,0.020833333333333332,11,9,9,0.8181818181818182,0.8181818181818182
family_ablation,qwen3.5:4b,autonomous_depth_only,original,all,0.75,25,20,20,0.8,0.8,96,2,2,0.020833333333333332,0.020833333333333332,11,9,9,0.8181818181818182,0.8181818181818182
family_ablation,qwen3.5:4b,autonomous_depth_only,original,all,0.76,25,18,18,0.72,0.72,96,1,1,0.010416666666666666,0.010416666666666666,11,8,8,0.7272727272727273,0.7272727272727273
family_ablation,qwen3.5:4b,autonomous_depth_only,original,all,0.77,25,18,18,0.72,0.72,96,1,1,0.010416666666666666,0.010416666666666666,11,8,8,0.7272727272727273,0.7272727272727273
family_ablation,qwen3.5:4b,autonomous_depth_only,original,all,0.78,25,18,18,0.72,0.72,96,1,1,0.010416666666666666,0.010416666666666666,11,8,8,0.7272727272727273,0.7272727272727273
family_ablation,qwen3.5:4b,autonomous_depth_only,original,all,0.79,25,18,18,0.72,0.72,96,1,1,0.010416666666666666,0.010416666666666666,11,8,8,0.7272727272727273,0.7272727272727273
family_ablation,qwen3.5:4b,autonomous_depth_only,original,all,0.8,25,18,18,0.72,0.72,96,1,1,0.010416666666666666,0.010416666666666666,11,8,8,0.7272727272727273,0.7272727272727273
family_ablation,qwen3.5:4b,autonomous_depth_only,original,all,0.81,25,18,18,0.72,0.72,96,1,1,0.010416666666666666,0.010416666666666666,11,8,8,0.7272727272727273,0.7272727272727273
family_ablation,qwen3.5:4b,autonomous_depth_only,original,all,0.82,25,18,18,0.72,0.72,96,1,1,0.010416666666666666,0.010416666666666666,11,8,8,0.7272727272727273,0.7272727272727273
family_ablation,qwen3.5:4b,autonomous_depth_only,original,all,0.83,25,18,18,0.72,0.72,96,1,1,0.010416666666666666,0.010416666666666666,11,8,8,0.7272727272727273,0.7272727272727273
family_ablation,qwen3.5:4b,autonomous_depth_only,original,all,0.84,25,17,17,0.68,0.68,96,1,1,0.010416666666666666,0.010416666666666666,11,7,7,0.6363636363636364,0.6363636363636364
family_ablation,qwen3.5:4b,autonomous_depth_only,original,all,0.85,25,17,17,0.68,0.68,96,1,1,0.010416666666666666,0.010416666666666666,11,7,7,0.6363636363636364,0.6363636363636364
family_ablation,qwen3.5:4b,autonomous_depth_only,original,all,0.86,25,17,17,0.68,0.68,96,0,0,0.0,0.0,11,7,7,0.6363636363636364,0.6363636363636364
family_ablation,qwen3.5:4b,autonomous_depth_only,original,all,0.87,25,17,17,0.68,0.68,96,0,0,0.0,0.0,11,7,7,0.6363636363636364,0.6363636363636364
family_ablation,qwen3.5:4b,autonomous_depth_only,original,all,0.88,25,15,15,0.6,0.6,96,0,0,0.0,0.0,11,5,5,0.45454545454545453,0.45454545454545453
family_ablation,qwen3.5:4b,autonomous_depth_only,original,all,0.89,25,12,12,0.48,0.48,96,0,0,0.0,0.0,11,4,4,0.36363636363636365,0.36363636363636365
family_ablation,qwen3.5:4b,autonomous_depth_only,original,all,0.9,25,12,12,0.48,0.48,96,0,0,0.0,0.0,11,4,4,0.36363636363636365,0.36363636363636365
family_ablation,qwen3.5:4b,autonomous_depth_only,original,all,0.91,25,12,12,0.48,0.48,96,0,0,0.0,0.0,11,4,4,0.36363636363636365,0.36363636363636365
family_ablation,qwen3.5:4b,autonomous_depth_only,original,all,0.92,25,6,6,0.24,0.24,96,0,0,0.0,0.0,11,2,2,0.18181818181818182,0.18181818181818182
family_ablation,qwen3.5:4b,autonomous_depth_only,original,all,0.93,25,3,3,0.12,0.12,96,0,0,0.0,0.0,11,1,1,0.09090909090909091,0.09090909090909091
family_ablation,qwen3.5:4b,autonomous_depth_only,original,all,0.94,25,0,0,0.0,0.0,96,0,0,0.0,0.0,11,0,0,0.0,0.0
family_ablation,qwen3.5:4b,autonomous_depth_only,original,all,0.95,25,0,0,0.0,0.0,96,0,0,0.0,0.0,11,0,0,0.0,0.0
family_ablation,qwen3.5:4b,autonomous_depth_only,original,all,0.96,25,0,0,0.0,0.0,96,0,0,0.0,0.0,11,0,0,0.0,0.0
family_ablation,qwen3.5:4b,autonomous_depth_only,original,all,0.97,25,0,0,0.0,0.0,96,0,0,0.0,0.0,11,0,0,0.0,0.0
family_ablation,qwen3.5:4b,autonomous_depth_only,original,all,0.98,25,0,0,0.0,0.0,96,0,0,0.0,0.0,11,0,0,0.0,0.0
family_ablation,qwen3.5:4b,autonomous_depth_only,original,all,0.99,25,0,0,0.0,0.0,96,0,0,0.0,0.0,11,0,0,0.0,0.0
family_ablation,qwen3.5:4b,autonomous_depth_only,original,all,0.995,25,0,0,0.0,0.0,96,0,0,0.0,0.0,11,0,0,0.0,0.0
family_ablation,qwen3.5:4b,autonomous_depth_only,original,all,0.999,25,0,0,0.0,0.0,96,0,0,0.0,0.0,11,0,0,0.0,0.0
family_ablation,qwen3.5:4b,autonomous_depth_only,original,all,0.9999,25,0,0,0.0,0.0,96,0,0,0.0,0.0,11,0,0,0.0,0.0
family_ablation,qwen3.5:4b,autonomous_depth_only,original,all,0.99999,25,0,0,0.0,0.0,96,0,0,0.0,0.0,11,0,0,0.0,0.0
family_ablation,qwen3.5:4b,autonomous_depth_only,original,all,0.999999,25,0,0,0.0,0.0,96,0,0,0.0,0.0,11,0,0,0.0,0.0
family_ablation,qwen3.5:4b,autonomous_depth_only,original,all,1.0,25,0,0,0.0,0.0,96,0,0,0.0,0.0,11,0,0,0.0,0.0
family_ablation,qwen3.5:4b,autonomous_depth_only,state_101,all,0.0,24,24,24,1.0,1.0,86,86,86,1.0,1.0,10,10,10,1.0,1.0
family_ablation,qwen3.5:4b,autonomous_depth_only,state_101,all,0.01,24,24,24,1.0,1.0,86,86,86,1.0,1.0,10,10,10,1.0,1.0
family_ablation,qwen3.5:4b,autonomous_depth_only,state_101,all,0.02,24,24,24,1.0,1.0,86,84,84,0.9767441860465116,0.9767441860465116,10,10,10,1.0,1.0
family_ablation,qwen3.5:4b,autonomous_depth_only,state_101,all,0.03,24,24,24,1.0,1.0,86,81,81,0.9418604651162791,0.9418604651162791,10,10,10,1.0,1.0
family_ablation,qwen3.5:4b,autonomous_depth_only,state_101,all,0.04,24,24,24,1.0,1.0,86,68,68,0.7906976744186046,0.7906976744186046,10,10,10,1.0,1.0
family_ablation,qwen3.5:4b,autonomous_depth_only,state_101,all,0.05,24,24,24,1.0,1.0,86,43,43,0.5,0.5,10,10,10,1.0,1.0
family_ablation,qwen3.5:4b,autonomous_depth_only,state_101,all,0.06,24,24,24,1.0,1.0,86,34,34,0.3953488372093023,0.3953488372093023,10,10,10,1.0,1.0
family_ablation,qwen3.5:4b,autonomous_depth_only,state_101,all,0.07,24,24,24,1.0,1.0,86,27,27,0.313953488372093,0.313953488372093,10,10,10,1.0,1.0
family_ablation,qwen3.5:4b,autonomous_depth_only,state_101,all,0.08,24,24,24,1.0,1.0,86,26,26,0.3023255813953488,0.3023255813953488,10,10,10,1.0,1.0
family_ablation,qwen3.5:4b,autonomous_depth_only,state_101,all,0.09,24,24,24,1.0,1.0,86,26,26,0.3023255813953488,0.3023255813953488,10,10,10,1.0,1.0
family_ablation,qwen3.5:4b,autonomous_depth_only,state_101,all,0.1,24,24,24,1.0,1.0,86,26,26,0.3023255813953488,0.3023255813953488,10,10,10,1.0,1.0
family_ablation,qwen3.5:4b,autonomous_depth_only,state_101,all,0.11,24,24,24,1.0,1.0,86,26,26,0.3023255813953488,0.3023255813953488,10,10,10,1.0,1.0
family_ablation,qwen3.5:4b,autonomous_depth_only,state_101,all,0.12,24,24,24,1.0,1.0,86,23,23,0.26744186046511625,0.26744186046511625,10,10,10,1.0,1.0
family_ablation,qwen3.5:4b,autonomous_depth_only,state_101,all,0.13,24,24,24,1.0,1.0,86,22,22,0.2558139534883721,0.2558139534883721,10,10,10,1.0,1.0
family_ablation,qwen3.5:4b,autonomous_depth_only,state_101,all,0.14,24,24,24,1.0,1.0,86,22,22,0.2558139534883721,0.2558139534883721,10,10,10,1.0,1.0
family_ablation,qwen3.5:4b,autonomous_depth_only,state_101,all,0.15,24,24,24,1.0,1.0,86,19,19,0.22093023255813954,0.22093023255813954,10,10,10,1.0,1.0
family_ablation,qwen3.5:4b,autonomous_depth_only,state_101,all,0.16,24,24,24,1.0,1.0,86,19,19,0.22093023255813954,0.22093023255813954,10,10,10,1.0,1.0
family_ablation,qwen3.5:4b,autonomous_depth_only,state_101,all,0.17,24,24,24,1.0,1.0,86,19,19,0.22093023255813954,0.22093023255813954,10,10,10,1.0,1.0
family_ablation,qwen3.5:4b,autonomous_depth_only,state_101,all,0.18,24,24,24,1.0,1.0,86,18,18,0.20930232558139536,0.20930232558139536,10,10,10,1.0,1.0
family_ablation,qwen3.5:4b,autonomous_depth_only,state_101,all,0.19,24,24,24,1.0,1.0,86,18,18,0.20930232558139536,0.20930232558139536,10,10,10,1.0,1.0
family_ablation,qwen3.5:4b,autonomous_depth_only,state_101,all,0.2,24,24,24,1.0,1.0,86,17,17,0.19767441860465115,0.19767441860465115,10,10,10,1.0,1.0
family_ablation,qwen3.5:4b,autonomous_depth_only,state_101,all,0.21,24,24,24,1.0,1.0,86,17,17,0.19767441860465115,0.19767441860465115,10,10,10,1.0,1.0
family_ablation,qwen3.5:4b,autonomous_depth_only,state_101,all,0.22,24,24,24,1.0,1.0,86,17,17,0.19767441860465115,0.19767441860465115,10,10,10,1.0,1.0
family_ablation,qwen3.5:4b,autonomous_depth_only,state_101,all,0.23,24,24,24,1.0,1.0,86,17,17,0.19767441860465115,0.19767441860465115,10,10,10,1.0,1.0
family_ablation,qwen3.5:4b,autonomous_depth_only,state_101,all,0.24,24,24,24,1.0,1.0,86,17,17,0.19767441860465115,0.19767441860465115,10,10,10,1.0,1.0
family_ablation,qwen3.5:4b,autonomous_depth_only,state_101,all,0.25,24,24,24,1.0,1.0,86,17,17,0.19767441860465115,0.19767441860465115,10,10,10,1.0,1.0
family_ablation,qwen3.5:4b,autonomous_depth_only,state_101,all,0.26,24,24,24,1.0,1.0,86,17,17,0.19767441860465115,0.19767441860465115,10,10,10,1.0,1.0
family_ablation,qwen3.5:4b,autonomous_depth_only,state_101,all,0.27,24,24,24,1.0,1.0,86,17,17,0.19767441860465115,0.19767441860465115,10,10,10,1.0,1.0
family_ablation,qwen3.5:4b,autonomous_depth_only,state_101,all,0.28,24,24,24,1.0,1.0,86,17,17,0.19767441860465115,0.19767441860465115,10,10,10,1.0,1.0
family_ablation,qwen3.5:4b,autonomous_depth_only,state_101,all,0.29,24,24,24,1.0,1.0,86,16,16,0.18604651162790697,0.18604651162790697,10,10,10,1.0,1.0
family_ablation,qwen3.5:4b,autonomous_depth_only,state_101,all,0.3,24,24,24,1.0,1.0,86,16,16,0.18604651162790697,0.18604651162790697,10,10,10,1.0,1.0
family_ablation,qwen3.5:4b,autonomous_depth_only,state_101,all,0.31,24,24,24,1.0,1.0,86,16,16,0.18604651162790697,0.18604651162790697,10,10,10,1.0,1.0
family_ablation,qwen3.5:4b,autonomous_depth_only,state_101,all,0.32,24,24,24,1.0,1.0,86,13,13,0.1511627906976744,0.1511627906976744,10,10,10,1.0,1.0
family_ablation,qwen3.5:4b,autonomous_depth_only,state_101,all,0.33,24,24,24,1.0,1.0,86,13,13,0.1511627906976744,0.1511627906976744,10,10,10,1.0,1.0
family_ablation,qwen3.5:4b,autonomous_depth_only,state_101,all,0.34,24,24,24,1.0,1.0,86,13,13,0.1511627906976744,0.1511627906976744,10,10,10,1.0,1.0
family_ablation,qwen3.5:4b,autonomous_depth_only,state_101,all,0.35,24,24,24,1.0,1.0,86,13,13,0.1511627906976744,0.1511627906976744,10,10,10,1.0,1.0
family_ablation,qwen3.5:4b,autonomous_depth_only,state_101,all,0.36,24,24,24,1.0,1.0,86,13,13,0.1511627906976744,0.1511627906976744,10,10,10,1.0,1.0
family_ablation,qwen3.5:4b,autonomous_depth_only,state_101,all,0.37,24,24,24,1.0,1.0,86,13,13,0.1511627906976744,0.1511627906976744,10,10,10,1.0,1.0
family_ablation,qwen3.5:4b,autonomous_depth_only,state_101,all,0.38,24,24,24,1.0,1.0,86,13,13,0.1511627906976744,0.1511627906976744,10,10,10,1.0,1.0
family_ablation,qwen3.5:4b,autonomous_depth_only,state_101,all,0.39,24,24,24,1.0,1.0,86,13,13,0.1511627906976744,0.1511627906976744,10,10,10,1.0,1.0
family_ablation,qwen3.5:4b,autonomous_depth_only,state_101,all,0.4,24,22,22,0.9166666666666666,0.9166666666666666,86,13,13,0.1511627906976744,0.1511627906976744,10,9,9,0.9,0.9
family_ablation,qwen3.5:4b,autonomous_depth_only,state_101,all,0.41,24,22,22,0.9166666666666666,0.9166666666666666,86,10,10,0.11627906976744186,0.11627906976744186,10,9,9,0.9,0.9
family_ablation,qwen3.5:4b,autonomous_depth_only,state_101,all,0.42,24,22,22,0.9166666666666666,0.9166666666666666,86,9,9,0.10465116279069768,0.10465116279069768,10,9,9,0.9,0.9
family_ablation,qwen3.5:4b,autonomous_depth_only,state_101,all,0.43,24,22,22,0.9166666666666666,0.9166666666666666,86,9,9,0.10465116279069768,0.10465116279069768,10,9,9,0.9,0.9
family_ablation,qwen3.5:4b,autonomous_depth_only,state_101,all,0.44,24,22,22,0.9166666666666666,0.9166666666666666,86,6,6,0.06976744186046512,0.06976744186046512,10,9,9,0.9,0.9
family_ablation,qwen3.5:4b,autonomous_depth_only,state_101,all,0.45,24,22,22,0.9166666666666666,0.9166666666666666,86,6,6,0.06976744186046512,0.06976744186046512,10,9,9,0.9,0.9
family_ablation,qwen3.5:4b,autonomous_depth_only,state_101,all,0.46,24,22,22,0.9166666666666666,0.9166666666666666,86,6,6,0.06976744186046512,0.06976744186046512,10,9,9,0.9,0.9
family_ablation,qwen3.5:4b,autonomous_depth_only,state_101,all,0.47,24,22,22,0.9166666666666666,0.9166666666666666,86,6,6,0.06976744186046512,0.06976744186046512,10,9,9,0.9,0.9
family_ablation,qwen3.5:4b,autonomous_depth_only,state_101,all,0.48,24,22,22,0.9166666666666666,0.9166666666666666,86,6,6,0.06976744186046512,0.06976744186046512,10,9,9,0.9,0.9
family_ablation,qwen3.5:4b,autonomous_depth_only,state_101,all,0.49,24,22,22,0.9166666666666666,0.9166666666666666,86,6,6,0.06976744186046512,0.06976744186046512,10,9,9,0.9,0.9
family_ablation,qwen3.5:4b,autonomous_depth_only,state_101,all,0.5,24,22,22,0.9166666666666666,0.9166666666666666,86,6,6,0.06976744186046512,0.06976744186046512,10,9,9,0.9,0.9
family_ablation,qwen3.5:4b,autonomous_depth_only,state_101,all,0.51,24,22,22,0.9166666666666666,0.9166666666666666,86,6,6,0.06976744186046512,0.06976744186046512,10,9,9,0.9,0.9
family_ablation,qwen3.5:4b,autonomous_depth_only,state_101,all,0.52,24,22,22,0.9166666666666666,0.9166666666666666,86,6,6,0.06976744186046512,0.06976744186046512,10,9,9,0.9,0.9
family_ablation,qwen3.5:4b,autonomous_depth_only,state_101,all,0.53,24,22,22,0.9166666666666666,0.9166666666666666,86,6,6,0.06976744186046512,0.06976744186046512,10,9,9,0.9,0.9
family_ablation,qwen3.5:4b,autonomous_depth_only,state_101,all,0.54,24,22,22,0.9166666666666666,0.9166666666666666,86,5,5,0.05813953488372093,0.05813953488372093,10,9,9,0.9,0.9
family_ablation,qwen3.5:4b,autonomous_depth_only,state_101,all,0.55,24,22,22,0.9166666666666666,0.9166666666666666,86,5,5,0.05813953488372093,0.05813953488372093,10,9,9,0.9,0.9
family_ablation,qwen3.5:4b,autonomous_depth_only,state_101,all,0.56,24,22,22,0.9166666666666666,0.9166666666666666,86,5,5,0.05813953488372093,0.05813953488372093,10,9,9,0.9,0.9
family_ablation,qwen3.5:4b,autonomous_depth_only,state_101,all,0.57,24,22,22,0.9166666666666666,0.9166666666666666,86,5,5,0.05813953488372093,0.05813953488372093,10,9,9,0.9,0.9
family_ablation,qwen3.5:4b,autonomous_depth_only,state_101,all,0.58,24,22,22,0.9166666666666666,0.9166666666666666,86,5,5,0.05813953488372093,0.05813953488372093,10,9,9,0.9,0.9
family_ablation,qwen3.5:4b,autonomous_depth_only,state_101,all,0.59,24,22,22,0.9166666666666666,0.9166666666666666,86,5,5,0.05813953488372093,0.05813953488372093,10,9,9,0.9,0.9
family_ablation,qwen3.5:4b,autonomous_depth_only,state_101,all,0.6,24,22,22,0.9166666666666666,0.9166666666666666,86,3,3,0.03488372093023256,0.03488372093023256,10,9,9,0.9,0.9
family_ablation,qwen3.5:4b,autonomous_depth_only,state_101,all,0.61,24,22,22,0.9166666666666666,0.9166666666666666,86,3,3,0.03488372093023256,0.03488372093023256,10,9,9,0.9,0.9
family_ablation,qwen3.5:4b,autonomous_depth_only,state_101,all,0.62,24,22,22,0.9166666666666666,0.9166666666666666,86,3,3,0.03488372093023256,0.03488372093023256,10,9,9,0.9,0.9
family_ablation,qwen3.5:4b,autonomous_depth_only,state_101,all,0.63,24,22,22,0.9166666666666666,0.9166666666666666,86,3,3,0.03488372093023256,0.03488372093023256,10,9,9,0.9,0.9
family_ablation,qwen3.5:4b,autonomous_depth_only,state_101,all,0.64,24,22,22,0.9166666666666666,0.9166666666666666,86,3,3,0.03488372093023256,0.03488372093023256,10,9,9,0.9,0.9
family_ablation,qwen3.5:4b,autonomous_depth_only,state_101,all,0.65,24,22,22,0.9166666666666666,0.9166666666666666,86,3,3,0.03488372093023256,0.03488372093023256,10,9,9,0.9,0.9
family_ablation,qwen3.5:4b,autonomous_depth_only,state_101,all,0.66,24,22,22,0.9166666666666666,0.9166666666666666,86,3,3,0.03488372093023256,0.03488372093023256,10,9,9,0.9,0.9
family_ablation,qwen3.5:4b,autonomous_depth_only,state_101,all,0.67,24,22,22,0.9166666666666666,0.9166666666666666,86,3,3,0.03488372093023256,0.03488372093023256,10,9,9,0.9,0.9
family_ablation,qwen3.5:4b,autonomous_depth_only,state_101,all,0.68,24,22,22,0.9166666666666666,0.9166666666666666,86,3,3,0.03488372093023256,0.03488372093023256,10,9,9,0.9,0.9
family_ablation,qwen3.5:4b,autonomous_depth_only,state_101,all,0.69,24,22,22,0.9166666666666666,0.9166666666666666,86,3,3,0.03488372093023256,0.03488372093023256,10,9,9,0.9,0.9
family_ablation,qwen3.5:4b,autonomous_depth_only,state_101,all,0.7,24,22,22,0.9166666666666666,0.9166666666666666,86,3,3,0.03488372093023256,0.03488372093023256,10,9,9,0.9,0.9
family_ablation,qwen3.5:4b,autonomous_depth_only,state_101,all,0.71,24,22,22,0.9166666666666666,0.9166666666666666,86,3,3,0.03488372093023256,0.03488372093023256,10,9,9,0.9,0.9
family_ablation,qwen3.5:4b,autonomous_depth_only,state_101,all,0.72,24,22,22,0.9166666666666666,0.9166666666666666,86,3,3,0.03488372093023256,0.03488372093023256,10,9,9,0.9,0.9
family_ablation,qwen3.5:4b,autonomous_depth_only,state_101,all,0.73,24,22,22,0.9166666666666666,0.9166666666666666,86,3,3,0.03488372093023256,0.03488372093023256,10,9,9,0.9,0.9
family_ablation,qwen3.5:4b,autonomous_depth_only,state_101,all,0.74,24,20,20,0.8333333333333334,0.8333333333333334,86,3,3,0.03488372093023256,0.03488372093023256,10,8,8,0.8,0.8
family_ablation,qwen3.5:4b,autonomous_depth_only,state_101,all,0.75,24,20,20,0.8333333333333334,0.8333333333333334,86,3,3,0.03488372093023256,0.03488372093023256,10,8,8,0.8,0.8
family_ablation,qwen3.5:4b,autonomous_depth_only,state_101,all,0.76,24,20,20,0.8333333333333334,0.8333333333333334,86,3,3,0.03488372093023256,0.03488372093023256,10,8,8,0.8,0.8
family_ablation,qwen3.5:4b,autonomous_depth_only,state_101,all,0.77,24,20,20,0.8333333333333334,0.8333333333333334,86,3,3,0.03488372093023256,0.03488372093023256,10,8,8,0.8,0.8
family_ablation,qwen3.5:4b,autonomous_depth_only,state_101,all,0.78,24,20,20,0.8333333333333334,0.8333333333333334,86,3,3,0.03488372093023256,0.03488372093023256,10,8,8,0.8,0.8
family_ablation,qwen3.5:4b,autonomous_depth_only,state_101,all,0.79,24,20,20,0.8333333333333334,0.8333333333333334,86,3,3,0.03488372093023256,0.03488372093023256,10,8,8,0.8,0.8
family_ablation,qwen3.5:4b,autonomous_depth_only,state_101,all,0.8,24,20,20,0.8333333333333334,0.8333333333333334,86,3,3,0.03488372093023256,0.03488372093023256,10,8,8,0.8,0.8
family_ablation,qwen3.5:4b,autonomous_depth_only,state_101,all,0.81,24,20,20,0.8333333333333334,0.8333333333333334,86,3,3,0.03488372093023256,0.03488372093023256,10,8,8,0.8,0.8
family_ablation,qwen3.5:4b,autonomous_depth_only,state_101,all,0.82,24,20,20,0.8333333333333334,0.8333333333333334,86,3,3,0.03488372093023256,0.03488372093023256,10,8,8,0.8,0.8
family_ablation,qwen3.5:4b,autonomous_depth_only,state_101,all,0.83,24,20,20,0.8333333333333334,0.8333333333333334,86,3,3,0.03488372093023256,0.03488372093023256,10,8,8,0.8,0.8
family_ablation,qwen3.5:4b,autonomous_depth_only,state_101,all,0.84,24,20,20,0.8333333333333334,0.8333333333333334,86,3,3,0.03488372093023256,0.03488372093023256,10,8,8,0.8,0.8
family_ablation,qwen3.5:4b,autonomous_depth_only,state_101,all,0.85,24,20,20,0.8333333333333334,0.8333333333333334,86,3,3,0.03488372093023256,0.03488372093023256,10,8,8,0.8,0.8
family_ablation,qwen3.5:4b,autonomous_depth_only,state_101,all,0.86,24,16,16,0.6666666666666666,0.6666666666666666,86,3,3,0.03488372093023256,0.03488372093023256,10,6,6,0.6,0.6
family_ablation,qwen3.5:4b,autonomous_depth_only,state_101,all,0.87,24,16,16,0.6666666666666666,0.6666666666666666,86,0,0,0.0,0.0,10,6,6,0.6,0.6
family_ablation,qwen3.5:4b,autonomous_depth_only,state_101,all,0.88,24,13,13,0.5416666666666666,0.5416666666666666,86,0,0,0.0,0.0,10,5,5,0.5,0.5
family_ablation,qwen3.5:4b,autonomous_depth_only,state_101,all,0.89,24,12,12,0.5,0.5,86,0,0,0.0,0.0,10,4,4,0.4,0.4
family_ablation,qwen3.5:4b,autonomous_depth_only,state_101,all,0.9,24,6,6,0.25,0.25,86,0,0,0.0,0.0,10,2,2,0.2,0.2
family_ablation,qwen3.5:4b,autonomous_depth_only,state_101,all,0.91,24,3,3,0.125,0.125,86,0,0,0.0,0.0,10,1,1,0.1,0.1
family_ablation,qwen3.5:4b,autonomous_depth_only,state_101,all,0.92,24,3,3,0.125,0.125,86,0,0,0.0,0.0,10,1,1,0.1,0.1
family_ablation,qwen3.5:4b,autonomous_depth_only,state_101,all,0.93,24,0,0,0.0,0.0,86,0,0,0.0,0.0,10,0,0,0.0,0.0
family_ablation,qwen3.5:4b,autonomous_depth_only,state_101,all,0.94,24,0,0,0.0,0.0,86,0,0,0.0,0.0,10,0,0,0.0,0.0
family_ablation,qwen3.5:4b,autonomous_depth_only,state_101,all,0.95,24,0,0,0.0,0.0,86,0,0,0.0,0.0,10,0,0,0.0,0.0
family_ablation,qwen3.5:4b,autonomous_depth_only,state_101,all,0.96,24,0,0,0.0,0.0,86,0,0,0.0,0.0,10,0,0,0.0,0.0
family_ablation,qwen3.5:4b,autonomous_depth_only,state_101,all,0.97,24,0,0,0.0,0.0,86,0,0,0.0,0.0,10,0,0,0.0,0.0
family_ablation,qwen3.5:4b,autonomous_depth_only,state_101,all,0.98,24,0,0,0.0,0.0,86,0,0,0.0,0.0,10,0,0,0.0,0.0
family_ablation,qwen3.5:4b,autonomous_depth_only,state_101,all,0.99,24,0,0,0.0,0.0,86,0,0,0.0,0.0,10,0,0,0.0,0.0
family_ablation,qwen3.5:4b,autonomous_depth_only,state_101,all,0.995,24,0,0,0.0,0.0,86,0,0,0.0,0.0,10,0,0,0.0,0.0
family_ablation,qwen3.5:4b,autonomous_depth_only,state_101,all,0.999,24,0,0,0.0,0.0,86,0,0,0.0,0.0,10,0,0,0.0,0.0
family_ablation,qwen3.5:4b,autonomous_depth_only,state_101,all,0.9999,24,0,0,0.0,0.0,86,0,0,0.0,0.0,10,0,0,0.0,0.0
family_ablation,qwen3.5:4b,autonomous_depth_only,state_101,all,0.99999,24,0,0,0.0,0.0,86,0,0,0.0,0.0,10,0,0,0.0,0.0
family_ablation,qwen3.5:4b,autonomous_depth_only,state_101,all,0.999999,24,0,0,0.0,0.0,86,0,0,0.0,0.0,10,0,0,0.0,0.0
family_ablation,qwen3.5:4b,autonomous_depth_only,state_101,all,1.0,24,0,0,0.0,0.0,86,0,0,0.0,0.0,10,0,0,0.0,0.0
family_ablation,qwen3.5:4b,autonomous_depth_only,state_202,all,0.0,25,25,25,1.0,1.0,96,96,96,1.0,1.0,11,11,11,1.0,1.0
family_ablation,qwen3.5:4b,autonomous_depth_only,state_202,all,0.01,25,25,25,1.0,1.0,96,96,96,1.0,1.0,11,11,11,1.0,1.0
family_ablation,qwen3.5:4b,autonomous_depth_only,state_202,all,0.02,25,25,25,1.0,1.0,96,91,91,0.9479166666666666,0.9479166666666666,11,11,11,1.0,1.0
family_ablation,qwen3.5:4b,autonomous_depth_only,state_202,all,0.03,25,25,25,1.0,1.0,96,83,83,0.8645833333333334,0.8645833333333334,11,11,11,1.0,1.0
family_ablation,qwen3.5:4b,autonomous_depth_only,state_202,all,0.04,25,25,25,1.0,1.0,96,69,69,0.71875,0.71875,11,11,11,1.0,1.0
family_ablation,qwen3.5:4b,autonomous_depth_only,state_202,all,0.05,25,25,25,1.0,1.0,96,55,55,0.5729166666666666,0.5729166666666666,11,11,11,1.0,1.0
family_ablation,qwen3.5:4b,autonomous_depth_only,state_202,all,0.06,25,25,25,1.0,1.0,96,45,45,0.46875,0.46875,11,11,11,1.0,1.0
family_ablation,qwen3.5:4b,autonomous_depth_only,state_202,all,0.07,25,25,25,1.0,1.0,96,39,39,0.40625,0.40625,11,11,11,1.0,1.0
family_ablation,qwen3.5:4b,autonomous_depth_only,state_202,all,0.08,25,25,25,1.0,1.0,96,38,38,0.3958333333333333,0.3958333333333333,11,11,11,1.0,1.0
family_ablation,qwen3.5:4b,autonomous_depth_only,state_202,all,0.09,25,25,25,1.0,1.0,96,31,31,0.3229166666666667,0.3229166666666667,11,11,11,1.0,1.0
family_ablation,qwen3.5:4b,autonomous_depth_only,state_202,all,0.1,25,25,25,1.0,1.0,96,31,31,0.3229166666666667,0.3229166666666667,11,11,11,1.0,1.0
family_ablation,qwen3.5:4b,autonomous_depth_only,state_202,all,0.11,25,25,25,1.0,1.0,96,27,27,0.28125,0.28125,11,11,11,1.0,1.0
family_ablation,qwen3.5:4b,autonomous_depth_only,state_202,all,0.12,25,25,25,1.0,1.0,96,27,27,0.28125,0.28125,11,11,11,1.0,1.0
family_ablation,qwen3.5:4b,autonomous_depth_only,state_202,all,0.13,25,25,25,1.0,1.0,96,27,27,0.28125,0.28125,11,11,11,1.0,1.0
family_ablation,qwen3.5:4b,autonomous_depth_only,state_202,all,0.14,25,25,25,1.0,1.0,96,25,25,0.2604166666666667,0.2604166666666667,11,11,11,1.0,1.0
family_ablation,qwen3.5:4b,autonomous_depth_only,state_202,all,0.15,25,25,25,1.0,1.0,96,25,25,0.2604166666666667,0.2604166666666667,11,11,11,1.0,1.0
family_ablation,qwen3.5:4b,autonomous_depth_only,state_202,all,0.16,25,25,25,1.0,1.0,96,22,22,0.22916666666666666,0.22916666666666666,11,11,11,1.0,1.0
family_ablation,qwen3.5:4b,autonomous_depth_only,state_202,all,0.17,25,25,25,1.0,1.0,96,21,21,0.21875,0.21875,11,11,11,1.0,1.0
family_ablation,qwen3.5:4b,autonomous_depth_only,state_202,all,0.18,25,25,25,1.0,1.0,96,21,21,0.21875,0.21875,11,11,11,1.0,1.0
family_ablation,qwen3.5:4b,autonomous_depth_only,state_202,all,0.19,25,25,25,1.0,1.0,96,21,21,0.21875,0.21875,11,11,11,1.0,1.0
family_ablation,qwen3.5:4b,autonomous_depth_only,state_202,all,0.2,25,25,25,1.0,1.0,96,21,21,0.21875,0.21875,11,11,11,1.0,1.0
family_ablation,qwen3.5:4b,autonomous_depth_only,state_202,all,0.21,25,25,25,1.0,1.0,96,21,21,0.21875,0.21875,11,11,11,1.0,1.0
family_ablation,qwen3.5:4b,autonomous_depth_only,state_202,all,0.22,25,25,25,1.0,1.0,96,19,19,0.19791666666666666,0.19791666666666666,11,11,11,1.0,1.0
family_ablation,qwen3.5:4b,autonomous_depth_only,state_202,all,0.23,25,25,25,1.0,1.0,96,18,18,0.1875,0.1875,11,11,11,1.0,1.0
family_ablation,qwen3.5:4b,autonomous_depth_only,state_202,all,0.24,25,25,25,1.0,1.0,96,18,18,0.1875,0.1875,11,11,11,1.0,1.0
family_ablation,qwen3.5:4b,autonomous_depth_only,state_202,all,0.25,25,25,25,1.0,1.0,96,15,15,0.15625,0.15625,11,11,11,1.0,1.0
family_ablation,qwen3.5:4b,autonomous_depth_only,state_202,all,0.26,25,25,25,1.0,1.0,96,15,15,0.15625,0.15625,11,11,11,1.0,1.0
family_ablation,qwen3.5:4b,autonomous_depth_only,state_202,all,0.27,25,25,25,1.0,1.0,96,15,15,0.15625,0.15625,11,11,11,1.0,1.0
family_ablation,qwen3.5:4b,autonomous_depth_only,state_202,all,0.28,25,25,25,1.0,1.0,96,15,15,0.15625,0.15625,11,11,11,1.0,1.0
family_ablation,qwen3.5:4b,autonomous_depth_only,state_202,all,0.29,25,25,25,1.0,1.0,96,15,15,0.15625,0.15625,11,11,11,1.0,1.0
family_ablation,qwen3.5:4b,autonomous_depth_only,state_202,all,0.3,25,25,25,1.0,1.0,96,15,15,0.15625,0.15625,11,11,11,1.0,1.0
family_ablation,qwen3.5:4b,autonomous_depth_only,state_202,all,0.31,25,25,25,1.0,1.0,96,15,15,0.15625,0.15625,11,11,11,1.0,1.0
family_ablation,qwen3.5:4b,autonomous_depth_only,state_202,all,0.32,25,25,25,1.0,1.0,96,15,15,0.15625,0.15625,11,11,11,1.0,1.0
family_ablation,qwen3.5:4b,autonomous_depth_only,state_202,all,0.33,25,25,25,1.0,1.0,96,12,12,0.125,0.125,11,11,11,1.0,1.0
family_ablation,qwen3.5:4b,autonomous_depth_only,state_202,all,0.34,25,25,25,1.0,1.0,96,12,12,0.125,0.125,11,11,11,1.0,1.0
family_ablation,qwen3.5:4b,autonomous_depth_only,state_202,all,0.35,25,25,25,1.0,1.0,96,12,12,0.125,0.125,11,11,11,1.0,1.0
family_ablation,qwen3.5:4b,autonomous_depth_only,state_202,all,0.36,25,25,25,1.0,1.0,96,12,12,0.125,0.125,11,11,11,1.0,1.0
family_ablation,qwen3.5:4b,autonomous_depth_only,state_202,all,0.37,25,25,25,1.0,1.0,96,12,12,0.125,0.125,11,11,11,1.0,1.0
family_ablation,qwen3.5:4b,autonomous_depth_only,state_202,all,0.38,25,25,25,1.0,1.0,96,12,12,0.125,0.125,11,11,11,1.0,1.0
family_ablation,qwen3.5:4b,autonomous_depth_only,state_202,all,0.39,25,25,25,1.0,1.0,96,9,9,0.09375,0.09375,11,11,11,1.0,1.0
family_ablation,qwen3.5:4b,autonomous_depth_only,state_202,all,0.4,25,25,25,1.0,1.0,96,8,8,0.08333333333333333,0.08333333333333333,11,11,11,1.0,1.0
family_ablation,qwen3.5:4b,autonomous_depth_only,state_202,all,0.41,25,25,25,1.0,1.0,96,8,8,0.08333333333333333,0.08333333333333333,11,11,11,1.0,1.0
family_ablation,qwen3.5:4b,autonomous_depth_only,state_202,all,0.42,25,25,25,1.0,1.0,96,8,8,0.08333333333333333,0.08333333333333333,11,11,11,1.0,1.0
family_ablation,qwen3.5:4b,autonomous_depth_only,state_202,all,0.43,25,25,25,1.0,1.0,96,8,8,0.08333333333333333,0.08333333333333333,11,11,11,1.0,1.0
family_ablation,qwen3.5:4b,autonomous_depth_only,state_202,all,0.44,25,25,25,1.0,1.0,96,8,8,0.08333333333333333,0.08333333333333333,11,11,11,1.0,1.0
family_ablation,qwen3.5:4b,autonomous_depth_only,state_202,all,0.45,25,25,25,1.0,1.0,96,8,8,0.08333333333333333,0.08333333333333333,11,11,11,1.0,1.0
family_ablation,qwen3.5:4b,autonomous_depth_only,state_202,all,0.46,25,25,25,1.0,1.0,96,8,8,0.08333333333333333,0.08333333333333333,11,11,11,1.0,1.0
family_ablation,qwen3.5:4b,autonomous_depth_only,state_202,all,0.47,25,25,25,1.0,1.0,96,8,8,0.08333333333333333,0.08333333333333333,11,11,11,1.0,1.0
family_ablation,qwen3.5:4b,autonomous_depth_only,state_202,all,0.48,25,25,25,1.0,1.0,96,8,8,0.08333333333333333,0.08333333333333333,11,11,11,1.0,1.0
family_ablation,qwen3.5:4b,autonomous_depth_only,state_202,all,0.49,25,25,25,1.0,1.0,96,8,8,0.08333333333333333,0.08333333333333333,11,11,11,1.0,1.0
family_ablation,qwen3.5:4b,autonomous_depth_only,state_202,all,0.5,25,25,25,1.0,1.0,96,7,7,0.07291666666666667,0.07291666666666667,11,11,11,1.0,1.0
family_ablation,qwen3.5:4b,autonomous_depth_only,state_202,all,0.51,25,25,25,1.0,1.0,96,6,6,0.0625,0.0625,11,11,11,1.0,1.0
family_ablation,qwen3.5:4b,autonomous_depth_only,state_202,all,0.52,25,25,25,1.0,1.0,96,6,6,0.0625,0.0625,11,11,11,1.0,1.0
family_ablation,qwen3.5:4b,autonomous_depth_only,state_202,all,0.53,25,25,25,1.0,1.0,96,6,6,0.0625,0.0625,11,11,11,1.0,1.0
family_ablation,qwen3.5:4b,autonomous_depth_only,state_202,all,0.54,25,25,25,1.0,1.0,96,6,6,0.0625,0.0625,11,11,11,1.0,1.0
family_ablation,qwen3.5:4b,autonomous_depth_only,state_202,all,0.55,25,25,25,1.0,1.0,96,6,6,0.0625,0.0625,11,11,11,1.0,1.0
family_ablation,qwen3.5:4b,autonomous_depth_only,state_202,all,0.56,25,25,25,1.0,1.0,96,6,6,0.0625,0.0625,11,11,11,1.0,1.0
family_ablation,qwen3.5:4b,autonomous_depth_only,state_202,all,0.57,25,25,25,1.0,1.0,96,6,6,0.0625,0.0625,11,11,11,1.0,1.0
family_ablation,qwen3.5:4b,autonomous_depth_only,state_202,all,0.58,25,25,25,1.0,1.0,96,6,6,0.0625,0.0625,11,11,11,1.0,1.0
family_ablation,qwen3.5:4b,autonomous_depth_only,state_202,all,0.59,25,25,25,1.0,1.0,96,6,6,0.0625,0.0625,11,11,11,1.0,1.0
family_ablation,qwen3.5:4b,autonomous_depth_only,state_202,all,0.6,25,25,25,1.0,1.0,96,6,6,0.0625,0.0625,11,11,11,1.0,1.0
family_ablation,qwen3.5:4b,autonomous_depth_only,state_202,all,0.61,25,25,25,1.0,1.0,96,6,6,0.0625,0.0625,11,11,11,1.0,1.0
family_ablation,qwen3.5:4b,autonomous_depth_only,state_202,all,0.62,25,25,25,1.0,1.0,96,6,6,0.0625,0.0625,11,11,11,1.0,1.0
family_ablation,qwen3.5:4b,autonomous_depth_only,state_202,all,0.63,25,25,25,1.0,1.0,96,6,6,0.0625,0.0625,11,11,11,1.0,1.0
family_ablation,qwen3.5:4b,autonomous_depth_only,state_202,all,0.64,25,25,25,1.0,1.0,96,6,6,0.0625,0.0625,11,11,11,1.0,1.0
family_ablation,qwen3.5:4b,autonomous_depth_only,state_202,all,0.65,25,25,25,1.0,1.0,96,6,6,0.0625,0.0625,11,11,11,1.0,1.0
family_ablation,qwen3.5:4b,autonomous_depth_only,state_202,all,0.66,25,25,25,1.0,1.0,96,6,6,0.0625,0.0625,11,11,11,1.0,1.0
family_ablation,qwen3.5:4b,autonomous_depth_only,state_202,all,0.67,25,25,25,1.0,1.0,96,6,6,0.0625,0.0625,11,11,11,1.0,1.0
family_ablation,qwen3.5:4b,autonomous_depth_only,state_202,all,0.68,25,25,25,1.0,1.0,96,6,6,0.0625,0.0625,11,11,11,1.0,1.0
family_ablation,qwen3.5:4b,autonomous_depth_only,state_202,all,0.69,25,25,25,1.0,1.0,96,6,6,0.0625,0.0625,11,11,11,1.0,1.0
family_ablation,qwen3.5:4b,autonomous_depth_only,state_202,all,0.7,25,25,25,1.0,1.0,96,3,3,0.03125,0.03125,11,11,11,1.0,1.0
family_ablation,qwen3.5:4b,autonomous_depth_only,state_202,all,0.71,25,25,25,1.0,1.0,96,3,3,0.03125,0.03125,11,11,11,1.0,1.0
family_ablation,qwen3.5:4b,autonomous_depth_only,state_202,all,0.72,25,25,25,1.0,1.0,96,3,3,0.03125,0.03125,11,11,11,1.0,1.0
family_ablation,qwen3.5:4b,autonomous_depth_only,state_202,all,0.73,25,25,25,1.0,1.0,96,3,3,0.03125,0.03125,11,11,11,1.0,1.0
family_ablation,qwen3.5:4b,autonomous_depth_only,state_202,all,0.74,25,25,25,1.0,1.0,96,3,3,0.03125,0.03125,11,11,11,1.0,1.0
family_ablation,qwen3.5:4b,autonomous_depth_only,state_202,all,0.75,25,25,25,1.0,1.0,96,3,3,0.03125,0.03125,11,11,11,1.0,1.0
family_ablation,qwen3.5:4b,autonomous_depth_only,state_202,all,0.76,25,25,25,1.0,1.0,96,2,2,0.020833333333333332,0.020833333333333332,11,11,11,1.0,1.0
family_ablation,qwen3.5:4b,autonomous_depth_only,state_202,all,0.77,25,25,25,1.0,1.0,96,1,1,0.010416666666666666,0.010416666666666666,11,11,11,1.0,1.0
family_ablation,qwen3.5:4b,autonomous_depth_only,state_202,all,0.78,25,23,23,0.92,0.92,96,1,1,0.010416666666666666,0.010416666666666666,11,10,10,0.9090909090909091,0.9090909090909091
family_ablation,qwen3.5:4b,autonomous_depth_only,state_202,all,0.79,25,20,20,0.8,0.8,96,1,1,0.010416666666666666,0.010416666666666666,11,9,9,0.8181818181818182,0.8181818181818182
family_ablation,qwen3.5:4b,autonomous_depth_only,state_202,all,0.8,25,20,20,0.8,0.8,96,1,1,0.010416666666666666,0.010416666666666666,11,9,9,0.8181818181818182,0.8181818181818182
family_ablation,qwen3.5:4b,autonomous_depth_only,state_202,all,0.81,25,20,20,0.8,0.8,96,1,1,0.010416666666666666,0.010416666666666666,11,9,9,0.8181818181818182,0.8181818181818182
family_ablation,qwen3.5:4b,autonomous_depth_only,state_202,all,0.82,25,17,17,0.68,0.68,96,1,1,0.010416666666666666,0.010416666666666666,11,7,7,0.6363636363636364,0.6363636363636364
family_ablation,qwen3.5:4b,autonomous_depth_only,state_202,all,0.83,25,17,17,0.68,0.68,96,1,1,0.010416666666666666,0.010416666666666666,11,7,7,0.6363636363636364,0.6363636363636364
family_ablation,qwen3.5:4b,autonomous_depth_only,state_202,all,0.84,25,17,17,0.68,0.68,96,1,1,0.010416666666666666,0.010416666666666666,11,7,7,0.6363636363636364,0.6363636363636364
family_ablation,qwen3.5:4b,autonomous_depth_only,state_202,all,0.85,25,17,17,0.68,0.68,96,1,1,0.010416666666666666,0.010416666666666666,11,7,7,0.6363636363636364,0.6363636363636364
family_ablation,qwen3.5:4b,autonomous_depth_only,state_202,all,0.86,25,17,17,0.68,0.68,96,1,1,0.010416666666666666,0.010416666666666666,11,7,7,0.6363636363636364,0.6363636363636364
family_ablation,qwen3.5:4b,autonomous_depth_only,state_202,all,0.87,25,13,13,0.52,0.52,96,1,1,0.010416666666666666,0.010416666666666666,11,5,5,0.45454545454545453,0.45454545454545453
family_ablation,qwen3.5:4b,autonomous_depth_only,state_202,all,0.88,25,13,13,0.52,0.52,96,1,1,0.010416666666666666,0.010416666666666666,11,5,5,0.45454545454545453,0.45454545454545453
family_ablation,qwen3.5:4b,autonomous_depth_only,state_202,all,0.89,25,10,10,0.4,0.4,96,1,1,0.010416666666666666,0.010416666666666666,11,4,4,0.36363636363636365,0.36363636363636365
family_ablation,qwen3.5:4b,autonomous_depth_only,state_202,all,0.9,25,10,10,0.4,0.4,96,0,0,0.0,0.0,11,4,4,0.36363636363636365,0.36363636363636365
family_ablation,qwen3.5:4b,autonomous_depth_only,state_202,all,0.91,25,9,9,0.36,0.36,96,0,0,0.0,0.0,11,3,3,0.2727272727272727,0.2727272727272727
family_ablation,qwen3.5:4b,autonomous_depth_only,state_202,all,0.92,25,0,0,0.0,0.0,96,0,0,0.0,0.0,11,0,0,0.0,0.0
family_ablation,qwen3.5:4b,autonomous_depth_only,state_202,all,0.93,25,0,0,0.0,0.0,96,0,0,0.0,0.0,11,0,0,0.0,0.0
family_ablation,qwen3.5:4b,autonomous_depth_only,state_202,all,0.94,25,0,0,0.0,0.0,96,0,0,0.0,0.0,11,0,0,0.0,0.0
family_ablation,qwen3.5:4b,autonomous_depth_only,state_202,all,0.95,25,0,0,0.0,0.0,96,0,0,0.0,0.0,11,0,0,0.0,0.0
family_ablation,qwen3.5:4b,autonomous_depth_only,state_202,all,0.96,25,0,0,0.0,0.0,96,0,0,0.0,0.0,11,0,0,0.0,0.0
family_ablation,qwen3.5:4b,autonomous_depth_only,state_202,all,0.97,25,0,0,0.0,0.0,96,0,0,0.0,0.0,11,0,0,0.0,0.0
family_ablation,qwen3.5:4b,autonomous_depth_only,state_202,all,0.98,25,0,0,0.0,0.0,96,0,0,0.0,0.0,11,0,0,0.0,0.0
family_ablation,qwen3.5:4b,autonomous_depth_only,state_202,all,0.99,25,0,0,0.0,0.0,96,0,0,0.0,0.0,11,0,0,0.0,0.0
family_ablation,qwen3.5:4b,autonomous_depth_only,state_202,all,0.995,25,0,0,0.0,0.0,96,0,0,0.0,0.0,11,0,0,0.0,0.0
family_ablation,qwen3.5:4b,autonomous_depth_only,state_202,all,0.999,25,0,0,0.0,0.0,96,0,0,0.0,0.0,11,0,0,0.0,0.0
family_ablation,qwen3.5:4b,autonomous_depth_only,state_202,all,0.9999,25,0,0,0.0,0.0,96,0,0,0.0,0.0,11,0,0,0.0,0.0
family_ablation,qwen3.5:4b,autonomous_depth_only,state_202,all,0.99999,25,0,0,0.0,0.0,96,0,0,0.0,0.0,11,0,0,0.0,0.0
family_ablation,qwen3.5:4b,autonomous_depth_only,state_202,all,0.999999,25,0,0,0.0,0.0,96,0,0,0.0,0.0,11,0,0,0.0,0.0
family_ablation,qwen3.5:4b,autonomous_depth_only,state_202,all,1.0,25,0,0,0.0,0.0,96,0,0,0.0,0.0,11,0,0,0.0,0.0
family_ablation,qwen3.5:4b,autonomous_depth_only,state_303,all,0.0,24,24,24,1.0,1.0,86,86,86,1.0,1.0,10,10,10,1.0,1.0
family_ablation,qwen3.5:4b,autonomous_depth_only,state_303,all,0.01,24,24,24,1.0,1.0,86,86,86,1.0,1.0,10,10,10,1.0,1.0
family_ablation,qwen3.5:4b,autonomous_depth_only,state_303,all,0.02,24,24,24,1.0,1.0,86,81,81,0.9418604651162791,0.9418604651162791,10,10,10,1.0,1.0
family_ablation,qwen3.5:4b,autonomous_depth_only,state_303,all,0.03,24,24,24,1.0,1.0,86,75,75,0.872093023255814,0.872093023255814,10,10,10,1.0,1.0
family_ablation,qwen3.5:4b,autonomous_depth_only,state_303,all,0.04,24,24,24,1.0,1.0,86,69,69,0.8023255813953488,0.8023255813953488,10,10,10,1.0,1.0
family_ablation,qwen3.5:4b,autonomous_depth_only,state_303,all,0.05,24,24,24,1.0,1.0,86,43,43,0.5,0.5,10,10,10,1.0,1.0
family_ablation,qwen3.5:4b,autonomous_depth_only,state_303,all,0.06,24,24,24,1.0,1.0,86,39,39,0.45348837209302323,0.45348837209302323,10,10,10,1.0,1.0
family_ablation,qwen3.5:4b,autonomous_depth_only,state_303,all,0.07,24,24,24,1.0,1.0,86,34,34,0.3953488372093023,0.3953488372093023,10,10,10,1.0,1.0
family_ablation,qwen3.5:4b,autonomous_depth_only,state_303,all,0.08,24,24,24,1.0,1.0,86,30,30,0.3488372093023256,0.3488372093023256,10,10,10,1.0,1.0
family_ablation,qwen3.5:4b,autonomous_depth_only,state_303,all,0.09,24,24,24,1.0,1.0,86,29,29,0.3372093023255814,0.3372093023255814,10,10,10,1.0,1.0
family_ablation,qwen3.5:4b,autonomous_depth_only,state_303,all,0.1,24,24,24,1.0,1.0,86,22,22,0.2558139534883721,0.2558139534883721,10,10,10,1.0,1.0
family_ablation,qwen3.5:4b,autonomous_depth_only,state_303,all,0.11,24,24,24,1.0,1.0,86,21,21,0.2441860465116279,0.2441860465116279,10,10,10,1.0,1.0
family_ablation,qwen3.5:4b,autonomous_depth_only,state_303,all,0.12,24,24,24,1.0,1.0,86,20,20,0.23255813953488372,0.23255813953488372,10,10,10,1.0,1.0
family_ablation,qwen3.5:4b,autonomous_depth_only,state_303,all,0.13,24,24,24,1.0,1.0,86,20,20,0.23255813953488372,0.23255813953488372,10,10,10,1.0,1.0
family_ablation,qwen3.5:4b,autonomous_depth_only,state_303,all,0.14,24,24,24,1.0,1.0,86,20,20,0.23255813953488372,0.23255813953488372,10,10,10,1.0,1.0
family_ablation,qwen3.5:4b,autonomous_depth_only,state_303,all,0.15,24,24,24,1.0,1.0,86,20,20,0.23255813953488372,0.23255813953488372,10,10,10,1.0,1.0
family_ablation,qwen3.5:4b,autonomous_depth_only,state_303,all,0.16,24,24,24,1.0,1.0,86,20,20,0.23255813953488372,0.23255813953488372,10,10,10,1.0,1.0
family_ablation,qwen3.5:4b,autonomous_depth_only,state_303,all,0.17,24,24,24,1.0,1.0,86,20,20,0.23255813953488372,0.23255813953488372,10,10,10,1.0,1.0
family_ablation,qwen3.5:4b,autonomous_depth_only,state_303,all,0.18,24,24,24,1.0,1.0,86,20,20,0.23255813953488372,0.23255813953488372,10,10,10,1.0,1.0
family_ablation,qwen3.5:4b,autonomous_depth_only,state_303,all,0.19,24,24,24,1.0,1.0,86,20,20,0.23255813953488372,0.23255813953488372,10,10,10,1.0,1.0
family_ablation,qwen3.5:4b,autonomous_depth_only,state_303,all,0.2,24,24,24,1.0,1.0,86,15,15,0.1744186046511628,0.1744186046511628,10,10,10,1.0,1.0
family_ablation,qwen3.5:4b,autonomous_depth_only,state_303,all,0.21,24,24,24,1.0,1.0,86,15,15,0.1744186046511628,0.1744186046511628,10,10,10,1.0,1.0
family_ablation,qwen3.5:4b,autonomous_depth_only,state_303,all,0.22,24,24,24,1.0,1.0,86,15,15,0.1744186046511628,0.1744186046511628,10,10,10,1.0,1.0
family_ablation,qwen3.5:4b,autonomous_depth_only,state_303,all,0.23,24,24,24,1.0,1.0,86,15,15,0.1744186046511628,0.1744186046511628,10,10,10,1.0,1.0
family_ablation,qwen3.5:4b,autonomous_depth_only,state_303,all,0.24,24,24,24,1.0,1.0,86,15,15,0.1744186046511628,0.1744186046511628,10,10,10,1.0,1.0
family_ablation,qwen3.5:4b,autonomous_depth_only,state_303,all,0.25,24,24,24,1.0,1.0,86,15,15,0.1744186046511628,0.1744186046511628,10,10,10,1.0,1.0
family_ablation,qwen3.5:4b,autonomous_depth_only,state_303,all,0.26,24,24,24,1.0,1.0,86,14,14,0.16279069767441862,0.16279069767441862,10,10,10,1.0,1.0
family_ablation,qwen3.5:4b,autonomous_depth_only,state_303,all,0.27,24,24,24,1.0,1.0,86,14,14,0.16279069767441862,0.16279069767441862,10,10,10,1.0,1.0
family_ablation,qwen3.5:4b,autonomous_depth_only,state_303,all,0.28,24,24,24,1.0,1.0,86,14,14,0.16279069767441862,0.16279069767441862,10,10,10,1.0,1.0
family_ablation,qwen3.5:4b,autonomous_depth_only,state_303,all,0.29,24,24,24,1.0,1.0,86,14,14,0.16279069767441862,0.16279069767441862,10,10,10,1.0,1.0
family_ablation,qwen3.5:4b,autonomous_depth_only,state_303,all,0.3,24,24,24,1.0,1.0,86,14,14,0.16279069767441862,0.16279069767441862,10,10,10,1.0,1.0
family_ablation,qwen3.5:4b,autonomous_depth_only,state_303,all,0.31,24,24,24,1.0,1.0,86,14,14,0.16279069767441862,0.16279069767441862,10,10,10,1.0,1.0
family_ablation,qwen3.5:4b,autonomous_depth_only,state_303,all,0.32,24,24,24,1.0,1.0,86,14,14,0.16279069767441862,0.16279069767441862,10,10,10,1.0,1.0
family_ablation,qwen3.5:4b,autonomous_depth_only,state_303,all,0.33,24,24,24,1.0,1.0,86,14,14,0.16279069767441862,0.16279069767441862,10,10,10,1.0,1.0
family_ablation,qwen3.5:4b,autonomous_depth_only,state_303,all,0.34,24,24,24,1.0,1.0,86,14,14,0.16279069767441862,0.16279069767441862,10,10,10,1.0,1.0
family_ablation,qwen3.5:4b,autonomous_depth_only,state_303,all,0.35,24,24,24,1.0,1.0,86,14,14,0.16279069767441862,0.16279069767441862,10,10,10,1.0,1.0
family_ablation,qwen3.5:4b,autonomous_depth_only,state_303,all,0.36,24,24,24,1.0,1.0,86,14,14,0.16279069767441862,0.16279069767441862,10,10,10,1.0,1.0
family_ablation,qwen3.5:4b,autonomous_depth_only,state_303,all,0.37,24,24,24,1.0,1.0,86,14,14,0.16279069767441862,0.16279069767441862,10,10,10,1.0,1.0
family_ablation,qwen3.5:4b,autonomous_depth_only,state_303,all,0.38,24,24,24,1.0,1.0,86,14,14,0.16279069767441862,0.16279069767441862,10,10,10,1.0,1.0
family_ablation,qwen3.5:4b,autonomous_depth_only,state_303,all,0.39,24,24,24,1.0,1.0,86,10,10,0.11627906976744186,0.11627906976744186,10,10,10,1.0,1.0
family_ablation,qwen3.5:4b,autonomous_depth_only,state_303,all,0.4,24,24,24,1.0,1.0,86,10,10,0.11627906976744186,0.11627906976744186,10,10,10,1.0,1.0
family_ablation,qwen3.5:4b,autonomous_depth_only,state_303,all,0.41,24,22,22,0.9166666666666666,0.9166666666666666,86,9,9,0.10465116279069768,0.10465116279069768,10,9,9,0.9,0.9
family_ablation,qwen3.5:4b,autonomous_depth_only,state_303,all,0.42,24,22,22,0.9166666666666666,0.9166666666666666,86,9,9,0.10465116279069768,0.10465116279069768,10,9,9,0.9,0.9
family_ablation,qwen3.5:4b,autonomous_depth_only,state_303,all,0.43,24,20,20,0.8333333333333334,0.8333333333333334,86,9,9,0.10465116279069768,0.10465116279069768,10,8,8,0.8,0.8
family_ablation,qwen3.5:4b,autonomous_depth_only,state_303,all,0.44,24,20,20,0.8333333333333334,0.8333333333333334,86,9,9,0.10465116279069768,0.10465116279069768,10,8,8,0.8,0.8
family_ablation,qwen3.5:4b,autonomous_depth_only,state_303,all,0.45,24,20,20,0.8333333333333334,0.8333333333333334,86,9,9,0.10465116279069768,0.10465116279069768,10,8,8,0.8,0.8
family_ablation,qwen3.5:4b,autonomous_depth_only,state_303,all,0.46,24,20,20,0.8333333333333334,0.8333333333333334,86,9,9,0.10465116279069768,0.10465116279069768,10,8,8,0.8,0.8
family_ablation,qwen3.5:4b,autonomous_depth_only,state_303,all,0.47,24,20,20,0.8333333333333334,0.8333333333333334,86,9,9,0.10465116279069768,0.10465116279069768,10,8,8,0.8,0.8
family_ablation,qwen3.5:4b,autonomous_depth_only,state_303,all,0.48,24,20,20,0.8333333333333334,0.8333333333333334,86,9,9,0.10465116279069768,0.10465116279069768,10,8,8,0.8,0.8
family_ablation,qwen3.5:4b,autonomous_depth_only,state_303,all,0.49,24,20,20,0.8333333333333334,0.8333333333333334,86,9,9,0.10465116279069768,0.10465116279069768,10,8,8,0.8,0.8
family_ablation,qwen3.5:4b,autonomous_depth_only,state_303,all,0.5,24,20,20,0.8333333333333334,0.8333333333333334,86,9,9,0.10465116279069768,0.10465116279069768,10,8,8,0.8,0.8
family_ablation,qwen3.5:4b,autonomous_depth_only,state_303,all,0.51,24,20,20,0.8333333333333334,0.8333333333333334,86,8,8,0.09302325581395349,0.09302325581395349,10,8,8,0.8,0.8
family_ablation,qwen3.5:4b,autonomous_depth_only,state_303,all,0.52,24,20,20,0.8333333333333334,0.8333333333333334,86,8,8,0.09302325581395349,0.09302325581395349,10,8,8,0.8,0.8
family_ablation,qwen3.5:4b,autonomous_depth_only,state_303,all,0.53,24,20,20,0.8333333333333334,0.8333333333333334,86,8,8,0.09302325581395349,0.09302325581395349,10,8,8,0.8,0.8
family_ablation,qwen3.5:4b,autonomous_depth_only,state_303,all,0.54,24,20,20,0.8333333333333334,0.8333333333333334,86,8,8,0.09302325581395349,0.09302325581395349,10,8,8,0.8,0.8
family_ablation,qwen3.5:4b,autonomous_depth_only,state_303,all,0.55,24,20,20,0.8333333333333334,0.8333333333333334,86,8,8,0.09302325581395349,0.09302325581395349,10,8,8,0.8,0.8
family_ablation,qwen3.5:4b,autonomous_depth_only,state_303,all,0.56,24,20,20,0.8333333333333334,0.8333333333333334,86,8,8,0.09302325581395349,0.09302325581395349,10,8,8,0.8,0.8
family_ablation,qwen3.5:4b,autonomous_depth_only,state_303,all,0.57,24,20,20,0.8333333333333334,0.8333333333333334,86,8,8,0.09302325581395349,0.09302325581395349,10,8,8,0.8,0.8
family_ablation,qwen3.5:4b,autonomous_depth_only,state_303,all,0.58,24,20,20,0.8333333333333334,0.8333333333333334,86,8,8,0.09302325581395349,0.09302325581395349,10,8,8,0.8,0.8
family_ablation,qwen3.5:4b,autonomous_depth_only,state_303,all,0.59,24,20,20,0.8333333333333334,0.8333333333333334,86,8,8,0.09302325581395349,0.09302325581395349,10,8,8,0.8,0.8
family_ablation,qwen3.5:4b,autonomous_depth_only,state_303,all,0.6,24,20,20,0.8333333333333334,0.8333333333333334,86,8,8,0.09302325581395349,0.09302325581395349,10,8,8,0.8,0.8
family_ablation,qwen3.5:4b,autonomous_depth_only,state_303,all,0.61,24,20,20,0.8333333333333334,0.8333333333333334,86,8,8,0.09302325581395349,0.09302325581395349,10,8,8,0.8,0.8
family_ablation,qwen3.5:4b,autonomous_depth_only,state_303,all,0.62,24,20,20,0.8333333333333334,0.8333333333333334,86,8,8,0.09302325581395349,0.09302325581395349,10,8,8,0.8,0.8
family_ablation,qwen3.5:4b,autonomous_depth_only,state_303,all,0.63,24,20,20,0.8333333333333334,0.8333333333333334,86,8,8,0.09302325581395349,0.09302325581395349,10,8,8,0.8,0.8
family_ablation,qwen3.5:4b,autonomous_depth_only,state_303,all,0.64,24,20,20,0.8333333333333334,0.8333333333333334,86,8,8,0.09302325581395349,0.09302325581395349,10,8,8,0.8,0.8
family_ablation,qwen3.5:4b,autonomous_depth_only,state_303,all,0.65,24,20,20,0.8333333333333334,0.8333333333333334,86,8,8,0.09302325581395349,0.09302325581395349,10,8,8,0.8,0.8
family_ablation,qwen3.5:4b,autonomous_depth_only,state_303,all,0.66,24,20,20,0.8333333333333334,0.8333333333333334,86,8,8,0.09302325581395349,0.09302325581395349,10,8,8,0.8,0.8
family_ablation,qwen3.5:4b,autonomous_depth_only,state_303,all,0.67,24,20,20,0.8333333333333334,0.8333333333333334,86,8,8,0.09302325581395349,0.09302325581395349,10,8,8,0.8,0.8
family_ablation,qwen3.5:4b,autonomous_depth_only,state_303,all,0.68,24,20,20,0.8333333333333334,0.8333333333333334,86,4,4,0.046511627906976744,0.046511627906976744,10,8,8,0.8,0.8
family_ablation,qwen3.5:4b,autonomous_depth_only,state_303,all,0.69,24,20,20,0.8333333333333334,0.8333333333333334,86,4,4,0.046511627906976744,0.046511627906976744,10,8,8,0.8,0.8
family_ablation,qwen3.5:4b,autonomous_depth_only,state_303,all,0.7,24,20,20,0.8333333333333334,0.8333333333333334,86,4,4,0.046511627906976744,0.046511627906976744,10,8,8,0.8,0.8
family_ablation,qwen3.5:4b,autonomous_depth_only,state_303,all,0.71,24,20,20,0.8333333333333334,0.8333333333333334,86,4,4,0.046511627906976744,0.046511627906976744,10,8,8,0.8,0.8
family_ablation,qwen3.5:4b,autonomous_depth_only,state_303,all,0.72,24,20,20,0.8333333333333334,0.8333333333333334,86,4,4,0.046511627906976744,0.046511627906976744,10,8,8,0.8,0.8
family_ablation,qwen3.5:4b,autonomous_depth_only,state_303,all,0.73,24,20,20,0.8333333333333334,0.8333333333333334,86,4,4,0.046511627906976744,0.046511627906976744,10,8,8,0.8,0.8
family_ablation,qwen3.5:4b,autonomous_depth_only,state_303,all,0.74,24,20,20,0.8333333333333334,0.8333333333333334,86,4,4,0.046511627906976744,0.046511627906976744,10,8,8,0.8,0.8
family_ablation,qwen3.5:4b,autonomous_depth_only,state_303,all,0.75,24,20,20,0.8333333333333334,0.8333333333333334,86,4,4,0.046511627906976744,0.046511627906976744,10,8,8,0.8,0.8
family_ablation,qwen3.5:4b,autonomous_depth_only,state_303,all,0.76,24,20,20,0.8333333333333334,0.8333333333333334,86,4,4,0.046511627906976744,0.046511627906976744,10,8,8,0.8,0.8
family_ablation,qwen3.5:4b,autonomous_depth_only,state_303,all,0.77,24,20,20,0.8333333333333334,0.8333333333333334,86,4,4,0.046511627906976744,0.046511627906976744,10,8,8,0.8,0.8
family_ablation,qwen3.5:4b,autonomous_depth_only,state_303,all,0.78,24,20,20,0.8333333333333334,0.8333333333333334,86,1,1,0.011627906976744186,0.011627906976744186,10,8,8,0.8,0.8
family_ablation,qwen3.5:4b,autonomous_depth_only,state_303,all,0.79,24,20,20,0.8333333333333334,0.8333333333333334,86,1,1,0.011627906976744186,0.011627906976744186,10,8,8,0.8,0.8
family_ablation,qwen3.5:4b,autonomous_depth_only,state_303,all,0.8,24,19,19,0.7916666666666666,0.7916666666666666,86,1,1,0.011627906976744186,0.011627906976744186,10,7,7,0.7,0.7
family_ablation,qwen3.5:4b,autonomous_depth_only,state_303,all,0.81,24,19,19,0.7916666666666666,0.7916666666666666,86,1,1,0.011627906976744186,0.011627906976744186,10,7,7,0.7,0.7
family_ablation,qwen3.5:4b,autonomous_depth_only,state_303,all,0.82,24,19,19,0.7916666666666666,0.7916666666666666,86,1,1,0.011627906976744186,0.011627906976744186,10,7,7,0.7,0.7
family_ablation,qwen3.5:4b,autonomous_depth_only,state_303,all,0.83,24,19,19,0.7916666666666666,0.7916666666666666,86,1,1,0.011627906976744186,0.011627906976744186,10,7,7,0.7,0.7
family_ablation,qwen3.5:4b,autonomous_depth_only,state_303,all,0.84,24,19,19,0.7916666666666666,0.7916666666666666,86,1,1,0.011627906976744186,0.011627906976744186,10,7,7,0.7,0.7
family_ablation,qwen3.5:4b,autonomous_depth_only,state_303,all,0.85,24,19,19,0.7916666666666666,0.7916666666666666,86,1,1,0.011627906976744186,0.011627906976744186,10,7,7,0.7,0.7
family_ablation,qwen3.5:4b,autonomous_depth_only,state_303,all,0.86,24,19,19,0.7916666666666666,0.7916666666666666,86,1,1,0.011627906976744186,0.011627906976744186,10,7,7,0.7,0.7
family_ablation,qwen3.5:4b,autonomous_depth_only,state_303,all,0.87,24,16,16,0.6666666666666666,0.6666666666666666,86,1,1,0.011627906976744186,0.011627906976744186,10,6,6,0.6,0.6
family_ablation,qwen3.5:4b,autonomous_depth_only,state_303,all,0.88,24,15,15,0.625,0.625,86,1,1,0.011627906976744186,0.011627906976744186,10,5,5,0.5,0.5
family_ablation,qwen3.5:4b,autonomous_depth_only,state_303,all,0.89,24,15,15,0.625,0.625,86,0,0,0.0,0.0,10,5,5,0.5,0.5
family_ablation,qwen3.5:4b,autonomous_depth_only,state_303,all,0.9,24,15,15,0.625,0.625,86,0,0,0.0,0.0,10,5,5,0.5,0.5
family_ablation,qwen3.5:4b,autonomous_depth_only,state_303,all,0.91,24,9,9,0.375,0.375,86,0,0,0.0,0.0,10,3,3,0.3,0.3
family_ablation,qwen3.5:4b,autonomous_depth_only,state_303,all,0.92,24,3,3,0.125,0.125,86,0,0,0.0,0.0,10,1,1,0.1,0.1
family_ablation,qwen3.5:4b,autonomous_depth_only,state_303,all,0.93,24,0,0,0.0,0.0,86,0,0,0.0,0.0,10,0,0,0.0,0.0
family_ablation,qwen3.5:4b,autonomous_depth_only,state_303,all,0.94,24,0,0,0.0,0.0,86,0,0,0.0,0.0,10,0,0,0.0,0.0
family_ablation,qwen3.5:4b,autonomous_depth_only,state_303,all,0.95,24,0,0,0.0,0.0,86,0,0,0.0,0.0,10,0,0,0.0,0.0
family_ablation,qwen3.5:4b,autonomous_depth_only,state_303,all,0.96,24,0,0,0.0,0.0,86,0,0,0.0,0.0,10,0,0,0.0,0.0
family_ablation,qwen3.5:4b,autonomous_depth_only,state_303,all,0.97,24,0,0,0.0,0.0,86,0,0,0.0,0.0,10,0,0,0.0,0.0
family_ablation,qwen3.5:4b,autonomous_depth_only,state_303,all,0.98,24,0,0,0.0,0.0,86,0,0,0.0,0.0,10,0,0,0.0,0.0
family_ablation,qwen3.5:4b,autonomous_depth_only,state_303,all,0.99,24,0,0,0.0,0.0,86,0,0,0.0,0.0,10,0,0,0.0,0.0
family_ablation,qwen3.5:4b,autonomous_depth_only,state_303,all,0.995,24,0,0,0.0,0.0,86,0,0,0.0,0.0,10,0,0,0.0,0.0
family_ablation,qwen3.5:4b,autonomous_depth_only,state_303,all,0.999,24,0,0,0.0,0.0,86,0,0,0.0,0.0,10,0,0,0.0,0.0
family_ablation,qwen3.5:4b,autonomous_depth_only,state_303,all,0.9999,24,0,0,0.0,0.0,86,0,0,0.0,0.0,10,0,0,0.0,0.0
family_ablation,qwen3.5:4b,autonomous_depth_only,state_303,all,0.99999,24,0,0,0.0,0.0,86,0,0,0.0,0.0,10,0,0,0.0,0.0
family_ablation,qwen3.5:4b,autonomous_depth_only,state_303,all,0.999999,24,0,0,0.0,0.0,86,0,0,0.0,0.0,10,0,0,0.0,0.0
family_ablation,qwen3.5:4b,autonomous_depth_only,state_303,all,1.0,24,0,0,0.0,0.0,86,0,0,0.0,0.0,10,0,0,0.0,0.0
family_ablation,qwen3.5:4b,autonomous_depth_only,all,all,0.0,98,98,98,1.0,1.0,364,364,364,1.0,1.0,42,42,42,1.0,1.0
family_ablation,qwen3.5:4b,autonomous_depth_only,all,all,0.01,98,98,98,1.0,1.0,364,364,364,1.0,1.0,42,42,42,1.0,1.0
family_ablation,qwen3.5:4b,autonomous_depth_only,all,all,0.02,98,98,98,1.0,1.0,364,350,350,0.9615384615384616,0.9615384615384616,42,42,42,1.0,1.0
family_ablation,qwen3.5:4b,autonomous_depth_only,all,all,0.03,98,98,98,1.0,1.0,364,326,326,0.8956043956043956,0.8956043956043956,42,42,42,1.0,1.0
family_ablation,qwen3.5:4b,autonomous_depth_only,all,all,0.04,98,98,98,1.0,1.0,364,269,269,0.739010989010989,0.739010989010989,42,42,42,1.0,1.0
family_ablation,qwen3.5:4b,autonomous_depth_only,all,all,0.05,98,98,98,1.0,1.0,364,198,198,0.5439560439560439,0.5439560439560439,42,42,42,1.0,1.0
family_ablation,qwen3.5:4b,autonomous_depth_only,all,all,0.06,98,98,98,1.0,1.0,364,167,167,0.45879120879120877,0.45879120879120877,42,42,42,1.0,1.0
family_ablation,qwen3.5:4b,autonomous_depth_only,all,all,0.07,98,98,98,1.0,1.0,364,140,140,0.38461538461538464,0.38461538461538464,42,42,42,1.0,1.0
family_ablation,qwen3.5:4b,autonomous_depth_only,all,all,0.08,98,98,98,1.0,1.0,364,130,130,0.35714285714285715,0.35714285714285715,42,42,42,1.0,1.0
family_ablation,qwen3.5:4b,autonomous_depth_only,all,all,0.09,98,98,98,1.0,1.0,364,122,122,0.33516483516483514,0.33516483516483514,42,42,42,1.0,1.0
family_ablation,qwen3.5:4b,autonomous_depth_only,all,all,0.1,98,98,98,1.0,1.0,364,115,115,0.3159340659340659,0.3159340659340659,42,42,42,1.0,1.0
family_ablation,qwen3.5:4b,autonomous_depth_only,all,all,0.11,98,98,98,1.0,1.0,364,107,107,0.29395604395604397,0.29395604395604397,42,42,42,1.0,1.0
family_ablation,qwen3.5:4b,autonomous_depth_only,all,all,0.12,98,98,98,1.0,1.0,364,103,103,0.28296703296703296,0.28296703296703296,42,42,42,1.0,1.0
family_ablation,qwen3.5:4b,autonomous_depth_only,all,all,0.13,98,98,98,1.0,1.0,364,101,101,0.2774725274725275,0.2774725274725275,42,42,42,1.0,1.0
family_ablation,qwen3.5:4b,autonomous_depth_only,all,all,0.14,98,98,98,1.0,1.0,364,99,99,0.27197802197802196,0.27197802197802196,42,42,42,1.0,1.0
family_ablation,qwen3.5:4b,autonomous_depth_only,all,all,0.15,98,98,98,1.0,1.0,364,90,90,0.24725274725274726,0.24725274725274726,42,42,42,1.0,1.0
family_ablation,qwen3.5:4b,autonomous_depth_only,all,all,0.16,98,98,98,1.0,1.0,364,87,87,0.23901098901098902,0.23901098901098902,42,42,42,1.0,1.0
family_ablation,qwen3.5:4b,autonomous_depth_only,all,all,0.17,98,98,98,1.0,1.0,364,83,83,0.22802197802197802,0.22802197802197802,42,42,42,1.0,1.0
family_ablation,qwen3.5:4b,autonomous_depth_only,all,all,0.18,98,98,98,1.0,1.0,364,82,82,0.22527472527472528,0.22527472527472528,42,42,42,1.0,1.0
family_ablation,qwen3.5:4b,autonomous_depth_only,all,all,0.19,98,98,98,1.0,1.0,364,82,82,0.22527472527472528,0.22527472527472528,42,42,42,1.0,1.0
family_ablation,qwen3.5:4b,autonomous_depth_only,all,all,0.2,98,98,98,1.0,1.0,364,76,76,0.2087912087912088,0.2087912087912088,42,42,42,1.0,1.0
family_ablation,qwen3.5:4b,autonomous_depth_only,all,all,0.21,98,98,98,1.0,1.0,364,73,73,0.20054945054945056,0.20054945054945056,42,42,42,1.0,1.0
family_ablation,qwen3.5:4b,autonomous_depth_only,all,all,0.22,98,98,98,1.0,1.0,364,71,71,0.19505494505494506,0.19505494505494506,42,42,42,1.0,1.0
family_ablation,qwen3.5:4b,autonomous_depth_only,all,all,0.23,98,98,98,1.0,1.0,364,70,70,0.19230769230769232,0.19230769230769232,42,42,42,1.0,1.0
family_ablation,qwen3.5:4b,autonomous_depth_only,all,all,0.24,98,98,98,1.0,1.0,364,70,70,0.19230769230769232,0.19230769230769232,42,42,42,1.0,1.0
family_ablation,qwen3.5:4b,autonomous_depth_only,all,all,0.25,98,98,98,1.0,1.0,364,67,67,0.18406593406593408,0.18406593406593408,42,42,42,1.0,1.0
family_ablation,qwen3.5:4b,autonomous_depth_only,all,all,0.26,98,98,98,1.0,1.0,364,62,62,0.17032967032967034,0.17032967032967034,42,42,42,1.0,1.0
family_ablation,qwen3.5:4b,autonomous_depth_only,all,all,0.27,98,98,98,1.0,1.0,364,62,62,0.17032967032967034,0.17032967032967034,42,42,42,1.0,1.0
family_ablation,qwen3.5:4b,autonomous_depth_only,all,all,0.28,98,98,98,1.0,1.0,364,59,59,0.1620879120879121,0.1620879120879121,42,42,42,1.0,1.0
family_ablation,qwen3.5:4b,autonomous_depth_only,all,all,0.29,98,98,98,1.0,1.0,364,57,57,0.1565934065934066,0.1565934065934066,42,42,42,1.0,1.0
family_ablation,qwen3.5:4b,autonomous_depth_only,all,all,0.3,98,98,98,1.0,1.0,364,57,57,0.1565934065934066,0.1565934065934066,42,42,42,1.0,1.0
family_ablation,qwen3.5:4b,autonomous_depth_only,all,all,0.31,98,98,98,1.0,1.0,364,57,57,0.1565934065934066,0.1565934065934066,42,42,42,1.0,1.0
family_ablation,qwen3.5:4b,autonomous_depth_only,all,all,0.32,98,98,98,1.0,1.0,364,54,54,0.14835164835164835,0.14835164835164835,42,42,42,1.0,1.0
family_ablation,qwen3.5:4b,autonomous_depth_only,all,all,0.33,98,98,98,1.0,1.0,364,50,50,0.13736263736263737,0.13736263736263737,42,42,42,1.0,1.0
family_ablation,qwen3.5:4b,autonomous_depth_only,all,all,0.34,98,98,98,1.0,1.0,364,50,50,0.13736263736263737,0.13736263736263737,42,42,42,1.0,1.0
family_ablation,qwen3.5:4b,autonomous_depth_only,all,all,0.35,98,98,98,1.0,1.0,364,50,50,0.13736263736263737,0.13736263736263737,42,42,42,1.0,1.0
family_ablation,qwen3.5:4b,autonomous_depth_only,all,all,0.36,98,98,98,1.0,1.0,364,50,50,0.13736263736263737,0.13736263736263737,42,42,42,1.0,1.0
family_ablation,qwen3.5:4b,autonomous_depth_only,all,all,0.37,98,98,98,1.0,1.0,364,50,50,0.13736263736263737,0.13736263736263737,42,42,42,1.0,1.0
family_ablation,qwen3.5:4b,autonomous_depth_only,all,all,0.38,98,98,98,1.0,1.0,364,50,50,0.13736263736263737,0.13736263736263737,42,42,42,1.0,1.0
family_ablation,qwen3.5:4b,autonomous_depth_only,all,all,0.39,98,98,98,1.0,1.0,364,43,43,0.11813186813186813,0.11813186813186813,42,42,42,1.0,1.0
family_ablation,qwen3.5:4b,autonomous_depth_only,all,all,0.4,98,96,96,0.9795918367346939,0.9795918367346939,364,42,42,0.11538461538461539,0.11538461538461539,42,41,41,0.9761904761904762,0.9761904761904762
family_ablation,qwen3.5:4b,autonomous_depth_only,all,all,0.41,98,94,94,0.9591836734693877,0.9591836734693877,364,38,38,0.1043956043956044,0.1043956043956044,42,40,40,0.9523809523809523,0.9523809523809523
family_ablation,qwen3.5:4b,autonomous_depth_only,all,all,0.42,98,94,94,0.9591836734693877,0.9591836734693877,364,37,37,0.10164835164835165,0.10164835164835165,42,40,40,0.9523809523809523,0.9523809523809523
family_ablation,qwen3.5:4b,autonomous_depth_only,all,all,0.43,98,92,92,0.9387755102040817,0.9387755102040817,364,36,36,0.0989010989010989,0.0989010989010989,42,39,39,0.9285714285714286,0.9285714285714286
family_ablation,qwen3.5:4b,autonomous_depth_only,all,all,0.44,98,92,92,0.9387755102040817,0.9387755102040817,364,33,33,0.09065934065934066,0.09065934065934066,42,39,39,0.9285714285714286,0.9285714285714286
family_ablation,qwen3.5:4b,autonomous_depth_only,all,all,0.45,98,92,92,0.9387755102040817,0.9387755102040817,364,33,33,0.09065934065934066,0.09065934065934066,42,39,39,0.9285714285714286,0.9285714285714286
family_ablation,qwen3.5:4b,autonomous_depth_only,all,all,0.46,98,92,92,0.9387755102040817,0.9387755102040817,364,30,30,0.08241758241758242,0.08241758241758242,42,39,39,0.9285714285714286,0.9285714285714286
family_ablation,qwen3.5:4b,autonomous_depth_only,all,all,0.47,98,92,92,0.9387755102040817,0.9387755102040817,364,30,30,0.08241758241758242,0.08241758241758242,42,39,39,0.9285714285714286,0.9285714285714286
family_ablation,qwen3.5:4b,autonomous_depth_only,all,all,0.48,98,92,92,0.9387755102040817,0.9387755102040817,364,30,30,0.08241758241758242,0.08241758241758242,42,39,39,0.9285714285714286,0.9285714285714286
family_ablation,qwen3.5:4b,autonomous_depth_only,all,all,0.49,98,92,92,0.9387755102040817,0.9387755102040817,364,30,30,0.08241758241758242,0.08241758241758242,42,39,39,0.9285714285714286,0.9285714285714286
family_ablation,qwen3.5:4b,autonomous_depth_only,all,all,0.5,98,92,92,0.9387755102040817,0.9387755102040817,364,29,29,0.07967032967032966,0.07967032967032966,42,39,39,0.9285714285714286,0.9285714285714286
family_ablation,qwen3.5:4b,autonomous_depth_only,all,all,0.51,98,92,92,0.9387755102040817,0.9387755102040817,364,27,27,0.07417582417582418,0.07417582417582418,42,39,39,0.9285714285714286,0.9285714285714286
family_ablation,qwen3.5:4b,autonomous_depth_only,all,all,0.52,98,92,92,0.9387755102040817,0.9387755102040817,364,26,26,0.07142857142857142,0.07142857142857142,42,39,39,0.9285714285714286,0.9285714285714286
family_ablation,qwen3.5:4b,autonomous_depth_only,all,all,0.53,98,92,92,0.9387755102040817,0.9387755102040817,364,26,26,0.07142857142857142,0.07142857142857142,42,39,39,0.9285714285714286,0.9285714285714286
family_ablation,qwen3.5:4b,autonomous_depth_only,all,all,0.54,98,92,92,0.9387755102040817,0.9387755102040817,364,25,25,0.06868131868131869,0.06868131868131869,42,39,39,0.9285714285714286,0.9285714285714286
family_ablation,qwen3.5:4b,autonomous_depth_only,all,all,0.55,98,92,92,0.9387755102040817,0.9387755102040817,364,25,25,0.06868131868131869,0.06868131868131869,42,39,39,0.9285714285714286,0.9285714285714286
family_ablation,qwen3.5:4b,autonomous_depth_only,all,all,0.56,98,92,92,0.9387755102040817,0.9387755102040817,364,25,25,0.06868131868131869,0.06868131868131869,42,39,39,0.9285714285714286,0.9285714285714286
family_ablation,qwen3.5:4b,autonomous_depth_only,all,all,0.57,98,92,92,0.9387755102040817,0.9387755102040817,364,25,25,0.06868131868131869,0.06868131868131869,42,39,39,0.9285714285714286,0.9285714285714286
family_ablation,qwen3.5:4b,autonomous_depth_only,all,all,0.58,98,92,92,0.9387755102040817,0.9387755102040817,364,25,25,0.06868131868131869,0.06868131868131869,42,39,39,0.9285714285714286,0.9285714285714286
family_ablation,qwen3.5:4b,autonomous_depth_only,all,all,0.59,98,92,92,0.9387755102040817,0.9387755102040817,364,25,25,0.06868131868131869,0.06868131868131869,42,39,39,0.9285714285714286,0.9285714285714286
family_ablation,qwen3.5:4b,autonomous_depth_only,all,all,0.6,98,92,92,0.9387755102040817,0.9387755102040817,364,23,23,0.06318681318681318,0.06318681318681318,42,39,39,0.9285714285714286,0.9285714285714286
family_ablation,qwen3.5:4b,autonomous_depth_only,all,all,0.61,98,92,92,0.9387755102040817,0.9387755102040817,364,22,22,0.06043956043956044,0.06043956043956044,42,39,39,0.9285714285714286,0.9285714285714286
family_ablation,qwen3.5:4b,autonomous_depth_only,all,all,0.62,98,92,92,0.9387755102040817,0.9387755102040817,364,22,22,0.06043956043956044,0.06043956043956044,42,39,39,0.9285714285714286,0.9285714285714286
family_ablation,qwen3.5:4b,autonomous_depth_only,all,all,0.63,98,92,92,0.9387755102040817,0.9387755102040817,364,22,22,0.06043956043956044,0.06043956043956044,42,39,39,0.9285714285714286,0.9285714285714286
family_ablation,qwen3.5:4b,autonomous_depth_only,all,all,0.64,98,92,92,0.9387755102040817,0.9387755102040817,364,22,22,0.06043956043956044,0.06043956043956044,42,39,39,0.9285714285714286,0.9285714285714286
family_ablation,qwen3.5:4b,autonomous_depth_only,all,all,0.65,98,92,92,0.9387755102040817,0.9387755102040817,364,22,22,0.06043956043956044,0.06043956043956044,42,39,39,0.9285714285714286,0.9285714285714286
family_ablation,qwen3.5:4b,autonomous_depth_only,all,all,0.66,98,92,92,0.9387755102040817,0.9387755102040817,364,22,22,0.06043956043956044,0.06043956043956044,42,39,39,0.9285714285714286,0.9285714285714286
family_ablation,qwen3.5:4b,autonomous_depth_only,all,all,0.67,98,92,92,0.9387755102040817,0.9387755102040817,364,22,22,0.06043956043956044,0.06043956043956044,42,39,39,0.9285714285714286,0.9285714285714286
family_ablation,qwen3.5:4b,autonomous_depth_only,all,all,0.68,98,92,92,0.9387755102040817,0.9387755102040817,364,18,18,0.04945054945054945,0.04945054945054945,42,39,39,0.9285714285714286,0.9285714285714286
family_ablation,qwen3.5:4b,autonomous_depth_only,all,all,0.69,98,92,92,0.9387755102040817,0.9387755102040817,364,18,18,0.04945054945054945,0.04945054945054945,42,39,39,0.9285714285714286,0.9285714285714286
family_ablation,qwen3.5:4b,autonomous_depth_only,all,all,0.7,98,90,90,0.9183673469387755,0.9183673469387755,364,15,15,0.04120879120879121,0.04120879120879121,42,38,38,0.9047619047619048,0.9047619047619048
family_ablation,qwen3.5:4b,autonomous_depth_only,all,all,0.71,98,90,90,0.9183673469387755,0.9183673469387755,364,15,15,0.04120879120879121,0.04120879120879121,42,38,38,0.9047619047619048,0.9047619047619048
family_ablation,qwen3.5:4b,autonomous_depth_only,all,all,0.72,98,87,87,0.8877551020408163,0.8877551020408163,364,15,15,0.04120879120879121,0.04120879120879121,42,37,37,0.8809523809523809,0.8809523809523809
family_ablation,qwen3.5:4b,autonomous_depth_only,all,all,0.73,98,87,87,0.8877551020408163,0.8877551020408163,364,15,15,0.04120879120879121,0.04120879120879121,42,37,37,0.8809523809523809,0.8809523809523809
family_ablation,qwen3.5:4b,autonomous_depth_only,all,all,0.74,98,85,85,0.8673469387755102,0.8673469387755102,364,12,12,0.03296703296703297,0.03296703296703297,42,36,36,0.8571428571428571,0.8571428571428571
family_ablation,qwen3.5:4b,autonomous_depth_only,all,all,0.75,98,85,85,0.8673469387755102,0.8673469387755102,364,12,12,0.03296703296703297,0.03296703296703297,42,36,36,0.8571428571428571,0.8571428571428571
family_ablation,qwen3.5:4b,autonomous_depth_only,all,all,0.76,98,83,83,0.8469387755102041,0.8469387755102041,364,10,10,0.027472527472527472,0.027472527472527472,42,35,35,0.8333333333333334,0.8333333333333334
family_ablation,qwen3.5:4b,autonomous_depth_only,all,all,0.77,98,83,83,0.8469387755102041,0.8469387755102041,364,9,9,0.024725274725274724,0.024725274725274724,42,35,35,0.8333333333333334,0.8333333333333334
family_ablation,qwen3.5:4b,autonomous_depth_only,all,all,0.78,98,81,81,0.826530612244898,0.826530612244898,364,6,6,0.016483516483516484,0.016483516483516484,42,34,34,0.8095238095238095,0.8095238095238095
family_ablation,qwen3.5:4b,autonomous_depth_only,all,all,0.79,98,78,78,0.7959183673469388,0.7959183673469388,364,6,6,0.016483516483516484,0.016483516483516484,42,33,33,0.7857142857142857,0.7857142857142857
family_ablation,qwen3.5:4b,autonomous_depth_only,all,all,0.8,98,77,77,0.7857142857142857,0.7857142857142857,364,6,6,0.016483516483516484,0.016483516483516484,42,32,32,0.7619047619047619,0.7619047619047619
family_ablation,qwen3.5:4b,autonomous_depth_only,all,all,0.81,98,77,77,0.7857142857142857,0.7857142857142857,364,6,6,0.016483516483516484,0.016483516483516484,42,32,32,0.7619047619047619,0.7619047619047619
family_ablation,qwen3.5:4b,autonomous_depth_only,all,all,0.82,98,74,74,0.7551020408163265,0.7551020408163265,364,6,6,0.016483516483516484,0.016483516483516484,42,30,30,0.7142857142857143,0.7142857142857143
family_ablation,qwen3.5:4b,autonomous_depth_only,all,all,0.83,98,74,74,0.7551020408163265,0.7551020408163265,364,6,6,0.016483516483516484,0.016483516483516484,42,30,30,0.7142857142857143,0.7142857142857143
family_ablation,qwen3.5:4b,autonomous_depth_only,all,all,0.84,98,73,73,0.7448979591836735,0.7448979591836735,364,6,6,0.016483516483516484,0.016483516483516484,42,29,29,0.6904761904761905,0.6904761904761905
family_ablation,qwen3.5:4b,autonomous_depth_only,all,all,0.85,98,73,73,0.7448979591836735,0.7448979591836735,364,6,6,0.016483516483516484,0.016483516483516484,42,29,29,0.6904761904761905,0.6904761904761905
family_ablation,qwen3.5:4b,autonomous_depth_only,all,all,0.86,98,69,69,0.7040816326530612,0.7040816326530612,364,5,5,0.013736263736263736,0.013736263736263736,42,27,27,0.6428571428571429,0.6428571428571429
family_ablation,qwen3.5:4b,autonomous_depth_only,all,all,0.87,98,62,62,0.6326530612244898,0.6326530612244898,364,2,2,0.005494505494505495,0.005494505494505495,42,24,24,0.5714285714285714,0.5714285714285714
family_ablation,qwen3.5:4b,autonomous_depth_only,all,all,0.88,98,56,56,0.5714285714285714,0.5714285714285714,364,2,2,0.005494505494505495,0.005494505494505495,42,20,20,0.47619047619047616,0.47619047619047616
family_ablation,qwen3.5:4b,autonomous_depth_only,all,all,0.89,98,49,49,0.5,0.5,364,1,1,0.0027472527472527475,0.0027472527472527475,42,17,17,0.40476190476190477,0.40476190476190477
family_ablation,qwen3.5:4b,autonomous_depth_only,all,all,0.9,98,43,43,0.4387755102040816,0.4387755102040816,364,0,0,0.0,0.0,42,15,15,0.35714285714285715,0.35714285714285715
family_ablation,qwen3.5:4b,autonomous_depth_only,all,all,0.91,98,33,33,0.336734693877551,0.336734693877551,364,0,0,0.0,0.0,42,11,11,0.2619047619047619,0.2619047619047619
family_ablation,qwen3.5:4b,autonomous_depth_only,all,all,0.92,98,12,12,0.12244897959183673,0.12244897959183673,364,0,0,0.0,0.0,42,4,4,0.09523809523809523,0.09523809523809523
family_ablation,qwen3.5:4b,autonomous_depth_only,all,all,0.93,98,3,3,0.030612244897959183,0.030612244897959183,364,0,0,0.0,0.0,42,1,1,0.023809523809523808,0.023809523809523808
family_ablation,qwen3.5:4b,autonomous_depth_only,all,all,0.94,98,0,0,0.0,0.0,364,0,0,0.0,0.0,42,0,0,0.0,0.0
family_ablation,qwen3.5:4b,autonomous_depth_only,all,all,0.95,98,0,0,0.0,0.0,364,0,0,0.0,0.0,42,0,0,0.0,0.0
family_ablation,qwen3.5:4b,autonomous_depth_only,all,all,0.96,98,0,0,0.0,0.0,364,0,0,0.0,0.0,42,0,0,0.0,0.0
family_ablation,qwen3.5:4b,autonomous_depth_only,all,all,0.97,98,0,0,0.0,0.0,364,0,0,0.0,0.0,42,0,0,0.0,0.0
family_ablation,qwen3.5:4b,autonomous_depth_only,all,all,0.98,98,0,0,0.0,0.0,364,0,0,0.0,0.0,42,0,0,0.0,0.0
family_ablation,qwen3.5:4b,autonomous_depth_only,all,all,0.99,98,0,0,0.0,0.0,364,0,0,0.0,0.0,42,0,0,0.0,0.0
family_ablation,qwen3.5:4b,autonomous_depth_only,all,all,0.995,98,0,0,0.0,0.0,364,0,0,0.0,0.0,42,0,0,0.0,0.0
family_ablation,qwen3.5:4b,autonomous_depth_only,all,all,0.999,98,0,0,0.0,0.0,364,0,0,0.0,0.0,42,0,0,0.0,0.0
family_ablation,qwen3.5:4b,autonomous_depth_only,all,all,0.9999,98,0,0,0.0,0.0,364,0,0,0.0,0.0,42,0,0,0.0,0.0
family_ablation,qwen3.5:4b,autonomous_depth_only,all,all,0.99999,98,0,0,0.0,0.0,364,0,0,0.0,0.0,42,0,0,0.0,0.0
family_ablation,qwen3.5:4b,autonomous_depth_only,all,all,0.999999,98,0,0,0.0,0.0,364,0,0,0.0,0.0,42,0,0,0.0,0.0
family_ablation,qwen3.5:4b,autonomous_depth_only,all,all,1.0,98,0,0,0.0,0.0,364,0,0,0.0,0.0,42,0,0,0.0,0.0
baseline,qwen3.5:9b,all_crops,original,all,0.0,25,25,25,1.0,1.0,96,96,96,1.0,1.0,11,11,11,1.0,1.0
baseline,qwen3.5:9b,all_crops,original,all,0.01,25,25,25,1.0,1.0,96,85,85,0.8854166666666666,0.8854166666666666,11,11,11,1.0,1.0
baseline,qwen3.5:9b,all_crops,original,all,0.02,25,25,25,1.0,1.0,96,70,70,0.7291666666666666,0.7291666666666666,11,11,11,1.0,1.0
baseline,qwen3.5:9b,all_crops,original,all,0.03,25,25,25,1.0,1.0,96,65,65,0.6770833333333334,0.6770833333333334,11,11,11,1.0,1.0
baseline,qwen3.5:9b,all_crops,original,all,0.04,25,25,25,1.0,1.0,96,65,65,0.6770833333333334,0.6770833333333334,11,11,11,1.0,1.0
baseline,qwen3.5:9b,all_crops,original,all,0.05,25,25,25,1.0,1.0,96,60,60,0.625,0.625,11,11,11,1.0,1.0
baseline,qwen3.5:9b,all_crops,original,all,0.06,25,25,25,1.0,1.0,96,57,57,0.59375,0.59375,11,11,11,1.0,1.0
baseline,qwen3.5:9b,all_crops,original,all,0.07,25,25,25,1.0,1.0,96,54,54,0.5625,0.5625,11,11,11,1.0,1.0
baseline,qwen3.5:9b,all_crops,original,all,0.08,25,25,25,1.0,1.0,96,54,54,0.5625,0.5625,11,11,11,1.0,1.0
baseline,qwen3.5:9b,all_crops,original,all,0.09,25,25,25,1.0,1.0,96,53,53,0.5520833333333334,0.5520833333333334,11,11,11,1.0,1.0
baseline,qwen3.5:9b,all_crops,original,all,0.1,25,25,25,1.0,1.0,96,51,51,0.53125,0.53125,11,11,11,1.0,1.0
baseline,qwen3.5:9b,all_crops,original,all,0.11,25,25,25,1.0,1.0,96,51,51,0.53125,0.53125,11,11,11,1.0,1.0
baseline,qwen3.5:9b,all_crops,original,all,0.12,25,25,25,1.0,1.0,96,47,47,0.4895833333333333,0.4895833333333333,11,11,11,1.0,1.0
baseline,qwen3.5:9b,all_crops,original,all,0.13,25,25,25,1.0,1.0,96,45,45,0.46875,0.46875,11,11,11,1.0,1.0
baseline,qwen3.5:9b,all_crops,original,all,0.14,25,25,25,1.0,1.0,96,44,44,0.4583333333333333,0.4583333333333333,11,11,11,1.0,1.0
baseline,qwen3.5:9b,all_crops,original,all,0.15,25,25,25,1.0,1.0,96,44,44,0.4583333333333333,0.4583333333333333,11,11,11,1.0,1.0
baseline,qwen3.5:9b,all_crops,original,all,0.16,25,25,25,1.0,1.0,96,43,43,0.4479166666666667,0.4479166666666667,11,11,11,1.0,1.0
baseline,qwen3.5:9b,all_crops,original,all,0.17,25,25,25,1.0,1.0,96,42,42,0.4375,0.4375,11,11,11,1.0,1.0
baseline,qwen3.5:9b,all_crops,original,all,0.18,25,25,25,1.0,1.0,96,42,42,0.4375,0.4375,11,11,11,1.0,1.0
baseline,qwen3.5:9b,all_crops,original,all,0.19,25,25,25,1.0,1.0,96,42,42,0.4375,0.4375,11,11,11,1.0,1.0
baseline,qwen3.5:9b,all_crops,original,all,0.2,25,25,25,1.0,1.0,96,42,42,0.4375,0.4375,11,11,11,1.0,1.0
baseline,qwen3.5:9b,all_crops,original,all,0.21,25,25,25,1.0,1.0,96,41,41,0.4270833333333333,0.4270833333333333,11,11,11,1.0,1.0
baseline,qwen3.5:9b,all_crops,original,all,0.22,25,25,25,1.0,1.0,96,41,41,0.4270833333333333,0.4270833333333333,11,11,11,1.0,1.0
baseline,qwen3.5:9b,all_crops,original,all,0.23,25,25,25,1.0,1.0,96,41,41,0.4270833333333333,0.4270833333333333,11,11,11,1.0,1.0
baseline,qwen3.5:9b,all_crops,original,all,0.24,25,25,25,1.0,1.0,96,41,41,0.4270833333333333,0.4270833333333333,11,11,11,1.0,1.0
baseline,qwen3.5:9b,all_crops,original,all,0.25,25,25,25,1.0,1.0,96,40,40,0.4166666666666667,0.4166666666666667,11,11,11,1.0,1.0
baseline,qwen3.5:9b,all_crops,original,all,0.26,25,25,25,1.0,1.0,96,39,39,0.40625,0.40625,11,11,11,1.0,1.0
baseline,qwen3.5:9b,all_crops,original,all,0.27,25,25,25,1.0,1.0,96,36,36,0.375,0.375,11,11,11,1.0,1.0
baseline,qwen3.5:9b,all_crops,original,all,0.28,25,25,25,1.0,1.0,96,34,34,0.3541666666666667,0.3541666666666667,11,11,11,1.0,1.0
baseline,qwen3.5:9b,all_crops,original,all,0.29,25,25,25,1.0,1.0,96,34,34,0.3541666666666667,0.3541666666666667,11,11,11,1.0,1.0
baseline,qwen3.5:9b,all_crops,original,all,0.3,25,25,25,1.0,1.0,96,34,34,0.3541666666666667,0.3541666666666667,11,11,11,1.0,1.0
baseline,qwen3.5:9b,all_crops,original,all,0.31,25,25,25,1.0,1.0,96,34,34,0.3541666666666667,0.3541666666666667,11,11,11,1.0,1.0
baseline,qwen3.5:9b,all_crops,original,all,0.32,25,25,25,1.0,1.0,96,34,34,0.3541666666666667,0.3541666666666667,11,11,11,1.0,1.0
baseline,qwen3.5:9b,all_crops,original,all,0.33,25,25,25,1.0,1.0,96,34,34,0.3541666666666667,0.3541666666666667,11,11,11,1.0,1.0
baseline,qwen3.5:9b,all_crops,original,all,0.34,25,25,25,1.0,1.0,96,34,34,0.3541666666666667,0.3541666666666667,11,11,11,1.0,1.0
baseline,qwen3.5:9b,all_crops,original,all,0.35,25,25,25,1.0,1.0,96,34,34,0.3541666666666667,0.3541666666666667,11,11,11,1.0,1.0
baseline,qwen3.5:9b,all_crops,original,all,0.36,25,25,25,1.0,1.0,96,34,34,0.3541666666666667,0.3541666666666667,11,11,11,1.0,1.0
baseline,qwen3.5:9b,all_crops,original,all,0.37,25,25,25,1.0,1.0,96,34,34,0.3541666666666667,0.3541666666666667,11,11,11,1.0,1.0
baseline,qwen3.5:9b,all_crops,original,all,0.38,25,25,25,1.0,1.0,96,33,33,0.34375,0.34375,11,11,11,1.0,1.0
baseline,qwen3.5:9b,all_crops,original,all,0.39,25,25,25,1.0,1.0,96,33,33,0.34375,0.34375,11,11,11,1.0,1.0
baseline,qwen3.5:9b,all_crops,original,all,0.4,25,25,25,1.0,1.0,96,33,33,0.34375,0.34375,11,11,11,1.0,1.0
baseline,qwen3.5:9b,all_crops,original,all,0.41,25,25,25,1.0,1.0,96,33,33,0.34375,0.34375,11,11,11,1.0,1.0
baseline,qwen3.5:9b,all_crops,original,all,0.42,25,25,25,1.0,1.0,96,33,33,0.34375,0.34375,11,11,11,1.0,1.0
baseline,qwen3.5:9b,all_crops,original,all,0.43,25,25,25,1.0,1.0,96,33,33,0.34375,0.34375,11,11,11,1.0,1.0
baseline,qwen3.5:9b,all_crops,original,all,0.44,25,25,25,1.0,1.0,96,33,33,0.34375,0.34375,11,11,11,1.0,1.0
baseline,qwen3.5:9b,all_crops,original,all,0.45,25,25,25,1.0,1.0,96,33,33,0.34375,0.34375,11,11,11,1.0,1.0
baseline,qwen3.5:9b,all_crops,original,all,0.46,25,25,25,1.0,1.0,96,33,33,0.34375,0.34375,11,11,11,1.0,1.0
baseline,qwen3.5:9b,all_crops,original,all,0.47,25,25,25,1.0,1.0,96,33,33,0.34375,0.34375,11,11,11,1.0,1.0
baseline,qwen3.5:9b,all_crops,original,all,0.48,25,25,25,1.0,1.0,96,33,33,0.34375,0.34375,11,11,11,1.0,1.0
baseline,qwen3.5:9b,all_crops,original,all,0.49,25,25,25,1.0,1.0,96,33,33,0.34375,0.34375,11,11,11,1.0,1.0
baseline,qwen3.5:9b,all_crops,original,all,0.5,25,25,25,1.0,1.0,96,33,33,0.34375,0.34375,11,11,11,1.0,1.0
baseline,qwen3.5:9b,all_crops,original,all,0.51,25,25,25,1.0,1.0,96,33,33,0.34375,0.34375,11,11,11,1.0,1.0
baseline,qwen3.5:9b,all_crops,original,all,0.52,25,25,25,1.0,1.0,96,33,33,0.34375,0.34375,11,11,11,1.0,1.0
baseline,qwen3.5:9b,all_crops,original,all,0.53,25,25,25,1.0,1.0,96,33,33,0.34375,0.34375,11,11,11,1.0,1.0
baseline,qwen3.5:9b,all_crops,original,all,0.54,25,25,25,1.0,1.0,96,33,33,0.34375,0.34375,11,11,11,1.0,1.0
baseline,qwen3.5:9b,all_crops,original,all,0.55,25,25,25,1.0,1.0,96,33,33,0.34375,0.34375,11,11,11,1.0,1.0
baseline,qwen3.5:9b,all_crops,original,all,0.56,25,25,25,1.0,1.0,96,33,33,0.34375,0.34375,11,11,11,1.0,1.0
baseline,qwen3.5:9b,all_crops,original,all,0.57,25,25,25,1.0,1.0,96,33,33,0.34375,0.34375,11,11,11,1.0,1.0
baseline,qwen3.5:9b,all_crops,original,all,0.58,25,25,25,1.0,1.0,96,33,33,0.34375,0.34375,11,11,11,1.0,1.0
baseline,qwen3.5:9b,all_crops,original,all,0.59,25,25,25,1.0,1.0,96,33,33,0.34375,0.34375,11,11,11,1.0,1.0
baseline,qwen3.5:9b,all_crops,original,all,0.6,25,25,25,1.0,1.0,96,33,33,0.34375,0.34375,11,11,11,1.0,1.0
baseline,qwen3.5:9b,all_crops,original,all,0.61,25,25,25,1.0,1.0,96,33,33,0.34375,0.34375,11,11,11,1.0,1.0
baseline,qwen3.5:9b,all_crops,original,all,0.62,25,25,25,1.0,1.0,96,31,31,0.3229166666666667,0.3229166666666667,11,11,11,1.0,1.0
baseline,qwen3.5:9b,all_crops,original,all,0.63,25,25,25,1.0,1.0,96,31,31,0.3229166666666667,0.3229166666666667,11,11,11,1.0,1.0
baseline,qwen3.5:9b,all_crops,original,all,0.64,25,25,25,1.0,1.0,96,31,31,0.3229166666666667,0.3229166666666667,11,11,11,1.0,1.0
baseline,qwen3.5:9b,all_crops,original,all,0.65,25,25,25,1.0,1.0,96,31,31,0.3229166666666667,0.3229166666666667,11,11,11,1.0,1.0
baseline,qwen3.5:9b,all_crops,original,all,0.66,25,25,25,1.0,1.0,96,31,31,0.3229166666666667,0.3229166666666667,11,11,11,1.0,1.0
baseline,qwen3.5:9b,all_crops,original,all,0.67,25,25,25,1.0,1.0,96,31,31,0.3229166666666667,0.3229166666666667,11,11,11,1.0,1.0
baseline,qwen3.5:9b,all_crops,original,all,0.68,25,25,25,1.0,1.0,96,31,31,0.3229166666666667,0.3229166666666667,11,11,11,1.0,1.0
baseline,qwen3.5:9b,all_crops,original,all,0.69,25,25,25,1.0,1.0,96,31,31,0.3229166666666667,0.3229166666666667,11,11,11,1.0,1.0
baseline,qwen3.5:9b,all_crops,original,all,0.7,25,25,25,1.0,1.0,96,30,30,0.3125,0.3125,11,11,11,1.0,1.0
baseline,qwen3.5:9b,all_crops,original,all,0.71,25,25,25,1.0,1.0,96,30,30,0.3125,0.3125,11,11,11,1.0,1.0
baseline,qwen3.5:9b,all_crops,original,all,0.72,25,25,25,1.0,1.0,96,30,30,0.3125,0.3125,11,11,11,1.0,1.0
baseline,qwen3.5:9b,all_crops,original,all,0.73,25,25,25,1.0,1.0,96,30,30,0.3125,0.3125,11,11,11,1.0,1.0
baseline,qwen3.5:9b,all_crops,original,all,0.74,25,25,25,1.0,1.0,96,30,30,0.3125,0.3125,11,11,11,1.0,1.0
baseline,qwen3.5:9b,all_crops,original,all,0.75,25,25,25,1.0,1.0,96,29,29,0.3020833333333333,0.3020833333333333,11,11,11,1.0,1.0
baseline,qwen3.5:9b,all_crops,original,all,0.76,25,25,25,1.0,1.0,96,28,28,0.2916666666666667,0.2916666666666667,11,11,11,1.0,1.0
baseline,qwen3.5:9b,all_crops,original,all,0.77,25,25,25,1.0,1.0,96,27,27,0.28125,0.28125,11,11,11,1.0,1.0
baseline,qwen3.5:9b,all_crops,original,all,0.78,25,25,25,1.0,1.0,96,24,24,0.25,0.25,11,11,11,1.0,1.0
baseline,qwen3.5:9b,all_crops,original,all,0.79,25,25,25,1.0,1.0,96,24,24,0.25,0.25,11,11,11,1.0,1.0
baseline,qwen3.5:9b,all_crops,original,all,0.8,25,25,25,1.0,1.0,96,23,23,0.23958333333333334,0.23958333333333334,11,11,11,1.0,1.0
baseline,qwen3.5:9b,all_crops,original,all,0.81,25,25,25,1.0,1.0,96,20,20,0.20833333333333334,0.20833333333333334,11,11,11,1.0,1.0
baseline,qwen3.5:9b,all_crops,original,all,0.82,25,25,25,1.0,1.0,96,20,20,0.20833333333333334,0.20833333333333334,11,11,11,1.0,1.0
baseline,qwen3.5:9b,all_crops,original,all,0.83,25,25,25,1.0,1.0,96,20,20,0.20833333333333334,0.20833333333333334,11,11,11,1.0,1.0
baseline,qwen3.5:9b,all_crops,original,all,0.84,25,25,25,1.0,1.0,96,20,20,0.20833333333333334,0.20833333333333334,11,11,11,1.0,1.0
baseline,qwen3.5:9b,all_crops,original,all,0.85,25,25,25,1.0,1.0,96,19,19,0.19791666666666666,0.19791666666666666,11,11,11,1.0,1.0
baseline,qwen3.5:9b,all_crops,original,all,0.86,25,25,25,1.0,1.0,96,18,18,0.1875,0.1875,11,11,11,1.0,1.0
baseline,qwen3.5:9b,all_crops,original,all,0.87,25,25,25,1.0,1.0,96,16,16,0.16666666666666666,0.16666666666666666,11,11,11,1.0,1.0
baseline,qwen3.5:9b,all_crops,original,all,0.88,25,25,25,1.0,1.0,96,14,14,0.14583333333333334,0.14583333333333334,11,11,11,1.0,1.0
baseline,qwen3.5:9b,all_crops,original,all,0.89,25,25,25,1.0,1.0,96,13,13,0.13541666666666666,0.13541666666666666,11,11,11,1.0,1.0
baseline,qwen3.5:9b,all_crops,original,all,0.9,25,25,25,1.0,1.0,96,12,12,0.125,0.125,11,11,11,1.0,1.0
baseline,qwen3.5:9b,all_crops,original,all,0.91,25,25,25,1.0,1.0,96,9,9,0.09375,0.09375,11,11,11,1.0,1.0
baseline,qwen3.5:9b,all_crops,original,all,0.92,25,25,25,1.0,1.0,96,9,9,0.09375,0.09375,11,11,11,1.0,1.0
baseline,qwen3.5:9b,all_crops,original,all,0.93,25,25,25,1.0,1.0,96,9,9,0.09375,0.09375,11,11,11,1.0,1.0
baseline,qwen3.5:9b,all_crops,original,all,0.94,25,25,25,1.0,1.0,96,8,8,0.08333333333333333,0.08333333333333333,11,11,11,1.0,1.0
baseline,qwen3.5:9b,all_crops,original,all,0.95,25,25,25,1.0,1.0,96,8,8,0.08333333333333333,0.08333333333333333,11,11,11,1.0,1.0
baseline,qwen3.5:9b,all_crops,original,all,0.96,25,25,25,1.0,1.0,96,7,7,0.07291666666666667,0.07291666666666667,11,11,11,1.0,1.0
baseline,qwen3.5:9b,all_crops,original,all,0.97,25,24,24,0.96,0.96,96,5,5,0.052083333333333336,0.052083333333333336,11,10,10,0.9090909090909091,0.9090909090909091
baseline,qwen3.5:9b,all_crops,original,all,0.98,25,18,18,0.72,0.72,96,1,1,0.010416666666666666,0.010416666666666666,11,7,7,0.6363636363636364,0.6363636363636364
baseline,qwen3.5:9b,all_crops,original,all,0.99,25,4,4,0.16,0.16,96,0,0,0.0,0.0,11,1,1,0.09090909090909091,0.09090909090909091
baseline,qwen3.5:9b,all_crops,original,all,0.995,25,0,0,0.0,0.0,96,0,0,0.0,0.0,11,0,0,0.0,0.0
baseline,qwen3.5:9b,all_crops,original,all,0.999,25,0,0,0.0,0.0,96,0,0,0.0,0.0,11,0,0,0.0,0.0
baseline,qwen3.5:9b,all_crops,original,all,0.9999,25,0,0,0.0,0.0,96,0,0,0.0,0.0,11,0,0,0.0,0.0
baseline,qwen3.5:9b,all_crops,original,all,0.99999,25,0,0,0.0,0.0,96,0,0,0.0,0.0,11,0,0,0.0,0.0
baseline,qwen3.5:9b,all_crops,original,all,0.999999,25,0,0,0.0,0.0,96,0,0,0.0,0.0,11,0,0,0.0,0.0
baseline,qwen3.5:9b,all_crops,original,all,1.0,25,0,0,0.0,0.0,96,0,0,0.0,0.0,11,0,0,0.0,0.0
baseline,qwen3.5:9b,all_crops,state_101,all,0.0,25,25,25,1.0,1.0,96,96,96,1.0,1.0,11,11,11,1.0,1.0
baseline,qwen3.5:9b,all_crops,state_101,all,0.01,25,25,25,1.0,1.0,96,87,87,0.90625,0.90625,11,11,11,1.0,1.0
baseline,qwen3.5:9b,all_crops,state_101,all,0.02,25,25,25,1.0,1.0,96,78,78,0.8125,0.8125,11,11,11,1.0,1.0
baseline,qwen3.5:9b,all_crops,state_101,all,0.03,25,25,25,1.0,1.0,96,69,69,0.71875,0.71875,11,11,11,1.0,1.0
baseline,qwen3.5:9b,all_crops,state_101,all,0.04,25,25,25,1.0,1.0,96,64,64,0.6666666666666666,0.6666666666666666,11,11,11,1.0,1.0
baseline,qwen3.5:9b,all_crops,state_101,all,0.05,25,25,25,1.0,1.0,96,62,62,0.6458333333333334,0.6458333333333334,11,11,11,1.0,1.0
baseline,qwen3.5:9b,all_crops,state_101,all,0.06,25,25,25,1.0,1.0,96,58,58,0.6041666666666666,0.6041666666666666,11,11,11,1.0,1.0
baseline,qwen3.5:9b,all_crops,state_101,all,0.07,25,25,25,1.0,1.0,96,48,48,0.5,0.5,11,11,11,1.0,1.0
baseline,qwen3.5:9b,all_crops,state_101,all,0.08,25,25,25,1.0,1.0,96,47,47,0.4895833333333333,0.4895833333333333,11,11,11,1.0,1.0
baseline,qwen3.5:9b,all_crops,state_101,all,0.09,25,25,25,1.0,1.0,96,47,47,0.4895833333333333,0.4895833333333333,11,11,11,1.0,1.0
baseline,qwen3.5:9b,all_crops,state_101,all,0.1,25,25,25,1.0,1.0,96,45,45,0.46875,0.46875,11,11,11,1.0,1.0
baseline,qwen3.5:9b,all_crops,state_101,all,0.11,25,25,25,1.0,1.0,96,44,44,0.4583333333333333,0.4583333333333333,11,11,11,1.0,1.0
baseline,qwen3.5:9b,all_crops,state_101,all,0.12,25,25,25,1.0,1.0,96,44,44,0.4583333333333333,0.4583333333333333,11,11,11,1.0,1.0
baseline,qwen3.5:9b,all_crops,state_101,all,0.13,25,25,25,1.0,1.0,96,44,44,0.4583333333333333,0.4583333333333333,11,11,11,1.0,1.0
baseline,qwen3.5:9b,all_crops,state_101,all,0.14,25,25,25,1.0,1.0,96,43,43,0.4479166666666667,0.4479166666666667,11,11,11,1.0,1.0
baseline,qwen3.5:9b,all_crops,state_101,all,0.15,25,25,25,1.0,1.0,96,43,43,0.4479166666666667,0.4479166666666667,11,11,11,1.0,1.0
baseline,qwen3.5:9b,all_crops,state_101,all,0.16,25,25,25,1.0,1.0,96,43,43,0.4479166666666667,0.4479166666666667,11,11,11,1.0,1.0
baseline,qwen3.5:9b,all_crops,state_101,all,0.17,25,25,25,1.0,1.0,96,43,43,0.4479166666666667,0.4479166666666667,11,11,11,1.0,1.0
baseline,qwen3.5:9b,all_crops,state_101,all,0.18,25,25,25,1.0,1.0,96,43,43,0.4479166666666667,0.4479166666666667,11,11,11,1.0,1.0
baseline,qwen3.5:9b,all_crops,state_101,all,0.19,25,25,25,1.0,1.0,96,43,43,0.4479166666666667,0.4479166666666667,11,11,11,1.0,1.0
baseline,qwen3.5:9b,all_crops,state_101,all,0.2,25,25,25,1.0,1.0,96,42,42,0.4375,0.4375,11,11,11,1.0,1.0
baseline,qwen3.5:9b,all_crops,state_101,all,0.21,25,25,25,1.0,1.0,96,42,42,0.4375,0.4375,11,11,11,1.0,1.0
baseline,qwen3.5:9b,all_crops,state_101,all,0.22,25,25,25,1.0,1.0,96,42,42,0.4375,0.4375,11,11,11,1.0,1.0
baseline,qwen3.5:9b,all_crops,state_101,all,0.23,25,25,25,1.0,1.0,96,41,41,0.4270833333333333,0.4270833333333333,11,11,11,1.0,1.0
baseline,qwen3.5:9b,all_crops,state_101,all,0.24,25,25,25,1.0,1.0,96,41,41,0.4270833333333333,0.4270833333333333,11,11,11,1.0,1.0
baseline,qwen3.5:9b,all_crops,state_101,all,0.25,25,25,25,1.0,1.0,96,40,40,0.4166666666666667,0.4166666666666667,11,11,11,1.0,1.0
baseline,qwen3.5:9b,all_crops,state_101,all,0.26,25,25,25,1.0,1.0,96,40,40,0.4166666666666667,0.4166666666666667,11,11,11,1.0,1.0
baseline,qwen3.5:9b,all_crops,state_101,all,0.27,25,25,25,1.0,1.0,96,38,38,0.3958333333333333,0.3958333333333333,11,11,11,1.0,1.0
baseline,qwen3.5:9b,all_crops,state_101,all,0.28,25,25,25,1.0,1.0,96,36,36,0.375,0.375,11,11,11,1.0,1.0
baseline,qwen3.5:9b,all_crops,state_101,all,0.29,25,25,25,1.0,1.0,96,34,34,0.3541666666666667,0.3541666666666667,11,11,11,1.0,1.0
baseline,qwen3.5:9b,all_crops,state_101,all,0.3,25,25,25,1.0,1.0,96,33,33,0.34375,0.34375,11,11,11,1.0,1.0
baseline,qwen3.5:9b,all_crops,state_101,all,0.31,25,25,25,1.0,1.0,96,33,33,0.34375,0.34375,11,11,11,1.0,1.0
baseline,qwen3.5:9b,all_crops,state_101,all,0.32,25,25,25,1.0,1.0,96,32,32,0.3333333333333333,0.3333333333333333,11,11,11,1.0,1.0
baseline,qwen3.5:9b,all_crops,state_101,all,0.33,25,25,25,1.0,1.0,96,32,32,0.3333333333333333,0.3333333333333333,11,11,11,1.0,1.0
baseline,qwen3.5:9b,all_crops,state_101,all,0.34,25,25,25,1.0,1.0,96,32,32,0.3333333333333333,0.3333333333333333,11,11,11,1.0,1.0
baseline,qwen3.5:9b,all_crops,state_101,all,0.35,25,25,25,1.0,1.0,96,32,32,0.3333333333333333,0.3333333333333333,11,11,11,1.0,1.0
baseline,qwen3.5:9b,all_crops,state_101,all,0.36,25,25,25,1.0,1.0,96,32,32,0.3333333333333333,0.3333333333333333,11,11,11,1.0,1.0
baseline,qwen3.5:9b,all_crops,state_101,all,0.37,25,25,25,1.0,1.0,96,31,31,0.3229166666666667,0.3229166666666667,11,11,11,1.0,1.0
baseline,qwen3.5:9b,all_crops,state_101,all,0.38,25,25,25,1.0,1.0,96,30,30,0.3125,0.3125,11,11,11,1.0,1.0
baseline,qwen3.5:9b,all_crops,state_101,all,0.39,25,25,25,1.0,1.0,96,30,30,0.3125,0.3125,11,11,11,1.0,1.0
baseline,qwen3.5:9b,all_crops,state_101,all,0.4,25,25,25,1.0,1.0,96,30,30,0.3125,0.3125,11,11,11,1.0,1.0
baseline,qwen3.5:9b,all_crops,state_101,all,0.41,25,25,25,1.0,1.0,96,29,29,0.3020833333333333,0.3020833333333333,11,11,11,1.0,1.0
baseline,qwen3.5:9b,all_crops,state_101,all,0.42,25,25,25,1.0,1.0,96,29,29,0.3020833333333333,0.3020833333333333,11,11,11,1.0,1.0
baseline,qwen3.5:9b,all_crops,state_101,all,0.43,25,25,25,1.0,1.0,96,29,29,0.3020833333333333,0.3020833333333333,11,11,11,1.0,1.0
baseline,qwen3.5:9b,all_crops,state_101,all,0.44,25,25,25,1.0,1.0,96,29,29,0.3020833333333333,0.3020833333333333,11,11,11,1.0,1.0
baseline,qwen3.5:9b,all_crops,state_101,all,0.45,25,25,25,1.0,1.0,96,29,29,0.3020833333333333,0.3020833333333333,11,11,11,1.0,1.0
baseline,qwen3.5:9b,all_crops,state_101,all,0.46,25,25,25,1.0,1.0,96,29,29,0.3020833333333333,0.3020833333333333,11,11,11,1.0,1.0
baseline,qwen3.5:9b,all_crops,state_101,all,0.47,25,25,25,1.0,1.0,96,29,29,0.3020833333333333,0.3020833333333333,11,11,11,1.0,1.0
baseline,qwen3.5:9b,all_crops,state_101,all,0.48,25,25,25,1.0,1.0,96,29,29,0.3020833333333333,0.3020833333333333,11,11,11,1.0,1.0
baseline,qwen3.5:9b,all_crops,state_101,all,0.49,25,25,25,1.0,1.0,96,28,28,0.2916666666666667,0.2916666666666667,11,11,11,1.0,1.0
baseline,qwen3.5:9b,all_crops,state_101,all,0.5,25,25,25,1.0,1.0,96,28,28,0.2916666666666667,0.2916666666666667,11,11,11,1.0,1.0
baseline,qwen3.5:9b,all_crops,state_101,all,0.51,25,25,25,1.0,1.0,96,28,28,0.2916666666666667,0.2916666666666667,11,11,11,1.0,1.0
baseline,qwen3.5:9b,all_crops,state_101,all,0.52,25,25,25,1.0,1.0,96,28,28,0.2916666666666667,0.2916666666666667,11,11,11,1.0,1.0
baseline,qwen3.5:9b,all_crops,state_101,all,0.53,25,25,25,1.0,1.0,96,28,28,0.2916666666666667,0.2916666666666667,11,11,11,1.0,1.0
baseline,qwen3.5:9b,all_crops,state_101,all,0.54,25,25,25,1.0,1.0,96,28,28,0.2916666666666667,0.2916666666666667,11,11,11,1.0,1.0
baseline,qwen3.5:9b,all_crops,state_101,all,0.55,25,25,25,1.0,1.0,96,28,28,0.2916666666666667,0.2916666666666667,11,11,11,1.0,1.0
baseline,qwen3.5:9b,all_crops,state_101,all,0.56,25,25,25,1.0,1.0,96,28,28,0.2916666666666667,0.2916666666666667,11,11,11,1.0,1.0
baseline,qwen3.5:9b,all_crops,state_101,all,0.57,25,25,25,1.0,1.0,96,28,28,0.2916666666666667,0.2916666666666667,11,11,11,1.0,1.0
baseline,qwen3.5:9b,all_crops,state_101,all,0.58,25,25,25,1.0,1.0,96,28,28,0.2916666666666667,0.2916666666666667,11,11,11,1.0,1.0
baseline,qwen3.5:9b,all_crops,state_101,all,0.59,25,25,25,1.0,1.0,96,28,28,0.2916666666666667,0.2916666666666667,11,11,11,1.0,1.0
baseline,qwen3.5:9b,all_crops,state_101,all,0.6,25,25,25,1.0,1.0,96,28,28,0.2916666666666667,0.2916666666666667,11,11,11,1.0,1.0
baseline,qwen3.5:9b,all_crops,state_101,all,0.61,25,25,25,1.0,1.0,96,28,28,0.2916666666666667,0.2916666666666667,11,11,11,1.0,1.0
baseline,qwen3.5:9b,all_crops,state_101,all,0.62,25,25,25,1.0,1.0,96,28,28,0.2916666666666667,0.2916666666666667,11,11,11,1.0,1.0
baseline,qwen3.5:9b,all_crops,state_101,all,0.63,25,25,25,1.0,1.0,96,28,28,0.2916666666666667,0.2916666666666667,11,11,11,1.0,1.0
baseline,qwen3.5:9b,all_crops,state_101,all,0.64,25,25,25,1.0,1.0,96,28,28,0.2916666666666667,0.2916666666666667,11,11,11,1.0,1.0
baseline,qwen3.5:9b,all_crops,state_101,all,0.65,25,25,25,1.0,1.0,96,28,28,0.2916666666666667,0.2916666666666667,11,11,11,1.0,1.0
baseline,qwen3.5:9b,all_crops,state_101,all,0.66,25,25,25,1.0,1.0,96,27,27,0.28125,0.28125,11,11,11,1.0,1.0
baseline,qwen3.5:9b,all_crops,state_101,all,0.67,25,25,25,1.0,1.0,96,27,27,0.28125,0.28125,11,11,11,1.0,1.0
baseline,qwen3.5:9b,all_crops,state_101,all,0.68,25,25,25,1.0,1.0,96,25,25,0.2604166666666667,0.2604166666666667,11,11,11,1.0,1.0
baseline,qwen3.5:9b,all_crops,state_101,all,0.69,25,25,25,1.0,1.0,96,25,25,0.2604166666666667,0.2604166666666667,11,11,11,1.0,1.0
baseline,qwen3.5:9b,all_crops,state_101,all,0.7,25,25,25,1.0,1.0,96,24,24,0.25,0.25,11,11,11,1.0,1.0
baseline,qwen3.5:9b,all_crops,state_101,all,0.71,25,25,25,1.0,1.0,96,23,23,0.23958333333333334,0.23958333333333334,11,11,11,1.0,1.0
baseline,qwen3.5:9b,all_crops,state_101,all,0.72,25,25,25,1.0,1.0,96,23,23,0.23958333333333334,0.23958333333333334,11,11,11,1.0,1.0
baseline,qwen3.5:9b,all_crops,state_101,all,0.73,25,25,25,1.0,1.0,96,23,23,0.23958333333333334,0.23958333333333334,11,11,11,1.0,1.0
baseline,qwen3.5:9b,all_crops,state_101,all,0.74,25,25,25,1.0,1.0,96,22,22,0.22916666666666666,0.22916666666666666,11,11,11,1.0,1.0
baseline,qwen3.5:9b,all_crops,state_101,all,0.75,25,25,25,1.0,1.0,96,22,22,0.22916666666666666,0.22916666666666666,11,11,11,1.0,1.0
baseline,qwen3.5:9b,all_crops,state_101,all,0.76,25,25,25,1.0,1.0,96,22,22,0.22916666666666666,0.22916666666666666,11,11,11,1.0,1.0
baseline,qwen3.5:9b,all_crops,state_101,all,0.77,25,25,25,1.0,1.0,96,21,21,0.21875,0.21875,11,11,11,1.0,1.0
baseline,qwen3.5:9b,all_crops,state_101,all,0.78,25,25,25,1.0,1.0,96,20,20,0.20833333333333334,0.20833333333333334,11,11,11,1.0,1.0
baseline,qwen3.5:9b,all_crops,state_101,all,0.79,25,25,25,1.0,1.0,96,20,20,0.20833333333333334,0.20833333333333334,11,11,11,1.0,1.0
baseline,qwen3.5:9b,all_crops,state_101,all,0.8,25,25,25,1.0,1.0,96,20,20,0.20833333333333334,0.20833333333333334,11,11,11,1.0,1.0
baseline,qwen3.5:9b,all_crops,state_101,all,0.81,25,25,25,1.0,1.0,96,19,19,0.19791666666666666,0.19791666666666666,11,11,11,1.0,1.0
baseline,qwen3.5:9b,all_crops,state_101,all,0.82,25,25,25,1.0,1.0,96,19,19,0.19791666666666666,0.19791666666666666,11,11,11,1.0,1.0
baseline,qwen3.5:9b,all_crops,state_101,all,0.83,25,25,25,1.0,1.0,96,18,18,0.1875,0.1875,11,11,11,1.0,1.0
baseline,qwen3.5:9b,all_crops,state_101,all,0.84,25,25,25,1.0,1.0,96,18,18,0.1875,0.1875,11,11,11,1.0,1.0
baseline,qwen3.5:9b,all_crops,state_101,all,0.85,25,25,25,1.0,1.0,96,18,18,0.1875,0.1875,11,11,11,1.0,1.0
baseline,qwen3.5:9b,all_crops,state_101,all,0.86,25,25,25,1.0,1.0,96,17,17,0.17708333333333334,0.17708333333333334,11,11,11,1.0,1.0
baseline,qwen3.5:9b,all_crops,state_101,all,0.87,25,25,25,1.0,1.0,96,17,17,0.17708333333333334,0.17708333333333334,11,11,11,1.0,1.0
baseline,qwen3.5:9b,all_crops,state_101,all,0.88,25,25,25,1.0,1.0,96,16,16,0.16666666666666666,0.16666666666666666,11,11,11,1.0,1.0
baseline,qwen3.5:9b,all_crops,state_101,all,0.89,25,24,24,0.96,0.96,96,15,15,0.15625,0.15625,11,11,11,1.0,1.0
baseline,qwen3.5:9b,all_crops,state_101,all,0.9,25,24,24,0.96,0.96,96,14,14,0.14583333333333334,0.14583333333333334,11,11,11,1.0,1.0
baseline,qwen3.5:9b,all_crops,state_101,all,0.91,25,24,24,0.96,0.96,96,14,14,0.14583333333333334,0.14583333333333334,11,11,11,1.0,1.0
baseline,qwen3.5:9b,all_crops,state_101,all,0.92,25,24,24,0.96,0.96,96,12,12,0.125,0.125,11,11,11,1.0,1.0
baseline,qwen3.5:9b,all_crops,state_101,all,0.93,25,24,24,0.96,0.96,96,10,10,0.10416666666666667,0.10416666666666667,11,11,11,1.0,1.0
baseline,qwen3.5:9b,all_crops,state_101,all,0.94,25,24,24,0.96,0.96,96,9,9,0.09375,0.09375,11,11,11,1.0,1.0
baseline,qwen3.5:9b,all_crops,state_101,all,0.95,25,23,23,0.92,0.92,96,9,9,0.09375,0.09375,11,10,10,0.9090909090909091,0.9090909090909091
baseline,qwen3.5:9b,all_crops,state_101,all,0.96,25,21,21,0.84,0.84,96,9,9,0.09375,0.09375,11,9,9,0.8181818181818182,0.8181818181818182
baseline,qwen3.5:9b,all_crops,state_101,all,0.97,25,19,19,0.76,0.76,96,6,6,0.0625,0.0625,11,9,9,0.8181818181818182,0.8181818181818182
baseline,qwen3.5:9b,all_crops,state_101,all,0.98,25,10,10,0.4,0.4,96,1,1,0.010416666666666666,0.010416666666666666,11,5,5,0.45454545454545453,0.45454545454545453
baseline,qwen3.5:9b,all_crops,state_101,all,0.99,25,3,3,0.12,0.12,96,0,0,0.0,0.0,11,1,1,0.09090909090909091,0.09090909090909091
baseline,qwen3.5:9b,all_crops,state_101,all,0.995,25,0,0,0.0,0.0,96,0,0,0.0,0.0,11,0,0,0.0,0.0
baseline,qwen3.5:9b,all_crops,state_101,all,0.999,25,0,0,0.0,0.0,96,0,0,0.0,0.0,11,0,0,0.0,0.0
baseline,qwen3.5:9b,all_crops,state_101,all,0.9999,25,0,0,0.0,0.0,96,0,0,0.0,0.0,11,0,0,0.0,0.0
baseline,qwen3.5:9b,all_crops,state_101,all,0.99999,25,0,0,0.0,0.0,96,0,0,0.0,0.0,11,0,0,0.0,0.0
baseline,qwen3.5:9b,all_crops,state_101,all,0.999999,25,0,0,0.0,0.0,96,0,0,0.0,0.0,11,0,0,0.0,0.0
baseline,qwen3.5:9b,all_crops,state_101,all,1.0,25,0,0,0.0,0.0,96,0,0,0.0,0.0,11,0,0,0.0,0.0
baseline,qwen3.5:9b,all_crops,state_202,all,0.0,25,25,25,1.0,1.0,96,96,96,1.0,1.0,11,11,11,1.0,1.0
baseline,qwen3.5:9b,all_crops,state_202,all,0.01,25,25,25,1.0,1.0,96,80,80,0.8333333333333334,0.8333333333333334,11,11,11,1.0,1.0
baseline,qwen3.5:9b,all_crops,state_202,all,0.02,25,25,25,1.0,1.0,96,69,69,0.71875,0.71875,11,11,11,1.0,1.0
baseline,qwen3.5:9b,all_crops,state_202,all,0.03,25,25,25,1.0,1.0,96,65,65,0.6770833333333334,0.6770833333333334,11,11,11,1.0,1.0
baseline,qwen3.5:9b,all_crops,state_202,all,0.04,25,25,25,1.0,1.0,96,60,60,0.625,0.625,11,11,11,1.0,1.0
baseline,qwen3.5:9b,all_crops,state_202,all,0.05,25,25,25,1.0,1.0,96,58,58,0.6041666666666666,0.6041666666666666,11,11,11,1.0,1.0
baseline,qwen3.5:9b,all_crops,state_202,all,0.06,25,25,25,1.0,1.0,96,55,55,0.5729166666666666,0.5729166666666666,11,11,11,1.0,1.0
baseline,qwen3.5:9b,all_crops,state_202,all,0.07,25,25,25,1.0,1.0,96,54,54,0.5625,0.5625,11,11,11,1.0,1.0
baseline,qwen3.5:9b,all_crops,state_202,all,0.08,25,25,25,1.0,1.0,96,52,52,0.5416666666666666,0.5416666666666666,11,11,11,1.0,1.0
baseline,qwen3.5:9b,all_crops,state_202,all,0.09,25,25,25,1.0,1.0,96,51,51,0.53125,0.53125,11,11,11,1.0,1.0
baseline,qwen3.5:9b,all_crops,state_202,all,0.1,25,25,25,1.0,1.0,96,51,51,0.53125,0.53125,11,11,11,1.0,1.0
baseline,qwen3.5:9b,all_crops,state_202,all,0.11,25,25,25,1.0,1.0,96,50,50,0.5208333333333334,0.5208333333333334,11,11,11,1.0,1.0
baseline,qwen3.5:9b,all_crops,state_202,all,0.12,25,25,25,1.0,1.0,96,50,50,0.5208333333333334,0.5208333333333334,11,11,11,1.0,1.0
baseline,qwen3.5:9b,all_crops,state_202,all,0.13,25,25,25,1.0,1.0,96,50,50,0.5208333333333334,0.5208333333333334,11,11,11,1.0,1.0
baseline,qwen3.5:9b,all_crops,state_202,all,0.14,25,25,25,1.0,1.0,96,49,49,0.5104166666666666,0.5104166666666666,11,11,11,1.0,1.0
baseline,qwen3.5:9b,all_crops,state_202,all,0.15,25,25,25,1.0,1.0,96,48,48,0.5,0.5,11,11,11,1.0,1.0
baseline,qwen3.5:9b,all_crops,state_202,all,0.16,25,25,25,1.0,1.0,96,48,48,0.5,0.5,11,11,11,1.0,1.0
baseline,qwen3.5:9b,all_crops,state_202,all,0.17,25,25,25,1.0,1.0,96,46,46,0.4791666666666667,0.4791666666666667,11,11,11,1.0,1.0
baseline,qwen3.5:9b,all_crops,state_202,all,0.18,25,25,25,1.0,1.0,96,45,45,0.46875,0.46875,11,11,11,1.0,1.0
baseline,qwen3.5:9b,all_crops,state_202,all,0.19,25,25,25,1.0,1.0,96,43,43,0.4479166666666667,0.4479166666666667,11,11,11,1.0,1.0
baseline,qwen3.5:9b,all_crops,state_202,all,0.2,25,25,25,1.0,1.0,96,42,42,0.4375,0.4375,11,11,11,1.0,1.0
baseline,qwen3.5:9b,all_crops,state_202,all,0.21,25,25,25,1.0,1.0,96,42,42,0.4375,0.4375,11,11,11,1.0,1.0
baseline,qwen3.5:9b,all_crops,state_202,all,0.22,25,25,25,1.0,1.0,96,42,42,0.4375,0.4375,11,11,11,1.0,1.0
baseline,qwen3.5:9b,all_crops,state_202,all,0.23,25,25,25,1.0,1.0,96,42,42,0.4375,0.4375,11,11,11,1.0,1.0
baseline,qwen3.5:9b,all_crops,state_202,all,0.24,25,25,25,1.0,1.0,96,42,42,0.4375,0.4375,11,11,11,1.0,1.0
baseline,qwen3.5:9b,all_crops,state_202,all,0.25,25,25,25,1.0,1.0,96,42,42,0.4375,0.4375,11,11,11,1.0,1.0
baseline,qwen3.5:9b,all_crops,state_202,all,0.26,25,25,25,1.0,1.0,96,42,42,0.4375,0.4375,11,11,11,1.0,1.0
baseline,qwen3.5:9b,all_crops,state_202,all,0.27,25,25,25,1.0,1.0,96,42,42,0.4375,0.4375,11,11,11,1.0,1.0
baseline,qwen3.5:9b,all_crops,state_202,all,0.28,25,25,25,1.0,1.0,96,41,41,0.4270833333333333,0.4270833333333333,11,11,11,1.0,1.0
baseline,qwen3.5:9b,all_crops,state_202,all,0.29,25,25,25,1.0,1.0,96,41,41,0.4270833333333333,0.4270833333333333,11,11,11,1.0,1.0
baseline,qwen3.5:9b,all_crops,state_202,all,0.3,25,25,25,1.0,1.0,96,41,41,0.4270833333333333,0.4270833333333333,11,11,11,1.0,1.0
baseline,qwen3.5:9b,all_crops,state_202,all,0.31,25,25,25,1.0,1.0,96,39,39,0.40625,0.40625,11,11,11,1.0,1.0
baseline,qwen3.5:9b,all_crops,state_202,all,0.32,25,25,25,1.0,1.0,96,39,39,0.40625,0.40625,11,11,11,1.0,1.0
baseline,qwen3.5:9b,all_crops,state_202,all,0.33,25,25,25,1.0,1.0,96,39,39,0.40625,0.40625,11,11,11,1.0,1.0
baseline,qwen3.5:9b,all_crops,state_202,all,0.34,25,25,25,1.0,1.0,96,39,39,0.40625,0.40625,11,11,11,1.0,1.0
baseline,qwen3.5:9b,all_crops,state_202,all,0.35,25,25,25,1.0,1.0,96,39,39,0.40625,0.40625,11,11,11,1.0,1.0
baseline,qwen3.5:9b,all_crops,state_202,all,0.36,25,25,25,1.0,1.0,96,39,39,0.40625,0.40625,11,11,11,1.0,1.0
baseline,qwen3.5:9b,all_crops,state_202,all,0.37,25,25,25,1.0,1.0,96,39,39,0.40625,0.40625,11,11,11,1.0,1.0
baseline,qwen3.5:9b,all_crops,state_202,all,0.38,25,25,25,1.0,1.0,96,38,38,0.3958333333333333,0.3958333333333333,11,11,11,1.0,1.0
baseline,qwen3.5:9b,all_crops,state_202,all,0.39,25,25,25,1.0,1.0,96,38,38,0.3958333333333333,0.3958333333333333,11,11,11,1.0,1.0
baseline,qwen3.5:9b,all_crops,state_202,all,0.4,25,25,25,1.0,1.0,96,38,38,0.3958333333333333,0.3958333333333333,11,11,11,1.0,1.0
baseline,qwen3.5:9b,all_crops,state_202,all,0.41,25,25,25,1.0,1.0,96,38,38,0.3958333333333333,0.3958333333333333,11,11,11,1.0,1.0
baseline,qwen3.5:9b,all_crops,state_202,all,0.42,25,25,25,1.0,1.0,96,37,37,0.3854166666666667,0.3854166666666667,11,11,11,1.0,1.0
baseline,qwen3.5:9b,all_crops,state_202,all,0.43,25,25,25,1.0,1.0,96,36,36,0.375,0.375,11,11,11,1.0,1.0
baseline,qwen3.5:9b,all_crops,state_202,all,0.44,25,25,25,1.0,1.0,96,36,36,0.375,0.375,11,11,11,1.0,1.0
baseline,qwen3.5:9b,all_crops,state_202,all,0.45,25,25,25,1.0,1.0,96,36,36,0.375,0.375,11,11,11,1.0,1.0
baseline,qwen3.5:9b,all_crops,state_202,all,0.46,25,25,25,1.0,1.0,96,36,36,0.375,0.375,11,11,11,1.0,1.0
baseline,qwen3.5:9b,all_crops,state_202,all,0.47,25,25,25,1.0,1.0,96,36,36,0.375,0.375,11,11,11,1.0,1.0
baseline,qwen3.5:9b,all_crops,state_202,all,0.48,25,25,25,1.0,1.0,96,36,36,0.375,0.375,11,11,11,1.0,1.0
baseline,qwen3.5:9b,all_crops,state_202,all,0.49,25,25,25,1.0,1.0,96,35,35,0.3645833333333333,0.3645833333333333,11,11,11,1.0,1.0
baseline,qwen3.5:9b,all_crops,state_202,all,0.5,25,25,25,1.0,1.0,96,34,34,0.3541666666666667,0.3541666666666667,11,11,11,1.0,1.0
baseline,qwen3.5:9b,all_crops,state_202,all,0.51,25,25,25,1.0,1.0,96,34,34,0.3541666666666667,0.3541666666666667,11,11,11,1.0,1.0
baseline,qwen3.5:9b,all_crops,state_202,all,0.52,25,25,25,1.0,1.0,96,34,34,0.3541666666666667,0.3541666666666667,11,11,11,1.0,1.0
baseline,qwen3.5:9b,all_crops,state_202,all,0.53,25,25,25,1.0,1.0,96,33,33,0.34375,0.34375,11,11,11,1.0,1.0
baseline,qwen3.5:9b,all_crops,state_202,all,0.54,25,25,25,1.0,1.0,96,31,31,0.3229166666666667,0.3229166666666667,11,11,11,1.0,1.0
baseline,qwen3.5:9b,all_crops,state_202,all,0.55,25,25,25,1.0,1.0,96,31,31,0.3229166666666667,0.3229166666666667,11,11,11,1.0,1.0
baseline,qwen3.5:9b,all_crops,state_202,all,0.56,25,25,25,1.0,1.0,96,30,30,0.3125,0.3125,11,11,11,1.0,1.0
baseline,qwen3.5:9b,all_crops,state_202,all,0.57,25,25,25,1.0,1.0,96,30,30,0.3125,0.3125,11,11,11,1.0,1.0
baseline,qwen3.5:9b,all_crops,state_202,all,0.58,25,25,25,1.0,1.0,96,30,30,0.3125,0.3125,11,11,11,1.0,1.0
baseline,qwen3.5:9b,all_crops,state_202,all,0.59,25,25,25,1.0,1.0,96,30,30,0.3125,0.3125,11,11,11,1.0,1.0
baseline,qwen3.5:9b,all_crops,state_202,all,0.6,25,25,25,1.0,1.0,96,29,29,0.3020833333333333,0.3020833333333333,11,11,11,1.0,1.0
baseline,qwen3.5:9b,all_crops,state_202,all,0.61,25,25,25,1.0,1.0,96,28,28,0.2916666666666667,0.2916666666666667,11,11,11,1.0,1.0
baseline,qwen3.5:9b,all_crops,state_202,all,0.62,25,25,25,1.0,1.0,96,27,27,0.28125,0.28125,11,11,11,1.0,1.0
baseline,qwen3.5:9b,all_crops,state_202,all,0.63,25,25,25,1.0,1.0,96,27,27,0.28125,0.28125,11,11,11,1.0,1.0
baseline,qwen3.5:9b,all_crops,state_202,all,0.64,25,25,25,1.0,1.0,96,26,26,0.2708333333333333,0.2708333333333333,11,11,11,1.0,1.0
baseline,qwen3.5:9b,all_crops,state_202,all,0.65,25,25,25,1.0,1.0,96,25,25,0.2604166666666667,0.2604166666666667,11,11,11,1.0,1.0
baseline,qwen3.5:9b,all_crops,state_202,all,0.66,25,25,25,1.0,1.0,96,25,25,0.2604166666666667,0.2604166666666667,11,11,11,1.0,1.0
baseline,qwen3.5:9b,all_crops,state_202,all,0.67,25,25,25,1.0,1.0,96,25,25,0.2604166666666667,0.2604166666666667,11,11,11,1.0,1.0
baseline,qwen3.5:9b,all_crops,state_202,all,0.68,25,25,25,1.0,1.0,96,25,25,0.2604166666666667,0.2604166666666667,11,11,11,1.0,1.0
baseline,qwen3.5:9b,all_crops,state_202,all,0.69,25,25,25,1.0,1.0,96,25,25,0.2604166666666667,0.2604166666666667,11,11,11,1.0,1.0
baseline,qwen3.5:9b,all_crops,state_202,all,0.7,25,25,25,1.0,1.0,96,24,24,0.25,0.25,11,11,11,1.0,1.0
baseline,qwen3.5:9b,all_crops,state_202,all,0.71,25,25,25,1.0,1.0,96,24,24,0.25,0.25,11,11,11,1.0,1.0
baseline,qwen3.5:9b,all_crops,state_202,all,0.72,25,25,25,1.0,1.0,96,24,24,0.25,0.25,11,11,11,1.0,1.0
baseline,qwen3.5:9b,all_crops,state_202,all,0.73,25,25,25,1.0,1.0,96,24,24,0.25,0.25,11,11,11,1.0,1.0
baseline,qwen3.5:9b,all_crops,state_202,all,0.74,25,25,25,1.0,1.0,96,23,23,0.23958333333333334,0.23958333333333334,11,11,11,1.0,1.0
baseline,qwen3.5:9b,all_crops,state_202,all,0.75,25,25,25,1.0,1.0,96,23,23,0.23958333333333334,0.23958333333333334,11,11,11,1.0,1.0
baseline,qwen3.5:9b,all_crops,state_202,all,0.76,25,25,25,1.0,1.0,96,23,23,0.23958333333333334,0.23958333333333334,11,11,11,1.0,1.0
baseline,qwen3.5:9b,all_crops,state_202,all,0.77,25,25,25,1.0,1.0,96,23,23,0.23958333333333334,0.23958333333333334,11,11,11,1.0,1.0
baseline,qwen3.5:9b,all_crops,state_202,all,0.78,25,25,25,1.0,1.0,96,22,22,0.22916666666666666,0.22916666666666666,11,11,11,1.0,1.0
baseline,qwen3.5:9b,all_crops,state_202,all,0.79,25,25,25,1.0,1.0,96,21,21,0.21875,0.21875,11,11,11,1.0,1.0
baseline,qwen3.5:9b,all_crops,state_202,all,0.8,25,25,25,1.0,1.0,96,21,21,0.21875,0.21875,11,11,11,1.0,1.0
baseline,qwen3.5:9b,all_crops,state_202,all,0.81,25,25,25,1.0,1.0,96,19,19,0.19791666666666666,0.19791666666666666,11,11,11,1.0,1.0
baseline,qwen3.5:9b,all_crops,state_202,all,0.82,25,25,25,1.0,1.0,96,19,19,0.19791666666666666,0.19791666666666666,11,11,11,1.0,1.0
baseline,qwen3.5:9b,all_crops,state_202,all,0.83,25,25,25,1.0,1.0,96,19,19,0.19791666666666666,0.19791666666666666,11,11,11,1.0,1.0
baseline,qwen3.5:9b,all_crops,state_202,all,0.84,25,25,25,1.0,1.0,96,16,16,0.16666666666666666,0.16666666666666666,11,11,11,1.0,1.0
baseline,qwen3.5:9b,all_crops,state_202,all,0.85,25,25,25,1.0,1.0,96,15,15,0.15625,0.15625,11,11,11,1.0,1.0
baseline,qwen3.5:9b,all_crops,state_202,all,0.86,25,25,25,1.0,1.0,96,14,14,0.14583333333333334,0.14583333333333334,11,11,11,1.0,1.0
baseline,qwen3.5:9b,all_crops,state_202,all,0.87,25,25,25,1.0,1.0,96,14,14,0.14583333333333334,0.14583333333333334,11,11,11,1.0,1.0
baseline,qwen3.5:9b,all_crops,state_202,all,0.88,25,25,25,1.0,1.0,96,14,14,0.14583333333333334,0.14583333333333334,11,11,11,1.0,1.0
baseline,qwen3.5:9b,all_crops,state_202,all,0.89,25,25,25,1.0,1.0,96,14,14,0.14583333333333334,0.14583333333333334,11,11,11,1.0,1.0
baseline,qwen3.5:9b,all_crops,state_202,all,0.9,25,25,25,1.0,1.0,96,13,13,0.13541666666666666,0.13541666666666666,11,11,11,1.0,1.0
baseline,qwen3.5:9b,all_crops,state_202,all,0.91,25,25,25,1.0,1.0,96,11,11,0.11458333333333333,0.11458333333333333,11,11,11,1.0,1.0
baseline,qwen3.5:9b,all_crops,state_202,all,0.92,25,24,24,0.96,0.96,96,10,10,0.10416666666666667,0.10416666666666667,11,10,10,0.9090909090909091,0.9090909090909091
baseline,qwen3.5:9b,all_crops,state_202,all,0.93,25,23,23,0.92,0.92,96,8,8,0.08333333333333333,0.08333333333333333,11,9,9,0.8181818181818182,0.8181818181818182
baseline,qwen3.5:9b,all_crops,state_202,all,0.94,25,23,23,0.92,0.92,96,6,6,0.0625,0.0625,11,9,9,0.8181818181818182,0.8181818181818182
baseline,qwen3.5:9b,all_crops,state_202,all,0.95,25,22,22,0.88,0.88,96,5,5,0.052083333333333336,0.052083333333333336,11,9,9,0.8181818181818182,0.8181818181818182
baseline,qwen3.5:9b,all_crops,state_202,all,0.96,25,20,20,0.8,0.8,96,4,4,0.041666666666666664,0.041666666666666664,11,9,9,0.8181818181818182,0.8181818181818182
baseline,qwen3.5:9b,all_crops,state_202,all,0.97,25,20,20,0.8,0.8,96,2,2,0.020833333333333332,0.020833333333333332,11,9,9,0.8181818181818182,0.8181818181818182
baseline,qwen3.5:9b,all_crops,state_202,all,0.98,25,16,16,0.64,0.64,96,1,1,0.010416666666666666,0.010416666666666666,11,7,7,0.6363636363636364,0.6363636363636364
baseline,qwen3.5:9b,all_crops,state_202,all,0.99,25,4,4,0.16,0.16,96,0,0,0.0,0.0,11,1,1,0.09090909090909091,0.09090909090909091
baseline,qwen3.5:9b,all_crops,state_202,all,0.995,25,1,1,0.04,0.04,96,0,0,0.0,0.0,11,0,0,0.0,0.0
baseline,qwen3.5:9b,all_crops,state_202,all,0.999,25,0,0,0.0,0.0,96,0,0,0.0,0.0,11,0,0,0.0,0.0
baseline,qwen3.5:9b,all_crops,state_202,all,0.9999,25,0,0,0.0,0.0,96,0,0,0.0,0.0,11,0,0,0.0,0.0
baseline,qwen3.5:9b,all_crops,state_202,all,0.99999,25,0,0,0.0,0.0,96,0,0,0.0,0.0,11,0,0,0.0,0.0
baseline,qwen3.5:9b,all_crops,state_202,all,0.999999,25,0,0,0.0,0.0,96,0,0,0.0,0.0,11,0,0,0.0,0.0
baseline,qwen3.5:9b,all_crops,state_202,all,1.0,25,0,0,0.0,0.0,96,0,0,0.0,0.0,11,0,0,0.0,0.0
baseline,qwen3.5:9b,all_crops,state_303,all,0.0,25,25,25,1.0,1.0,96,96,96,1.0,1.0,11,11,11,1.0,1.0
baseline,qwen3.5:9b,all_crops,state_303,all,0.01,25,25,25,1.0,1.0,96,85,85,0.8854166666666666,0.8854166666666666,11,11,11,1.0,1.0
baseline,qwen3.5:9b,all_crops,state_303,all,0.02,25,25,25,1.0,1.0,96,73,73,0.7604166666666666,0.7604166666666666,11,11,11,1.0,1.0
baseline,qwen3.5:9b,all_crops,state_303,all,0.03,25,25,25,1.0,1.0,96,65,65,0.6770833333333334,0.6770833333333334,11,11,11,1.0,1.0
baseline,qwen3.5:9b,all_crops,state_303,all,0.04,25,25,25,1.0,1.0,96,59,59,0.6145833333333334,0.6145833333333334,11,11,11,1.0,1.0
baseline,qwen3.5:9b,all_crops,state_303,all,0.05,25,25,25,1.0,1.0,96,58,58,0.6041666666666666,0.6041666666666666,11,11,11,1.0,1.0
baseline,qwen3.5:9b,all_crops,state_303,all,0.06,25,25,25,1.0,1.0,96,54,54,0.5625,0.5625,11,11,11,1.0,1.0
baseline,qwen3.5:9b,all_crops,state_303,all,0.07,25,25,25,1.0,1.0,96,51,51,0.53125,0.53125,11,11,11,1.0,1.0
baseline,qwen3.5:9b,all_crops,state_303,all,0.08,25,25,25,1.0,1.0,96,51,51,0.53125,0.53125,11,11,11,1.0,1.0
baseline,qwen3.5:9b,all_crops,state_303,all,0.09,25,25,25,1.0,1.0,96,49,49,0.5104166666666666,0.5104166666666666,11,11,11,1.0,1.0
baseline,qwen3.5:9b,all_crops,state_303,all,0.1,25,25,25,1.0,1.0,96,49,49,0.5104166666666666,0.5104166666666666,11,11,11,1.0,1.0
baseline,qwen3.5:9b,all_crops,state_303,all,0.11,25,25,25,1.0,1.0,96,49,49,0.5104166666666666,0.5104166666666666,11,11,11,1.0,1.0
baseline,qwen3.5:9b,all_crops,state_303,all,0.12,25,25,25,1.0,1.0,96,47,47,0.4895833333333333,0.4895833333333333,11,11,11,1.0,1.0
baseline,qwen3.5:9b,all_crops,state_303,all,0.13,25,25,25,1.0,1.0,96,45,45,0.46875,0.46875,11,11,11,1.0,1.0
baseline,qwen3.5:9b,all_crops,state_303,all,0.14,25,25,25,1.0,1.0,96,45,45,0.46875,0.46875,11,11,11,1.0,1.0
baseline,qwen3.5:9b,all_crops,state_303,all,0.15,25,25,25,1.0,1.0,96,45,45,0.46875,0.46875,11,11,11,1.0,1.0
baseline,qwen3.5:9b,all_crops,state_303,all,0.16,25,25,25,1.0,1.0,96,45,45,0.46875,0.46875,11,11,11,1.0,1.0
baseline,qwen3.5:9b,all_crops,state_303,all,0.17,25,25,25,1.0,1.0,96,45,45,0.46875,0.46875,11,11,11,1.0,1.0
baseline,qwen3.5:9b,all_crops,state_303,all,0.18,25,25,25,1.0,1.0,96,45,45,0.46875,0.46875,11,11,11,1.0,1.0
baseline,qwen3.5:9b,all_crops,state_303,all,0.19,25,25,25,1.0,1.0,96,45,45,0.46875,0.46875,11,11,11,1.0,1.0
baseline,qwen3.5:9b,all_crops,state_303,all,0.2,25,25,25,1.0,1.0,96,45,45,0.46875,0.46875,11,11,11,1.0,1.0
baseline,qwen3.5:9b,all_crops,state_303,all,0.21,25,25,25,1.0,1.0,96,45,45,0.46875,0.46875,11,11,11,1.0,1.0
baseline,qwen3.5:9b,all_crops,state_303,all,0.22,25,25,25,1.0,1.0,96,45,45,0.46875,0.46875,11,11,11,1.0,1.0
baseline,qwen3.5:9b,all_crops,state_303,all,0.23,25,25,25,1.0,1.0,96,45,45,0.46875,0.46875,11,11,11,1.0,1.0
baseline,qwen3.5:9b,all_crops,state_303,all,0.24,25,25,25,1.0,1.0,96,44,44,0.4583333333333333,0.4583333333333333,11,11,11,1.0,1.0
baseline,qwen3.5:9b,all_crops,state_303,all,0.25,25,25,25,1.0,1.0,96,43,43,0.4479166666666667,0.4479166666666667,11,11,11,1.0,1.0
baseline,qwen3.5:9b,all_crops,state_303,all,0.26,25,25,25,1.0,1.0,96,42,42,0.4375,0.4375,11,11,11,1.0,1.0
baseline,qwen3.5:9b,all_crops,state_303,all,0.27,25,25,25,1.0,1.0,96,42,42,0.4375,0.4375,11,11,11,1.0,1.0
baseline,qwen3.5:9b,all_crops,state_303,all,0.28,25,25,25,1.0,1.0,96,42,42,0.4375,0.4375,11,11,11,1.0,1.0
baseline,qwen3.5:9b,all_crops,state_303,all,0.29,25,25,25,1.0,1.0,96,41,41,0.4270833333333333,0.4270833333333333,11,11,11,1.0,1.0
baseline,qwen3.5:9b,all_crops,state_303,all,0.3,25,25,25,1.0,1.0,96,41,41,0.4270833333333333,0.4270833333333333,11,11,11,1.0,1.0
baseline,qwen3.5:9b,all_crops,state_303,all,0.31,25,25,25,1.0,1.0,96,41,41,0.4270833333333333,0.4270833333333333,11,11,11,1.0,1.0
baseline,qwen3.5:9b,all_crops,state_303,all,0.32,25,25,25,1.0,1.0,96,41,41,0.4270833333333333,0.4270833333333333,11,11,11,1.0,1.0
baseline,qwen3.5:9b,all_crops,state_303,all,0.33,25,25,25,1.0,1.0,96,41,41,0.4270833333333333,0.4270833333333333,11,11,11,1.0,1.0
baseline,qwen3.5:9b,all_crops,state_303,all,0.34,25,25,25,1.0,1.0,96,40,40,0.4166666666666667,0.4166666666666667,11,11,11,1.0,1.0
baseline,qwen3.5:9b,all_crops,state_303,all,0.35,25,25,25,1.0,1.0,96,40,40,0.4166666666666667,0.4166666666666667,11,11,11,1.0,1.0
baseline,qwen3.5:9b,all_crops,state_303,all,0.36,25,25,25,1.0,1.0,96,40,40,0.4166666666666667,0.4166666666666667,11,11,11,1.0,1.0
baseline,qwen3.5:9b,all_crops,state_303,all,0.37,25,25,25,1.0,1.0,96,40,40,0.4166666666666667,0.4166666666666667,11,11,11,1.0,1.0
baseline,qwen3.5:9b,all_crops,state_303,all,0.38,25,25,25,1.0,1.0,96,40,40,0.4166666666666667,0.4166666666666667,11,11,11,1.0,1.0
baseline,qwen3.5:9b,all_crops,state_303,all,0.39,25,25,25,1.0,1.0,96,40,40,0.4166666666666667,0.4166666666666667,11,11,11,1.0,1.0
baseline,qwen3.5:9b,all_crops,state_303,all,0.4,25,25,25,1.0,1.0,96,38,38,0.3958333333333333,0.3958333333333333,11,11,11,1.0,1.0
baseline,qwen3.5:9b,all_crops,state_303,all,0.41,25,25,25,1.0,1.0,96,37,37,0.3854166666666667,0.3854166666666667,11,11,11,1.0,1.0
baseline,qwen3.5:9b,all_crops,state_303,all,0.42,25,25,25,1.0,1.0,96,36,36,0.375,0.375,11,11,11,1.0,1.0
baseline,qwen3.5:9b,all_crops,state_303,all,0.43,25,25,25,1.0,1.0,96,36,36,0.375,0.375,11,11,11,1.0,1.0
baseline,qwen3.5:9b,all_crops,state_303,all,0.44,25,25,25,1.0,1.0,96,33,33,0.34375,0.34375,11,11,11,1.0,1.0
baseline,qwen3.5:9b,all_crops,state_303,all,0.45,25,25,25,1.0,1.0,96,33,33,0.34375,0.34375,11,11,11,1.0,1.0
baseline,qwen3.5:9b,all_crops,state_303,all,0.46,25,25,25,1.0,1.0,96,33,33,0.34375,0.34375,11,11,11,1.0,1.0
baseline,qwen3.5:9b,all_crops,state_303,all,0.47,25,25,25,1.0,1.0,96,33,33,0.34375,0.34375,11,11,11,1.0,1.0
baseline,qwen3.5:9b,all_crops,state_303,all,0.48,25,25,25,1.0,1.0,96,33,33,0.34375,0.34375,11,11,11,1.0,1.0
baseline,qwen3.5:9b,all_crops,state_303,all,0.49,25,25,25,1.0,1.0,96,32,32,0.3333333333333333,0.3333333333333333,11,11,11,1.0,1.0
baseline,qwen3.5:9b,all_crops,state_303,all,0.5,25,25,25,1.0,1.0,96,32,32,0.3333333333333333,0.3333333333333333,11,11,11,1.0,1.0
baseline,qwen3.5:9b,all_crops,state_303,all,0.51,25,25,25,1.0,1.0,96,32,32,0.3333333333333333,0.3333333333333333,11,11,11,1.0,1.0
baseline,qwen3.5:9b,all_crops,state_303,all,0.52,25,25,25,1.0,1.0,96,32,32,0.3333333333333333,0.3333333333333333,11,11,11,1.0,1.0
baseline,qwen3.5:9b,all_crops,state_303,all,0.53,25,25,25,1.0,1.0,96,32,32,0.3333333333333333,0.3333333333333333,11,11,11,1.0,1.0
baseline,qwen3.5:9b,all_crops,state_303,all,0.54,25,25,25,1.0,1.0,96,32,32,0.3333333333333333,0.3333333333333333,11,11,11,1.0,1.0
baseline,qwen3.5:9b,all_crops,state_303,all,0.55,25,25,25,1.0,1.0,96,32,32,0.3333333333333333,0.3333333333333333,11,11,11,1.0,1.0
baseline,qwen3.5:9b,all_crops,state_303,all,0.56,25,25,25,1.0,1.0,96,32,32,0.3333333333333333,0.3333333333333333,11,11,11,1.0,1.0
baseline,qwen3.5:9b,all_crops,state_303,all,0.57,25,25,25,1.0,1.0,96,32,32,0.3333333333333333,0.3333333333333333,11,11,11,1.0,1.0
baseline,qwen3.5:9b,all_crops,state_303,all,0.58,25,25,25,1.0,1.0,96,32,32,0.3333333333333333,0.3333333333333333,11,11,11,1.0,1.0
baseline,qwen3.5:9b,all_crops,state_303,all,0.59,25,25,25,1.0,1.0,96,32,32,0.3333333333333333,0.3333333333333333,11,11,11,1.0,1.0
baseline,qwen3.5:9b,all_crops,state_303,all,0.6,25,25,25,1.0,1.0,96,32,32,0.3333333333333333,0.3333333333333333,11,11,11,1.0,1.0
baseline,qwen3.5:9b,all_crops,state_303,all,0.61,25,25,25,1.0,1.0,96,32,32,0.3333333333333333,0.3333333333333333,11,11,11,1.0,1.0
baseline,qwen3.5:9b,all_crops,state_303,all,0.62,25,25,25,1.0,1.0,96,32,32,0.3333333333333333,0.3333333333333333,11,11,11,1.0,1.0
baseline,qwen3.5:9b,all_crops,state_303,all,0.63,25,25,25,1.0,1.0,96,32,32,0.3333333333333333,0.3333333333333333,11,11,11,1.0,1.0
baseline,qwen3.5:9b,all_crops,state_303,all,0.64,25,25,25,1.0,1.0,96,32,32,0.3333333333333333,0.3333333333333333,11,11,11,1.0,1.0
baseline,qwen3.5:9b,all_crops,state_303,all,0.65,25,25,25,1.0,1.0,96,32,32,0.3333333333333333,0.3333333333333333,11,11,11,1.0,1.0
baseline,qwen3.5:9b,all_crops,state_303,all,0.66,25,25,25,1.0,1.0,96,31,31,0.3229166666666667,0.3229166666666667,11,11,11,1.0,1.0
baseline,qwen3.5:9b,all_crops,state_303,all,0.67,25,25,25,1.0,1.0,96,30,30,0.3125,0.3125,11,11,11,1.0,1.0
baseline,qwen3.5:9b,all_crops,state_303,all,0.68,25,25,25,1.0,1.0,96,30,30,0.3125,0.3125,11,11,11,1.0,1.0
baseline,qwen3.5:9b,all_crops,state_303,all,0.69,25,25,25,1.0,1.0,96,29,29,0.3020833333333333,0.3020833333333333,11,11,11,1.0,1.0
baseline,qwen3.5:9b,all_crops,state_303,all,0.7,25,25,25,1.0,1.0,96,29,29,0.3020833333333333,0.3020833333333333,11,11,11,1.0,1.0
baseline,qwen3.5:9b,all_crops,state_303,all,0.71,25,25,25,1.0,1.0,96,28,28,0.2916666666666667,0.2916666666666667,11,11,11,1.0,1.0
baseline,qwen3.5:9b,all_crops,state_303,all,0.72,25,25,25,1.0,1.0,96,26,26,0.2708333333333333,0.2708333333333333,11,11,11,1.0,1.0
baseline,qwen3.5:9b,all_crops,state_303,all,0.73,25,25,25,1.0,1.0,96,26,26,0.2708333333333333,0.2708333333333333,11,11,11,1.0,1.0
baseline,qwen3.5:9b,all_crops,state_303,all,0.74,25,25,25,1.0,1.0,96,25,25,0.2604166666666667,0.2604166666666667,11,11,11,1.0,1.0
baseline,qwen3.5:9b,all_crops,state_303,all,0.75,25,25,25,1.0,1.0,96,25,25,0.2604166666666667,0.2604166666666667,11,11,11,1.0,1.0
baseline,qwen3.5:9b,all_crops,state_303,all,0.76,25,25,25,1.0,1.0,96,25,25,0.2604166666666667,0.2604166666666667,11,11,11,1.0,1.0
baseline,qwen3.5:9b,all_crops,state_303,all,0.77,25,25,25,1.0,1.0,96,25,25,0.2604166666666667,0.2604166666666667,11,11,11,1.0,1.0
baseline,qwen3.5:9b,all_crops,state_303,all,0.78,25,25,25,1.0,1.0,96,25,25,0.2604166666666667,0.2604166666666667,11,11,11,1.0,1.0
baseline,qwen3.5:9b,all_crops,state_303,all,0.79,25,25,25,1.0,1.0,96,24,24,0.25,0.25,11,11,11,1.0,1.0
baseline,qwen3.5:9b,all_crops,state_303,all,0.8,25,25,25,1.0,1.0,96,23,23,0.23958333333333334,0.23958333333333334,11,11,11,1.0,1.0
baseline,qwen3.5:9b,all_crops,state_303,all,0.81,25,25,25,1.0,1.0,96,20,20,0.20833333333333334,0.20833333333333334,11,11,11,1.0,1.0
baseline,qwen3.5:9b,all_crops,state_303,all,0.82,25,25,25,1.0,1.0,96,18,18,0.1875,0.1875,11,11,11,1.0,1.0
baseline,qwen3.5:9b,all_crops,state_303,all,0.83,25,25,25,1.0,1.0,96,18,18,0.1875,0.1875,11,11,11,1.0,1.0
baseline,qwen3.5:9b,all_crops,state_303,all,0.84,25,25,25,1.0,1.0,96,18,18,0.1875,0.1875,11,11,11,1.0,1.0
baseline,qwen3.5:9b,all_crops,state_303,all,0.85,25,25,25,1.0,1.0,96,18,18,0.1875,0.1875,11,11,11,1.0,1.0
baseline,qwen3.5:9b,all_crops,state_303,all,0.86,25,25,25,1.0,1.0,96,17,17,0.17708333333333334,0.17708333333333334,11,11,11,1.0,1.0
baseline,qwen3.5:9b,all_crops,state_303,all,0.87,25,25,25,1.0,1.0,96,16,16,0.16666666666666666,0.16666666666666666,11,11,11,1.0,1.0
baseline,qwen3.5:9b,all_crops,state_303,all,0.88,25,25,25,1.0,1.0,96,16,16,0.16666666666666666,0.16666666666666666,11,11,11,1.0,1.0
baseline,qwen3.5:9b,all_crops,state_303,all,0.89,25,25,25,1.0,1.0,96,15,15,0.15625,0.15625,11,11,11,1.0,1.0
baseline,qwen3.5:9b,all_crops,state_303,all,0.9,25,25,25,1.0,1.0,96,14,14,0.14583333333333334,0.14583333333333334,11,11,11,1.0,1.0
baseline,qwen3.5:9b,all_crops,state_303,all,0.91,25,24,24,0.96,0.96,96,13,13,0.13541666666666666,0.13541666666666666,11,10,10,0.9090909090909091,0.9090909090909091
baseline,qwen3.5:9b,all_crops,state_303,all,0.92,25,24,24,0.96,0.96,96,11,11,0.11458333333333333,0.11458333333333333,11,10,10,0.9090909090909091,0.9090909090909091
baseline,qwen3.5:9b,all_crops,state_303,all,0.93,25,24,24,0.96,0.96,96,11,11,0.11458333333333333,0.11458333333333333,11,10,10,0.9090909090909091,0.9090909090909091
baseline,qwen3.5:9b,all_crops,state_303,all,0.94,25,24,24,0.96,0.96,96,9,9,0.09375,0.09375,11,10,10,0.9090909090909091,0.9090909090909091
baseline,qwen3.5:9b,all_crops,state_303,all,0.95,25,24,24,0.96,0.96,96,9,9,0.09375,0.09375,11,10,10,0.9090909090909091,0.9090909090909091
baseline,qwen3.5:9b,all_crops,state_303,all,0.96,25,23,23,0.92,0.92,96,9,9,0.09375,0.09375,11,10,10,0.9090909090909091,0.9090909090909091
baseline,qwen3.5:9b,all_crops,state_303,all,0.97,25,22,22,0.88,0.88,96,6,6,0.0625,0.0625,11,10,10,0.9090909090909091,0.9090909090909091
baseline,qwen3.5:9b,all_crops,state_303,all,0.98,25,20,20,0.8,0.8,96,2,2,0.020833333333333332,0.020833333333333332,11,9,9,0.8181818181818182,0.8181818181818182
baseline,qwen3.5:9b,all_crops,state_303,all,0.99,25,3,3,0.12,0.12,96,0,0,0.0,0.0,11,2,2,0.18181818181818182,0.18181818181818182
baseline,qwen3.5:9b,all_crops,state_303,all,0.995,25,0,0,0.0,0.0,96,0,0,0.0,0.0,11,0,0,0.0,0.0
baseline,qwen3.5:9b,all_crops,state_303,all,0.999,25,0,0,0.0,0.0,96,0,0,0.0,0.0,11,0,0,0.0,0.0
baseline,qwen3.5:9b,all_crops,state_303,all,0.9999,25,0,0,0.0,0.0,96,0,0,0.0,0.0,11,0,0,0.0,0.0
baseline,qwen3.5:9b,all_crops,state_303,all,0.99999,25,0,0,0.0,0.0,96,0,0,0.0,0.0,11,0,0,0.0,0.0
baseline,qwen3.5:9b,all_crops,state_303,all,0.999999,25,0,0,0.0,0.0,96,0,0,0.0,0.0,11,0,0,0.0,0.0
baseline,qwen3.5:9b,all_crops,state_303,all,1.0,25,0,0,0.0,0.0,96,0,0,0.0,0.0,11,0,0,0.0,0.0
baseline,qwen3.5:9b,all_crops,all,all,0.0,100,100,100,1.0,1.0,384,384,384,1.0,1.0,44,44,44,1.0,1.0
baseline,qwen3.5:9b,all_crops,all,all,0.01,100,100,100,1.0,1.0,384,337,337,0.8776041666666666,0.8776041666666666,44,44,44,1.0,1.0
baseline,qwen3.5:9b,all_crops,all,all,0.02,100,100,100,1.0,1.0,384,290,290,0.7552083333333334,0.7552083333333334,44,44,44,1.0,1.0
baseline,qwen3.5:9b,all_crops,all,all,0.03,100,100,100,1.0,1.0,384,264,264,0.6875,0.6875,44,44,44,1.0,1.0
baseline,qwen3.5:9b,all_crops,all,all,0.04,100,100,100,1.0,1.0,384,248,248,0.6458333333333334,0.6458333333333334,44,44,44,1.0,1.0
baseline,qwen3.5:9b,all_crops,all,all,0.05,100,100,100,1.0,1.0,384,238,238,0.6197916666666666,0.6197916666666666,44,44,44,1.0,1.0
baseline,qwen3.5:9b,all_crops,all,all,0.06,100,100,100,1.0,1.0,384,224,224,0.5833333333333334,0.5833333333333334,44,44,44,1.0,1.0
baseline,qwen3.5:9b,all_crops,all,all,0.07,100,100,100,1.0,1.0,384,207,207,0.5390625,0.5390625,44,44,44,1.0,1.0
baseline,qwen3.5:9b,all_crops,all,all,0.08,100,100,100,1.0,1.0,384,204,204,0.53125,0.53125,44,44,44,1.0,1.0
baseline,qwen3.5:9b,all_crops,all,all,0.09,100,100,100,1.0,1.0,384,200,200,0.5208333333333334,0.5208333333333334,44,44,44,1.0,1.0
baseline,qwen3.5:9b,all_crops,all,all,0.1,100,100,100,1.0,1.0,384,196,196,0.5104166666666666,0.5104166666666666,44,44,44,1.0,1.0
baseline,qwen3.5:9b,all_crops,all,all,0.11,100,100,100,1.0,1.0,384,194,194,0.5052083333333334,0.5052083333333334,44,44,44,1.0,1.0
baseline,qwen3.5:9b,all_crops,all,all,0.12,100,100,100,1.0,1.0,384,188,188,0.4895833333333333,0.4895833333333333,44,44,44,1.0,1.0
baseline,qwen3.5:9b,all_crops,all,all,0.13,100,100,100,1.0,1.0,384,184,184,0.4791666666666667,0.4791666666666667,44,44,44,1.0,1.0
baseline,qwen3.5:9b,all_crops,all,all,0.14,100,100,100,1.0,1.0,384,181,181,0.4713541666666667,0.4713541666666667,44,44,44,1.0,1.0
baseline,qwen3.5:9b,all_crops,all,all,0.15,100,100,100,1.0,1.0,384,180,180,0.46875,0.46875,44,44,44,1.0,1.0
baseline,qwen3.5:9b,all_crops,all,all,0.16,100,100,100,1.0,1.0,384,179,179,0.4661458333333333,0.4661458333333333,44,44,44,1.0,1.0
baseline,qwen3.5:9b,all_crops,all,all,0.17,100,100,100,1.0,1.0,384,176,176,0.4583333333333333,0.4583333333333333,44,44,44,1.0,1.0
baseline,qwen3.5:9b,all_crops,all,all,0.18,100,100,100,1.0,1.0,384,175,175,0.4557291666666667,0.4557291666666667,44,44,44,1.0,1.0
baseline,qwen3.5:9b,all_crops,all,all,0.19,100,100,100,1.0,1.0,384,173,173,0.4505208333333333,0.4505208333333333,44,44,44,1.0,1.0
baseline,qwen3.5:9b,all_crops,all,all,0.2,100,100,100,1.0,1.0,384,171,171,0.4453125,0.4453125,44,44,44,1.0,1.0
baseline,qwen3.5:9b,all_crops,all,all,0.21,100,100,100,1.0,1.0,384,170,170,0.4427083333333333,0.4427083333333333,44,44,44,1.0,1.0
baseline,qwen3.5:9b,all_crops,all,all,0.22,100,100,100,1.0,1.0,384,170,170,0.4427083333333333,0.4427083333333333,44,44,44,1.0,1.0
baseline,qwen3.5:9b,all_crops,all,all,0.23,100,100,100,1.0,1.0,384,169,169,0.4401041666666667,0.4401041666666667,44,44,44,1.0,1.0
baseline,qwen3.5:9b,all_crops,all,all,0.24,100,100,100,1.0,1.0,384,168,168,0.4375,0.4375,44,44,44,1.0,1.0
baseline,qwen3.5:9b,all_crops,all,all,0.25,100,100,100,1.0,1.0,384,165,165,0.4296875,0.4296875,44,44,44,1.0,1.0
baseline,qwen3.5:9b,all_crops,all,all,0.26,100,100,100,1.0,1.0,384,163,163,0.4244791666666667,0.4244791666666667,44,44,44,1.0,1.0
baseline,qwen3.5:9b,all_crops,all,all,0.27,100,100,100,1.0,1.0,384,158,158,0.4114583333333333,0.4114583333333333,44,44,44,1.0,1.0
baseline,qwen3.5:9b,all_crops,all,all,0.28,100,100,100,1.0,1.0,384,153,153,0.3984375,0.3984375,44,44,44,1.0,1.0
baseline,qwen3.5:9b,all_crops,all,all,0.29,100,100,100,1.0,1.0,384,150,150,0.390625,0.390625,44,44,44,1.0,1.0
baseline,qwen3.5:9b,all_crops,all,all,0.3,100,100,100,1.0,1.0,384,149,149,0.3880208333333333,0.3880208333333333,44,44,44,1.0,1.0
baseline,qwen3.5:9b,all_crops,all,all,0.31,100,100,100,1.0,1.0,384,147,147,0.3828125,0.3828125,44,44,44,1.0,1.0
baseline,qwen3.5:9b,all_crops,all,all,0.32,100,100,100,1.0,1.0,384,146,146,0.3802083333333333,0.3802083333333333,44,44,44,1.0,1.0
baseline,qwen3.5:9b,all_crops,all,all,0.33,100,100,100,1.0,1.0,384,146,146,0.3802083333333333,0.3802083333333333,44,44,44,1.0,1.0
baseline,qwen3.5:9b,all_crops,all,all,0.34,100,100,100,1.0,1.0,384,145,145,0.3776041666666667,0.3776041666666667,44,44,44,1.0,1.0
baseline,qwen3.5:9b,all_crops,all,all,0.35,100,100,100,1.0,1.0,384,145,145,0.3776041666666667,0.3776041666666667,44,44,44,1.0,1.0
baseline,qwen3.5:9b,all_crops,all,all,0.36,100,100,100,1.0,1.0,384,145,145,0.3776041666666667,0.3776041666666667,44,44,44,1.0,1.0
baseline,qwen3.5:9b,all_crops,all,all,0.37,100,100,100,1.0,1.0,384,144,144,0.375,0.375,44,44,44,1.0,1.0
baseline,qwen3.5:9b,all_crops,all,all,0.38,100,100,100,1.0,1.0,384,141,141,0.3671875,0.3671875,44,44,44,1.0,1.0
baseline,qwen3.5:9b,all_crops,all,all,0.39,100,100,100,1.0,1.0,384,141,141,0.3671875,0.3671875,44,44,44,1.0,1.0
baseline,qwen3.5:9b,all_crops,all,all,0.4,100,100,100,1.0,1.0,384,139,139,0.3619791666666667,0.3619791666666667,44,44,44,1.0,1.0
baseline,qwen3.5:9b,all_crops,all,all,0.41,100,100,100,1.0,1.0,384,137,137,0.3567708333333333,0.3567708333333333,44,44,44,1.0,1.0
baseline,qwen3.5:9b,all_crops,all,all,0.42,100,100,100,1.0,1.0,384,135,135,0.3515625,0.3515625,44,44,44,1.0,1.0
baseline,qwen3.5:9b,all_crops,all,all,0.43,100,100,100,1.0,1.0,384,134,134,0.3489583333333333,0.3489583333333333,44,44,44,1.0,1.0
baseline,qwen3.5:9b,all_crops,all,all,0.44,100,100,100,1.0,1.0,384,131,131,0.3411458333333333,0.3411458333333333,44,44,44,1.0,1.0
baseline,qwen3.5:9b,all_crops,all,all,0.45,100,100,100,1.0,1.0,384,131,131,0.3411458333333333,0.3411458333333333,44,44,44,1.0,1.0
baseline,qwen3.5:9b,all_crops,all,all,0.46,100,100,100,1.0,1.0,384,131,131,0.3411458333333333,0.3411458333333333,44,44,44,1.0,1.0
baseline,qwen3.5:9b,all_crops,all,all,0.47,100,100,100,1.0,1.0,384,131,131,0.3411458333333333,0.3411458333333333,44,44,44,1.0,1.0
baseline,qwen3.5:9b,all_crops,all,all,0.48,100,100,100,1.0,1.0,384,131,131,0.3411458333333333,0.3411458333333333,44,44,44,1.0,1.0
baseline,qwen3.5:9b,all_crops,all,all,0.49,100,100,100,1.0,1.0,384,128,128,0.3333333333333333,0.3333333333333333,44,44,44,1.0,1.0
baseline,qwen3.5:9b,all_crops,all,all,0.5,100,100,100,1.0,1.0,384,127,127,0.3307291666666667,0.3307291666666667,44,44,44,1.0,1.0
baseline,qwen3.5:9b,all_crops,all,all,0.51,100,100,100,1.0,1.0,384,127,127,0.3307291666666667,0.3307291666666667,44,44,44,1.0,1.0
baseline,qwen3.5:9b,all_crops,all,all,0.52,100,100,100,1.0,1.0,384,127,127,0.3307291666666667,0.3307291666666667,44,44,44,1.0,1.0
baseline,qwen3.5:9b,all_crops,all,all,0.53,100,100,100,1.0,1.0,384,126,126,0.328125,0.328125,44,44,44,1.0,1.0
baseline,qwen3.5:9b,all_crops,all,all,0.54,100,100,100,1.0,1.0,384,124,124,0.3229166666666667,0.3229166666666667,44,44,44,1.0,1.0
baseline,qwen3.5:9b,all_crops,all,all,0.55,100,100,100,1.0,1.0,384,124,124,0.3229166666666667,0.3229166666666667,44,44,44,1.0,1.0
baseline,qwen3.5:9b,all_crops,all,all,0.56,100,100,100,1.0,1.0,384,123,123,0.3203125,0.3203125,44,44,44,1.0,1.0
baseline,qwen3.5:9b,all_crops,all,all,0.57,100,100,100,1.0,1.0,384,123,123,0.3203125,0.3203125,44,44,44,1.0,1.0
baseline,qwen3.5:9b,all_crops,all,all,0.58,100,100,100,1.0,1.0,384,123,123,0.3203125,0.3203125,44,44,44,1.0,1.0
baseline,qwen3.5:9b,all_crops,all,all,0.59,100,100,100,1.0,1.0,384,123,123,0.3203125,0.3203125,44,44,44,1.0,1.0
baseline,qwen3.5:9b,all_crops,all,all,0.6,100,100,100,1.0,1.0,384,122,122,0.3177083333333333,0.3177083333333333,44,44,44,1.0,1.0
baseline,qwen3.5:9b,all_crops,all,all,0.61,100,100,100,1.0,1.0,384,121,121,0.3151041666666667,0.3151041666666667,44,44,44,1.0,1.0
baseline,qwen3.5:9b,all_crops,all,all,0.62,100,100,100,1.0,1.0,384,118,118,0.3072916666666667,0.3072916666666667,44,44,44,1.0,1.0
baseline,qwen3.5:9b,all_crops,all,all,0.63,100,100,100,1.0,1.0,384,118,118,0.3072916666666667,0.3072916666666667,44,44,44,1.0,1.0
baseline,qwen3.5:9b,all_crops,all,all,0.64,100,100,100,1.0,1.0,384,117,117,0.3046875,0.3046875,44,44,44,1.0,1.0
baseline,qwen3.5:9b,all_crops,all,all,0.65,100,100,100,1.0,1.0,384,116,116,0.3020833333333333,0.3020833333333333,44,44,44,1.0,1.0
baseline,qwen3.5:9b,all_crops,all,all,0.66,100,100,100,1.0,1.0,384,114,114,0.296875,0.296875,44,44,44,1.0,1.0
baseline,qwen3.5:9b,all_crops,all,all,0.67,100,100,100,1.0,1.0,384,113,113,0.2942708333333333,0.2942708333333333,44,44,44,1.0,1.0
baseline,qwen3.5:9b,all_crops,all,all,0.68,100,100,100,1.0,1.0,384,111,111,0.2890625,0.2890625,44,44,44,1.0,1.0
baseline,qwen3.5:9b,all_crops,all,all,0.69,100,100,100,1.0,1.0,384,110,110,0.2864583333333333,0.2864583333333333,44,44,44,1.0,1.0
baseline,qwen3.5:9b,all_crops,all,all,0.7,100,100,100,1.0,1.0,384,107,107,0.2786458333333333,0.2786458333333333,44,44,44,1.0,1.0
baseline,qwen3.5:9b,all_crops,all,all,0.71,100,100,100,1.0,1.0,384,105,105,0.2734375,0.2734375,44,44,44,1.0,1.0
baseline,qwen3.5:9b,all_crops,all,all,0.72,100,100,100,1.0,1.0,384,103,103,0.2682291666666667,0.2682291666666667,44,44,44,1.0,1.0
baseline,qwen3.5:9b,all_crops,all,all,0.73,100,100,100,1.0,1.0,384,103,103,0.2682291666666667,0.2682291666666667,44,44,44,1.0,1.0
baseline,qwen3.5:9b,all_crops,all,all,0.74,100,100,100,1.0,1.0,384,100,100,0.2604166666666667,0.2604166666666667,44,44,44,1.0,1.0
baseline,qwen3.5:9b,all_crops,all,all,0.75,100,100,100,1.0,1.0,384,99,99,0.2578125,0.2578125,44,44,44,1.0,1.0
baseline,qwen3.5:9b,all_crops,all,all,0.76,100,100,100,1.0,1.0,384,98,98,0.2552083333333333,0.2552083333333333,44,44,44,1.0,1.0
baseline,qwen3.5:9b,all_crops,all,all,0.77,100,100,100,1.0,1.0,384,96,96,0.25,0.25,44,44,44,1.0,1.0
baseline,qwen3.5:9b,all_crops,all,all,0.78,100,100,100,1.0,1.0,384,91,91,0.23697916666666666,0.23697916666666666,44,44,44,1.0,1.0
baseline,qwen3.5:9b,all_crops,all,all,0.79,100,100,100,1.0,1.0,384,89,89,0.23177083333333334,0.23177083333333334,44,44,44,1.0,1.0
baseline,qwen3.5:9b,all_crops,all,all,0.8,100,100,100,1.0,1.0,384,87,87,0.2265625,0.2265625,44,44,44,1.0,1.0
baseline,qwen3.5:9b,all_crops,all,all,0.81,100,100,100,1.0,1.0,384,78,78,0.203125,0.203125,44,44,44,1.0,1.0
baseline,qwen3.5:9b,all_crops,all,all,0.82,100,100,100,1.0,1.0,384,76,76,0.19791666666666666,0.19791666666666666,44,44,44,1.0,1.0
baseline,qwen3.5:9b,all_crops,all,all,0.83,100,100,100,1.0,1.0,384,75,75,0.1953125,0.1953125,44,44,44,1.0,1.0
baseline,qwen3.5:9b,all_crops,all,all,0.84,100,100,100,1.0,1.0,384,72,72,0.1875,0.1875,44,44,44,1.0,1.0
baseline,qwen3.5:9b,all_crops,all,all,0.85,100,100,100,1.0,1.0,384,70,70,0.18229166666666666,0.18229166666666666,44,44,44,1.0,1.0
baseline,qwen3.5:9b,all_crops,all,all,0.86,100,100,100,1.0,1.0,384,66,66,0.171875,0.171875,44,44,44,1.0,1.0
baseline,qwen3.5:9b,all_crops,all,all,0.87,100,100,100,1.0,1.0,384,63,63,0.1640625,0.1640625,44,44,44,1.0,1.0
baseline,qwen3.5:9b,all_crops,all,all,0.88,100,100,100,1.0,1.0,384,60,60,0.15625,0.15625,44,44,44,1.0,1.0
baseline,qwen3.5:9b,all_crops,all,all,0.89,100,99,99,0.99,0.99,384,57,57,0.1484375,0.1484375,44,44,44,1.0,1.0
baseline,qwen3.5:9b,all_crops,all,all,0.9,100,99,99,0.99,0.99,384,53,53,0.13802083333333334,0.13802083333333334,44,44,44,1.0,1.0
baseline,qwen3.5:9b,all_crops,all,all,0.91,100,98,98,0.98,0.98,384,47,47,0.12239583333333333,0.12239583333333333,44,43,43,0.9772727272727273,0.9772727272727273
baseline,qwen3.5:9b,all_crops,all,all,0.92,100,97,97,0.97,0.97,384,42,42,0.109375,0.109375,44,42,42,0.9545454545454546,0.9545454545454546
baseline,qwen3.5:9b,all_crops,all,all,0.93,100,96,96,0.96,0.96,384,38,38,0.09895833333333333,0.09895833333333333,44,41,41,0.9318181818181818,0.9318181818181818
baseline,qwen3.5:9b,all_crops,all,all,0.94,100,96,96,0.96,0.96,384,32,32,0.08333333333333333,0.08333333333333333,44,41,41,0.9318181818181818,0.9318181818181818
baseline,qwen3.5:9b,all_crops,all,all,0.95,100,94,94,0.94,0.94,384,31,31,0.08072916666666667,0.08072916666666667,44,40,40,0.9090909090909091,0.9090909090909091
baseline,qwen3.5:9b,all_crops,all,all,0.96,100,89,89,0.89,0.89,384,29,29,0.07552083333333333,0.07552083333333333,44,39,39,0.8863636363636364,0.8863636363636364
baseline,qwen3.5:9b,all_crops,all,all,0.97,100,85,85,0.85,0.85,384,19,19,0.049479166666666664,0.049479166666666664,44,38,38,0.8636363636363636,0.8636363636363636
baseline,qwen3.5:9b,all_crops,all,all,0.98,100,64,64,0.64,0.64,384,5,5,0.013020833333333334,0.013020833333333334,44,28,28,0.6363636363636364,0.6363636363636364
baseline,qwen3.5:9b,all_crops,all,all,0.99,100,14,14,0.14,0.14,384,0,0,0.0,0.0,44,5,5,0.11363636363636363,0.11363636363636363
baseline,qwen3.5:9b,all_crops,all,all,0.995,100,1,1,0.01,0.01,384,0,0,0.0,0.0,44,0,0,0.0,0.0
baseline,qwen3.5:9b,all_crops,all,all,0.999,100,0,0,0.0,0.0,384,0,0,0.0,0.0,44,0,0,0.0,0.0
baseline,qwen3.5:9b,all_crops,all,all,0.9999,100,0,0,0.0,0.0,384,0,0,0.0,0.0,44,0,0,0.0,0.0
baseline,qwen3.5:9b,all_crops,all,all,0.99999,100,0,0,0.0,0.0,384,0,0,0.0,0.0,44,0,0,0.0,0.0
baseline,qwen3.5:9b,all_crops,all,all,0.999999,100,0,0,0.0,0.0,384,0,0,0.0,0.0,44,0,0,0.0,0.0
baseline,qwen3.5:9b,all_crops,all,all,1.0,100,0,0,0.0,0.0,384,0,0,0.0,0.0,44,0,0,0.0,0.0
baseline,qwen3.5:9b,autonomous_depth_only,original,all,0.0,25,25,25,1.0,1.0,96,96,96,1.0,1.0,11,11,11,1.0,1.0
baseline,qwen3.5:9b,autonomous_depth_only,original,all,0.01,25,25,25,1.0,1.0,96,85,85,0.8854166666666666,0.8854166666666666,11,11,11,1.0,1.0
baseline,qwen3.5:9b,autonomous_depth_only,original,all,0.02,25,25,25,1.0,1.0,96,70,70,0.7291666666666666,0.7291666666666666,11,11,11,1.0,1.0
baseline,qwen3.5:9b,autonomous_depth_only,original,all,0.03,25,25,25,1.0,1.0,96,65,65,0.6770833333333334,0.6770833333333334,11,11,11,1.0,1.0
baseline,qwen3.5:9b,autonomous_depth_only,original,all,0.04,25,25,25,1.0,1.0,96,65,65,0.6770833333333334,0.6770833333333334,11,11,11,1.0,1.0
baseline,qwen3.5:9b,autonomous_depth_only,original,all,0.05,25,25,25,1.0,1.0,96,60,60,0.625,0.625,11,11,11,1.0,1.0
baseline,qwen3.5:9b,autonomous_depth_only,original,all,0.06,25,25,25,1.0,1.0,96,57,57,0.59375,0.59375,11,11,11,1.0,1.0
baseline,qwen3.5:9b,autonomous_depth_only,original,all,0.07,25,25,25,1.0,1.0,96,54,54,0.5625,0.5625,11,11,11,1.0,1.0
baseline,qwen3.5:9b,autonomous_depth_only,original,all,0.08,25,25,25,1.0,1.0,96,54,54,0.5625,0.5625,11,11,11,1.0,1.0
baseline,qwen3.5:9b,autonomous_depth_only,original,all,0.09,25,25,25,1.0,1.0,96,53,53,0.5520833333333334,0.5520833333333334,11,11,11,1.0,1.0
baseline,qwen3.5:9b,autonomous_depth_only,original,all,0.1,25,25,25,1.0,1.0,96,51,51,0.53125,0.53125,11,11,11,1.0,1.0
baseline,qwen3.5:9b,autonomous_depth_only,original,all,0.11,25,25,25,1.0,1.0,96,51,51,0.53125,0.53125,11,11,11,1.0,1.0
baseline,qwen3.5:9b,autonomous_depth_only,original,all,0.12,25,25,25,1.0,1.0,96,47,47,0.4895833333333333,0.4895833333333333,11,11,11,1.0,1.0
baseline,qwen3.5:9b,autonomous_depth_only,original,all,0.13,25,25,25,1.0,1.0,96,45,45,0.46875,0.46875,11,11,11,1.0,1.0
baseline,qwen3.5:9b,autonomous_depth_only,original,all,0.14,25,25,25,1.0,1.0,96,44,44,0.4583333333333333,0.4583333333333333,11,11,11,1.0,1.0
baseline,qwen3.5:9b,autonomous_depth_only,original,all,0.15,25,25,25,1.0,1.0,96,44,44,0.4583333333333333,0.4583333333333333,11,11,11,1.0,1.0
baseline,qwen3.5:9b,autonomous_depth_only,original,all,0.16,25,25,25,1.0,1.0,96,43,43,0.4479166666666667,0.4479166666666667,11,11,11,1.0,1.0
baseline,qwen3.5:9b,autonomous_depth_only,original,all,0.17,25,25,25,1.0,1.0,96,42,42,0.4375,0.4375,11,11,11,1.0,1.0
baseline,qwen3.5:9b,autonomous_depth_only,original,all,0.18,25,25,25,1.0,1.0,96,42,42,0.4375,0.4375,11,11,11,1.0,1.0
baseline,qwen3.5:9b,autonomous_depth_only,original,all,0.19,25,25,25,1.0,1.0,96,42,42,0.4375,0.4375,11,11,11,1.0,1.0
baseline,qwen3.5:9b,autonomous_depth_only,original,all,0.2,25,25,25,1.0,1.0,96,42,42,0.4375,0.4375,11,11,11,1.0,1.0
baseline,qwen3.5:9b,autonomous_depth_only,original,all,0.21,25,25,25,1.0,1.0,96,41,41,0.4270833333333333,0.4270833333333333,11,11,11,1.0,1.0
baseline,qwen3.5:9b,autonomous_depth_only,original,all,0.22,25,25,25,1.0,1.0,96,41,41,0.4270833333333333,0.4270833333333333,11,11,11,1.0,1.0
baseline,qwen3.5:9b,autonomous_depth_only,original,all,0.23,25,25,25,1.0,1.0,96,41,41,0.4270833333333333,0.4270833333333333,11,11,11,1.0,1.0
baseline,qwen3.5:9b,autonomous_depth_only,original,all,0.24,25,25,25,1.0,1.0,96,41,41,0.4270833333333333,0.4270833333333333,11,11,11,1.0,1.0
baseline,qwen3.5:9b,autonomous_depth_only,original,all,0.25,25,25,25,1.0,1.0,96,40,40,0.4166666666666667,0.4166666666666667,11,11,11,1.0,1.0
baseline,qwen3.5:9b,autonomous_depth_only,original,all,0.26,25,25,25,1.0,1.0,96,39,39,0.40625,0.40625,11,11,11,1.0,1.0
baseline,qwen3.5:9b,autonomous_depth_only,original,all,0.27,25,25,25,1.0,1.0,96,36,36,0.375,0.375,11,11,11,1.0,1.0
baseline,qwen3.5:9b,autonomous_depth_only,original,all,0.28,25,25,25,1.0,1.0,96,34,34,0.3541666666666667,0.3541666666666667,11,11,11,1.0,1.0
baseline,qwen3.5:9b,autonomous_depth_only,original,all,0.29,25,25,25,1.0,1.0,96,34,34,0.3541666666666667,0.3541666666666667,11,11,11,1.0,1.0
baseline,qwen3.5:9b,autonomous_depth_only,original,all,0.3,25,25,25,1.0,1.0,96,34,34,0.3541666666666667,0.3541666666666667,11,11,11,1.0,1.0
baseline,qwen3.5:9b,autonomous_depth_only,original,all,0.31,25,25,25,1.0,1.0,96,34,34,0.3541666666666667,0.3541666666666667,11,11,11,1.0,1.0
baseline,qwen3.5:9b,autonomous_depth_only,original,all,0.32,25,25,25,1.0,1.0,96,34,34,0.3541666666666667,0.3541666666666667,11,11,11,1.0,1.0
baseline,qwen3.5:9b,autonomous_depth_only,original,all,0.33,25,25,25,1.0,1.0,96,34,34,0.3541666666666667,0.3541666666666667,11,11,11,1.0,1.0
baseline,qwen3.5:9b,autonomous_depth_only,original,all,0.34,25,25,25,1.0,1.0,96,34,34,0.3541666666666667,0.3541666666666667,11,11,11,1.0,1.0
baseline,qwen3.5:9b,autonomous_depth_only,original,all,0.35,25,25,25,1.0,1.0,96,34,34,0.3541666666666667,0.3541666666666667,11,11,11,1.0,1.0
baseline,qwen3.5:9b,autonomous_depth_only,original,all,0.36,25,25,25,1.0,1.0,96,34,34,0.3541666666666667,0.3541666666666667,11,11,11,1.0,1.0
baseline,qwen3.5:9b,autonomous_depth_only,original,all,0.37,25,25,25,1.0,1.0,96,34,34,0.3541666666666667,0.3541666666666667,11,11,11,1.0,1.0
baseline,qwen3.5:9b,autonomous_depth_only,original,all,0.38,25,25,25,1.0,1.0,96,33,33,0.34375,0.34375,11,11,11,1.0,1.0
baseline,qwen3.5:9b,autonomous_depth_only,original,all,0.39,25,25,25,1.0,1.0,96,33,33,0.34375,0.34375,11,11,11,1.0,1.0
baseline,qwen3.5:9b,autonomous_depth_only,original,all,0.4,25,25,25,1.0,1.0,96,33,33,0.34375,0.34375,11,11,11,1.0,1.0
baseline,qwen3.5:9b,autonomous_depth_only,original,all,0.41,25,25,25,1.0,1.0,96,33,33,0.34375,0.34375,11,11,11,1.0,1.0
baseline,qwen3.5:9b,autonomous_depth_only,original,all,0.42,25,25,25,1.0,1.0,96,33,33,0.34375,0.34375,11,11,11,1.0,1.0
baseline,qwen3.5:9b,autonomous_depth_only,original,all,0.43,25,25,25,1.0,1.0,96,33,33,0.34375,0.34375,11,11,11,1.0,1.0
baseline,qwen3.5:9b,autonomous_depth_only,original,all,0.44,25,25,25,1.0,1.0,96,33,33,0.34375,0.34375,11,11,11,1.0,1.0
baseline,qwen3.5:9b,autonomous_depth_only,original,all,0.45,25,25,25,1.0,1.0,96,33,33,0.34375,0.34375,11,11,11,1.0,1.0
baseline,qwen3.5:9b,autonomous_depth_only,original,all,0.46,25,25,25,1.0,1.0,96,33,33,0.34375,0.34375,11,11,11,1.0,1.0
baseline,qwen3.5:9b,autonomous_depth_only,original,all,0.47,25,25,25,1.0,1.0,96,33,33,0.34375,0.34375,11,11,11,1.0,1.0
baseline,qwen3.5:9b,autonomous_depth_only,original,all,0.48,25,25,25,1.0,1.0,96,33,33,0.34375,0.34375,11,11,11,1.0,1.0
baseline,qwen3.5:9b,autonomous_depth_only,original,all,0.49,25,25,25,1.0,1.0,96,33,33,0.34375,0.34375,11,11,11,1.0,1.0
baseline,qwen3.5:9b,autonomous_depth_only,original,all,0.5,25,25,25,1.0,1.0,96,33,33,0.34375,0.34375,11,11,11,1.0,1.0
baseline,qwen3.5:9b,autonomous_depth_only,original,all,0.51,25,25,25,1.0,1.0,96,33,33,0.34375,0.34375,11,11,11,1.0,1.0
baseline,qwen3.5:9b,autonomous_depth_only,original,all,0.52,25,25,25,1.0,1.0,96,33,33,0.34375,0.34375,11,11,11,1.0,1.0
baseline,qwen3.5:9b,autonomous_depth_only,original,all,0.53,25,25,25,1.0,1.0,96,33,33,0.34375,0.34375,11,11,11,1.0,1.0
baseline,qwen3.5:9b,autonomous_depth_only,original,all,0.54,25,25,25,1.0,1.0,96,33,33,0.34375,0.34375,11,11,11,1.0,1.0
baseline,qwen3.5:9b,autonomous_depth_only,original,all,0.55,25,25,25,1.0,1.0,96,33,33,0.34375,0.34375,11,11,11,1.0,1.0
baseline,qwen3.5:9b,autonomous_depth_only,original,all,0.56,25,25,25,1.0,1.0,96,33,33,0.34375,0.34375,11,11,11,1.0,1.0
baseline,qwen3.5:9b,autonomous_depth_only,original,all,0.57,25,25,25,1.0,1.0,96,33,33,0.34375,0.34375,11,11,11,1.0,1.0
baseline,qwen3.5:9b,autonomous_depth_only,original,all,0.58,25,25,25,1.0,1.0,96,33,33,0.34375,0.34375,11,11,11,1.0,1.0
baseline,qwen3.5:9b,autonomous_depth_only,original,all,0.59,25,25,25,1.0,1.0,96,33,33,0.34375,0.34375,11,11,11,1.0,1.0
baseline,qwen3.5:9b,autonomous_depth_only,original,all,0.6,25,25,25,1.0,1.0,96,33,33,0.34375,0.34375,11,11,11,1.0,1.0
baseline,qwen3.5:9b,autonomous_depth_only,original,all,0.61,25,25,25,1.0,1.0,96,33,33,0.34375,0.34375,11,11,11,1.0,1.0
baseline,qwen3.5:9b,autonomous_depth_only,original,all,0.62,25,25,25,1.0,1.0,96,31,31,0.3229166666666667,0.3229166666666667,11,11,11,1.0,1.0
baseline,qwen3.5:9b,autonomous_depth_only,original,all,0.63,25,25,25,1.0,1.0,96,31,31,0.3229166666666667,0.3229166666666667,11,11,11,1.0,1.0
baseline,qwen3.5:9b,autonomous_depth_only,original,all,0.64,25,25,25,1.0,1.0,96,31,31,0.3229166666666667,0.3229166666666667,11,11,11,1.0,1.0
baseline,qwen3.5:9b,autonomous_depth_only,original,all,0.65,25,25,25,1.0,1.0,96,31,31,0.3229166666666667,0.3229166666666667,11,11,11,1.0,1.0
baseline,qwen3.5:9b,autonomous_depth_only,original,all,0.66,25,25,25,1.0,1.0,96,31,31,0.3229166666666667,0.3229166666666667,11,11,11,1.0,1.0
baseline,qwen3.5:9b,autonomous_depth_only,original,all,0.67,25,25,25,1.0,1.0,96,31,31,0.3229166666666667,0.3229166666666667,11,11,11,1.0,1.0
baseline,qwen3.5:9b,autonomous_depth_only,original,all,0.68,25,25,25,1.0,1.0,96,31,31,0.3229166666666667,0.3229166666666667,11,11,11,1.0,1.0
baseline,qwen3.5:9b,autonomous_depth_only,original,all,0.69,25,25,25,1.0,1.0,96,31,31,0.3229166666666667,0.3229166666666667,11,11,11,1.0,1.0
baseline,qwen3.5:9b,autonomous_depth_only,original,all,0.7,25,25,25,1.0,1.0,96,30,30,0.3125,0.3125,11,11,11,1.0,1.0
baseline,qwen3.5:9b,autonomous_depth_only,original,all,0.71,25,25,25,1.0,1.0,96,30,30,0.3125,0.3125,11,11,11,1.0,1.0
baseline,qwen3.5:9b,autonomous_depth_only,original,all,0.72,25,25,25,1.0,1.0,96,30,30,0.3125,0.3125,11,11,11,1.0,1.0
baseline,qwen3.5:9b,autonomous_depth_only,original,all,0.73,25,25,25,1.0,1.0,96,30,30,0.3125,0.3125,11,11,11,1.0,1.0
baseline,qwen3.5:9b,autonomous_depth_only,original,all,0.74,25,25,25,1.0,1.0,96,30,30,0.3125,0.3125,11,11,11,1.0,1.0
baseline,qwen3.5:9b,autonomous_depth_only,original,all,0.75,25,25,25,1.0,1.0,96,29,29,0.3020833333333333,0.3020833333333333,11,11,11,1.0,1.0
baseline,qwen3.5:9b,autonomous_depth_only,original,all,0.76,25,25,25,1.0,1.0,96,28,28,0.2916666666666667,0.2916666666666667,11,11,11,1.0,1.0
baseline,qwen3.5:9b,autonomous_depth_only,original,all,0.77,25,25,25,1.0,1.0,96,27,27,0.28125,0.28125,11,11,11,1.0,1.0
baseline,qwen3.5:9b,autonomous_depth_only,original,all,0.78,25,25,25,1.0,1.0,96,24,24,0.25,0.25,11,11,11,1.0,1.0
baseline,qwen3.5:9b,autonomous_depth_only,original,all,0.79,25,25,25,1.0,1.0,96,24,24,0.25,0.25,11,11,11,1.0,1.0
baseline,qwen3.5:9b,autonomous_depth_only,original,all,0.8,25,25,25,1.0,1.0,96,23,23,0.23958333333333334,0.23958333333333334,11,11,11,1.0,1.0
baseline,qwen3.5:9b,autonomous_depth_only,original,all,0.81,25,25,25,1.0,1.0,96,20,20,0.20833333333333334,0.20833333333333334,11,11,11,1.0,1.0
baseline,qwen3.5:9b,autonomous_depth_only,original,all,0.82,25,25,25,1.0,1.0,96,20,20,0.20833333333333334,0.20833333333333334,11,11,11,1.0,1.0
baseline,qwen3.5:9b,autonomous_depth_only,original,all,0.83,25,25,25,1.0,1.0,96,20,20,0.20833333333333334,0.20833333333333334,11,11,11,1.0,1.0
baseline,qwen3.5:9b,autonomous_depth_only,original,all,0.84,25,25,25,1.0,1.0,96,20,20,0.20833333333333334,0.20833333333333334,11,11,11,1.0,1.0
baseline,qwen3.5:9b,autonomous_depth_only,original,all,0.85,25,25,25,1.0,1.0,96,19,19,0.19791666666666666,0.19791666666666666,11,11,11,1.0,1.0
baseline,qwen3.5:9b,autonomous_depth_only,original,all,0.86,25,25,25,1.0,1.0,96,18,18,0.1875,0.1875,11,11,11,1.0,1.0
baseline,qwen3.5:9b,autonomous_depth_only,original,all,0.87,25,25,25,1.0,1.0,96,16,16,0.16666666666666666,0.16666666666666666,11,11,11,1.0,1.0
baseline,qwen3.5:9b,autonomous_depth_only,original,all,0.88,25,25,25,1.0,1.0,96,14,14,0.14583333333333334,0.14583333333333334,11,11,11,1.0,1.0
baseline,qwen3.5:9b,autonomous_depth_only,original,all,0.89,25,25,25,1.0,1.0,96,13,13,0.13541666666666666,0.13541666666666666,11,11,11,1.0,1.0
baseline,qwen3.5:9b,autonomous_depth_only,original,all,0.9,25,25,25,1.0,1.0,96,12,12,0.125,0.125,11,11,11,1.0,1.0
baseline,qwen3.5:9b,autonomous_depth_only,original,all,0.91,25,25,25,1.0,1.0,96,9,9,0.09375,0.09375,11,11,11,1.0,1.0
baseline,qwen3.5:9b,autonomous_depth_only,original,all,0.92,25,25,25,1.0,1.0,96,9,9,0.09375,0.09375,11,11,11,1.0,1.0
baseline,qwen3.5:9b,autonomous_depth_only,original,all,0.93,25,25,25,1.0,1.0,96,9,9,0.09375,0.09375,11,11,11,1.0,1.0
baseline,qwen3.5:9b,autonomous_depth_only,original,all,0.94,25,25,25,1.0,1.0,96,8,8,0.08333333333333333,0.08333333333333333,11,11,11,1.0,1.0
baseline,qwen3.5:9b,autonomous_depth_only,original,all,0.95,25,25,25,1.0,1.0,96,8,8,0.08333333333333333,0.08333333333333333,11,11,11,1.0,1.0
baseline,qwen3.5:9b,autonomous_depth_only,original,all,0.96,25,25,25,1.0,1.0,96,7,7,0.07291666666666667,0.07291666666666667,11,11,11,1.0,1.0
baseline,qwen3.5:9b,autonomous_depth_only,original,all,0.97,25,24,24,0.96,0.96,96,5,5,0.052083333333333336,0.052083333333333336,11,10,10,0.9090909090909091,0.9090909090909091
baseline,qwen3.5:9b,autonomous_depth_only,original,all,0.98,25,18,18,0.72,0.72,96,1,1,0.010416666666666666,0.010416666666666666,11,7,7,0.6363636363636364,0.6363636363636364
baseline,qwen3.5:9b,autonomous_depth_only,original,all,0.99,25,4,4,0.16,0.16,96,0,0,0.0,0.0,11,1,1,0.09090909090909091,0.09090909090909091
baseline,qwen3.5:9b,autonomous_depth_only,original,all,0.995,25,0,0,0.0,0.0,96,0,0,0.0,0.0,11,0,0,0.0,0.0
baseline,qwen3.5:9b,autonomous_depth_only,original,all,0.999,25,0,0,0.0,0.0,96,0,0,0.0,0.0,11,0,0,0.0,0.0
baseline,qwen3.5:9b,autonomous_depth_only,original,all,0.9999,25,0,0,0.0,0.0,96,0,0,0.0,0.0,11,0,0,0.0,0.0
baseline,qwen3.5:9b,autonomous_depth_only,original,all,0.99999,25,0,0,0.0,0.0,96,0,0,0.0,0.0,11,0,0,0.0,0.0
baseline,qwen3.5:9b,autonomous_depth_only,original,all,0.999999,25,0,0,0.0,0.0,96,0,0,0.0,0.0,11,0,0,0.0,0.0
baseline,qwen3.5:9b,autonomous_depth_only,original,all,1.0,25,0,0,0.0,0.0,96,0,0,0.0,0.0,11,0,0,0.0,0.0
baseline,qwen3.5:9b,autonomous_depth_only,state_101,all,0.0,24,24,24,1.0,1.0,86,86,86,1.0,1.0,10,10,10,1.0,1.0
baseline,qwen3.5:9b,autonomous_depth_only,state_101,all,0.01,24,24,24,1.0,1.0,86,81,81,0.9418604651162791,0.9418604651162791,10,10,10,1.0,1.0
baseline,qwen3.5:9b,autonomous_depth_only,state_101,all,0.02,24,24,24,1.0,1.0,86,73,73,0.8488372093023255,0.8488372093023255,10,10,10,1.0,1.0
baseline,qwen3.5:9b,autonomous_depth_only,state_101,all,0.03,24,24,24,1.0,1.0,86,64,64,0.7441860465116279,0.7441860465116279,10,10,10,1.0,1.0
baseline,qwen3.5:9b,autonomous_depth_only,state_101,all,0.04,24,24,24,1.0,1.0,86,59,59,0.686046511627907,0.686046511627907,10,10,10,1.0,1.0
baseline,qwen3.5:9b,autonomous_depth_only,state_101,all,0.05,24,24,24,1.0,1.0,86,57,57,0.6627906976744186,0.6627906976744186,10,10,10,1.0,1.0
baseline,qwen3.5:9b,autonomous_depth_only,state_101,all,0.06,24,24,24,1.0,1.0,86,53,53,0.6162790697674418,0.6162790697674418,10,10,10,1.0,1.0
baseline,qwen3.5:9b,autonomous_depth_only,state_101,all,0.07,24,24,24,1.0,1.0,86,43,43,0.5,0.5,10,10,10,1.0,1.0
baseline,qwen3.5:9b,autonomous_depth_only,state_101,all,0.08,24,24,24,1.0,1.0,86,42,42,0.4883720930232558,0.4883720930232558,10,10,10,1.0,1.0
baseline,qwen3.5:9b,autonomous_depth_only,state_101,all,0.09,24,24,24,1.0,1.0,86,42,42,0.4883720930232558,0.4883720930232558,10,10,10,1.0,1.0
baseline,qwen3.5:9b,autonomous_depth_only,state_101,all,0.1,24,24,24,1.0,1.0,86,40,40,0.46511627906976744,0.46511627906976744,10,10,10,1.0,1.0
baseline,qwen3.5:9b,autonomous_depth_only,state_101,all,0.11,24,24,24,1.0,1.0,86,39,39,0.45348837209302323,0.45348837209302323,10,10,10,1.0,1.0
baseline,qwen3.5:9b,autonomous_depth_only,state_101,all,0.12,24,24,24,1.0,1.0,86,39,39,0.45348837209302323,0.45348837209302323,10,10,10,1.0,1.0
baseline,qwen3.5:9b,autonomous_depth_only,state_101,all,0.13,24,24,24,1.0,1.0,86,39,39,0.45348837209302323,0.45348837209302323,10,10,10,1.0,1.0
baseline,qwen3.5:9b,autonomous_depth_only,state_101,all,0.14,24,24,24,1.0,1.0,86,38,38,0.4418604651162791,0.4418604651162791,10,10,10,1.0,1.0
baseline,qwen3.5:9b,autonomous_depth_only,state_101,all,0.15,24,24,24,1.0,1.0,86,38,38,0.4418604651162791,0.4418604651162791,10,10,10,1.0,1.0
baseline,qwen3.5:9b,autonomous_depth_only,state_101,all,0.16,24,24,24,1.0,1.0,86,38,38,0.4418604651162791,0.4418604651162791,10,10,10,1.0,1.0
baseline,qwen3.5:9b,autonomous_depth_only,state_101,all,0.17,24,24,24,1.0,1.0,86,38,38,0.4418604651162791,0.4418604651162791,10,10,10,1.0,1.0
baseline,qwen3.5:9b,autonomous_depth_only,state_101,all,0.18,24,24,24,1.0,1.0,86,38,38,0.4418604651162791,0.4418604651162791,10,10,10,1.0,1.0
baseline,qwen3.5:9b,autonomous_depth_only,state_101,all,0.19,24,24,24,1.0,1.0,86,38,38,0.4418604651162791,0.4418604651162791,10,10,10,1.0,1.0
baseline,qwen3.5:9b,autonomous_depth_only,state_101,all,0.2,24,24,24,1.0,1.0,86,37,37,0.43023255813953487,0.43023255813953487,10,10,10,1.0,1.0
baseline,qwen3.5:9b,autonomous_depth_only,state_101,all,0.21,24,24,24,1.0,1.0,86,37,37,0.43023255813953487,0.43023255813953487,10,10,10,1.0,1.0
baseline,qwen3.5:9b,autonomous_depth_only,state_101,all,0.22,24,24,24,1.0,1.0,86,37,37,0.43023255813953487,0.43023255813953487,10,10,10,1.0,1.0
baseline,qwen3.5:9b,autonomous_depth_only,state_101,all,0.23,24,24,24,1.0,1.0,86,36,36,0.4186046511627907,0.4186046511627907,10,10,10,1.0,1.0
baseline,qwen3.5:9b,autonomous_depth_only,state_101,all,0.24,24,24,24,1.0,1.0,86,36,36,0.4186046511627907,0.4186046511627907,10,10,10,1.0,1.0
baseline,qwen3.5:9b,autonomous_depth_only,state_101,all,0.25,24,24,24,1.0,1.0,86,35,35,0.4069767441860465,0.4069767441860465,10,10,10,1.0,1.0
baseline,qwen3.5:9b,autonomous_depth_only,state_101,all,0.26,24,24,24,1.0,1.0,86,35,35,0.4069767441860465,0.4069767441860465,10,10,10,1.0,1.0
baseline,qwen3.5:9b,autonomous_depth_only,state_101,all,0.27,24,24,24,1.0,1.0,86,34,34,0.3953488372093023,0.3953488372093023,10,10,10,1.0,1.0
baseline,qwen3.5:9b,autonomous_depth_only,state_101,all,0.28,24,24,24,1.0,1.0,86,33,33,0.38372093023255816,0.38372093023255816,10,10,10,1.0,1.0
baseline,qwen3.5:9b,autonomous_depth_only,state_101,all,0.29,24,24,24,1.0,1.0,86,31,31,0.36046511627906974,0.36046511627906974,10,10,10,1.0,1.0
baseline,qwen3.5:9b,autonomous_depth_only,state_101,all,0.3,24,24,24,1.0,1.0,86,30,30,0.3488372093023256,0.3488372093023256,10,10,10,1.0,1.0
baseline,qwen3.5:9b,autonomous_depth_only,state_101,all,0.31,24,24,24,1.0,1.0,86,30,30,0.3488372093023256,0.3488372093023256,10,10,10,1.0,1.0
baseline,qwen3.5:9b,autonomous_depth_only,state_101,all,0.32,24,24,24,1.0,1.0,86,29,29,0.3372093023255814,0.3372093023255814,10,10,10,1.0,1.0
baseline,qwen3.5:9b,autonomous_depth_only,state_101,all,0.33,24,24,24,1.0,1.0,86,29,29,0.3372093023255814,0.3372093023255814,10,10,10,1.0,1.0
baseline,qwen3.5:9b,autonomous_depth_only,state_101,all,0.34,24,24,24,1.0,1.0,86,29,29,0.3372093023255814,0.3372093023255814,10,10,10,1.0,1.0
baseline,qwen3.5:9b,autonomous_depth_only,state_101,all,0.35,24,24,24,1.0,1.0,86,29,29,0.3372093023255814,0.3372093023255814,10,10,10,1.0,1.0
baseline,qwen3.5:9b,autonomous_depth_only,state_101,all,0.36,24,24,24,1.0,1.0,86,29,29,0.3372093023255814,0.3372093023255814,10,10,10,1.0,1.0
baseline,qwen3.5:9b,autonomous_depth_only,state_101,all,0.37,24,24,24,1.0,1.0,86,28,28,0.32558139534883723,0.32558139534883723,10,10,10,1.0,1.0
baseline,qwen3.5:9b,autonomous_depth_only,state_101,all,0.38,24,24,24,1.0,1.0,86,28,28,0.32558139534883723,0.32558139534883723,10,10,10,1.0,1.0
baseline,qwen3.5:9b,autonomous_depth_only,state_101,all,0.39,24,24,24,1.0,1.0,86,28,28,0.32558139534883723,0.32558139534883723,10,10,10,1.0,1.0
baseline,qwen3.5:9b,autonomous_depth_only,state_101,all,0.4,24,24,24,1.0,1.0,86,28,28,0.32558139534883723,0.32558139534883723,10,10,10,1.0,1.0
baseline,qwen3.5:9b,autonomous_depth_only,state_101,all,0.41,24,24,24,1.0,1.0,86,27,27,0.313953488372093,0.313953488372093,10,10,10,1.0,1.0
baseline,qwen3.5:9b,autonomous_depth_only,state_101,all,0.42,24,24,24,1.0,1.0,86,27,27,0.313953488372093,0.313953488372093,10,10,10,1.0,1.0
baseline,qwen3.5:9b,autonomous_depth_only,state_101,all,0.43,24,24,24,1.0,1.0,86,27,27,0.313953488372093,0.313953488372093,10,10,10,1.0,1.0
baseline,qwen3.5:9b,autonomous_depth_only,state_101,all,0.44,24,24,24,1.0,1.0,86,27,27,0.313953488372093,0.313953488372093,10,10,10,1.0,1.0
baseline,qwen3.5:9b,autonomous_depth_only,state_101,all,0.45,24,24,24,1.0,1.0,86,27,27,0.313953488372093,0.313953488372093,10,10,10,1.0,1.0
baseline,qwen3.5:9b,autonomous_depth_only,state_101,all,0.46,24,24,24,1.0,1.0,86,27,27,0.313953488372093,0.313953488372093,10,10,10,1.0,1.0
baseline,qwen3.5:9b,autonomous_depth_only,state_101,all,0.47,24,24,24,1.0,1.0,86,27,27,0.313953488372093,0.313953488372093,10,10,10,1.0,1.0
baseline,qwen3.5:9b,autonomous_depth_only,state_101,all,0.48,24,24,24,1.0,1.0,86,27,27,0.313953488372093,0.313953488372093,10,10,10,1.0,1.0
baseline,qwen3.5:9b,autonomous_depth_only,state_101,all,0.49,24,24,24,1.0,1.0,86,26,26,0.3023255813953488,0.3023255813953488,10,10,10,1.0,1.0
baseline,qwen3.5:9b,autonomous_depth_only,state_101,all,0.5,24,24,24,1.0,1.0,86,26,26,0.3023255813953488,0.3023255813953488,10,10,10,1.0,1.0
baseline,qwen3.5:9b,autonomous_depth_only,state_101,all,0.51,24,24,24,1.0,1.0,86,26,26,0.3023255813953488,0.3023255813953488,10,10,10,1.0,1.0
baseline,qwen3.5:9b,autonomous_depth_only,state_101,all,0.52,24,24,24,1.0,1.0,86,26,26,0.3023255813953488,0.3023255813953488,10,10,10,1.0,1.0
baseline,qwen3.5:9b,autonomous_depth_only,state_101,all,0.53,24,24,24,1.0,1.0,86,26,26,0.3023255813953488,0.3023255813953488,10,10,10,1.0,1.0
baseline,qwen3.5:9b,autonomous_depth_only,state_101,all,0.54,24,24,24,1.0,1.0,86,26,26,0.3023255813953488,0.3023255813953488,10,10,10,1.0,1.0
baseline,qwen3.5:9b,autonomous_depth_only,state_101,all,0.55,24,24,24,1.0,1.0,86,26,26,0.3023255813953488,0.3023255813953488,10,10,10,1.0,1.0
baseline,qwen3.5:9b,autonomous_depth_only,state_101,all,0.56,24,24,24,1.0,1.0,86,26,26,0.3023255813953488,0.3023255813953488,10,10,10,1.0,1.0
baseline,qwen3.5:9b,autonomous_depth_only,state_101,all,0.57,24,24,24,1.0,1.0,86,26,26,0.3023255813953488,0.3023255813953488,10,10,10,1.0,1.0
baseline,qwen3.5:9b,autonomous_depth_only,state_101,all,0.58,24,24,24,1.0,1.0,86,26,26,0.3023255813953488,0.3023255813953488,10,10,10,1.0,1.0
baseline,qwen3.5:9b,autonomous_depth_only,state_101,all,0.59,24,24,24,1.0,1.0,86,26,26,0.3023255813953488,0.3023255813953488,10,10,10,1.0,1.0
baseline,qwen3.5:9b,autonomous_depth_only,state_101,all,0.6,24,24,24,1.0,1.0,86,26,26,0.3023255813953488,0.3023255813953488,10,10,10,1.0,1.0
baseline,qwen3.5:9b,autonomous_depth_only,state_101,all,0.61,24,24,24,1.0,1.0,86,26,26,0.3023255813953488,0.3023255813953488,10,10,10,1.0,1.0
baseline,qwen3.5:9b,autonomous_depth_only,state_101,all,0.62,24,24,24,1.0,1.0,86,26,26,0.3023255813953488,0.3023255813953488,10,10,10,1.0,1.0
baseline,qwen3.5:9b,autonomous_depth_only,state_101,all,0.63,24,24,24,1.0,1.0,86,26,26,0.3023255813953488,0.3023255813953488,10,10,10,1.0,1.0
baseline,qwen3.5:9b,autonomous_depth_only,state_101,all,0.64,24,24,24,1.0,1.0,86,26,26,0.3023255813953488,0.3023255813953488,10,10,10,1.0,1.0
baseline,qwen3.5:9b,autonomous_depth_only,state_101,all,0.65,24,24,24,1.0,1.0,86,26,26,0.3023255813953488,0.3023255813953488,10,10,10,1.0,1.0
baseline,qwen3.5:9b,autonomous_depth_only,state_101,all,0.66,24,24,24,1.0,1.0,86,25,25,0.29069767441860467,0.29069767441860467,10,10,10,1.0,1.0
baseline,qwen3.5:9b,autonomous_depth_only,state_101,all,0.67,24,24,24,1.0,1.0,86,25,25,0.29069767441860467,0.29069767441860467,10,10,10,1.0,1.0
baseline,qwen3.5:9b,autonomous_depth_only,state_101,all,0.68,24,24,24,1.0,1.0,86,23,23,0.26744186046511625,0.26744186046511625,10,10,10,1.0,1.0
baseline,qwen3.5:9b,autonomous_depth_only,state_101,all,0.69,24,24,24,1.0,1.0,86,23,23,0.26744186046511625,0.26744186046511625,10,10,10,1.0,1.0
baseline,qwen3.5:9b,autonomous_depth_only,state_101,all,0.7,24,24,24,1.0,1.0,86,22,22,0.2558139534883721,0.2558139534883721,10,10,10,1.0,1.0
baseline,qwen3.5:9b,autonomous_depth_only,state_101,all,0.71,24,24,24,1.0,1.0,86,21,21,0.2441860465116279,0.2441860465116279,10,10,10,1.0,1.0
baseline,qwen3.5:9b,autonomous_depth_only,state_101,all,0.72,24,24,24,1.0,1.0,86,21,21,0.2441860465116279,0.2441860465116279,10,10,10,1.0,1.0
baseline,qwen3.5:9b,autonomous_depth_only,state_101,all,0.73,24,24,24,1.0,1.0,86,21,21,0.2441860465116279,0.2441860465116279,10,10,10,1.0,1.0
baseline,qwen3.5:9b,autonomous_depth_only,state_101,all,0.74,24,24,24,1.0,1.0,86,20,20,0.23255813953488372,0.23255813953488372,10,10,10,1.0,1.0
baseline,qwen3.5:9b,autonomous_depth_only,state_101,all,0.75,24,24,24,1.0,1.0,86,20,20,0.23255813953488372,0.23255813953488372,10,10,10,1.0,1.0
baseline,qwen3.5:9b,autonomous_depth_only,state_101,all,0.76,24,24,24,1.0,1.0,86,20,20,0.23255813953488372,0.23255813953488372,10,10,10,1.0,1.0
baseline,qwen3.5:9b,autonomous_depth_only,state_101,all,0.77,24,24,24,1.0,1.0,86,19,19,0.22093023255813954,0.22093023255813954,10,10,10,1.0,1.0
baseline,qwen3.5:9b,autonomous_depth_only,state_101,all,0.78,24,24,24,1.0,1.0,86,18,18,0.20930232558139536,0.20930232558139536,10,10,10,1.0,1.0
baseline,qwen3.5:9b,autonomous_depth_only,state_101,all,0.79,24,24,24,1.0,1.0,86,18,18,0.20930232558139536,0.20930232558139536,10,10,10,1.0,1.0
baseline,qwen3.5:9b,autonomous_depth_only,state_101,all,0.8,24,24,24,1.0,1.0,86,18,18,0.20930232558139536,0.20930232558139536,10,10,10,1.0,1.0
baseline,qwen3.5:9b,autonomous_depth_only,state_101,all,0.81,24,24,24,1.0,1.0,86,17,17,0.19767441860465115,0.19767441860465115,10,10,10,1.0,1.0
baseline,qwen3.5:9b,autonomous_depth_only,state_101,all,0.82,24,24,24,1.0,1.0,86,17,17,0.19767441860465115,0.19767441860465115,10,10,10,1.0,1.0
baseline,qwen3.5:9b,autonomous_depth_only,state_101,all,0.83,24,24,24,1.0,1.0,86,16,16,0.18604651162790697,0.18604651162790697,10,10,10,1.0,1.0
baseline,qwen3.5:9b,autonomous_depth_only,state_101,all,0.84,24,24,24,1.0,1.0,86,16,16,0.18604651162790697,0.18604651162790697,10,10,10,1.0,1.0
baseline,qwen3.5:9b,autonomous_depth_only,state_101,all,0.85,24,24,24,1.0,1.0,86,16,16,0.18604651162790697,0.18604651162790697,10,10,10,1.0,1.0
baseline,qwen3.5:9b,autonomous_depth_only,state_101,all,0.86,24,24,24,1.0,1.0,86,15,15,0.1744186046511628,0.1744186046511628,10,10,10,1.0,1.0
baseline,qwen3.5:9b,autonomous_depth_only,state_101,all,0.87,24,24,24,1.0,1.0,86,15,15,0.1744186046511628,0.1744186046511628,10,10,10,1.0,1.0
baseline,qwen3.5:9b,autonomous_depth_only,state_101,all,0.88,24,24,24,1.0,1.0,86,14,14,0.16279069767441862,0.16279069767441862,10,10,10,1.0,1.0
baseline,qwen3.5:9b,autonomous_depth_only,state_101,all,0.89,24,23,23,0.9583333333333334,0.9583333333333334,86,13,13,0.1511627906976744,0.1511627906976744,10,10,10,1.0,1.0
baseline,qwen3.5:9b,autonomous_depth_only,state_101,all,0.9,24,23,23,0.9583333333333334,0.9583333333333334,86,12,12,0.13953488372093023,0.13953488372093023,10,10,10,1.0,1.0
baseline,qwen3.5:9b,autonomous_depth_only,state_101,all,0.91,24,23,23,0.9583333333333334,0.9583333333333334,86,12,12,0.13953488372093023,0.13953488372093023,10,10,10,1.0,1.0
baseline,qwen3.5:9b,autonomous_depth_only,state_101,all,0.92,24,23,23,0.9583333333333334,0.9583333333333334,86,10,10,0.11627906976744186,0.11627906976744186,10,10,10,1.0,1.0
baseline,qwen3.5:9b,autonomous_depth_only,state_101,all,0.93,24,23,23,0.9583333333333334,0.9583333333333334,86,8,8,0.09302325581395349,0.09302325581395349,10,10,10,1.0,1.0
baseline,qwen3.5:9b,autonomous_depth_only,state_101,all,0.94,24,23,23,0.9583333333333334,0.9583333333333334,86,7,7,0.08139534883720931,0.08139534883720931,10,10,10,1.0,1.0
baseline,qwen3.5:9b,autonomous_depth_only,state_101,all,0.95,24,22,22,0.9166666666666666,0.9166666666666666,86,7,7,0.08139534883720931,0.08139534883720931,10,9,9,0.9,0.9
baseline,qwen3.5:9b,autonomous_depth_only,state_101,all,0.96,24,20,20,0.8333333333333334,0.8333333333333334,86,7,7,0.08139534883720931,0.08139534883720931,10,8,8,0.8,0.8
baseline,qwen3.5:9b,autonomous_depth_only,state_101,all,0.97,24,18,18,0.75,0.75,86,4,4,0.046511627906976744,0.046511627906976744,10,8,8,0.8,0.8
baseline,qwen3.5:9b,autonomous_depth_only,state_101,all,0.98,24,9,9,0.375,0.375,86,0,0,0.0,0.0,10,4,4,0.4,0.4
baseline,qwen3.5:9b,autonomous_depth_only,state_101,all,0.99,24,3,3,0.125,0.125,86,0,0,0.0,0.0,10,1,1,0.1,0.1
baseline,qwen3.5:9b,autonomous_depth_only,state_101,all,0.995,24,0,0,0.0,0.0,86,0,0,0.0,0.0,10,0,0,0.0,0.0
baseline,qwen3.5:9b,autonomous_depth_only,state_101,all,0.999,24,0,0,0.0,0.0,86,0,0,0.0,0.0,10,0,0,0.0,0.0
baseline,qwen3.5:9b,autonomous_depth_only,state_101,all,0.9999,24,0,0,0.0,0.0,86,0,0,0.0,0.0,10,0,0,0.0,0.0
baseline,qwen3.5:9b,autonomous_depth_only,state_101,all,0.99999,24,0,0,0.0,0.0,86,0,0,0.0,0.0,10,0,0,0.0,0.0
baseline,qwen3.5:9b,autonomous_depth_only,state_101,all,0.999999,24,0,0,0.0,0.0,86,0,0,0.0,0.0,10,0,0,0.0,0.0
baseline,qwen3.5:9b,autonomous_depth_only,state_101,all,1.0,24,0,0,0.0,0.0,86,0,0,0.0,0.0,10,0,0,0.0,0.0
baseline,qwen3.5:9b,autonomous_depth_only,state_202,all,0.0,25,25,25,1.0,1.0,96,96,96,1.0,1.0,11,11,11,1.0,1.0
baseline,qwen3.5:9b,autonomous_depth_only,state_202,all,0.01,25,25,25,1.0,1.0,96,80,80,0.8333333333333334,0.8333333333333334,11,11,11,1.0,1.0
baseline,qwen3.5:9b,autonomous_depth_only,state_202,all,0.02,25,25,25,1.0,1.0,96,69,69,0.71875,0.71875,11,11,11,1.0,1.0
baseline,qwen3.5:9b,autonomous_depth_only,state_202,all,0.03,25,25,25,1.0,1.0,96,65,65,0.6770833333333334,0.6770833333333334,11,11,11,1.0,1.0
baseline,qwen3.5:9b,autonomous_depth_only,state_202,all,0.04,25,25,25,1.0,1.0,96,60,60,0.625,0.625,11,11,11,1.0,1.0
baseline,qwen3.5:9b,autonomous_depth_only,state_202,all,0.05,25,25,25,1.0,1.0,96,58,58,0.6041666666666666,0.6041666666666666,11,11,11,1.0,1.0
baseline,qwen3.5:9b,autonomous_depth_only,state_202,all,0.06,25,25,25,1.0,1.0,96,55,55,0.5729166666666666,0.5729166666666666,11,11,11,1.0,1.0
baseline,qwen3.5:9b,autonomous_depth_only,state_202,all,0.07,25,25,25,1.0,1.0,96,54,54,0.5625,0.5625,11,11,11,1.0,1.0
baseline,qwen3.5:9b,autonomous_depth_only,state_202,all,0.08,25,25,25,1.0,1.0,96,52,52,0.5416666666666666,0.5416666666666666,11,11,11,1.0,1.0
baseline,qwen3.5:9b,autonomous_depth_only,state_202,all,0.09,25,25,25,1.0,1.0,96,51,51,0.53125,0.53125,11,11,11,1.0,1.0
baseline,qwen3.5:9b,autonomous_depth_only,state_202,all,0.1,25,25,25,1.0,1.0,96,51,51,0.53125,0.53125,11,11,11,1.0,1.0
baseline,qwen3.5:9b,autonomous_depth_only,state_202,all,0.11,25,25,25,1.0,1.0,96,50,50,0.5208333333333334,0.5208333333333334,11,11,11,1.0,1.0
baseline,qwen3.5:9b,autonomous_depth_only,state_202,all,0.12,25,25,25,1.0,1.0,96,50,50,0.5208333333333334,0.5208333333333334,11,11,11,1.0,1.0
baseline,qwen3.5:9b,autonomous_depth_only,state_202,all,0.13,25,25,25,1.0,1.0,96,50,50,0.5208333333333334,0.5208333333333334,11,11,11,1.0,1.0
baseline,qwen3.5:9b,autonomous_depth_only,state_202,all,0.14,25,25,25,1.0,1.0,96,49,49,0.5104166666666666,0.5104166666666666,11,11,11,1.0,1.0
baseline,qwen3.5:9b,autonomous_depth_only,state_202,all,0.15,25,25,25,1.0,1.0,96,48,48,0.5,0.5,11,11,11,1.0,1.0
baseline,qwen3.5:9b,autonomous_depth_only,state_202,all,0.16,25,25,25,1.0,1.0,96,48,48,0.5,0.5,11,11,11,1.0,1.0
baseline,qwen3.5:9b,autonomous_depth_only,state_202,all,0.17,25,25,25,1.0,1.0,96,46,46,0.4791666666666667,0.4791666666666667,11,11,11,1.0,1.0
baseline,qwen3.5:9b,autonomous_depth_only,state_202,all,0.18,25,25,25,1.0,1.0,96,45,45,0.46875,0.46875,11,11,11,1.0,1.0
baseline,qwen3.5:9b,autonomous_depth_only,state_202,all,0.19,25,25,25,1.0,1.0,96,43,43,0.4479166666666667,0.4479166666666667,11,11,11,1.0,1.0
baseline,qwen3.5:9b,autonomous_depth_only,state_202,all,0.2,25,25,25,1.0,1.0,96,42,42,0.4375,0.4375,11,11,11,1.0,1.0
baseline,qwen3.5:9b,autonomous_depth_only,state_202,all,0.21,25,25,25,1.0,1.0,96,42,42,0.4375,0.4375,11,11,11,1.0,1.0
baseline,qwen3.5:9b,autonomous_depth_only,state_202,all,0.22,25,25,25,1.0,1.0,96,42,42,0.4375,0.4375,11,11,11,1.0,1.0
baseline,qwen3.5:9b,autonomous_depth_only,state_202,all,0.23,25,25,25,1.0,1.0,96,42,42,0.4375,0.4375,11,11,11,1.0,1.0
baseline,qwen3.5:9b,autonomous_depth_only,state_202,all,0.24,25,25,25,1.0,1.0,96,42,42,0.4375,0.4375,11,11,11,1.0,1.0
baseline,qwen3.5:9b,autonomous_depth_only,state_202,all,0.25,25,25,25,1.0,1.0,96,42,42,0.4375,0.4375,11,11,11,1.0,1.0
baseline,qwen3.5:9b,autonomous_depth_only,state_202,all,0.26,25,25,25,1.0,1.0,96,42,42,0.4375,0.4375,11,11,11,1.0,1.0
baseline,qwen3.5:9b,autonomous_depth_only,state_202,all,0.27,25,25,25,1.0,1.0,96,42,42,0.4375,0.4375,11,11,11,1.0,1.0
baseline,qwen3.5:9b,autonomous_depth_only,state_202,all,0.28,25,25,25,1.0,1.0,96,41,41,0.4270833333333333,0.4270833333333333,11,11,11,1.0,1.0
baseline,qwen3.5:9b,autonomous_depth_only,state_202,all,0.29,25,25,25,1.0,1.0,96,41,41,0.4270833333333333,0.4270833333333333,11,11,11,1.0,1.0
baseline,qwen3.5:9b,autonomous_depth_only,state_202,all,0.3,25,25,25,1.0,1.0,96,41,41,0.4270833333333333,0.4270833333333333,11,11,11,1.0,1.0
baseline,qwen3.5:9b,autonomous_depth_only,state_202,all,0.31,25,25,25,1.0,1.0,96,39,39,0.40625,0.40625,11,11,11,1.0,1.0
baseline,qwen3.5:9b,autonomous_depth_only,state_202,all,0.32,25,25,25,1.0,1.0,96,39,39,0.40625,0.40625,11,11,11,1.0,1.0
baseline,qwen3.5:9b,autonomous_depth_only,state_202,all,0.33,25,25,25,1.0,1.0,96,39,39,0.40625,0.40625,11,11,11,1.0,1.0
baseline,qwen3.5:9b,autonomous_depth_only,state_202,all,0.34,25,25,25,1.0,1.0,96,39,39,0.40625,0.40625,11,11,11,1.0,1.0
baseline,qwen3.5:9b,autonomous_depth_only,state_202,all,0.35,25,25,25,1.0,1.0,96,39,39,0.40625,0.40625,11,11,11,1.0,1.0
baseline,qwen3.5:9b,autonomous_depth_only,state_202,all,0.36,25,25,25,1.0,1.0,96,39,39,0.40625,0.40625,11,11,11,1.0,1.0
baseline,qwen3.5:9b,autonomous_depth_only,state_202,all,0.37,25,25,25,1.0,1.0,96,39,39,0.40625,0.40625,11,11,11,1.0,1.0
baseline,qwen3.5:9b,autonomous_depth_only,state_202,all,0.38,25,25,25,1.0,1.0,96,38,38,0.3958333333333333,0.3958333333333333,11,11,11,1.0,1.0
baseline,qwen3.5:9b,autonomous_depth_only,state_202,all,0.39,25,25,25,1.0,1.0,96,38,38,0.3958333333333333,0.3958333333333333,11,11,11,1.0,1.0
baseline,qwen3.5:9b,autonomous_depth_only,state_202,all,0.4,25,25,25,1.0,1.0,96,38,38,0.3958333333333333,0.3958333333333333,11,11,11,1.0,1.0
baseline,qwen3.5:9b,autonomous_depth_only,state_202,all,0.41,25,25,25,1.0,1.0,96,38,38,0.3958333333333333,0.3958333333333333,11,11,11,1.0,1.0
baseline,qwen3.5:9b,autonomous_depth_only,state_202,all,0.42,25,25,25,1.0,1.0,96,37,37,0.3854166666666667,0.3854166666666667,11,11,11,1.0,1.0
baseline,qwen3.5:9b,autonomous_depth_only,state_202,all,0.43,25,25,25,1.0,1.0,96,36,36,0.375,0.375,11,11,11,1.0,1.0
baseline,qwen3.5:9b,autonomous_depth_only,state_202,all,0.44,25,25,25,1.0,1.0,96,36,36,0.375,0.375,11,11,11,1.0,1.0
baseline,qwen3.5:9b,autonomous_depth_only,state_202,all,0.45,25,25,25,1.0,1.0,96,36,36,0.375,0.375,11,11,11,1.0,1.0
baseline,qwen3.5:9b,autonomous_depth_only,state_202,all,0.46,25,25,25,1.0,1.0,96,36,36,0.375,0.375,11,11,11,1.0,1.0
baseline,qwen3.5:9b,autonomous_depth_only,state_202,all,0.47,25,25,25,1.0,1.0,96,36,36,0.375,0.375,11,11,11,1.0,1.0
baseline,qwen3.5:9b,autonomous_depth_only,state_202,all,0.48,25,25,25,1.0,1.0,96,36,36,0.375,0.375,11,11,11,1.0,1.0
baseline,qwen3.5:9b,autonomous_depth_only,state_202,all,0.49,25,25,25,1.0,1.0,96,35,35,0.3645833333333333,0.3645833333333333,11,11,11,1.0,1.0
baseline,qwen3.5:9b,autonomous_depth_only,state_202,all,0.5,25,25,25,1.0,1.0,96,34,34,0.3541666666666667,0.3541666666666667,11,11,11,1.0,1.0
baseline,qwen3.5:9b,autonomous_depth_only,state_202,all,0.51,25,25,25,1.0,1.0,96,34,34,0.3541666666666667,0.3541666666666667,11,11,11,1.0,1.0
baseline,qwen3.5:9b,autonomous_depth_only,state_202,all,0.52,25,25,25,1.0,1.0,96,34,34,0.3541666666666667,0.3541666666666667,11,11,11,1.0,1.0
baseline,qwen3.5:9b,autonomous_depth_only,state_202,all,0.53,25,25,25,1.0,1.0,96,33,33,0.34375,0.34375,11,11,11,1.0,1.0
baseline,qwen3.5:9b,autonomous_depth_only,state_202,all,0.54,25,25,25,1.0,1.0,96,31,31,0.3229166666666667,0.3229166666666667,11,11,11,1.0,1.0
baseline,qwen3.5:9b,autonomous_depth_only,state_202,all,0.55,25,25,25,1.0,1.0,96,31,31,0.3229166666666667,0.3229166666666667,11,11,11,1.0,1.0
baseline,qwen3.5:9b,autonomous_depth_only,state_202,all,0.56,25,25,25,1.0,1.0,96,30,30,0.3125,0.3125,11,11,11,1.0,1.0
baseline,qwen3.5:9b,autonomous_depth_only,state_202,all,0.57,25,25,25,1.0,1.0,96,30,30,0.3125,0.3125,11,11,11,1.0,1.0
baseline,qwen3.5:9b,autonomous_depth_only,state_202,all,0.58,25,25,25,1.0,1.0,96,30,30,0.3125,0.3125,11,11,11,1.0,1.0
baseline,qwen3.5:9b,autonomous_depth_only,state_202,all,0.59,25,25,25,1.0,1.0,96,30,30,0.3125,0.3125,11,11,11,1.0,1.0
baseline,qwen3.5:9b,autonomous_depth_only,state_202,all,0.6,25,25,25,1.0,1.0,96,29,29,0.3020833333333333,0.3020833333333333,11,11,11,1.0,1.0
baseline,qwen3.5:9b,autonomous_depth_only,state_202,all,0.61,25,25,25,1.0,1.0,96,28,28,0.2916666666666667,0.2916666666666667,11,11,11,1.0,1.0
baseline,qwen3.5:9b,autonomous_depth_only,state_202,all,0.62,25,25,25,1.0,1.0,96,27,27,0.28125,0.28125,11,11,11,1.0,1.0
baseline,qwen3.5:9b,autonomous_depth_only,state_202,all,0.63,25,25,25,1.0,1.0,96,27,27,0.28125,0.28125,11,11,11,1.0,1.0
baseline,qwen3.5:9b,autonomous_depth_only,state_202,all,0.64,25,25,25,1.0,1.0,96,26,26,0.2708333333333333,0.2708333333333333,11,11,11,1.0,1.0
baseline,qwen3.5:9b,autonomous_depth_only,state_202,all,0.65,25,25,25,1.0,1.0,96,25,25,0.2604166666666667,0.2604166666666667,11,11,11,1.0,1.0
baseline,qwen3.5:9b,autonomous_depth_only,state_202,all,0.66,25,25,25,1.0,1.0,96,25,25,0.2604166666666667,0.2604166666666667,11,11,11,1.0,1.0
baseline,qwen3.5:9b,autonomous_depth_only,state_202,all,0.67,25,25,25,1.0,1.0,96,25,25,0.2604166666666667,0.2604166666666667,11,11,11,1.0,1.0
baseline,qwen3.5:9b,autonomous_depth_only,state_202,all,0.68,25,25,25,1.0,1.0,96,25,25,0.2604166666666667,0.2604166666666667,11,11,11,1.0,1.0
baseline,qwen3.5:9b,autonomous_depth_only,state_202,all,0.69,25,25,25,1.0,1.0,96,25,25,0.2604166666666667,0.2604166666666667,11,11,11,1.0,1.0
baseline,qwen3.5:9b,autonomous_depth_only,state_202,all,0.7,25,25,25,1.0,1.0,96,24,24,0.25,0.25,11,11,11,1.0,1.0
baseline,qwen3.5:9b,autonomous_depth_only,state_202,all,0.71,25,25,25,1.0,1.0,96,24,24,0.25,0.25,11,11,11,1.0,1.0
baseline,qwen3.5:9b,autonomous_depth_only,state_202,all,0.72,25,25,25,1.0,1.0,96,24,24,0.25,0.25,11,11,11,1.0,1.0
baseline,qwen3.5:9b,autonomous_depth_only,state_202,all,0.73,25,25,25,1.0,1.0,96,24,24,0.25,0.25,11,11,11,1.0,1.0
baseline,qwen3.5:9b,autonomous_depth_only,state_202,all,0.74,25,25,25,1.0,1.0,96,23,23,0.23958333333333334,0.23958333333333334,11,11,11,1.0,1.0
baseline,qwen3.5:9b,autonomous_depth_only,state_202,all,0.75,25,25,25,1.0,1.0,96,23,23,0.23958333333333334,0.23958333333333334,11,11,11,1.0,1.0
baseline,qwen3.5:9b,autonomous_depth_only,state_202,all,0.76,25,25,25,1.0,1.0,96,23,23,0.23958333333333334,0.23958333333333334,11,11,11,1.0,1.0
baseline,qwen3.5:9b,autonomous_depth_only,state_202,all,0.77,25,25,25,1.0,1.0,96,23,23,0.23958333333333334,0.23958333333333334,11,11,11,1.0,1.0
baseline,qwen3.5:9b,autonomous_depth_only,state_202,all,0.78,25,25,25,1.0,1.0,96,22,22,0.22916666666666666,0.22916666666666666,11,11,11,1.0,1.0
baseline,qwen3.5:9b,autonomous_depth_only,state_202,all,0.79,25,25,25,1.0,1.0,96,21,21,0.21875,0.21875,11,11,11,1.0,1.0
baseline,qwen3.5:9b,autonomous_depth_only,state_202,all,0.8,25,25,25,1.0,1.0,96,21,21,0.21875,0.21875,11,11,11,1.0,1.0
baseline,qwen3.5:9b,autonomous_depth_only,state_202,all,0.81,25,25,25,1.0,1.0,96,19,19,0.19791666666666666,0.19791666666666666,11,11,11,1.0,1.0
baseline,qwen3.5:9b,autonomous_depth_only,state_202,all,0.82,25,25,25,1.0,1.0,96,19,19,0.19791666666666666,0.19791666666666666,11,11,11,1.0,1.0
baseline,qwen3.5:9b,autonomous_depth_only,state_202,all,0.83,25,25,25,1.0,1.0,96,19,19,0.19791666666666666,0.19791666666666666,11,11,11,1.0,1.0
baseline,qwen3.5:9b,autonomous_depth_only,state_202,all,0.84,25,25,25,1.0,1.0,96,16,16,0.16666666666666666,0.16666666666666666,11,11,11,1.0,1.0
baseline,qwen3.5:9b,autonomous_depth_only,state_202,all,0.85,25,25,25,1.0,1.0,96,15,15,0.15625,0.15625,11,11,11,1.0,1.0
baseline,qwen3.5:9b,autonomous_depth_only,state_202,all,0.86,25,25,25,1.0,1.0,96,14,14,0.14583333333333334,0.14583333333333334,11,11,11,1.0,1.0
baseline,qwen3.5:9b,autonomous_depth_only,state_202,all,0.87,25,25,25,1.0,1.0,96,14,14,0.14583333333333334,0.14583333333333334,11,11,11,1.0,1.0
baseline,qwen3.5:9b,autonomous_depth_only,state_202,all,0.88,25,25,25,1.0,1.0,96,14,14,0.14583333333333334,0.14583333333333334,11,11,11,1.0,1.0
baseline,qwen3.5:9b,autonomous_depth_only,state_202,all,0.89,25,25,25,1.0,1.0,96,14,14,0.14583333333333334,0.14583333333333334,11,11,11,1.0,1.0
baseline,qwen3.5:9b,autonomous_depth_only,state_202,all,0.9,25,25,25,1.0,1.0,96,13,13,0.13541666666666666,0.13541666666666666,11,11,11,1.0,1.0
baseline,qwen3.5:9b,autonomous_depth_only,state_202,all,0.91,25,25,25,1.0,1.0,96,11,11,0.11458333333333333,0.11458333333333333,11,11,11,1.0,1.0
baseline,qwen3.5:9b,autonomous_depth_only,state_202,all,0.92,25,24,24,0.96,0.96,96,10,10,0.10416666666666667,0.10416666666666667,11,10,10,0.9090909090909091,0.9090909090909091
baseline,qwen3.5:9b,autonomous_depth_only,state_202,all,0.93,25,23,23,0.92,0.92,96,8,8,0.08333333333333333,0.08333333333333333,11,9,9,0.8181818181818182,0.8181818181818182
baseline,qwen3.5:9b,autonomous_depth_only,state_202,all,0.94,25,23,23,0.92,0.92,96,6,6,0.0625,0.0625,11,9,9,0.8181818181818182,0.8181818181818182
baseline,qwen3.5:9b,autonomous_depth_only,state_202,all,0.95,25,22,22,0.88,0.88,96,5,5,0.052083333333333336,0.052083333333333336,11,9,9,0.8181818181818182,0.8181818181818182
baseline,qwen3.5:9b,autonomous_depth_only,state_202,all,0.96,25,20,20,0.8,0.8,96,4,4,0.041666666666666664,0.041666666666666664,11,9,9,0.8181818181818182,0.8181818181818182
baseline,qwen3.5:9b,autonomous_depth_only,state_202,all,0.97,25,20,20,0.8,0.8,96,2,2,0.020833333333333332,0.020833333333333332,11,9,9,0.8181818181818182,0.8181818181818182
baseline,qwen3.5:9b,autonomous_depth_only,state_202,all,0.98,25,16,16,0.64,0.64,96,1,1,0.010416666666666666,0.010416666666666666,11,7,7,0.6363636363636364,0.6363636363636364
baseline,qwen3.5:9b,autonomous_depth_only,state_202,all,0.99,25,4,4,0.16,0.16,96,0,0,0.0,0.0,11,1,1,0.09090909090909091,0.09090909090909091
baseline,qwen3.5:9b,autonomous_depth_only,state_202,all,0.995,25,1,1,0.04,0.04,96,0,0,0.0,0.0,11,0,0,0.0,0.0
baseline,qwen3.5:9b,autonomous_depth_only,state_202,all,0.999,25,0,0,0.0,0.0,96,0,0,0.0,0.0,11,0,0,0.0,0.0
baseline,qwen3.5:9b,autonomous_depth_only,state_202,all,0.9999,25,0,0,0.0,0.0,96,0,0,0.0,0.0,11,0,0,0.0,0.0
baseline,qwen3.5:9b,autonomous_depth_only,state_202,all,0.99999,25,0,0,0.0,0.0,96,0,0,0.0,0.0,11,0,0,0.0,0.0
baseline,qwen3.5:9b,autonomous_depth_only,state_202,all,0.999999,25,0,0,0.0,0.0,96,0,0,0.0,0.0,11,0,0,0.0,0.0
baseline,qwen3.5:9b,autonomous_depth_only,state_202,all,1.0,25,0,0,0.0,0.0,96,0,0,0.0,0.0,11,0,0,0.0,0.0
baseline,qwen3.5:9b,autonomous_depth_only,state_303,all,0.0,24,24,24,1.0,1.0,86,86,86,1.0,1.0,10,10,10,1.0,1.0
baseline,qwen3.5:9b,autonomous_depth_only,state_303,all,0.01,24,24,24,1.0,1.0,86,77,77,0.8953488372093024,0.8953488372093024,10,10,10,1.0,1.0
baseline,qwen3.5:9b,autonomous_depth_only,state_303,all,0.02,24,24,24,1.0,1.0,86,68,68,0.7906976744186046,0.7906976744186046,10,10,10,1.0,1.0
baseline,qwen3.5:9b,autonomous_depth_only,state_303,all,0.03,24,24,24,1.0,1.0,86,60,60,0.6976744186046512,0.6976744186046512,10,10,10,1.0,1.0
baseline,qwen3.5:9b,autonomous_depth_only,state_303,all,0.04,24,24,24,1.0,1.0,86,54,54,0.627906976744186,0.627906976744186,10,10,10,1.0,1.0
baseline,qwen3.5:9b,autonomous_depth_only,state_303,all,0.05,24,24,24,1.0,1.0,86,53,53,0.6162790697674418,0.6162790697674418,10,10,10,1.0,1.0
baseline,qwen3.5:9b,autonomous_depth_only,state_303,all,0.06,24,24,24,1.0,1.0,86,49,49,0.5697674418604651,0.5697674418604651,10,10,10,1.0,1.0
baseline,qwen3.5:9b,autonomous_depth_only,state_303,all,0.07,24,24,24,1.0,1.0,86,46,46,0.5348837209302325,0.5348837209302325,10,10,10,1.0,1.0
baseline,qwen3.5:9b,autonomous_depth_only,state_303,all,0.08,24,24,24,1.0,1.0,86,46,46,0.5348837209302325,0.5348837209302325,10,10,10,1.0,1.0
baseline,qwen3.5:9b,autonomous_depth_only,state_303,all,0.09,24,24,24,1.0,1.0,86,44,44,0.5116279069767442,0.5116279069767442,10,10,10,1.0,1.0
baseline,qwen3.5:9b,autonomous_depth_only,state_303,all,0.1,24,24,24,1.0,1.0,86,44,44,0.5116279069767442,0.5116279069767442,10,10,10,1.0,1.0
baseline,qwen3.5:9b,autonomous_depth_only,state_303,all,0.11,24,24,24,1.0,1.0,86,44,44,0.5116279069767442,0.5116279069767442,10,10,10,1.0,1.0
baseline,qwen3.5:9b,autonomous_depth_only,state_303,all,0.12,24,24,24,1.0,1.0,86,42,42,0.4883720930232558,0.4883720930232558,10,10,10,1.0,1.0
baseline,qwen3.5:9b,autonomous_depth_only,state_303,all,0.13,24,24,24,1.0,1.0,86,40,40,0.46511627906976744,0.46511627906976744,10,10,10,1.0,1.0
baseline,qwen3.5:9b,autonomous_depth_only,state_303,all,0.14,24,24,24,1.0,1.0,86,40,40,0.46511627906976744,0.46511627906976744,10,10,10,1.0,1.0
baseline,qwen3.5:9b,autonomous_depth_only,state_303,all,0.15,24,24,24,1.0,1.0,86,40,40,0.46511627906976744,0.46511627906976744,10,10,10,1.0,1.0
baseline,qwen3.5:9b,autonomous_depth_only,state_303,all,0.16,24,24,24,1.0,1.0,86,40,40,0.46511627906976744,0.46511627906976744,10,10,10,1.0,1.0
baseline,qwen3.5:9b,autonomous_depth_only,state_303,all,0.17,24,24,24,1.0,1.0,86,40,40,0.46511627906976744,0.46511627906976744,10,10,10,1.0,1.0
baseline,qwen3.5:9b,autonomous_depth_only,state_303,all,0.18,24,24,24,1.0,1.0,86,40,40,0.46511627906976744,0.46511627906976744,10,10,10,1.0,1.0
baseline,qwen3.5:9b,autonomous_depth_only,state_303,all,0.19,24,24,24,1.0,1.0,86,40,40,0.46511627906976744,0.46511627906976744,10,10,10,1.0,1.0
baseline,qwen3.5:9b,autonomous_depth_only,state_303,all,0.2,24,24,24,1.0,1.0,86,40,40,0.46511627906976744,0.46511627906976744,10,10,10,1.0,1.0
baseline,qwen3.5:9b,autonomous_depth_only,state_303,all,0.21,24,24,24,1.0,1.0,86,40,40,0.46511627906976744,0.46511627906976744,10,10,10,1.0,1.0
baseline,qwen3.5:9b,autonomous_depth_only,state_303,all,0.22,24,24,24,1.0,1.0,86,40,40,0.46511627906976744,0.46511627906976744,10,10,10,1.0,1.0
baseline,qwen3.5:9b,autonomous_depth_only,state_303,all,0.23,24,24,24,1.0,1.0,86,40,40,0.46511627906976744,0.46511627906976744,10,10,10,1.0,1.0
baseline,qwen3.5:9b,autonomous_depth_only,state_303,all,0.24,24,24,24,1.0,1.0,86,39,39,0.45348837209302323,0.45348837209302323,10,10,10,1.0,1.0
baseline,qwen3.5:9b,autonomous_depth_only,state_303,all,0.25,24,24,24,1.0,1.0,86,39,39,0.45348837209302323,0.45348837209302323,10,10,10,1.0,1.0
baseline,qwen3.5:9b,autonomous_depth_only,state_303,all,0.26,24,24,24,1.0,1.0,86,38,38,0.4418604651162791,0.4418604651162791,10,10,10,1.0,1.0
baseline,qwen3.5:9b,autonomous_depth_only,state_303,all,0.27,24,24,24,1.0,1.0,86,38,38,0.4418604651162791,0.4418604651162791,10,10,10,1.0,1.0
baseline,qwen3.5:9b,autonomous_depth_only,state_303,all,0.28,24,24,24,1.0,1.0,86,38,38,0.4418604651162791,0.4418604651162791,10,10,10,1.0,1.0
baseline,qwen3.5:9b,autonomous_depth_only,state_303,all,0.29,24,24,24,1.0,1.0,86,37,37,0.43023255813953487,0.43023255813953487,10,10,10,1.0,1.0
baseline,qwen3.5:9b,autonomous_depth_only,state_303,all,0.3,24,24,24,1.0,1.0,86,37,37,0.43023255813953487,0.43023255813953487,10,10,10,1.0,1.0
baseline,qwen3.5:9b,autonomous_depth_only,state_303,all,0.31,24,24,24,1.0,1.0,86,37,37,0.43023255813953487,0.43023255813953487,10,10,10,1.0,1.0
baseline,qwen3.5:9b,autonomous_depth_only,state_303,all,0.32,24,24,24,1.0,1.0,86,37,37,0.43023255813953487,0.43023255813953487,10,10,10,1.0,1.0
baseline,qwen3.5:9b,autonomous_depth_only,state_303,all,0.33,24,24,24,1.0,1.0,86,37,37,0.43023255813953487,0.43023255813953487,10,10,10,1.0,1.0
baseline,qwen3.5:9b,autonomous_depth_only,state_303,all,0.34,24,24,24,1.0,1.0,86,36,36,0.4186046511627907,0.4186046511627907,10,10,10,1.0,1.0
baseline,qwen3.5:9b,autonomous_depth_only,state_303,all,0.35,24,24,24,1.0,1.0,86,36,36,0.4186046511627907,0.4186046511627907,10,10,10,1.0,1.0
baseline,qwen3.5:9b,autonomous_depth_only,state_303,all,0.36,24,24,24,1.0,1.0,86,36,36,0.4186046511627907,0.4186046511627907,10,10,10,1.0,1.0
baseline,qwen3.5:9b,autonomous_depth_only,state_303,all,0.37,24,24,24,1.0,1.0,86,36,36,0.4186046511627907,0.4186046511627907,10,10,10,1.0,1.0
baseline,qwen3.5:9b,autonomous_depth_only,state_303,all,0.38,24,24,24,1.0,1.0,86,36,36,0.4186046511627907,0.4186046511627907,10,10,10,1.0,1.0
baseline,qwen3.5:9b,autonomous_depth_only,state_303,all,0.39,24,24,24,1.0,1.0,86,36,36,0.4186046511627907,0.4186046511627907,10,10,10,1.0,1.0
baseline,qwen3.5:9b,autonomous_depth_only,state_303,all,0.4,24,24,24,1.0,1.0,86,34,34,0.3953488372093023,0.3953488372093023,10,10,10,1.0,1.0
baseline,qwen3.5:9b,autonomous_depth_only,state_303,all,0.41,24,24,24,1.0,1.0,86,34,34,0.3953488372093023,0.3953488372093023,10,10,10,1.0,1.0
baseline,qwen3.5:9b,autonomous_depth_only,state_303,all,0.42,24,24,24,1.0,1.0,86,33,33,0.38372093023255816,0.38372093023255816,10,10,10,1.0,1.0
baseline,qwen3.5:9b,autonomous_depth_only,state_303,all,0.43,24,24,24,1.0,1.0,86,33,33,0.38372093023255816,0.38372093023255816,10,10,10,1.0,1.0
baseline,qwen3.5:9b,autonomous_depth_only,state_303,all,0.44,24,24,24,1.0,1.0,86,30,30,0.3488372093023256,0.3488372093023256,10,10,10,1.0,1.0
baseline,qwen3.5:9b,autonomous_depth_only,state_303,all,0.45,24,24,24,1.0,1.0,86,30,30,0.3488372093023256,0.3488372093023256,10,10,10,1.0,1.0
baseline,qwen3.5:9b,autonomous_depth_only,state_303,all,0.46,24,24,24,1.0,1.0,86,30,30,0.3488372093023256,0.3488372093023256,10,10,10,1.0,1.0
baseline,qwen3.5:9b,autonomous_depth_only,state_303,all,0.47,24,24,24,1.0,1.0,86,30,30,0.3488372093023256,0.3488372093023256,10,10,10,1.0,1.0
baseline,qwen3.5:9b,autonomous_depth_only,state_303,all,0.48,24,24,24,1.0,1.0,86,30,30,0.3488372093023256,0.3488372093023256,10,10,10,1.0,1.0
baseline,qwen3.5:9b,autonomous_depth_only,state_303,all,0.49,24,24,24,1.0,1.0,86,30,30,0.3488372093023256,0.3488372093023256,10,10,10,1.0,1.0
baseline,qwen3.5:9b,autonomous_depth_only,state_303,all,0.5,24,24,24,1.0,1.0,86,30,30,0.3488372093023256,0.3488372093023256,10,10,10,1.0,1.0
baseline,qwen3.5:9b,autonomous_depth_only,state_303,all,0.51,24,24,24,1.0,1.0,86,30,30,0.3488372093023256,0.3488372093023256,10,10,10,1.0,1.0
baseline,qwen3.5:9b,autonomous_depth_only,state_303,all,0.52,24,24,24,1.0,1.0,86,30,30,0.3488372093023256,0.3488372093023256,10,10,10,1.0,1.0
baseline,qwen3.5:9b,autonomous_depth_only,state_303,all,0.53,24,24,24,1.0,1.0,86,30,30,0.3488372093023256,0.3488372093023256,10,10,10,1.0,1.0
baseline,qwen3.5:9b,autonomous_depth_only,state_303,all,0.54,24,24,24,1.0,1.0,86,30,30,0.3488372093023256,0.3488372093023256,10,10,10,1.0,1.0
baseline,qwen3.5:9b,autonomous_depth_only,state_303,all,0.55,24,24,24,1.0,1.0,86,30,30,0.3488372093023256,0.3488372093023256,10,10,10,1.0,1.0
baseline,qwen3.5:9b,autonomous_depth_only,state_303,all,0.56,24,24,24,1.0,1.0,86,30,30,0.3488372093023256,0.3488372093023256,10,10,10,1.0,1.0
baseline,qwen3.5:9b,autonomous_depth_only,state_303,all,0.57,24,24,24,1.0,1.0,86,30,30,0.3488372093023256,0.3488372093023256,10,10,10,1.0,1.0
baseline,qwen3.5:9b,autonomous_depth_only,state_303,all,0.58,24,24,24,1.0,1.0,86,30,30,0.3488372093023256,0.3488372093023256,10,10,10,1.0,1.0
baseline,qwen3.5:9b,autonomous_depth_only,state_303,all,0.59,24,24,24,1.0,1.0,86,30,30,0.3488372093023256,0.3488372093023256,10,10,10,1.0,1.0
baseline,qwen3.5:9b,autonomous_depth_only,state_303,all,0.6,24,24,24,1.0,1.0,86,30,30,0.3488372093023256,0.3488372093023256,10,10,10,1.0,1.0
baseline,qwen3.5:9b,autonomous_depth_only,state_303,all,0.61,24,24,24,1.0,1.0,86,30,30,0.3488372093023256,0.3488372093023256,10,10,10,1.0,1.0
baseline,qwen3.5:9b,autonomous_depth_only,state_303,all,0.62,24,24,24,1.0,1.0,86,30,30,0.3488372093023256,0.3488372093023256,10,10,10,1.0,1.0
baseline,qwen3.5:9b,autonomous_depth_only,state_303,all,0.63,24,24,24,1.0,1.0,86,30,30,0.3488372093023256,0.3488372093023256,10,10,10,1.0,1.0
baseline,qwen3.5:9b,autonomous_depth_only,state_303,all,0.64,24,24,24,1.0,1.0,86,30,30,0.3488372093023256,0.3488372093023256,10,10,10,1.0,1.0
baseline,qwen3.5:9b,autonomous_depth_only,state_303,all,0.65,24,24,24,1.0,1.0,86,30,30,0.3488372093023256,0.3488372093023256,10,10,10,1.0,1.0
baseline,qwen3.5:9b,autonomous_depth_only,state_303,all,0.66,24,24,24,1.0,1.0,86,29,29,0.3372093023255814,0.3372093023255814,10,10,10,1.0,1.0
baseline,qwen3.5:9b,autonomous_depth_only,state_303,all,0.67,24,24,24,1.0,1.0,86,28,28,0.32558139534883723,0.32558139534883723,10,10,10,1.0,1.0
baseline,qwen3.5:9b,autonomous_depth_only,state_303,all,0.68,24,24,24,1.0,1.0,86,28,28,0.32558139534883723,0.32558139534883723,10,10,10,1.0,1.0
baseline,qwen3.5:9b,autonomous_depth_only,state_303,all,0.69,24,24,24,1.0,1.0,86,27,27,0.313953488372093,0.313953488372093,10,10,10,1.0,1.0
baseline,qwen3.5:9b,autonomous_depth_only,state_303,all,0.7,24,24,24,1.0,1.0,86,27,27,0.313953488372093,0.313953488372093,10,10,10,1.0,1.0
baseline,qwen3.5:9b,autonomous_depth_only,state_303,all,0.71,24,24,24,1.0,1.0,86,26,26,0.3023255813953488,0.3023255813953488,10,10,10,1.0,1.0
baseline,qwen3.5:9b,autonomous_depth_only,state_303,all,0.72,24,24,24,1.0,1.0,86,24,24,0.27906976744186046,0.27906976744186046,10,10,10,1.0,1.0
baseline,qwen3.5:9b,autonomous_depth_only,state_303,all,0.73,24,24,24,1.0,1.0,86,24,24,0.27906976744186046,0.27906976744186046,10,10,10,1.0,1.0
baseline,qwen3.5:9b,autonomous_depth_only,state_303,all,0.74,24,24,24,1.0,1.0,86,23,23,0.26744186046511625,0.26744186046511625,10,10,10,1.0,1.0
baseline,qwen3.5:9b,autonomous_depth_only,state_303,all,0.75,24,24,24,1.0,1.0,86,23,23,0.26744186046511625,0.26744186046511625,10,10,10,1.0,1.0
baseline,qwen3.5:9b,autonomous_depth_only,state_303,all,0.76,24,24,24,1.0,1.0,86,23,23,0.26744186046511625,0.26744186046511625,10,10,10,1.0,1.0
baseline,qwen3.5:9b,autonomous_depth_only,state_303,all,0.77,24,24,24,1.0,1.0,86,23,23,0.26744186046511625,0.26744186046511625,10,10,10,1.0,1.0
baseline,qwen3.5:9b,autonomous_depth_only,state_303,all,0.78,24,24,24,1.0,1.0,86,23,23,0.26744186046511625,0.26744186046511625,10,10,10,1.0,1.0
baseline,qwen3.5:9b,autonomous_depth_only,state_303,all,0.79,24,24,24,1.0,1.0,86,22,22,0.2558139534883721,0.2558139534883721,10,10,10,1.0,1.0
baseline,qwen3.5:9b,autonomous_depth_only,state_303,all,0.8,24,24,24,1.0,1.0,86,21,21,0.2441860465116279,0.2441860465116279,10,10,10,1.0,1.0
baseline,qwen3.5:9b,autonomous_depth_only,state_303,all,0.81,24,24,24,1.0,1.0,86,18,18,0.20930232558139536,0.20930232558139536,10,10,10,1.0,1.0
baseline,qwen3.5:9b,autonomous_depth_only,state_303,all,0.82,24,24,24,1.0,1.0,86,16,16,0.18604651162790697,0.18604651162790697,10,10,10,1.0,1.0
baseline,qwen3.5:9b,autonomous_depth_only,state_303,all,0.83,24,24,24,1.0,1.0,86,16,16,0.18604651162790697,0.18604651162790697,10,10,10,1.0,1.0
baseline,qwen3.5:9b,autonomous_depth_only,state_303,all,0.84,24,24,24,1.0,1.0,86,16,16,0.18604651162790697,0.18604651162790697,10,10,10,1.0,1.0
baseline,qwen3.5:9b,autonomous_depth_only,state_303,all,0.85,24,24,24,1.0,1.0,86,16,16,0.18604651162790697,0.18604651162790697,10,10,10,1.0,1.0
baseline,qwen3.5:9b,autonomous_depth_only,state_303,all,0.86,24,24,24,1.0,1.0,86,15,15,0.1744186046511628,0.1744186046511628,10,10,10,1.0,1.0
baseline,qwen3.5:9b,autonomous_depth_only,state_303,all,0.87,24,24,24,1.0,1.0,86,14,14,0.16279069767441862,0.16279069767441862,10,10,10,1.0,1.0
baseline,qwen3.5:9b,autonomous_depth_only,state_303,all,0.88,24,24,24,1.0,1.0,86,14,14,0.16279069767441862,0.16279069767441862,10,10,10,1.0,1.0
baseline,qwen3.5:9b,autonomous_depth_only,state_303,all,0.89,24,24,24,1.0,1.0,86,13,13,0.1511627906976744,0.1511627906976744,10,10,10,1.0,1.0
baseline,qwen3.5:9b,autonomous_depth_only,state_303,all,0.9,24,24,24,1.0,1.0,86,12,12,0.13953488372093023,0.13953488372093023,10,10,10,1.0,1.0
baseline,qwen3.5:9b,autonomous_depth_only,state_303,all,0.91,24,23,23,0.9583333333333334,0.9583333333333334,86,11,11,0.12790697674418605,0.12790697674418605,10,9,9,0.9,0.9
baseline,qwen3.5:9b,autonomous_depth_only,state_303,all,0.92,24,23,23,0.9583333333333334,0.9583333333333334,86,9,9,0.10465116279069768,0.10465116279069768,10,9,9,0.9,0.9
baseline,qwen3.5:9b,autonomous_depth_only,state_303,all,0.93,24,23,23,0.9583333333333334,0.9583333333333334,86,9,9,0.10465116279069768,0.10465116279069768,10,9,9,0.9,0.9
baseline,qwen3.5:9b,autonomous_depth_only,state_303,all,0.94,24,23,23,0.9583333333333334,0.9583333333333334,86,7,7,0.08139534883720931,0.08139534883720931,10,9,9,0.9,0.9
baseline,qwen3.5:9b,autonomous_depth_only,state_303,all,0.95,24,23,23,0.9583333333333334,0.9583333333333334,86,7,7,0.08139534883720931,0.08139534883720931,10,9,9,0.9,0.9
baseline,qwen3.5:9b,autonomous_depth_only,state_303,all,0.96,24,22,22,0.9166666666666666,0.9166666666666666,86,7,7,0.08139534883720931,0.08139534883720931,10,9,9,0.9,0.9
baseline,qwen3.5:9b,autonomous_depth_only,state_303,all,0.97,24,21,21,0.875,0.875,86,5,5,0.05813953488372093,0.05813953488372093,10,9,9,0.9,0.9
baseline,qwen3.5:9b,autonomous_depth_only,state_303,all,0.98,24,19,19,0.7916666666666666,0.7916666666666666,86,2,2,0.023255813953488372,0.023255813953488372,10,8,8,0.8,0.8
baseline,qwen3.5:9b,autonomous_depth_only,state_303,all,0.99,24,3,3,0.125,0.125,86,0,0,0.0,0.0,10,2,2,0.2,0.2
baseline,qwen3.5:9b,autonomous_depth_only,state_303,all,0.995,24,0,0,0.0,0.0,86,0,0,0.0,0.0,10,0,0,0.0,0.0
baseline,qwen3.5:9b,autonomous_depth_only,state_303,all,0.999,24,0,0,0.0,0.0,86,0,0,0.0,0.0,10,0,0,0.0,0.0
baseline,qwen3.5:9b,autonomous_depth_only,state_303,all,0.9999,24,0,0,0.0,0.0,86,0,0,0.0,0.0,10,0,0,0.0,0.0
baseline,qwen3.5:9b,autonomous_depth_only,state_303,all,0.99999,24,0,0,0.0,0.0,86,0,0,0.0,0.0,10,0,0,0.0,0.0
baseline,qwen3.5:9b,autonomous_depth_only,state_303,all,0.999999,24,0,0,0.0,0.0,86,0,0,0.0,0.0,10,0,0,0.0,0.0
baseline,qwen3.5:9b,autonomous_depth_only,state_303,all,1.0,24,0,0,0.0,0.0,86,0,0,0.0,0.0,10,0,0,0.0,0.0
baseline,qwen3.5:9b,autonomous_depth_only,all,all,0.0,98,98,98,1.0,1.0,364,364,364,1.0,1.0,42,42,42,1.0,1.0
baseline,qwen3.5:9b,autonomous_depth_only,all,all,0.01,98,98,98,1.0,1.0,364,323,323,0.8873626373626373,0.8873626373626373,42,42,42,1.0,1.0
baseline,qwen3.5:9b,autonomous_depth_only,all,all,0.02,98,98,98,1.0,1.0,364,280,280,0.7692307692307693,0.7692307692307693,42,42,42,1.0,1.0
baseline,qwen3.5:9b,autonomous_depth_only,all,all,0.03,98,98,98,1.0,1.0,364,254,254,0.6978021978021978,0.6978021978021978,42,42,42,1.0,1.0
baseline,qwen3.5:9b,autonomous_depth_only,all,all,0.04,98,98,98,1.0,1.0,364,238,238,0.6538461538461539,0.6538461538461539,42,42,42,1.0,1.0
baseline,qwen3.5:9b,autonomous_depth_only,all,all,0.05,98,98,98,1.0,1.0,364,228,228,0.6263736263736264,0.6263736263736264,42,42,42,1.0,1.0
baseline,qwen3.5:9b,autonomous_depth_only,all,all,0.06,98,98,98,1.0,1.0,364,214,214,0.5879120879120879,0.5879120879120879,42,42,42,1.0,1.0
baseline,qwen3.5:9b,autonomous_depth_only,all,all,0.07,98,98,98,1.0,1.0,364,197,197,0.5412087912087912,0.5412087912087912,42,42,42,1.0,1.0
baseline,qwen3.5:9b,autonomous_depth_only,all,all,0.08,98,98,98,1.0,1.0,364,194,194,0.532967032967033,0.532967032967033,42,42,42,1.0,1.0
baseline,qwen3.5:9b,autonomous_depth_only,all,all,0.09,98,98,98,1.0,1.0,364,190,190,0.521978021978022,0.521978021978022,42,42,42,1.0,1.0
baseline,qwen3.5:9b,autonomous_depth_only,all,all,0.1,98,98,98,1.0,1.0,364,186,186,0.510989010989011,0.510989010989011,42,42,42,1.0,1.0
baseline,qwen3.5:9b,autonomous_depth_only,all,all,0.11,98,98,98,1.0,1.0,364,184,184,0.5054945054945055,0.5054945054945055,42,42,42,1.0,1.0
baseline,qwen3.5:9b,autonomous_depth_only,all,all,0.12,98,98,98,1.0,1.0,364,178,178,0.489010989010989,0.489010989010989,42,42,42,1.0,1.0
baseline,qwen3.5:9b,autonomous_depth_only,all,all,0.13,98,98,98,1.0,1.0,364,174,174,0.47802197802197804,0.47802197802197804,42,42,42,1.0,1.0
baseline,qwen3.5:9b,autonomous_depth_only,all,all,0.14,98,98,98,1.0,1.0,364,171,171,0.4697802197802198,0.4697802197802198,42,42,42,1.0,1.0
baseline,qwen3.5:9b,autonomous_depth_only,all,all,0.15,98,98,98,1.0,1.0,364,170,170,0.46703296703296704,0.46703296703296704,42,42,42,1.0,1.0
baseline,qwen3.5:9b,autonomous_depth_only,all,all,0.16,98,98,98,1.0,1.0,364,169,169,0.4642857142857143,0.4642857142857143,42,42,42,1.0,1.0
baseline,qwen3.5:9b,autonomous_depth_only,all,all,0.17,98,98,98,1.0,1.0,364,166,166,0.45604395604395603,0.45604395604395603,42,42,42,1.0,1.0
baseline,qwen3.5:9b,autonomous_depth_only,all,all,0.18,98,98,98,1.0,1.0,364,165,165,0.4532967032967033,0.4532967032967033,42,42,42,1.0,1.0
baseline,qwen3.5:9b,autonomous_depth_only,all,all,0.19,98,98,98,1.0,1.0,364,163,163,0.4478021978021978,0.4478021978021978,42,42,42,1.0,1.0
baseline,qwen3.5:9b,autonomous_depth_only,all,all,0.2,98,98,98,1.0,1.0,364,161,161,0.4423076923076923,0.4423076923076923,42,42,42,1.0,1.0
baseline,qwen3.5:9b,autonomous_depth_only,all,all,0.21,98,98,98,1.0,1.0,364,160,160,0.43956043956043955,0.43956043956043955,42,42,42,1.0,1.0
baseline,qwen3.5:9b,autonomous_depth_only,all,all,0.22,98,98,98,1.0,1.0,364,160,160,0.43956043956043955,0.43956043956043955,42,42,42,1.0,1.0
baseline,qwen3.5:9b,autonomous_depth_only,all,all,0.23,98,98,98,1.0,1.0,364,159,159,0.4368131868131868,0.4368131868131868,42,42,42,1.0,1.0
baseline,qwen3.5:9b,autonomous_depth_only,all,all,0.24,98,98,98,1.0,1.0,364,158,158,0.4340659340659341,0.4340659340659341,42,42,42,1.0,1.0
baseline,qwen3.5:9b,autonomous_depth_only,all,all,0.25,98,98,98,1.0,1.0,364,156,156,0.42857142857142855,0.42857142857142855,42,42,42,1.0,1.0
baseline,qwen3.5:9b,autonomous_depth_only,all,all,0.26,98,98,98,1.0,1.0,364,154,154,0.4230769230769231,0.4230769230769231,42,42,42,1.0,1.0
baseline,qwen3.5:9b,autonomous_depth_only,all,all,0.27,98,98,98,1.0,1.0,364,150,150,0.41208791208791207,0.41208791208791207,42,42,42,1.0,1.0
baseline,qwen3.5:9b,autonomous_depth_only,all,all,0.28,98,98,98,1.0,1.0,364,146,146,0.4010989010989011,0.4010989010989011,42,42,42,1.0,1.0
baseline,qwen3.5:9b,autonomous_depth_only,all,all,0.29,98,98,98,1.0,1.0,364,143,143,0.39285714285714285,0.39285714285714285,42,42,42,1.0,1.0
baseline,qwen3.5:9b,autonomous_depth_only,all,all,0.3,98,98,98,1.0,1.0,364,142,142,0.3901098901098901,0.3901098901098901,42,42,42,1.0,1.0
baseline,qwen3.5:9b,autonomous_depth_only,all,all,0.31,98,98,98,1.0,1.0,364,140,140,0.38461538461538464,0.38461538461538464,42,42,42,1.0,1.0
baseline,qwen3.5:9b,autonomous_depth_only,all,all,0.32,98,98,98,1.0,1.0,364,139,139,0.38186813186813184,0.38186813186813184,42,42,42,1.0,1.0
baseline,qwen3.5:9b,autonomous_depth_only,all,all,0.33,98,98,98,1.0,1.0,364,139,139,0.38186813186813184,0.38186813186813184,42,42,42,1.0,1.0
baseline,qwen3.5:9b,autonomous_depth_only,all,all,0.34,98,98,98,1.0,1.0,364,138,138,0.3791208791208791,0.3791208791208791,42,42,42,1.0,1.0
baseline,qwen3.5:9b,autonomous_depth_only,all,all,0.35,98,98,98,1.0,1.0,364,138,138,0.3791208791208791,0.3791208791208791,42,42,42,1.0,1.0
baseline,qwen3.5:9b,autonomous_depth_only,all,all,0.36,98,98,98,1.0,1.0,364,138,138,0.3791208791208791,0.3791208791208791,42,42,42,1.0,1.0
baseline,qwen3.5:9b,autonomous_depth_only,all,all,0.37,98,98,98,1.0,1.0,364,137,137,0.37637362637362637,0.37637362637362637,42,42,42,1.0,1.0
baseline,qwen3.5:9b,autonomous_depth_only,all,all,0.38,98,98,98,1.0,1.0,364,135,135,0.3708791208791209,0.3708791208791209,42,42,42,1.0,1.0
baseline,qwen3.5:9b,autonomous_depth_only,all,all,0.39,98,98,98,1.0,1.0,364,135,135,0.3708791208791209,0.3708791208791209,42,42,42,1.0,1.0
baseline,qwen3.5:9b,autonomous_depth_only,all,all,0.4,98,98,98,1.0,1.0,364,133,133,0.36538461538461536,0.36538461538461536,42,42,42,1.0,1.0
baseline,qwen3.5:9b,autonomous_depth_only,all,all,0.41,98,98,98,1.0,1.0,364,132,132,0.3626373626373626,0.3626373626373626,42,42,42,1.0,1.0
baseline,qwen3.5:9b,autonomous_depth_only,all,all,0.42,98,98,98,1.0,1.0,364,130,130,0.35714285714285715,0.35714285714285715,42,42,42,1.0,1.0
baseline,qwen3.5:9b,autonomous_depth_only,all,all,0.43,98,98,98,1.0,1.0,364,129,129,0.3543956043956044,0.3543956043956044,42,42,42,1.0,1.0
baseline,qwen3.5:9b,autonomous_depth_only,all,all,0.44,98,98,98,1.0,1.0,364,126,126,0.34615384615384615,0.34615384615384615,42,42,42,1.0,1.0
baseline,qwen3.5:9b,autonomous_depth_only,all,all,0.45,98,98,98,1.0,1.0,364,126,126,0.34615384615384615,0.34615384615384615,42,42,42,1.0,1.0
baseline,qwen3.5:9b,autonomous_depth_only,all,all,0.46,98,98,98,1.0,1.0,364,126,126,0.34615384615384615,0.34615384615384615,42,42,42,1.0,1.0
baseline,qwen3.5:9b,autonomous_depth_only,all,all,0.47,98,98,98,1.0,1.0,364,126,126,0.34615384615384615,0.34615384615384615,42,42,42,1.0,1.0
baseline,qwen3.5:9b,autonomous_depth_only,all,all,0.48,98,98,98,1.0,1.0,364,126,126,0.34615384615384615,0.34615384615384615,42,42,42,1.0,1.0
baseline,qwen3.5:9b,autonomous_depth_only,all,all,0.49,98,98,98,1.0,1.0,364,124,124,0.34065934065934067,0.34065934065934067,42,42,42,1.0,1.0
baseline,qwen3.5:9b,autonomous_depth_only,all,all,0.5,98,98,98,1.0,1.0,364,123,123,0.33791208791208793,0.33791208791208793,42,42,42,1.0,1.0
baseline,qwen3.5:9b,autonomous_depth_only,all,all,0.51,98,98,98,1.0,1.0,364,123,123,0.33791208791208793,0.33791208791208793,42,42,42,1.0,1.0
baseline,qwen3.5:9b,autonomous_depth_only,all,all,0.52,98,98,98,1.0,1.0,364,123,123,0.33791208791208793,0.33791208791208793,42,42,42,1.0,1.0
baseline,qwen3.5:9b,autonomous_depth_only,all,all,0.53,98,98,98,1.0,1.0,364,122,122,0.33516483516483514,0.33516483516483514,42,42,42,1.0,1.0
baseline,qwen3.5:9b,autonomous_depth_only,all,all,0.54,98,98,98,1.0,1.0,364,120,120,0.32967032967032966,0.32967032967032966,42,42,42,1.0,1.0
baseline,qwen3.5:9b,autonomous_depth_only,all,all,0.55,98,98,98,1.0,1.0,364,120,120,0.32967032967032966,0.32967032967032966,42,42,42,1.0,1.0
baseline,qwen3.5:9b,autonomous_depth_only,all,all,0.56,98,98,98,1.0,1.0,364,119,119,0.3269230769230769,0.3269230769230769,42,42,42,1.0,1.0
baseline,qwen3.5:9b,autonomous_depth_only,all,all,0.57,98,98,98,1.0,1.0,364,119,119,0.3269230769230769,0.3269230769230769,42,42,42,1.0,1.0
baseline,qwen3.5:9b,autonomous_depth_only,all,all,0.58,98,98,98,1.0,1.0,364,119,119,0.3269230769230769,0.3269230769230769,42,42,42,1.0,1.0
baseline,qwen3.5:9b,autonomous_depth_only,all,all,0.59,98,98,98,1.0,1.0,364,119,119,0.3269230769230769,0.3269230769230769,42,42,42,1.0,1.0
baseline,qwen3.5:9b,autonomous_depth_only,all,all,0.6,98,98,98,1.0,1.0,364,118,118,0.3241758241758242,0.3241758241758242,42,42,42,1.0,1.0
baseline,qwen3.5:9b,autonomous_depth_only,all,all,0.61,98,98,98,1.0,1.0,364,117,117,0.32142857142857145,0.32142857142857145,42,42,42,1.0,1.0
baseline,qwen3.5:9b,autonomous_depth_only,all,all,0.62,98,98,98,1.0,1.0,364,114,114,0.3131868131868132,0.3131868131868132,42,42,42,1.0,1.0
baseline,qwen3.5:9b,autonomous_depth_only,all,all,0.63,98,98,98,1.0,1.0,364,114,114,0.3131868131868132,0.3131868131868132,42,42,42,1.0,1.0
baseline,qwen3.5:9b,autonomous_depth_only,all,all,0.64,98,98,98,1.0,1.0,364,113,113,0.31043956043956045,0.31043956043956045,42,42,42,1.0,1.0
baseline,qwen3.5:9b,autonomous_depth_only,all,all,0.65,98,98,98,1.0,1.0,364,112,112,0.3076923076923077,0.3076923076923077,42,42,42,1.0,1.0
baseline,qwen3.5:9b,autonomous_depth_only,all,all,0.66,98,98,98,1.0,1.0,364,110,110,0.3021978021978022,0.3021978021978022,42,42,42,1.0,1.0
baseline,qwen3.5:9b,autonomous_depth_only,all,all,0.67,98,98,98,1.0,1.0,364,109,109,0.29945054945054944,0.29945054945054944,42,42,42,1.0,1.0
baseline,qwen3.5:9b,autonomous_depth_only,all,all,0.68,98,98,98,1.0,1.0,364,107,107,0.29395604395604397,0.29395604395604397,42,42,42,1.0,1.0
baseline,qwen3.5:9b,autonomous_depth_only,all,all,0.69,98,98,98,1.0,1.0,364,106,106,0.29120879120879123,0.29120879120879123,42,42,42,1.0,1.0
baseline,qwen3.5:9b,autonomous_depth_only,all,all,0.7,98,98,98,1.0,1.0,364,103,103,0.28296703296703296,0.28296703296703296,42,42,42,1.0,1.0
baseline,qwen3.5:9b,autonomous_depth_only,all,all,0.71,98,98,98,1.0,1.0,364,101,101,0.2774725274725275,0.2774725274725275,42,42,42,1.0,1.0
baseline,qwen3.5:9b,autonomous_depth_only,all,all,0.72,98,98,98,1.0,1.0,364,99,99,0.27197802197802196,0.27197802197802196,42,42,42,1.0,1.0
baseline,qwen3.5:9b,autonomous_depth_only,all,all,0.73,98,98,98,1.0,1.0,364,99,99,0.27197802197802196,0.27197802197802196,42,42,42,1.0,1.0
baseline,qwen3.5:9b,autonomous_depth_only,all,all,0.74,98,98,98,1.0,1.0,364,96,96,0.26373626373626374,0.26373626373626374,42,42,42,1.0,1.0
baseline,qwen3.5:9b,autonomous_depth_only,all,all,0.75,98,98,98,1.0,1.0,364,95,95,0.260989010989011,0.260989010989011,42,42,42,1.0,1.0
baseline,qwen3.5:9b,autonomous_depth_only,all,all,0.76,98,98,98,1.0,1.0,364,94,94,0.25824175824175827,0.25824175824175827,42,42,42,1.0,1.0
baseline,qwen3.5:9b,autonomous_depth_only,all,all,0.77,98,98,98,1.0,1.0,364,92,92,0.25274725274725274,0.25274725274725274,42,42,42,1.0,1.0
baseline,qwen3.5:9b,autonomous_depth_only,all,all,0.78,98,98,98,1.0,1.0,364,87,87,0.23901098901098902,0.23901098901098902,42,42,42,1.0,1.0
baseline,qwen3.5:9b,autonomous_depth_only,all,all,0.79,98,98,98,1.0,1.0,364,85,85,0.23351648351648352,0.23351648351648352,42,42,42,1.0,1.0
baseline,qwen3.5:9b,autonomous_depth_only,all,all,0.8,98,98,98,1.0,1.0,364,83,83,0.22802197802197802,0.22802197802197802,42,42,42,1.0,1.0
baseline,qwen3.5:9b,autonomous_depth_only,all,all,0.81,98,98,98,1.0,1.0,364,74,74,0.2032967032967033,0.2032967032967033,42,42,42,1.0,1.0
baseline,qwen3.5:9b,autonomous_depth_only,all,all,0.82,98,98,98,1.0,1.0,364,72,72,0.1978021978021978,0.1978021978021978,42,42,42,1.0,1.0
baseline,qwen3.5:9b,autonomous_depth_only,all,all,0.83,98,98,98,1.0,1.0,364,71,71,0.19505494505494506,0.19505494505494506,42,42,42,1.0,1.0
baseline,qwen3.5:9b,autonomous_depth_only,all,all,0.84,98,98,98,1.0,1.0,364,68,68,0.18681318681318682,0.18681318681318682,42,42,42,1.0,1.0
baseline,qwen3.5:9b,autonomous_depth_only,all,all,0.85,98,98,98,1.0,1.0,364,66,66,0.1813186813186813,0.1813186813186813,42,42,42,1.0,1.0
baseline,qwen3.5:9b,autonomous_depth_only,all,all,0.86,98,98,98,1.0,1.0,364,62,62,0.17032967032967034,0.17032967032967034,42,42,42,1.0,1.0
baseline,qwen3.5:9b,autonomous_depth_only,all,all,0.87,98,98,98,1.0,1.0,364,59,59,0.1620879120879121,0.1620879120879121,42,42,42,1.0,1.0
baseline,qwen3.5:9b,autonomous_depth_only,all,all,0.88,98,98,98,1.0,1.0,364,56,56,0.15384615384615385,0.15384615384615385,42,42,42,1.0,1.0
baseline,qwen3.5:9b,autonomous_depth_only,all,all,0.89,98,97,97,0.9897959183673469,0.9897959183673469,364,53,53,0.14560439560439561,0.14560439560439561,42,42,42,1.0,1.0
baseline,qwen3.5:9b,autonomous_depth_only,all,all,0.9,98,97,97,0.9897959183673469,0.9897959183673469,364,49,49,0.1346153846153846,0.1346153846153846,42,42,42,1.0,1.0
baseline,qwen3.5:9b,autonomous_depth_only,all,all,0.91,98,96,96,0.9795918367346939,0.9795918367346939,364,43,43,0.11813186813186813,0.11813186813186813,42,41,41,0.9761904761904762,0.9761904761904762
baseline,qwen3.5:9b,autonomous_depth_only,all,all,0.92,98,95,95,0.9693877551020408,0.9693877551020408,364,38,38,0.1043956043956044,0.1043956043956044,42,40,40,0.9523809523809523,0.9523809523809523
baseline,qwen3.5:9b,autonomous_depth_only,all,all,0.93,98,94,94,0.9591836734693877,0.9591836734693877,364,34,34,0.09340659340659341,0.09340659340659341,42,39,39,0.9285714285714286,0.9285714285714286
baseline,qwen3.5:9b,autonomous_depth_only,all,all,0.94,98,94,94,0.9591836734693877,0.9591836734693877,364,28,28,0.07692307692307693,0.07692307692307693,42,39,39,0.9285714285714286,0.9285714285714286
baseline,qwen3.5:9b,autonomous_depth_only,all,all,0.95,98,92,92,0.9387755102040817,0.9387755102040817,364,27,27,0.07417582417582418,0.07417582417582418,42,38,38,0.9047619047619048,0.9047619047619048
baseline,qwen3.5:9b,autonomous_depth_only,all,all,0.96,98,87,87,0.8877551020408163,0.8877551020408163,364,25,25,0.06868131868131869,0.06868131868131869,42,37,37,0.8809523809523809,0.8809523809523809
baseline,qwen3.5:9b,autonomous_depth_only,all,all,0.97,98,83,83,0.8469387755102041,0.8469387755102041,364,16,16,0.04395604395604396,0.04395604395604396,42,36,36,0.8571428571428571,0.8571428571428571
baseline,qwen3.5:9b,autonomous_depth_only,all,all,0.98,98,62,62,0.6326530612244898,0.6326530612244898,364,4,4,0.01098901098901099,0.01098901098901099,42,26,26,0.6190476190476191,0.6190476190476191
baseline,qwen3.5:9b,autonomous_depth_only,all,all,0.99,98,14,14,0.14285714285714285,0.14285714285714285,364,0,0,0.0,0.0,42,5,5,0.11904761904761904,0.11904761904761904
baseline,qwen3.5:9b,autonomous_depth_only,all,all,0.995,98,1,1,0.01020408163265306,0.01020408163265306,364,0,0,0.0,0.0,42,0,0,0.0,0.0
baseline,qwen3.5:9b,autonomous_depth_only,all,all,0.999,98,0,0,0.0,0.0,364,0,0,0.0,0.0,42,0,0,0.0,0.0
baseline,qwen3.5:9b,autonomous_depth_only,all,all,0.9999,98,0,0,0.0,0.0,364,0,0,0.0,0.0,42,0,0,0.0,0.0
baseline,qwen3.5:9b,autonomous_depth_only,all,all,0.99999,98,0,0,0.0,0.0,364,0,0,0.0,0.0,42,0,0,0.0,0.0
baseline,qwen3.5:9b,autonomous_depth_only,all,all,0.999999,98,0,0,0.0,0.0,364,0,0,0.0,0.0,42,0,0,0.0,0.0
baseline,qwen3.5:9b,autonomous_depth_only,all,all,1.0,98,0,0,0.0,0.0,364,0,0,0.0,0.0,42,0,0,0.0,0.0
family_ablation,qwen3.5:9b,all_crops,original,all,0.0,25,25,25,1.0,1.0,96,96,96,1.0,1.0,11,11,11,1.0,1.0
family_ablation,qwen3.5:9b,all_crops,original,all,0.01,25,25,25,1.0,1.0,96,79,79,0.8229166666666666,0.8229166666666666,11,11,11,1.0,1.0
family_ablation,qwen3.5:9b,all_crops,original,all,0.02,25,25,25,1.0,1.0,96,46,46,0.4791666666666667,0.4791666666666667,11,11,11,1.0,1.0
family_ablation,qwen3.5:9b,all_crops,original,all,0.03,25,25,25,1.0,1.0,96,36,36,0.375,0.375,11,11,11,1.0,1.0
family_ablation,qwen3.5:9b,all_crops,original,all,0.04,25,25,25,1.0,1.0,96,26,26,0.2708333333333333,0.2708333333333333,11,11,11,1.0,1.0
family_ablation,qwen3.5:9b,all_crops,original,all,0.05,25,25,25,1.0,1.0,96,23,23,0.23958333333333334,0.23958333333333334,11,11,11,1.0,1.0
family_ablation,qwen3.5:9b,all_crops,original,all,0.06,25,25,25,1.0,1.0,96,23,23,0.23958333333333334,0.23958333333333334,11,11,11,1.0,1.0
family_ablation,qwen3.5:9b,all_crops,original,all,0.07,25,25,25,1.0,1.0,96,23,23,0.23958333333333334,0.23958333333333334,11,11,11,1.0,1.0
family_ablation,qwen3.5:9b,all_crops,original,all,0.08,25,25,25,1.0,1.0,96,19,19,0.19791666666666666,0.19791666666666666,11,11,11,1.0,1.0
family_ablation,qwen3.5:9b,all_crops,original,all,0.09,25,25,25,1.0,1.0,96,19,19,0.19791666666666666,0.19791666666666666,11,11,11,1.0,1.0
family_ablation,qwen3.5:9b,all_crops,original,all,0.1,25,25,25,1.0,1.0,96,19,19,0.19791666666666666,0.19791666666666666,11,11,11,1.0,1.0
family_ablation,qwen3.5:9b,all_crops,original,all,0.11,25,25,25,1.0,1.0,96,19,19,0.19791666666666666,0.19791666666666666,11,11,11,1.0,1.0
family_ablation,qwen3.5:9b,all_crops,original,all,0.12,25,25,25,1.0,1.0,96,19,19,0.19791666666666666,0.19791666666666666,11,11,11,1.0,1.0
family_ablation,qwen3.5:9b,all_crops,original,all,0.13,25,25,25,1.0,1.0,96,18,18,0.1875,0.1875,11,11,11,1.0,1.0
family_ablation,qwen3.5:9b,all_crops,original,all,0.14,25,25,25,1.0,1.0,96,18,18,0.1875,0.1875,11,11,11,1.0,1.0
family_ablation,qwen3.5:9b,all_crops,original,all,0.15,25,25,25,1.0,1.0,96,17,17,0.17708333333333334,0.17708333333333334,11,11,11,1.0,1.0
family_ablation,qwen3.5:9b,all_crops,original,all,0.16,25,25,25,1.0,1.0,96,17,17,0.17708333333333334,0.17708333333333334,11,11,11,1.0,1.0
family_ablation,qwen3.5:9b,all_crops,original,all,0.17,25,25,25,1.0,1.0,96,17,17,0.17708333333333334,0.17708333333333334,11,11,11,1.0,1.0
family_ablation,qwen3.5:9b,all_crops,original,all,0.18,25,25,25,1.0,1.0,96,17,17,0.17708333333333334,0.17708333333333334,11,11,11,1.0,1.0
family_ablation,qwen3.5:9b,all_crops,original,all,0.19,25,25,25,1.0,1.0,96,14,14,0.14583333333333334,0.14583333333333334,11,11,11,1.0,1.0
family_ablation,qwen3.5:9b,all_crops,original,all,0.2,25,25,25,1.0,1.0,96,14,14,0.14583333333333334,0.14583333333333334,11,11,11,1.0,1.0
family_ablation,qwen3.5:9b,all_crops,original,all,0.21,25,25,25,1.0,1.0,96,14,14,0.14583333333333334,0.14583333333333334,11,11,11,1.0,1.0
family_ablation,qwen3.5:9b,all_crops,original,all,0.22,25,25,25,1.0,1.0,96,14,14,0.14583333333333334,0.14583333333333334,11,11,11,1.0,1.0
family_ablation,qwen3.5:9b,all_crops,original,all,0.23,25,25,25,1.0,1.0,96,14,14,0.14583333333333334,0.14583333333333334,11,11,11,1.0,1.0
family_ablation,qwen3.5:9b,all_crops,original,all,0.24,25,25,25,1.0,1.0,96,14,14,0.14583333333333334,0.14583333333333334,11,11,11,1.0,1.0
family_ablation,qwen3.5:9b,all_crops,original,all,0.25,25,25,25,1.0,1.0,96,14,14,0.14583333333333334,0.14583333333333334,11,11,11,1.0,1.0
family_ablation,qwen3.5:9b,all_crops,original,all,0.26,25,25,25,1.0,1.0,96,14,14,0.14583333333333334,0.14583333333333334,11,11,11,1.0,1.0
family_ablation,qwen3.5:9b,all_crops,original,all,0.27,25,25,25,1.0,1.0,96,14,14,0.14583333333333334,0.14583333333333334,11,11,11,1.0,1.0
family_ablation,qwen3.5:9b,all_crops,original,all,0.28,25,25,25,1.0,1.0,96,14,14,0.14583333333333334,0.14583333333333334,11,11,11,1.0,1.0
family_ablation,qwen3.5:9b,all_crops,original,all,0.29,25,25,25,1.0,1.0,96,14,14,0.14583333333333334,0.14583333333333334,11,11,11,1.0,1.0
family_ablation,qwen3.5:9b,all_crops,original,all,0.3,25,25,25,1.0,1.0,96,14,14,0.14583333333333334,0.14583333333333334,11,11,11,1.0,1.0
family_ablation,qwen3.5:9b,all_crops,original,all,0.31,25,25,25,1.0,1.0,96,14,14,0.14583333333333334,0.14583333333333334,11,11,11,1.0,1.0
family_ablation,qwen3.5:9b,all_crops,original,all,0.32,25,25,25,1.0,1.0,96,14,14,0.14583333333333334,0.14583333333333334,11,11,11,1.0,1.0
family_ablation,qwen3.5:9b,all_crops,original,all,0.33,25,25,25,1.0,1.0,96,14,14,0.14583333333333334,0.14583333333333334,11,11,11,1.0,1.0
family_ablation,qwen3.5:9b,all_crops,original,all,0.34,25,25,25,1.0,1.0,96,14,14,0.14583333333333334,0.14583333333333334,11,11,11,1.0,1.0
family_ablation,qwen3.5:9b,all_crops,original,all,0.35,25,25,25,1.0,1.0,96,14,14,0.14583333333333334,0.14583333333333334,11,11,11,1.0,1.0
family_ablation,qwen3.5:9b,all_crops,original,all,0.36,25,25,25,1.0,1.0,96,14,14,0.14583333333333334,0.14583333333333334,11,11,11,1.0,1.0
family_ablation,qwen3.5:9b,all_crops,original,all,0.37,25,25,25,1.0,1.0,96,14,14,0.14583333333333334,0.14583333333333334,11,11,11,1.0,1.0
family_ablation,qwen3.5:9b,all_crops,original,all,0.38,25,25,25,1.0,1.0,96,14,14,0.14583333333333334,0.14583333333333334,11,11,11,1.0,1.0
family_ablation,qwen3.5:9b,all_crops,original,all,0.39,25,25,25,1.0,1.0,96,13,13,0.13541666666666666,0.13541666666666666,11,11,11,1.0,1.0
family_ablation,qwen3.5:9b,all_crops,original,all,0.4,25,25,25,1.0,1.0,96,13,13,0.13541666666666666,0.13541666666666666,11,11,11,1.0,1.0
family_ablation,qwen3.5:9b,all_crops,original,all,0.41,25,25,25,1.0,1.0,96,13,13,0.13541666666666666,0.13541666666666666,11,11,11,1.0,1.0
family_ablation,qwen3.5:9b,all_crops,original,all,0.42,25,25,25,1.0,1.0,96,13,13,0.13541666666666666,0.13541666666666666,11,11,11,1.0,1.0
family_ablation,qwen3.5:9b,all_crops,original,all,0.43,25,25,25,1.0,1.0,96,13,13,0.13541666666666666,0.13541666666666666,11,11,11,1.0,1.0
family_ablation,qwen3.5:9b,all_crops,original,all,0.44,25,25,25,1.0,1.0,96,13,13,0.13541666666666666,0.13541666666666666,11,11,11,1.0,1.0
family_ablation,qwen3.5:9b,all_crops,original,all,0.45,25,25,25,1.0,1.0,96,13,13,0.13541666666666666,0.13541666666666666,11,11,11,1.0,1.0
family_ablation,qwen3.5:9b,all_crops,original,all,0.46,25,25,25,1.0,1.0,96,13,13,0.13541666666666666,0.13541666666666666,11,11,11,1.0,1.0
family_ablation,qwen3.5:9b,all_crops,original,all,0.47,25,25,25,1.0,1.0,96,13,13,0.13541666666666666,0.13541666666666666,11,11,11,1.0,1.0
family_ablation,qwen3.5:9b,all_crops,original,all,0.48,25,25,25,1.0,1.0,96,13,13,0.13541666666666666,0.13541666666666666,11,11,11,1.0,1.0
family_ablation,qwen3.5:9b,all_crops,original,all,0.49,25,25,25,1.0,1.0,96,13,13,0.13541666666666666,0.13541666666666666,11,11,11,1.0,1.0
family_ablation,qwen3.5:9b,all_crops,original,all,0.5,25,25,25,1.0,1.0,96,10,10,0.10416666666666667,0.10416666666666667,11,11,11,1.0,1.0
family_ablation,qwen3.5:9b,all_crops,original,all,0.51,25,25,25,1.0,1.0,96,10,10,0.10416666666666667,0.10416666666666667,11,11,11,1.0,1.0
family_ablation,qwen3.5:9b,all_crops,original,all,0.52,25,25,25,1.0,1.0,96,9,9,0.09375,0.09375,11,11,11,1.0,1.0
family_ablation,qwen3.5:9b,all_crops,original,all,0.53,25,25,25,1.0,1.0,96,9,9,0.09375,0.09375,11,11,11,1.0,1.0
family_ablation,qwen3.5:9b,all_crops,original,all,0.54,25,25,25,1.0,1.0,96,9,9,0.09375,0.09375,11,11,11,1.0,1.0
family_ablation,qwen3.5:9b,all_crops,original,all,0.55,25,25,25,1.0,1.0,96,6,6,0.0625,0.0625,11,11,11,1.0,1.0
family_ablation,qwen3.5:9b,all_crops,original,all,0.56,25,25,25,1.0,1.0,96,6,6,0.0625,0.0625,11,11,11,1.0,1.0
family_ablation,qwen3.5:9b,all_crops,original,all,0.57,25,25,25,1.0,1.0,96,6,6,0.0625,0.0625,11,11,11,1.0,1.0
family_ablation,qwen3.5:9b,all_crops,original,all,0.58,25,25,25,1.0,1.0,96,6,6,0.0625,0.0625,11,11,11,1.0,1.0
family_ablation,qwen3.5:9b,all_crops,original,all,0.59,25,25,25,1.0,1.0,96,6,6,0.0625,0.0625,11,11,11,1.0,1.0
family_ablation,qwen3.5:9b,all_crops,original,all,0.6,25,25,25,1.0,1.0,96,6,6,0.0625,0.0625,11,11,11,1.0,1.0
family_ablation,qwen3.5:9b,all_crops,original,all,0.61,25,25,25,1.0,1.0,96,6,6,0.0625,0.0625,11,11,11,1.0,1.0
family_ablation,qwen3.5:9b,all_crops,original,all,0.62,25,25,25,1.0,1.0,96,6,6,0.0625,0.0625,11,11,11,1.0,1.0
family_ablation,qwen3.5:9b,all_crops,original,all,0.63,25,25,25,1.0,1.0,96,6,6,0.0625,0.0625,11,11,11,1.0,1.0
family_ablation,qwen3.5:9b,all_crops,original,all,0.64,25,25,25,1.0,1.0,96,3,3,0.03125,0.03125,11,11,11,1.0,1.0
family_ablation,qwen3.5:9b,all_crops,original,all,0.65,25,25,25,1.0,1.0,96,3,3,0.03125,0.03125,11,11,11,1.0,1.0
family_ablation,qwen3.5:9b,all_crops,original,all,0.66,25,25,25,1.0,1.0,96,3,3,0.03125,0.03125,11,11,11,1.0,1.0
family_ablation,qwen3.5:9b,all_crops,original,all,0.67,25,25,25,1.0,1.0,96,3,3,0.03125,0.03125,11,11,11,1.0,1.0
family_ablation,qwen3.5:9b,all_crops,original,all,0.68,25,25,25,1.0,1.0,96,3,3,0.03125,0.03125,11,11,11,1.0,1.0
family_ablation,qwen3.5:9b,all_crops,original,all,0.69,25,25,25,1.0,1.0,96,2,2,0.020833333333333332,0.020833333333333332,11,11,11,1.0,1.0
family_ablation,qwen3.5:9b,all_crops,original,all,0.7,25,25,25,1.0,1.0,96,2,2,0.020833333333333332,0.020833333333333332,11,11,11,1.0,1.0
family_ablation,qwen3.5:9b,all_crops,original,all,0.71,25,25,25,1.0,1.0,96,2,2,0.020833333333333332,0.020833333333333332,11,11,11,1.0,1.0
family_ablation,qwen3.5:9b,all_crops,original,all,0.72,25,25,25,1.0,1.0,96,2,2,0.020833333333333332,0.020833333333333332,11,11,11,1.0,1.0
family_ablation,qwen3.5:9b,all_crops,original,all,0.73,25,25,25,1.0,1.0,96,2,2,0.020833333333333332,0.020833333333333332,11,11,11,1.0,1.0
family_ablation,qwen3.5:9b,all_crops,original,all,0.74,25,25,25,1.0,1.0,96,1,1,0.010416666666666666,0.010416666666666666,11,11,11,1.0,1.0
family_ablation,qwen3.5:9b,all_crops,original,all,0.75,25,25,25,1.0,1.0,96,1,1,0.010416666666666666,0.010416666666666666,11,11,11,1.0,1.0
family_ablation,qwen3.5:9b,all_crops,original,all,0.76,25,25,25,1.0,1.0,96,1,1,0.010416666666666666,0.010416666666666666,11,11,11,1.0,1.0
family_ablation,qwen3.5:9b,all_crops,original,all,0.77,25,25,25,1.0,1.0,96,1,1,0.010416666666666666,0.010416666666666666,11,11,11,1.0,1.0
family_ablation,qwen3.5:9b,all_crops,original,all,0.78,25,25,25,1.0,1.0,96,1,1,0.010416666666666666,0.010416666666666666,11,11,11,1.0,1.0
family_ablation,qwen3.5:9b,all_crops,original,all,0.79,25,25,25,1.0,1.0,96,1,1,0.010416666666666666,0.010416666666666666,11,11,11,1.0,1.0
family_ablation,qwen3.5:9b,all_crops,original,all,0.8,25,25,25,1.0,1.0,96,1,1,0.010416666666666666,0.010416666666666666,11,11,11,1.0,1.0
family_ablation,qwen3.5:9b,all_crops,original,all,0.81,25,25,25,1.0,1.0,96,1,1,0.010416666666666666,0.010416666666666666,11,11,11,1.0,1.0
family_ablation,qwen3.5:9b,all_crops,original,all,0.82,25,25,25,1.0,1.0,96,1,1,0.010416666666666666,0.010416666666666666,11,11,11,1.0,1.0
family_ablation,qwen3.5:9b,all_crops,original,all,0.83,25,25,25,1.0,1.0,96,1,1,0.010416666666666666,0.010416666666666666,11,11,11,1.0,1.0
family_ablation,qwen3.5:9b,all_crops,original,all,0.84,25,25,25,1.0,1.0,96,1,1,0.010416666666666666,0.010416666666666666,11,11,11,1.0,1.0
family_ablation,qwen3.5:9b,all_crops,original,all,0.85,25,25,25,1.0,1.0,96,1,1,0.010416666666666666,0.010416666666666666,11,11,11,1.0,1.0
family_ablation,qwen3.5:9b,all_crops,original,all,0.86,25,25,25,1.0,1.0,96,1,1,0.010416666666666666,0.010416666666666666,11,11,11,1.0,1.0
family_ablation,qwen3.5:9b,all_crops,original,all,0.87,25,25,25,1.0,1.0,96,1,1,0.010416666666666666,0.010416666666666666,11,11,11,1.0,1.0
family_ablation,qwen3.5:9b,all_crops,original,all,0.88,25,23,23,0.92,0.92,96,1,1,0.010416666666666666,0.010416666666666666,11,10,10,0.9090909090909091,0.9090909090909091
family_ablation,qwen3.5:9b,all_crops,original,all,0.89,25,23,23,0.92,0.92,96,1,1,0.010416666666666666,0.010416666666666666,11,10,10,0.9090909090909091,0.9090909090909091
family_ablation,qwen3.5:9b,all_crops,original,all,0.9,25,23,23,0.92,0.92,96,1,1,0.010416666666666666,0.010416666666666666,11,10,10,0.9090909090909091,0.9090909090909091
family_ablation,qwen3.5:9b,all_crops,original,all,0.91,25,23,23,0.92,0.92,96,1,1,0.010416666666666666,0.010416666666666666,11,10,10,0.9090909090909091,0.9090909090909091
family_ablation,qwen3.5:9b,all_crops,original,all,0.92,25,23,23,0.92,0.92,96,1,1,0.010416666666666666,0.010416666666666666,11,10,10,0.9090909090909091,0.9090909090909091
family_ablation,qwen3.5:9b,all_crops,original,all,0.93,25,23,23,0.92,0.92,96,1,1,0.010416666666666666,0.010416666666666666,11,10,10,0.9090909090909091,0.9090909090909091
family_ablation,qwen3.5:9b,all_crops,original,all,0.94,25,23,23,0.92,0.92,96,0,0,0.0,0.0,11,10,10,0.9090909090909091,0.9090909090909091
family_ablation,qwen3.5:9b,all_crops,original,all,0.95,25,21,21,0.84,0.84,96,0,0,0.0,0.0,11,9,9,0.8181818181818182,0.8181818181818182
family_ablation,qwen3.5:9b,all_crops,original,all,0.96,25,21,21,0.84,0.84,96,0,0,0.0,0.0,11,9,9,0.8181818181818182,0.8181818181818182
family_ablation,qwen3.5:9b,all_crops,original,all,0.97,25,21,21,0.84,0.84,96,0,0,0.0,0.0,11,9,9,0.8181818181818182,0.8181818181818182
family_ablation,qwen3.5:9b,all_crops,original,all,0.98,25,18,18,0.72,0.72,96,0,0,0.0,0.0,11,8,8,0.7272727272727273,0.7272727272727273
family_ablation,qwen3.5:9b,all_crops,original,all,0.99,25,13,13,0.52,0.52,96,0,0,0.0,0.0,11,5,5,0.45454545454545453,0.45454545454545453
family_ablation,qwen3.5:9b,all_crops,original,all,0.995,25,4,4,0.16,0.16,96,0,0,0.0,0.0,11,2,2,0.18181818181818182,0.18181818181818182
family_ablation,qwen3.5:9b,all_crops,original,all,0.999,25,0,0,0.0,0.0,96,0,0,0.0,0.0,11,0,0,0.0,0.0
family_ablation,qwen3.5:9b,all_crops,original,all,0.9999,25,0,0,0.0,0.0,96,0,0,0.0,0.0,11,0,0,0.0,0.0
family_ablation,qwen3.5:9b,all_crops,original,all,0.99999,25,0,0,0.0,0.0,96,0,0,0.0,0.0,11,0,0,0.0,0.0
family_ablation,qwen3.5:9b,all_crops,original,all,0.999999,25,0,0,0.0,0.0,96,0,0,0.0,0.0,11,0,0,0.0,0.0
family_ablation,qwen3.5:9b,all_crops,original,all,1.0,25,0,0,0.0,0.0,96,0,0,0.0,0.0,11,0,0,0.0,0.0
family_ablation,qwen3.5:9b,all_crops,state_101,all,0.0,25,25,25,1.0,1.0,96,96,96,1.0,1.0,11,11,11,1.0,1.0
family_ablation,qwen3.5:9b,all_crops,state_101,all,0.01,25,25,25,1.0,1.0,96,69,69,0.71875,0.71875,11,11,11,1.0,1.0
family_ablation,qwen3.5:9b,all_crops,state_101,all,0.02,25,25,25,1.0,1.0,96,37,37,0.3854166666666667,0.3854166666666667,11,11,11,1.0,1.0
family_ablation,qwen3.5:9b,all_crops,state_101,all,0.03,25,25,25,1.0,1.0,96,28,28,0.2916666666666667,0.2916666666666667,11,11,11,1.0,1.0
family_ablation,qwen3.5:9b,all_crops,state_101,all,0.04,25,25,25,1.0,1.0,96,26,26,0.2708333333333333,0.2708333333333333,11,11,11,1.0,1.0
family_ablation,qwen3.5:9b,all_crops,state_101,all,0.05,25,25,25,1.0,1.0,96,23,23,0.23958333333333334,0.23958333333333334,11,11,11,1.0,1.0
family_ablation,qwen3.5:9b,all_crops,state_101,all,0.06,25,25,25,1.0,1.0,96,19,19,0.19791666666666666,0.19791666666666666,11,11,11,1.0,1.0
family_ablation,qwen3.5:9b,all_crops,state_101,all,0.07,25,25,25,1.0,1.0,96,18,18,0.1875,0.1875,11,11,11,1.0,1.0
family_ablation,qwen3.5:9b,all_crops,state_101,all,0.08,25,25,25,1.0,1.0,96,18,18,0.1875,0.1875,11,11,11,1.0,1.0
family_ablation,qwen3.5:9b,all_crops,state_101,all,0.09,25,25,25,1.0,1.0,96,18,18,0.1875,0.1875,11,11,11,1.0,1.0
family_ablation,qwen3.5:9b,all_crops,state_101,all,0.1,25,25,25,1.0,1.0,96,18,18,0.1875,0.1875,11,11,11,1.0,1.0
family_ablation,qwen3.5:9b,all_crops,state_101,all,0.11,25,25,25,1.0,1.0,96,18,18,0.1875,0.1875,11,11,11,1.0,1.0
family_ablation,qwen3.5:9b,all_crops,state_101,all,0.12,25,25,25,1.0,1.0,96,17,17,0.17708333333333334,0.17708333333333334,11,11,11,1.0,1.0
family_ablation,qwen3.5:9b,all_crops,state_101,all,0.13,25,25,25,1.0,1.0,96,17,17,0.17708333333333334,0.17708333333333334,11,11,11,1.0,1.0
family_ablation,qwen3.5:9b,all_crops,state_101,all,0.14,25,25,25,1.0,1.0,96,17,17,0.17708333333333334,0.17708333333333334,11,11,11,1.0,1.0
family_ablation,qwen3.5:9b,all_crops,state_101,all,0.15,25,25,25,1.0,1.0,96,17,17,0.17708333333333334,0.17708333333333334,11,11,11,1.0,1.0
family_ablation,qwen3.5:9b,all_crops,state_101,all,0.16,25,25,25,1.0,1.0,96,17,17,0.17708333333333334,0.17708333333333334,11,11,11,1.0,1.0
family_ablation,qwen3.5:9b,all_crops,state_101,all,0.17,25,25,25,1.0,1.0,96,17,17,0.17708333333333334,0.17708333333333334,11,11,11,1.0,1.0
family_ablation,qwen3.5:9b,all_crops,state_101,all,0.18,25,25,25,1.0,1.0,96,17,17,0.17708333333333334,0.17708333333333334,11,11,11,1.0,1.0
family_ablation,qwen3.5:9b,all_crops,state_101,all,0.19,25,25,25,1.0,1.0,96,17,17,0.17708333333333334,0.17708333333333334,11,11,11,1.0,1.0
family_ablation,qwen3.5:9b,all_crops,state_101,all,0.2,25,25,25,1.0,1.0,96,17,17,0.17708333333333334,0.17708333333333334,11,11,11,1.0,1.0
family_ablation,qwen3.5:9b,all_crops,state_101,all,0.21,25,25,25,1.0,1.0,96,17,17,0.17708333333333334,0.17708333333333334,11,11,11,1.0,1.0
family_ablation,qwen3.5:9b,all_crops,state_101,all,0.22,25,25,25,1.0,1.0,96,17,17,0.17708333333333334,0.17708333333333334,11,11,11,1.0,1.0
family_ablation,qwen3.5:9b,all_crops,state_101,all,0.23,25,25,25,1.0,1.0,96,17,17,0.17708333333333334,0.17708333333333334,11,11,11,1.0,1.0
family_ablation,qwen3.5:9b,all_crops,state_101,all,0.24,25,25,25,1.0,1.0,96,17,17,0.17708333333333334,0.17708333333333334,11,11,11,1.0,1.0
family_ablation,qwen3.5:9b,all_crops,state_101,all,0.25,25,25,25,1.0,1.0,96,17,17,0.17708333333333334,0.17708333333333334,11,11,11,1.0,1.0
family_ablation,qwen3.5:9b,all_crops,state_101,all,0.26,25,25,25,1.0,1.0,96,17,17,0.17708333333333334,0.17708333333333334,11,11,11,1.0,1.0
family_ablation,qwen3.5:9b,all_crops,state_101,all,0.27,25,25,25,1.0,1.0,96,17,17,0.17708333333333334,0.17708333333333334,11,11,11,1.0,1.0
family_ablation,qwen3.5:9b,all_crops,state_101,all,0.28,25,25,25,1.0,1.0,96,17,17,0.17708333333333334,0.17708333333333334,11,11,11,1.0,1.0
family_ablation,qwen3.5:9b,all_crops,state_101,all,0.29,25,25,25,1.0,1.0,96,17,17,0.17708333333333334,0.17708333333333334,11,11,11,1.0,1.0
family_ablation,qwen3.5:9b,all_crops,state_101,all,0.3,25,25,25,1.0,1.0,96,16,16,0.16666666666666666,0.16666666666666666,11,11,11,1.0,1.0
family_ablation,qwen3.5:9b,all_crops,state_101,all,0.31,25,25,25,1.0,1.0,96,16,16,0.16666666666666666,0.16666666666666666,11,11,11,1.0,1.0
family_ablation,qwen3.5:9b,all_crops,state_101,all,0.32,25,25,25,1.0,1.0,96,16,16,0.16666666666666666,0.16666666666666666,11,11,11,1.0,1.0
family_ablation,qwen3.5:9b,all_crops,state_101,all,0.33,25,25,25,1.0,1.0,96,16,16,0.16666666666666666,0.16666666666666666,11,11,11,1.0,1.0
family_ablation,qwen3.5:9b,all_crops,state_101,all,0.34,25,25,25,1.0,1.0,96,16,16,0.16666666666666666,0.16666666666666666,11,11,11,1.0,1.0
family_ablation,qwen3.5:9b,all_crops,state_101,all,0.35,25,25,25,1.0,1.0,96,16,16,0.16666666666666666,0.16666666666666666,11,11,11,1.0,1.0
family_ablation,qwen3.5:9b,all_crops,state_101,all,0.36,25,25,25,1.0,1.0,96,16,16,0.16666666666666666,0.16666666666666666,11,11,11,1.0,1.0
family_ablation,qwen3.5:9b,all_crops,state_101,all,0.37,25,25,25,1.0,1.0,96,16,16,0.16666666666666666,0.16666666666666666,11,11,11,1.0,1.0
family_ablation,qwen3.5:9b,all_crops,state_101,all,0.38,25,25,25,1.0,1.0,96,16,16,0.16666666666666666,0.16666666666666666,11,11,11,1.0,1.0
family_ablation,qwen3.5:9b,all_crops,state_101,all,0.39,25,25,25,1.0,1.0,96,16,16,0.16666666666666666,0.16666666666666666,11,11,11,1.0,1.0
family_ablation,qwen3.5:9b,all_crops,state_101,all,0.4,25,25,25,1.0,1.0,96,16,16,0.16666666666666666,0.16666666666666666,11,11,11,1.0,1.0
family_ablation,qwen3.5:9b,all_crops,state_101,all,0.41,25,25,25,1.0,1.0,96,16,16,0.16666666666666666,0.16666666666666666,11,11,11,1.0,1.0
family_ablation,qwen3.5:9b,all_crops,state_101,all,0.42,25,25,25,1.0,1.0,96,16,16,0.16666666666666666,0.16666666666666666,11,11,11,1.0,1.0
family_ablation,qwen3.5:9b,all_crops,state_101,all,0.43,25,25,25,1.0,1.0,96,16,16,0.16666666666666666,0.16666666666666666,11,11,11,1.0,1.0
family_ablation,qwen3.5:9b,all_crops,state_101,all,0.44,25,25,25,1.0,1.0,96,16,16,0.16666666666666666,0.16666666666666666,11,11,11,1.0,1.0
family_ablation,qwen3.5:9b,all_crops,state_101,all,0.45,25,25,25,1.0,1.0,96,16,16,0.16666666666666666,0.16666666666666666,11,11,11,1.0,1.0
family_ablation,qwen3.5:9b,all_crops,state_101,all,0.46,25,25,25,1.0,1.0,96,16,16,0.16666666666666666,0.16666666666666666,11,11,11,1.0,1.0
family_ablation,qwen3.5:9b,all_crops,state_101,all,0.47,25,25,25,1.0,1.0,96,16,16,0.16666666666666666,0.16666666666666666,11,11,11,1.0,1.0
family_ablation,qwen3.5:9b,all_crops,state_101,all,0.48,25,25,25,1.0,1.0,96,16,16,0.16666666666666666,0.16666666666666666,11,11,11,1.0,1.0
family_ablation,qwen3.5:9b,all_crops,state_101,all,0.49,25,25,25,1.0,1.0,96,16,16,0.16666666666666666,0.16666666666666666,11,11,11,1.0,1.0
family_ablation,qwen3.5:9b,all_crops,state_101,all,0.5,25,25,25,1.0,1.0,96,16,16,0.16666666666666666,0.16666666666666666,11,11,11,1.0,1.0
family_ablation,qwen3.5:9b,all_crops,state_101,all,0.51,25,25,25,1.0,1.0,96,16,16,0.16666666666666666,0.16666666666666666,11,11,11,1.0,1.0
family_ablation,qwen3.5:9b,all_crops,state_101,all,0.52,25,25,25,1.0,1.0,96,16,16,0.16666666666666666,0.16666666666666666,11,11,11,1.0,1.0
family_ablation,qwen3.5:9b,all_crops,state_101,all,0.53,25,25,25,1.0,1.0,96,16,16,0.16666666666666666,0.16666666666666666,11,11,11,1.0,1.0
family_ablation,qwen3.5:9b,all_crops,state_101,all,0.54,25,25,25,1.0,1.0,96,13,13,0.13541666666666666,0.13541666666666666,11,11,11,1.0,1.0
family_ablation,qwen3.5:9b,all_crops,state_101,all,0.55,25,25,25,1.0,1.0,96,13,13,0.13541666666666666,0.13541666666666666,11,11,11,1.0,1.0
family_ablation,qwen3.5:9b,all_crops,state_101,all,0.56,25,25,25,1.0,1.0,96,13,13,0.13541666666666666,0.13541666666666666,11,11,11,1.0,1.0
family_ablation,qwen3.5:9b,all_crops,state_101,all,0.57,25,25,25,1.0,1.0,96,13,13,0.13541666666666666,0.13541666666666666,11,11,11,1.0,1.0
family_ablation,qwen3.5:9b,all_crops,state_101,all,0.58,25,25,25,1.0,1.0,96,13,13,0.13541666666666666,0.13541666666666666,11,11,11,1.0,1.0
family_ablation,qwen3.5:9b,all_crops,state_101,all,0.59,25,25,25,1.0,1.0,96,12,12,0.125,0.125,11,11,11,1.0,1.0
family_ablation,qwen3.5:9b,all_crops,state_101,all,0.6,25,25,25,1.0,1.0,96,12,12,0.125,0.125,11,11,11,1.0,1.0
family_ablation,qwen3.5:9b,all_crops,state_101,all,0.61,25,25,25,1.0,1.0,96,12,12,0.125,0.125,11,11,11,1.0,1.0
family_ablation,qwen3.5:9b,all_crops,state_101,all,0.62,25,25,25,1.0,1.0,96,12,12,0.125,0.125,11,11,11,1.0,1.0
family_ablation,qwen3.5:9b,all_crops,state_101,all,0.63,25,25,25,1.0,1.0,96,12,12,0.125,0.125,11,11,11,1.0,1.0
family_ablation,qwen3.5:9b,all_crops,state_101,all,0.64,25,25,25,1.0,1.0,96,12,12,0.125,0.125,11,11,11,1.0,1.0
family_ablation,qwen3.5:9b,all_crops,state_101,all,0.65,25,25,25,1.0,1.0,96,12,12,0.125,0.125,11,11,11,1.0,1.0
family_ablation,qwen3.5:9b,all_crops,state_101,all,0.66,25,25,25,1.0,1.0,96,12,12,0.125,0.125,11,11,11,1.0,1.0
family_ablation,qwen3.5:9b,all_crops,state_101,all,0.67,25,25,25,1.0,1.0,96,12,12,0.125,0.125,11,11,11,1.0,1.0
family_ablation,qwen3.5:9b,all_crops,state_101,all,0.68,25,25,25,1.0,1.0,96,12,12,0.125,0.125,11,11,11,1.0,1.0
family_ablation,qwen3.5:9b,all_crops,state_101,all,0.69,25,25,25,1.0,1.0,96,12,12,0.125,0.125,11,11,11,1.0,1.0
family_ablation,qwen3.5:9b,all_crops,state_101,all,0.7,25,25,25,1.0,1.0,96,12,12,0.125,0.125,11,11,11,1.0,1.0
family_ablation,qwen3.5:9b,all_crops,state_101,all,0.71,25,25,25,1.0,1.0,96,9,9,0.09375,0.09375,11,11,11,1.0,1.0
family_ablation,qwen3.5:9b,all_crops,state_101,all,0.72,25,25,25,1.0,1.0,96,9,9,0.09375,0.09375,11,11,11,1.0,1.0
family_ablation,qwen3.5:9b,all_crops,state_101,all,0.73,25,25,25,1.0,1.0,96,9,9,0.09375,0.09375,11,11,11,1.0,1.0
family_ablation,qwen3.5:9b,all_crops,state_101,all,0.74,25,25,25,1.0,1.0,96,9,9,0.09375,0.09375,11,11,11,1.0,1.0
family_ablation,qwen3.5:9b,all_crops,state_101,all,0.75,25,25,25,1.0,1.0,96,5,5,0.052083333333333336,0.052083333333333336,11,11,11,1.0,1.0
family_ablation,qwen3.5:9b,all_crops,state_101,all,0.76,25,25,25,1.0,1.0,96,5,5,0.052083333333333336,0.052083333333333336,11,11,11,1.0,1.0
family_ablation,qwen3.5:9b,all_crops,state_101,all,0.77,25,25,25,1.0,1.0,96,5,5,0.052083333333333336,0.052083333333333336,11,11,11,1.0,1.0
family_ablation,qwen3.5:9b,all_crops,state_101,all,0.78,25,25,25,1.0,1.0,96,5,5,0.052083333333333336,0.052083333333333336,11,11,11,1.0,1.0
family_ablation,qwen3.5:9b,all_crops,state_101,all,0.79,25,25,25,1.0,1.0,96,5,5,0.052083333333333336,0.052083333333333336,11,11,11,1.0,1.0
family_ablation,qwen3.5:9b,all_crops,state_101,all,0.8,25,25,25,1.0,1.0,96,2,2,0.020833333333333332,0.020833333333333332,11,11,11,1.0,1.0
family_ablation,qwen3.5:9b,all_crops,state_101,all,0.81,25,25,25,1.0,1.0,96,2,2,0.020833333333333332,0.020833333333333332,11,11,11,1.0,1.0
family_ablation,qwen3.5:9b,all_crops,state_101,all,0.82,25,25,25,1.0,1.0,96,2,2,0.020833333333333332,0.020833333333333332,11,11,11,1.0,1.0
family_ablation,qwen3.5:9b,all_crops,state_101,all,0.83,25,25,25,1.0,1.0,96,1,1,0.010416666666666666,0.010416666666666666,11,11,11,1.0,1.0
family_ablation,qwen3.5:9b,all_crops,state_101,all,0.84,25,25,25,1.0,1.0,96,1,1,0.010416666666666666,0.010416666666666666,11,11,11,1.0,1.0
family_ablation,qwen3.5:9b,all_crops,state_101,all,0.85,25,25,25,1.0,1.0,96,1,1,0.010416666666666666,0.010416666666666666,11,11,11,1.0,1.0
family_ablation,qwen3.5:9b,all_crops,state_101,all,0.86,25,25,25,1.0,1.0,96,1,1,0.010416666666666666,0.010416666666666666,11,11,11,1.0,1.0
family_ablation,qwen3.5:9b,all_crops,state_101,all,0.87,25,25,25,1.0,1.0,96,0,0,0.0,0.0,11,11,11,1.0,1.0
family_ablation,qwen3.5:9b,all_crops,state_101,all,0.88,25,23,23,0.92,0.92,96,0,0,0.0,0.0,11,10,10,0.9090909090909091,0.9090909090909091
family_ablation,qwen3.5:9b,all_crops,state_101,all,0.89,25,23,23,0.92,0.92,96,0,0,0.0,0.0,11,10,10,0.9090909090909091,0.9090909090909091
family_ablation,qwen3.5:9b,all_crops,state_101,all,0.9,25,23,23,0.92,0.92,96,0,0,0.0,0.0,11,10,10,0.9090909090909091,0.9090909090909091
family_ablation,qwen3.5:9b,all_crops,state_101,all,0.91,25,23,23,0.92,0.92,96,0,0,0.0,0.0,11,10,10,0.9090909090909091,0.9090909090909091
family_ablation,qwen3.5:9b,all_crops,state_101,all,0.92,25,23,23,0.92,0.92,96,0,0,0.0,0.0,11,10,10,0.9090909090909091,0.9090909090909091
family_ablation,qwen3.5:9b,all_crops,state_101,all,0.93,25,23,23,0.92,0.92,96,0,0,0.0,0.0,11,10,10,0.9090909090909091,0.9090909090909091
family_ablation,qwen3.5:9b,all_crops,state_101,all,0.94,25,23,23,0.92,0.92,96,0,0,0.0,0.0,11,10,10,0.9090909090909091,0.9090909090909091
family_ablation,qwen3.5:9b,all_crops,state_101,all,0.95,25,23,23,0.92,0.92,96,0,0,0.0,0.0,11,10,10,0.9090909090909091,0.9090909090909091
family_ablation,qwen3.5:9b,all_crops,state_101,all,0.96,25,21,21,0.84,0.84,96,0,0,0.0,0.0,11,9,9,0.8181818181818182,0.8181818181818182
family_ablation,qwen3.5:9b,all_crops,state_101,all,0.97,25,18,18,0.72,0.72,96,0,0,0.0,0.0,11,8,8,0.7272727272727273,0.7272727272727273
family_ablation,qwen3.5:9b,all_crops,state_101,all,0.98,25,15,15,0.6,0.6,96,0,0,0.0,0.0,11,7,7,0.6363636363636364,0.6363636363636364
family_ablation,qwen3.5:9b,all_crops,state_101,all,0.99,25,8,8,0.32,0.32,96,0,0,0.0,0.0,11,4,4,0.36363636363636365,0.36363636363636365
family_ablation,qwen3.5:9b,all_crops,state_101,all,0.995,25,4,4,0.16,0.16,96,0,0,0.0,0.0,11,2,2,0.18181818181818182,0.18181818181818182
family_ablation,qwen3.5:9b,all_crops,state_101,all,0.999,25,0,0,0.0,0.0,96,0,0,0.0,0.0,11,0,0,0.0,0.0
family_ablation,qwen3.5:9b,all_crops,state_101,all,0.9999,25,0,0,0.0,0.0,96,0,0,0.0,0.0,11,0,0,0.0,0.0
family_ablation,qwen3.5:9b,all_crops,state_101,all,0.99999,25,0,0,0.0,0.0,96,0,0,0.0,0.0,11,0,0,0.0,0.0
family_ablation,qwen3.5:9b,all_crops,state_101,all,0.999999,25,0,0,0.0,0.0,96,0,0,0.0,0.0,11,0,0,0.0,0.0
family_ablation,qwen3.5:9b,all_crops,state_101,all,1.0,25,0,0,0.0,0.0,96,0,0,0.0,0.0,11,0,0,0.0,0.0
family_ablation,qwen3.5:9b,all_crops,state_202,all,0.0,25,25,25,1.0,1.0,96,96,96,1.0,1.0,11,11,11,1.0,1.0
family_ablation,qwen3.5:9b,all_crops,state_202,all,0.01,25,25,25,1.0,1.0,96,68,68,0.7083333333333334,0.7083333333333334,11,11,11,1.0,1.0
family_ablation,qwen3.5:9b,all_crops,state_202,all,0.02,25,25,25,1.0,1.0,96,47,47,0.4895833333333333,0.4895833333333333,11,11,11,1.0,1.0
family_ablation,qwen3.5:9b,all_crops,state_202,all,0.03,25,25,25,1.0,1.0,96,36,36,0.375,0.375,11,11,11,1.0,1.0
family_ablation,qwen3.5:9b,all_crops,state_202,all,0.04,25,25,25,1.0,1.0,96,26,26,0.2708333333333333,0.2708333333333333,11,11,11,1.0,1.0
family_ablation,qwen3.5:9b,all_crops,state_202,all,0.05,25,25,25,1.0,1.0,96,26,26,0.2708333333333333,0.2708333333333333,11,11,11,1.0,1.0
family_ablation,qwen3.5:9b,all_crops,state_202,all,0.06,25,25,25,1.0,1.0,96,23,23,0.23958333333333334,0.23958333333333334,11,11,11,1.0,1.0
family_ablation,qwen3.5:9b,all_crops,state_202,all,0.07,25,25,25,1.0,1.0,96,23,23,0.23958333333333334,0.23958333333333334,11,11,11,1.0,1.0
family_ablation,qwen3.5:9b,all_crops,state_202,all,0.08,25,25,25,1.0,1.0,96,19,19,0.19791666666666666,0.19791666666666666,11,11,11,1.0,1.0
family_ablation,qwen3.5:9b,all_crops,state_202,all,0.09,25,25,25,1.0,1.0,96,15,15,0.15625,0.15625,11,11,11,1.0,1.0
family_ablation,qwen3.5:9b,all_crops,state_202,all,0.1,25,25,25,1.0,1.0,96,15,15,0.15625,0.15625,11,11,11,1.0,1.0
family_ablation,qwen3.5:9b,all_crops,state_202,all,0.11,25,25,25,1.0,1.0,96,12,12,0.125,0.125,11,11,11,1.0,1.0
family_ablation,qwen3.5:9b,all_crops,state_202,all,0.12,25,25,25,1.0,1.0,96,12,12,0.125,0.125,11,11,11,1.0,1.0
family_ablation,qwen3.5:9b,all_crops,state_202,all,0.13,25,25,25,1.0,1.0,96,11,11,0.11458333333333333,0.11458333333333333,11,11,11,1.0,1.0
family_ablation,qwen3.5:9b,all_crops,state_202,all,0.14,25,25,25,1.0,1.0,96,11,11,0.11458333333333333,0.11458333333333333,11,11,11,1.0,1.0
family_ablation,qwen3.5:9b,all_crops,state_202,all,0.15,25,25,25,1.0,1.0,96,11,11,0.11458333333333333,0.11458333333333333,11,11,11,1.0,1.0
family_ablation,qwen3.5:9b,all_crops,state_202,all,0.16,25,25,25,1.0,1.0,96,8,8,0.08333333333333333,0.08333333333333333,11,11,11,1.0,1.0
family_ablation,qwen3.5:9b,all_crops,state_202,all,0.17,25,25,25,1.0,1.0,96,8,8,0.08333333333333333,0.08333333333333333,11,11,11,1.0,1.0
family_ablation,qwen3.5:9b,all_crops,state_202,all,0.18,25,25,25,1.0,1.0,96,8,8,0.08333333333333333,0.08333333333333333,11,11,11,1.0,1.0
family_ablation,qwen3.5:9b,all_crops,state_202,all,0.19,25,25,25,1.0,1.0,96,8,8,0.08333333333333333,0.08333333333333333,11,11,11,1.0,1.0
family_ablation,qwen3.5:9b,all_crops,state_202,all,0.2,25,25,25,1.0,1.0,96,8,8,0.08333333333333333,0.08333333333333333,11,11,11,1.0,1.0
family_ablation,qwen3.5:9b,all_crops,state_202,all,0.21,25,25,25,1.0,1.0,96,8,8,0.08333333333333333,0.08333333333333333,11,11,11,1.0,1.0
family_ablation,qwen3.5:9b,all_crops,state_202,all,0.22,25,25,25,1.0,1.0,96,8,8,0.08333333333333333,0.08333333333333333,11,11,11,1.0,1.0
family_ablation,qwen3.5:9b,all_crops,state_202,all,0.23,25,25,25,1.0,1.0,96,8,8,0.08333333333333333,0.08333333333333333,11,11,11,1.0,1.0
family_ablation,qwen3.5:9b,all_crops,state_202,all,0.24,25,25,25,1.0,1.0,96,8,8,0.08333333333333333,0.08333333333333333,11,11,11,1.0,1.0
family_ablation,qwen3.5:9b,all_crops,state_202,all,0.25,25,25,25,1.0,1.0,96,8,8,0.08333333333333333,0.08333333333333333,11,11,11,1.0,1.0
family_ablation,qwen3.5:9b,all_crops,state_202,all,0.26,25,25,25,1.0,1.0,96,8,8,0.08333333333333333,0.08333333333333333,11,11,11,1.0,1.0
family_ablation,qwen3.5:9b,all_crops,state_202,all,0.27,25,25,25,1.0,1.0,96,8,8,0.08333333333333333,0.08333333333333333,11,11,11,1.0,1.0
family_ablation,qwen3.5:9b,all_crops,state_202,all,0.28,25,25,25,1.0,1.0,96,8,8,0.08333333333333333,0.08333333333333333,11,11,11,1.0,1.0
family_ablation,qwen3.5:9b,all_crops,state_202,all,0.29,25,25,25,1.0,1.0,96,8,8,0.08333333333333333,0.08333333333333333,11,11,11,1.0,1.0
family_ablation,qwen3.5:9b,all_crops,state_202,all,0.3,25,25,25,1.0,1.0,96,8,8,0.08333333333333333,0.08333333333333333,11,11,11,1.0,1.0
family_ablation,qwen3.5:9b,all_crops,state_202,all,0.31,25,25,25,1.0,1.0,96,8,8,0.08333333333333333,0.08333333333333333,11,11,11,1.0,1.0
family_ablation,qwen3.5:9b,all_crops,state_202,all,0.32,25,25,25,1.0,1.0,96,8,8,0.08333333333333333,0.08333333333333333,11,11,11,1.0,1.0
family_ablation,qwen3.5:9b,all_crops,state_202,all,0.33,25,25,25,1.0,1.0,96,8,8,0.08333333333333333,0.08333333333333333,11,11,11,1.0,1.0
family_ablation,qwen3.5:9b,all_crops,state_202,all,0.34,25,25,25,1.0,1.0,96,8,8,0.08333333333333333,0.08333333333333333,11,11,11,1.0,1.0
family_ablation,qwen3.5:9b,all_crops,state_202,all,0.35,25,25,25,1.0,1.0,96,8,8,0.08333333333333333,0.08333333333333333,11,11,11,1.0,1.0
family_ablation,qwen3.5:9b,all_crops,state_202,all,0.36,25,25,25,1.0,1.0,96,8,8,0.08333333333333333,0.08333333333333333,11,11,11,1.0,1.0
family_ablation,qwen3.5:9b,all_crops,state_202,all,0.37,25,25,25,1.0,1.0,96,8,8,0.08333333333333333,0.08333333333333333,11,11,11,1.0,1.0
family_ablation,qwen3.5:9b,all_crops,state_202,all,0.38,25,25,25,1.0,1.0,96,8,8,0.08333333333333333,0.08333333333333333,11,11,11,1.0,1.0
family_ablation,qwen3.5:9b,all_crops,state_202,all,0.39,25,25,25,1.0,1.0,96,8,8,0.08333333333333333,0.08333333333333333,11,11,11,1.0,1.0
family_ablation,qwen3.5:9b,all_crops,state_202,all,0.4,25,25,25,1.0,1.0,96,8,8,0.08333333333333333,0.08333333333333333,11,11,11,1.0,1.0
family_ablation,qwen3.5:9b,all_crops,state_202,all,0.41,25,25,25,1.0,1.0,96,8,8,0.08333333333333333,0.08333333333333333,11,11,11,1.0,1.0
family_ablation,qwen3.5:9b,all_crops,state_202,all,0.42,25,25,25,1.0,1.0,96,8,8,0.08333333333333333,0.08333333333333333,11,11,11,1.0,1.0
family_ablation,qwen3.5:9b,all_crops,state_202,all,0.43,25,25,25,1.0,1.0,96,8,8,0.08333333333333333,0.08333333333333333,11,11,11,1.0,1.0
family_ablation,qwen3.5:9b,all_crops,state_202,all,0.44,25,25,25,1.0,1.0,96,4,4,0.041666666666666664,0.041666666666666664,11,11,11,1.0,1.0
family_ablation,qwen3.5:9b,all_crops,state_202,all,0.45,25,25,25,1.0,1.0,96,4,4,0.041666666666666664,0.041666666666666664,11,11,11,1.0,1.0
family_ablation,qwen3.5:9b,all_crops,state_202,all,0.46,25,25,25,1.0,1.0,96,4,4,0.041666666666666664,0.041666666666666664,11,11,11,1.0,1.0
family_ablation,qwen3.5:9b,all_crops,state_202,all,0.47,25,25,25,1.0,1.0,96,4,4,0.041666666666666664,0.041666666666666664,11,11,11,1.0,1.0
family_ablation,qwen3.5:9b,all_crops,state_202,all,0.48,25,25,25,1.0,1.0,96,4,4,0.041666666666666664,0.041666666666666664,11,11,11,1.0,1.0
family_ablation,qwen3.5:9b,all_crops,state_202,all,0.49,25,25,25,1.0,1.0,96,4,4,0.041666666666666664,0.041666666666666664,11,11,11,1.0,1.0
family_ablation,qwen3.5:9b,all_crops,state_202,all,0.5,25,25,25,1.0,1.0,96,4,4,0.041666666666666664,0.041666666666666664,11,11,11,1.0,1.0
family_ablation,qwen3.5:9b,all_crops,state_202,all,0.51,25,25,25,1.0,1.0,96,4,4,0.041666666666666664,0.041666666666666664,11,11,11,1.0,1.0
family_ablation,qwen3.5:9b,all_crops,state_202,all,0.52,25,25,25,1.0,1.0,96,4,4,0.041666666666666664,0.041666666666666664,11,11,11,1.0,1.0
family_ablation,qwen3.5:9b,all_crops,state_202,all,0.53,25,25,25,1.0,1.0,96,4,4,0.041666666666666664,0.041666666666666664,11,11,11,1.0,1.0
family_ablation,qwen3.5:9b,all_crops,state_202,all,0.54,25,25,25,1.0,1.0,96,4,4,0.041666666666666664,0.041666666666666664,11,11,11,1.0,1.0
family_ablation,qwen3.5:9b,all_crops,state_202,all,0.55,25,25,25,1.0,1.0,96,4,4,0.041666666666666664,0.041666666666666664,11,11,11,1.0,1.0
family_ablation,qwen3.5:9b,all_crops,state_202,all,0.56,25,25,25,1.0,1.0,96,4,4,0.041666666666666664,0.041666666666666664,11,11,11,1.0,1.0
family_ablation,qwen3.5:9b,all_crops,state_202,all,0.57,25,25,25,1.0,1.0,96,4,4,0.041666666666666664,0.041666666666666664,11,11,11,1.0,1.0
family_ablation,qwen3.5:9b,all_crops,state_202,all,0.58,25,25,25,1.0,1.0,96,4,4,0.041666666666666664,0.041666666666666664,11,11,11,1.0,1.0
family_ablation,qwen3.5:9b,all_crops,state_202,all,0.59,25,25,25,1.0,1.0,96,4,4,0.041666666666666664,0.041666666666666664,11,11,11,1.0,1.0
family_ablation,qwen3.5:9b,all_crops,state_202,all,0.6,25,25,25,1.0,1.0,96,3,3,0.03125,0.03125,11,11,11,1.0,1.0
family_ablation,qwen3.5:9b,all_crops,state_202,all,0.61,25,25,25,1.0,1.0,96,3,3,0.03125,0.03125,11,11,11,1.0,1.0
family_ablation,qwen3.5:9b,all_crops,state_202,all,0.62,25,25,25,1.0,1.0,96,3,3,0.03125,0.03125,11,11,11,1.0,1.0
family_ablation,qwen3.5:9b,all_crops,state_202,all,0.63,25,25,25,1.0,1.0,96,3,3,0.03125,0.03125,11,11,11,1.0,1.0
family_ablation,qwen3.5:9b,all_crops,state_202,all,0.64,25,25,25,1.0,1.0,96,3,3,0.03125,0.03125,11,11,11,1.0,1.0
family_ablation,qwen3.5:9b,all_crops,state_202,all,0.65,25,25,25,1.0,1.0,96,3,3,0.03125,0.03125,11,11,11,1.0,1.0
family_ablation,qwen3.5:9b,all_crops,state_202,all,0.66,25,25,25,1.0,1.0,96,3,3,0.03125,0.03125,11,11,11,1.0,1.0
family_ablation,qwen3.5:9b,all_crops,state_202,all,0.67,25,25,25,1.0,1.0,96,3,3,0.03125,0.03125,11,11,11,1.0,1.0
family_ablation,qwen3.5:9b,all_crops,state_202,all,0.68,25,25,25,1.0,1.0,96,3,3,0.03125,0.03125,11,11,11,1.0,1.0
family_ablation,qwen3.5:9b,all_crops,state_202,all,0.69,25,25,25,1.0,1.0,96,3,3,0.03125,0.03125,11,11,11,1.0,1.0
family_ablation,qwen3.5:9b,all_crops,state_202,all,0.7,25,25,25,1.0,1.0,96,3,3,0.03125,0.03125,11,11,11,1.0,1.0
family_ablation,qwen3.5:9b,all_crops,state_202,all,0.71,25,25,25,1.0,1.0,96,3,3,0.03125,0.03125,11,11,11,1.0,1.0
family_ablation,qwen3.5:9b,all_crops,state_202,all,0.72,25,25,25,1.0,1.0,96,3,3,0.03125,0.03125,11,11,11,1.0,1.0
family_ablation,qwen3.5:9b,all_crops,state_202,all,0.73,25,25,25,1.0,1.0,96,2,2,0.020833333333333332,0.020833333333333332,11,11,11,1.0,1.0
family_ablation,qwen3.5:9b,all_crops,state_202,all,0.74,25,25,25,1.0,1.0,96,2,2,0.020833333333333332,0.020833333333333332,11,11,11,1.0,1.0
family_ablation,qwen3.5:9b,all_crops,state_202,all,0.75,25,25,25,1.0,1.0,96,2,2,0.020833333333333332,0.020833333333333332,11,11,11,1.0,1.0
family_ablation,qwen3.5:9b,all_crops,state_202,all,0.76,25,25,25,1.0,1.0,96,2,2,0.020833333333333332,0.020833333333333332,11,11,11,1.0,1.0
family_ablation,qwen3.5:9b,all_crops,state_202,all,0.77,25,25,25,1.0,1.0,96,2,2,0.020833333333333332,0.020833333333333332,11,11,11,1.0,1.0
family_ablation,qwen3.5:9b,all_crops,state_202,all,0.78,25,25,25,1.0,1.0,96,2,2,0.020833333333333332,0.020833333333333332,11,11,11,1.0,1.0
family_ablation,qwen3.5:9b,all_crops,state_202,all,0.79,25,25,25,1.0,1.0,96,2,2,0.020833333333333332,0.020833333333333332,11,11,11,1.0,1.0
family_ablation,qwen3.5:9b,all_crops,state_202,all,0.8,25,25,25,1.0,1.0,96,2,2,0.020833333333333332,0.020833333333333332,11,11,11,1.0,1.0
family_ablation,qwen3.5:9b,all_crops,state_202,all,0.81,25,25,25,1.0,1.0,96,2,2,0.020833333333333332,0.020833333333333332,11,11,11,1.0,1.0
family_ablation,qwen3.5:9b,all_crops,state_202,all,0.82,25,25,25,1.0,1.0,96,1,1,0.010416666666666666,0.010416666666666666,11,11,11,1.0,1.0
family_ablation,qwen3.5:9b,all_crops,state_202,all,0.83,25,25,25,1.0,1.0,96,1,1,0.010416666666666666,0.010416666666666666,11,11,11,1.0,1.0
family_ablation,qwen3.5:9b,all_crops,state_202,all,0.84,25,25,25,1.0,1.0,96,1,1,0.010416666666666666,0.010416666666666666,11,11,11,1.0,1.0
family_ablation,qwen3.5:9b,all_crops,state_202,all,0.85,25,25,25,1.0,1.0,96,1,1,0.010416666666666666,0.010416666666666666,11,11,11,1.0,1.0
family_ablation,qwen3.5:9b,all_crops,state_202,all,0.86,25,22,22,0.88,0.88,96,1,1,0.010416666666666666,0.010416666666666666,11,10,10,0.9090909090909091,0.9090909090909091
family_ablation,qwen3.5:9b,all_crops,state_202,all,0.87,25,22,22,0.88,0.88,96,1,1,0.010416666666666666,0.010416666666666666,11,10,10,0.9090909090909091,0.9090909090909091
family_ablation,qwen3.5:9b,all_crops,state_202,all,0.88,25,22,22,0.88,0.88,96,1,1,0.010416666666666666,0.010416666666666666,11,10,10,0.9090909090909091,0.9090909090909091
family_ablation,qwen3.5:9b,all_crops,state_202,all,0.89,25,20,20,0.8,0.8,96,1,1,0.010416666666666666,0.010416666666666666,11,9,9,0.8181818181818182,0.8181818181818182
family_ablation,qwen3.5:9b,all_crops,state_202,all,0.9,25,20,20,0.8,0.8,96,1,1,0.010416666666666666,0.010416666666666666,11,9,9,0.8181818181818182,0.8181818181818182
family_ablation,qwen3.5:9b,all_crops,state_202,all,0.91,25,20,20,0.8,0.8,96,1,1,0.010416666666666666,0.010416666666666666,11,9,9,0.8181818181818182,0.8181818181818182
family_ablation,qwen3.5:9b,all_crops,state_202,all,0.92,25,20,20,0.8,0.8,96,1,1,0.010416666666666666,0.010416666666666666,11,9,9,0.8181818181818182,0.8181818181818182
family_ablation,qwen3.5:9b,all_crops,state_202,all,0.93,25,20,20,0.8,0.8,96,1,1,0.010416666666666666,0.010416666666666666,11,9,9,0.8181818181818182,0.8181818181818182
family_ablation,qwen3.5:9b,all_crops,state_202,all,0.94,25,18,18,0.72,0.72,96,1,1,0.010416666666666666,0.010416666666666666,11,8,8,0.7272727272727273,0.7272727272727273
family_ablation,qwen3.5:9b,all_crops,state_202,all,0.95,25,18,18,0.72,0.72,96,1,1,0.010416666666666666,0.010416666666666666,11,8,8,0.7272727272727273,0.7272727272727273
family_ablation,qwen3.5:9b,all_crops,state_202,all,0.96,25,18,18,0.72,0.72,96,1,1,0.010416666666666666,0.010416666666666666,11,8,8,0.7272727272727273,0.7272727272727273
family_ablation,qwen3.5:9b,all_crops,state_202,all,0.97,25,18,18,0.72,0.72,96,1,1,0.010416666666666666,0.010416666666666666,11,8,8,0.7272727272727273,0.7272727272727273
family_ablation,qwen3.5:9b,all_crops,state_202,all,0.98,25,18,18,0.72,0.72,96,1,1,0.010416666666666666,0.010416666666666666,11,8,8,0.7272727272727273,0.7272727272727273
family_ablation,qwen3.5:9b,all_crops,state_202,all,0.99,25,17,17,0.68,0.68,96,1,1,0.010416666666666666,0.010416666666666666,11,7,7,0.6363636363636364,0.6363636363636364
family_ablation,qwen3.5:9b,all_crops,state_202,all,0.995,25,3,3,0.12,0.12,96,1,1,0.010416666666666666,0.010416666666666666,11,1,1,0.09090909090909091,0.09090909090909091
family_ablation,qwen3.5:9b,all_crops,state_202,all,0.999,25,0,0,0.0,0.0,96,0,0,0.0,0.0,11,0,0,0.0,0.0
family_ablation,qwen3.5:9b,all_crops,state_202,all,0.9999,25,0,0,0.0,0.0,96,0,0,0.0,0.0,11,0,0,0.0,0.0
family_ablation,qwen3.5:9b,all_crops,state_202,all,0.99999,25,0,0,0.0,0.0,96,0,0,0.0,0.0,11,0,0,0.0,0.0
family_ablation,qwen3.5:9b,all_crops,state_202,all,0.999999,25,0,0,0.0,0.0,96,0,0,0.0,0.0,11,0,0,0.0,0.0
family_ablation,qwen3.5:9b,all_crops,state_202,all,1.0,25,0,0,0.0,0.0,96,0,0,0.0,0.0,11,0,0,0.0,0.0
family_ablation,qwen3.5:9b,all_crops,state_303,all,0.0,25,25,25,1.0,1.0,96,96,96,1.0,1.0,11,11,11,1.0,1.0
family_ablation,qwen3.5:9b,all_crops,state_303,all,0.01,25,25,25,1.0,1.0,96,78,78,0.8125,0.8125,11,11,11,1.0,1.0
family_ablation,qwen3.5:9b,all_crops,state_303,all,0.02,25,25,25,1.0,1.0,96,43,43,0.4479166666666667,0.4479166666666667,11,11,11,1.0,1.0
family_ablation,qwen3.5:9b,all_crops,state_303,all,0.03,25,25,25,1.0,1.0,96,30,30,0.3125,0.3125,11,11,11,1.0,1.0
family_ablation,qwen3.5:9b,all_crops,state_303,all,0.04,25,25,25,1.0,1.0,96,24,24,0.25,0.25,11,11,11,1.0,1.0
family_ablation,qwen3.5:9b,all_crops,state_303,all,0.05,25,25,25,1.0,1.0,96,21,21,0.21875,0.21875,11,11,11,1.0,1.0
family_ablation,qwen3.5:9b,all_crops,state_303,all,0.06,25,25,25,1.0,1.0,96,20,20,0.20833333333333334,0.20833333333333334,11,11,11,1.0,1.0
family_ablation,qwen3.5:9b,all_crops,state_303,all,0.07,25,25,25,1.0,1.0,96,19,19,0.19791666666666666,0.19791666666666666,11,11,11,1.0,1.0
family_ablation,qwen3.5:9b,all_crops,state_303,all,0.08,25,25,25,1.0,1.0,96,19,19,0.19791666666666666,0.19791666666666666,11,11,11,1.0,1.0
family_ablation,qwen3.5:9b,all_crops,state_303,all,0.09,25,25,25,1.0,1.0,96,19,19,0.19791666666666666,0.19791666666666666,11,11,11,1.0,1.0
family_ablation,qwen3.5:9b,all_crops,state_303,all,0.1,25,25,25,1.0,1.0,96,19,19,0.19791666666666666,0.19791666666666666,11,11,11,1.0,1.0
family_ablation,qwen3.5:9b,all_crops,state_303,all,0.11,25,25,25,1.0,1.0,96,19,19,0.19791666666666666,0.19791666666666666,11,11,11,1.0,1.0
family_ablation,qwen3.5:9b,all_crops,state_303,all,0.12,25,25,25,1.0,1.0,96,19,19,0.19791666666666666,0.19791666666666666,11,11,11,1.0,1.0
family_ablation,qwen3.5:9b,all_crops,state_303,all,0.13,25,25,25,1.0,1.0,96,19,19,0.19791666666666666,0.19791666666666666,11,11,11,1.0,1.0
family_ablation,qwen3.5:9b,all_crops,state_303,all,0.14,25,25,25,1.0,1.0,96,19,19,0.19791666666666666,0.19791666666666666,11,11,11,1.0,1.0
family_ablation,qwen3.5:9b,all_crops,state_303,all,0.15,25,25,25,1.0,1.0,96,19,19,0.19791666666666666,0.19791666666666666,11,11,11,1.0,1.0
family_ablation,qwen3.5:9b,all_crops,state_303,all,0.16,25,25,25,1.0,1.0,96,19,19,0.19791666666666666,0.19791666666666666,11,11,11,1.0,1.0
family_ablation,qwen3.5:9b,all_crops,state_303,all,0.17,25,25,25,1.0,1.0,96,19,19,0.19791666666666666,0.19791666666666666,11,11,11,1.0,1.0
family_ablation,qwen3.5:9b,all_crops,state_303,all,0.18,25,25,25,1.0,1.0,96,19,19,0.19791666666666666,0.19791666666666666,11,11,11,1.0,1.0
family_ablation,qwen3.5:9b,all_crops,state_303,all,0.19,25,25,25,1.0,1.0,96,18,18,0.1875,0.1875,11,11,11,1.0,1.0
family_ablation,qwen3.5:9b,all_crops,state_303,all,0.2,25,25,25,1.0,1.0,96,18,18,0.1875,0.1875,11,11,11,1.0,1.0
family_ablation,qwen3.5:9b,all_crops,state_303,all,0.21,25,25,25,1.0,1.0,96,15,15,0.15625,0.15625,11,11,11,1.0,1.0
family_ablation,qwen3.5:9b,all_crops,state_303,all,0.22,25,25,25,1.0,1.0,96,15,15,0.15625,0.15625,11,11,11,1.0,1.0
family_ablation,qwen3.5:9b,all_crops,state_303,all,0.23,25,25,25,1.0,1.0,96,15,15,0.15625,0.15625,11,11,11,1.0,1.0
family_ablation,qwen3.5:9b,all_crops,state_303,all,0.24,25,25,25,1.0,1.0,96,12,12,0.125,0.125,11,11,11,1.0,1.0
family_ablation,qwen3.5:9b,all_crops,state_303,all,0.25,25,25,25,1.0,1.0,96,12,12,0.125,0.125,11,11,11,1.0,1.0
family_ablation,qwen3.5:9b,all_crops,state_303,all,0.26,25,25,25,1.0,1.0,96,12,12,0.125,0.125,11,11,11,1.0,1.0
family_ablation,qwen3.5:9b,all_crops,state_303,all,0.27,25,25,25,1.0,1.0,96,12,12,0.125,0.125,11,11,11,1.0,1.0
family_ablation,qwen3.5:9b,all_crops,state_303,all,0.28,25,25,25,1.0,1.0,96,12,12,0.125,0.125,11,11,11,1.0,1.0
family_ablation,qwen3.5:9b,all_crops,state_303,all,0.29,25,25,25,1.0,1.0,96,9,9,0.09375,0.09375,11,11,11,1.0,1.0
family_ablation,qwen3.5:9b,all_crops,state_303,all,0.3,25,25,25,1.0,1.0,96,9,9,0.09375,0.09375,11,11,11,1.0,1.0
family_ablation,qwen3.5:9b,all_crops,state_303,all,0.31,25,25,25,1.0,1.0,96,9,9,0.09375,0.09375,11,11,11,1.0,1.0
family_ablation,qwen3.5:9b,all_crops,state_303,all,0.32,25,25,25,1.0,1.0,96,8,8,0.08333333333333333,0.08333333333333333,11,11,11,1.0,1.0
family_ablation,qwen3.5:9b,all_crops,state_303,all,0.33,25,25,25,1.0,1.0,96,8,8,0.08333333333333333,0.08333333333333333,11,11,11,1.0,1.0
family_ablation,qwen3.5:9b,all_crops,state_303,all,0.34,25,25,25,1.0,1.0,96,7,7,0.07291666666666667,0.07291666666666667,11,11,11,1.0,1.0
family_ablation,qwen3.5:9b,all_crops,state_303,all,0.35,25,25,25,1.0,1.0,96,7,7,0.07291666666666667,0.07291666666666667,11,11,11,1.0,1.0
family_ablation,qwen3.5:9b,all_crops,state_303,all,0.36,25,25,25,1.0,1.0,96,7,7,0.07291666666666667,0.07291666666666667,11,11,11,1.0,1.0
family_ablation,qwen3.5:9b,all_crops,state_303,all,0.37,25,25,25,1.0,1.0,96,7,7,0.07291666666666667,0.07291666666666667,11,11,11,1.0,1.0
family_ablation,qwen3.5:9b,all_crops,state_303,all,0.38,25,25,25,1.0,1.0,96,7,7,0.07291666666666667,0.07291666666666667,11,11,11,1.0,1.0
family_ablation,qwen3.5:9b,all_crops,state_303,all,0.39,25,25,25,1.0,1.0,96,7,7,0.07291666666666667,0.07291666666666667,11,11,11,1.0,1.0
family_ablation,qwen3.5:9b,all_crops,state_303,all,0.4,25,25,25,1.0,1.0,96,7,7,0.07291666666666667,0.07291666666666667,11,11,11,1.0,1.0
family_ablation,qwen3.5:9b,all_crops,state_303,all,0.41,25,25,25,1.0,1.0,96,7,7,0.07291666666666667,0.07291666666666667,11,11,11,1.0,1.0
family_ablation,qwen3.5:9b,all_crops,state_303,all,0.42,25,25,25,1.0,1.0,96,7,7,0.07291666666666667,0.07291666666666667,11,11,11,1.0,1.0
family_ablation,qwen3.5:9b,all_crops,state_303,all,0.43,25,25,25,1.0,1.0,96,7,7,0.07291666666666667,0.07291666666666667,11,11,11,1.0,1.0
family_ablation,qwen3.5:9b,all_crops,state_303,all,0.44,25,25,25,1.0,1.0,96,7,7,0.07291666666666667,0.07291666666666667,11,11,11,1.0,1.0
family_ablation,qwen3.5:9b,all_crops,state_303,all,0.45,25,25,25,1.0,1.0,96,7,7,0.07291666666666667,0.07291666666666667,11,11,11,1.0,1.0
family_ablation,qwen3.5:9b,all_crops,state_303,all,0.46,25,25,25,1.0,1.0,96,7,7,0.07291666666666667,0.07291666666666667,11,11,11,1.0,1.0
family_ablation,qwen3.5:9b,all_crops,state_303,all,0.47,25,25,25,1.0,1.0,96,7,7,0.07291666666666667,0.07291666666666667,11,11,11,1.0,1.0
family_ablation,qwen3.5:9b,all_crops,state_303,all,0.48,25,25,25,1.0,1.0,96,7,7,0.07291666666666667,0.07291666666666667,11,11,11,1.0,1.0
family_ablation,qwen3.5:9b,all_crops,state_303,all,0.49,25,25,25,1.0,1.0,96,7,7,0.07291666666666667,0.07291666666666667,11,11,11,1.0,1.0
family_ablation,qwen3.5:9b,all_crops,state_303,all,0.5,25,25,25,1.0,1.0,96,7,7,0.07291666666666667,0.07291666666666667,11,11,11,1.0,1.0
family_ablation,qwen3.5:9b,all_crops,state_303,all,0.51,25,25,25,1.0,1.0,96,7,7,0.07291666666666667,0.07291666666666667,11,11,11,1.0,1.0
family_ablation,qwen3.5:9b,all_crops,state_303,all,0.52,25,25,25,1.0,1.0,96,6,6,0.0625,0.0625,11,11,11,1.0,1.0
family_ablation,qwen3.5:9b,all_crops,state_303,all,0.53,25,25,25,1.0,1.0,96,6,6,0.0625,0.0625,11,11,11,1.0,1.0
family_ablation,qwen3.5:9b,all_crops,state_303,all,0.54,25,25,25,1.0,1.0,96,6,6,0.0625,0.0625,11,11,11,1.0,1.0
family_ablation,qwen3.5:9b,all_crops,state_303,all,0.55,25,25,25,1.0,1.0,96,6,6,0.0625,0.0625,11,11,11,1.0,1.0
family_ablation,qwen3.5:9b,all_crops,state_303,all,0.56,25,25,25,1.0,1.0,96,6,6,0.0625,0.0625,11,11,11,1.0,1.0
family_ablation,qwen3.5:9b,all_crops,state_303,all,0.57,25,25,25,1.0,1.0,96,6,6,0.0625,0.0625,11,11,11,1.0,1.0
family_ablation,qwen3.5:9b,all_crops,state_303,all,0.58,25,25,25,1.0,1.0,96,6,6,0.0625,0.0625,11,11,11,1.0,1.0
family_ablation,qwen3.5:9b,all_crops,state_303,all,0.59,25,25,25,1.0,1.0,96,6,6,0.0625,0.0625,11,11,11,1.0,1.0
family_ablation,qwen3.5:9b,all_crops,state_303,all,0.6,25,25,25,1.0,1.0,96,6,6,0.0625,0.0625,11,11,11,1.0,1.0
family_ablation,qwen3.5:9b,all_crops,state_303,all,0.61,25,25,25,1.0,1.0,96,6,6,0.0625,0.0625,11,11,11,1.0,1.0
family_ablation,qwen3.5:9b,all_crops,state_303,all,0.62,25,25,25,1.0,1.0,96,6,6,0.0625,0.0625,11,11,11,1.0,1.0
family_ablation,qwen3.5:9b,all_crops,state_303,all,0.63,25,25,25,1.0,1.0,96,6,6,0.0625,0.0625,11,11,11,1.0,1.0
family_ablation,qwen3.5:9b,all_crops,state_303,all,0.64,25,25,25,1.0,1.0,96,6,6,0.0625,0.0625,11,11,11,1.0,1.0
family_ablation,qwen3.5:9b,all_crops,state_303,all,0.65,25,25,25,1.0,1.0,96,6,6,0.0625,0.0625,11,11,11,1.0,1.0
family_ablation,qwen3.5:9b,all_crops,state_303,all,0.66,25,25,25,1.0,1.0,96,6,6,0.0625,0.0625,11,11,11,1.0,1.0
family_ablation,qwen3.5:9b,all_crops,state_303,all,0.67,25,25,25,1.0,1.0,96,6,6,0.0625,0.0625,11,11,11,1.0,1.0
family_ablation,qwen3.5:9b,all_crops,state_303,all,0.68,25,25,25,1.0,1.0,96,6,6,0.0625,0.0625,11,11,11,1.0,1.0
family_ablation,qwen3.5:9b,all_crops,state_303,all,0.69,25,25,25,1.0,1.0,96,6,6,0.0625,0.0625,11,11,11,1.0,1.0
family_ablation,qwen3.5:9b,all_crops,state_303,all,0.7,25,25,25,1.0,1.0,96,6,6,0.0625,0.0625,11,11,11,1.0,1.0
family_ablation,qwen3.5:9b,all_crops,state_303,all,0.71,25,25,25,1.0,1.0,96,6,6,0.0625,0.0625,11,11,11,1.0,1.0
family_ablation,qwen3.5:9b,all_crops,state_303,all,0.72,25,25,25,1.0,1.0,96,6,6,0.0625,0.0625,11,11,11,1.0,1.0
family_ablation,qwen3.5:9b,all_crops,state_303,all,0.73,25,25,25,1.0,1.0,96,6,6,0.0625,0.0625,11,11,11,1.0,1.0
family_ablation,qwen3.5:9b,all_crops,state_303,all,0.74,25,25,25,1.0,1.0,96,6,6,0.0625,0.0625,11,11,11,1.0,1.0
family_ablation,qwen3.5:9b,all_crops,state_303,all,0.75,25,25,25,1.0,1.0,96,6,6,0.0625,0.0625,11,11,11,1.0,1.0
family_ablation,qwen3.5:9b,all_crops,state_303,all,0.76,25,25,25,1.0,1.0,96,6,6,0.0625,0.0625,11,11,11,1.0,1.0
family_ablation,qwen3.5:9b,all_crops,state_303,all,0.77,25,25,25,1.0,1.0,96,6,6,0.0625,0.0625,11,11,11,1.0,1.0
family_ablation,qwen3.5:9b,all_crops,state_303,all,0.78,25,25,25,1.0,1.0,96,6,6,0.0625,0.0625,11,11,11,1.0,1.0
family_ablation,qwen3.5:9b,all_crops,state_303,all,0.79,25,25,25,1.0,1.0,96,6,6,0.0625,0.0625,11,11,11,1.0,1.0
family_ablation,qwen3.5:9b,all_crops,state_303,all,0.8,25,25,25,1.0,1.0,96,6,6,0.0625,0.0625,11,11,11,1.0,1.0
family_ablation,qwen3.5:9b,all_crops,state_303,all,0.81,25,25,25,1.0,1.0,96,6,6,0.0625,0.0625,11,11,11,1.0,1.0
family_ablation,qwen3.5:9b,all_crops,state_303,all,0.82,25,25,25,1.0,1.0,96,6,6,0.0625,0.0625,11,11,11,1.0,1.0
family_ablation,qwen3.5:9b,all_crops,state_303,all,0.83,25,25,25,1.0,1.0,96,6,6,0.0625,0.0625,11,11,11,1.0,1.0
family_ablation,qwen3.5:9b,all_crops,state_303,all,0.84,25,25,25,1.0,1.0,96,6,6,0.0625,0.0625,11,11,11,1.0,1.0
family_ablation,qwen3.5:9b,all_crops,state_303,all,0.85,25,23,23,0.92,0.92,96,6,6,0.0625,0.0625,11,10,10,0.9090909090909091,0.9090909090909091
family_ablation,qwen3.5:9b,all_crops,state_303,all,0.86,25,23,23,0.92,0.92,96,6,6,0.0625,0.0625,11,10,10,0.9090909090909091,0.9090909090909091
family_ablation,qwen3.5:9b,all_crops,state_303,all,0.87,25,21,21,0.84,0.84,96,5,5,0.052083333333333336,0.052083333333333336,11,9,9,0.8181818181818182,0.8181818181818182
family_ablation,qwen3.5:9b,all_crops,state_303,all,0.88,25,21,21,0.84,0.84,96,5,5,0.052083333333333336,0.052083333333333336,11,9,9,0.8181818181818182,0.8181818181818182
family_ablation,qwen3.5:9b,all_crops,state_303,all,0.89,25,21,21,0.84,0.84,96,5,5,0.052083333333333336,0.052083333333333336,11,9,9,0.8181818181818182,0.8181818181818182
family_ablation,qwen3.5:9b,all_crops,state_303,all,0.9,25,21,21,0.84,0.84,96,5,5,0.052083333333333336,0.052083333333333336,11,9,9,0.8181818181818182,0.8181818181818182
family_ablation,qwen3.5:9b,all_crops,state_303,all,0.91,25,21,21,0.84,0.84,96,5,5,0.052083333333333336,0.052083333333333336,11,9,9,0.8181818181818182,0.8181818181818182
family_ablation,qwen3.5:9b,all_crops,state_303,all,0.92,25,21,21,0.84,0.84,96,5,5,0.052083333333333336,0.052083333333333336,11,9,9,0.8181818181818182,0.8181818181818182
family_ablation,qwen3.5:9b,all_crops,state_303,all,0.93,25,21,21,0.84,0.84,96,5,5,0.052083333333333336,0.052083333333333336,11,9,9,0.8181818181818182,0.8181818181818182
family_ablation,qwen3.5:9b,all_crops,state_303,all,0.94,25,21,21,0.84,0.84,96,2,2,0.020833333333333332,0.020833333333333332,11,9,9,0.8181818181818182,0.8181818181818182
family_ablation,qwen3.5:9b,all_crops,state_303,all,0.95,25,21,21,0.84,0.84,96,2,2,0.020833333333333332,0.020833333333333332,11,9,9,0.8181818181818182,0.8181818181818182
family_ablation,qwen3.5:9b,all_crops,state_303,all,0.96,25,21,21,0.84,0.84,96,1,1,0.010416666666666666,0.010416666666666666,11,9,9,0.8181818181818182,0.8181818181818182
family_ablation,qwen3.5:9b,all_crops,state_303,all,0.97,25,18,18,0.72,0.72,96,1,1,0.010416666666666666,0.010416666666666666,11,8,8,0.7272727272727273,0.7272727272727273
family_ablation,qwen3.5:9b,all_crops,state_303,all,0.98,25,14,14,0.56,0.56,96,1,1,0.010416666666666666,0.010416666666666666,11,6,6,0.5454545454545454,0.5454545454545454
family_ablation,qwen3.5:9b,all_crops,state_303,all,0.99,25,13,13,0.52,0.52,96,1,1,0.010416666666666666,0.010416666666666666,11,5,5,0.45454545454545453,0.45454545454545453
family_ablation,qwen3.5:9b,all_crops,state_303,all,0.995,25,6,6,0.24,0.24,96,1,1,0.010416666666666666,0.010416666666666666,11,2,2,0.18181818181818182,0.18181818181818182
family_ablation,qwen3.5:9b,all_crops,state_303,all,0.999,25,0,0,0.0,0.0,96,0,0,0.0,0.0,11,0,0,0.0,0.0
family_ablation,qwen3.5:9b,all_crops,state_303,all,0.9999,25,0,0,0.0,0.0,96,0,0,0.0,0.0,11,0,0,0.0,0.0
family_ablation,qwen3.5:9b,all_crops,state_303,all,0.99999,25,0,0,0.0,0.0,96,0,0,0.0,0.0,11,0,0,0.0,0.0
family_ablation,qwen3.5:9b,all_crops,state_303,all,0.999999,25,0,0,0.0,0.0,96,0,0,0.0,0.0,11,0,0,0.0,0.0
family_ablation,qwen3.5:9b,all_crops,state_303,all,1.0,25,0,0,0.0,0.0,96,0,0,0.0,0.0,11,0,0,0.0,0.0
family_ablation,qwen3.5:9b,all_crops,all,all,0.0,100,100,100,1.0,1.0,384,384,384,1.0,1.0,44,44,44,1.0,1.0
family_ablation,qwen3.5:9b,all_crops,all,all,0.01,100,100,100,1.0,1.0,384,294,294,0.765625,0.765625,44,44,44,1.0,1.0
family_ablation,qwen3.5:9b,all_crops,all,all,0.02,100,100,100,1.0,1.0,384,173,173,0.4505208333333333,0.4505208333333333,44,44,44,1.0,1.0
family_ablation,qwen3.5:9b,all_crops,all,all,0.03,100,100,100,1.0,1.0,384,130,130,0.3385416666666667,0.3385416666666667,44,44,44,1.0,1.0
family_ablation,qwen3.5:9b,all_crops,all,all,0.04,100,100,100,1.0,1.0,384,102,102,0.265625,0.265625,44,44,44,1.0,1.0
family_ablation,qwen3.5:9b,all_crops,all,all,0.05,100,100,100,1.0,1.0,384,93,93,0.2421875,0.2421875,44,44,44,1.0,1.0
family_ablation,qwen3.5:9b,all_crops,all,all,0.06,100,100,100,1.0,1.0,384,85,85,0.22135416666666666,0.22135416666666666,44,44,44,1.0,1.0
family_ablation,qwen3.5:9b,all_crops,all,all,0.07,100,100,100,1.0,1.0,384,83,83,0.21614583333333334,0.21614583333333334,44,44,44,1.0,1.0
family_ablation,qwen3.5:9b,all_crops,all,all,0.08,100,100,100,1.0,1.0,384,75,75,0.1953125,0.1953125,44,44,44,1.0,1.0
family_ablation,qwen3.5:9b,all_crops,all,all,0.09,100,100,100,1.0,1.0,384,71,71,0.18489583333333334,0.18489583333333334,44,44,44,1.0,1.0
family_ablation,qwen3.5:9b,all_crops,all,all,0.1,100,100,100,1.0,1.0,384,71,71,0.18489583333333334,0.18489583333333334,44,44,44,1.0,1.0
family_ablation,qwen3.5:9b,all_crops,all,all,0.11,100,100,100,1.0,1.0,384,68,68,0.17708333333333334,0.17708333333333334,44,44,44,1.0,1.0
family_ablation,qwen3.5:9b,all_crops,all,all,0.12,100,100,100,1.0,1.0,384,67,67,0.17447916666666666,0.17447916666666666,44,44,44,1.0,1.0
family_ablation,qwen3.5:9b,all_crops,all,all,0.13,100,100,100,1.0,1.0,384,65,65,0.16927083333333334,0.16927083333333334,44,44,44,1.0,1.0
family_ablation,qwen3.5:9b,all_crops,all,all,0.14,100,100,100,1.0,1.0,384,65,65,0.16927083333333334,0.16927083333333334,44,44,44,1.0,1.0
family_ablation,qwen3.5:9b,all_crops,all,all,0.15,100,100,100,1.0,1.0,384,64,64,0.16666666666666666,0.16666666666666666,44,44,44,1.0,1.0
family_ablation,qwen3.5:9b,all_crops,all,all,0.16,100,100,100,1.0,1.0,384,61,61,0.15885416666666666,0.15885416666666666,44,44,44,1.0,1.0
family_ablation,qwen3.5:9b,all_crops,all,all,0.17,100,100,100,1.0,1.0,384,61,61,0.15885416666666666,0.15885416666666666,44,44,44,1.0,1.0
family_ablation,qwen3.5:9b,all_crops,all,all,0.18,100,100,100,1.0,1.0,384,61,61,0.15885416666666666,0.15885416666666666,44,44,44,1.0,1.0
family_ablation,qwen3.5:9b,all_crops,all,all,0.19,100,100,100,1.0,1.0,384,57,57,0.1484375,0.1484375,44,44,44,1.0,1.0
family_ablation,qwen3.5:9b,all_crops,all,all,0.2,100,100,100,1.0,1.0,384,57,57,0.1484375,0.1484375,44,44,44,1.0,1.0
family_ablation,qwen3.5:9b,all_crops,all,all,0.21,100,100,100,1.0,1.0,384,54,54,0.140625,0.140625,44,44,44,1.0,1.0
family_ablation,qwen3.5:9b,all_crops,all,all,0.22,100,100,100,1.0,1.0,384,54,54,0.140625,0.140625,44,44,44,1.0,1.0
family_ablation,qwen3.5:9b,all_crops,all,all,0.23,100,100,100,1.0,1.0,384,54,54,0.140625,0.140625,44,44,44,1.0,1.0
family_ablation,qwen3.5:9b,all_crops,all,all,0.24,100,100,100,1.0,1.0,384,51,51,0.1328125,0.1328125,44,44,44,1.0,1.0
family_ablation,qwen3.5:9b,all_crops,all,all,0.25,100,100,100,1.0,1.0,384,51,51,0.1328125,0.1328125,44,44,44,1.0,1.0
family_ablation,qwen3.5:9b,all_crops,all,all,0.26,100,100,100,1.0,1.0,384,51,51,0.1328125,0.1328125,44,44,44,1.0,1.0
family_ablation,qwen3.5:9b,all_crops,all,all,0.27,100,100,100,1.0,1.0,384,51,51,0.1328125,0.1328125,44,44,44,1.0,1.0
family_ablation,qwen3.5:9b,all_crops,all,all,0.28,100,100,100,1.0,1.0,384,51,51,0.1328125,0.1328125,44,44,44,1.0,1.0
family_ablation,qwen3.5:9b,all_crops,all,all,0.29,100,100,100,1.0,1.0,384,48,48,0.125,0.125,44,44,44,1.0,1.0
family_ablation,qwen3.5:9b,all_crops,all,all,0.3,100,100,100,1.0,1.0,384,47,47,0.12239583333333333,0.12239583333333333,44,44,44,1.0,1.0
family_ablation,qwen3.5:9b,all_crops,all,all,0.31,100,100,100,1.0,1.0,384,47,47,0.12239583333333333,0.12239583333333333,44,44,44,1.0,1.0
family_ablation,qwen3.5:9b,all_crops,all,all,0.32,100,100,100,1.0,1.0,384,46,46,0.11979166666666667,0.11979166666666667,44,44,44,1.0,1.0
family_ablation,qwen3.5:9b,all_crops,all,all,0.33,100,100,100,1.0,1.0,384,46,46,0.11979166666666667,0.11979166666666667,44,44,44,1.0,1.0
family_ablation,qwen3.5:9b,all_crops,all,all,0.34,100,100,100,1.0,1.0,384,45,45,0.1171875,0.1171875,44,44,44,1.0,1.0
family_ablation,qwen3.5:9b,all_crops,all,all,0.35,100,100,100,1.0,1.0,384,45,45,0.1171875,0.1171875,44,44,44,1.0,1.0
family_ablation,qwen3.5:9b,all_crops,all,all,0.36,100,100,100,1.0,1.0,384,45,45,0.1171875,0.1171875,44,44,44,1.0,1.0
family_ablation,qwen3.5:9b,all_crops,all,all,0.37,100,100,100,1.0,1.0,384,45,45,0.1171875,0.1171875,44,44,44,1.0,1.0
family_ablation,qwen3.5:9b,all_crops,all,all,0.38,100,100,100,1.0,1.0,384,45,45,0.1171875,0.1171875,44,44,44,1.0,1.0
family_ablation,qwen3.5:9b,all_crops,all,all,0.39,100,100,100,1.0,1.0,384,44,44,0.11458333333333333,0.11458333333333333,44,44,44,1.0,1.0
family_ablation,qwen3.5:9b,all_crops,all,all,0.4,100,100,100,1.0,1.0,384,44,44,0.11458333333333333,0.11458333333333333,44,44,44,1.0,1.0
family_ablation,qwen3.5:9b,all_crops,all,all,0.41,100,100,100,1.0,1.0,384,44,44,0.11458333333333333,0.11458333333333333,44,44,44,1.0,1.0
family_ablation,qwen3.5:9b,all_crops,all,all,0.42,100,100,100,1.0,1.0,384,44,44,0.11458333333333333,0.11458333333333333,44,44,44,1.0,1.0
family_ablation,qwen3.5:9b,all_crops,all,all,0.43,100,100,100,1.0,1.0,384,44,44,0.11458333333333333,0.11458333333333333,44,44,44,1.0,1.0
family_ablation,qwen3.5:9b,all_crops,all,all,0.44,100,100,100,1.0,1.0,384,40,40,0.10416666666666667,0.10416666666666667,44,44,44,1.0,1.0
family_ablation,qwen3.5:9b,all_crops,all,all,0.45,100,100,100,1.0,1.0,384,40,40,0.10416666666666667,0.10416666666666667,44,44,44,1.0,1.0
family_ablation,qwen3.5:9b,all_crops,all,all,0.46,100,100,100,1.0,1.0,384,40,40,0.10416666666666667,0.10416666666666667,44,44,44,1.0,1.0
family_ablation,qwen3.5:9b,all_crops,all,all,0.47,100,100,100,1.0,1.0,384,40,40,0.10416666666666667,0.10416666666666667,44,44,44,1.0,1.0
family_ablation,qwen3.5:9b,all_crops,all,all,0.48,100,100,100,1.0,1.0,384,40,40,0.10416666666666667,0.10416666666666667,44,44,44,1.0,1.0
family_ablation,qwen3.5:9b,all_crops,all,all,0.49,100,100,100,1.0,1.0,384,40,40,0.10416666666666667,0.10416666666666667,44,44,44,1.0,1.0
family_ablation,qwen3.5:9b,all_crops,all,all,0.5,100,100,100,1.0,1.0,384,37,37,0.09635416666666667,0.09635416666666667,44,44,44,1.0,1.0
family_ablation,qwen3.5:9b,all_crops,all,all,0.51,100,100,100,1.0,1.0,384,37,37,0.09635416666666667,0.09635416666666667,44,44,44,1.0,1.0
family_ablation,qwen3.5:9b,all_crops,all,all,0.52,100,100,100,1.0,1.0,384,35,35,0.09114583333333333,0.09114583333333333,44,44,44,1.0,1.0
family_ablation,qwen3.5:9b,all_crops,all,all,0.53,100,100,100,1.0,1.0,384,35,35,0.09114583333333333,0.09114583333333333,44,44,44,1.0,1.0
family_ablation,qwen3.5:9b,all_crops,all,all,0.54,100,100,100,1.0,1.0,384,32,32,0.08333333333333333,0.08333333333333333,44,44,44,1.0,1.0
family_ablation,qwen3.5:9b,all_crops,all,all,0.55,100,100,100,1.0,1.0,384,29,29,0.07552083333333333,0.07552083333333333,44,44,44,1.0,1.0
family_ablation,qwen3.5:9b,all_crops,all,all,0.56,100,100,100,1.0,1.0,384,29,29,0.07552083333333333,0.07552083333333333,44,44,44,1.0,1.0
family_ablation,qwen3.5:9b,all_crops,all,all,0.57,100,100,100,1.0,1.0,384,29,29,0.07552083333333333,0.07552083333333333,44,44,44,1.0,1.0
family_ablation,qwen3.5:9b,all_crops,all,all,0.58,100,100,100,1.0,1.0,384,29,29,0.07552083333333333,0.07552083333333333,44,44,44,1.0,1.0
family_ablation,qwen3.5:9b,all_crops,all,all,0.59,100,100,100,1.0,1.0,384,28,28,0.07291666666666667,0.07291666666666667,44,44,44,1.0,1.0
family_ablation,qwen3.5:9b,all_crops,all,all,0.6,100,100,100,1.0,1.0,384,27,27,0.0703125,0.0703125,44,44,44,1.0,1.0
family_ablation,qwen3.5:9b,all_crops,all,all,0.61,100,100,100,1.0,1.0,384,27,27,0.0703125,0.0703125,44,44,44,1.0,1.0
family_ablation,qwen3.5:9b,all_crops,all,all,0.62,100,100,100,1.0,1.0,384,27,27,0.0703125,0.0703125,44,44,44,1.0,1.0
family_ablation,qwen3.5:9b,all_crops,all,all,0.63,100,100,100,1.0,1.0,384,27,27,0.0703125,0.0703125,44,44,44,1.0,1.0
family_ablation,qwen3.5:9b,all_crops,all,all,0.64,100,100,100,1.0,1.0,384,24,24,0.0625,0.0625,44,44,44,1.0,1.0
family_ablation,qwen3.5:9b,all_crops,all,all,0.65,100,100,100,1.0,1.0,384,24,24,0.0625,0.0625,44,44,44,1.0,1.0
family_ablation,qwen3.5:9b,all_crops,all,all,0.66,100,100,100,1.0,1.0,384,24,24,0.0625,0.0625,44,44,44,1.0,1.0
family_ablation,qwen3.5:9b,all_crops,all,all,0.67,100,100,100,1.0,1.0,384,24,24,0.0625,0.0625,44,44,44,1.0,1.0
family_ablation,qwen3.5:9b,all_crops,all,all,0.68,100,100,100,1.0,1.0,384,24,24,0.0625,0.0625,44,44,44,1.0,1.0
family_ablation,qwen3.5:9b,all_crops,all,all,0.69,100,100,100,1.0,1.0,384,23,23,0.059895833333333336,0.059895833333333336,44,44,44,1.0,1.0
family_ablation,qwen3.5:9b,all_crops,all,all,0.7,100,100,100,1.0,1.0,384,23,23,0.059895833333333336,0.059895833333333336,44,44,44,1.0,1.0
family_ablation,qwen3.5:9b,all_crops,all,all,0.71,100,100,100,1.0,1.0,384,20,20,0.052083333333333336,0.052083333333333336,44,44,44,1.0,1.0
family_ablation,qwen3.5:9b,all_crops,all,all,0.72,100,100,100,1.0,1.0,384,20,20,0.052083333333333336,0.052083333333333336,44,44,44,1.0,1.0
family_ablation,qwen3.5:9b,all_crops,all,all,0.73,100,100,100,1.0,1.0,384,19,19,0.049479166666666664,0.049479166666666664,44,44,44,1.0,1.0
family_ablation,qwen3.5:9b,all_crops,all,all,0.74,100,100,100,1.0,1.0,384,18,18,0.046875,0.046875,44,44,44,1.0,1.0
family_ablation,qwen3.5:9b,all_crops,all,all,0.75,100,100,100,1.0,1.0,384,14,14,0.036458333333333336,0.036458333333333336,44,44,44,1.0,1.0
family_ablation,qwen3.5:9b,all_crops,all,all,0.76,100,100,100,1.0,1.0,384,14,14,0.036458333333333336,0.036458333333333336,44,44,44,1.0,1.0
family_ablation,qwen3.5:9b,all_crops,all,all,0.77,100,100,100,1.0,1.0,384,14,14,0.036458333333333336,0.036458333333333336,44,44,44,1.0,1.0
family_ablation,qwen3.5:9b,all_crops,all,all,0.78,100,100,100,1.0,1.0,384,14,14,0.036458333333333336,0.036458333333333336,44,44,44,1.0,1.0
family_ablation,qwen3.5:9b,all_crops,all,all,0.79,100,100,100,1.0,1.0,384,14,14,0.036458333333333336,0.036458333333333336,44,44,44,1.0,1.0
family_ablation,qwen3.5:9b,all_crops,all,all,0.8,100,100,100,1.0,1.0,384,11,11,0.028645833333333332,0.028645833333333332,44,44,44,1.0,1.0
family_ablation,qwen3.5:9b,all_crops,all,all,0.81,100,100,100,1.0,1.0,384,11,11,0.028645833333333332,0.028645833333333332,44,44,44,1.0,1.0
family_ablation,qwen3.5:9b,all_crops,all,all,0.82,100,100,100,1.0,1.0,384,10,10,0.026041666666666668,0.026041666666666668,44,44,44,1.0,1.0
family_ablation,qwen3.5:9b,all_crops,all,all,0.83,100,100,100,1.0,1.0,384,9,9,0.0234375,0.0234375,44,44,44,1.0,1.0
family_ablation,qwen3.5:9b,all_crops,all,all,0.84,100,100,100,1.0,1.0,384,9,9,0.0234375,0.0234375,44,44,44,1.0,1.0
family_ablation,qwen3.5:9b,all_crops,all,all,0.85,100,98,98,0.98,0.98,384,9,9,0.0234375,0.0234375,44,43,43,0.9772727272727273,0.9772727272727273
family_ablation,qwen3.5:9b,all_crops,all,all,0.86,100,95,95,0.95,0.95,384,9,9,0.0234375,0.0234375,44,42,42,0.9545454545454546,0.9545454545454546
family_ablation,qwen3.5:9b,all_crops,all,all,0.87,100,93,93,0.93,0.93,384,7,7,0.018229166666666668,0.018229166666666668,44,41,41,0.9318181818181818,0.9318181818181818
family_ablation,qwen3.5:9b,all_crops,all,all,0.88,100,89,89,0.89,0.89,384,7,7,0.018229166666666668,0.018229166666666668,44,39,39,0.8863636363636364,0.8863636363636364
family_ablation,qwen3.5:9b,all_crops,all,all,0.89,100,87,87,0.87,0.87,384,7,7,0.018229166666666668,0.018229166666666668,44,38,38,0.8636363636363636,0.8636363636363636
family_ablation,qwen3.5:9b,all_crops,all,all,0.9,100,87,87,0.87,0.87,384,7,7,0.018229166666666668,0.018229166666666668,44,38,38,0.8636363636363636,0.8636363636363636
family_ablation,qwen3.5:9b,all_crops,all,all,0.91,100,87,87,0.87,0.87,384,7,7,0.018229166666666668,0.018229166666666668,44,38,38,0.8636363636363636,0.8636363636363636
family_ablation,qwen3.5:9b,all_crops,all,all,0.92,100,87,87,0.87,0.87,384,7,7,0.018229166666666668,0.018229166666666668,44,38,38,0.8636363636363636,0.8636363636363636
family_ablation,qwen3.5:9b,all_crops,all,all,0.93,100,87,87,0.87,0.87,384,7,7,0.018229166666666668,0.018229166666666668,44,38,38,0.8636363636363636,0.8636363636363636
family_ablation,qwen3.5:9b,all_crops,all,all,0.94,100,85,85,0.85,0.85,384,3,3,0.0078125,0.0078125,44,37,37,0.8409090909090909,0.8409090909090909
family_ablation,qwen3.5:9b,all_crops,all,all,0.95,100,83,83,0.83,0.83,384,3,3,0.0078125,0.0078125,44,36,36,0.8181818181818182,0.8181818181818182
family_ablation,qwen3.5:9b,all_crops,all,all,0.96,100,81,81,0.81,0.81,384,2,2,0.005208333333333333,0.005208333333333333,44,35,35,0.7954545454545454,0.7954545454545454
family_ablation,qwen3.5:9b,all_crops,all,all,0.97,100,75,75,0.75,0.75,384,2,2,0.005208333333333333,0.005208333333333333,44,33,33,0.75,0.75
family_ablation,qwen3.5:9b,all_crops,all,all,0.98,100,65,65,0.65,0.65,384,2,2,0.005208333333333333,0.005208333333333333,44,29,29,0.6590909090909091,0.6590909090909091
family_ablation,qwen3.5:9b,all_crops,all,all,0.99,100,51,51,0.51,0.51,384,2,2,0.005208333333333333,0.005208333333333333,44,21,21,0.4772727272727273,0.4772727272727273
family_ablation,qwen3.5:9b,all_crops,all,all,0.995,100,17,17,0.17,0.17,384,2,2,0.005208333333333333,0.005208333333333333,44,7,7,0.1590909090909091,0.1590909090909091
family_ablation,qwen3.5:9b,all_crops,all,all,0.999,100,0,0,0.0,0.0,384,0,0,0.0,0.0,44,0,0,0.0,0.0
family_ablation,qwen3.5:9b,all_crops,all,all,0.9999,100,0,0,0.0,0.0,384,0,0,0.0,0.0,44,0,0,0.0,0.0
family_ablation,qwen3.5:9b,all_crops,all,all,0.99999,100,0,0,0.0,0.0,384,0,0,0.0,0.0,44,0,0,0.0,0.0
family_ablation,qwen3.5:9b,all_crops,all,all,0.999999,100,0,0,0.0,0.0,384,0,0,0.0,0.0,44,0,0,0.0,0.0
family_ablation,qwen3.5:9b,all_crops,all,all,1.0,100,0,0,0.0,0.0,384,0,0,0.0,0.0,44,0,0,0.0,0.0
family_ablation,qwen3.5:9b,autonomous_depth_only,original,all,0.0,25,25,25,1.0,1.0,96,96,96,1.0,1.0,11,11,11,1.0,1.0
family_ablation,qwen3.5:9b,autonomous_depth_only,original,all,0.01,25,25,25,1.0,1.0,96,79,79,0.8229166666666666,0.8229166666666666,11,11,11,1.0,1.0
family_ablation,qwen3.5:9b,autonomous_depth_only,original,all,0.02,25,25,25,1.0,1.0,96,46,46,0.4791666666666667,0.4791666666666667,11,11,11,1.0,1.0
family_ablation,qwen3.5:9b,autonomous_depth_only,original,all,0.03,25,25,25,1.0,1.0,96,36,36,0.375,0.375,11,11,11,1.0,1.0
family_ablation,qwen3.5:9b,autonomous_depth_only,original,all,0.04,25,25,25,1.0,1.0,96,26,26,0.2708333333333333,0.2708333333333333,11,11,11,1.0,1.0
family_ablation,qwen3.5:9b,autonomous_depth_only,original,all,0.05,25,25,25,1.0,1.0,96,23,23,0.23958333333333334,0.23958333333333334,11,11,11,1.0,1.0
family_ablation,qwen3.5:9b,autonomous_depth_only,original,all,0.06,25,25,25,1.0,1.0,96,23,23,0.23958333333333334,0.23958333333333334,11,11,11,1.0,1.0
family_ablation,qwen3.5:9b,autonomous_depth_only,original,all,0.07,25,25,25,1.0,1.0,96,23,23,0.23958333333333334,0.23958333333333334,11,11,11,1.0,1.0
family_ablation,qwen3.5:9b,autonomous_depth_only,original,all,0.08,25,25,25,1.0,1.0,96,19,19,0.19791666666666666,0.19791666666666666,11,11,11,1.0,1.0
family_ablation,qwen3.5:9b,autonomous_depth_only,original,all,0.09,25,25,25,1.0,1.0,96,19,19,0.19791666666666666,0.19791666666666666,11,11,11,1.0,1.0
family_ablation,qwen3.5:9b,autonomous_depth_only,original,all,0.1,25,25,25,1.0,1.0,96,19,19,0.19791666666666666,0.19791666666666666,11,11,11,1.0,1.0
family_ablation,qwen3.5:9b,autonomous_depth_only,original,all,0.11,25,25,25,1.0,1.0,96,19,19,0.19791666666666666,0.19791666666666666,11,11,11,1.0,1.0
family_ablation,qwen3.5:9b,autonomous_depth_only,original,all,0.12,25,25,25,1.0,1.0,96,19,19,0.19791666666666666,0.19791666666666666,11,11,11,1.0,1.0
family_ablation,qwen3.5:9b,autonomous_depth_only,original,all,0.13,25,25,25,1.0,1.0,96,18,18,0.1875,0.1875,11,11,11,1.0,1.0
family_ablation,qwen3.5:9b,autonomous_depth_only,original,all,0.14,25,25,25,1.0,1.0,96,18,18,0.1875,0.1875,11,11,11,1.0,1.0
family_ablation,qwen3.5:9b,autonomous_depth_only,original,all,0.15,25,25,25,1.0,1.0,96,17,17,0.17708333333333334,0.17708333333333334,11,11,11,1.0,1.0
family_ablation,qwen3.5:9b,autonomous_depth_only,original,all,0.16,25,25,25,1.0,1.0,96,17,17,0.17708333333333334,0.17708333333333334,11,11,11,1.0,1.0
family_ablation,qwen3.5:9b,autonomous_depth_only,original,all,0.17,25,25,25,1.0,1.0,96,17,17,0.17708333333333334,0.17708333333333334,11,11,11,1.0,1.0
family_ablation,qwen3.5:9b,autonomous_depth_only,original,all,0.18,25,25,25,1.0,1.0,96,17,17,0.17708333333333334,0.17708333333333334,11,11,11,1.0,1.0
family_ablation,qwen3.5:9b,autonomous_depth_only,original,all,0.19,25,25,25,1.0,1.0,96,14,14,0.14583333333333334,0.14583333333333334,11,11,11,1.0,1.0
family_ablation,qwen3.5:9b,autonomous_depth_only,original,all,0.2,25,25,25,1.0,1.0,96,14,14,0.14583333333333334,0.14583333333333334,11,11,11,1.0,1.0
family_ablation,qwen3.5:9b,autonomous_depth_only,original,all,0.21,25,25,25,1.0,1.0,96,14,14,0.14583333333333334,0.14583333333333334,11,11,11,1.0,1.0
family_ablation,qwen3.5:9b,autonomous_depth_only,original,all,0.22,25,25,25,1.0,1.0,96,14,14,0.14583333333333334,0.14583333333333334,11,11,11,1.0,1.0
family_ablation,qwen3.5:9b,autonomous_depth_only,original,all,0.23,25,25,25,1.0,1.0,96,14,14,0.14583333333333334,0.14583333333333334,11,11,11,1.0,1.0
family_ablation,qwen3.5:9b,autonomous_depth_only,original,all,0.24,25,25,25,1.0,1.0,96,14,14,0.14583333333333334,0.14583333333333334,11,11,11,1.0,1.0
family_ablation,qwen3.5:9b,autonomous_depth_only,original,all,0.25,25,25,25,1.0,1.0,96,14,14,0.14583333333333334,0.14583333333333334,11,11,11,1.0,1.0
family_ablation,qwen3.5:9b,autonomous_depth_only,original,all,0.26,25,25,25,1.0,1.0,96,14,14,0.14583333333333334,0.14583333333333334,11,11,11,1.0,1.0
family_ablation,qwen3.5:9b,autonomous_depth_only,original,all,0.27,25,25,25,1.0,1.0,96,14,14,0.14583333333333334,0.14583333333333334,11,11,11,1.0,1.0
family_ablation,qwen3.5:9b,autonomous_depth_only,original,all,0.28,25,25,25,1.0,1.0,96,14,14,0.14583333333333334,0.14583333333333334,11,11,11,1.0,1.0
family_ablation,qwen3.5:9b,autonomous_depth_only,original,all,0.29,25,25,25,1.0,1.0,96,14,14,0.14583333333333334,0.14583333333333334,11,11,11,1.0,1.0
family_ablation,qwen3.5:9b,autonomous_depth_only,original,all,0.3,25,25,25,1.0,1.0,96,14,14,0.14583333333333334,0.14583333333333334,11,11,11,1.0,1.0
family_ablation,qwen3.5:9b,autonomous_depth_only,original,all,0.31,25,25,25,1.0,1.0,96,14,14,0.14583333333333334,0.14583333333333334,11,11,11,1.0,1.0
family_ablation,qwen3.5:9b,autonomous_depth_only,original,all,0.32,25,25,25,1.0,1.0,96,14,14,0.14583333333333334,0.14583333333333334,11,11,11,1.0,1.0
family_ablation,qwen3.5:9b,autonomous_depth_only,original,all,0.33,25,25,25,1.0,1.0,96,14,14,0.14583333333333334,0.14583333333333334,11,11,11,1.0,1.0
family_ablation,qwen3.5:9b,autonomous_depth_only,original,all,0.34,25,25,25,1.0,1.0,96,14,14,0.14583333333333334,0.14583333333333334,11,11,11,1.0,1.0
family_ablation,qwen3.5:9b,autonomous_depth_only,original,all,0.35,25,25,25,1.0,1.0,96,14,14,0.14583333333333334,0.14583333333333334,11,11,11,1.0,1.0
family_ablation,qwen3.5:9b,autonomous_depth_only,original,all,0.36,25,25,25,1.0,1.0,96,14,14,0.14583333333333334,0.14583333333333334,11,11,11,1.0,1.0
family_ablation,qwen3.5:9b,autonomous_depth_only,original,all,0.37,25,25,25,1.0,1.0,96,14,14,0.14583333333333334,0.14583333333333334,11,11,11,1.0,1.0
family_ablation,qwen3.5:9b,autonomous_depth_only,original,all,0.38,25,25,25,1.0,1.0,96,14,14,0.14583333333333334,0.14583333333333334,11,11,11,1.0,1.0
family_ablation,qwen3.5:9b,autonomous_depth_only,original,all,0.39,25,25,25,1.0,1.0,96,13,13,0.13541666666666666,0.13541666666666666,11,11,11,1.0,1.0
family_ablation,qwen3.5:9b,autonomous_depth_only,original,all,0.4,25,25,25,1.0,1.0,96,13,13,0.13541666666666666,0.13541666666666666,11,11,11,1.0,1.0
family_ablation,qwen3.5:9b,autonomous_depth_only,original,all,0.41,25,25,25,1.0,1.0,96,13,13,0.13541666666666666,0.13541666666666666,11,11,11,1.0,1.0
family_ablation,qwen3.5:9b,autonomous_depth_only,original,all,0.42,25,25,25,1.0,1.0,96,13,13,0.13541666666666666,0.13541666666666666,11,11,11,1.0,1.0
family_ablation,qwen3.5:9b,autonomous_depth_only,original,all,0.43,25,25,25,1.0,1.0,96,13,13,0.13541666666666666,0.13541666666666666,11,11,11,1.0,1.0
family_ablation,qwen3.5:9b,autonomous_depth_only,original,all,0.44,25,25,25,1.0,1.0,96,13,13,0.13541666666666666,0.13541666666666666,11,11,11,1.0,1.0
family_ablation,qwen3.5:9b,autonomous_depth_only,original,all,0.45,25,25,25,1.0,1.0,96,13,13,0.13541666666666666,0.13541666666666666,11,11,11,1.0,1.0
family_ablation,qwen3.5:9b,autonomous_depth_only,original,all,0.46,25,25,25,1.0,1.0,96,13,13,0.13541666666666666,0.13541666666666666,11,11,11,1.0,1.0
family_ablation,qwen3.5:9b,autonomous_depth_only,original,all,0.47,25,25,25,1.0,1.0,96,13,13,0.13541666666666666,0.13541666666666666,11,11,11,1.0,1.0
family_ablation,qwen3.5:9b,autonomous_depth_only,original,all,0.48,25,25,25,1.0,1.0,96,13,13,0.13541666666666666,0.13541666666666666,11,11,11,1.0,1.0
family_ablation,qwen3.5:9b,autonomous_depth_only,original,all,0.49,25,25,25,1.0,1.0,96,13,13,0.13541666666666666,0.13541666666666666,11,11,11,1.0,1.0
family_ablation,qwen3.5:9b,autonomous_depth_only,original,all,0.5,25,25,25,1.0,1.0,96,10,10,0.10416666666666667,0.10416666666666667,11,11,11,1.0,1.0
family_ablation,qwen3.5:9b,autonomous_depth_only,original,all,0.51,25,25,25,1.0,1.0,96,10,10,0.10416666666666667,0.10416666666666667,11,11,11,1.0,1.0
family_ablation,qwen3.5:9b,autonomous_depth_only,original,all,0.52,25,25,25,1.0,1.0,96,9,9,0.09375,0.09375,11,11,11,1.0,1.0
family_ablation,qwen3.5:9b,autonomous_depth_only,original,all,0.53,25,25,25,1.0,1.0,96,9,9,0.09375,0.09375,11,11,11,1.0,1.0
family_ablation,qwen3.5:9b,autonomous_depth_only,original,all,0.54,25,25,25,1.0,1.0,96,9,9,0.09375,0.09375,11,11,11,1.0,1.0
family_ablation,qwen3.5:9b,autonomous_depth_only,original,all,0.55,25,25,25,1.0,1.0,96,6,6,0.0625,0.0625,11,11,11,1.0,1.0
family_ablation,qwen3.5:9b,autonomous_depth_only,original,all,0.56,25,25,25,1.0,1.0,96,6,6,0.0625,0.0625,11,11,11,1.0,1.0
family_ablation,qwen3.5:9b,autonomous_depth_only,original,all,0.57,25,25,25,1.0,1.0,96,6,6,0.0625,0.0625,11,11,11,1.0,1.0
family_ablation,qwen3.5:9b,autonomous_depth_only,original,all,0.58,25,25,25,1.0,1.0,96,6,6,0.0625,0.0625,11,11,11,1.0,1.0
family_ablation,qwen3.5:9b,autonomous_depth_only,original,all,0.59,25,25,25,1.0,1.0,96,6,6,0.0625,0.0625,11,11,11,1.0,1.0
family_ablation,qwen3.5:9b,autonomous_depth_only,original,all,0.6,25,25,25,1.0,1.0,96,6,6,0.0625,0.0625,11,11,11,1.0,1.0
family_ablation,qwen3.5:9b,autonomous_depth_only,original,all,0.61,25,25,25,1.0,1.0,96,6,6,0.0625,0.0625,11,11,11,1.0,1.0
family_ablation,qwen3.5:9b,autonomous_depth_only,original,all,0.62,25,25,25,1.0,1.0,96,6,6,0.0625,0.0625,11,11,11,1.0,1.0
family_ablation,qwen3.5:9b,autonomous_depth_only,original,all,0.63,25,25,25,1.0,1.0,96,6,6,0.0625,0.0625,11,11,11,1.0,1.0
family_ablation,qwen3.5:9b,autonomous_depth_only,original,all,0.64,25,25,25,1.0,1.0,96,3,3,0.03125,0.03125,11,11,11,1.0,1.0
family_ablation,qwen3.5:9b,autonomous_depth_only,original,all,0.65,25,25,25,1.0,1.0,96,3,3,0.03125,0.03125,11,11,11,1.0,1.0
family_ablation,qwen3.5:9b,autonomous_depth_only,original,all,0.66,25,25,25,1.0,1.0,96,3,3,0.03125,0.03125,11,11,11,1.0,1.0
family_ablation,qwen3.5:9b,autonomous_depth_only,original,all,0.67,25,25,25,1.0,1.0,96,3,3,0.03125,0.03125,11,11,11,1.0,1.0
family_ablation,qwen3.5:9b,autonomous_depth_only,original,all,0.68,25,25,25,1.0,1.0,96,3,3,0.03125,0.03125,11,11,11,1.0,1.0
family_ablation,qwen3.5:9b,autonomous_depth_only,original,all,0.69,25,25,25,1.0,1.0,96,2,2,0.020833333333333332,0.020833333333333332,11,11,11,1.0,1.0
family_ablation,qwen3.5:9b,autonomous_depth_only,original,all,0.7,25,25,25,1.0,1.0,96,2,2,0.020833333333333332,0.020833333333333332,11,11,11,1.0,1.0
family_ablation,qwen3.5:9b,autonomous_depth_only,original,all,0.71,25,25,25,1.0,1.0,96,2,2,0.020833333333333332,0.020833333333333332,11,11,11,1.0,1.0
family_ablation,qwen3.5:9b,autonomous_depth_only,original,all,0.72,25,25,25,1.0,1.0,96,2,2,0.020833333333333332,0.020833333333333332,11,11,11,1.0,1.0
family_ablation,qwen3.5:9b,autonomous_depth_only,original,all,0.73,25,25,25,1.0,1.0,96,2,2,0.020833333333333332,0.020833333333333332,11,11,11,1.0,1.0
family_ablation,qwen3.5:9b,autonomous_depth_only,original,all,0.74,25,25,25,1.0,1.0,96,1,1,0.010416666666666666,0.010416666666666666,11,11,11,1.0,1.0
family_ablation,qwen3.5:9b,autonomous_depth_only,original,all,0.75,25,25,25,1.0,1.0,96,1,1,0.010416666666666666,0.010416666666666666,11,11,11,1.0,1.0
family_ablation,qwen3.5:9b,autonomous_depth_only,original,all,0.76,25,25,25,1.0,1.0,96,1,1,0.010416666666666666,0.010416666666666666,11,11,11,1.0,1.0
family_ablation,qwen3.5:9b,autonomous_depth_only,original,all,0.77,25,25,25,1.0,1.0,96,1,1,0.010416666666666666,0.010416666666666666,11,11,11,1.0,1.0
family_ablation,qwen3.5:9b,autonomous_depth_only,original,all,0.78,25,25,25,1.0,1.0,96,1,1,0.010416666666666666,0.010416666666666666,11,11,11,1.0,1.0
family_ablation,qwen3.5:9b,autonomous_depth_only,original,all,0.79,25,25,25,1.0,1.0,96,1,1,0.010416666666666666,0.010416666666666666,11,11,11,1.0,1.0
family_ablation,qwen3.5:9b,autonomous_depth_only,original,all,0.8,25,25,25,1.0,1.0,96,1,1,0.010416666666666666,0.010416666666666666,11,11,11,1.0,1.0
family_ablation,qwen3.5:9b,autonomous_depth_only,original,all,0.81,25,25,25,1.0,1.0,96,1,1,0.010416666666666666,0.010416666666666666,11,11,11,1.0,1.0
family_ablation,qwen3.5:9b,autonomous_depth_only,original,all,0.82,25,25,25,1.0,1.0,96,1,1,0.010416666666666666,0.010416666666666666,11,11,11,1.0,1.0
family_ablation,qwen3.5:9b,autonomous_depth_only,original,all,0.83,25,25,25,1.0,1.0,96,1,1,0.010416666666666666,0.010416666666666666,11,11,11,1.0,1.0
family_ablation,qwen3.5:9b,autonomous_depth_only,original,all,0.84,25,25,25,1.0,1.0,96,1,1,0.010416666666666666,0.010416666666666666,11,11,11,1.0,1.0
family_ablation,qwen3.5:9b,autonomous_depth_only,original,all,0.85,25,25,25,1.0,1.0,96,1,1,0.010416666666666666,0.010416666666666666,11,11,11,1.0,1.0
family_ablation,qwen3.5:9b,autonomous_depth_only,original,all,0.86,25,25,25,1.0,1.0,96,1,1,0.010416666666666666,0.010416666666666666,11,11,11,1.0,1.0
family_ablation,qwen3.5:9b,autonomous_depth_only,original,all,0.87,25,25,25,1.0,1.0,96,1,1,0.010416666666666666,0.010416666666666666,11,11,11,1.0,1.0
family_ablation,qwen3.5:9b,autonomous_depth_only,original,all,0.88,25,23,23,0.92,0.92,96,1,1,0.010416666666666666,0.010416666666666666,11,10,10,0.9090909090909091,0.9090909090909091
family_ablation,qwen3.5:9b,autonomous_depth_only,original,all,0.89,25,23,23,0.92,0.92,96,1,1,0.010416666666666666,0.010416666666666666,11,10,10,0.9090909090909091,0.9090909090909091
family_ablation,qwen3.5:9b,autonomous_depth_only,original,all,0.9,25,23,23,0.92,0.92,96,1,1,0.010416666666666666,0.010416666666666666,11,10,10,0.9090909090909091,0.9090909090909091
family_ablation,qwen3.5:9b,autonomous_depth_only,original,all,0.91,25,23,23,0.92,0.92,96,1,1,0.010416666666666666,0.010416666666666666,11,10,10,0.9090909090909091,0.9090909090909091
family_ablation,qwen3.5:9b,autonomous_depth_only,original,all,0.92,25,23,23,0.92,0.92,96,1,1,0.010416666666666666,0.010416666666666666,11,10,10,0.9090909090909091,0.9090909090909091
family_ablation,qwen3.5:9b,autonomous_depth_only,original,all,0.93,25,23,23,0.92,0.92,96,1,1,0.010416666666666666,0.010416666666666666,11,10,10,0.9090909090909091,0.9090909090909091
family_ablation,qwen3.5:9b,autonomous_depth_only,original,all,0.94,25,23,23,0.92,0.92,96,0,0,0.0,0.0,11,10,10,0.9090909090909091,0.9090909090909091
family_ablation,qwen3.5:9b,autonomous_depth_only,original,all,0.95,25,21,21,0.84,0.84,96,0,0,0.0,0.0,11,9,9,0.8181818181818182,0.8181818181818182
family_ablation,qwen3.5:9b,autonomous_depth_only,original,all,0.96,25,21,21,0.84,0.84,96,0,0,0.0,0.0,11,9,9,0.8181818181818182,0.8181818181818182
family_ablation,qwen3.5:9b,autonomous_depth_only,original,all,0.97,25,21,21,0.84,0.84,96,0,0,0.0,0.0,11,9,9,0.8181818181818182,0.8181818181818182
family_ablation,qwen3.5:9b,autonomous_depth_only,original,all,0.98,25,18,18,0.72,0.72,96,0,0,0.0,0.0,11,8,8,0.7272727272727273,0.7272727272727273
family_ablation,qwen3.5:9b,autonomous_depth_only,original,all,0.99,25,13,13,0.52,0.52,96,0,0,0.0,0.0,11,5,5,0.45454545454545453,0.45454545454545453
family_ablation,qwen3.5:9b,autonomous_depth_only,original,all,0.995,25,4,4,0.16,0.16,96,0,0,0.0,0.0,11,2,2,0.18181818181818182,0.18181818181818182
family_ablation,qwen3.5:9b,autonomous_depth_only,original,all,0.999,25,0,0,0.0,0.0,96,0,0,0.0,0.0,11,0,0,0.0,0.0
family_ablation,qwen3.5:9b,autonomous_depth_only,original,all,0.9999,25,0,0,0.0,0.0,96,0,0,0.0,0.0,11,0,0,0.0,0.0
family_ablation,qwen3.5:9b,autonomous_depth_only,original,all,0.99999,25,0,0,0.0,0.0,96,0,0,0.0,0.0,11,0,0,0.0,0.0
family_ablation,qwen3.5:9b,autonomous_depth_only,original,all,0.999999,25,0,0,0.0,0.0,96,0,0,0.0,0.0,11,0,0,0.0,0.0
family_ablation,qwen3.5:9b,autonomous_depth_only,original,all,1.0,25,0,0,0.0,0.0,96,0,0,0.0,0.0,11,0,0,0.0,0.0
family_ablation,qwen3.5:9b,autonomous_depth_only,state_101,all,0.0,24,24,24,1.0,1.0,86,86,86,1.0,1.0,10,10,10,1.0,1.0
family_ablation,qwen3.5:9b,autonomous_depth_only,state_101,all,0.01,24,24,24,1.0,1.0,86,62,62,0.7209302325581395,0.7209302325581395,10,10,10,1.0,1.0
family_ablation,qwen3.5:9b,autonomous_depth_only,state_101,all,0.02,24,24,24,1.0,1.0,86,32,32,0.37209302325581395,0.37209302325581395,10,10,10,1.0,1.0
family_ablation,qwen3.5:9b,autonomous_depth_only,state_101,all,0.03,24,24,24,1.0,1.0,86,26,26,0.3023255813953488,0.3023255813953488,10,10,10,1.0,1.0
family_ablation,qwen3.5:9b,autonomous_depth_only,state_101,all,0.04,24,24,24,1.0,1.0,86,24,24,0.27906976744186046,0.27906976744186046,10,10,10,1.0,1.0
family_ablation,qwen3.5:9b,autonomous_depth_only,state_101,all,0.05,24,24,24,1.0,1.0,86,21,21,0.2441860465116279,0.2441860465116279,10,10,10,1.0,1.0
family_ablation,qwen3.5:9b,autonomous_depth_only,state_101,all,0.06,24,24,24,1.0,1.0,86,17,17,0.19767441860465115,0.19767441860465115,10,10,10,1.0,1.0
family_ablation,qwen3.5:9b,autonomous_depth_only,state_101,all,0.07,24,24,24,1.0,1.0,86,16,16,0.18604651162790697,0.18604651162790697,10,10,10,1.0,1.0
family_ablation,qwen3.5:9b,autonomous_depth_only,state_101,all,0.08,24,24,24,1.0,1.0,86,16,16,0.18604651162790697,0.18604651162790697,10,10,10,1.0,1.0
family_ablation,qwen3.5:9b,autonomous_depth_only,state_101,all,0.09,24,24,24,1.0,1.0,86,16,16,0.18604651162790697,0.18604651162790697,10,10,10,1.0,1.0
family_ablation,qwen3.5:9b,autonomous_depth_only,state_101,all,0.1,24,24,24,1.0,1.0,86,16,16,0.18604651162790697,0.18604651162790697,10,10,10,1.0,1.0
family_ablation,qwen3.5:9b,autonomous_depth_only,state_101,all,0.11,24,24,24,1.0,1.0,86,16,16,0.18604651162790697,0.18604651162790697,10,10,10,1.0,1.0
family_ablation,qwen3.5:9b,autonomous_depth_only,state_101,all,0.12,24,24,24,1.0,1.0,86,15,15,0.1744186046511628,0.1744186046511628,10,10,10,1.0,1.0
family_ablation,qwen3.5:9b,autonomous_depth_only,state_101,all,0.13,24,24,24,1.0,1.0,86,15,15,0.1744186046511628,0.1744186046511628,10,10,10,1.0,1.0
family_ablation,qwen3.5:9b,autonomous_depth_only,state_101,all,0.14,24,24,24,1.0,1.0,86,15,15,0.1744186046511628,0.1744186046511628,10,10,10,1.0,1.0
family_ablation,qwen3.5:9b,autonomous_depth_only,state_101,all,0.15,24,24,24,1.0,1.0,86,15,15,0.1744186046511628,0.1744186046511628,10,10,10,1.0,1.0
family_ablation,qwen3.5:9b,autonomous_depth_only,state_101,all,0.16,24,24,24,1.0,1.0,86,15,15,0.1744186046511628,0.1744186046511628,10,10,10,1.0,1.0
family_ablation,qwen3.5:9b,autonomous_depth_only,state_101,all,0.17,24,24,24,1.0,1.0,86,15,15,0.1744186046511628,0.1744186046511628,10,10,10,1.0,1.0
family_ablation,qwen3.5:9b,autonomous_depth_only,state_101,all,0.18,24,24,24,1.0,1.0,86,15,15,0.1744186046511628,0.1744186046511628,10,10,10,1.0,1.0
family_ablation,qwen3.5:9b,autonomous_depth_only,state_101,all,0.19,24,24,24,1.0,1.0,86,15,15,0.1744186046511628,0.1744186046511628,10,10,10,1.0,1.0
family_ablation,qwen3.5:9b,autonomous_depth_only,state_101,all,0.2,24,24,24,1.0,1.0,86,15,15,0.1744186046511628,0.1744186046511628,10,10,10,1.0,1.0
family_ablation,qwen3.5:9b,autonomous_depth_only,state_101,all,0.21,24,24,24,1.0,1.0,86,15,15,0.1744186046511628,0.1744186046511628,10,10,10,1.0,1.0
family_ablation,qwen3.5:9b,autonomous_depth_only,state_101,all,0.22,24,24,24,1.0,1.0,86,15,15,0.1744186046511628,0.1744186046511628,10,10,10,1.0,1.0
family_ablation,qwen3.5:9b,autonomous_depth_only,state_101,all,0.23,24,24,24,1.0,1.0,86,15,15,0.1744186046511628,0.1744186046511628,10,10,10,1.0,1.0
family_ablation,qwen3.5:9b,autonomous_depth_only,state_101,all,0.24,24,24,24,1.0,1.0,86,15,15,0.1744186046511628,0.1744186046511628,10,10,10,1.0,1.0
family_ablation,qwen3.5:9b,autonomous_depth_only,state_101,all,0.25,24,24,24,1.0,1.0,86,15,15,0.1744186046511628,0.1744186046511628,10,10,10,1.0,1.0
family_ablation,qwen3.5:9b,autonomous_depth_only,state_101,all,0.26,24,24,24,1.0,1.0,86,15,15,0.1744186046511628,0.1744186046511628,10,10,10,1.0,1.0
family_ablation,qwen3.5:9b,autonomous_depth_only,state_101,all,0.27,24,24,24,1.0,1.0,86,15,15,0.1744186046511628,0.1744186046511628,10,10,10,1.0,1.0
family_ablation,qwen3.5:9b,autonomous_depth_only,state_101,all,0.28,24,24,24,1.0,1.0,86,15,15,0.1744186046511628,0.1744186046511628,10,10,10,1.0,1.0
family_ablation,qwen3.5:9b,autonomous_depth_only,state_101,all,0.29,24,24,24,1.0,1.0,86,15,15,0.1744186046511628,0.1744186046511628,10,10,10,1.0,1.0
family_ablation,qwen3.5:9b,autonomous_depth_only,state_101,all,0.3,24,24,24,1.0,1.0,86,15,15,0.1744186046511628,0.1744186046511628,10,10,10,1.0,1.0
family_ablation,qwen3.5:9b,autonomous_depth_only,state_101,all,0.31,24,24,24,1.0,1.0,86,15,15,0.1744186046511628,0.1744186046511628,10,10,10,1.0,1.0
family_ablation,qwen3.5:9b,autonomous_depth_only,state_101,all,0.32,24,24,24,1.0,1.0,86,15,15,0.1744186046511628,0.1744186046511628,10,10,10,1.0,1.0
family_ablation,qwen3.5:9b,autonomous_depth_only,state_101,all,0.33,24,24,24,1.0,1.0,86,15,15,0.1744186046511628,0.1744186046511628,10,10,10,1.0,1.0
family_ablation,qwen3.5:9b,autonomous_depth_only,state_101,all,0.34,24,24,24,1.0,1.0,86,15,15,0.1744186046511628,0.1744186046511628,10,10,10,1.0,1.0
family_ablation,qwen3.5:9b,autonomous_depth_only,state_101,all,0.35,24,24,24,1.0,1.0,86,15,15,0.1744186046511628,0.1744186046511628,10,10,10,1.0,1.0
family_ablation,qwen3.5:9b,autonomous_depth_only,state_101,all,0.36,24,24,24,1.0,1.0,86,15,15,0.1744186046511628,0.1744186046511628,10,10,10,1.0,1.0
family_ablation,qwen3.5:9b,autonomous_depth_only,state_101,all,0.37,24,24,24,1.0,1.0,86,15,15,0.1744186046511628,0.1744186046511628,10,10,10,1.0,1.0
family_ablation,qwen3.5:9b,autonomous_depth_only,state_101,all,0.38,24,24,24,1.0,1.0,86,15,15,0.1744186046511628,0.1744186046511628,10,10,10,1.0,1.0
family_ablation,qwen3.5:9b,autonomous_depth_only,state_101,all,0.39,24,24,24,1.0,1.0,86,15,15,0.1744186046511628,0.1744186046511628,10,10,10,1.0,1.0
family_ablation,qwen3.5:9b,autonomous_depth_only,state_101,all,0.4,24,24,24,1.0,1.0,86,15,15,0.1744186046511628,0.1744186046511628,10,10,10,1.0,1.0
family_ablation,qwen3.5:9b,autonomous_depth_only,state_101,all,0.41,24,24,24,1.0,1.0,86,15,15,0.1744186046511628,0.1744186046511628,10,10,10,1.0,1.0
family_ablation,qwen3.5:9b,autonomous_depth_only,state_101,all,0.42,24,24,24,1.0,1.0,86,15,15,0.1744186046511628,0.1744186046511628,10,10,10,1.0,1.0
family_ablation,qwen3.5:9b,autonomous_depth_only,state_101,all,0.43,24,24,24,1.0,1.0,86,15,15,0.1744186046511628,0.1744186046511628,10,10,10,1.0,1.0
family_ablation,qwen3.5:9b,autonomous_depth_only,state_101,all,0.44,24,24,24,1.0,1.0,86,15,15,0.1744186046511628,0.1744186046511628,10,10,10,1.0,1.0
family_ablation,qwen3.5:9b,autonomous_depth_only,state_101,all,0.45,24,24,24,1.0,1.0,86,15,15,0.1744186046511628,0.1744186046511628,10,10,10,1.0,1.0
family_ablation,qwen3.5:9b,autonomous_depth_only,state_101,all,0.46,24,24,24,1.0,1.0,86,15,15,0.1744186046511628,0.1744186046511628,10,10,10,1.0,1.0
family_ablation,qwen3.5:9b,autonomous_depth_only,state_101,all,0.47,24,24,24,1.0,1.0,86,15,15,0.1744186046511628,0.1744186046511628,10,10,10,1.0,1.0
family_ablation,qwen3.5:9b,autonomous_depth_only,state_101,all,0.48,24,24,24,1.0,1.0,86,15,15,0.1744186046511628,0.1744186046511628,10,10,10,1.0,1.0
family_ablation,qwen3.5:9b,autonomous_depth_only,state_101,all,0.49,24,24,24,1.0,1.0,86,15,15,0.1744186046511628,0.1744186046511628,10,10,10,1.0,1.0
family_ablation,qwen3.5:9b,autonomous_depth_only,state_101,all,0.5,24,24,24,1.0,1.0,86,15,15,0.1744186046511628,0.1744186046511628,10,10,10,1.0,1.0
family_ablation,qwen3.5:9b,autonomous_depth_only,state_101,all,0.51,24,24,24,1.0,1.0,86,15,15,0.1744186046511628,0.1744186046511628,10,10,10,1.0,1.0
family_ablation,qwen3.5:9b,autonomous_depth_only,state_101,all,0.52,24,24,24,1.0,1.0,86,15,15,0.1744186046511628,0.1744186046511628,10,10,10,1.0,1.0
family_ablation,qwen3.5:9b,autonomous_depth_only,state_101,all,0.53,24,24,24,1.0,1.0,86,15,15,0.1744186046511628,0.1744186046511628,10,10,10,1.0,1.0
family_ablation,qwen3.5:9b,autonomous_depth_only,state_101,all,0.54,24,24,24,1.0,1.0,86,12,12,0.13953488372093023,0.13953488372093023,10,10,10,1.0,1.0
family_ablation,qwen3.5:9b,autonomous_depth_only,state_101,all,0.55,24,24,24,1.0,1.0,86,12,12,0.13953488372093023,0.13953488372093023,10,10,10,1.0,1.0
family_ablation,qwen3.5:9b,autonomous_depth_only,state_101,all,0.56,24,24,24,1.0,1.0,86,12,12,0.13953488372093023,0.13953488372093023,10,10,10,1.0,1.0
family_ablation,qwen3.5:9b,autonomous_depth_only,state_101,all,0.57,24,24,24,1.0,1.0,86,12,12,0.13953488372093023,0.13953488372093023,10,10,10,1.0,1.0
family_ablation,qwen3.5:9b,autonomous_depth_only,state_101,all,0.58,24,24,24,1.0,1.0,86,12,12,0.13953488372093023,0.13953488372093023,10,10,10,1.0,1.0
family_ablation,qwen3.5:9b,autonomous_depth_only,state_101,all,0.59,24,24,24,1.0,1.0,86,11,11,0.12790697674418605,0.12790697674418605,10,10,10,1.0,1.0
family_ablation,qwen3.5:9b,autonomous_depth_only,state_101,all,0.6,24,24,24,1.0,1.0,86,11,11,0.12790697674418605,0.12790697674418605,10,10,10,1.0,1.0
family_ablation,qwen3.5:9b,autonomous_depth_only,state_101,all,0.61,24,24,24,1.0,1.0,86,11,11,0.12790697674418605,0.12790697674418605,10,10,10,1.0,1.0
family_ablation,qwen3.5:9b,autonomous_depth_only,state_101,all,0.62,24,24,24,1.0,1.0,86,11,11,0.12790697674418605,0.12790697674418605,10,10,10,1.0,1.0
family_ablation,qwen3.5:9b,autonomous_depth_only,state_101,all,0.63,24,24,24,1.0,1.0,86,11,11,0.12790697674418605,0.12790697674418605,10,10,10,1.0,1.0
family_ablation,qwen3.5:9b,autonomous_depth_only,state_101,all,0.64,24,24,24,1.0,1.0,86,11,11,0.12790697674418605,0.12790697674418605,10,10,10,1.0,1.0
family_ablation,qwen3.5:9b,autonomous_depth_only,state_101,all,0.65,24,24,24,1.0,1.0,86,11,11,0.12790697674418605,0.12790697674418605,10,10,10,1.0,1.0
family_ablation,qwen3.5:9b,autonomous_depth_only,state_101,all,0.66,24,24,24,1.0,1.0,86,11,11,0.12790697674418605,0.12790697674418605,10,10,10,1.0,1.0
family_ablation,qwen3.5:9b,autonomous_depth_only,state_101,all,0.67,24,24,24,1.0,1.0,86,11,11,0.12790697674418605,0.12790697674418605,10,10,10,1.0,1.0
family_ablation,qwen3.5:9b,autonomous_depth_only,state_101,all,0.68,24,24,24,1.0,1.0,86,11,11,0.12790697674418605,0.12790697674418605,10,10,10,1.0,1.0
family_ablation,qwen3.5:9b,autonomous_depth_only,state_101,all,0.69,24,24,24,1.0,1.0,86,11,11,0.12790697674418605,0.12790697674418605,10,10,10,1.0,1.0
family_ablation,qwen3.5:9b,autonomous_depth_only,state_101,all,0.7,24,24,24,1.0,1.0,86,11,11,0.12790697674418605,0.12790697674418605,10,10,10,1.0,1.0
family_ablation,qwen3.5:9b,autonomous_depth_only,state_101,all,0.71,24,24,24,1.0,1.0,86,8,8,0.09302325581395349,0.09302325581395349,10,10,10,1.0,1.0
family_ablation,qwen3.5:9b,autonomous_depth_only,state_101,all,0.72,24,24,24,1.0,1.0,86,8,8,0.09302325581395349,0.09302325581395349,10,10,10,1.0,1.0
family_ablation,qwen3.5:9b,autonomous_depth_only,state_101,all,0.73,24,24,24,1.0,1.0,86,8,8,0.09302325581395349,0.09302325581395349,10,10,10,1.0,1.0
family_ablation,qwen3.5:9b,autonomous_depth_only,state_101,all,0.74,24,24,24,1.0,1.0,86,8,8,0.09302325581395349,0.09302325581395349,10,10,10,1.0,1.0
family_ablation,qwen3.5:9b,autonomous_depth_only,state_101,all,0.75,24,24,24,1.0,1.0,86,4,4,0.046511627906976744,0.046511627906976744,10,10,10,1.0,1.0
family_ablation,qwen3.5:9b,autonomous_depth_only,state_101,all,0.76,24,24,24,1.0,1.0,86,4,4,0.046511627906976744,0.046511627906976744,10,10,10,1.0,1.0
family_ablation,qwen3.5:9b,autonomous_depth_only,state_101,all,0.77,24,24,24,1.0,1.0,86,4,4,0.046511627906976744,0.046511627906976744,10,10,10,1.0,1.0
family_ablation,qwen3.5:9b,autonomous_depth_only,state_101,all,0.78,24,24,24,1.0,1.0,86,4,4,0.046511627906976744,0.046511627906976744,10,10,10,1.0,1.0
family_ablation,qwen3.5:9b,autonomous_depth_only,state_101,all,0.79,24,24,24,1.0,1.0,86,4,4,0.046511627906976744,0.046511627906976744,10,10,10,1.0,1.0
family_ablation,qwen3.5:9b,autonomous_depth_only,state_101,all,0.8,24,24,24,1.0,1.0,86,1,1,0.011627906976744186,0.011627906976744186,10,10,10,1.0,1.0
family_ablation,qwen3.5:9b,autonomous_depth_only,state_101,all,0.81,24,24,24,1.0,1.0,86,1,1,0.011627906976744186,0.011627906976744186,10,10,10,1.0,1.0
family_ablation,qwen3.5:9b,autonomous_depth_only,state_101,all,0.82,24,24,24,1.0,1.0,86,1,1,0.011627906976744186,0.011627906976744186,10,10,10,1.0,1.0
family_ablation,qwen3.5:9b,autonomous_depth_only,state_101,all,0.83,24,24,24,1.0,1.0,86,1,1,0.011627906976744186,0.011627906976744186,10,10,10,1.0,1.0
family_ablation,qwen3.5:9b,autonomous_depth_only,state_101,all,0.84,24,24,24,1.0,1.0,86,1,1,0.011627906976744186,0.011627906976744186,10,10,10,1.0,1.0
family_ablation,qwen3.5:9b,autonomous_depth_only,state_101,all,0.85,24,24,24,1.0,1.0,86,1,1,0.011627906976744186,0.011627906976744186,10,10,10,1.0,1.0
family_ablation,qwen3.5:9b,autonomous_depth_only,state_101,all,0.86,24,24,24,1.0,1.0,86,1,1,0.011627906976744186,0.011627906976744186,10,10,10,1.0,1.0
family_ablation,qwen3.5:9b,autonomous_depth_only,state_101,all,0.87,24,24,24,1.0,1.0,86,0,0,0.0,0.0,10,10,10,1.0,1.0
family_ablation,qwen3.5:9b,autonomous_depth_only,state_101,all,0.88,24,22,22,0.9166666666666666,0.9166666666666666,86,0,0,0.0,0.0,10,9,9,0.9,0.9
family_ablation,qwen3.5:9b,autonomous_depth_only,state_101,all,0.89,24,22,22,0.9166666666666666,0.9166666666666666,86,0,0,0.0,0.0,10,9,9,0.9,0.9
family_ablation,qwen3.5:9b,autonomous_depth_only,state_101,all,0.9,24,22,22,0.9166666666666666,0.9166666666666666,86,0,0,0.0,0.0,10,9,9,0.9,0.9
family_ablation,qwen3.5:9b,autonomous_depth_only,state_101,all,0.91,24,22,22,0.9166666666666666,0.9166666666666666,86,0,0,0.0,0.0,10,9,9,0.9,0.9
family_ablation,qwen3.5:9b,autonomous_depth_only,state_101,all,0.92,24,22,22,0.9166666666666666,0.9166666666666666,86,0,0,0.0,0.0,10,9,9,0.9,0.9
family_ablation,qwen3.5:9b,autonomous_depth_only,state_101,all,0.93,24,22,22,0.9166666666666666,0.9166666666666666,86,0,0,0.0,0.0,10,9,9,0.9,0.9
family_ablation,qwen3.5:9b,autonomous_depth_only,state_101,all,0.94,24,22,22,0.9166666666666666,0.9166666666666666,86,0,0,0.0,0.0,10,9,9,0.9,0.9
family_ablation,qwen3.5:9b,autonomous_depth_only,state_101,all,0.95,24,22,22,0.9166666666666666,0.9166666666666666,86,0,0,0.0,0.0,10,9,9,0.9,0.9
family_ablation,qwen3.5:9b,autonomous_depth_only,state_101,all,0.96,24,20,20,0.8333333333333334,0.8333333333333334,86,0,0,0.0,0.0,10,8,8,0.8,0.8
family_ablation,qwen3.5:9b,autonomous_depth_only,state_101,all,0.97,24,17,17,0.7083333333333334,0.7083333333333334,86,0,0,0.0,0.0,10,7,7,0.7,0.7
family_ablation,qwen3.5:9b,autonomous_depth_only,state_101,all,0.98,24,14,14,0.5833333333333334,0.5833333333333334,86,0,0,0.0,0.0,10,6,6,0.6,0.6
family_ablation,qwen3.5:9b,autonomous_depth_only,state_101,all,0.99,24,7,7,0.2916666666666667,0.2916666666666667,86,0,0,0.0,0.0,10,3,3,0.3,0.3
family_ablation,qwen3.5:9b,autonomous_depth_only,state_101,all,0.995,24,4,4,0.16666666666666666,0.16666666666666666,86,0,0,0.0,0.0,10,2,2,0.2,0.2
family_ablation,qwen3.5:9b,autonomous_depth_only,state_101,all,0.999,24,0,0,0.0,0.0,86,0,0,0.0,0.0,10,0,0,0.0,0.0
family_ablation,qwen3.5:9b,autonomous_depth_only,state_101,all,0.9999,24,0,0,0.0,0.0,86,0,0,0.0,0.0,10,0,0,0.0,0.0
family_ablation,qwen3.5:9b,autonomous_depth_only,state_101,all,0.99999,24,0,0,0.0,0.0,86,0,0,0.0,0.0,10,0,0,0.0,0.0
family_ablation,qwen3.5:9b,autonomous_depth_only,state_101,all,0.999999,24,0,0,0.0,0.0,86,0,0,0.0,0.0,10,0,0,0.0,0.0
family_ablation,qwen3.5:9b,autonomous_depth_only,state_101,all,1.0,24,0,0,0.0,0.0,86,0,0,0.0,0.0,10,0,0,0.0,0.0
family_ablation,qwen3.5:9b,autonomous_depth_only,state_202,all,0.0,25,25,25,1.0,1.0,96,96,96,1.0,1.0,11,11,11,1.0,1.0
family_ablation,qwen3.5:9b,autonomous_depth_only,state_202,all,0.01,25,25,25,1.0,1.0,96,68,68,0.7083333333333334,0.7083333333333334,11,11,11,1.0,1.0
family_ablation,qwen3.5:9b,autonomous_depth_only,state_202,all,0.02,25,25,25,1.0,1.0,96,47,47,0.4895833333333333,0.4895833333333333,11,11,11,1.0,1.0
family_ablation,qwen3.5:9b,autonomous_depth_only,state_202,all,0.03,25,25,25,1.0,1.0,96,36,36,0.375,0.375,11,11,11,1.0,1.0
family_ablation,qwen3.5:9b,autonomous_depth_only,state_202,all,0.04,25,25,25,1.0,1.0,96,26,26,0.2708333333333333,0.2708333333333333,11,11,11,1.0,1.0
family_ablation,qwen3.5:9b,autonomous_depth_only,state_202,all,0.05,25,25,25,1.0,1.0,96,26,26,0.2708333333333333,0.2708333333333333,11,11,11,1.0,1.0
family_ablation,qwen3.5:9b,autonomous_depth_only,state_202,all,0.06,25,25,25,1.0,1.0,96,23,23,0.23958333333333334,0.23958333333333334,11,11,11,1.0,1.0
family_ablation,qwen3.5:9b,autonomous_depth_only,state_202,all,0.07,25,25,25,1.0,1.0,96,23,23,0.23958333333333334,0.23958333333333334,11,11,11,1.0,1.0
family_ablation,qwen3.5:9b,autonomous_depth_only,state_202,all,0.08,25,25,25,1.0,1.0,96,19,19,0.19791666666666666,0.19791666666666666,11,11,11,1.0,1.0
family_ablation,qwen3.5:9b,autonomous_depth_only,state_202,all,0.09,25,25,25,1.0,1.0,96,15,15,0.15625,0.15625,11,11,11,1.0,1.0
family_ablation,qwen3.5:9b,autonomous_depth_only,state_202,all,0.1,25,25,25,1.0,1.0,96,15,15,0.15625,0.15625,11,11,11,1.0,1.0
family_ablation,qwen3.5:9b,autonomous_depth_only,state_202,all,0.11,25,25,25,1.0,1.0,96,12,12,0.125,0.125,11,11,11,1.0,1.0
family_ablation,qwen3.5:9b,autonomous_depth_only,state_202,all,0.12,25,25,25,1.0,1.0,96,12,12,0.125,0.125,11,11,11,1.0,1.0
family_ablation,qwen3.5:9b,autonomous_depth_only,state_202,all,0.13,25,25,25,1.0,1.0,96,11,11,0.11458333333333333,0.11458333333333333,11,11,11,1.0,1.0
family_ablation,qwen3.5:9b,autonomous_depth_only,state_202,all,0.14,25,25,25,1.0,1.0,96,11,11,0.11458333333333333,0.11458333333333333,11,11,11,1.0,1.0
family_ablation,qwen3.5:9b,autonomous_depth_only,state_202,all,0.15,25,25,25,1.0,1.0,96,11,11,0.11458333333333333,0.11458333333333333,11,11,11,1.0,1.0
family_ablation,qwen3.5:9b,autonomous_depth_only,state_202,all,0.16,25,25,25,1.0,1.0,96,8,8,0.08333333333333333,0.08333333333333333,11,11,11,1.0,1.0
family_ablation,qwen3.5:9b,autonomous_depth_only,state_202,all,0.17,25,25,25,1.0,1.0,96,8,8,0.08333333333333333,0.08333333333333333,11,11,11,1.0,1.0
family_ablation,qwen3.5:9b,autonomous_depth_only,state_202,all,0.18,25,25,25,1.0,1.0,96,8,8,0.08333333333333333,0.08333333333333333,11,11,11,1.0,1.0
family_ablation,qwen3.5:9b,autonomous_depth_only,state_202,all,0.19,25,25,25,1.0,1.0,96,8,8,0.08333333333333333,0.08333333333333333,11,11,11,1.0,1.0
family_ablation,qwen3.5:9b,autonomous_depth_only,state_202,all,0.2,25,25,25,1.0,1.0,96,8,8,0.08333333333333333,0.08333333333333333,11,11,11,1.0,1.0
family_ablation,qwen3.5:9b,autonomous_depth_only,state_202,all,0.21,25,25,25,1.0,1.0,96,8,8,0.08333333333333333,0.08333333333333333,11,11,11,1.0,1.0
family_ablation,qwen3.5:9b,autonomous_depth_only,state_202,all,0.22,25,25,25,1.0,1.0,96,8,8,0.08333333333333333,0.08333333333333333,11,11,11,1.0,1.0
family_ablation,qwen3.5:9b,autonomous_depth_only,state_202,all,0.23,25,25,25,1.0,1.0,96,8,8,0.08333333333333333,0.08333333333333333,11,11,11,1.0,1.0
family_ablation,qwen3.5:9b,autonomous_depth_only,state_202,all,0.24,25,25,25,1.0,1.0,96,8,8,0.08333333333333333,0.08333333333333333,11,11,11,1.0,1.0
family_ablation,qwen3.5:9b,autonomous_depth_only,state_202,all,0.25,25,25,25,1.0,1.0,96,8,8,0.08333333333333333,0.08333333333333333,11,11,11,1.0,1.0
family_ablation,qwen3.5:9b,autonomous_depth_only,state_202,all,0.26,25,25,25,1.0,1.0,96,8,8,0.08333333333333333,0.08333333333333333,11,11,11,1.0,1.0
family_ablation,qwen3.5:9b,autonomous_depth_only,state_202,all,0.27,25,25,25,1.0,1.0,96,8,8,0.08333333333333333,0.08333333333333333,11,11,11,1.0,1.0
family_ablation,qwen3.5:9b,autonomous_depth_only,state_202,all,0.28,25,25,25,1.0,1.0,96,8,8,0.08333333333333333,0.08333333333333333,11,11,11,1.0,1.0
family_ablation,qwen3.5:9b,autonomous_depth_only,state_202,all,0.29,25,25,25,1.0,1.0,96,8,8,0.08333333333333333,0.08333333333333333,11,11,11,1.0,1.0
family_ablation,qwen3.5:9b,autonomous_depth_only,state_202,all,0.3,25,25,25,1.0,1.0,96,8,8,0.08333333333333333,0.08333333333333333,11,11,11,1.0,1.0
family_ablation,qwen3.5:9b,autonomous_depth_only,state_202,all,0.31,25,25,25,1.0,1.0,96,8,8,0.08333333333333333,0.08333333333333333,11,11,11,1.0,1.0
family_ablation,qwen3.5:9b,autonomous_depth_only,state_202,all,0.32,25,25,25,1.0,1.0,96,8,8,0.08333333333333333,0.08333333333333333,11,11,11,1.0,1.0
family_ablation,qwen3.5:9b,autonomous_depth_only,state_202,all,0.33,25,25,25,1.0,1.0,96,8,8,0.08333333333333333,0.08333333333333333,11,11,11,1.0,1.0
family_ablation,qwen3.5:9b,autonomous_depth_only,state_202,all,0.34,25,25,25,1.0,1.0,96,8,8,0.08333333333333333,0.08333333333333333,11,11,11,1.0,1.0
family_ablation,qwen3.5:9b,autonomous_depth_only,state_202,all,0.35,25,25,25,1.0,1.0,96,8,8,0.08333333333333333,0.08333333333333333,11,11,11,1.0,1.0
family_ablation,qwen3.5:9b,autonomous_depth_only,state_202,all,0.36,25,25,25,1.0,1.0,96,8,8,0.08333333333333333,0.08333333333333333,11,11,11,1.0,1.0
family_ablation,qwen3.5:9b,autonomous_depth_only,state_202,all,0.37,25,25,25,1.0,1.0,96,8,8,0.08333333333333333,0.08333333333333333,11,11,11,1.0,1.0
family_ablation,qwen3.5:9b,autonomous_depth_only,state_202,all,0.38,25,25,25,1.0,1.0,96,8,8,0.08333333333333333,0.08333333333333333,11,11,11,1.0,1.0
family_ablation,qwen3.5:9b,autonomous_depth_only,state_202,all,0.39,25,25,25,1.0,1.0,96,8,8,0.08333333333333333,0.08333333333333333,11,11,11,1.0,1.0
family_ablation,qwen3.5:9b,autonomous_depth_only,state_202,all,0.4,25,25,25,1.0,1.0,96,8,8,0.08333333333333333,0.08333333333333333,11,11,11,1.0,1.0
family_ablation,qwen3.5:9b,autonomous_depth_only,state_202,all,0.41,25,25,25,1.0,1.0,96,8,8,0.08333333333333333,0.08333333333333333,11,11,11,1.0,1.0
family_ablation,qwen3.5:9b,autonomous_depth_only,state_202,all,0.42,25,25,25,1.0,1.0,96,8,8,0.08333333333333333,0.08333333333333333,11,11,11,1.0,1.0
family_ablation,qwen3.5:9b,autonomous_depth_only,state_202,all,0.43,25,25,25,1.0,1.0,96,8,8,0.08333333333333333,0.08333333333333333,11,11,11,1.0,1.0
family_ablation,qwen3.5:9b,autonomous_depth_only,state_202,all,0.44,25,25,25,1.0,1.0,96,4,4,0.041666666666666664,0.041666666666666664,11,11,11,1.0,1.0
family_ablation,qwen3.5:9b,autonomous_depth_only,state_202,all,0.45,25,25,25,1.0,1.0,96,4,4,0.041666666666666664,0.041666666666666664,11,11,11,1.0,1.0
family_ablation,qwen3.5:9b,autonomous_depth_only,state_202,all,0.46,25,25,25,1.0,1.0,96,4,4,0.041666666666666664,0.041666666666666664,11,11,11,1.0,1.0
family_ablation,qwen3.5:9b,autonomous_depth_only,state_202,all,0.47,25,25,25,1.0,1.0,96,4,4,0.041666666666666664,0.041666666666666664,11,11,11,1.0,1.0
family_ablation,qwen3.5:9b,autonomous_depth_only,state_202,all,0.48,25,25,25,1.0,1.0,96,4,4,0.041666666666666664,0.041666666666666664,11,11,11,1.0,1.0
family_ablation,qwen3.5:9b,autonomous_depth_only,state_202,all,0.49,25,25,25,1.0,1.0,96,4,4,0.041666666666666664,0.041666666666666664,11,11,11,1.0,1.0
family_ablation,qwen3.5:9b,autonomous_depth_only,state_202,all,0.5,25,25,25,1.0,1.0,96,4,4,0.041666666666666664,0.041666666666666664,11,11,11,1.0,1.0
family_ablation,qwen3.5:9b,autonomous_depth_only,state_202,all,0.51,25,25,25,1.0,1.0,96,4,4,0.041666666666666664,0.041666666666666664,11,11,11,1.0,1.0
family_ablation,qwen3.5:9b,autonomous_depth_only,state_202,all,0.52,25,25,25,1.0,1.0,96,4,4,0.041666666666666664,0.041666666666666664,11,11,11,1.0,1.0
family_ablation,qwen3.5:9b,autonomous_depth_only,state_202,all,0.53,25,25,25,1.0,1.0,96,4,4,0.041666666666666664,0.041666666666666664,11,11,11,1.0,1.0
family_ablation,qwen3.5:9b,autonomous_depth_only,state_202,all,0.54,25,25,25,1.0,1.0,96,4,4,0.041666666666666664,0.041666666666666664,11,11,11,1.0,1.0
family_ablation,qwen3.5:9b,autonomous_depth_only,state_202,all,0.55,25,25,25,1.0,1.0,96,4,4,0.041666666666666664,0.041666666666666664,11,11,11,1.0,1.0
family_ablation,qwen3.5:9b,autonomous_depth_only,state_202,all,0.56,25,25,25,1.0,1.0,96,4,4,0.041666666666666664,0.041666666666666664,11,11,11,1.0,1.0
family_ablation,qwen3.5:9b,autonomous_depth_only,state_202,all,0.57,25,25,25,1.0,1.0,96,4,4,0.041666666666666664,0.041666666666666664,11,11,11,1.0,1.0
family_ablation,qwen3.5:9b,autonomous_depth_only,state_202,all,0.58,25,25,25,1.0,1.0,96,4,4,0.041666666666666664,0.041666666666666664,11,11,11,1.0,1.0
family_ablation,qwen3.5:9b,autonomous_depth_only,state_202,all,0.59,25,25,25,1.0,1.0,96,4,4,0.041666666666666664,0.041666666666666664,11,11,11,1.0,1.0
family_ablation,qwen3.5:9b,autonomous_depth_only,state_202,all,0.6,25,25,25,1.0,1.0,96,3,3,0.03125,0.03125,11,11,11,1.0,1.0
family_ablation,qwen3.5:9b,autonomous_depth_only,state_202,all,0.61,25,25,25,1.0,1.0,96,3,3,0.03125,0.03125,11,11,11,1.0,1.0
family_ablation,qwen3.5:9b,autonomous_depth_only,state_202,all,0.62,25,25,25,1.0,1.0,96,3,3,0.03125,0.03125,11,11,11,1.0,1.0
family_ablation,qwen3.5:9b,autonomous_depth_only,state_202,all,0.63,25,25,25,1.0,1.0,96,3,3,0.03125,0.03125,11,11,11,1.0,1.0
family_ablation,qwen3.5:9b,autonomous_depth_only,state_202,all,0.64,25,25,25,1.0,1.0,96,3,3,0.03125,0.03125,11,11,11,1.0,1.0
family_ablation,qwen3.5:9b,autonomous_depth_only,state_202,all,0.65,25,25,25,1.0,1.0,96,3,3,0.03125,0.03125,11,11,11,1.0,1.0
family_ablation,qwen3.5:9b,autonomous_depth_only,state_202,all,0.66,25,25,25,1.0,1.0,96,3,3,0.03125,0.03125,11,11,11,1.0,1.0
family_ablation,qwen3.5:9b,autonomous_depth_only,state_202,all,0.67,25,25,25,1.0,1.0,96,3,3,0.03125,0.03125,11,11,11,1.0,1.0
family_ablation,qwen3.5:9b,autonomous_depth_only,state_202,all,0.68,25,25,25,1.0,1.0,96,3,3,0.03125,0.03125,11,11,11,1.0,1.0
family_ablation,qwen3.5:9b,autonomous_depth_only,state_202,all,0.69,25,25,25,1.0,1.0,96,3,3,0.03125,0.03125,11,11,11,1.0,1.0
family_ablation,qwen3.5:9b,autonomous_depth_only,state_202,all,0.7,25,25,25,1.0,1.0,96,3,3,0.03125,0.03125,11,11,11,1.0,1.0
family_ablation,qwen3.5:9b,autonomous_depth_only,state_202,all,0.71,25,25,25,1.0,1.0,96,3,3,0.03125,0.03125,11,11,11,1.0,1.0
family_ablation,qwen3.5:9b,autonomous_depth_only,state_202,all,0.72,25,25,25,1.0,1.0,96,3,3,0.03125,0.03125,11,11,11,1.0,1.0
family_ablation,qwen3.5:9b,autonomous_depth_only,state_202,all,0.73,25,25,25,1.0,1.0,96,2,2,0.020833333333333332,0.020833333333333332,11,11,11,1.0,1.0
family_ablation,qwen3.5:9b,autonomous_depth_only,state_202,all,0.74,25,25,25,1.0,1.0,96,2,2,0.020833333333333332,0.020833333333333332,11,11,11,1.0,1.0
family_ablation,qwen3.5:9b,autonomous_depth_only,state_202,all,0.75,25,25,25,1.0,1.0,96,2,2,0.020833333333333332,0.020833333333333332,11,11,11,1.0,1.0
family_ablation,qwen3.5:9b,autonomous_depth_only,state_202,all,0.76,25,25,25,1.0,1.0,96,2,2,0.020833333333333332,0.020833333333333332,11,11,11,1.0,1.0
family_ablation,qwen3.5:9b,autonomous_depth_only,state_202,all,0.77,25,25,25,1.0,1.0,96,2,2,0.020833333333333332,0.020833333333333332,11,11,11,1.0,1.0
family_ablation,qwen3.5:9b,autonomous_depth_only,state_202,all,0.78,25,25,25,1.0,1.0,96,2,2,0.020833333333333332,0.020833333333333332,11,11,11,1.0,1.0
family_ablation,qwen3.5:9b,autonomous_depth_only,state_202,all,0.79,25,25,25,1.0,1.0,96,2,2,0.020833333333333332,0.020833333333333332,11,11,11,1.0,1.0
family_ablation,qwen3.5:9b,autonomous_depth_only,state_202,all,0.8,25,25,25,1.0,1.0,96,2,2,0.020833333333333332,0.020833333333333332,11,11,11,1.0,1.0
family_ablation,qwen3.5:9b,autonomous_depth_only,state_202,all,0.81,25,25,25,1.0,1.0,96,2,2,0.020833333333333332,0.020833333333333332,11,11,11,1.0,1.0
family_ablation,qwen3.5:9b,autonomous_depth_only,state_202,all,0.82,25,25,25,1.0,1.0,96,1,1,0.010416666666666666,0.010416666666666666,11,11,11,1.0,1.0
family_ablation,qwen3.5:9b,autonomous_depth_only,state_202,all,0.83,25,25,25,1.0,1.0,96,1,1,0.010416666666666666,0.010416666666666666,11,11,11,1.0,1.0
family_ablation,qwen3.5:9b,autonomous_depth_only,state_202,all,0.84,25,25,25,1.0,1.0,96,1,1,0.010416666666666666,0.010416666666666666,11,11,11,1.0,1.0
family_ablation,qwen3.5:9b,autonomous_depth_only,state_202,all,0.85,25,25,25,1.0,1.0,96,1,1,0.010416666666666666,0.010416666666666666,11,11,11,1.0,1.0
family_ablation,qwen3.5:9b,autonomous_depth_only,state_202,all,0.86,25,22,22,0.88,0.88,96,1,1,0.010416666666666666,0.010416666666666666,11,10,10,0.9090909090909091,0.9090909090909091
family_ablation,qwen3.5:9b,autonomous_depth_only,state_202,all,0.87,25,22,22,0.88,0.88,96,1,1,0.010416666666666666,0.010416666666666666,11,10,10,0.9090909090909091,0.9090909090909091
family_ablation,qwen3.5:9b,autonomous_depth_only,state_202,all,0.88,25,22,22,0.88,0.88,96,1,1,0.010416666666666666,0.010416666666666666,11,10,10,0.9090909090909091,0.9090909090909091
family_ablation,qwen3.5:9b,autonomous_depth_only,state_202,all,0.89,25,20,20,0.8,0.8,96,1,1,0.010416666666666666,0.010416666666666666,11,9,9,0.8181818181818182,0.8181818181818182
family_ablation,qwen3.5:9b,autonomous_depth_only,state_202,all,0.9,25,20,20,0.8,0.8,96,1,1,0.010416666666666666,0.010416666666666666,11,9,9,0.8181818181818182,0.8181818181818182
family_ablation,qwen3.5:9b,autonomous_depth_only,state_202,all,0.91,25,20,20,0.8,0.8,96,1,1,0.010416666666666666,0.010416666666666666,11,9,9,0.8181818181818182,0.8181818181818182
family_ablation,qwen3.5:9b,autonomous_depth_only,state_202,all,0.92,25,20,20,0.8,0.8,96,1,1,0.010416666666666666,0.010416666666666666,11,9,9,0.8181818181818182,0.8181818181818182
family_ablation,qwen3.5:9b,autonomous_depth_only,state_202,all,0.93,25,20,20,0.8,0.8,96,1,1,0.010416666666666666,0.010416666666666666,11,9,9,0.8181818181818182,0.8181818181818182
family_ablation,qwen3.5:9b,autonomous_depth_only,state_202,all,0.94,25,18,18,0.72,0.72,96,1,1,0.010416666666666666,0.010416666666666666,11,8,8,0.7272727272727273,0.7272727272727273
family_ablation,qwen3.5:9b,autonomous_depth_only,state_202,all,0.95,25,18,18,0.72,0.72,96,1,1,0.010416666666666666,0.010416666666666666,11,8,8,0.7272727272727273,0.7272727272727273
family_ablation,qwen3.5:9b,autonomous_depth_only,state_202,all,0.96,25,18,18,0.72,0.72,96,1,1,0.010416666666666666,0.010416666666666666,11,8,8,0.7272727272727273,0.7272727272727273
family_ablation,qwen3.5:9b,autonomous_depth_only,state_202,all,0.97,25,18,18,0.72,0.72,96,1,1,0.010416666666666666,0.010416666666666666,11,8,8,0.7272727272727273,0.7272727272727273
family_ablation,qwen3.5:9b,autonomous_depth_only,state_202,all,0.98,25,18,18,0.72,0.72,96,1,1,0.010416666666666666,0.010416666666666666,11,8,8,0.7272727272727273,0.7272727272727273
family_ablation,qwen3.5:9b,autonomous_depth_only,state_202,all,0.99,25,17,17,0.68,0.68,96,1,1,0.010416666666666666,0.010416666666666666,11,7,7,0.6363636363636364,0.6363636363636364
family_ablation,qwen3.5:9b,autonomous_depth_only,state_202,all,0.995,25,3,3,0.12,0.12,96,1,1,0.010416666666666666,0.010416666666666666,11,1,1,0.09090909090909091,0.09090909090909091
family_ablation,qwen3.5:9b,autonomous_depth_only,state_202,all,0.999,25,0,0,0.0,0.0,96,0,0,0.0,0.0,11,0,0,0.0,0.0
family_ablation,qwen3.5:9b,autonomous_depth_only,state_202,all,0.9999,25,0,0,0.0,0.0,96,0,0,0.0,0.0,11,0,0,0.0,0.0
family_ablation,qwen3.5:9b,autonomous_depth_only,state_202,all,0.99999,25,0,0,0.0,0.0,96,0,0,0.0,0.0,11,0,0,0.0,0.0
family_ablation,qwen3.5:9b,autonomous_depth_only,state_202,all,0.999999,25,0,0,0.0,0.0,96,0,0,0.0,0.0,11,0,0,0.0,0.0
family_ablation,qwen3.5:9b,autonomous_depth_only,state_202,all,1.0,25,0,0,0.0,0.0,96,0,0,0.0,0.0,11,0,0,0.0,0.0
family_ablation,qwen3.5:9b,autonomous_depth_only,state_303,all,0.0,24,24,24,1.0,1.0,86,86,86,1.0,1.0,10,10,10,1.0,1.0
family_ablation,qwen3.5:9b,autonomous_depth_only,state_303,all,0.01,24,24,24,1.0,1.0,86,68,68,0.7906976744186046,0.7906976744186046,10,10,10,1.0,1.0
family_ablation,qwen3.5:9b,autonomous_depth_only,state_303,all,0.02,24,24,24,1.0,1.0,86,36,36,0.4186046511627907,0.4186046511627907,10,10,10,1.0,1.0
family_ablation,qwen3.5:9b,autonomous_depth_only,state_303,all,0.03,24,24,24,1.0,1.0,86,25,25,0.29069767441860467,0.29069767441860467,10,10,10,1.0,1.0
family_ablation,qwen3.5:9b,autonomous_depth_only,state_303,all,0.04,24,24,24,1.0,1.0,86,19,19,0.22093023255813954,0.22093023255813954,10,10,10,1.0,1.0
family_ablation,qwen3.5:9b,autonomous_depth_only,state_303,all,0.05,24,24,24,1.0,1.0,86,19,19,0.22093023255813954,0.22093023255813954,10,10,10,1.0,1.0
family_ablation,qwen3.5:9b,autonomous_depth_only,state_303,all,0.06,24,24,24,1.0,1.0,86,18,18,0.20930232558139536,0.20930232558139536,10,10,10,1.0,1.0
family_ablation,qwen3.5:9b,autonomous_depth_only,state_303,all,0.07,24,24,24,1.0,1.0,86,17,17,0.19767441860465115,0.19767441860465115,10,10,10,1.0,1.0
family_ablation,qwen3.5:9b,autonomous_depth_only,state_303,all,0.08,24,24,24,1.0,1.0,86,17,17,0.19767441860465115,0.19767441860465115,10,10,10,1.0,1.0
family_ablation,qwen3.5:9b,autonomous_depth_only,state_303,all,0.09,24,24,24,1.0,1.0,86,17,17,0.19767441860465115,0.19767441860465115,10,10,10,1.0,1.0
family_ablation,qwen3.5:9b,autonomous_depth_only,state_303,all,0.1,24,24,24,1.0,1.0,86,17,17,0.19767441860465115,0.19767441860465115,10,10,10,1.0,1.0
family_ablation,qwen3.5:9b,autonomous_depth_only,state_303,all,0.11,24,24,24,1.0,1.0,86,17,17,0.19767441860465115,0.19767441860465115,10,10,10,1.0,1.0
family_ablation,qwen3.5:9b,autonomous_depth_only,state_303,all,0.12,24,24,24,1.0,1.0,86,17,17,0.19767441860465115,0.19767441860465115,10,10,10,1.0,1.0
family_ablation,qwen3.5:9b,autonomous_depth_only,state_303,all,0.13,24,24,24,1.0,1.0,86,17,17,0.19767441860465115,0.19767441860465115,10,10,10,1.0,1.0
family_ablation,qwen3.5:9b,autonomous_depth_only,state_303,all,0.14,24,24,24,1.0,1.0,86,17,17,0.19767441860465115,0.19767441860465115,10,10,10,1.0,1.0
family_ablation,qwen3.5:9b,autonomous_depth_only,state_303,all,0.15,24,24,24,1.0,1.0,86,17,17,0.19767441860465115,0.19767441860465115,10,10,10,1.0,1.0
family_ablation,qwen3.5:9b,autonomous_depth_only,state_303,all,0.16,24,24,24,1.0,1.0,86,17,17,0.19767441860465115,0.19767441860465115,10,10,10,1.0,1.0
family_ablation,qwen3.5:9b,autonomous_depth_only,state_303,all,0.17,24,24,24,1.0,1.0,86,17,17,0.19767441860465115,0.19767441860465115,10,10,10,1.0,1.0
family_ablation,qwen3.5:9b,autonomous_depth_only,state_303,all,0.18,24,24,24,1.0,1.0,86,17,17,0.19767441860465115,0.19767441860465115,10,10,10,1.0,1.0
family_ablation,qwen3.5:9b,autonomous_depth_only,state_303,all,0.19,24,24,24,1.0,1.0,86,16,16,0.18604651162790697,0.18604651162790697,10,10,10,1.0,1.0
family_ablation,qwen3.5:9b,autonomous_depth_only,state_303,all,0.2,24,24,24,1.0,1.0,86,16,16,0.18604651162790697,0.18604651162790697,10,10,10,1.0,1.0
family_ablation,qwen3.5:9b,autonomous_depth_only,state_303,all,0.21,24,24,24,1.0,1.0,86,13,13,0.1511627906976744,0.1511627906976744,10,10,10,1.0,1.0
family_ablation,qwen3.5:9b,autonomous_depth_only,state_303,all,0.22,24,24,24,1.0,1.0,86,13,13,0.1511627906976744,0.1511627906976744,10,10,10,1.0,1.0
family_ablation,qwen3.5:9b,autonomous_depth_only,state_303,all,0.23,24,24,24,1.0,1.0,86,13,13,0.1511627906976744,0.1511627906976744,10,10,10,1.0,1.0
family_ablation,qwen3.5:9b,autonomous_depth_only,state_303,all,0.24,24,24,24,1.0,1.0,86,10,10,0.11627906976744186,0.11627906976744186,10,10,10,1.0,1.0
family_ablation,qwen3.5:9b,autonomous_depth_only,state_303,all,0.25,24,24,24,1.0,1.0,86,10,10,0.11627906976744186,0.11627906976744186,10,10,10,1.0,1.0
family_ablation,qwen3.5:9b,autonomous_depth_only,state_303,all,0.26,24,24,24,1.0,1.0,86,10,10,0.11627906976744186,0.11627906976744186,10,10,10,1.0,1.0
family_ablation,qwen3.5:9b,autonomous_depth_only,state_303,all,0.27,24,24,24,1.0,1.0,86,10,10,0.11627906976744186,0.11627906976744186,10,10,10,1.0,1.0
family_ablation,qwen3.5:9b,autonomous_depth_only,state_303,all,0.28,24,24,24,1.0,1.0,86,10,10,0.11627906976744186,0.11627906976744186,10,10,10,1.0,1.0
family_ablation,qwen3.5:9b,autonomous_depth_only,state_303,all,0.29,24,24,24,1.0,1.0,86,7,7,0.08139534883720931,0.08139534883720931,10,10,10,1.0,1.0
family_ablation,qwen3.5:9b,autonomous_depth_only,state_303,all,0.3,24,24,24,1.0,1.0,86,7,7,0.08139534883720931,0.08139534883720931,10,10,10,1.0,1.0
family_ablation,qwen3.5:9b,autonomous_depth_only,state_303,all,0.31,24,24,24,1.0,1.0,86,7,7,0.08139534883720931,0.08139534883720931,10,10,10,1.0,1.0
family_ablation,qwen3.5:9b,autonomous_depth_only,state_303,all,0.32,24,24,24,1.0,1.0,86,6,6,0.06976744186046512,0.06976744186046512,10,10,10,1.0,1.0
family_ablation,qwen3.5:9b,autonomous_depth_only,state_303,all,0.33,24,24,24,1.0,1.0,86,6,6,0.06976744186046512,0.06976744186046512,10,10,10,1.0,1.0
family_ablation,qwen3.5:9b,autonomous_depth_only,state_303,all,0.34,24,24,24,1.0,1.0,86,6,6,0.06976744186046512,0.06976744186046512,10,10,10,1.0,1.0
family_ablation,qwen3.5:9b,autonomous_depth_only,state_303,all,0.35,24,24,24,1.0,1.0,86,6,6,0.06976744186046512,0.06976744186046512,10,10,10,1.0,1.0
family_ablation,qwen3.5:9b,autonomous_depth_only,state_303,all,0.36,24,24,24,1.0,1.0,86,6,6,0.06976744186046512,0.06976744186046512,10,10,10,1.0,1.0
family_ablation,qwen3.5:9b,autonomous_depth_only,state_303,all,0.37,24,24,24,1.0,1.0,86,6,6,0.06976744186046512,0.06976744186046512,10,10,10,1.0,1.0
family_ablation,qwen3.5:9b,autonomous_depth_only,state_303,all,0.38,24,24,24,1.0,1.0,86,6,6,0.06976744186046512,0.06976744186046512,10,10,10,1.0,1.0
family_ablation,qwen3.5:9b,autonomous_depth_only,state_303,all,0.39,24,24,24,1.0,1.0,86,6,6,0.06976744186046512,0.06976744186046512,10,10,10,1.0,1.0
family_ablation,qwen3.5:9b,autonomous_depth_only,state_303,all,0.4,24,24,24,1.0,1.0,86,6,6,0.06976744186046512,0.06976744186046512,10,10,10,1.0,1.0
family_ablation,qwen3.5:9b,autonomous_depth_only,state_303,all,0.41,24,24,24,1.0,1.0,86,6,6,0.06976744186046512,0.06976744186046512,10,10,10,1.0,1.0
family_ablation,qwen3.5:9b,autonomous_depth_only,state_303,all,0.42,24,24,24,1.0,1.0,86,6,6,0.06976744186046512,0.06976744186046512,10,10,10,1.0,1.0
family_ablation,qwen3.5:9b,autonomous_depth_only,state_303,all,0.43,24,24,24,1.0,1.0,86,6,6,0.06976744186046512,0.06976744186046512,10,10,10,1.0,1.0
family_ablation,qwen3.5:9b,autonomous_depth_only,state_303,all,0.44,24,24,24,1.0,1.0,86,6,6,0.06976744186046512,0.06976744186046512,10,10,10,1.0,1.0
family_ablation,qwen3.5:9b,autonomous_depth_only,state_303,all,0.45,24,24,24,1.0,1.0,86,6,6,0.06976744186046512,0.06976744186046512,10,10,10,1.0,1.0
family_ablation,qwen3.5:9b,autonomous_depth_only,state_303,all,0.46,24,24,24,1.0,1.0,86,6,6,0.06976744186046512,0.06976744186046512,10,10,10,1.0,1.0
family_ablation,qwen3.5:9b,autonomous_depth_only,state_303,all,0.47,24,24,24,1.0,1.0,86,6,6,0.06976744186046512,0.06976744186046512,10,10,10,1.0,1.0
family_ablation,qwen3.5:9b,autonomous_depth_only,state_303,all,0.48,24,24,24,1.0,1.0,86,6,6,0.06976744186046512,0.06976744186046512,10,10,10,1.0,1.0
family_ablation,qwen3.5:9b,autonomous_depth_only,state_303,all,0.49,24,24,24,1.0,1.0,86,6,6,0.06976744186046512,0.06976744186046512,10,10,10,1.0,1.0
family_ablation,qwen3.5:9b,autonomous_depth_only,state_303,all,0.5,24,24,24,1.0,1.0,86,6,6,0.06976744186046512,0.06976744186046512,10,10,10,1.0,1.0
family_ablation,qwen3.5:9b,autonomous_depth_only,state_303,all,0.51,24,24,24,1.0,1.0,86,6,6,0.06976744186046512,0.06976744186046512,10,10,10,1.0,1.0
family_ablation,qwen3.5:9b,autonomous_depth_only,state_303,all,0.52,24,24,24,1.0,1.0,86,5,5,0.05813953488372093,0.05813953488372093,10,10,10,1.0,1.0
family_ablation,qwen3.5:9b,autonomous_depth_only,state_303,all,0.53,24,24,24,1.0,1.0,86,5,5,0.05813953488372093,0.05813953488372093,10,10,10,1.0,1.0
family_ablation,qwen3.5:9b,autonomous_depth_only,state_303,all,0.54,24,24,24,1.0,1.0,86,5,5,0.05813953488372093,0.05813953488372093,10,10,10,1.0,1.0
family_ablation,qwen3.5:9b,autonomous_depth_only,state_303,all,0.55,24,24,24,1.0,1.0,86,5,5,0.05813953488372093,0.05813953488372093,10,10,10,1.0,1.0
family_ablation,qwen3.5:9b,autonomous_depth_only,state_303,all,0.56,24,24,24,1.0,1.0,86,5,5,0.05813953488372093,0.05813953488372093,10,10,10,1.0,1.0
family_ablation,qwen3.5:9b,autonomous_depth_only,state_303,all,0.57,24,24,24,1.0,1.0,86,5,5,0.05813953488372093,0.05813953488372093,10,10,10,1.0,1.0
family_ablation,qwen3.5:9b,autonomous_depth_only,state_303,all,0.58,24,24,24,1.0,1.0,86,5,5,0.05813953488372093,0.05813953488372093,10,10,10,1.0,1.0
family_ablation,qwen3.5:9b,autonomous_depth_only,state_303,all,0.59,24,24,24,1.0,1.0,86,5,5,0.05813953488372093,0.05813953488372093,10,10,10,1.0,1.0
family_ablation,qwen3.5:9b,autonomous_depth_only,state_303,all,0.6,24,24,24,1.0,1.0,86,5,5,0.05813953488372093,0.05813953488372093,10,10,10,1.0,1.0
family_ablation,qwen3.5:9b,autonomous_depth_only,state_303,all,0.61,24,24,24,1.0,1.0,86,5,5,0.05813953488372093,0.05813953488372093,10,10,10,1.0,1.0
family_ablation,qwen3.5:9b,autonomous_depth_only,state_303,all,0.62,24,24,24,1.0,1.0,86,5,5,0.05813953488372093,0.05813953488372093,10,10,10,1.0,1.0
family_ablation,qwen3.5:9b,autonomous_depth_only,state_303,all,0.63,24,24,24,1.0,1.0,86,5,5,0.05813953488372093,0.05813953488372093,10,10,10,1.0,1.0
family_ablation,qwen3.5:9b,autonomous_depth_only,state_303,all,0.64,24,24,24,1.0,1.0,86,5,5,0.05813953488372093,0.05813953488372093,10,10,10,1.0,1.0
family_ablation,qwen3.5:9b,autonomous_depth_only,state_303,all,0.65,24,24,24,1.0,1.0,86,5,5,0.05813953488372093,0.05813953488372093,10,10,10,1.0,1.0
family_ablation,qwen3.5:9b,autonomous_depth_only,state_303,all,0.66,24,24,24,1.0,1.0,86,5,5,0.05813953488372093,0.05813953488372093,10,10,10,1.0,1.0
family_ablation,qwen3.5:9b,autonomous_depth_only,state_303,all,0.67,24,24,24,1.0,1.0,86,5,5,0.05813953488372093,0.05813953488372093,10,10,10,1.0,1.0
family_ablation,qwen3.5:9b,autonomous_depth_only,state_303,all,0.68,24,24,24,1.0,1.0,86,5,5,0.05813953488372093,0.05813953488372093,10,10,10,1.0,1.0
family_ablation,qwen3.5:9b,autonomous_depth_only,state_303,all,0.69,24,24,24,1.0,1.0,86,5,5,0.05813953488372093,0.05813953488372093,10,10,10,1.0,1.0
family_ablation,qwen3.5:9b,autonomous_depth_only,state_303,all,0.7,24,24,24,1.0,1.0,86,5,5,0.05813953488372093,0.05813953488372093,10,10,10,1.0,1.0
family_ablation,qwen3.5:9b,autonomous_depth_only,state_303,all,0.71,24,24,24,1.0,1.0,86,5,5,0.05813953488372093,0.05813953488372093,10,10,10,1.0,1.0
family_ablation,qwen3.5:9b,autonomous_depth_only,state_303,all,0.72,24,24,24,1.0,1.0,86,5,5,0.05813953488372093,0.05813953488372093,10,10,10,1.0,1.0
family_ablation,qwen3.5:9b,autonomous_depth_only,state_303,all,0.73,24,24,24,1.0,1.0,86,5,5,0.05813953488372093,0.05813953488372093,10,10,10,1.0,1.0
family_ablation,qwen3.5:9b,autonomous_depth_only,state_303,all,0.74,24,24,24,1.0,1.0,86,5,5,0.05813953488372093,0.05813953488372093,10,10,10,1.0,1.0
family_ablation,qwen3.5:9b,autonomous_depth_only,state_303,all,0.75,24,24,24,1.0,1.0,86,5,5,0.05813953488372093,0.05813953488372093,10,10,10,1.0,1.0
family_ablation,qwen3.5:9b,autonomous_depth_only,state_303,all,0.76,24,24,24,1.0,1.0,86,5,5,0.05813953488372093,0.05813953488372093,10,10,10,1.0,1.0
family_ablation,qwen3.5:9b,autonomous_depth_only,state_303,all,0.77,24,24,24,1.0,1.0,86,5,5,0.05813953488372093,0.05813953488372093,10,10,10,1.0,1.0
family_ablation,qwen3.5:9b,autonomous_depth_only,state_303,all,0.78,24,24,24,1.0,1.0,86,5,5,0.05813953488372093,0.05813953488372093,10,10,10,1.0,1.0
family_ablation,qwen3.5:9b,autonomous_depth_only,state_303,all,0.79,24,24,24,1.0,1.0,86,5,5,0.05813953488372093,0.05813953488372093,10,10,10,1.0,1.0
family_ablation,qwen3.5:9b,autonomous_depth_only,state_303,all,0.8,24,24,24,1.0,1.0,86,5,5,0.05813953488372093,0.05813953488372093,10,10,10,1.0,1.0
family_ablation,qwen3.5:9b,autonomous_depth_only,state_303,all,0.81,24,24,24,1.0,1.0,86,5,5,0.05813953488372093,0.05813953488372093,10,10,10,1.0,1.0
family_ablation,qwen3.5:9b,autonomous_depth_only,state_303,all,0.82,24,24,24,1.0,1.0,86,5,5,0.05813953488372093,0.05813953488372093,10,10,10,1.0,1.0
family_ablation,qwen3.5:9b,autonomous_depth_only,state_303,all,0.83,24,24,24,1.0,1.0,86,5,5,0.05813953488372093,0.05813953488372093,10,10,10,1.0,1.0
family_ablation,qwen3.5:9b,autonomous_depth_only,state_303,all,0.84,24,24,24,1.0,1.0,86,5,5,0.05813953488372093,0.05813953488372093,10,10,10,1.0,1.0
family_ablation,qwen3.5:9b,autonomous_depth_only,state_303,all,0.85,24,22,22,0.9166666666666666,0.9166666666666666,86,5,5,0.05813953488372093,0.05813953488372093,10,9,9,0.9,0.9
family_ablation,qwen3.5:9b,autonomous_depth_only,state_303,all,0.86,24,22,22,0.9166666666666666,0.9166666666666666,86,5,5,0.05813953488372093,0.05813953488372093,10,9,9,0.9,0.9
family_ablation,qwen3.5:9b,autonomous_depth_only,state_303,all,0.87,24,20,20,0.8333333333333334,0.8333333333333334,86,5,5,0.05813953488372093,0.05813953488372093,10,8,8,0.8,0.8
family_ablation,qwen3.5:9b,autonomous_depth_only,state_303,all,0.88,24,20,20,0.8333333333333334,0.8333333333333334,86,5,5,0.05813953488372093,0.05813953488372093,10,8,8,0.8,0.8
family_ablation,qwen3.5:9b,autonomous_depth_only,state_303,all,0.89,24,20,20,0.8333333333333334,0.8333333333333334,86,5,5,0.05813953488372093,0.05813953488372093,10,8,8,0.8,0.8
family_ablation,qwen3.5:9b,autonomous_depth_only,state_303,all,0.9,24,20,20,0.8333333333333334,0.8333333333333334,86,5,5,0.05813953488372093,0.05813953488372093,10,8,8,0.8,0.8
family_ablation,qwen3.5:9b,autonomous_depth_only,state_303,all,0.91,24,20,20,0.8333333333333334,0.8333333333333334,86,5,5,0.05813953488372093,0.05813953488372093,10,8,8,0.8,0.8
family_ablation,qwen3.5:9b,autonomous_depth_only,state_303,all,0.92,24,20,20,0.8333333333333334,0.8333333333333334,86,5,5,0.05813953488372093,0.05813953488372093,10,8,8,0.8,0.8
family_ablation,qwen3.5:9b,autonomous_depth_only,state_303,all,0.93,24,20,20,0.8333333333333334,0.8333333333333334,86,5,5,0.05813953488372093,0.05813953488372093,10,8,8,0.8,0.8
family_ablation,qwen3.5:9b,autonomous_depth_only,state_303,all,0.94,24,20,20,0.8333333333333334,0.8333333333333334,86,2,2,0.023255813953488372,0.023255813953488372,10,8,8,0.8,0.8
family_ablation,qwen3.5:9b,autonomous_depth_only,state_303,all,0.95,24,20,20,0.8333333333333334,0.8333333333333334,86,2,2,0.023255813953488372,0.023255813953488372,10,8,8,0.8,0.8
family_ablation,qwen3.5:9b,autonomous_depth_only,state_303,all,0.96,24,20,20,0.8333333333333334,0.8333333333333334,86,1,1,0.011627906976744186,0.011627906976744186,10,8,8,0.8,0.8
family_ablation,qwen3.5:9b,autonomous_depth_only,state_303,all,0.97,24,17,17,0.7083333333333334,0.7083333333333334,86,1,1,0.011627906976744186,0.011627906976744186,10,7,7,0.7,0.7
family_ablation,qwen3.5:9b,autonomous_depth_only,state_303,all,0.98,24,13,13,0.5416666666666666,0.5416666666666666,86,1,1,0.011627906976744186,0.011627906976744186,10,5,5,0.5,0.5
family_ablation,qwen3.5:9b,autonomous_depth_only,state_303,all,0.99,24,13,13,0.5416666666666666,0.5416666666666666,86,1,1,0.011627906976744186,0.011627906976744186,10,5,5,0.5,0.5
family_ablation,qwen3.5:9b,autonomous_depth_only,state_303,all,0.995,24,6,6,0.25,0.25,86,1,1,0.011627906976744186,0.011627906976744186,10,2,2,0.2,0.2
family_ablation,qwen3.5:9b,autonomous_depth_only,state_303,all,0.999,24,0,0,0.0,0.0,86,0,0,0.0,0.0,10,0,0,0.0,0.0
family_ablation,qwen3.5:9b,autonomous_depth_only,state_303,all,0.9999,24,0,0,0.0,0.0,86,0,0,0.0,0.0,10,0,0,0.0,0.0
family_ablation,qwen3.5:9b,autonomous_depth_only,state_303,all,0.99999,24,0,0,0.0,0.0,86,0,0,0.0,0.0,10,0,0,0.0,0.0
family_ablation,qwen3.5:9b,autonomous_depth_only,state_303,all,0.999999,24,0,0,0.0,0.0,86,0,0,0.0,0.0,10,0,0,0.0,0.0
family_ablation,qwen3.5:9b,autonomous_depth_only,state_303,all,1.0,24,0,0,0.0,0.0,86,0,0,0.0,0.0,10,0,0,0.0,0.0
family_ablation,qwen3.5:9b,autonomous_depth_only,all,all,0.0,98,98,98,1.0,1.0,364,364,364,1.0,1.0,42,42,42,1.0,1.0
family_ablation,qwen3.5:9b,autonomous_depth_only,all,all,0.01,98,98,98,1.0,1.0,364,277,277,0.760989010989011,0.760989010989011,42,42,42,1.0,1.0
family_ablation,qwen3.5:9b,autonomous_depth_only,all,all,0.02,98,98,98,1.0,1.0,364,161,161,0.4423076923076923,0.4423076923076923,42,42,42,1.0,1.0
family_ablation,qwen3.5:9b,autonomous_depth_only,all,all,0.03,98,98,98,1.0,1.0,364,123,123,0.33791208791208793,0.33791208791208793,42,42,42,1.0,1.0
family_ablation,qwen3.5:9b,autonomous_depth_only,all,all,0.04,98,98,98,1.0,1.0,364,95,95,0.260989010989011,0.260989010989011,42,42,42,1.0,1.0
family_ablation,qwen3.5:9b,autonomous_depth_only,all,all,0.05,98,98,98,1.0,1.0,364,89,89,0.2445054945054945,0.2445054945054945,42,42,42,1.0,1.0
family_ablation,qwen3.5:9b,autonomous_depth_only,all,all,0.06,98,98,98,1.0,1.0,364,81,81,0.22252747252747251,0.22252747252747251,42,42,42,1.0,1.0
family_ablation,qwen3.5:9b,autonomous_depth_only,all,all,0.07,98,98,98,1.0,1.0,364,79,79,0.21703296703296704,0.21703296703296704,42,42,42,1.0,1.0
family_ablation,qwen3.5:9b,autonomous_depth_only,all,all,0.08,98,98,98,1.0,1.0,364,71,71,0.19505494505494506,0.19505494505494506,42,42,42,1.0,1.0
family_ablation,qwen3.5:9b,autonomous_depth_only,all,all,0.09,98,98,98,1.0,1.0,364,67,67,0.18406593406593408,0.18406593406593408,42,42,42,1.0,1.0
family_ablation,qwen3.5:9b,autonomous_depth_only,all,all,0.1,98,98,98,1.0,1.0,364,67,67,0.18406593406593408,0.18406593406593408,42,42,42,1.0,1.0
family_ablation,qwen3.5:9b,autonomous_depth_only,all,all,0.11,98,98,98,1.0,1.0,364,64,64,0.17582417582417584,0.17582417582417584,42,42,42,1.0,1.0
family_ablation,qwen3.5:9b,autonomous_depth_only,all,all,0.12,98,98,98,1.0,1.0,364,63,63,0.17307692307692307,0.17307692307692307,42,42,42,1.0,1.0
family_ablation,qwen3.5:9b,autonomous_depth_only,all,all,0.13,98,98,98,1.0,1.0,364,61,61,0.16758241758241757,0.16758241758241757,42,42,42,1.0,1.0
family_ablation,qwen3.5:9b,autonomous_depth_only,all,all,0.14,98,98,98,1.0,1.0,364,61,61,0.16758241758241757,0.16758241758241757,42,42,42,1.0,1.0
family_ablation,qwen3.5:9b,autonomous_depth_only,all,all,0.15,98,98,98,1.0,1.0,364,60,60,0.16483516483516483,0.16483516483516483,42,42,42,1.0,1.0
family_ablation,qwen3.5:9b,autonomous_depth_only,all,all,0.16,98,98,98,1.0,1.0,364,57,57,0.1565934065934066,0.1565934065934066,42,42,42,1.0,1.0
family_ablation,qwen3.5:9b,autonomous_depth_only,all,all,0.17,98,98,98,1.0,1.0,364,57,57,0.1565934065934066,0.1565934065934066,42,42,42,1.0,1.0
family_ablation,qwen3.5:9b,autonomous_depth_only,all,all,0.18,98,98,98,1.0,1.0,364,57,57,0.1565934065934066,0.1565934065934066,42,42,42,1.0,1.0
family_ablation,qwen3.5:9b,autonomous_depth_only,all,all,0.19,98,98,98,1.0,1.0,364,53,53,0.14560439560439561,0.14560439560439561,42,42,42,1.0,1.0
family_ablation,qwen3.5:9b,autonomous_depth_only,all,all,0.2,98,98,98,1.0,1.0,364,53,53,0.14560439560439561,0.14560439560439561,42,42,42,1.0,1.0
family_ablation,qwen3.5:9b,autonomous_depth_only,all,all,0.21,98,98,98,1.0,1.0,364,50,50,0.13736263736263737,0.13736263736263737,42,42,42,1.0,1.0
family_ablation,qwen3.5:9b,autonomous_depth_only,all,all,0.22,98,98,98,1.0,1.0,364,50,50,0.13736263736263737,0.13736263736263737,42,42,42,1.0,1.0
family_ablation,qwen3.5:9b,autonomous_depth_only,all,all,0.23,98,98,98,1.0,1.0,364,50,50,0.13736263736263737,0.13736263736263737,42,42,42,1.0,1.0
family_ablation,qwen3.5:9b,autonomous_depth_only,all,all,0.24,98,98,98,1.0,1.0,364,47,47,0.12912087912087913,0.12912087912087913,42,42,42,1.0,1.0
family_ablation,qwen3.5:9b,autonomous_depth_only,all,all,0.25,98,98,98,1.0,1.0,364,47,47,0.12912087912087913,0.12912087912087913,42,42,42,1.0,1.0
family_ablation,qwen3.5:9b,autonomous_depth_only,all,all,0.26,98,98,98,1.0,1.0,364,47,47,0.12912087912087913,0.12912087912087913,42,42,42,1.0,1.0
family_ablation,qwen3.5:9b,autonomous_depth_only,all,all,0.27,98,98,98,1.0,1.0,364,47,47,0.12912087912087913,0.12912087912087913,42,42,42,1.0,1.0
family_ablation,qwen3.5:9b,autonomous_depth_only,all,all,0.28,98,98,98,1.0,1.0,364,47,47,0.12912087912087913,0.12912087912087913,42,42,42,1.0,1.0
family_ablation,qwen3.5:9b,autonomous_depth_only,all,all,0.29,98,98,98,1.0,1.0,364,44,44,0.12087912087912088,0.12087912087912088,42,42,42,1.0,1.0
family_ablation,qwen3.5:9b,autonomous_depth_only,all,all,0.3,98,98,98,1.0,1.0,364,44,44,0.12087912087912088,0.12087912087912088,42,42,42,1.0,1.0
family_ablation,qwen3.5:9b,autonomous_depth_only,all,all,0.31,98,98,98,1.0,1.0,364,44,44,0.12087912087912088,0.12087912087912088,42,42,42,1.0,1.0
family_ablation,qwen3.5:9b,autonomous_depth_only,all,all,0.32,98,98,98,1.0,1.0,364,43,43,0.11813186813186813,0.11813186813186813,42,42,42,1.0,1.0
family_ablation,qwen3.5:9b,autonomous_depth_only,all,all,0.33,98,98,98,1.0,1.0,364,43,43,0.11813186813186813,0.11813186813186813,42,42,42,1.0,1.0
family_ablation,qwen3.5:9b,autonomous_depth_only,all,all,0.34,98,98,98,1.0,1.0,364,43,43,0.11813186813186813,0.11813186813186813,42,42,42,1.0,1.0
family_ablation,qwen3.5:9b,autonomous_depth_only,all,all,0.35,98,98,98,1.0,1.0,364,43,43,0.11813186813186813,0.11813186813186813,42,42,42,1.0,1.0
family_ablation,qwen3.5:9b,autonomous_depth_only,all,all,0.36,98,98,98,1.0,1.0,364,43,43,0.11813186813186813,0.11813186813186813,42,42,42,1.0,1.0
family_ablation,qwen3.5:9b,autonomous_depth_only,all,all,0.37,98,98,98,1.0,1.0,364,43,43,0.11813186813186813,0.11813186813186813,42,42,42,1.0,1.0
family_ablation,qwen3.5:9b,autonomous_depth_only,all,all,0.38,98,98,98,1.0,1.0,364,43,43,0.11813186813186813,0.11813186813186813,42,42,42,1.0,1.0
family_ablation,qwen3.5:9b,autonomous_depth_only,all,all,0.39,98,98,98,1.0,1.0,364,42,42,0.11538461538461539,0.11538461538461539,42,42,42,1.0,1.0
family_ablation,qwen3.5:9b,autonomous_depth_only,all,all,0.4,98,98,98,1.0,1.0,364,42,42,0.11538461538461539,0.11538461538461539,42,42,42,1.0,1.0
family_ablation,qwen3.5:9b,autonomous_depth_only,all,all,0.41,98,98,98,1.0,1.0,364,42,42,0.11538461538461539,0.11538461538461539,42,42,42,1.0,1.0
family_ablation,qwen3.5:9b,autonomous_depth_only,all,all,0.42,98,98,98,1.0,1.0,364,42,42,0.11538461538461539,0.11538461538461539,42,42,42,1.0,1.0
family_ablation,qwen3.5:9b,autonomous_depth_only,all,all,0.43,98,98,98,1.0,1.0,364,42,42,0.11538461538461539,0.11538461538461539,42,42,42,1.0,1.0
family_ablation,qwen3.5:9b,autonomous_depth_only,all,all,0.44,98,98,98,1.0,1.0,364,38,38,0.1043956043956044,0.1043956043956044,42,42,42,1.0,1.0
family_ablation,qwen3.5:9b,autonomous_depth_only,all,all,0.45,98,98,98,1.0,1.0,364,38,38,0.1043956043956044,0.1043956043956044,42,42,42,1.0,1.0
family_ablation,qwen3.5:9b,autonomous_depth_only,all,all,0.46,98,98,98,1.0,1.0,364,38,38,0.1043956043956044,0.1043956043956044,42,42,42,1.0,1.0
family_ablation,qwen3.5:9b,autonomous_depth_only,all,all,0.47,98,98,98,1.0,1.0,364,38,38,0.1043956043956044,0.1043956043956044,42,42,42,1.0,1.0
family_ablation,qwen3.5:9b,autonomous_depth_only,all,all,0.48,98,98,98,1.0,1.0,364,38,38,0.1043956043956044,0.1043956043956044,42,42,42,1.0,1.0
family_ablation,qwen3.5:9b,autonomous_depth_only,all,all,0.49,98,98,98,1.0,1.0,364,38,38,0.1043956043956044,0.1043956043956044,42,42,42,1.0,1.0
family_ablation,qwen3.5:9b,autonomous_depth_only,all,all,0.5,98,98,98,1.0,1.0,364,35,35,0.09615384615384616,0.09615384615384616,42,42,42,1.0,1.0
family_ablation,qwen3.5:9b,autonomous_depth_only,all,all,0.51,98,98,98,1.0,1.0,364,35,35,0.09615384615384616,0.09615384615384616,42,42,42,1.0,1.0
family_ablation,qwen3.5:9b,autonomous_depth_only,all,all,0.52,98,98,98,1.0,1.0,364,33,33,0.09065934065934066,0.09065934065934066,42,42,42,1.0,1.0
family_ablation,qwen3.5:9b,autonomous_depth_only,all,all,0.53,98,98,98,1.0,1.0,364,33,33,0.09065934065934066,0.09065934065934066,42,42,42,1.0,1.0
family_ablation,qwen3.5:9b,autonomous_depth_only,all,all,0.54,98,98,98,1.0,1.0,364,30,30,0.08241758241758242,0.08241758241758242,42,42,42,1.0,1.0
family_ablation,qwen3.5:9b,autonomous_depth_only,all,all,0.55,98,98,98,1.0,1.0,364,27,27,0.07417582417582418,0.07417582417582418,42,42,42,1.0,1.0
family_ablation,qwen3.5:9b,autonomous_depth_only,all,all,0.56,98,98,98,1.0,1.0,364,27,27,0.07417582417582418,0.07417582417582418,42,42,42,1.0,1.0
family_ablation,qwen3.5:9b,autonomous_depth_only,all,all,0.57,98,98,98,1.0,1.0,364,27,27,0.07417582417582418,0.07417582417582418,42,42,42,1.0,1.0
family_ablation,qwen3.5:9b,autonomous_depth_only,all,all,0.58,98,98,98,1.0,1.0,364,27,27,0.07417582417582418,0.07417582417582418,42,42,42,1.0,1.0
family_ablation,qwen3.5:9b,autonomous_depth_only,all,all,0.59,98,98,98,1.0,1.0,364,26,26,0.07142857142857142,0.07142857142857142,42,42,42,1.0,1.0
family_ablation,qwen3.5:9b,autonomous_depth_only,all,all,0.6,98,98,98,1.0,1.0,364,25,25,0.06868131868131869,0.06868131868131869,42,42,42,1.0,1.0
family_ablation,qwen3.5:9b,autonomous_depth_only,all,all,0.61,98,98,98,1.0,1.0,364,25,25,0.06868131868131869,0.06868131868131869,42,42,42,1.0,1.0
family_ablation,qwen3.5:9b,autonomous_depth_only,all,all,0.62,98,98,98,1.0,1.0,364,25,25,0.06868131868131869,0.06868131868131869,42,42,42,1.0,1.0
family_ablation,qwen3.5:9b,autonomous_depth_only,all,all,0.63,98,98,98,1.0,1.0,364,25,25,0.06868131868131869,0.06868131868131869,42,42,42,1.0,1.0
family_ablation,qwen3.5:9b,autonomous_depth_only,all,all,0.64,98,98,98,1.0,1.0,364,22,22,0.06043956043956044,0.06043956043956044,42,42,42,1.0,1.0
family_ablation,qwen3.5:9b,autonomous_depth_only,all,all,0.65,98,98,98,1.0,1.0,364,22,22,0.06043956043956044,0.06043956043956044,42,42,42,1.0,1.0
family_ablation,qwen3.5:9b,autonomous_depth_only,all,all,0.66,98,98,98,1.0,1.0,364,22,22,0.06043956043956044,0.06043956043956044,42,42,42,1.0,1.0
family_ablation,qwen3.5:9b,autonomous_depth_only,all,all,0.67,98,98,98,1.0,1.0,364,22,22,0.06043956043956044,0.06043956043956044,42,42,42,1.0,1.0
family_ablation,qwen3.5:9b,autonomous_depth_only,all,all,0.68,98,98,98,1.0,1.0,364,22,22,0.06043956043956044,0.06043956043956044,42,42,42,1.0,1.0
family_ablation,qwen3.5:9b,autonomous_depth_only,all,all,0.69,98,98,98,1.0,1.0,364,21,21,0.057692307692307696,0.057692307692307696,42,42,42,1.0,1.0
family_ablation,qwen3.5:9b,autonomous_depth_only,all,all,0.7,98,98,98,1.0,1.0,364,21,21,0.057692307692307696,0.057692307692307696,42,42,42,1.0,1.0
family_ablation,qwen3.5:9b,autonomous_depth_only,all,all,0.71,98,98,98,1.0,1.0,364,18,18,0.04945054945054945,0.04945054945054945,42,42,42,1.0,1.0
family_ablation,qwen3.5:9b,autonomous_depth_only,all,all,0.72,98,98,98,1.0,1.0,364,18,18,0.04945054945054945,0.04945054945054945,42,42,42,1.0,1.0
family_ablation,qwen3.5:9b,autonomous_depth_only,all,all,0.73,98,98,98,1.0,1.0,364,17,17,0.046703296703296704,0.046703296703296704,42,42,42,1.0,1.0
family_ablation,qwen3.5:9b,autonomous_depth_only,all,all,0.74,98,98,98,1.0,1.0,364,16,16,0.04395604395604396,0.04395604395604396,42,42,42,1.0,1.0
family_ablation,qwen3.5:9b,autonomous_depth_only,all,all,0.75,98,98,98,1.0,1.0,364,12,12,0.03296703296703297,0.03296703296703297,42,42,42,1.0,1.0
family_ablation,qwen3.5:9b,autonomous_depth_only,all,all,0.76,98,98,98,1.0,1.0,364,12,12,0.03296703296703297,0.03296703296703297,42,42,42,1.0,1.0
family_ablation,qwen3.5:9b,autonomous_depth_only,all,all,0.77,98,98,98,1.0,1.0,364,12,12,0.03296703296703297,0.03296703296703297,42,42,42,1.0,1.0
family_ablation,qwen3.5:9b,autonomous_depth_only,all,all,0.78,98,98,98,1.0,1.0,364,12,12,0.03296703296703297,0.03296703296703297,42,42,42,1.0,1.0
family_ablation,qwen3.5:9b,autonomous_depth_only,all,all,0.79,98,98,98,1.0,1.0,364,12,12,0.03296703296703297,0.03296703296703297,42,42,42,1.0,1.0
family_ablation,qwen3.5:9b,autonomous_depth_only,all,all,0.8,98,98,98,1.0,1.0,364,9,9,0.024725274725274724,0.024725274725274724,42,42,42,1.0,1.0
family_ablation,qwen3.5:9b,autonomous_depth_only,all,all,0.81,98,98,98,1.0,1.0,364,9,9,0.024725274725274724,0.024725274725274724,42,42,42,1.0,1.0
family_ablation,qwen3.5:9b,autonomous_depth_only,all,all,0.82,98,98,98,1.0,1.0,364,8,8,0.02197802197802198,0.02197802197802198,42,42,42,1.0,1.0
family_ablation,qwen3.5:9b,autonomous_depth_only,all,all,0.83,98,98,98,1.0,1.0,364,8,8,0.02197802197802198,0.02197802197802198,42,42,42,1.0,1.0
family_ablation,qwen3.5:9b,autonomous_depth_only,all,all,0.84,98,98,98,1.0,1.0,364,8,8,0.02197802197802198,0.02197802197802198,42,42,42,1.0,1.0
family_ablation,qwen3.5:9b,autonomous_depth_only,all,all,0.85,98,96,96,0.9795918367346939,0.9795918367346939,364,8,8,0.02197802197802198,0.02197802197802198,42,41,41,0.9761904761904762,0.9761904761904762
family_ablation,qwen3.5:9b,autonomous_depth_only,all,all,0.86,98,93,93,0.9489795918367347,0.9489795918367347,364,8,8,0.02197802197802198,0.02197802197802198,42,40,40,0.9523809523809523,0.9523809523809523
family_ablation,qwen3.5:9b,autonomous_depth_only,all,all,0.87,98,91,91,0.9285714285714286,0.9285714285714286,364,7,7,0.019230769230769232,0.019230769230769232,42,39,39,0.9285714285714286,0.9285714285714286
family_ablation,qwen3.5:9b,autonomous_depth_only,all,all,0.88,98,87,87,0.8877551020408163,0.8877551020408163,364,7,7,0.019230769230769232,0.019230769230769232,42,37,37,0.8809523809523809,0.8809523809523809
family_ablation,qwen3.5:9b,autonomous_depth_only,all,all,0.89,98,85,85,0.8673469387755102,0.8673469387755102,364,7,7,0.019230769230769232,0.019230769230769232,42,36,36,0.8571428571428571,0.8571428571428571
family_ablation,qwen3.5:9b,autonomous_depth_only,all,all,0.9,98,85,85,0.8673469387755102,0.8673469387755102,364,7,7,0.019230769230769232,0.019230769230769232,42,36,36,0.8571428571428571,0.8571428571428571
family_ablation,qwen3.5:9b,autonomous_depth_only,all,all,0.91,98,85,85,0.8673469387755102,0.8673469387755102,364,7,7,0.019230769230769232,0.019230769230769232,42,36,36,0.8571428571428571,0.8571428571428571
family_ablation,qwen3.5:9b,autonomous_depth_only,all,all,0.92,98,85,85,0.8673469387755102,0.8673469387755102,364,7,7,0.019230769230769232,0.019230769230769232,42,36,36,0.8571428571428571,0.8571428571428571
family_ablation,qwen3.5:9b,autonomous_depth_only,all,all,0.93,98,85,85,0.8673469387755102,0.8673469387755102,364,7,7,0.019230769230769232,0.019230769230769232,42,36,36,0.8571428571428571,0.8571428571428571
family_ablation,qwen3.5:9b,autonomous_depth_only,all,all,0.94,98,83,83,0.8469387755102041,0.8469387755102041,364,3,3,0.008241758241758242,0.008241758241758242,42,35,35,0.8333333333333334,0.8333333333333334
family_ablation,qwen3.5:9b,autonomous_depth_only,all,all,0.95,98,81,81,0.826530612244898,0.826530612244898,364,3,3,0.008241758241758242,0.008241758241758242,42,34,34,0.8095238095238095,0.8095238095238095
family_ablation,qwen3.5:9b,autonomous_depth_only,all,all,0.96,98,79,79,0.8061224489795918,0.8061224489795918,364,2,2,0.005494505494505495,0.005494505494505495,42,33,33,0.7857142857142857,0.7857142857142857
family_ablation,qwen3.5:9b,autonomous_depth_only,all,all,0.97,98,73,73,0.7448979591836735,0.7448979591836735,364,2,2,0.005494505494505495,0.005494505494505495,42,31,31,0.7380952380952381,0.7380952380952381
family_ablation,qwen3.5:9b,autonomous_depth_only,all,all,0.98,98,63,63,0.6428571428571429,0.6428571428571429,364,2,2,0.005494505494505495,0.005494505494505495,42,27,27,0.6428571428571429,0.6428571428571429
family_ablation,qwen3.5:9b,autonomous_depth_only,all,all,0.99,98,50,50,0.5102040816326531,0.5102040816326531,364,2,2,0.005494505494505495,0.005494505494505495,42,20,20,0.47619047619047616,0.47619047619047616
family_ablation,qwen3.5:9b,autonomous_depth_only,all,all,0.995,98,17,17,0.17346938775510204,0.17346938775510204,364,2,2,0.005494505494505495,0.005494505494505495,42,7,7,0.16666666666666666,0.16666666666666666
family_ablation,qwen3.5:9b,autonomous_depth_only,all,all,0.999,98,0,0,0.0,0.0,364,0,0,0.0,0.0,42,0,0,0.0,0.0
family_ablation,qwen3.5:9b,autonomous_depth_only,all,all,0.9999,98,0,0,0.0,0.0,364,0,0,0.0,0.0,42,0,0,0.0,0.0
family_ablation,qwen3.5:9b,autonomous_depth_only,all,all,0.99999,98,0,0,0.0,0.0,364,0,0,0.0,0.0,42,0,0,0.0,0.0
family_ablation,qwen3.5:9b,autonomous_depth_only,all,all,0.999999,98,0,0,0.0,0.0,364,0,0,0.0,0.0,42,0,0,0.0,0.0
family_ablation,qwen3.5:9b,autonomous_depth_only,all,all,1.0,98,0,0,0.0,0.0,364,0,0,0.0,0.0,42,0,0,0.0,0.0
baseline,gemma4:12b,all_crops,original,all,0.0,25,25,25,1.0,1.0,96,96,96,1.0,1.0,11,11,11,1.0,1.0
baseline,gemma4:12b,all_crops,original,all,0.01,25,25,25,1.0,1.0,96,29,29,0.3020833333333333,0.3020833333333333,11,11,11,1.0,1.0
baseline,gemma4:12b,all_crops,original,all,0.02,25,25,25,1.0,1.0,96,28,28,0.2916666666666667,0.2916666666666667,11,11,11,1.0,1.0
baseline,gemma4:12b,all_crops,original,all,0.03,25,25,25,1.0,1.0,96,28,28,0.2916666666666667,0.2916666666666667,11,11,11,1.0,1.0
baseline,gemma4:12b,all_crops,original,all,0.04,25,25,25,1.0,1.0,96,27,27,0.28125,0.28125,11,11,11,1.0,1.0
baseline,gemma4:12b,all_crops,original,all,0.05,25,25,25,1.0,1.0,96,25,25,0.2604166666666667,0.2604166666666667,11,11,11,1.0,1.0
baseline,gemma4:12b,all_crops,original,all,0.06,25,25,25,1.0,1.0,96,23,23,0.23958333333333334,0.23958333333333334,11,11,11,1.0,1.0
baseline,gemma4:12b,all_crops,original,all,0.07,25,25,25,1.0,1.0,96,22,22,0.22916666666666666,0.22916666666666666,11,11,11,1.0,1.0
baseline,gemma4:12b,all_crops,original,all,0.08,25,25,25,1.0,1.0,96,22,22,0.22916666666666666,0.22916666666666666,11,11,11,1.0,1.0
baseline,gemma4:12b,all_crops,original,all,0.09,25,25,25,1.0,1.0,96,22,22,0.22916666666666666,0.22916666666666666,11,11,11,1.0,1.0
baseline,gemma4:12b,all_crops,original,all,0.1,25,25,25,1.0,1.0,96,22,22,0.22916666666666666,0.22916666666666666,11,11,11,1.0,1.0
baseline,gemma4:12b,all_crops,original,all,0.11,25,25,25,1.0,1.0,96,22,22,0.22916666666666666,0.22916666666666666,11,11,11,1.0,1.0
baseline,gemma4:12b,all_crops,original,all,0.12,25,25,25,1.0,1.0,96,22,22,0.22916666666666666,0.22916666666666666,11,11,11,1.0,1.0
baseline,gemma4:12b,all_crops,original,all,0.13,25,25,25,1.0,1.0,96,22,22,0.22916666666666666,0.22916666666666666,11,11,11,1.0,1.0
baseline,gemma4:12b,all_crops,original,all,0.14,25,25,25,1.0,1.0,96,22,22,0.22916666666666666,0.22916666666666666,11,11,11,1.0,1.0
baseline,gemma4:12b,all_crops,original,all,0.15,25,25,25,1.0,1.0,96,22,22,0.22916666666666666,0.22916666666666666,11,11,11,1.0,1.0
baseline,gemma4:12b,all_crops,original,all,0.16,25,25,25,1.0,1.0,96,22,22,0.22916666666666666,0.22916666666666666,11,11,11,1.0,1.0
baseline,gemma4:12b,all_crops,original,all,0.17,25,25,25,1.0,1.0,96,22,22,0.22916666666666666,0.22916666666666666,11,11,11,1.0,1.0
baseline,gemma4:12b,all_crops,original,all,0.18,25,25,25,1.0,1.0,96,22,22,0.22916666666666666,0.22916666666666666,11,11,11,1.0,1.0
baseline,gemma4:12b,all_crops,original,all,0.19,25,25,25,1.0,1.0,96,22,22,0.22916666666666666,0.22916666666666666,11,11,11,1.0,1.0
baseline,gemma4:12b,all_crops,original,all,0.2,25,25,25,1.0,1.0,96,22,22,0.22916666666666666,0.22916666666666666,11,11,11,1.0,1.0
baseline,gemma4:12b,all_crops,original,all,0.21,25,25,25,1.0,1.0,96,22,22,0.22916666666666666,0.22916666666666666,11,11,11,1.0,1.0
baseline,gemma4:12b,all_crops,original,all,0.22,25,25,25,1.0,1.0,96,22,22,0.22916666666666666,0.22916666666666666,11,11,11,1.0,1.0
baseline,gemma4:12b,all_crops,original,all,0.23,25,25,25,1.0,1.0,96,22,22,0.22916666666666666,0.22916666666666666,11,11,11,1.0,1.0
baseline,gemma4:12b,all_crops,original,all,0.24,25,25,25,1.0,1.0,96,22,22,0.22916666666666666,0.22916666666666666,11,11,11,1.0,1.0
baseline,gemma4:12b,all_crops,original,all,0.25,25,25,25,1.0,1.0,96,22,22,0.22916666666666666,0.22916666666666666,11,11,11,1.0,1.0
baseline,gemma4:12b,all_crops,original,all,0.26,25,25,25,1.0,1.0,96,22,22,0.22916666666666666,0.22916666666666666,11,11,11,1.0,1.0
baseline,gemma4:12b,all_crops,original,all,0.27,25,25,25,1.0,1.0,96,22,22,0.22916666666666666,0.22916666666666666,11,11,11,1.0,1.0
baseline,gemma4:12b,all_crops,original,all,0.28,25,25,25,1.0,1.0,96,22,22,0.22916666666666666,0.22916666666666666,11,11,11,1.0,1.0
baseline,gemma4:12b,all_crops,original,all,0.29,25,25,25,1.0,1.0,96,22,22,0.22916666666666666,0.22916666666666666,11,11,11,1.0,1.0
baseline,gemma4:12b,all_crops,original,all,0.3,25,25,25,1.0,1.0,96,22,22,0.22916666666666666,0.22916666666666666,11,11,11,1.0,1.0
baseline,gemma4:12b,all_crops,original,all,0.31,25,25,25,1.0,1.0,96,22,22,0.22916666666666666,0.22916666666666666,11,11,11,1.0,1.0
baseline,gemma4:12b,all_crops,original,all,0.32,25,25,25,1.0,1.0,96,22,22,0.22916666666666666,0.22916666666666666,11,11,11,1.0,1.0
baseline,gemma4:12b,all_crops,original,all,0.33,25,25,25,1.0,1.0,96,22,22,0.22916666666666666,0.22916666666666666,11,11,11,1.0,1.0
baseline,gemma4:12b,all_crops,original,all,0.34,25,25,25,1.0,1.0,96,22,22,0.22916666666666666,0.22916666666666666,11,11,11,1.0,1.0
baseline,gemma4:12b,all_crops,original,all,0.35,25,25,25,1.0,1.0,96,22,22,0.22916666666666666,0.22916666666666666,11,11,11,1.0,1.0
baseline,gemma4:12b,all_crops,original,all,0.36,25,25,25,1.0,1.0,96,22,22,0.22916666666666666,0.22916666666666666,11,11,11,1.0,1.0
baseline,gemma4:12b,all_crops,original,all,0.37,25,25,25,1.0,1.0,96,22,22,0.22916666666666666,0.22916666666666666,11,11,11,1.0,1.0
baseline,gemma4:12b,all_crops,original,all,0.38,25,25,25,1.0,1.0,96,22,22,0.22916666666666666,0.22916666666666666,11,11,11,1.0,1.0
baseline,gemma4:12b,all_crops,original,all,0.39,25,25,25,1.0,1.0,96,22,22,0.22916666666666666,0.22916666666666666,11,11,11,1.0,1.0
baseline,gemma4:12b,all_crops,original,all,0.4,25,25,25,1.0,1.0,96,22,22,0.22916666666666666,0.22916666666666666,11,11,11,1.0,1.0
baseline,gemma4:12b,all_crops,original,all,0.41,25,25,25,1.0,1.0,96,22,22,0.22916666666666666,0.22916666666666666,11,11,11,1.0,1.0
baseline,gemma4:12b,all_crops,original,all,0.42,25,25,25,1.0,1.0,96,22,22,0.22916666666666666,0.22916666666666666,11,11,11,1.0,1.0
baseline,gemma4:12b,all_crops,original,all,0.43,25,25,25,1.0,1.0,96,22,22,0.22916666666666666,0.22916666666666666,11,11,11,1.0,1.0
baseline,gemma4:12b,all_crops,original,all,0.44,25,25,25,1.0,1.0,96,22,22,0.22916666666666666,0.22916666666666666,11,11,11,1.0,1.0
baseline,gemma4:12b,all_crops,original,all,0.45,25,25,25,1.0,1.0,96,22,22,0.22916666666666666,0.22916666666666666,11,11,11,1.0,1.0
baseline,gemma4:12b,all_crops,original,all,0.46,25,25,25,1.0,1.0,96,22,22,0.22916666666666666,0.22916666666666666,11,11,11,1.0,1.0
baseline,gemma4:12b,all_crops,original,all,0.47,25,25,25,1.0,1.0,96,22,22,0.22916666666666666,0.22916666666666666,11,11,11,1.0,1.0
baseline,gemma4:12b,all_crops,original,all,0.48,25,25,25,1.0,1.0,96,22,22,0.22916666666666666,0.22916666666666666,11,11,11,1.0,1.0
baseline,gemma4:12b,all_crops,original,all,0.49,25,25,25,1.0,1.0,96,22,22,0.22916666666666666,0.22916666666666666,11,11,11,1.0,1.0
baseline,gemma4:12b,all_crops,original,all,0.5,25,25,25,1.0,1.0,96,22,22,0.22916666666666666,0.22916666666666666,11,11,11,1.0,1.0
baseline,gemma4:12b,all_crops,original,all,0.51,25,25,25,1.0,1.0,96,22,22,0.22916666666666666,0.22916666666666666,11,11,11,1.0,1.0
baseline,gemma4:12b,all_crops,original,all,0.52,25,25,25,1.0,1.0,96,22,22,0.22916666666666666,0.22916666666666666,11,11,11,1.0,1.0
baseline,gemma4:12b,all_crops,original,all,0.53,25,25,25,1.0,1.0,96,22,22,0.22916666666666666,0.22916666666666666,11,11,11,1.0,1.0
baseline,gemma4:12b,all_crops,original,all,0.54,25,25,25,1.0,1.0,96,22,22,0.22916666666666666,0.22916666666666666,11,11,11,1.0,1.0
baseline,gemma4:12b,all_crops,original,all,0.55,25,25,25,1.0,1.0,96,22,22,0.22916666666666666,0.22916666666666666,11,11,11,1.0,1.0
baseline,gemma4:12b,all_crops,original,all,0.56,25,25,25,1.0,1.0,96,22,22,0.22916666666666666,0.22916666666666666,11,11,11,1.0,1.0
baseline,gemma4:12b,all_crops,original,all,0.57,25,25,25,1.0,1.0,96,22,22,0.22916666666666666,0.22916666666666666,11,11,11,1.0,1.0
baseline,gemma4:12b,all_crops,original,all,0.58,25,25,25,1.0,1.0,96,22,22,0.22916666666666666,0.22916666666666666,11,11,11,1.0,1.0
baseline,gemma4:12b,all_crops,original,all,0.59,25,25,25,1.0,1.0,96,22,22,0.22916666666666666,0.22916666666666666,11,11,11,1.0,1.0
baseline,gemma4:12b,all_crops,original,all,0.6,25,25,25,1.0,1.0,96,22,22,0.22916666666666666,0.22916666666666666,11,11,11,1.0,1.0
baseline,gemma4:12b,all_crops,original,all,0.61,25,25,25,1.0,1.0,96,22,22,0.22916666666666666,0.22916666666666666,11,11,11,1.0,1.0
baseline,gemma4:12b,all_crops,original,all,0.62,25,25,25,1.0,1.0,96,22,22,0.22916666666666666,0.22916666666666666,11,11,11,1.0,1.0
baseline,gemma4:12b,all_crops,original,all,0.63,25,25,25,1.0,1.0,96,22,22,0.22916666666666666,0.22916666666666666,11,11,11,1.0,1.0
baseline,gemma4:12b,all_crops,original,all,0.64,25,25,25,1.0,1.0,96,22,22,0.22916666666666666,0.22916666666666666,11,11,11,1.0,1.0
baseline,gemma4:12b,all_crops,original,all,0.65,25,25,25,1.0,1.0,96,22,22,0.22916666666666666,0.22916666666666666,11,11,11,1.0,1.0
baseline,gemma4:12b,all_crops,original,all,0.66,25,25,25,1.0,1.0,96,22,22,0.22916666666666666,0.22916666666666666,11,11,11,1.0,1.0
baseline,gemma4:12b,all_crops,original,all,0.67,25,25,25,1.0,1.0,96,22,22,0.22916666666666666,0.22916666666666666,11,11,11,1.0,1.0
baseline,gemma4:12b,all_crops,original,all,0.68,25,25,25,1.0,1.0,96,22,22,0.22916666666666666,0.22916666666666666,11,11,11,1.0,1.0
baseline,gemma4:12b,all_crops,original,all,0.69,25,25,25,1.0,1.0,96,22,22,0.22916666666666666,0.22916666666666666,11,11,11,1.0,1.0
baseline,gemma4:12b,all_crops,original,all,0.7,25,25,25,1.0,1.0,96,22,22,0.22916666666666666,0.22916666666666666,11,11,11,1.0,1.0
baseline,gemma4:12b,all_crops,original,all,0.71,25,25,25,1.0,1.0,96,22,22,0.22916666666666666,0.22916666666666666,11,11,11,1.0,1.0
baseline,gemma4:12b,all_crops,original,all,0.72,25,25,25,1.0,1.0,96,22,22,0.22916666666666666,0.22916666666666666,11,11,11,1.0,1.0
baseline,gemma4:12b,all_crops,original,all,0.73,25,25,25,1.0,1.0,96,22,22,0.22916666666666666,0.22916666666666666,11,11,11,1.0,1.0
baseline,gemma4:12b,all_crops,original,all,0.74,25,25,25,1.0,1.0,96,22,22,0.22916666666666666,0.22916666666666666,11,11,11,1.0,1.0
baseline,gemma4:12b,all_crops,original,all,0.75,25,25,25,1.0,1.0,96,22,22,0.22916666666666666,0.22916666666666666,11,11,11,1.0,1.0
baseline,gemma4:12b,all_crops,original,all,0.76,25,25,25,1.0,1.0,96,22,22,0.22916666666666666,0.22916666666666666,11,11,11,1.0,1.0
baseline,gemma4:12b,all_crops,original,all,0.77,25,25,25,1.0,1.0,96,21,21,0.21875,0.21875,11,11,11,1.0,1.0
baseline,gemma4:12b,all_crops,original,all,0.78,25,25,25,1.0,1.0,96,21,21,0.21875,0.21875,11,11,11,1.0,1.0
baseline,gemma4:12b,all_crops,original,all,0.79,25,25,25,1.0,1.0,96,21,21,0.21875,0.21875,11,11,11,1.0,1.0
baseline,gemma4:12b,all_crops,original,all,0.8,25,25,25,1.0,1.0,96,21,21,0.21875,0.21875,11,11,11,1.0,1.0
baseline,gemma4:12b,all_crops,original,all,0.81,25,25,25,1.0,1.0,96,21,21,0.21875,0.21875,11,11,11,1.0,1.0
baseline,gemma4:12b,all_crops,original,all,0.82,25,25,25,1.0,1.0,96,21,21,0.21875,0.21875,11,11,11,1.0,1.0
baseline,gemma4:12b,all_crops,original,all,0.83,25,25,25,1.0,1.0,96,21,21,0.21875,0.21875,11,11,11,1.0,1.0
baseline,gemma4:12b,all_crops,original,all,0.84,25,25,25,1.0,1.0,96,21,21,0.21875,0.21875,11,11,11,1.0,1.0
baseline,gemma4:12b,all_crops,original,all,0.85,25,25,25,1.0,1.0,96,21,21,0.21875,0.21875,11,11,11,1.0,1.0
baseline,gemma4:12b,all_crops,original,all,0.86,25,25,25,1.0,1.0,96,21,21,0.21875,0.21875,11,11,11,1.0,1.0
baseline,gemma4:12b,all_crops,original,all,0.87,25,25,25,1.0,1.0,96,21,21,0.21875,0.21875,11,11,11,1.0,1.0
baseline,gemma4:12b,all_crops,original,all,0.88,25,25,25,1.0,1.0,96,21,21,0.21875,0.21875,11,11,11,1.0,1.0
baseline,gemma4:12b,all_crops,original,all,0.89,25,25,25,1.0,1.0,96,21,21,0.21875,0.21875,11,11,11,1.0,1.0
baseline,gemma4:12b,all_crops,original,all,0.9,25,25,25,1.0,1.0,96,21,21,0.21875,0.21875,11,11,11,1.0,1.0
baseline,gemma4:12b,all_crops,original,all,0.91,25,25,25,1.0,1.0,96,20,20,0.20833333333333334,0.20833333333333334,11,11,11,1.0,1.0
baseline,gemma4:12b,all_crops,original,all,0.92,25,25,25,1.0,1.0,96,20,20,0.20833333333333334,0.20833333333333334,11,11,11,1.0,1.0
baseline,gemma4:12b,all_crops,original,all,0.93,25,25,25,1.0,1.0,96,20,20,0.20833333333333334,0.20833333333333334,11,11,11,1.0,1.0
baseline,gemma4:12b,all_crops,original,all,0.94,25,25,25,1.0,1.0,96,20,20,0.20833333333333334,0.20833333333333334,11,11,11,1.0,1.0
baseline,gemma4:12b,all_crops,original,all,0.95,25,25,25,1.0,1.0,96,19,19,0.19791666666666666,0.19791666666666666,11,11,11,1.0,1.0
baseline,gemma4:12b,all_crops,original,all,0.96,25,25,25,1.0,1.0,96,19,19,0.19791666666666666,0.19791666666666666,11,11,11,1.0,1.0
baseline,gemma4:12b,all_crops,original,all,0.97,25,25,25,1.0,1.0,96,18,18,0.1875,0.1875,11,11,11,1.0,1.0
baseline,gemma4:12b,all_crops,original,all,0.98,25,25,25,1.0,1.0,96,17,17,0.17708333333333334,0.17708333333333334,11,11,11,1.0,1.0
baseline,gemma4:12b,all_crops,original,all,0.99,25,25,25,1.0,1.0,96,17,17,0.17708333333333334,0.17708333333333334,11,11,11,1.0,1.0
baseline,gemma4:12b,all_crops,original,all,0.995,25,25,25,1.0,1.0,96,14,14,0.14583333333333334,0.14583333333333334,11,11,11,1.0,1.0
baseline,gemma4:12b,all_crops,original,all,0.999,25,25,25,1.0,1.0,96,11,11,0.11458333333333333,0.11458333333333333,11,11,11,1.0,1.0
baseline,gemma4:12b,all_crops,original,all,0.9999,25,23,23,0.92,0.92,96,6,6,0.0625,0.0625,11,10,10,0.9090909090909091,0.9090909090909091
baseline,gemma4:12b,all_crops,original,all,0.99999,25,14,14,0.56,0.56,96,1,1,0.010416666666666666,0.010416666666666666,11,6,6,0.5454545454545454,0.5454545454545454
baseline,gemma4:12b,all_crops,original,all,0.999999,25,0,0,0.0,0.0,96,0,0,0.0,0.0,11,0,0,0.0,0.0
baseline,gemma4:12b,all_crops,original,all,1.0,25,0,0,0.0,0.0,96,0,0,0.0,0.0,11,0,0,0.0,0.0
baseline,gemma4:12b,all_crops,state_101,all,0.0,25,25,25,1.0,1.0,96,96,96,1.0,1.0,11,11,11,1.0,1.0
baseline,gemma4:12b,all_crops,state_101,all,0.01,25,25,25,1.0,1.0,96,26,26,0.2708333333333333,0.2708333333333333,11,11,11,1.0,1.0
baseline,gemma4:12b,all_crops,state_101,all,0.02,25,25,25,1.0,1.0,96,23,23,0.23958333333333334,0.23958333333333334,11,11,11,1.0,1.0
baseline,gemma4:12b,all_crops,state_101,all,0.03,25,25,25,1.0,1.0,96,22,22,0.22916666666666666,0.22916666666666666,11,11,11,1.0,1.0
baseline,gemma4:12b,all_crops,state_101,all,0.04,25,25,25,1.0,1.0,96,22,22,0.22916666666666666,0.22916666666666666,11,11,11,1.0,1.0
baseline,gemma4:12b,all_crops,state_101,all,0.05,25,25,25,1.0,1.0,96,22,22,0.22916666666666666,0.22916666666666666,11,11,11,1.0,1.0
baseline,gemma4:12b,all_crops,state_101,all,0.06,25,25,25,1.0,1.0,96,22,22,0.22916666666666666,0.22916666666666666,11,11,11,1.0,1.0
baseline,gemma4:12b,all_crops,state_101,all,0.07,25,25,25,1.0,1.0,96,22,22,0.22916666666666666,0.22916666666666666,11,11,11,1.0,1.0
baseline,gemma4:12b,all_crops,state_101,all,0.08,25,25,25,1.0,1.0,96,22,22,0.22916666666666666,0.22916666666666666,11,11,11,1.0,1.0
baseline,gemma4:12b,all_crops,state_101,all,0.09,25,25,25,1.0,1.0,96,21,21,0.21875,0.21875,11,11,11,1.0,1.0
baseline,gemma4:12b,all_crops,state_101,all,0.1,25,25,25,1.0,1.0,96,21,21,0.21875,0.21875,11,11,11,1.0,1.0
baseline,gemma4:12b,all_crops,state_101,all,0.11,25,25,25,1.0,1.0,96,21,21,0.21875,0.21875,11,11,11,1.0,1.0
baseline,gemma4:12b,all_crops,state_101,all,0.12,25,25,25,1.0,1.0,96,21,21,0.21875,0.21875,11,11,11,1.0,1.0
baseline,gemma4:12b,all_crops,state_101,all,0.13,25,25,25,1.0,1.0,96,21,21,0.21875,0.21875,11,11,11,1.0,1.0
baseline,gemma4:12b,all_crops,state_101,all,0.14,25,25,25,1.0,1.0,96,21,21,0.21875,0.21875,11,11,11,1.0,1.0
baseline,gemma4:12b,all_crops,state_101,all,0.15,25,25,25,1.0,1.0,96,21,21,0.21875,0.21875,11,11,11,1.0,1.0
baseline,gemma4:12b,all_crops,state_101,all,0.16,25,25,25,1.0,1.0,96,21,21,0.21875,0.21875,11,11,11,1.0,1.0
baseline,gemma4:12b,all_crops,state_101,all,0.17,25,25,25,1.0,1.0,96,21,21,0.21875,0.21875,11,11,11,1.0,1.0
baseline,gemma4:12b,all_crops,state_101,all,0.18,25,25,25,1.0,1.0,96,21,21,0.21875,0.21875,11,11,11,1.0,1.0
baseline,gemma4:12b,all_crops,state_101,all,0.19,25,25,25,1.0,1.0,96,21,21,0.21875,0.21875,11,11,11,1.0,1.0
baseline,gemma4:12b,all_crops,state_101,all,0.2,25,25,25,1.0,1.0,96,21,21,0.21875,0.21875,11,11,11,1.0,1.0
baseline,gemma4:12b,all_crops,state_101,all,0.21,25,25,25,1.0,1.0,96,21,21,0.21875,0.21875,11,11,11,1.0,1.0
baseline,gemma4:12b,all_crops,state_101,all,0.22,25,25,25,1.0,1.0,96,21,21,0.21875,0.21875,11,11,11,1.0,1.0
baseline,gemma4:12b,all_crops,state_101,all,0.23,25,25,25,1.0,1.0,96,21,21,0.21875,0.21875,11,11,11,1.0,1.0
baseline,gemma4:12b,all_crops,state_101,all,0.24,25,25,25,1.0,1.0,96,21,21,0.21875,0.21875,11,11,11,1.0,1.0
baseline,gemma4:12b,all_crops,state_101,all,0.25,25,25,25,1.0,1.0,96,21,21,0.21875,0.21875,11,11,11,1.0,1.0
baseline,gemma4:12b,all_crops,state_101,all,0.26,25,25,25,1.0,1.0,96,21,21,0.21875,0.21875,11,11,11,1.0,1.0
baseline,gemma4:12b,all_crops,state_101,all,0.27,25,25,25,1.0,1.0,96,21,21,0.21875,0.21875,11,11,11,1.0,1.0
baseline,gemma4:12b,all_crops,state_101,all,0.28,25,25,25,1.0,1.0,96,21,21,0.21875,0.21875,11,11,11,1.0,1.0
baseline,gemma4:12b,all_crops,state_101,all,0.29,25,25,25,1.0,1.0,96,21,21,0.21875,0.21875,11,11,11,1.0,1.0
baseline,gemma4:12b,all_crops,state_101,all,0.3,25,25,25,1.0,1.0,96,21,21,0.21875,0.21875,11,11,11,1.0,1.0
baseline,gemma4:12b,all_crops,state_101,all,0.31,25,25,25,1.0,1.0,96,21,21,0.21875,0.21875,11,11,11,1.0,1.0
baseline,gemma4:12b,all_crops,state_101,all,0.32,25,25,25,1.0,1.0,96,21,21,0.21875,0.21875,11,11,11,1.0,1.0
baseline,gemma4:12b,all_crops,state_101,all,0.33,25,25,25,1.0,1.0,96,21,21,0.21875,0.21875,11,11,11,1.0,1.0
baseline,gemma4:12b,all_crops,state_101,all,0.34,25,25,25,1.0,1.0,96,21,21,0.21875,0.21875,11,11,11,1.0,1.0
baseline,gemma4:12b,all_crops,state_101,all,0.35,25,25,25,1.0,1.0,96,21,21,0.21875,0.21875,11,11,11,1.0,1.0
baseline,gemma4:12b,all_crops,state_101,all,0.36,25,25,25,1.0,1.0,96,21,21,0.21875,0.21875,11,11,11,1.0,1.0
baseline,gemma4:12b,all_crops,state_101,all,0.37,25,25,25,1.0,1.0,96,21,21,0.21875,0.21875,11,11,11,1.0,1.0
baseline,gemma4:12b,all_crops,state_101,all,0.38,25,25,25,1.0,1.0,96,21,21,0.21875,0.21875,11,11,11,1.0,1.0
baseline,gemma4:12b,all_crops,state_101,all,0.39,25,25,25,1.0,1.0,96,21,21,0.21875,0.21875,11,11,11,1.0,1.0
baseline,gemma4:12b,all_crops,state_101,all,0.4,25,25,25,1.0,1.0,96,21,21,0.21875,0.21875,11,11,11,1.0,1.0
baseline,gemma4:12b,all_crops,state_101,all,0.41,25,25,25,1.0,1.0,96,21,21,0.21875,0.21875,11,11,11,1.0,1.0
baseline,gemma4:12b,all_crops,state_101,all,0.42,25,25,25,1.0,1.0,96,21,21,0.21875,0.21875,11,11,11,1.0,1.0
baseline,gemma4:12b,all_crops,state_101,all,0.43,25,25,25,1.0,1.0,96,21,21,0.21875,0.21875,11,11,11,1.0,1.0
baseline,gemma4:12b,all_crops,state_101,all,0.44,25,25,25,1.0,1.0,96,21,21,0.21875,0.21875,11,11,11,1.0,1.0
baseline,gemma4:12b,all_crops,state_101,all,0.45,25,25,25,1.0,1.0,96,21,21,0.21875,0.21875,11,11,11,1.0,1.0
baseline,gemma4:12b,all_crops,state_101,all,0.46,25,25,25,1.0,1.0,96,20,20,0.20833333333333334,0.20833333333333334,11,11,11,1.0,1.0
baseline,gemma4:12b,all_crops,state_101,all,0.47,25,25,25,1.0,1.0,96,20,20,0.20833333333333334,0.20833333333333334,11,11,11,1.0,1.0
baseline,gemma4:12b,all_crops,state_101,all,0.48,25,25,25,1.0,1.0,96,20,20,0.20833333333333334,0.20833333333333334,11,11,11,1.0,1.0
baseline,gemma4:12b,all_crops,state_101,all,0.49,25,25,25,1.0,1.0,96,20,20,0.20833333333333334,0.20833333333333334,11,11,11,1.0,1.0
baseline,gemma4:12b,all_crops,state_101,all,0.5,25,25,25,1.0,1.0,96,20,20,0.20833333333333334,0.20833333333333334,11,11,11,1.0,1.0
baseline,gemma4:12b,all_crops,state_101,all,0.51,25,25,25,1.0,1.0,96,20,20,0.20833333333333334,0.20833333333333334,11,11,11,1.0,1.0
baseline,gemma4:12b,all_crops,state_101,all,0.52,25,25,25,1.0,1.0,96,20,20,0.20833333333333334,0.20833333333333334,11,11,11,1.0,1.0
baseline,gemma4:12b,all_crops,state_101,all,0.53,25,25,25,1.0,1.0,96,20,20,0.20833333333333334,0.20833333333333334,11,11,11,1.0,1.0
baseline,gemma4:12b,all_crops,state_101,all,0.54,25,25,25,1.0,1.0,96,20,20,0.20833333333333334,0.20833333333333334,11,11,11,1.0,1.0
baseline,gemma4:12b,all_crops,state_101,all,0.55,25,25,25,1.0,1.0,96,20,20,0.20833333333333334,0.20833333333333334,11,11,11,1.0,1.0
baseline,gemma4:12b,all_crops,state_101,all,0.56,25,25,25,1.0,1.0,96,20,20,0.20833333333333334,0.20833333333333334,11,11,11,1.0,1.0
baseline,gemma4:12b,all_crops,state_101,all,0.57,25,25,25,1.0,1.0,96,20,20,0.20833333333333334,0.20833333333333334,11,11,11,1.0,1.0
baseline,gemma4:12b,all_crops,state_101,all,0.58,25,25,25,1.0,1.0,96,20,20,0.20833333333333334,0.20833333333333334,11,11,11,1.0,1.0
baseline,gemma4:12b,all_crops,state_101,all,0.59,25,25,25,1.0,1.0,96,20,20,0.20833333333333334,0.20833333333333334,11,11,11,1.0,1.0
baseline,gemma4:12b,all_crops,state_101,all,0.6,25,25,25,1.0,1.0,96,20,20,0.20833333333333334,0.20833333333333334,11,11,11,1.0,1.0
baseline,gemma4:12b,all_crops,state_101,all,0.61,25,25,25,1.0,1.0,96,20,20,0.20833333333333334,0.20833333333333334,11,11,11,1.0,1.0
baseline,gemma4:12b,all_crops,state_101,all,0.62,25,25,25,1.0,1.0,96,20,20,0.20833333333333334,0.20833333333333334,11,11,11,1.0,1.0
baseline,gemma4:12b,all_crops,state_101,all,0.63,25,25,25,1.0,1.0,96,20,20,0.20833333333333334,0.20833333333333334,11,11,11,1.0,1.0
baseline,gemma4:12b,all_crops,state_101,all,0.64,25,25,25,1.0,1.0,96,20,20,0.20833333333333334,0.20833333333333334,11,11,11,1.0,1.0
baseline,gemma4:12b,all_crops,state_101,all,0.65,25,25,25,1.0,1.0,96,19,19,0.19791666666666666,0.19791666666666666,11,11,11,1.0,1.0
baseline,gemma4:12b,all_crops,state_101,all,0.66,25,25,25,1.0,1.0,96,19,19,0.19791666666666666,0.19791666666666666,11,11,11,1.0,1.0
baseline,gemma4:12b,all_crops,state_101,all,0.67,25,25,25,1.0,1.0,96,19,19,0.19791666666666666,0.19791666666666666,11,11,11,1.0,1.0
baseline,gemma4:12b,all_crops,state_101,all,0.68,25,25,25,1.0,1.0,96,19,19,0.19791666666666666,0.19791666666666666,11,11,11,1.0,1.0
baseline,gemma4:12b,all_crops,state_101,all,0.69,25,25,25,1.0,1.0,96,19,19,0.19791666666666666,0.19791666666666666,11,11,11,1.0,1.0
baseline,gemma4:12b,all_crops,state_101,all,0.7,25,25,25,1.0,1.0,96,19,19,0.19791666666666666,0.19791666666666666,11,11,11,1.0,1.0
baseline,gemma4:12b,all_crops,state_101,all,0.71,25,25,25,1.0,1.0,96,19,19,0.19791666666666666,0.19791666666666666,11,11,11,1.0,1.0
baseline,gemma4:12b,all_crops,state_101,all,0.72,25,25,25,1.0,1.0,96,19,19,0.19791666666666666,0.19791666666666666,11,11,11,1.0,1.0
baseline,gemma4:12b,all_crops,state_101,all,0.73,25,25,25,1.0,1.0,96,19,19,0.19791666666666666,0.19791666666666666,11,11,11,1.0,1.0
baseline,gemma4:12b,all_crops,state_101,all,0.74,25,25,25,1.0,1.0,96,19,19,0.19791666666666666,0.19791666666666666,11,11,11,1.0,1.0
baseline,gemma4:12b,all_crops,state_101,all,0.75,25,25,25,1.0,1.0,96,19,19,0.19791666666666666,0.19791666666666666,11,11,11,1.0,1.0
baseline,gemma4:12b,all_crops,state_101,all,0.76,25,25,25,1.0,1.0,96,19,19,0.19791666666666666,0.19791666666666666,11,11,11,1.0,1.0
baseline,gemma4:12b,all_crops,state_101,all,0.77,25,25,25,1.0,1.0,96,19,19,0.19791666666666666,0.19791666666666666,11,11,11,1.0,1.0
baseline,gemma4:12b,all_crops,state_101,all,0.78,25,25,25,1.0,1.0,96,19,19,0.19791666666666666,0.19791666666666666,11,11,11,1.0,1.0
baseline,gemma4:12b,all_crops,state_101,all,0.79,25,25,25,1.0,1.0,96,19,19,0.19791666666666666,0.19791666666666666,11,11,11,1.0,1.0
baseline,gemma4:12b,all_crops,state_101,all,0.8,25,25,25,1.0,1.0,96,19,19,0.19791666666666666,0.19791666666666666,11,11,11,1.0,1.0
baseline,gemma4:12b,all_crops,state_101,all,0.81,25,25,25,1.0,1.0,96,19,19,0.19791666666666666,0.19791666666666666,11,11,11,1.0,1.0
baseline,gemma4:12b,all_crops,state_101,all,0.82,25,25,25,1.0,1.0,96,19,19,0.19791666666666666,0.19791666666666666,11,11,11,1.0,1.0
baseline,gemma4:12b,all_crops,state_101,all,0.83,25,25,25,1.0,1.0,96,18,18,0.1875,0.1875,11,11,11,1.0,1.0
baseline,gemma4:12b,all_crops,state_101,all,0.84,25,25,25,1.0,1.0,96,17,17,0.17708333333333334,0.17708333333333334,11,11,11,1.0,1.0
baseline,gemma4:12b,all_crops,state_101,all,0.85,25,25,25,1.0,1.0,96,17,17,0.17708333333333334,0.17708333333333334,11,11,11,1.0,1.0
baseline,gemma4:12b,all_crops,state_101,all,0.86,25,25,25,1.0,1.0,96,17,17,0.17708333333333334,0.17708333333333334,11,11,11,1.0,1.0
baseline,gemma4:12b,all_crops,state_101,all,0.87,25,25,25,1.0,1.0,96,17,17,0.17708333333333334,0.17708333333333334,11,11,11,1.0,1.0
baseline,gemma4:12b,all_crops,state_101,all,0.88,25,25,25,1.0,1.0,96,17,17,0.17708333333333334,0.17708333333333334,11,11,11,1.0,1.0
baseline,gemma4:12b,all_crops,state_101,all,0.89,25,25,25,1.0,1.0,96,17,17,0.17708333333333334,0.17708333333333334,11,11,11,1.0,1.0
baseline,gemma4:12b,all_crops,state_101,all,0.9,25,25,25,1.0,1.0,96,17,17,0.17708333333333334,0.17708333333333334,11,11,11,1.0,1.0
baseline,gemma4:12b,all_crops,state_101,all,0.91,25,24,24,0.96,0.96,96,17,17,0.17708333333333334,0.17708333333333334,11,10,10,0.9090909090909091,0.9090909090909091
baseline,gemma4:12b,all_crops,state_101,all,0.92,25,24,24,0.96,0.96,96,17,17,0.17708333333333334,0.17708333333333334,11,10,10,0.9090909090909091,0.9090909090909091
baseline,gemma4:12b,all_crops,state_101,all,0.93,25,24,24,0.96,0.96,96,17,17,0.17708333333333334,0.17708333333333334,11,10,10,0.9090909090909091,0.9090909090909091
baseline,gemma4:12b,all_crops,state_101,all,0.94,25,23,23,0.92,0.92,96,17,17,0.17708333333333334,0.17708333333333334,11,10,10,0.9090909090909091,0.9090909090909091
baseline,gemma4:12b,all_crops,state_101,all,0.95,25,23,23,0.92,0.92,96,17,17,0.17708333333333334,0.17708333333333334,11,10,10,0.9090909090909091,0.9090909090909091
baseline,gemma4:12b,all_crops,state_101,all,0.96,25,23,23,0.92,0.92,96,17,17,0.17708333333333334,0.17708333333333334,11,10,10,0.9090909090909091,0.9090909090909091
baseline,gemma4:12b,all_crops,state_101,all,0.97,25,23,23,0.92,0.92,96,17,17,0.17708333333333334,0.17708333333333334,11,10,10,0.9090909090909091,0.9090909090909091
baseline,gemma4:12b,all_crops,state_101,all,0.98,25,23,23,0.92,0.92,96,17,17,0.17708333333333334,0.17708333333333334,11,10,10,0.9090909090909091,0.9090909090909091
baseline,gemma4:12b,all_crops,state_101,all,0.99,25,23,23,0.92,0.92,96,17,17,0.17708333333333334,0.17708333333333334,11,10,10,0.9090909090909091,0.9090909090909091
baseline,gemma4:12b,all_crops,state_101,all,0.995,25,23,23,0.92,0.92,96,16,16,0.16666666666666666,0.16666666666666666,11,10,10,0.9090909090909091,0.9090909090909091
baseline,gemma4:12b,all_crops,state_101,all,0.999,25,22,22,0.88,0.88,96,13,13,0.13541666666666666,0.13541666666666666,11,9,9,0.8181818181818182,0.8181818181818182
baseline,gemma4:12b,all_crops,state_101,all,0.9999,25,20,20,0.8,0.8,96,8,8,0.08333333333333333,0.08333333333333333,11,9,9,0.8181818181818182,0.8181818181818182
baseline,gemma4:12b,all_crops,state_101,all,0.99999,25,14,14,0.56,0.56,96,0,0,0.0,0.0,11,6,6,0.5454545454545454,0.5454545454545454
baseline,gemma4:12b,all_crops,state_101,all,0.999999,25,0,0,0.0,0.0,96,0,0,0.0,0.0,11,0,0,0.0,0.0
baseline,gemma4:12b,all_crops,state_101,all,1.0,25,0,0,0.0,0.0,96,0,0,0.0,0.0,11,0,0,0.0,0.0
baseline,gemma4:12b,all_crops,state_202,all,0.0,25,25,25,1.0,1.0,96,96,96,1.0,1.0,11,11,11,1.0,1.0
baseline,gemma4:12b,all_crops,state_202,all,0.01,25,25,25,1.0,1.0,96,24,24,0.25,0.25,11,11,11,1.0,1.0
baseline,gemma4:12b,all_crops,state_202,all,0.02,25,25,25,1.0,1.0,96,23,23,0.23958333333333334,0.23958333333333334,11,11,11,1.0,1.0
baseline,gemma4:12b,all_crops,state_202,all,0.03,25,25,25,1.0,1.0,96,23,23,0.23958333333333334,0.23958333333333334,11,11,11,1.0,1.0
baseline,gemma4:12b,all_crops,state_202,all,0.04,25,25,25,1.0,1.0,96,22,22,0.22916666666666666,0.22916666666666666,11,11,11,1.0,1.0
baseline,gemma4:12b,all_crops,state_202,all,0.05,25,25,25,1.0,1.0,96,22,22,0.22916666666666666,0.22916666666666666,11,11,11,1.0,1.0
baseline,gemma4:12b,all_crops,state_202,all,0.06,25,25,25,1.0,1.0,96,22,22,0.22916666666666666,0.22916666666666666,11,11,11,1.0,1.0
baseline,gemma4:12b,all_crops,state_202,all,0.07,25,25,25,1.0,1.0,96,21,21,0.21875,0.21875,11,11,11,1.0,1.0
baseline,gemma4:12b,all_crops,state_202,all,0.08,25,25,25,1.0,1.0,96,21,21,0.21875,0.21875,11,11,11,1.0,1.0
baseline,gemma4:12b,all_crops,state_202,all,0.09,25,25,25,1.0,1.0,96,21,21,0.21875,0.21875,11,11,11,1.0,1.0
baseline,gemma4:12b,all_crops,state_202,all,0.1,25,25,25,1.0,1.0,96,21,21,0.21875,0.21875,11,11,11,1.0,1.0
baseline,gemma4:12b,all_crops,state_202,all,0.11,25,25,25,1.0,1.0,96,20,20,0.20833333333333334,0.20833333333333334,11,11,11,1.0,1.0
baseline,gemma4:12b,all_crops,state_202,all,0.12,25,25,25,1.0,1.0,96,20,20,0.20833333333333334,0.20833333333333334,11,11,11,1.0,1.0
baseline,gemma4:12b,all_crops,state_202,all,0.13,25,25,25,1.0,1.0,96,20,20,0.20833333333333334,0.20833333333333334,11,11,11,1.0,1.0
baseline,gemma4:12b,all_crops,state_202,all,0.14,25,25,25,1.0,1.0,96,20,20,0.20833333333333334,0.20833333333333334,11,11,11,1.0,1.0
baseline,gemma4:12b,all_crops,state_202,all,0.15,25,25,25,1.0,1.0,96,20,20,0.20833333333333334,0.20833333333333334,11,11,11,1.0,1.0
baseline,gemma4:12b,all_crops,state_202,all,0.16,25,25,25,1.0,1.0,96,20,20,0.20833333333333334,0.20833333333333334,11,11,11,1.0,1.0
baseline,gemma4:12b,all_crops,state_202,all,0.17,25,25,25,1.0,1.0,96,20,20,0.20833333333333334,0.20833333333333334,11,11,11,1.0,1.0
baseline,gemma4:12b,all_crops,state_202,all,0.18,25,25,25,1.0,1.0,96,20,20,0.20833333333333334,0.20833333333333334,11,11,11,1.0,1.0
baseline,gemma4:12b,all_crops,state_202,all,0.19,25,25,25,1.0,1.0,96,20,20,0.20833333333333334,0.20833333333333334,11,11,11,1.0,1.0
baseline,gemma4:12b,all_crops,state_202,all,0.2,25,25,25,1.0,1.0,96,20,20,0.20833333333333334,0.20833333333333334,11,11,11,1.0,1.0
baseline,gemma4:12b,all_crops,state_202,all,0.21,25,25,25,1.0,1.0,96,20,20,0.20833333333333334,0.20833333333333334,11,11,11,1.0,1.0
baseline,gemma4:12b,all_crops,state_202,all,0.22,25,25,25,1.0,1.0,96,20,20,0.20833333333333334,0.20833333333333334,11,11,11,1.0,1.0
baseline,gemma4:12b,all_crops,state_202,all,0.23,25,25,25,1.0,1.0,96,20,20,0.20833333333333334,0.20833333333333334,11,11,11,1.0,1.0
baseline,gemma4:12b,all_crops,state_202,all,0.24,25,25,25,1.0,1.0,96,20,20,0.20833333333333334,0.20833333333333334,11,11,11,1.0,1.0
baseline,gemma4:12b,all_crops,state_202,all,0.25,25,25,25,1.0,1.0,96,20,20,0.20833333333333334,0.20833333333333334,11,11,11,1.0,1.0
baseline,gemma4:12b,all_crops,state_202,all,0.26,25,25,25,1.0,1.0,96,20,20,0.20833333333333334,0.20833333333333334,11,11,11,1.0,1.0
baseline,gemma4:12b,all_crops,state_202,all,0.27,25,25,25,1.0,1.0,96,20,20,0.20833333333333334,0.20833333333333334,11,11,11,1.0,1.0
baseline,gemma4:12b,all_crops,state_202,all,0.28,25,25,25,1.0,1.0,96,20,20,0.20833333333333334,0.20833333333333334,11,11,11,1.0,1.0
baseline,gemma4:12b,all_crops,state_202,all,0.29,25,25,25,1.0,1.0,96,20,20,0.20833333333333334,0.20833333333333334,11,11,11,1.0,1.0
baseline,gemma4:12b,all_crops,state_202,all,0.3,25,25,25,1.0,1.0,96,20,20,0.20833333333333334,0.20833333333333334,11,11,11,1.0,1.0
baseline,gemma4:12b,all_crops,state_202,all,0.31,25,25,25,1.0,1.0,96,20,20,0.20833333333333334,0.20833333333333334,11,11,11,1.0,1.0
baseline,gemma4:12b,all_crops,state_202,all,0.32,25,25,25,1.0,1.0,96,20,20,0.20833333333333334,0.20833333333333334,11,11,11,1.0,1.0
baseline,gemma4:12b,all_crops,state_202,all,0.33,25,25,25,1.0,1.0,96,20,20,0.20833333333333334,0.20833333333333334,11,11,11,1.0,1.0
baseline,gemma4:12b,all_crops,state_202,all,0.34,25,25,25,1.0,1.0,96,20,20,0.20833333333333334,0.20833333333333334,11,11,11,1.0,1.0
baseline,gemma4:12b,all_crops,state_202,all,0.35,25,25,25,1.0,1.0,96,20,20,0.20833333333333334,0.20833333333333334,11,11,11,1.0,1.0
baseline,gemma4:12b,all_crops,state_202,all,0.36,25,25,25,1.0,1.0,96,19,19,0.19791666666666666,0.19791666666666666,11,11,11,1.0,1.0
baseline,gemma4:12b,all_crops,state_202,all,0.37,25,25,25,1.0,1.0,96,19,19,0.19791666666666666,0.19791666666666666,11,11,11,1.0,1.0
baseline,gemma4:12b,all_crops,state_202,all,0.38,25,25,25,1.0,1.0,96,19,19,0.19791666666666666,0.19791666666666666,11,11,11,1.0,1.0
baseline,gemma4:12b,all_crops,state_202,all,0.39,25,25,25,1.0,1.0,96,19,19,0.19791666666666666,0.19791666666666666,11,11,11,1.0,1.0
baseline,gemma4:12b,all_crops,state_202,all,0.4,25,25,25,1.0,1.0,96,19,19,0.19791666666666666,0.19791666666666666,11,11,11,1.0,1.0
baseline,gemma4:12b,all_crops,state_202,all,0.41,25,25,25,1.0,1.0,96,19,19,0.19791666666666666,0.19791666666666666,11,11,11,1.0,1.0
baseline,gemma4:12b,all_crops,state_202,all,0.42,25,25,25,1.0,1.0,96,19,19,0.19791666666666666,0.19791666666666666,11,11,11,1.0,1.0
baseline,gemma4:12b,all_crops,state_202,all,0.43,25,25,25,1.0,1.0,96,19,19,0.19791666666666666,0.19791666666666666,11,11,11,1.0,1.0
baseline,gemma4:12b,all_crops,state_202,all,0.44,25,25,25,1.0,1.0,96,19,19,0.19791666666666666,0.19791666666666666,11,11,11,1.0,1.0
baseline,gemma4:12b,all_crops,state_202,all,0.45,25,25,25,1.0,1.0,96,19,19,0.19791666666666666,0.19791666666666666,11,11,11,1.0,1.0
baseline,gemma4:12b,all_crops,state_202,all,0.46,25,25,25,1.0,1.0,96,19,19,0.19791666666666666,0.19791666666666666,11,11,11,1.0,1.0
baseline,gemma4:12b,all_crops,state_202,all,0.47,25,25,25,1.0,1.0,96,19,19,0.19791666666666666,0.19791666666666666,11,11,11,1.0,1.0
baseline,gemma4:12b,all_crops,state_202,all,0.48,25,25,25,1.0,1.0,96,19,19,0.19791666666666666,0.19791666666666666,11,11,11,1.0,1.0
baseline,gemma4:12b,all_crops,state_202,all,0.49,25,25,25,1.0,1.0,96,19,19,0.19791666666666666,0.19791666666666666,11,11,11,1.0,1.0
baseline,gemma4:12b,all_crops,state_202,all,0.5,25,25,25,1.0,1.0,96,19,19,0.19791666666666666,0.19791666666666666,11,11,11,1.0,1.0
baseline,gemma4:12b,all_crops,state_202,all,0.51,25,25,25,1.0,1.0,96,19,19,0.19791666666666666,0.19791666666666666,11,11,11,1.0,1.0
baseline,gemma4:12b,all_crops,state_202,all,0.52,25,25,25,1.0,1.0,96,19,19,0.19791666666666666,0.19791666666666666,11,11,11,1.0,1.0
baseline,gemma4:12b,all_crops,state_202,all,0.53,25,25,25,1.0,1.0,96,19,19,0.19791666666666666,0.19791666666666666,11,11,11,1.0,1.0
baseline,gemma4:12b,all_crops,state_202,all,0.54,25,25,25,1.0,1.0,96,19,19,0.19791666666666666,0.19791666666666666,11,11,11,1.0,1.0
baseline,gemma4:12b,all_crops,state_202,all,0.55,25,25,25,1.0,1.0,96,19,19,0.19791666666666666,0.19791666666666666,11,11,11,1.0,1.0
baseline,gemma4:12b,all_crops,state_202,all,0.56,25,25,25,1.0,1.0,96,19,19,0.19791666666666666,0.19791666666666666,11,11,11,1.0,1.0
baseline,gemma4:12b,all_crops,state_202,all,0.57,25,25,25,1.0,1.0,96,19,19,0.19791666666666666,0.19791666666666666,11,11,11,1.0,1.0
baseline,gemma4:12b,all_crops,state_202,all,0.58,25,25,25,1.0,1.0,96,19,19,0.19791666666666666,0.19791666666666666,11,11,11,1.0,1.0
baseline,gemma4:12b,all_crops,state_202,all,0.59,25,25,25,1.0,1.0,96,19,19,0.19791666666666666,0.19791666666666666,11,11,11,1.0,1.0
baseline,gemma4:12b,all_crops,state_202,all,0.6,25,25,25,1.0,1.0,96,19,19,0.19791666666666666,0.19791666666666666,11,11,11,1.0,1.0
baseline,gemma4:12b,all_crops,state_202,all,0.61,25,25,25,1.0,1.0,96,19,19,0.19791666666666666,0.19791666666666666,11,11,11,1.0,1.0
baseline,gemma4:12b,all_crops,state_202,all,0.62,25,25,25,1.0,1.0,96,19,19,0.19791666666666666,0.19791666666666666,11,11,11,1.0,1.0
baseline,gemma4:12b,all_crops,state_202,all,0.63,25,25,25,1.0,1.0,96,19,19,0.19791666666666666,0.19791666666666666,11,11,11,1.0,1.0
baseline,gemma4:12b,all_crops,state_202,all,0.64,25,25,25,1.0,1.0,96,19,19,0.19791666666666666,0.19791666666666666,11,11,11,1.0,1.0
baseline,gemma4:12b,all_crops,state_202,all,0.65,25,25,25,1.0,1.0,96,19,19,0.19791666666666666,0.19791666666666666,11,11,11,1.0,1.0
baseline,gemma4:12b,all_crops,state_202,all,0.66,25,25,25,1.0,1.0,96,19,19,0.19791666666666666,0.19791666666666666,11,11,11,1.0,1.0
baseline,gemma4:12b,all_crops,state_202,all,0.67,25,25,25,1.0,1.0,96,19,19,0.19791666666666666,0.19791666666666666,11,11,11,1.0,1.0
baseline,gemma4:12b,all_crops,state_202,all,0.68,25,25,25,1.0,1.0,96,19,19,0.19791666666666666,0.19791666666666666,11,11,11,1.0,1.0
baseline,gemma4:12b,all_crops,state_202,all,0.69,25,25,25,1.0,1.0,96,19,19,0.19791666666666666,0.19791666666666666,11,11,11,1.0,1.0
baseline,gemma4:12b,all_crops,state_202,all,0.7,25,25,25,1.0,1.0,96,19,19,0.19791666666666666,0.19791666666666666,11,11,11,1.0,1.0
baseline,gemma4:12b,all_crops,state_202,all,0.71,25,25,25,1.0,1.0,96,19,19,0.19791666666666666,0.19791666666666666,11,11,11,1.0,1.0
baseline,gemma4:12b,all_crops,state_202,all,0.72,25,25,25,1.0,1.0,96,19,19,0.19791666666666666,0.19791666666666666,11,11,11,1.0,1.0
baseline,gemma4:12b,all_crops,state_202,all,0.73,25,25,25,1.0,1.0,96,19,19,0.19791666666666666,0.19791666666666666,11,11,11,1.0,1.0
baseline,gemma4:12b,all_crops,state_202,all,0.74,25,25,25,1.0,1.0,96,19,19,0.19791666666666666,0.19791666666666666,11,11,11,1.0,1.0
baseline,gemma4:12b,all_crops,state_202,all,0.75,25,25,25,1.0,1.0,96,19,19,0.19791666666666666,0.19791666666666666,11,11,11,1.0,1.0
baseline,gemma4:12b,all_crops,state_202,all,0.76,25,25,25,1.0,1.0,96,19,19,0.19791666666666666,0.19791666666666666,11,11,11,1.0,1.0
baseline,gemma4:12b,all_crops,state_202,all,0.77,25,25,25,1.0,1.0,96,18,18,0.1875,0.1875,11,11,11,1.0,1.0
baseline,gemma4:12b,all_crops,state_202,all,0.78,25,25,25,1.0,1.0,96,18,18,0.1875,0.1875,11,11,11,1.0,1.0
baseline,gemma4:12b,all_crops,state_202,all,0.79,25,25,25,1.0,1.0,96,18,18,0.1875,0.1875,11,11,11,1.0,1.0
baseline,gemma4:12b,all_crops,state_202,all,0.8,25,25,25,1.0,1.0,96,17,17,0.17708333333333334,0.17708333333333334,11,11,11,1.0,1.0
baseline,gemma4:12b,all_crops,state_202,all,0.81,25,25,25,1.0,1.0,96,17,17,0.17708333333333334,0.17708333333333334,11,11,11,1.0,1.0
baseline,gemma4:12b,all_crops,state_202,all,0.82,25,25,25,1.0,1.0,96,17,17,0.17708333333333334,0.17708333333333334,11,11,11,1.0,1.0
baseline,gemma4:12b,all_crops,state_202,all,0.83,25,25,25,1.0,1.0,96,16,16,0.16666666666666666,0.16666666666666666,11,11,11,1.0,1.0
baseline,gemma4:12b,all_crops,state_202,all,0.84,25,25,25,1.0,1.0,96,16,16,0.16666666666666666,0.16666666666666666,11,11,11,1.0,1.0
baseline,gemma4:12b,all_crops,state_202,all,0.85,25,25,25,1.0,1.0,96,16,16,0.16666666666666666,0.16666666666666666,11,11,11,1.0,1.0
baseline,gemma4:12b,all_crops,state_202,all,0.86,25,25,25,1.0,1.0,96,16,16,0.16666666666666666,0.16666666666666666,11,11,11,1.0,1.0
baseline,gemma4:12b,all_crops,state_202,all,0.87,25,25,25,1.0,1.0,96,16,16,0.16666666666666666,0.16666666666666666,11,11,11,1.0,1.0
baseline,gemma4:12b,all_crops,state_202,all,0.88,25,25,25,1.0,1.0,96,16,16,0.16666666666666666,0.16666666666666666,11,11,11,1.0,1.0
baseline,gemma4:12b,all_crops,state_202,all,0.89,25,25,25,1.0,1.0,96,16,16,0.16666666666666666,0.16666666666666666,11,11,11,1.0,1.0
baseline,gemma4:12b,all_crops,state_202,all,0.9,25,25,25,1.0,1.0,96,16,16,0.16666666666666666,0.16666666666666666,11,11,11,1.0,1.0
baseline,gemma4:12b,all_crops,state_202,all,0.91,25,25,25,1.0,1.0,96,16,16,0.16666666666666666,0.16666666666666666,11,11,11,1.0,1.0
baseline,gemma4:12b,all_crops,state_202,all,0.92,25,25,25,1.0,1.0,96,16,16,0.16666666666666666,0.16666666666666666,11,11,11,1.0,1.0
baseline,gemma4:12b,all_crops,state_202,all,0.93,25,25,25,1.0,1.0,96,16,16,0.16666666666666666,0.16666666666666666,11,11,11,1.0,1.0
baseline,gemma4:12b,all_crops,state_202,all,0.94,25,25,25,1.0,1.0,96,15,15,0.15625,0.15625,11,11,11,1.0,1.0
baseline,gemma4:12b,all_crops,state_202,all,0.95,25,25,25,1.0,1.0,96,15,15,0.15625,0.15625,11,11,11,1.0,1.0
baseline,gemma4:12b,all_crops,state_202,all,0.96,25,25,25,1.0,1.0,96,15,15,0.15625,0.15625,11,11,11,1.0,1.0
baseline,gemma4:12b,all_crops,state_202,all,0.97,25,25,25,1.0,1.0,96,14,14,0.14583333333333334,0.14583333333333334,11,11,11,1.0,1.0
baseline,gemma4:12b,all_crops,state_202,all,0.98,25,25,25,1.0,1.0,96,14,14,0.14583333333333334,0.14583333333333334,11,11,11,1.0,1.0
baseline,gemma4:12b,all_crops,state_202,all,0.99,25,25,25,1.0,1.0,96,13,13,0.13541666666666666,0.13541666666666666,11,11,11,1.0,1.0
baseline,gemma4:12b,all_crops,state_202,all,0.995,25,25,25,1.0,1.0,96,12,12,0.125,0.125,11,11,11,1.0,1.0
baseline,gemma4:12b,all_crops,state_202,all,0.999,25,23,23,0.92,0.92,96,10,10,0.10416666666666667,0.10416666666666667,11,10,10,0.9090909090909091,0.9090909090909091
baseline,gemma4:12b,all_crops,state_202,all,0.9999,25,22,22,0.88,0.88,96,3,3,0.03125,0.03125,11,10,10,0.9090909090909091,0.9090909090909091
baseline,gemma4:12b,all_crops,state_202,all,0.99999,25,14,14,0.56,0.56,96,1,1,0.010416666666666666,0.010416666666666666,11,5,5,0.45454545454545453,0.45454545454545453
baseline,gemma4:12b,all_crops,state_202,all,0.999999,25,0,0,0.0,0.0,96,0,0,0.0,0.0,11,0,0,0.0,0.0
baseline,gemma4:12b,all_crops,state_202,all,1.0,25,0,0,0.0,0.0,96,0,0,0.0,0.0,11,0,0,0.0,0.0
baseline,gemma4:12b,all_crops,state_303,all,0.0,25,25,25,1.0,1.0,96,96,96,1.0,1.0,11,11,11,1.0,1.0
baseline,gemma4:12b,all_crops,state_303,all,0.01,25,25,25,1.0,1.0,96,24,24,0.25,0.25,11,11,11,1.0,1.0
baseline,gemma4:12b,all_crops,state_303,all,0.02,25,25,25,1.0,1.0,96,23,23,0.23958333333333334,0.23958333333333334,11,11,11,1.0,1.0
baseline,gemma4:12b,all_crops,state_303,all,0.03,25,25,25,1.0,1.0,96,23,23,0.23958333333333334,0.23958333333333334,11,11,11,1.0,1.0
baseline,gemma4:12b,all_crops,state_303,all,0.04,25,25,25,1.0,1.0,96,23,23,0.23958333333333334,0.23958333333333334,11,11,11,1.0,1.0
baseline,gemma4:12b,all_crops,state_303,all,0.05,25,25,25,1.0,1.0,96,22,22,0.22916666666666666,0.22916666666666666,11,11,11,1.0,1.0
baseline,gemma4:12b,all_crops,state_303,all,0.06,25,25,25,1.0,1.0,96,22,22,0.22916666666666666,0.22916666666666666,11,11,11,1.0,1.0
baseline,gemma4:12b,all_crops,state_303,all,0.07,25,25,25,1.0,1.0,96,21,21,0.21875,0.21875,11,11,11,1.0,1.0
baseline,gemma4:12b,all_crops,state_303,all,0.08,25,25,25,1.0,1.0,96,21,21,0.21875,0.21875,11,11,11,1.0,1.0
baseline,gemma4:12b,all_crops,state_303,all,0.09,25,25,25,1.0,1.0,96,21,21,0.21875,0.21875,11,11,11,1.0,1.0
baseline,gemma4:12b,all_crops,state_303,all,0.1,25,25,25,1.0,1.0,96,21,21,0.21875,0.21875,11,11,11,1.0,1.0
baseline,gemma4:12b,all_crops,state_303,all,0.11,25,25,25,1.0,1.0,96,21,21,0.21875,0.21875,11,11,11,1.0,1.0
baseline,gemma4:12b,all_crops,state_303,all,0.12,25,25,25,1.0,1.0,96,20,20,0.20833333333333334,0.20833333333333334,11,11,11,1.0,1.0
baseline,gemma4:12b,all_crops,state_303,all,0.13,25,25,25,1.0,1.0,96,20,20,0.20833333333333334,0.20833333333333334,11,11,11,1.0,1.0
baseline,gemma4:12b,all_crops,state_303,all,0.14,25,25,25,1.0,1.0,96,20,20,0.20833333333333334,0.20833333333333334,11,11,11,1.0,1.0
baseline,gemma4:12b,all_crops,state_303,all,0.15,25,25,25,1.0,1.0,96,20,20,0.20833333333333334,0.20833333333333334,11,11,11,1.0,1.0
baseline,gemma4:12b,all_crops,state_303,all,0.16,25,25,25,1.0,1.0,96,20,20,0.20833333333333334,0.20833333333333334,11,11,11,1.0,1.0
baseline,gemma4:12b,all_crops,state_303,all,0.17,25,25,25,1.0,1.0,96,20,20,0.20833333333333334,0.20833333333333334,11,11,11,1.0,1.0
baseline,gemma4:12b,all_crops,state_303,all,0.18,25,25,25,1.0,1.0,96,20,20,0.20833333333333334,0.20833333333333334,11,11,11,1.0,1.0
baseline,gemma4:12b,all_crops,state_303,all,0.19,25,25,25,1.0,1.0,96,20,20,0.20833333333333334,0.20833333333333334,11,11,11,1.0,1.0
baseline,gemma4:12b,all_crops,state_303,all,0.2,25,25,25,1.0,1.0,96,20,20,0.20833333333333334,0.20833333333333334,11,11,11,1.0,1.0
baseline,gemma4:12b,all_crops,state_303,all,0.21,25,25,25,1.0,1.0,96,20,20,0.20833333333333334,0.20833333333333334,11,11,11,1.0,1.0
baseline,gemma4:12b,all_crops,state_303,all,0.22,25,25,25,1.0,1.0,96,20,20,0.20833333333333334,0.20833333333333334,11,11,11,1.0,1.0
baseline,gemma4:12b,all_crops,state_303,all,0.23,25,25,25,1.0,1.0,96,20,20,0.20833333333333334,0.20833333333333334,11,11,11,1.0,1.0
baseline,gemma4:12b,all_crops,state_303,all,0.24,25,25,25,1.0,1.0,96,20,20,0.20833333333333334,0.20833333333333334,11,11,11,1.0,1.0
baseline,gemma4:12b,all_crops,state_303,all,0.25,25,25,25,1.0,1.0,96,19,19,0.19791666666666666,0.19791666666666666,11,11,11,1.0,1.0
baseline,gemma4:12b,all_crops,state_303,all,0.26,25,25,25,1.0,1.0,96,19,19,0.19791666666666666,0.19791666666666666,11,11,11,1.0,1.0
baseline,gemma4:12b,all_crops,state_303,all,0.27,25,25,25,1.0,1.0,96,19,19,0.19791666666666666,0.19791666666666666,11,11,11,1.0,1.0
baseline,gemma4:12b,all_crops,state_303,all,0.28,25,25,25,1.0,1.0,96,19,19,0.19791666666666666,0.19791666666666666,11,11,11,1.0,1.0
baseline,gemma4:12b,all_crops,state_303,all,0.29,25,25,25,1.0,1.0,96,19,19,0.19791666666666666,0.19791666666666666,11,11,11,1.0,1.0
baseline,gemma4:12b,all_crops,state_303,all,0.3,25,25,25,1.0,1.0,96,19,19,0.19791666666666666,0.19791666666666666,11,11,11,1.0,1.0
baseline,gemma4:12b,all_crops,state_303,all,0.31,25,25,25,1.0,1.0,96,19,19,0.19791666666666666,0.19791666666666666,11,11,11,1.0,1.0
baseline,gemma4:12b,all_crops,state_303,all,0.32,25,25,25,1.0,1.0,96,19,19,0.19791666666666666,0.19791666666666666,11,11,11,1.0,1.0
baseline,gemma4:12b,all_crops,state_303,all,0.33,25,25,25,1.0,1.0,96,19,19,0.19791666666666666,0.19791666666666666,11,11,11,1.0,1.0
baseline,gemma4:12b,all_crops,state_303,all,0.34,25,25,25,1.0,1.0,96,19,19,0.19791666666666666,0.19791666666666666,11,11,11,1.0,1.0
baseline,gemma4:12b,all_crops,state_303,all,0.35,25,25,25,1.0,1.0,96,19,19,0.19791666666666666,0.19791666666666666,11,11,11,1.0,1.0
baseline,gemma4:12b,all_crops,state_303,all,0.36,25,25,25,1.0,1.0,96,19,19,0.19791666666666666,0.19791666666666666,11,11,11,1.0,1.0
baseline,gemma4:12b,all_crops,state_303,all,0.37,25,25,25,1.0,1.0,96,19,19,0.19791666666666666,0.19791666666666666,11,11,11,1.0,1.0
baseline,gemma4:12b,all_crops,state_303,all,0.38,25,25,25,1.0,1.0,96,19,19,0.19791666666666666,0.19791666666666666,11,11,11,1.0,1.0
baseline,gemma4:12b,all_crops,state_303,all,0.39,25,25,25,1.0,1.0,96,19,19,0.19791666666666666,0.19791666666666666,11,11,11,1.0,1.0
baseline,gemma4:12b,all_crops,state_303,all,0.4,25,25,25,1.0,1.0,96,19,19,0.19791666666666666,0.19791666666666666,11,11,11,1.0,1.0
baseline,gemma4:12b,all_crops,state_303,all,0.41,25,25,25,1.0,1.0,96,19,19,0.19791666666666666,0.19791666666666666,11,11,11,1.0,1.0
baseline,gemma4:12b,all_crops,state_303,all,0.42,25,25,25,1.0,1.0,96,19,19,0.19791666666666666,0.19791666666666666,11,11,11,1.0,1.0
baseline,gemma4:12b,all_crops,state_303,all,0.43,25,25,25,1.0,1.0,96,19,19,0.19791666666666666,0.19791666666666666,11,11,11,1.0,1.0
baseline,gemma4:12b,all_crops,state_303,all,0.44,25,25,25,1.0,1.0,96,19,19,0.19791666666666666,0.19791666666666666,11,11,11,1.0,1.0
baseline,gemma4:12b,all_crops,state_303,all,0.45,25,25,25,1.0,1.0,96,19,19,0.19791666666666666,0.19791666666666666,11,11,11,1.0,1.0
baseline,gemma4:12b,all_crops,state_303,all,0.46,25,25,25,1.0,1.0,96,19,19,0.19791666666666666,0.19791666666666666,11,11,11,1.0,1.0
baseline,gemma4:12b,all_crops,state_303,all,0.47,25,25,25,1.0,1.0,96,19,19,0.19791666666666666,0.19791666666666666,11,11,11,1.0,1.0
baseline,gemma4:12b,all_crops,state_303,all,0.48,25,25,25,1.0,1.0,96,19,19,0.19791666666666666,0.19791666666666666,11,11,11,1.0,1.0
baseline,gemma4:12b,all_crops,state_303,all,0.49,25,25,25,1.0,1.0,96,19,19,0.19791666666666666,0.19791666666666666,11,11,11,1.0,1.0
baseline,gemma4:12b,all_crops,state_303,all,0.5,25,25,25,1.0,1.0,96,19,19,0.19791666666666666,0.19791666666666666,11,11,11,1.0,1.0
baseline,gemma4:12b,all_crops,state_303,all,0.51,25,25,25,1.0,1.0,96,19,19,0.19791666666666666,0.19791666666666666,11,11,11,1.0,1.0
baseline,gemma4:12b,all_crops,state_303,all,0.52,25,25,25,1.0,1.0,96,19,19,0.19791666666666666,0.19791666666666666,11,11,11,1.0,1.0
baseline,gemma4:12b,all_crops,state_303,all,0.53,25,25,25,1.0,1.0,96,18,18,0.1875,0.1875,11,11,11,1.0,1.0
baseline,gemma4:12b,all_crops,state_303,all,0.54,25,25,25,1.0,1.0,96,18,18,0.1875,0.1875,11,11,11,1.0,1.0
baseline,gemma4:12b,all_crops,state_303,all,0.55,25,25,25,1.0,1.0,96,18,18,0.1875,0.1875,11,11,11,1.0,1.0
baseline,gemma4:12b,all_crops,state_303,all,0.56,25,25,25,1.0,1.0,96,18,18,0.1875,0.1875,11,11,11,1.0,1.0
baseline,gemma4:12b,all_crops,state_303,all,0.57,25,25,25,1.0,1.0,96,18,18,0.1875,0.1875,11,11,11,1.0,1.0
baseline,gemma4:12b,all_crops,state_303,all,0.58,25,25,25,1.0,1.0,96,18,18,0.1875,0.1875,11,11,11,1.0,1.0
baseline,gemma4:12b,all_crops,state_303,all,0.59,25,25,25,1.0,1.0,96,18,18,0.1875,0.1875,11,11,11,1.0,1.0
baseline,gemma4:12b,all_crops,state_303,all,0.6,25,25,25,1.0,1.0,96,18,18,0.1875,0.1875,11,11,11,1.0,1.0
baseline,gemma4:12b,all_crops,state_303,all,0.61,25,25,25,1.0,1.0,96,18,18,0.1875,0.1875,11,11,11,1.0,1.0
baseline,gemma4:12b,all_crops,state_303,all,0.62,25,25,25,1.0,1.0,96,18,18,0.1875,0.1875,11,11,11,1.0,1.0
baseline,gemma4:12b,all_crops,state_303,all,0.63,25,25,25,1.0,1.0,96,18,18,0.1875,0.1875,11,11,11,1.0,1.0
baseline,gemma4:12b,all_crops,state_303,all,0.64,25,25,25,1.0,1.0,96,18,18,0.1875,0.1875,11,11,11,1.0,1.0
baseline,gemma4:12b,all_crops,state_303,all,0.65,25,25,25,1.0,1.0,96,18,18,0.1875,0.1875,11,11,11,1.0,1.0
baseline,gemma4:12b,all_crops,state_303,all,0.66,25,25,25,1.0,1.0,96,18,18,0.1875,0.1875,11,11,11,1.0,1.0
baseline,gemma4:12b,all_crops,state_303,all,0.67,25,25,25,1.0,1.0,96,18,18,0.1875,0.1875,11,11,11,1.0,1.0
baseline,gemma4:12b,all_crops,state_303,all,0.68,25,25,25,1.0,1.0,96,18,18,0.1875,0.1875,11,11,11,1.0,1.0
baseline,gemma4:12b,all_crops,state_303,all,0.69,25,25,25,1.0,1.0,96,18,18,0.1875,0.1875,11,11,11,1.0,1.0
baseline,gemma4:12b,all_crops,state_303,all,0.7,25,25,25,1.0,1.0,96,18,18,0.1875,0.1875,11,11,11,1.0,1.0
baseline,gemma4:12b,all_crops,state_303,all,0.71,25,25,25,1.0,1.0,96,18,18,0.1875,0.1875,11,11,11,1.0,1.0
baseline,gemma4:12b,all_crops,state_303,all,0.72,25,25,25,1.0,1.0,96,18,18,0.1875,0.1875,11,11,11,1.0,1.0
baseline,gemma4:12b,all_crops,state_303,all,0.73,25,25,25,1.0,1.0,96,18,18,0.1875,0.1875,11,11,11,1.0,1.0
baseline,gemma4:12b,all_crops,state_303,all,0.74,25,25,25,1.0,1.0,96,18,18,0.1875,0.1875,11,11,11,1.0,1.0
baseline,gemma4:12b,all_crops,state_303,all,0.75,25,25,25,1.0,1.0,96,18,18,0.1875,0.1875,11,11,11,1.0,1.0
baseline,gemma4:12b,all_crops,state_303,all,0.76,25,25,25,1.0,1.0,96,18,18,0.1875,0.1875,11,11,11,1.0,1.0
baseline,gemma4:12b,all_crops,state_303,all,0.77,25,25,25,1.0,1.0,96,18,18,0.1875,0.1875,11,11,11,1.0,1.0
baseline,gemma4:12b,all_crops,state_303,all,0.78,25,25,25,1.0,1.0,96,18,18,0.1875,0.1875,11,11,11,1.0,1.0
baseline,gemma4:12b,all_crops,state_303,all,0.79,25,25,25,1.0,1.0,96,18,18,0.1875,0.1875,11,11,11,1.0,1.0
baseline,gemma4:12b,all_crops,state_303,all,0.8,25,25,25,1.0,1.0,96,18,18,0.1875,0.1875,11,11,11,1.0,1.0
baseline,gemma4:12b,all_crops,state_303,all,0.81,25,25,25,1.0,1.0,96,18,18,0.1875,0.1875,11,11,11,1.0,1.0
baseline,gemma4:12b,all_crops,state_303,all,0.82,25,25,25,1.0,1.0,96,18,18,0.1875,0.1875,11,11,11,1.0,1.0
baseline,gemma4:12b,all_crops,state_303,all,0.83,25,25,25,1.0,1.0,96,18,18,0.1875,0.1875,11,11,11,1.0,1.0
baseline,gemma4:12b,all_crops,state_303,all,0.84,25,25,25,1.0,1.0,96,18,18,0.1875,0.1875,11,11,11,1.0,1.0
baseline,gemma4:12b,all_crops,state_303,all,0.85,25,25,25,1.0,1.0,96,18,18,0.1875,0.1875,11,11,11,1.0,1.0
baseline,gemma4:12b,all_crops,state_303,all,0.86,25,25,25,1.0,1.0,96,18,18,0.1875,0.1875,11,11,11,1.0,1.0
baseline,gemma4:12b,all_crops,state_303,all,0.87,25,25,25,1.0,1.0,96,18,18,0.1875,0.1875,11,11,11,1.0,1.0
baseline,gemma4:12b,all_crops,state_303,all,0.88,25,25,25,1.0,1.0,96,18,18,0.1875,0.1875,11,11,11,1.0,1.0
baseline,gemma4:12b,all_crops,state_303,all,0.89,25,25,25,1.0,1.0,96,18,18,0.1875,0.1875,11,11,11,1.0,1.0
baseline,gemma4:12b,all_crops,state_303,all,0.9,25,25,25,1.0,1.0,96,18,18,0.1875,0.1875,11,11,11,1.0,1.0
baseline,gemma4:12b,all_crops,state_303,all,0.91,25,25,25,1.0,1.0,96,18,18,0.1875,0.1875,11,11,11,1.0,1.0
baseline,gemma4:12b,all_crops,state_303,all,0.92,25,25,25,1.0,1.0,96,18,18,0.1875,0.1875,11,11,11,1.0,1.0
baseline,gemma4:12b,all_crops,state_303,all,0.93,25,25,25,1.0,1.0,96,18,18,0.1875,0.1875,11,11,11,1.0,1.0
baseline,gemma4:12b,all_crops,state_303,all,0.94,25,25,25,1.0,1.0,96,18,18,0.1875,0.1875,11,11,11,1.0,1.0
baseline,gemma4:12b,all_crops,state_303,all,0.95,25,25,25,1.0,1.0,96,17,17,0.17708333333333334,0.17708333333333334,11,11,11,1.0,1.0
baseline,gemma4:12b,all_crops,state_303,all,0.96,25,25,25,1.0,1.0,96,17,17,0.17708333333333334,0.17708333333333334,11,11,11,1.0,1.0
baseline,gemma4:12b,all_crops,state_303,all,0.97,25,25,25,1.0,1.0,96,17,17,0.17708333333333334,0.17708333333333334,11,11,11,1.0,1.0
baseline,gemma4:12b,all_crops,state_303,all,0.98,25,25,25,1.0,1.0,96,17,17,0.17708333333333334,0.17708333333333334,11,11,11,1.0,1.0
baseline,gemma4:12b,all_crops,state_303,all,0.99,25,25,25,1.0,1.0,96,14,14,0.14583333333333334,0.14583333333333334,11,11,11,1.0,1.0
baseline,gemma4:12b,all_crops,state_303,all,0.995,25,25,25,1.0,1.0,96,13,13,0.13541666666666666,0.13541666666666666,11,11,11,1.0,1.0
baseline,gemma4:12b,all_crops,state_303,all,0.999,25,24,24,0.96,0.96,96,12,12,0.125,0.125,11,10,10,0.9090909090909091,0.9090909090909091
baseline,gemma4:12b,all_crops,state_303,all,0.9999,25,18,18,0.72,0.72,96,10,10,0.10416666666666667,0.10416666666666667,11,8,8,0.7272727272727273,0.7272727272727273
baseline,gemma4:12b,all_crops,state_303,all,0.99999,25,14,14,0.56,0.56,96,1,1,0.010416666666666666,0.010416666666666666,11,6,6,0.5454545454545454,0.5454545454545454
baseline,gemma4:12b,all_crops,state_303,all,0.999999,25,0,0,0.0,0.0,96,0,0,0.0,0.0,11,0,0,0.0,0.0
baseline,gemma4:12b,all_crops,state_303,all,1.0,25,0,0,0.0,0.0,96,0,0,0.0,0.0,11,0,0,0.0,0.0
baseline,gemma4:12b,all_crops,all,all,0.0,100,100,100,1.0,1.0,384,384,384,1.0,1.0,44,44,44,1.0,1.0
baseline,gemma4:12b,all_crops,all,all,0.01,100,100,100,1.0,1.0,384,103,103,0.2682291666666667,0.2682291666666667,44,44,44,1.0,1.0
baseline,gemma4:12b,all_crops,all,all,0.02,100,100,100,1.0,1.0,384,97,97,0.2526041666666667,0.2526041666666667,44,44,44,1.0,1.0
baseline,gemma4:12b,all_crops,all,all,0.03,100,100,100,1.0,1.0,384,96,96,0.25,0.25,44,44,44,1.0,1.0
baseline,gemma4:12b,all_crops,all,all,0.04,100,100,100,1.0,1.0,384,94,94,0.24479166666666666,0.24479166666666666,44,44,44,1.0,1.0
baseline,gemma4:12b,all_crops,all,all,0.05,100,100,100,1.0,1.0,384,91,91,0.23697916666666666,0.23697916666666666,44,44,44,1.0,1.0
baseline,gemma4:12b,all_crops,all,all,0.06,100,100,100,1.0,1.0,384,89,89,0.23177083333333334,0.23177083333333334,44,44,44,1.0,1.0
baseline,gemma4:12b,all_crops,all,all,0.07,100,100,100,1.0,1.0,384,86,86,0.22395833333333334,0.22395833333333334,44,44,44,1.0,1.0
baseline,gemma4:12b,all_crops,all,all,0.08,100,100,100,1.0,1.0,384,86,86,0.22395833333333334,0.22395833333333334,44,44,44,1.0,1.0
baseline,gemma4:12b,all_crops,all,all,0.09,100,100,100,1.0,1.0,384,85,85,0.22135416666666666,0.22135416666666666,44,44,44,1.0,1.0
baseline,gemma4:12b,all_crops,all,all,0.1,100,100,100,1.0,1.0,384,85,85,0.22135416666666666,0.22135416666666666,44,44,44,1.0,1.0
baseline,gemma4:12b,all_crops,all,all,0.11,100,100,100,1.0,1.0,384,84,84,0.21875,0.21875,44,44,44,1.0,1.0
baseline,gemma4:12b,all_crops,all,all,0.12,100,100,100,1.0,1.0,384,83,83,0.21614583333333334,0.21614583333333334,44,44,44,1.0,1.0
baseline,gemma4:12b,all_crops,all,all,0.13,100,100,100,1.0,1.0,384,83,83,0.21614583333333334,0.21614583333333334,44,44,44,1.0,1.0
baseline,gemma4:12b,all_crops,all,all,0.14,100,100,100,1.0,1.0,384,83,83,0.21614583333333334,0.21614583333333334,44,44,44,1.0,1.0
baseline,gemma4:12b,all_crops,all,all,0.15,100,100,100,1.0,1.0,384,83,83,0.21614583333333334,0.21614583333333334,44,44,44,1.0,1.0
baseline,gemma4:12b,all_crops,all,all,0.16,100,100,100,1.0,1.0,384,83,83,0.21614583333333334,0.21614583333333334,44,44,44,1.0,1.0
baseline,gemma4:12b,all_crops,all,all,0.17,100,100,100,1.0,1.0,384,83,83,0.21614583333333334,0.21614583333333334,44,44,44,1.0,1.0
baseline,gemma4:12b,all_crops,all,all,0.18,100,100,100,1.0,1.0,384,83,83,0.21614583333333334,0.21614583333333334,44,44,44,1.0,1.0
baseline,gemma4:12b,all_crops,all,all,0.19,100,100,100,1.0,1.0,384,83,83,0.21614583333333334,0.21614583333333334,44,44,44,1.0,1.0
baseline,gemma4:12b,all_crops,all,all,0.2,100,100,100,1.0,1.0,384,83,83,0.21614583333333334,0.21614583333333334,44,44,44,1.0,1.0
baseline,gemma4:12b,all_crops,all,all,0.21,100,100,100,1.0,1.0,384,83,83,0.21614583333333334,0.21614583333333334,44,44,44,1.0,1.0
baseline,gemma4:12b,all_crops,all,all,0.22,100,100,100,1.0,1.0,384,83,83,0.21614583333333334,0.21614583333333334,44,44,44,1.0,1.0
baseline,gemma4:12b,all_crops,all,all,0.23,100,100,100,1.0,1.0,384,83,83,0.21614583333333334,0.21614583333333334,44,44,44,1.0,1.0
baseline,gemma4:12b,all_crops,all,all,0.24,100,100,100,1.0,1.0,384,83,83,0.21614583333333334,0.21614583333333334,44,44,44,1.0,1.0
baseline,gemma4:12b,all_crops,all,all,0.25,100,100,100,1.0,1.0,384,82,82,0.21354166666666666,0.21354166666666666,44,44,44,1.0,1.0
baseline,gemma4:12b,all_crops,all,all,0.26,100,100,100,1.0,1.0,384,82,82,0.21354166666666666,0.21354166666666666,44,44,44,1.0,1.0
baseline,gemma4:12b,all_crops,all,all,0.27,100,100,100,1.0,1.0,384,82,82,0.21354166666666666,0.21354166666666666,44,44,44,1.0,1.0
baseline,gemma4:12b,all_crops,all,all,0.28,100,100,100,1.0,1.0,384,82,82,0.21354166666666666,0.21354166666666666,44,44,44,1.0,1.0
baseline,gemma4:12b,all_crops,all,all,0.29,100,100,100,1.0,1.0,384,82,82,0.21354166666666666,0.21354166666666666,44,44,44,1.0,1.0
baseline,gemma4:12b,all_crops,all,all,0.3,100,100,100,1.0,1.0,384,82,82,0.21354166666666666,0.21354166666666666,44,44,44,1.0,1.0
baseline,gemma4:12b,all_crops,all,all,0.31,100,100,100,1.0,1.0,384,82,82,0.21354166666666666,0.21354166666666666,44,44,44,1.0,1.0
baseline,gemma4:12b,all_crops,all,all,0.32,100,100,100,1.0,1.0,384,82,82,0.21354166666666666,0.21354166666666666,44,44,44,1.0,1.0
baseline,gemma4:12b,all_crops,all,all,0.33,100,100,100,1.0,1.0,384,82,82,0.21354166666666666,0.21354166666666666,44,44,44,1.0,1.0
baseline,gemma4:12b,all_crops,all,all,0.34,100,100,100,1.0,1.0,384,82,82,0.21354166666666666,0.21354166666666666,44,44,44,1.0,1.0
baseline,gemma4:12b,all_crops,all,all,0.35,100,100,100,1.0,1.0,384,82,82,0.21354166666666666,0.21354166666666666,44,44,44,1.0,1.0
baseline,gemma4:12b,all_crops,all,all,0.36,100,100,100,1.0,1.0,384,81,81,0.2109375,0.2109375,44,44,44,1.0,1.0
baseline,gemma4:12b,all_crops,all,all,0.37,100,100,100,1.0,1.0,384,81,81,0.2109375,0.2109375,44,44,44,1.0,1.0
baseline,gemma4:12b,all_crops,all,all,0.38,100,100,100,1.0,1.0,384,81,81,0.2109375,0.2109375,44,44,44,1.0,1.0
baseline,gemma4:12b,all_crops,all,all,0.39,100,100,100,1.0,1.0,384,81,81,0.2109375,0.2109375,44,44,44,1.0,1.0
baseline,gemma4:12b,all_crops,all,all,0.4,100,100,100,1.0,1.0,384,81,81,0.2109375,0.2109375,44,44,44,1.0,1.0
baseline,gemma4:12b,all_crops,all,all,0.41,100,100,100,1.0,1.0,384,81,81,0.2109375,0.2109375,44,44,44,1.0,1.0
baseline,gemma4:12b,all_crops,all,all,0.42,100,100,100,1.0,1.0,384,81,81,0.2109375,0.2109375,44,44,44,1.0,1.0
baseline,gemma4:12b,all_crops,all,all,0.43,100,100,100,1.0,1.0,384,81,81,0.2109375,0.2109375,44,44,44,1.0,1.0
baseline,gemma4:12b,all_crops,all,all,0.44,100,100,100,1.0,1.0,384,81,81,0.2109375,0.2109375,44,44,44,1.0,1.0
baseline,gemma4:12b,all_crops,all,all,0.45,100,100,100,1.0,1.0,384,81,81,0.2109375,0.2109375,44,44,44,1.0,1.0
baseline,gemma4:12b,all_crops,all,all,0.46,100,100,100,1.0,1.0,384,80,80,0.20833333333333334,0.20833333333333334,44,44,44,1.0,1.0
baseline,gemma4:12b,all_crops,all,all,0.47,100,100,100,1.0,1.0,384,80,80,0.20833333333333334,0.20833333333333334,44,44,44,1.0,1.0
baseline,gemma4:12b,all_crops,all,all,0.48,100,100,100,1.0,1.0,384,80,80,0.20833333333333334,0.20833333333333334,44,44,44,1.0,1.0
baseline,gemma4:12b,all_crops,all,all,0.49,100,100,100,1.0,1.0,384,80,80,0.20833333333333334,0.20833333333333334,44,44,44,1.0,1.0
baseline,gemma4:12b,all_crops,all,all,0.5,100,100,100,1.0,1.0,384,80,80,0.20833333333333334,0.20833333333333334,44,44,44,1.0,1.0
baseline,gemma4:12b,all_crops,all,all,0.51,100,100,100,1.0,1.0,384,80,80,0.20833333333333334,0.20833333333333334,44,44,44,1.0,1.0
baseline,gemma4:12b,all_crops,all,all,0.52,100,100,100,1.0,1.0,384,80,80,0.20833333333333334,0.20833333333333334,44,44,44,1.0,1.0
baseline,gemma4:12b,all_crops,all,all,0.53,100,100,100,1.0,1.0,384,79,79,0.20572916666666666,0.20572916666666666,44,44,44,1.0,1.0
baseline,gemma4:12b,all_crops,all,all,0.54,100,100,100,1.0,1.0,384,79,79,0.20572916666666666,0.20572916666666666,44,44,44,1.0,1.0
baseline,gemma4:12b,all_crops,all,all,0.55,100,100,100,1.0,1.0,384,79,79,0.20572916666666666,0.20572916666666666,44,44,44,1.0,1.0
baseline,gemma4:12b,all_crops,all,all,0.56,100,100,100,1.0,1.0,384,79,79,0.20572916666666666,0.20572916666666666,44,44,44,1.0,1.0
baseline,gemma4:12b,all_crops,all,all,0.57,100,100,100,1.0,1.0,384,79,79,0.20572916666666666,0.20572916666666666,44,44,44,1.0,1.0
baseline,gemma4:12b,all_crops,all,all,0.58,100,100,100,1.0,1.0,384,79,79,0.20572916666666666,0.20572916666666666,44,44,44,1.0,1.0
baseline,gemma4:12b,all_crops,all,all,0.59,100,100,100,1.0,1.0,384,79,79,0.20572916666666666,0.20572916666666666,44,44,44,1.0,1.0
baseline,gemma4:12b,all_crops,all,all,0.6,100,100,100,1.0,1.0,384,79,79,0.20572916666666666,0.20572916666666666,44,44,44,1.0,1.0
baseline,gemma4:12b,all_crops,all,all,0.61,100,100,100,1.0,1.0,384,79,79,0.20572916666666666,0.20572916666666666,44,44,44,1.0,1.0
baseline,gemma4:12b,all_crops,all,all,0.62,100,100,100,1.0,1.0,384,79,79,0.20572916666666666,0.20572916666666666,44,44,44,1.0,1.0
baseline,gemma4:12b,all_crops,all,all,0.63,100,100,100,1.0,1.0,384,79,79,0.20572916666666666,0.20572916666666666,44,44,44,1.0,1.0
baseline,gemma4:12b,all_crops,all,all,0.64,100,100,100,1.0,1.0,384,79,79,0.20572916666666666,0.20572916666666666,44,44,44,1.0,1.0
baseline,gemma4:12b,all_crops,all,all,0.65,100,100,100,1.0,1.0,384,78,78,0.203125,0.203125,44,44,44,1.0,1.0
baseline,gemma4:12b,all_crops,all,all,0.66,100,100,100,1.0,1.0,384,78,78,0.203125,0.203125,44,44,44,1.0,1.0
baseline,gemma4:12b,all_crops,all,all,0.67,100,100,100,1.0,1.0,384,78,78,0.203125,0.203125,44,44,44,1.0,1.0
baseline,gemma4:12b,all_crops,all,all,0.68,100,100,100,1.0,1.0,384,78,78,0.203125,0.203125,44,44,44,1.0,1.0
baseline,gemma4:12b,all_crops,all,all,0.69,100,100,100,1.0,1.0,384,78,78,0.203125,0.203125,44,44,44,1.0,1.0
baseline,gemma4:12b,all_crops,all,all,0.7,100,100,100,1.0,1.0,384,78,78,0.203125,0.203125,44,44,44,1.0,1.0
baseline,gemma4:12b,all_crops,all,all,0.71,100,100,100,1.0,1.0,384,78,78,0.203125,0.203125,44,44,44,1.0,1.0
baseline,gemma4:12b,all_crops,all,all,0.72,100,100,100,1.0,1.0,384,78,78,0.203125,0.203125,44,44,44,1.0,1.0
baseline,gemma4:12b,all_crops,all,all,0.73,100,100,100,1.0,1.0,384,78,78,0.203125,0.203125,44,44,44,1.0,1.0
baseline,gemma4:12b,all_crops,all,all,0.74,100,100,100,1.0,1.0,384,78,78,0.203125,0.203125,44,44,44,1.0,1.0
baseline,gemma4:12b,all_crops,all,all,0.75,100,100,100,1.0,1.0,384,78,78,0.203125,0.203125,44,44,44,1.0,1.0
baseline,gemma4:12b,all_crops,all,all,0.76,100,100,100,1.0,1.0,384,78,78,0.203125,0.203125,44,44,44,1.0,1.0
baseline,gemma4:12b,all_crops,all,all,0.77,100,100,100,1.0,1.0,384,76,76,0.19791666666666666,0.19791666666666666,44,44,44,1.0,1.0
baseline,gemma4:12b,all_crops,all,all,0.78,100,100,100,1.0,1.0,384,76,76,0.19791666666666666,0.19791666666666666,44,44,44,1.0,1.0
baseline,gemma4:12b,all_crops,all,all,0.79,100,100,100,1.0,1.0,384,76,76,0.19791666666666666,0.19791666666666666,44,44,44,1.0,1.0
baseline,gemma4:12b,all_crops,all,all,0.8,100,100,100,1.0,1.0,384,75,75,0.1953125,0.1953125,44,44,44,1.0,1.0
baseline,gemma4:12b,all_crops,all,all,0.81,100,100,100,1.0,1.0,384,75,75,0.1953125,0.1953125,44,44,44,1.0,1.0
baseline,gemma4:12b,all_crops,all,all,0.82,100,100,100,1.0,1.0,384,75,75,0.1953125,0.1953125,44,44,44,1.0,1.0
baseline,gemma4:12b,all_crops,all,all,0.83,100,100,100,1.0,1.0,384,73,73,0.19010416666666666,0.19010416666666666,44,44,44,1.0,1.0
baseline,gemma4:12b,all_crops,all,all,0.84,100,100,100,1.0,1.0,384,72,72,0.1875,0.1875,44,44,44,1.0,1.0
baseline,gemma4:12b,all_crops,all,all,0.85,100,100,100,1.0,1.0,384,72,72,0.1875,0.1875,44,44,44,1.0,1.0
baseline,gemma4:12b,all_crops,all,all,0.86,100,100,100,1.0,1.0,384,72,72,0.1875,0.1875,44,44,44,1.0,1.0
baseline,gemma4:12b,all_crops,all,all,0.87,100,100,100,1.0,1.0,384,72,72,0.1875,0.1875,44,44,44,1.0,1.0
baseline,gemma4:12b,all_crops,all,all,0.88,100,100,100,1.0,1.0,384,72,72,0.1875,0.1875,44,44,44,1.0,1.0
baseline,gemma4:12b,all_crops,all,all,0.89,100,100,100,1.0,1.0,384,72,72,0.1875,0.1875,44,44,44,1.0,1.0
baseline,gemma4:12b,all_crops,all,all,0.9,100,100,100,1.0,1.0,384,72,72,0.1875,0.1875,44,44,44,1.0,1.0
baseline,gemma4:12b,all_crops,all,all,0.91,100,99,99,0.99,0.99,384,71,71,0.18489583333333334,0.18489583333333334,44,43,43,0.9772727272727273,0.9772727272727273
baseline,gemma4:12b,all_crops,all,all,0.92,100,99,99,0.99,0.99,384,71,71,0.18489583333333334,0.18489583333333334,44,43,43,0.9772727272727273,0.9772727272727273
baseline,gemma4:12b,all_crops,all,all,0.93,100,99,99,0.99,0.99,384,71,71,0.18489583333333334,0.18489583333333334,44,43,43,0.9772727272727273,0.9772727272727273
baseline,gemma4:12b,all_crops,all,all,0.94,100,98,98,0.98,0.98,384,70,70,0.18229166666666666,0.18229166666666666,44,43,43,0.9772727272727273,0.9772727272727273
baseline,gemma4:12b,all_crops,all,all,0.95,100,98,98,0.98,0.98,384,68,68,0.17708333333333334,0.17708333333333334,44,43,43,0.9772727272727273,0.9772727272727273
baseline,gemma4:12b,all_crops,all,all,0.96,100,98,98,0.98,0.98,384,68,68,0.17708333333333334,0.17708333333333334,44,43,43,0.9772727272727273,0.9772727272727273
baseline,gemma4:12b,all_crops,all,all,0.97,100,98,98,0.98,0.98,384,66,66,0.171875,0.171875,44,43,43,0.9772727272727273,0.9772727272727273
baseline,gemma4:12b,all_crops,all,all,0.98,100,98,98,0.98,0.98,384,65,65,0.16927083333333334,0.16927083333333334,44,43,43,0.9772727272727273,0.9772727272727273
baseline,gemma4:12b,all_crops,all,all,0.99,100,98,98,0.98,0.98,384,61,61,0.15885416666666666,0.15885416666666666,44,43,43,0.9772727272727273,0.9772727272727273
baseline,gemma4:12b,all_crops,all,all,0.995,100,98,98,0.98,0.98,384,55,55,0.14322916666666666,0.14322916666666666,44,43,43,0.9772727272727273,0.9772727272727273
baseline,gemma4:12b,all_crops,all,all,0.999,100,94,94,0.94,0.94,384,46,46,0.11979166666666667,0.11979166666666667,44,40,40,0.9090909090909091,0.9090909090909091
baseline,gemma4:12b,all_crops,all,all,0.9999,100,83,83,0.83,0.83,384,27,27,0.0703125,0.0703125,44,37,37,0.8409090909090909,0.8409090909090909
baseline,gemma4:12b,all_crops,all,all,0.99999,100,56,56,0.56,0.56,384,3,3,0.0078125,0.0078125,44,23,23,0.5227272727272727,0.5227272727272727
baseline,gemma4:12b,all_crops,all,all,0.999999,100,0,0,0.0,0.0,384,0,0,0.0,0.0,44,0,0,0.0,0.0
baseline,gemma4:12b,all_crops,all,all,1.0,100,0,0,0.0,0.0,384,0,0,0.0,0.0,44,0,0,0.0,0.0
baseline,gemma4:12b,autonomous_depth_only,original,all,0.0,25,25,25,1.0,1.0,96,96,96,1.0,1.0,11,11,11,1.0,1.0
baseline,gemma4:12b,autonomous_depth_only,original,all,0.01,25,25,25,1.0,1.0,96,29,29,0.3020833333333333,0.3020833333333333,11,11,11,1.0,1.0
baseline,gemma4:12b,autonomous_depth_only,original,all,0.02,25,25,25,1.0,1.0,96,28,28,0.2916666666666667,0.2916666666666667,11,11,11,1.0,1.0
baseline,gemma4:12b,autonomous_depth_only,original,all,0.03,25,25,25,1.0,1.0,96,28,28,0.2916666666666667,0.2916666666666667,11,11,11,1.0,1.0
baseline,gemma4:12b,autonomous_depth_only,original,all,0.04,25,25,25,1.0,1.0,96,27,27,0.28125,0.28125,11,11,11,1.0,1.0
baseline,gemma4:12b,autonomous_depth_only,original,all,0.05,25,25,25,1.0,1.0,96,25,25,0.2604166666666667,0.2604166666666667,11,11,11,1.0,1.0
baseline,gemma4:12b,autonomous_depth_only,original,all,0.06,25,25,25,1.0,1.0,96,23,23,0.23958333333333334,0.23958333333333334,11,11,11,1.0,1.0
baseline,gemma4:12b,autonomous_depth_only,original,all,0.07,25,25,25,1.0,1.0,96,22,22,0.22916666666666666,0.22916666666666666,11,11,11,1.0,1.0
baseline,gemma4:12b,autonomous_depth_only,original,all,0.08,25,25,25,1.0,1.0,96,22,22,0.22916666666666666,0.22916666666666666,11,11,11,1.0,1.0
baseline,gemma4:12b,autonomous_depth_only,original,all,0.09,25,25,25,1.0,1.0,96,22,22,0.22916666666666666,0.22916666666666666,11,11,11,1.0,1.0
baseline,gemma4:12b,autonomous_depth_only,original,all,0.1,25,25,25,1.0,1.0,96,22,22,0.22916666666666666,0.22916666666666666,11,11,11,1.0,1.0
baseline,gemma4:12b,autonomous_depth_only,original,all,0.11,25,25,25,1.0,1.0,96,22,22,0.22916666666666666,0.22916666666666666,11,11,11,1.0,1.0
baseline,gemma4:12b,autonomous_depth_only,original,all,0.12,25,25,25,1.0,1.0,96,22,22,0.22916666666666666,0.22916666666666666,11,11,11,1.0,1.0
baseline,gemma4:12b,autonomous_depth_only,original,all,0.13,25,25,25,1.0,1.0,96,22,22,0.22916666666666666,0.22916666666666666,11,11,11,1.0,1.0
baseline,gemma4:12b,autonomous_depth_only,original,all,0.14,25,25,25,1.0,1.0,96,22,22,0.22916666666666666,0.22916666666666666,11,11,11,1.0,1.0
baseline,gemma4:12b,autonomous_depth_only,original,all,0.15,25,25,25,1.0,1.0,96,22,22,0.22916666666666666,0.22916666666666666,11,11,11,1.0,1.0
baseline,gemma4:12b,autonomous_depth_only,original,all,0.16,25,25,25,1.0,1.0,96,22,22,0.22916666666666666,0.22916666666666666,11,11,11,1.0,1.0
baseline,gemma4:12b,autonomous_depth_only,original,all,0.17,25,25,25,1.0,1.0,96,22,22,0.22916666666666666,0.22916666666666666,11,11,11,1.0,1.0
baseline,gemma4:12b,autonomous_depth_only,original,all,0.18,25,25,25,1.0,1.0,96,22,22,0.22916666666666666,0.22916666666666666,11,11,11,1.0,1.0
baseline,gemma4:12b,autonomous_depth_only,original,all,0.19,25,25,25,1.0,1.0,96,22,22,0.22916666666666666,0.22916666666666666,11,11,11,1.0,1.0
baseline,gemma4:12b,autonomous_depth_only,original,all,0.2,25,25,25,1.0,1.0,96,22,22,0.22916666666666666,0.22916666666666666,11,11,11,1.0,1.0
baseline,gemma4:12b,autonomous_depth_only,original,all,0.21,25,25,25,1.0,1.0,96,22,22,0.22916666666666666,0.22916666666666666,11,11,11,1.0,1.0
baseline,gemma4:12b,autonomous_depth_only,original,all,0.22,25,25,25,1.0,1.0,96,22,22,0.22916666666666666,0.22916666666666666,11,11,11,1.0,1.0
baseline,gemma4:12b,autonomous_depth_only,original,all,0.23,25,25,25,1.0,1.0,96,22,22,0.22916666666666666,0.22916666666666666,11,11,11,1.0,1.0
baseline,gemma4:12b,autonomous_depth_only,original,all,0.24,25,25,25,1.0,1.0,96,22,22,0.22916666666666666,0.22916666666666666,11,11,11,1.0,1.0
baseline,gemma4:12b,autonomous_depth_only,original,all,0.25,25,25,25,1.0,1.0,96,22,22,0.22916666666666666,0.22916666666666666,11,11,11,1.0,1.0
baseline,gemma4:12b,autonomous_depth_only,original,all,0.26,25,25,25,1.0,1.0,96,22,22,0.22916666666666666,0.22916666666666666,11,11,11,1.0,1.0
baseline,gemma4:12b,autonomous_depth_only,original,all,0.27,25,25,25,1.0,1.0,96,22,22,0.22916666666666666,0.22916666666666666,11,11,11,1.0,1.0
baseline,gemma4:12b,autonomous_depth_only,original,all,0.28,25,25,25,1.0,1.0,96,22,22,0.22916666666666666,0.22916666666666666,11,11,11,1.0,1.0
baseline,gemma4:12b,autonomous_depth_only,original,all,0.29,25,25,25,1.0,1.0,96,22,22,0.22916666666666666,0.22916666666666666,11,11,11,1.0,1.0
baseline,gemma4:12b,autonomous_depth_only,original,all,0.3,25,25,25,1.0,1.0,96,22,22,0.22916666666666666,0.22916666666666666,11,11,11,1.0,1.0
baseline,gemma4:12b,autonomous_depth_only,original,all,0.31,25,25,25,1.0,1.0,96,22,22,0.22916666666666666,0.22916666666666666,11,11,11,1.0,1.0
baseline,gemma4:12b,autonomous_depth_only,original,all,0.32,25,25,25,1.0,1.0,96,22,22,0.22916666666666666,0.22916666666666666,11,11,11,1.0,1.0
baseline,gemma4:12b,autonomous_depth_only,original,all,0.33,25,25,25,1.0,1.0,96,22,22,0.22916666666666666,0.22916666666666666,11,11,11,1.0,1.0
baseline,gemma4:12b,autonomous_depth_only,original,all,0.34,25,25,25,1.0,1.0,96,22,22,0.22916666666666666,0.22916666666666666,11,11,11,1.0,1.0
baseline,gemma4:12b,autonomous_depth_only,original,all,0.35,25,25,25,1.0,1.0,96,22,22,0.22916666666666666,0.22916666666666666,11,11,11,1.0,1.0
baseline,gemma4:12b,autonomous_depth_only,original,all,0.36,25,25,25,1.0,1.0,96,22,22,0.22916666666666666,0.22916666666666666,11,11,11,1.0,1.0
baseline,gemma4:12b,autonomous_depth_only,original,all,0.37,25,25,25,1.0,1.0,96,22,22,0.22916666666666666,0.22916666666666666,11,11,11,1.0,1.0
baseline,gemma4:12b,autonomous_depth_only,original,all,0.38,25,25,25,1.0,1.0,96,22,22,0.22916666666666666,0.22916666666666666,11,11,11,1.0,1.0
baseline,gemma4:12b,autonomous_depth_only,original,all,0.39,25,25,25,1.0,1.0,96,22,22,0.22916666666666666,0.22916666666666666,11,11,11,1.0,1.0
baseline,gemma4:12b,autonomous_depth_only,original,all,0.4,25,25,25,1.0,1.0,96,22,22,0.22916666666666666,0.22916666666666666,11,11,11,1.0,1.0
baseline,gemma4:12b,autonomous_depth_only,original,all,0.41,25,25,25,1.0,1.0,96,22,22,0.22916666666666666,0.22916666666666666,11,11,11,1.0,1.0
baseline,gemma4:12b,autonomous_depth_only,original,all,0.42,25,25,25,1.0,1.0,96,22,22,0.22916666666666666,0.22916666666666666,11,11,11,1.0,1.0
baseline,gemma4:12b,autonomous_depth_only,original,all,0.43,25,25,25,1.0,1.0,96,22,22,0.22916666666666666,0.22916666666666666,11,11,11,1.0,1.0
baseline,gemma4:12b,autonomous_depth_only,original,all,0.44,25,25,25,1.0,1.0,96,22,22,0.22916666666666666,0.22916666666666666,11,11,11,1.0,1.0
baseline,gemma4:12b,autonomous_depth_only,original,all,0.45,25,25,25,1.0,1.0,96,22,22,0.22916666666666666,0.22916666666666666,11,11,11,1.0,1.0
baseline,gemma4:12b,autonomous_depth_only,original,all,0.46,25,25,25,1.0,1.0,96,22,22,0.22916666666666666,0.22916666666666666,11,11,11,1.0,1.0
baseline,gemma4:12b,autonomous_depth_only,original,all,0.47,25,25,25,1.0,1.0,96,22,22,0.22916666666666666,0.22916666666666666,11,11,11,1.0,1.0
baseline,gemma4:12b,autonomous_depth_only,original,all,0.48,25,25,25,1.0,1.0,96,22,22,0.22916666666666666,0.22916666666666666,11,11,11,1.0,1.0
baseline,gemma4:12b,autonomous_depth_only,original,all,0.49,25,25,25,1.0,1.0,96,22,22,0.22916666666666666,0.22916666666666666,11,11,11,1.0,1.0
baseline,gemma4:12b,autonomous_depth_only,original,all,0.5,25,25,25,1.0,1.0,96,22,22,0.22916666666666666,0.22916666666666666,11,11,11,1.0,1.0
baseline,gemma4:12b,autonomous_depth_only,original,all,0.51,25,25,25,1.0,1.0,96,22,22,0.22916666666666666,0.22916666666666666,11,11,11,1.0,1.0
baseline,gemma4:12b,autonomous_depth_only,original,all,0.52,25,25,25,1.0,1.0,96,22,22,0.22916666666666666,0.22916666666666666,11,11,11,1.0,1.0
baseline,gemma4:12b,autonomous_depth_only,original,all,0.53,25,25,25,1.0,1.0,96,22,22,0.22916666666666666,0.22916666666666666,11,11,11,1.0,1.0
baseline,gemma4:12b,autonomous_depth_only,original,all,0.54,25,25,25,1.0,1.0,96,22,22,0.22916666666666666,0.22916666666666666,11,11,11,1.0,1.0
baseline,gemma4:12b,autonomous_depth_only,original,all,0.55,25,25,25,1.0,1.0,96,22,22,0.22916666666666666,0.22916666666666666,11,11,11,1.0,1.0
baseline,gemma4:12b,autonomous_depth_only,original,all,0.56,25,25,25,1.0,1.0,96,22,22,0.22916666666666666,0.22916666666666666,11,11,11,1.0,1.0
baseline,gemma4:12b,autonomous_depth_only,original,all,0.57,25,25,25,1.0,1.0,96,22,22,0.22916666666666666,0.22916666666666666,11,11,11,1.0,1.0
baseline,gemma4:12b,autonomous_depth_only,original,all,0.58,25,25,25,1.0,1.0,96,22,22,0.22916666666666666,0.22916666666666666,11,11,11,1.0,1.0
baseline,gemma4:12b,autonomous_depth_only,original,all,0.59,25,25,25,1.0,1.0,96,22,22,0.22916666666666666,0.22916666666666666,11,11,11,1.0,1.0
baseline,gemma4:12b,autonomous_depth_only,original,all,0.6,25,25,25,1.0,1.0,96,22,22,0.22916666666666666,0.22916666666666666,11,11,11,1.0,1.0
baseline,gemma4:12b,autonomous_depth_only,original,all,0.61,25,25,25,1.0,1.0,96,22,22,0.22916666666666666,0.22916666666666666,11,11,11,1.0,1.0
baseline,gemma4:12b,autonomous_depth_only,original,all,0.62,25,25,25,1.0,1.0,96,22,22,0.22916666666666666,0.22916666666666666,11,11,11,1.0,1.0
baseline,gemma4:12b,autonomous_depth_only,original,all,0.63,25,25,25,1.0,1.0,96,22,22,0.22916666666666666,0.22916666666666666,11,11,11,1.0,1.0
baseline,gemma4:12b,autonomous_depth_only,original,all,0.64,25,25,25,1.0,1.0,96,22,22,0.22916666666666666,0.22916666666666666,11,11,11,1.0,1.0
baseline,gemma4:12b,autonomous_depth_only,original,all,0.65,25,25,25,1.0,1.0,96,22,22,0.22916666666666666,0.22916666666666666,11,11,11,1.0,1.0
baseline,gemma4:12b,autonomous_depth_only,original,all,0.66,25,25,25,1.0,1.0,96,22,22,0.22916666666666666,0.22916666666666666,11,11,11,1.0,1.0
baseline,gemma4:12b,autonomous_depth_only,original,all,0.67,25,25,25,1.0,1.0,96,22,22,0.22916666666666666,0.22916666666666666,11,11,11,1.0,1.0
baseline,gemma4:12b,autonomous_depth_only,original,all,0.68,25,25,25,1.0,1.0,96,22,22,0.22916666666666666,0.22916666666666666,11,11,11,1.0,1.0
baseline,gemma4:12b,autonomous_depth_only,original,all,0.69,25,25,25,1.0,1.0,96,22,22,0.22916666666666666,0.22916666666666666,11,11,11,1.0,1.0
baseline,gemma4:12b,autonomous_depth_only,original,all,0.7,25,25,25,1.0,1.0,96,22,22,0.22916666666666666,0.22916666666666666,11,11,11,1.0,1.0
baseline,gemma4:12b,autonomous_depth_only,original,all,0.71,25,25,25,1.0,1.0,96,22,22,0.22916666666666666,0.22916666666666666,11,11,11,1.0,1.0
baseline,gemma4:12b,autonomous_depth_only,original,all,0.72,25,25,25,1.0,1.0,96,22,22,0.22916666666666666,0.22916666666666666,11,11,11,1.0,1.0
baseline,gemma4:12b,autonomous_depth_only,original,all,0.73,25,25,25,1.0,1.0,96,22,22,0.22916666666666666,0.22916666666666666,11,11,11,1.0,1.0
baseline,gemma4:12b,autonomous_depth_only,original,all,0.74,25,25,25,1.0,1.0,96,22,22,0.22916666666666666,0.22916666666666666,11,11,11,1.0,1.0
baseline,gemma4:12b,autonomous_depth_only,original,all,0.75,25,25,25,1.0,1.0,96,22,22,0.22916666666666666,0.22916666666666666,11,11,11,1.0,1.0
baseline,gemma4:12b,autonomous_depth_only,original,all,0.76,25,25,25,1.0,1.0,96,22,22,0.22916666666666666,0.22916666666666666,11,11,11,1.0,1.0
baseline,gemma4:12b,autonomous_depth_only,original,all,0.77,25,25,25,1.0,1.0,96,21,21,0.21875,0.21875,11,11,11,1.0,1.0
baseline,gemma4:12b,autonomous_depth_only,original,all,0.78,25,25,25,1.0,1.0,96,21,21,0.21875,0.21875,11,11,11,1.0,1.0
baseline,gemma4:12b,autonomous_depth_only,original,all,0.79,25,25,25,1.0,1.0,96,21,21,0.21875,0.21875,11,11,11,1.0,1.0
baseline,gemma4:12b,autonomous_depth_only,original,all,0.8,25,25,25,1.0,1.0,96,21,21,0.21875,0.21875,11,11,11,1.0,1.0
baseline,gemma4:12b,autonomous_depth_only,original,all,0.81,25,25,25,1.0,1.0,96,21,21,0.21875,0.21875,11,11,11,1.0,1.0
baseline,gemma4:12b,autonomous_depth_only,original,all,0.82,25,25,25,1.0,1.0,96,21,21,0.21875,0.21875,11,11,11,1.0,1.0
baseline,gemma4:12b,autonomous_depth_only,original,all,0.83,25,25,25,1.0,1.0,96,21,21,0.21875,0.21875,11,11,11,1.0,1.0
baseline,gemma4:12b,autonomous_depth_only,original,all,0.84,25,25,25,1.0,1.0,96,21,21,0.21875,0.21875,11,11,11,1.0,1.0
baseline,gemma4:12b,autonomous_depth_only,original,all,0.85,25,25,25,1.0,1.0,96,21,21,0.21875,0.21875,11,11,11,1.0,1.0
baseline,gemma4:12b,autonomous_depth_only,original,all,0.86,25,25,25,1.0,1.0,96,21,21,0.21875,0.21875,11,11,11,1.0,1.0
baseline,gemma4:12b,autonomous_depth_only,original,all,0.87,25,25,25,1.0,1.0,96,21,21,0.21875,0.21875,11,11,11,1.0,1.0
baseline,gemma4:12b,autonomous_depth_only,original,all,0.88,25,25,25,1.0,1.0,96,21,21,0.21875,0.21875,11,11,11,1.0,1.0
baseline,gemma4:12b,autonomous_depth_only,original,all,0.89,25,25,25,1.0,1.0,96,21,21,0.21875,0.21875,11,11,11,1.0,1.0
baseline,gemma4:12b,autonomous_depth_only,original,all,0.9,25,25,25,1.0,1.0,96,21,21,0.21875,0.21875,11,11,11,1.0,1.0
baseline,gemma4:12b,autonomous_depth_only,original,all,0.91,25,25,25,1.0,1.0,96,20,20,0.20833333333333334,0.20833333333333334,11,11,11,1.0,1.0
baseline,gemma4:12b,autonomous_depth_only,original,all,0.92,25,25,25,1.0,1.0,96,20,20,0.20833333333333334,0.20833333333333334,11,11,11,1.0,1.0
baseline,gemma4:12b,autonomous_depth_only,original,all,0.93,25,25,25,1.0,1.0,96,20,20,0.20833333333333334,0.20833333333333334,11,11,11,1.0,1.0
baseline,gemma4:12b,autonomous_depth_only,original,all,0.94,25,25,25,1.0,1.0,96,20,20,0.20833333333333334,0.20833333333333334,11,11,11,1.0,1.0
baseline,gemma4:12b,autonomous_depth_only,original,all,0.95,25,25,25,1.0,1.0,96,19,19,0.19791666666666666,0.19791666666666666,11,11,11,1.0,1.0
baseline,gemma4:12b,autonomous_depth_only,original,all,0.96,25,25,25,1.0,1.0,96,19,19,0.19791666666666666,0.19791666666666666,11,11,11,1.0,1.0
baseline,gemma4:12b,autonomous_depth_only,original,all,0.97,25,25,25,1.0,1.0,96,18,18,0.1875,0.1875,11,11,11,1.0,1.0
baseline,gemma4:12b,autonomous_depth_only,original,all,0.98,25,25,25,1.0,1.0,96,17,17,0.17708333333333334,0.17708333333333334,11,11,11,1.0,1.0
baseline,gemma4:12b,autonomous_depth_only,original,all,0.99,25,25,25,1.0,1.0,96,17,17,0.17708333333333334,0.17708333333333334,11,11,11,1.0,1.0
baseline,gemma4:12b,autonomous_depth_only,original,all,0.995,25,25,25,1.0,1.0,96,14,14,0.14583333333333334,0.14583333333333334,11,11,11,1.0,1.0
baseline,gemma4:12b,autonomous_depth_only,original,all,0.999,25,25,25,1.0,1.0,96,11,11,0.11458333333333333,0.11458333333333333,11,11,11,1.0,1.0
baseline,gemma4:12b,autonomous_depth_only,original,all,0.9999,25,23,23,0.92,0.92,96,6,6,0.0625,0.0625,11,10,10,0.9090909090909091,0.9090909090909091
baseline,gemma4:12b,autonomous_depth_only,original,all,0.99999,25,14,14,0.56,0.56,96,1,1,0.010416666666666666,0.010416666666666666,11,6,6,0.5454545454545454,0.5454545454545454
baseline,gemma4:12b,autonomous_depth_only,original,all,0.999999,25,0,0,0.0,0.0,96,0,0,0.0,0.0,11,0,0,0.0,0.0
baseline,gemma4:12b,autonomous_depth_only,original,all,1.0,25,0,0,0.0,0.0,96,0,0,0.0,0.0,11,0,0,0.0,0.0
baseline,gemma4:12b,autonomous_depth_only,state_101,all,0.0,24,24,24,1.0,1.0,86,86,86,1.0,1.0,10,10,10,1.0,1.0
baseline,gemma4:12b,autonomous_depth_only,state_101,all,0.01,24,24,24,1.0,1.0,86,21,21,0.2441860465116279,0.2441860465116279,10,10,10,1.0,1.0
baseline,gemma4:12b,autonomous_depth_only,state_101,all,0.02,24,24,24,1.0,1.0,86,19,19,0.22093023255813954,0.22093023255813954,10,10,10,1.0,1.0
baseline,gemma4:12b,autonomous_depth_only,state_101,all,0.03,24,24,24,1.0,1.0,86,18,18,0.20930232558139536,0.20930232558139536,10,10,10,1.0,1.0
baseline,gemma4:12b,autonomous_depth_only,state_101,all,0.04,24,24,24,1.0,1.0,86,18,18,0.20930232558139536,0.20930232558139536,10,10,10,1.0,1.0
baseline,gemma4:12b,autonomous_depth_only,state_101,all,0.05,24,24,24,1.0,1.0,86,18,18,0.20930232558139536,0.20930232558139536,10,10,10,1.0,1.0
baseline,gemma4:12b,autonomous_depth_only,state_101,all,0.06,24,24,24,1.0,1.0,86,18,18,0.20930232558139536,0.20930232558139536,10,10,10,1.0,1.0
baseline,gemma4:12b,autonomous_depth_only,state_101,all,0.07,24,24,24,1.0,1.0,86,18,18,0.20930232558139536,0.20930232558139536,10,10,10,1.0,1.0
baseline,gemma4:12b,autonomous_depth_only,state_101,all,0.08,24,24,24,1.0,1.0,86,18,18,0.20930232558139536,0.20930232558139536,10,10,10,1.0,1.0
baseline,gemma4:12b,autonomous_depth_only,state_101,all,0.09,24,24,24,1.0,1.0,86,17,17,0.19767441860465115,0.19767441860465115,10,10,10,1.0,1.0
baseline,gemma4:12b,autonomous_depth_only,state_101,all,0.1,24,24,24,1.0,1.0,86,17,17,0.19767441860465115,0.19767441860465115,10,10,10,1.0,1.0
baseline,gemma4:12b,autonomous_depth_only,state_101,all,0.11,24,24,24,1.0,1.0,86,17,17,0.19767441860465115,0.19767441860465115,10,10,10,1.0,1.0
baseline,gemma4:12b,autonomous_depth_only,state_101,all,0.12,24,24,24,1.0,1.0,86,17,17,0.19767441860465115,0.19767441860465115,10,10,10,1.0,1.0
baseline,gemma4:12b,autonomous_depth_only,state_101,all,0.13,24,24,24,1.0,1.0,86,17,17,0.19767441860465115,0.19767441860465115,10,10,10,1.0,1.0
baseline,gemma4:12b,autonomous_depth_only,state_101,all,0.14,24,24,24,1.0,1.0,86,17,17,0.19767441860465115,0.19767441860465115,10,10,10,1.0,1.0
baseline,gemma4:12b,autonomous_depth_only,state_101,all,0.15,24,24,24,1.0,1.0,86,17,17,0.19767441860465115,0.19767441860465115,10,10,10,1.0,1.0
baseline,gemma4:12b,autonomous_depth_only,state_101,all,0.16,24,24,24,1.0,1.0,86,17,17,0.19767441860465115,0.19767441860465115,10,10,10,1.0,1.0
baseline,gemma4:12b,autonomous_depth_only,state_101,all,0.17,24,24,24,1.0,1.0,86,17,17,0.19767441860465115,0.19767441860465115,10,10,10,1.0,1.0
baseline,gemma4:12b,autonomous_depth_only,state_101,all,0.18,24,24,24,1.0,1.0,86,17,17,0.19767441860465115,0.19767441860465115,10,10,10,1.0,1.0
baseline,gemma4:12b,autonomous_depth_only,state_101,all,0.19,24,24,24,1.0,1.0,86,17,17,0.19767441860465115,0.19767441860465115,10,10,10,1.0,1.0
baseline,gemma4:12b,autonomous_depth_only,state_101,all,0.2,24,24,24,1.0,1.0,86,17,17,0.19767441860465115,0.19767441860465115,10,10,10,1.0,1.0
baseline,gemma4:12b,autonomous_depth_only,state_101,all,0.21,24,24,24,1.0,1.0,86,17,17,0.19767441860465115,0.19767441860465115,10,10,10,1.0,1.0
baseline,gemma4:12b,autonomous_depth_only,state_101,all,0.22,24,24,24,1.0,1.0,86,17,17,0.19767441860465115,0.19767441860465115,10,10,10,1.0,1.0
baseline,gemma4:12b,autonomous_depth_only,state_101,all,0.23,24,24,24,1.0,1.0,86,17,17,0.19767441860465115,0.19767441860465115,10,10,10,1.0,1.0
baseline,gemma4:12b,autonomous_depth_only,state_101,all,0.24,24,24,24,1.0,1.0,86,17,17,0.19767441860465115,0.19767441860465115,10,10,10,1.0,1.0
baseline,gemma4:12b,autonomous_depth_only,state_101,all,0.25,24,24,24,1.0,1.0,86,17,17,0.19767441860465115,0.19767441860465115,10,10,10,1.0,1.0
baseline,gemma4:12b,autonomous_depth_only,state_101,all,0.26,24,24,24,1.0,1.0,86,17,17,0.19767441860465115,0.19767441860465115,10,10,10,1.0,1.0
baseline,gemma4:12b,autonomous_depth_only,state_101,all,0.27,24,24,24,1.0,1.0,86,17,17,0.19767441860465115,0.19767441860465115,10,10,10,1.0,1.0
baseline,gemma4:12b,autonomous_depth_only,state_101,all,0.28,24,24,24,1.0,1.0,86,17,17,0.19767441860465115,0.19767441860465115,10,10,10,1.0,1.0
baseline,gemma4:12b,autonomous_depth_only,state_101,all,0.29,24,24,24,1.0,1.0,86,17,17,0.19767441860465115,0.19767441860465115,10,10,10,1.0,1.0
baseline,gemma4:12b,autonomous_depth_only,state_101,all,0.3,24,24,24,1.0,1.0,86,17,17,0.19767441860465115,0.19767441860465115,10,10,10,1.0,1.0
baseline,gemma4:12b,autonomous_depth_only,state_101,all,0.31,24,24,24,1.0,1.0,86,17,17,0.19767441860465115,0.19767441860465115,10,10,10,1.0,1.0
baseline,gemma4:12b,autonomous_depth_only,state_101,all,0.32,24,24,24,1.0,1.0,86,17,17,0.19767441860465115,0.19767441860465115,10,10,10,1.0,1.0
baseline,gemma4:12b,autonomous_depth_only,state_101,all,0.33,24,24,24,1.0,1.0,86,17,17,0.19767441860465115,0.19767441860465115,10,10,10,1.0,1.0
baseline,gemma4:12b,autonomous_depth_only,state_101,all,0.34,24,24,24,1.0,1.0,86,17,17,0.19767441860465115,0.19767441860465115,10,10,10,1.0,1.0
baseline,gemma4:12b,autonomous_depth_only,state_101,all,0.35,24,24,24,1.0,1.0,86,17,17,0.19767441860465115,0.19767441860465115,10,10,10,1.0,1.0
baseline,gemma4:12b,autonomous_depth_only,state_101,all,0.36,24,24,24,1.0,1.0,86,17,17,0.19767441860465115,0.19767441860465115,10,10,10,1.0,1.0
baseline,gemma4:12b,autonomous_depth_only,state_101,all,0.37,24,24,24,1.0,1.0,86,17,17,0.19767441860465115,0.19767441860465115,10,10,10,1.0,1.0
baseline,gemma4:12b,autonomous_depth_only,state_101,all,0.38,24,24,24,1.0,1.0,86,17,17,0.19767441860465115,0.19767441860465115,10,10,10,1.0,1.0
baseline,gemma4:12b,autonomous_depth_only,state_101,all,0.39,24,24,24,1.0,1.0,86,17,17,0.19767441860465115,0.19767441860465115,10,10,10,1.0,1.0
baseline,gemma4:12b,autonomous_depth_only,state_101,all,0.4,24,24,24,1.0,1.0,86,17,17,0.19767441860465115,0.19767441860465115,10,10,10,1.0,1.0
baseline,gemma4:12b,autonomous_depth_only,state_101,all,0.41,24,24,24,1.0,1.0,86,17,17,0.19767441860465115,0.19767441860465115,10,10,10,1.0,1.0
baseline,gemma4:12b,autonomous_depth_only,state_101,all,0.42,24,24,24,1.0,1.0,86,17,17,0.19767441860465115,0.19767441860465115,10,10,10,1.0,1.0
baseline,gemma4:12b,autonomous_depth_only,state_101,all,0.43,24,24,24,1.0,1.0,86,17,17,0.19767441860465115,0.19767441860465115,10,10,10,1.0,1.0
baseline,gemma4:12b,autonomous_depth_only,state_101,all,0.44,24,24,24,1.0,1.0,86,17,17,0.19767441860465115,0.19767441860465115,10,10,10,1.0,1.0
baseline,gemma4:12b,autonomous_depth_only,state_101,all,0.45,24,24,24,1.0,1.0,86,17,17,0.19767441860465115,0.19767441860465115,10,10,10,1.0,1.0
baseline,gemma4:12b,autonomous_depth_only,state_101,all,0.46,24,24,24,1.0,1.0,86,17,17,0.19767441860465115,0.19767441860465115,10,10,10,1.0,1.0
baseline,gemma4:12b,autonomous_depth_only,state_101,all,0.47,24,24,24,1.0,1.0,86,17,17,0.19767441860465115,0.19767441860465115,10,10,10,1.0,1.0
baseline,gemma4:12b,autonomous_depth_only,state_101,all,0.48,24,24,24,1.0,1.0,86,17,17,0.19767441860465115,0.19767441860465115,10,10,10,1.0,1.0
baseline,gemma4:12b,autonomous_depth_only,state_101,all,0.49,24,24,24,1.0,1.0,86,17,17,0.19767441860465115,0.19767441860465115,10,10,10,1.0,1.0
baseline,gemma4:12b,autonomous_depth_only,state_101,all,0.5,24,24,24,1.0,1.0,86,17,17,0.19767441860465115,0.19767441860465115,10,10,10,1.0,1.0
baseline,gemma4:12b,autonomous_depth_only,state_101,all,0.51,24,24,24,1.0,1.0,86,17,17,0.19767441860465115,0.19767441860465115,10,10,10,1.0,1.0
baseline,gemma4:12b,autonomous_depth_only,state_101,all,0.52,24,24,24,1.0,1.0,86,17,17,0.19767441860465115,0.19767441860465115,10,10,10,1.0,1.0
baseline,gemma4:12b,autonomous_depth_only,state_101,all,0.53,24,24,24,1.0,1.0,86,17,17,0.19767441860465115,0.19767441860465115,10,10,10,1.0,1.0
baseline,gemma4:12b,autonomous_depth_only,state_101,all,0.54,24,24,24,1.0,1.0,86,17,17,0.19767441860465115,0.19767441860465115,10,10,10,1.0,1.0
baseline,gemma4:12b,autonomous_depth_only,state_101,all,0.55,24,24,24,1.0,1.0,86,17,17,0.19767441860465115,0.19767441860465115,10,10,10,1.0,1.0
baseline,gemma4:12b,autonomous_depth_only,state_101,all,0.56,24,24,24,1.0,1.0,86,17,17,0.19767441860465115,0.19767441860465115,10,10,10,1.0,1.0
baseline,gemma4:12b,autonomous_depth_only,state_101,all,0.57,24,24,24,1.0,1.0,86,17,17,0.19767441860465115,0.19767441860465115,10,10,10,1.0,1.0
baseline,gemma4:12b,autonomous_depth_only,state_101,all,0.58,24,24,24,1.0,1.0,86,17,17,0.19767441860465115,0.19767441860465115,10,10,10,1.0,1.0
baseline,gemma4:12b,autonomous_depth_only,state_101,all,0.59,24,24,24,1.0,1.0,86,17,17,0.19767441860465115,0.19767441860465115,10,10,10,1.0,1.0
baseline,gemma4:12b,autonomous_depth_only,state_101,all,0.6,24,24,24,1.0,1.0,86,17,17,0.19767441860465115,0.19767441860465115,10,10,10,1.0,1.0
baseline,gemma4:12b,autonomous_depth_only,state_101,all,0.61,24,24,24,1.0,1.0,86,17,17,0.19767441860465115,0.19767441860465115,10,10,10,1.0,1.0
baseline,gemma4:12b,autonomous_depth_only,state_101,all,0.62,24,24,24,1.0,1.0,86,17,17,0.19767441860465115,0.19767441860465115,10,10,10,1.0,1.0
baseline,gemma4:12b,autonomous_depth_only,state_101,all,0.63,24,24,24,1.0,1.0,86,17,17,0.19767441860465115,0.19767441860465115,10,10,10,1.0,1.0
baseline,gemma4:12b,autonomous_depth_only,state_101,all,0.64,24,24,24,1.0,1.0,86,17,17,0.19767441860465115,0.19767441860465115,10,10,10,1.0,1.0
baseline,gemma4:12b,autonomous_depth_only,state_101,all,0.65,24,24,24,1.0,1.0,86,17,17,0.19767441860465115,0.19767441860465115,10,10,10,1.0,1.0
baseline,gemma4:12b,autonomous_depth_only,state_101,all,0.66,24,24,24,1.0,1.0,86,17,17,0.19767441860465115,0.19767441860465115,10,10,10,1.0,1.0
baseline,gemma4:12b,autonomous_depth_only,state_101,all,0.67,24,24,24,1.0,1.0,86,17,17,0.19767441860465115,0.19767441860465115,10,10,10,1.0,1.0
baseline,gemma4:12b,autonomous_depth_only,state_101,all,0.68,24,24,24,1.0,1.0,86,17,17,0.19767441860465115,0.19767441860465115,10,10,10,1.0,1.0
baseline,gemma4:12b,autonomous_depth_only,state_101,all,0.69,24,24,24,1.0,1.0,86,17,17,0.19767441860465115,0.19767441860465115,10,10,10,1.0,1.0
baseline,gemma4:12b,autonomous_depth_only,state_101,all,0.7,24,24,24,1.0,1.0,86,17,17,0.19767441860465115,0.19767441860465115,10,10,10,1.0,1.0
baseline,gemma4:12b,autonomous_depth_only,state_101,all,0.71,24,24,24,1.0,1.0,86,17,17,0.19767441860465115,0.19767441860465115,10,10,10,1.0,1.0
baseline,gemma4:12b,autonomous_depth_only,state_101,all,0.72,24,24,24,1.0,1.0,86,17,17,0.19767441860465115,0.19767441860465115,10,10,10,1.0,1.0
baseline,gemma4:12b,autonomous_depth_only,state_101,all,0.73,24,24,24,1.0,1.0,86,17,17,0.19767441860465115,0.19767441860465115,10,10,10,1.0,1.0
baseline,gemma4:12b,autonomous_depth_only,state_101,all,0.74,24,24,24,1.0,1.0,86,17,17,0.19767441860465115,0.19767441860465115,10,10,10,1.0,1.0
baseline,gemma4:12b,autonomous_depth_only,state_101,all,0.75,24,24,24,1.0,1.0,86,17,17,0.19767441860465115,0.19767441860465115,10,10,10,1.0,1.0
baseline,gemma4:12b,autonomous_depth_only,state_101,all,0.76,24,24,24,1.0,1.0,86,17,17,0.19767441860465115,0.19767441860465115,10,10,10,1.0,1.0
baseline,gemma4:12b,autonomous_depth_only,state_101,all,0.77,24,24,24,1.0,1.0,86,17,17,0.19767441860465115,0.19767441860465115,10,10,10,1.0,1.0
baseline,gemma4:12b,autonomous_depth_only,state_101,all,0.78,24,24,24,1.0,1.0,86,17,17,0.19767441860465115,0.19767441860465115,10,10,10,1.0,1.0
baseline,gemma4:12b,autonomous_depth_only,state_101,all,0.79,24,24,24,1.0,1.0,86,17,17,0.19767441860465115,0.19767441860465115,10,10,10,1.0,1.0
baseline,gemma4:12b,autonomous_depth_only,state_101,all,0.8,24,24,24,1.0,1.0,86,17,17,0.19767441860465115,0.19767441860465115,10,10,10,1.0,1.0
baseline,gemma4:12b,autonomous_depth_only,state_101,all,0.81,24,24,24,1.0,1.0,86,17,17,0.19767441860465115,0.19767441860465115,10,10,10,1.0,1.0
baseline,gemma4:12b,autonomous_depth_only,state_101,all,0.82,24,24,24,1.0,1.0,86,17,17,0.19767441860465115,0.19767441860465115,10,10,10,1.0,1.0
baseline,gemma4:12b,autonomous_depth_only,state_101,all,0.83,24,24,24,1.0,1.0,86,16,16,0.18604651162790697,0.18604651162790697,10,10,10,1.0,1.0
baseline,gemma4:12b,autonomous_depth_only,state_101,all,0.84,24,24,24,1.0,1.0,86,16,16,0.18604651162790697,0.18604651162790697,10,10,10,1.0,1.0
baseline,gemma4:12b,autonomous_depth_only,state_101,all,0.85,24,24,24,1.0,1.0,86,16,16,0.18604651162790697,0.18604651162790697,10,10,10,1.0,1.0
baseline,gemma4:12b,autonomous_depth_only,state_101,all,0.86,24,24,24,1.0,1.0,86,16,16,0.18604651162790697,0.18604651162790697,10,10,10,1.0,1.0
baseline,gemma4:12b,autonomous_depth_only,state_101,all,0.87,24,24,24,1.0,1.0,86,16,16,0.18604651162790697,0.18604651162790697,10,10,10,1.0,1.0
baseline,gemma4:12b,autonomous_depth_only,state_101,all,0.88,24,24,24,1.0,1.0,86,16,16,0.18604651162790697,0.18604651162790697,10,10,10,1.0,1.0
baseline,gemma4:12b,autonomous_depth_only,state_101,all,0.89,24,24,24,1.0,1.0,86,16,16,0.18604651162790697,0.18604651162790697,10,10,10,1.0,1.0
baseline,gemma4:12b,autonomous_depth_only,state_101,all,0.9,24,24,24,1.0,1.0,86,16,16,0.18604651162790697,0.18604651162790697,10,10,10,1.0,1.0
baseline,gemma4:12b,autonomous_depth_only,state_101,all,0.91,24,23,23,0.9583333333333334,0.9583333333333334,86,16,16,0.18604651162790697,0.18604651162790697,10,9,9,0.9,0.9
baseline,gemma4:12b,autonomous_depth_only,state_101,all,0.92,24,23,23,0.9583333333333334,0.9583333333333334,86,16,16,0.18604651162790697,0.18604651162790697,10,9,9,0.9,0.9
baseline,gemma4:12b,autonomous_depth_only,state_101,all,0.93,24,23,23,0.9583333333333334,0.9583333333333334,86,16,16,0.18604651162790697,0.18604651162790697,10,9,9,0.9,0.9
baseline,gemma4:12b,autonomous_depth_only,state_101,all,0.94,24,22,22,0.9166666666666666,0.9166666666666666,86,16,16,0.18604651162790697,0.18604651162790697,10,9,9,0.9,0.9
baseline,gemma4:12b,autonomous_depth_only,state_101,all,0.95,24,22,22,0.9166666666666666,0.9166666666666666,86,16,16,0.18604651162790697,0.18604651162790697,10,9,9,0.9,0.9
baseline,gemma4:12b,autonomous_depth_only,state_101,all,0.96,24,22,22,0.9166666666666666,0.9166666666666666,86,16,16,0.18604651162790697,0.18604651162790697,10,9,9,0.9,0.9
baseline,gemma4:12b,autonomous_depth_only,state_101,all,0.97,24,22,22,0.9166666666666666,0.9166666666666666,86,16,16,0.18604651162790697,0.18604651162790697,10,9,9,0.9,0.9
baseline,gemma4:12b,autonomous_depth_only,state_101,all,0.98,24,22,22,0.9166666666666666,0.9166666666666666,86,16,16,0.18604651162790697,0.18604651162790697,10,9,9,0.9,0.9
baseline,gemma4:12b,autonomous_depth_only,state_101,all,0.99,24,22,22,0.9166666666666666,0.9166666666666666,86,16,16,0.18604651162790697,0.18604651162790697,10,9,9,0.9,0.9
baseline,gemma4:12b,autonomous_depth_only,state_101,all,0.995,24,22,22,0.9166666666666666,0.9166666666666666,86,15,15,0.1744186046511628,0.1744186046511628,10,9,9,0.9,0.9
baseline,gemma4:12b,autonomous_depth_only,state_101,all,0.999,24,21,21,0.875,0.875,86,12,12,0.13953488372093023,0.13953488372093023,10,8,8,0.8,0.8
baseline,gemma4:12b,autonomous_depth_only,state_101,all,0.9999,24,19,19,0.7916666666666666,0.7916666666666666,86,8,8,0.09302325581395349,0.09302325581395349,10,8,8,0.8,0.8
baseline,gemma4:12b,autonomous_depth_only,state_101,all,0.99999,24,13,13,0.5416666666666666,0.5416666666666666,86,0,0,0.0,0.0,10,5,5,0.5,0.5
baseline,gemma4:12b,autonomous_depth_only,state_101,all,0.999999,24,0,0,0.0,0.0,86,0,0,0.0,0.0,10,0,0,0.0,0.0
baseline,gemma4:12b,autonomous_depth_only,state_101,all,1.0,24,0,0,0.0,0.0,86,0,0,0.0,0.0,10,0,0,0.0,0.0
baseline,gemma4:12b,autonomous_depth_only,state_202,all,0.0,25,25,25,1.0,1.0,96,96,96,1.0,1.0,11,11,11,1.0,1.0
baseline,gemma4:12b,autonomous_depth_only,state_202,all,0.01,25,25,25,1.0,1.0,96,24,24,0.25,0.25,11,11,11,1.0,1.0
baseline,gemma4:12b,autonomous_depth_only,state_202,all,0.02,25,25,25,1.0,1.0,96,23,23,0.23958333333333334,0.23958333333333334,11,11,11,1.0,1.0
baseline,gemma4:12b,autonomous_depth_only,state_202,all,0.03,25,25,25,1.0,1.0,96,23,23,0.23958333333333334,0.23958333333333334,11,11,11,1.0,1.0
baseline,gemma4:12b,autonomous_depth_only,state_202,all,0.04,25,25,25,1.0,1.0,96,22,22,0.22916666666666666,0.22916666666666666,11,11,11,1.0,1.0
baseline,gemma4:12b,autonomous_depth_only,state_202,all,0.05,25,25,25,1.0,1.0,96,22,22,0.22916666666666666,0.22916666666666666,11,11,11,1.0,1.0
baseline,gemma4:12b,autonomous_depth_only,state_202,all,0.06,25,25,25,1.0,1.0,96,22,22,0.22916666666666666,0.22916666666666666,11,11,11,1.0,1.0
baseline,gemma4:12b,autonomous_depth_only,state_202,all,0.07,25,25,25,1.0,1.0,96,21,21,0.21875,0.21875,11,11,11,1.0,1.0
baseline,gemma4:12b,autonomous_depth_only,state_202,all,0.08,25,25,25,1.0,1.0,96,21,21,0.21875,0.21875,11,11,11,1.0,1.0
baseline,gemma4:12b,autonomous_depth_only,state_202,all,0.09,25,25,25,1.0,1.0,96,21,21,0.21875,0.21875,11,11,11,1.0,1.0
baseline,gemma4:12b,autonomous_depth_only,state_202,all,0.1,25,25,25,1.0,1.0,96,21,21,0.21875,0.21875,11,11,11,1.0,1.0
baseline,gemma4:12b,autonomous_depth_only,state_202,all,0.11,25,25,25,1.0,1.0,96,20,20,0.20833333333333334,0.20833333333333334,11,11,11,1.0,1.0
baseline,gemma4:12b,autonomous_depth_only,state_202,all,0.12,25,25,25,1.0,1.0,96,20,20,0.20833333333333334,0.20833333333333334,11,11,11,1.0,1.0
baseline,gemma4:12b,autonomous_depth_only,state_202,all,0.13,25,25,25,1.0,1.0,96,20,20,0.20833333333333334,0.20833333333333334,11,11,11,1.0,1.0
baseline,gemma4:12b,autonomous_depth_only,state_202,all,0.14,25,25,25,1.0,1.0,96,20,20,0.20833333333333334,0.20833333333333334,11,11,11,1.0,1.0
baseline,gemma4:12b,autonomous_depth_only,state_202,all,0.15,25,25,25,1.0,1.0,96,20,20,0.20833333333333334,0.20833333333333334,11,11,11,1.0,1.0
baseline,gemma4:12b,autonomous_depth_only,state_202,all,0.16,25,25,25,1.0,1.0,96,20,20,0.20833333333333334,0.20833333333333334,11,11,11,1.0,1.0
baseline,gemma4:12b,autonomous_depth_only,state_202,all,0.17,25,25,25,1.0,1.0,96,20,20,0.20833333333333334,0.20833333333333334,11,11,11,1.0,1.0
baseline,gemma4:12b,autonomous_depth_only,state_202,all,0.18,25,25,25,1.0,1.0,96,20,20,0.20833333333333334,0.20833333333333334,11,11,11,1.0,1.0
baseline,gemma4:12b,autonomous_depth_only,state_202,all,0.19,25,25,25,1.0,1.0,96,20,20,0.20833333333333334,0.20833333333333334,11,11,11,1.0,1.0
baseline,gemma4:12b,autonomous_depth_only,state_202,all,0.2,25,25,25,1.0,1.0,96,20,20,0.20833333333333334,0.20833333333333334,11,11,11,1.0,1.0
baseline,gemma4:12b,autonomous_depth_only,state_202,all,0.21,25,25,25,1.0,1.0,96,20,20,0.20833333333333334,0.20833333333333334,11,11,11,1.0,1.0
baseline,gemma4:12b,autonomous_depth_only,state_202,all,0.22,25,25,25,1.0,1.0,96,20,20,0.20833333333333334,0.20833333333333334,11,11,11,1.0,1.0
baseline,gemma4:12b,autonomous_depth_only,state_202,all,0.23,25,25,25,1.0,1.0,96,20,20,0.20833333333333334,0.20833333333333334,11,11,11,1.0,1.0
baseline,gemma4:12b,autonomous_depth_only,state_202,all,0.24,25,25,25,1.0,1.0,96,20,20,0.20833333333333334,0.20833333333333334,11,11,11,1.0,1.0
baseline,gemma4:12b,autonomous_depth_only,state_202,all,0.25,25,25,25,1.0,1.0,96,20,20,0.20833333333333334,0.20833333333333334,11,11,11,1.0,1.0
baseline,gemma4:12b,autonomous_depth_only,state_202,all,0.26,25,25,25,1.0,1.0,96,20,20,0.20833333333333334,0.20833333333333334,11,11,11,1.0,1.0
baseline,gemma4:12b,autonomous_depth_only,state_202,all,0.27,25,25,25,1.0,1.0,96,20,20,0.20833333333333334,0.20833333333333334,11,11,11,1.0,1.0
baseline,gemma4:12b,autonomous_depth_only,state_202,all,0.28,25,25,25,1.0,1.0,96,20,20,0.20833333333333334,0.20833333333333334,11,11,11,1.0,1.0
baseline,gemma4:12b,autonomous_depth_only,state_202,all,0.29,25,25,25,1.0,1.0,96,20,20,0.20833333333333334,0.20833333333333334,11,11,11,1.0,1.0
baseline,gemma4:12b,autonomous_depth_only,state_202,all,0.3,25,25,25,1.0,1.0,96,20,20,0.20833333333333334,0.20833333333333334,11,11,11,1.0,1.0
baseline,gemma4:12b,autonomous_depth_only,state_202,all,0.31,25,25,25,1.0,1.0,96,20,20,0.20833333333333334,0.20833333333333334,11,11,11,1.0,1.0
baseline,gemma4:12b,autonomous_depth_only,state_202,all,0.32,25,25,25,1.0,1.0,96,20,20,0.20833333333333334,0.20833333333333334,11,11,11,1.0,1.0
baseline,gemma4:12b,autonomous_depth_only,state_202,all,0.33,25,25,25,1.0,1.0,96,20,20,0.20833333333333334,0.20833333333333334,11,11,11,1.0,1.0
baseline,gemma4:12b,autonomous_depth_only,state_202,all,0.34,25,25,25,1.0,1.0,96,20,20,0.20833333333333334,0.20833333333333334,11,11,11,1.0,1.0
baseline,gemma4:12b,autonomous_depth_only,state_202,all,0.35,25,25,25,1.0,1.0,96,20,20,0.20833333333333334,0.20833333333333334,11,11,11,1.0,1.0
baseline,gemma4:12b,autonomous_depth_only,state_202,all,0.36,25,25,25,1.0,1.0,96,19,19,0.19791666666666666,0.19791666666666666,11,11,11,1.0,1.0
baseline,gemma4:12b,autonomous_depth_only,state_202,all,0.37,25,25,25,1.0,1.0,96,19,19,0.19791666666666666,0.19791666666666666,11,11,11,1.0,1.0
baseline,gemma4:12b,autonomous_depth_only,state_202,all,0.38,25,25,25,1.0,1.0,96,19,19,0.19791666666666666,0.19791666666666666,11,11,11,1.0,1.0
baseline,gemma4:12b,autonomous_depth_only,state_202,all,0.39,25,25,25,1.0,1.0,96,19,19,0.19791666666666666,0.19791666666666666,11,11,11,1.0,1.0
baseline,gemma4:12b,autonomous_depth_only,state_202,all,0.4,25,25,25,1.0,1.0,96,19,19,0.19791666666666666,0.19791666666666666,11,11,11,1.0,1.0
baseline,gemma4:12b,autonomous_depth_only,state_202,all,0.41,25,25,25,1.0,1.0,96,19,19,0.19791666666666666,0.19791666666666666,11,11,11,1.0,1.0
baseline,gemma4:12b,autonomous_depth_only,state_202,all,0.42,25,25,25,1.0,1.0,96,19,19,0.19791666666666666,0.19791666666666666,11,11,11,1.0,1.0
baseline,gemma4:12b,autonomous_depth_only,state_202,all,0.43,25,25,25,1.0,1.0,96,19,19,0.19791666666666666,0.19791666666666666,11,11,11,1.0,1.0
baseline,gemma4:12b,autonomous_depth_only,state_202,all,0.44,25,25,25,1.0,1.0,96,19,19,0.19791666666666666,0.19791666666666666,11,11,11,1.0,1.0
baseline,gemma4:12b,autonomous_depth_only,state_202,all,0.45,25,25,25,1.0,1.0,96,19,19,0.19791666666666666,0.19791666666666666,11,11,11,1.0,1.0
baseline,gemma4:12b,autonomous_depth_only,state_202,all,0.46,25,25,25,1.0,1.0,96,19,19,0.19791666666666666,0.19791666666666666,11,11,11,1.0,1.0
baseline,gemma4:12b,autonomous_depth_only,state_202,all,0.47,25,25,25,1.0,1.0,96,19,19,0.19791666666666666,0.19791666666666666,11,11,11,1.0,1.0
baseline,gemma4:12b,autonomous_depth_only,state_202,all,0.48,25,25,25,1.0,1.0,96,19,19,0.19791666666666666,0.19791666666666666,11,11,11,1.0,1.0
baseline,gemma4:12b,autonomous_depth_only,state_202,all,0.49,25,25,25,1.0,1.0,96,19,19,0.19791666666666666,0.19791666666666666,11,11,11,1.0,1.0
baseline,gemma4:12b,autonomous_depth_only,state_202,all,0.5,25,25,25,1.0,1.0,96,19,19,0.19791666666666666,0.19791666666666666,11,11,11,1.0,1.0
baseline,gemma4:12b,autonomous_depth_only,state_202,all,0.51,25,25,25,1.0,1.0,96,19,19,0.19791666666666666,0.19791666666666666,11,11,11,1.0,1.0
baseline,gemma4:12b,autonomous_depth_only,state_202,all,0.52,25,25,25,1.0,1.0,96,19,19,0.19791666666666666,0.19791666666666666,11,11,11,1.0,1.0
baseline,gemma4:12b,autonomous_depth_only,state_202,all,0.53,25,25,25,1.0,1.0,96,19,19,0.19791666666666666,0.19791666666666666,11,11,11,1.0,1.0
baseline,gemma4:12b,autonomous_depth_only,state_202,all,0.54,25,25,25,1.0,1.0,96,19,19,0.19791666666666666,0.19791666666666666,11,11,11,1.0,1.0
baseline,gemma4:12b,autonomous_depth_only,state_202,all,0.55,25,25,25,1.0,1.0,96,19,19,0.19791666666666666,0.19791666666666666,11,11,11,1.0,1.0
baseline,gemma4:12b,autonomous_depth_only,state_202,all,0.56,25,25,25,1.0,1.0,96,19,19,0.19791666666666666,0.19791666666666666,11,11,11,1.0,1.0
baseline,gemma4:12b,autonomous_depth_only,state_202,all,0.57,25,25,25,1.0,1.0,96,19,19,0.19791666666666666,0.19791666666666666,11,11,11,1.0,1.0
baseline,gemma4:12b,autonomous_depth_only,state_202,all,0.58,25,25,25,1.0,1.0,96,19,19,0.19791666666666666,0.19791666666666666,11,11,11,1.0,1.0
baseline,gemma4:12b,autonomous_depth_only,state_202,all,0.59,25,25,25,1.0,1.0,96,19,19,0.19791666666666666,0.19791666666666666,11,11,11,1.0,1.0
baseline,gemma4:12b,autonomous_depth_only,state_202,all,0.6,25,25,25,1.0,1.0,96,19,19,0.19791666666666666,0.19791666666666666,11,11,11,1.0,1.0
baseline,gemma4:12b,autonomous_depth_only,state_202,all,0.61,25,25,25,1.0,1.0,96,19,19,0.19791666666666666,0.19791666666666666,11,11,11,1.0,1.0
baseline,gemma4:12b,autonomous_depth_only,state_202,all,0.62,25,25,25,1.0,1.0,96,19,19,0.19791666666666666,0.19791666666666666,11,11,11,1.0,1.0
baseline,gemma4:12b,autonomous_depth_only,state_202,all,0.63,25,25,25,1.0,1.0,96,19,19,0.19791666666666666,0.19791666666666666,11,11,11,1.0,1.0
baseline,gemma4:12b,autonomous_depth_only,state_202,all,0.64,25,25,25,1.0,1.0,96,19,19,0.19791666666666666,0.19791666666666666,11,11,11,1.0,1.0
baseline,gemma4:12b,autonomous_depth_only,state_202,all,0.65,25,25,25,1.0,1.0,96,19,19,0.19791666666666666,0.19791666666666666,11,11,11,1.0,1.0
baseline,gemma4:12b,autonomous_depth_only,state_202,all,0.66,25,25,25,1.0,1.0,96,19,19,0.19791666666666666,0.19791666666666666,11,11,11,1.0,1.0
baseline,gemma4:12b,autonomous_depth_only,state_202,all,0.67,25,25,25,1.0,1.0,96,19,19,0.19791666666666666,0.19791666666666666,11,11,11,1.0,1.0
baseline,gemma4:12b,autonomous_depth_only,state_202,all,0.68,25,25,25,1.0,1.0,96,19,19,0.19791666666666666,0.19791666666666666,11,11,11,1.0,1.0
baseline,gemma4:12b,autonomous_depth_only,state_202,all,0.69,25,25,25,1.0,1.0,96,19,19,0.19791666666666666,0.19791666666666666,11,11,11,1.0,1.0
baseline,gemma4:12b,autonomous_depth_only,state_202,all,0.7,25,25,25,1.0,1.0,96,19,19,0.19791666666666666,0.19791666666666666,11,11,11,1.0,1.0
baseline,gemma4:12b,autonomous_depth_only,state_202,all,0.71,25,25,25,1.0,1.0,96,19,19,0.19791666666666666,0.19791666666666666,11,11,11,1.0,1.0
baseline,gemma4:12b,autonomous_depth_only,state_202,all,0.72,25,25,25,1.0,1.0,96,19,19,0.19791666666666666,0.19791666666666666,11,11,11,1.0,1.0
baseline,gemma4:12b,autonomous_depth_only,state_202,all,0.73,25,25,25,1.0,1.0,96,19,19,0.19791666666666666,0.19791666666666666,11,11,11,1.0,1.0
baseline,gemma4:12b,autonomous_depth_only,state_202,all,0.74,25,25,25,1.0,1.0,96,19,19,0.19791666666666666,0.19791666666666666,11,11,11,1.0,1.0
baseline,gemma4:12b,autonomous_depth_only,state_202,all,0.75,25,25,25,1.0,1.0,96,19,19,0.19791666666666666,0.19791666666666666,11,11,11,1.0,1.0
baseline,gemma4:12b,autonomous_depth_only,state_202,all,0.76,25,25,25,1.0,1.0,96,19,19,0.19791666666666666,0.19791666666666666,11,11,11,1.0,1.0
baseline,gemma4:12b,autonomous_depth_only,state_202,all,0.77,25,25,25,1.0,1.0,96,18,18,0.1875,0.1875,11,11,11,1.0,1.0
baseline,gemma4:12b,autonomous_depth_only,state_202,all,0.78,25,25,25,1.0,1.0,96,18,18,0.1875,0.1875,11,11,11,1.0,1.0
baseline,gemma4:12b,autonomous_depth_only,state_202,all,0.79,25,25,25,1.0,1.0,96,18,18,0.1875,0.1875,11,11,11,1.0,1.0
baseline,gemma4:12b,autonomous_depth_only,state_202,all,0.8,25,25,25,1.0,1.0,96,17,17,0.17708333333333334,0.17708333333333334,11,11,11,1.0,1.0
baseline,gemma4:12b,autonomous_depth_only,state_202,all,0.81,25,25,25,1.0,1.0,96,17,17,0.17708333333333334,0.17708333333333334,11,11,11,1.0,1.0
baseline,gemma4:12b,autonomous_depth_only,state_202,all,0.82,25,25,25,1.0,1.0,96,17,17,0.17708333333333334,0.17708333333333334,11,11,11,1.0,1.0
baseline,gemma4:12b,autonomous_depth_only,state_202,all,0.83,25,25,25,1.0,1.0,96,16,16,0.16666666666666666,0.16666666666666666,11,11,11,1.0,1.0
baseline,gemma4:12b,autonomous_depth_only,state_202,all,0.84,25,25,25,1.0,1.0,96,16,16,0.16666666666666666,0.16666666666666666,11,11,11,1.0,1.0
baseline,gemma4:12b,autonomous_depth_only,state_202,all,0.85,25,25,25,1.0,1.0,96,16,16,0.16666666666666666,0.16666666666666666,11,11,11,1.0,1.0
baseline,gemma4:12b,autonomous_depth_only,state_202,all,0.86,25,25,25,1.0,1.0,96,16,16,0.16666666666666666,0.16666666666666666,11,11,11,1.0,1.0
baseline,gemma4:12b,autonomous_depth_only,state_202,all,0.87,25,25,25,1.0,1.0,96,16,16,0.16666666666666666,0.16666666666666666,11,11,11,1.0,1.0
baseline,gemma4:12b,autonomous_depth_only,state_202,all,0.88,25,25,25,1.0,1.0,96,16,16,0.16666666666666666,0.16666666666666666,11,11,11,1.0,1.0
baseline,gemma4:12b,autonomous_depth_only,state_202,all,0.89,25,25,25,1.0,1.0,96,16,16,0.16666666666666666,0.16666666666666666,11,11,11,1.0,1.0
baseline,gemma4:12b,autonomous_depth_only,state_202,all,0.9,25,25,25,1.0,1.0,96,16,16,0.16666666666666666,0.16666666666666666,11,11,11,1.0,1.0
baseline,gemma4:12b,autonomous_depth_only,state_202,all,0.91,25,25,25,1.0,1.0,96,16,16,0.16666666666666666,0.16666666666666666,11,11,11,1.0,1.0
baseline,gemma4:12b,autonomous_depth_only,state_202,all,0.92,25,25,25,1.0,1.0,96,16,16,0.16666666666666666,0.16666666666666666,11,11,11,1.0,1.0
baseline,gemma4:12b,autonomous_depth_only,state_202,all,0.93,25,25,25,1.0,1.0,96,16,16,0.16666666666666666,0.16666666666666666,11,11,11,1.0,1.0
baseline,gemma4:12b,autonomous_depth_only,state_202,all,0.94,25,25,25,1.0,1.0,96,15,15,0.15625,0.15625,11,11,11,1.0,1.0
baseline,gemma4:12b,autonomous_depth_only,state_202,all,0.95,25,25,25,1.0,1.0,96,15,15,0.15625,0.15625,11,11,11,1.0,1.0
baseline,gemma4:12b,autonomous_depth_only,state_202,all,0.96,25,25,25,1.0,1.0,96,15,15,0.15625,0.15625,11,11,11,1.0,1.0
baseline,gemma4:12b,autonomous_depth_only,state_202,all,0.97,25,25,25,1.0,1.0,96,14,14,0.14583333333333334,0.14583333333333334,11,11,11,1.0,1.0
baseline,gemma4:12b,autonomous_depth_only,state_202,all,0.98,25,25,25,1.0,1.0,96,14,14,0.14583333333333334,0.14583333333333334,11,11,11,1.0,1.0
baseline,gemma4:12b,autonomous_depth_only,state_202,all,0.99,25,25,25,1.0,1.0,96,13,13,0.13541666666666666,0.13541666666666666,11,11,11,1.0,1.0
baseline,gemma4:12b,autonomous_depth_only,state_202,all,0.995,25,25,25,1.0,1.0,96,12,12,0.125,0.125,11,11,11,1.0,1.0
baseline,gemma4:12b,autonomous_depth_only,state_202,all,0.999,25,23,23,0.92,0.92,96,10,10,0.10416666666666667,0.10416666666666667,11,10,10,0.9090909090909091,0.9090909090909091
baseline,gemma4:12b,autonomous_depth_only,state_202,all,0.9999,25,22,22,0.88,0.88,96,3,3,0.03125,0.03125,11,10,10,0.9090909090909091,0.9090909090909091
baseline,gemma4:12b,autonomous_depth_only,state_202,all,0.99999,25,14,14,0.56,0.56,96,1,1,0.010416666666666666,0.010416666666666666,11,5,5,0.45454545454545453,0.45454545454545453
baseline,gemma4:12b,autonomous_depth_only,state_202,all,0.999999,25,0,0,0.0,0.0,96,0,0,0.0,0.0,11,0,0,0.0,0.0
baseline,gemma4:12b,autonomous_depth_only,state_202,all,1.0,25,0,0,0.0,0.0,96,0,0,0.0,0.0,11,0,0,0.0,0.0
baseline,gemma4:12b,autonomous_depth_only,state_303,all,0.0,24,24,24,1.0,1.0,86,86,86,1.0,1.0,10,10,10,1.0,1.0
baseline,gemma4:12b,autonomous_depth_only,state_303,all,0.01,24,24,24,1.0,1.0,86,20,20,0.23255813953488372,0.23255813953488372,10,10,10,1.0,1.0
baseline,gemma4:12b,autonomous_depth_only,state_303,all,0.02,24,24,24,1.0,1.0,86,19,19,0.22093023255813954,0.22093023255813954,10,10,10,1.0,1.0
baseline,gemma4:12b,autonomous_depth_only,state_303,all,0.03,24,24,24,1.0,1.0,86,19,19,0.22093023255813954,0.22093023255813954,10,10,10,1.0,1.0
baseline,gemma4:12b,autonomous_depth_only,state_303,all,0.04,24,24,24,1.0,1.0,86,19,19,0.22093023255813954,0.22093023255813954,10,10,10,1.0,1.0
baseline,gemma4:12b,autonomous_depth_only,state_303,all,0.05,24,24,24,1.0,1.0,86,18,18,0.20930232558139536,0.20930232558139536,10,10,10,1.0,1.0
baseline,gemma4:12b,autonomous_depth_only,state_303,all,0.06,24,24,24,1.0,1.0,86,18,18,0.20930232558139536,0.20930232558139536,10,10,10,1.0,1.0
baseline,gemma4:12b,autonomous_depth_only,state_303,all,0.07,24,24,24,1.0,1.0,86,18,18,0.20930232558139536,0.20930232558139536,10,10,10,1.0,1.0
baseline,gemma4:12b,autonomous_depth_only,state_303,all,0.08,24,24,24,1.0,1.0,86,18,18,0.20930232558139536,0.20930232558139536,10,10,10,1.0,1.0
baseline,gemma4:12b,autonomous_depth_only,state_303,all,0.09,24,24,24,1.0,1.0,86,18,18,0.20930232558139536,0.20930232558139536,10,10,10,1.0,1.0
baseline,gemma4:12b,autonomous_depth_only,state_303,all,0.1,24,24,24,1.0,1.0,86,18,18,0.20930232558139536,0.20930232558139536,10,10,10,1.0,1.0
baseline,gemma4:12b,autonomous_depth_only,state_303,all,0.11,24,24,24,1.0,1.0,86,18,18,0.20930232558139536,0.20930232558139536,10,10,10,1.0,1.0
baseline,gemma4:12b,autonomous_depth_only,state_303,all,0.12,24,24,24,1.0,1.0,86,18,18,0.20930232558139536,0.20930232558139536,10,10,10,1.0,1.0
baseline,gemma4:12b,autonomous_depth_only,state_303,all,0.13,24,24,24,1.0,1.0,86,18,18,0.20930232558139536,0.20930232558139536,10,10,10,1.0,1.0
baseline,gemma4:12b,autonomous_depth_only,state_303,all,0.14,24,24,24,1.0,1.0,86,18,18,0.20930232558139536,0.20930232558139536,10,10,10,1.0,1.0
baseline,gemma4:12b,autonomous_depth_only,state_303,all,0.15,24,24,24,1.0,1.0,86,18,18,0.20930232558139536,0.20930232558139536,10,10,10,1.0,1.0
baseline,gemma4:12b,autonomous_depth_only,state_303,all,0.16,24,24,24,1.0,1.0,86,18,18,0.20930232558139536,0.20930232558139536,10,10,10,1.0,1.0
baseline,gemma4:12b,autonomous_depth_only,state_303,all,0.17,24,24,24,1.0,1.0,86,18,18,0.20930232558139536,0.20930232558139536,10,10,10,1.0,1.0
baseline,gemma4:12b,autonomous_depth_only,state_303,all,0.18,24,24,24,1.0,1.0,86,18,18,0.20930232558139536,0.20930232558139536,10,10,10,1.0,1.0
baseline,gemma4:12b,autonomous_depth_only,state_303,all,0.19,24,24,24,1.0,1.0,86,18,18,0.20930232558139536,0.20930232558139536,10,10,10,1.0,1.0
baseline,gemma4:12b,autonomous_depth_only,state_303,all,0.2,24,24,24,1.0,1.0,86,18,18,0.20930232558139536,0.20930232558139536,10,10,10,1.0,1.0
baseline,gemma4:12b,autonomous_depth_only,state_303,all,0.21,24,24,24,1.0,1.0,86,18,18,0.20930232558139536,0.20930232558139536,10,10,10,1.0,1.0
baseline,gemma4:12b,autonomous_depth_only,state_303,all,0.22,24,24,24,1.0,1.0,86,18,18,0.20930232558139536,0.20930232558139536,10,10,10,1.0,1.0
baseline,gemma4:12b,autonomous_depth_only,state_303,all,0.23,24,24,24,1.0,1.0,86,18,18,0.20930232558139536,0.20930232558139536,10,10,10,1.0,1.0
baseline,gemma4:12b,autonomous_depth_only,state_303,all,0.24,24,24,24,1.0,1.0,86,18,18,0.20930232558139536,0.20930232558139536,10,10,10,1.0,1.0
baseline,gemma4:12b,autonomous_depth_only,state_303,all,0.25,24,24,24,1.0,1.0,86,18,18,0.20930232558139536,0.20930232558139536,10,10,10,1.0,1.0
baseline,gemma4:12b,autonomous_depth_only,state_303,all,0.26,24,24,24,1.0,1.0,86,18,18,0.20930232558139536,0.20930232558139536,10,10,10,1.0,1.0
baseline,gemma4:12b,autonomous_depth_only,state_303,all,0.27,24,24,24,1.0,1.0,86,18,18,0.20930232558139536,0.20930232558139536,10,10,10,1.0,1.0
baseline,gemma4:12b,autonomous_depth_only,state_303,all,0.28,24,24,24,1.0,1.0,86,18,18,0.20930232558139536,0.20930232558139536,10,10,10,1.0,1.0
baseline,gemma4:12b,autonomous_depth_only,state_303,all,0.29,24,24,24,1.0,1.0,86,18,18,0.20930232558139536,0.20930232558139536,10,10,10,1.0,1.0
baseline,gemma4:12b,autonomous_depth_only,state_303,all,0.3,24,24,24,1.0,1.0,86,18,18,0.20930232558139536,0.20930232558139536,10,10,10,1.0,1.0
baseline,gemma4:12b,autonomous_depth_only,state_303,all,0.31,24,24,24,1.0,1.0,86,18,18,0.20930232558139536,0.20930232558139536,10,10,10,1.0,1.0
baseline,gemma4:12b,autonomous_depth_only,state_303,all,0.32,24,24,24,1.0,1.0,86,18,18,0.20930232558139536,0.20930232558139536,10,10,10,1.0,1.0
baseline,gemma4:12b,autonomous_depth_only,state_303,all,0.33,24,24,24,1.0,1.0,86,18,18,0.20930232558139536,0.20930232558139536,10,10,10,1.0,1.0
baseline,gemma4:12b,autonomous_depth_only,state_303,all,0.34,24,24,24,1.0,1.0,86,18,18,0.20930232558139536,0.20930232558139536,10,10,10,1.0,1.0
baseline,gemma4:12b,autonomous_depth_only,state_303,all,0.35,24,24,24,1.0,1.0,86,18,18,0.20930232558139536,0.20930232558139536,10,10,10,1.0,1.0
baseline,gemma4:12b,autonomous_depth_only,state_303,all,0.36,24,24,24,1.0,1.0,86,18,18,0.20930232558139536,0.20930232558139536,10,10,10,1.0,1.0
baseline,gemma4:12b,autonomous_depth_only,state_303,all,0.37,24,24,24,1.0,1.0,86,18,18,0.20930232558139536,0.20930232558139536,10,10,10,1.0,1.0
baseline,gemma4:12b,autonomous_depth_only,state_303,all,0.38,24,24,24,1.0,1.0,86,18,18,0.20930232558139536,0.20930232558139536,10,10,10,1.0,1.0
baseline,gemma4:12b,autonomous_depth_only,state_303,all,0.39,24,24,24,1.0,1.0,86,18,18,0.20930232558139536,0.20930232558139536,10,10,10,1.0,1.0
baseline,gemma4:12b,autonomous_depth_only,state_303,all,0.4,24,24,24,1.0,1.0,86,18,18,0.20930232558139536,0.20930232558139536,10,10,10,1.0,1.0
baseline,gemma4:12b,autonomous_depth_only,state_303,all,0.41,24,24,24,1.0,1.0,86,18,18,0.20930232558139536,0.20930232558139536,10,10,10,1.0,1.0
baseline,gemma4:12b,autonomous_depth_only,state_303,all,0.42,24,24,24,1.0,1.0,86,18,18,0.20930232558139536,0.20930232558139536,10,10,10,1.0,1.0
baseline,gemma4:12b,autonomous_depth_only,state_303,all,0.43,24,24,24,1.0,1.0,86,18,18,0.20930232558139536,0.20930232558139536,10,10,10,1.0,1.0
baseline,gemma4:12b,autonomous_depth_only,state_303,all,0.44,24,24,24,1.0,1.0,86,18,18,0.20930232558139536,0.20930232558139536,10,10,10,1.0,1.0
baseline,gemma4:12b,autonomous_depth_only,state_303,all,0.45,24,24,24,1.0,1.0,86,18,18,0.20930232558139536,0.20930232558139536,10,10,10,1.0,1.0
baseline,gemma4:12b,autonomous_depth_only,state_303,all,0.46,24,24,24,1.0,1.0,86,18,18,0.20930232558139536,0.20930232558139536,10,10,10,1.0,1.0
baseline,gemma4:12b,autonomous_depth_only,state_303,all,0.47,24,24,24,1.0,1.0,86,18,18,0.20930232558139536,0.20930232558139536,10,10,10,1.0,1.0
baseline,gemma4:12b,autonomous_depth_only,state_303,all,0.48,24,24,24,1.0,1.0,86,18,18,0.20930232558139536,0.20930232558139536,10,10,10,1.0,1.0
baseline,gemma4:12b,autonomous_depth_only,state_303,all,0.49,24,24,24,1.0,1.0,86,18,18,0.20930232558139536,0.20930232558139536,10,10,10,1.0,1.0
baseline,gemma4:12b,autonomous_depth_only,state_303,all,0.5,24,24,24,1.0,1.0,86,18,18,0.20930232558139536,0.20930232558139536,10,10,10,1.0,1.0
baseline,gemma4:12b,autonomous_depth_only,state_303,all,0.51,24,24,24,1.0,1.0,86,18,18,0.20930232558139536,0.20930232558139536,10,10,10,1.0,1.0
baseline,gemma4:12b,autonomous_depth_only,state_303,all,0.52,24,24,24,1.0,1.0,86,18,18,0.20930232558139536,0.20930232558139536,10,10,10,1.0,1.0
baseline,gemma4:12b,autonomous_depth_only,state_303,all,0.53,24,24,24,1.0,1.0,86,17,17,0.19767441860465115,0.19767441860465115,10,10,10,1.0,1.0
baseline,gemma4:12b,autonomous_depth_only,state_303,all,0.54,24,24,24,1.0,1.0,86,17,17,0.19767441860465115,0.19767441860465115,10,10,10,1.0,1.0
baseline,gemma4:12b,autonomous_depth_only,state_303,all,0.55,24,24,24,1.0,1.0,86,17,17,0.19767441860465115,0.19767441860465115,10,10,10,1.0,1.0
baseline,gemma4:12b,autonomous_depth_only,state_303,all,0.56,24,24,24,1.0,1.0,86,17,17,0.19767441860465115,0.19767441860465115,10,10,10,1.0,1.0
baseline,gemma4:12b,autonomous_depth_only,state_303,all,0.57,24,24,24,1.0,1.0,86,17,17,0.19767441860465115,0.19767441860465115,10,10,10,1.0,1.0
baseline,gemma4:12b,autonomous_depth_only,state_303,all,0.58,24,24,24,1.0,1.0,86,17,17,0.19767441860465115,0.19767441860465115,10,10,10,1.0,1.0
baseline,gemma4:12b,autonomous_depth_only,state_303,all,0.59,24,24,24,1.0,1.0,86,17,17,0.19767441860465115,0.19767441860465115,10,10,10,1.0,1.0
baseline,gemma4:12b,autonomous_depth_only,state_303,all,0.6,24,24,24,1.0,1.0,86,17,17,0.19767441860465115,0.19767441860465115,10,10,10,1.0,1.0
baseline,gemma4:12b,autonomous_depth_only,state_303,all,0.61,24,24,24,1.0,1.0,86,17,17,0.19767441860465115,0.19767441860465115,10,10,10,1.0,1.0
baseline,gemma4:12b,autonomous_depth_only,state_303,all,0.62,24,24,24,1.0,1.0,86,17,17,0.19767441860465115,0.19767441860465115,10,10,10,1.0,1.0
baseline,gemma4:12b,autonomous_depth_only,state_303,all,0.63,24,24,24,1.0,1.0,86,17,17,0.19767441860465115,0.19767441860465115,10,10,10,1.0,1.0
baseline,gemma4:12b,autonomous_depth_only,state_303,all,0.64,24,24,24,1.0,1.0,86,17,17,0.19767441860465115,0.19767441860465115,10,10,10,1.0,1.0
baseline,gemma4:12b,autonomous_depth_only,state_303,all,0.65,24,24,24,1.0,1.0,86,17,17,0.19767441860465115,0.19767441860465115,10,10,10,1.0,1.0
baseline,gemma4:12b,autonomous_depth_only,state_303,all,0.66,24,24,24,1.0,1.0,86,17,17,0.19767441860465115,0.19767441860465115,10,10,10,1.0,1.0
baseline,gemma4:12b,autonomous_depth_only,state_303,all,0.67,24,24,24,1.0,1.0,86,17,17,0.19767441860465115,0.19767441860465115,10,10,10,1.0,1.0
baseline,gemma4:12b,autonomous_depth_only,state_303,all,0.68,24,24,24,1.0,1.0,86,17,17,0.19767441860465115,0.19767441860465115,10,10,10,1.0,1.0
baseline,gemma4:12b,autonomous_depth_only,state_303,all,0.69,24,24,24,1.0,1.0,86,17,17,0.19767441860465115,0.19767441860465115,10,10,10,1.0,1.0
baseline,gemma4:12b,autonomous_depth_only,state_303,all,0.7,24,24,24,1.0,1.0,86,17,17,0.19767441860465115,0.19767441860465115,10,10,10,1.0,1.0
baseline,gemma4:12b,autonomous_depth_only,state_303,all,0.71,24,24,24,1.0,1.0,86,17,17,0.19767441860465115,0.19767441860465115,10,10,10,1.0,1.0
baseline,gemma4:12b,autonomous_depth_only,state_303,all,0.72,24,24,24,1.0,1.0,86,17,17,0.19767441860465115,0.19767441860465115,10,10,10,1.0,1.0
baseline,gemma4:12b,autonomous_depth_only,state_303,all,0.73,24,24,24,1.0,1.0,86,17,17,0.19767441860465115,0.19767441860465115,10,10,10,1.0,1.0
baseline,gemma4:12b,autonomous_depth_only,state_303,all,0.74,24,24,24,1.0,1.0,86,17,17,0.19767441860465115,0.19767441860465115,10,10,10,1.0,1.0
baseline,gemma4:12b,autonomous_depth_only,state_303,all,0.75,24,24,24,1.0,1.0,86,17,17,0.19767441860465115,0.19767441860465115,10,10,10,1.0,1.0
baseline,gemma4:12b,autonomous_depth_only,state_303,all,0.76,24,24,24,1.0,1.0,86,17,17,0.19767441860465115,0.19767441860465115,10,10,10,1.0,1.0
baseline,gemma4:12b,autonomous_depth_only,state_303,all,0.77,24,24,24,1.0,1.0,86,17,17,0.19767441860465115,0.19767441860465115,10,10,10,1.0,1.0
baseline,gemma4:12b,autonomous_depth_only,state_303,all,0.78,24,24,24,1.0,1.0,86,17,17,0.19767441860465115,0.19767441860465115,10,10,10,1.0,1.0
baseline,gemma4:12b,autonomous_depth_only,state_303,all,0.79,24,24,24,1.0,1.0,86,17,17,0.19767441860465115,0.19767441860465115,10,10,10,1.0,1.0
baseline,gemma4:12b,autonomous_depth_only,state_303,all,0.8,24,24,24,1.0,1.0,86,17,17,0.19767441860465115,0.19767441860465115,10,10,10,1.0,1.0
baseline,gemma4:12b,autonomous_depth_only,state_303,all,0.81,24,24,24,1.0,1.0,86,17,17,0.19767441860465115,0.19767441860465115,10,10,10,1.0,1.0
baseline,gemma4:12b,autonomous_depth_only,state_303,all,0.82,24,24,24,1.0,1.0,86,17,17,0.19767441860465115,0.19767441860465115,10,10,10,1.0,1.0
baseline,gemma4:12b,autonomous_depth_only,state_303,all,0.83,24,24,24,1.0,1.0,86,17,17,0.19767441860465115,0.19767441860465115,10,10,10,1.0,1.0
baseline,gemma4:12b,autonomous_depth_only,state_303,all,0.84,24,24,24,1.0,1.0,86,17,17,0.19767441860465115,0.19767441860465115,10,10,10,1.0,1.0
baseline,gemma4:12b,autonomous_depth_only,state_303,all,0.85,24,24,24,1.0,1.0,86,17,17,0.19767441860465115,0.19767441860465115,10,10,10,1.0,1.0
baseline,gemma4:12b,autonomous_depth_only,state_303,all,0.86,24,24,24,1.0,1.0,86,17,17,0.19767441860465115,0.19767441860465115,10,10,10,1.0,1.0
baseline,gemma4:12b,autonomous_depth_only,state_303,all,0.87,24,24,24,1.0,1.0,86,17,17,0.19767441860465115,0.19767441860465115,10,10,10,1.0,1.0
baseline,gemma4:12b,autonomous_depth_only,state_303,all,0.88,24,24,24,1.0,1.0,86,17,17,0.19767441860465115,0.19767441860465115,10,10,10,1.0,1.0
baseline,gemma4:12b,autonomous_depth_only,state_303,all,0.89,24,24,24,1.0,1.0,86,17,17,0.19767441860465115,0.19767441860465115,10,10,10,1.0,1.0
baseline,gemma4:12b,autonomous_depth_only,state_303,all,0.9,24,24,24,1.0,1.0,86,17,17,0.19767441860465115,0.19767441860465115,10,10,10,1.0,1.0
baseline,gemma4:12b,autonomous_depth_only,state_303,all,0.91,24,24,24,1.0,1.0,86,17,17,0.19767441860465115,0.19767441860465115,10,10,10,1.0,1.0
baseline,gemma4:12b,autonomous_depth_only,state_303,all,0.92,24,24,24,1.0,1.0,86,17,17,0.19767441860465115,0.19767441860465115,10,10,10,1.0,1.0
baseline,gemma4:12b,autonomous_depth_only,state_303,all,0.93,24,24,24,1.0,1.0,86,17,17,0.19767441860465115,0.19767441860465115,10,10,10,1.0,1.0
baseline,gemma4:12b,autonomous_depth_only,state_303,all,0.94,24,24,24,1.0,1.0,86,17,17,0.19767441860465115,0.19767441860465115,10,10,10,1.0,1.0
baseline,gemma4:12b,autonomous_depth_only,state_303,all,0.95,24,24,24,1.0,1.0,86,16,16,0.18604651162790697,0.18604651162790697,10,10,10,1.0,1.0
baseline,gemma4:12b,autonomous_depth_only,state_303,all,0.96,24,24,24,1.0,1.0,86,16,16,0.18604651162790697,0.18604651162790697,10,10,10,1.0,1.0
baseline,gemma4:12b,autonomous_depth_only,state_303,all,0.97,24,24,24,1.0,1.0,86,16,16,0.18604651162790697,0.18604651162790697,10,10,10,1.0,1.0
baseline,gemma4:12b,autonomous_depth_only,state_303,all,0.98,24,24,24,1.0,1.0,86,16,16,0.18604651162790697,0.18604651162790697,10,10,10,1.0,1.0
baseline,gemma4:12b,autonomous_depth_only,state_303,all,0.99,24,24,24,1.0,1.0,86,13,13,0.1511627906976744,0.1511627906976744,10,10,10,1.0,1.0
baseline,gemma4:12b,autonomous_depth_only,state_303,all,0.995,24,24,24,1.0,1.0,86,12,12,0.13953488372093023,0.13953488372093023,10,10,10,1.0,1.0
baseline,gemma4:12b,autonomous_depth_only,state_303,all,0.999,24,23,23,0.9583333333333334,0.9583333333333334,86,11,11,0.12790697674418605,0.12790697674418605,10,9,9,0.9,0.9
baseline,gemma4:12b,autonomous_depth_only,state_303,all,0.9999,24,17,17,0.7083333333333334,0.7083333333333334,86,9,9,0.10465116279069768,0.10465116279069768,10,7,7,0.7,0.7
baseline,gemma4:12b,autonomous_depth_only,state_303,all,0.99999,24,13,13,0.5416666666666666,0.5416666666666666,86,1,1,0.011627906976744186,0.011627906976744186,10,5,5,0.5,0.5
baseline,gemma4:12b,autonomous_depth_only,state_303,all,0.999999,24,0,0,0.0,0.0,86,0,0,0.0,0.0,10,0,0,0.0,0.0
baseline,gemma4:12b,autonomous_depth_only,state_303,all,1.0,24,0,0,0.0,0.0,86,0,0,0.0,0.0,10,0,0,0.0,0.0
baseline,gemma4:12b,autonomous_depth_only,all,all,0.0,98,98,98,1.0,1.0,364,364,364,1.0,1.0,42,42,42,1.0,1.0
baseline,gemma4:12b,autonomous_depth_only,all,all,0.01,98,98,98,1.0,1.0,364,94,94,0.25824175824175827,0.25824175824175827,42,42,42,1.0,1.0
baseline,gemma4:12b,autonomous_depth_only,all,all,0.02,98,98,98,1.0,1.0,364,89,89,0.2445054945054945,0.2445054945054945,42,42,42,1.0,1.0
baseline,gemma4:12b,autonomous_depth_only,all,all,0.03,98,98,98,1.0,1.0,364,88,88,0.24175824175824176,0.24175824175824176,42,42,42,1.0,1.0
baseline,gemma4:12b,autonomous_depth_only,all,all,0.04,98,98,98,1.0,1.0,364,86,86,0.23626373626373626,0.23626373626373626,42,42,42,1.0,1.0
baseline,gemma4:12b,autonomous_depth_only,all,all,0.05,98,98,98,1.0,1.0,364,83,83,0.22802197802197802,0.22802197802197802,42,42,42,1.0,1.0
baseline,gemma4:12b,autonomous_depth_only,all,all,0.06,98,98,98,1.0,1.0,364,81,81,0.22252747252747251,0.22252747252747251,42,42,42,1.0,1.0
baseline,gemma4:12b,autonomous_depth_only,all,all,0.07,98,98,98,1.0,1.0,364,79,79,0.21703296703296704,0.21703296703296704,42,42,42,1.0,1.0
baseline,gemma4:12b,autonomous_depth_only,all,all,0.08,98,98,98,1.0,1.0,364,79,79,0.21703296703296704,0.21703296703296704,42,42,42,1.0,1.0
baseline,gemma4:12b,autonomous_depth_only,all,all,0.09,98,98,98,1.0,1.0,364,78,78,0.21428571428571427,0.21428571428571427,42,42,42,1.0,1.0
baseline,gemma4:12b,autonomous_depth_only,all,all,0.1,98,98,98,1.0,1.0,364,78,78,0.21428571428571427,0.21428571428571427,42,42,42,1.0,1.0
baseline,gemma4:12b,autonomous_depth_only,all,all,0.11,98,98,98,1.0,1.0,364,77,77,0.21153846153846154,0.21153846153846154,42,42,42,1.0,1.0
baseline,gemma4:12b,autonomous_depth_only,all,all,0.12,98,98,98,1.0,1.0,364,77,77,0.21153846153846154,0.21153846153846154,42,42,42,1.0,1.0
baseline,gemma4:12b,autonomous_depth_only,all,all,0.13,98,98,98,1.0,1.0,364,77,77,0.21153846153846154,0.21153846153846154,42,42,42,1.0,1.0
baseline,gemma4:12b,autonomous_depth_only,all,all,0.14,98,98,98,1.0,1.0,364,77,77,0.21153846153846154,0.21153846153846154,42,42,42,1.0,1.0
baseline,gemma4:12b,autonomous_depth_only,all,all,0.15,98,98,98,1.0,1.0,364,77,77,0.21153846153846154,0.21153846153846154,42,42,42,1.0,1.0
baseline,gemma4:12b,autonomous_depth_only,all,all,0.16,98,98,98,1.0,1.0,364,77,77,0.21153846153846154,0.21153846153846154,42,42,42,1.0,1.0
baseline,gemma4:12b,autonomous_depth_only,all,all,0.17,98,98,98,1.0,1.0,364,77,77,0.21153846153846154,0.21153846153846154,42,42,42,1.0,1.0
baseline,gemma4:12b,autonomous_depth_only,all,all,0.18,98,98,98,1.0,1.0,364,77,77,0.21153846153846154,0.21153846153846154,42,42,42,1.0,1.0
baseline,gemma4:12b,autonomous_depth_only,all,all,0.19,98,98,98,1.0,1.0,364,77,77,0.21153846153846154,0.21153846153846154,42,42,42,1.0,1.0
baseline,gemma4:12b,autonomous_depth_only,all,all,0.2,98,98,98,1.0,1.0,364,77,77,0.21153846153846154,0.21153846153846154,42,42,42,1.0,1.0
baseline,gemma4:12b,autonomous_depth_only,all,all,0.21,98,98,98,1.0,1.0,364,77,77,0.21153846153846154,0.21153846153846154,42,42,42,1.0,1.0
baseline,gemma4:12b,autonomous_depth_only,all,all,0.22,98,98,98,1.0,1.0,364,77,77,0.21153846153846154,0.21153846153846154,42,42,42,1.0,1.0
baseline,gemma4:12b,autonomous_depth_only,all,all,0.23,98,98,98,1.0,1.0,364,77,77,0.21153846153846154,0.21153846153846154,42,42,42,1.0,1.0
baseline,gemma4:12b,autonomous_depth_only,all,all,0.24,98,98,98,1.0,1.0,364,77,77,0.21153846153846154,0.21153846153846154,42,42,42,1.0,1.0
baseline,gemma4:12b,autonomous_depth_only,all,all,0.25,98,98,98,1.0,1.0,364,77,77,0.21153846153846154,0.21153846153846154,42,42,42,1.0,1.0
baseline,gemma4:12b,autonomous_depth_only,all,all,0.26,98,98,98,1.0,1.0,364,77,77,0.21153846153846154,0.21153846153846154,42,42,42,1.0,1.0
baseline,gemma4:12b,autonomous_depth_only,all,all,0.27,98,98,98,1.0,1.0,364,77,77,0.21153846153846154,0.21153846153846154,42,42,42,1.0,1.0
baseline,gemma4:12b,autonomous_depth_only,all,all,0.28,98,98,98,1.0,1.0,364,77,77,0.21153846153846154,0.21153846153846154,42,42,42,1.0,1.0
baseline,gemma4:12b,autonomous_depth_only,all,all,0.29,98,98,98,1.0,1.0,364,77,77,0.21153846153846154,0.21153846153846154,42,42,42,1.0,1.0
baseline,gemma4:12b,autonomous_depth_only,all,all,0.3,98,98,98,1.0,1.0,364,77,77,0.21153846153846154,0.21153846153846154,42,42,42,1.0,1.0
baseline,gemma4:12b,autonomous_depth_only,all,all,0.31,98,98,98,1.0,1.0,364,77,77,0.21153846153846154,0.21153846153846154,42,42,42,1.0,1.0
baseline,gemma4:12b,autonomous_depth_only,all,all,0.32,98,98,98,1.0,1.0,364,77,77,0.21153846153846154,0.21153846153846154,42,42,42,1.0,1.0
baseline,gemma4:12b,autonomous_depth_only,all,all,0.33,98,98,98,1.0,1.0,364,77,77,0.21153846153846154,0.21153846153846154,42,42,42,1.0,1.0
baseline,gemma4:12b,autonomous_depth_only,all,all,0.34,98,98,98,1.0,1.0,364,77,77,0.21153846153846154,0.21153846153846154,42,42,42,1.0,1.0
baseline,gemma4:12b,autonomous_depth_only,all,all,0.35,98,98,98,1.0,1.0,364,77,77,0.21153846153846154,0.21153846153846154,42,42,42,1.0,1.0
baseline,gemma4:12b,autonomous_depth_only,all,all,0.36,98,98,98,1.0,1.0,364,76,76,0.2087912087912088,0.2087912087912088,42,42,42,1.0,1.0
baseline,gemma4:12b,autonomous_depth_only,all,all,0.37,98,98,98,1.0,1.0,364,76,76,0.2087912087912088,0.2087912087912088,42,42,42,1.0,1.0
baseline,gemma4:12b,autonomous_depth_only,all,all,0.38,98,98,98,1.0,1.0,364,76,76,0.2087912087912088,0.2087912087912088,42,42,42,1.0,1.0
baseline,gemma4:12b,autonomous_depth_only,all,all,0.39,98,98,98,1.0,1.0,364,76,76,0.2087912087912088,0.2087912087912088,42,42,42,1.0,1.0
baseline,gemma4:12b,autonomous_depth_only,all,all,0.4,98,98,98,1.0,1.0,364,76,76,0.2087912087912088,0.2087912087912088,42,42,42,1.0,1.0
baseline,gemma4:12b,autonomous_depth_only,all,all,0.41,98,98,98,1.0,1.0,364,76,76,0.2087912087912088,0.2087912087912088,42,42,42,1.0,1.0
baseline,gemma4:12b,autonomous_depth_only,all,all,0.42,98,98,98,1.0,1.0,364,76,76,0.2087912087912088,0.2087912087912088,42,42,42,1.0,1.0
baseline,gemma4:12b,autonomous_depth_only,all,all,0.43,98,98,98,1.0,1.0,364,76,76,0.2087912087912088,0.2087912087912088,42,42,42,1.0,1.0
baseline,gemma4:12b,autonomous_depth_only,all,all,0.44,98,98,98,1.0,1.0,364,76,76,0.2087912087912088,0.2087912087912088,42,42,42,1.0,1.0
baseline,gemma4:12b,autonomous_depth_only,all,all,0.45,98,98,98,1.0,1.0,364,76,76,0.2087912087912088,0.2087912087912088,42,42,42,1.0,1.0
baseline,gemma4:12b,autonomous_depth_only,all,all,0.46,98,98,98,1.0,1.0,364,76,76,0.2087912087912088,0.2087912087912088,42,42,42,1.0,1.0
baseline,gemma4:12b,autonomous_depth_only,all,all,0.47,98,98,98,1.0,1.0,364,76,76,0.2087912087912088,0.2087912087912088,42,42,42,1.0,1.0
baseline,gemma4:12b,autonomous_depth_only,all,all,0.48,98,98,98,1.0,1.0,364,76,76,0.2087912087912088,0.2087912087912088,42,42,42,1.0,1.0
baseline,gemma4:12b,autonomous_depth_only,all,all,0.49,98,98,98,1.0,1.0,364,76,76,0.2087912087912088,0.2087912087912088,42,42,42,1.0,1.0
baseline,gemma4:12b,autonomous_depth_only,all,all,0.5,98,98,98,1.0,1.0,364,76,76,0.2087912087912088,0.2087912087912088,42,42,42,1.0,1.0
baseline,gemma4:12b,autonomous_depth_only,all,all,0.51,98,98,98,1.0,1.0,364,76,76,0.2087912087912088,0.2087912087912088,42,42,42,1.0,1.0
baseline,gemma4:12b,autonomous_depth_only,all,all,0.52,98,98,98,1.0,1.0,364,76,76,0.2087912087912088,0.2087912087912088,42,42,42,1.0,1.0
baseline,gemma4:12b,autonomous_depth_only,all,all,0.53,98,98,98,1.0,1.0,364,75,75,0.20604395604395603,0.20604395604395603,42,42,42,1.0,1.0
baseline,gemma4:12b,autonomous_depth_only,all,all,0.54,98,98,98,1.0,1.0,364,75,75,0.20604395604395603,0.20604395604395603,42,42,42,1.0,1.0
baseline,gemma4:12b,autonomous_depth_only,all,all,0.55,98,98,98,1.0,1.0,364,75,75,0.20604395604395603,0.20604395604395603,42,42,42,1.0,1.0
baseline,gemma4:12b,autonomous_depth_only,all,all,0.56,98,98,98,1.0,1.0,364,75,75,0.20604395604395603,0.20604395604395603,42,42,42,1.0,1.0
baseline,gemma4:12b,autonomous_depth_only,all,all,0.57,98,98,98,1.0,1.0,364,75,75,0.20604395604395603,0.20604395604395603,42,42,42,1.0,1.0
baseline,gemma4:12b,autonomous_depth_only,all,all,0.58,98,98,98,1.0,1.0,364,75,75,0.20604395604395603,0.20604395604395603,42,42,42,1.0,1.0
baseline,gemma4:12b,autonomous_depth_only,all,all,0.59,98,98,98,1.0,1.0,364,75,75,0.20604395604395603,0.20604395604395603,42,42,42,1.0,1.0
baseline,gemma4:12b,autonomous_depth_only,all,all,0.6,98,98,98,1.0,1.0,364,75,75,0.20604395604395603,0.20604395604395603,42,42,42,1.0,1.0
baseline,gemma4:12b,autonomous_depth_only,all,all,0.61,98,98,98,1.0,1.0,364,75,75,0.20604395604395603,0.20604395604395603,42,42,42,1.0,1.0
baseline,gemma4:12b,autonomous_depth_only,all,all,0.62,98,98,98,1.0,1.0,364,75,75,0.20604395604395603,0.20604395604395603,42,42,42,1.0,1.0
baseline,gemma4:12b,autonomous_depth_only,all,all,0.63,98,98,98,1.0,1.0,364,75,75,0.20604395604395603,0.20604395604395603,42,42,42,1.0,1.0
baseline,gemma4:12b,autonomous_depth_only,all,all,0.64,98,98,98,1.0,1.0,364,75,75,0.20604395604395603,0.20604395604395603,42,42,42,1.0,1.0
baseline,gemma4:12b,autonomous_depth_only,all,all,0.65,98,98,98,1.0,1.0,364,75,75,0.20604395604395603,0.20604395604395603,42,42,42,1.0,1.0
baseline,gemma4:12b,autonomous_depth_only,all,all,0.66,98,98,98,1.0,1.0,364,75,75,0.20604395604395603,0.20604395604395603,42,42,42,1.0,1.0
baseline,gemma4:12b,autonomous_depth_only,all,all,0.67,98,98,98,1.0,1.0,364,75,75,0.20604395604395603,0.20604395604395603,42,42,42,1.0,1.0
baseline,gemma4:12b,autonomous_depth_only,all,all,0.68,98,98,98,1.0,1.0,364,75,75,0.20604395604395603,0.20604395604395603,42,42,42,1.0,1.0
baseline,gemma4:12b,autonomous_depth_only,all,all,0.69,98,98,98,1.0,1.0,364,75,75,0.20604395604395603,0.20604395604395603,42,42,42,1.0,1.0
baseline,gemma4:12b,autonomous_depth_only,all,all,0.7,98,98,98,1.0,1.0,364,75,75,0.20604395604395603,0.20604395604395603,42,42,42,1.0,1.0
baseline,gemma4:12b,autonomous_depth_only,all,all,0.71,98,98,98,1.0,1.0,364,75,75,0.20604395604395603,0.20604395604395603,42,42,42,1.0,1.0
baseline,gemma4:12b,autonomous_depth_only,all,all,0.72,98,98,98,1.0,1.0,364,75,75,0.20604395604395603,0.20604395604395603,42,42,42,1.0,1.0
baseline,gemma4:12b,autonomous_depth_only,all,all,0.73,98,98,98,1.0,1.0,364,75,75,0.20604395604395603,0.20604395604395603,42,42,42,1.0,1.0
baseline,gemma4:12b,autonomous_depth_only,all,all,0.74,98,98,98,1.0,1.0,364,75,75,0.20604395604395603,0.20604395604395603,42,42,42,1.0,1.0
baseline,gemma4:12b,autonomous_depth_only,all,all,0.75,98,98,98,1.0,1.0,364,75,75,0.20604395604395603,0.20604395604395603,42,42,42,1.0,1.0
baseline,gemma4:12b,autonomous_depth_only,all,all,0.76,98,98,98,1.0,1.0,364,75,75,0.20604395604395603,0.20604395604395603,42,42,42,1.0,1.0
baseline,gemma4:12b,autonomous_depth_only,all,all,0.77,98,98,98,1.0,1.0,364,73,73,0.20054945054945056,0.20054945054945056,42,42,42,1.0,1.0
baseline,gemma4:12b,autonomous_depth_only,all,all,0.78,98,98,98,1.0,1.0,364,73,73,0.20054945054945056,0.20054945054945056,42,42,42,1.0,1.0
baseline,gemma4:12b,autonomous_depth_only,all,all,0.79,98,98,98,1.0,1.0,364,73,73,0.20054945054945056,0.20054945054945056,42,42,42,1.0,1.0
baseline,gemma4:12b,autonomous_depth_only,all,all,0.8,98,98,98,1.0,1.0,364,72,72,0.1978021978021978,0.1978021978021978,42,42,42,1.0,1.0
baseline,gemma4:12b,autonomous_depth_only,all,all,0.81,98,98,98,1.0,1.0,364,72,72,0.1978021978021978,0.1978021978021978,42,42,42,1.0,1.0
baseline,gemma4:12b,autonomous_depth_only,all,all,0.82,98,98,98,1.0,1.0,364,72,72,0.1978021978021978,0.1978021978021978,42,42,42,1.0,1.0
baseline,gemma4:12b,autonomous_depth_only,all,all,0.83,98,98,98,1.0,1.0,364,70,70,0.19230769230769232,0.19230769230769232,42,42,42,1.0,1.0
baseline,gemma4:12b,autonomous_depth_only,all,all,0.84,98,98,98,1.0,1.0,364,70,70,0.19230769230769232,0.19230769230769232,42,42,42,1.0,1.0
baseline,gemma4:12b,autonomous_depth_only,all,all,0.85,98,98,98,1.0,1.0,364,70,70,0.19230769230769232,0.19230769230769232,42,42,42,1.0,1.0
baseline,gemma4:12b,autonomous_depth_only,all,all,0.86,98,98,98,1.0,1.0,364,70,70,0.19230769230769232,0.19230769230769232,42,42,42,1.0,1.0
baseline,gemma4:12b,autonomous_depth_only,all,all,0.87,98,98,98,1.0,1.0,364,70,70,0.19230769230769232,0.19230769230769232,42,42,42,1.0,1.0
baseline,gemma4:12b,autonomous_depth_only,all,all,0.88,98,98,98,1.0,1.0,364,70,70,0.19230769230769232,0.19230769230769232,42,42,42,1.0,1.0
baseline,gemma4:12b,autonomous_depth_only,all,all,0.89,98,98,98,1.0,1.0,364,70,70,0.19230769230769232,0.19230769230769232,42,42,42,1.0,1.0
baseline,gemma4:12b,autonomous_depth_only,all,all,0.9,98,98,98,1.0,1.0,364,70,70,0.19230769230769232,0.19230769230769232,42,42,42,1.0,1.0
baseline,gemma4:12b,autonomous_depth_only,all,all,0.91,98,97,97,0.9897959183673469,0.9897959183673469,364,69,69,0.18956043956043955,0.18956043956043955,42,41,41,0.9761904761904762,0.9761904761904762
baseline,gemma4:12b,autonomous_depth_only,all,all,0.92,98,97,97,0.9897959183673469,0.9897959183673469,364,69,69,0.18956043956043955,0.18956043956043955,42,41,41,0.9761904761904762,0.9761904761904762
baseline,gemma4:12b,autonomous_depth_only,all,all,0.93,98,97,97,0.9897959183673469,0.9897959183673469,364,69,69,0.18956043956043955,0.18956043956043955,42,41,41,0.9761904761904762,0.9761904761904762
baseline,gemma4:12b,autonomous_depth_only,all,all,0.94,98,96,96,0.9795918367346939,0.9795918367346939,364,68,68,0.18681318681318682,0.18681318681318682,42,41,41,0.9761904761904762,0.9761904761904762
baseline,gemma4:12b,autonomous_depth_only,all,all,0.95,98,96,96,0.9795918367346939,0.9795918367346939,364,66,66,0.1813186813186813,0.1813186813186813,42,41,41,0.9761904761904762,0.9761904761904762
baseline,gemma4:12b,autonomous_depth_only,all,all,0.96,98,96,96,0.9795918367346939,0.9795918367346939,364,66,66,0.1813186813186813,0.1813186813186813,42,41,41,0.9761904761904762,0.9761904761904762
baseline,gemma4:12b,autonomous_depth_only,all,all,0.97,98,96,96,0.9795918367346939,0.9795918367346939,364,64,64,0.17582417582417584,0.17582417582417584,42,41,41,0.9761904761904762,0.9761904761904762
baseline,gemma4:12b,autonomous_depth_only,all,all,0.98,98,96,96,0.9795918367346939,0.9795918367346939,364,63,63,0.17307692307692307,0.17307692307692307,42,41,41,0.9761904761904762,0.9761904761904762
baseline,gemma4:12b,autonomous_depth_only,all,all,0.99,98,96,96,0.9795918367346939,0.9795918367346939,364,59,59,0.1620879120879121,0.1620879120879121,42,41,41,0.9761904761904762,0.9761904761904762
baseline,gemma4:12b,autonomous_depth_only,all,all,0.995,98,96,96,0.9795918367346939,0.9795918367346939,364,53,53,0.14560439560439561,0.14560439560439561,42,41,41,0.9761904761904762,0.9761904761904762
baseline,gemma4:12b,autonomous_depth_only,all,all,0.999,98,92,92,0.9387755102040817,0.9387755102040817,364,44,44,0.12087912087912088,0.12087912087912088,42,38,38,0.9047619047619048,0.9047619047619048
baseline,gemma4:12b,autonomous_depth_only,all,all,0.9999,98,81,81,0.826530612244898,0.826530612244898,364,26,26,0.07142857142857142,0.07142857142857142,42,35,35,0.8333333333333334,0.8333333333333334
baseline,gemma4:12b,autonomous_depth_only,all,all,0.99999,98,54,54,0.5510204081632653,0.5510204081632653,364,3,3,0.008241758241758242,0.008241758241758242,42,21,21,0.5,0.5
baseline,gemma4:12b,autonomous_depth_only,all,all,0.999999,98,0,0,0.0,0.0,364,0,0,0.0,0.0,42,0,0,0.0,0.0
baseline,gemma4:12b,autonomous_depth_only,all,all,1.0,98,0,0,0.0,0.0,364,0,0,0.0,0.0,42,0,0,0.0,0.0
family_ablation,gemma4:12b,all_crops,original,all,0.0,25,25,25,1.0,1.0,96,96,96,1.0,1.0,11,11,11,1.0,1.0
family_ablation,gemma4:12b,all_crops,original,all,0.01,25,25,25,1.0,1.0,96,10,10,0.10416666666666667,0.10416666666666667,11,11,11,1.0,1.0
family_ablation,gemma4:12b,all_crops,original,all,0.02,25,25,25,1.0,1.0,96,10,10,0.10416666666666667,0.10416666666666667,11,11,11,1.0,1.0
family_ablation,gemma4:12b,all_crops,original,all,0.03,25,25,25,1.0,1.0,96,10,10,0.10416666666666667,0.10416666666666667,11,11,11,1.0,1.0
family_ablation,gemma4:12b,all_crops,original,all,0.04,25,25,25,1.0,1.0,96,10,10,0.10416666666666667,0.10416666666666667,11,11,11,1.0,1.0
family_ablation,gemma4:12b,all_crops,original,all,0.05,25,25,25,1.0,1.0,96,10,10,0.10416666666666667,0.10416666666666667,11,11,11,1.0,1.0
family_ablation,gemma4:12b,all_crops,original,all,0.06,25,25,25,1.0,1.0,96,8,8,0.08333333333333333,0.08333333333333333,11,11,11,1.0,1.0
family_ablation,gemma4:12b,all_crops,original,all,0.07,25,25,25,1.0,1.0,96,7,7,0.07291666666666667,0.07291666666666667,11,11,11,1.0,1.0
family_ablation,gemma4:12b,all_crops,original,all,0.08,25,25,25,1.0,1.0,96,7,7,0.07291666666666667,0.07291666666666667,11,11,11,1.0,1.0
family_ablation,gemma4:12b,all_crops,original,all,0.09,25,25,25,1.0,1.0,96,7,7,0.07291666666666667,0.07291666666666667,11,11,11,1.0,1.0
family_ablation,gemma4:12b,all_crops,original,all,0.1,25,25,25,1.0,1.0,96,7,7,0.07291666666666667,0.07291666666666667,11,11,11,1.0,1.0
family_ablation,gemma4:12b,all_crops,original,all,0.11,25,25,25,1.0,1.0,96,7,7,0.07291666666666667,0.07291666666666667,11,11,11,1.0,1.0
family_ablation,gemma4:12b,all_crops,original,all,0.12,25,25,25,1.0,1.0,96,7,7,0.07291666666666667,0.07291666666666667,11,11,11,1.0,1.0
family_ablation,gemma4:12b,all_crops,original,all,0.13,25,25,25,1.0,1.0,96,7,7,0.07291666666666667,0.07291666666666667,11,11,11,1.0,1.0
family_ablation,gemma4:12b,all_crops,original,all,0.14,25,25,25,1.0,1.0,96,7,7,0.07291666666666667,0.07291666666666667,11,11,11,1.0,1.0
family_ablation,gemma4:12b,all_crops,original,all,0.15,25,25,25,1.0,1.0,96,7,7,0.07291666666666667,0.07291666666666667,11,11,11,1.0,1.0
family_ablation,gemma4:12b,all_crops,original,all,0.16,25,25,25,1.0,1.0,96,7,7,0.07291666666666667,0.07291666666666667,11,11,11,1.0,1.0
family_ablation,gemma4:12b,all_crops,original,all,0.17,25,25,25,1.0,1.0,96,7,7,0.07291666666666667,0.07291666666666667,11,11,11,1.0,1.0
family_ablation,gemma4:12b,all_crops,original,all,0.18,25,25,25,1.0,1.0,96,7,7,0.07291666666666667,0.07291666666666667,11,11,11,1.0,1.0
family_ablation,gemma4:12b,all_crops,original,all,0.19,25,25,25,1.0,1.0,96,7,7,0.07291666666666667,0.07291666666666667,11,11,11,1.0,1.0
family_ablation,gemma4:12b,all_crops,original,all,0.2,25,25,25,1.0,1.0,96,6,6,0.0625,0.0625,11,11,11,1.0,1.0
family_ablation,gemma4:12b,all_crops,original,all,0.21,25,25,25,1.0,1.0,96,6,6,0.0625,0.0625,11,11,11,1.0,1.0
family_ablation,gemma4:12b,all_crops,original,all,0.22,25,25,25,1.0,1.0,96,6,6,0.0625,0.0625,11,11,11,1.0,1.0
family_ablation,gemma4:12b,all_crops,original,all,0.23,25,25,25,1.0,1.0,96,6,6,0.0625,0.0625,11,11,11,1.0,1.0
family_ablation,gemma4:12b,all_crops,original,all,0.24,25,25,25,1.0,1.0,96,6,6,0.0625,0.0625,11,11,11,1.0,1.0
family_ablation,gemma4:12b,all_crops,original,all,0.25,25,25,25,1.0,1.0,96,6,6,0.0625,0.0625,11,11,11,1.0,1.0
family_ablation,gemma4:12b,all_crops,original,all,0.26,25,25,25,1.0,1.0,96,6,6,0.0625,0.0625,11,11,11,1.0,1.0
family_ablation,gemma4:12b,all_crops,original,all,0.27,25,25,25,1.0,1.0,96,6,6,0.0625,0.0625,11,11,11,1.0,1.0
family_ablation,gemma4:12b,all_crops,original,all,0.28,25,25,25,1.0,1.0,96,6,6,0.0625,0.0625,11,11,11,1.0,1.0
family_ablation,gemma4:12b,all_crops,original,all,0.29,25,25,25,1.0,1.0,96,5,5,0.052083333333333336,0.052083333333333336,11,11,11,1.0,1.0
family_ablation,gemma4:12b,all_crops,original,all,0.3,25,25,25,1.0,1.0,96,5,5,0.052083333333333336,0.052083333333333336,11,11,11,1.0,1.0
family_ablation,gemma4:12b,all_crops,original,all,0.31,25,25,25,1.0,1.0,96,5,5,0.052083333333333336,0.052083333333333336,11,11,11,1.0,1.0
family_ablation,gemma4:12b,all_crops,original,all,0.32,25,25,25,1.0,1.0,96,5,5,0.052083333333333336,0.052083333333333336,11,11,11,1.0,1.0
family_ablation,gemma4:12b,all_crops,original,all,0.33,25,25,25,1.0,1.0,96,5,5,0.052083333333333336,0.052083333333333336,11,11,11,1.0,1.0
family_ablation,gemma4:12b,all_crops,original,all,0.34,25,25,25,1.0,1.0,96,5,5,0.052083333333333336,0.052083333333333336,11,11,11,1.0,1.0
family_ablation,gemma4:12b,all_crops,original,all,0.35,25,25,25,1.0,1.0,96,5,5,0.052083333333333336,0.052083333333333336,11,11,11,1.0,1.0
family_ablation,gemma4:12b,all_crops,original,all,0.36,25,25,25,1.0,1.0,96,5,5,0.052083333333333336,0.052083333333333336,11,11,11,1.0,1.0
family_ablation,gemma4:12b,all_crops,original,all,0.37,25,25,25,1.0,1.0,96,5,5,0.052083333333333336,0.052083333333333336,11,11,11,1.0,1.0
family_ablation,gemma4:12b,all_crops,original,all,0.38,25,25,25,1.0,1.0,96,5,5,0.052083333333333336,0.052083333333333336,11,11,11,1.0,1.0
family_ablation,gemma4:12b,all_crops,original,all,0.39,25,25,25,1.0,1.0,96,5,5,0.052083333333333336,0.052083333333333336,11,11,11,1.0,1.0
family_ablation,gemma4:12b,all_crops,original,all,0.4,25,25,25,1.0,1.0,96,5,5,0.052083333333333336,0.052083333333333336,11,11,11,1.0,1.0
family_ablation,gemma4:12b,all_crops,original,all,0.41,25,25,25,1.0,1.0,96,5,5,0.052083333333333336,0.052083333333333336,11,11,11,1.0,1.0
family_ablation,gemma4:12b,all_crops,original,all,0.42,25,25,25,1.0,1.0,96,5,5,0.052083333333333336,0.052083333333333336,11,11,11,1.0,1.0
family_ablation,gemma4:12b,all_crops,original,all,0.43,25,25,25,1.0,1.0,96,5,5,0.052083333333333336,0.052083333333333336,11,11,11,1.0,1.0
family_ablation,gemma4:12b,all_crops,original,all,0.44,25,25,25,1.0,1.0,96,5,5,0.052083333333333336,0.052083333333333336,11,11,11,1.0,1.0
family_ablation,gemma4:12b,all_crops,original,all,0.45,25,25,25,1.0,1.0,96,5,5,0.052083333333333336,0.052083333333333336,11,11,11,1.0,1.0
family_ablation,gemma4:12b,all_crops,original,all,0.46,25,25,25,1.0,1.0,96,5,5,0.052083333333333336,0.052083333333333336,11,11,11,1.0,1.0
family_ablation,gemma4:12b,all_crops,original,all,0.47,25,25,25,1.0,1.0,96,5,5,0.052083333333333336,0.052083333333333336,11,11,11,1.0,1.0
family_ablation,gemma4:12b,all_crops,original,all,0.48,25,25,25,1.0,1.0,96,5,5,0.052083333333333336,0.052083333333333336,11,11,11,1.0,1.0
family_ablation,gemma4:12b,all_crops,original,all,0.49,25,25,25,1.0,1.0,96,5,5,0.052083333333333336,0.052083333333333336,11,11,11,1.0,1.0
family_ablation,gemma4:12b,all_crops,original,all,0.5,25,25,25,1.0,1.0,96,5,5,0.052083333333333336,0.052083333333333336,11,11,11,1.0,1.0
family_ablation,gemma4:12b,all_crops,original,all,0.51,25,25,25,1.0,1.0,96,5,5,0.052083333333333336,0.052083333333333336,11,11,11,1.0,1.0
family_ablation,gemma4:12b,all_crops,original,all,0.52,25,25,25,1.0,1.0,96,5,5,0.052083333333333336,0.052083333333333336,11,11,11,1.0,1.0
family_ablation,gemma4:12b,all_crops,original,all,0.53,25,25,25,1.0,1.0,96,5,5,0.052083333333333336,0.052083333333333336,11,11,11,1.0,1.0
family_ablation,gemma4:12b,all_crops,original,all,0.54,25,25,25,1.0,1.0,96,5,5,0.052083333333333336,0.052083333333333336,11,11,11,1.0,1.0
family_ablation,gemma4:12b,all_crops,original,all,0.55,25,25,25,1.0,1.0,96,5,5,0.052083333333333336,0.052083333333333336,11,11,11,1.0,1.0
family_ablation,gemma4:12b,all_crops,original,all,0.56,25,25,25,1.0,1.0,96,5,5,0.052083333333333336,0.052083333333333336,11,11,11,1.0,1.0
family_ablation,gemma4:12b,all_crops,original,all,0.57,25,25,25,1.0,1.0,96,5,5,0.052083333333333336,0.052083333333333336,11,11,11,1.0,1.0
family_ablation,gemma4:12b,all_crops,original,all,0.58,25,25,25,1.0,1.0,96,5,5,0.052083333333333336,0.052083333333333336,11,11,11,1.0,1.0
family_ablation,gemma4:12b,all_crops,original,all,0.59,25,25,25,1.0,1.0,96,5,5,0.052083333333333336,0.052083333333333336,11,11,11,1.0,1.0
family_ablation,gemma4:12b,all_crops,original,all,0.6,25,25,25,1.0,1.0,96,5,5,0.052083333333333336,0.052083333333333336,11,11,11,1.0,1.0
family_ablation,gemma4:12b,all_crops,original,all,0.61,25,25,25,1.0,1.0,96,5,5,0.052083333333333336,0.052083333333333336,11,11,11,1.0,1.0
family_ablation,gemma4:12b,all_crops,original,all,0.62,25,25,25,1.0,1.0,96,5,5,0.052083333333333336,0.052083333333333336,11,11,11,1.0,1.0
family_ablation,gemma4:12b,all_crops,original,all,0.63,25,25,25,1.0,1.0,96,5,5,0.052083333333333336,0.052083333333333336,11,11,11,1.0,1.0
family_ablation,gemma4:12b,all_crops,original,all,0.64,25,25,25,1.0,1.0,96,5,5,0.052083333333333336,0.052083333333333336,11,11,11,1.0,1.0
family_ablation,gemma4:12b,all_crops,original,all,0.65,25,25,25,1.0,1.0,96,5,5,0.052083333333333336,0.052083333333333336,11,11,11,1.0,1.0
family_ablation,gemma4:12b,all_crops,original,all,0.66,25,25,25,1.0,1.0,96,5,5,0.052083333333333336,0.052083333333333336,11,11,11,1.0,1.0
family_ablation,gemma4:12b,all_crops,original,all,0.67,25,25,25,1.0,1.0,96,5,5,0.052083333333333336,0.052083333333333336,11,11,11,1.0,1.0
family_ablation,gemma4:12b,all_crops,original,all,0.68,25,25,25,1.0,1.0,96,5,5,0.052083333333333336,0.052083333333333336,11,11,11,1.0,1.0
family_ablation,gemma4:12b,all_crops,original,all,0.69,25,25,25,1.0,1.0,96,4,4,0.041666666666666664,0.041666666666666664,11,11,11,1.0,1.0
family_ablation,gemma4:12b,all_crops,original,all,0.7,25,25,25,1.0,1.0,96,4,4,0.041666666666666664,0.041666666666666664,11,11,11,1.0,1.0
family_ablation,gemma4:12b,all_crops,original,all,0.71,25,25,25,1.0,1.0,96,4,4,0.041666666666666664,0.041666666666666664,11,11,11,1.0,1.0
family_ablation,gemma4:12b,all_crops,original,all,0.72,25,25,25,1.0,1.0,96,4,4,0.041666666666666664,0.041666666666666664,11,11,11,1.0,1.0
family_ablation,gemma4:12b,all_crops,original,all,0.73,25,25,25,1.0,1.0,96,4,4,0.041666666666666664,0.041666666666666664,11,11,11,1.0,1.0
family_ablation,gemma4:12b,all_crops,original,all,0.74,25,25,25,1.0,1.0,96,4,4,0.041666666666666664,0.041666666666666664,11,11,11,1.0,1.0
family_ablation,gemma4:12b,all_crops,original,all,0.75,25,25,25,1.0,1.0,96,4,4,0.041666666666666664,0.041666666666666664,11,11,11,1.0,1.0
family_ablation,gemma4:12b,all_crops,original,all,0.76,25,25,25,1.0,1.0,96,4,4,0.041666666666666664,0.041666666666666664,11,11,11,1.0,1.0
family_ablation,gemma4:12b,all_crops,original,all,0.77,25,25,25,1.0,1.0,96,4,4,0.041666666666666664,0.041666666666666664,11,11,11,1.0,1.0
family_ablation,gemma4:12b,all_crops,original,all,0.78,25,25,25,1.0,1.0,96,4,4,0.041666666666666664,0.041666666666666664,11,11,11,1.0,1.0
family_ablation,gemma4:12b,all_crops,original,all,0.79,25,25,25,1.0,1.0,96,4,4,0.041666666666666664,0.041666666666666664,11,11,11,1.0,1.0
family_ablation,gemma4:12b,all_crops,original,all,0.8,25,25,25,1.0,1.0,96,4,4,0.041666666666666664,0.041666666666666664,11,11,11,1.0,1.0
family_ablation,gemma4:12b,all_crops,original,all,0.81,25,25,25,1.0,1.0,96,4,4,0.041666666666666664,0.041666666666666664,11,11,11,1.0,1.0
family_ablation,gemma4:12b,all_crops,original,all,0.82,25,25,25,1.0,1.0,96,4,4,0.041666666666666664,0.041666666666666664,11,11,11,1.0,1.0
family_ablation,gemma4:12b,all_crops,original,all,0.83,25,25,25,1.0,1.0,96,4,4,0.041666666666666664,0.041666666666666664,11,11,11,1.0,1.0
family_ablation,gemma4:12b,all_crops,original,all,0.84,25,25,25,1.0,1.0,96,4,4,0.041666666666666664,0.041666666666666664,11,11,11,1.0,1.0
family_ablation,gemma4:12b,all_crops,original,all,0.85,25,25,25,1.0,1.0,96,4,4,0.041666666666666664,0.041666666666666664,11,11,11,1.0,1.0
family_ablation,gemma4:12b,all_crops,original,all,0.86,25,25,25,1.0,1.0,96,4,4,0.041666666666666664,0.041666666666666664,11,11,11,1.0,1.0
family_ablation,gemma4:12b,all_crops,original,all,0.87,25,25,25,1.0,1.0,96,4,4,0.041666666666666664,0.041666666666666664,11,11,11,1.0,1.0
family_ablation,gemma4:12b,all_crops,original,all,0.88,25,25,25,1.0,1.0,96,4,4,0.041666666666666664,0.041666666666666664,11,11,11,1.0,1.0
family_ablation,gemma4:12b,all_crops,original,all,0.89,25,25,25,1.0,1.0,96,4,4,0.041666666666666664,0.041666666666666664,11,11,11,1.0,1.0
family_ablation,gemma4:12b,all_crops,original,all,0.9,25,25,25,1.0,1.0,96,4,4,0.041666666666666664,0.041666666666666664,11,11,11,1.0,1.0
family_ablation,gemma4:12b,all_crops,original,all,0.91,25,25,25,1.0,1.0,96,4,4,0.041666666666666664,0.041666666666666664,11,11,11,1.0,1.0
family_ablation,gemma4:12b,all_crops,original,all,0.92,25,25,25,1.0,1.0,96,4,4,0.041666666666666664,0.041666666666666664,11,11,11,1.0,1.0
family_ablation,gemma4:12b,all_crops,original,all,0.93,25,25,25,1.0,1.0,96,4,4,0.041666666666666664,0.041666666666666664,11,11,11,1.0,1.0
family_ablation,gemma4:12b,all_crops,original,all,0.94,25,25,25,1.0,1.0,96,4,4,0.041666666666666664,0.041666666666666664,11,11,11,1.0,1.0
family_ablation,gemma4:12b,all_crops,original,all,0.95,25,25,25,1.0,1.0,96,4,4,0.041666666666666664,0.041666666666666664,11,11,11,1.0,1.0
family_ablation,gemma4:12b,all_crops,original,all,0.96,25,25,25,1.0,1.0,96,4,4,0.041666666666666664,0.041666666666666664,11,11,11,1.0,1.0
family_ablation,gemma4:12b,all_crops,original,all,0.97,25,25,25,1.0,1.0,96,4,4,0.041666666666666664,0.041666666666666664,11,11,11,1.0,1.0
family_ablation,gemma4:12b,all_crops,original,all,0.98,25,25,25,1.0,1.0,96,4,4,0.041666666666666664,0.041666666666666664,11,11,11,1.0,1.0
family_ablation,gemma4:12b,all_crops,original,all,0.99,25,25,25,1.0,1.0,96,4,4,0.041666666666666664,0.041666666666666664,11,11,11,1.0,1.0
family_ablation,gemma4:12b,all_crops,original,all,0.995,25,25,25,1.0,1.0,96,4,4,0.041666666666666664,0.041666666666666664,11,11,11,1.0,1.0
family_ablation,gemma4:12b,all_crops,original,all,0.999,25,25,25,1.0,1.0,96,3,3,0.03125,0.03125,11,11,11,1.0,1.0
family_ablation,gemma4:12b,all_crops,original,all,0.9999,25,25,25,1.0,1.0,96,2,2,0.020833333333333332,0.020833333333333332,11,11,11,1.0,1.0
family_ablation,gemma4:12b,all_crops,original,all,0.99999,25,22,22,0.88,0.88,96,1,1,0.010416666666666666,0.010416666666666666,11,9,9,0.8181818181818182,0.8181818181818182
family_ablation,gemma4:12b,all_crops,original,all,0.999999,25,0,0,0.0,0.0,96,0,0,0.0,0.0,11,0,0,0.0,0.0
family_ablation,gemma4:12b,all_crops,original,all,1.0,25,0,0,0.0,0.0,96,0,0,0.0,0.0,11,0,0,0.0,0.0
family_ablation,gemma4:12b,all_crops,state_101,all,0.0,25,25,25,1.0,1.0,96,96,96,1.0,1.0,11,11,11,1.0,1.0
family_ablation,gemma4:12b,all_crops,state_101,all,0.01,25,25,25,1.0,1.0,96,12,12,0.125,0.125,11,11,11,1.0,1.0
family_ablation,gemma4:12b,all_crops,state_101,all,0.02,25,25,25,1.0,1.0,96,12,12,0.125,0.125,11,11,11,1.0,1.0
family_ablation,gemma4:12b,all_crops,state_101,all,0.03,25,25,25,1.0,1.0,96,12,12,0.125,0.125,11,11,11,1.0,1.0
family_ablation,gemma4:12b,all_crops,state_101,all,0.04,25,25,25,1.0,1.0,96,10,10,0.10416666666666667,0.10416666666666667,11,11,11,1.0,1.0
family_ablation,gemma4:12b,all_crops,state_101,all,0.05,25,25,25,1.0,1.0,96,9,9,0.09375,0.09375,11,11,11,1.0,1.0
family_ablation,gemma4:12b,all_crops,state_101,all,0.06,25,25,25,1.0,1.0,96,9,9,0.09375,0.09375,11,11,11,1.0,1.0
family_ablation,gemma4:12b,all_crops,state_101,all,0.07,25,25,25,1.0,1.0,96,9,9,0.09375,0.09375,11,11,11,1.0,1.0
family_ablation,gemma4:12b,all_crops,state_101,all,0.08,25,25,25,1.0,1.0,96,9,9,0.09375,0.09375,11,11,11,1.0,1.0
family_ablation,gemma4:12b,all_crops,state_101,all,0.09,25,25,25,1.0,1.0,96,9,9,0.09375,0.09375,11,11,11,1.0,1.0
family_ablation,gemma4:12b,all_crops,state_101,all,0.1,25,25,25,1.0,1.0,96,9,9,0.09375,0.09375,11,11,11,1.0,1.0
family_ablation,gemma4:12b,all_crops,state_101,all,0.11,25,25,25,1.0,1.0,96,9,9,0.09375,0.09375,11,11,11,1.0,1.0
family_ablation,gemma4:12b,all_crops,state_101,all,0.12,25,25,25,1.0,1.0,96,9,9,0.09375,0.09375,11,11,11,1.0,1.0
family_ablation,gemma4:12b,all_crops,state_101,all,0.13,25,25,25,1.0,1.0,96,9,9,0.09375,0.09375,11,11,11,1.0,1.0
family_ablation,gemma4:12b,all_crops,state_101,all,0.14,25,25,25,1.0,1.0,96,9,9,0.09375,0.09375,11,11,11,1.0,1.0
family_ablation,gemma4:12b,all_crops,state_101,all,0.15,25,25,25,1.0,1.0,96,9,9,0.09375,0.09375,11,11,11,1.0,1.0
family_ablation,gemma4:12b,all_crops,state_101,all,0.16,25,25,25,1.0,1.0,96,9,9,0.09375,0.09375,11,11,11,1.0,1.0
family_ablation,gemma4:12b,all_crops,state_101,all,0.17,25,25,25,1.0,1.0,96,9,9,0.09375,0.09375,11,11,11,1.0,1.0
family_ablation,gemma4:12b,all_crops,state_101,all,0.18,25,25,25,1.0,1.0,96,9,9,0.09375,0.09375,11,11,11,1.0,1.0
family_ablation,gemma4:12b,all_crops,state_101,all,0.19,25,25,25,1.0,1.0,96,9,9,0.09375,0.09375,11,11,11,1.0,1.0
family_ablation,gemma4:12b,all_crops,state_101,all,0.2,25,25,25,1.0,1.0,96,9,9,0.09375,0.09375,11,11,11,1.0,1.0
family_ablation,gemma4:12b,all_crops,state_101,all,0.21,25,25,25,1.0,1.0,96,9,9,0.09375,0.09375,11,11,11,1.0,1.0
family_ablation,gemma4:12b,all_crops,state_101,all,0.22,25,25,25,1.0,1.0,96,9,9,0.09375,0.09375,11,11,11,1.0,1.0
family_ablation,gemma4:12b,all_crops,state_101,all,0.23,25,25,25,1.0,1.0,96,9,9,0.09375,0.09375,11,11,11,1.0,1.0
family_ablation,gemma4:12b,all_crops,state_101,all,0.24,25,25,25,1.0,1.0,96,9,9,0.09375,0.09375,11,11,11,1.0,1.0
family_ablation,gemma4:12b,all_crops,state_101,all,0.25,25,25,25,1.0,1.0,96,9,9,0.09375,0.09375,11,11,11,1.0,1.0
family_ablation,gemma4:12b,all_crops,state_101,all,0.26,25,25,25,1.0,1.0,96,9,9,0.09375,0.09375,11,11,11,1.0,1.0
family_ablation,gemma4:12b,all_crops,state_101,all,0.27,25,25,25,1.0,1.0,96,9,9,0.09375,0.09375,11,11,11,1.0,1.0
family_ablation,gemma4:12b,all_crops,state_101,all,0.28,25,25,25,1.0,1.0,96,9,9,0.09375,0.09375,11,11,11,1.0,1.0
family_ablation,gemma4:12b,all_crops,state_101,all,0.29,25,25,25,1.0,1.0,96,9,9,0.09375,0.09375,11,11,11,1.0,1.0
family_ablation,gemma4:12b,all_crops,state_101,all,0.3,25,25,25,1.0,1.0,96,9,9,0.09375,0.09375,11,11,11,1.0,1.0
family_ablation,gemma4:12b,all_crops,state_101,all,0.31,25,25,25,1.0,1.0,96,9,9,0.09375,0.09375,11,11,11,1.0,1.0
family_ablation,gemma4:12b,all_crops,state_101,all,0.32,25,25,25,1.0,1.0,96,9,9,0.09375,0.09375,11,11,11,1.0,1.0
family_ablation,gemma4:12b,all_crops,state_101,all,0.33,25,25,25,1.0,1.0,96,9,9,0.09375,0.09375,11,11,11,1.0,1.0
family_ablation,gemma4:12b,all_crops,state_101,all,0.34,25,25,25,1.0,1.0,96,9,9,0.09375,0.09375,11,11,11,1.0,1.0
family_ablation,gemma4:12b,all_crops,state_101,all,0.35,25,25,25,1.0,1.0,96,9,9,0.09375,0.09375,11,11,11,1.0,1.0
family_ablation,gemma4:12b,all_crops,state_101,all,0.36,25,25,25,1.0,1.0,96,9,9,0.09375,0.09375,11,11,11,1.0,1.0
family_ablation,gemma4:12b,all_crops,state_101,all,0.37,25,25,25,1.0,1.0,96,9,9,0.09375,0.09375,11,11,11,1.0,1.0
family_ablation,gemma4:12b,all_crops,state_101,all,0.38,25,25,25,1.0,1.0,96,9,9,0.09375,0.09375,11,11,11,1.0,1.0
family_ablation,gemma4:12b,all_crops,state_101,all,0.39,25,25,25,1.0,1.0,96,9,9,0.09375,0.09375,11,11,11,1.0,1.0
family_ablation,gemma4:12b,all_crops,state_101,all,0.4,25,25,25,1.0,1.0,96,9,9,0.09375,0.09375,11,11,11,1.0,1.0
family_ablation,gemma4:12b,all_crops,state_101,all,0.41,25,25,25,1.0,1.0,96,9,9,0.09375,0.09375,11,11,11,1.0,1.0
family_ablation,gemma4:12b,all_crops,state_101,all,0.42,25,25,25,1.0,1.0,96,9,9,0.09375,0.09375,11,11,11,1.0,1.0
family_ablation,gemma4:12b,all_crops,state_101,all,0.43,25,25,25,1.0,1.0,96,8,8,0.08333333333333333,0.08333333333333333,11,11,11,1.0,1.0
family_ablation,gemma4:12b,all_crops,state_101,all,0.44,25,25,25,1.0,1.0,96,8,8,0.08333333333333333,0.08333333333333333,11,11,11,1.0,1.0
family_ablation,gemma4:12b,all_crops,state_101,all,0.45,25,25,25,1.0,1.0,96,8,8,0.08333333333333333,0.08333333333333333,11,11,11,1.0,1.0
family_ablation,gemma4:12b,all_crops,state_101,all,0.46,25,25,25,1.0,1.0,96,8,8,0.08333333333333333,0.08333333333333333,11,11,11,1.0,1.0
family_ablation,gemma4:12b,all_crops,state_101,all,0.47,25,25,25,1.0,1.0,96,8,8,0.08333333333333333,0.08333333333333333,11,11,11,1.0,1.0
family_ablation,gemma4:12b,all_crops,state_101,all,0.48,25,25,25,1.0,1.0,96,8,8,0.08333333333333333,0.08333333333333333,11,11,11,1.0,1.0
family_ablation,gemma4:12b,all_crops,state_101,all,0.49,25,25,25,1.0,1.0,96,8,8,0.08333333333333333,0.08333333333333333,11,11,11,1.0,1.0
family_ablation,gemma4:12b,all_crops,state_101,all,0.5,25,25,25,1.0,1.0,96,8,8,0.08333333333333333,0.08333333333333333,11,11,11,1.0,1.0
family_ablation,gemma4:12b,all_crops,state_101,all,0.51,25,25,25,1.0,1.0,96,8,8,0.08333333333333333,0.08333333333333333,11,11,11,1.0,1.0
family_ablation,gemma4:12b,all_crops,state_101,all,0.52,25,25,25,1.0,1.0,96,8,8,0.08333333333333333,0.08333333333333333,11,11,11,1.0,1.0
family_ablation,gemma4:12b,all_crops,state_101,all,0.53,25,25,25,1.0,1.0,96,8,8,0.08333333333333333,0.08333333333333333,11,11,11,1.0,1.0
family_ablation,gemma4:12b,all_crops,state_101,all,0.54,25,25,25,1.0,1.0,96,8,8,0.08333333333333333,0.08333333333333333,11,11,11,1.0,1.0
family_ablation,gemma4:12b,all_crops,state_101,all,0.55,25,25,25,1.0,1.0,96,8,8,0.08333333333333333,0.08333333333333333,11,11,11,1.0,1.0
family_ablation,gemma4:12b,all_crops,state_101,all,0.56,25,25,25,1.0,1.0,96,8,8,0.08333333333333333,0.08333333333333333,11,11,11,1.0,1.0
family_ablation,gemma4:12b,all_crops,state_101,all,0.57,25,25,25,1.0,1.0,96,8,8,0.08333333333333333,0.08333333333333333,11,11,11,1.0,1.0
family_ablation,gemma4:12b,all_crops,state_101,all,0.58,25,25,25,1.0,1.0,96,8,8,0.08333333333333333,0.08333333333333333,11,11,11,1.0,1.0
family_ablation,gemma4:12b,all_crops,state_101,all,0.59,25,25,25,1.0,1.0,96,8,8,0.08333333333333333,0.08333333333333333,11,11,11,1.0,1.0
family_ablation,gemma4:12b,all_crops,state_101,all,0.6,25,25,25,1.0,1.0,96,8,8,0.08333333333333333,0.08333333333333333,11,11,11,1.0,1.0
family_ablation,gemma4:12b,all_crops,state_101,all,0.61,25,25,25,1.0,1.0,96,8,8,0.08333333333333333,0.08333333333333333,11,11,11,1.0,1.0
family_ablation,gemma4:12b,all_crops,state_101,all,0.62,25,25,25,1.0,1.0,96,8,8,0.08333333333333333,0.08333333333333333,11,11,11,1.0,1.0
family_ablation,gemma4:12b,all_crops,state_101,all,0.63,25,25,25,1.0,1.0,96,8,8,0.08333333333333333,0.08333333333333333,11,11,11,1.0,1.0
family_ablation,gemma4:12b,all_crops,state_101,all,0.64,25,25,25,1.0,1.0,96,8,8,0.08333333333333333,0.08333333333333333,11,11,11,1.0,1.0
family_ablation,gemma4:12b,all_crops,state_101,all,0.65,25,25,25,1.0,1.0,96,8,8,0.08333333333333333,0.08333333333333333,11,11,11,1.0,1.0
family_ablation,gemma4:12b,all_crops,state_101,all,0.66,25,25,25,1.0,1.0,96,8,8,0.08333333333333333,0.08333333333333333,11,11,11,1.0,1.0
family_ablation,gemma4:12b,all_crops,state_101,all,0.67,25,25,25,1.0,1.0,96,8,8,0.08333333333333333,0.08333333333333333,11,11,11,1.0,1.0
family_ablation,gemma4:12b,all_crops,state_101,all,0.68,25,25,25,1.0,1.0,96,8,8,0.08333333333333333,0.08333333333333333,11,11,11,1.0,1.0
family_ablation,gemma4:12b,all_crops,state_101,all,0.69,25,25,25,1.0,1.0,96,8,8,0.08333333333333333,0.08333333333333333,11,11,11,1.0,1.0
family_ablation,gemma4:12b,all_crops,state_101,all,0.7,25,25,25,1.0,1.0,96,8,8,0.08333333333333333,0.08333333333333333,11,11,11,1.0,1.0
family_ablation,gemma4:12b,all_crops,state_101,all,0.71,25,25,25,1.0,1.0,96,8,8,0.08333333333333333,0.08333333333333333,11,11,11,1.0,1.0
family_ablation,gemma4:12b,all_crops,state_101,all,0.72,25,25,25,1.0,1.0,96,8,8,0.08333333333333333,0.08333333333333333,11,11,11,1.0,1.0
family_ablation,gemma4:12b,all_crops,state_101,all,0.73,25,25,25,1.0,1.0,96,8,8,0.08333333333333333,0.08333333333333333,11,11,11,1.0,1.0
family_ablation,gemma4:12b,all_crops,state_101,all,0.74,25,25,25,1.0,1.0,96,7,7,0.07291666666666667,0.07291666666666667,11,11,11,1.0,1.0
family_ablation,gemma4:12b,all_crops,state_101,all,0.75,25,25,25,1.0,1.0,96,7,7,0.07291666666666667,0.07291666666666667,11,11,11,1.0,1.0
family_ablation,gemma4:12b,all_crops,state_101,all,0.76,25,25,25,1.0,1.0,96,7,7,0.07291666666666667,0.07291666666666667,11,11,11,1.0,1.0
family_ablation,gemma4:12b,all_crops,state_101,all,0.77,25,25,25,1.0,1.0,96,6,6,0.0625,0.0625,11,11,11,1.0,1.0
family_ablation,gemma4:12b,all_crops,state_101,all,0.78,25,25,25,1.0,1.0,96,6,6,0.0625,0.0625,11,11,11,1.0,1.0
family_ablation,gemma4:12b,all_crops,state_101,all,0.79,25,25,25,1.0,1.0,96,4,4,0.041666666666666664,0.041666666666666664,11,11,11,1.0,1.0
family_ablation,gemma4:12b,all_crops,state_101,all,0.8,25,25,25,1.0,1.0,96,4,4,0.041666666666666664,0.041666666666666664,11,11,11,1.0,1.0
family_ablation,gemma4:12b,all_crops,state_101,all,0.81,25,25,25,1.0,1.0,96,4,4,0.041666666666666664,0.041666666666666664,11,11,11,1.0,1.0
family_ablation,gemma4:12b,all_crops,state_101,all,0.82,25,25,25,1.0,1.0,96,4,4,0.041666666666666664,0.041666666666666664,11,11,11,1.0,1.0
family_ablation,gemma4:12b,all_crops,state_101,all,0.83,25,25,25,1.0,1.0,96,4,4,0.041666666666666664,0.041666666666666664,11,11,11,1.0,1.0
family_ablation,gemma4:12b,all_crops,state_101,all,0.84,25,25,25,1.0,1.0,96,4,4,0.041666666666666664,0.041666666666666664,11,11,11,1.0,1.0
family_ablation,gemma4:12b,all_crops,state_101,all,0.85,25,25,25,1.0,1.0,96,4,4,0.041666666666666664,0.041666666666666664,11,11,11,1.0,1.0
family_ablation,gemma4:12b,all_crops,state_101,all,0.86,25,25,25,1.0,1.0,96,4,4,0.041666666666666664,0.041666666666666664,11,11,11,1.0,1.0
family_ablation,gemma4:12b,all_crops,state_101,all,0.87,25,25,25,1.0,1.0,96,4,4,0.041666666666666664,0.041666666666666664,11,11,11,1.0,1.0
family_ablation,gemma4:12b,all_crops,state_101,all,0.88,25,25,25,1.0,1.0,96,4,4,0.041666666666666664,0.041666666666666664,11,11,11,1.0,1.0
family_ablation,gemma4:12b,all_crops,state_101,all,0.89,25,25,25,1.0,1.0,96,4,4,0.041666666666666664,0.041666666666666664,11,11,11,1.0,1.0
family_ablation,gemma4:12b,all_crops,state_101,all,0.9,25,25,25,1.0,1.0,96,4,4,0.041666666666666664,0.041666666666666664,11,11,11,1.0,1.0
family_ablation,gemma4:12b,all_crops,state_101,all,0.91,25,25,25,1.0,1.0,96,3,3,0.03125,0.03125,11,11,11,1.0,1.0
family_ablation,gemma4:12b,all_crops,state_101,all,0.92,25,25,25,1.0,1.0,96,3,3,0.03125,0.03125,11,11,11,1.0,1.0
family_ablation,gemma4:12b,all_crops,state_101,all,0.93,25,25,25,1.0,1.0,96,3,3,0.03125,0.03125,11,11,11,1.0,1.0
family_ablation,gemma4:12b,all_crops,state_101,all,0.94,25,25,25,1.0,1.0,96,3,3,0.03125,0.03125,11,11,11,1.0,1.0
family_ablation,gemma4:12b,all_crops,state_101,all,0.95,25,25,25,1.0,1.0,96,3,3,0.03125,0.03125,11,11,11,1.0,1.0
family_ablation,gemma4:12b,all_crops,state_101,all,0.96,25,25,25,1.0,1.0,96,3,3,0.03125,0.03125,11,11,11,1.0,1.0
family_ablation,gemma4:12b,all_crops,state_101,all,0.97,25,25,25,1.0,1.0,96,3,3,0.03125,0.03125,11,11,11,1.0,1.0
family_ablation,gemma4:12b,all_crops,state_101,all,0.98,25,25,25,1.0,1.0,96,3,3,0.03125,0.03125,11,11,11,1.0,1.0
family_ablation,gemma4:12b,all_crops,state_101,all,0.99,25,23,23,0.92,0.92,96,3,3,0.03125,0.03125,11,10,10,0.9090909090909091,0.9090909090909091
family_ablation,gemma4:12b,all_crops,state_101,all,0.995,25,23,23,0.92,0.92,96,2,2,0.020833333333333332,0.020833333333333332,11,10,10,0.9090909090909091,0.9090909090909091
family_ablation,gemma4:12b,all_crops,state_101,all,0.999,25,23,23,0.92,0.92,96,2,2,0.020833333333333332,0.020833333333333332,11,10,10,0.9090909090909091,0.9090909090909091
family_ablation,gemma4:12b,all_crops,state_101,all,0.9999,25,23,23,0.92,0.92,96,1,1,0.010416666666666666,0.010416666666666666,11,10,10,0.9090909090909091,0.9090909090909091
family_ablation,gemma4:12b,all_crops,state_101,all,0.99999,25,20,20,0.8,0.8,96,1,1,0.010416666666666666,0.010416666666666666,11,8,8,0.7272727272727273,0.7272727272727273
family_ablation,gemma4:12b,all_crops,state_101,all,0.999999,25,0,0,0.0,0.0,96,0,0,0.0,0.0,11,0,0,0.0,0.0
family_ablation,gemma4:12b,all_crops,state_101,all,1.0,25,0,0,0.0,0.0,96,0,0,0.0,0.0,11,0,0,0.0,0.0
family_ablation,gemma4:12b,all_crops,state_202,all,0.0,25,25,25,1.0,1.0,96,96,96,1.0,1.0,11,11,11,1.0,1.0
family_ablation,gemma4:12b,all_crops,state_202,all,0.01,25,25,25,1.0,1.0,96,5,5,0.052083333333333336,0.052083333333333336,11,11,11,1.0,1.0
family_ablation,gemma4:12b,all_crops,state_202,all,0.02,25,25,25,1.0,1.0,96,5,5,0.052083333333333336,0.052083333333333336,11,11,11,1.0,1.0
family_ablation,gemma4:12b,all_crops,state_202,all,0.03,25,25,25,1.0,1.0,96,5,5,0.052083333333333336,0.052083333333333336,11,11,11,1.0,1.0
family_ablation,gemma4:12b,all_crops,state_202,all,0.04,25,25,25,1.0,1.0,96,5,5,0.052083333333333336,0.052083333333333336,11,11,11,1.0,1.0
family_ablation,gemma4:12b,all_crops,state_202,all,0.05,25,25,25,1.0,1.0,96,5,5,0.052083333333333336,0.052083333333333336,11,11,11,1.0,1.0
family_ablation,gemma4:12b,all_crops,state_202,all,0.06,25,25,25,1.0,1.0,96,5,5,0.052083333333333336,0.052083333333333336,11,11,11,1.0,1.0
family_ablation,gemma4:12b,all_crops,state_202,all,0.07,25,25,25,1.0,1.0,96,5,5,0.052083333333333336,0.052083333333333336,11,11,11,1.0,1.0
family_ablation,gemma4:12b,all_crops,state_202,all,0.08,25,25,25,1.0,1.0,96,5,5,0.052083333333333336,0.052083333333333336,11,11,11,1.0,1.0
family_ablation,gemma4:12b,all_crops,state_202,all,0.09,25,25,25,1.0,1.0,96,5,5,0.052083333333333336,0.052083333333333336,11,11,11,1.0,1.0
family_ablation,gemma4:12b,all_crops,state_202,all,0.1,25,25,25,1.0,1.0,96,5,5,0.052083333333333336,0.052083333333333336,11,11,11,1.0,1.0
family_ablation,gemma4:12b,all_crops,state_202,all,0.11,25,25,25,1.0,1.0,96,5,5,0.052083333333333336,0.052083333333333336,11,11,11,1.0,1.0
family_ablation,gemma4:12b,all_crops,state_202,all,0.12,25,25,25,1.0,1.0,96,5,5,0.052083333333333336,0.052083333333333336,11,11,11,1.0,1.0
family_ablation,gemma4:12b,all_crops,state_202,all,0.13,25,25,25,1.0,1.0,96,5,5,0.052083333333333336,0.052083333333333336,11,11,11,1.0,1.0
family_ablation,gemma4:12b,all_crops,state_202,all,0.14,25,25,25,1.0,1.0,96,5,5,0.052083333333333336,0.052083333333333336,11,11,11,1.0,1.0
family_ablation,gemma4:12b,all_crops,state_202,all,0.15,25,25,25,1.0,1.0,96,5,5,0.052083333333333336,0.052083333333333336,11,11,11,1.0,1.0
family_ablation,gemma4:12b,all_crops,state_202,all,0.16,25,25,25,1.0,1.0,96,5,5,0.052083333333333336,0.052083333333333336,11,11,11,1.0,1.0
family_ablation,gemma4:12b,all_crops,state_202,all,0.17,25,25,25,1.0,1.0,96,5,5,0.052083333333333336,0.052083333333333336,11,11,11,1.0,1.0
family_ablation,gemma4:12b,all_crops,state_202,all,0.18,25,25,25,1.0,1.0,96,5,5,0.052083333333333336,0.052083333333333336,11,11,11,1.0,1.0
family_ablation,gemma4:12b,all_crops,state_202,all,0.19,25,25,25,1.0,1.0,96,5,5,0.052083333333333336,0.052083333333333336,11,11,11,1.0,1.0
family_ablation,gemma4:12b,all_crops,state_202,all,0.2,25,25,25,1.0,1.0,96,5,5,0.052083333333333336,0.052083333333333336,11,11,11,1.0,1.0
family_ablation,gemma4:12b,all_crops,state_202,all,0.21,25,25,25,1.0,1.0,96,5,5,0.052083333333333336,0.052083333333333336,11,11,11,1.0,1.0
family_ablation,gemma4:12b,all_crops,state_202,all,0.22,25,25,25,1.0,1.0,96,5,5,0.052083333333333336,0.052083333333333336,11,11,11,1.0,1.0
family_ablation,gemma4:12b,all_crops,state_202,all,0.23,25,25,25,1.0,1.0,96,5,5,0.052083333333333336,0.052083333333333336,11,11,11,1.0,1.0
family_ablation,gemma4:12b,all_crops,state_202,all,0.24,25,25,25,1.0,1.0,96,5,5,0.052083333333333336,0.052083333333333336,11,11,11,1.0,1.0
family_ablation,gemma4:12b,all_crops,state_202,all,0.25,25,25,25,1.0,1.0,96,5,5,0.052083333333333336,0.052083333333333336,11,11,11,1.0,1.0
family_ablation,gemma4:12b,all_crops,state_202,all,0.26,25,25,25,1.0,1.0,96,5,5,0.052083333333333336,0.052083333333333336,11,11,11,1.0,1.0
family_ablation,gemma4:12b,all_crops,state_202,all,0.27,25,25,25,1.0,1.0,96,5,5,0.052083333333333336,0.052083333333333336,11,11,11,1.0,1.0
family_ablation,gemma4:12b,all_crops,state_202,all,0.28,25,25,25,1.0,1.0,96,5,5,0.052083333333333336,0.052083333333333336,11,11,11,1.0,1.0
family_ablation,gemma4:12b,all_crops,state_202,all,0.29,25,25,25,1.0,1.0,96,5,5,0.052083333333333336,0.052083333333333336,11,11,11,1.0,1.0
family_ablation,gemma4:12b,all_crops,state_202,all,0.3,25,25,25,1.0,1.0,96,5,5,0.052083333333333336,0.052083333333333336,11,11,11,1.0,1.0
family_ablation,gemma4:12b,all_crops,state_202,all,0.31,25,25,25,1.0,1.0,96,5,5,0.052083333333333336,0.052083333333333336,11,11,11,1.0,1.0
family_ablation,gemma4:12b,all_crops,state_202,all,0.32,25,25,25,1.0,1.0,96,5,5,0.052083333333333336,0.052083333333333336,11,11,11,1.0,1.0
family_ablation,gemma4:12b,all_crops,state_202,all,0.33,25,25,25,1.0,1.0,96,5,5,0.052083333333333336,0.052083333333333336,11,11,11,1.0,1.0
family_ablation,gemma4:12b,all_crops,state_202,all,0.34,25,25,25,1.0,1.0,96,5,5,0.052083333333333336,0.052083333333333336,11,11,11,1.0,1.0
family_ablation,gemma4:12b,all_crops,state_202,all,0.35,25,25,25,1.0,1.0,96,5,5,0.052083333333333336,0.052083333333333336,11,11,11,1.0,1.0
family_ablation,gemma4:12b,all_crops,state_202,all,0.36,25,25,25,1.0,1.0,96,5,5,0.052083333333333336,0.052083333333333336,11,11,11,1.0,1.0
family_ablation,gemma4:12b,all_crops,state_202,all,0.37,25,25,25,1.0,1.0,96,5,5,0.052083333333333336,0.052083333333333336,11,11,11,1.0,1.0
family_ablation,gemma4:12b,all_crops,state_202,all,0.38,25,25,25,1.0,1.0,96,5,5,0.052083333333333336,0.052083333333333336,11,11,11,1.0,1.0
family_ablation,gemma4:12b,all_crops,state_202,all,0.39,25,25,25,1.0,1.0,96,5,5,0.052083333333333336,0.052083333333333336,11,11,11,1.0,1.0
family_ablation,gemma4:12b,all_crops,state_202,all,0.4,25,25,25,1.0,1.0,96,5,5,0.052083333333333336,0.052083333333333336,11,11,11,1.0,1.0
family_ablation,gemma4:12b,all_crops,state_202,all,0.41,25,25,25,1.0,1.0,96,5,5,0.052083333333333336,0.052083333333333336,11,11,11,1.0,1.0
family_ablation,gemma4:12b,all_crops,state_202,all,0.42,25,25,25,1.0,1.0,96,5,5,0.052083333333333336,0.052083333333333336,11,11,11,1.0,1.0
family_ablation,gemma4:12b,all_crops,state_202,all,0.43,25,25,25,1.0,1.0,96,5,5,0.052083333333333336,0.052083333333333336,11,11,11,1.0,1.0
family_ablation,gemma4:12b,all_crops,state_202,all,0.44,25,25,25,1.0,1.0,96,5,5,0.052083333333333336,0.052083333333333336,11,11,11,1.0,1.0
family_ablation,gemma4:12b,all_crops,state_202,all,0.45,25,25,25,1.0,1.0,96,5,5,0.052083333333333336,0.052083333333333336,11,11,11,1.0,1.0
family_ablation,gemma4:12b,all_crops,state_202,all,0.46,25,25,25,1.0,1.0,96,5,5,0.052083333333333336,0.052083333333333336,11,11,11,1.0,1.0
family_ablation,gemma4:12b,all_crops,state_202,all,0.47,25,25,25,1.0,1.0,96,5,5,0.052083333333333336,0.052083333333333336,11,11,11,1.0,1.0
family_ablation,gemma4:12b,all_crops,state_202,all,0.48,25,25,25,1.0,1.0,96,5,5,0.052083333333333336,0.052083333333333336,11,11,11,1.0,1.0
family_ablation,gemma4:12b,all_crops,state_202,all,0.49,25,25,25,1.0,1.0,96,5,5,0.052083333333333336,0.052083333333333336,11,11,11,1.0,1.0
family_ablation,gemma4:12b,all_crops,state_202,all,0.5,25,25,25,1.0,1.0,96,5,5,0.052083333333333336,0.052083333333333336,11,11,11,1.0,1.0
family_ablation,gemma4:12b,all_crops,state_202,all,0.51,25,25,25,1.0,1.0,96,5,5,0.052083333333333336,0.052083333333333336,11,11,11,1.0,1.0
family_ablation,gemma4:12b,all_crops,state_202,all,0.52,25,25,25,1.0,1.0,96,5,5,0.052083333333333336,0.052083333333333336,11,11,11,1.0,1.0
family_ablation,gemma4:12b,all_crops,state_202,all,0.53,25,25,25,1.0,1.0,96,5,5,0.052083333333333336,0.052083333333333336,11,11,11,1.0,1.0
family_ablation,gemma4:12b,all_crops,state_202,all,0.54,25,25,25,1.0,1.0,96,5,5,0.052083333333333336,0.052083333333333336,11,11,11,1.0,1.0
family_ablation,gemma4:12b,all_crops,state_202,all,0.55,25,25,25,1.0,1.0,96,5,5,0.052083333333333336,0.052083333333333336,11,11,11,1.0,1.0
family_ablation,gemma4:12b,all_crops,state_202,all,0.56,25,25,25,1.0,1.0,96,5,5,0.052083333333333336,0.052083333333333336,11,11,11,1.0,1.0
family_ablation,gemma4:12b,all_crops,state_202,all,0.57,25,25,25,1.0,1.0,96,5,5,0.052083333333333336,0.052083333333333336,11,11,11,1.0,1.0
family_ablation,gemma4:12b,all_crops,state_202,all,0.58,25,25,25,1.0,1.0,96,5,5,0.052083333333333336,0.052083333333333336,11,11,11,1.0,1.0
family_ablation,gemma4:12b,all_crops,state_202,all,0.59,25,25,25,1.0,1.0,96,5,5,0.052083333333333336,0.052083333333333336,11,11,11,1.0,1.0
family_ablation,gemma4:12b,all_crops,state_202,all,0.6,25,25,25,1.0,1.0,96,5,5,0.052083333333333336,0.052083333333333336,11,11,11,1.0,1.0
family_ablation,gemma4:12b,all_crops,state_202,all,0.61,25,25,25,1.0,1.0,96,5,5,0.052083333333333336,0.052083333333333336,11,11,11,1.0,1.0
family_ablation,gemma4:12b,all_crops,state_202,all,0.62,25,25,25,1.0,1.0,96,5,5,0.052083333333333336,0.052083333333333336,11,11,11,1.0,1.0
family_ablation,gemma4:12b,all_crops,state_202,all,0.63,25,25,25,1.0,1.0,96,5,5,0.052083333333333336,0.052083333333333336,11,11,11,1.0,1.0
family_ablation,gemma4:12b,all_crops,state_202,all,0.64,25,25,25,1.0,1.0,96,5,5,0.052083333333333336,0.052083333333333336,11,11,11,1.0,1.0
family_ablation,gemma4:12b,all_crops,state_202,all,0.65,25,25,25,1.0,1.0,96,5,5,0.052083333333333336,0.052083333333333336,11,11,11,1.0,1.0
family_ablation,gemma4:12b,all_crops,state_202,all,0.66,25,25,25,1.0,1.0,96,5,5,0.052083333333333336,0.052083333333333336,11,11,11,1.0,1.0
family_ablation,gemma4:12b,all_crops,state_202,all,0.67,25,25,25,1.0,1.0,96,5,5,0.052083333333333336,0.052083333333333336,11,11,11,1.0,1.0
family_ablation,gemma4:12b,all_crops,state_202,all,0.68,25,25,25,1.0,1.0,96,5,5,0.052083333333333336,0.052083333333333336,11,11,11,1.0,1.0
family_ablation,gemma4:12b,all_crops,state_202,all,0.69,25,25,25,1.0,1.0,96,5,5,0.052083333333333336,0.052083333333333336,11,11,11,1.0,1.0
family_ablation,gemma4:12b,all_crops,state_202,all,0.7,25,25,25,1.0,1.0,96,5,5,0.052083333333333336,0.052083333333333336,11,11,11,1.0,1.0
family_ablation,gemma4:12b,all_crops,state_202,all,0.71,25,25,25,1.0,1.0,96,5,5,0.052083333333333336,0.052083333333333336,11,11,11,1.0,1.0
family_ablation,gemma4:12b,all_crops,state_202,all,0.72,25,25,25,1.0,1.0,96,5,5,0.052083333333333336,0.052083333333333336,11,11,11,1.0,1.0
family_ablation,gemma4:12b,all_crops,state_202,all,0.73,25,25,25,1.0,1.0,96,5,5,0.052083333333333336,0.052083333333333336,11,11,11,1.0,1.0
family_ablation,gemma4:12b,all_crops,state_202,all,0.74,25,25,25,1.0,1.0,96,5,5,0.052083333333333336,0.052083333333333336,11,11,11,1.0,1.0
family_ablation,gemma4:12b,all_crops,state_202,all,0.75,25,25,25,1.0,1.0,96,5,5,0.052083333333333336,0.052083333333333336,11,11,11,1.0,1.0
family_ablation,gemma4:12b,all_crops,state_202,all,0.76,25,25,25,1.0,1.0,96,5,5,0.052083333333333336,0.052083333333333336,11,11,11,1.0,1.0
family_ablation,gemma4:12b,all_crops,state_202,all,0.77,25,25,25,1.0,1.0,96,5,5,0.052083333333333336,0.052083333333333336,11,11,11,1.0,1.0
family_ablation,gemma4:12b,all_crops,state_202,all,0.78,25,25,25,1.0,1.0,96,5,5,0.052083333333333336,0.052083333333333336,11,11,11,1.0,1.0
family_ablation,gemma4:12b,all_crops,state_202,all,0.79,25,25,25,1.0,1.0,96,5,5,0.052083333333333336,0.052083333333333336,11,11,11,1.0,1.0
family_ablation,gemma4:12b,all_crops,state_202,all,0.8,25,25,25,1.0,1.0,96,5,5,0.052083333333333336,0.052083333333333336,11,11,11,1.0,1.0
family_ablation,gemma4:12b,all_crops,state_202,all,0.81,25,25,25,1.0,1.0,96,5,5,0.052083333333333336,0.052083333333333336,11,11,11,1.0,1.0
family_ablation,gemma4:12b,all_crops,state_202,all,0.82,25,25,25,1.0,1.0,96,5,5,0.052083333333333336,0.052083333333333336,11,11,11,1.0,1.0
family_ablation,gemma4:12b,all_crops,state_202,all,0.83,25,25,25,1.0,1.0,96,5,5,0.052083333333333336,0.052083333333333336,11,11,11,1.0,1.0
family_ablation,gemma4:12b,all_crops,state_202,all,0.84,25,25,25,1.0,1.0,96,5,5,0.052083333333333336,0.052083333333333336,11,11,11,1.0,1.0
family_ablation,gemma4:12b,all_crops,state_202,all,0.85,25,25,25,1.0,1.0,96,4,4,0.041666666666666664,0.041666666666666664,11,11,11,1.0,1.0
family_ablation,gemma4:12b,all_crops,state_202,all,0.86,25,25,25,1.0,1.0,96,4,4,0.041666666666666664,0.041666666666666664,11,11,11,1.0,1.0
family_ablation,gemma4:12b,all_crops,state_202,all,0.87,25,25,25,1.0,1.0,96,4,4,0.041666666666666664,0.041666666666666664,11,11,11,1.0,1.0
family_ablation,gemma4:12b,all_crops,state_202,all,0.88,25,25,25,1.0,1.0,96,4,4,0.041666666666666664,0.041666666666666664,11,11,11,1.0,1.0
family_ablation,gemma4:12b,all_crops,state_202,all,0.89,25,25,25,1.0,1.0,96,4,4,0.041666666666666664,0.041666666666666664,11,11,11,1.0,1.0
family_ablation,gemma4:12b,all_crops,state_202,all,0.9,25,25,25,1.0,1.0,96,4,4,0.041666666666666664,0.041666666666666664,11,11,11,1.0,1.0
family_ablation,gemma4:12b,all_crops,state_202,all,0.91,25,25,25,1.0,1.0,96,4,4,0.041666666666666664,0.041666666666666664,11,11,11,1.0,1.0
family_ablation,gemma4:12b,all_crops,state_202,all,0.92,25,25,25,1.0,1.0,96,4,4,0.041666666666666664,0.041666666666666664,11,11,11,1.0,1.0
family_ablation,gemma4:12b,all_crops,state_202,all,0.93,25,25,25,1.0,1.0,96,4,4,0.041666666666666664,0.041666666666666664,11,11,11,1.0,1.0
family_ablation,gemma4:12b,all_crops,state_202,all,0.94,25,25,25,1.0,1.0,96,4,4,0.041666666666666664,0.041666666666666664,11,11,11,1.0,1.0
family_ablation,gemma4:12b,all_crops,state_202,all,0.95,25,25,25,1.0,1.0,96,4,4,0.041666666666666664,0.041666666666666664,11,11,11,1.0,1.0
family_ablation,gemma4:12b,all_crops,state_202,all,0.96,25,25,25,1.0,1.0,96,4,4,0.041666666666666664,0.041666666666666664,11,11,11,1.0,1.0
family_ablation,gemma4:12b,all_crops,state_202,all,0.97,25,25,25,1.0,1.0,96,4,4,0.041666666666666664,0.041666666666666664,11,11,11,1.0,1.0
family_ablation,gemma4:12b,all_crops,state_202,all,0.98,25,25,25,1.0,1.0,96,4,4,0.041666666666666664,0.041666666666666664,11,11,11,1.0,1.0
family_ablation,gemma4:12b,all_crops,state_202,all,0.99,25,25,25,1.0,1.0,96,4,4,0.041666666666666664,0.041666666666666664,11,11,11,1.0,1.0
family_ablation,gemma4:12b,all_crops,state_202,all,0.995,25,25,25,1.0,1.0,96,4,4,0.041666666666666664,0.041666666666666664,11,11,11,1.0,1.0
family_ablation,gemma4:12b,all_crops,state_202,all,0.999,25,25,25,1.0,1.0,96,3,3,0.03125,0.03125,11,11,11,1.0,1.0
family_ablation,gemma4:12b,all_crops,state_202,all,0.9999,25,25,25,1.0,1.0,96,2,2,0.020833333333333332,0.020833333333333332,11,11,11,1.0,1.0
family_ablation,gemma4:12b,all_crops,state_202,all,0.99999,25,22,22,0.88,0.88,96,1,1,0.010416666666666666,0.010416666666666666,11,10,10,0.9090909090909091,0.9090909090909091
family_ablation,gemma4:12b,all_crops,state_202,all,0.999999,25,0,0,0.0,0.0,96,0,0,0.0,0.0,11,0,0,0.0,0.0
family_ablation,gemma4:12b,all_crops,state_202,all,1.0,25,0,0,0.0,0.0,96,0,0,0.0,0.0,11,0,0,0.0,0.0
family_ablation,gemma4:12b,all_crops,state_303,all,0.0,25,25,25,1.0,1.0,96,96,96,1.0,1.0,11,11,11,1.0,1.0
family_ablation,gemma4:12b,all_crops,state_303,all,0.01,25,25,25,1.0,1.0,96,10,10,0.10416666666666667,0.10416666666666667,11,11,11,1.0,1.0
family_ablation,gemma4:12b,all_crops,state_303,all,0.02,25,25,25,1.0,1.0,96,7,7,0.07291666666666667,0.07291666666666667,11,11,11,1.0,1.0
family_ablation,gemma4:12b,all_crops,state_303,all,0.03,25,25,25,1.0,1.0,96,7,7,0.07291666666666667,0.07291666666666667,11,11,11,1.0,1.0
family_ablation,gemma4:12b,all_crops,state_303,all,0.04,25,25,25,1.0,1.0,96,6,6,0.0625,0.0625,11,11,11,1.0,1.0
family_ablation,gemma4:12b,all_crops,state_303,all,0.05,25,25,25,1.0,1.0,96,6,6,0.0625,0.0625,11,11,11,1.0,1.0
family_ablation,gemma4:12b,all_crops,state_303,all,0.06,25,25,25,1.0,1.0,96,6,6,0.0625,0.0625,11,11,11,1.0,1.0
family_ablation,gemma4:12b,all_crops,state_303,all,0.07,25,25,25,1.0,1.0,96,6,6,0.0625,0.0625,11,11,11,1.0,1.0
family_ablation,gemma4:12b,all_crops,state_303,all,0.08,25,25,25,1.0,1.0,96,6,6,0.0625,0.0625,11,11,11,1.0,1.0
family_ablation,gemma4:12b,all_crops,state_303,all,0.09,25,25,25,1.0,1.0,96,6,6,0.0625,0.0625,11,11,11,1.0,1.0
family_ablation,gemma4:12b,all_crops,state_303,all,0.1,25,25,25,1.0,1.0,96,6,6,0.0625,0.0625,11,11,11,1.0,1.0
family_ablation,gemma4:12b,all_crops,state_303,all,0.11,25,25,25,1.0,1.0,96,6,6,0.0625,0.0625,11,11,11,1.0,1.0
family_ablation,gemma4:12b,all_crops,state_303,all,0.12,25,25,25,1.0,1.0,96,6,6,0.0625,0.0625,11,11,11,1.0,1.0
family_ablation,gemma4:12b,all_crops,state_303,all,0.13,25,25,25,1.0,1.0,96,6,6,0.0625,0.0625,11,11,11,1.0,1.0
family_ablation,gemma4:12b,all_crops,state_303,all,0.14,25,25,25,1.0,1.0,96,6,6,0.0625,0.0625,11,11,11,1.0,1.0
family_ablation,gemma4:12b,all_crops,state_303,all,0.15,25,25,25,1.0,1.0,96,6,6,0.0625,0.0625,11,11,11,1.0,1.0
family_ablation,gemma4:12b,all_crops,state_303,all,0.16,25,25,25,1.0,1.0,96,6,6,0.0625,0.0625,11,11,11,1.0,1.0
family_ablation,gemma4:12b,all_crops,state_303,all,0.17,25,25,25,1.0,1.0,96,5,5,0.052083333333333336,0.052083333333333336,11,11,11,1.0,1.0
family_ablation,gemma4:12b,all_crops,state_303,all,0.18,25,25,25,1.0,1.0,96,5,5,0.052083333333333336,0.052083333333333336,11,11,11,1.0,1.0
family_ablation,gemma4:12b,all_crops,state_303,all,0.19,25,25,25,1.0,1.0,96,5,5,0.052083333333333336,0.052083333333333336,11,11,11,1.0,1.0
family_ablation,gemma4:12b,all_crops,state_303,all,0.2,25,25,25,1.0,1.0,96,5,5,0.052083333333333336,0.052083333333333336,11,11,11,1.0,1.0
family_ablation,gemma4:12b,all_crops,state_303,all,0.21,25,25,25,1.0,1.0,96,5,5,0.052083333333333336,0.052083333333333336,11,11,11,1.0,1.0
family_ablation,gemma4:12b,all_crops,state_303,all,0.22,25,25,25,1.0,1.0,96,5,5,0.052083333333333336,0.052083333333333336,11,11,11,1.0,1.0
family_ablation,gemma4:12b,all_crops,state_303,all,0.23,25,25,25,1.0,1.0,96,5,5,0.052083333333333336,0.052083333333333336,11,11,11,1.0,1.0
family_ablation,gemma4:12b,all_crops,state_303,all,0.24,25,25,25,1.0,1.0,96,5,5,0.052083333333333336,0.052083333333333336,11,11,11,1.0,1.0
family_ablation,gemma4:12b,all_crops,state_303,all,0.25,25,25,25,1.0,1.0,96,5,5,0.052083333333333336,0.052083333333333336,11,11,11,1.0,1.0
family_ablation,gemma4:12b,all_crops,state_303,all,0.26,25,25,25,1.0,1.0,96,5,5,0.052083333333333336,0.052083333333333336,11,11,11,1.0,1.0
family_ablation,gemma4:12b,all_crops,state_303,all,0.27,25,25,25,1.0,1.0,96,5,5,0.052083333333333336,0.052083333333333336,11,11,11,1.0,1.0
family_ablation,gemma4:12b,all_crops,state_303,all,0.28,25,25,25,1.0,1.0,96,5,5,0.052083333333333336,0.052083333333333336,11,11,11,1.0,1.0
family_ablation,gemma4:12b,all_crops,state_303,all,0.29,25,25,25,1.0,1.0,96,5,5,0.052083333333333336,0.052083333333333336,11,11,11,1.0,1.0
family_ablation,gemma4:12b,all_crops,state_303,all,0.3,25,25,25,1.0,1.0,96,5,5,0.052083333333333336,0.052083333333333336,11,11,11,1.0,1.0
family_ablation,gemma4:12b,all_crops,state_303,all,0.31,25,25,25,1.0,1.0,96,5,5,0.052083333333333336,0.052083333333333336,11,11,11,1.0,1.0
family_ablation,gemma4:12b,all_crops,state_303,all,0.32,25,25,25,1.0,1.0,96,5,5,0.052083333333333336,0.052083333333333336,11,11,11,1.0,1.0
family_ablation,gemma4:12b,all_crops,state_303,all,0.33,25,25,25,1.0,1.0,96,5,5,0.052083333333333336,0.052083333333333336,11,11,11,1.0,1.0
family_ablation,gemma4:12b,all_crops,state_303,all,0.34,25,25,25,1.0,1.0,96,5,5,0.052083333333333336,0.052083333333333336,11,11,11,1.0,1.0
family_ablation,gemma4:12b,all_crops,state_303,all,0.35,25,25,25,1.0,1.0,96,5,5,0.052083333333333336,0.052083333333333336,11,11,11,1.0,1.0
family_ablation,gemma4:12b,all_crops,state_303,all,0.36,25,25,25,1.0,1.0,96,5,5,0.052083333333333336,0.052083333333333336,11,11,11,1.0,1.0
family_ablation,gemma4:12b,all_crops,state_303,all,0.37,25,25,25,1.0,1.0,96,5,5,0.052083333333333336,0.052083333333333336,11,11,11,1.0,1.0
family_ablation,gemma4:12b,all_crops,state_303,all,0.38,25,25,25,1.0,1.0,96,5,5,0.052083333333333336,0.052083333333333336,11,11,11,1.0,1.0
family_ablation,gemma4:12b,all_crops,state_303,all,0.39,25,25,25,1.0,1.0,96,5,5,0.052083333333333336,0.052083333333333336,11,11,11,1.0,1.0
family_ablation,gemma4:12b,all_crops,state_303,all,0.4,25,25,25,1.0,1.0,96,5,5,0.052083333333333336,0.052083333333333336,11,11,11,1.0,1.0
family_ablation,gemma4:12b,all_crops,state_303,all,0.41,25,25,25,1.0,1.0,96,5,5,0.052083333333333336,0.052083333333333336,11,11,11,1.0,1.0
family_ablation,gemma4:12b,all_crops,state_303,all,0.42,25,25,25,1.0,1.0,96,5,5,0.052083333333333336,0.052083333333333336,11,11,11,1.0,1.0
family_ablation,gemma4:12b,all_crops,state_303,all,0.43,25,25,25,1.0,1.0,96,5,5,0.052083333333333336,0.052083333333333336,11,11,11,1.0,1.0
family_ablation,gemma4:12b,all_crops,state_303,all,0.44,25,25,25,1.0,1.0,96,5,5,0.052083333333333336,0.052083333333333336,11,11,11,1.0,1.0
family_ablation,gemma4:12b,all_crops,state_303,all,0.45,25,25,25,1.0,1.0,96,5,5,0.052083333333333336,0.052083333333333336,11,11,11,1.0,1.0
family_ablation,gemma4:12b,all_crops,state_303,all,0.46,25,25,25,1.0,1.0,96,5,5,0.052083333333333336,0.052083333333333336,11,11,11,1.0,1.0
family_ablation,gemma4:12b,all_crops,state_303,all,0.47,25,25,25,1.0,1.0,96,5,5,0.052083333333333336,0.052083333333333336,11,11,11,1.0,1.0
family_ablation,gemma4:12b,all_crops,state_303,all,0.48,25,25,25,1.0,1.0,96,5,5,0.052083333333333336,0.052083333333333336,11,11,11,1.0,1.0
family_ablation,gemma4:12b,all_crops,state_303,all,0.49,25,25,25,1.0,1.0,96,5,5,0.052083333333333336,0.052083333333333336,11,11,11,1.0,1.0
family_ablation,gemma4:12b,all_crops,state_303,all,0.5,25,25,25,1.0,1.0,96,5,5,0.052083333333333336,0.052083333333333336,11,11,11,1.0,1.0
family_ablation,gemma4:12b,all_crops,state_303,all,0.51,25,25,25,1.0,1.0,96,5,5,0.052083333333333336,0.052083333333333336,11,11,11,1.0,1.0
family_ablation,gemma4:12b,all_crops,state_303,all,0.52,25,25,25,1.0,1.0,96,5,5,0.052083333333333336,0.052083333333333336,11,11,11,1.0,1.0
family_ablation,gemma4:12b,all_crops,state_303,all,0.53,25,25,25,1.0,1.0,96,5,5,0.052083333333333336,0.052083333333333336,11,11,11,1.0,1.0
family_ablation,gemma4:12b,all_crops,state_303,all,0.54,25,25,25,1.0,1.0,96,5,5,0.052083333333333336,0.052083333333333336,11,11,11,1.0,1.0
family_ablation,gemma4:12b,all_crops,state_303,all,0.55,25,25,25,1.0,1.0,96,5,5,0.052083333333333336,0.052083333333333336,11,11,11,1.0,1.0
family_ablation,gemma4:12b,all_crops,state_303,all,0.56,25,25,25,1.0,1.0,96,5,5,0.052083333333333336,0.052083333333333336,11,11,11,1.0,1.0
family_ablation,gemma4:12b,all_crops,state_303,all,0.57,25,25,25,1.0,1.0,96,5,5,0.052083333333333336,0.052083333333333336,11,11,11,1.0,1.0
family_ablation,gemma4:12b,all_crops,state_303,all,0.58,25,25,25,1.0,1.0,96,5,5,0.052083333333333336,0.052083333333333336,11,11,11,1.0,1.0
family_ablation,gemma4:12b,all_crops,state_303,all,0.59,25,25,25,1.0,1.0,96,5,5,0.052083333333333336,0.052083333333333336,11,11,11,1.0,1.0
family_ablation,gemma4:12b,all_crops,state_303,all,0.6,25,25,25,1.0,1.0,96,5,5,0.052083333333333336,0.052083333333333336,11,11,11,1.0,1.0
family_ablation,gemma4:12b,all_crops,state_303,all,0.61,25,25,25,1.0,1.0,96,5,5,0.052083333333333336,0.052083333333333336,11,11,11,1.0,1.0
family_ablation,gemma4:12b,all_crops,state_303,all,0.62,25,25,25,1.0,1.0,96,5,5,0.052083333333333336,0.052083333333333336,11,11,11,1.0,1.0
family_ablation,gemma4:12b,all_crops,state_303,all,0.63,25,25,25,1.0,1.0,96,5,5,0.052083333333333336,0.052083333333333336,11,11,11,1.0,1.0
family_ablation,gemma4:12b,all_crops,state_303,all,0.64,25,25,25,1.0,1.0,96,5,5,0.052083333333333336,0.052083333333333336,11,11,11,1.0,1.0
family_ablation,gemma4:12b,all_crops,state_303,all,0.65,25,25,25,1.0,1.0,96,5,5,0.052083333333333336,0.052083333333333336,11,11,11,1.0,1.0
family_ablation,gemma4:12b,all_crops,state_303,all,0.66,25,25,25,1.0,1.0,96,5,5,0.052083333333333336,0.052083333333333336,11,11,11,1.0,1.0
family_ablation,gemma4:12b,all_crops,state_303,all,0.67,25,25,25,1.0,1.0,96,5,5,0.052083333333333336,0.052083333333333336,11,11,11,1.0,1.0
family_ablation,gemma4:12b,all_crops,state_303,all,0.68,25,25,25,1.0,1.0,96,5,5,0.052083333333333336,0.052083333333333336,11,11,11,1.0,1.0
family_ablation,gemma4:12b,all_crops,state_303,all,0.69,25,25,25,1.0,1.0,96,5,5,0.052083333333333336,0.052083333333333336,11,11,11,1.0,1.0
family_ablation,gemma4:12b,all_crops,state_303,all,0.7,25,25,25,1.0,1.0,96,5,5,0.052083333333333336,0.052083333333333336,11,11,11,1.0,1.0
family_ablation,gemma4:12b,all_crops,state_303,all,0.71,25,25,25,1.0,1.0,96,5,5,0.052083333333333336,0.052083333333333336,11,11,11,1.0,1.0
family_ablation,gemma4:12b,all_crops,state_303,all,0.72,25,25,25,1.0,1.0,96,5,5,0.052083333333333336,0.052083333333333336,11,11,11,1.0,1.0
family_ablation,gemma4:12b,all_crops,state_303,all,0.73,25,25,25,1.0,1.0,96,5,5,0.052083333333333336,0.052083333333333336,11,11,11,1.0,1.0
family_ablation,gemma4:12b,all_crops,state_303,all,0.74,25,25,25,1.0,1.0,96,5,5,0.052083333333333336,0.052083333333333336,11,11,11,1.0,1.0
family_ablation,gemma4:12b,all_crops,state_303,all,0.75,25,25,25,1.0,1.0,96,5,5,0.052083333333333336,0.052083333333333336,11,11,11,1.0,1.0
family_ablation,gemma4:12b,all_crops,state_303,all,0.76,25,25,25,1.0,1.0,96,5,5,0.052083333333333336,0.052083333333333336,11,11,11,1.0,1.0
family_ablation,gemma4:12b,all_crops,state_303,all,0.77,25,25,25,1.0,1.0,96,5,5,0.052083333333333336,0.052083333333333336,11,11,11,1.0,1.0
family_ablation,gemma4:12b,all_crops,state_303,all,0.78,25,25,25,1.0,1.0,96,4,4,0.041666666666666664,0.041666666666666664,11,11,11,1.0,1.0
family_ablation,gemma4:12b,all_crops,state_303,all,0.79,25,25,25,1.0,1.0,96,4,4,0.041666666666666664,0.041666666666666664,11,11,11,1.0,1.0
family_ablation,gemma4:12b,all_crops,state_303,all,0.8,25,25,25,1.0,1.0,96,4,4,0.041666666666666664,0.041666666666666664,11,11,11,1.0,1.0
family_ablation,gemma4:12b,all_crops,state_303,all,0.81,25,25,25,1.0,1.0,96,4,4,0.041666666666666664,0.041666666666666664,11,11,11,1.0,1.0
family_ablation,gemma4:12b,all_crops,state_303,all,0.82,25,25,25,1.0,1.0,96,4,4,0.041666666666666664,0.041666666666666664,11,11,11,1.0,1.0
family_ablation,gemma4:12b,all_crops,state_303,all,0.83,25,25,25,1.0,1.0,96,4,4,0.041666666666666664,0.041666666666666664,11,11,11,1.0,1.0
family_ablation,gemma4:12b,all_crops,state_303,all,0.84,25,25,25,1.0,1.0,96,4,4,0.041666666666666664,0.041666666666666664,11,11,11,1.0,1.0
family_ablation,gemma4:12b,all_crops,state_303,all,0.85,25,25,25,1.0,1.0,96,4,4,0.041666666666666664,0.041666666666666664,11,11,11,1.0,1.0
family_ablation,gemma4:12b,all_crops,state_303,all,0.86,25,25,25,1.0,1.0,96,4,4,0.041666666666666664,0.041666666666666664,11,11,11,1.0,1.0
family_ablation,gemma4:12b,all_crops,state_303,all,0.87,25,25,25,1.0,1.0,96,4,4,0.041666666666666664,0.041666666666666664,11,11,11,1.0,1.0
family_ablation,gemma4:12b,all_crops,state_303,all,0.88,25,25,25,1.0,1.0,96,4,4,0.041666666666666664,0.041666666666666664,11,11,11,1.0,1.0
family_ablation,gemma4:12b,all_crops,state_303,all,0.89,25,25,25,1.0,1.0,96,4,4,0.041666666666666664,0.041666666666666664,11,11,11,1.0,1.0
family_ablation,gemma4:12b,all_crops,state_303,all,0.9,25,25,25,1.0,1.0,96,4,4,0.041666666666666664,0.041666666666666664,11,11,11,1.0,1.0
family_ablation,gemma4:12b,all_crops,state_303,all,0.91,25,25,25,1.0,1.0,96,4,4,0.041666666666666664,0.041666666666666664,11,11,11,1.0,1.0
family_ablation,gemma4:12b,all_crops,state_303,all,0.92,25,25,25,1.0,1.0,96,4,4,0.041666666666666664,0.041666666666666664,11,11,11,1.0,1.0
family_ablation,gemma4:12b,all_crops,state_303,all,0.93,25,25,25,1.0,1.0,96,4,4,0.041666666666666664,0.041666666666666664,11,11,11,1.0,1.0
family_ablation,gemma4:12b,all_crops,state_303,all,0.94,25,25,25,1.0,1.0,96,4,4,0.041666666666666664,0.041666666666666664,11,11,11,1.0,1.0
family_ablation,gemma4:12b,all_crops,state_303,all,0.95,25,25,25,1.0,1.0,96,4,4,0.041666666666666664,0.041666666666666664,11,11,11,1.0,1.0
family_ablation,gemma4:12b,all_crops,state_303,all,0.96,25,25,25,1.0,1.0,96,3,3,0.03125,0.03125,11,11,11,1.0,1.0
family_ablation,gemma4:12b,all_crops,state_303,all,0.97,25,25,25,1.0,1.0,96,2,2,0.020833333333333332,0.020833333333333332,11,11,11,1.0,1.0
family_ablation,gemma4:12b,all_crops,state_303,all,0.98,25,25,25,1.0,1.0,96,2,2,0.020833333333333332,0.020833333333333332,11,11,11,1.0,1.0
family_ablation,gemma4:12b,all_crops,state_303,all,0.99,25,25,25,1.0,1.0,96,2,2,0.020833333333333332,0.020833333333333332,11,11,11,1.0,1.0
family_ablation,gemma4:12b,all_crops,state_303,all,0.995,25,25,25,1.0,1.0,96,2,2,0.020833333333333332,0.020833333333333332,11,11,11,1.0,1.0
family_ablation,gemma4:12b,all_crops,state_303,all,0.999,25,25,25,1.0,1.0,96,2,2,0.020833333333333332,0.020833333333333332,11,11,11,1.0,1.0
family_ablation,gemma4:12b,all_crops,state_303,all,0.9999,25,25,25,1.0,1.0,96,2,2,0.020833333333333332,0.020833333333333332,11,11,11,1.0,1.0
family_ablation,gemma4:12b,all_crops,state_303,all,0.99999,25,21,21,0.84,0.84,96,1,1,0.010416666666666666,0.010416666666666666,11,9,9,0.8181818181818182,0.8181818181818182
family_ablation,gemma4:12b,all_crops,state_303,all,0.999999,25,0,0,0.0,0.0,96,0,0,0.0,0.0,11,0,0,0.0,0.0
family_ablation,gemma4:12b,all_crops,state_303,all,1.0,25,0,0,0.0,0.0,96,0,0,0.0,0.0,11,0,0,0.0,0.0
family_ablation,gemma4:12b,all_crops,all,all,0.0,100,100,100,1.0,1.0,384,384,384,1.0,1.0,44,44,44,1.0,1.0
family_ablation,gemma4:12b,all_crops,all,all,0.01,100,100,100,1.0,1.0,384,37,37,0.09635416666666667,0.09635416666666667,44,44,44,1.0,1.0
family_ablation,gemma4:12b,all_crops,all,all,0.02,100,100,100,1.0,1.0,384,34,34,0.08854166666666667,0.08854166666666667,44,44,44,1.0,1.0
family_ablation,gemma4:12b,all_crops,all,all,0.03,100,100,100,1.0,1.0,384,34,34,0.08854166666666667,0.08854166666666667,44,44,44,1.0,1.0
family_ablation,gemma4:12b,all_crops,all,all,0.04,100,100,100,1.0,1.0,384,31,31,0.08072916666666667,0.08072916666666667,44,44,44,1.0,1.0
family_ablation,gemma4:12b,all_crops,all,all,0.05,100,100,100,1.0,1.0,384,30,30,0.078125,0.078125,44,44,44,1.0,1.0
family_ablation,gemma4:12b,all_crops,all,all,0.06,100,100,100,1.0,1.0,384,28,28,0.07291666666666667,0.07291666666666667,44,44,44,1.0,1.0
family_ablation,gemma4:12b,all_crops,all,all,0.07,100,100,100,1.0,1.0,384,27,27,0.0703125,0.0703125,44,44,44,1.0,1.0
family_ablation,gemma4:12b,all_crops,all,all,0.08,100,100,100,1.0,1.0,384,27,27,0.0703125,0.0703125,44,44,44,1.0,1.0
family_ablation,gemma4:12b,all_crops,all,all,0.09,100,100,100,1.0,1.0,384,27,27,0.0703125,0.0703125,44,44,44,1.0,1.0
family_ablation,gemma4:12b,all_crops,all,all,0.1,100,100,100,1.0,1.0,384,27,27,0.0703125,0.0703125,44,44,44,1.0,1.0
family_ablation,gemma4:12b,all_crops,all,all,0.11,100,100,100,1.0,1.0,384,27,27,0.0703125,0.0703125,44,44,44,1.0,1.0
family_ablation,gemma4:12b,all_crops,all,all,0.12,100,100,100,1.0,1.0,384,27,27,0.0703125,0.0703125,44,44,44,1.0,1.0
family_ablation,gemma4:12b,all_crops,all,all,0.13,100,100,100,1.0,1.0,384,27,27,0.0703125,0.0703125,44,44,44,1.0,1.0
family_ablation,gemma4:12b,all_crops,all,all,0.14,100,100,100,1.0,1.0,384,27,27,0.0703125,0.0703125,44,44,44,1.0,1.0
family_ablation,gemma4:12b,all_crops,all,all,0.15,100,100,100,1.0,1.0,384,27,27,0.0703125,0.0703125,44,44,44,1.0,1.0
family_ablation,gemma4:12b,all_crops,all,all,0.16,100,100,100,1.0,1.0,384,27,27,0.0703125,0.0703125,44,44,44,1.0,1.0
family_ablation,gemma4:12b,all_crops,all,all,0.17,100,100,100,1.0,1.0,384,26,26,0.06770833333333333,0.06770833333333333,44,44,44,1.0,1.0
family_ablation,gemma4:12b,all_crops,all,all,0.18,100,100,100,1.0,1.0,384,26,26,0.06770833333333333,0.06770833333333333,44,44,44,1.0,1.0
family_ablation,gemma4:12b,all_crops,all,all,0.19,100,100,100,1.0,1.0,384,26,26,0.06770833333333333,0.06770833333333333,44,44,44,1.0,1.0
family_ablation,gemma4:12b,all_crops,all,all,0.2,100,100,100,1.0,1.0,384,25,25,0.06510416666666667,0.06510416666666667,44,44,44,1.0,1.0
family_ablation,gemma4:12b,all_crops,all,all,0.21,100,100,100,1.0,1.0,384,25,25,0.06510416666666667,0.06510416666666667,44,44,44,1.0,1.0
family_ablation,gemma4:12b,all_crops,all,all,0.22,100,100,100,1.0,1.0,384,25,25,0.06510416666666667,0.06510416666666667,44,44,44,1.0,1.0
family_ablation,gemma4:12b,all_crops,all,all,0.23,100,100,100,1.0,1.0,384,25,25,0.06510416666666667,0.06510416666666667,44,44,44,1.0,1.0
family_ablation,gemma4:12b,all_crops,all,all,0.24,100,100,100,1.0,1.0,384,25,25,0.06510416666666667,0.06510416666666667,44,44,44,1.0,1.0
family_ablation,gemma4:12b,all_crops,all,all,0.25,100,100,100,1.0,1.0,384,25,25,0.06510416666666667,0.06510416666666667,44,44,44,1.0,1.0
family_ablation,gemma4:12b,all_crops,all,all,0.26,100,100,100,1.0,1.0,384,25,25,0.06510416666666667,0.06510416666666667,44,44,44,1.0,1.0
family_ablation,gemma4:12b,all_crops,all,all,0.27,100,100,100,1.0,1.0,384,25,25,0.06510416666666667,0.06510416666666667,44,44,44,1.0,1.0
family_ablation,gemma4:12b,all_crops,all,all,0.28,100,100,100,1.0,1.0,384,25,25,0.06510416666666667,0.06510416666666667,44,44,44,1.0,1.0
family_ablation,gemma4:12b,all_crops,all,all,0.29,100,100,100,1.0,1.0,384,24,24,0.0625,0.0625,44,44,44,1.0,1.0
family_ablation,gemma4:12b,all_crops,all,all,0.3,100,100,100,1.0,1.0,384,24,24,0.0625,0.0625,44,44,44,1.0,1.0
family_ablation,gemma4:12b,all_crops,all,all,0.31,100,100,100,1.0,1.0,384,24,24,0.0625,0.0625,44,44,44,1.0,1.0
family_ablation,gemma4:12b,all_crops,all,all,0.32,100,100,100,1.0,1.0,384,24,24,0.0625,0.0625,44,44,44,1.0,1.0
family_ablation,gemma4:12b,all_crops,all,all,0.33,100,100,100,1.0,1.0,384,24,24,0.0625,0.0625,44,44,44,1.0,1.0
family_ablation,gemma4:12b,all_crops,all,all,0.34,100,100,100,1.0,1.0,384,24,24,0.0625,0.0625,44,44,44,1.0,1.0
family_ablation,gemma4:12b,all_crops,all,all,0.35,100,100,100,1.0,1.0,384,24,24,0.0625,0.0625,44,44,44,1.0,1.0
family_ablation,gemma4:12b,all_crops,all,all,0.36,100,100,100,1.0,1.0,384,24,24,0.0625,0.0625,44,44,44,1.0,1.0
family_ablation,gemma4:12b,all_crops,all,all,0.37,100,100,100,1.0,1.0,384,24,24,0.0625,0.0625,44,44,44,1.0,1.0
family_ablation,gemma4:12b,all_crops,all,all,0.38,100,100,100,1.0,1.0,384,24,24,0.0625,0.0625,44,44,44,1.0,1.0
family_ablation,gemma4:12b,all_crops,all,all,0.39,100,100,100,1.0,1.0,384,24,24,0.0625,0.0625,44,44,44,1.0,1.0
family_ablation,gemma4:12b,all_crops,all,all,0.4,100,100,100,1.0,1.0,384,24,24,0.0625,0.0625,44,44,44,1.0,1.0
family_ablation,gemma4:12b,all_crops,all,all,0.41,100,100,100,1.0,1.0,384,24,24,0.0625,0.0625,44,44,44,1.0,1.0
family_ablation,gemma4:12b,all_crops,all,all,0.42,100,100,100,1.0,1.0,384,24,24,0.0625,0.0625,44,44,44,1.0,1.0
family_ablation,gemma4:12b,all_crops,all,all,0.43,100,100,100,1.0,1.0,384,23,23,0.059895833333333336,0.059895833333333336,44,44,44,1.0,1.0
family_ablation,gemma4:12b,all_crops,all,all,0.44,100,100,100,1.0,1.0,384,23,23,0.059895833333333336,0.059895833333333336,44,44,44,1.0,1.0
family_ablation,gemma4:12b,all_crops,all,all,0.45,100,100,100,1.0,1.0,384,23,23,0.059895833333333336,0.059895833333333336,44,44,44,1.0,1.0
family_ablation,gemma4:12b,all_crops,all,all,0.46,100,100,100,1.0,1.0,384,23,23,0.059895833333333336,0.059895833333333336,44,44,44,1.0,1.0
family_ablation,gemma4:12b,all_crops,all,all,0.47,100,100,100,1.0,1.0,384,23,23,0.059895833333333336,0.059895833333333336,44,44,44,1.0,1.0
family_ablation,gemma4:12b,all_crops,all,all,0.48,100,100,100,1.0,1.0,384,23,23,0.059895833333333336,0.059895833333333336,44,44,44,1.0,1.0
family_ablation,gemma4:12b,all_crops,all,all,0.49,100,100,100,1.0,1.0,384,23,23,0.059895833333333336,0.059895833333333336,44,44,44,1.0,1.0
family_ablation,gemma4:12b,all_crops,all,all,0.5,100,100,100,1.0,1.0,384,23,23,0.059895833333333336,0.059895833333333336,44,44,44,1.0,1.0
family_ablation,gemma4:12b,all_crops,all,all,0.51,100,100,100,1.0,1.0,384,23,23,0.059895833333333336,0.059895833333333336,44,44,44,1.0,1.0
family_ablation,gemma4:12b,all_crops,all,all,0.52,100,100,100,1.0,1.0,384,23,23,0.059895833333333336,0.059895833333333336,44,44,44,1.0,1.0
family_ablation,gemma4:12b,all_crops,all,all,0.53,100,100,100,1.0,1.0,384,23,23,0.059895833333333336,0.059895833333333336,44,44,44,1.0,1.0
family_ablation,gemma4:12b,all_crops,all,all,0.54,100,100,100,1.0,1.0,384,23,23,0.059895833333333336,0.059895833333333336,44,44,44,1.0,1.0
family_ablation,gemma4:12b,all_crops,all,all,0.55,100,100,100,1.0,1.0,384,23,23,0.059895833333333336,0.059895833333333336,44,44,44,1.0,1.0
family_ablation,gemma4:12b,all_crops,all,all,0.56,100,100,100,1.0,1.0,384,23,23,0.059895833333333336,0.059895833333333336,44,44,44,1.0,1.0
family_ablation,gemma4:12b,all_crops,all,all,0.57,100,100,100,1.0,1.0,384,23,23,0.059895833333333336,0.059895833333333336,44,44,44,1.0,1.0
family_ablation,gemma4:12b,all_crops,all,all,0.58,100,100,100,1.0,1.0,384,23,23,0.059895833333333336,0.059895833333333336,44,44,44,1.0,1.0
family_ablation,gemma4:12b,all_crops,all,all,0.59,100,100,100,1.0,1.0,384,23,23,0.059895833333333336,0.059895833333333336,44,44,44,1.0,1.0
family_ablation,gemma4:12b,all_crops,all,all,0.6,100,100,100,1.0,1.0,384,23,23,0.059895833333333336,0.059895833333333336,44,44,44,1.0,1.0
family_ablation,gemma4:12b,all_crops,all,all,0.61,100,100,100,1.0,1.0,384,23,23,0.059895833333333336,0.059895833333333336,44,44,44,1.0,1.0
family_ablation,gemma4:12b,all_crops,all,all,0.62,100,100,100,1.0,1.0,384,23,23,0.059895833333333336,0.059895833333333336,44,44,44,1.0,1.0
family_ablation,gemma4:12b,all_crops,all,all,0.63,100,100,100,1.0,1.0,384,23,23,0.059895833333333336,0.059895833333333336,44,44,44,1.0,1.0
family_ablation,gemma4:12b,all_crops,all,all,0.64,100,100,100,1.0,1.0,384,23,23,0.059895833333333336,0.059895833333333336,44,44,44,1.0,1.0
family_ablation,gemma4:12b,all_crops,all,all,0.65,100,100,100,1.0,1.0,384,23,23,0.059895833333333336,0.059895833333333336,44,44,44,1.0,1.0
family_ablation,gemma4:12b,all_crops,all,all,0.66,100,100,100,1.0,1.0,384,23,23,0.059895833333333336,0.059895833333333336,44,44,44,1.0,1.0
family_ablation,gemma4:12b,all_crops,all,all,0.67,100,100,100,1.0,1.0,384,23,23,0.059895833333333336,0.059895833333333336,44,44,44,1.0,1.0
family_ablation,gemma4:12b,all_crops,all,all,0.68,100,100,100,1.0,1.0,384,23,23,0.059895833333333336,0.059895833333333336,44,44,44,1.0,1.0
family_ablation,gemma4:12b,all_crops,all,all,0.69,100,100,100,1.0,1.0,384,22,22,0.057291666666666664,0.057291666666666664,44,44,44,1.0,1.0
family_ablation,gemma4:12b,all_crops,all,all,0.7,100,100,100,1.0,1.0,384,22,22,0.057291666666666664,0.057291666666666664,44,44,44,1.0,1.0
family_ablation,gemma4:12b,all_crops,all,all,0.71,100,100,100,1.0,1.0,384,22,22,0.057291666666666664,0.057291666666666664,44,44,44,1.0,1.0
family_ablation,gemma4:12b,all_crops,all,all,0.72,100,100,100,1.0,1.0,384,22,22,0.057291666666666664,0.057291666666666664,44,44,44,1.0,1.0
family_ablation,gemma4:12b,all_crops,all,all,0.73,100,100,100,1.0,1.0,384,22,22,0.057291666666666664,0.057291666666666664,44,44,44,1.0,1.0
family_ablation,gemma4:12b,all_crops,all,all,0.74,100,100,100,1.0,1.0,384,21,21,0.0546875,0.0546875,44,44,44,1.0,1.0
family_ablation,gemma4:12b,all_crops,all,all,0.75,100,100,100,1.0,1.0,384,21,21,0.0546875,0.0546875,44,44,44,1.0,1.0
family_ablation,gemma4:12b,all_crops,all,all,0.76,100,100,100,1.0,1.0,384,21,21,0.0546875,0.0546875,44,44,44,1.0,1.0
family_ablation,gemma4:12b,all_crops,all,all,0.77,100,100,100,1.0,1.0,384,20,20,0.052083333333333336,0.052083333333333336,44,44,44,1.0,1.0
family_ablation,gemma4:12b,all_crops,all,all,0.78,100,100,100,1.0,1.0,384,19,19,0.049479166666666664,0.049479166666666664,44,44,44,1.0,1.0
family_ablation,gemma4:12b,all_crops,all,all,0.79,100,100,100,1.0,1.0,384,17,17,0.044270833333333336,0.044270833333333336,44,44,44,1.0,1.0
family_ablation,gemma4:12b,all_crops,all,all,0.8,100,100,100,1.0,1.0,384,17,17,0.044270833333333336,0.044270833333333336,44,44,44,1.0,1.0
family_ablation,gemma4:12b,all_crops,all,all,0.81,100,100,100,1.0,1.0,384,17,17,0.044270833333333336,0.044270833333333336,44,44,44,1.0,1.0
family_ablation,gemma4:12b,all_crops,all,all,0.82,100,100,100,1.0,1.0,384,17,17,0.044270833333333336,0.044270833333333336,44,44,44,1.0,1.0
family_ablation,gemma4:12b,all_crops,all,all,0.83,100,100,100,1.0,1.0,384,17,17,0.044270833333333336,0.044270833333333336,44,44,44,1.0,1.0
family_ablation,gemma4:12b,all_crops,all,all,0.84,100,100,100,1.0,1.0,384,17,17,0.044270833333333336,0.044270833333333336,44,44,44,1.0,1.0
family_ablation,gemma4:12b,all_crops,all,all,0.85,100,100,100,1.0,1.0,384,16,16,0.041666666666666664,0.041666666666666664,44,44,44,1.0,1.0
family_ablation,gemma4:12b,all_crops,all,all,0.86,100,100,100,1.0,1.0,384,16,16,0.041666666666666664,0.041666666666666664,44,44,44,1.0,1.0
family_ablation,gemma4:12b,all_crops,all,all,0.87,100,100,100,1.0,1.0,384,16,16,0.041666666666666664,0.041666666666666664,44,44,44,1.0,1.0
family_ablation,gemma4:12b,all_crops,all,all,0.88,100,100,100,1.0,1.0,384,16,16,0.041666666666666664,0.041666666666666664,44,44,44,1.0,1.0
family_ablation,gemma4:12b,all_crops,all,all,0.89,100,100,100,1.0,1.0,384,16,16,0.041666666666666664,0.041666666666666664,44,44,44,1.0,1.0
family_ablation,gemma4:12b,all_crops,all,all,0.9,100,100,100,1.0,1.0,384,16,16,0.041666666666666664,0.041666666666666664,44,44,44,1.0,1.0
family_ablation,gemma4:12b,all_crops,all,all,0.91,100,100,100,1.0,1.0,384,15,15,0.0390625,0.0390625,44,44,44,1.0,1.0
family_ablation,gemma4:12b,all_crops,all,all,0.92,100,100,100,1.0,1.0,384,15,15,0.0390625,0.0390625,44,44,44,1.0,1.0
family_ablation,gemma4:12b,all_crops,all,all,0.93,100,100,100,1.0,1.0,384,15,15,0.0390625,0.0390625,44,44,44,1.0,1.0
family_ablation,gemma4:12b,all_crops,all,all,0.94,100,100,100,1.0,1.0,384,15,15,0.0390625,0.0390625,44,44,44,1.0,1.0
family_ablation,gemma4:12b,all_crops,all,all,0.95,100,100,100,1.0,1.0,384,15,15,0.0390625,0.0390625,44,44,44,1.0,1.0
family_ablation,gemma4:12b,all_crops,all,all,0.96,100,100,100,1.0,1.0,384,14,14,0.036458333333333336,0.036458333333333336,44,44,44,1.0,1.0
family_ablation,gemma4:12b,all_crops,all,all,0.97,100,100,100,1.0,1.0,384,13,13,0.033854166666666664,0.033854166666666664,44,44,44,1.0,1.0
family_ablation,gemma4:12b,all_crops,all,all,0.98,100,100,100,1.0,1.0,384,13,13,0.033854166666666664,0.033854166666666664,44,44,44,1.0,1.0
family_ablation,gemma4:12b,all_crops,all,all,0.99,100,98,98,0.98,0.98,384,13,13,0.033854166666666664,0.033854166666666664,44,43,43,0.9772727272727273,0.9772727272727273
family_ablation,gemma4:12b,all_crops,all,all,0.995,100,98,98,0.98,0.98,384,12,12,0.03125,0.03125,44,43,43,0.9772727272727273,0.9772727272727273
family_ablation,gemma4:12b,all_crops,all,all,0.999,100,98,98,0.98,0.98,384,10,10,0.026041666666666668,0.026041666666666668,44,43,43,0.9772727272727273,0.9772727272727273
family_ablation,gemma4:12b,all_crops,all,all,0.9999,100,98,98,0.98,0.98,384,7,7,0.018229166666666668,0.018229166666666668,44,43,43,0.9772727272727273,0.9772727272727273
family_ablation,gemma4:12b,all_crops,all,all,0.99999,100,85,85,0.85,0.85,384,4,4,0.010416666666666666,0.010416666666666666,44,36,36,0.8181818181818182,0.8181818181818182
family_ablation,gemma4:12b,all_crops,all,all,0.999999,100,0,0,0.0,0.0,384,0,0,0.0,0.0,44,0,0,0.0,0.0
family_ablation,gemma4:12b,all_crops,all,all,1.0,100,0,0,0.0,0.0,384,0,0,0.0,0.0,44,0,0,0.0,0.0
family_ablation,gemma4:12b,autonomous_depth_only,original,all,0.0,25,25,25,1.0,1.0,96,96,96,1.0,1.0,11,11,11,1.0,1.0
family_ablation,gemma4:12b,autonomous_depth_only,original,all,0.01,25,25,25,1.0,1.0,96,10,10,0.10416666666666667,0.10416666666666667,11,11,11,1.0,1.0
family_ablation,gemma4:12b,autonomous_depth_only,original,all,0.02,25,25,25,1.0,1.0,96,10,10,0.10416666666666667,0.10416666666666667,11,11,11,1.0,1.0
family_ablation,gemma4:12b,autonomous_depth_only,original,all,0.03,25,25,25,1.0,1.0,96,10,10,0.10416666666666667,0.10416666666666667,11,11,11,1.0,1.0
family_ablation,gemma4:12b,autonomous_depth_only,original,all,0.04,25,25,25,1.0,1.0,96,10,10,0.10416666666666667,0.10416666666666667,11,11,11,1.0,1.0
family_ablation,gemma4:12b,autonomous_depth_only,original,all,0.05,25,25,25,1.0,1.0,96,10,10,0.10416666666666667,0.10416666666666667,11,11,11,1.0,1.0
family_ablation,gemma4:12b,autonomous_depth_only,original,all,0.06,25,25,25,1.0,1.0,96,8,8,0.08333333333333333,0.08333333333333333,11,11,11,1.0,1.0
family_ablation,gemma4:12b,autonomous_depth_only,original,all,0.07,25,25,25,1.0,1.0,96,7,7,0.07291666666666667,0.07291666666666667,11,11,11,1.0,1.0
family_ablation,gemma4:12b,autonomous_depth_only,original,all,0.08,25,25,25,1.0,1.0,96,7,7,0.07291666666666667,0.07291666666666667,11,11,11,1.0,1.0
family_ablation,gemma4:12b,autonomous_depth_only,original,all,0.09,25,25,25,1.0,1.0,96,7,7,0.07291666666666667,0.07291666666666667,11,11,11,1.0,1.0
family_ablation,gemma4:12b,autonomous_depth_only,original,all,0.1,25,25,25,1.0,1.0,96,7,7,0.07291666666666667,0.07291666666666667,11,11,11,1.0,1.0
family_ablation,gemma4:12b,autonomous_depth_only,original,all,0.11,25,25,25,1.0,1.0,96,7,7,0.07291666666666667,0.07291666666666667,11,11,11,1.0,1.0
family_ablation,gemma4:12b,autonomous_depth_only,original,all,0.12,25,25,25,1.0,1.0,96,7,7,0.07291666666666667,0.07291666666666667,11,11,11,1.0,1.0
family_ablation,gemma4:12b,autonomous_depth_only,original,all,0.13,25,25,25,1.0,1.0,96,7,7,0.07291666666666667,0.07291666666666667,11,11,11,1.0,1.0
family_ablation,gemma4:12b,autonomous_depth_only,original,all,0.14,25,25,25,1.0,1.0,96,7,7,0.07291666666666667,0.07291666666666667,11,11,11,1.0,1.0
family_ablation,gemma4:12b,autonomous_depth_only,original,all,0.15,25,25,25,1.0,1.0,96,7,7,0.07291666666666667,0.07291666666666667,11,11,11,1.0,1.0
family_ablation,gemma4:12b,autonomous_depth_only,original,all,0.16,25,25,25,1.0,1.0,96,7,7,0.07291666666666667,0.07291666666666667,11,11,11,1.0,1.0
family_ablation,gemma4:12b,autonomous_depth_only,original,all,0.17,25,25,25,1.0,1.0,96,7,7,0.07291666666666667,0.07291666666666667,11,11,11,1.0,1.0
family_ablation,gemma4:12b,autonomous_depth_only,original,all,0.18,25,25,25,1.0,1.0,96,7,7,0.07291666666666667,0.07291666666666667,11,11,11,1.0,1.0
family_ablation,gemma4:12b,autonomous_depth_only,original,all,0.19,25,25,25,1.0,1.0,96,7,7,0.07291666666666667,0.07291666666666667,11,11,11,1.0,1.0
family_ablation,gemma4:12b,autonomous_depth_only,original,all,0.2,25,25,25,1.0,1.0,96,6,6,0.0625,0.0625,11,11,11,1.0,1.0
family_ablation,gemma4:12b,autonomous_depth_only,original,all,0.21,25,25,25,1.0,1.0,96,6,6,0.0625,0.0625,11,11,11,1.0,1.0
family_ablation,gemma4:12b,autonomous_depth_only,original,all,0.22,25,25,25,1.0,1.0,96,6,6,0.0625,0.0625,11,11,11,1.0,1.0
family_ablation,gemma4:12b,autonomous_depth_only,original,all,0.23,25,25,25,1.0,1.0,96,6,6,0.0625,0.0625,11,11,11,1.0,1.0
family_ablation,gemma4:12b,autonomous_depth_only,original,all,0.24,25,25,25,1.0,1.0,96,6,6,0.0625,0.0625,11,11,11,1.0,1.0
family_ablation,gemma4:12b,autonomous_depth_only,original,all,0.25,25,25,25,1.0,1.0,96,6,6,0.0625,0.0625,11,11,11,1.0,1.0
family_ablation,gemma4:12b,autonomous_depth_only,original,all,0.26,25,25,25,1.0,1.0,96,6,6,0.0625,0.0625,11,11,11,1.0,1.0
family_ablation,gemma4:12b,autonomous_depth_only,original,all,0.27,25,25,25,1.0,1.0,96,6,6,0.0625,0.0625,11,11,11,1.0,1.0
family_ablation,gemma4:12b,autonomous_depth_only,original,all,0.28,25,25,25,1.0,1.0,96,6,6,0.0625,0.0625,11,11,11,1.0,1.0
family_ablation,gemma4:12b,autonomous_depth_only,original,all,0.29,25,25,25,1.0,1.0,96,5,5,0.052083333333333336,0.052083333333333336,11,11,11,1.0,1.0
family_ablation,gemma4:12b,autonomous_depth_only,original,all,0.3,25,25,25,1.0,1.0,96,5,5,0.052083333333333336,0.052083333333333336,11,11,11,1.0,1.0
family_ablation,gemma4:12b,autonomous_depth_only,original,all,0.31,25,25,25,1.0,1.0,96,5,5,0.052083333333333336,0.052083333333333336,11,11,11,1.0,1.0
family_ablation,gemma4:12b,autonomous_depth_only,original,all,0.32,25,25,25,1.0,1.0,96,5,5,0.052083333333333336,0.052083333333333336,11,11,11,1.0,1.0
family_ablation,gemma4:12b,autonomous_depth_only,original,all,0.33,25,25,25,1.0,1.0,96,5,5,0.052083333333333336,0.052083333333333336,11,11,11,1.0,1.0
family_ablation,gemma4:12b,autonomous_depth_only,original,all,0.34,25,25,25,1.0,1.0,96,5,5,0.052083333333333336,0.052083333333333336,11,11,11,1.0,1.0
family_ablation,gemma4:12b,autonomous_depth_only,original,all,0.35,25,25,25,1.0,1.0,96,5,5,0.052083333333333336,0.052083333333333336,11,11,11,1.0,1.0
family_ablation,gemma4:12b,autonomous_depth_only,original,all,0.36,25,25,25,1.0,1.0,96,5,5,0.052083333333333336,0.052083333333333336,11,11,11,1.0,1.0
family_ablation,gemma4:12b,autonomous_depth_only,original,all,0.37,25,25,25,1.0,1.0,96,5,5,0.052083333333333336,0.052083333333333336,11,11,11,1.0,1.0
family_ablation,gemma4:12b,autonomous_depth_only,original,all,0.38,25,25,25,1.0,1.0,96,5,5,0.052083333333333336,0.052083333333333336,11,11,11,1.0,1.0
family_ablation,gemma4:12b,autonomous_depth_only,original,all,0.39,25,25,25,1.0,1.0,96,5,5,0.052083333333333336,0.052083333333333336,11,11,11,1.0,1.0
family_ablation,gemma4:12b,autonomous_depth_only,original,all,0.4,25,25,25,1.0,1.0,96,5,5,0.052083333333333336,0.052083333333333336,11,11,11,1.0,1.0
family_ablation,gemma4:12b,autonomous_depth_only,original,all,0.41,25,25,25,1.0,1.0,96,5,5,0.052083333333333336,0.052083333333333336,11,11,11,1.0,1.0
family_ablation,gemma4:12b,autonomous_depth_only,original,all,0.42,25,25,25,1.0,1.0,96,5,5,0.052083333333333336,0.052083333333333336,11,11,11,1.0,1.0
family_ablation,gemma4:12b,autonomous_depth_only,original,all,0.43,25,25,25,1.0,1.0,96,5,5,0.052083333333333336,0.052083333333333336,11,11,11,1.0,1.0
family_ablation,gemma4:12b,autonomous_depth_only,original,all,0.44,25,25,25,1.0,1.0,96,5,5,0.052083333333333336,0.052083333333333336,11,11,11,1.0,1.0
family_ablation,gemma4:12b,autonomous_depth_only,original,all,0.45,25,25,25,1.0,1.0,96,5,5,0.052083333333333336,0.052083333333333336,11,11,11,1.0,1.0
family_ablation,gemma4:12b,autonomous_depth_only,original,all,0.46,25,25,25,1.0,1.0,96,5,5,0.052083333333333336,0.052083333333333336,11,11,11,1.0,1.0
family_ablation,gemma4:12b,autonomous_depth_only,original,all,0.47,25,25,25,1.0,1.0,96,5,5,0.052083333333333336,0.052083333333333336,11,11,11,1.0,1.0
family_ablation,gemma4:12b,autonomous_depth_only,original,all,0.48,25,25,25,1.0,1.0,96,5,5,0.052083333333333336,0.052083333333333336,11,11,11,1.0,1.0
family_ablation,gemma4:12b,autonomous_depth_only,original,all,0.49,25,25,25,1.0,1.0,96,5,5,0.052083333333333336,0.052083333333333336,11,11,11,1.0,1.0
family_ablation,gemma4:12b,autonomous_depth_only,original,all,0.5,25,25,25,1.0,1.0,96,5,5,0.052083333333333336,0.052083333333333336,11,11,11,1.0,1.0
family_ablation,gemma4:12b,autonomous_depth_only,original,all,0.51,25,25,25,1.0,1.0,96,5,5,0.052083333333333336,0.052083333333333336,11,11,11,1.0,1.0
family_ablation,gemma4:12b,autonomous_depth_only,original,all,0.52,25,25,25,1.0,1.0,96,5,5,0.052083333333333336,0.052083333333333336,11,11,11,1.0,1.0
family_ablation,gemma4:12b,autonomous_depth_only,original,all,0.53,25,25,25,1.0,1.0,96,5,5,0.052083333333333336,0.052083333333333336,11,11,11,1.0,1.0
family_ablation,gemma4:12b,autonomous_depth_only,original,all,0.54,25,25,25,1.0,1.0,96,5,5,0.052083333333333336,0.052083333333333336,11,11,11,1.0,1.0
family_ablation,gemma4:12b,autonomous_depth_only,original,all,0.55,25,25,25,1.0,1.0,96,5,5,0.052083333333333336,0.052083333333333336,11,11,11,1.0,1.0
family_ablation,gemma4:12b,autonomous_depth_only,original,all,0.56,25,25,25,1.0,1.0,96,5,5,0.052083333333333336,0.052083333333333336,11,11,11,1.0,1.0
family_ablation,gemma4:12b,autonomous_depth_only,original,all,0.57,25,25,25,1.0,1.0,96,5,5,0.052083333333333336,0.052083333333333336,11,11,11,1.0,1.0
family_ablation,gemma4:12b,autonomous_depth_only,original,all,0.58,25,25,25,1.0,1.0,96,5,5,0.052083333333333336,0.052083333333333336,11,11,11,1.0,1.0
family_ablation,gemma4:12b,autonomous_depth_only,original,all,0.59,25,25,25,1.0,1.0,96,5,5,0.052083333333333336,0.052083333333333336,11,11,11,1.0,1.0
family_ablation,gemma4:12b,autonomous_depth_only,original,all,0.6,25,25,25,1.0,1.0,96,5,5,0.052083333333333336,0.052083333333333336,11,11,11,1.0,1.0
family_ablation,gemma4:12b,autonomous_depth_only,original,all,0.61,25,25,25,1.0,1.0,96,5,5,0.052083333333333336,0.052083333333333336,11,11,11,1.0,1.0
family_ablation,gemma4:12b,autonomous_depth_only,original,all,0.62,25,25,25,1.0,1.0,96,5,5,0.052083333333333336,0.052083333333333336,11,11,11,1.0,1.0
family_ablation,gemma4:12b,autonomous_depth_only,original,all,0.63,25,25,25,1.0,1.0,96,5,5,0.052083333333333336,0.052083333333333336,11,11,11,1.0,1.0
family_ablation,gemma4:12b,autonomous_depth_only,original,all,0.64,25,25,25,1.0,1.0,96,5,5,0.052083333333333336,0.052083333333333336,11,11,11,1.0,1.0
family_ablation,gemma4:12b,autonomous_depth_only,original,all,0.65,25,25,25,1.0,1.0,96,5,5,0.052083333333333336,0.052083333333333336,11,11,11,1.0,1.0
family_ablation,gemma4:12b,autonomous_depth_only,original,all,0.66,25,25,25,1.0,1.0,96,5,5,0.052083333333333336,0.052083333333333336,11,11,11,1.0,1.0
family_ablation,gemma4:12b,autonomous_depth_only,original,all,0.67,25,25,25,1.0,1.0,96,5,5,0.052083333333333336,0.052083333333333336,11,11,11,1.0,1.0
family_ablation,gemma4:12b,autonomous_depth_only,original,all,0.68,25,25,25,1.0,1.0,96,5,5,0.052083333333333336,0.052083333333333336,11,11,11,1.0,1.0
family_ablation,gemma4:12b,autonomous_depth_only,original,all,0.69,25,25,25,1.0,1.0,96,4,4,0.041666666666666664,0.041666666666666664,11,11,11,1.0,1.0
family_ablation,gemma4:12b,autonomous_depth_only,original,all,0.7,25,25,25,1.0,1.0,96,4,4,0.041666666666666664,0.041666666666666664,11,11,11,1.0,1.0
family_ablation,gemma4:12b,autonomous_depth_only,original,all,0.71,25,25,25,1.0,1.0,96,4,4,0.041666666666666664,0.041666666666666664,11,11,11,1.0,1.0
family_ablation,gemma4:12b,autonomous_depth_only,original,all,0.72,25,25,25,1.0,1.0,96,4,4,0.041666666666666664,0.041666666666666664,11,11,11,1.0,1.0
family_ablation,gemma4:12b,autonomous_depth_only,original,all,0.73,25,25,25,1.0,1.0,96,4,4,0.041666666666666664,0.041666666666666664,11,11,11,1.0,1.0
family_ablation,gemma4:12b,autonomous_depth_only,original,all,0.74,25,25,25,1.0,1.0,96,4,4,0.041666666666666664,0.041666666666666664,11,11,11,1.0,1.0
family_ablation,gemma4:12b,autonomous_depth_only,original,all,0.75,25,25,25,1.0,1.0,96,4,4,0.041666666666666664,0.041666666666666664,11,11,11,1.0,1.0
family_ablation,gemma4:12b,autonomous_depth_only,original,all,0.76,25,25,25,1.0,1.0,96,4,4,0.041666666666666664,0.041666666666666664,11,11,11,1.0,1.0
family_ablation,gemma4:12b,autonomous_depth_only,original,all,0.77,25,25,25,1.0,1.0,96,4,4,0.041666666666666664,0.041666666666666664,11,11,11,1.0,1.0
family_ablation,gemma4:12b,autonomous_depth_only,original,all,0.78,25,25,25,1.0,1.0,96,4,4,0.041666666666666664,0.041666666666666664,11,11,11,1.0,1.0
family_ablation,gemma4:12b,autonomous_depth_only,original,all,0.79,25,25,25,1.0,1.0,96,4,4,0.041666666666666664,0.041666666666666664,11,11,11,1.0,1.0
family_ablation,gemma4:12b,autonomous_depth_only,original,all,0.8,25,25,25,1.0,1.0,96,4,4,0.041666666666666664,0.041666666666666664,11,11,11,1.0,1.0
family_ablation,gemma4:12b,autonomous_depth_only,original,all,0.81,25,25,25,1.0,1.0,96,4,4,0.041666666666666664,0.041666666666666664,11,11,11,1.0,1.0
family_ablation,gemma4:12b,autonomous_depth_only,original,all,0.82,25,25,25,1.0,1.0,96,4,4,0.041666666666666664,0.041666666666666664,11,11,11,1.0,1.0
family_ablation,gemma4:12b,autonomous_depth_only,original,all,0.83,25,25,25,1.0,1.0,96,4,4,0.041666666666666664,0.041666666666666664,11,11,11,1.0,1.0
family_ablation,gemma4:12b,autonomous_depth_only,original,all,0.84,25,25,25,1.0,1.0,96,4,4,0.041666666666666664,0.041666666666666664,11,11,11,1.0,1.0
family_ablation,gemma4:12b,autonomous_depth_only,original,all,0.85,25,25,25,1.0,1.0,96,4,4,0.041666666666666664,0.041666666666666664,11,11,11,1.0,1.0
family_ablation,gemma4:12b,autonomous_depth_only,original,all,0.86,25,25,25,1.0,1.0,96,4,4,0.041666666666666664,0.041666666666666664,11,11,11,1.0,1.0
family_ablation,gemma4:12b,autonomous_depth_only,original,all,0.87,25,25,25,1.0,1.0,96,4,4,0.041666666666666664,0.041666666666666664,11,11,11,1.0,1.0
family_ablation,gemma4:12b,autonomous_depth_only,original,all,0.88,25,25,25,1.0,1.0,96,4,4,0.041666666666666664,0.041666666666666664,11,11,11,1.0,1.0
family_ablation,gemma4:12b,autonomous_depth_only,original,all,0.89,25,25,25,1.0,1.0,96,4,4,0.041666666666666664,0.041666666666666664,11,11,11,1.0,1.0
family_ablation,gemma4:12b,autonomous_depth_only,original,all,0.9,25,25,25,1.0,1.0,96,4,4,0.041666666666666664,0.041666666666666664,11,11,11,1.0,1.0
family_ablation,gemma4:12b,autonomous_depth_only,original,all,0.91,25,25,25,1.0,1.0,96,4,4,0.041666666666666664,0.041666666666666664,11,11,11,1.0,1.0
family_ablation,gemma4:12b,autonomous_depth_only,original,all,0.92,25,25,25,1.0,1.0,96,4,4,0.041666666666666664,0.041666666666666664,11,11,11,1.0,1.0
family_ablation,gemma4:12b,autonomous_depth_only,original,all,0.93,25,25,25,1.0,1.0,96,4,4,0.041666666666666664,0.041666666666666664,11,11,11,1.0,1.0
family_ablation,gemma4:12b,autonomous_depth_only,original,all,0.94,25,25,25,1.0,1.0,96,4,4,0.041666666666666664,0.041666666666666664,11,11,11,1.0,1.0
family_ablation,gemma4:12b,autonomous_depth_only,original,all,0.95,25,25,25,1.0,1.0,96,4,4,0.041666666666666664,0.041666666666666664,11,11,11,1.0,1.0
family_ablation,gemma4:12b,autonomous_depth_only,original,all,0.96,25,25,25,1.0,1.0,96,4,4,0.041666666666666664,0.041666666666666664,11,11,11,1.0,1.0
family_ablation,gemma4:12b,autonomous_depth_only,original,all,0.97,25,25,25,1.0,1.0,96,4,4,0.041666666666666664,0.041666666666666664,11,11,11,1.0,1.0
family_ablation,gemma4:12b,autonomous_depth_only,original,all,0.98,25,25,25,1.0,1.0,96,4,4,0.041666666666666664,0.041666666666666664,11,11,11,1.0,1.0
family_ablation,gemma4:12b,autonomous_depth_only,original,all,0.99,25,25,25,1.0,1.0,96,4,4,0.041666666666666664,0.041666666666666664,11,11,11,1.0,1.0
family_ablation,gemma4:12b,autonomous_depth_only,original,all,0.995,25,25,25,1.0,1.0,96,4,4,0.041666666666666664,0.041666666666666664,11,11,11,1.0,1.0
family_ablation,gemma4:12b,autonomous_depth_only,original,all,0.999,25,25,25,1.0,1.0,96,3,3,0.03125,0.03125,11,11,11,1.0,1.0
family_ablation,gemma4:12b,autonomous_depth_only,original,all,0.9999,25,25,25,1.0,1.0,96,2,2,0.020833333333333332,0.020833333333333332,11,11,11,1.0,1.0
family_ablation,gemma4:12b,autonomous_depth_only,original,all,0.99999,25,22,22,0.88,0.88,96,1,1,0.010416666666666666,0.010416666666666666,11,9,9,0.8181818181818182,0.8181818181818182
family_ablation,gemma4:12b,autonomous_depth_only,original,all,0.999999,25,0,0,0.0,0.0,96,0,0,0.0,0.0,11,0,0,0.0,0.0
family_ablation,gemma4:12b,autonomous_depth_only,original,all,1.0,25,0,0,0.0,0.0,96,0,0,0.0,0.0,11,0,0,0.0,0.0
family_ablation,gemma4:12b,autonomous_depth_only,state_101,all,0.0,24,24,24,1.0,1.0,86,86,86,1.0,1.0,10,10,10,1.0,1.0
family_ablation,gemma4:12b,autonomous_depth_only,state_101,all,0.01,24,24,24,1.0,1.0,86,11,11,0.12790697674418605,0.12790697674418605,10,10,10,1.0,1.0
family_ablation,gemma4:12b,autonomous_depth_only,state_101,all,0.02,24,24,24,1.0,1.0,86,11,11,0.12790697674418605,0.12790697674418605,10,10,10,1.0,1.0
family_ablation,gemma4:12b,autonomous_depth_only,state_101,all,0.03,24,24,24,1.0,1.0,86,11,11,0.12790697674418605,0.12790697674418605,10,10,10,1.0,1.0
family_ablation,gemma4:12b,autonomous_depth_only,state_101,all,0.04,24,24,24,1.0,1.0,86,9,9,0.10465116279069768,0.10465116279069768,10,10,10,1.0,1.0
family_ablation,gemma4:12b,autonomous_depth_only,state_101,all,0.05,24,24,24,1.0,1.0,86,8,8,0.09302325581395349,0.09302325581395349,10,10,10,1.0,1.0
family_ablation,gemma4:12b,autonomous_depth_only,state_101,all,0.06,24,24,24,1.0,1.0,86,8,8,0.09302325581395349,0.09302325581395349,10,10,10,1.0,1.0
family_ablation,gemma4:12b,autonomous_depth_only,state_101,all,0.07,24,24,24,1.0,1.0,86,8,8,0.09302325581395349,0.09302325581395349,10,10,10,1.0,1.0
family_ablation,gemma4:12b,autonomous_depth_only,state_101,all,0.08,24,24,24,1.0,1.0,86,8,8,0.09302325581395349,0.09302325581395349,10,10,10,1.0,1.0
family_ablation,gemma4:12b,autonomous_depth_only,state_101,all,0.09,24,24,24,1.0,1.0,86,8,8,0.09302325581395349,0.09302325581395349,10,10,10,1.0,1.0
family_ablation,gemma4:12b,autonomous_depth_only,state_101,all,0.1,24,24,24,1.0,1.0,86,8,8,0.09302325581395349,0.09302325581395349,10,10,10,1.0,1.0
family_ablation,gemma4:12b,autonomous_depth_only,state_101,all,0.11,24,24,24,1.0,1.0,86,8,8,0.09302325581395349,0.09302325581395349,10,10,10,1.0,1.0
family_ablation,gemma4:12b,autonomous_depth_only,state_101,all,0.12,24,24,24,1.0,1.0,86,8,8,0.09302325581395349,0.09302325581395349,10,10,10,1.0,1.0
family_ablation,gemma4:12b,autonomous_depth_only,state_101,all,0.13,24,24,24,1.0,1.0,86,8,8,0.09302325581395349,0.09302325581395349,10,10,10,1.0,1.0
family_ablation,gemma4:12b,autonomous_depth_only,state_101,all,0.14,24,24,24,1.0,1.0,86,8,8,0.09302325581395349,0.09302325581395349,10,10,10,1.0,1.0
family_ablation,gemma4:12b,autonomous_depth_only,state_101,all,0.15,24,24,24,1.0,1.0,86,8,8,0.09302325581395349,0.09302325581395349,10,10,10,1.0,1.0
family_ablation,gemma4:12b,autonomous_depth_only,state_101,all,0.16,24,24,24,1.0,1.0,86,8,8,0.09302325581395349,0.09302325581395349,10,10,10,1.0,1.0
family_ablation,gemma4:12b,autonomous_depth_only,state_101,all,0.17,24,24,24,1.0,1.0,86,8,8,0.09302325581395349,0.09302325581395349,10,10,10,1.0,1.0
family_ablation,gemma4:12b,autonomous_depth_only,state_101,all,0.18,24,24,24,1.0,1.0,86,8,8,0.09302325581395349,0.09302325581395349,10,10,10,1.0,1.0
family_ablation,gemma4:12b,autonomous_depth_only,state_101,all,0.19,24,24,24,1.0,1.0,86,8,8,0.09302325581395349,0.09302325581395349,10,10,10,1.0,1.0
family_ablation,gemma4:12b,autonomous_depth_only,state_101,all,0.2,24,24,24,1.0,1.0,86,8,8,0.09302325581395349,0.09302325581395349,10,10,10,1.0,1.0
family_ablation,gemma4:12b,autonomous_depth_only,state_101,all,0.21,24,24,24,1.0,1.0,86,8,8,0.09302325581395349,0.09302325581395349,10,10,10,1.0,1.0
family_ablation,gemma4:12b,autonomous_depth_only,state_101,all,0.22,24,24,24,1.0,1.0,86,8,8,0.09302325581395349,0.09302325581395349,10,10,10,1.0,1.0
family_ablation,gemma4:12b,autonomous_depth_only,state_101,all,0.23,24,24,24,1.0,1.0,86,8,8,0.09302325581395349,0.09302325581395349,10,10,10,1.0,1.0
family_ablation,gemma4:12b,autonomous_depth_only,state_101,all,0.24,24,24,24,1.0,1.0,86,8,8,0.09302325581395349,0.09302325581395349,10,10,10,1.0,1.0
family_ablation,gemma4:12b,autonomous_depth_only,state_101,all,0.25,24,24,24,1.0,1.0,86,8,8,0.09302325581395349,0.09302325581395349,10,10,10,1.0,1.0
family_ablation,gemma4:12b,autonomous_depth_only,state_101,all,0.26,24,24,24,1.0,1.0,86,8,8,0.09302325581395349,0.09302325581395349,10,10,10,1.0,1.0
family_ablation,gemma4:12b,autonomous_depth_only,state_101,all,0.27,24,24,24,1.0,1.0,86,8,8,0.09302325581395349,0.09302325581395349,10,10,10,1.0,1.0
family_ablation,gemma4:12b,autonomous_depth_only,state_101,all,0.28,24,24,24,1.0,1.0,86,8,8,0.09302325581395349,0.09302325581395349,10,10,10,1.0,1.0
family_ablation,gemma4:12b,autonomous_depth_only,state_101,all,0.29,24,24,24,1.0,1.0,86,8,8,0.09302325581395349,0.09302325581395349,10,10,10,1.0,1.0
family_ablation,gemma4:12b,autonomous_depth_only,state_101,all,0.3,24,24,24,1.0,1.0,86,8,8,0.09302325581395349,0.09302325581395349,10,10,10,1.0,1.0
family_ablation,gemma4:12b,autonomous_depth_only,state_101,all,0.31,24,24,24,1.0,1.0,86,8,8,0.09302325581395349,0.09302325581395349,10,10,10,1.0,1.0
family_ablation,gemma4:12b,autonomous_depth_only,state_101,all,0.32,24,24,24,1.0,1.0,86,8,8,0.09302325581395349,0.09302325581395349,10,10,10,1.0,1.0
family_ablation,gemma4:12b,autonomous_depth_only,state_101,all,0.33,24,24,24,1.0,1.0,86,8,8,0.09302325581395349,0.09302325581395349,10,10,10,1.0,1.0
family_ablation,gemma4:12b,autonomous_depth_only,state_101,all,0.34,24,24,24,1.0,1.0,86,8,8,0.09302325581395349,0.09302325581395349,10,10,10,1.0,1.0
family_ablation,gemma4:12b,autonomous_depth_only,state_101,all,0.35,24,24,24,1.0,1.0,86,8,8,0.09302325581395349,0.09302325581395349,10,10,10,1.0,1.0
family_ablation,gemma4:12b,autonomous_depth_only,state_101,all,0.36,24,24,24,1.0,1.0,86,8,8,0.09302325581395349,0.09302325581395349,10,10,10,1.0,1.0
family_ablation,gemma4:12b,autonomous_depth_only,state_101,all,0.37,24,24,24,1.0,1.0,86,8,8,0.09302325581395349,0.09302325581395349,10,10,10,1.0,1.0
family_ablation,gemma4:12b,autonomous_depth_only,state_101,all,0.38,24,24,24,1.0,1.0,86,8,8,0.09302325581395349,0.09302325581395349,10,10,10,1.0,1.0
family_ablation,gemma4:12b,autonomous_depth_only,state_101,all,0.39,24,24,24,1.0,1.0,86,8,8,0.09302325581395349,0.09302325581395349,10,10,10,1.0,1.0
family_ablation,gemma4:12b,autonomous_depth_only,state_101,all,0.4,24,24,24,1.0,1.0,86,8,8,0.09302325581395349,0.09302325581395349,10,10,10,1.0,1.0
family_ablation,gemma4:12b,autonomous_depth_only,state_101,all,0.41,24,24,24,1.0,1.0,86,8,8,0.09302325581395349,0.09302325581395349,10,10,10,1.0,1.0
family_ablation,gemma4:12b,autonomous_depth_only,state_101,all,0.42,24,24,24,1.0,1.0,86,8,8,0.09302325581395349,0.09302325581395349,10,10,10,1.0,1.0
family_ablation,gemma4:12b,autonomous_depth_only,state_101,all,0.43,24,24,24,1.0,1.0,86,7,7,0.08139534883720931,0.08139534883720931,10,10,10,1.0,1.0
family_ablation,gemma4:12b,autonomous_depth_only,state_101,all,0.44,24,24,24,1.0,1.0,86,7,7,0.08139534883720931,0.08139534883720931,10,10,10,1.0,1.0
family_ablation,gemma4:12b,autonomous_depth_only,state_101,all,0.45,24,24,24,1.0,1.0,86,7,7,0.08139534883720931,0.08139534883720931,10,10,10,1.0,1.0
family_ablation,gemma4:12b,autonomous_depth_only,state_101,all,0.46,24,24,24,1.0,1.0,86,7,7,0.08139534883720931,0.08139534883720931,10,10,10,1.0,1.0
family_ablation,gemma4:12b,autonomous_depth_only,state_101,all,0.47,24,24,24,1.0,1.0,86,7,7,0.08139534883720931,0.08139534883720931,10,10,10,1.0,1.0
family_ablation,gemma4:12b,autonomous_depth_only,state_101,all,0.48,24,24,24,1.0,1.0,86,7,7,0.08139534883720931,0.08139534883720931,10,10,10,1.0,1.0
family_ablation,gemma4:12b,autonomous_depth_only,state_101,all,0.49,24,24,24,1.0,1.0,86,7,7,0.08139534883720931,0.08139534883720931,10,10,10,1.0,1.0
family_ablation,gemma4:12b,autonomous_depth_only,state_101,all,0.5,24,24,24,1.0,1.0,86,7,7,0.08139534883720931,0.08139534883720931,10,10,10,1.0,1.0
family_ablation,gemma4:12b,autonomous_depth_only,state_101,all,0.51,24,24,24,1.0,1.0,86,7,7,0.08139534883720931,0.08139534883720931,10,10,10,1.0,1.0
family_ablation,gemma4:12b,autonomous_depth_only,state_101,all,0.52,24,24,24,1.0,1.0,86,7,7,0.08139534883720931,0.08139534883720931,10,10,10,1.0,1.0
family_ablation,gemma4:12b,autonomous_depth_only,state_101,all,0.53,24,24,24,1.0,1.0,86,7,7,0.08139534883720931,0.08139534883720931,10,10,10,1.0,1.0
family_ablation,gemma4:12b,autonomous_depth_only,state_101,all,0.54,24,24,24,1.0,1.0,86,7,7,0.08139534883720931,0.08139534883720931,10,10,10,1.0,1.0
family_ablation,gemma4:12b,autonomous_depth_only,state_101,all,0.55,24,24,24,1.0,1.0,86,7,7,0.08139534883720931,0.08139534883720931,10,10,10,1.0,1.0
family_ablation,gemma4:12b,autonomous_depth_only,state_101,all,0.56,24,24,24,1.0,1.0,86,7,7,0.08139534883720931,0.08139534883720931,10,10,10,1.0,1.0
family_ablation,gemma4:12b,autonomous_depth_only,state_101,all,0.57,24,24,24,1.0,1.0,86,7,7,0.08139534883720931,0.08139534883720931,10,10,10,1.0,1.0
family_ablation,gemma4:12b,autonomous_depth_only,state_101,all,0.58,24,24,24,1.0,1.0,86,7,7,0.08139534883720931,0.08139534883720931,10,10,10,1.0,1.0
family_ablation,gemma4:12b,autonomous_depth_only,state_101,all,0.59,24,24,24,1.0,1.0,86,7,7,0.08139534883720931,0.08139534883720931,10,10,10,1.0,1.0
family_ablation,gemma4:12b,autonomous_depth_only,state_101,all,0.6,24,24,24,1.0,1.0,86,7,7,0.08139534883720931,0.08139534883720931,10,10,10,1.0,1.0
family_ablation,gemma4:12b,autonomous_depth_only,state_101,all,0.61,24,24,24,1.0,1.0,86,7,7,0.08139534883720931,0.08139534883720931,10,10,10,1.0,1.0
family_ablation,gemma4:12b,autonomous_depth_only,state_101,all,0.62,24,24,24,1.0,1.0,86,7,7,0.08139534883720931,0.08139534883720931,10,10,10,1.0,1.0
family_ablation,gemma4:12b,autonomous_depth_only,state_101,all,0.63,24,24,24,1.0,1.0,86,7,7,0.08139534883720931,0.08139534883720931,10,10,10,1.0,1.0
family_ablation,gemma4:12b,autonomous_depth_only,state_101,all,0.64,24,24,24,1.0,1.0,86,7,7,0.08139534883720931,0.08139534883720931,10,10,10,1.0,1.0
family_ablation,gemma4:12b,autonomous_depth_only,state_101,all,0.65,24,24,24,1.0,1.0,86,7,7,0.08139534883720931,0.08139534883720931,10,10,10,1.0,1.0
family_ablation,gemma4:12b,autonomous_depth_only,state_101,all,0.66,24,24,24,1.0,1.0,86,7,7,0.08139534883720931,0.08139534883720931,10,10,10,1.0,1.0
family_ablation,gemma4:12b,autonomous_depth_only,state_101,all,0.67,24,24,24,1.0,1.0,86,7,7,0.08139534883720931,0.08139534883720931,10,10,10,1.0,1.0
family_ablation,gemma4:12b,autonomous_depth_only,state_101,all,0.68,24,24,24,1.0,1.0,86,7,7,0.08139534883720931,0.08139534883720931,10,10,10,1.0,1.0
family_ablation,gemma4:12b,autonomous_depth_only,state_101,all,0.69,24,24,24,1.0,1.0,86,7,7,0.08139534883720931,0.08139534883720931,10,10,10,1.0,1.0
family_ablation,gemma4:12b,autonomous_depth_only,state_101,all,0.7,24,24,24,1.0,1.0,86,7,7,0.08139534883720931,0.08139534883720931,10,10,10,1.0,1.0
family_ablation,gemma4:12b,autonomous_depth_only,state_101,all,0.71,24,24,24,1.0,1.0,86,7,7,0.08139534883720931,0.08139534883720931,10,10,10,1.0,1.0
family_ablation,gemma4:12b,autonomous_depth_only,state_101,all,0.72,24,24,24,1.0,1.0,86,7,7,0.08139534883720931,0.08139534883720931,10,10,10,1.0,1.0
family_ablation,gemma4:12b,autonomous_depth_only,state_101,all,0.73,24,24,24,1.0,1.0,86,7,7,0.08139534883720931,0.08139534883720931,10,10,10,1.0,1.0
family_ablation,gemma4:12b,autonomous_depth_only,state_101,all,0.74,24,24,24,1.0,1.0,86,6,6,0.06976744186046512,0.06976744186046512,10,10,10,1.0,1.0
family_ablation,gemma4:12b,autonomous_depth_only,state_101,all,0.75,24,24,24,1.0,1.0,86,6,6,0.06976744186046512,0.06976744186046512,10,10,10,1.0,1.0
family_ablation,gemma4:12b,autonomous_depth_only,state_101,all,0.76,24,24,24,1.0,1.0,86,6,6,0.06976744186046512,0.06976744186046512,10,10,10,1.0,1.0
family_ablation,gemma4:12b,autonomous_depth_only,state_101,all,0.77,24,24,24,1.0,1.0,86,5,5,0.05813953488372093,0.05813953488372093,10,10,10,1.0,1.0
family_ablation,gemma4:12b,autonomous_depth_only,state_101,all,0.78,24,24,24,1.0,1.0,86,5,5,0.05813953488372093,0.05813953488372093,10,10,10,1.0,1.0
family_ablation,gemma4:12b,autonomous_depth_only,state_101,all,0.79,24,24,24,1.0,1.0,86,3,3,0.03488372093023256,0.03488372093023256,10,10,10,1.0,1.0
family_ablation,gemma4:12b,autonomous_depth_only,state_101,all,0.8,24,24,24,1.0,1.0,86,3,3,0.03488372093023256,0.03488372093023256,10,10,10,1.0,1.0
family_ablation,gemma4:12b,autonomous_depth_only,state_101,all,0.81,24,24,24,1.0,1.0,86,3,3,0.03488372093023256,0.03488372093023256,10,10,10,1.0,1.0
family_ablation,gemma4:12b,autonomous_depth_only,state_101,all,0.82,24,24,24,1.0,1.0,86,3,3,0.03488372093023256,0.03488372093023256,10,10,10,1.0,1.0
family_ablation,gemma4:12b,autonomous_depth_only,state_101,all,0.83,24,24,24,1.0,1.0,86,3,3,0.03488372093023256,0.03488372093023256,10,10,10,1.0,1.0
family_ablation,gemma4:12b,autonomous_depth_only,state_101,all,0.84,24,24,24,1.0,1.0,86,3,3,0.03488372093023256,0.03488372093023256,10,10,10,1.0,1.0
family_ablation,gemma4:12b,autonomous_depth_only,state_101,all,0.85,24,24,24,1.0,1.0,86,3,3,0.03488372093023256,0.03488372093023256,10,10,10,1.0,1.0
family_ablation,gemma4:12b,autonomous_depth_only,state_101,all,0.86,24,24,24,1.0,1.0,86,3,3,0.03488372093023256,0.03488372093023256,10,10,10,1.0,1.0
family_ablation,gemma4:12b,autonomous_depth_only,state_101,all,0.87,24,24,24,1.0,1.0,86,3,3,0.03488372093023256,0.03488372093023256,10,10,10,1.0,1.0
family_ablation,gemma4:12b,autonomous_depth_only,state_101,all,0.88,24,24,24,1.0,1.0,86,3,3,0.03488372093023256,0.03488372093023256,10,10,10,1.0,1.0
family_ablation,gemma4:12b,autonomous_depth_only,state_101,all,0.89,24,24,24,1.0,1.0,86,3,3,0.03488372093023256,0.03488372093023256,10,10,10,1.0,1.0
family_ablation,gemma4:12b,autonomous_depth_only,state_101,all,0.9,24,24,24,1.0,1.0,86,3,3,0.03488372093023256,0.03488372093023256,10,10,10,1.0,1.0
family_ablation,gemma4:12b,autonomous_depth_only,state_101,all,0.91,24,24,24,1.0,1.0,86,2,2,0.023255813953488372,0.023255813953488372,10,10,10,1.0,1.0
family_ablation,gemma4:12b,autonomous_depth_only,state_101,all,0.92,24,24,24,1.0,1.0,86,2,2,0.023255813953488372,0.023255813953488372,10,10,10,1.0,1.0
family_ablation,gemma4:12b,autonomous_depth_only,state_101,all,0.93,24,24,24,1.0,1.0,86,2,2,0.023255813953488372,0.023255813953488372,10,10,10,1.0,1.0
family_ablation,gemma4:12b,autonomous_depth_only,state_101,all,0.94,24,24,24,1.0,1.0,86,2,2,0.023255813953488372,0.023255813953488372,10,10,10,1.0,1.0
family_ablation,gemma4:12b,autonomous_depth_only,state_101,all,0.95,24,24,24,1.0,1.0,86,2,2,0.023255813953488372,0.023255813953488372,10,10,10,1.0,1.0
family_ablation,gemma4:12b,autonomous_depth_only,state_101,all,0.96,24,24,24,1.0,1.0,86,2,2,0.023255813953488372,0.023255813953488372,10,10,10,1.0,1.0
family_ablation,gemma4:12b,autonomous_depth_only,state_101,all,0.97,24,24,24,1.0,1.0,86,2,2,0.023255813953488372,0.023255813953488372,10,10,10,1.0,1.0
family_ablation,gemma4:12b,autonomous_depth_only,state_101,all,0.98,24,24,24,1.0,1.0,86,2,2,0.023255813953488372,0.023255813953488372,10,10,10,1.0,1.0
family_ablation,gemma4:12b,autonomous_depth_only,state_101,all,0.99,24,22,22,0.9166666666666666,0.9166666666666666,86,2,2,0.023255813953488372,0.023255813953488372,10,9,9,0.9,0.9
family_ablation,gemma4:12b,autonomous_depth_only,state_101,all,0.995,24,22,22,0.9166666666666666,0.9166666666666666,86,1,1,0.011627906976744186,0.011627906976744186,10,9,9,0.9,0.9
family_ablation,gemma4:12b,autonomous_depth_only,state_101,all,0.999,24,22,22,0.9166666666666666,0.9166666666666666,86,1,1,0.011627906976744186,0.011627906976744186,10,9,9,0.9,0.9
family_ablation,gemma4:12b,autonomous_depth_only,state_101,all,0.9999,24,22,22,0.9166666666666666,0.9166666666666666,86,0,0,0.0,0.0,10,9,9,0.9,0.9
family_ablation,gemma4:12b,autonomous_depth_only,state_101,all,0.99999,24,19,19,0.7916666666666666,0.7916666666666666,86,0,0,0.0,0.0,10,7,7,0.7,0.7
family_ablation,gemma4:12b,autonomous_depth_only,state_101,all,0.999999,24,0,0,0.0,0.0,86,0,0,0.0,0.0,10,0,0,0.0,0.0
family_ablation,gemma4:12b,autonomous_depth_only,state_101,all,1.0,24,0,0,0.0,0.0,86,0,0,0.0,0.0,10,0,0,0.0,0.0
family_ablation,gemma4:12b,autonomous_depth_only,state_202,all,0.0,25,25,25,1.0,1.0,96,96,96,1.0,1.0,11,11,11,1.0,1.0
family_ablation,gemma4:12b,autonomous_depth_only,state_202,all,0.01,25,25,25,1.0,1.0,96,5,5,0.052083333333333336,0.052083333333333336,11,11,11,1.0,1.0
family_ablation,gemma4:12b,autonomous_depth_only,state_202,all,0.02,25,25,25,1.0,1.0,96,5,5,0.052083333333333336,0.052083333333333336,11,11,11,1.0,1.0
family_ablation,gemma4:12b,autonomous_depth_only,state_202,all,0.03,25,25,25,1.0,1.0,96,5,5,0.052083333333333336,0.052083333333333336,11,11,11,1.0,1.0
family_ablation,gemma4:12b,autonomous_depth_only,state_202,all,0.04,25,25,25,1.0,1.0,96,5,5,0.052083333333333336,0.052083333333333336,11,11,11,1.0,1.0
family_ablation,gemma4:12b,autonomous_depth_only,state_202,all,0.05,25,25,25,1.0,1.0,96,5,5,0.052083333333333336,0.052083333333333336,11,11,11,1.0,1.0
family_ablation,gemma4:12b,autonomous_depth_only,state_202,all,0.06,25,25,25,1.0,1.0,96,5,5,0.052083333333333336,0.052083333333333336,11,11,11,1.0,1.0
family_ablation,gemma4:12b,autonomous_depth_only,state_202,all,0.07,25,25,25,1.0,1.0,96,5,5,0.052083333333333336,0.052083333333333336,11,11,11,1.0,1.0
family_ablation,gemma4:12b,autonomous_depth_only,state_202,all,0.08,25,25,25,1.0,1.0,96,5,5,0.052083333333333336,0.052083333333333336,11,11,11,1.0,1.0
family_ablation,gemma4:12b,autonomous_depth_only,state_202,all,0.09,25,25,25,1.0,1.0,96,5,5,0.052083333333333336,0.052083333333333336,11,11,11,1.0,1.0
family_ablation,gemma4:12b,autonomous_depth_only,state_202,all,0.1,25,25,25,1.0,1.0,96,5,5,0.052083333333333336,0.052083333333333336,11,11,11,1.0,1.0
family_ablation,gemma4:12b,autonomous_depth_only,state_202,all,0.11,25,25,25,1.0,1.0,96,5,5,0.052083333333333336,0.052083333333333336,11,11,11,1.0,1.0
family_ablation,gemma4:12b,autonomous_depth_only,state_202,all,0.12,25,25,25,1.0,1.0,96,5,5,0.052083333333333336,0.052083333333333336,11,11,11,1.0,1.0
family_ablation,gemma4:12b,autonomous_depth_only,state_202,all,0.13,25,25,25,1.0,1.0,96,5,5,0.052083333333333336,0.052083333333333336,11,11,11,1.0,1.0
family_ablation,gemma4:12b,autonomous_depth_only,state_202,all,0.14,25,25,25,1.0,1.0,96,5,5,0.052083333333333336,0.052083333333333336,11,11,11,1.0,1.0
family_ablation,gemma4:12b,autonomous_depth_only,state_202,all,0.15,25,25,25,1.0,1.0,96,5,5,0.052083333333333336,0.052083333333333336,11,11,11,1.0,1.0
family_ablation,gemma4:12b,autonomous_depth_only,state_202,all,0.16,25,25,25,1.0,1.0,96,5,5,0.052083333333333336,0.052083333333333336,11,11,11,1.0,1.0
family_ablation,gemma4:12b,autonomous_depth_only,state_202,all,0.17,25,25,25,1.0,1.0,96,5,5,0.052083333333333336,0.052083333333333336,11,11,11,1.0,1.0
family_ablation,gemma4:12b,autonomous_depth_only,state_202,all,0.18,25,25,25,1.0,1.0,96,5,5,0.052083333333333336,0.052083333333333336,11,11,11,1.0,1.0
family_ablation,gemma4:12b,autonomous_depth_only,state_202,all,0.19,25,25,25,1.0,1.0,96,5,5,0.052083333333333336,0.052083333333333336,11,11,11,1.0,1.0
family_ablation,gemma4:12b,autonomous_depth_only,state_202,all,0.2,25,25,25,1.0,1.0,96,5,5,0.052083333333333336,0.052083333333333336,11,11,11,1.0,1.0
family_ablation,gemma4:12b,autonomous_depth_only,state_202,all,0.21,25,25,25,1.0,1.0,96,5,5,0.052083333333333336,0.052083333333333336,11,11,11,1.0,1.0
family_ablation,gemma4:12b,autonomous_depth_only,state_202,all,0.22,25,25,25,1.0,1.0,96,5,5,0.052083333333333336,0.052083333333333336,11,11,11,1.0,1.0
family_ablation,gemma4:12b,autonomous_depth_only,state_202,all,0.23,25,25,25,1.0,1.0,96,5,5,0.052083333333333336,0.052083333333333336,11,11,11,1.0,1.0
family_ablation,gemma4:12b,autonomous_depth_only,state_202,all,0.24,25,25,25,1.0,1.0,96,5,5,0.052083333333333336,0.052083333333333336,11,11,11,1.0,1.0
family_ablation,gemma4:12b,autonomous_depth_only,state_202,all,0.25,25,25,25,1.0,1.0,96,5,5,0.052083333333333336,0.052083333333333336,11,11,11,1.0,1.0
family_ablation,gemma4:12b,autonomous_depth_only,state_202,all,0.26,25,25,25,1.0,1.0,96,5,5,0.052083333333333336,0.052083333333333336,11,11,11,1.0,1.0
family_ablation,gemma4:12b,autonomous_depth_only,state_202,all,0.27,25,25,25,1.0,1.0,96,5,5,0.052083333333333336,0.052083333333333336,11,11,11,1.0,1.0
family_ablation,gemma4:12b,autonomous_depth_only,state_202,all,0.28,25,25,25,1.0,1.0,96,5,5,0.052083333333333336,0.052083333333333336,11,11,11,1.0,1.0
family_ablation,gemma4:12b,autonomous_depth_only,state_202,all,0.29,25,25,25,1.0,1.0,96,5,5,0.052083333333333336,0.052083333333333336,11,11,11,1.0,1.0
family_ablation,gemma4:12b,autonomous_depth_only,state_202,all,0.3,25,25,25,1.0,1.0,96,5,5,0.052083333333333336,0.052083333333333336,11,11,11,1.0,1.0
family_ablation,gemma4:12b,autonomous_depth_only,state_202,all,0.31,25,25,25,1.0,1.0,96,5,5,0.052083333333333336,0.052083333333333336,11,11,11,1.0,1.0
family_ablation,gemma4:12b,autonomous_depth_only,state_202,all,0.32,25,25,25,1.0,1.0,96,5,5,0.052083333333333336,0.052083333333333336,11,11,11,1.0,1.0
family_ablation,gemma4:12b,autonomous_depth_only,state_202,all,0.33,25,25,25,1.0,1.0,96,5,5,0.052083333333333336,0.052083333333333336,11,11,11,1.0,1.0
family_ablation,gemma4:12b,autonomous_depth_only,state_202,all,0.34,25,25,25,1.0,1.0,96,5,5,0.052083333333333336,0.052083333333333336,11,11,11,1.0,1.0
family_ablation,gemma4:12b,autonomous_depth_only,state_202,all,0.35,25,25,25,1.0,1.0,96,5,5,0.052083333333333336,0.052083333333333336,11,11,11,1.0,1.0
family_ablation,gemma4:12b,autonomous_depth_only,state_202,all,0.36,25,25,25,1.0,1.0,96,5,5,0.052083333333333336,0.052083333333333336,11,11,11,1.0,1.0
family_ablation,gemma4:12b,autonomous_depth_only,state_202,all,0.37,25,25,25,1.0,1.0,96,5,5,0.052083333333333336,0.052083333333333336,11,11,11,1.0,1.0
family_ablation,gemma4:12b,autonomous_depth_only,state_202,all,0.38,25,25,25,1.0,1.0,96,5,5,0.052083333333333336,0.052083333333333336,11,11,11,1.0,1.0
family_ablation,gemma4:12b,autonomous_depth_only,state_202,all,0.39,25,25,25,1.0,1.0,96,5,5,0.052083333333333336,0.052083333333333336,11,11,11,1.0,1.0
family_ablation,gemma4:12b,autonomous_depth_only,state_202,all,0.4,25,25,25,1.0,1.0,96,5,5,0.052083333333333336,0.052083333333333336,11,11,11,1.0,1.0
family_ablation,gemma4:12b,autonomous_depth_only,state_202,all,0.41,25,25,25,1.0,1.0,96,5,5,0.052083333333333336,0.052083333333333336,11,11,11,1.0,1.0
family_ablation,gemma4:12b,autonomous_depth_only,state_202,all,0.42,25,25,25,1.0,1.0,96,5,5,0.052083333333333336,0.052083333333333336,11,11,11,1.0,1.0
family_ablation,gemma4:12b,autonomous_depth_only,state_202,all,0.43,25,25,25,1.0,1.0,96,5,5,0.052083333333333336,0.052083333333333336,11,11,11,1.0,1.0
family_ablation,gemma4:12b,autonomous_depth_only,state_202,all,0.44,25,25,25,1.0,1.0,96,5,5,0.052083333333333336,0.052083333333333336,11,11,11,1.0,1.0
family_ablation,gemma4:12b,autonomous_depth_only,state_202,all,0.45,25,25,25,1.0,1.0,96,5,5,0.052083333333333336,0.052083333333333336,11,11,11,1.0,1.0
family_ablation,gemma4:12b,autonomous_depth_only,state_202,all,0.46,25,25,25,1.0,1.0,96,5,5,0.052083333333333336,0.052083333333333336,11,11,11,1.0,1.0
family_ablation,gemma4:12b,autonomous_depth_only,state_202,all,0.47,25,25,25,1.0,1.0,96,5,5,0.052083333333333336,0.052083333333333336,11,11,11,1.0,1.0
family_ablation,gemma4:12b,autonomous_depth_only,state_202,all,0.48,25,25,25,1.0,1.0,96,5,5,0.052083333333333336,0.052083333333333336,11,11,11,1.0,1.0
family_ablation,gemma4:12b,autonomous_depth_only,state_202,all,0.49,25,25,25,1.0,1.0,96,5,5,0.052083333333333336,0.052083333333333336,11,11,11,1.0,1.0
family_ablation,gemma4:12b,autonomous_depth_only,state_202,all,0.5,25,25,25,1.0,1.0,96,5,5,0.052083333333333336,0.052083333333333336,11,11,11,1.0,1.0
family_ablation,gemma4:12b,autonomous_depth_only,state_202,all,0.51,25,25,25,1.0,1.0,96,5,5,0.052083333333333336,0.052083333333333336,11,11,11,1.0,1.0
family_ablation,gemma4:12b,autonomous_depth_only,state_202,all,0.52,25,25,25,1.0,1.0,96,5,5,0.052083333333333336,0.052083333333333336,11,11,11,1.0,1.0
family_ablation,gemma4:12b,autonomous_depth_only,state_202,all,0.53,25,25,25,1.0,1.0,96,5,5,0.052083333333333336,0.052083333333333336,11,11,11,1.0,1.0
family_ablation,gemma4:12b,autonomous_depth_only,state_202,all,0.54,25,25,25,1.0,1.0,96,5,5,0.052083333333333336,0.052083333333333336,11,11,11,1.0,1.0
family_ablation,gemma4:12b,autonomous_depth_only,state_202,all,0.55,25,25,25,1.0,1.0,96,5,5,0.052083333333333336,0.052083333333333336,11,11,11,1.0,1.0
family_ablation,gemma4:12b,autonomous_depth_only,state_202,all,0.56,25,25,25,1.0,1.0,96,5,5,0.052083333333333336,0.052083333333333336,11,11,11,1.0,1.0
family_ablation,gemma4:12b,autonomous_depth_only,state_202,all,0.57,25,25,25,1.0,1.0,96,5,5,0.052083333333333336,0.052083333333333336,11,11,11,1.0,1.0
family_ablation,gemma4:12b,autonomous_depth_only,state_202,all,0.58,25,25,25,1.0,1.0,96,5,5,0.052083333333333336,0.052083333333333336,11,11,11,1.0,1.0
family_ablation,gemma4:12b,autonomous_depth_only,state_202,all,0.59,25,25,25,1.0,1.0,96,5,5,0.052083333333333336,0.052083333333333336,11,11,11,1.0,1.0
family_ablation,gemma4:12b,autonomous_depth_only,state_202,all,0.6,25,25,25,1.0,1.0,96,5,5,0.052083333333333336,0.052083333333333336,11,11,11,1.0,1.0
family_ablation,gemma4:12b,autonomous_depth_only,state_202,all,0.61,25,25,25,1.0,1.0,96,5,5,0.052083333333333336,0.052083333333333336,11,11,11,1.0,1.0
family_ablation,gemma4:12b,autonomous_depth_only,state_202,all,0.62,25,25,25,1.0,1.0,96,5,5,0.052083333333333336,0.052083333333333336,11,11,11,1.0,1.0
family_ablation,gemma4:12b,autonomous_depth_only,state_202,all,0.63,25,25,25,1.0,1.0,96,5,5,0.052083333333333336,0.052083333333333336,11,11,11,1.0,1.0
family_ablation,gemma4:12b,autonomous_depth_only,state_202,all,0.64,25,25,25,1.0,1.0,96,5,5,0.052083333333333336,0.052083333333333336,11,11,11,1.0,1.0
family_ablation,gemma4:12b,autonomous_depth_only,state_202,all,0.65,25,25,25,1.0,1.0,96,5,5,0.052083333333333336,0.052083333333333336,11,11,11,1.0,1.0
family_ablation,gemma4:12b,autonomous_depth_only,state_202,all,0.66,25,25,25,1.0,1.0,96,5,5,0.052083333333333336,0.052083333333333336,11,11,11,1.0,1.0
family_ablation,gemma4:12b,autonomous_depth_only,state_202,all,0.67,25,25,25,1.0,1.0,96,5,5,0.052083333333333336,0.052083333333333336,11,11,11,1.0,1.0
family_ablation,gemma4:12b,autonomous_depth_only,state_202,all,0.68,25,25,25,1.0,1.0,96,5,5,0.052083333333333336,0.052083333333333336,11,11,11,1.0,1.0
family_ablation,gemma4:12b,autonomous_depth_only,state_202,all,0.69,25,25,25,1.0,1.0,96,5,5,0.052083333333333336,0.052083333333333336,11,11,11,1.0,1.0
family_ablation,gemma4:12b,autonomous_depth_only,state_202,all,0.7,25,25,25,1.0,1.0,96,5,5,0.052083333333333336,0.052083333333333336,11,11,11,1.0,1.0
family_ablation,gemma4:12b,autonomous_depth_only,state_202,all,0.71,25,25,25,1.0,1.0,96,5,5,0.052083333333333336,0.052083333333333336,11,11,11,1.0,1.0
family_ablation,gemma4:12b,autonomous_depth_only,state_202,all,0.72,25,25,25,1.0,1.0,96,5,5,0.052083333333333336,0.052083333333333336,11,11,11,1.0,1.0
family_ablation,gemma4:12b,autonomous_depth_only,state_202,all,0.73,25,25,25,1.0,1.0,96,5,5,0.052083333333333336,0.052083333333333336,11,11,11,1.0,1.0
family_ablation,gemma4:12b,autonomous_depth_only,state_202,all,0.74,25,25,25,1.0,1.0,96,5,5,0.052083333333333336,0.052083333333333336,11,11,11,1.0,1.0
family_ablation,gemma4:12b,autonomous_depth_only,state_202,all,0.75,25,25,25,1.0,1.0,96,5,5,0.052083333333333336,0.052083333333333336,11,11,11,1.0,1.0
family_ablation,gemma4:12b,autonomous_depth_only,state_202,all,0.76,25,25,25,1.0,1.0,96,5,5,0.052083333333333336,0.052083333333333336,11,11,11,1.0,1.0
family_ablation,gemma4:12b,autonomous_depth_only,state_202,all,0.77,25,25,25,1.0,1.0,96,5,5,0.052083333333333336,0.052083333333333336,11,11,11,1.0,1.0
family_ablation,gemma4:12b,autonomous_depth_only,state_202,all,0.78,25,25,25,1.0,1.0,96,5,5,0.052083333333333336,0.052083333333333336,11,11,11,1.0,1.0
family_ablation,gemma4:12b,autonomous_depth_only,state_202,all,0.79,25,25,25,1.0,1.0,96,5,5,0.052083333333333336,0.052083333333333336,11,11,11,1.0,1.0
family_ablation,gemma4:12b,autonomous_depth_only,state_202,all,0.8,25,25,25,1.0,1.0,96,5,5,0.052083333333333336,0.052083333333333336,11,11,11,1.0,1.0
family_ablation,gemma4:12b,autonomous_depth_only,state_202,all,0.81,25,25,25,1.0,1.0,96,5,5,0.052083333333333336,0.052083333333333336,11,11,11,1.0,1.0
family_ablation,gemma4:12b,autonomous_depth_only,state_202,all,0.82,25,25,25,1.0,1.0,96,5,5,0.052083333333333336,0.052083333333333336,11,11,11,1.0,1.0
family_ablation,gemma4:12b,autonomous_depth_only,state_202,all,0.83,25,25,25,1.0,1.0,96,5,5,0.052083333333333336,0.052083333333333336,11,11,11,1.0,1.0
family_ablation,gemma4:12b,autonomous_depth_only,state_202,all,0.84,25,25,25,1.0,1.0,96,5,5,0.052083333333333336,0.052083333333333336,11,11,11,1.0,1.0
family_ablation,gemma4:12b,autonomous_depth_only,state_202,all,0.85,25,25,25,1.0,1.0,96,4,4,0.041666666666666664,0.041666666666666664,11,11,11,1.0,1.0
family_ablation,gemma4:12b,autonomous_depth_only,state_202,all,0.86,25,25,25,1.0,1.0,96,4,4,0.041666666666666664,0.041666666666666664,11,11,11,1.0,1.0
family_ablation,gemma4:12b,autonomous_depth_only,state_202,all,0.87,25,25,25,1.0,1.0,96,4,4,0.041666666666666664,0.041666666666666664,11,11,11,1.0,1.0
family_ablation,gemma4:12b,autonomous_depth_only,state_202,all,0.88,25,25,25,1.0,1.0,96,4,4,0.041666666666666664,0.041666666666666664,11,11,11,1.0,1.0
family_ablation,gemma4:12b,autonomous_depth_only,state_202,all,0.89,25,25,25,1.0,1.0,96,4,4,0.041666666666666664,0.041666666666666664,11,11,11,1.0,1.0
family_ablation,gemma4:12b,autonomous_depth_only,state_202,all,0.9,25,25,25,1.0,1.0,96,4,4,0.041666666666666664,0.041666666666666664,11,11,11,1.0,1.0
family_ablation,gemma4:12b,autonomous_depth_only,state_202,all,0.91,25,25,25,1.0,1.0,96,4,4,0.041666666666666664,0.041666666666666664,11,11,11,1.0,1.0
family_ablation,gemma4:12b,autonomous_depth_only,state_202,all,0.92,25,25,25,1.0,1.0,96,4,4,0.041666666666666664,0.041666666666666664,11,11,11,1.0,1.0
family_ablation,gemma4:12b,autonomous_depth_only,state_202,all,0.93,25,25,25,1.0,1.0,96,4,4,0.041666666666666664,0.041666666666666664,11,11,11,1.0,1.0
family_ablation,gemma4:12b,autonomous_depth_only,state_202,all,0.94,25,25,25,1.0,1.0,96,4,4,0.041666666666666664,0.041666666666666664,11,11,11,1.0,1.0
family_ablation,gemma4:12b,autonomous_depth_only,state_202,all,0.95,25,25,25,1.0,1.0,96,4,4,0.041666666666666664,0.041666666666666664,11,11,11,1.0,1.0
family_ablation,gemma4:12b,autonomous_depth_only,state_202,all,0.96,25,25,25,1.0,1.0,96,4,4,0.041666666666666664,0.041666666666666664,11,11,11,1.0,1.0
family_ablation,gemma4:12b,autonomous_depth_only,state_202,all,0.97,25,25,25,1.0,1.0,96,4,4,0.041666666666666664,0.041666666666666664,11,11,11,1.0,1.0
family_ablation,gemma4:12b,autonomous_depth_only,state_202,all,0.98,25,25,25,1.0,1.0,96,4,4,0.041666666666666664,0.041666666666666664,11,11,11,1.0,1.0
family_ablation,gemma4:12b,autonomous_depth_only,state_202,all,0.99,25,25,25,1.0,1.0,96,4,4,0.041666666666666664,0.041666666666666664,11,11,11,1.0,1.0
family_ablation,gemma4:12b,autonomous_depth_only,state_202,all,0.995,25,25,25,1.0,1.0,96,4,4,0.041666666666666664,0.041666666666666664,11,11,11,1.0,1.0
family_ablation,gemma4:12b,autonomous_depth_only,state_202,all,0.999,25,25,25,1.0,1.0,96,3,3,0.03125,0.03125,11,11,11,1.0,1.0
family_ablation,gemma4:12b,autonomous_depth_only,state_202,all,0.9999,25,25,25,1.0,1.0,96,2,2,0.020833333333333332,0.020833333333333332,11,11,11,1.0,1.0
family_ablation,gemma4:12b,autonomous_depth_only,state_202,all,0.99999,25,22,22,0.88,0.88,96,1,1,0.010416666666666666,0.010416666666666666,11,10,10,0.9090909090909091,0.9090909090909091
family_ablation,gemma4:12b,autonomous_depth_only,state_202,all,0.999999,25,0,0,0.0,0.0,96,0,0,0.0,0.0,11,0,0,0.0,0.0
family_ablation,gemma4:12b,autonomous_depth_only,state_202,all,1.0,25,0,0,0.0,0.0,96,0,0,0.0,0.0,11,0,0,0.0,0.0
family_ablation,gemma4:12b,autonomous_depth_only,state_303,all,0.0,24,24,24,1.0,1.0,86,86,86,1.0,1.0,10,10,10,1.0,1.0
family_ablation,gemma4:12b,autonomous_depth_only,state_303,all,0.01,24,24,24,1.0,1.0,86,8,8,0.09302325581395349,0.09302325581395349,10,10,10,1.0,1.0
family_ablation,gemma4:12b,autonomous_depth_only,state_303,all,0.02,24,24,24,1.0,1.0,86,5,5,0.05813953488372093,0.05813953488372093,10,10,10,1.0,1.0
family_ablation,gemma4:12b,autonomous_depth_only,state_303,all,0.03,24,24,24,1.0,1.0,86,5,5,0.05813953488372093,0.05813953488372093,10,10,10,1.0,1.0
family_ablation,gemma4:12b,autonomous_depth_only,state_303,all,0.04,24,24,24,1.0,1.0,86,4,4,0.046511627906976744,0.046511627906976744,10,10,10,1.0,1.0
family_ablation,gemma4:12b,autonomous_depth_only,state_303,all,0.05,24,24,24,1.0,1.0,86,4,4,0.046511627906976744,0.046511627906976744,10,10,10,1.0,1.0
family_ablation,gemma4:12b,autonomous_depth_only,state_303,all,0.06,24,24,24,1.0,1.0,86,4,4,0.046511627906976744,0.046511627906976744,10,10,10,1.0,1.0
family_ablation,gemma4:12b,autonomous_depth_only,state_303,all,0.07,24,24,24,1.0,1.0,86,4,4,0.046511627906976744,0.046511627906976744,10,10,10,1.0,1.0
family_ablation,gemma4:12b,autonomous_depth_only,state_303,all,0.08,24,24,24,1.0,1.0,86,4,4,0.046511627906976744,0.046511627906976744,10,10,10,1.0,1.0
family_ablation,gemma4:12b,autonomous_depth_only,state_303,all,0.09,24,24,24,1.0,1.0,86,4,4,0.046511627906976744,0.046511627906976744,10,10,10,1.0,1.0
family_ablation,gemma4:12b,autonomous_depth_only,state_303,all,0.1,24,24,24,1.0,1.0,86,4,4,0.046511627906976744,0.046511627906976744,10,10,10,1.0,1.0
family_ablation,gemma4:12b,autonomous_depth_only,state_303,all,0.11,24,24,24,1.0,1.0,86,4,4,0.046511627906976744,0.046511627906976744,10,10,10,1.0,1.0
family_ablation,gemma4:12b,autonomous_depth_only,state_303,all,0.12,24,24,24,1.0,1.0,86,4,4,0.046511627906976744,0.046511627906976744,10,10,10,1.0,1.0
family_ablation,gemma4:12b,autonomous_depth_only,state_303,all,0.13,24,24,24,1.0,1.0,86,4,4,0.046511627906976744,0.046511627906976744,10,10,10,1.0,1.0
family_ablation,gemma4:12b,autonomous_depth_only,state_303,all,0.14,24,24,24,1.0,1.0,86,4,4,0.046511627906976744,0.046511627906976744,10,10,10,1.0,1.0
family_ablation,gemma4:12b,autonomous_depth_only,state_303,all,0.15,24,24,24,1.0,1.0,86,4,4,0.046511627906976744,0.046511627906976744,10,10,10,1.0,1.0
family_ablation,gemma4:12b,autonomous_depth_only,state_303,all,0.16,24,24,24,1.0,1.0,86,4,4,0.046511627906976744,0.046511627906976744,10,10,10,1.0,1.0
family_ablation,gemma4:12b,autonomous_depth_only,state_303,all,0.17,24,24,24,1.0,1.0,86,4,4,0.046511627906976744,0.046511627906976744,10,10,10,1.0,1.0
family_ablation,gemma4:12b,autonomous_depth_only,state_303,all,0.18,24,24,24,1.0,1.0,86,4,4,0.046511627906976744,0.046511627906976744,10,10,10,1.0,1.0
family_ablation,gemma4:12b,autonomous_depth_only,state_303,all,0.19,24,24,24,1.0,1.0,86,4,4,0.046511627906976744,0.046511627906976744,10,10,10,1.0,1.0
family_ablation,gemma4:12b,autonomous_depth_only,state_303,all,0.2,24,24,24,1.0,1.0,86,4,4,0.046511627906976744,0.046511627906976744,10,10,10,1.0,1.0
family_ablation,gemma4:12b,autonomous_depth_only,state_303,all,0.21,24,24,24,1.0,1.0,86,4,4,0.046511627906976744,0.046511627906976744,10,10,10,1.0,1.0
family_ablation,gemma4:12b,autonomous_depth_only,state_303,all,0.22,24,24,24,1.0,1.0,86,4,4,0.046511627906976744,0.046511627906976744,10,10,10,1.0,1.0
family_ablation,gemma4:12b,autonomous_depth_only,state_303,all,0.23,24,24,24,1.0,1.0,86,4,4,0.046511627906976744,0.046511627906976744,10,10,10,1.0,1.0
family_ablation,gemma4:12b,autonomous_depth_only,state_303,all,0.24,24,24,24,1.0,1.0,86,4,4,0.046511627906976744,0.046511627906976744,10,10,10,1.0,1.0
family_ablation,gemma4:12b,autonomous_depth_only,state_303,all,0.25,24,24,24,1.0,1.0,86,4,4,0.046511627906976744,0.046511627906976744,10,10,10,1.0,1.0
family_ablation,gemma4:12b,autonomous_depth_only,state_303,all,0.26,24,24,24,1.0,1.0,86,4,4,0.046511627906976744,0.046511627906976744,10,10,10,1.0,1.0
family_ablation,gemma4:12b,autonomous_depth_only,state_303,all,0.27,24,24,24,1.0,1.0,86,4,4,0.046511627906976744,0.046511627906976744,10,10,10,1.0,1.0
family_ablation,gemma4:12b,autonomous_depth_only,state_303,all,0.28,24,24,24,1.0,1.0,86,4,4,0.046511627906976744,0.046511627906976744,10,10,10,1.0,1.0
family_ablation,gemma4:12b,autonomous_depth_only,state_303,all,0.29,24,24,24,1.0,1.0,86,4,4,0.046511627906976744,0.046511627906976744,10,10,10,1.0,1.0
family_ablation,gemma4:12b,autonomous_depth_only,state_303,all,0.3,24,24,24,1.0,1.0,86,4,4,0.046511627906976744,0.046511627906976744,10,10,10,1.0,1.0
family_ablation,gemma4:12b,autonomous_depth_only,state_303,all,0.31,24,24,24,1.0,1.0,86,4,4,0.046511627906976744,0.046511627906976744,10,10,10,1.0,1.0
family_ablation,gemma4:12b,autonomous_depth_only,state_303,all,0.32,24,24,24,1.0,1.0,86,4,4,0.046511627906976744,0.046511627906976744,10,10,10,1.0,1.0
family_ablation,gemma4:12b,autonomous_depth_only,state_303,all,0.33,24,24,24,1.0,1.0,86,4,4,0.046511627906976744,0.046511627906976744,10,10,10,1.0,1.0
family_ablation,gemma4:12b,autonomous_depth_only,state_303,all,0.34,24,24,24,1.0,1.0,86,4,4,0.046511627906976744,0.046511627906976744,10,10,10,1.0,1.0
family_ablation,gemma4:12b,autonomous_depth_only,state_303,all,0.35,24,24,24,1.0,1.0,86,4,4,0.046511627906976744,0.046511627906976744,10,10,10,1.0,1.0
family_ablation,gemma4:12b,autonomous_depth_only,state_303,all,0.36,24,24,24,1.0,1.0,86,4,4,0.046511627906976744,0.046511627906976744,10,10,10,1.0,1.0
family_ablation,gemma4:12b,autonomous_depth_only,state_303,all,0.37,24,24,24,1.0,1.0,86,4,4,0.046511627906976744,0.046511627906976744,10,10,10,1.0,1.0
family_ablation,gemma4:12b,autonomous_depth_only,state_303,all,0.38,24,24,24,1.0,1.0,86,4,4,0.046511627906976744,0.046511627906976744,10,10,10,1.0,1.0
family_ablation,gemma4:12b,autonomous_depth_only,state_303,all,0.39,24,24,24,1.0,1.0,86,4,4,0.046511627906976744,0.046511627906976744,10,10,10,1.0,1.0
family_ablation,gemma4:12b,autonomous_depth_only,state_303,all,0.4,24,24,24,1.0,1.0,86,4,4,0.046511627906976744,0.046511627906976744,10,10,10,1.0,1.0
family_ablation,gemma4:12b,autonomous_depth_only,state_303,all,0.41,24,24,24,1.0,1.0,86,4,4,0.046511627906976744,0.046511627906976744,10,10,10,1.0,1.0
family_ablation,gemma4:12b,autonomous_depth_only,state_303,all,0.42,24,24,24,1.0,1.0,86,4,4,0.046511627906976744,0.046511627906976744,10,10,10,1.0,1.0
family_ablation,gemma4:12b,autonomous_depth_only,state_303,all,0.43,24,24,24,1.0,1.0,86,4,4,0.046511627906976744,0.046511627906976744,10,10,10,1.0,1.0
family_ablation,gemma4:12b,autonomous_depth_only,state_303,all,0.44,24,24,24,1.0,1.0,86,4,4,0.046511627906976744,0.046511627906976744,10,10,10,1.0,1.0
family_ablation,gemma4:12b,autonomous_depth_only,state_303,all,0.45,24,24,24,1.0,1.0,86,4,4,0.046511627906976744,0.046511627906976744,10,10,10,1.0,1.0
family_ablation,gemma4:12b,autonomous_depth_only,state_303,all,0.46,24,24,24,1.0,1.0,86,4,4,0.046511627906976744,0.046511627906976744,10,10,10,1.0,1.0
family_ablation,gemma4:12b,autonomous_depth_only,state_303,all,0.47,24,24,24,1.0,1.0,86,4,4,0.046511627906976744,0.046511627906976744,10,10,10,1.0,1.0
family_ablation,gemma4:12b,autonomous_depth_only,state_303,all,0.48,24,24,24,1.0,1.0,86,4,4,0.046511627906976744,0.046511627906976744,10,10,10,1.0,1.0
family_ablation,gemma4:12b,autonomous_depth_only,state_303,all,0.49,24,24,24,1.0,1.0,86,4,4,0.046511627906976744,0.046511627906976744,10,10,10,1.0,1.0
family_ablation,gemma4:12b,autonomous_depth_only,state_303,all,0.5,24,24,24,1.0,1.0,86,4,4,0.046511627906976744,0.046511627906976744,10,10,10,1.0,1.0
family_ablation,gemma4:12b,autonomous_depth_only,state_303,all,0.51,24,24,24,1.0,1.0,86,4,4,0.046511627906976744,0.046511627906976744,10,10,10,1.0,1.0
family_ablation,gemma4:12b,autonomous_depth_only,state_303,all,0.52,24,24,24,1.0,1.0,86,4,4,0.046511627906976744,0.046511627906976744,10,10,10,1.0,1.0
family_ablation,gemma4:12b,autonomous_depth_only,state_303,all,0.53,24,24,24,1.0,1.0,86,4,4,0.046511627906976744,0.046511627906976744,10,10,10,1.0,1.0
family_ablation,gemma4:12b,autonomous_depth_only,state_303,all,0.54,24,24,24,1.0,1.0,86,4,4,0.046511627906976744,0.046511627906976744,10,10,10,1.0,1.0
family_ablation,gemma4:12b,autonomous_depth_only,state_303,all,0.55,24,24,24,1.0,1.0,86,4,4,0.046511627906976744,0.046511627906976744,10,10,10,1.0,1.0
family_ablation,gemma4:12b,autonomous_depth_only,state_303,all,0.56,24,24,24,1.0,1.0,86,4,4,0.046511627906976744,0.046511627906976744,10,10,10,1.0,1.0
family_ablation,gemma4:12b,autonomous_depth_only,state_303,all,0.57,24,24,24,1.0,1.0,86,4,4,0.046511627906976744,0.046511627906976744,10,10,10,1.0,1.0
family_ablation,gemma4:12b,autonomous_depth_only,state_303,all,0.58,24,24,24,1.0,1.0,86,4,4,0.046511627906976744,0.046511627906976744,10,10,10,1.0,1.0
family_ablation,gemma4:12b,autonomous_depth_only,state_303,all,0.59,24,24,24,1.0,1.0,86,4,4,0.046511627906976744,0.046511627906976744,10,10,10,1.0,1.0
family_ablation,gemma4:12b,autonomous_depth_only,state_303,all,0.6,24,24,24,1.0,1.0,86,4,4,0.046511627906976744,0.046511627906976744,10,10,10,1.0,1.0
family_ablation,gemma4:12b,autonomous_depth_only,state_303,all,0.61,24,24,24,1.0,1.0,86,4,4,0.046511627906976744,0.046511627906976744,10,10,10,1.0,1.0
family_ablation,gemma4:12b,autonomous_depth_only,state_303,all,0.62,24,24,24,1.0,1.0,86,4,4,0.046511627906976744,0.046511627906976744,10,10,10,1.0,1.0
family_ablation,gemma4:12b,autonomous_depth_only,state_303,all,0.63,24,24,24,1.0,1.0,86,4,4,0.046511627906976744,0.046511627906976744,10,10,10,1.0,1.0
family_ablation,gemma4:12b,autonomous_depth_only,state_303,all,0.64,24,24,24,1.0,1.0,86,4,4,0.046511627906976744,0.046511627906976744,10,10,10,1.0,1.0
family_ablation,gemma4:12b,autonomous_depth_only,state_303,all,0.65,24,24,24,1.0,1.0,86,4,4,0.046511627906976744,0.046511627906976744,10,10,10,1.0,1.0
family_ablation,gemma4:12b,autonomous_depth_only,state_303,all,0.66,24,24,24,1.0,1.0,86,4,4,0.046511627906976744,0.046511627906976744,10,10,10,1.0,1.0
family_ablation,gemma4:12b,autonomous_depth_only,state_303,all,0.67,24,24,24,1.0,1.0,86,4,4,0.046511627906976744,0.046511627906976744,10,10,10,1.0,1.0
family_ablation,gemma4:12b,autonomous_depth_only,state_303,all,0.68,24,24,24,1.0,1.0,86,4,4,0.046511627906976744,0.046511627906976744,10,10,10,1.0,1.0
family_ablation,gemma4:12b,autonomous_depth_only,state_303,all,0.69,24,24,24,1.0,1.0,86,4,4,0.046511627906976744,0.046511627906976744,10,10,10,1.0,1.0
family_ablation,gemma4:12b,autonomous_depth_only,state_303,all,0.7,24,24,24,1.0,1.0,86,4,4,0.046511627906976744,0.046511627906976744,10,10,10,1.0,1.0
family_ablation,gemma4:12b,autonomous_depth_only,state_303,all,0.71,24,24,24,1.0,1.0,86,4,4,0.046511627906976744,0.046511627906976744,10,10,10,1.0,1.0
family_ablation,gemma4:12b,autonomous_depth_only,state_303,all,0.72,24,24,24,1.0,1.0,86,4,4,0.046511627906976744,0.046511627906976744,10,10,10,1.0,1.0
family_ablation,gemma4:12b,autonomous_depth_only,state_303,all,0.73,24,24,24,1.0,1.0,86,4,4,0.046511627906976744,0.046511627906976744,10,10,10,1.0,1.0
family_ablation,gemma4:12b,autonomous_depth_only,state_303,all,0.74,24,24,24,1.0,1.0,86,4,4,0.046511627906976744,0.046511627906976744,10,10,10,1.0,1.0
family_ablation,gemma4:12b,autonomous_depth_only,state_303,all,0.75,24,24,24,1.0,1.0,86,4,4,0.046511627906976744,0.046511627906976744,10,10,10,1.0,1.0
family_ablation,gemma4:12b,autonomous_depth_only,state_303,all,0.76,24,24,24,1.0,1.0,86,4,4,0.046511627906976744,0.046511627906976744,10,10,10,1.0,1.0
family_ablation,gemma4:12b,autonomous_depth_only,state_303,all,0.77,24,24,24,1.0,1.0,86,4,4,0.046511627906976744,0.046511627906976744,10,10,10,1.0,1.0
family_ablation,gemma4:12b,autonomous_depth_only,state_303,all,0.78,24,24,24,1.0,1.0,86,3,3,0.03488372093023256,0.03488372093023256,10,10,10,1.0,1.0
family_ablation,gemma4:12b,autonomous_depth_only,state_303,all,0.79,24,24,24,1.0,1.0,86,3,3,0.03488372093023256,0.03488372093023256,10,10,10,1.0,1.0
family_ablation,gemma4:12b,autonomous_depth_only,state_303,all,0.8,24,24,24,1.0,1.0,86,3,3,0.03488372093023256,0.03488372093023256,10,10,10,1.0,1.0
family_ablation,gemma4:12b,autonomous_depth_only,state_303,all,0.81,24,24,24,1.0,1.0,86,3,3,0.03488372093023256,0.03488372093023256,10,10,10,1.0,1.0
family_ablation,gemma4:12b,autonomous_depth_only,state_303,all,0.82,24,24,24,1.0,1.0,86,3,3,0.03488372093023256,0.03488372093023256,10,10,10,1.0,1.0
family_ablation,gemma4:12b,autonomous_depth_only,state_303,all,0.83,24,24,24,1.0,1.0,86,3,3,0.03488372093023256,0.03488372093023256,10,10,10,1.0,1.0
family_ablation,gemma4:12b,autonomous_depth_only,state_303,all,0.84,24,24,24,1.0,1.0,86,3,3,0.03488372093023256,0.03488372093023256,10,10,10,1.0,1.0
family_ablation,gemma4:12b,autonomous_depth_only,state_303,all,0.85,24,24,24,1.0,1.0,86,3,3,0.03488372093023256,0.03488372093023256,10,10,10,1.0,1.0
family_ablation,gemma4:12b,autonomous_depth_only,state_303,all,0.86,24,24,24,1.0,1.0,86,3,3,0.03488372093023256,0.03488372093023256,10,10,10,1.0,1.0
family_ablation,gemma4:12b,autonomous_depth_only,state_303,all,0.87,24,24,24,1.0,1.0,86,3,3,0.03488372093023256,0.03488372093023256,10,10,10,1.0,1.0
family_ablation,gemma4:12b,autonomous_depth_only,state_303,all,0.88,24,24,24,1.0,1.0,86,3,3,0.03488372093023256,0.03488372093023256,10,10,10,1.0,1.0
family_ablation,gemma4:12b,autonomous_depth_only,state_303,all,0.89,24,24,24,1.0,1.0,86,3,3,0.03488372093023256,0.03488372093023256,10,10,10,1.0,1.0
family_ablation,gemma4:12b,autonomous_depth_only,state_303,all,0.9,24,24,24,1.0,1.0,86,3,3,0.03488372093023256,0.03488372093023256,10,10,10,1.0,1.0
family_ablation,gemma4:12b,autonomous_depth_only,state_303,all,0.91,24,24,24,1.0,1.0,86,3,3,0.03488372093023256,0.03488372093023256,10,10,10,1.0,1.0
family_ablation,gemma4:12b,autonomous_depth_only,state_303,all,0.92,24,24,24,1.0,1.0,86,3,3,0.03488372093023256,0.03488372093023256,10,10,10,1.0,1.0
family_ablation,gemma4:12b,autonomous_depth_only,state_303,all,0.93,24,24,24,1.0,1.0,86,3,3,0.03488372093023256,0.03488372093023256,10,10,10,1.0,1.0
family_ablation,gemma4:12b,autonomous_depth_only,state_303,all,0.94,24,24,24,1.0,1.0,86,3,3,0.03488372093023256,0.03488372093023256,10,10,10,1.0,1.0
family_ablation,gemma4:12b,autonomous_depth_only,state_303,all,0.95,24,24,24,1.0,1.0,86,3,3,0.03488372093023256,0.03488372093023256,10,10,10,1.0,1.0
family_ablation,gemma4:12b,autonomous_depth_only,state_303,all,0.96,24,24,24,1.0,1.0,86,2,2,0.023255813953488372,0.023255813953488372,10,10,10,1.0,1.0
family_ablation,gemma4:12b,autonomous_depth_only,state_303,all,0.97,24,24,24,1.0,1.0,86,1,1,0.011627906976744186,0.011627906976744186,10,10,10,1.0,1.0
family_ablation,gemma4:12b,autonomous_depth_only,state_303,all,0.98,24,24,24,1.0,1.0,86,1,1,0.011627906976744186,0.011627906976744186,10,10,10,1.0,1.0
family_ablation,gemma4:12b,autonomous_depth_only,state_303,all,0.99,24,24,24,1.0,1.0,86,1,1,0.011627906976744186,0.011627906976744186,10,10,10,1.0,1.0
family_ablation,gemma4:12b,autonomous_depth_only,state_303,all,0.995,24,24,24,1.0,1.0,86,1,1,0.011627906976744186,0.011627906976744186,10,10,10,1.0,1.0
family_ablation,gemma4:12b,autonomous_depth_only,state_303,all,0.999,24,24,24,1.0,1.0,86,1,1,0.011627906976744186,0.011627906976744186,10,10,10,1.0,1.0
family_ablation,gemma4:12b,autonomous_depth_only,state_303,all,0.9999,24,24,24,1.0,1.0,86,1,1,0.011627906976744186,0.011627906976744186,10,10,10,1.0,1.0
family_ablation,gemma4:12b,autonomous_depth_only,state_303,all,0.99999,24,20,20,0.8333333333333334,0.8333333333333334,86,1,1,0.011627906976744186,0.011627906976744186,10,8,8,0.8,0.8
family_ablation,gemma4:12b,autonomous_depth_only,state_303,all,0.999999,24,0,0,0.0,0.0,86,0,0,0.0,0.0,10,0,0,0.0,0.0
family_ablation,gemma4:12b,autonomous_depth_only,state_303,all,1.0,24,0,0,0.0,0.0,86,0,0,0.0,0.0,10,0,0,0.0,0.0
family_ablation,gemma4:12b,autonomous_depth_only,all,all,0.0,98,98,98,1.0,1.0,364,364,364,1.0,1.0,42,42,42,1.0,1.0
family_ablation,gemma4:12b,autonomous_depth_only,all,all,0.01,98,98,98,1.0,1.0,364,34,34,0.09340659340659341,0.09340659340659341,42,42,42,1.0,1.0
family_ablation,gemma4:12b,autonomous_depth_only,all,all,0.02,98,98,98,1.0,1.0,364,31,31,0.08516483516483517,0.08516483516483517,42,42,42,1.0,1.0
family_ablation,gemma4:12b,autonomous_depth_only,all,all,0.03,98,98,98,1.0,1.0,364,31,31,0.08516483516483517,0.08516483516483517,42,42,42,1.0,1.0
family_ablation,gemma4:12b,autonomous_depth_only,all,all,0.04,98,98,98,1.0,1.0,364,28,28,0.07692307692307693,0.07692307692307693,42,42,42,1.0,1.0
family_ablation,gemma4:12b,autonomous_depth_only,all,all,0.05,98,98,98,1.0,1.0,364,27,27,0.07417582417582418,0.07417582417582418,42,42,42,1.0,1.0
family_ablation,gemma4:12b,autonomous_depth_only,all,all,0.06,98,98,98,1.0,1.0,364,25,25,0.06868131868131869,0.06868131868131869,42,42,42,1.0,1.0
family_ablation,gemma4:12b,autonomous_depth_only,all,all,0.07,98,98,98,1.0,1.0,364,24,24,0.06593406593406594,0.06593406593406594,42,42,42,1.0,1.0
family_ablation,gemma4:12b,autonomous_depth_only,all,all,0.08,98,98,98,1.0,1.0,364,24,24,0.06593406593406594,0.06593406593406594,42,42,42,1.0,1.0
family_ablation,gemma4:12b,autonomous_depth_only,all,all,0.09,98,98,98,1.0,1.0,364,24,24,0.06593406593406594,0.06593406593406594,42,42,42,1.0,1.0
family_ablation,gemma4:12b,autonomous_depth_only,all,all,0.1,98,98,98,1.0,1.0,364,24,24,0.06593406593406594,0.06593406593406594,42,42,42,1.0,1.0
family_ablation,gemma4:12b,autonomous_depth_only,all,all,0.11,98,98,98,1.0,1.0,364,24,24,0.06593406593406594,0.06593406593406594,42,42,42,1.0,1.0
family_ablation,gemma4:12b,autonomous_depth_only,all,all,0.12,98,98,98,1.0,1.0,364,24,24,0.06593406593406594,0.06593406593406594,42,42,42,1.0,1.0
family_ablation,gemma4:12b,autonomous_depth_only,all,all,0.13,98,98,98,1.0,1.0,364,24,24,0.06593406593406594,0.06593406593406594,42,42,42,1.0,1.0
family_ablation,gemma4:12b,autonomous_depth_only,all,all,0.14,98,98,98,1.0,1.0,364,24,24,0.06593406593406594,0.06593406593406594,42,42,42,1.0,1.0
family_ablation,gemma4:12b,autonomous_depth_only,all,all,0.15,98,98,98,1.0,1.0,364,24,24,0.06593406593406594,0.06593406593406594,42,42,42,1.0,1.0
family_ablation,gemma4:12b,autonomous_depth_only,all,all,0.16,98,98,98,1.0,1.0,364,24,24,0.06593406593406594,0.06593406593406594,42,42,42,1.0,1.0
family_ablation,gemma4:12b,autonomous_depth_only,all,all,0.17,98,98,98,1.0,1.0,364,24,24,0.06593406593406594,0.06593406593406594,42,42,42,1.0,1.0
family_ablation,gemma4:12b,autonomous_depth_only,all,all,0.18,98,98,98,1.0,1.0,364,24,24,0.06593406593406594,0.06593406593406594,42,42,42,1.0,1.0
family_ablation,gemma4:12b,autonomous_depth_only,all,all,0.19,98,98,98,1.0,1.0,364,24,24,0.06593406593406594,0.06593406593406594,42,42,42,1.0,1.0
family_ablation,gemma4:12b,autonomous_depth_only,all,all,0.2,98,98,98,1.0,1.0,364,23,23,0.06318681318681318,0.06318681318681318,42,42,42,1.0,1.0
family_ablation,gemma4:12b,autonomous_depth_only,all,all,0.21,98,98,98,1.0,1.0,364,23,23,0.06318681318681318,0.06318681318681318,42,42,42,1.0,1.0
family_ablation,gemma4:12b,autonomous_depth_only,all,all,0.22,98,98,98,1.0,1.0,364,23,23,0.06318681318681318,0.06318681318681318,42,42,42,1.0,1.0
family_ablation,gemma4:12b,autonomous_depth_only,all,all,0.23,98,98,98,1.0,1.0,364,23,23,0.06318681318681318,0.06318681318681318,42,42,42,1.0,1.0
family_ablation,gemma4:12b,autonomous_depth_only,all,all,0.24,98,98,98,1.0,1.0,364,23,23,0.06318681318681318,0.06318681318681318,42,42,42,1.0,1.0
family_ablation,gemma4:12b,autonomous_depth_only,all,all,0.25,98,98,98,1.0,1.0,364,23,23,0.06318681318681318,0.06318681318681318,42,42,42,1.0,1.0
family_ablation,gemma4:12b,autonomous_depth_only,all,all,0.26,98,98,98,1.0,1.0,364,23,23,0.06318681318681318,0.06318681318681318,42,42,42,1.0,1.0
family_ablation,gemma4:12b,autonomous_depth_only,all,all,0.27,98,98,98,1.0,1.0,364,23,23,0.06318681318681318,0.06318681318681318,42,42,42,1.0,1.0
family_ablation,gemma4:12b,autonomous_depth_only,all,all,0.28,98,98,98,1.0,1.0,364,23,23,0.06318681318681318,0.06318681318681318,42,42,42,1.0,1.0
family_ablation,gemma4:12b,autonomous_depth_only,all,all,0.29,98,98,98,1.0,1.0,364,22,22,0.06043956043956044,0.06043956043956044,42,42,42,1.0,1.0
family_ablation,gemma4:12b,autonomous_depth_only,all,all,0.3,98,98,98,1.0,1.0,364,22,22,0.06043956043956044,0.06043956043956044,42,42,42,1.0,1.0
family_ablation,gemma4:12b,autonomous_depth_only,all,all,0.31,98,98,98,1.0,1.0,364,22,22,0.06043956043956044,0.06043956043956044,42,42,42,1.0,1.0
family_ablation,gemma4:12b,autonomous_depth_only,all,all,0.32,98,98,98,1.0,1.0,364,22,22,0.06043956043956044,0.06043956043956044,42,42,42,1.0,1.0
family_ablation,gemma4:12b,autonomous_depth_only,all,all,0.33,98,98,98,1.0,1.0,364,22,22,0.06043956043956044,0.06043956043956044,42,42,42,1.0,1.0
family_ablation,gemma4:12b,autonomous_depth_only,all,all,0.34,98,98,98,1.0,1.0,364,22,22,0.06043956043956044,0.06043956043956044,42,42,42,1.0,1.0
family_ablation,gemma4:12b,autonomous_depth_only,all,all,0.35,98,98,98,1.0,1.0,364,22,22,0.06043956043956044,0.06043956043956044,42,42,42,1.0,1.0
family_ablation,gemma4:12b,autonomous_depth_only,all,all,0.36,98,98,98,1.0,1.0,364,22,22,0.06043956043956044,0.06043956043956044,42,42,42,1.0,1.0
family_ablation,gemma4:12b,autonomous_depth_only,all,all,0.37,98,98,98,1.0,1.0,364,22,22,0.06043956043956044,0.06043956043956044,42,42,42,1.0,1.0
family_ablation,gemma4:12b,autonomous_depth_only,all,all,0.38,98,98,98,1.0,1.0,364,22,22,0.06043956043956044,0.06043956043956044,42,42,42,1.0,1.0
family_ablation,gemma4:12b,autonomous_depth_only,all,all,0.39,98,98,98,1.0,1.0,364,22,22,0.06043956043956044,0.06043956043956044,42,42,42,1.0,1.0
family_ablation,gemma4:12b,autonomous_depth_only,all,all,0.4,98,98,98,1.0,1.0,364,22,22,0.06043956043956044,0.06043956043956044,42,42,42,1.0,1.0
family_ablation,gemma4:12b,autonomous_depth_only,all,all,0.41,98,98,98,1.0,1.0,364,22,22,0.06043956043956044,0.06043956043956044,42,42,42,1.0,1.0
family_ablation,gemma4:12b,autonomous_depth_only,all,all,0.42,98,98,98,1.0,1.0,364,22,22,0.06043956043956044,0.06043956043956044,42,42,42,1.0,1.0
family_ablation,gemma4:12b,autonomous_depth_only,all,all,0.43,98,98,98,1.0,1.0,364,21,21,0.057692307692307696,0.057692307692307696,42,42,42,1.0,1.0
family_ablation,gemma4:12b,autonomous_depth_only,all,all,0.44,98,98,98,1.0,1.0,364,21,21,0.057692307692307696,0.057692307692307696,42,42,42,1.0,1.0
family_ablation,gemma4:12b,autonomous_depth_only,all,all,0.45,98,98,98,1.0,1.0,364,21,21,0.057692307692307696,0.057692307692307696,42,42,42,1.0,1.0
family_ablation,gemma4:12b,autonomous_depth_only,all,all,0.46,98,98,98,1.0,1.0,364,21,21,0.057692307692307696,0.057692307692307696,42,42,42,1.0,1.0
family_ablation,gemma4:12b,autonomous_depth_only,all,all,0.47,98,98,98,1.0,1.0,364,21,21,0.057692307692307696,0.057692307692307696,42,42,42,1.0,1.0
family_ablation,gemma4:12b,autonomous_depth_only,all,all,0.48,98,98,98,1.0,1.0,364,21,21,0.057692307692307696,0.057692307692307696,42,42,42,1.0,1.0
family_ablation,gemma4:12b,autonomous_depth_only,all,all,0.49,98,98,98,1.0,1.0,364,21,21,0.057692307692307696,0.057692307692307696,42,42,42,1.0,1.0
family_ablation,gemma4:12b,autonomous_depth_only,all,all,0.5,98,98,98,1.0,1.0,364,21,21,0.057692307692307696,0.057692307692307696,42,42,42,1.0,1.0
family_ablation,gemma4:12b,autonomous_depth_only,all,all,0.51,98,98,98,1.0,1.0,364,21,21,0.057692307692307696,0.057692307692307696,42,42,42,1.0,1.0
family_ablation,gemma4:12b,autonomous_depth_only,all,all,0.52,98,98,98,1.0,1.0,364,21,21,0.057692307692307696,0.057692307692307696,42,42,42,1.0,1.0
family_ablation,gemma4:12b,autonomous_depth_only,all,all,0.53,98,98,98,1.0,1.0,364,21,21,0.057692307692307696,0.057692307692307696,42,42,42,1.0,1.0
family_ablation,gemma4:12b,autonomous_depth_only,all,all,0.54,98,98,98,1.0,1.0,364,21,21,0.057692307692307696,0.057692307692307696,42,42,42,1.0,1.0
family_ablation,gemma4:12b,autonomous_depth_only,all,all,0.55,98,98,98,1.0,1.0,364,21,21,0.057692307692307696,0.057692307692307696,42,42,42,1.0,1.0
family_ablation,gemma4:12b,autonomous_depth_only,all,all,0.56,98,98,98,1.0,1.0,364,21,21,0.057692307692307696,0.057692307692307696,42,42,42,1.0,1.0
family_ablation,gemma4:12b,autonomous_depth_only,all,all,0.57,98,98,98,1.0,1.0,364,21,21,0.057692307692307696,0.057692307692307696,42,42,42,1.0,1.0
family_ablation,gemma4:12b,autonomous_depth_only,all,all,0.58,98,98,98,1.0,1.0,364,21,21,0.057692307692307696,0.057692307692307696,42,42,42,1.0,1.0
family_ablation,gemma4:12b,autonomous_depth_only,all,all,0.59,98,98,98,1.0,1.0,364,21,21,0.057692307692307696,0.057692307692307696,42,42,42,1.0,1.0
family_ablation,gemma4:12b,autonomous_depth_only,all,all,0.6,98,98,98,1.0,1.0,364,21,21,0.057692307692307696,0.057692307692307696,42,42,42,1.0,1.0
family_ablation,gemma4:12b,autonomous_depth_only,all,all,0.61,98,98,98,1.0,1.0,364,21,21,0.057692307692307696,0.057692307692307696,42,42,42,1.0,1.0
family_ablation,gemma4:12b,autonomous_depth_only,all,all,0.62,98,98,98,1.0,1.0,364,21,21,0.057692307692307696,0.057692307692307696,42,42,42,1.0,1.0
family_ablation,gemma4:12b,autonomous_depth_only,all,all,0.63,98,98,98,1.0,1.0,364,21,21,0.057692307692307696,0.057692307692307696,42,42,42,1.0,1.0
family_ablation,gemma4:12b,autonomous_depth_only,all,all,0.64,98,98,98,1.0,1.0,364,21,21,0.057692307692307696,0.057692307692307696,42,42,42,1.0,1.0
family_ablation,gemma4:12b,autonomous_depth_only,all,all,0.65,98,98,98,1.0,1.0,364,21,21,0.057692307692307696,0.057692307692307696,42,42,42,1.0,1.0
family_ablation,gemma4:12b,autonomous_depth_only,all,all,0.66,98,98,98,1.0,1.0,364,21,21,0.057692307692307696,0.057692307692307696,42,42,42,1.0,1.0
family_ablation,gemma4:12b,autonomous_depth_only,all,all,0.67,98,98,98,1.0,1.0,364,21,21,0.057692307692307696,0.057692307692307696,42,42,42,1.0,1.0
family_ablation,gemma4:12b,autonomous_depth_only,all,all,0.68,98,98,98,1.0,1.0,364,21,21,0.057692307692307696,0.057692307692307696,42,42,42,1.0,1.0
family_ablation,gemma4:12b,autonomous_depth_only,all,all,0.69,98,98,98,1.0,1.0,364,20,20,0.054945054945054944,0.054945054945054944,42,42,42,1.0,1.0
family_ablation,gemma4:12b,autonomous_depth_only,all,all,0.7,98,98,98,1.0,1.0,364,20,20,0.054945054945054944,0.054945054945054944,42,42,42,1.0,1.0
family_ablation,gemma4:12b,autonomous_depth_only,all,all,0.71,98,98,98,1.0,1.0,364,20,20,0.054945054945054944,0.054945054945054944,42,42,42,1.0,1.0
family_ablation,gemma4:12b,autonomous_depth_only,all,all,0.72,98,98,98,1.0,1.0,364,20,20,0.054945054945054944,0.054945054945054944,42,42,42,1.0,1.0
family_ablation,gemma4:12b,autonomous_depth_only,all,all,0.73,98,98,98,1.0,1.0,364,20,20,0.054945054945054944,0.054945054945054944,42,42,42,1.0,1.0
family_ablation,gemma4:12b,autonomous_depth_only,all,all,0.74,98,98,98,1.0,1.0,364,19,19,0.0521978021978022,0.0521978021978022,42,42,42,1.0,1.0
family_ablation,gemma4:12b,autonomous_depth_only,all,all,0.75,98,98,98,1.0,1.0,364,19,19,0.0521978021978022,0.0521978021978022,42,42,42,1.0,1.0
family_ablation,gemma4:12b,autonomous_depth_only,all,all,0.76,98,98,98,1.0,1.0,364,19,19,0.0521978021978022,0.0521978021978022,42,42,42,1.0,1.0
family_ablation,gemma4:12b,autonomous_depth_only,all,all,0.77,98,98,98,1.0,1.0,364,18,18,0.04945054945054945,0.04945054945054945,42,42,42,1.0,1.0
family_ablation,gemma4:12b,autonomous_depth_only,all,all,0.78,98,98,98,1.0,1.0,364,17,17,0.046703296703296704,0.046703296703296704,42,42,42,1.0,1.0
family_ablation,gemma4:12b,autonomous_depth_only,all,all,0.79,98,98,98,1.0,1.0,364,15,15,0.04120879120879121,0.04120879120879121,42,42,42,1.0,1.0
family_ablation,gemma4:12b,autonomous_depth_only,all,all,0.8,98,98,98,1.0,1.0,364,15,15,0.04120879120879121,0.04120879120879121,42,42,42,1.0,1.0
family_ablation,gemma4:12b,autonomous_depth_only,all,all,0.81,98,98,98,1.0,1.0,364,15,15,0.04120879120879121,0.04120879120879121,42,42,42,1.0,1.0
family_ablation,gemma4:12b,autonomous_depth_only,all,all,0.82,98,98,98,1.0,1.0,364,15,15,0.04120879120879121,0.04120879120879121,42,42,42,1.0,1.0
family_ablation,gemma4:12b,autonomous_depth_only,all,all,0.83,98,98,98,1.0,1.0,364,15,15,0.04120879120879121,0.04120879120879121,42,42,42,1.0,1.0
family_ablation,gemma4:12b,autonomous_depth_only,all,all,0.84,98,98,98,1.0,1.0,364,15,15,0.04120879120879121,0.04120879120879121,42,42,42,1.0,1.0
family_ablation,gemma4:12b,autonomous_depth_only,all,all,0.85,98,98,98,1.0,1.0,364,14,14,0.038461538461538464,0.038461538461538464,42,42,42,1.0,1.0
family_ablation,gemma4:12b,autonomous_depth_only,all,all,0.86,98,98,98,1.0,1.0,364,14,14,0.038461538461538464,0.038461538461538464,42,42,42,1.0,1.0
family_ablation,gemma4:12b,autonomous_depth_only,all,all,0.87,98,98,98,1.0,1.0,364,14,14,0.038461538461538464,0.038461538461538464,42,42,42,1.0,1.0
family_ablation,gemma4:12b,autonomous_depth_only,all,all,0.88,98,98,98,1.0,1.0,364,14,14,0.038461538461538464,0.038461538461538464,42,42,42,1.0,1.0
family_ablation,gemma4:12b,autonomous_depth_only,all,all,0.89,98,98,98,1.0,1.0,364,14,14,0.038461538461538464,0.038461538461538464,42,42,42,1.0,1.0
family_ablation,gemma4:12b,autonomous_depth_only,all,all,0.9,98,98,98,1.0,1.0,364,14,14,0.038461538461538464,0.038461538461538464,42,42,42,1.0,1.0
family_ablation,gemma4:12b,autonomous_depth_only,all,all,0.91,98,98,98,1.0,1.0,364,13,13,0.03571428571428571,0.03571428571428571,42,42,42,1.0,1.0
family_ablation,gemma4:12b,autonomous_depth_only,all,all,0.92,98,98,98,1.0,1.0,364,13,13,0.03571428571428571,0.03571428571428571,42,42,42,1.0,1.0
family_ablation,gemma4:12b,autonomous_depth_only,all,all,0.93,98,98,98,1.0,1.0,364,13,13,0.03571428571428571,0.03571428571428571,42,42,42,1.0,1.0
family_ablation,gemma4:12b,autonomous_depth_only,all,all,0.94,98,98,98,1.0,1.0,364,13,13,0.03571428571428571,0.03571428571428571,42,42,42,1.0,1.0
family_ablation,gemma4:12b,autonomous_depth_only,all,all,0.95,98,98,98,1.0,1.0,364,13,13,0.03571428571428571,0.03571428571428571,42,42,42,1.0,1.0
family_ablation,gemma4:12b,autonomous_depth_only,all,all,0.96,98,98,98,1.0,1.0,364,12,12,0.03296703296703297,0.03296703296703297,42,42,42,1.0,1.0
family_ablation,gemma4:12b,autonomous_depth_only,all,all,0.97,98,98,98,1.0,1.0,364,11,11,0.03021978021978022,0.03021978021978022,42,42,42,1.0,1.0
family_ablation,gemma4:12b,autonomous_depth_only,all,all,0.98,98,98,98,1.0,1.0,364,11,11,0.03021978021978022,0.03021978021978022,42,42,42,1.0,1.0
family_ablation,gemma4:12b,autonomous_depth_only,all,all,0.99,98,96,96,0.9795918367346939,0.9795918367346939,364,11,11,0.03021978021978022,0.03021978021978022,42,41,41,0.9761904761904762,0.9761904761904762
family_ablation,gemma4:12b,autonomous_depth_only,all,all,0.995,98,96,96,0.9795918367346939,0.9795918367346939,364,10,10,0.027472527472527472,0.027472527472527472,42,41,41,0.9761904761904762,0.9761904761904762
family_ablation,gemma4:12b,autonomous_depth_only,all,all,0.999,98,96,96,0.9795918367346939,0.9795918367346939,364,8,8,0.02197802197802198,0.02197802197802198,42,41,41,0.9761904761904762,0.9761904761904762
family_ablation,gemma4:12b,autonomous_depth_only,all,all,0.9999,98,96,96,0.9795918367346939,0.9795918367346939,364,5,5,0.013736263736263736,0.013736263736263736,42,41,41,0.9761904761904762,0.9761904761904762
family_ablation,gemma4:12b,autonomous_depth_only,all,all,0.99999,98,83,83,0.8469387755102041,0.8469387755102041,364,3,3,0.008241758241758242,0.008241758241758242,42,34,34,0.8095238095238095,0.8095238095238095
family_ablation,gemma4:12b,autonomous_depth_only,all,all,0.999999,98,0,0,0.0,0.0,364,0,0,0.0,0.0,42,0,0,0.0,0.0
family_ablation,gemma4:12b,autonomous_depth_only,all,all,1.0,98,0,0,0.0,0.0,364,0,0,0.0,0.0,42,0,0,0.0,0.0
