condition,model,scope,state,target_family,threshold,family_total,family_retained_lower,family_retained_upper,family_rate_lower,family_rate_upper,unrelated_total,unrelated_retained_lower,unrelated_retained_upper,unrelated_rate_lower,unrelated_rate_upper,own_total,own_retained_lower,own_retained_upper,own_rate_lower,own_rate_upper
baseline,qwen3.5:4b,all_crops,original,all,0.4,25,24,24,0.96,0.96,96,10,10,0.10416666666666667,0.10416666666666667,11,11,11,1.0,1.0
baseline,qwen3.5:4b,all_crops,original,all,0.5,25,20,20,0.8,0.8,96,5,5,0.052083333333333336,0.052083333333333336,11,9,9,0.8181818181818182,0.8181818181818182
baseline,qwen3.5:4b,all_crops,original,all,0.6,25,19,19,0.76,0.76,96,2,2,0.020833333333333332,0.020833333333333332,11,9,9,0.8181818181818182,0.8181818181818182
baseline,qwen3.5:4b,all_crops,original,all,0.65,25,18,18,0.72,0.72,96,2,2,0.020833333333333332,0.020833333333333332,11,8,8,0.7272727272727273,0.7272727272727273
baseline,qwen3.5:4b,all_crops,original,all,0.7,25,17,17,0.68,0.68,96,1,1,0.010416666666666666,0.010416666666666666,11,7,7,0.6363636363636364,0.6363636363636364
baseline,qwen3.5:4b,all_crops,original,all,0.8,25,11,11,0.44,0.44,96,0,0,0.0,0.0,11,4,4,0.36363636363636365,0.36363636363636365
baseline,qwen3.5:4b,all_crops,original,all,0.9,25,0,0,0.0,0.0,96,0,0,0.0,0.0,11,0,0,0.0,0.0
baseline,qwen3.5:4b,all_crops,original,all,0.95,25,0,0,0.0,0.0,96,0,0,0.0,0.0,11,0,0,0.0,0.0
baseline,qwen3.5:4b,all_crops,original,all,0.97,25,0,0,0.0,0.0,96,0,0,0.0,0.0,11,0,0,0.0,0.0
baseline,qwen3.5:4b,all_crops,original,all,0.98,25,0,0,0.0,0.0,96,0,0,0.0,0.0,11,0,0,0.0,0.0
baseline,qwen3.5:4b,all_crops,original,all,0.99,25,0,0,0.0,0.0,96,0,0,0.0,0.0,11,0,0,0.0,0.0
baseline,qwen3.5:4b,all_crops,original,all,0.995,25,0,0,0.0,0.0,96,0,0,0.0,0.0,11,0,0,0.0,0.0
baseline,qwen3.5:4b,all_crops,original,all,0.999,25,0,0,0.0,0.0,96,0,0,0.0,0.0,11,0,0,0.0,0.0
baseline,qwen3.5:4b,all_crops,original,all,0.9999,25,0,0,0.0,0.0,96,0,0,0.0,0.0,11,0,0,0.0,0.0
baseline,qwen3.5:4b,all_crops,original,all,0.99999,25,0,0,0.0,0.0,96,0,0,0.0,0.0,11,0,0,0.0,0.0
baseline,qwen3.5:4b,all_crops,original,all,0.999999,25,0,0,0.0,0.0,96,0,0,0.0,0.0,11,0,0,0.0,0.0
baseline,qwen3.5:4b,all_crops,state_101,all,0.4,25,24,24,0.96,0.96,96,7,7,0.07291666666666667,0.07291666666666667,11,11,11,1.0,1.0
baseline,qwen3.5:4b,all_crops,state_101,all,0.5,25,24,24,0.96,0.96,96,5,5,0.052083333333333336,0.052083333333333336,11,11,11,1.0,1.0
baseline,qwen3.5:4b,all_crops,state_101,all,0.6,25,24,24,0.96,0.96,96,3,3,0.03125,0.03125,11,11,11,1.0,1.0
baseline,qwen3.5:4b,all_crops,state_101,all,0.65,25,19,19,0.76,0.76,96,3,3,0.03125,0.03125,11,9,9,0.8181818181818182,0.8181818181818182
baseline,qwen3.5:4b,all_crops,state_101,all,0.7,25,15,15,0.6,0.6,96,3,3,0.03125,0.03125,11,7,7,0.6363636363636364,0.6363636363636364
baseline,qwen3.5:4b,all_crops,state_101,all,0.8,25,6,6,0.24,0.24,96,0,0,0.0,0.0,11,3,3,0.2727272727272727,0.2727272727272727
baseline,qwen3.5:4b,all_crops,state_101,all,0.9,25,1,1,0.04,0.04,96,0,0,0.0,0.0,11,1,1,0.09090909090909091,0.09090909090909091
baseline,qwen3.5:4b,all_crops,state_101,all,0.95,25,0,0,0.0,0.0,96,0,0,0.0,0.0,11,0,0,0.0,0.0
baseline,qwen3.5:4b,all_crops,state_101,all,0.97,25,0,0,0.0,0.0,96,0,0,0.0,0.0,11,0,0,0.0,0.0
baseline,qwen3.5:4b,all_crops,state_101,all,0.98,25,0,0,0.0,0.0,96,0,0,0.0,0.0,11,0,0,0.0,0.0
baseline,qwen3.5:4b,all_crops,state_101,all,0.99,25,0,0,0.0,0.0,96,0,0,0.0,0.0,11,0,0,0.0,0.0
baseline,qwen3.5:4b,all_crops,state_101,all,0.995,25,0,0,0.0,0.0,96,0,0,0.0,0.0,11,0,0,0.0,0.0
baseline,qwen3.5:4b,all_crops,state_101,all,0.999,25,0,0,0.0,0.0,96,0,0,0.0,0.0,11,0,0,0.0,0.0
baseline,qwen3.5:4b,all_crops,state_101,all,0.9999,25,0,0,0.0,0.0,96,0,0,0.0,0.0,11,0,0,0.0,0.0
baseline,qwen3.5:4b,all_crops,state_101,all,0.99999,25,0,0,0.0,0.0,96,0,0,0.0,0.0,11,0,0,0.0,0.0
baseline,qwen3.5:4b,all_crops,state_101,all,0.999999,25,0,0,0.0,0.0,96,0,0,0.0,0.0,11,0,0,0.0,0.0
baseline,qwen3.5:4b,all_crops,state_202,all,0.4,25,25,25,1.0,1.0,96,8,8,0.08333333333333333,0.08333333333333333,11,11,11,1.0,1.0
baseline,qwen3.5:4b,all_crops,state_202,all,0.5,25,25,25,1.0,1.0,96,7,7,0.07291666666666667,0.07291666666666667,11,11,11,1.0,1.0
baseline,qwen3.5:4b,all_crops,state_202,all,0.6,25,24,24,0.96,0.96,96,6,6,0.0625,0.0625,11,10,10,0.9090909090909091,0.9090909090909091
baseline,qwen3.5:4b,all_crops,state_202,all,0.65,25,24,24,0.96,0.96,96,4,4,0.041666666666666664,0.041666666666666664,11,10,10,0.9090909090909091,0.9090909090909091
baseline,qwen3.5:4b,all_crops,state_202,all,0.7,25,17,17,0.68,0.68,96,1,1,0.010416666666666666,0.010416666666666666,11,8,8,0.7272727272727273,0.7272727272727273
baseline,qwen3.5:4b,all_crops,state_202,all,0.8,25,9,9,0.36,0.36,96,1,1,0.010416666666666666,0.010416666666666666,11,4,4,0.36363636363636365,0.36363636363636365
baseline,qwen3.5:4b,all_crops,state_202,all,0.9,25,0,0,0.0,0.0,96,0,0,0.0,0.0,11,0,0,0.0,0.0
baseline,qwen3.5:4b,all_crops,state_202,all,0.95,25,0,0,0.0,0.0,96,0,0,0.0,0.0,11,0,0,0.0,0.0
baseline,qwen3.5:4b,all_crops,state_202,all,0.97,25,0,0,0.0,0.0,96,0,0,0.0,0.0,11,0,0,0.0,0.0
baseline,qwen3.5:4b,all_crops,state_202,all,0.98,25,0,0,0.0,0.0,96,0,0,0.0,0.0,11,0,0,0.0,0.0
baseline,qwen3.5:4b,all_crops,state_202,all,0.99,25,0,0,0.0,0.0,96,0,0,0.0,0.0,11,0,0,0.0,0.0
baseline,qwen3.5:4b,all_crops,state_202,all,0.995,25,0,0,0.0,0.0,96,0,0,0.0,0.0,11,0,0,0.0,0.0
baseline,qwen3.5:4b,all_crops,state_202,all,0.999,25,0,0,0.0,0.0,96,0,0,0.0,0.0,11,0,0,0.0,0.0
baseline,qwen3.5:4b,all_crops,state_202,all,0.9999,25,0,0,0.0,0.0,96,0,0,0.0,0.0,11,0,0,0.0,0.0
baseline,qwen3.5:4b,all_crops,state_202,all,0.99999,25,0,0,0.0,0.0,96,0,0,0.0,0.0,11,0,0,0.0,0.0
baseline,qwen3.5:4b,all_crops,state_202,all,0.999999,25,0,0,0.0,0.0,96,0,0,0.0,0.0,11,0,0,0.0,0.0
baseline,qwen3.5:4b,all_crops,state_303,all,0.4,25,22,22,0.88,0.88,96,13,13,0.13541666666666666,0.13541666666666666,11,9,9,0.8181818181818182,0.8181818181818182
baseline,qwen3.5:4b,all_crops,state_303,all,0.5,25,22,22,0.88,0.88,96,7,7,0.07291666666666667,0.07291666666666667,11,9,9,0.8181818181818182,0.8181818181818182
baseline,qwen3.5:4b,all_crops,state_303,all,0.6,25,21,21,0.84,0.84,96,3,3,0.03125,0.03125,11,9,9,0.8181818181818182,0.8181818181818182
baseline,qwen3.5:4b,all_crops,state_303,all,0.65,25,18,18,0.72,0.72,96,3,3,0.03125,0.03125,11,8,8,0.7272727272727273,0.7272727272727273
baseline,qwen3.5:4b,all_crops,state_303,all,0.7,25,15,15,0.6,0.6,96,3,3,0.03125,0.03125,11,7,7,0.6363636363636364,0.6363636363636364
baseline,qwen3.5:4b,all_crops,state_303,all,0.8,25,8,8,0.32,0.32,96,1,1,0.010416666666666666,0.010416666666666666,11,4,4,0.36363636363636365,0.36363636363636365
baseline,qwen3.5:4b,all_crops,state_303,all,0.9,25,2,2,0.08,0.08,96,0,0,0.0,0.0,11,1,1,0.09090909090909091,0.09090909090909091
baseline,qwen3.5:4b,all_crops,state_303,all,0.95,25,0,0,0.0,0.0,96,0,0,0.0,0.0,11,0,0,0.0,0.0
baseline,qwen3.5:4b,all_crops,state_303,all,0.97,25,0,0,0.0,0.0,96,0,0,0.0,0.0,11,0,0,0.0,0.0
baseline,qwen3.5:4b,all_crops,state_303,all,0.98,25,0,0,0.0,0.0,96,0,0,0.0,0.0,11,0,0,0.0,0.0
baseline,qwen3.5:4b,all_crops,state_303,all,0.99,25,0,0,0.0,0.0,96,0,0,0.0,0.0,11,0,0,0.0,0.0
baseline,qwen3.5:4b,all_crops,state_303,all,0.995,25,0,0,0.0,0.0,96,0,0,0.0,0.0,11,0,0,0.0,0.0
baseline,qwen3.5:4b,all_crops,state_303,all,0.999,25,0,0,0.0,0.0,96,0,0,0.0,0.0,11,0,0,0.0,0.0
baseline,qwen3.5:4b,all_crops,state_303,all,0.9999,25,0,0,0.0,0.0,96,0,0,0.0,0.0,11,0,0,0.0,0.0
baseline,qwen3.5:4b,all_crops,state_303,all,0.99999,25,0,0,0.0,0.0,96,0,0,0.0,0.0,11,0,0,0.0,0.0
baseline,qwen3.5:4b,all_crops,state_303,all,0.999999,25,0,0,0.0,0.0,96,0,0,0.0,0.0,11,0,0,0.0,0.0
baseline,qwen3.5:4b,all_crops,all,all,0.4,100,95,95,0.95,0.95,384,38,38,0.09895833333333333,0.09895833333333333,44,42,42,0.9545454545454546,0.9545454545454546
baseline,qwen3.5:4b,all_crops,all,all,0.5,100,91,91,0.91,0.91,384,24,24,0.0625,0.0625,44,40,40,0.9090909090909091,0.9090909090909091
baseline,qwen3.5:4b,all_crops,all,all,0.6,100,88,88,0.88,0.88,384,14,14,0.036458333333333336,0.036458333333333336,44,39,39,0.8863636363636364,0.8863636363636364
baseline,qwen3.5:4b,all_crops,all,all,0.65,100,79,79,0.79,0.79,384,12,12,0.03125,0.03125,44,35,35,0.7954545454545454,0.7954545454545454
baseline,qwen3.5:4b,all_crops,all,all,0.7,100,64,64,0.64,0.64,384,8,8,0.020833333333333332,0.020833333333333332,44,29,29,0.6590909090909091,0.6590909090909091
baseline,qwen3.5:4b,all_crops,all,all,0.8,100,34,34,0.34,0.34,384,2,2,0.005208333333333333,0.005208333333333333,44,15,15,0.3409090909090909,0.3409090909090909
baseline,qwen3.5:4b,all_crops,all,all,0.9,100,3,3,0.03,0.03,384,0,0,0.0,0.0,44,2,2,0.045454545454545456,0.045454545454545456
baseline,qwen3.5:4b,all_crops,all,all,0.95,100,0,0,0.0,0.0,384,0,0,0.0,0.0,44,0,0,0.0,0.0
baseline,qwen3.5:4b,all_crops,all,all,0.97,100,0,0,0.0,0.0,384,0,0,0.0,0.0,44,0,0,0.0,0.0
baseline,qwen3.5:4b,all_crops,all,all,0.98,100,0,0,0.0,0.0,384,0,0,0.0,0.0,44,0,0,0.0,0.0
baseline,qwen3.5:4b,all_crops,all,all,0.99,100,0,0,0.0,0.0,384,0,0,0.0,0.0,44,0,0,0.0,0.0
baseline,qwen3.5:4b,all_crops,all,all,0.995,100,0,0,0.0,0.0,384,0,0,0.0,0.0,44,0,0,0.0,0.0
baseline,qwen3.5:4b,all_crops,all,all,0.999,100,0,0,0.0,0.0,384,0,0,0.0,0.0,44,0,0,0.0,0.0
baseline,qwen3.5:4b,all_crops,all,all,0.9999,100,0,0,0.0,0.0,384,0,0,0.0,0.0,44,0,0,0.0,0.0
baseline,qwen3.5:4b,all_crops,all,all,0.99999,100,0,0,0.0,0.0,384,0,0,0.0,0.0,44,0,0,0.0,0.0
baseline,qwen3.5:4b,all_crops,all,all,0.999999,100,0,0,0.0,0.0,384,0,0,0.0,0.0,44,0,0,0.0,0.0
baseline,qwen3.5:4b,autonomous_depth_only,original,all,0.4,25,24,24,0.96,0.96,96,10,10,0.10416666666666667,0.10416666666666667,11,11,11,1.0,1.0
baseline,qwen3.5:4b,autonomous_depth_only,original,all,0.5,25,20,20,0.8,0.8,96,5,5,0.052083333333333336,0.052083333333333336,11,9,9,0.8181818181818182,0.8181818181818182
baseline,qwen3.5:4b,autonomous_depth_only,original,all,0.6,25,19,19,0.76,0.76,96,2,2,0.020833333333333332,0.020833333333333332,11,9,9,0.8181818181818182,0.8181818181818182
baseline,qwen3.5:4b,autonomous_depth_only,original,all,0.65,25,18,18,0.72,0.72,96,2,2,0.020833333333333332,0.020833333333333332,11,8,8,0.7272727272727273,0.7272727272727273
baseline,qwen3.5:4b,autonomous_depth_only,original,all,0.7,25,17,17,0.68,0.68,96,1,1,0.010416666666666666,0.010416666666666666,11,7,7,0.6363636363636364,0.6363636363636364
baseline,qwen3.5:4b,autonomous_depth_only,original,all,0.8,25,11,11,0.44,0.44,96,0,0,0.0,0.0,11,4,4,0.36363636363636365,0.36363636363636365
baseline,qwen3.5:4b,autonomous_depth_only,original,all,0.9,25,0,0,0.0,0.0,96,0,0,0.0,0.0,11,0,0,0.0,0.0
baseline,qwen3.5:4b,autonomous_depth_only,original,all,0.95,25,0,0,0.0,0.0,96,0,0,0.0,0.0,11,0,0,0.0,0.0
baseline,qwen3.5:4b,autonomous_depth_only,original,all,0.97,25,0,0,0.0,0.0,96,0,0,0.0,0.0,11,0,0,0.0,0.0
baseline,qwen3.5:4b,autonomous_depth_only,original,all,0.98,25,0,0,0.0,0.0,96,0,0,0.0,0.0,11,0,0,0.0,0.0
baseline,qwen3.5:4b,autonomous_depth_only,original,all,0.99,25,0,0,0.0,0.0,96,0,0,0.0,0.0,11,0,0,0.0,0.0
baseline,qwen3.5:4b,autonomous_depth_only,original,all,0.995,25,0,0,0.0,0.0,96,0,0,0.0,0.0,11,0,0,0.0,0.0
baseline,qwen3.5:4b,autonomous_depth_only,original,all,0.999,25,0,0,0.0,0.0,96,0,0,0.0,0.0,11,0,0,0.0,0.0
baseline,qwen3.5:4b,autonomous_depth_only,original,all,0.9999,25,0,0,0.0,0.0,96,0,0,0.0,0.0,11,0,0,0.0,0.0
baseline,qwen3.5:4b,autonomous_depth_only,original,all,0.99999,25,0,0,0.0,0.0,96,0,0,0.0,0.0,11,0,0,0.0,0.0
baseline,qwen3.5:4b,autonomous_depth_only,original,all,0.999999,25,0,0,0.0,0.0,96,0,0,0.0,0.0,11,0,0,0.0,0.0
baseline,qwen3.5:4b,autonomous_depth_only,state_101,all,0.4,24,23,23,0.9583333333333334,0.9583333333333334,86,5,5,0.05813953488372093,0.05813953488372093,10,10,10,1.0,1.0
baseline,qwen3.5:4b,autonomous_depth_only,state_101,all,0.5,24,23,23,0.9583333333333334,0.9583333333333334,86,3,3,0.03488372093023256,0.03488372093023256,10,10,10,1.0,1.0
baseline,qwen3.5:4b,autonomous_depth_only,state_101,all,0.6,24,23,23,0.9583333333333334,0.9583333333333334,86,1,1,0.011627906976744186,0.011627906976744186,10,10,10,1.0,1.0
baseline,qwen3.5:4b,autonomous_depth_only,state_101,all,0.65,24,18,18,0.75,0.75,86,1,1,0.011627906976744186,0.011627906976744186,10,8,8,0.8,0.8
baseline,qwen3.5:4b,autonomous_depth_only,state_101,all,0.7,24,14,14,0.5833333333333334,0.5833333333333334,86,1,1,0.011627906976744186,0.011627906976744186,10,6,6,0.6,0.6
baseline,qwen3.5:4b,autonomous_depth_only,state_101,all,0.8,24,5,5,0.20833333333333334,0.20833333333333334,86,0,0,0.0,0.0,10,2,2,0.2,0.2
baseline,qwen3.5:4b,autonomous_depth_only,state_101,all,0.9,24,0,0,0.0,0.0,86,0,0,0.0,0.0,10,0,0,0.0,0.0
baseline,qwen3.5:4b,autonomous_depth_only,state_101,all,0.95,24,0,0,0.0,0.0,86,0,0,0.0,0.0,10,0,0,0.0,0.0
baseline,qwen3.5:4b,autonomous_depth_only,state_101,all,0.97,24,0,0,0.0,0.0,86,0,0,0.0,0.0,10,0,0,0.0,0.0
baseline,qwen3.5:4b,autonomous_depth_only,state_101,all,0.98,24,0,0,0.0,0.0,86,0,0,0.0,0.0,10,0,0,0.0,0.0
baseline,qwen3.5:4b,autonomous_depth_only,state_101,all,0.99,24,0,0,0.0,0.0,86,0,0,0.0,0.0,10,0,0,0.0,0.0
baseline,qwen3.5:4b,autonomous_depth_only,state_101,all,0.995,24,0,0,0.0,0.0,86,0,0,0.0,0.0,10,0,0,0.0,0.0
baseline,qwen3.5:4b,autonomous_depth_only,state_101,all,0.999,24,0,0,0.0,0.0,86,0,0,0.0,0.0,10,0,0,0.0,0.0
baseline,qwen3.5:4b,autonomous_depth_only,state_101,all,0.9999,24,0,0,0.0,0.0,86,0,0,0.0,0.0,10,0,0,0.0,0.0
baseline,qwen3.5:4b,autonomous_depth_only,state_101,all,0.99999,24,0,0,0.0,0.0,86,0,0,0.0,0.0,10,0,0,0.0,0.0
baseline,qwen3.5:4b,autonomous_depth_only,state_101,all,0.999999,24,0,0,0.0,0.0,86,0,0,0.0,0.0,10,0,0,0.0,0.0
baseline,qwen3.5:4b,autonomous_depth_only,state_202,all,0.4,25,25,25,1.0,1.0,96,8,8,0.08333333333333333,0.08333333333333333,11,11,11,1.0,1.0
baseline,qwen3.5:4b,autonomous_depth_only,state_202,all,0.5,25,25,25,1.0,1.0,96,7,7,0.07291666666666667,0.07291666666666667,11,11,11,1.0,1.0
baseline,qwen3.5:4b,autonomous_depth_only,state_202,all,0.6,25,24,24,0.96,0.96,96,6,6,0.0625,0.0625,11,10,10,0.9090909090909091,0.9090909090909091
baseline,qwen3.5:4b,autonomous_depth_only,state_202,all,0.65,25,24,24,0.96,0.96,96,4,4,0.041666666666666664,0.041666666666666664,11,10,10,0.9090909090909091,0.9090909090909091
baseline,qwen3.5:4b,autonomous_depth_only,state_202,all,0.7,25,17,17,0.68,0.68,96,1,1,0.010416666666666666,0.010416666666666666,11,8,8,0.7272727272727273,0.7272727272727273
baseline,qwen3.5:4b,autonomous_depth_only,state_202,all,0.8,25,9,9,0.36,0.36,96,1,1,0.010416666666666666,0.010416666666666666,11,4,4,0.36363636363636365,0.36363636363636365
baseline,qwen3.5:4b,autonomous_depth_only,state_202,all,0.9,25,0,0,0.0,0.0,96,0,0,0.0,0.0,11,0,0,0.0,0.0
baseline,qwen3.5:4b,autonomous_depth_only,state_202,all,0.95,25,0,0,0.0,0.0,96,0,0,0.0,0.0,11,0,0,0.0,0.0
baseline,qwen3.5:4b,autonomous_depth_only,state_202,all,0.97,25,0,0,0.0,0.0,96,0,0,0.0,0.0,11,0,0,0.0,0.0
baseline,qwen3.5:4b,autonomous_depth_only,state_202,all,0.98,25,0,0,0.0,0.0,96,0,0,0.0,0.0,11,0,0,0.0,0.0
baseline,qwen3.5:4b,autonomous_depth_only,state_202,all,0.99,25,0,0,0.0,0.0,96,0,0,0.0,0.0,11,0,0,0.0,0.0
baseline,qwen3.5:4b,autonomous_depth_only,state_202,all,0.995,25,0,0,0.0,0.0,96,0,0,0.0,0.0,11,0,0,0.0,0.0
baseline,qwen3.5:4b,autonomous_depth_only,state_202,all,0.999,25,0,0,0.0,0.0,96,0,0,0.0,0.0,11,0,0,0.0,0.0
baseline,qwen3.5:4b,autonomous_depth_only,state_202,all,0.9999,25,0,0,0.0,0.0,96,0,0,0.0,0.0,11,0,0,0.0,0.0
baseline,qwen3.5:4b,autonomous_depth_only,state_202,all,0.99999,25,0,0,0.0,0.0,96,0,0,0.0,0.0,11,0,0,0.0,0.0
baseline,qwen3.5:4b,autonomous_depth_only,state_202,all,0.999999,25,0,0,0.0,0.0,96,0,0,0.0,0.0,11,0,0,0.0,0.0
baseline,qwen3.5:4b,autonomous_depth_only,state_303,all,0.4,24,21,21,0.875,0.875,86,11,11,0.12790697674418605,0.12790697674418605,10,8,8,0.8,0.8
baseline,qwen3.5:4b,autonomous_depth_only,state_303,all,0.5,24,21,21,0.875,0.875,86,5,5,0.05813953488372093,0.05813953488372093,10,8,8,0.8,0.8
baseline,qwen3.5:4b,autonomous_depth_only,state_303,all,0.6,24,20,20,0.8333333333333334,0.8333333333333334,86,1,1,0.011627906976744186,0.011627906976744186,10,8,8,0.8,0.8
baseline,qwen3.5:4b,autonomous_depth_only,state_303,all,0.65,24,17,17,0.7083333333333334,0.7083333333333334,86,1,1,0.011627906976744186,0.011627906976744186,10,7,7,0.7,0.7
baseline,qwen3.5:4b,autonomous_depth_only,state_303,all,0.7,24,14,14,0.5833333333333334,0.5833333333333334,86,1,1,0.011627906976744186,0.011627906976744186,10,6,6,0.6,0.6
baseline,qwen3.5:4b,autonomous_depth_only,state_303,all,0.8,24,7,7,0.2916666666666667,0.2916666666666667,86,1,1,0.011627906976744186,0.011627906976744186,10,3,3,0.3,0.3
baseline,qwen3.5:4b,autonomous_depth_only,state_303,all,0.9,24,1,1,0.041666666666666664,0.041666666666666664,86,0,0,0.0,0.0,10,0,0,0.0,0.0
baseline,qwen3.5:4b,autonomous_depth_only,state_303,all,0.95,24,0,0,0.0,0.0,86,0,0,0.0,0.0,10,0,0,0.0,0.0
baseline,qwen3.5:4b,autonomous_depth_only,state_303,all,0.97,24,0,0,0.0,0.0,86,0,0,0.0,0.0,10,0,0,0.0,0.0
baseline,qwen3.5:4b,autonomous_depth_only,state_303,all,0.98,24,0,0,0.0,0.0,86,0,0,0.0,0.0,10,0,0,0.0,0.0
baseline,qwen3.5:4b,autonomous_depth_only,state_303,all,0.99,24,0,0,0.0,0.0,86,0,0,0.0,0.0,10,0,0,0.0,0.0
baseline,qwen3.5:4b,autonomous_depth_only,state_303,all,0.995,24,0,0,0.0,0.0,86,0,0,0.0,0.0,10,0,0,0.0,0.0
baseline,qwen3.5:4b,autonomous_depth_only,state_303,all,0.999,24,0,0,0.0,0.0,86,0,0,0.0,0.0,10,0,0,0.0,0.0
baseline,qwen3.5:4b,autonomous_depth_only,state_303,all,0.9999,24,0,0,0.0,0.0,86,0,0,0.0,0.0,10,0,0,0.0,0.0
baseline,qwen3.5:4b,autonomous_depth_only,state_303,all,0.99999,24,0,0,0.0,0.0,86,0,0,0.0,0.0,10,0,0,0.0,0.0
baseline,qwen3.5:4b,autonomous_depth_only,state_303,all,0.999999,24,0,0,0.0,0.0,86,0,0,0.0,0.0,10,0,0,0.0,0.0
baseline,qwen3.5:4b,autonomous_depth_only,all,all,0.4,98,93,93,0.9489795918367347,0.9489795918367347,364,34,34,0.09340659340659341,0.09340659340659341,42,40,40,0.9523809523809523,0.9523809523809523
baseline,qwen3.5:4b,autonomous_depth_only,all,all,0.5,98,89,89,0.9081632653061225,0.9081632653061225,364,20,20,0.054945054945054944,0.054945054945054944,42,38,38,0.9047619047619048,0.9047619047619048
baseline,qwen3.5:4b,autonomous_depth_only,all,all,0.6,98,86,86,0.8775510204081632,0.8775510204081632,364,10,10,0.027472527472527472,0.027472527472527472,42,37,37,0.8809523809523809,0.8809523809523809
baseline,qwen3.5:4b,autonomous_depth_only,all,all,0.65,98,77,77,0.7857142857142857,0.7857142857142857,364,8,8,0.02197802197802198,0.02197802197802198,42,33,33,0.7857142857142857,0.7857142857142857
baseline,qwen3.5:4b,autonomous_depth_only,all,all,0.7,98,62,62,0.6326530612244898,0.6326530612244898,364,4,4,0.01098901098901099,0.01098901098901099,42,27,27,0.6428571428571429,0.6428571428571429
baseline,qwen3.5:4b,autonomous_depth_only,all,all,0.8,98,32,32,0.32653061224489793,0.32653061224489793,364,2,2,0.005494505494505495,0.005494505494505495,42,13,13,0.30952380952380953,0.30952380952380953
baseline,qwen3.5:4b,autonomous_depth_only,all,all,0.9,98,1,1,0.01020408163265306,0.01020408163265306,364,0,0,0.0,0.0,42,0,0,0.0,0.0
baseline,qwen3.5:4b,autonomous_depth_only,all,all,0.95,98,0,0,0.0,0.0,364,0,0,0.0,0.0,42,0,0,0.0,0.0
baseline,qwen3.5:4b,autonomous_depth_only,all,all,0.97,98,0,0,0.0,0.0,364,0,0,0.0,0.0,42,0,0,0.0,0.0
baseline,qwen3.5:4b,autonomous_depth_only,all,all,0.98,98,0,0,0.0,0.0,364,0,0,0.0,0.0,42,0,0,0.0,0.0
baseline,qwen3.5:4b,autonomous_depth_only,all,all,0.99,98,0,0,0.0,0.0,364,0,0,0.0,0.0,42,0,0,0.0,0.0
baseline,qwen3.5:4b,autonomous_depth_only,all,all,0.995,98,0,0,0.0,0.0,364,0,0,0.0,0.0,42,0,0,0.0,0.0
baseline,qwen3.5:4b,autonomous_depth_only,all,all,0.999,98,0,0,0.0,0.0,364,0,0,0.0,0.0,42,0,0,0.0,0.0
baseline,qwen3.5:4b,autonomous_depth_only,all,all,0.9999,98,0,0,0.0,0.0,364,0,0,0.0,0.0,42,0,0,0.0,0.0
baseline,qwen3.5:4b,autonomous_depth_only,all,all,0.99999,98,0,0,0.0,0.0,364,0,0,0.0,0.0,42,0,0,0.0,0.0
baseline,qwen3.5:4b,autonomous_depth_only,all,all,0.999999,98,0,0,0.0,0.0,364,0,0,0.0,0.0,42,0,0,0.0,0.0
family_ablation,qwen3.5:4b,all_crops,original,all,0.4,25,25,25,1.0,1.0,96,11,11,0.11458333333333333,0.11458333333333333,11,11,11,1.0,1.0
family_ablation,qwen3.5:4b,all_crops,original,all,0.5,25,25,25,1.0,1.0,96,7,7,0.07291666666666667,0.07291666666666667,11,11,11,1.0,1.0
family_ablation,qwen3.5:4b,all_crops,original,all,0.6,25,25,25,1.0,1.0,96,6,6,0.0625,0.0625,11,11,11,1.0,1.0
family_ablation,qwen3.5:4b,all_crops,original,all,0.65,25,25,25,1.0,1.0,96,5,5,0.052083333333333336,0.052083333333333336,11,11,11,1.0,1.0
family_ablation,qwen3.5:4b,all_crops,original,all,0.7,25,23,23,0.92,0.92,96,5,5,0.052083333333333336,0.052083333333333336,11,10,10,0.9090909090909091,0.9090909090909091
family_ablation,qwen3.5:4b,all_crops,original,all,0.8,25,18,18,0.72,0.72,96,1,1,0.010416666666666666,0.010416666666666666,11,8,8,0.7272727272727273,0.7272727272727273
family_ablation,qwen3.5:4b,all_crops,original,all,0.9,25,12,12,0.48,0.48,96,0,0,0.0,0.0,11,4,4,0.36363636363636365,0.36363636363636365
family_ablation,qwen3.5:4b,all_crops,original,all,0.95,25,0,0,0.0,0.0,96,0,0,0.0,0.0,11,0,0,0.0,0.0
family_ablation,qwen3.5:4b,all_crops,original,all,0.97,25,0,0,0.0,0.0,96,0,0,0.0,0.0,11,0,0,0.0,0.0
family_ablation,qwen3.5:4b,all_crops,original,all,0.98,25,0,0,0.0,0.0,96,0,0,0.0,0.0,11,0,0,0.0,0.0
family_ablation,qwen3.5:4b,all_crops,original,all,0.99,25,0,0,0.0,0.0,96,0,0,0.0,0.0,11,0,0,0.0,0.0
family_ablation,qwen3.5:4b,all_crops,original,all,0.995,25,0,0,0.0,0.0,96,0,0,0.0,0.0,11,0,0,0.0,0.0
family_ablation,qwen3.5:4b,all_crops,original,all,0.999,25,0,0,0.0,0.0,96,0,0,0.0,0.0,11,0,0,0.0,0.0
family_ablation,qwen3.5:4b,all_crops,original,all,0.9999,25,0,0,0.0,0.0,96,0,0,0.0,0.0,11,0,0,0.0,0.0
family_ablation,qwen3.5:4b,all_crops,original,all,0.99999,25,0,0,0.0,0.0,96,0,0,0.0,0.0,11,0,0,0.0,0.0
family_ablation,qwen3.5:4b,all_crops,original,all,0.999999,25,0,0,0.0,0.0,96,0,0,0.0,0.0,11,0,0,0.0,0.0
family_ablation,qwen3.5:4b,all_crops,state_101,all,0.4,25,23,23,0.92,0.92,96,14,14,0.14583333333333334,0.14583333333333334,11,10,10,0.9090909090909091,0.9090909090909091
family_ablation,qwen3.5:4b,all_crops,state_101,all,0.5,25,23,23,0.92,0.92,96,7,7,0.07291666666666667,0.07291666666666667,11,10,10,0.9090909090909091,0.9090909090909091
family_ablation,qwen3.5:4b,all_crops,state_101,all,0.6,25,23,23,0.92,0.92,96,4,4,0.041666666666666664,0.041666666666666664,11,10,10,0.9090909090909091,0.9090909090909091
family_ablation,qwen3.5:4b,all_crops,state_101,all,0.65,25,23,23,0.92,0.92,96,4,4,0.041666666666666664,0.041666666666666664,11,10,10,0.9090909090909091,0.9090909090909091
family_ablation,qwen3.5:4b,all_crops,state_101,all,0.7,25,23,23,0.92,0.92,96,4,4,0.041666666666666664,0.041666666666666664,11,10,10,0.9090909090909091,0.9090909090909091
family_ablation,qwen3.5:4b,all_crops,state_101,all,0.8,25,21,21,0.84,0.84,96,3,3,0.03125,0.03125,11,9,9,0.8181818181818182,0.8181818181818182
family_ablation,qwen3.5:4b,all_crops,state_101,all,0.9,25,6,6,0.24,0.24,96,0,0,0.0,0.0,11,2,2,0.18181818181818182,0.18181818181818182
family_ablation,qwen3.5:4b,all_crops,state_101,all,0.95,25,0,0,0.0,0.0,96,0,0,0.0,0.0,11,0,0,0.0,0.0
family_ablation,qwen3.5:4b,all_crops,state_101,all,0.97,25,0,0,0.0,0.0,96,0,0,0.0,0.0,11,0,0,0.0,0.0
family_ablation,qwen3.5:4b,all_crops,state_101,all,0.98,25,0,0,0.0,0.0,96,0,0,0.0,0.0,11,0,0,0.0,0.0
family_ablation,qwen3.5:4b,all_crops,state_101,all,0.99,25,0,0,0.0,0.0,96,0,0,0.0,0.0,11,0,0,0.0,0.0
family_ablation,qwen3.5:4b,all_crops,state_101,all,0.995,25,0,0,0.0,0.0,96,0,0,0.0,0.0,11,0,0,0.0,0.0
family_ablation,qwen3.5:4b,all_crops,state_101,all,0.999,25,0,0,0.0,0.0,96,0,0,0.0,0.0,11,0,0,0.0,0.0
family_ablation,qwen3.5:4b,all_crops,state_101,all,0.9999,25,0,0,0.0,0.0,96,0,0,0.0,0.0,11,0,0,0.0,0.0
family_ablation,qwen3.5:4b,all_crops,state_101,all,0.99999,25,0,0,0.0,0.0,96,0,0,0.0,0.0,11,0,0,0.0,0.0
family_ablation,qwen3.5:4b,all_crops,state_101,all,0.999999,25,0,0,0.0,0.0,96,0,0,0.0,0.0,11,0,0,0.0,0.0
family_ablation,qwen3.5:4b,all_crops,state_202,all,0.4,25,25,25,1.0,1.0,96,8,8,0.08333333333333333,0.08333333333333333,11,11,11,1.0,1.0
family_ablation,qwen3.5:4b,all_crops,state_202,all,0.5,25,25,25,1.0,1.0,96,7,7,0.07291666666666667,0.07291666666666667,11,11,11,1.0,1.0
family_ablation,qwen3.5:4b,all_crops,state_202,all,0.6,25,25,25,1.0,1.0,96,6,6,0.0625,0.0625,11,11,11,1.0,1.0
family_ablation,qwen3.5:4b,all_crops,state_202,all,0.65,25,25,25,1.0,1.0,96,6,6,0.0625,0.0625,11,11,11,1.0,1.0
family_ablation,qwen3.5:4b,all_crops,state_202,all,0.7,25,25,25,1.0,1.0,96,3,3,0.03125,0.03125,11,11,11,1.0,1.0
family_ablation,qwen3.5:4b,all_crops,state_202,all,0.8,25,20,20,0.8,0.8,96,1,1,0.010416666666666666,0.010416666666666666,11,9,9,0.8181818181818182,0.8181818181818182
family_ablation,qwen3.5:4b,all_crops,state_202,all,0.9,25,10,10,0.4,0.4,96,0,0,0.0,0.0,11,4,4,0.36363636363636365,0.36363636363636365
family_ablation,qwen3.5:4b,all_crops,state_202,all,0.95,25,0,0,0.0,0.0,96,0,0,0.0,0.0,11,0,0,0.0,0.0
family_ablation,qwen3.5:4b,all_crops,state_202,all,0.97,25,0,0,0.0,0.0,96,0,0,0.0,0.0,11,0,0,0.0,0.0
family_ablation,qwen3.5:4b,all_crops,state_202,all,0.98,25,0,0,0.0,0.0,96,0,0,0.0,0.0,11,0,0,0.0,0.0
family_ablation,qwen3.5:4b,all_crops,state_202,all,0.99,25,0,0,0.0,0.0,96,0,0,0.0,0.0,11,0,0,0.0,0.0
family_ablation,qwen3.5:4b,all_crops,state_202,all,0.995,25,0,0,0.0,0.0,96,0,0,0.0,0.0,11,0,0,0.0,0.0
family_ablation,qwen3.5:4b,all_crops,state_202,all,0.999,25,0,0,0.0,0.0,96,0,0,0.0,0.0,11,0,0,0.0,0.0
family_ablation,qwen3.5:4b,all_crops,state_202,all,0.9999,25,0,0,0.0,0.0,96,0,0,0.0,0.0,11,0,0,0.0,0.0
family_ablation,qwen3.5:4b,all_crops,state_202,all,0.99999,25,0,0,0.0,0.0,96,0,0,0.0,0.0,11,0,0,0.0,0.0
family_ablation,qwen3.5:4b,all_crops,state_202,all,0.999999,25,0,0,0.0,0.0,96,0,0,0.0,0.0,11,0,0,0.0,0.0
family_ablation,qwen3.5:4b,all_crops,state_303,all,0.4,25,25,25,1.0,1.0,96,12,12,0.125,0.125,11,11,11,1.0,1.0
family_ablation,qwen3.5:4b,all_crops,state_303,all,0.5,25,21,21,0.84,0.84,96,10,10,0.10416666666666667,0.10416666666666667,11,9,9,0.8181818181818182,0.8181818181818182
family_ablation,qwen3.5:4b,all_crops,state_303,all,0.6,25,21,21,0.84,0.84,96,9,9,0.09375,0.09375,11,9,9,0.8181818181818182,0.8181818181818182
family_ablation,qwen3.5:4b,all_crops,state_303,all,0.65,25,21,21,0.84,0.84,96,9,9,0.09375,0.09375,11,9,9,0.8181818181818182,0.8181818181818182
family_ablation,qwen3.5:4b,all_crops,state_303,all,0.7,25,21,21,0.84,0.84,96,5,5,0.052083333333333336,0.052083333333333336,11,9,9,0.8181818181818182,0.8181818181818182
family_ablation,qwen3.5:4b,all_crops,state_303,all,0.8,25,20,20,0.8,0.8,96,1,1,0.010416666666666666,0.010416666666666666,11,8,8,0.7272727272727273,0.7272727272727273
family_ablation,qwen3.5:4b,all_crops,state_303,all,0.9,25,15,15,0.6,0.6,96,0,0,0.0,0.0,11,5,5,0.45454545454545453,0.45454545454545453
family_ablation,qwen3.5:4b,all_crops,state_303,all,0.95,25,0,0,0.0,0.0,96,0,0,0.0,0.0,11,0,0,0.0,0.0
family_ablation,qwen3.5:4b,all_crops,state_303,all,0.97,25,0,0,0.0,0.0,96,0,0,0.0,0.0,11,0,0,0.0,0.0
family_ablation,qwen3.5:4b,all_crops,state_303,all,0.98,25,0,0,0.0,0.0,96,0,0,0.0,0.0,11,0,0,0.0,0.0
family_ablation,qwen3.5:4b,all_crops,state_303,all,0.99,25,0,0,0.0,0.0,96,0,0,0.0,0.0,11,0,0,0.0,0.0
family_ablation,qwen3.5:4b,all_crops,state_303,all,0.995,25,0,0,0.0,0.0,96,0,0,0.0,0.0,11,0,0,0.0,0.0
family_ablation,qwen3.5:4b,all_crops,state_303,all,0.999,25,0,0,0.0,0.0,96,0,0,0.0,0.0,11,0,0,0.0,0.0
family_ablation,qwen3.5:4b,all_crops,state_303,all,0.9999,25,0,0,0.0,0.0,96,0,0,0.0,0.0,11,0,0,0.0,0.0
family_ablation,qwen3.5:4b,all_crops,state_303,all,0.99999,25,0,0,0.0,0.0,96,0,0,0.0,0.0,11,0,0,0.0,0.0
family_ablation,qwen3.5:4b,all_crops,state_303,all,0.999999,25,0,0,0.0,0.0,96,0,0,0.0,0.0,11,0,0,0.0,0.0
family_ablation,qwen3.5:4b,all_crops,all,all,0.4,100,98,98,0.98,0.98,384,45,45,0.1171875,0.1171875,44,43,43,0.9772727272727273,0.9772727272727273
family_ablation,qwen3.5:4b,all_crops,all,all,0.5,100,94,94,0.94,0.94,384,31,31,0.08072916666666667,0.08072916666666667,44,41,41,0.9318181818181818,0.9318181818181818
family_ablation,qwen3.5:4b,all_crops,all,all,0.6,100,94,94,0.94,0.94,384,25,25,0.06510416666666667,0.06510416666666667,44,41,41,0.9318181818181818,0.9318181818181818
family_ablation,qwen3.5:4b,all_crops,all,all,0.65,100,94,94,0.94,0.94,384,24,24,0.0625,0.0625,44,41,41,0.9318181818181818,0.9318181818181818
family_ablation,qwen3.5:4b,all_crops,all,all,0.7,100,92,92,0.92,0.92,384,17,17,0.044270833333333336,0.044270833333333336,44,40,40,0.9090909090909091,0.9090909090909091
family_ablation,qwen3.5:4b,all_crops,all,all,0.8,100,79,79,0.79,0.79,384,6,6,0.015625,0.015625,44,34,34,0.7727272727272727,0.7727272727272727
family_ablation,qwen3.5:4b,all_crops,all,all,0.9,100,43,43,0.43,0.43,384,0,0,0.0,0.0,44,15,15,0.3409090909090909,0.3409090909090909
family_ablation,qwen3.5:4b,all_crops,all,all,0.95,100,0,0,0.0,0.0,384,0,0,0.0,0.0,44,0,0,0.0,0.0
family_ablation,qwen3.5:4b,all_crops,all,all,0.97,100,0,0,0.0,0.0,384,0,0,0.0,0.0,44,0,0,0.0,0.0
family_ablation,qwen3.5:4b,all_crops,all,all,0.98,100,0,0,0.0,0.0,384,0,0,0.0,0.0,44,0,0,0.0,0.0
family_ablation,qwen3.5:4b,all_crops,all,all,0.99,100,0,0,0.0,0.0,384,0,0,0.0,0.0,44,0,0,0.0,0.0
family_ablation,qwen3.5:4b,all_crops,all,all,0.995,100,0,0,0.0,0.0,384,0,0,0.0,0.0,44,0,0,0.0,0.0
family_ablation,qwen3.5:4b,all_crops,all,all,0.999,100,0,0,0.0,0.0,384,0,0,0.0,0.0,44,0,0,0.0,0.0
family_ablation,qwen3.5:4b,all_crops,all,all,0.9999,100,0,0,0.0,0.0,384,0,0,0.0,0.0,44,0,0,0.0,0.0
family_ablation,qwen3.5:4b,all_crops,all,all,0.99999,100,0,0,0.0,0.0,384,0,0,0.0,0.0,44,0,0,0.0,0.0
family_ablation,qwen3.5:4b,all_crops,all,all,0.999999,100,0,0,0.0,0.0,384,0,0,0.0,0.0,44,0,0,0.0,0.0
family_ablation,qwen3.5:4b,autonomous_depth_only,original,all,0.4,25,25,25,1.0,1.0,96,11,11,0.11458333333333333,0.11458333333333333,11,11,11,1.0,1.0
family_ablation,qwen3.5:4b,autonomous_depth_only,original,all,0.5,25,25,25,1.0,1.0,96,7,7,0.07291666666666667,0.07291666666666667,11,11,11,1.0,1.0
family_ablation,qwen3.5:4b,autonomous_depth_only,original,all,0.6,25,25,25,1.0,1.0,96,6,6,0.0625,0.0625,11,11,11,1.0,1.0
family_ablation,qwen3.5:4b,autonomous_depth_only,original,all,0.65,25,25,25,1.0,1.0,96,5,5,0.052083333333333336,0.052083333333333336,11,11,11,1.0,1.0
family_ablation,qwen3.5:4b,autonomous_depth_only,original,all,0.7,25,23,23,0.92,0.92,96,5,5,0.052083333333333336,0.052083333333333336,11,10,10,0.9090909090909091,0.9090909090909091
family_ablation,qwen3.5:4b,autonomous_depth_only,original,all,0.8,25,18,18,0.72,0.72,96,1,1,0.010416666666666666,0.010416666666666666,11,8,8,0.7272727272727273,0.7272727272727273
family_ablation,qwen3.5:4b,autonomous_depth_only,original,all,0.9,25,12,12,0.48,0.48,96,0,0,0.0,0.0,11,4,4,0.36363636363636365,0.36363636363636365
family_ablation,qwen3.5:4b,autonomous_depth_only,original,all,0.95,25,0,0,0.0,0.0,96,0,0,0.0,0.0,11,0,0,0.0,0.0
family_ablation,qwen3.5:4b,autonomous_depth_only,original,all,0.97,25,0,0,0.0,0.0,96,0,0,0.0,0.0,11,0,0,0.0,0.0
family_ablation,qwen3.5:4b,autonomous_depth_only,original,all,0.98,25,0,0,0.0,0.0,96,0,0,0.0,0.0,11,0,0,0.0,0.0
family_ablation,qwen3.5:4b,autonomous_depth_only,original,all,0.99,25,0,0,0.0,0.0,96,0,0,0.0,0.0,11,0,0,0.0,0.0
family_ablation,qwen3.5:4b,autonomous_depth_only,original,all,0.995,25,0,0,0.0,0.0,96,0,0,0.0,0.0,11,0,0,0.0,0.0
family_ablation,qwen3.5:4b,autonomous_depth_only,original,all,0.999,25,0,0,0.0,0.0,96,0,0,0.0,0.0,11,0,0,0.0,0.0
family_ablation,qwen3.5:4b,autonomous_depth_only,original,all,0.9999,25,0,0,0.0,0.0,96,0,0,0.0,0.0,11,0,0,0.0,0.0
family_ablation,qwen3.5:4b,autonomous_depth_only,original,all,0.99999,25,0,0,0.0,0.0,96,0,0,0.0,0.0,11,0,0,0.0,0.0
family_ablation,qwen3.5:4b,autonomous_depth_only,original,all,0.999999,25,0,0,0.0,0.0,96,0,0,0.0,0.0,11,0,0,0.0,0.0
family_ablation,qwen3.5:4b,autonomous_depth_only,state_101,all,0.4,24,22,22,0.9166666666666666,0.9166666666666666,86,13,13,0.1511627906976744,0.1511627906976744,10,9,9,0.9,0.9
family_ablation,qwen3.5:4b,autonomous_depth_only,state_101,all,0.5,24,22,22,0.9166666666666666,0.9166666666666666,86,6,6,0.06976744186046512,0.06976744186046512,10,9,9,0.9,0.9
family_ablation,qwen3.5:4b,autonomous_depth_only,state_101,all,0.6,24,22,22,0.9166666666666666,0.9166666666666666,86,3,3,0.03488372093023256,0.03488372093023256,10,9,9,0.9,0.9
family_ablation,qwen3.5:4b,autonomous_depth_only,state_101,all,0.65,24,22,22,0.9166666666666666,0.9166666666666666,86,3,3,0.03488372093023256,0.03488372093023256,10,9,9,0.9,0.9
family_ablation,qwen3.5:4b,autonomous_depth_only,state_101,all,0.7,24,22,22,0.9166666666666666,0.9166666666666666,86,3,3,0.03488372093023256,0.03488372093023256,10,9,9,0.9,0.9
family_ablation,qwen3.5:4b,autonomous_depth_only,state_101,all,0.8,24,20,20,0.8333333333333334,0.8333333333333334,86,3,3,0.03488372093023256,0.03488372093023256,10,8,8,0.8,0.8
family_ablation,qwen3.5:4b,autonomous_depth_only,state_101,all,0.9,24,6,6,0.25,0.25,86,0,0,0.0,0.0,10,2,2,0.2,0.2
family_ablation,qwen3.5:4b,autonomous_depth_only,state_101,all,0.95,24,0,0,0.0,0.0,86,0,0,0.0,0.0,10,0,0,0.0,0.0
family_ablation,qwen3.5:4b,autonomous_depth_only,state_101,all,0.97,24,0,0,0.0,0.0,86,0,0,0.0,0.0,10,0,0,0.0,0.0
family_ablation,qwen3.5:4b,autonomous_depth_only,state_101,all,0.98,24,0,0,0.0,0.0,86,0,0,0.0,0.0,10,0,0,0.0,0.0
family_ablation,qwen3.5:4b,autonomous_depth_only,state_101,all,0.99,24,0,0,0.0,0.0,86,0,0,0.0,0.0,10,0,0,0.0,0.0
family_ablation,qwen3.5:4b,autonomous_depth_only,state_101,all,0.995,24,0,0,0.0,0.0,86,0,0,0.0,0.0,10,0,0,0.0,0.0
family_ablation,qwen3.5:4b,autonomous_depth_only,state_101,all,0.999,24,0,0,0.0,0.0,86,0,0,0.0,0.0,10,0,0,0.0,0.0
family_ablation,qwen3.5:4b,autonomous_depth_only,state_101,all,0.9999,24,0,0,0.0,0.0,86,0,0,0.0,0.0,10,0,0,0.0,0.0
family_ablation,qwen3.5:4b,autonomous_depth_only,state_101,all,0.99999,24,0,0,0.0,0.0,86,0,0,0.0,0.0,10,0,0,0.0,0.0
family_ablation,qwen3.5:4b,autonomous_depth_only,state_101,all,0.999999,24,0,0,0.0,0.0,86,0,0,0.0,0.0,10,0,0,0.0,0.0
family_ablation,qwen3.5:4b,autonomous_depth_only,state_202,all,0.4,25,25,25,1.0,1.0,96,8,8,0.08333333333333333,0.08333333333333333,11,11,11,1.0,1.0
family_ablation,qwen3.5:4b,autonomous_depth_only,state_202,all,0.5,25,25,25,1.0,1.0,96,7,7,0.07291666666666667,0.07291666666666667,11,11,11,1.0,1.0
family_ablation,qwen3.5:4b,autonomous_depth_only,state_202,all,0.6,25,25,25,1.0,1.0,96,6,6,0.0625,0.0625,11,11,11,1.0,1.0
family_ablation,qwen3.5:4b,autonomous_depth_only,state_202,all,0.65,25,25,25,1.0,1.0,96,6,6,0.0625,0.0625,11,11,11,1.0,1.0
family_ablation,qwen3.5:4b,autonomous_depth_only,state_202,all,0.7,25,25,25,1.0,1.0,96,3,3,0.03125,0.03125,11,11,11,1.0,1.0
family_ablation,qwen3.5:4b,autonomous_depth_only,state_202,all,0.8,25,20,20,0.8,0.8,96,1,1,0.010416666666666666,0.010416666666666666,11,9,9,0.8181818181818182,0.8181818181818182
family_ablation,qwen3.5:4b,autonomous_depth_only,state_202,all,0.9,25,10,10,0.4,0.4,96,0,0,0.0,0.0,11,4,4,0.36363636363636365,0.36363636363636365
family_ablation,qwen3.5:4b,autonomous_depth_only,state_202,all,0.95,25,0,0,0.0,0.0,96,0,0,0.0,0.0,11,0,0,0.0,0.0
family_ablation,qwen3.5:4b,autonomous_depth_only,state_202,all,0.97,25,0,0,0.0,0.0,96,0,0,0.0,0.0,11,0,0,0.0,0.0
family_ablation,qwen3.5:4b,autonomous_depth_only,state_202,all,0.98,25,0,0,0.0,0.0,96,0,0,0.0,0.0,11,0,0,0.0,0.0
family_ablation,qwen3.5:4b,autonomous_depth_only,state_202,all,0.99,25,0,0,0.0,0.0,96,0,0,0.0,0.0,11,0,0,0.0,0.0
family_ablation,qwen3.5:4b,autonomous_depth_only,state_202,all,0.995,25,0,0,0.0,0.0,96,0,0,0.0,0.0,11,0,0,0.0,0.0
family_ablation,qwen3.5:4b,autonomous_depth_only,state_202,all,0.999,25,0,0,0.0,0.0,96,0,0,0.0,0.0,11,0,0,0.0,0.0
family_ablation,qwen3.5:4b,autonomous_depth_only,state_202,all,0.9999,25,0,0,0.0,0.0,96,0,0,0.0,0.0,11,0,0,0.0,0.0
family_ablation,qwen3.5:4b,autonomous_depth_only,state_202,all,0.99999,25,0,0,0.0,0.0,96,0,0,0.0,0.0,11,0,0,0.0,0.0
family_ablation,qwen3.5:4b,autonomous_depth_only,state_202,all,0.999999,25,0,0,0.0,0.0,96,0,0,0.0,0.0,11,0,0,0.0,0.0
family_ablation,qwen3.5:4b,autonomous_depth_only,state_303,all,0.4,24,24,24,1.0,1.0,86,10,10,0.11627906976744186,0.11627906976744186,10,10,10,1.0,1.0
family_ablation,qwen3.5:4b,autonomous_depth_only,state_303,all,0.5,24,20,20,0.8333333333333334,0.8333333333333334,86,9,9,0.10465116279069768,0.10465116279069768,10,8,8,0.8,0.8
family_ablation,qwen3.5:4b,autonomous_depth_only,state_303,all,0.6,24,20,20,0.8333333333333334,0.8333333333333334,86,8,8,0.09302325581395349,0.09302325581395349,10,8,8,0.8,0.8
family_ablation,qwen3.5:4b,autonomous_depth_only,state_303,all,0.65,24,20,20,0.8333333333333334,0.8333333333333334,86,8,8,0.09302325581395349,0.09302325581395349,10,8,8,0.8,0.8
family_ablation,qwen3.5:4b,autonomous_depth_only,state_303,all,0.7,24,20,20,0.8333333333333334,0.8333333333333334,86,4,4,0.046511627906976744,0.046511627906976744,10,8,8,0.8,0.8
family_ablation,qwen3.5:4b,autonomous_depth_only,state_303,all,0.8,24,19,19,0.7916666666666666,0.7916666666666666,86,1,1,0.011627906976744186,0.011627906976744186,10,7,7,0.7,0.7
family_ablation,qwen3.5:4b,autonomous_depth_only,state_303,all,0.9,24,15,15,0.625,0.625,86,0,0,0.0,0.0,10,5,5,0.5,0.5
family_ablation,qwen3.5:4b,autonomous_depth_only,state_303,all,0.95,24,0,0,0.0,0.0,86,0,0,0.0,0.0,10,0,0,0.0,0.0
family_ablation,qwen3.5:4b,autonomous_depth_only,state_303,all,0.97,24,0,0,0.0,0.0,86,0,0,0.0,0.0,10,0,0,0.0,0.0
family_ablation,qwen3.5:4b,autonomous_depth_only,state_303,all,0.98,24,0,0,0.0,0.0,86,0,0,0.0,0.0,10,0,0,0.0,0.0
family_ablation,qwen3.5:4b,autonomous_depth_only,state_303,all,0.99,24,0,0,0.0,0.0,86,0,0,0.0,0.0,10,0,0,0.0,0.0
family_ablation,qwen3.5:4b,autonomous_depth_only,state_303,all,0.995,24,0,0,0.0,0.0,86,0,0,0.0,0.0,10,0,0,0.0,0.0
family_ablation,qwen3.5:4b,autonomous_depth_only,state_303,all,0.999,24,0,0,0.0,0.0,86,0,0,0.0,0.0,10,0,0,0.0,0.0
family_ablation,qwen3.5:4b,autonomous_depth_only,state_303,all,0.9999,24,0,0,0.0,0.0,86,0,0,0.0,0.0,10,0,0,0.0,0.0
family_ablation,qwen3.5:4b,autonomous_depth_only,state_303,all,0.99999,24,0,0,0.0,0.0,86,0,0,0.0,0.0,10,0,0,0.0,0.0
family_ablation,qwen3.5:4b,autonomous_depth_only,state_303,all,0.999999,24,0,0,0.0,0.0,86,0,0,0.0,0.0,10,0,0,0.0,0.0
family_ablation,qwen3.5:4b,autonomous_depth_only,all,all,0.4,98,96,96,0.9795918367346939,0.9795918367346939,364,42,42,0.11538461538461539,0.11538461538461539,42,41,41,0.9761904761904762,0.9761904761904762
family_ablation,qwen3.5:4b,autonomous_depth_only,all,all,0.5,98,92,92,0.9387755102040817,0.9387755102040817,364,29,29,0.07967032967032966,0.07967032967032966,42,39,39,0.9285714285714286,0.9285714285714286
family_ablation,qwen3.5:4b,autonomous_depth_only,all,all,0.6,98,92,92,0.9387755102040817,0.9387755102040817,364,23,23,0.06318681318681318,0.06318681318681318,42,39,39,0.9285714285714286,0.9285714285714286
family_ablation,qwen3.5:4b,autonomous_depth_only,all,all,0.65,98,92,92,0.9387755102040817,0.9387755102040817,364,22,22,0.06043956043956044,0.06043956043956044,42,39,39,0.9285714285714286,0.9285714285714286
family_ablation,qwen3.5:4b,autonomous_depth_only,all,all,0.7,98,90,90,0.9183673469387755,0.9183673469387755,364,15,15,0.04120879120879121,0.04120879120879121,42,38,38,0.9047619047619048,0.9047619047619048
family_ablation,qwen3.5:4b,autonomous_depth_only,all,all,0.8,98,77,77,0.7857142857142857,0.7857142857142857,364,6,6,0.016483516483516484,0.016483516483516484,42,32,32,0.7619047619047619,0.7619047619047619
family_ablation,qwen3.5:4b,autonomous_depth_only,all,all,0.9,98,43,43,0.4387755102040816,0.4387755102040816,364,0,0,0.0,0.0,42,15,15,0.35714285714285715,0.35714285714285715
family_ablation,qwen3.5:4b,autonomous_depth_only,all,all,0.95,98,0,0,0.0,0.0,364,0,0,0.0,0.0,42,0,0,0.0,0.0
family_ablation,qwen3.5:4b,autonomous_depth_only,all,all,0.97,98,0,0,0.0,0.0,364,0,0,0.0,0.0,42,0,0,0.0,0.0
family_ablation,qwen3.5:4b,autonomous_depth_only,all,all,0.98,98,0,0,0.0,0.0,364,0,0,0.0,0.0,42,0,0,0.0,0.0
family_ablation,qwen3.5:4b,autonomous_depth_only,all,all,0.99,98,0,0,0.0,0.0,364,0,0,0.0,0.0,42,0,0,0.0,0.0
family_ablation,qwen3.5:4b,autonomous_depth_only,all,all,0.995,98,0,0,0.0,0.0,364,0,0,0.0,0.0,42,0,0,0.0,0.0
family_ablation,qwen3.5:4b,autonomous_depth_only,all,all,0.999,98,0,0,0.0,0.0,364,0,0,0.0,0.0,42,0,0,0.0,0.0
family_ablation,qwen3.5:4b,autonomous_depth_only,all,all,0.9999,98,0,0,0.0,0.0,364,0,0,0.0,0.0,42,0,0,0.0,0.0
family_ablation,qwen3.5:4b,autonomous_depth_only,all,all,0.99999,98,0,0,0.0,0.0,364,0,0,0.0,0.0,42,0,0,0.0,0.0
family_ablation,qwen3.5:4b,autonomous_depth_only,all,all,0.999999,98,0,0,0.0,0.0,364,0,0,0.0,0.0,42,0,0,0.0,0.0
baseline,qwen3.5:9b,all_crops,original,all,0.4,25,25,25,1.0,1.0,96,33,33,0.34375,0.34375,11,11,11,1.0,1.0
baseline,qwen3.5:9b,all_crops,original,all,0.5,25,25,25,1.0,1.0,96,33,33,0.34375,0.34375,11,11,11,1.0,1.0
baseline,qwen3.5:9b,all_crops,original,all,0.6,25,25,25,1.0,1.0,96,33,33,0.34375,0.34375,11,11,11,1.0,1.0
baseline,qwen3.5:9b,all_crops,original,all,0.65,25,25,25,1.0,1.0,96,31,31,0.3229166666666667,0.3229166666666667,11,11,11,1.0,1.0
baseline,qwen3.5:9b,all_crops,original,all,0.7,25,25,25,1.0,1.0,96,30,30,0.3125,0.3125,11,11,11,1.0,1.0
baseline,qwen3.5:9b,all_crops,original,all,0.8,25,25,25,1.0,1.0,96,23,23,0.23958333333333334,0.23958333333333334,11,11,11,1.0,1.0
baseline,qwen3.5:9b,all_crops,original,all,0.9,25,25,25,1.0,1.0,96,12,12,0.125,0.125,11,11,11,1.0,1.0
baseline,qwen3.5:9b,all_crops,original,all,0.95,25,25,25,1.0,1.0,96,8,8,0.08333333333333333,0.08333333333333333,11,11,11,1.0,1.0
baseline,qwen3.5:9b,all_crops,original,all,0.97,25,24,24,0.96,0.96,96,5,5,0.052083333333333336,0.052083333333333336,11,10,10,0.9090909090909091,0.9090909090909091
baseline,qwen3.5:9b,all_crops,original,all,0.98,25,18,18,0.72,0.72,96,1,1,0.010416666666666666,0.010416666666666666,11,7,7,0.6363636363636364,0.6363636363636364
baseline,qwen3.5:9b,all_crops,original,all,0.99,25,4,4,0.16,0.16,96,0,0,0.0,0.0,11,1,1,0.09090909090909091,0.09090909090909091
baseline,qwen3.5:9b,all_crops,original,all,0.995,25,0,0,0.0,0.0,96,0,0,0.0,0.0,11,0,0,0.0,0.0
baseline,qwen3.5:9b,all_crops,original,all,0.999,25,0,0,0.0,0.0,96,0,0,0.0,0.0,11,0,0,0.0,0.0
baseline,qwen3.5:9b,all_crops,original,all,0.9999,25,0,0,0.0,0.0,96,0,0,0.0,0.0,11,0,0,0.0,0.0
baseline,qwen3.5:9b,all_crops,original,all,0.99999,25,0,0,0.0,0.0,96,0,0,0.0,0.0,11,0,0,0.0,0.0
baseline,qwen3.5:9b,all_crops,original,all,0.999999,25,0,0,0.0,0.0,96,0,0,0.0,0.0,11,0,0,0.0,0.0
baseline,qwen3.5:9b,all_crops,state_101,all,0.4,25,25,25,1.0,1.0,96,30,30,0.3125,0.3125,11,11,11,1.0,1.0
baseline,qwen3.5:9b,all_crops,state_101,all,0.5,25,25,25,1.0,1.0,96,28,28,0.2916666666666667,0.2916666666666667,11,11,11,1.0,1.0
baseline,qwen3.5:9b,all_crops,state_101,all,0.6,25,25,25,1.0,1.0,96,28,28,0.2916666666666667,0.2916666666666667,11,11,11,1.0,1.0
baseline,qwen3.5:9b,all_crops,state_101,all,0.65,25,25,25,1.0,1.0,96,28,28,0.2916666666666667,0.2916666666666667,11,11,11,1.0,1.0
baseline,qwen3.5:9b,all_crops,state_101,all,0.7,25,25,25,1.0,1.0,96,24,24,0.25,0.25,11,11,11,1.0,1.0
baseline,qwen3.5:9b,all_crops,state_101,all,0.8,25,25,25,1.0,1.0,96,20,20,0.20833333333333334,0.20833333333333334,11,11,11,1.0,1.0
baseline,qwen3.5:9b,all_crops,state_101,all,0.9,25,24,24,0.96,0.96,96,14,14,0.14583333333333334,0.14583333333333334,11,11,11,1.0,1.0
baseline,qwen3.5:9b,all_crops,state_101,all,0.95,25,23,23,0.92,0.92,96,9,9,0.09375,0.09375,11,10,10,0.9090909090909091,0.9090909090909091
baseline,qwen3.5:9b,all_crops,state_101,all,0.97,25,19,19,0.76,0.76,96,6,6,0.0625,0.0625,11,9,9,0.8181818181818182,0.8181818181818182
baseline,qwen3.5:9b,all_crops,state_101,all,0.98,25,10,10,0.4,0.4,96,1,1,0.010416666666666666,0.010416666666666666,11,5,5,0.45454545454545453,0.45454545454545453
baseline,qwen3.5:9b,all_crops,state_101,all,0.99,25,3,3,0.12,0.12,96,0,0,0.0,0.0,11,1,1,0.09090909090909091,0.09090909090909091
baseline,qwen3.5:9b,all_crops,state_101,all,0.995,25,0,0,0.0,0.0,96,0,0,0.0,0.0,11,0,0,0.0,0.0
baseline,qwen3.5:9b,all_crops,state_101,all,0.999,25,0,0,0.0,0.0,96,0,0,0.0,0.0,11,0,0,0.0,0.0
baseline,qwen3.5:9b,all_crops,state_101,all,0.9999,25,0,0,0.0,0.0,96,0,0,0.0,0.0,11,0,0,0.0,0.0
baseline,qwen3.5:9b,all_crops,state_101,all,0.99999,25,0,0,0.0,0.0,96,0,0,0.0,0.0,11,0,0,0.0,0.0
baseline,qwen3.5:9b,all_crops,state_101,all,0.999999,25,0,0,0.0,0.0,96,0,0,0.0,0.0,11,0,0,0.0,0.0
baseline,qwen3.5:9b,all_crops,state_202,all,0.4,25,25,25,1.0,1.0,96,38,38,0.3958333333333333,0.3958333333333333,11,11,11,1.0,1.0
baseline,qwen3.5:9b,all_crops,state_202,all,0.5,25,25,25,1.0,1.0,96,34,34,0.3541666666666667,0.3541666666666667,11,11,11,1.0,1.0
baseline,qwen3.5:9b,all_crops,state_202,all,0.6,25,25,25,1.0,1.0,96,29,29,0.3020833333333333,0.3020833333333333,11,11,11,1.0,1.0
baseline,qwen3.5:9b,all_crops,state_202,all,0.65,25,25,25,1.0,1.0,96,25,25,0.2604166666666667,0.2604166666666667,11,11,11,1.0,1.0
baseline,qwen3.5:9b,all_crops,state_202,all,0.7,25,25,25,1.0,1.0,96,24,24,0.25,0.25,11,11,11,1.0,1.0
baseline,qwen3.5:9b,all_crops,state_202,all,0.8,25,25,25,1.0,1.0,96,21,21,0.21875,0.21875,11,11,11,1.0,1.0
baseline,qwen3.5:9b,all_crops,state_202,all,0.9,25,25,25,1.0,1.0,96,13,13,0.13541666666666666,0.13541666666666666,11,11,11,1.0,1.0
baseline,qwen3.5:9b,all_crops,state_202,all,0.95,25,22,22,0.88,0.88,96,5,5,0.052083333333333336,0.052083333333333336,11,9,9,0.8181818181818182,0.8181818181818182
baseline,qwen3.5:9b,all_crops,state_202,all,0.97,25,20,20,0.8,0.8,96,2,2,0.020833333333333332,0.020833333333333332,11,9,9,0.8181818181818182,0.8181818181818182
baseline,qwen3.5:9b,all_crops,state_202,all,0.98,25,16,16,0.64,0.64,96,1,1,0.010416666666666666,0.010416666666666666,11,7,7,0.6363636363636364,0.6363636363636364
baseline,qwen3.5:9b,all_crops,state_202,all,0.99,25,4,4,0.16,0.16,96,0,0,0.0,0.0,11,1,1,0.09090909090909091,0.09090909090909091
baseline,qwen3.5:9b,all_crops,state_202,all,0.995,25,1,1,0.04,0.04,96,0,0,0.0,0.0,11,0,0,0.0,0.0
baseline,qwen3.5:9b,all_crops,state_202,all,0.999,25,0,0,0.0,0.0,96,0,0,0.0,0.0,11,0,0,0.0,0.0
baseline,qwen3.5:9b,all_crops,state_202,all,0.9999,25,0,0,0.0,0.0,96,0,0,0.0,0.0,11,0,0,0.0,0.0
baseline,qwen3.5:9b,all_crops,state_202,all,0.99999,25,0,0,0.0,0.0,96,0,0,0.0,0.0,11,0,0,0.0,0.0
baseline,qwen3.5:9b,all_crops,state_202,all,0.999999,25,0,0,0.0,0.0,96,0,0,0.0,0.0,11,0,0,0.0,0.0
baseline,qwen3.5:9b,all_crops,state_303,all,0.4,25,25,25,1.0,1.0,96,38,38,0.3958333333333333,0.3958333333333333,11,11,11,1.0,1.0
baseline,qwen3.5:9b,all_crops,state_303,all,0.5,25,25,25,1.0,1.0,96,32,32,0.3333333333333333,0.3333333333333333,11,11,11,1.0,1.0
baseline,qwen3.5:9b,all_crops,state_303,all,0.6,25,25,25,1.0,1.0,96,32,32,0.3333333333333333,0.3333333333333333,11,11,11,1.0,1.0
baseline,qwen3.5:9b,all_crops,state_303,all,0.65,25,25,25,1.0,1.0,96,32,32,0.3333333333333333,0.3333333333333333,11,11,11,1.0,1.0
baseline,qwen3.5:9b,all_crops,state_303,all,0.7,25,25,25,1.0,1.0,96,29,29,0.3020833333333333,0.3020833333333333,11,11,11,1.0,1.0
baseline,qwen3.5:9b,all_crops,state_303,all,0.8,25,25,25,1.0,1.0,96,23,23,0.23958333333333334,0.23958333333333334,11,11,11,1.0,1.0
baseline,qwen3.5:9b,all_crops,state_303,all,0.9,25,25,25,1.0,1.0,96,14,14,0.14583333333333334,0.14583333333333334,11,11,11,1.0,1.0
baseline,qwen3.5:9b,all_crops,state_303,all,0.95,25,24,24,0.96,0.96,96,9,9,0.09375,0.09375,11,10,10,0.9090909090909091,0.9090909090909091
baseline,qwen3.5:9b,all_crops,state_303,all,0.97,25,22,22,0.88,0.88,96,6,6,0.0625,0.0625,11,10,10,0.9090909090909091,0.9090909090909091
baseline,qwen3.5:9b,all_crops,state_303,all,0.98,25,20,20,0.8,0.8,96,2,2,0.020833333333333332,0.020833333333333332,11,9,9,0.8181818181818182,0.8181818181818182
baseline,qwen3.5:9b,all_crops,state_303,all,0.99,25,3,3,0.12,0.12,96,0,0,0.0,0.0,11,2,2,0.18181818181818182,0.18181818181818182
baseline,qwen3.5:9b,all_crops,state_303,all,0.995,25,0,0,0.0,0.0,96,0,0,0.0,0.0,11,0,0,0.0,0.0
baseline,qwen3.5:9b,all_crops,state_303,all,0.999,25,0,0,0.0,0.0,96,0,0,0.0,0.0,11,0,0,0.0,0.0
baseline,qwen3.5:9b,all_crops,state_303,all,0.9999,25,0,0,0.0,0.0,96,0,0,0.0,0.0,11,0,0,0.0,0.0
baseline,qwen3.5:9b,all_crops,state_303,all,0.99999,25,0,0,0.0,0.0,96,0,0,0.0,0.0,11,0,0,0.0,0.0
baseline,qwen3.5:9b,all_crops,state_303,all,0.999999,25,0,0,0.0,0.0,96,0,0,0.0,0.0,11,0,0,0.0,0.0
baseline,qwen3.5:9b,all_crops,all,all,0.4,100,100,100,1.0,1.0,384,139,139,0.3619791666666667,0.3619791666666667,44,44,44,1.0,1.0
baseline,qwen3.5:9b,all_crops,all,all,0.5,100,100,100,1.0,1.0,384,127,127,0.3307291666666667,0.3307291666666667,44,44,44,1.0,1.0
baseline,qwen3.5:9b,all_crops,all,all,0.6,100,100,100,1.0,1.0,384,122,122,0.3177083333333333,0.3177083333333333,44,44,44,1.0,1.0
baseline,qwen3.5:9b,all_crops,all,all,0.65,100,100,100,1.0,1.0,384,116,116,0.3020833333333333,0.3020833333333333,44,44,44,1.0,1.0
baseline,qwen3.5:9b,all_crops,all,all,0.7,100,100,100,1.0,1.0,384,107,107,0.2786458333333333,0.2786458333333333,44,44,44,1.0,1.0
baseline,qwen3.5:9b,all_crops,all,all,0.8,100,100,100,1.0,1.0,384,87,87,0.2265625,0.2265625,44,44,44,1.0,1.0
baseline,qwen3.5:9b,all_crops,all,all,0.9,100,99,99,0.99,0.99,384,53,53,0.13802083333333334,0.13802083333333334,44,44,44,1.0,1.0
baseline,qwen3.5:9b,all_crops,all,all,0.95,100,94,94,0.94,0.94,384,31,31,0.08072916666666667,0.08072916666666667,44,40,40,0.9090909090909091,0.9090909090909091
baseline,qwen3.5:9b,all_crops,all,all,0.97,100,85,85,0.85,0.85,384,19,19,0.049479166666666664,0.049479166666666664,44,38,38,0.8636363636363636,0.8636363636363636
baseline,qwen3.5:9b,all_crops,all,all,0.98,100,64,64,0.64,0.64,384,5,5,0.013020833333333334,0.013020833333333334,44,28,28,0.6363636363636364,0.6363636363636364
baseline,qwen3.5:9b,all_crops,all,all,0.99,100,14,14,0.14,0.14,384,0,0,0.0,0.0,44,5,5,0.11363636363636363,0.11363636363636363
baseline,qwen3.5:9b,all_crops,all,all,0.995,100,1,1,0.01,0.01,384,0,0,0.0,0.0,44,0,0,0.0,0.0
baseline,qwen3.5:9b,all_crops,all,all,0.999,100,0,0,0.0,0.0,384,0,0,0.0,0.0,44,0,0,0.0,0.0
baseline,qwen3.5:9b,all_crops,all,all,0.9999,100,0,0,0.0,0.0,384,0,0,0.0,0.0,44,0,0,0.0,0.0
baseline,qwen3.5:9b,all_crops,all,all,0.99999,100,0,0,0.0,0.0,384,0,0,0.0,0.0,44,0,0,0.0,0.0
baseline,qwen3.5:9b,all_crops,all,all,0.999999,100,0,0,0.0,0.0,384,0,0,0.0,0.0,44,0,0,0.0,0.0
baseline,qwen3.5:9b,autonomous_depth_only,original,all,0.4,25,25,25,1.0,1.0,96,33,33,0.34375,0.34375,11,11,11,1.0,1.0
baseline,qwen3.5:9b,autonomous_depth_only,original,all,0.5,25,25,25,1.0,1.0,96,33,33,0.34375,0.34375,11,11,11,1.0,1.0
baseline,qwen3.5:9b,autonomous_depth_only,original,all,0.6,25,25,25,1.0,1.0,96,33,33,0.34375,0.34375,11,11,11,1.0,1.0
baseline,qwen3.5:9b,autonomous_depth_only,original,all,0.65,25,25,25,1.0,1.0,96,31,31,0.3229166666666667,0.3229166666666667,11,11,11,1.0,1.0
baseline,qwen3.5:9b,autonomous_depth_only,original,all,0.7,25,25,25,1.0,1.0,96,30,30,0.3125,0.3125,11,11,11,1.0,1.0
baseline,qwen3.5:9b,autonomous_depth_only,original,all,0.8,25,25,25,1.0,1.0,96,23,23,0.23958333333333334,0.23958333333333334,11,11,11,1.0,1.0
baseline,qwen3.5:9b,autonomous_depth_only,original,all,0.9,25,25,25,1.0,1.0,96,12,12,0.125,0.125,11,11,11,1.0,1.0
baseline,qwen3.5:9b,autonomous_depth_only,original,all,0.95,25,25,25,1.0,1.0,96,8,8,0.08333333333333333,0.08333333333333333,11,11,11,1.0,1.0
baseline,qwen3.5:9b,autonomous_depth_only,original,all,0.97,25,24,24,0.96,0.96,96,5,5,0.052083333333333336,0.052083333333333336,11,10,10,0.9090909090909091,0.9090909090909091
baseline,qwen3.5:9b,autonomous_depth_only,original,all,0.98,25,18,18,0.72,0.72,96,1,1,0.010416666666666666,0.010416666666666666,11,7,7,0.6363636363636364,0.6363636363636364
baseline,qwen3.5:9b,autonomous_depth_only,original,all,0.99,25,4,4,0.16,0.16,96,0,0,0.0,0.0,11,1,1,0.09090909090909091,0.09090909090909091
baseline,qwen3.5:9b,autonomous_depth_only,original,all,0.995,25,0,0,0.0,0.0,96,0,0,0.0,0.0,11,0,0,0.0,0.0
baseline,qwen3.5:9b,autonomous_depth_only,original,all,0.999,25,0,0,0.0,0.0,96,0,0,0.0,0.0,11,0,0,0.0,0.0
baseline,qwen3.5:9b,autonomous_depth_only,original,all,0.9999,25,0,0,0.0,0.0,96,0,0,0.0,0.0,11,0,0,0.0,0.0
baseline,qwen3.5:9b,autonomous_depth_only,original,all,0.99999,25,0,0,0.0,0.0,96,0,0,0.0,0.0,11,0,0,0.0,0.0
baseline,qwen3.5:9b,autonomous_depth_only,original,all,0.999999,25,0,0,0.0,0.0,96,0,0,0.0,0.0,11,0,0,0.0,0.0
baseline,qwen3.5:9b,autonomous_depth_only,state_101,all,0.4,24,24,24,1.0,1.0,86,28,28,0.32558139534883723,0.32558139534883723,10,10,10,1.0,1.0
baseline,qwen3.5:9b,autonomous_depth_only,state_101,all,0.5,24,24,24,1.0,1.0,86,26,26,0.3023255813953488,0.3023255813953488,10,10,10,1.0,1.0
baseline,qwen3.5:9b,autonomous_depth_only,state_101,all,0.6,24,24,24,1.0,1.0,86,26,26,0.3023255813953488,0.3023255813953488,10,10,10,1.0,1.0
baseline,qwen3.5:9b,autonomous_depth_only,state_101,all,0.65,24,24,24,1.0,1.0,86,26,26,0.3023255813953488,0.3023255813953488,10,10,10,1.0,1.0
baseline,qwen3.5:9b,autonomous_depth_only,state_101,all,0.7,24,24,24,1.0,1.0,86,22,22,0.2558139534883721,0.2558139534883721,10,10,10,1.0,1.0
baseline,qwen3.5:9b,autonomous_depth_only,state_101,all,0.8,24,24,24,1.0,1.0,86,18,18,0.20930232558139536,0.20930232558139536,10,10,10,1.0,1.0
baseline,qwen3.5:9b,autonomous_depth_only,state_101,all,0.9,24,23,23,0.9583333333333334,0.9583333333333334,86,12,12,0.13953488372093023,0.13953488372093023,10,10,10,1.0,1.0
baseline,qwen3.5:9b,autonomous_depth_only,state_101,all,0.95,24,22,22,0.9166666666666666,0.9166666666666666,86,7,7,0.08139534883720931,0.08139534883720931,10,9,9,0.9,0.9
baseline,qwen3.5:9b,autonomous_depth_only,state_101,all,0.97,24,18,18,0.75,0.75,86,4,4,0.046511627906976744,0.046511627906976744,10,8,8,0.8,0.8
baseline,qwen3.5:9b,autonomous_depth_only,state_101,all,0.98,24,9,9,0.375,0.375,86,0,0,0.0,0.0,10,4,4,0.4,0.4
baseline,qwen3.5:9b,autonomous_depth_only,state_101,all,0.99,24,3,3,0.125,0.125,86,0,0,0.0,0.0,10,1,1,0.1,0.1
baseline,qwen3.5:9b,autonomous_depth_only,state_101,all,0.995,24,0,0,0.0,0.0,86,0,0,0.0,0.0,10,0,0,0.0,0.0
baseline,qwen3.5:9b,autonomous_depth_only,state_101,all,0.999,24,0,0,0.0,0.0,86,0,0,0.0,0.0,10,0,0,0.0,0.0
baseline,qwen3.5:9b,autonomous_depth_only,state_101,all,0.9999,24,0,0,0.0,0.0,86,0,0,0.0,0.0,10,0,0,0.0,0.0
baseline,qwen3.5:9b,autonomous_depth_only,state_101,all,0.99999,24,0,0,0.0,0.0,86,0,0,0.0,0.0,10,0,0,0.0,0.0
baseline,qwen3.5:9b,autonomous_depth_only,state_101,all,0.999999,24,0,0,0.0,0.0,86,0,0,0.0,0.0,10,0,0,0.0,0.0
baseline,qwen3.5:9b,autonomous_depth_only,state_202,all,0.4,25,25,25,1.0,1.0,96,38,38,0.3958333333333333,0.3958333333333333,11,11,11,1.0,1.0
baseline,qwen3.5:9b,autonomous_depth_only,state_202,all,0.5,25,25,25,1.0,1.0,96,34,34,0.3541666666666667,0.3541666666666667,11,11,11,1.0,1.0
baseline,qwen3.5:9b,autonomous_depth_only,state_202,all,0.6,25,25,25,1.0,1.0,96,29,29,0.3020833333333333,0.3020833333333333,11,11,11,1.0,1.0
baseline,qwen3.5:9b,autonomous_depth_only,state_202,all,0.65,25,25,25,1.0,1.0,96,25,25,0.2604166666666667,0.2604166666666667,11,11,11,1.0,1.0
baseline,qwen3.5:9b,autonomous_depth_only,state_202,all,0.7,25,25,25,1.0,1.0,96,24,24,0.25,0.25,11,11,11,1.0,1.0
baseline,qwen3.5:9b,autonomous_depth_only,state_202,all,0.8,25,25,25,1.0,1.0,96,21,21,0.21875,0.21875,11,11,11,1.0,1.0
baseline,qwen3.5:9b,autonomous_depth_only,state_202,all,0.9,25,25,25,1.0,1.0,96,13,13,0.13541666666666666,0.13541666666666666,11,11,11,1.0,1.0
baseline,qwen3.5:9b,autonomous_depth_only,state_202,all,0.95,25,22,22,0.88,0.88,96,5,5,0.052083333333333336,0.052083333333333336,11,9,9,0.8181818181818182,0.8181818181818182
baseline,qwen3.5:9b,autonomous_depth_only,state_202,all,0.97,25,20,20,0.8,0.8,96,2,2,0.020833333333333332,0.020833333333333332,11,9,9,0.8181818181818182,0.8181818181818182
baseline,qwen3.5:9b,autonomous_depth_only,state_202,all,0.98,25,16,16,0.64,0.64,96,1,1,0.010416666666666666,0.010416666666666666,11,7,7,0.6363636363636364,0.6363636363636364
baseline,qwen3.5:9b,autonomous_depth_only,state_202,all,0.99,25,4,4,0.16,0.16,96,0,0,0.0,0.0,11,1,1,0.09090909090909091,0.09090909090909091
baseline,qwen3.5:9b,autonomous_depth_only,state_202,all,0.995,25,1,1,0.04,0.04,96,0,0,0.0,0.0,11,0,0,0.0,0.0
baseline,qwen3.5:9b,autonomous_depth_only,state_202,all,0.999,25,0,0,0.0,0.0,96,0,0,0.0,0.0,11,0,0,0.0,0.0
baseline,qwen3.5:9b,autonomous_depth_only,state_202,all,0.9999,25,0,0,0.0,0.0,96,0,0,0.0,0.0,11,0,0,0.0,0.0
baseline,qwen3.5:9b,autonomous_depth_only,state_202,all,0.99999,25,0,0,0.0,0.0,96,0,0,0.0,0.0,11,0,0,0.0,0.0
baseline,qwen3.5:9b,autonomous_depth_only,state_202,all,0.999999,25,0,0,0.0,0.0,96,0,0,0.0,0.0,11,0,0,0.0,0.0
baseline,qwen3.5:9b,autonomous_depth_only,state_303,all,0.4,24,24,24,1.0,1.0,86,34,34,0.3953488372093023,0.3953488372093023,10,10,10,1.0,1.0
baseline,qwen3.5:9b,autonomous_depth_only,state_303,all,0.5,24,24,24,1.0,1.0,86,30,30,0.3488372093023256,0.3488372093023256,10,10,10,1.0,1.0
baseline,qwen3.5:9b,autonomous_depth_only,state_303,all,0.6,24,24,24,1.0,1.0,86,30,30,0.3488372093023256,0.3488372093023256,10,10,10,1.0,1.0
baseline,qwen3.5:9b,autonomous_depth_only,state_303,all,0.65,24,24,24,1.0,1.0,86,30,30,0.3488372093023256,0.3488372093023256,10,10,10,1.0,1.0
baseline,qwen3.5:9b,autonomous_depth_only,state_303,all,0.7,24,24,24,1.0,1.0,86,27,27,0.313953488372093,0.313953488372093,10,10,10,1.0,1.0
baseline,qwen3.5:9b,autonomous_depth_only,state_303,all,0.8,24,24,24,1.0,1.0,86,21,21,0.2441860465116279,0.2441860465116279,10,10,10,1.0,1.0
baseline,qwen3.5:9b,autonomous_depth_only,state_303,all,0.9,24,24,24,1.0,1.0,86,12,12,0.13953488372093023,0.13953488372093023,10,10,10,1.0,1.0
baseline,qwen3.5:9b,autonomous_depth_only,state_303,all,0.95,24,23,23,0.9583333333333334,0.9583333333333334,86,7,7,0.08139534883720931,0.08139534883720931,10,9,9,0.9,0.9
baseline,qwen3.5:9b,autonomous_depth_only,state_303,all,0.97,24,21,21,0.875,0.875,86,5,5,0.05813953488372093,0.05813953488372093,10,9,9,0.9,0.9
baseline,qwen3.5:9b,autonomous_depth_only,state_303,all,0.98,24,19,19,0.7916666666666666,0.7916666666666666,86,2,2,0.023255813953488372,0.023255813953488372,10,8,8,0.8,0.8
baseline,qwen3.5:9b,autonomous_depth_only,state_303,all,0.99,24,3,3,0.125,0.125,86,0,0,0.0,0.0,10,2,2,0.2,0.2
baseline,qwen3.5:9b,autonomous_depth_only,state_303,all,0.995,24,0,0,0.0,0.0,86,0,0,0.0,0.0,10,0,0,0.0,0.0
baseline,qwen3.5:9b,autonomous_depth_only,state_303,all,0.999,24,0,0,0.0,0.0,86,0,0,0.0,0.0,10,0,0,0.0,0.0
baseline,qwen3.5:9b,autonomous_depth_only,state_303,all,0.9999,24,0,0,0.0,0.0,86,0,0,0.0,0.0,10,0,0,0.0,0.0
baseline,qwen3.5:9b,autonomous_depth_only,state_303,all,0.99999,24,0,0,0.0,0.0,86,0,0,0.0,0.0,10,0,0,0.0,0.0
baseline,qwen3.5:9b,autonomous_depth_only,state_303,all,0.999999,24,0,0,0.0,0.0,86,0,0,0.0,0.0,10,0,0,0.0,0.0
baseline,qwen3.5:9b,autonomous_depth_only,all,all,0.4,98,98,98,1.0,1.0,364,133,133,0.36538461538461536,0.36538461538461536,42,42,42,1.0,1.0
baseline,qwen3.5:9b,autonomous_depth_only,all,all,0.5,98,98,98,1.0,1.0,364,123,123,0.33791208791208793,0.33791208791208793,42,42,42,1.0,1.0
baseline,qwen3.5:9b,autonomous_depth_only,all,all,0.6,98,98,98,1.0,1.0,364,118,118,0.3241758241758242,0.3241758241758242,42,42,42,1.0,1.0
baseline,qwen3.5:9b,autonomous_depth_only,all,all,0.65,98,98,98,1.0,1.0,364,112,112,0.3076923076923077,0.3076923076923077,42,42,42,1.0,1.0
baseline,qwen3.5:9b,autonomous_depth_only,all,all,0.7,98,98,98,1.0,1.0,364,103,103,0.28296703296703296,0.28296703296703296,42,42,42,1.0,1.0
baseline,qwen3.5:9b,autonomous_depth_only,all,all,0.8,98,98,98,1.0,1.0,364,83,83,0.22802197802197802,0.22802197802197802,42,42,42,1.0,1.0
baseline,qwen3.5:9b,autonomous_depth_only,all,all,0.9,98,97,97,0.9897959183673469,0.9897959183673469,364,49,49,0.1346153846153846,0.1346153846153846,42,42,42,1.0,1.0
baseline,qwen3.5:9b,autonomous_depth_only,all,all,0.95,98,92,92,0.9387755102040817,0.9387755102040817,364,27,27,0.07417582417582418,0.07417582417582418,42,38,38,0.9047619047619048,0.9047619047619048
baseline,qwen3.5:9b,autonomous_depth_only,all,all,0.97,98,83,83,0.8469387755102041,0.8469387755102041,364,16,16,0.04395604395604396,0.04395604395604396,42,36,36,0.8571428571428571,0.8571428571428571
baseline,qwen3.5:9b,autonomous_depth_only,all,all,0.98,98,62,62,0.6326530612244898,0.6326530612244898,364,4,4,0.01098901098901099,0.01098901098901099,42,26,26,0.6190476190476191,0.6190476190476191
baseline,qwen3.5:9b,autonomous_depth_only,all,all,0.99,98,14,14,0.14285714285714285,0.14285714285714285,364,0,0,0.0,0.0,42,5,5,0.11904761904761904,0.11904761904761904
baseline,qwen3.5:9b,autonomous_depth_only,all,all,0.995,98,1,1,0.01020408163265306,0.01020408163265306,364,0,0,0.0,0.0,42,0,0,0.0,0.0
baseline,qwen3.5:9b,autonomous_depth_only,all,all,0.999,98,0,0,0.0,0.0,364,0,0,0.0,0.0,42,0,0,0.0,0.0
baseline,qwen3.5:9b,autonomous_depth_only,all,all,0.9999,98,0,0,0.0,0.0,364,0,0,0.0,0.0,42,0,0,0.0,0.0
baseline,qwen3.5:9b,autonomous_depth_only,all,all,0.99999,98,0,0,0.0,0.0,364,0,0,0.0,0.0,42,0,0,0.0,0.0
baseline,qwen3.5:9b,autonomous_depth_only,all,all,0.999999,98,0,0,0.0,0.0,364,0,0,0.0,0.0,42,0,0,0.0,0.0
family_ablation,qwen3.5:9b,all_crops,original,all,0.4,25,25,25,1.0,1.0,96,13,13,0.13541666666666666,0.13541666666666666,11,11,11,1.0,1.0
family_ablation,qwen3.5:9b,all_crops,original,all,0.5,25,25,25,1.0,1.0,96,10,10,0.10416666666666667,0.10416666666666667,11,11,11,1.0,1.0
family_ablation,qwen3.5:9b,all_crops,original,all,0.6,25,25,25,1.0,1.0,96,6,6,0.0625,0.0625,11,11,11,1.0,1.0
family_ablation,qwen3.5:9b,all_crops,original,all,0.65,25,25,25,1.0,1.0,96,3,3,0.03125,0.03125,11,11,11,1.0,1.0
family_ablation,qwen3.5:9b,all_crops,original,all,0.7,25,25,25,1.0,1.0,96,2,2,0.020833333333333332,0.020833333333333332,11,11,11,1.0,1.0
family_ablation,qwen3.5:9b,all_crops,original,all,0.8,25,25,25,1.0,1.0,96,1,1,0.010416666666666666,0.010416666666666666,11,11,11,1.0,1.0
family_ablation,qwen3.5:9b,all_crops,original,all,0.9,25,23,23,0.92,0.92,96,1,1,0.010416666666666666,0.010416666666666666,11,10,10,0.9090909090909091,0.9090909090909091
family_ablation,qwen3.5:9b,all_crops,original,all,0.95,25,21,21,0.84,0.84,96,0,0,0.0,0.0,11,9,9,0.8181818181818182,0.8181818181818182
family_ablation,qwen3.5:9b,all_crops,original,all,0.97,25,21,21,0.84,0.84,96,0,0,0.0,0.0,11,9,9,0.8181818181818182,0.8181818181818182
family_ablation,qwen3.5:9b,all_crops,original,all,0.98,25,18,18,0.72,0.72,96,0,0,0.0,0.0,11,8,8,0.7272727272727273,0.7272727272727273
family_ablation,qwen3.5:9b,all_crops,original,all,0.99,25,13,13,0.52,0.52,96,0,0,0.0,0.0,11,5,5,0.45454545454545453,0.45454545454545453
family_ablation,qwen3.5:9b,all_crops,original,all,0.995,25,4,4,0.16,0.16,96,0,0,0.0,0.0,11,2,2,0.18181818181818182,0.18181818181818182
family_ablation,qwen3.5:9b,all_crops,original,all,0.999,25,0,0,0.0,0.0,96,0,0,0.0,0.0,11,0,0,0.0,0.0
family_ablation,qwen3.5:9b,all_crops,original,all,0.9999,25,0,0,0.0,0.0,96,0,0,0.0,0.0,11,0,0,0.0,0.0
family_ablation,qwen3.5:9b,all_crops,original,all,0.99999,25,0,0,0.0,0.0,96,0,0,0.0,0.0,11,0,0,0.0,0.0
family_ablation,qwen3.5:9b,all_crops,original,all,0.999999,25,0,0,0.0,0.0,96,0,0,0.0,0.0,11,0,0,0.0,0.0
family_ablation,qwen3.5:9b,all_crops,state_101,all,0.4,25,25,25,1.0,1.0,96,16,16,0.16666666666666666,0.16666666666666666,11,11,11,1.0,1.0
family_ablation,qwen3.5:9b,all_crops,state_101,all,0.5,25,25,25,1.0,1.0,96,16,16,0.16666666666666666,0.16666666666666666,11,11,11,1.0,1.0
family_ablation,qwen3.5:9b,all_crops,state_101,all,0.6,25,25,25,1.0,1.0,96,12,12,0.125,0.125,11,11,11,1.0,1.0
family_ablation,qwen3.5:9b,all_crops,state_101,all,0.65,25,25,25,1.0,1.0,96,12,12,0.125,0.125,11,11,11,1.0,1.0
family_ablation,qwen3.5:9b,all_crops,state_101,all,0.7,25,25,25,1.0,1.0,96,12,12,0.125,0.125,11,11,11,1.0,1.0
family_ablation,qwen3.5:9b,all_crops,state_101,all,0.8,25,25,25,1.0,1.0,96,2,2,0.020833333333333332,0.020833333333333332,11,11,11,1.0,1.0
family_ablation,qwen3.5:9b,all_crops,state_101,all,0.9,25,23,23,0.92,0.92,96,0,0,0.0,0.0,11,10,10,0.9090909090909091,0.9090909090909091
family_ablation,qwen3.5:9b,all_crops,state_101,all,0.95,25,23,23,0.92,0.92,96,0,0,0.0,0.0,11,10,10,0.9090909090909091,0.9090909090909091
family_ablation,qwen3.5:9b,all_crops,state_101,all,0.97,25,18,18,0.72,0.72,96,0,0,0.0,0.0,11,8,8,0.7272727272727273,0.7272727272727273
family_ablation,qwen3.5:9b,all_crops,state_101,all,0.98,25,15,15,0.6,0.6,96,0,0,0.0,0.0,11,7,7,0.6363636363636364,0.6363636363636364
family_ablation,qwen3.5:9b,all_crops,state_101,all,0.99,25,8,8,0.32,0.32,96,0,0,0.0,0.0,11,4,4,0.36363636363636365,0.36363636363636365
family_ablation,qwen3.5:9b,all_crops,state_101,all,0.995,25,4,4,0.16,0.16,96,0,0,0.0,0.0,11,2,2,0.18181818181818182,0.18181818181818182
family_ablation,qwen3.5:9b,all_crops,state_101,all,0.999,25,0,0,0.0,0.0,96,0,0,0.0,0.0,11,0,0,0.0,0.0
family_ablation,qwen3.5:9b,all_crops,state_101,all,0.9999,25,0,0,0.0,0.0,96,0,0,0.0,0.0,11,0,0,0.0,0.0
family_ablation,qwen3.5:9b,all_crops,state_101,all,0.99999,25,0,0,0.0,0.0,96,0,0,0.0,0.0,11,0,0,0.0,0.0
family_ablation,qwen3.5:9b,all_crops,state_101,all,0.999999,25,0,0,0.0,0.0,96,0,0,0.0,0.0,11,0,0,0.0,0.0
family_ablation,qwen3.5:9b,all_crops,state_202,all,0.4,25,25,25,1.0,1.0,96,8,8,0.08333333333333333,0.08333333333333333,11,11,11,1.0,1.0
family_ablation,qwen3.5:9b,all_crops,state_202,all,0.5,25,25,25,1.0,1.0,96,4,4,0.041666666666666664,0.041666666666666664,11,11,11,1.0,1.0
family_ablation,qwen3.5:9b,all_crops,state_202,all,0.6,25,25,25,1.0,1.0,96,3,3,0.03125,0.03125,11,11,11,1.0,1.0
family_ablation,qwen3.5:9b,all_crops,state_202,all,0.65,25,25,25,1.0,1.0,96,3,3,0.03125,0.03125,11,11,11,1.0,1.0
family_ablation,qwen3.5:9b,all_crops,state_202,all,0.7,25,25,25,1.0,1.0,96,3,3,0.03125,0.03125,11,11,11,1.0,1.0
family_ablation,qwen3.5:9b,all_crops,state_202,all,0.8,25,25,25,1.0,1.0,96,2,2,0.020833333333333332,0.020833333333333332,11,11,11,1.0,1.0
family_ablation,qwen3.5:9b,all_crops,state_202,all,0.9,25,20,20,0.8,0.8,96,1,1,0.010416666666666666,0.010416666666666666,11,9,9,0.8181818181818182,0.8181818181818182
family_ablation,qwen3.5:9b,all_crops,state_202,all,0.95,25,18,18,0.72,0.72,96,1,1,0.010416666666666666,0.010416666666666666,11,8,8,0.7272727272727273,0.7272727272727273
family_ablation,qwen3.5:9b,all_crops,state_202,all,0.97,25,18,18,0.72,0.72,96,1,1,0.010416666666666666,0.010416666666666666,11,8,8,0.7272727272727273,0.7272727272727273
family_ablation,qwen3.5:9b,all_crops,state_202,all,0.98,25,18,18,0.72,0.72,96,1,1,0.010416666666666666,0.010416666666666666,11,8,8,0.7272727272727273,0.7272727272727273
family_ablation,qwen3.5:9b,all_crops,state_202,all,0.99,25,17,17,0.68,0.68,96,1,1,0.010416666666666666,0.010416666666666666,11,7,7,0.6363636363636364,0.6363636363636364
family_ablation,qwen3.5:9b,all_crops,state_202,all,0.995,25,3,3,0.12,0.12,96,1,1,0.010416666666666666,0.010416666666666666,11,1,1,0.09090909090909091,0.09090909090909091
family_ablation,qwen3.5:9b,all_crops,state_202,all,0.999,25,0,0,0.0,0.0,96,0,0,0.0,0.0,11,0,0,0.0,0.0
family_ablation,qwen3.5:9b,all_crops,state_202,all,0.9999,25,0,0,0.0,0.0,96,0,0,0.0,0.0,11,0,0,0.0,0.0
family_ablation,qwen3.5:9b,all_crops,state_202,all,0.99999,25,0,0,0.0,0.0,96,0,0,0.0,0.0,11,0,0,0.0,0.0
family_ablation,qwen3.5:9b,all_crops,state_202,all,0.999999,25,0,0,0.0,0.0,96,0,0,0.0,0.0,11,0,0,0.0,0.0
family_ablation,qwen3.5:9b,all_crops,state_303,all,0.4,25,25,25,1.0,1.0,96,7,7,0.07291666666666667,0.07291666666666667,11,11,11,1.0,1.0
family_ablation,qwen3.5:9b,all_crops,state_303,all,0.5,25,25,25,1.0,1.0,96,7,7,0.07291666666666667,0.07291666666666667,11,11,11,1.0,1.0
family_ablation,qwen3.5:9b,all_crops,state_303,all,0.6,25,25,25,1.0,1.0,96,6,6,0.0625,0.0625,11,11,11,1.0,1.0
family_ablation,qwen3.5:9b,all_crops,state_303,all,0.65,25,25,25,1.0,1.0,96,6,6,0.0625,0.0625,11,11,11,1.0,1.0
family_ablation,qwen3.5:9b,all_crops,state_303,all,0.7,25,25,25,1.0,1.0,96,6,6,0.0625,0.0625,11,11,11,1.0,1.0
family_ablation,qwen3.5:9b,all_crops,state_303,all,0.8,25,25,25,1.0,1.0,96,6,6,0.0625,0.0625,11,11,11,1.0,1.0
family_ablation,qwen3.5:9b,all_crops,state_303,all,0.9,25,21,21,0.84,0.84,96,5,5,0.052083333333333336,0.052083333333333336,11,9,9,0.8181818181818182,0.8181818181818182
family_ablation,qwen3.5:9b,all_crops,state_303,all,0.95,25,21,21,0.84,0.84,96,2,2,0.020833333333333332,0.020833333333333332,11,9,9,0.8181818181818182,0.8181818181818182
family_ablation,qwen3.5:9b,all_crops,state_303,all,0.97,25,18,18,0.72,0.72,96,1,1,0.010416666666666666,0.010416666666666666,11,8,8,0.7272727272727273,0.7272727272727273
family_ablation,qwen3.5:9b,all_crops,state_303,all,0.98,25,14,14,0.56,0.56,96,1,1,0.010416666666666666,0.010416666666666666,11,6,6,0.5454545454545454,0.5454545454545454
family_ablation,qwen3.5:9b,all_crops,state_303,all,0.99,25,13,13,0.52,0.52,96,1,1,0.010416666666666666,0.010416666666666666,11,5,5,0.45454545454545453,0.45454545454545453
family_ablation,qwen3.5:9b,all_crops,state_303,all,0.995,25,6,6,0.24,0.24,96,1,1,0.010416666666666666,0.010416666666666666,11,2,2,0.18181818181818182,0.18181818181818182
family_ablation,qwen3.5:9b,all_crops,state_303,all,0.999,25,0,0,0.0,0.0,96,0,0,0.0,0.0,11,0,0,0.0,0.0
family_ablation,qwen3.5:9b,all_crops,state_303,all,0.9999,25,0,0,0.0,0.0,96,0,0,0.0,0.0,11,0,0,0.0,0.0
family_ablation,qwen3.5:9b,all_crops,state_303,all,0.99999,25,0,0,0.0,0.0,96,0,0,0.0,0.0,11,0,0,0.0,0.0
family_ablation,qwen3.5:9b,all_crops,state_303,all,0.999999,25,0,0,0.0,0.0,96,0,0,0.0,0.0,11,0,0,0.0,0.0
family_ablation,qwen3.5:9b,all_crops,all,all,0.4,100,100,100,1.0,1.0,384,44,44,0.11458333333333333,0.11458333333333333,44,44,44,1.0,1.0
family_ablation,qwen3.5:9b,all_crops,all,all,0.5,100,100,100,1.0,1.0,384,37,37,0.09635416666666667,0.09635416666666667,44,44,44,1.0,1.0
family_ablation,qwen3.5:9b,all_crops,all,all,0.6,100,100,100,1.0,1.0,384,27,27,0.0703125,0.0703125,44,44,44,1.0,1.0
family_ablation,qwen3.5:9b,all_crops,all,all,0.65,100,100,100,1.0,1.0,384,24,24,0.0625,0.0625,44,44,44,1.0,1.0
family_ablation,qwen3.5:9b,all_crops,all,all,0.7,100,100,100,1.0,1.0,384,23,23,0.059895833333333336,0.059895833333333336,44,44,44,1.0,1.0
family_ablation,qwen3.5:9b,all_crops,all,all,0.8,100,100,100,1.0,1.0,384,11,11,0.028645833333333332,0.028645833333333332,44,44,44,1.0,1.0
family_ablation,qwen3.5:9b,all_crops,all,all,0.9,100,87,87,0.87,0.87,384,7,7,0.018229166666666668,0.018229166666666668,44,38,38,0.8636363636363636,0.8636363636363636
family_ablation,qwen3.5:9b,all_crops,all,all,0.95,100,83,83,0.83,0.83,384,3,3,0.0078125,0.0078125,44,36,36,0.8181818181818182,0.8181818181818182
family_ablation,qwen3.5:9b,all_crops,all,all,0.97,100,75,75,0.75,0.75,384,2,2,0.005208333333333333,0.005208333333333333,44,33,33,0.75,0.75
family_ablation,qwen3.5:9b,all_crops,all,all,0.98,100,65,65,0.65,0.65,384,2,2,0.005208333333333333,0.005208333333333333,44,29,29,0.6590909090909091,0.6590909090909091
family_ablation,qwen3.5:9b,all_crops,all,all,0.99,100,51,51,0.51,0.51,384,2,2,0.005208333333333333,0.005208333333333333,44,21,21,0.4772727272727273,0.4772727272727273
family_ablation,qwen3.5:9b,all_crops,all,all,0.995,100,17,17,0.17,0.17,384,2,2,0.005208333333333333,0.005208333333333333,44,7,7,0.1590909090909091,0.1590909090909091
family_ablation,qwen3.5:9b,all_crops,all,all,0.999,100,0,0,0.0,0.0,384,0,0,0.0,0.0,44,0,0,0.0,0.0
family_ablation,qwen3.5:9b,all_crops,all,all,0.9999,100,0,0,0.0,0.0,384,0,0,0.0,0.0,44,0,0,0.0,0.0
family_ablation,qwen3.5:9b,all_crops,all,all,0.99999,100,0,0,0.0,0.0,384,0,0,0.0,0.0,44,0,0,0.0,0.0
family_ablation,qwen3.5:9b,all_crops,all,all,0.999999,100,0,0,0.0,0.0,384,0,0,0.0,0.0,44,0,0,0.0,0.0
family_ablation,qwen3.5:9b,autonomous_depth_only,original,all,0.4,25,25,25,1.0,1.0,96,13,13,0.13541666666666666,0.13541666666666666,11,11,11,1.0,1.0
family_ablation,qwen3.5:9b,autonomous_depth_only,original,all,0.5,25,25,25,1.0,1.0,96,10,10,0.10416666666666667,0.10416666666666667,11,11,11,1.0,1.0
family_ablation,qwen3.5:9b,autonomous_depth_only,original,all,0.6,25,25,25,1.0,1.0,96,6,6,0.0625,0.0625,11,11,11,1.0,1.0
family_ablation,qwen3.5:9b,autonomous_depth_only,original,all,0.65,25,25,25,1.0,1.0,96,3,3,0.03125,0.03125,11,11,11,1.0,1.0
family_ablation,qwen3.5:9b,autonomous_depth_only,original,all,0.7,25,25,25,1.0,1.0,96,2,2,0.020833333333333332,0.020833333333333332,11,11,11,1.0,1.0
family_ablation,qwen3.5:9b,autonomous_depth_only,original,all,0.8,25,25,25,1.0,1.0,96,1,1,0.010416666666666666,0.010416666666666666,11,11,11,1.0,1.0
family_ablation,qwen3.5:9b,autonomous_depth_only,original,all,0.9,25,23,23,0.92,0.92,96,1,1,0.010416666666666666,0.010416666666666666,11,10,10,0.9090909090909091,0.9090909090909091
family_ablation,qwen3.5:9b,autonomous_depth_only,original,all,0.95,25,21,21,0.84,0.84,96,0,0,0.0,0.0,11,9,9,0.8181818181818182,0.8181818181818182
family_ablation,qwen3.5:9b,autonomous_depth_only,original,all,0.97,25,21,21,0.84,0.84,96,0,0,0.0,0.0,11,9,9,0.8181818181818182,0.8181818181818182
family_ablation,qwen3.5:9b,autonomous_depth_only,original,all,0.98,25,18,18,0.72,0.72,96,0,0,0.0,0.0,11,8,8,0.7272727272727273,0.7272727272727273
family_ablation,qwen3.5:9b,autonomous_depth_only,original,all,0.99,25,13,13,0.52,0.52,96,0,0,0.0,0.0,11,5,5,0.45454545454545453,0.45454545454545453
family_ablation,qwen3.5:9b,autonomous_depth_only,original,all,0.995,25,4,4,0.16,0.16,96,0,0,0.0,0.0,11,2,2,0.18181818181818182,0.18181818181818182
family_ablation,qwen3.5:9b,autonomous_depth_only,original,all,0.999,25,0,0,0.0,0.0,96,0,0,0.0,0.0,11,0,0,0.0,0.0
family_ablation,qwen3.5:9b,autonomous_depth_only,original,all,0.9999,25,0,0,0.0,0.0,96,0,0,0.0,0.0,11,0,0,0.0,0.0
family_ablation,qwen3.5:9b,autonomous_depth_only,original,all,0.99999,25,0,0,0.0,0.0,96,0,0,0.0,0.0,11,0,0,0.0,0.0
family_ablation,qwen3.5:9b,autonomous_depth_only,original,all,0.999999,25,0,0,0.0,0.0,96,0,0,0.0,0.0,11,0,0,0.0,0.0
family_ablation,qwen3.5:9b,autonomous_depth_only,state_101,all,0.4,24,24,24,1.0,1.0,86,15,15,0.1744186046511628,0.1744186046511628,10,10,10,1.0,1.0
family_ablation,qwen3.5:9b,autonomous_depth_only,state_101,all,0.5,24,24,24,1.0,1.0,86,15,15,0.1744186046511628,0.1744186046511628,10,10,10,1.0,1.0
family_ablation,qwen3.5:9b,autonomous_depth_only,state_101,all,0.6,24,24,24,1.0,1.0,86,11,11,0.12790697674418605,0.12790697674418605,10,10,10,1.0,1.0
family_ablation,qwen3.5:9b,autonomous_depth_only,state_101,all,0.65,24,24,24,1.0,1.0,86,11,11,0.12790697674418605,0.12790697674418605,10,10,10,1.0,1.0
family_ablation,qwen3.5:9b,autonomous_depth_only,state_101,all,0.7,24,24,24,1.0,1.0,86,11,11,0.12790697674418605,0.12790697674418605,10,10,10,1.0,1.0
family_ablation,qwen3.5:9b,autonomous_depth_only,state_101,all,0.8,24,24,24,1.0,1.0,86,1,1,0.011627906976744186,0.011627906976744186,10,10,10,1.0,1.0
family_ablation,qwen3.5:9b,autonomous_depth_only,state_101,all,0.9,24,22,22,0.9166666666666666,0.9166666666666666,86,0,0,0.0,0.0,10,9,9,0.9,0.9
family_ablation,qwen3.5:9b,autonomous_depth_only,state_101,all,0.95,24,22,22,0.9166666666666666,0.9166666666666666,86,0,0,0.0,0.0,10,9,9,0.9,0.9
family_ablation,qwen3.5:9b,autonomous_depth_only,state_101,all,0.97,24,17,17,0.7083333333333334,0.7083333333333334,86,0,0,0.0,0.0,10,7,7,0.7,0.7
family_ablation,qwen3.5:9b,autonomous_depth_only,state_101,all,0.98,24,14,14,0.5833333333333334,0.5833333333333334,86,0,0,0.0,0.0,10,6,6,0.6,0.6
family_ablation,qwen3.5:9b,autonomous_depth_only,state_101,all,0.99,24,7,7,0.2916666666666667,0.2916666666666667,86,0,0,0.0,0.0,10,3,3,0.3,0.3
family_ablation,qwen3.5:9b,autonomous_depth_only,state_101,all,0.995,24,4,4,0.16666666666666666,0.16666666666666666,86,0,0,0.0,0.0,10,2,2,0.2,0.2
family_ablation,qwen3.5:9b,autonomous_depth_only,state_101,all,0.999,24,0,0,0.0,0.0,86,0,0,0.0,0.0,10,0,0,0.0,0.0
family_ablation,qwen3.5:9b,autonomous_depth_only,state_101,all,0.9999,24,0,0,0.0,0.0,86,0,0,0.0,0.0,10,0,0,0.0,0.0
family_ablation,qwen3.5:9b,autonomous_depth_only,state_101,all,0.99999,24,0,0,0.0,0.0,86,0,0,0.0,0.0,10,0,0,0.0,0.0
family_ablation,qwen3.5:9b,autonomous_depth_only,state_101,all,0.999999,24,0,0,0.0,0.0,86,0,0,0.0,0.0,10,0,0,0.0,0.0
family_ablation,qwen3.5:9b,autonomous_depth_only,state_202,all,0.4,25,25,25,1.0,1.0,96,8,8,0.08333333333333333,0.08333333333333333,11,11,11,1.0,1.0
family_ablation,qwen3.5:9b,autonomous_depth_only,state_202,all,0.5,25,25,25,1.0,1.0,96,4,4,0.041666666666666664,0.041666666666666664,11,11,11,1.0,1.0
family_ablation,qwen3.5:9b,autonomous_depth_only,state_202,all,0.6,25,25,25,1.0,1.0,96,3,3,0.03125,0.03125,11,11,11,1.0,1.0
family_ablation,qwen3.5:9b,autonomous_depth_only,state_202,all,0.65,25,25,25,1.0,1.0,96,3,3,0.03125,0.03125,11,11,11,1.0,1.0
family_ablation,qwen3.5:9b,autonomous_depth_only,state_202,all,0.7,25,25,25,1.0,1.0,96,3,3,0.03125,0.03125,11,11,11,1.0,1.0
family_ablation,qwen3.5:9b,autonomous_depth_only,state_202,all,0.8,25,25,25,1.0,1.0,96,2,2,0.020833333333333332,0.020833333333333332,11,11,11,1.0,1.0
family_ablation,qwen3.5:9b,autonomous_depth_only,state_202,all,0.9,25,20,20,0.8,0.8,96,1,1,0.010416666666666666,0.010416666666666666,11,9,9,0.8181818181818182,0.8181818181818182
family_ablation,qwen3.5:9b,autonomous_depth_only,state_202,all,0.95,25,18,18,0.72,0.72,96,1,1,0.010416666666666666,0.010416666666666666,11,8,8,0.7272727272727273,0.7272727272727273
family_ablation,qwen3.5:9b,autonomous_depth_only,state_202,all,0.97,25,18,18,0.72,0.72,96,1,1,0.010416666666666666,0.010416666666666666,11,8,8,0.7272727272727273,0.7272727272727273
family_ablation,qwen3.5:9b,autonomous_depth_only,state_202,all,0.98,25,18,18,0.72,0.72,96,1,1,0.010416666666666666,0.010416666666666666,11,8,8,0.7272727272727273,0.7272727272727273
family_ablation,qwen3.5:9b,autonomous_depth_only,state_202,all,0.99,25,17,17,0.68,0.68,96,1,1,0.010416666666666666,0.010416666666666666,11,7,7,0.6363636363636364,0.6363636363636364
family_ablation,qwen3.5:9b,autonomous_depth_only,state_202,all,0.995,25,3,3,0.12,0.12,96,1,1,0.010416666666666666,0.010416666666666666,11,1,1,0.09090909090909091,0.09090909090909091
family_ablation,qwen3.5:9b,autonomous_depth_only,state_202,all,0.999,25,0,0,0.0,0.0,96,0,0,0.0,0.0,11,0,0,0.0,0.0
family_ablation,qwen3.5:9b,autonomous_depth_only,state_202,all,0.9999,25,0,0,0.0,0.0,96,0,0,0.0,0.0,11,0,0,0.0,0.0
family_ablation,qwen3.5:9b,autonomous_depth_only,state_202,all,0.99999,25,0,0,0.0,0.0,96,0,0,0.0,0.0,11,0,0,0.0,0.0
family_ablation,qwen3.5:9b,autonomous_depth_only,state_202,all,0.999999,25,0,0,0.0,0.0,96,0,0,0.0,0.0,11,0,0,0.0,0.0
family_ablation,qwen3.5:9b,autonomous_depth_only,state_303,all,0.4,24,24,24,1.0,1.0,86,6,6,0.06976744186046512,0.06976744186046512,10,10,10,1.0,1.0
family_ablation,qwen3.5:9b,autonomous_depth_only,state_303,all,0.5,24,24,24,1.0,1.0,86,6,6,0.06976744186046512,0.06976744186046512,10,10,10,1.0,1.0
family_ablation,qwen3.5:9b,autonomous_depth_only,state_303,all,0.6,24,24,24,1.0,1.0,86,5,5,0.05813953488372093,0.05813953488372093,10,10,10,1.0,1.0
family_ablation,qwen3.5:9b,autonomous_depth_only,state_303,all,0.65,24,24,24,1.0,1.0,86,5,5,0.05813953488372093,0.05813953488372093,10,10,10,1.0,1.0
family_ablation,qwen3.5:9b,autonomous_depth_only,state_303,all,0.7,24,24,24,1.0,1.0,86,5,5,0.05813953488372093,0.05813953488372093,10,10,10,1.0,1.0
family_ablation,qwen3.5:9b,autonomous_depth_only,state_303,all,0.8,24,24,24,1.0,1.0,86,5,5,0.05813953488372093,0.05813953488372093,10,10,10,1.0,1.0
family_ablation,qwen3.5:9b,autonomous_depth_only,state_303,all,0.9,24,20,20,0.8333333333333334,0.8333333333333334,86,5,5,0.05813953488372093,0.05813953488372093,10,8,8,0.8,0.8
family_ablation,qwen3.5:9b,autonomous_depth_only,state_303,all,0.95,24,20,20,0.8333333333333334,0.8333333333333334,86,2,2,0.023255813953488372,0.023255813953488372,10,8,8,0.8,0.8
family_ablation,qwen3.5:9b,autonomous_depth_only,state_303,all,0.97,24,17,17,0.7083333333333334,0.7083333333333334,86,1,1,0.011627906976744186,0.011627906976744186,10,7,7,0.7,0.7
family_ablation,qwen3.5:9b,autonomous_depth_only,state_303,all,0.98,24,13,13,0.5416666666666666,0.5416666666666666,86,1,1,0.011627906976744186,0.011627906976744186,10,5,5,0.5,0.5
family_ablation,qwen3.5:9b,autonomous_depth_only,state_303,all,0.99,24,13,13,0.5416666666666666,0.5416666666666666,86,1,1,0.011627906976744186,0.011627906976744186,10,5,5,0.5,0.5
family_ablation,qwen3.5:9b,autonomous_depth_only,state_303,all,0.995,24,6,6,0.25,0.25,86,1,1,0.011627906976744186,0.011627906976744186,10,2,2,0.2,0.2
family_ablation,qwen3.5:9b,autonomous_depth_only,state_303,all,0.999,24,0,0,0.0,0.0,86,0,0,0.0,0.0,10,0,0,0.0,0.0
family_ablation,qwen3.5:9b,autonomous_depth_only,state_303,all,0.9999,24,0,0,0.0,0.0,86,0,0,0.0,0.0,10,0,0,0.0,0.0
family_ablation,qwen3.5:9b,autonomous_depth_only,state_303,all,0.99999,24,0,0,0.0,0.0,86,0,0,0.0,0.0,10,0,0,0.0,0.0
family_ablation,qwen3.5:9b,autonomous_depth_only,state_303,all,0.999999,24,0,0,0.0,0.0,86,0,0,0.0,0.0,10,0,0,0.0,0.0
family_ablation,qwen3.5:9b,autonomous_depth_only,all,all,0.4,98,98,98,1.0,1.0,364,42,42,0.11538461538461539,0.11538461538461539,42,42,42,1.0,1.0
family_ablation,qwen3.5:9b,autonomous_depth_only,all,all,0.5,98,98,98,1.0,1.0,364,35,35,0.09615384615384616,0.09615384615384616,42,42,42,1.0,1.0
family_ablation,qwen3.5:9b,autonomous_depth_only,all,all,0.6,98,98,98,1.0,1.0,364,25,25,0.06868131868131869,0.06868131868131869,42,42,42,1.0,1.0
family_ablation,qwen3.5:9b,autonomous_depth_only,all,all,0.65,98,98,98,1.0,1.0,364,22,22,0.06043956043956044,0.06043956043956044,42,42,42,1.0,1.0
family_ablation,qwen3.5:9b,autonomous_depth_only,all,all,0.7,98,98,98,1.0,1.0,364,21,21,0.057692307692307696,0.057692307692307696,42,42,42,1.0,1.0
family_ablation,qwen3.5:9b,autonomous_depth_only,all,all,0.8,98,98,98,1.0,1.0,364,9,9,0.024725274725274724,0.024725274725274724,42,42,42,1.0,1.0
family_ablation,qwen3.5:9b,autonomous_depth_only,all,all,0.9,98,85,85,0.8673469387755102,0.8673469387755102,364,7,7,0.019230769230769232,0.019230769230769232,42,36,36,0.8571428571428571,0.8571428571428571
family_ablation,qwen3.5:9b,autonomous_depth_only,all,all,0.95,98,81,81,0.826530612244898,0.826530612244898,364,3,3,0.008241758241758242,0.008241758241758242,42,34,34,0.8095238095238095,0.8095238095238095
family_ablation,qwen3.5:9b,autonomous_depth_only,all,all,0.97,98,73,73,0.7448979591836735,0.7448979591836735,364,2,2,0.005494505494505495,0.005494505494505495,42,31,31,0.7380952380952381,0.7380952380952381
family_ablation,qwen3.5:9b,autonomous_depth_only,all,all,0.98,98,63,63,0.6428571428571429,0.6428571428571429,364,2,2,0.005494505494505495,0.005494505494505495,42,27,27,0.6428571428571429,0.6428571428571429
family_ablation,qwen3.5:9b,autonomous_depth_only,all,all,0.99,98,50,50,0.5102040816326531,0.5102040816326531,364,2,2,0.005494505494505495,0.005494505494505495,42,20,20,0.47619047619047616,0.47619047619047616
family_ablation,qwen3.5:9b,autonomous_depth_only,all,all,0.995,98,17,17,0.17346938775510204,0.17346938775510204,364,2,2,0.005494505494505495,0.005494505494505495,42,7,7,0.16666666666666666,0.16666666666666666
family_ablation,qwen3.5:9b,autonomous_depth_only,all,all,0.999,98,0,0,0.0,0.0,364,0,0,0.0,0.0,42,0,0,0.0,0.0
family_ablation,qwen3.5:9b,autonomous_depth_only,all,all,0.9999,98,0,0,0.0,0.0,364,0,0,0.0,0.0,42,0,0,0.0,0.0
family_ablation,qwen3.5:9b,autonomous_depth_only,all,all,0.99999,98,0,0,0.0,0.0,364,0,0,0.0,0.0,42,0,0,0.0,0.0
family_ablation,qwen3.5:9b,autonomous_depth_only,all,all,0.999999,98,0,0,0.0,0.0,364,0,0,0.0,0.0,42,0,0,0.0,0.0
baseline,gemma4:12b,all_crops,original,all,0.4,25,25,25,1.0,1.0,96,22,22,0.22916666666666666,0.22916666666666666,11,11,11,1.0,1.0
baseline,gemma4:12b,all_crops,original,all,0.5,25,25,25,1.0,1.0,96,22,22,0.22916666666666666,0.22916666666666666,11,11,11,1.0,1.0
baseline,gemma4:12b,all_crops,original,all,0.6,25,25,25,1.0,1.0,96,22,22,0.22916666666666666,0.22916666666666666,11,11,11,1.0,1.0
baseline,gemma4:12b,all_crops,original,all,0.65,25,25,25,1.0,1.0,96,22,22,0.22916666666666666,0.22916666666666666,11,11,11,1.0,1.0
baseline,gemma4:12b,all_crops,original,all,0.7,25,25,25,1.0,1.0,96,22,22,0.22916666666666666,0.22916666666666666,11,11,11,1.0,1.0
baseline,gemma4:12b,all_crops,original,all,0.8,25,25,25,1.0,1.0,96,21,21,0.21875,0.21875,11,11,11,1.0,1.0
baseline,gemma4:12b,all_crops,original,all,0.9,25,25,25,1.0,1.0,96,21,21,0.21875,0.21875,11,11,11,1.0,1.0
baseline,gemma4:12b,all_crops,original,all,0.95,25,25,25,1.0,1.0,96,19,19,0.19791666666666666,0.19791666666666666,11,11,11,1.0,1.0
baseline,gemma4:12b,all_crops,original,all,0.97,25,25,25,1.0,1.0,96,18,18,0.1875,0.1875,11,11,11,1.0,1.0
baseline,gemma4:12b,all_crops,original,all,0.98,25,25,25,1.0,1.0,96,17,17,0.17708333333333334,0.17708333333333334,11,11,11,1.0,1.0
baseline,gemma4:12b,all_crops,original,all,0.99,25,25,25,1.0,1.0,96,17,17,0.17708333333333334,0.17708333333333334,11,11,11,1.0,1.0
baseline,gemma4:12b,all_crops,original,all,0.995,25,25,25,1.0,1.0,96,14,14,0.14583333333333334,0.14583333333333334,11,11,11,1.0,1.0
baseline,gemma4:12b,all_crops,original,all,0.999,25,25,25,1.0,1.0,96,11,11,0.11458333333333333,0.11458333333333333,11,11,11,1.0,1.0
baseline,gemma4:12b,all_crops,original,all,0.9999,25,23,23,0.92,0.92,96,6,6,0.0625,0.0625,11,10,10,0.9090909090909091,0.9090909090909091
baseline,gemma4:12b,all_crops,original,all,0.99999,25,14,14,0.56,0.56,96,1,1,0.010416666666666666,0.010416666666666666,11,6,6,0.5454545454545454,0.5454545454545454
baseline,gemma4:12b,all_crops,original,all,0.999999,25,0,0,0.0,0.0,96,0,0,0.0,0.0,11,0,0,0.0,0.0
baseline,gemma4:12b,all_crops,state_101,all,0.4,25,25,25,1.0,1.0,96,21,21,0.21875,0.21875,11,11,11,1.0,1.0
baseline,gemma4:12b,all_crops,state_101,all,0.5,25,25,25,1.0,1.0,96,20,20,0.20833333333333334,0.20833333333333334,11,11,11,1.0,1.0
baseline,gemma4:12b,all_crops,state_101,all,0.6,25,25,25,1.0,1.0,96,20,20,0.20833333333333334,0.20833333333333334,11,11,11,1.0,1.0
baseline,gemma4:12b,all_crops,state_101,all,0.65,25,25,25,1.0,1.0,96,19,19,0.19791666666666666,0.19791666666666666,11,11,11,1.0,1.0
baseline,gemma4:12b,all_crops,state_101,all,0.7,25,25,25,1.0,1.0,96,19,19,0.19791666666666666,0.19791666666666666,11,11,11,1.0,1.0
baseline,gemma4:12b,all_crops,state_101,all,0.8,25,25,25,1.0,1.0,96,19,19,0.19791666666666666,0.19791666666666666,11,11,11,1.0,1.0
baseline,gemma4:12b,all_crops,state_101,all,0.9,25,25,25,1.0,1.0,96,17,17,0.17708333333333334,0.17708333333333334,11,11,11,1.0,1.0
baseline,gemma4:12b,all_crops,state_101,all,0.95,25,23,23,0.92,0.92,96,17,17,0.17708333333333334,0.17708333333333334,11,10,10,0.9090909090909091,0.9090909090909091
baseline,gemma4:12b,all_crops,state_101,all,0.97,25,23,23,0.92,0.92,96,17,17,0.17708333333333334,0.17708333333333334,11,10,10,0.9090909090909091,0.9090909090909091
baseline,gemma4:12b,all_crops,state_101,all,0.98,25,23,23,0.92,0.92,96,17,17,0.17708333333333334,0.17708333333333334,11,10,10,0.9090909090909091,0.9090909090909091
baseline,gemma4:12b,all_crops,state_101,all,0.99,25,23,23,0.92,0.92,96,17,17,0.17708333333333334,0.17708333333333334,11,10,10,0.9090909090909091,0.9090909090909091
baseline,gemma4:12b,all_crops,state_101,all,0.995,25,23,23,0.92,0.92,96,16,16,0.16666666666666666,0.16666666666666666,11,10,10,0.9090909090909091,0.9090909090909091
baseline,gemma4:12b,all_crops,state_101,all,0.999,25,22,22,0.88,0.88,96,13,13,0.13541666666666666,0.13541666666666666,11,9,9,0.8181818181818182,0.8181818181818182
baseline,gemma4:12b,all_crops,state_101,all,0.9999,25,20,20,0.8,0.8,96,8,8,0.08333333333333333,0.08333333333333333,11,9,9,0.8181818181818182,0.8181818181818182
baseline,gemma4:12b,all_crops,state_101,all,0.99999,25,14,14,0.56,0.56,96,0,0,0.0,0.0,11,6,6,0.5454545454545454,0.5454545454545454
baseline,gemma4:12b,all_crops,state_101,all,0.999999,25,0,0,0.0,0.0,96,0,0,0.0,0.0,11,0,0,0.0,0.0
baseline,gemma4:12b,all_crops,state_202,all,0.4,25,25,25,1.0,1.0,96,19,19,0.19791666666666666,0.19791666666666666,11,11,11,1.0,1.0
baseline,gemma4:12b,all_crops,state_202,all,0.5,25,25,25,1.0,1.0,96,19,19,0.19791666666666666,0.19791666666666666,11,11,11,1.0,1.0
baseline,gemma4:12b,all_crops,state_202,all,0.6,25,25,25,1.0,1.0,96,19,19,0.19791666666666666,0.19791666666666666,11,11,11,1.0,1.0
baseline,gemma4:12b,all_crops,state_202,all,0.65,25,25,25,1.0,1.0,96,19,19,0.19791666666666666,0.19791666666666666,11,11,11,1.0,1.0
baseline,gemma4:12b,all_crops,state_202,all,0.7,25,25,25,1.0,1.0,96,19,19,0.19791666666666666,0.19791666666666666,11,11,11,1.0,1.0
baseline,gemma4:12b,all_crops,state_202,all,0.8,25,25,25,1.0,1.0,96,17,17,0.17708333333333334,0.17708333333333334,11,11,11,1.0,1.0
baseline,gemma4:12b,all_crops,state_202,all,0.9,25,25,25,1.0,1.0,96,16,16,0.16666666666666666,0.16666666666666666,11,11,11,1.0,1.0
baseline,gemma4:12b,all_crops,state_202,all,0.95,25,25,25,1.0,1.0,96,15,15,0.15625,0.15625,11,11,11,1.0,1.0
baseline,gemma4:12b,all_crops,state_202,all,0.97,25,25,25,1.0,1.0,96,14,14,0.14583333333333334,0.14583333333333334,11,11,11,1.0,1.0
baseline,gemma4:12b,all_crops,state_202,all,0.98,25,25,25,1.0,1.0,96,14,14,0.14583333333333334,0.14583333333333334,11,11,11,1.0,1.0
baseline,gemma4:12b,all_crops,state_202,all,0.99,25,25,25,1.0,1.0,96,13,13,0.13541666666666666,0.13541666666666666,11,11,11,1.0,1.0
baseline,gemma4:12b,all_crops,state_202,all,0.995,25,25,25,1.0,1.0,96,12,12,0.125,0.125,11,11,11,1.0,1.0
baseline,gemma4:12b,all_crops,state_202,all,0.999,25,23,23,0.92,0.92,96,10,10,0.10416666666666667,0.10416666666666667,11,10,10,0.9090909090909091,0.9090909090909091
baseline,gemma4:12b,all_crops,state_202,all,0.9999,25,22,22,0.88,0.88,96,3,3,0.03125,0.03125,11,10,10,0.9090909090909091,0.9090909090909091
baseline,gemma4:12b,all_crops,state_202,all,0.99999,25,14,14,0.56,0.56,96,1,1,0.010416666666666666,0.010416666666666666,11,5,5,0.45454545454545453,0.45454545454545453
baseline,gemma4:12b,all_crops,state_202,all,0.999999,25,0,0,0.0,0.0,96,0,0,0.0,0.0,11,0,0,0.0,0.0
baseline,gemma4:12b,all_crops,state_303,all,0.4,25,25,25,1.0,1.0,96,19,19,0.19791666666666666,0.19791666666666666,11,11,11,1.0,1.0
baseline,gemma4:12b,all_crops,state_303,all,0.5,25,25,25,1.0,1.0,96,19,19,0.19791666666666666,0.19791666666666666,11,11,11,1.0,1.0
baseline,gemma4:12b,all_crops,state_303,all,0.6,25,25,25,1.0,1.0,96,18,18,0.1875,0.1875,11,11,11,1.0,1.0
baseline,gemma4:12b,all_crops,state_303,all,0.65,25,25,25,1.0,1.0,96,18,18,0.1875,0.1875,11,11,11,1.0,1.0
baseline,gemma4:12b,all_crops,state_303,all,0.7,25,25,25,1.0,1.0,96,18,18,0.1875,0.1875,11,11,11,1.0,1.0
baseline,gemma4:12b,all_crops,state_303,all,0.8,25,25,25,1.0,1.0,96,18,18,0.1875,0.1875,11,11,11,1.0,1.0
baseline,gemma4:12b,all_crops,state_303,all,0.9,25,25,25,1.0,1.0,96,18,18,0.1875,0.1875,11,11,11,1.0,1.0
baseline,gemma4:12b,all_crops,state_303,all,0.95,25,25,25,1.0,1.0,96,17,17,0.17708333333333334,0.17708333333333334,11,11,11,1.0,1.0
baseline,gemma4:12b,all_crops,state_303,all,0.97,25,25,25,1.0,1.0,96,17,17,0.17708333333333334,0.17708333333333334,11,11,11,1.0,1.0
baseline,gemma4:12b,all_crops,state_303,all,0.98,25,25,25,1.0,1.0,96,17,17,0.17708333333333334,0.17708333333333334,11,11,11,1.0,1.0
baseline,gemma4:12b,all_crops,state_303,all,0.99,25,25,25,1.0,1.0,96,14,14,0.14583333333333334,0.14583333333333334,11,11,11,1.0,1.0
baseline,gemma4:12b,all_crops,state_303,all,0.995,25,25,25,1.0,1.0,96,13,13,0.13541666666666666,0.13541666666666666,11,11,11,1.0,1.0
baseline,gemma4:12b,all_crops,state_303,all,0.999,25,24,24,0.96,0.96,96,12,12,0.125,0.125,11,10,10,0.9090909090909091,0.9090909090909091
baseline,gemma4:12b,all_crops,state_303,all,0.9999,25,18,18,0.72,0.72,96,10,10,0.10416666666666667,0.10416666666666667,11,8,8,0.7272727272727273,0.7272727272727273
baseline,gemma4:12b,all_crops,state_303,all,0.99999,25,14,14,0.56,0.56,96,1,1,0.010416666666666666,0.010416666666666666,11,6,6,0.5454545454545454,0.5454545454545454
baseline,gemma4:12b,all_crops,state_303,all,0.999999,25,0,0,0.0,0.0,96,0,0,0.0,0.0,11,0,0,0.0,0.0
baseline,gemma4:12b,all_crops,all,all,0.4,100,100,100,1.0,1.0,384,81,81,0.2109375,0.2109375,44,44,44,1.0,1.0
baseline,gemma4:12b,all_crops,all,all,0.5,100,100,100,1.0,1.0,384,80,80,0.20833333333333334,0.20833333333333334,44,44,44,1.0,1.0
baseline,gemma4:12b,all_crops,all,all,0.6,100,100,100,1.0,1.0,384,79,79,0.20572916666666666,0.20572916666666666,44,44,44,1.0,1.0
baseline,gemma4:12b,all_crops,all,all,0.65,100,100,100,1.0,1.0,384,78,78,0.203125,0.203125,44,44,44,1.0,1.0
baseline,gemma4:12b,all_crops,all,all,0.7,100,100,100,1.0,1.0,384,78,78,0.203125,0.203125,44,44,44,1.0,1.0
baseline,gemma4:12b,all_crops,all,all,0.8,100,100,100,1.0,1.0,384,75,75,0.1953125,0.1953125,44,44,44,1.0,1.0
baseline,gemma4:12b,all_crops,all,all,0.9,100,100,100,1.0,1.0,384,72,72,0.1875,0.1875,44,44,44,1.0,1.0
baseline,gemma4:12b,all_crops,all,all,0.95,100,98,98,0.98,0.98,384,68,68,0.17708333333333334,0.17708333333333334,44,43,43,0.9772727272727273,0.9772727272727273
baseline,gemma4:12b,all_crops,all,all,0.97,100,98,98,0.98,0.98,384,66,66,0.171875,0.171875,44,43,43,0.9772727272727273,0.9772727272727273
baseline,gemma4:12b,all_crops,all,all,0.98,100,98,98,0.98,0.98,384,65,65,0.16927083333333334,0.16927083333333334,44,43,43,0.9772727272727273,0.9772727272727273
baseline,gemma4:12b,all_crops,all,all,0.99,100,98,98,0.98,0.98,384,61,61,0.15885416666666666,0.15885416666666666,44,43,43,0.9772727272727273,0.9772727272727273
baseline,gemma4:12b,all_crops,all,all,0.995,100,98,98,0.98,0.98,384,55,55,0.14322916666666666,0.14322916666666666,44,43,43,0.9772727272727273,0.9772727272727273
baseline,gemma4:12b,all_crops,all,all,0.999,100,94,94,0.94,0.94,384,46,46,0.11979166666666667,0.11979166666666667,44,40,40,0.9090909090909091,0.9090909090909091
baseline,gemma4:12b,all_crops,all,all,0.9999,100,83,83,0.83,0.83,384,27,27,0.0703125,0.0703125,44,37,37,0.8409090909090909,0.8409090909090909
baseline,gemma4:12b,all_crops,all,all,0.99999,100,56,56,0.56,0.56,384,3,3,0.0078125,0.0078125,44,23,23,0.5227272727272727,0.5227272727272727
baseline,gemma4:12b,all_crops,all,all,0.999999,100,0,0,0.0,0.0,384,0,0,0.0,0.0,44,0,0,0.0,0.0
baseline,gemma4:12b,autonomous_depth_only,original,all,0.4,25,25,25,1.0,1.0,96,22,22,0.22916666666666666,0.22916666666666666,11,11,11,1.0,1.0
baseline,gemma4:12b,autonomous_depth_only,original,all,0.5,25,25,25,1.0,1.0,96,22,22,0.22916666666666666,0.22916666666666666,11,11,11,1.0,1.0
baseline,gemma4:12b,autonomous_depth_only,original,all,0.6,25,25,25,1.0,1.0,96,22,22,0.22916666666666666,0.22916666666666666,11,11,11,1.0,1.0
baseline,gemma4:12b,autonomous_depth_only,original,all,0.65,25,25,25,1.0,1.0,96,22,22,0.22916666666666666,0.22916666666666666,11,11,11,1.0,1.0
baseline,gemma4:12b,autonomous_depth_only,original,all,0.7,25,25,25,1.0,1.0,96,22,22,0.22916666666666666,0.22916666666666666,11,11,11,1.0,1.0
baseline,gemma4:12b,autonomous_depth_only,original,all,0.8,25,25,25,1.0,1.0,96,21,21,0.21875,0.21875,11,11,11,1.0,1.0
baseline,gemma4:12b,autonomous_depth_only,original,all,0.9,25,25,25,1.0,1.0,96,21,21,0.21875,0.21875,11,11,11,1.0,1.0
baseline,gemma4:12b,autonomous_depth_only,original,all,0.95,25,25,25,1.0,1.0,96,19,19,0.19791666666666666,0.19791666666666666,11,11,11,1.0,1.0
baseline,gemma4:12b,autonomous_depth_only,original,all,0.97,25,25,25,1.0,1.0,96,18,18,0.1875,0.1875,11,11,11,1.0,1.0
baseline,gemma4:12b,autonomous_depth_only,original,all,0.98,25,25,25,1.0,1.0,96,17,17,0.17708333333333334,0.17708333333333334,11,11,11,1.0,1.0
baseline,gemma4:12b,autonomous_depth_only,original,all,0.99,25,25,25,1.0,1.0,96,17,17,0.17708333333333334,0.17708333333333334,11,11,11,1.0,1.0
baseline,gemma4:12b,autonomous_depth_only,original,all,0.995,25,25,25,1.0,1.0,96,14,14,0.14583333333333334,0.14583333333333334,11,11,11,1.0,1.0
baseline,gemma4:12b,autonomous_depth_only,original,all,0.999,25,25,25,1.0,1.0,96,11,11,0.11458333333333333,0.11458333333333333,11,11,11,1.0,1.0
baseline,gemma4:12b,autonomous_depth_only,original,all,0.9999,25,23,23,0.92,0.92,96,6,6,0.0625,0.0625,11,10,10,0.9090909090909091,0.9090909090909091
baseline,gemma4:12b,autonomous_depth_only,original,all,0.99999,25,14,14,0.56,0.56,96,1,1,0.010416666666666666,0.010416666666666666,11,6,6,0.5454545454545454,0.5454545454545454
baseline,gemma4:12b,autonomous_depth_only,original,all,0.999999,25,0,0,0.0,0.0,96,0,0,0.0,0.0,11,0,0,0.0,0.0
baseline,gemma4:12b,autonomous_depth_only,state_101,all,0.4,24,24,24,1.0,1.0,86,17,17,0.19767441860465115,0.19767441860465115,10,10,10,1.0,1.0
baseline,gemma4:12b,autonomous_depth_only,state_101,all,0.5,24,24,24,1.0,1.0,86,17,17,0.19767441860465115,0.19767441860465115,10,10,10,1.0,1.0
baseline,gemma4:12b,autonomous_depth_only,state_101,all,0.6,24,24,24,1.0,1.0,86,17,17,0.19767441860465115,0.19767441860465115,10,10,10,1.0,1.0
baseline,gemma4:12b,autonomous_depth_only,state_101,all,0.65,24,24,24,1.0,1.0,86,17,17,0.19767441860465115,0.19767441860465115,10,10,10,1.0,1.0
baseline,gemma4:12b,autonomous_depth_only,state_101,all,0.7,24,24,24,1.0,1.0,86,17,17,0.19767441860465115,0.19767441860465115,10,10,10,1.0,1.0
baseline,gemma4:12b,autonomous_depth_only,state_101,all,0.8,24,24,24,1.0,1.0,86,17,17,0.19767441860465115,0.19767441860465115,10,10,10,1.0,1.0
baseline,gemma4:12b,autonomous_depth_only,state_101,all,0.9,24,24,24,1.0,1.0,86,16,16,0.18604651162790697,0.18604651162790697,10,10,10,1.0,1.0
baseline,gemma4:12b,autonomous_depth_only,state_101,all,0.95,24,22,22,0.9166666666666666,0.9166666666666666,86,16,16,0.18604651162790697,0.18604651162790697,10,9,9,0.9,0.9
baseline,gemma4:12b,autonomous_depth_only,state_101,all,0.97,24,22,22,0.9166666666666666,0.9166666666666666,86,16,16,0.18604651162790697,0.18604651162790697,10,9,9,0.9,0.9
baseline,gemma4:12b,autonomous_depth_only,state_101,all,0.98,24,22,22,0.9166666666666666,0.9166666666666666,86,16,16,0.18604651162790697,0.18604651162790697,10,9,9,0.9,0.9
baseline,gemma4:12b,autonomous_depth_only,state_101,all,0.99,24,22,22,0.9166666666666666,0.9166666666666666,86,16,16,0.18604651162790697,0.18604651162790697,10,9,9,0.9,0.9
baseline,gemma4:12b,autonomous_depth_only,state_101,all,0.995,24,22,22,0.9166666666666666,0.9166666666666666,86,15,15,0.1744186046511628,0.1744186046511628,10,9,9,0.9,0.9
baseline,gemma4:12b,autonomous_depth_only,state_101,all,0.999,24,21,21,0.875,0.875,86,12,12,0.13953488372093023,0.13953488372093023,10,8,8,0.8,0.8
baseline,gemma4:12b,autonomous_depth_only,state_101,all,0.9999,24,19,19,0.7916666666666666,0.7916666666666666,86,8,8,0.09302325581395349,0.09302325581395349,10,8,8,0.8,0.8
baseline,gemma4:12b,autonomous_depth_only,state_101,all,0.99999,24,13,13,0.5416666666666666,0.5416666666666666,86,0,0,0.0,0.0,10,5,5,0.5,0.5
baseline,gemma4:12b,autonomous_depth_only,state_101,all,0.999999,24,0,0,0.0,0.0,86,0,0,0.0,0.0,10,0,0,0.0,0.0
baseline,gemma4:12b,autonomous_depth_only,state_202,all,0.4,25,25,25,1.0,1.0,96,19,19,0.19791666666666666,0.19791666666666666,11,11,11,1.0,1.0
baseline,gemma4:12b,autonomous_depth_only,state_202,all,0.5,25,25,25,1.0,1.0,96,19,19,0.19791666666666666,0.19791666666666666,11,11,11,1.0,1.0
baseline,gemma4:12b,autonomous_depth_only,state_202,all,0.6,25,25,25,1.0,1.0,96,19,19,0.19791666666666666,0.19791666666666666,11,11,11,1.0,1.0
baseline,gemma4:12b,autonomous_depth_only,state_202,all,0.65,25,25,25,1.0,1.0,96,19,19,0.19791666666666666,0.19791666666666666,11,11,11,1.0,1.0
baseline,gemma4:12b,autonomous_depth_only,state_202,all,0.7,25,25,25,1.0,1.0,96,19,19,0.19791666666666666,0.19791666666666666,11,11,11,1.0,1.0
baseline,gemma4:12b,autonomous_depth_only,state_202,all,0.8,25,25,25,1.0,1.0,96,17,17,0.17708333333333334,0.17708333333333334,11,11,11,1.0,1.0
baseline,gemma4:12b,autonomous_depth_only,state_202,all,0.9,25,25,25,1.0,1.0,96,16,16,0.16666666666666666,0.16666666666666666,11,11,11,1.0,1.0
baseline,gemma4:12b,autonomous_depth_only,state_202,all,0.95,25,25,25,1.0,1.0,96,15,15,0.15625,0.15625,11,11,11,1.0,1.0
baseline,gemma4:12b,autonomous_depth_only,state_202,all,0.97,25,25,25,1.0,1.0,96,14,14,0.14583333333333334,0.14583333333333334,11,11,11,1.0,1.0
baseline,gemma4:12b,autonomous_depth_only,state_202,all,0.98,25,25,25,1.0,1.0,96,14,14,0.14583333333333334,0.14583333333333334,11,11,11,1.0,1.0
baseline,gemma4:12b,autonomous_depth_only,state_202,all,0.99,25,25,25,1.0,1.0,96,13,13,0.13541666666666666,0.13541666666666666,11,11,11,1.0,1.0
baseline,gemma4:12b,autonomous_depth_only,state_202,all,0.995,25,25,25,1.0,1.0,96,12,12,0.125,0.125,11,11,11,1.0,1.0
baseline,gemma4:12b,autonomous_depth_only,state_202,all,0.999,25,23,23,0.92,0.92,96,10,10,0.10416666666666667,0.10416666666666667,11,10,10,0.9090909090909091,0.9090909090909091
baseline,gemma4:12b,autonomous_depth_only,state_202,all,0.9999,25,22,22,0.88,0.88,96,3,3,0.03125,0.03125,11,10,10,0.9090909090909091,0.9090909090909091
baseline,gemma4:12b,autonomous_depth_only,state_202,all,0.99999,25,14,14,0.56,0.56,96,1,1,0.010416666666666666,0.010416666666666666,11,5,5,0.45454545454545453,0.45454545454545453
baseline,gemma4:12b,autonomous_depth_only,state_202,all,0.999999,25,0,0,0.0,0.0,96,0,0,0.0,0.0,11,0,0,0.0,0.0
baseline,gemma4:12b,autonomous_depth_only,state_303,all,0.4,24,24,24,1.0,1.0,86,18,18,0.20930232558139536,0.20930232558139536,10,10,10,1.0,1.0
baseline,gemma4:12b,autonomous_depth_only,state_303,all,0.5,24,24,24,1.0,1.0,86,18,18,0.20930232558139536,0.20930232558139536,10,10,10,1.0,1.0
baseline,gemma4:12b,autonomous_depth_only,state_303,all,0.6,24,24,24,1.0,1.0,86,17,17,0.19767441860465115,0.19767441860465115,10,10,10,1.0,1.0
baseline,gemma4:12b,autonomous_depth_only,state_303,all,0.65,24,24,24,1.0,1.0,86,17,17,0.19767441860465115,0.19767441860465115,10,10,10,1.0,1.0
baseline,gemma4:12b,autonomous_depth_only,state_303,all,0.7,24,24,24,1.0,1.0,86,17,17,0.19767441860465115,0.19767441860465115,10,10,10,1.0,1.0
baseline,gemma4:12b,autonomous_depth_only,state_303,all,0.8,24,24,24,1.0,1.0,86,17,17,0.19767441860465115,0.19767441860465115,10,10,10,1.0,1.0
baseline,gemma4:12b,autonomous_depth_only,state_303,all,0.9,24,24,24,1.0,1.0,86,17,17,0.19767441860465115,0.19767441860465115,10,10,10,1.0,1.0
baseline,gemma4:12b,autonomous_depth_only,state_303,all,0.95,24,24,24,1.0,1.0,86,16,16,0.18604651162790697,0.18604651162790697,10,10,10,1.0,1.0
baseline,gemma4:12b,autonomous_depth_only,state_303,all,0.97,24,24,24,1.0,1.0,86,16,16,0.18604651162790697,0.18604651162790697,10,10,10,1.0,1.0
baseline,gemma4:12b,autonomous_depth_only,state_303,all,0.98,24,24,24,1.0,1.0,86,16,16,0.18604651162790697,0.18604651162790697,10,10,10,1.0,1.0
baseline,gemma4:12b,autonomous_depth_only,state_303,all,0.99,24,24,24,1.0,1.0,86,13,13,0.1511627906976744,0.1511627906976744,10,10,10,1.0,1.0
baseline,gemma4:12b,autonomous_depth_only,state_303,all,0.995,24,24,24,1.0,1.0,86,12,12,0.13953488372093023,0.13953488372093023,10,10,10,1.0,1.0
baseline,gemma4:12b,autonomous_depth_only,state_303,all,0.999,24,23,23,0.9583333333333334,0.9583333333333334,86,11,11,0.12790697674418605,0.12790697674418605,10,9,9,0.9,0.9
baseline,gemma4:12b,autonomous_depth_only,state_303,all,0.9999,24,17,17,0.7083333333333334,0.7083333333333334,86,9,9,0.10465116279069768,0.10465116279069768,10,7,7,0.7,0.7
baseline,gemma4:12b,autonomous_depth_only,state_303,all,0.99999,24,13,13,0.5416666666666666,0.5416666666666666,86,1,1,0.011627906976744186,0.011627906976744186,10,5,5,0.5,0.5
baseline,gemma4:12b,autonomous_depth_only,state_303,all,0.999999,24,0,0,0.0,0.0,86,0,0,0.0,0.0,10,0,0,0.0,0.0
baseline,gemma4:12b,autonomous_depth_only,all,all,0.4,98,98,98,1.0,1.0,364,76,76,0.2087912087912088,0.2087912087912088,42,42,42,1.0,1.0
baseline,gemma4:12b,autonomous_depth_only,all,all,0.5,98,98,98,1.0,1.0,364,76,76,0.2087912087912088,0.2087912087912088,42,42,42,1.0,1.0
baseline,gemma4:12b,autonomous_depth_only,all,all,0.6,98,98,98,1.0,1.0,364,75,75,0.20604395604395603,0.20604395604395603,42,42,42,1.0,1.0
baseline,gemma4:12b,autonomous_depth_only,all,all,0.65,98,98,98,1.0,1.0,364,75,75,0.20604395604395603,0.20604395604395603,42,42,42,1.0,1.0
baseline,gemma4:12b,autonomous_depth_only,all,all,0.7,98,98,98,1.0,1.0,364,75,75,0.20604395604395603,0.20604395604395603,42,42,42,1.0,1.0
baseline,gemma4:12b,autonomous_depth_only,all,all,0.8,98,98,98,1.0,1.0,364,72,72,0.1978021978021978,0.1978021978021978,42,42,42,1.0,1.0
baseline,gemma4:12b,autonomous_depth_only,all,all,0.9,98,98,98,1.0,1.0,364,70,70,0.19230769230769232,0.19230769230769232,42,42,42,1.0,1.0
baseline,gemma4:12b,autonomous_depth_only,all,all,0.95,98,96,96,0.9795918367346939,0.9795918367346939,364,66,66,0.1813186813186813,0.1813186813186813,42,41,41,0.9761904761904762,0.9761904761904762
baseline,gemma4:12b,autonomous_depth_only,all,all,0.97,98,96,96,0.9795918367346939,0.9795918367346939,364,64,64,0.17582417582417584,0.17582417582417584,42,41,41,0.9761904761904762,0.9761904761904762
baseline,gemma4:12b,autonomous_depth_only,all,all,0.98,98,96,96,0.9795918367346939,0.9795918367346939,364,63,63,0.17307692307692307,0.17307692307692307,42,41,41,0.9761904761904762,0.9761904761904762
baseline,gemma4:12b,autonomous_depth_only,all,all,0.99,98,96,96,0.9795918367346939,0.9795918367346939,364,59,59,0.1620879120879121,0.1620879120879121,42,41,41,0.9761904761904762,0.9761904761904762
baseline,gemma4:12b,autonomous_depth_only,all,all,0.995,98,96,96,0.9795918367346939,0.9795918367346939,364,53,53,0.14560439560439561,0.14560439560439561,42,41,41,0.9761904761904762,0.9761904761904762
baseline,gemma4:12b,autonomous_depth_only,all,all,0.999,98,92,92,0.9387755102040817,0.9387755102040817,364,44,44,0.12087912087912088,0.12087912087912088,42,38,38,0.9047619047619048,0.9047619047619048
baseline,gemma4:12b,autonomous_depth_only,all,all,0.9999,98,81,81,0.826530612244898,0.826530612244898,364,26,26,0.07142857142857142,0.07142857142857142,42,35,35,0.8333333333333334,0.8333333333333334
baseline,gemma4:12b,autonomous_depth_only,all,all,0.99999,98,54,54,0.5510204081632653,0.5510204081632653,364,3,3,0.008241758241758242,0.008241758241758242,42,21,21,0.5,0.5
baseline,gemma4:12b,autonomous_depth_only,all,all,0.999999,98,0,0,0.0,0.0,364,0,0,0.0,0.0,42,0,0,0.0,0.0
family_ablation,gemma4:12b,all_crops,original,all,0.4,25,25,25,1.0,1.0,96,5,5,0.052083333333333336,0.052083333333333336,11,11,11,1.0,1.0
family_ablation,gemma4:12b,all_crops,original,all,0.5,25,25,25,1.0,1.0,96,5,5,0.052083333333333336,0.052083333333333336,11,11,11,1.0,1.0
family_ablation,gemma4:12b,all_crops,original,all,0.6,25,25,25,1.0,1.0,96,5,5,0.052083333333333336,0.052083333333333336,11,11,11,1.0,1.0
family_ablation,gemma4:12b,all_crops,original,all,0.65,25,25,25,1.0,1.0,96,5,5,0.052083333333333336,0.052083333333333336,11,11,11,1.0,1.0
family_ablation,gemma4:12b,all_crops,original,all,0.7,25,25,25,1.0,1.0,96,4,4,0.041666666666666664,0.041666666666666664,11,11,11,1.0,1.0
family_ablation,gemma4:12b,all_crops,original,all,0.8,25,25,25,1.0,1.0,96,4,4,0.041666666666666664,0.041666666666666664,11,11,11,1.0,1.0
family_ablation,gemma4:12b,all_crops,original,all,0.9,25,25,25,1.0,1.0,96,4,4,0.041666666666666664,0.041666666666666664,11,11,11,1.0,1.0
family_ablation,gemma4:12b,all_crops,original,all,0.95,25,25,25,1.0,1.0,96,4,4,0.041666666666666664,0.041666666666666664,11,11,11,1.0,1.0
family_ablation,gemma4:12b,all_crops,original,all,0.97,25,25,25,1.0,1.0,96,4,4,0.041666666666666664,0.041666666666666664,11,11,11,1.0,1.0
family_ablation,gemma4:12b,all_crops,original,all,0.98,25,25,25,1.0,1.0,96,4,4,0.041666666666666664,0.041666666666666664,11,11,11,1.0,1.0
family_ablation,gemma4:12b,all_crops,original,all,0.99,25,25,25,1.0,1.0,96,4,4,0.041666666666666664,0.041666666666666664,11,11,11,1.0,1.0
family_ablation,gemma4:12b,all_crops,original,all,0.995,25,25,25,1.0,1.0,96,4,4,0.041666666666666664,0.041666666666666664,11,11,11,1.0,1.0
family_ablation,gemma4:12b,all_crops,original,all,0.999,25,25,25,1.0,1.0,96,3,3,0.03125,0.03125,11,11,11,1.0,1.0
family_ablation,gemma4:12b,all_crops,original,all,0.9999,25,25,25,1.0,1.0,96,2,2,0.020833333333333332,0.020833333333333332,11,11,11,1.0,1.0
family_ablation,gemma4:12b,all_crops,original,all,0.99999,25,22,22,0.88,0.88,96,1,1,0.010416666666666666,0.010416666666666666,11,9,9,0.8181818181818182,0.8181818181818182
family_ablation,gemma4:12b,all_crops,original,all,0.999999,25,0,0,0.0,0.0,96,0,0,0.0,0.0,11,0,0,0.0,0.0
family_ablation,gemma4:12b,all_crops,state_101,all,0.4,25,25,25,1.0,1.0,96,9,9,0.09375,0.09375,11,11,11,1.0,1.0
family_ablation,gemma4:12b,all_crops,state_101,all,0.5,25,25,25,1.0,1.0,96,8,8,0.08333333333333333,0.08333333333333333,11,11,11,1.0,1.0
family_ablation,gemma4:12b,all_crops,state_101,all,0.6,25,25,25,1.0,1.0,96,8,8,0.08333333333333333,0.08333333333333333,11,11,11,1.0,1.0
family_ablation,gemma4:12b,all_crops,state_101,all,0.65,25,25,25,1.0,1.0,96,8,8,0.08333333333333333,0.08333333333333333,11,11,11,1.0,1.0
family_ablation,gemma4:12b,all_crops,state_101,all,0.7,25,25,25,1.0,1.0,96,8,8,0.08333333333333333,0.08333333333333333,11,11,11,1.0,1.0
family_ablation,gemma4:12b,all_crops,state_101,all,0.8,25,25,25,1.0,1.0,96,4,4,0.041666666666666664,0.041666666666666664,11,11,11,1.0,1.0
family_ablation,gemma4:12b,all_crops,state_101,all,0.9,25,25,25,1.0,1.0,96,4,4,0.041666666666666664,0.041666666666666664,11,11,11,1.0,1.0
family_ablation,gemma4:12b,all_crops,state_101,all,0.95,25,25,25,1.0,1.0,96,3,3,0.03125,0.03125,11,11,11,1.0,1.0
family_ablation,gemma4:12b,all_crops,state_101,all,0.97,25,25,25,1.0,1.0,96,3,3,0.03125,0.03125,11,11,11,1.0,1.0
family_ablation,gemma4:12b,all_crops,state_101,all,0.98,25,25,25,1.0,1.0,96,3,3,0.03125,0.03125,11,11,11,1.0,1.0
family_ablation,gemma4:12b,all_crops,state_101,all,0.99,25,23,23,0.92,0.92,96,3,3,0.03125,0.03125,11,10,10,0.9090909090909091,0.9090909090909091
family_ablation,gemma4:12b,all_crops,state_101,all,0.995,25,23,23,0.92,0.92,96,2,2,0.020833333333333332,0.020833333333333332,11,10,10,0.9090909090909091,0.9090909090909091
family_ablation,gemma4:12b,all_crops,state_101,all,0.999,25,23,23,0.92,0.92,96,2,2,0.020833333333333332,0.020833333333333332,11,10,10,0.9090909090909091,0.9090909090909091
family_ablation,gemma4:12b,all_crops,state_101,all,0.9999,25,23,23,0.92,0.92,96,1,1,0.010416666666666666,0.010416666666666666,11,10,10,0.9090909090909091,0.9090909090909091
family_ablation,gemma4:12b,all_crops,state_101,all,0.99999,25,20,20,0.8,0.8,96,1,1,0.010416666666666666,0.010416666666666666,11,8,8,0.7272727272727273,0.7272727272727273
family_ablation,gemma4:12b,all_crops,state_101,all,0.999999,25,0,0,0.0,0.0,96,0,0,0.0,0.0,11,0,0,0.0,0.0
family_ablation,gemma4:12b,all_crops,state_202,all,0.4,25,25,25,1.0,1.0,96,5,5,0.052083333333333336,0.052083333333333336,11,11,11,1.0,1.0
family_ablation,gemma4:12b,all_crops,state_202,all,0.5,25,25,25,1.0,1.0,96,5,5,0.052083333333333336,0.052083333333333336,11,11,11,1.0,1.0
family_ablation,gemma4:12b,all_crops,state_202,all,0.6,25,25,25,1.0,1.0,96,5,5,0.052083333333333336,0.052083333333333336,11,11,11,1.0,1.0
family_ablation,gemma4:12b,all_crops,state_202,all,0.65,25,25,25,1.0,1.0,96,5,5,0.052083333333333336,0.052083333333333336,11,11,11,1.0,1.0
family_ablation,gemma4:12b,all_crops,state_202,all,0.7,25,25,25,1.0,1.0,96,5,5,0.052083333333333336,0.052083333333333336,11,11,11,1.0,1.0
family_ablation,gemma4:12b,all_crops,state_202,all,0.8,25,25,25,1.0,1.0,96,5,5,0.052083333333333336,0.052083333333333336,11,11,11,1.0,1.0
family_ablation,gemma4:12b,all_crops,state_202,all,0.9,25,25,25,1.0,1.0,96,4,4,0.041666666666666664,0.041666666666666664,11,11,11,1.0,1.0
family_ablation,gemma4:12b,all_crops,state_202,all,0.95,25,25,25,1.0,1.0,96,4,4,0.041666666666666664,0.041666666666666664,11,11,11,1.0,1.0
family_ablation,gemma4:12b,all_crops,state_202,all,0.97,25,25,25,1.0,1.0,96,4,4,0.041666666666666664,0.041666666666666664,11,11,11,1.0,1.0
family_ablation,gemma4:12b,all_crops,state_202,all,0.98,25,25,25,1.0,1.0,96,4,4,0.041666666666666664,0.041666666666666664,11,11,11,1.0,1.0
family_ablation,gemma4:12b,all_crops,state_202,all,0.99,25,25,25,1.0,1.0,96,4,4,0.041666666666666664,0.041666666666666664,11,11,11,1.0,1.0
family_ablation,gemma4:12b,all_crops,state_202,all,0.995,25,25,25,1.0,1.0,96,4,4,0.041666666666666664,0.041666666666666664,11,11,11,1.0,1.0
family_ablation,gemma4:12b,all_crops,state_202,all,0.999,25,25,25,1.0,1.0,96,3,3,0.03125,0.03125,11,11,11,1.0,1.0
family_ablation,gemma4:12b,all_crops,state_202,all,0.9999,25,25,25,1.0,1.0,96,2,2,0.020833333333333332,0.020833333333333332,11,11,11,1.0,1.0
family_ablation,gemma4:12b,all_crops,state_202,all,0.99999,25,22,22,0.88,0.88,96,1,1,0.010416666666666666,0.010416666666666666,11,10,10,0.9090909090909091,0.9090909090909091
family_ablation,gemma4:12b,all_crops,state_202,all,0.999999,25,0,0,0.0,0.0,96,0,0,0.0,0.0,11,0,0,0.0,0.0
family_ablation,gemma4:12b,all_crops,state_303,all,0.4,25,25,25,1.0,1.0,96,5,5,0.052083333333333336,0.052083333333333336,11,11,11,1.0,1.0
family_ablation,gemma4:12b,all_crops,state_303,all,0.5,25,25,25,1.0,1.0,96,5,5,0.052083333333333336,0.052083333333333336,11,11,11,1.0,1.0
family_ablation,gemma4:12b,all_crops,state_303,all,0.6,25,25,25,1.0,1.0,96,5,5,0.052083333333333336,0.052083333333333336,11,11,11,1.0,1.0
family_ablation,gemma4:12b,all_crops,state_303,all,0.65,25,25,25,1.0,1.0,96,5,5,0.052083333333333336,0.052083333333333336,11,11,11,1.0,1.0
family_ablation,gemma4:12b,all_crops,state_303,all,0.7,25,25,25,1.0,1.0,96,5,5,0.052083333333333336,0.052083333333333336,11,11,11,1.0,1.0
family_ablation,gemma4:12b,all_crops,state_303,all,0.8,25,25,25,1.0,1.0,96,4,4,0.041666666666666664,0.041666666666666664,11,11,11,1.0,1.0
family_ablation,gemma4:12b,all_crops,state_303,all,0.9,25,25,25,1.0,1.0,96,4,4,0.041666666666666664,0.041666666666666664,11,11,11,1.0,1.0
family_ablation,gemma4:12b,all_crops,state_303,all,0.95,25,25,25,1.0,1.0,96,4,4,0.041666666666666664,0.041666666666666664,11,11,11,1.0,1.0
family_ablation,gemma4:12b,all_crops,state_303,all,0.97,25,25,25,1.0,1.0,96,2,2,0.020833333333333332,0.020833333333333332,11,11,11,1.0,1.0
family_ablation,gemma4:12b,all_crops,state_303,all,0.98,25,25,25,1.0,1.0,96,2,2,0.020833333333333332,0.020833333333333332,11,11,11,1.0,1.0
family_ablation,gemma4:12b,all_crops,state_303,all,0.99,25,25,25,1.0,1.0,96,2,2,0.020833333333333332,0.020833333333333332,11,11,11,1.0,1.0
family_ablation,gemma4:12b,all_crops,state_303,all,0.995,25,25,25,1.0,1.0,96,2,2,0.020833333333333332,0.020833333333333332,11,11,11,1.0,1.0
family_ablation,gemma4:12b,all_crops,state_303,all,0.999,25,25,25,1.0,1.0,96,2,2,0.020833333333333332,0.020833333333333332,11,11,11,1.0,1.0
family_ablation,gemma4:12b,all_crops,state_303,all,0.9999,25,25,25,1.0,1.0,96,2,2,0.020833333333333332,0.020833333333333332,11,11,11,1.0,1.0
family_ablation,gemma4:12b,all_crops,state_303,all,0.99999,25,21,21,0.84,0.84,96,1,1,0.010416666666666666,0.010416666666666666,11,9,9,0.8181818181818182,0.8181818181818182
family_ablation,gemma4:12b,all_crops,state_303,all,0.999999,25,0,0,0.0,0.0,96,0,0,0.0,0.0,11,0,0,0.0,0.0
family_ablation,gemma4:12b,all_crops,all,all,0.4,100,100,100,1.0,1.0,384,24,24,0.0625,0.0625,44,44,44,1.0,1.0
family_ablation,gemma4:12b,all_crops,all,all,0.5,100,100,100,1.0,1.0,384,23,23,0.059895833333333336,0.059895833333333336,44,44,44,1.0,1.0
family_ablation,gemma4:12b,all_crops,all,all,0.6,100,100,100,1.0,1.0,384,23,23,0.059895833333333336,0.059895833333333336,44,44,44,1.0,1.0
family_ablation,gemma4:12b,all_crops,all,all,0.65,100,100,100,1.0,1.0,384,23,23,0.059895833333333336,0.059895833333333336,44,44,44,1.0,1.0
family_ablation,gemma4:12b,all_crops,all,all,0.7,100,100,100,1.0,1.0,384,22,22,0.057291666666666664,0.057291666666666664,44,44,44,1.0,1.0
family_ablation,gemma4:12b,all_crops,all,all,0.8,100,100,100,1.0,1.0,384,17,17,0.044270833333333336,0.044270833333333336,44,44,44,1.0,1.0
family_ablation,gemma4:12b,all_crops,all,all,0.9,100,100,100,1.0,1.0,384,16,16,0.041666666666666664,0.041666666666666664,44,44,44,1.0,1.0
family_ablation,gemma4:12b,all_crops,all,all,0.95,100,100,100,1.0,1.0,384,15,15,0.0390625,0.0390625,44,44,44,1.0,1.0
family_ablation,gemma4:12b,all_crops,all,all,0.97,100,100,100,1.0,1.0,384,13,13,0.033854166666666664,0.033854166666666664,44,44,44,1.0,1.0
family_ablation,gemma4:12b,all_crops,all,all,0.98,100,100,100,1.0,1.0,384,13,13,0.033854166666666664,0.033854166666666664,44,44,44,1.0,1.0
family_ablation,gemma4:12b,all_crops,all,all,0.99,100,98,98,0.98,0.98,384,13,13,0.033854166666666664,0.033854166666666664,44,43,43,0.9772727272727273,0.9772727272727273
family_ablation,gemma4:12b,all_crops,all,all,0.995,100,98,98,0.98,0.98,384,12,12,0.03125,0.03125,44,43,43,0.9772727272727273,0.9772727272727273
family_ablation,gemma4:12b,all_crops,all,all,0.999,100,98,98,0.98,0.98,384,10,10,0.026041666666666668,0.026041666666666668,44,43,43,0.9772727272727273,0.9772727272727273
family_ablation,gemma4:12b,all_crops,all,all,0.9999,100,98,98,0.98,0.98,384,7,7,0.018229166666666668,0.018229166666666668,44,43,43,0.9772727272727273,0.9772727272727273
family_ablation,gemma4:12b,all_crops,all,all,0.99999,100,85,85,0.85,0.85,384,4,4,0.010416666666666666,0.010416666666666666,44,36,36,0.8181818181818182,0.8181818181818182
family_ablation,gemma4:12b,all_crops,all,all,0.999999,100,0,0,0.0,0.0,384,0,0,0.0,0.0,44,0,0,0.0,0.0
family_ablation,gemma4:12b,autonomous_depth_only,original,all,0.4,25,25,25,1.0,1.0,96,5,5,0.052083333333333336,0.052083333333333336,11,11,11,1.0,1.0
family_ablation,gemma4:12b,autonomous_depth_only,original,all,0.5,25,25,25,1.0,1.0,96,5,5,0.052083333333333336,0.052083333333333336,11,11,11,1.0,1.0
family_ablation,gemma4:12b,autonomous_depth_only,original,all,0.6,25,25,25,1.0,1.0,96,5,5,0.052083333333333336,0.052083333333333336,11,11,11,1.0,1.0
family_ablation,gemma4:12b,autonomous_depth_only,original,all,0.65,25,25,25,1.0,1.0,96,5,5,0.052083333333333336,0.052083333333333336,11,11,11,1.0,1.0
family_ablation,gemma4:12b,autonomous_depth_only,original,all,0.7,25,25,25,1.0,1.0,96,4,4,0.041666666666666664,0.041666666666666664,11,11,11,1.0,1.0
family_ablation,gemma4:12b,autonomous_depth_only,original,all,0.8,25,25,25,1.0,1.0,96,4,4,0.041666666666666664,0.041666666666666664,11,11,11,1.0,1.0
family_ablation,gemma4:12b,autonomous_depth_only,original,all,0.9,25,25,25,1.0,1.0,96,4,4,0.041666666666666664,0.041666666666666664,11,11,11,1.0,1.0
family_ablation,gemma4:12b,autonomous_depth_only,original,all,0.95,25,25,25,1.0,1.0,96,4,4,0.041666666666666664,0.041666666666666664,11,11,11,1.0,1.0
family_ablation,gemma4:12b,autonomous_depth_only,original,all,0.97,25,25,25,1.0,1.0,96,4,4,0.041666666666666664,0.041666666666666664,11,11,11,1.0,1.0
family_ablation,gemma4:12b,autonomous_depth_only,original,all,0.98,25,25,25,1.0,1.0,96,4,4,0.041666666666666664,0.041666666666666664,11,11,11,1.0,1.0
family_ablation,gemma4:12b,autonomous_depth_only,original,all,0.99,25,25,25,1.0,1.0,96,4,4,0.041666666666666664,0.041666666666666664,11,11,11,1.0,1.0
family_ablation,gemma4:12b,autonomous_depth_only,original,all,0.995,25,25,25,1.0,1.0,96,4,4,0.041666666666666664,0.041666666666666664,11,11,11,1.0,1.0
family_ablation,gemma4:12b,autonomous_depth_only,original,all,0.999,25,25,25,1.0,1.0,96,3,3,0.03125,0.03125,11,11,11,1.0,1.0
family_ablation,gemma4:12b,autonomous_depth_only,original,all,0.9999,25,25,25,1.0,1.0,96,2,2,0.020833333333333332,0.020833333333333332,11,11,11,1.0,1.0
family_ablation,gemma4:12b,autonomous_depth_only,original,all,0.99999,25,22,22,0.88,0.88,96,1,1,0.010416666666666666,0.010416666666666666,11,9,9,0.8181818181818182,0.8181818181818182
family_ablation,gemma4:12b,autonomous_depth_only,original,all,0.999999,25,0,0,0.0,0.0,96,0,0,0.0,0.0,11,0,0,0.0,0.0
family_ablation,gemma4:12b,autonomous_depth_only,state_101,all,0.4,24,24,24,1.0,1.0,86,8,8,0.09302325581395349,0.09302325581395349,10,10,10,1.0,1.0
family_ablation,gemma4:12b,autonomous_depth_only,state_101,all,0.5,24,24,24,1.0,1.0,86,7,7,0.08139534883720931,0.08139534883720931,10,10,10,1.0,1.0
family_ablation,gemma4:12b,autonomous_depth_only,state_101,all,0.6,24,24,24,1.0,1.0,86,7,7,0.08139534883720931,0.08139534883720931,10,10,10,1.0,1.0
family_ablation,gemma4:12b,autonomous_depth_only,state_101,all,0.65,24,24,24,1.0,1.0,86,7,7,0.08139534883720931,0.08139534883720931,10,10,10,1.0,1.0
family_ablation,gemma4:12b,autonomous_depth_only,state_101,all,0.7,24,24,24,1.0,1.0,86,7,7,0.08139534883720931,0.08139534883720931,10,10,10,1.0,1.0
family_ablation,gemma4:12b,autonomous_depth_only,state_101,all,0.8,24,24,24,1.0,1.0,86,3,3,0.03488372093023256,0.03488372093023256,10,10,10,1.0,1.0
family_ablation,gemma4:12b,autonomous_depth_only,state_101,all,0.9,24,24,24,1.0,1.0,86,3,3,0.03488372093023256,0.03488372093023256,10,10,10,1.0,1.0
family_ablation,gemma4:12b,autonomous_depth_only,state_101,all,0.95,24,24,24,1.0,1.0,86,2,2,0.023255813953488372,0.023255813953488372,10,10,10,1.0,1.0
family_ablation,gemma4:12b,autonomous_depth_only,state_101,all,0.97,24,24,24,1.0,1.0,86,2,2,0.023255813953488372,0.023255813953488372,10,10,10,1.0,1.0
family_ablation,gemma4:12b,autonomous_depth_only,state_101,all,0.98,24,24,24,1.0,1.0,86,2,2,0.023255813953488372,0.023255813953488372,10,10,10,1.0,1.0
family_ablation,gemma4:12b,autonomous_depth_only,state_101,all,0.99,24,22,22,0.9166666666666666,0.9166666666666666,86,2,2,0.023255813953488372,0.023255813953488372,10,9,9,0.9,0.9
family_ablation,gemma4:12b,autonomous_depth_only,state_101,all,0.995,24,22,22,0.9166666666666666,0.9166666666666666,86,1,1,0.011627906976744186,0.011627906976744186,10,9,9,0.9,0.9
family_ablation,gemma4:12b,autonomous_depth_only,state_101,all,0.999,24,22,22,0.9166666666666666,0.9166666666666666,86,1,1,0.011627906976744186,0.011627906976744186,10,9,9,0.9,0.9
family_ablation,gemma4:12b,autonomous_depth_only,state_101,all,0.9999,24,22,22,0.9166666666666666,0.9166666666666666,86,0,0,0.0,0.0,10,9,9,0.9,0.9
family_ablation,gemma4:12b,autonomous_depth_only,state_101,all,0.99999,24,19,19,0.7916666666666666,0.7916666666666666,86,0,0,0.0,0.0,10,7,7,0.7,0.7
family_ablation,gemma4:12b,autonomous_depth_only,state_101,all,0.999999,24,0,0,0.0,0.0,86,0,0,0.0,0.0,10,0,0,0.0,0.0
family_ablation,gemma4:12b,autonomous_depth_only,state_202,all,0.4,25,25,25,1.0,1.0,96,5,5,0.052083333333333336,0.052083333333333336,11,11,11,1.0,1.0
family_ablation,gemma4:12b,autonomous_depth_only,state_202,all,0.5,25,25,25,1.0,1.0,96,5,5,0.052083333333333336,0.052083333333333336,11,11,11,1.0,1.0
family_ablation,gemma4:12b,autonomous_depth_only,state_202,all,0.6,25,25,25,1.0,1.0,96,5,5,0.052083333333333336,0.052083333333333336,11,11,11,1.0,1.0
family_ablation,gemma4:12b,autonomous_depth_only,state_202,all,0.65,25,25,25,1.0,1.0,96,5,5,0.052083333333333336,0.052083333333333336,11,11,11,1.0,1.0
family_ablation,gemma4:12b,autonomous_depth_only,state_202,all,0.7,25,25,25,1.0,1.0,96,5,5,0.052083333333333336,0.052083333333333336,11,11,11,1.0,1.0
family_ablation,gemma4:12b,autonomous_depth_only,state_202,all,0.8,25,25,25,1.0,1.0,96,5,5,0.052083333333333336,0.052083333333333336,11,11,11,1.0,1.0
family_ablation,gemma4:12b,autonomous_depth_only,state_202,all,0.9,25,25,25,1.0,1.0,96,4,4,0.041666666666666664,0.041666666666666664,11,11,11,1.0,1.0
family_ablation,gemma4:12b,autonomous_depth_only,state_202,all,0.95,25,25,25,1.0,1.0,96,4,4,0.041666666666666664,0.041666666666666664,11,11,11,1.0,1.0
family_ablation,gemma4:12b,autonomous_depth_only,state_202,all,0.97,25,25,25,1.0,1.0,96,4,4,0.041666666666666664,0.041666666666666664,11,11,11,1.0,1.0
family_ablation,gemma4:12b,autonomous_depth_only,state_202,all,0.98,25,25,25,1.0,1.0,96,4,4,0.041666666666666664,0.041666666666666664,11,11,11,1.0,1.0
family_ablation,gemma4:12b,autonomous_depth_only,state_202,all,0.99,25,25,25,1.0,1.0,96,4,4,0.041666666666666664,0.041666666666666664,11,11,11,1.0,1.0
family_ablation,gemma4:12b,autonomous_depth_only,state_202,all,0.995,25,25,25,1.0,1.0,96,4,4,0.041666666666666664,0.041666666666666664,11,11,11,1.0,1.0
family_ablation,gemma4:12b,autonomous_depth_only,state_202,all,0.999,25,25,25,1.0,1.0,96,3,3,0.03125,0.03125,11,11,11,1.0,1.0
family_ablation,gemma4:12b,autonomous_depth_only,state_202,all,0.9999,25,25,25,1.0,1.0,96,2,2,0.020833333333333332,0.020833333333333332,11,11,11,1.0,1.0
family_ablation,gemma4:12b,autonomous_depth_only,state_202,all,0.99999,25,22,22,0.88,0.88,96,1,1,0.010416666666666666,0.010416666666666666,11,10,10,0.9090909090909091,0.9090909090909091
family_ablation,gemma4:12b,autonomous_depth_only,state_202,all,0.999999,25,0,0,0.0,0.0,96,0,0,0.0,0.0,11,0,0,0.0,0.0
family_ablation,gemma4:12b,autonomous_depth_only,state_303,all,0.4,24,24,24,1.0,1.0,86,4,4,0.046511627906976744,0.046511627906976744,10,10,10,1.0,1.0
family_ablation,gemma4:12b,autonomous_depth_only,state_303,all,0.5,24,24,24,1.0,1.0,86,4,4,0.046511627906976744,0.046511627906976744,10,10,10,1.0,1.0
family_ablation,gemma4:12b,autonomous_depth_only,state_303,all,0.6,24,24,24,1.0,1.0,86,4,4,0.046511627906976744,0.046511627906976744,10,10,10,1.0,1.0
family_ablation,gemma4:12b,autonomous_depth_only,state_303,all,0.65,24,24,24,1.0,1.0,86,4,4,0.046511627906976744,0.046511627906976744,10,10,10,1.0,1.0
family_ablation,gemma4:12b,autonomous_depth_only,state_303,all,0.7,24,24,24,1.0,1.0,86,4,4,0.046511627906976744,0.046511627906976744,10,10,10,1.0,1.0
family_ablation,gemma4:12b,autonomous_depth_only,state_303,all,0.8,24,24,24,1.0,1.0,86,3,3,0.03488372093023256,0.03488372093023256,10,10,10,1.0,1.0
family_ablation,gemma4:12b,autonomous_depth_only,state_303,all,0.9,24,24,24,1.0,1.0,86,3,3,0.03488372093023256,0.03488372093023256,10,10,10,1.0,1.0
family_ablation,gemma4:12b,autonomous_depth_only,state_303,all,0.95,24,24,24,1.0,1.0,86,3,3,0.03488372093023256,0.03488372093023256,10,10,10,1.0,1.0
family_ablation,gemma4:12b,autonomous_depth_only,state_303,all,0.97,24,24,24,1.0,1.0,86,1,1,0.011627906976744186,0.011627906976744186,10,10,10,1.0,1.0
family_ablation,gemma4:12b,autonomous_depth_only,state_303,all,0.98,24,24,24,1.0,1.0,86,1,1,0.011627906976744186,0.011627906976744186,10,10,10,1.0,1.0
family_ablation,gemma4:12b,autonomous_depth_only,state_303,all,0.99,24,24,24,1.0,1.0,86,1,1,0.011627906976744186,0.011627906976744186,10,10,10,1.0,1.0
family_ablation,gemma4:12b,autonomous_depth_only,state_303,all,0.995,24,24,24,1.0,1.0,86,1,1,0.011627906976744186,0.011627906976744186,10,10,10,1.0,1.0
family_ablation,gemma4:12b,autonomous_depth_only,state_303,all,0.999,24,24,24,1.0,1.0,86,1,1,0.011627906976744186,0.011627906976744186,10,10,10,1.0,1.0
family_ablation,gemma4:12b,autonomous_depth_only,state_303,all,0.9999,24,24,24,1.0,1.0,86,1,1,0.011627906976744186,0.011627906976744186,10,10,10,1.0,1.0
family_ablation,gemma4:12b,autonomous_depth_only,state_303,all,0.99999,24,20,20,0.8333333333333334,0.8333333333333334,86,1,1,0.011627906976744186,0.011627906976744186,10,8,8,0.8,0.8
family_ablation,gemma4:12b,autonomous_depth_only,state_303,all,0.999999,24,0,0,0.0,0.0,86,0,0,0.0,0.0,10,0,0,0.0,0.0
family_ablation,gemma4:12b,autonomous_depth_only,all,all,0.4,98,98,98,1.0,1.0,364,22,22,0.06043956043956044,0.06043956043956044,42,42,42,1.0,1.0
family_ablation,gemma4:12b,autonomous_depth_only,all,all,0.5,98,98,98,1.0,1.0,364,21,21,0.057692307692307696,0.057692307692307696,42,42,42,1.0,1.0
family_ablation,gemma4:12b,autonomous_depth_only,all,all,0.6,98,98,98,1.0,1.0,364,21,21,0.057692307692307696,0.057692307692307696,42,42,42,1.0,1.0
family_ablation,gemma4:12b,autonomous_depth_only,all,all,0.65,98,98,98,1.0,1.0,364,21,21,0.057692307692307696,0.057692307692307696,42,42,42,1.0,1.0
family_ablation,gemma4:12b,autonomous_depth_only,all,all,0.7,98,98,98,1.0,1.0,364,20,20,0.054945054945054944,0.054945054945054944,42,42,42,1.0,1.0
family_ablation,gemma4:12b,autonomous_depth_only,all,all,0.8,98,98,98,1.0,1.0,364,15,15,0.04120879120879121,0.04120879120879121,42,42,42,1.0,1.0
family_ablation,gemma4:12b,autonomous_depth_only,all,all,0.9,98,98,98,1.0,1.0,364,14,14,0.038461538461538464,0.038461538461538464,42,42,42,1.0,1.0
family_ablation,gemma4:12b,autonomous_depth_only,all,all,0.95,98,98,98,1.0,1.0,364,13,13,0.03571428571428571,0.03571428571428571,42,42,42,1.0,1.0
family_ablation,gemma4:12b,autonomous_depth_only,all,all,0.97,98,98,98,1.0,1.0,364,11,11,0.03021978021978022,0.03021978021978022,42,42,42,1.0,1.0
family_ablation,gemma4:12b,autonomous_depth_only,all,all,0.98,98,98,98,1.0,1.0,364,11,11,0.03021978021978022,0.03021978021978022,42,42,42,1.0,1.0
family_ablation,gemma4:12b,autonomous_depth_only,all,all,0.99,98,96,96,0.9795918367346939,0.9795918367346939,364,11,11,0.03021978021978022,0.03021978021978022,42,41,41,0.9761904761904762,0.9761904761904762
family_ablation,gemma4:12b,autonomous_depth_only,all,all,0.995,98,96,96,0.9795918367346939,0.9795918367346939,364,10,10,0.027472527472527472,0.027472527472527472,42,41,41,0.9761904761904762,0.9761904761904762
family_ablation,gemma4:12b,autonomous_depth_only,all,all,0.999,98,96,96,0.9795918367346939,0.9795918367346939,364,8,8,0.02197802197802198,0.02197802197802198,42,41,41,0.9761904761904762,0.9761904761904762
family_ablation,gemma4:12b,autonomous_depth_only,all,all,0.9999,98,96,96,0.9795918367346939,0.9795918367346939,364,5,5,0.013736263736263736,0.013736263736263736,42,41,41,0.9761904761904762,0.9761904761904762
family_ablation,gemma4:12b,autonomous_depth_only,all,all,0.99999,98,83,83,0.8469387755102041,0.8469387755102041,364,3,3,0.008241758241758242,0.008241758241758242,42,34,34,0.8095238095238095,0.8095238095238095
family_ablation,gemma4:12b,autonomous_depth_only,all,all,0.999999,98,0,0,0.0,0.0,364,0,0,0.0,0.0,42,0,0,0.0,0.0
