model,state,target,target_name,target_family,posthoc_identity,observed_family,own_object_match,same_family,assisted_fallback,crop_file,crop_sha256,response_file,elapsed_seconds,answer,logp_A,p_A,p_A_lower,p_A_upper,logp_B,p_B,p_B_lower,p_B_upper,logp_C,p_C,p_C_lower,p_C_upper
qwen3.5:4b,original,Gear_Large,Large gear,gear,Gear_Large,gear,True,True,False,../vlm_four_scene_20260925/input_crops/original/Gear_Large.png,8643de8c1b1dcf74dc92d04cdefcfdc0735be5d7df1bdc7bdc7e077aadca78b3,qwen3.5-4b/responses/original/Gear_Large/Gear_Large.json,4.526708999997936,A,-0.33327582478523254,0.7165725184340198,0.7165725184340198,0.7165725184340198,-2.089566230773926,0.12374079912853873,0.12374079912853873,0.12374079912853873,-1.836400032043457,0.15939019410649044,0.15939019410649044,0.15939019410649044
qwen3.5:4b,original,Gear_Medium,Medium gear,gear,Gear_Large,gear,False,True,False,../vlm_four_scene_20260925/input_crops/original/Gear_Large.png,8643de8c1b1dcf74dc92d04cdefcfdc0735be5d7df1bdc7bdc7e077aadca78b3,qwen3.5-4b/responses/original/Gear_Medium/Gear_Large.json,0.05648510000901297,A,-0.33327582478523254,0.7165725184340198,0.7165725184340198,0.7165725184340198,-2.089566230773926,0.12374079912853873,0.12374079912853873,0.12374079912853873,-1.836400032043457,0.15939019410649044,0.15939019410649044,0.15939019410649044
qwen3.5:4b,original,Gear_Small,Small gear,gear,Gear_Large,gear,False,True,False,../vlm_four_scene_20260925/input_crops/original/Gear_Large.png,8643de8c1b1dcf74dc92d04cdefcfdc0735be5d7df1bdc7bdc7e077aadca78b3,qwen3.5-4b/responses/original/Gear_Small/Gear_Large.json,0.056353699997998774,A,-0.33327582478523254,0.7165725184340198,0.7165725184340198,0.7165725184340198,-2.089566230773926,0.12374079912853873,0.12374079912853873,0.12374079912853873,-1.836400032043457,0.15939019410649044,0.15939019410649044,0.15939019410649044
qwen3.5:4b,original,Waterproof_Male,Waterproof connector,Waterproof_Male,Gear_Large,gear,False,False,False,../vlm_four_scene_20260925/input_crops/original/Gear_Large.png,8643de8c1b1dcf74dc92d04cdefcfdc0735be5d7df1bdc7bdc7e077aadca78b3,qwen3.5-4b/responses/original/Waterproof_Male/Gear_Large.json,0.29270890000043437,C,-2.6024041175842285,0.07409523026952135,0.07409523026952135,0.07409523026952135,-1.3825896978378296,0.25092788350726475,0.25092788350726475,0.25092788350726475,-0.394033819437027,0.6743312503515486,0.6743312503515486,0.6743312503515486
qwen3.5:4b,original,M12_Hex_Nut,M12 hex nut,hex_nut,Gear_Large,gear,False,False,False,../vlm_four_scene_20260925/input_crops/original/Gear_Large.png,8643de8c1b1dcf74dc92d04cdefcfdc0735be5d7df1bdc7bdc7e077aadca78b3,qwen3.5-4b/responses/original/M12_Hex_Nut/Gear_Large.json,0.2929240000084974,C,-3.349580764770508,0.03509906578170005,0.03509906578170005,0.03509906578170005,-0.773283064365387,0.461495459173318,0.461495459173318,0.461495459173318,-0.6884976625442505,0.5023301718981509,0.5023301718981509,0.5023301718981509
qwen3.5:4b,original,M16_Hex_Nut,M16 hex nut,hex_nut,Gear_Large,gear,False,False,False,../vlm_four_scene_20260925/input_crops/original/Gear_Large.png,8643de8c1b1dcf74dc92d04cdefcfdc0735be5d7df1bdc7bdc7e077aadca78b3,qwen3.5-4b/responses/original/M16_Hex_Nut/Gear_Large.json,0.05677339999238029,C,-3.349580764770508,0.03509906578170005,0.03509906578170005,0.03509906578170005,-0.773283064365387,0.461495459173318,0.461495459173318,0.461495459173318,-0.6884976625442505,0.5023301718981509,0.5023301718981509,0.5023301718981509
qwen3.5:4b,original,RGOCG16-50_16mm,16 mm round pin,round_pin,Gear_Large,gear,False,False,False,../vlm_four_scene_20260925/input_crops/original/Gear_Large.png,8643de8c1b1dcf74dc92d04cdefcfdc0735be5d7df1bdc7bdc7e077aadca78b3,qwen3.5-4b/responses/original/RGOCG16-50_16mm/Gear_Large.json,0.32062369998311624,C,-3.252565860748291,0.03867484614244319,0.03867484614244319,0.03867484614244319,-1.8625684976577759,0.15527329864235687,0.15527329864235687,0.15527329864235687,-0.21696333587169647,0.804959481901695,0.804959481901695,0.804959481901695
qwen3.5:4b,original,RGOCG12-50_12mm,12 mm round pin,round_pin,Gear_Large,gear,False,False,False,../vlm_four_scene_20260925/input_crops/original/Gear_Large.png,8643de8c1b1dcf74dc92d04cdefcfdc0735be5d7df1bdc7bdc7e077aadca78b3,qwen3.5-4b/responses/original/RGOCG12-50_12mm/Gear_Large.json,0.05633309995755553,C,-3.252565860748291,0.03867484614244319,0.03867484614244319,0.03867484614244319,-1.8625684976577759,0.15527329864235687,0.15527329864235687,0.15527329864235687,-0.21696333587169647,0.804959481901695,0.804959481901695,0.804959481901695
qwen3.5:4b,original,RGOCG8-50_8mm,8 mm round pin,round_pin,Gear_Large,gear,False,False,False,../vlm_four_scene_20260925/input_crops/original/Gear_Large.png,8643de8c1b1dcf74dc92d04cdefcfdc0735be5d7df1bdc7bdc7e077aadca78b3,qwen3.5-4b/responses/original/RGOCG8-50_8mm/Gear_Large.json,0.053108800027985126,C,-3.252565860748291,0.03867484614244319,0.03867484614244319,0.03867484614244319,-1.8625684976577759,0.15527329864235687,0.15527329864235687,0.15527329864235687,-0.21696333587169647,0.804959481901695,0.804959481901695,0.804959481901695
qwen3.5:4b,original,USB_Male,USB connector + cable,USB_Male,Gear_Large,gear,False,False,False,../vlm_four_scene_20260925/input_crops/original/Gear_Large.png,8643de8c1b1dcf74dc92d04cdefcfdc0735be5d7df1bdc7bdc7e077aadca78b3,qwen3.5-4b/responses/original/USB_Male/Gear_Large.json,0.3232063999748789,C,-4.166497707366943,0.015506473340565038,0.015506473340565038,0.015506473340565038,-2.729512929916382,0.06525106377047887,0.06525106377047887,0.06525106377047887,-0.08546233922243118,0.918087718300437,0.918087718300437,0.918087718300437
qwen3.5:4b,original,DSUB_Male,DSUB connector,DSUB_Male,Gear_Large,gear,False,False,False,../vlm_four_scene_20260925/input_crops/original/Gear_Large.png,8643de8c1b1dcf74dc92d04cdefcfdc0735be5d7df1bdc7bdc7e077aadca78b3,qwen3.5-4b/responses/original/DSUB_Male/Gear_Large.json,0.32004900003084913,C,-3.8079254627227783,0.022194173872493894,0.022194173872493894,0.022194173872493894,-3.697026491165161,0.02479715150282173,0.02479715150282173,0.02479715150282173,-0.049271807074546814,0.951922355301152,0.951922355301152,0.951922355301152
qwen3.5:4b,original,Gear_Large,Large gear,gear,Gear_Medium,gear,False,True,False,../vlm_four_scene_20260925/input_crops/original/Gear_Medium.png,32184c8966576de2b036c51d8d5e7cd940e019617b393dc6403bb6f08a234392,qwen3.5-4b/responses/original/Gear_Large/Gear_Medium.json,0.3092311999644153,A,-0.08496729284524918,0.9185423268161821,0.9185423268161821,0.9185423268161821,-3.2521042823791504,0.03869270173541311,0.03869270173541311,0.03869270173541311,-3.160261869430542,0.04241463253041264,0.04241463253041264,0.04241463253041264
qwen3.5:4b,original,Gear_Medium,Medium gear,gear,Gear_Medium,gear,True,True,False,../vlm_four_scene_20260925/input_crops/original/Gear_Medium.png,32184c8966576de2b036c51d8d5e7cd940e019617b393dc6403bb6f08a234392,qwen3.5-4b/responses/original/Gear_Medium/Gear_Medium.json,0.06961830001091585,A,-0.08496729284524918,0.9185423268161821,0.9185423268161821,0.9185423268161821,-3.2521042823791504,0.03869270173541311,0.03869270173541311,0.03869270173541311,-3.160261869430542,0.04241463253041264,0.04241463253041264,0.04241463253041264
qwen3.5:4b,original,Gear_Small,Small gear,gear,Gear_Medium,gear,False,True,False,../vlm_four_scene_20260925/input_crops/original/Gear_Medium.png,32184c8966576de2b036c51d8d5e7cd940e019617b393dc6403bb6f08a234392,qwen3.5-4b/responses/original/Gear_Small/Gear_Medium.json,0.05377210001461208,A,-0.08496729284524918,0.9185423268161821,0.9185423268161821,0.9185423268161821,-3.2521042823791504,0.03869270173541311,0.03869270173541311,0.03869270173541311,-3.160261869430542,0.04241463253041264,0.04241463253041264,0.04241463253041264
qwen3.5:4b,original,Waterproof_Male,Waterproof connector,Waterproof_Male,Gear_Medium,gear,False,False,False,../vlm_four_scene_20260925/input_crops/original/Gear_Medium.png,32184c8966576de2b036c51d8d5e7cd940e019617b393dc6403bb6f08a234392,qwen3.5-4b/responses/original/Waterproof_Male/Gear_Medium.json,0.3045403999858536,C,-2.6768410205841064,0.06878008620848719,0.06878008620848719,0.06878008620848719,-1.1619638204574585,0.3128711544059047,0.3128711544059047,0.3128711544059047,-0.48205700516700745,0.6175118593946571,0.6175118593946571,0.6175118593946571
qwen3.5:4b,original,M12_Hex_Nut,M12 hex nut,hex_nut,Gear_Medium,gear,False,False,False,../vlm_four_scene_20260925/input_crops/original/Gear_Medium.png,32184c8966576de2b036c51d8d5e7cd940e019617b393dc6403bb6f08a234392,qwen3.5-4b/responses/original/M12_Hex_Nut/Gear_Medium.json,0.3057951999944635,B,-2.9179880619049072,0.05404230777263712,0.05404230777263712,0.05404230777263712,-0.2865888774394989,0.750820344575813,0.750820344575813,0.750820344575813,-1.6392920017242432,0.19411742845520996,0.19411742845520996,0.19411742845520996
qwen3.5:4b,original,M16_Hex_Nut,M16 hex nut,hex_nut,Gear_Medium,gear,False,False,False,../vlm_four_scene_20260925/input_crops/original/Gear_Medium.png,32184c8966576de2b036c51d8d5e7cd940e019617b393dc6403bb6f08a234392,qwen3.5-4b/responses/original/M16_Hex_Nut/Gear_Medium.json,0.05575830000452697,B,-2.9179880619049072,0.05404230777263712,0.05404230777263712,0.05404230777263712,-0.2865888774394989,0.750820344575813,0.750820344575813,0.750820344575813,-1.6392920017242432,0.19411742845520996,0.19411742845520996,0.19411742845520996
qwen3.5:4b,original,RGOCG16-50_16mm,16 mm round pin,round_pin,Gear_Medium,gear,False,False,False,../vlm_four_scene_20260925/input_crops/original/Gear_Medium.png,32184c8966576de2b036c51d8d5e7cd940e019617b393dc6403bb6f08a234392,qwen3.5-4b/responses/original/RGOCG16-50_16mm/Gear_Medium.json,0.31010499998228624,C,-2.731982469558716,0.06509012248902392,0.06509012248902392,0.06509012248902392,-0.8902580142021179,0.4105498114037279,0.4105498114037279,0.4105498114037279,-0.6482345461845398,0.5229682385116562,0.5229682385116562,0.5229682385116562
qwen3.5:4b,original,RGOCG12-50_12mm,12 mm round pin,round_pin,Gear_Medium,gear,False,False,False,../vlm_four_scene_20260925/input_crops/original/Gear_Medium.png,32184c8966576de2b036c51d8d5e7cd940e019617b393dc6403bb6f08a234392,qwen3.5-4b/responses/original/RGOCG12-50_12mm/Gear_Medium.json,0.05483460001414642,C,-2.731982469558716,0.06509012248902392,0.06509012248902392,0.06509012248902392,-0.8902580142021179,0.4105498114037279,0.4105498114037279,0.4105498114037279,-0.6482345461845398,0.5229682385116562,0.5229682385116562,0.5229682385116562
qwen3.5:4b,original,RGOCG8-50_8mm,8 mm round pin,round_pin,Gear_Medium,gear,False,False,False,../vlm_four_scene_20260925/input_crops/original/Gear_Medium.png,32184c8966576de2b036c51d8d5e7cd940e019617b393dc6403bb6f08a234392,qwen3.5-4b/responses/original/RGOCG8-50_8mm/Gear_Medium.json,0.05381919996580109,C,-2.731982469558716,0.06509012248902392,0.06509012248902392,0.06509012248902392,-0.8902580142021179,0.4105498114037279,0.4105498114037279,0.4105498114037279,-0.6482345461845398,0.5229682385116562,0.5229682385116562,0.5229682385116562
qwen3.5:4b,original,USB_Male,USB connector + cable,USB_Male,Gear_Medium,gear,False,False,False,../vlm_four_scene_20260925/input_crops/original/Gear_Medium.png,32184c8966576de2b036c51d8d5e7cd940e019617b393dc6403bb6f08a234392,qwen3.5-4b/responses/original/USB_Male/Gear_Medium.json,0.3126994000049308,C,-3.9218180179595947,0.01980505604721256,0.01980505604721256,0.01980505604721256,-1.766338586807251,0.17095779141006262,0.17095779141006262,0.17095779141006262,-0.21308158338069916,0.8080902077960905,0.8080902077960905,0.8080902077960905
qwen3.5:4b,original,DSUB_Male,DSUB connector,DSUB_Male,Gear_Medium,gear,False,False,False,../vlm_four_scene_20260925/input_crops/original/Gear_Medium.png,32184c8966576de2b036c51d8d5e7cd940e019617b393dc6403bb6f08a234392,qwen3.5-4b/responses/original/DSUB_Male/Gear_Medium.json,0.32089500001166016,C,-3.605950355529785,0.02716161934816493,0.02716161934816493,0.02716161934816493,-2.49741268157959,0.08229765363736463,0.08229765363736463,0.08229765363736463,-0.11708924919366837,0.889505801945076,0.889505801945076,0.889505801945076
qwen3.5:4b,original,Gear_Large,Large gear,gear,Gear_Small,gear,False,True,False,../vlm_four_scene_20260925/input_crops/original/Gear_Small.png,12582ccd34fdba48126c0e1e0d71701e3ab31413538cfcbedfd42b8adf7e792c,qwen3.5-4b/responses/original/Gear_Large/Gear_Small.json,0.33242449996760115,A,-0.06315506249666214,0.9387978900574507,0.9387978900574507,0.9387978900574507,-3.483820915222168,0.030689923125584554,0.030689923125584554,0.030689923125584554,-3.4983816146850586,0.03024629399159694,0.03024629399159694,0.03024629399159694
qwen3.5:4b,original,Gear_Medium,Medium gear,gear,Gear_Small,gear,False,True,False,../vlm_four_scene_20260925/input_crops/original/Gear_Small.png,12582ccd34fdba48126c0e1e0d71701e3ab31413538cfcbedfd42b8adf7e792c,qwen3.5-4b/responses/original/Gear_Medium/Gear_Small.json,0.05414480000035837,A,-0.06315506249666214,0.9387978900574507,0.9387978900574507,0.9387978900574507,-3.483820915222168,0.030689923125584554,0.030689923125584554,0.030689923125584554,-3.4983816146850586,0.03024629399159694,0.03024629399159694,0.03024629399159694
qwen3.5:4b,original,Gear_Small,Small gear,gear,Gear_Small,gear,True,True,False,../vlm_four_scene_20260925/input_crops/original/Gear_Small.png,12582ccd34fdba48126c0e1e0d71701e3ab31413538cfcbedfd42b8adf7e792c,qwen3.5-4b/responses/original/Gear_Small/Gear_Small.json,0.05289049999555573,A,-0.06315506249666214,0.9387978900574507,0.9387978900574507,0.9387978900574507,-3.483820915222168,0.030689923125584554,0.030689923125584554,0.030689923125584554,-3.4983816146850586,0.03024629399159694,0.03024629399159694,0.03024629399159694
qwen3.5:4b,original,Waterproof_Male,Waterproof connector,Waterproof_Male,Gear_Small,gear,False,False,False,../vlm_four_scene_20260925/input_crops/original/Gear_Small.png,12582ccd34fdba48126c0e1e0d71701e3ab31413538cfcbedfd42b8adf7e792c,qwen3.5-4b/responses/original/Waterproof_Male/Gear_Small.json,0.3061656000209041,A,-0.8577402234077454,0.4241194153581057,0.4241194153581057,0.4241194153581057,-1.219720721244812,0.29531262995207663,0.29531262995207663,0.29531262995207663,-1.2723710536956787,0.280166543703196,0.280166543703196,0.280166543703196
qwen3.5:4b,original,M12_Hex_Nut,M12 hex nut,hex_nut,Gear_Small,gear,False,False,False,../vlm_four_scene_20260925/input_crops/original/Gear_Small.png,12582ccd34fdba48126c0e1e0d71701e3ab31413538cfcbedfd42b8adf7e792c,qwen3.5-4b/responses/original/M12_Hex_Nut/Gear_Small.json,0.2985587999573909,B,-1.9530041217803955,0.1418473043006798,0.1418473043006798,0.1418473043006798,-0.4405967593193054,0.6436522010017475,0.6436522010017475,0.6436522010017475,-1.5428211688995361,0.21377714845822143,0.21377714845822143,0.21377714845822143
qwen3.5:4b,original,M16_Hex_Nut,M16 hex nut,hex_nut,Gear_Small,gear,False,False,False,../vlm_four_scene_20260925/input_crops/original/Gear_Small.png,12582ccd34fdba48126c0e1e0d71701e3ab31413538cfcbedfd42b8adf7e792c,qwen3.5-4b/responses/original/M16_Hex_Nut/Gear_Small.json,0.05374469998059794,B,-1.9530041217803955,0.1418473043006798,0.1418473043006798,0.1418473043006798,-0.4405967593193054,0.6436522010017475,0.6436522010017475,0.6436522010017475,-1.5428211688995361,0.21377714845822143,0.21377714845822143,0.21377714845822143
qwen3.5:4b,original,RGOCG16-50_16mm,16 mm round pin,round_pin,Gear_Small,gear,False,False,False,../vlm_four_scene_20260925/input_crops/original/Gear_Small.png,12582ccd34fdba48126c0e1e0d71701e3ab31413538cfcbedfd42b8adf7e792c,qwen3.5-4b/responses/original/RGOCG16-50_16mm/Gear_Small.json,0.30826099996920675,C,-1.920128345489502,0.1465881469954758,0.1465881469954758,0.1465881469954758,-1.024391531944275,0.3590148480263447,0.3590148480263447,0.3590148480263447,-0.7057995200157166,0.49371368244407626,0.49371368244407626,0.49371368244407626
qwen3.5:4b,original,RGOCG12-50_12mm,12 mm round pin,round_pin,Gear_Small,gear,False,False,False,../vlm_four_scene_20260925/input_crops/original/Gear_Small.png,12582ccd34fdba48126c0e1e0d71701e3ab31413538cfcbedfd42b8adf7e792c,qwen3.5-4b/responses/original/RGOCG12-50_12mm/Gear_Small.json,0.07082080002874136,C,-1.920128345489502,0.1465881469954758,0.1465881469954758,0.1465881469954758,-1.024391531944275,0.3590148480263447,0.3590148480263447,0.3590148480263447,-0.7057995200157166,0.49371368244407626,0.49371368244407626,0.49371368244407626
qwen3.5:4b,original,RGOCG8-50_8mm,8 mm round pin,round_pin,Gear_Small,gear,False,False,False,../vlm_four_scene_20260925/input_crops/original/Gear_Small.png,12582ccd34fdba48126c0e1e0d71701e3ab31413538cfcbedfd42b8adf7e792c,qwen3.5-4b/responses/original/RGOCG8-50_8mm/Gear_Small.json,0.05200699996203184,C,-1.920128345489502,0.1465881469954758,0.1465881469954758,0.1465881469954758,-1.024391531944275,0.3590148480263447,0.3590148480263447,0.3590148480263447,-0.7057995200157166,0.49371368244407626,0.49371368244407626,0.49371368244407626
qwen3.5:4b,original,USB_Male,USB connector + cable,USB_Male,Gear_Small,gear,False,False,False,../vlm_four_scene_20260925/input_crops/original/Gear_Small.png,12582ccd34fdba48126c0e1e0d71701e3ab31413538cfcbedfd42b8adf7e792c,qwen3.5-4b/responses/original/USB_Male/Gear_Small.json,0.32144119997974485,C,-3.3102378845214844,0.03650748815434634,0.03650748815434634,0.03650748815434634,-2.2793312072753906,0.10235263652896132,0.10235263652896132,0.10235263652896132,-0.15024377405643463,0.860498183722287,0.860498183722287,0.860498183722287
qwen3.5:4b,original,DSUB_Male,DSUB connector,DSUB_Male,Gear_Small,gear,False,False,False,../vlm_four_scene_20260925/input_crops/original/Gear_Small.png,12582ccd34fdba48126c0e1e0d71701e3ab31413538cfcbedfd42b8adf7e792c,qwen3.5-4b/responses/original/DSUB_Male/Gear_Small.json,0.3128967999946326,C,-2.936415910720825,0.05305554418451748,0.05305554418451748,0.05305554418451748,-2.332045793533325,0.09709690354508682,0.09709690354508682,0.09709690354508682,-0.16372616589069366,0.8489744682202149,0.8489744682202149,0.8489744682202149
qwen3.5:4b,original,Gear_Large,Large gear,gear,Waterproof_Male,Waterproof_Male,False,False,False,../vlm_four_scene_20260925/input_crops/original/Waterproof_Male.png,41b585482c19ce36d3222b4ce188fedb570a2c64e3d131c84b65485afb23e2f0,qwen3.5-4b/responses/original/Gear_Large/Waterproof_Male.json,0.3248629000154324,C,-3.251436710357666,0.03871854052419395,0.03871854052419395,0.03871854052419395,-1.0700078010559082,0.3430058416005224,0.3430058416005224,0.3430058416005224,-0.4840512275695801,0.616281630493526,0.616281630493526,0.616281630493526
qwen3.5:4b,original,Gear_Medium,Medium gear,gear,Waterproof_Male,Waterproof_Male,False,False,False,../vlm_four_scene_20260925/input_crops/original/Waterproof_Male.png,41b585482c19ce36d3222b4ce188fedb570a2c64e3d131c84b65485afb23e2f0,qwen3.5-4b/responses/original/Gear_Medium/Waterproof_Male.json,0.0563570000231266,C,-3.251436710357666,0.03871854052419395,0.03871854052419395,0.03871854052419395,-1.0700078010559082,0.3430058416005224,0.3430058416005224,0.3430058416005224,-0.4840512275695801,0.616281630493526,0.616281630493526,0.616281630493526
qwen3.5:4b,original,Gear_Small,Small gear,gear,Waterproof_Male,Waterproof_Male,False,False,False,../vlm_four_scene_20260925/input_crops/original/Waterproof_Male.png,41b585482c19ce36d3222b4ce188fedb570a2c64e3d131c84b65485afb23e2f0,qwen3.5-4b/responses/original/Gear_Small/Waterproof_Male.json,0.0538624000037089,C,-3.251436710357666,0.03871854052419395,0.03871854052419395,0.03871854052419395,-1.0700078010559082,0.3430058416005224,0.3430058416005224,0.3430058416005224,-0.4840512275695801,0.616281630493526,0.616281630493526,0.616281630493526
qwen3.5:4b,original,Waterproof_Male,Waterproof connector,Waterproof_Male,Waterproof_Male,Waterproof_Male,True,True,False,../vlm_four_scene_20260925/input_crops/original/Waterproof_Male.png,41b585482c19ce36d3222b4ce188fedb570a2c64e3d131c84b65485afb23e2f0,qwen3.5-4b/responses/original/Waterproof_Male/Waterproof_Male.json,0.33442600001581013,A,-0.13584816455841064,0.8729751709970281,0.8729751709970281,0.8729751709970281,-2.641665458679199,0.07124251922497842,0.07124251922497842,0.07124251922497842,-2.900080680847168,0.055018780915478405,0.055018780915478405,0.055018780915478405
qwen3.5:4b,original,M12_Hex_Nut,M12 hex nut,hex_nut,Waterproof_Male,Waterproof_Male,False,False,False,../vlm_four_scene_20260925/input_crops/original/Waterproof_Male.png,41b585482c19ce36d3222b4ce188fedb570a2c64e3d131c84b65485afb23e2f0,qwen3.5-4b/responses/original/M12_Hex_Nut/Waterproof_Male.json,0.3211033000261523,C,-2.5398049354553223,0.07888178532957828,0.07888178532957828,0.07888178532957828,-1.14118230342865,0.31944112213033055,0.31944112213033055,0.31944112213033055,-0.5106815695762634,0.6000864387396182,0.6000864387396182,0.6000864387396182
qwen3.5:4b,original,M16_Hex_Nut,M16 hex nut,hex_nut,Waterproof_Male,Waterproof_Male,False,False,False,../vlm_four_scene_20260925/input_crops/original/Waterproof_Male.png,41b585482c19ce36d3222b4ce188fedb570a2c64e3d131c84b65485afb23e2f0,qwen3.5-4b/responses/original/M16_Hex_Nut/Waterproof_Male.json,0.0553024000255391,C,-2.5398049354553223,0.07888178532957828,0.07888178532957828,0.07888178532957828,-1.14118230342865,0.31944112213033055,0.31944112213033055,0.31944112213033055,-0.5106815695762634,0.6000864387396182,0.6000864387396182,0.6000864387396182
qwen3.5:4b,original,RGOCG16-50_16mm,16 mm round pin,round_pin,Waterproof_Male,Waterproof_Male,False,False,False,../vlm_four_scene_20260925/input_crops/original/Waterproof_Male.png,41b585482c19ce36d3222b4ce188fedb570a2c64e3d131c84b65485afb23e2f0,qwen3.5-4b/responses/original/RGOCG16-50_16mm/Waterproof_Male.json,0.31881550000980496,B,-2.2076451778411865,0.1099592784276834,0.1099592784276834,0.1099592784276834,-0.7998539805412292,0.4493945796798299,0.4493945796798299,0.4493945796798299,-0.8221623301506042,0.4394803247753358,0.4394803247753358,0.4394803247753358
qwen3.5:4b,original,RGOCG12-50_12mm,12 mm round pin,round_pin,Waterproof_Male,Waterproof_Male,False,False,False,../vlm_four_scene_20260925/input_crops/original/Waterproof_Male.png,41b585482c19ce36d3222b4ce188fedb570a2c64e3d131c84b65485afb23e2f0,qwen3.5-4b/responses/original/RGOCG12-50_12mm/Waterproof_Male.json,0.05559559998800978,B,-2.2076451778411865,0.1099592784276834,0.1099592784276834,0.1099592784276834,-0.7998539805412292,0.4493945796798299,0.4493945796798299,0.4493945796798299,-0.8221623301506042,0.4394803247753358,0.4394803247753358,0.4394803247753358
qwen3.5:4b,original,RGOCG8-50_8mm,8 mm round pin,round_pin,Waterproof_Male,Waterproof_Male,False,False,False,../vlm_four_scene_20260925/input_crops/original/Waterproof_Male.png,41b585482c19ce36d3222b4ce188fedb570a2c64e3d131c84b65485afb23e2f0,qwen3.5-4b/responses/original/RGOCG8-50_8mm/Waterproof_Male.json,0.0752078999648802,B,-2.2076451778411865,0.1099592784276834,0.1099592784276834,0.1099592784276834,-0.7998539805412292,0.4493945796798299,0.4493945796798299,0.4493945796798299,-0.8221623301506042,0.4394803247753358,0.4394803247753358,0.4394803247753358
qwen3.5:4b,original,USB_Male,USB connector + cable,USB_Male,Waterproof_Male,Waterproof_Male,False,False,False,../vlm_four_scene_20260925/input_crops/original/Waterproof_Male.png,41b585482c19ce36d3222b4ce188fedb570a2c64e3d131c84b65485afb23e2f0,qwen3.5-4b/responses/original/USB_Male/Waterproof_Male.json,0.32155489997239783,C,-2.701721429824829,0.06708992268435524,0.06708992268435524,0.06708992268435524,-0.8584464192390442,0.4238200097269543,0.4238200097269543,0.4238200097269543,-0.6774123907089233,0.5079296167491636,0.5079296167491636,0.5079296167491636
qwen3.5:4b,original,DSUB_Male,DSUB connector,DSUB_Male,Waterproof_Male,Waterproof_Male,False,False,False,../vlm_four_scene_20260925/input_crops/original/Waterproof_Male.png,41b585482c19ce36d3222b4ce188fedb570a2c64e3d131c84b65485afb23e2f0,qwen3.5-4b/responses/original/DSUB_Male/Waterproof_Male.json,0.31928970001172274,B,-1.362496018409729,0.2560209457766076,0.2560209457766076,0.2560209457766076,-0.7371564507484436,0.4784725431852976,0.4784725431852976,0.4784725431852976,-1.3305670022964478,0.2643273445908843,0.2643273445908843,0.2643273445908843
qwen3.5:4b,original,Gear_Large,Large gear,gear,M12_Hex_Nut,hex_nut,False,False,False,../vlm_four_scene_20260925/input_crops/original/M12_Hex_Nut.png,38c0f98390b534a6792efcbe2e21a4c07ceeeea957ea1c15c814989186114245,qwen3.5-4b/responses/original/Gear_Large/M12_Hex_Nut.json,0.30658049997873604,A,-0.31078898906707764,0.7328685028212598,0.7328685028212598,0.7328685028212598,-2.3368911743164062,0.09662757004255927,0.09662757004255927,0.09662757004255927,-1.771966814994812,0.169998304587755,0.169998304587755,0.169998304587755
qwen3.5:4b,original,Gear_Medium,Medium gear,gear,M12_Hex_Nut,hex_nut,False,False,False,../vlm_four_scene_20260925/input_crops/original/M12_Hex_Nut.png,38c0f98390b534a6792efcbe2e21a4c07ceeeea957ea1c15c814989186114245,qwen3.5-4b/responses/original/Gear_Medium/M12_Hex_Nut.json,0.05746369995176792,A,-0.31078898906707764,0.7328685028212598,0.7328685028212598,0.7328685028212598,-2.3368911743164062,0.09662757004255927,0.09662757004255927,0.09662757004255927,-1.771966814994812,0.169998304587755,0.169998304587755,0.169998304587755
qwen3.5:4b,original,Gear_Small,Small gear,gear,M12_Hex_Nut,hex_nut,False,False,False,../vlm_four_scene_20260925/input_crops/original/M12_Hex_Nut.png,38c0f98390b534a6792efcbe2e21a4c07ceeeea957ea1c15c814989186114245,qwen3.5-4b/responses/original/Gear_Small/M12_Hex_Nut.json,0.052808099950198084,A,-0.31078898906707764,0.7328685028212598,0.7328685028212598,0.7328685028212598,-2.3368911743164062,0.09662757004255927,0.09662757004255927,0.09662757004255927,-1.771966814994812,0.169998304587755,0.169998304587755,0.169998304587755
qwen3.5:4b,original,Waterproof_Male,Waterproof connector,Waterproof_Male,M12_Hex_Nut,hex_nut,False,False,False,../vlm_four_scene_20260925/input_crops/original/M12_Hex_Nut.png,38c0f98390b534a6792efcbe2e21a4c07ceeeea957ea1c15c814989186114245,qwen3.5-4b/responses/original/Waterproof_Male/M12_Hex_Nut.json,0.31462369998916984,A,-0.5095950365066528,0.6007388068455143,0.6007388068455143,0.6007388068455143,-1.9321242570877075,0.14484019365077336,0.14484019365077336,0.14484019365077336,-1.3716174364089966,0.2536962899101856,0.2536962899101856,0.2536962899101856
qwen3.5:4b,original,M12_Hex_Nut,M12 hex nut,hex_nut,M12_Hex_Nut,hex_nut,True,True,False,../vlm_four_scene_20260925/input_crops/original/M12_Hex_Nut.png,38c0f98390b534a6792efcbe2e21a4c07ceeeea957ea1c15c814989186114245,qwen3.5-4b/responses/original/M12_Hex_Nut/M12_Hex_Nut.json,0.3074457000475377,A,-0.35786205530166626,0.6991695150825163,0.6991695150825163,0.6991695150825163,-2.0622916221618652,0.12716222796160626,0.12716222796160626,0.12716222796160626,-1.755103588104248,0.17288933208593477,0.17288933208593477,0.17288933208593477
qwen3.5:4b,original,M16_Hex_Nut,M16 hex nut,hex_nut,M12_Hex_Nut,hex_nut,False,True,False,../vlm_four_scene_20260925/input_crops/original/M12_Hex_Nut.png,38c0f98390b534a6792efcbe2e21a4c07ceeeea957ea1c15c814989186114245,qwen3.5-4b/responses/original/M16_Hex_Nut/M12_Hex_Nut.json,0.055248300021048635,A,-0.35786205530166626,0.6991695150825163,0.6991695150825163,0.6991695150825163,-2.0622916221618652,0.12716222796160626,0.12716222796160626,0.12716222796160626,-1.755103588104248,0.17288933208593477,0.17288933208593477,0.17288933208593477
qwen3.5:4b,original,RGOCG16-50_16mm,16 mm round pin,round_pin,M12_Hex_Nut,hex_nut,False,False,False,../vlm_four_scene_20260925/input_crops/original/M12_Hex_Nut.png,38c0f98390b534a6792efcbe2e21a4c07ceeeea957ea1c15c814989186114245,qwen3.5-4b/responses/original/RGOCG16-50_16mm/M12_Hex_Nut.json,0.29940300004091114,C,-1.282294511795044,0.2774000719315941,0.2774000719315941,0.2774000719315941,-1.6613705158233643,0.18987857010942139,0.18987857010942139,0.18987857010942139,-0.6312172412872314,0.5319439026817643,0.5319439026817643,0.5319439026817643
qwen3.5:4b,original,RGOCG12-50_12mm,12 mm round pin,round_pin,M12_Hex_Nut,hex_nut,False,False,False,../vlm_four_scene_20260925/input_crops/original/M12_Hex_Nut.png,38c0f98390b534a6792efcbe2e21a4c07ceeeea957ea1c15c814989186114245,qwen3.5-4b/responses/original/RGOCG12-50_12mm/M12_Hex_Nut.json,0.05458980001276359,C,-1.282294511795044,0.2774000719315941,0.2774000719315941,0.2774000719315941,-1.6613705158233643,0.18987857010942139,0.18987857010942139,0.18987857010942139,-0.6312172412872314,0.5319439026817643,0.5319439026817643,0.5319439026817643
qwen3.5:4b,original,RGOCG8-50_8mm,8 mm round pin,round_pin,M12_Hex_Nut,hex_nut,False,False,False,../vlm_four_scene_20260925/input_crops/original/M12_Hex_Nut.png,38c0f98390b534a6792efcbe2e21a4c07ceeeea957ea1c15c814989186114245,qwen3.5-4b/responses/original/RGOCG8-50_8mm/M12_Hex_Nut.json,0.05316160002257675,C,-1.282294511795044,0.2774000719315941,0.2774000719315941,0.2774000719315941,-1.6613705158233643,0.18987857010942139,0.18987857010942139,0.18987857010942139,-0.6312172412872314,0.5319439026817643,0.5319439026817643,0.5319439026817643
qwen3.5:4b,original,USB_Male,USB connector + cable,USB_Male,M12_Hex_Nut,hex_nut,False,False,False,../vlm_four_scene_20260925/input_crops/original/M12_Hex_Nut.png,38c0f98390b534a6792efcbe2e21a4c07ceeeea957ea1c15c814989186114245,qwen3.5-4b/responses/original/USB_Male/M12_Hex_Nut.json,0.30129289999604225,C,-2.743532180786133,0.06434267508022858,0.06434267508022858,0.06434267508022858,-2.160543441772461,0.11526246557621594,0.11526246557621594,0.11526246557621594,-0.1988123506307602,0.8197036957834852,0.8197036957834852,0.8197036957834852
qwen3.5:4b,original,DSUB_Male,DSUB connector,DSUB_Male,M12_Hex_Nut,hex_nut,False,False,False,../vlm_four_scene_20260925/input_crops/original/M12_Hex_Nut.png,38c0f98390b534a6792efcbe2e21a4c07ceeeea957ea1c15c814989186114245,qwen3.5-4b/responses/original/DSUB_Male/M12_Hex_Nut.json,0.31964920001337305,C,-1.9514511823654175,0.14206775569996644,0.14206775569996644,0.14206775569996644,-2.198906898498535,0.11092434368296804,0.11092434368296804,0.11092434368296804,-0.29250991344451904,0.7463878457247072,0.7463878457247072,0.7463878457247072
qwen3.5:4b,original,Gear_Large,Large gear,gear,M16_Hex_Nut,hex_nut,False,False,False,../vlm_four_scene_20260925/input_crops/original/M16_Hex_Nut.png,4ba340c5f9b0438cf39ee0b2a365c9fca0767eaad2c4a4642c4a0ade665bff5c,qwen3.5-4b/responses/original/Gear_Large/M16_Hex_Nut.json,0.3111965000280179,A,-0.7880403399467468,0.45473504881028454,0.45473504881028454,0.45473504881028454,-2.0699350833892822,0.1261939735241975,0.1261939735241975,0.1261939735241975,-0.8715651035308838,0.4182963595522384,0.4182963595522384,0.4182963595522384
qwen3.5:4b,original,Gear_Medium,Medium gear,gear,M16_Hex_Nut,hex_nut,False,False,False,../vlm_four_scene_20260925/input_crops/original/M16_Hex_Nut.png,4ba340c5f9b0438cf39ee0b2a365c9fca0767eaad2c4a4642c4a0ade665bff5c,qwen3.5-4b/responses/original/Gear_Medium/M16_Hex_Nut.json,0.05458039999939501,A,-0.7880403399467468,0.45473504881028454,0.45473504881028454,0.45473504881028454,-2.0699350833892822,0.1261939735241975,0.1261939735241975,0.1261939735241975,-0.8715651035308838,0.4182963595522384,0.4182963595522384,0.4182963595522384
qwen3.5:4b,original,Gear_Small,Small gear,gear,M16_Hex_Nut,hex_nut,False,False,False,../vlm_four_scene_20260925/input_crops/original/M16_Hex_Nut.png,4ba340c5f9b0438cf39ee0b2a365c9fca0767eaad2c4a4642c4a0ade665bff5c,qwen3.5-4b/responses/original/Gear_Small/M16_Hex_Nut.json,0.0530002000159584,A,-0.7880403399467468,0.45473504881028454,0.45473504881028454,0.45473504881028454,-2.0699350833892822,0.1261939735241975,0.1261939735241975,0.1261939735241975,-0.8715651035308838,0.4182963595522384,0.4182963595522384,0.4182963595522384
qwen3.5:4b,original,Waterproof_Male,Waterproof connector,Waterproof_Male,M16_Hex_Nut,hex_nut,False,False,False,../vlm_four_scene_20260925/input_crops/original/M16_Hex_Nut.png,4ba340c5f9b0438cf39ee0b2a365c9fca0767eaad2c4a4642c4a0ade665bff5c,qwen3.5-4b/responses/original/Waterproof_Male/M16_Hex_Nut.json,0.3043838999583386,A,-0.6599677801132202,0.5168679876514586,0.5168679876514586,0.5168679876514586,-1.9137136936187744,0.14753148127264765,0.14753148127264765,0.14753148127264765,-1.0940382480621338,0.334861505832509,0.334861505832509,0.334861505832509
qwen3.5:4b,original,M12_Hex_Nut,M12 hex nut,hex_nut,M16_Hex_Nut,hex_nut,False,True,False,../vlm_four_scene_20260925/input_crops/original/M16_Hex_Nut.png,4ba340c5f9b0438cf39ee0b2a365c9fca0767eaad2c4a4642c4a0ade665bff5c,qwen3.5-4b/responses/original/M12_Hex_Nut/M16_Hex_Nut.json,0.3038179999566637,A,-0.2777478098869324,0.7574878283693869,0.7574878283693869,0.7574878283693869,-2.2882726192474365,0.10144153875967513,0.10144153875967513,0.10144153875967513,-1.9638382196426392,0.14031881159504897,0.14031881159504897,0.14031881159504897
qwen3.5:4b,original,M16_Hex_Nut,M16 hex nut,hex_nut,M16_Hex_Nut,hex_nut,True,True,False,../vlm_four_scene_20260925/input_crops/original/M16_Hex_Nut.png,4ba340c5f9b0438cf39ee0b2a365c9fca0767eaad2c4a4642c4a0ade665bff5c,qwen3.5-4b/responses/original/M16_Hex_Nut/M16_Hex_Nut.json,0.0622016999986954,A,-0.2777478098869324,0.7574878283693869,0.7574878283693869,0.7574878283693869,-2.2882726192474365,0.10144153875967513,0.10144153875967513,0.10144153875967513,-1.9638382196426392,0.14031881159504897,0.14031881159504897,0.14031881159504897
qwen3.5:4b,original,RGOCG16-50_16mm,16 mm round pin,round_pin,M16_Hex_Nut,hex_nut,False,False,False,../vlm_four_scene_20260925/input_crops/original/M16_Hex_Nut.png,4ba340c5f9b0438cf39ee0b2a365c9fca0767eaad2c4a4642c4a0ade665bff5c,qwen3.5-4b/responses/original/RGOCG16-50_16mm/M16_Hex_Nut.json,0.3250778999645263,C,-1.3648834228515625,0.2554104492744591,0.2554104492744591,0.2554104492744591,-1.6200827360153198,0.1978823264111297,0.1978823264111297,0.1978823264111297,-0.6062926054000854,0.5453690238889061,0.5453690238889061,0.5453690238889061
qwen3.5:4b,original,RGOCG12-50_12mm,12 mm round pin,round_pin,M16_Hex_Nut,hex_nut,False,False,False,../vlm_four_scene_20260925/input_crops/original/M16_Hex_Nut.png,4ba340c5f9b0438cf39ee0b2a365c9fca0767eaad2c4a4642c4a0ade665bff5c,qwen3.5-4b/responses/original/RGOCG12-50_12mm/M16_Hex_Nut.json,0.051006300025619566,C,-1.3648834228515625,0.2554104492744591,0.2554104492744591,0.2554104492744591,-1.6200827360153198,0.1978823264111297,0.1978823264111297,0.1978823264111297,-0.6062926054000854,0.5453690238889061,0.5453690238889061,0.5453690238889061
qwen3.5:4b,original,RGOCG8-50_8mm,8 mm round pin,round_pin,M16_Hex_Nut,hex_nut,False,False,False,../vlm_four_scene_20260925/input_crops/original/M16_Hex_Nut.png,4ba340c5f9b0438cf39ee0b2a365c9fca0767eaad2c4a4642c4a0ade665bff5c,qwen3.5-4b/responses/original/RGOCG8-50_8mm/M16_Hex_Nut.json,0.04735329997492954,C,-1.3648834228515625,0.2554104492744591,0.2554104492744591,0.2554104492744591,-1.6200827360153198,0.1978823264111297,0.1978823264111297,0.1978823264111297,-0.6062926054000854,0.5453690238889061,0.5453690238889061,0.5453690238889061
qwen3.5:4b,original,USB_Male,USB connector + cable,USB_Male,M16_Hex_Nut,hex_nut,False,False,False,../vlm_four_scene_20260925/input_crops/original/M16_Hex_Nut.png,4ba340c5f9b0438cf39ee0b2a365c9fca0767eaad2c4a4642c4a0ade665bff5c,qwen3.5-4b/responses/original/USB_Male/M16_Hex_Nut.json,0.31493569997837767,C,-2.8464646339416504,0.0580491836425871,0.0580491836425871,0.0580491836425871,-2.258017063140869,0.10455761046799017,0.10455761046799017,0.10455761046799017,-0.17859311401844025,0.8364461683872462,0.8364461683872462,0.8364461683872462
qwen3.5:4b,original,DSUB_Male,DSUB connector,DSUB_Male,M16_Hex_Nut,hex_nut,False,False,False,../vlm_four_scene_20260925/input_crops/original/M16_Hex_Nut.png,4ba340c5f9b0438cf39ee0b2a365c9fca0767eaad2c4a4642c4a0ade665bff5c,qwen3.5-4b/responses/original/DSUB_Male/M16_Hex_Nut.json,0.31271480000577867,C,-2.0467488765716553,0.12915411773812616,0.12915411773812616,0.12915411773812616,-2.192521810531616,0.11163487135191358,0.11163487135191358,0.11163487135191358,-0.2763935625553131,0.7585143491643285,0.7585143491643285,0.7585143491643285
qwen3.5:4b,original,Gear_Large,Large gear,gear,RGOCG16-50_16mm,round_pin,False,False,False,../vlm_four_scene_20260925/input_crops/original/RGOCG16-50_16mm.png,2bfbdaf2da2c79be29d256e75f2c8aaa2cb945a635fb500fdd25fd9e5a47a015,qwen3.5-4b/responses/original/Gear_Large/RGOCG16-50_16mm.json,0.3243180999998003,C,-3.217628002166748,0.04004994406224495,0.04004994406224495,0.04004994406224495,-3.0406734943389893,0.047802683813307094,0.047802683813307094,0.047802683813307094,-0.0931619256734848,0.9110459666199974,0.9110459666199974,0.9110459666199974
qwen3.5:4b,original,Gear_Medium,Medium gear,gear,RGOCG16-50_16mm,round_pin,False,False,False,../vlm_four_scene_20260925/input_crops/original/RGOCG16-50_16mm.png,2bfbdaf2da2c79be29d256e75f2c8aaa2cb945a635fb500fdd25fd9e5a47a015,qwen3.5-4b/responses/original/Gear_Medium/RGOCG16-50_16mm.json,0.055660300015006214,C,-3.217628002166748,0.04004994406224495,0.04004994406224495,0.04004994406224495,-3.0406734943389893,0.047802683813307094,0.047802683813307094,0.047802683813307094,-0.0931619256734848,0.9110459666199974,0.9110459666199974,0.9110459666199974
qwen3.5:4b,original,Gear_Small,Small gear,gear,RGOCG16-50_16mm,round_pin,False,False,False,../vlm_four_scene_20260925/input_crops/original/RGOCG16-50_16mm.png,2bfbdaf2da2c79be29d256e75f2c8aaa2cb945a635fb500fdd25fd9e5a47a015,qwen3.5-4b/responses/original/Gear_Small/RGOCG16-50_16mm.json,0.049486499978229403,C,-3.217628002166748,0.04004994406224495,0.04004994406224495,0.04004994406224495,-3.0406734943389893,0.047802683813307094,0.047802683813307094,0.047802683813307094,-0.0931619256734848,0.9110459666199974,0.9110459666199974,0.9110459666199974
qwen3.5:4b,original,Waterproof_Male,Waterproof connector,Waterproof_Male,RGOCG16-50_16mm,round_pin,False,False,False,../vlm_four_scene_20260925/input_crops/original/RGOCG16-50_16mm.png,2bfbdaf2da2c79be29d256e75f2c8aaa2cb945a635fb500fdd25fd9e5a47a015,qwen3.5-4b/responses/original/Waterproof_Male/RGOCG16-50_16mm.json,0.3204897999530658,C,-2.639862298965454,0.07137109675362256,0.07137109675362256,0.07137109675362256,-2.6325438022613525,0.07189534189324939,0.07189534189324939,0.07189534189324939,-0.15596024692058563,0.8555932021594892,0.8555932021594892,0.8555932021594892
qwen3.5:4b,original,M12_Hex_Nut,M12 hex nut,hex_nut,RGOCG16-50_16mm,round_pin,False,False,False,../vlm_four_scene_20260925/input_crops/original/RGOCG16-50_16mm.png,2bfbdaf2da2c79be29d256e75f2c8aaa2cb945a635fb500fdd25fd9e5a47a015,qwen3.5-4b/responses/original/M12_Hex_Nut/RGOCG16-50_16mm.json,0.3290071999654174,C,-3.630811929702759,0.026494663868933822,0.026494663868933822,0.026494663868933822,-1.93013596534729,0.14512846469999416,0.14512846469999416,0.14512846469999416,-0.18991689383983612,0.8270278621974279,0.8270278621974279,0.8270278621974279
qwen3.5:4b,original,M16_Hex_Nut,M16 hex nut,hex_nut,RGOCG16-50_16mm,round_pin,False,False,False,../vlm_four_scene_20260925/input_crops/original/RGOCG16-50_16mm.png,2bfbdaf2da2c79be29d256e75f2c8aaa2cb945a635fb500fdd25fd9e5a47a015,qwen3.5-4b/responses/original/M16_Hex_Nut/RGOCG16-50_16mm.json,0.050191599992103875,C,-3.630811929702759,0.026494663868933822,0.026494663868933822,0.026494663868933822,-1.93013596534729,0.14512846469999416,0.14512846469999416,0.14512846469999416,-0.18991689383983612,0.8270278621974279,0.8270278621974279,0.8270278621974279
qwen3.5:4b,original,RGOCG16-50_16mm,16 mm round pin,round_pin,RGOCG16-50_16mm,round_pin,True,True,False,../vlm_four_scene_20260925/input_crops/original/RGOCG16-50_16mm.png,2bfbdaf2da2c79be29d256e75f2c8aaa2cb945a635fb500fdd25fd9e5a47a015,qwen3.5-4b/responses/original/RGOCG16-50_16mm/RGOCG16-50_16mm.json,0.3264580999966711,A,-0.0924370214343071,0.9117066271321583,0.9117066271321583,0.9117066271321583,-3.3334057331085205,0.035671410651648444,0.035671410651648444,0.035671410651648444,-2.9527103900909424,0.05219803700384625,0.05219803700384625,0.05219803700384625
qwen3.5:4b,original,RGOCG12-50_12mm,12 mm round pin,round_pin,RGOCG16-50_16mm,round_pin,False,True,False,../vlm_four_scene_20260925/input_crops/original/RGOCG16-50_16mm.png,2bfbdaf2da2c79be29d256e75f2c8aaa2cb945a635fb500fdd25fd9e5a47a015,qwen3.5-4b/responses/original/RGOCG12-50_12mm/RGOCG16-50_16mm.json,0.05312880000565201,A,-0.0924370214343071,0.9117066271321583,0.9117066271321583,0.9117066271321583,-3.3334057331085205,0.035671410651648444,0.035671410651648444,0.035671410651648444,-2.9527103900909424,0.05219803700384625,0.05219803700384625,0.05219803700384625
qwen3.5:4b,original,RGOCG8-50_8mm,8 mm round pin,round_pin,RGOCG16-50_16mm,round_pin,False,True,False,../vlm_four_scene_20260925/input_crops/original/RGOCG16-50_16mm.png,2bfbdaf2da2c79be29d256e75f2c8aaa2cb945a635fb500fdd25fd9e5a47a015,qwen3.5-4b/responses/original/RGOCG8-50_8mm/RGOCG16-50_16mm.json,0.05168769997544587,A,-0.0924370214343071,0.9117066271321583,0.9117066271321583,0.9117066271321583,-3.3334057331085205,0.035671410651648444,0.035671410651648444,0.035671410651648444,-2.9527103900909424,0.05219803700384625,0.05219803700384625,0.05219803700384625
qwen3.5:4b,original,USB_Male,USB connector + cable,USB_Male,RGOCG16-50_16mm,round_pin,False,False,False,../vlm_four_scene_20260925/input_crops/original/RGOCG16-50_16mm.png,2bfbdaf2da2c79be29d256e75f2c8aaa2cb945a635fb500fdd25fd9e5a47a015,qwen3.5-4b/responses/original/USB_Male/RGOCG16-50_16mm.json,0.3218301000306383,C,-3.4235637187957764,0.03259606449869432,0.03259606449869432,0.03259606449869432,-1.7771726846694946,0.16911561514573878,0.16911561514573878,0.16911561514573878,-0.22632469236850739,0.7974591307310614,0.7974591307310614,0.7974591307310614
qwen3.5:4b,original,DSUB_Male,DSUB connector,DSUB_Male,RGOCG16-50_16mm,round_pin,False,False,False,../vlm_four_scene_20260925/input_crops/original/RGOCG16-50_16mm.png,2bfbdaf2da2c79be29d256e75f2c8aaa2cb945a635fb500fdd25fd9e5a47a015,qwen3.5-4b/responses/original/DSUB_Male/RGOCG16-50_16mm.json,0.30745000002207235,C,-3.5788419246673584,0.027907999113580217,0.027907999113580217,0.027907999113580217,-2.574846029281616,0.0761655491601493,0.0761655491601493,0.0761655491601493,-0.11125536262989044,0.8947102441935405,0.8947102441935405,0.8947102441935405
qwen3.5:4b,original,Gear_Large,Large gear,gear,RGOCG12-50_12mm,round_pin,False,False,False,../vlm_four_scene_20260925/input_crops/original/RGOCG12-50_12mm.png,f7fe97d1f7e7adc98d48fb17d117f16f849894e3866bcd7707469350125ff6d1,qwen3.5-4b/responses/original/Gear_Large/RGOCG12-50_12mm.json,0.319909900019411,C,-3.4034833908081055,0.03325722005943476,0.03325722005943476,0.03325722005943476,-3.319573402404785,0.036168257755246465,0.036168257755246465,0.036168257755246465,-0.07280067354440689,0.9297861425325872,0.9297861425325872,0.9297861425325872
qwen3.5:4b,original,Gear_Medium,Medium gear,gear,RGOCG12-50_12mm,round_pin,False,False,False,../vlm_four_scene_20260925/input_crops/original/RGOCG12-50_12mm.png,f7fe97d1f7e7adc98d48fb17d117f16f849894e3866bcd7707469350125ff6d1,qwen3.5-4b/responses/original/Gear_Medium/RGOCG12-50_12mm.json,0.05169709998881444,C,-3.4034833908081055,0.03325722005943476,0.03325722005943476,0.03325722005943476,-3.319573402404785,0.036168257755246465,0.036168257755246465,0.036168257755246465,-0.07280067354440689,0.9297861425325872,0.9297861425325872,0.9297861425325872
qwen3.5:4b,original,Gear_Small,Small gear,gear,RGOCG12-50_12mm,round_pin,False,False,False,../vlm_four_scene_20260925/input_crops/original/RGOCG12-50_12mm.png,f7fe97d1f7e7adc98d48fb17d117f16f849894e3866bcd7707469350125ff6d1,qwen3.5-4b/responses/original/Gear_Small/RGOCG12-50_12mm.json,0.049706999969203025,C,-3.4034833908081055,0.03325722005943476,0.03325722005943476,0.03325722005943476,-3.319573402404785,0.036168257755246465,0.036168257755246465,0.036168257755246465,-0.07280067354440689,0.9297861425325872,0.9297861425325872,0.9297861425325872
qwen3.5:4b,original,Waterproof_Male,Waterproof connector,Waterproof_Male,RGOCG12-50_12mm,round_pin,False,False,False,../vlm_four_scene_20260925/input_crops/original/RGOCG12-50_12mm.png,f7fe97d1f7e7adc98d48fb17d117f16f849894e3866bcd7707469350125ff6d1,qwen3.5-4b/responses/original/Waterproof_Male/RGOCG12-50_12mm.json,0.3237861000234261,C,-2.762058734893799,0.06316160142321037,0.06316160142321037,0.06316160142321037,-2.975529193878174,0.05102042716114118,0.05102042716114118,0.05102042716114118,-0.12212993204593658,0.8850333668355128,0.8850333668355128,0.8850333668355128
qwen3.5:4b,original,M12_Hex_Nut,M12 hex nut,hex_nut,RGOCG12-50_12mm,round_pin,False,False,False,../vlm_four_scene_20260925/input_crops/original/RGOCG12-50_12mm.png,f7fe97d1f7e7adc98d48fb17d117f16f849894e3866bcd7707469350125ff6d1,qwen3.5-4b/responses/original/M12_Hex_Nut/RGOCG12-50_12mm.json,0.3044946999871172,C,-3.511441230773926,0.029853857119013227,0.029853857119013227,0.029853857119013227,-2.6861183643341064,0.06814494049366912,0.06814494049366912,0.06814494049366912,-0.10374371707439423,0.9014562956762477,0.9014562956762477,0.9014562956762477
qwen3.5:4b,original,M16_Hex_Nut,M16 hex nut,hex_nut,RGOCG12-50_12mm,round_pin,False,False,False,../vlm_four_scene_20260925/input_crops/original/RGOCG12-50_12mm.png,f7fe97d1f7e7adc98d48fb17d117f16f849894e3866bcd7707469350125ff6d1,qwen3.5-4b/responses/original/M16_Hex_Nut/RGOCG12-50_12mm.json,0.051891000010073185,C,-3.511441230773926,0.029853857119013227,0.029853857119013227,0.029853857119013227,-2.6861183643341064,0.06814494049366912,0.06814494049366912,0.06814494049366912,-0.10374371707439423,0.9014562956762477,0.9014562956762477,0.9014562956762477
qwen3.5:4b,original,RGOCG16-50_16mm,16 mm round pin,round_pin,RGOCG12-50_12mm,round_pin,False,True,False,../vlm_four_scene_20260925/input_crops/original/RGOCG12-50_12mm.png,f7fe97d1f7e7adc98d48fb17d117f16f849894e3866bcd7707469350125ff6d1,qwen3.5-4b/responses/original/RGOCG16-50_16mm/RGOCG12-50_12mm.json,0.3179291000124067,A,-0.12426793575286865,0.8831431835459116,0.8831431835459116,0.8831431835459116,-3.18742036819458,0.04127821631381339,0.04127821631381339,0.04127821631381339,-2.5899243354797363,0.07502571665542494,0.07502571665542494,0.07502571665542494
qwen3.5:4b,original,RGOCG12-50_12mm,12 mm round pin,round_pin,RGOCG12-50_12mm,round_pin,True,True,False,../vlm_four_scene_20260925/input_crops/original/RGOCG12-50_12mm.png,f7fe97d1f7e7adc98d48fb17d117f16f849894e3866bcd7707469350125ff6d1,qwen3.5-4b/responses/original/RGOCG12-50_12mm/RGOCG12-50_12mm.json,0.051849500043317676,A,-0.12426793575286865,0.8831431835459116,0.8831431835459116,0.8831431835459116,-3.18742036819458,0.04127821631381339,0.04127821631381339,0.04127821631381339,-2.5899243354797363,0.07502571665542494,0.07502571665542494,0.07502571665542494
qwen3.5:4b,original,RGOCG8-50_8mm,8 mm round pin,round_pin,RGOCG12-50_12mm,round_pin,False,True,False,../vlm_four_scene_20260925/input_crops/original/RGOCG12-50_12mm.png,f7fe97d1f7e7adc98d48fb17d117f16f849894e3866bcd7707469350125ff6d1,qwen3.5-4b/responses/original/RGOCG8-50_8mm/RGOCG12-50_12mm.json,0.05038729996886104,A,-0.12426793575286865,0.8831431835459116,0.8831431835459116,0.8831431835459116,-3.18742036819458,0.04127821631381339,0.04127821631381339,0.04127821631381339,-2.5899243354797363,0.07502571665542494,0.07502571665542494,0.07502571665542494
qwen3.5:4b,original,USB_Male,USB connector + cable,USB_Male,RGOCG12-50_12mm,round_pin,False,False,False,../vlm_four_scene_20260925/input_crops/original/RGOCG12-50_12mm.png,f7fe97d1f7e7adc98d48fb17d117f16f849894e3866bcd7707469350125ff6d1,qwen3.5-4b/responses/original/USB_Male/RGOCG12-50_12mm.json,0.3210871999617666,C,-3.0034520626068115,0.04961549659947275,0.04961549659947275,0.04961549659947275,-2.087554693222046,0.12398995890579534,0.12398995890579534,0.12398995890579534,-0.19192111492156982,0.8253719754566826,0.8253719754566826,0.8253719754566826
qwen3.5:4b,original,DSUB_Male,DSUB connector,DSUB_Male,RGOCG12-50_12mm,round_pin,False,False,False,../vlm_four_scene_20260925/input_crops/original/RGOCG12-50_12mm.png,f7fe97d1f7e7adc98d48fb17d117f16f849894e3866bcd7707469350125ff6d1,qwen3.5-4b/responses/original/DSUB_Male/RGOCG12-50_12mm.json,0.3140335999778472,C,-3.473891496658325,0.030996174149100886,0.030996174149100886,0.030996174149100886,-3.1755459308624268,0.04177129362066722,0.04177129362066722,0.04177129362066722,-0.0763733759522438,0.9264702202712025,0.9264702202712025,0.9264702202712025
qwen3.5:4b,original,Gear_Large,Large gear,gear,RGOCG8-50_8mm,round_pin,False,False,False,../vlm_four_scene_20260925/input_crops/original/RGOCG8-50_8mm.png,7881f6ce4519d317e7889c544a7333e26886e42475e8b63c0556e60bc0ac04ae,qwen3.5-4b/responses/original/Gear_Large/RGOCG8-50_8mm.json,0.32519919995684177,C,-3.233982563018799,0.03940027184752016,0.03940027184752016,0.03940027184752016,-3.3909592628479004,0.03367635692232584,0.03367635692232584,0.03367635692232584,-0.07751327008008957,0.9254147439873872,0.9254147439873872,0.9254147439873872
qwen3.5:4b,original,Gear_Medium,Medium gear,gear,RGOCG8-50_8mm,round_pin,False,False,False,../vlm_four_scene_20260925/input_crops/original/RGOCG8-50_8mm.png,7881f6ce4519d317e7889c544a7333e26886e42475e8b63c0556e60bc0ac04ae,qwen3.5-4b/responses/original/Gear_Medium/RGOCG8-50_8mm.json,0.055543099995702505,C,-3.233982563018799,0.03940027184752016,0.03940027184752016,0.03940027184752016,-3.3909592628479004,0.03367635692232584,0.03367635692232584,0.03367635692232584,-0.07751327008008957,0.9254147439873872,0.9254147439873872,0.9254147439873872
qwen3.5:4b,original,Gear_Small,Small gear,gear,RGOCG8-50_8mm,round_pin,False,False,False,../vlm_four_scene_20260925/input_crops/original/RGOCG8-50_8mm.png,7881f6ce4519d317e7889c544a7333e26886e42475e8b63c0556e60bc0ac04ae,qwen3.5-4b/responses/original/Gear_Small/RGOCG8-50_8mm.json,0.050950300006661564,C,-3.233982563018799,0.03940027184752016,0.03940027184752016,0.03940027184752016,-3.3909592628479004,0.03367635692232584,0.03367635692232584,0.03367635692232584,-0.07751327008008957,0.9254147439873872,0.9254147439873872,0.9254147439873872
qwen3.5:4b,original,Waterproof_Male,Waterproof connector,Waterproof_Male,RGOCG8-50_8mm,round_pin,False,False,False,../vlm_four_scene_20260925/input_crops/original/RGOCG8-50_8mm.png,7881f6ce4519d317e7889c544a7333e26886e42475e8b63c0556e60bc0ac04ae,qwen3.5-4b/responses/original/Waterproof_Male/RGOCG8-50_8mm.json,0.3363291000132449,C,-3.0348191261291504,0.04808335911239658,0.04808335911239658,0.04808335911239658,-3.376669406890869,0.03416104200421004,0.03416104200421004,0.03416104200421004,-0.0876050665974617,0.9161226127083913,0.9161226127083913,0.9161226127083913
qwen3.5:4b,original,M12_Hex_Nut,M12 hex nut,hex_nut,RGOCG8-50_8mm,round_pin,False,False,False,../vlm_four_scene_20260925/input_crops/original/RGOCG8-50_8mm.png,7881f6ce4519d317e7889c544a7333e26886e42475e8b63c0556e60bc0ac04ae,qwen3.5-4b/responses/original/M12_Hex_Nut/RGOCG8-50_8mm.json,0.31977040000492707,C,-3.315319776535034,0.03632243165869016,0.03632243165869016,0.03632243165869016,-2.8744702339172363,0.05644603477905917,0.05644603477905917,0.05644603477905917,-0.09846559166908264,0.9062268738319819,0.9062268738319819,0.9062268738319819
qwen3.5:4b,original,M16_Hex_Nut,M16 hex nut,hex_nut,RGOCG8-50_8mm,round_pin,False,False,False,../vlm_four_scene_20260925/input_crops/original/RGOCG8-50_8mm.png,7881f6ce4519d317e7889c544a7333e26886e42475e8b63c0556e60bc0ac04ae,qwen3.5-4b/responses/original/M16_Hex_Nut/RGOCG8-50_8mm.json,0.06083289999514818,C,-3.315319776535034,0.03632243165869016,0.03632243165869016,0.03632243165869016,-2.8744702339172363,0.05644603477905917,0.05644603477905917,0.05644603477905917,-0.09846559166908264,0.9062268738319819,0.9062268738319819,0.9062268738319819
qwen3.5:4b,original,RGOCG16-50_16mm,16 mm round pin,round_pin,RGOCG8-50_8mm,round_pin,False,True,False,../vlm_four_scene_20260925/input_crops/original/RGOCG8-50_8mm.png,7881f6ce4519d317e7889c544a7333e26886e42475e8b63c0556e60bc0ac04ae,qwen3.5-4b/responses/original/RGOCG16-50_16mm/RGOCG8-50_8mm.json,0.32794859999557957,A,-0.07722926884889603,0.925677600238027,0.925677600238027,0.925677600238027,-3.6705806255340576,0.025461681951271638,0.025461681951271638,0.025461681951271638,-3.029677152633667,0.04833123922084015,0.04833123922084015,0.04833123922084015
qwen3.5:4b,original,RGOCG12-50_12mm,12 mm round pin,round_pin,RGOCG8-50_8mm,round_pin,False,True,False,../vlm_four_scene_20260925/input_crops/original/RGOCG8-50_8mm.png,7881f6ce4519d317e7889c544a7333e26886e42475e8b63c0556e60bc0ac04ae,qwen3.5-4b/responses/original/RGOCG12-50_12mm/RGOCG8-50_8mm.json,0.052901300019584596,A,-0.07722926884889603,0.925677600238027,0.925677600238027,0.925677600238027,-3.6705806255340576,0.025461681951271638,0.025461681951271638,0.025461681951271638,-3.029677152633667,0.04833123922084015,0.04833123922084015,0.04833123922084015
qwen3.5:4b,original,RGOCG8-50_8mm,8 mm round pin,round_pin,RGOCG8-50_8mm,round_pin,True,True,False,../vlm_four_scene_20260925/input_crops/original/RGOCG8-50_8mm.png,7881f6ce4519d317e7889c544a7333e26886e42475e8b63c0556e60bc0ac04ae,qwen3.5-4b/responses/original/RGOCG8-50_8mm/RGOCG8-50_8mm.json,0.05068849999224767,A,-0.07722926884889603,0.925677600238027,0.925677600238027,0.925677600238027,-3.6705806255340576,0.025461681951271638,0.025461681951271638,0.025461681951271638,-3.029677152633667,0.04833123922084015,0.04833123922084015,0.04833123922084015
qwen3.5:4b,original,USB_Male,USB connector + cable,USB_Male,RGOCG8-50_8mm,round_pin,False,False,False,../vlm_four_scene_20260925/input_crops/original/RGOCG8-50_8mm.png,7881f6ce4519d317e7889c544a7333e26886e42475e8b63c0556e60bc0ac04ae,qwen3.5-4b/responses/original/USB_Male/RGOCG8-50_8mm.json,0.3385238000191748,C,-2.9287853240966797,0.053461937648692656,0.053461937648692656,0.053461937648692656,-2.553569793701172,0.07780342748421379,0.07780342748421379,0.07780342748421379,-0.142179474234581,0.8674655547976386,0.8674655547976386,0.8674655547976386
qwen3.5:4b,original,DSUB_Male,DSUB connector,DSUB_Male,RGOCG8-50_8mm,round_pin,False,False,False,../vlm_four_scene_20260925/input_crops/original/RGOCG8-50_8mm.png,7881f6ce4519d317e7889c544a7333e26886e42475e8b63c0556e60bc0ac04ae,qwen3.5-4b/responses/original/DSUB_Male/RGOCG8-50_8mm.json,0.33835669996915385,C,-3.1813602447509766,0.04152912690689806,0.04152912690689806,0.04152912690689806,-3.458759069442749,0.03146878837995766,0.03146878837995766,0.03146878837995766,-0.0770510584115982,0.9258425803481144,0.9258425803481144,0.9258425803481144
qwen3.5:4b,original,Gear_Large,Large gear,gear,USB_Male,USB_Male,False,False,False,../vlm_four_scene_20260925/input_crops/original/USB_Male.png,9655c4c73f92054fa731c1091211eb73e90cf928b613414b530d06f1a9f4647c,qwen3.5-4b/responses/original/Gear_Large/USB_Male.json,0.48731140000745654,C,-3.4627346992492676,0.03134392848970735,0.03134392848970735,0.03134392848970735,-1.7330442667007446,0.17674552960799148,0.17674552960799148,0.17674552960799148,-0.23595863580703735,0.7898133432486628,0.7898133432486628,0.7898133432486628
qwen3.5:4b,original,Gear_Medium,Medium gear,gear,USB_Male,USB_Male,False,False,False,../vlm_four_scene_20260925/input_crops/original/USB_Male.png,9655c4c73f92054fa731c1091211eb73e90cf928b613414b530d06f1a9f4647c,qwen3.5-4b/responses/original/Gear_Medium/USB_Male.json,0.06536049995338544,C,-3.4627346992492676,0.03134392848970735,0.03134392848970735,0.03134392848970735,-1.7330442667007446,0.17674552960799148,0.17674552960799148,0.17674552960799148,-0.23595863580703735,0.7898133432486628,0.7898133432486628,0.7898133432486628
qwen3.5:4b,original,Gear_Small,Small gear,gear,USB_Male,USB_Male,False,False,False,../vlm_four_scene_20260925/input_crops/original/USB_Male.png,9655c4c73f92054fa731c1091211eb73e90cf928b613414b530d06f1a9f4647c,qwen3.5-4b/responses/original/Gear_Small/USB_Male.json,0.06220069999108091,C,-3.4627346992492676,0.03134392848970735,0.03134392848970735,0.03134392848970735,-1.7330442667007446,0.17674552960799148,0.17674552960799148,0.17674552960799148,-0.23595863580703735,0.7898133432486628,0.7898133432486628,0.7898133432486628
qwen3.5:4b,original,Waterproof_Male,Waterproof connector,Waterproof_Male,USB_Male,USB_Male,False,False,False,../vlm_four_scene_20260925/input_crops/original/USB_Male.png,9655c4c73f92054fa731c1091211eb73e90cf928b613414b530d06f1a9f4647c,qwen3.5-4b/responses/original/Waterproof_Male/USB_Male.json,0.40548560000024736,B,-1.2428107261657715,0.2885719801694394,0.2885719801694394,0.2885719801694394,-0.8109717965126038,0.444425964696966,0.444425964696966,0.444425964696966,-1.3228241205215454,0.26638194396514464,0.26638194396514464,0.26638194396514464
qwen3.5:4b,original,M12_Hex_Nut,M12 hex nut,hex_nut,USB_Male,USB_Male,False,False,False,../vlm_four_scene_20260925/input_crops/original/USB_Male.png,9655c4c73f92054fa731c1091211eb73e90cf928b613414b530d06f1a9f4647c,qwen3.5-4b/responses/original/M12_Hex_Nut/USB_Male.json,0.40373139997245744,C,-3.308702230453491,0.03656359409567539,0.03656359409567539,0.03656359409567539,-1.9296224117279053,0.1452030150894893,0.1452030150894893,0.1452030150894893,-0.20365887880325317,0.8157405901377469,0.8157405901377469,0.8157405901377469
qwen3.5:4b,original,M16_Hex_Nut,M16 hex nut,hex_nut,USB_Male,USB_Male,False,False,False,../vlm_four_scene_20260925/input_crops/original/USB_Male.png,9655c4c73f92054fa731c1091211eb73e90cf928b613414b530d06f1a9f4647c,qwen3.5-4b/responses/original/M16_Hex_Nut/USB_Male.json,0.06097099999897182,C,-3.308702230453491,0.03656359409567539,0.03656359409567539,0.03656359409567539,-1.9296224117279053,0.1452030150894893,0.1452030150894893,0.1452030150894893,-0.20365887880325317,0.8157405901377469,0.8157405901377469,0.8157405901377469
qwen3.5:4b,original,RGOCG16-50_16mm,16 mm round pin,round_pin,USB_Male,USB_Male,False,False,False,../vlm_four_scene_20260925/input_crops/original/USB_Male.png,9655c4c73f92054fa731c1091211eb73e90cf928b613414b530d06f1a9f4647c,qwen3.5-4b/responses/original/RGOCG16-50_16mm/USB_Male.json,0.4008056999882683,C,-1.5668721199035645,0.2086969415229547,0.2086969415229547,0.2086969415229547,-1.140251636505127,0.3197385538001507,0.3197385538001507,0.3197385538001507,-0.7535787224769592,0.47067910519555034,0.47067910519555034,0.47067910519555034
qwen3.5:4b,original,RGOCG12-50_12mm,12 mm round pin,round_pin,USB_Male,USB_Male,False,False,False,../vlm_four_scene_20260925/input_crops/original/USB_Male.png,9655c4c73f92054fa731c1091211eb73e90cf928b613414b530d06f1a9f4647c,qwen3.5-4b/responses/original/RGOCG12-50_12mm/USB_Male.json,0.06121369998436421,C,-1.5668721199035645,0.2086969415229547,0.2086969415229547,0.2086969415229547,-1.140251636505127,0.3197385538001507,0.3197385538001507,0.3197385538001507,-0.7535787224769592,0.47067910519555034,0.47067910519555034,0.47067910519555034
qwen3.5:4b,original,RGOCG8-50_8mm,8 mm round pin,round_pin,USB_Male,USB_Male,False,False,False,../vlm_four_scene_20260925/input_crops/original/USB_Male.png,9655c4c73f92054fa731c1091211eb73e90cf928b613414b530d06f1a9f4647c,qwen3.5-4b/responses/original/RGOCG8-50_8mm/USB_Male.json,0.057062000036239624,C,-1.5668721199035645,0.2086969415229547,0.2086969415229547,0.2086969415229547,-1.140251636505127,0.3197385538001507,0.3197385538001507,0.3197385538001507,-0.7535787224769592,0.47067910519555034,0.47067910519555034,0.47067910519555034
qwen3.5:4b,original,USB_Male,USB connector + cable,USB_Male,USB_Male,USB_Male,True,True,False,../vlm_four_scene_20260925/input_crops/original/USB_Male.png,9655c4c73f92054fa731c1091211eb73e90cf928b613414b530d06f1a9f4647c,qwen3.5-4b/responses/original/USB_Male/USB_Male.json,0.4018768999958411,A,-0.13172723352909088,0.8765800641234416,0.8765800641234416,0.8765800641234416,-2.3422927856445312,0.09610703260173709,0.09610703260173709,0.09610703260173709,-3.6236324310302734,0.02668556674647683,0.02668556674647683,0.02668556674647683
qwen3.5:4b,original,DSUB_Male,DSUB connector,DSUB_Male,USB_Male,USB_Male,False,False,False,../vlm_four_scene_20260925/input_crops/original/USB_Male.png,9655c4c73f92054fa731c1091211eb73e90cf928b613414b530d06f1a9f4647c,qwen3.5-4b/responses/original/DSUB_Male/USB_Male.json,0.39772479998646304,A,-0.28415605425834656,0.7526491814313091,0.7526491814313091,0.7526491814313091,-1.8375388383865356,0.1592087828581633,0.1592087828581633,0.1592087828581633,-2.4541008472442627,0.08594043428952203,0.08594043428952203,0.08594043428952203
qwen3.5:4b,original,Gear_Large,Large gear,gear,DSUB_Male,DSUB_Male,False,False,False,../vlm_four_scene_20260925/input_crops/original/DSUB_Male.png,c494876a69ee4e893be510f226d6b6c3e9653d4b052ec114fbb8385c85d6a131,qwen3.5-4b/responses/original/Gear_Large/DSUB_Male.json,0.33910119999200106,C,-2.9580042362213135,0.05192243875862447,0.05192243875862447,0.05192243875862447,-1.1841356754302979,0.3060105576715615,0.3060105576715615,0.3060105576715615,-0.4467471241950989,0.6397056539052918,0.6397056539052918,0.6397056539052918
qwen3.5:4b,original,Gear_Medium,Medium gear,gear,DSUB_Male,DSUB_Male,False,False,False,../vlm_four_scene_20260925/input_crops/original/DSUB_Male.png,c494876a69ee4e893be510f226d6b6c3e9653d4b052ec114fbb8385c85d6a131,qwen3.5-4b/responses/original/Gear_Medium/DSUB_Male.json,0.05190910003148019,C,-2.9580042362213135,0.05192243875862447,0.05192243875862447,0.05192243875862447,-1.1841356754302979,0.3060105576715615,0.3060105576715615,0.3060105576715615,-0.4467471241950989,0.6397056539052918,0.6397056539052918,0.6397056539052918
qwen3.5:4b,original,Gear_Small,Small gear,gear,DSUB_Male,DSUB_Male,False,False,False,../vlm_four_scene_20260925/input_crops/original/DSUB_Male.png,c494876a69ee4e893be510f226d6b6c3e9653d4b052ec114fbb8385c85d6a131,qwen3.5-4b/responses/original/Gear_Small/DSUB_Male.json,0.05341320001753047,C,-2.9580042362213135,0.05192243875862447,0.05192243875862447,0.05192243875862447,-1.1841356754302979,0.3060105576715615,0.3060105576715615,0.3060105576715615,-0.4467471241950989,0.6397056539052918,0.6397056539052918,0.6397056539052918
qwen3.5:4b,original,Waterproof_Male,Waterproof connector,Waterproof_Male,DSUB_Male,DSUB_Male,False,False,False,../vlm_four_scene_20260925/input_crops/original/DSUB_Male.png,c494876a69ee4e893be510f226d6b6c3e9653d4b052ec114fbb8385c85d6a131,qwen3.5-4b/responses/original/Waterproof_Male/DSUB_Male.json,0.3542718999669887,A,-0.15893538296222687,0.8530514788479018,0.8530514788479018,0.8530514788479018,-2.5864903926849365,0.07528379353157051,0.07528379353157051,0.07528379353157051,-2.6438615322113037,0.07108623708049751,0.07108623708049751,0.07108623708049751
qwen3.5:4b,original,M12_Hex_Nut,M12 hex nut,hex_nut,DSUB_Male,DSUB_Male,False,False,False,../vlm_four_scene_20260925/input_crops/original/DSUB_Male.png,c494876a69ee4e893be510f226d6b6c3e9653d4b052ec114fbb8385c85d6a131,qwen3.5-4b/responses/original/M12_Hex_Nut/DSUB_Male.json,0.3456107000238262,C,-2.767106294631958,0.06284359272599857,0.06284359272599857,0.06284359272599857,-1.4055949449539185,0.2452211199772214,0.2452211199772214,0.2452211199772214,-0.37124744057655334,0.6898732178109049,0.6898732178109049,0.6898732178109049
qwen3.5:4b,original,M16_Hex_Nut,M16 hex nut,hex_nut,DSUB_Male,DSUB_Male,False,False,False,../vlm_four_scene_20260925/input_crops/original/DSUB_Male.png,c494876a69ee4e893be510f226d6b6c3e9653d4b052ec114fbb8385c85d6a131,qwen3.5-4b/responses/original/M16_Hex_Nut/DSUB_Male.json,0.05322090000845492,C,-2.767106294631958,0.06284359272599857,0.06284359272599857,0.06284359272599857,-1.4055949449539185,0.2452211199772214,0.2452211199772214,0.2452211199772214,-0.37124744057655334,0.6898732178109049,0.6898732178109049,0.6898732178109049
qwen3.5:4b,original,RGOCG16-50_16mm,16 mm round pin,round_pin,DSUB_Male,DSUB_Male,False,False,False,../vlm_four_scene_20260925/input_crops/original/DSUB_Male.png,c494876a69ee4e893be510f226d6b6c3e9653d4b052ec114fbb8385c85d6a131,qwen3.5-4b/responses/original/RGOCG16-50_16mm/DSUB_Male.json,0.33400540001457557,C,-1.803043007850647,0.16479664695663956,0.16479664695663956,0.16479664695663956,-0.9656826853752136,0.3807231968408593,0.3807231968408593,0.3807231968408593,-0.7919690012931824,0.45295205348684314,0.45295205348684314,0.45295205348684314
qwen3.5:4b,original,RGOCG12-50_12mm,12 mm round pin,round_pin,DSUB_Male,DSUB_Male,False,False,False,../vlm_four_scene_20260925/input_crops/original/DSUB_Male.png,c494876a69ee4e893be510f226d6b6c3e9653d4b052ec114fbb8385c85d6a131,qwen3.5-4b/responses/original/RGOCG12-50_12mm/DSUB_Male.json,0.06019049999304116,C,-1.803043007850647,0.16479664695663956,0.16479664695663956,0.16479664695663956,-0.9656826853752136,0.3807231968408593,0.3807231968408593,0.3807231968408593,-0.7919690012931824,0.45295205348684314,0.45295205348684314,0.45295205348684314
qwen3.5:4b,original,RGOCG8-50_8mm,8 mm round pin,round_pin,DSUB_Male,DSUB_Male,False,False,False,../vlm_four_scene_20260925/input_crops/original/DSUB_Male.png,c494876a69ee4e893be510f226d6b6c3e9653d4b052ec114fbb8385c85d6a131,qwen3.5-4b/responses/original/RGOCG8-50_8mm/DSUB_Male.json,0.052320699964184314,C,-1.803043007850647,0.16479664695663956,0.16479664695663956,0.16479664695663956,-0.9656826853752136,0.3807231968408593,0.3807231968408593,0.3807231968408593,-0.7919690012931824,0.45295205348684314,0.45295205348684314,0.45295205348684314
qwen3.5:4b,original,USB_Male,USB connector + cable,USB_Male,DSUB_Male,DSUB_Male,False,False,False,../vlm_four_scene_20260925/input_crops/original/DSUB_Male.png,c494876a69ee4e893be510f226d6b6c3e9653d4b052ec114fbb8385c85d6a131,qwen3.5-4b/responses/original/USB_Male/DSUB_Male.json,0.3574384999810718,C,-1.1221007108688354,0.32559509454244173,0.32559509454244173,0.32559509454244173,-1.3297499418258667,0.26454340427033496,0.26454340427033496,0.26454340427033496,-0.8934820890426636,0.4092282995572601,0.4092282995572601,0.4092282995572601
qwen3.5:4b,original,DSUB_Male,DSUB connector,DSUB_Male,DSUB_Male,DSUB_Male,True,True,False,../vlm_four_scene_20260925/input_crops/original/DSUB_Male.png,c494876a69ee4e893be510f226d6b6c3e9653d4b052ec114fbb8385c85d6a131,qwen3.5-4b/responses/original/DSUB_Male/DSUB_Male.json,0.34767699998337775,A,-0.1755976527929306,0.8389554668286853,0.8389554668286853,0.8389554668286853,-2.392695903778076,0.09138299174509253,0.09138299174509253,0.09138299174509253,-2.722682476043701,0.06569828377074137,0.06569828377074137,0.06569828377074137
qwen3.5:4b,state_101,Gear_Large,Large gear,gear,Gear_Large,gear,True,True,False,../vlm_four_scene_20260925/input_crops/state_101/Gear_Large.png,051e75a5b0096989b516c484271d98c52e09d06625bc3ea201ac2f884e2c93a0,qwen3.5-4b/responses/state_101/Gear_Large/Gear_Large.json,0.3537574000074528,A,-0.11634057015180588,0.8901720056518654,0.8901720056518654,0.8901720056518654,-2.9451522827148438,0.052594050041689225,0.052594050041689225,0.052594050041689225,-2.870525360107422,0.05666914704886195,0.05666914704886195,0.05666914704886195
qwen3.5:4b,state_101,Gear_Medium,Medium gear,gear,Gear_Large,gear,False,True,False,../vlm_four_scene_20260925/input_crops/state_101/Gear_Large.png,051e75a5b0096989b516c484271d98c52e09d06625bc3ea201ac2f884e2c93a0,qwen3.5-4b/responses/state_101/Gear_Medium/Gear_Large.json,0.05314329999964684,A,-0.11634057015180588,0.8901720056518654,0.8901720056518654,0.8901720056518654,-2.9451522827148438,0.052594050041689225,0.052594050041689225,0.052594050041689225,-2.870525360107422,0.05666914704886195,0.05666914704886195,0.05666914704886195
qwen3.5:4b,state_101,Gear_Small,Small gear,gear,Gear_Large,gear,False,True,False,../vlm_four_scene_20260925/input_crops/state_101/Gear_Large.png,051e75a5b0096989b516c484271d98c52e09d06625bc3ea201ac2f884e2c93a0,qwen3.5-4b/responses/state_101/Gear_Small/Gear_Large.json,0.05043850000947714,A,-0.11634057015180588,0.8901720056518654,0.8901720056518654,0.8901720056518654,-2.9451522827148438,0.052594050041689225,0.052594050041689225,0.052594050041689225,-2.870525360107422,0.05666914704886195,0.05666914704886195,0.05666914704886195
qwen3.5:4b,state_101,Waterproof_Male,Waterproof connector,Waterproof_Male,Gear_Large,gear,False,False,False,../vlm_four_scene_20260925/input_crops/state_101/Gear_Large.png,051e75a5b0096989b516c484271d98c52e09d06625bc3ea201ac2f884e2c93a0,qwen3.5-4b/responses/state_101/Waterproof_Male/Gear_Large.json,0.3377444999641739,C,-2.821805238723755,0.05949843681908875,0.05949843681908875,0.05949843681908875,-1.0423290729522705,0.3526324181470813,0.3526324181470813,0.3526324181470813,-0.5328648090362549,0.586921141916546,0.586921141916546,0.586921141916546
qwen3.5:4b,state_101,M12_Hex_Nut,M12 hex nut,hex_nut,Gear_Large,gear,False,False,False,../vlm_four_scene_20260925/input_crops/state_101/Gear_Large.png,051e75a5b0096989b516c484271d98c52e09d06625bc3ea201ac2f884e2c93a0,qwen3.5-4b/responses/state_101/M12_Hex_Nut/Gear_Large.json,0.40324580000014976,B,-3.145674705505371,0.04303787635649736,0.04303787635649736,0.04303787635649736,-0.2866658866405487,0.7507625267272271,0.7507625267272271,0.7507625267272271,-1.586012840270996,0.204740318825372,0.204740318825372,0.204740318825372
qwen3.5:4b,state_101,M16_Hex_Nut,M16 hex nut,hex_nut,Gear_Large,gear,False,False,False,../vlm_four_scene_20260925/input_crops/state_101/Gear_Large.png,051e75a5b0096989b516c484271d98c52e09d06625bc3ea201ac2f884e2c93a0,qwen3.5-4b/responses/state_101/M16_Hex_Nut/Gear_Large.json,0.056504600041080266,B,-3.145674705505371,0.04303787635649736,0.04303787635649736,0.04303787635649736,-0.2866658866405487,0.7507625267272271,0.7507625267272271,0.7507625267272271,-1.586012840270996,0.204740318825372,0.204740318825372,0.204740318825372
qwen3.5:4b,state_101,RGOCG16-50_16mm,16 mm round pin,round_pin,Gear_Large,gear,False,False,False,../vlm_four_scene_20260925/input_crops/state_101/Gear_Large.png,051e75a5b0096989b516c484271d98c52e09d06625bc3ea201ac2f884e2c93a0,qwen3.5-4b/responses/state_101/RGOCG16-50_16mm/Gear_Large.json,0.39098640001611784,C,-3.1202120780944824,0.04414780464451758,0.04414780464451758,0.04414780464451758,-1.21016263961792,0.2981487846819867,0.2981487846819867,0.2981487846819867,-0.42068246006965637,0.6565985645721885,0.6565985645721885,0.6565985645721885
qwen3.5:4b,state_101,RGOCG12-50_12mm,12 mm round pin,round_pin,Gear_Large,gear,False,False,False,../vlm_four_scene_20260925/input_crops/state_101/Gear_Large.png,051e75a5b0096989b516c484271d98c52e09d06625bc3ea201ac2f884e2c93a0,qwen3.5-4b/responses/state_101/RGOCG12-50_12mm/Gear_Large.json,0.06308699998771772,C,-3.1202120780944824,0.04414780464451758,0.04414780464451758,0.04414780464451758,-1.21016263961792,0.2981487846819867,0.2981487846819867,0.2981487846819867,-0.42068246006965637,0.6565985645721885,0.6565985645721885,0.6565985645721885
qwen3.5:4b,state_101,RGOCG8-50_8mm,8 mm round pin,round_pin,Gear_Large,gear,False,False,False,../vlm_four_scene_20260925/input_crops/state_101/Gear_Large.png,051e75a5b0096989b516c484271d98c52e09d06625bc3ea201ac2f884e2c93a0,qwen3.5-4b/responses/state_101/RGOCG8-50_8mm/Gear_Large.json,0.05687889998080209,C,-3.1202120780944824,0.04414780464451758,0.04414780464451758,0.04414780464451758,-1.21016263961792,0.2981487846819867,0.2981487846819867,0.2981487846819867,-0.42068246006965637,0.6565985645721885,0.6565985645721885,0.6565985645721885
qwen3.5:4b,state_101,USB_Male,USB connector + cable,USB_Male,Gear_Large,gear,False,False,False,../vlm_four_scene_20260925/input_crops/state_101/Gear_Large.png,051e75a5b0096989b516c484271d98c52e09d06625bc3ea201ac2f884e2c93a0,qwen3.5-4b/responses/state_101/USB_Male/Gear_Large.json,0.3802723999833688,C,-4.160025596618652,0.01560715842438755,0.01560715842438755,0.01560715842438755,-2.3211605548858643,0.09815959987058095,0.09815959987058095,0.09815959987058095,-0.12195692956447601,0.8851864930493764,0.8851864930493764,0.8851864930493764
qwen3.5:4b,state_101,DSUB_Male,DSUB connector,DSUB_Male,Gear_Large,gear,False,False,False,../vlm_four_scene_20260925/input_crops/state_101/Gear_Large.png,051e75a5b0096989b516c484271d98c52e09d06625bc3ea201ac2f884e2c93a0,qwen3.5-4b/responses/state_101/DSUB_Male/Gear_Large.json,0.3694194999989122,C,-3.5502231121063232,0.02871823155427172,0.02871823155427172,0.02871823155427172,-2.746605634689331,0.0641452244175445,0.0641452244175445,0.0641452244175445,-0.0986984521150589,0.9060158740056959,0.9060158740056959,0.9060158740056959
qwen3.5:4b,state_101,Gear_Large,Large gear,gear,Gear_Medium,gear,False,True,False,../vlm_four_scene_20260925/input_crops/state_101/Gear_Medium.png,e7ecdd04abe922e5d362f2904407adcbef08b8607f7d1cce909e4ade3e9c65a5,qwen3.5-4b/responses/state_101/Gear_Large/Gear_Medium.json,0.3586590000195429,A,-0.09556962549686432,0.908855079964167,0.908855079964167,0.908855079964167,-2.949953079223633,0.052342161825685705,0.052342161825685705,0.052342161825685705,-3.260679244995117,0.03836233174402318,0.03836233174402318,0.03836233174402318
qwen3.5:4b,state_101,Gear_Medium,Medium gear,gear,Gear_Medium,gear,True,True,False,../vlm_four_scene_20260925/input_crops/state_101/Gear_Medium.png,e7ecdd04abe922e5d362f2904407adcbef08b8607f7d1cce909e4ade3e9c65a5,qwen3.5-4b/responses/state_101/Gear_Medium/Gear_Medium.json,0.07616980001330376,A,-0.09556962549686432,0.908855079964167,0.908855079964167,0.908855079964167,-2.949953079223633,0.052342161825685705,0.052342161825685705,0.052342161825685705,-3.260679244995117,0.03836233174402318,0.03836233174402318,0.03836233174402318
qwen3.5:4b,state_101,Gear_Small,Small gear,gear,Gear_Medium,gear,False,True,False,../vlm_four_scene_20260925/input_crops/state_101/Gear_Medium.png,e7ecdd04abe922e5d362f2904407adcbef08b8607f7d1cce909e4ade3e9c65a5,qwen3.5-4b/responses/state_101/Gear_Small/Gear_Medium.json,0.05398490000516176,A,-0.09556962549686432,0.908855079964167,0.908855079964167,0.908855079964167,-2.949953079223633,0.052342161825685705,0.052342161825685705,0.052342161825685705,-3.260679244995117,0.03836233174402318,0.03836233174402318,0.03836233174402318
qwen3.5:4b,state_101,Waterproof_Male,Waterproof connector,Waterproof_Male,Gear_Medium,gear,False,False,False,../vlm_four_scene_20260925/input_crops/state_101/Gear_Medium.png,e7ecdd04abe922e5d362f2904407adcbef08b8607f7d1cce909e4ade3e9c65a5,qwen3.5-4b/responses/state_101/Waterproof_Male/Gear_Medium.json,0.36238450004020706,C,-2.566357374191284,0.07681484415851823,0.07681484415851823,0.07681484415851823,-1.4569480419158936,0.23294613278336113,0.23294613278336113,0.23294613278336113,-0.37296366691589355,0.6886902546303385,0.6886902546303385,0.6886902546303385
qwen3.5:4b,state_101,M12_Hex_Nut,M12 hex nut,hex_nut,Gear_Medium,gear,False,False,False,../vlm_four_scene_20260925/input_crops/state_101/Gear_Medium.png,e7ecdd04abe922e5d362f2904407adcbef08b8607f7d1cce909e4ade3e9c65a5,qwen3.5-4b/responses/state_101/M12_Hex_Nut/Gear_Medium.json,0.36562170000979677,B,-3.0283901691436768,0.0483934807711009,0.0483934807711009,0.0483934807711009,-0.32158589363098145,0.7249983546118157,0.7249983546118157,0.7249983546118157,-1.4933922290802002,0.22460943510459128,0.22460943510459128,0.22460943510459128
qwen3.5:4b,state_101,M16_Hex_Nut,M16 hex nut,hex_nut,Gear_Medium,gear,False,False,False,../vlm_four_scene_20260925/input_crops/state_101/Gear_Medium.png,e7ecdd04abe922e5d362f2904407adcbef08b8607f7d1cce909e4ade3e9c65a5,qwen3.5-4b/responses/state_101/M16_Hex_Nut/Gear_Medium.json,0.05414840002777055,B,-3.0283901691436768,0.0483934807711009,0.0483934807711009,0.0483934807711009,-0.32158589363098145,0.7249983546118157,0.7249983546118157,0.7249983546118157,-1.4933922290802002,0.22460943510459128,0.22460943510459128,0.22460943510459128
qwen3.5:4b,state_101,RGOCG16-50_16mm,16 mm round pin,round_pin,Gear_Medium,gear,False,False,False,../vlm_four_scene_20260925/input_crops/state_101/Gear_Medium.png,e7ecdd04abe922e5d362f2904407adcbef08b8607f7d1cce909e4ade3e9c65a5,qwen3.5-4b/responses/state_101/RGOCG16-50_16mm/Gear_Medium.json,0.35467199998674914,C,-3.449083089828491,0.031774757623706934,0.031774757623706934,0.031774757623706934,-0.9766958355903625,0.3765532394149981,0.3765532394149981,0.3765532394149981,-0.5280779004096985,0.589737415037155,0.589737415037155,0.589737415037155
qwen3.5:4b,state_101,RGOCG12-50_12mm,12 mm round pin,round_pin,Gear_Medium,gear,False,False,False,../vlm_four_scene_20260925/input_crops/state_101/Gear_Medium.png,e7ecdd04abe922e5d362f2904407adcbef08b8607f7d1cce909e4ade3e9c65a5,qwen3.5-4b/responses/state_101/RGOCG12-50_12mm/Gear_Medium.json,0.049484700022730976,C,-3.449083089828491,0.031774757623706934,0.031774757623706934,0.031774757623706934,-0.9766958355903625,0.3765532394149981,0.3765532394149981,0.3765532394149981,-0.5280779004096985,0.589737415037155,0.589737415037155,0.589737415037155
qwen3.5:4b,state_101,RGOCG8-50_8mm,8 mm round pin,round_pin,Gear_Medium,gear,False,False,False,../vlm_four_scene_20260925/input_crops/state_101/Gear_Medium.png,e7ecdd04abe922e5d362f2904407adcbef08b8607f7d1cce909e4ade3e9c65a5,qwen3.5-4b/responses/state_101/RGOCG8-50_8mm/Gear_Medium.json,0.04770459997234866,C,-3.449083089828491,0.031774757623706934,0.031774757623706934,0.031774757623706934,-0.9766958355903625,0.3765532394149981,0.3765532394149981,0.3765532394149981,-0.5280779004096985,0.589737415037155,0.589737415037155,0.589737415037155
qwen3.5:4b,state_101,USB_Male,USB connector + cable,USB_Male,Gear_Medium,gear,False,False,False,../vlm_four_scene_20260925/input_crops/state_101/Gear_Medium.png,e7ecdd04abe922e5d362f2904407adcbef08b8607f7d1cce909e4ade3e9c65a5,qwen3.5-4b/responses/state_101/USB_Male/Gear_Medium.json,0.34060529997805133,C,-4.130945205688477,0.01606768437610811,0.01606768437610811,0.01606768437610811,-1.5790233612060547,0.20617635974029133,0.20617635974029133,0.20617635974029133,-0.2536487281322479,0.7759643286172373,0.7759643286172373,0.7759643286172373
qwen3.5:4b,state_101,DSUB_Male,DSUB connector,DSUB_Male,Gear_Medium,gear,False,False,False,../vlm_four_scene_20260925/input_crops/state_101/Gear_Medium.png,e7ecdd04abe922e5d362f2904407adcbef08b8607f7d1cce909e4ade3e9c65a5,qwen3.5-4b/responses/state_101/DSUB_Male/Gear_Medium.json,0.3637000999879092,C,-3.493865728378296,0.030383191691038314,0.030383191691038314,0.030383191691038314,-1.9157979488372803,0.14722430823761157,0.14722430823761157,0.14722430823761157,-0.1968037337064743,0.8213518211718907,0.8213518211718907,0.8213518211718907
qwen3.5:4b,state_101,Gear_Large,Large gear,gear,Gear_Small,gear,False,True,False,../vlm_four_scene_20260925/input_crops/state_101/Gear_Small.png,ed6418c5d55144cdb439a1f7f42e39e3f0a71a284b9bf1a812a11671951db9fe,qwen3.5-4b/responses/state_101/Gear_Large/Gear_Small.json,0.37046599999303,A,-0.08224527537822723,0.9210460210778294,0.9210460210778294,0.9210460210778294,-3.567488193511963,0.028226664630722986,0.028226664630722986,0.028226664630722986,-2.9855237007141113,0.05051304290436922,0.05051304290436922,0.05051304290436922
qwen3.5:4b,state_101,Gear_Medium,Medium gear,gear,Gear_Small,gear,False,True,False,../vlm_four_scene_20260925/input_crops/state_101/Gear_Small.png,ed6418c5d55144cdb439a1f7f42e39e3f0a71a284b9bf1a812a11671951db9fe,qwen3.5-4b/responses/state_101/Gear_Medium/Gear_Small.json,0.05251090001547709,A,-0.08224527537822723,0.9210460210778294,0.9210460210778294,0.9210460210778294,-3.567488193511963,0.028226664630722986,0.028226664630722986,0.028226664630722986,-2.9855237007141113,0.05051304290436922,0.05051304290436922,0.05051304290436922
qwen3.5:4b,state_101,Gear_Small,Small gear,gear,Gear_Small,gear,True,True,False,../vlm_four_scene_20260925/input_crops/state_101/Gear_Small.png,ed6418c5d55144cdb439a1f7f42e39e3f0a71a284b9bf1a812a11671951db9fe,qwen3.5-4b/responses/state_101/Gear_Small/Gear_Small.json,0.050624200026504695,A,-0.08224527537822723,0.9210460210778294,0.9210460210778294,0.9210460210778294,-3.567488193511963,0.028226664630722986,0.028226664630722986,0.028226664630722986,-2.9855237007141113,0.05051304290436922,0.05051304290436922,0.05051304290436922
qwen3.5:4b,state_101,Waterproof_Male,Waterproof connector,Waterproof_Male,Gear_Small,gear,False,False,False,../vlm_four_scene_20260925/input_crops/state_101/Gear_Small.png,ed6418c5d55144cdb439a1f7f42e39e3f0a71a284b9bf1a812a11671951db9fe,qwen3.5-4b/responses/state_101/Waterproof_Male/Gear_Small.json,0.35676840000087395,C,-1.6593595743179321,0.1902607889881461,0.1902607889881461,0.1902607889881461,-1.4785887002944946,0.22795918019367764,0.22795918019367764,0.22795918019367764,-0.5423399209976196,0.5813862615987747,0.5813862615987747,0.5813862615987747
qwen3.5:4b,state_101,M12_Hex_Nut,M12 hex nut,hex_nut,Gear_Small,gear,False,False,False,../vlm_four_scene_20260925/input_crops/state_101/Gear_Small.png,ed6418c5d55144cdb439a1f7f42e39e3f0a71a284b9bf1a812a11671951db9fe,qwen3.5-4b/responses/state_101/M12_Hex_Nut/Gear_Small.json,0.3523470999789424,B,-2.848947763442993,0.05790521881778025,0.05790521881778025,0.05790521881778025,-0.5652642250061035,0.5682099916325375,0.5682099916325375,0.5682099916325375,-0.9852298498153687,0.3733534018631146,0.3733534018631146,0.3733534018631146
qwen3.5:4b,state_101,M16_Hex_Nut,M16 hex nut,hex_nut,Gear_Small,gear,False,False,False,../vlm_four_scene_20260925/input_crops/state_101/Gear_Small.png,ed6418c5d55144cdb439a1f7f42e39e3f0a71a284b9bf1a812a11671951db9fe,qwen3.5-4b/responses/state_101/M16_Hex_Nut/Gear_Small.json,0.05327430000761524,B,-2.848947763442993,0.05790521881778025,0.05790521881778025,0.05790521881778025,-0.5652642250061035,0.5682099916325375,0.5682099916325375,0.5682099916325375,-0.9852298498153687,0.3733534018631146,0.3733534018631146,0.3733534018631146
qwen3.5:4b,state_101,RGOCG16-50_16mm,16 mm round pin,round_pin,Gear_Small,gear,False,False,False,../vlm_four_scene_20260925/input_crops/state_101/Gear_Small.png,ed6418c5d55144cdb439a1f7f42e39e3f0a71a284b9bf1a812a11671951db9fe,qwen3.5-4b/responses/state_101/RGOCG16-50_16mm/Gear_Small.json,0.3680348999914713,C,-3.0792713165283203,0.04599275860441322,0.04599275860441322,0.04599275860441322,-1.4589786529541016,0.23247358973276355,0.23247358973276355,0.23247358973276355,-0.3270283341407776,0.7210633120277684,0.7210633120277684,0.7210633120277684
qwen3.5:4b,state_101,RGOCG12-50_12mm,12 mm round pin,round_pin,Gear_Small,gear,False,False,False,../vlm_four_scene_20260925/input_crops/state_101/Gear_Small.png,ed6418c5d55144cdb439a1f7f42e39e3f0a71a284b9bf1a812a11671951db9fe,qwen3.5-4b/responses/state_101/RGOCG12-50_12mm/Gear_Small.json,0.05252620001556352,C,-3.0792713165283203,0.04599275860441322,0.04599275860441322,0.04599275860441322,-1.4589786529541016,0.23247358973276355,0.23247358973276355,0.23247358973276355,-0.3270283341407776,0.7210633120277684,0.7210633120277684,0.7210633120277684
qwen3.5:4b,state_101,RGOCG8-50_8mm,8 mm round pin,round_pin,Gear_Small,gear,False,False,False,../vlm_four_scene_20260925/input_crops/state_101/Gear_Small.png,ed6418c5d55144cdb439a1f7f42e39e3f0a71a284b9bf1a812a11671951db9fe,qwen3.5-4b/responses/state_101/RGOCG8-50_8mm/Gear_Small.json,0.04952409997349605,C,-3.0792713165283203,0.04599275860441322,0.04599275860441322,0.04599275860441322,-1.4589786529541016,0.23247358973276355,0.23247358973276355,0.23247358973276355,-0.3270283341407776,0.7210633120277684,0.7210633120277684,0.7210633120277684
qwen3.5:4b,state_101,USB_Male,USB connector + cable,USB_Male,Gear_Small,gear,False,False,False,../vlm_four_scene_20260925/input_crops/state_101/Gear_Small.png,ed6418c5d55144cdb439a1f7f42e39e3f0a71a284b9bf1a812a11671951db9fe,qwen3.5-4b/responses/state_101/USB_Male/Gear_Small.json,0.3593801999813877,C,-3.833911418914795,0.021624866082182916,0.021624866082182916,0.021624866082182916,-2.1653876304626465,0.11470546264694036,0.11470546264694036,0.11470546264694036,-0.1472124308347702,0.8631106066335386,0.8631106066335386,0.8631106066335386
qwen3.5:4b,state_101,DSUB_Male,DSUB connector,DSUB_Male,Gear_Small,gear,False,False,False,../vlm_four_scene_20260925/input_crops/state_101/Gear_Small.png,ed6418c5d55144cdb439a1f7f42e39e3f0a71a284b9bf1a812a11671951db9fe,qwen3.5-4b/responses/state_101/DSUB_Male/Gear_Small.json,0.376080300018657,C,-3.5104260444641113,0.029884179735003708,0.029884179735003708,0.029884179735003708,-2.9655823707580566,0.051530450677370596,0.051530450677370596,0.051530450677370596,-0.08540774136781693,0.9181378452886045,0.9181378452886045,0.9181378452886045
qwen3.5:4b,state_101,Gear_Large,Large gear,gear,Waterproof_Male,Waterproof_Male,False,False,False,../vlm_four_scene_20260925/input_crops/state_101/Waterproof_Male.png,8e27ec495e8bd49a326cc5c753e41d2240a99cc4d77374a337104a466e01f88f,qwen3.5-4b/responses/state_101/Gear_Large/Waterproof_Male.json,0.37160820001736283,C,-2.781038761138916,0.061974097645733084,0.061974097645733084,0.061974097645733084,-0.966522753238678,0.3804034978215553,0.3804034978215553,0.3804034978215553,-0.5874142646789551,0.5557624830959641,0.5557624830959641,0.5557624830959641
qwen3.5:4b,state_101,Gear_Medium,Medium gear,gear,Waterproof_Male,Waterproof_Male,False,False,False,../vlm_four_scene_20260925/input_crops/state_101/Waterproof_Male.png,8e27ec495e8bd49a326cc5c753e41d2240a99cc4d77374a337104a466e01f88f,qwen3.5-4b/responses/state_101/Gear_Medium/Waterproof_Male.json,0.05114220001269132,C,-2.781038761138916,0.061974097645733084,0.061974097645733084,0.061974097645733084,-0.966522753238678,0.3804034978215553,0.3804034978215553,0.3804034978215553,-0.5874142646789551,0.5557624830959641,0.5557624830959641,0.5557624830959641
qwen3.5:4b,state_101,Gear_Small,Small gear,gear,Waterproof_Male,Waterproof_Male,False,False,False,../vlm_four_scene_20260925/input_crops/state_101/Waterproof_Male.png,8e27ec495e8bd49a326cc5c753e41d2240a99cc4d77374a337104a466e01f88f,qwen3.5-4b/responses/state_101/Gear_Small/Waterproof_Male.json,0.04912540002260357,C,-2.781038761138916,0.061974097645733084,0.061974097645733084,0.061974097645733084,-0.966522753238678,0.3804034978215553,0.3804034978215553,0.3804034978215553,-0.5874142646789551,0.5557624830959641,0.5557624830959641,0.5557624830959641
qwen3.5:4b,state_101,Waterproof_Male,Waterproof connector,Waterproof_Male,Waterproof_Male,Waterproof_Male,True,True,False,../vlm_four_scene_20260925/input_crops/state_101/Waterproof_Male.png,8e27ec495e8bd49a326cc5c753e41d2240a99cc4d77374a337104a466e01f88f,qwen3.5-4b/responses/state_101/Waterproof_Male/Waterproof_Male.json,0.38857529999222606,A,-0.12185654044151306,0.8852753606056656,0.8852753606056656,0.8852753606056656,-2.711954116821289,0.06640691297688356,0.06640691297688356,0.06640691297688356,-3.0481374263763428,0.04744721607391141,0.04744721607391141,0.04744721607391141
qwen3.5:4b,state_101,M12_Hex_Nut,M12 hex nut,hex_nut,Waterproof_Male,Waterproof_Male,False,False,False,../vlm_four_scene_20260925/input_crops/state_101/Waterproof_Male.png,8e27ec495e8bd49a326cc5c753e41d2240a99cc4d77374a337104a466e01f88f,qwen3.5-4b/responses/state_101/M12_Hex_Nut/Waterproof_Male.json,0.37126660003559664,C,-2.7099499702453613,0.06654013561840266,0.06654013561840266,0.06654013561840266,-1.2702317237854004,0.28076655395109396,0.28076655395109396,0.28076655395109396,-0.42928552627563477,0.6509740324520741,0.6509740324520741,0.6509740324520741
qwen3.5:4b,state_101,M16_Hex_Nut,M16 hex nut,hex_nut,Waterproof_Male,Waterproof_Male,False,False,False,../vlm_four_scene_20260925/input_crops/state_101/Waterproof_Male.png,8e27ec495e8bd49a326cc5c753e41d2240a99cc4d77374a337104a466e01f88f,qwen3.5-4b/responses/state_101/M16_Hex_Nut/Waterproof_Male.json,0.05792230000952259,C,-2.7099499702453613,0.06654013561840266,0.06654013561840266,0.06654013561840266,-1.2702317237854004,0.28076655395109396,0.28076655395109396,0.28076655395109396,-0.42928552627563477,0.6509740324520741,0.6509740324520741,0.6509740324520741
qwen3.5:4b,state_101,RGOCG16-50_16mm,16 mm round pin,round_pin,Waterproof_Male,Waterproof_Male,False,False,False,../vlm_four_scene_20260925/input_crops/state_101/Waterproof_Male.png,8e27ec495e8bd49a326cc5c753e41d2240a99cc4d77374a337104a466e01f88f,qwen3.5-4b/responses/state_101/RGOCG16-50_16mm/Waterproof_Male.json,0.36537400004453957,C,-2.1344082355499268,0.11831458402946897,0.11831458402946897,0.11831458402946897,-1.3179200887680054,0.26769149789944613,0.26769149789944613,0.26769149789944613,-0.49020320177078247,0.6125019200633989,0.6125019200633989,0.6125019200633989
qwen3.5:4b,state_101,RGOCG12-50_12mm,12 mm round pin,round_pin,Waterproof_Male,Waterproof_Male,False,False,False,../vlm_four_scene_20260925/input_crops/state_101/Waterproof_Male.png,8e27ec495e8bd49a326cc5c753e41d2240a99cc4d77374a337104a466e01f88f,qwen3.5-4b/responses/state_101/RGOCG12-50_12mm/Waterproof_Male.json,0.05309760000091046,C,-2.1344082355499268,0.11831458402946897,0.11831458402946897,0.11831458402946897,-1.3179200887680054,0.26769149789944613,0.26769149789944613,0.26769149789944613,-0.49020320177078247,0.6125019200633989,0.6125019200633989,0.6125019200633989
qwen3.5:4b,state_101,RGOCG8-50_8mm,8 mm round pin,round_pin,Waterproof_Male,Waterproof_Male,False,False,False,../vlm_four_scene_20260925/input_crops/state_101/Waterproof_Male.png,8e27ec495e8bd49a326cc5c753e41d2240a99cc4d77374a337104a466e01f88f,qwen3.5-4b/responses/state_101/RGOCG8-50_8mm/Waterproof_Male.json,0.05174019996775314,C,-2.1344082355499268,0.11831458402946897,0.11831458402946897,0.11831458402946897,-1.3179200887680054,0.26769149789944613,0.26769149789944613,0.26769149789944613,-0.49020320177078247,0.6125019200633989,0.6125019200633989,0.6125019200633989
qwen3.5:4b,state_101,USB_Male,USB connector + cable,USB_Male,Waterproof_Male,Waterproof_Male,False,False,False,../vlm_four_scene_20260925/input_crops/state_101/Waterproof_Male.png,8e27ec495e8bd49a326cc5c753e41d2240a99cc4d77374a337104a466e01f88f,qwen3.5-4b/responses/state_101/USB_Male/Waterproof_Male.json,0.38141560001531616,C,-2.7175872325897217,0.06603388678452851,0.06603388678452851,0.06603388678452851,-1.3250396251678467,0.26579242681073156,0.26579242681073156,0.26579242681073156,-0.4052378237247467,0.6668182068096468,0.6668182068096468,0.6668182068096468
qwen3.5:4b,state_101,DSUB_Male,DSUB connector,DSUB_Male,Waterproof_Male,Waterproof_Male,False,False,False,../vlm_four_scene_20260925/input_crops/state_101/Waterproof_Male.png,8e27ec495e8bd49a326cc5c753e41d2240a99cc4d77374a337104a466e01f88f,qwen3.5-4b/responses/state_101/DSUB_Male/Waterproof_Male.json,0.3575359000242315,A,-0.8907153606414795,0.4103620908392398,0.4103620908392398,0.4103620908392398,-1.0895297527313232,0.3363746357746066,0.3363746357746066,0.3363746357746066,-1.3780372142791748,0.2520728327752664,0.2520728327752664,0.2520728327752664
qwen3.5:4b,state_101,Gear_Large,Large gear,gear,M12_Hex_Nut,hex_nut,False,False,False,../vlm_four_scene_20260925/input_crops/state_101/M12_Hex_Nut.png,fc0054b5fbb5338ab9f90350cd4862942de04ae395620638929e2b1b38c1e229,qwen3.5-4b/responses/state_101/Gear_Large/M12_Hex_Nut.json,0.3248589000431821,A,-0.8422790169715881,0.43072776810276797,0.43072776810276797,0.43072776810276797,-1.580949306488037,0.2057796574890306,0.2057796574890306,0.2057796574890306,-1.0137782096862793,0.3628454802131459,0.3628454802131459,0.3628454802131459
qwen3.5:4b,state_101,Gear_Medium,Medium gear,gear,M12_Hex_Nut,hex_nut,False,False,False,../vlm_four_scene_20260925/input_crops/state_101/M12_Hex_Nut.png,fc0054b5fbb5338ab9f90350cd4862942de04ae395620638929e2b1b38c1e229,qwen3.5-4b/responses/state_101/Gear_Medium/M12_Hex_Nut.json,0.0508276000036858,A,-0.8422790169715881,0.43072776810276797,0.43072776810276797,0.43072776810276797,-1.580949306488037,0.2057796574890306,0.2057796574890306,0.2057796574890306,-1.0137782096862793,0.3628454802131459,0.3628454802131459,0.3628454802131459
qwen3.5:4b,state_101,Gear_Small,Small gear,gear,M12_Hex_Nut,hex_nut,False,False,False,../vlm_four_scene_20260925/input_crops/state_101/M12_Hex_Nut.png,fc0054b5fbb5338ab9f90350cd4862942de04ae395620638929e2b1b38c1e229,qwen3.5-4b/responses/state_101/Gear_Small/M12_Hex_Nut.json,0.058359500020742416,A,-0.8422790169715881,0.43072776810276797,0.43072776810276797,0.43072776810276797,-1.580949306488037,0.2057796574890306,0.2057796574890306,0.2057796574890306,-1.0137782096862793,0.3628454802131459,0.3628454802131459,0.3628454802131459
qwen3.5:4b,state_101,Waterproof_Male,Waterproof connector,Waterproof_Male,M12_Hex_Nut,hex_nut,False,False,False,../vlm_four_scene_20260925/input_crops/state_101/M12_Hex_Nut.png,fc0054b5fbb5338ab9f90350cd4862942de04ae395620638929e2b1b38c1e229,qwen3.5-4b/responses/state_101/Waterproof_Male/M12_Hex_Nut.json,0.32903139997506514,A,-0.5190669894218445,0.595075500778544,0.595075500778544,0.595075500778544,-1.8075993061065674,0.16404749226366805,0.16404749226366805,0.16404749226366805,-1.4260284900665283,0.2402612298033604,0.2402612298033604,0.2402612298033604
qwen3.5:4b,state_101,M12_Hex_Nut,M12 hex nut,hex_nut,M12_Hex_Nut,hex_nut,True,True,False,../vlm_four_scene_20260925/input_crops/state_101/M12_Hex_Nut.png,fc0054b5fbb5338ab9f90350cd4862942de04ae395620638929e2b1b38c1e229,qwen3.5-4b/responses/state_101/M12_Hex_Nut/M12_Hex_Nut.json,0.3431735000340268,A,-0.30957621335983276,0.7337578471166589,0.7337578471166589,0.7337578471166589,-1.97725510597229,0.13844874334944676,0.13844874334944676,0.13844874334944676,-2.0611937046051025,0.12730191827443368,0.12730191827443368,0.12730191827443368
qwen3.5:4b,state_101,M16_Hex_Nut,M16 hex nut,hex_nut,M12_Hex_Nut,hex_nut,False,True,False,../vlm_four_scene_20260925/input_crops/state_101/M12_Hex_Nut.png,fc0054b5fbb5338ab9f90350cd4862942de04ae395620638929e2b1b38c1e229,qwen3.5-4b/responses/state_101/M16_Hex_Nut/M12_Hex_Nut.json,0.051729700004216284,A,-0.30957621335983276,0.7337578471166589,0.7337578471166589,0.7337578471166589,-1.97725510597229,0.13844874334944676,0.13844874334944676,0.13844874334944676,-2.0611937046051025,0.12730191827443368,0.12730191827443368,0.12730191827443368
qwen3.5:4b,state_101,RGOCG16-50_16mm,16 mm round pin,round_pin,M12_Hex_Nut,hex_nut,False,False,False,../vlm_four_scene_20260925/input_crops/state_101/M12_Hex_Nut.png,fc0054b5fbb5338ab9f90350cd4862942de04ae395620638929e2b1b38c1e229,qwen3.5-4b/responses/state_101/RGOCG16-50_16mm/M12_Hex_Nut.json,0.34617059997981414,C,-1.1479979753494263,0.31727131897665134,0.31727131897665134,0.31727131897665134,-1.4912062883377075,0.22510095504094133,0.22510095504094133,0.22510095504094133,-0.7839442491531372,0.45660150483430667,0.45660150483430667,0.45660150483430667
qwen3.5:4b,state_101,RGOCG12-50_12mm,12 mm round pin,round_pin,M12_Hex_Nut,hex_nut,False,False,False,../vlm_four_scene_20260925/input_crops/state_101/M12_Hex_Nut.png,fc0054b5fbb5338ab9f90350cd4862942de04ae395620638929e2b1b38c1e229,qwen3.5-4b/responses/state_101/RGOCG12-50_12mm/M12_Hex_Nut.json,0.051990300009492785,C,-1.1479979753494263,0.31727131897665134,0.31727131897665134,0.31727131897665134,-1.4912062883377075,0.22510095504094133,0.22510095504094133,0.22510095504094133,-0.7839442491531372,0.45660150483430667,0.45660150483430667,0.45660150483430667
qwen3.5:4b,state_101,RGOCG8-50_8mm,8 mm round pin,round_pin,M12_Hex_Nut,hex_nut,False,False,False,../vlm_four_scene_20260925/input_crops/state_101/M12_Hex_Nut.png,fc0054b5fbb5338ab9f90350cd4862942de04ae395620638929e2b1b38c1e229,qwen3.5-4b/responses/state_101/RGOCG8-50_8mm/M12_Hex_Nut.json,0.05150489998050034,C,-1.1479979753494263,0.31727131897665134,0.31727131897665134,0.31727131897665134,-1.4912062883377075,0.22510095504094133,0.22510095504094133,0.22510095504094133,-0.7839442491531372,0.45660150483430667,0.45660150483430667,0.45660150483430667
qwen3.5:4b,state_101,USB_Male,USB connector + cable,USB_Male,M12_Hex_Nut,hex_nut,False,False,False,../vlm_four_scene_20260925/input_crops/state_101/M12_Hex_Nut.png,fc0054b5fbb5338ab9f90350cd4862942de04ae395620638929e2b1b38c1e229,qwen3.5-4b/responses/state_101/USB_Male/M12_Hex_Nut.json,0.34041129995603114,C,-2.917503833770752,0.054068482915354106,0.054068482915354106,0.054068482915354106,-1.8717865943908691,0.15384855117417387,0.15384855117417387,0.15384855117417387,-0.23468820750713348,0.7908173821162211,0.7908173821162211,0.7908173821162211
qwen3.5:4b,state_101,DSUB_Male,DSUB connector,DSUB_Male,M12_Hex_Nut,hex_nut,False,False,False,../vlm_four_scene_20260925/input_crops/state_101/M12_Hex_Nut.png,fc0054b5fbb5338ab9f90350cd4862942de04ae395620638929e2b1b38c1e229,qwen3.5-4b/responses/state_101/DSUB_Male/M12_Hex_Nut.json,0.3441117000184022,C,-2.1095499992370605,0.12129253588800117,0.12129253588800117,0.12129253588800117,-2.101039409637451,0.12232921198764744,0.12232921198764744,0.12232921198764744,-0.2802920937538147,0.7555630139837388,0.7555630139837388,0.7555630139837388
qwen3.5:4b,state_101,Gear_Large,Large gear,gear,M16_Hex_Nut,hex_nut,False,False,False,../vlm_four_scene_20260925/input_crops/state_101/M16_Hex_Nut.png,1c1870e789ce383e3b64a161e64f0093e715e0263666f4e81c66af34b957e0f0,qwen3.5-4b/responses/state_101/Gear_Large/M16_Hex_Nut.json,0.34081199998036027,A,-0.14506889879703522,0.8649626961684397,0.8649626961684397,0.8649626961684397,-3.123952627182007,0.04398297608099081,0.04398297608099081,0.04398297608099081,-2.40134596824646,0.09059593194175225,0.09059593194175225,0.09059593194175225
qwen3.5:4b,state_101,Gear_Medium,Medium gear,gear,M16_Hex_Nut,hex_nut,False,False,False,../vlm_four_scene_20260925/input_crops/state_101/M16_Hex_Nut.png,1c1870e789ce383e3b64a161e64f0093e715e0263666f4e81c66af34b957e0f0,qwen3.5-4b/responses/state_101/Gear_Medium/M16_Hex_Nut.json,0.053643700026441365,A,-0.14506889879703522,0.8649626961684397,0.8649626961684397,0.8649626961684397,-3.123952627182007,0.04398297608099081,0.04398297608099081,0.04398297608099081,-2.40134596824646,0.09059593194175225,0.09059593194175225,0.09059593194175225
qwen3.5:4b,state_101,Gear_Small,Small gear,gear,M16_Hex_Nut,hex_nut,False,False,False,../vlm_four_scene_20260925/input_crops/state_101/M16_Hex_Nut.png,1c1870e789ce383e3b64a161e64f0093e715e0263666f4e81c66af34b957e0f0,qwen3.5-4b/responses/state_101/Gear_Small/M16_Hex_Nut.json,0.07215180003549904,A,-0.14506889879703522,0.8649626961684397,0.8649626961684397,0.8649626961684397,-3.123952627182007,0.04398297608099081,0.04398297608099081,0.04398297608099081,-2.40134596824646,0.09059593194175225,0.09059593194175225,0.09059593194175225
qwen3.5:4b,state_101,Waterproof_Male,Waterproof connector,Waterproof_Male,M16_Hex_Nut,hex_nut,False,False,False,../vlm_four_scene_20260925/input_crops/state_101/M16_Hex_Nut.png,1c1870e789ce383e3b64a161e64f0093e715e0263666f4e81c66af34b957e0f0,qwen3.5-4b/responses/state_101/Waterproof_Male/M16_Hex_Nut.json,0.3569611000129953,A,-0.621442437171936,0.5371690459027929,0.5371690459027929,0.5371690459027929,-1.658323049545288,0.19045810125105359,0.19045810125105359,0.19045810125105359,-1.3035428524017334,0.2715679614811311,0.2715679614811311,0.2715679614811311
qwen3.5:4b,state_101,M12_Hex_Nut,M12 hex nut,hex_nut,M16_Hex_Nut,hex_nut,False,True,False,../vlm_four_scene_20260925/input_crops/state_101/M16_Hex_Nut.png,1c1870e789ce383e3b64a161e64f0093e715e0263666f4e81c66af34b957e0f0,qwen3.5-4b/responses/state_101/M12_Hex_Nut/M16_Hex_Nut.json,0.3492483999580145,A,-0.9317660331726074,0.39385753035015697,0.39385753035015697,0.39385753035015697,-1.3107848167419434,0.2696083801615109,0.2696083801615109,0.2696083801615109,-1.0921950340270996,0.3354792964451073,0.3354792964451073,0.3354792964451073
qwen3.5:4b,state_101,M16_Hex_Nut,M16 hex nut,hex_nut,M16_Hex_Nut,hex_nut,True,True,False,../vlm_four_scene_20260925/input_crops/state_101/M16_Hex_Nut.png,1c1870e789ce383e3b64a161e64f0093e715e0263666f4e81c66af34b957e0f0,qwen3.5-4b/responses/state_101/M16_Hex_Nut/M16_Hex_Nut.json,0.058416099986061454,A,-0.9317660331726074,0.39385753035015697,0.39385753035015697,0.39385753035015697,-1.3107848167419434,0.2696083801615109,0.2696083801615109,0.2696083801615109,-1.0921950340270996,0.3354792964451073,0.3354792964451073,0.3354792964451073
qwen3.5:4b,state_101,RGOCG16-50_16mm,16 mm round pin,round_pin,M16_Hex_Nut,hex_nut,False,False,False,../vlm_four_scene_20260925/input_crops/state_101/M16_Hex_Nut.png,1c1870e789ce383e3b64a161e64f0093e715e0263666f4e81c66af34b957e0f0,qwen3.5-4b/responses/state_101/RGOCG16-50_16mm/M16_Hex_Nut.json,0.3713654999737628,A,-0.8966249227523804,0.407944182003388,0.407944182003388,0.407944182003388,-1.584729552268982,0.20500322827824183,0.20500322827824183,0.20500322827824183,-0.9515699744224548,0.38613432631367683,0.38613432631367683,0.38613432631367683
qwen3.5:4b,state_101,RGOCG12-50_12mm,12 mm round pin,round_pin,M16_Hex_Nut,hex_nut,False,False,False,../vlm_four_scene_20260925/input_crops/state_101/M16_Hex_Nut.png,1c1870e789ce383e3b64a161e64f0093e715e0263666f4e81c66af34b957e0f0,qwen3.5-4b/responses/state_101/RGOCG12-50_12mm/M16_Hex_Nut.json,0.0513498000218533,A,-0.8966249227523804,0.407944182003388,0.407944182003388,0.407944182003388,-1.584729552268982,0.20500322827824183,0.20500322827824183,0.20500322827824183,-0.9515699744224548,0.38613432631367683,0.38613432631367683,0.38613432631367683
qwen3.5:4b,state_101,RGOCG8-50_8mm,8 mm round pin,round_pin,M16_Hex_Nut,hex_nut,False,False,False,../vlm_four_scene_20260925/input_crops/state_101/M16_Hex_Nut.png,1c1870e789ce383e3b64a161e64f0093e715e0263666f4e81c66af34b957e0f0,qwen3.5-4b/responses/state_101/RGOCG8-50_8mm/M16_Hex_Nut.json,0.05080319999251515,A,-0.8966249227523804,0.407944182003388,0.407944182003388,0.407944182003388,-1.584729552268982,0.20500322827824183,0.20500322827824183,0.20500322827824183,-0.9515699744224548,0.38613432631367683,0.38613432631367683,0.38613432631367683
qwen3.5:4b,state_101,USB_Male,USB connector + cable,USB_Male,M16_Hex_Nut,hex_nut,False,False,False,../vlm_four_scene_20260925/input_crops/state_101/M16_Hex_Nut.png,1c1870e789ce383e3b64a161e64f0093e715e0263666f4e81c66af34b957e0f0,qwen3.5-4b/responses/state_101/USB_Male/M16_Hex_Nut.json,0.35527490003732964,C,-2.915699005126953,0.054166155376561095,0.054166155376561095,0.054166155376561095,-1.7866344451904297,0.16752302990627177,0.16752302990627177,0.16752302990627177,-0.25259971618652344,0.7767787515624277,0.7767787515624277,0.7767787515624277
qwen3.5:4b,state_101,DSUB_Male,DSUB connector,DSUB_Male,M16_Hex_Nut,hex_nut,False,False,False,../vlm_four_scene_20260925/input_crops/state_101/M16_Hex_Nut.png,1c1870e789ce383e3b64a161e64f0093e715e0263666f4e81c66af34b957e0f0,qwen3.5-4b/responses/state_101/DSUB_Male/M16_Hex_Nut.json,0.36162849998800084,C,-1.7403931617736816,0.17545140626883188,0.17545140626883188,0.17545140626883188,-1.735872745513916,0.17624631496401624,0.17624631496401624,0.17624631496401624,-0.43516597151756287,0.6471572484934341,0.6471572484934341,0.6471572484934341
qwen3.5:4b,state_101,Gear_Large,Large gear,gear,RGOCG16-50_16mm,round_pin,False,False,False,../vlm_four_scene_20260925/input_crops/state_101/RGOCG16-50_16mm.png,552c7b7003b70b464999fe0b15088e739e126bb17da93e39400520c81be1c324,qwen3.5-4b/responses/state_101/Gear_Large/RGOCG16-50_16mm.json,0.35914620000403374,C,-3.0717642307281494,0.0463393294302856,0.0463393294302856,0.0463393294302856,-2.8112337589263916,0.060130759747606344,0.060130759747606344,0.060130759747606344,-0.11330439895391464,0.8928788273642896,0.8928788273642896,0.8928788273642896
qwen3.5:4b,state_101,Gear_Medium,Medium gear,gear,RGOCG16-50_16mm,round_pin,False,False,False,../vlm_four_scene_20260925/input_crops/state_101/RGOCG16-50_16mm.png,552c7b7003b70b464999fe0b15088e739e126bb17da93e39400520c81be1c324,qwen3.5-4b/responses/state_101/Gear_Medium/RGOCG16-50_16mm.json,0.05546509998384863,C,-3.0717642307281494,0.0463393294302856,0.0463393294302856,0.0463393294302856,-2.8112337589263916,0.060130759747606344,0.060130759747606344,0.060130759747606344,-0.11330439895391464,0.8928788273642896,0.8928788273642896,0.8928788273642896
qwen3.5:4b,state_101,Gear_Small,Small gear,gear,RGOCG16-50_16mm,round_pin,False,False,False,../vlm_four_scene_20260925/input_crops/state_101/RGOCG16-50_16mm.png,552c7b7003b70b464999fe0b15088e739e126bb17da93e39400520c81be1c324,qwen3.5-4b/responses/state_101/Gear_Small/RGOCG16-50_16mm.json,0.05078099999809638,C,-3.0717642307281494,0.0463393294302856,0.0463393294302856,0.0463393294302856,-2.8112337589263916,0.060130759747606344,0.060130759747606344,0.060130759747606344,-0.11330439895391464,0.8928788273642896,0.8928788273642896,0.8928788273642896
qwen3.5:4b,state_101,Waterproof_Male,Waterproof connector,Waterproof_Male,RGOCG16-50_16mm,round_pin,False,False,False,../vlm_four_scene_20260925/input_crops/state_101/RGOCG16-50_16mm.png,552c7b7003b70b464999fe0b15088e739e126bb17da93e39400520c81be1c324,qwen3.5-4b/responses/state_101/Waterproof_Male/RGOCG16-50_16mm.json,0.3463351000100374,C,-2.868839979171753,0.05676473667878175,0.05676473667878175,0.05676473667878175,-2.558922529220581,0.07738807893156832,0.07738807893156832,0.07738807893156832,-0.14529109001159668,0.8647705304059904,0.8647705304059904,0.8647705304059904
qwen3.5:4b,state_101,M12_Hex_Nut,M12 hex nut,hex_nut,RGOCG16-50_16mm,round_pin,False,False,False,../vlm_four_scene_20260925/input_crops/state_101/RGOCG16-50_16mm.png,552c7b7003b70b464999fe0b15088e739e126bb17da93e39400520c81be1c324,qwen3.5-4b/responses/state_101/M12_Hex_Nut/RGOCG16-50_16mm.json,0.38515489996643737,C,-3.1089508533477783,0.04464777283817189,0.04464777283817189,0.04464777283817189,-2.3384850025177,0.09647368496216942,0.09647368496216942,0.09647368496216942,-0.15313272178173065,0.8580158368634327,0.8580158368634327,0.8580158368634327
qwen3.5:4b,state_101,M16_Hex_Nut,M16 hex nut,hex_nut,RGOCG16-50_16mm,round_pin,False,False,False,../vlm_four_scene_20260925/input_crops/state_101/RGOCG16-50_16mm.png,552c7b7003b70b464999fe0b15088e739e126bb17da93e39400520c81be1c324,qwen3.5-4b/responses/state_101/M16_Hex_Nut/RGOCG16-50_16mm.json,0.0550169000052847,C,-3.1089508533477783,0.04464777283817189,0.04464777283817189,0.04464777283817189,-2.3384850025177,0.09647368496216942,0.09647368496216942,0.09647368496216942,-0.15313272178173065,0.8580158368634327,0.8580158368634327,0.8580158368634327
qwen3.5:4b,state_101,RGOCG16-50_16mm,16 mm round pin,round_pin,RGOCG16-50_16mm,round_pin,True,True,False,../vlm_four_scene_20260925/input_crops/state_101/RGOCG16-50_16mm.png,552c7b7003b70b464999fe0b15088e739e126bb17da93e39400520c81be1c324,qwen3.5-4b/responses/state_101/RGOCG16-50_16mm/RGOCG16-50_16mm.json,0.350522099994123,A,-0.13708899915218353,0.8718926249745242,0.8718926249745242,0.8718926249745242,-2.8003275394439697,0.06079014819267706,0.06079014819267706,0.06079014819267706,-2.7074434757232666,0.06670712729826773,0.06670712729826773,0.06670712729826773
qwen3.5:4b,state_101,RGOCG12-50_12mm,12 mm round pin,round_pin,RGOCG16-50_16mm,round_pin,False,True,False,../vlm_four_scene_20260925/input_crops/state_101/RGOCG16-50_16mm.png,552c7b7003b70b464999fe0b15088e739e126bb17da93e39400520c81be1c324,qwen3.5-4b/responses/state_101/RGOCG12-50_12mm/RGOCG16-50_16mm.json,0.05097139999270439,A,-0.13708899915218353,0.8718926249745242,0.8718926249745242,0.8718926249745242,-2.8003275394439697,0.06079014819267706,0.06079014819267706,0.06079014819267706,-2.7074434757232666,0.06670712729826773,0.06670712729826773,0.06670712729826773
qwen3.5:4b,state_101,RGOCG8-50_8mm,8 mm round pin,round_pin,RGOCG16-50_16mm,round_pin,False,True,False,../vlm_four_scene_20260925/input_crops/state_101/RGOCG16-50_16mm.png,552c7b7003b70b464999fe0b15088e739e126bb17da93e39400520c81be1c324,qwen3.5-4b/responses/state_101/RGOCG8-50_8mm/RGOCG16-50_16mm.json,0.05109030002495274,A,-0.13708899915218353,0.8718926249745242,0.8718926249745242,0.8718926249745242,-2.8003275394439697,0.06079014819267706,0.06079014819267706,0.06079014819267706,-2.7074434757232666,0.06670712729826773,0.06670712729826773,0.06670712729826773
qwen3.5:4b,state_101,USB_Male,USB connector + cable,USB_Male,RGOCG16-50_16mm,round_pin,False,False,False,../vlm_four_scene_20260925/input_crops/state_101/RGOCG16-50_16mm.png,552c7b7003b70b464999fe0b15088e739e126bb17da93e39400520c81be1c324,qwen3.5-4b/responses/state_101/USB_Male/RGOCG16-50_16mm.json,0.3631697000237182,C,-3.072655439376831,0.04629804981622995,0.04629804981622995,0.04629804981622995,-1.4181221723556519,0.24216834059728964,0.24216834059728964,0.24216834059728964,-0.34143906831741333,0.710746773297291,0.710746773297291,0.710746773297291
qwen3.5:4b,state_101,DSUB_Male,DSUB connector,DSUB_Male,RGOCG16-50_16mm,round_pin,False,False,False,../vlm_four_scene_20260925/input_crops/state_101/RGOCG16-50_16mm.png,552c7b7003b70b464999fe0b15088e739e126bb17da93e39400520c81be1c324,qwen3.5-4b/responses/state_101/DSUB_Male/RGOCG16-50_16mm.json,0.3660372000304051,C,-3.258251428604126,0.03845558159278012,0.03845558159278012,0.03845558159278012,-2.844543695449829,0.05816079972335589,0.05816079972335589,0.05816079972335589,-0.10247065126895905,0.9026046396650068,0.9026046396650068,0.9026046396650068
qwen3.5:4b,state_101,Gear_Large,Large gear,gear,RGOCG12-50_12mm,round_pin,False,False,False,../vlm_four_scene_20260925/input_crops/state_101/RGOCG12-50_12mm.png,123f19e892e7db96ecab17804bf959635f80f30947116c2770dcab19b9e1892a,qwen3.5-4b/responses/state_101/Gear_Large/RGOCG12-50_12mm.json,0.3339387999731116,C,-3.2452590465545654,0.0389584709923343,0.0389584709923343,0.0389584709923343,-3.1303582191467285,0.0437021395053421,0.0437021395053421,0.0437021395053421,-0.08811821043491364,0.9156526306298463,0.9156526306298463,0.9156526306298463
qwen3.5:4b,state_101,Gear_Medium,Medium gear,gear,RGOCG12-50_12mm,round_pin,False,False,False,../vlm_four_scene_20260925/input_crops/state_101/RGOCG12-50_12mm.png,123f19e892e7db96ecab17804bf959635f80f30947116c2770dcab19b9e1892a,qwen3.5-4b/responses/state_101/Gear_Medium/RGOCG12-50_12mm.json,0.04965449997689575,C,-3.2452590465545654,0.0389584709923343,0.0389584709923343,0.0389584709923343,-3.1303582191467285,0.0437021395053421,0.0437021395053421,0.0437021395053421,-0.08811821043491364,0.9156526306298463,0.9156526306298463,0.9156526306298463
qwen3.5:4b,state_101,Gear_Small,Small gear,gear,RGOCG12-50_12mm,round_pin,False,False,False,../vlm_four_scene_20260925/input_crops/state_101/RGOCG12-50_12mm.png,123f19e892e7db96ecab17804bf959635f80f30947116c2770dcab19b9e1892a,qwen3.5-4b/responses/state_101/Gear_Small/RGOCG12-50_12mm.json,0.04672679997747764,C,-3.2452590465545654,0.0389584709923343,0.0389584709923343,0.0389584709923343,-3.1303582191467285,0.0437021395053421,0.0437021395053421,0.0437021395053421,-0.08811821043491364,0.9156526306298463,0.9156526306298463,0.9156526306298463
qwen3.5:4b,state_101,Waterproof_Male,Waterproof connector,Waterproof_Male,RGOCG12-50_12mm,round_pin,False,False,False,../vlm_four_scene_20260925/input_crops/state_101/RGOCG12-50_12mm.png,123f19e892e7db96ecab17804bf959635f80f30947116c2770dcab19b9e1892a,qwen3.5-4b/responses/state_101/Waterproof_Male/RGOCG12-50_12mm.json,0.3319253000081517,C,-2.668715715408325,0.06934122201156416,0.06934122201156416,0.06934122201156416,-2.784503221511841,0.061759762332770474,0.061759762332770474,0.061759762332770474,-0.14180122315883636,0.8677937366405669,0.8677937366405669,0.8677937366405669
qwen3.5:4b,state_101,M12_Hex_Nut,M12 hex nut,hex_nut,RGOCG12-50_12mm,round_pin,False,False,False,../vlm_four_scene_20260925/input_crops/state_101/RGOCG12-50_12mm.png,123f19e892e7db96ecab17804bf959635f80f30947116c2770dcab19b9e1892a,qwen3.5-4b/responses/state_101/M12_Hex_Nut/RGOCG12-50_12mm.json,0.3223178000189364,C,-3.0678465366363525,0.04652122882785581,0.04652122882785581,0.04652122882785581,-2.550446033477783,0.07804684672997313,0.07804684672997313,0.07804684672997313,-0.1336597353219986,0.8748877073458338,0.8748877073458338,0.8748877073458338
qwen3.5:4b,state_101,M16_Hex_Nut,M16 hex nut,hex_nut,RGOCG12-50_12mm,round_pin,False,False,False,../vlm_four_scene_20260925/input_crops/state_101/RGOCG12-50_12mm.png,123f19e892e7db96ecab17804bf959635f80f30947116c2770dcab19b9e1892a,qwen3.5-4b/responses/state_101/M16_Hex_Nut/RGOCG12-50_12mm.json,0.049646199971903116,C,-3.0678465366363525,0.04652122882785581,0.04652122882785581,0.04652122882785581,-2.550446033477783,0.07804684672997313,0.07804684672997313,0.07804684672997313,-0.1336597353219986,0.8748877073458338,0.8748877073458338,0.8748877073458338
qwen3.5:4b,state_101,RGOCG16-50_16mm,16 mm round pin,round_pin,RGOCG12-50_12mm,round_pin,False,True,False,../vlm_four_scene_20260925/input_crops/state_101/RGOCG12-50_12mm.png,123f19e892e7db96ecab17804bf959635f80f30947116c2770dcab19b9e1892a,qwen3.5-4b/responses/state_101/RGOCG16-50_16mm/RGOCG12-50_12mm.json,0.3439953000051901,A,-0.1511642038822174,0.8597065199203356,0.8597065199203356,0.8597065199203356,-3.050421714782715,0.04733895664327486,0.04733895664327486,0.04733895664327486,-2.38348126411438,0.09222894467534229,0.09222894467534229,0.09222894467534229
qwen3.5:4b,state_101,RGOCG12-50_12mm,12 mm round pin,round_pin,RGOCG12-50_12mm,round_pin,True,True,False,../vlm_four_scene_20260925/input_crops/state_101/RGOCG12-50_12mm.png,123f19e892e7db96ecab17804bf959635f80f30947116c2770dcab19b9e1892a,qwen3.5-4b/responses/state_101/RGOCG12-50_12mm/RGOCG12-50_12mm.json,0.05393759999424219,A,-0.1511642038822174,0.8597065199203356,0.8597065199203356,0.8597065199203356,-3.050421714782715,0.04733895664327486,0.04733895664327486,0.04733895664327486,-2.38348126411438,0.09222894467534229,0.09222894467534229,0.09222894467534229
qwen3.5:4b,state_101,RGOCG8-50_8mm,8 mm round pin,round_pin,RGOCG12-50_12mm,round_pin,False,True,False,../vlm_four_scene_20260925/input_crops/state_101/RGOCG12-50_12mm.png,123f19e892e7db96ecab17804bf959635f80f30947116c2770dcab19b9e1892a,qwen3.5-4b/responses/state_101/RGOCG8-50_8mm/RGOCG12-50_12mm.json,0.047268200025428087,A,-0.1511642038822174,0.8597065199203356,0.8597065199203356,0.8597065199203356,-3.050421714782715,0.04733895664327486,0.04733895664327486,0.04733895664327486,-2.38348126411438,0.09222894467534229,0.09222894467534229,0.09222894467534229
qwen3.5:4b,state_101,USB_Male,USB connector + cable,USB_Male,RGOCG12-50_12mm,round_pin,False,False,False,../vlm_four_scene_20260925/input_crops/state_101/RGOCG12-50_12mm.png,123f19e892e7db96ecab17804bf959635f80f30947116c2770dcab19b9e1892a,qwen3.5-4b/responses/state_101/USB_Male/RGOCG12-50_12mm.json,0.3325535000185482,C,-2.8956918716430664,0.05526077849973208,0.05526077849973208,0.05526077849973208,-2.5390405654907227,0.0789421032467035,0.0789421032467035,0.0789421032467035,-0.145230233669281,0.8648231587787821,0.8648231587787821,0.8648231587787821
qwen3.5:4b,state_101,DSUB_Male,DSUB connector,DSUB_Male,RGOCG12-50_12mm,round_pin,False,False,False,../vlm_four_scene_20260925/input_crops/state_101/RGOCG12-50_12mm.png,123f19e892e7db96ecab17804bf959635f80f30947116c2770dcab19b9e1892a,qwen3.5-4b/responses/state_101/DSUB_Male/RGOCG12-50_12mm.json,0.3496580000501126,C,-3.440641403198242,0.03204412553040563,0.03204412553040563,0.03204412553040563,-2.976316452026367,0.05098027672058869,0.05098027672058869,0.05098027672058869,-0.0878867581486702,0.9158645850523319,0.9158645850523319,0.9158645850523319
qwen3.5:4b,state_101,Gear_Large,Large gear,gear,RGOCG8-50_8mm,round_pin,False,False,False,../vlm_four_scene_20260925/input_crops/state_101/RGOCG8-50_8mm.png,3989b2e944636dc60976a725ca05eae1c3b96027dd47e7fd6182bc78c774ab48,qwen3.5-4b/responses/state_101/Gear_Large/RGOCG8-50_8mm.json,0.3478742000297643,C,-3.1096103191375732,0.04461833886581022,0.04461833886581022,0.04461833886581022,-3.25886607170105,0.0384319523975207,0.0384319523975207,0.0384319523975207,-0.08765678852796555,0.9160752303036491,0.9160752303036491,0.9160752303036491
qwen3.5:4b,state_101,Gear_Medium,Medium gear,gear,RGOCG8-50_8mm,round_pin,False,False,False,../vlm_four_scene_20260925/input_crops/state_101/RGOCG8-50_8mm.png,3989b2e944636dc60976a725ca05eae1c3b96027dd47e7fd6182bc78c774ab48,qwen3.5-4b/responses/state_101/Gear_Medium/RGOCG8-50_8mm.json,0.05470200005220249,C,-3.1096103191375732,0.04461833886581022,0.04461833886581022,0.04461833886581022,-3.25886607170105,0.0384319523975207,0.0384319523975207,0.0384319523975207,-0.08765678852796555,0.9160752303036491,0.9160752303036491,0.9160752303036491
qwen3.5:4b,state_101,Gear_Small,Small gear,gear,RGOCG8-50_8mm,round_pin,False,False,False,../vlm_four_scene_20260925/input_crops/state_101/RGOCG8-50_8mm.png,3989b2e944636dc60976a725ca05eae1c3b96027dd47e7fd6182bc78c774ab48,qwen3.5-4b/responses/state_101/Gear_Small/RGOCG8-50_8mm.json,0.052036200009752065,C,-3.1096103191375732,0.04461833886581022,0.04461833886581022,0.04461833886581022,-3.25886607170105,0.0384319523975207,0.0384319523975207,0.0384319523975207,-0.08765678852796555,0.9160752303036491,0.9160752303036491,0.9160752303036491
qwen3.5:4b,state_101,Waterproof_Male,Waterproof connector,Waterproof_Male,RGOCG8-50_8mm,round_pin,False,False,False,../vlm_four_scene_20260925/input_crops/state_101/RGOCG8-50_8mm.png,3989b2e944636dc60976a725ca05eae1c3b96027dd47e7fd6182bc78c774ab48,qwen3.5-4b/responses/state_101/Waterproof_Male/RGOCG8-50_8mm.json,0.34425319998990744,C,-2.9579010009765625,0.051927799260989414,0.051927799260989414,0.051927799260989414,-2.830982208251953,0.05895491921411007,0.05895491921411007,0.05895491921411007,-0.11887353658676147,0.8879200830663863,0.8879200830663863,0.8879200830663863
qwen3.5:4b,state_101,M12_Hex_Nut,M12 hex nut,hex_nut,RGOCG8-50_8mm,round_pin,False,False,False,../vlm_four_scene_20260925/input_crops/state_101/RGOCG8-50_8mm.png,3989b2e944636dc60976a725ca05eae1c3b96027dd47e7fd6182bc78c774ab48,qwen3.5-4b/responses/state_101/M12_Hex_Nut/RGOCG8-50_8mm.json,0.34949250001227483,C,-3.1211488246917725,0.04410646870241322,0.04410646870241322,0.04410646870241322,-2.3506734371185303,0.09530495870269133,0.09530495870269133,0.09530495870269133,-0.15125641226768494,0.8596272514248241,0.8596272514248241,0.8596272514248241
qwen3.5:4b,state_101,M16_Hex_Nut,M16 hex nut,hex_nut,RGOCG8-50_8mm,round_pin,False,False,False,../vlm_four_scene_20260925/input_crops/state_101/RGOCG8-50_8mm.png,3989b2e944636dc60976a725ca05eae1c3b96027dd47e7fd6182bc78c774ab48,qwen3.5-4b/responses/state_101/M16_Hex_Nut/RGOCG8-50_8mm.json,0.050746899971272796,C,-3.1211488246917725,0.04410646870241322,0.04410646870241322,0.04410646870241322,-2.3506734371185303,0.09530495870269133,0.09530495870269133,0.09530495870269133,-0.15125641226768494,0.8596272514248241,0.8596272514248241,0.8596272514248241
qwen3.5:4b,state_101,RGOCG16-50_16mm,16 mm round pin,round_pin,RGOCG8-50_8mm,round_pin,False,True,False,../vlm_four_scene_20260925/input_crops/state_101/RGOCG8-50_8mm.png,3989b2e944636dc60976a725ca05eae1c3b96027dd47e7fd6182bc78c774ab48,qwen3.5-4b/responses/state_101/RGOCG16-50_16mm/RGOCG8-50_8mm.json,0.34952710004290566,A,-0.10782086849212646,0.8977884042177331,0.8977884042177331,0.8977884042177331,-3.2096447944641113,0.04037095071069314,0.04037095071069314,0.04037095071069314,-2.7902894020080566,0.06140344106422925,0.06140344106422925,0.06140344106422925
qwen3.5:4b,state_101,RGOCG12-50_12mm,12 mm round pin,round_pin,RGOCG8-50_8mm,round_pin,False,True,False,../vlm_four_scene_20260925/input_crops/state_101/RGOCG8-50_8mm.png,3989b2e944636dc60976a725ca05eae1c3b96027dd47e7fd6182bc78c774ab48,qwen3.5-4b/responses/state_101/RGOCG12-50_12mm/RGOCG8-50_8mm.json,0.05091839999658987,A,-0.10782086849212646,0.8977884042177331,0.8977884042177331,0.8977884042177331,-3.2096447944641113,0.04037095071069314,0.04037095071069314,0.04037095071069314,-2.7902894020080566,0.06140344106422925,0.06140344106422925,0.06140344106422925
qwen3.5:4b,state_101,RGOCG8-50_8mm,8 mm round pin,round_pin,RGOCG8-50_8mm,round_pin,True,True,False,../vlm_four_scene_20260925/input_crops/state_101/RGOCG8-50_8mm.png,3989b2e944636dc60976a725ca05eae1c3b96027dd47e7fd6182bc78c774ab48,qwen3.5-4b/responses/state_101/RGOCG8-50_8mm/RGOCG8-50_8mm.json,0.05011179996654391,A,-0.10782086849212646,0.8977884042177331,0.8977884042177331,0.8977884042177331,-3.2096447944641113,0.04037095071069314,0.04037095071069314,0.04037095071069314,-2.7902894020080566,0.06140344106422925,0.06140344106422925,0.06140344106422925
qwen3.5:4b,state_101,USB_Male,USB connector + cable,USB_Male,RGOCG8-50_8mm,round_pin,False,False,False,../vlm_four_scene_20260925/input_crops/state_101/RGOCG8-50_8mm.png,3989b2e944636dc60976a725ca05eae1c3b96027dd47e7fd6182bc78c774ab48,qwen3.5-4b/responses/state_101/USB_Male/RGOCG8-50_8mm.json,0.3623943999991752,C,-2.9683456420898438,0.0513882546139327,0.0513882546139327,0.0513882546139327,-2.3159351348876953,0.09867386746867957,0.09867386746867957,0.09867386746867957,-0.16410452127456665,0.8486533149182647,0.8486533149182647,0.8486533149182647
qwen3.5:4b,state_101,DSUB_Male,DSUB connector,DSUB_Male,RGOCG8-50_8mm,round_pin,False,False,False,../vlm_four_scene_20260925/input_crops/state_101/RGOCG8-50_8mm.png,3989b2e944636dc60976a725ca05eae1c3b96027dd47e7fd6182bc78c774ab48,qwen3.5-4b/responses/state_101/DSUB_Male/RGOCG8-50_8mm.json,0.33476970001356676,C,-3.456826686859131,0.0315296569102538,0.0315296569102538,0.0315296569102538,-3.462266445159912,0.03135860884920007,0.03135860884920007,0.03135860884920007,-0.06672042608261108,0.9354566940743089,0.9354566940743089,0.9354566940743089
qwen3.5:4b,state_101,Gear_Large,Large gear,gear,USB_Male,USB_Male,False,False,True,../vlm_four_scene_20260925/input_crops/state_101/USB_Male.png,7543f2ca9e48d4553584300362014c6f331ab16c9b5e3b3c0e4184e22a6d517c,qwen3.5-4b/responses/state_101/Gear_Large/USB_Male.json,0.48541119997389615,C,-3.9893221855163574,0.01851225774463795,0.01851225774463795,0.01851225774463795,-1.6008504629135132,0.20172488548761947,0.20172488548761947,0.20172488548761947,-0.25138232111930847,0.7777249740293166,0.7777249740293166,0.7777249740293166
qwen3.5:4b,state_101,Gear_Medium,Medium gear,gear,USB_Male,USB_Male,False,False,True,../vlm_four_scene_20260925/input_crops/state_101/USB_Male.png,7543f2ca9e48d4553584300362014c6f331ab16c9b5e3b3c0e4184e22a6d517c,qwen3.5-4b/responses/state_101/Gear_Medium/USB_Male.json,0.06223019998287782,C,-3.9893221855163574,0.01851225774463795,0.01851225774463795,0.01851225774463795,-1.6008504629135132,0.20172488548761947,0.20172488548761947,0.20172488548761947,-0.25138232111930847,0.7777249740293166,0.7777249740293166,0.7777249740293166
qwen3.5:4b,state_101,Gear_Small,Small gear,gear,USB_Male,USB_Male,False,False,True,../vlm_four_scene_20260925/input_crops/state_101/USB_Male.png,7543f2ca9e48d4553584300362014c6f331ab16c9b5e3b3c0e4184e22a6d517c,qwen3.5-4b/responses/state_101/Gear_Small/USB_Male.json,0.07697809999808669,C,-3.9893221855163574,0.01851225774463795,0.01851225774463795,0.01851225774463795,-1.6008504629135132,0.20172488548761947,0.20172488548761947,0.20172488548761947,-0.25138232111930847,0.7777249740293166,0.7777249740293166,0.7777249740293166
qwen3.5:4b,state_101,Waterproof_Male,Waterproof connector,Waterproof_Male,USB_Male,USB_Male,False,False,True,../vlm_four_scene_20260925/input_crops/state_101/USB_Male.png,7543f2ca9e48d4553584300362014c6f331ab16c9b5e3b3c0e4184e22a6d517c,qwen3.5-4b/responses/state_101/Waterproof_Male/USB_Male.json,0.36557329999050125,B,-0.946853756904602,0.3879597208831292,0.3879597208831292,0.3879597208831292,-0.8567697405815125,0.4245312157572696,0.4245312157572696,0.4245312157572696,-1.6783944368362427,0.1866734515791362,0.1866734515791362,0.1866734515791362
qwen3.5:4b,state_101,M12_Hex_Nut,M12 hex nut,hex_nut,USB_Male,USB_Male,False,False,True,../vlm_four_scene_20260925/input_crops/state_101/USB_Male.png,7543f2ca9e48d4553584300362014c6f331ab16c9b5e3b3c0e4184e22a6d517c,qwen3.5-4b/responses/state_101/M12_Hex_Nut/USB_Male.json,0.36430850002216175,C,-4.1310648918151855,0.016065761412278293,0.016065761412278293,0.016065761412278293,-1.932013988494873,0.1448561658557132,0.1448561658557132,0.1448561658557132,-0.17833277583122253,0.8366639556143651,0.8366639556143651,0.8366639556143651
qwen3.5:4b,state_101,M16_Hex_Nut,M16 hex nut,hex_nut,USB_Male,USB_Male,False,False,True,../vlm_four_scene_20260925/input_crops/state_101/USB_Male.png,7543f2ca9e48d4553584300362014c6f331ab16c9b5e3b3c0e4184e22a6d517c,qwen3.5-4b/responses/state_101/M16_Hex_Nut/USB_Male.json,0.05862590001197532,C,-4.1310648918151855,0.016065761412278293,0.016065761412278293,0.016065761412278293,-1.932013988494873,0.1448561658557132,0.1448561658557132,0.1448561658557132,-0.17833277583122253,0.8366639556143651,0.8366639556143651,0.8366639556143651
qwen3.5:4b,state_101,RGOCG16-50_16mm,16 mm round pin,round_pin,USB_Male,USB_Male,False,False,True,../vlm_four_scene_20260925/input_crops/state_101/USB_Male.png,7543f2ca9e48d4553584300362014c6f331ab16c9b5e3b3c0e4184e22a6d517c,qwen3.5-4b/responses/state_101/RGOCG16-50_16mm/USB_Male.json,0.3634456000290811,B,-2.1847927570343018,0.11250104628899345,0.11250104628899345,0.11250104628899345,-0.8131706118583679,0.4434498276315984,0.4434498276315984,0.4434498276315984,-0.8137943744659424,0.4431733064615353,0.4431733064615353,0.4431733064615353
qwen3.5:4b,state_101,RGOCG12-50_12mm,12 mm round pin,round_pin,USB_Male,USB_Male,False,False,True,../vlm_four_scene_20260925/input_crops/state_101/USB_Male.png,7543f2ca9e48d4553584300362014c6f331ab16c9b5e3b3c0e4184e22a6d517c,qwen3.5-4b/responses/state_101/RGOCG12-50_12mm/USB_Male.json,0.0747135000419803,B,-2.1847927570343018,0.11250104628899345,0.11250104628899345,0.11250104628899345,-0.8131706118583679,0.4434498276315984,0.4434498276315984,0.4434498276315984,-0.8137943744659424,0.4431733064615353,0.4431733064615353,0.4431733064615353
qwen3.5:4b,state_101,RGOCG8-50_8mm,8 mm round pin,round_pin,USB_Male,USB_Male,False,False,True,../vlm_four_scene_20260925/input_crops/state_101/USB_Male.png,7543f2ca9e48d4553584300362014c6f331ab16c9b5e3b3c0e4184e22a6d517c,qwen3.5-4b/responses/state_101/RGOCG8-50_8mm/USB_Male.json,0.05657410004641861,B,-2.1847927570343018,0.11250104628899345,0.11250104628899345,0.11250104628899345,-0.8131706118583679,0.4434498276315984,0.4434498276315984,0.4434498276315984,-0.8137943744659424,0.4431733064615353,0.4431733064615353,0.4431733064615353
qwen3.5:4b,state_101,USB_Male,USB connector + cable,USB_Male,USB_Male,USB_Male,True,True,True,../vlm_four_scene_20260925/input_crops/state_101/USB_Male.png,7543f2ca9e48d4553584300362014c6f331ab16c9b5e3b3c0e4184e22a6d517c,qwen3.5-4b/responses/state_101/USB_Male/USB_Male.json,0.35997789999237284,A,-0.12135768681764603,0.8857170935983154,0.8857170935983154,0.8857170935983154,-2.5028159618377686,0.0818541755473367,0.0818541755473367,0.0818541755473367,-3.447127103805542,0.031836969428377125,0.031836969428377125,0.031836969428377125
qwen3.5:4b,state_101,DSUB_Male,DSUB connector,DSUB_Male,USB_Male,USB_Male,False,False,True,../vlm_four_scene_20260925/input_crops/state_101/USB_Male.png,7543f2ca9e48d4553584300362014c6f331ab16c9b5e3b3c0e4184e22a6d517c,qwen3.5-4b/responses/state_101/DSUB_Male/USB_Male.json,0.35710480000125244,A,-0.27544382214546204,0.7592350830940751,0.7592350830940751,0.7592350830940751,-1.8517053127288818,0.15696925627258684,0.15696925627258684,0.15696925627258684,-2.5000436305999756,0.0820814172842884,0.0820814172842884,0.0820814172842884
qwen3.5:4b,state_101,Gear_Large,Large gear,gear,DSUB_Male,DSUB_Male,False,False,False,../vlm_four_scene_20260925/input_crops/state_101/DSUB_Male.png,4b33b962ebb9c6ee75c0ce865988e91fcba2f1bdbb964dd35e709db436634a24,qwen3.5-4b/responses/state_101/Gear_Large/DSUB_Male.json,0.34897689998615533,C,-3.3139584064483643,0.03637191360460372,0.03637191360460372,0.03637191360460372,-1.5904972553253174,0.20382423384524648,0.20382423384524648,0.20382423384524648,-0.2778599262237549,0.7574029063695432,0.7574029063695432,0.7574029063695432
qwen3.5:4b,state_101,Gear_Medium,Medium gear,gear,DSUB_Male,DSUB_Male,False,False,False,../vlm_four_scene_20260925/input_crops/state_101/DSUB_Male.png,4b33b962ebb9c6ee75c0ce865988e91fcba2f1bdbb964dd35e709db436634a24,qwen3.5-4b/responses/state_101/Gear_Medium/DSUB_Male.json,0.06557340000290424,C,-3.3139584064483643,0.03637191360460372,0.03637191360460372,0.03637191360460372,-1.5904972553253174,0.20382423384524648,0.20382423384524648,0.20382423384524648,-0.2778599262237549,0.7574029063695432,0.7574029063695432,0.7574029063695432
qwen3.5:4b,state_101,Gear_Small,Small gear,gear,DSUB_Male,DSUB_Male,False,False,False,../vlm_four_scene_20260925/input_crops/state_101/DSUB_Male.png,4b33b962ebb9c6ee75c0ce865988e91fcba2f1bdbb964dd35e709db436634a24,qwen3.5-4b/responses/state_101/Gear_Small/DSUB_Male.json,0.07403179997345433,C,-3.3139584064483643,0.03637191360460372,0.03637191360460372,0.03637191360460372,-1.5904972553253174,0.20382423384524648,0.20382423384524648,0.20382423384524648,-0.2778599262237549,0.7574029063695432,0.7574029063695432,0.7574029063695432
qwen3.5:4b,state_101,Waterproof_Male,Waterproof connector,Waterproof_Male,DSUB_Male,DSUB_Male,False,False,False,../vlm_four_scene_20260925/input_crops/state_101/DSUB_Male.png,4b33b962ebb9c6ee75c0ce865988e91fcba2f1bdbb964dd35e709db436634a24,qwen3.5-4b/responses/state_101/Waterproof_Male/DSUB_Male.json,0.3505830999929458,A,-0.5187596678733826,0.5952584084071832,0.5952584084071832,0.5952584084071832,-1.5527162551879883,0.21167223644550504,0.21167223644550504,0.21167223644550504,-1.6498193740844727,0.19208460094439772,0.19208460094439772,0.19208460094439772
qwen3.5:4b,state_101,M12_Hex_Nut,M12 hex nut,hex_nut,DSUB_Male,DSUB_Male,False,False,False,../vlm_four_scene_20260925/input_crops/state_101/DSUB_Male.png,4b33b962ebb9c6ee75c0ce865988e91fcba2f1bdbb964dd35e709db436634a24,qwen3.5-4b/responses/state_101/M12_Hex_Nut/DSUB_Male.json,0.3893353000166826,C,-3.0317811965942383,0.04822965507508089,0.04822965507508089,0.04822965507508089,-1.506734013557434,0.22163264642275107,0.22163264642275107,0.22163264642275107,-0.3177691102027893,0.7277708038706433,0.7277708038706433,0.7277708038706433
qwen3.5:4b,state_101,M16_Hex_Nut,M16 hex nut,hex_nut,DSUB_Male,DSUB_Male,False,False,False,../vlm_four_scene_20260925/input_crops/state_101/DSUB_Male.png,4b33b962ebb9c6ee75c0ce865988e91fcba2f1bdbb964dd35e709db436634a24,qwen3.5-4b/responses/state_101/M16_Hex_Nut/DSUB_Male.json,0.051610900030937046,C,-3.0317811965942383,0.04822965507508089,0.04822965507508089,0.04822965507508089,-1.506734013557434,0.22163264642275107,0.22163264642275107,0.22163264642275107,-0.3177691102027893,0.7277708038706433,0.7277708038706433,0.7277708038706433
qwen3.5:4b,state_101,RGOCG16-50_16mm,16 mm round pin,round_pin,DSUB_Male,DSUB_Male,False,False,False,../vlm_four_scene_20260925/input_crops/state_101/DSUB_Male.png,4b33b962ebb9c6ee75c0ce865988e91fcba2f1bdbb964dd35e709db436634a24,qwen3.5-4b/responses/state_101/RGOCG16-50_16mm/DSUB_Male.json,0.3544746999978088,C,-1.9273573160171509,0.14553228659110848,0.14553228659110848,0.14553228659110848,-0.8561351299285889,0.4248007132932468,0.4248007132932468,0.4248007132932468,-0.8495375514030457,0.42761263509457154,0.42761263509457154,0.42761263509457154
qwen3.5:4b,state_101,RGOCG12-50_12mm,12 mm round pin,round_pin,DSUB_Male,DSUB_Male,False,False,False,../vlm_four_scene_20260925/input_crops/state_101/DSUB_Male.png,4b33b962ebb9c6ee75c0ce865988e91fcba2f1bdbb964dd35e709db436634a24,qwen3.5-4b/responses/state_101/RGOCG12-50_12mm/DSUB_Male.json,0.05294199998024851,C,-1.9273573160171509,0.14553228659110848,0.14553228659110848,0.14553228659110848,-0.8561351299285889,0.4248007132932468,0.4248007132932468,0.4248007132932468,-0.8495375514030457,0.42761263509457154,0.42761263509457154,0.42761263509457154
qwen3.5:4b,state_101,RGOCG8-50_8mm,8 mm round pin,round_pin,DSUB_Male,DSUB_Male,False,False,False,../vlm_four_scene_20260925/input_crops/state_101/DSUB_Male.png,4b33b962ebb9c6ee75c0ce865988e91fcba2f1bdbb964dd35e709db436634a24,qwen3.5-4b/responses/state_101/RGOCG8-50_8mm/DSUB_Male.json,0.05234230001224205,C,-1.9273573160171509,0.14553228659110848,0.14553228659110848,0.14553228659110848,-0.8561351299285889,0.4248007132932468,0.4248007132932468,0.4248007132932468,-0.8495375514030457,0.42761263509457154,0.42761263509457154,0.42761263509457154
qwen3.5:4b,state_101,USB_Male,USB connector + cable,USB_Male,DSUB_Male,DSUB_Male,False,False,False,../vlm_four_scene_20260925/input_crops/state_101/DSUB_Male.png,4b33b962ebb9c6ee75c0ce865988e91fcba2f1bdbb964dd35e709db436634a24,qwen3.5-4b/responses/state_101/USB_Male/DSUB_Male.json,0.36925579997478053,C,-1.2383549213409424,0.2898606695329738,0.2898606695329738,0.2898606695329738,-1.2408764362335205,0.2891307022364416,0.2891307022364416,0.2891307022364416,-0.8676578402519226,0.41993395072418127,0.41993395072418127,0.41993395072418127
qwen3.5:4b,state_101,DSUB_Male,DSUB connector,DSUB_Male,DSUB_Male,DSUB_Male,True,True,False,../vlm_four_scene_20260925/input_crops/state_101/DSUB_Male.png,4b33b962ebb9c6ee75c0ce865988e91fcba2f1bdbb964dd35e709db436634a24,qwen3.5-4b/responses/state_101/DSUB_Male/DSUB_Male.json,0.3769604000262916,A,-0.154737189412117,0.8566402820385145,0.8566402820385145,0.8566402820385145,-2.509664297103882,0.08129552580400015,0.08129552580400015,0.08129552580400015,-2.8311688899993896,0.05894391443399895,0.05894391443399895,0.05894391443399895
qwen3.5:4b,state_202,Gear_Large,Large gear,gear,Gear_Large,gear,True,True,False,../vlm_four_scene_20260925/input_crops/state_202/Gear_Large.png,5d23b69c2449fff305773def219e59a9d80d68f1142de6cae6476b6dda8231cf,qwen3.5-4b/responses/state_202/Gear_Large/Gear_Large.json,0.3730469000292942,A,-0.12584158778190613,0.881754516409195,0.881754516409195,0.881754516409195,-2.8761391639709473,0.056351908861837254,0.056351908861837254,0.056351908861837254,-2.7897706031799316,0.06143530536236178,0.06143530536236178,0.06143530536236178
qwen3.5:4b,state_202,Gear_Medium,Medium gear,gear,Gear_Large,gear,False,True,False,../vlm_four_scene_20260925/input_crops/state_202/Gear_Large.png,5d23b69c2449fff305773def219e59a9d80d68f1142de6cae6476b6dda8231cf,qwen3.5-4b/responses/state_202/Gear_Medium/Gear_Large.json,0.05472620000364259,A,-0.12584158778190613,0.881754516409195,0.881754516409195,0.881754516409195,-2.8761391639709473,0.056351908861837254,0.056351908861837254,0.056351908861837254,-2.7897706031799316,0.06143530536236178,0.06143530536236178,0.06143530536236178
qwen3.5:4b,state_202,Gear_Small,Small gear,gear,Gear_Large,gear,False,True,False,../vlm_four_scene_20260925/input_crops/state_202/Gear_Large.png,5d23b69c2449fff305773def219e59a9d80d68f1142de6cae6476b6dda8231cf,qwen3.5-4b/responses/state_202/Gear_Small/Gear_Large.json,0.05231219995766878,A,-0.12584158778190613,0.881754516409195,0.881754516409195,0.881754516409195,-2.8761391639709473,0.056351908861837254,0.056351908861837254,0.056351908861837254,-2.7897706031799316,0.06143530536236178,0.06143530536236178,0.06143530536236178
qwen3.5:4b,state_202,Waterproof_Male,Waterproof connector,Waterproof_Male,Gear_Large,gear,False,False,False,../vlm_four_scene_20260925/input_crops/state_202/Gear_Large.png,5d23b69c2449fff305773def219e59a9d80d68f1142de6cae6476b6dda8231cf,qwen3.5-4b/responses/state_202/Waterproof_Male/Gear_Large.json,0.37919000000692904,C,-2.4510562419891357,0.08620248770956974,0.08620248770956974,0.08620248770956974,-0.994404673576355,0.36994361621053984,0.36994361621053984,0.36994361621053984,-0.6113689541816711,0.542607555527343,0.542607555527343,0.542607555527343
qwen3.5:4b,state_202,M12_Hex_Nut,M12 hex nut,hex_nut,Gear_Large,gear,False,False,False,../vlm_four_scene_20260925/input_crops/state_202/Gear_Large.png,5d23b69c2449fff305773def219e59a9d80d68f1142de6cae6476b6dda8231cf,qwen3.5-4b/responses/state_202/M12_Hex_Nut/Gear_Large.json,0.3768071999656968,B,-2.772581100463867,0.06250047636280999,0.06250047636280999,0.06250047636280999,-0.41585350036621094,0.6597769204818547,0.6597769204818547,0.6597769204818547,-1.285654067993164,0.276469694503273,0.276469694503273,0.276469694503273
qwen3.5:4b,state_202,M16_Hex_Nut,M16 hex nut,hex_nut,Gear_Large,gear,False,False,False,../vlm_four_scene_20260925/input_crops/state_202/Gear_Large.png,5d23b69c2449fff305773def219e59a9d80d68f1142de6cae6476b6dda8231cf,qwen3.5-4b/responses/state_202/M16_Hex_Nut/Gear_Large.json,0.05239369999617338,B,-2.772581100463867,0.06250047636280999,0.06250047636280999,0.06250047636280999,-0.41585350036621094,0.6597769204818547,0.6597769204818547,0.6597769204818547,-1.285654067993164,0.276469694503273,0.276469694503273,0.276469694503273
qwen3.5:4b,state_202,RGOCG16-50_16mm,16 mm round pin,round_pin,Gear_Large,gear,False,False,False,../vlm_four_scene_20260925/input_crops/state_202/Gear_Large.png,5d23b69c2449fff305773def219e59a9d80d68f1142de6cae6476b6dda8231cf,qwen3.5-4b/responses/state_202/RGOCG16-50_16mm/Gear_Large.json,0.3539121000212617,C,-3.141239643096924,0.04322917592325586,0.04322917592325586,0.04322917592325586,-1.24418306350708,0.28817623367635203,0.28817623367635203,0.28817623367635203,-0.4040950536727905,0.667580662259139,0.667580662259139,0.667580662259139
qwen3.5:4b,state_202,RGOCG12-50_12mm,12 mm round pin,round_pin,Gear_Large,gear,False,False,False,../vlm_four_scene_20260925/input_crops/state_202/Gear_Large.png,5d23b69c2449fff305773def219e59a9d80d68f1142de6cae6476b6dda8231cf,qwen3.5-4b/responses/state_202/RGOCG12-50_12mm/Gear_Large.json,0.05135260004317388,C,-3.141239643096924,0.04322917592325586,0.04322917592325586,0.04322917592325586,-1.24418306350708,0.28817623367635203,0.28817623367635203,0.28817623367635203,-0.4040950536727905,0.667580662259139,0.667580662259139,0.667580662259139
qwen3.5:4b,state_202,RGOCG8-50_8mm,8 mm round pin,round_pin,Gear_Large,gear,False,False,False,../vlm_four_scene_20260925/input_crops/state_202/Gear_Large.png,5d23b69c2449fff305773def219e59a9d80d68f1142de6cae6476b6dda8231cf,qwen3.5-4b/responses/state_202/RGOCG8-50_8mm/Gear_Large.json,0.05045629997039214,C,-3.141239643096924,0.04322917592325586,0.04322917592325586,0.04322917592325586,-1.24418306350708,0.28817623367635203,0.28817623367635203,0.28817623367635203,-0.4040950536727905,0.667580662259139,0.667580662259139,0.667580662259139
qwen3.5:4b,state_202,USB_Male,USB connector + cable,USB_Male,Gear_Large,gear,False,False,False,../vlm_four_scene_20260925/input_crops/state_202/Gear_Large.png,5d23b69c2449fff305773def219e59a9d80d68f1142de6cae6476b6dda8231cf,qwen3.5-4b/responses/state_202/USB_Male/Gear_Large.json,0.35696440003812313,C,-3.840019941329956,0.02149317273836706,0.02149317273836706,0.02149317273836706,-2.1894023418426514,0.11198365656713336,0.11198365656713336,0.11198365656713336,-0.14521479606628418,0.8648365096784225,0.8648365096784225,0.8648365096784225
qwen3.5:4b,state_202,DSUB_Male,DSUB connector,DSUB_Male,Gear_Large,gear,False,False,False,../vlm_four_scene_20260925/input_crops/state_202/Gear_Large.png,5d23b69c2449fff305773def219e59a9d80d68f1142de6cae6476b6dda8231cf,qwen3.5-4b/responses/state_202/DSUB_Male/Gear_Large.json,0.36088789999485016,C,-3.519230842590332,0.029622210550577715,0.029622210550577715,0.029622210550577715,-2.5460424423217773,0.07839129097318828,0.07839129097318828,0.07839129097318828,-0.11572922766208649,0.8907163720022648,0.8907163720022648,0.8907163720022648
qwen3.5:4b,state_202,Gear_Large,Large gear,gear,Gear_Medium,gear,False,True,False,../vlm_four_scene_20260925/input_crops/state_202/Gear_Medium.png,108195e8929e844a87a358e143fc8be89d43ee37e14f292c33dbb8ab3199825e,qwen3.5-4b/responses/state_202/Gear_Large/Gear_Medium.json,0.34183950000442564,A,-0.08982665836811066,0.914089621325703,0.914089621325703,0.914089621325703,-3.250669479370117,0.038748257986898155,0.038748257986898155,0.038748257986898155,-3.069295883178711,0.046453852283483,0.046453852283483,0.046453852283483
qwen3.5:4b,state_202,Gear_Medium,Medium gear,gear,Gear_Medium,gear,True,True,False,../vlm_four_scene_20260925/input_crops/state_202/Gear_Medium.png,108195e8929e844a87a358e143fc8be89d43ee37e14f292c33dbb8ab3199825e,qwen3.5-4b/responses/state_202/Gear_Medium/Gear_Medium.json,0.04983229999197647,A,-0.08982665836811066,0.914089621325703,0.914089621325703,0.914089621325703,-3.250669479370117,0.038748257986898155,0.038748257986898155,0.038748257986898155,-3.069295883178711,0.046453852283483,0.046453852283483,0.046453852283483
qwen3.5:4b,state_202,Gear_Small,Small gear,gear,Gear_Medium,gear,False,True,False,../vlm_four_scene_20260925/input_crops/state_202/Gear_Medium.png,108195e8929e844a87a358e143fc8be89d43ee37e14f292c33dbb8ab3199825e,qwen3.5-4b/responses/state_202/Gear_Small/Gear_Medium.json,0.04897130001336336,A,-0.08982665836811066,0.914089621325703,0.914089621325703,0.914089621325703,-3.250669479370117,0.038748257986898155,0.038748257986898155,0.038748257986898155,-3.069295883178711,0.046453852283483,0.046453852283483,0.046453852283483
qwen3.5:4b,state_202,Waterproof_Male,Waterproof connector,Waterproof_Male,Gear_Medium,gear,False,False,False,../vlm_four_scene_20260925/input_crops/state_202/Gear_Medium.png,108195e8929e844a87a358e143fc8be89d43ee37e14f292c33dbb8ab3199825e,qwen3.5-4b/responses/state_202/Waterproof_Male/Gear_Medium.json,0.3366056000231765,C,-2.291477680206299,0.10111693291282677,0.10111693291282677,0.10111693291282677,-1.1768099069595337,0.3082605515713536,0.3082605515713536,0.3082605515713536,-0.5283094048500061,0.5896009040090227,0.5896009040090227,0.5896009040090227
qwen3.5:4b,state_202,M12_Hex_Nut,M12 hex nut,hex_nut,Gear_Medium,gear,False,False,False,../vlm_four_scene_20260925/input_crops/state_202/Gear_Medium.png,108195e8929e844a87a358e143fc8be89d43ee37e14f292c33dbb8ab3199825e,qwen3.5-4b/responses/state_202/M12_Hex_Nut/Gear_Medium.json,0.3535109999938868,B,-2.8803727626800537,0.056113841789030165,0.056113841789030165,0.056113841789030165,-0.31491053104400635,0.7298541706386888,0.7298541706386888,0.7298541706386888,-1.5502697229385376,0.21219073339941902,0.21219073339941902,0.21219073339941902
qwen3.5:4b,state_202,M16_Hex_Nut,M16 hex nut,hex_nut,Gear_Medium,gear,False,False,False,../vlm_four_scene_20260925/input_crops/state_202/Gear_Medium.png,108195e8929e844a87a358e143fc8be89d43ee37e14f292c33dbb8ab3199825e,qwen3.5-4b/responses/state_202/M16_Hex_Nut/Gear_Medium.json,0.053012700052931905,B,-2.8803727626800537,0.056113841789030165,0.056113841789030165,0.056113841789030165,-0.31491053104400635,0.7298541706386888,0.7298541706386888,0.7298541706386888,-1.5502697229385376,0.21219073339941902,0.21219073339941902,0.21219073339941902
qwen3.5:4b,state_202,RGOCG16-50_16mm,16 mm round pin,round_pin,Gear_Medium,gear,False,False,False,../vlm_four_scene_20260925/input_crops/state_202/Gear_Medium.png,108195e8929e844a87a358e143fc8be89d43ee37e14f292c33dbb8ab3199825e,qwen3.5-4b/responses/state_202/RGOCG16-50_16mm/Gear_Medium.json,0.3544757000054233,C,-3.560426712036133,0.028426692114132825,0.028426692114132825,0.028426692114132825,-1.1804827451705933,0.30713043707284887,0.30713043707284887,0.30713043707284887,-0.41182708740234375,0.6624388101650953,0.6624388101650953,0.6624388101650953
qwen3.5:4b,state_202,RGOCG12-50_12mm,12 mm round pin,round_pin,Gear_Medium,gear,False,False,False,../vlm_four_scene_20260925/input_crops/state_202/Gear_Medium.png,108195e8929e844a87a358e143fc8be89d43ee37e14f292c33dbb8ab3199825e,qwen3.5-4b/responses/state_202/RGOCG12-50_12mm/Gear_Medium.json,0.05325040000025183,C,-3.560426712036133,0.028426692114132825,0.028426692114132825,0.028426692114132825,-1.1804827451705933,0.30713043707284887,0.30713043707284887,0.30713043707284887,-0.41182708740234375,0.6624388101650953,0.6624388101650953,0.6624388101650953
qwen3.5:4b,state_202,RGOCG8-50_8mm,8 mm round pin,round_pin,Gear_Medium,gear,False,False,False,../vlm_four_scene_20260925/input_crops/state_202/Gear_Medium.png,108195e8929e844a87a358e143fc8be89d43ee37e14f292c33dbb8ab3199825e,qwen3.5-4b/responses/state_202/RGOCG8-50_8mm/Gear_Medium.json,0.051053599978331476,C,-3.560426712036133,0.028426692114132825,0.028426692114132825,0.028426692114132825,-1.1804827451705933,0.30713043707284887,0.30713043707284887,0.30713043707284887,-0.41182708740234375,0.6624388101650953,0.6624388101650953,0.6624388101650953
qwen3.5:4b,state_202,USB_Male,USB connector + cable,USB_Male,Gear_Medium,gear,False,False,False,../vlm_four_scene_20260925/input_crops/state_202/Gear_Medium.png,108195e8929e844a87a358e143fc8be89d43ee37e14f292c33dbb8ab3199825e,qwen3.5-4b/responses/state_202/USB_Male/Gear_Medium.json,0.37660189997404814,C,-4.142195701599121,0.015887928028797217,0.015887928028797217,0.015887928028797217,-2.3296384811401367,0.09733092769593332,0.09733092769593332,0.09733092769593332,-0.12204083055257797,0.885112228143448,0.885112228143448,0.885112228143448
qwen3.5:4b,state_202,DSUB_Male,DSUB connector,DSUB_Male,Gear_Medium,gear,False,False,False,../vlm_four_scene_20260925/input_crops/state_202/Gear_Medium.png,108195e8929e844a87a358e143fc8be89d43ee37e14f292c33dbb8ab3199825e,qwen3.5-4b/responses/state_202/DSUB_Male/Gear_Medium.json,0.3485369000118226,C,-3.255873441696167,0.038547137278312216,0.038547137278312216,0.038547137278312216,-2.580784559249878,0.07571457814169966,0.07571457814169966,0.07571457814169966,-0.12271386384963989,0.884516718563638,0.884516718563638,0.884516718563638
qwen3.5:4b,state_202,Gear_Large,Large gear,gear,Gear_Small,gear,False,True,False,../vlm_four_scene_20260925/input_crops/state_202/Gear_Small.png,1ba202f6a7dcb3dfb5dfcd5cb62a942310b21b59276bb4441319fd2102e2a13f,qwen3.5-4b/responses/state_202/Gear_Large/Gear_Small.json,0.35761639999691397,A,-0.2427288442850113,0.7844842023091715,0.7844842023091715,0.7844842023091715,-2.0736539363861084,0.12572554822983537,0.12572554822983537,0.12572554822983537,-2.41263747215271,0.08957872134870919,0.08957872134870919,0.08957872134870919
qwen3.5:4b,state_202,Gear_Medium,Medium gear,gear,Gear_Small,gear,False,True,False,../vlm_four_scene_20260925/input_crops/state_202/Gear_Small.png,1ba202f6a7dcb3dfb5dfcd5cb62a942310b21b59276bb4441319fd2102e2a13f,qwen3.5-4b/responses/state_202/Gear_Medium/Gear_Small.json,0.049343899998348206,A,-0.2427288442850113,0.7844842023091715,0.7844842023091715,0.7844842023091715,-2.0736539363861084,0.12572554822983537,0.12572554822983537,0.12572554822983537,-2.41263747215271,0.08957872134870919,0.08957872134870919,0.08957872134870919
qwen3.5:4b,state_202,Gear_Small,Small gear,gear,Gear_Small,gear,True,True,False,../vlm_four_scene_20260925/input_crops/state_202/Gear_Small.png,1ba202f6a7dcb3dfb5dfcd5cb62a942310b21b59276bb4441319fd2102e2a13f,qwen3.5-4b/responses/state_202/Gear_Small/Gear_Small.json,0.04932300001382828,A,-0.2427288442850113,0.7844842023091715,0.7844842023091715,0.7844842023091715,-2.0736539363861084,0.12572554822983537,0.12572554822983537,0.12572554822983537,-2.41263747215271,0.08957872134870919,0.08957872134870919,0.08957872134870919
qwen3.5:4b,state_202,Waterproof_Male,Waterproof connector,Waterproof_Male,Gear_Small,gear,False,False,False,../vlm_four_scene_20260925/input_crops/state_202/Gear_Small.png,1ba202f6a7dcb3dfb5dfcd5cb62a942310b21b59276bb4441319fd2102e2a13f,qwen3.5-4b/responses/state_202/Waterproof_Male/Gear_Small.json,0.3409148000064306,B,-1.527367115020752,0.2171065320027108,0.2171065320027108,0.2171065320027108,-0.8736311197280884,0.41743304461657466,0.41743304461657466,0.41743304461657466,-1.0079847574234009,0.3649537092469663,0.3649537092469663,0.3649537092469663
qwen3.5:4b,state_202,M12_Hex_Nut,M12 hex nut,hex_nut,Gear_Small,gear,False,False,False,../vlm_four_scene_20260925/input_crops/state_202/Gear_Small.png,1ba202f6a7dcb3dfb5dfcd5cb62a942310b21b59276bb4441319fd2102e2a13f,qwen3.5-4b/responses/state_202/M12_Hex_Nut/Gear_Small.json,0.32118559995433316,B,-2.8198821544647217,0.05961296741707078,0.05961296741707078,0.05961296741707078,-0.22735287249088287,0.7966396204787085,0.7966396204787085,0.7966396204787085,-1.9426848888397217,0.14331863813764595,0.14331863813764595,0.14331863813764595
qwen3.5:4b,state_202,M16_Hex_Nut,M16 hex nut,hex_nut,Gear_Small,gear,False,False,False,../vlm_four_scene_20260925/input_crops/state_202/Gear_Small.png,1ba202f6a7dcb3dfb5dfcd5cb62a942310b21b59276bb4441319fd2102e2a13f,qwen3.5-4b/responses/state_202/M16_Hex_Nut/Gear_Small.json,0.04942739999387413,B,-2.8198821544647217,0.05961296741707078,0.05961296741707078,0.05961296741707078,-0.22735287249088287,0.7966396204787085,0.7966396204787085,0.7966396204787085,-1.9426848888397217,0.14331863813764595,0.14331863813764595,0.14331863813764595
qwen3.5:4b,state_202,RGOCG16-50_16mm,16 mm round pin,round_pin,Gear_Small,gear,False,False,False,../vlm_four_scene_20260925/input_crops/state_202/Gear_Small.png,1ba202f6a7dcb3dfb5dfcd5cb62a942310b21b59276bb4441319fd2102e2a13f,qwen3.5-4b/responses/state_202/RGOCG16-50_16mm/Gear_Small.json,0.3471674000029452,C,-2.9265294075012207,0.05358267946158327,0.05358267946158327,0.05358267946158327,-0.779642641544342,0.4585698558433598,0.4585698558433598,0.4585698558433598,-0.7197309136390686,0.4868832519770334,0.4868832519770334,0.4868832519770334
qwen3.5:4b,state_202,RGOCG12-50_12mm,12 mm round pin,round_pin,Gear_Small,gear,False,False,False,../vlm_four_scene_20260925/input_crops/state_202/Gear_Small.png,1ba202f6a7dcb3dfb5dfcd5cb62a942310b21b59276bb4441319fd2102e2a13f,qwen3.5-4b/responses/state_202/RGOCG12-50_12mm/Gear_Small.json,0.055326900037471205,C,-2.9265294075012207,0.05358267946158327,0.05358267946158327,0.05358267946158327,-0.779642641544342,0.4585698558433598,0.4585698558433598,0.4585698558433598,-0.7197309136390686,0.4868832519770334,0.4868832519770334,0.4868832519770334
qwen3.5:4b,state_202,RGOCG8-50_8mm,8 mm round pin,round_pin,Gear_Small,gear,False,False,False,../vlm_four_scene_20260925/input_crops/state_202/Gear_Small.png,1ba202f6a7dcb3dfb5dfcd5cb62a942310b21b59276bb4441319fd2102e2a13f,qwen3.5-4b/responses/state_202/RGOCG8-50_8mm/Gear_Small.json,0.050702499982435256,C,-2.9265294075012207,0.05358267946158327,0.05358267946158327,0.05358267946158327,-0.779642641544342,0.4585698558433598,0.4585698558433598,0.4585698558433598,-0.7197309136390686,0.4868832519770334,0.4868832519770334,0.4868832519770334
qwen3.5:4b,state_202,USB_Male,USB connector + cable,USB_Male,Gear_Small,gear,False,False,False,../vlm_four_scene_20260925/input_crops/state_202/Gear_Small.png,1ba202f6a7dcb3dfb5dfcd5cb62a942310b21b59276bb4441319fd2102e2a13f,qwen3.5-4b/responses/state_202/USB_Male/Gear_Small.json,0.34090430004289374,C,-4.129917621612549,0.01608420375878371,0.01608420375878371,0.01608420375878371,-1.9982913732528687,0.13556671838321782,0.13556671838321782,0.13556671838321782,-0.16528353095054626,0.8476533340578154,0.8476533340578154,0.8476533340578154
qwen3.5:4b,state_202,DSUB_Male,DSUB connector,DSUB_Male,Gear_Small,gear,False,False,False,../vlm_four_scene_20260925/input_crops/state_202/Gear_Small.png,1ba202f6a7dcb3dfb5dfcd5cb62a942310b21b59276bb4441319fd2102e2a13f,qwen3.5-4b/responses/state_202/DSUB_Male/Gear_Small.json,0.43070470000384375,C,-3.1262030601501465,0.043884106632840675,0.043884106632840675,0.043884106632840675,-1.8266520500183105,0.1609515243999185,0.1609515243999185,0.1609515243999185,-0.22986556589603424,0.7946404220961945,0.7946404220961945,0.7946404220961945
qwen3.5:4b,state_202,Gear_Large,Large gear,gear,Waterproof_Male,Waterproof_Male,False,False,False,../vlm_four_scene_20260925/input_crops/state_202/Waterproof_Male.png,7cc62a5ff425def58574827d00781d4317eb510bf765d2165d2b375c4555a81c,qwen3.5-4b/responses/state_202/Gear_Large/Waterproof_Male.json,0.3812620000098832,C,-2.4169936180114746,0.08918935206309575,0.08918935206309575,0.08918935206309575,-1.86007821559906,0.15566045481612106,0.15566045481612106,0.15566045481612106,-0.2822584807872772,0.7540787444725039,0.7540787444725039,0.7540787444725039
qwen3.5:4b,state_202,Gear_Medium,Medium gear,gear,Waterproof_Male,Waterproof_Male,False,False,False,../vlm_four_scene_20260925/input_crops/state_202/Waterproof_Male.png,7cc62a5ff425def58574827d00781d4317eb510bf765d2165d2b375c4555a81c,qwen3.5-4b/responses/state_202/Gear_Medium/Waterproof_Male.json,0.05717929999809712,C,-2.4169936180114746,0.08918935206309575,0.08918935206309575,0.08918935206309575,-1.86007821559906,0.15566045481612106,0.15566045481612106,0.15566045481612106,-0.2822584807872772,0.7540787444725039,0.7540787444725039,0.7540787444725039
qwen3.5:4b,state_202,Gear_Small,Small gear,gear,Waterproof_Male,Waterproof_Male,False,False,False,../vlm_four_scene_20260925/input_crops/state_202/Waterproof_Male.png,7cc62a5ff425def58574827d00781d4317eb510bf765d2165d2b375c4555a81c,qwen3.5-4b/responses/state_202/Gear_Small/Waterproof_Male.json,0.054621499963104725,C,-2.4169936180114746,0.08918935206309575,0.08918935206309575,0.08918935206309575,-1.86007821559906,0.15566045481612106,0.15566045481612106,0.15566045481612106,-0.2822584807872772,0.7540787444725039,0.7540787444725039,0.7540787444725039
qwen3.5:4b,state_202,Waterproof_Male,Waterproof connector,Waterproof_Male,Waterproof_Male,Waterproof_Male,True,True,False,../vlm_four_scene_20260925/input_crops/state_202/Waterproof_Male.png,7cc62a5ff425def58574827d00781d4317eb510bf765d2165d2b375c4555a81c,qwen3.5-4b/responses/state_202/Waterproof_Male/Waterproof_Male.json,0.36505680001573637,A,-0.2046249508857727,0.8149529064679002,0.8149529064679002,0.8149529064679002,-2.4424006938934326,0.08695185590568388,0.08695185590568388,0.08695185590568388,-2.32942271232605,0.09735193094061736,0.09735193094061736,0.09735193094061736
qwen3.5:4b,state_202,M12_Hex_Nut,M12 hex nut,hex_nut,Waterproof_Male,Waterproof_Male,False,False,False,../vlm_four_scene_20260925/input_crops/state_202/Waterproof_Male.png,7cc62a5ff425def58574827d00781d4317eb510bf765d2165d2b375c4555a81c,qwen3.5-4b/responses/state_202/M12_Hex_Nut/Waterproof_Male.json,0.3514424000168219,C,-2.7533035278320312,0.06371702218600116,0.06371702218600116,0.06371702218600116,-1.6988123655319214,0.1829006141889973,0.1829006141889973,0.1829006141889973,-0.2844485342502594,0.7524290787941886,0.7524290787941886,0.7524290787941886
qwen3.5:4b,state_202,M16_Hex_Nut,M16 hex nut,hex_nut,Waterproof_Male,Waterproof_Male,False,False,False,../vlm_four_scene_20260925/input_crops/state_202/Waterproof_Male.png,7cc62a5ff425def58574827d00781d4317eb510bf765d2165d2b375c4555a81c,qwen3.5-4b/responses/state_202/M16_Hex_Nut/Waterproof_Male.json,0.05337909999070689,C,-2.7533035278320312,0.06371702218600116,0.06371702218600116,0.06371702218600116,-1.6988123655319214,0.1829006141889973,0.1829006141889973,0.1829006141889973,-0.2844485342502594,0.7524290787941886,0.7524290787941886,0.7524290787941886
qwen3.5:4b,state_202,RGOCG16-50_16mm,16 mm round pin,round_pin,Waterproof_Male,Waterproof_Male,False,False,False,../vlm_four_scene_20260925/input_crops/state_202/Waterproof_Male.png,7cc62a5ff425def58574827d00781d4317eb510bf765d2165d2b375c4555a81c,qwen3.5-4b/responses/state_202/RGOCG16-50_16mm/Waterproof_Male.json,0.3571994000230916,C,-2.4251816272735596,0.0884620504618464,0.0884620504618464,0.0884620504618464,-1.5565141439437866,0.21086985348386922,0.21086985348386922,0.21086985348386922,-0.3575146198272705,0.6994124735784283,0.6994124735784283,0.6994124735784283
qwen3.5:4b,state_202,RGOCG12-50_12mm,12 mm round pin,round_pin,Waterproof_Male,Waterproof_Male,False,False,False,../vlm_four_scene_20260925/input_crops/state_202/Waterproof_Male.png,7cc62a5ff425def58574827d00781d4317eb510bf765d2165d2b375c4555a81c,qwen3.5-4b/responses/state_202/RGOCG12-50_12mm/Waterproof_Male.json,0.050672699988354,C,-2.4251816272735596,0.0884620504618464,0.0884620504618464,0.0884620504618464,-1.5565141439437866,0.21086985348386922,0.21086985348386922,0.21086985348386922,-0.3575146198272705,0.6994124735784283,0.6994124735784283,0.6994124735784283
qwen3.5:4b,state_202,RGOCG8-50_8mm,8 mm round pin,round_pin,Waterproof_Male,Waterproof_Male,False,False,False,../vlm_four_scene_20260925/input_crops/state_202/Waterproof_Male.png,7cc62a5ff425def58574827d00781d4317eb510bf765d2165d2b375c4555a81c,qwen3.5-4b/responses/state_202/RGOCG8-50_8mm/Waterproof_Male.json,0.04799789999378845,C,-2.4251816272735596,0.0884620504618464,0.0884620504618464,0.0884620504618464,-1.5565141439437866,0.21086985348386922,0.21086985348386922,0.21086985348386922,-0.3575146198272705,0.6994124735784283,0.6994124735784283,0.6994124735784283
qwen3.5:4b,state_202,USB_Male,USB connector + cable,USB_Male,Waterproof_Male,Waterproof_Male,False,False,False,../vlm_four_scene_20260925/input_crops/state_202/Waterproof_Male.png,7cc62a5ff425def58574827d00781d4317eb510bf765d2165d2b375c4555a81c,qwen3.5-4b/responses/state_202/USB_Male/Waterproof_Male.json,0.3688624000060372,C,-1.9854686260223389,0.13731624906896028,0.13731624906896028,0.13731624906896028,-1.316826581954956,0.2679843804815593,0.2679843804815593,0.2679843804815593,-0.521917998790741,0.5933813511164429,0.5933813511164429,0.5933813511164429
qwen3.5:4b,state_202,DSUB_Male,DSUB connector,DSUB_Male,Waterproof_Male,Waterproof_Male,False,False,False,../vlm_four_scene_20260925/input_crops/state_202/Waterproof_Male.png,7cc62a5ff425def58574827d00781d4317eb510bf765d2165d2b375c4555a81c,qwen3.5-4b/responses/state_202/DSUB_Male/Waterproof_Male.json,0.3391186999506317,A,-0.6890215277671814,0.5020670875070627,0.5020670875070627,0.5020670875070627,-1.6644339561462402,0.18929777850571836,0.18929777850571836,0.18929777850571836,-1.1786456108093262,0.30769519556195823,0.30769519556195823,0.30769519556195823
qwen3.5:4b,state_202,Gear_Large,Large gear,gear,M12_Hex_Nut,hex_nut,False,False,False,../vlm_four_scene_20260925/input_crops/state_202/M12_Hex_Nut.png,3718dec057ac940d14b25b665ed81c8e846d2ffe0ea118f40903b6a5da604056,qwen3.5-4b/responses/state_202/Gear_Large/M12_Hex_Nut.json,0.3252174000372179,A,-0.3693752884864807,0.6911659751390938,0.6911659751390938,0.6911659751390938,-1.9239274263381958,0.14603230328971006,0.14603230328971006,0.14603230328971006,-1.8203526735305786,0.16196861881533942,0.16196861881533942,0.16196861881533942
qwen3.5:4b,state_202,Gear_Medium,Medium gear,gear,M12_Hex_Nut,hex_nut,False,False,False,../vlm_four_scene_20260925/input_crops/state_202/M12_Hex_Nut.png,3718dec057ac940d14b25b665ed81c8e846d2ffe0ea118f40903b6a5da604056,qwen3.5-4b/responses/state_202/Gear_Medium/M12_Hex_Nut.json,0.04986160004045814,A,-0.3693752884864807,0.6911659751390938,0.6911659751390938,0.6911659751390938,-1.9239274263381958,0.14603230328971006,0.14603230328971006,0.14603230328971006,-1.8203526735305786,0.16196861881533942,0.16196861881533942,0.16196861881533942
qwen3.5:4b,state_202,Gear_Small,Small gear,gear,M12_Hex_Nut,hex_nut,False,False,False,../vlm_four_scene_20260925/input_crops/state_202/M12_Hex_Nut.png,3718dec057ac940d14b25b665ed81c8e846d2ffe0ea118f40903b6a5da604056,qwen3.5-4b/responses/state_202/Gear_Small/M12_Hex_Nut.json,0.050705700006801635,A,-0.3693752884864807,0.6911659751390938,0.6911659751390938,0.6911659751390938,-1.9239274263381958,0.14603230328971006,0.14603230328971006,0.14603230328971006,-1.8203526735305786,0.16196861881533942,0.16196861881533942,0.16196861881533942
qwen3.5:4b,state_202,Waterproof_Male,Waterproof connector,Waterproof_Male,M12_Hex_Nut,hex_nut,False,False,False,../vlm_four_scene_20260925/input_crops/state_202/M12_Hex_Nut.png,3718dec057ac940d14b25b665ed81c8e846d2ffe0ea118f40903b6a5da604056,qwen3.5-4b/responses/state_202/Waterproof_Male/M12_Hex_Nut.json,0.32531839999137446,A,-0.27388590574264526,0.7604188297333514,0.7604188297333514,0.7604188297333514,-2.2441275119781494,0.10602000121332762,0.10602000121332762,0.10602000121332762,-2.0218756198883057,0.13240688704335354,0.13240688704335354,0.13240688704335354
qwen3.5:4b,state_202,M12_Hex_Nut,M12 hex nut,hex_nut,M12_Hex_Nut,hex_nut,True,True,False,../vlm_four_scene_20260925/input_crops/state_202/M12_Hex_Nut.png,3718dec057ac940d14b25b665ed81c8e846d2ffe0ea118f40903b6a5da604056,qwen3.5-4b/responses/state_202/M12_Hex_Nut/M12_Hex_Nut.json,0.32688620005501434,A,-0.2548355162143707,0.7750439696434371,0.7750439696434371,0.7750439696434371,-2.1286473274230957,0.11899815056962547,0.11899815056962547,0.11899815056962547,-2.252708673477173,0.10511411878132831,0.10511411878132831,0.10511411878132831
qwen3.5:4b,state_202,M16_Hex_Nut,M16 hex nut,hex_nut,M12_Hex_Nut,hex_nut,False,True,False,../vlm_four_scene_20260925/input_crops/state_202/M12_Hex_Nut.png,3718dec057ac940d14b25b665ed81c8e846d2ffe0ea118f40903b6a5da604056,qwen3.5-4b/responses/state_202/M16_Hex_Nut/M12_Hex_Nut.json,0.0491345000336878,A,-0.2548355162143707,0.7750439696434371,0.7750439696434371,0.7750439696434371,-2.1286473274230957,0.11899815056962547,0.11899815056962547,0.11899815056962547,-2.252708673477173,0.10511411878132831,0.10511411878132831,0.10511411878132831
qwen3.5:4b,state_202,RGOCG16-50_16mm,16 mm round pin,round_pin,M12_Hex_Nut,hex_nut,False,False,False,../vlm_four_scene_20260925/input_crops/state_202/M12_Hex_Nut.png,3718dec057ac940d14b25b665ed81c8e846d2ffe0ea118f40903b6a5da604056,qwen3.5-4b/responses/state_202/RGOCG16-50_16mm/M12_Hex_Nut.json,0.3274035000358708,C,-0.9546741247177124,0.38493756575393717,0.38493756575393717,0.38493756575393717,-1.5803474187850952,0.20590355101564367,0.20590355101564367,0.20590355101564367,-0.8977168798446655,0.40749896758235366,0.40749896758235366,0.40749896758235366
qwen3.5:4b,state_202,RGOCG12-50_12mm,12 mm round pin,round_pin,M12_Hex_Nut,hex_nut,False,False,False,../vlm_four_scene_20260925/input_crops/state_202/M12_Hex_Nut.png,3718dec057ac940d14b25b665ed81c8e846d2ffe0ea118f40903b6a5da604056,qwen3.5-4b/responses/state_202/RGOCG12-50_12mm/M12_Hex_Nut.json,0.05018040002323687,C,-0.9546741247177124,0.38493756575393717,0.38493756575393717,0.38493756575393717,-1.5803474187850952,0.20590355101564367,0.20590355101564367,0.20590355101564367,-0.8977168798446655,0.40749896758235366,0.40749896758235366,0.40749896758235366
qwen3.5:4b,state_202,RGOCG8-50_8mm,8 mm round pin,round_pin,M12_Hex_Nut,hex_nut,False,False,False,../vlm_four_scene_20260925/input_crops/state_202/M12_Hex_Nut.png,3718dec057ac940d14b25b665ed81c8e846d2ffe0ea118f40903b6a5da604056,qwen3.5-4b/responses/state_202/RGOCG8-50_8mm/M12_Hex_Nut.json,0.047514800040517,C,-0.9546741247177124,0.38493756575393717,0.38493756575393717,0.38493756575393717,-1.5803474187850952,0.20590355101564367,0.20590355101564367,0.20590355101564367,-0.8977168798446655,0.40749896758235366,0.40749896758235366,0.40749896758235366
qwen3.5:4b,state_202,USB_Male,USB connector + cable,USB_Male,M12_Hex_Nut,hex_nut,False,False,False,../vlm_four_scene_20260925/input_crops/state_202/M12_Hex_Nut.png,3718dec057ac940d14b25b665ed81c8e846d2ffe0ea118f40903b6a5da604056,qwen3.5-4b/responses/state_202/USB_Male/M12_Hex_Nut.json,0.3352264999994077,C,-1.8319991827011108,0.1600931920969147,0.1600931920969147,0.1600931920969147,-1.615705966949463,0.19875030975176516,0.19875030975176516,0.19875030975176516,-0.44668617844581604,0.63974464243377,0.63974464243377,0.63974464243377
qwen3.5:4b,state_202,DSUB_Male,DSUB connector,DSUB_Male,M12_Hex_Nut,hex_nut,False,False,False,../vlm_four_scene_20260925/input_crops/state_202/M12_Hex_Nut.png,3718dec057ac940d14b25b665ed81c8e846d2ffe0ea118f40903b6a5da604056,qwen3.5-4b/responses/state_202/DSUB_Male/M12_Hex_Nut.json,0.35897910001222044,C,-1.5299352407455444,0.21654969045844472,0.21654969045844472,0.21654969045844472,-1.5976766347885132,0.20236614268446407,0.20236614268446407,0.20236614268446407,-0.5447133183479309,0.5800080371700557,0.5800080371700557,0.5800080371700557
qwen3.5:4b,state_202,Gear_Large,Large gear,gear,M16_Hex_Nut,hex_nut,False,False,False,../vlm_four_scene_20260925/input_crops/state_202/M16_Hex_Nut.png,0ba075552bcc00319db0033a5921c1693c2dd389f4f45ec5db2d02ec76429ef3,qwen3.5-4b/responses/state_202/Gear_Large/M16_Hex_Nut.json,0.35570240003289655,C,-1.133867859840393,0.321786222293909,0.321786222293909,0.321786222293909,-1.2358804941177368,0.2905787967749896,0.2905787967749896,0.2905787967749896,-0.9502168893814087,0.3866571525288442,0.3866571525288442,0.3866571525288442
qwen3.5:4b,state_202,Gear_Medium,Medium gear,gear,M16_Hex_Nut,hex_nut,False,False,False,../vlm_four_scene_20260925/input_crops/state_202/M16_Hex_Nut.png,0ba075552bcc00319db0033a5921c1693c2dd389f4f45ec5db2d02ec76429ef3,qwen3.5-4b/responses/state_202/Gear_Medium/M16_Hex_Nut.json,0.055144499987363815,C,-1.133867859840393,0.321786222293909,0.321786222293909,0.321786222293909,-1.2358804941177368,0.2905787967749896,0.2905787967749896,0.2905787967749896,-0.9502168893814087,0.3866571525288442,0.3866571525288442,0.3866571525288442
qwen3.5:4b,state_202,Gear_Small,Small gear,gear,M16_Hex_Nut,hex_nut,False,False,False,../vlm_four_scene_20260925/input_crops/state_202/M16_Hex_Nut.png,0ba075552bcc00319db0033a5921c1693c2dd389f4f45ec5db2d02ec76429ef3,qwen3.5-4b/responses/state_202/Gear_Small/M16_Hex_Nut.json,0.05098759999964386,C,-1.133867859840393,0.321786222293909,0.321786222293909,0.321786222293909,-1.2358804941177368,0.2905787967749896,0.2905787967749896,0.2905787967749896,-0.9502168893814087,0.3866571525288442,0.3866571525288442,0.3866571525288442
qwen3.5:4b,state_202,Waterproof_Male,Waterproof connector,Waterproof_Male,M16_Hex_Nut,hex_nut,False,False,False,../vlm_four_scene_20260925/input_crops/state_202/M16_Hex_Nut.png,0ba075552bcc00319db0033a5921c1693c2dd389f4f45ec5db2d02ec76429ef3,qwen3.5-4b/responses/state_202/Waterproof_Male/M16_Hex_Nut.json,0.3502369999769144,A,-0.6966342926025391,0.49825948043578844,0.49825948043578844,0.49825948043578844,-1.3549861907958984,0.25795085652325683,0.25795085652325683,0.25795085652325683,-1.4150562286376953,0.2429119544564538,0.2429119544564538,0.2429119544564538
qwen3.5:4b,state_202,M12_Hex_Nut,M12 hex nut,hex_nut,M16_Hex_Nut,hex_nut,False,True,False,../vlm_four_scene_20260925/input_crops/state_202/M16_Hex_Nut.png,0ba075552bcc00319db0033a5921c1693c2dd389f4f45ec5db2d02ec76429ef3,qwen3.5-4b/responses/state_202/M12_Hex_Nut/M16_Hex_Nut.json,0.3363159000291489,A,-0.20188045501708984,0.8171926133802192,0.8171926133802192,0.8171926133802192,-2.164811134338379,0.11477160896630505,0.11477160896630505,0.11477160896630505,-2.695370674133301,0.06751735019996444,0.06751735019996444,0.06751735019996444
qwen3.5:4b,state_202,M16_Hex_Nut,M16 hex nut,hex_nut,M16_Hex_Nut,hex_nut,True,True,False,../vlm_four_scene_20260925/input_crops/state_202/M16_Hex_Nut.png,0ba075552bcc00319db0033a5921c1693c2dd389f4f45ec5db2d02ec76429ef3,qwen3.5-4b/responses/state_202/M16_Hex_Nut/M16_Hex_Nut.json,0.0523617000435479,A,-0.20188045501708984,0.8171926133802192,0.8171926133802192,0.8171926133802192,-2.164811134338379,0.11477160896630505,0.11477160896630505,0.11477160896630505,-2.695370674133301,0.06751735019996444,0.06751735019996444,0.06751735019996444
qwen3.5:4b,state_202,RGOCG16-50_16mm,16 mm round pin,round_pin,M16_Hex_Nut,hex_nut,False,False,False,../vlm_four_scene_20260925/input_crops/state_202/M16_Hex_Nut.png,0ba075552bcc00319db0033a5921c1693c2dd389f4f45ec5db2d02ec76429ef3,qwen3.5-4b/responses/state_202/RGOCG16-50_16mm/M16_Hex_Nut.json,0.3549799000029452,C,-1.8838343620300293,0.1520061403321083,0.1520061403321083,0.1520061403321083,-0.9059100151062012,0.40417391333181313,0.40417391333181313,0.40417391333181313,-0.8146949410438538,0.4427743790508216,0.4427743790508216,0.4427743790508216
qwen3.5:4b,state_202,RGOCG12-50_12mm,12 mm round pin,round_pin,M16_Hex_Nut,hex_nut,False,False,False,../vlm_four_scene_20260925/input_crops/state_202/M16_Hex_Nut.png,0ba075552bcc00319db0033a5921c1693c2dd389f4f45ec5db2d02ec76429ef3,qwen3.5-4b/responses/state_202/RGOCG12-50_12mm/M16_Hex_Nut.json,0.057526799966581166,C,-1.8838343620300293,0.1520061403321083,0.1520061403321083,0.1520061403321083,-0.9059100151062012,0.40417391333181313,0.40417391333181313,0.40417391333181313,-0.8146949410438538,0.4427743790508216,0.4427743790508216,0.4427743790508216
qwen3.5:4b,state_202,RGOCG8-50_8mm,8 mm round pin,round_pin,M16_Hex_Nut,hex_nut,False,False,False,../vlm_four_scene_20260925/input_crops/state_202/M16_Hex_Nut.png,0ba075552bcc00319db0033a5921c1693c2dd389f4f45ec5db2d02ec76429ef3,qwen3.5-4b/responses/state_202/RGOCG8-50_8mm/M16_Hex_Nut.json,0.055418699979782104,C,-1.8838343620300293,0.1520061403321083,0.1520061403321083,0.1520061403321083,-0.9059100151062012,0.40417391333181313,0.40417391333181313,0.40417391333181313,-0.8146949410438538,0.4427743790508216,0.4427743790508216,0.4427743790508216
qwen3.5:4b,state_202,USB_Male,USB connector + cable,USB_Male,M16_Hex_Nut,hex_nut,False,False,False,../vlm_four_scene_20260925/input_crops/state_202/M16_Hex_Nut.png,0ba075552bcc00319db0033a5921c1693c2dd389f4f45ec5db2d02ec76429ef3,qwen3.5-4b/responses/state_202/USB_Male/M16_Hex_Nut.json,0.3431514000403695,C,-3.1763617992401123,0.04173722764167425,0.04173722764167425,0.04173722764167425,-1.2620912790298462,0.2830614466233226,0.2830614466233226,0.2830614466233226,-0.3943678140640259,0.674106064944565,0.674106064944565,0.674106064944565
qwen3.5:4b,state_202,DSUB_Male,DSUB connector,DSUB_Male,M16_Hex_Nut,hex_nut,False,False,False,../vlm_four_scene_20260925/input_crops/state_202/M16_Hex_Nut.png,0ba075552bcc00319db0033a5921c1693c2dd389f4f45ec5db2d02ec76429ef3,qwen3.5-4b/responses/state_202/DSUB_Male/M16_Hex_Nut.json,0.32553210004698485,C,-2.0033788681030273,0.13487877484002042,0.13487877484002042,0.13487877484002042,-0.9326068162918091,0.39352652076040545,0.39352652076040545,0.39352652076040545,-0.7532206773757935,0.47084765971664627,0.47084765971664627,0.47084765971664627
qwen3.5:4b,state_202,Gear_Large,Large gear,gear,RGOCG16-50_16mm,round_pin,False,False,False,../vlm_four_scene_20260925/input_crops/state_202/RGOCG16-50_16mm.png,c85b3a16f2ee10630cb2f8f1de795a4f7653eeb4dbefbe4387be155ffc8f6a9d,qwen3.5-4b/responses/state_202/Gear_Large/RGOCG16-50_16mm.json,0.3530340999714099,C,-2.9749374389648438,0.051050627684366696,0.051050627684366696,0.051050627684366696,-2.957765579223633,0.05193483189076589,0.05193483189076589,0.05193483189076589,-0.10977931320667267,0.8960318558755578,0.8960318558755578,0.8960318558755578
qwen3.5:4b,state_202,Gear_Medium,Medium gear,gear,RGOCG16-50_16mm,round_pin,False,False,False,../vlm_four_scene_20260925/input_crops/state_202/RGOCG16-50_16mm.png,c85b3a16f2ee10630cb2f8f1de795a4f7653eeb4dbefbe4387be155ffc8f6a9d,qwen3.5-4b/responses/state_202/Gear_Medium/RGOCG16-50_16mm.json,0.05389910005033016,C,-2.9749374389648438,0.051050627684366696,0.051050627684366696,0.051050627684366696,-2.957765579223633,0.05193483189076589,0.05193483189076589,0.05193483189076589,-0.10977931320667267,0.8960318558755578,0.8960318558755578,0.8960318558755578
qwen3.5:4b,state_202,Gear_Small,Small gear,gear,RGOCG16-50_16mm,round_pin,False,False,False,../vlm_four_scene_20260925/input_crops/state_202/RGOCG16-50_16mm.png,c85b3a16f2ee10630cb2f8f1de795a4f7653eeb4dbefbe4387be155ffc8f6a9d,qwen3.5-4b/responses/state_202/Gear_Small/RGOCG16-50_16mm.json,0.0504114999785088,C,-2.9749374389648438,0.051050627684366696,0.051050627684366696,0.051050627684366696,-2.957765579223633,0.05193483189076589,0.05193483189076589,0.05193483189076589,-0.10977931320667267,0.8960318558755578,0.8960318558755578,0.8960318558755578
qwen3.5:4b,state_202,Waterproof_Male,Waterproof connector,Waterproof_Male,RGOCG16-50_16mm,round_pin,False,False,False,../vlm_four_scene_20260925/input_crops/state_202/RGOCG16-50_16mm.png,c85b3a16f2ee10630cb2f8f1de795a4f7653eeb4dbefbe4387be155ffc8f6a9d,qwen3.5-4b/responses/state_202/Waterproof_Male/RGOCG16-50_16mm.json,0.36222429998451844,C,-2.7505252361297607,0.06389429280074502,0.06389429280074502,0.06389429280074502,-2.818171262741089,0.05971504604748785,0.05971504604748785,0.05971504604748785,-0.1329619437456131,0.8754984096649899,0.8754984096649899,0.8754984096649899
qwen3.5:4b,state_202,M12_Hex_Nut,M12 hex nut,hex_nut,RGOCG16-50_16mm,round_pin,False,False,False,../vlm_four_scene_20260925/input_crops/state_202/RGOCG16-50_16mm.png,c85b3a16f2ee10630cb2f8f1de795a4f7653eeb4dbefbe4387be155ffc8f6a9d,qwen3.5-4b/responses/state_202/M12_Hex_Nut/RGOCG16-50_16mm.json,0.35209619998931885,C,-3.3477540016174316,0.03516324206136226,0.03516324206136226,0.03516324206136226,-2.2339138984680176,0.10710839729695318,0.10710839729695318,0.10710839729695318,-0.15535594522953033,0.8561103948328741,0.8561103948328741,0.8561103948328741
qwen3.5:4b,state_202,M16_Hex_Nut,M16 hex nut,hex_nut,RGOCG16-50_16mm,round_pin,False,False,False,../vlm_four_scene_20260925/input_crops/state_202/RGOCG16-50_16mm.png,c85b3a16f2ee10630cb2f8f1de795a4f7653eeb4dbefbe4387be155ffc8f6a9d,qwen3.5-4b/responses/state_202/M16_Hex_Nut/RGOCG16-50_16mm.json,0.053909100010059774,C,-3.3477540016174316,0.03516324206136226,0.03516324206136226,0.03516324206136226,-2.2339138984680176,0.10710839729695318,0.10710839729695318,0.10710839729695318,-0.15535594522953033,0.8561103948328741,0.8561103948328741,0.8561103948328741
qwen3.5:4b,state_202,RGOCG16-50_16mm,16 mm round pin,round_pin,RGOCG16-50_16mm,round_pin,True,True,False,../vlm_four_scene_20260925/input_crops/state_202/RGOCG16-50_16mm.png,c85b3a16f2ee10630cb2f8f1de795a4f7653eeb4dbefbe4387be155ffc8f6a9d,qwen3.5-4b/responses/state_202/RGOCG16-50_16mm/RGOCG16-50_16mm.json,0.3449569999938831,A,-0.1419171690940857,0.8676931253170184,0.8676931253170184,0.8676931253170184,-2.954623222351074,0.052098286348300715,0.052098286348300715,0.052098286348300715,-2.5285654067993164,0.07977338058541401,0.07977338058541401,0.07977338058541401
qwen3.5:4b,state_202,RGOCG12-50_12mm,12 mm round pin,round_pin,RGOCG16-50_16mm,round_pin,False,True,False,../vlm_four_scene_20260925/input_crops/state_202/RGOCG16-50_16mm.png,c85b3a16f2ee10630cb2f8f1de795a4f7653eeb4dbefbe4387be155ffc8f6a9d,qwen3.5-4b/responses/state_202/RGOCG12-50_12mm/RGOCG16-50_16mm.json,0.0525848000543192,A,-0.1419171690940857,0.8676931253170184,0.8676931253170184,0.8676931253170184,-2.954623222351074,0.052098286348300715,0.052098286348300715,0.052098286348300715,-2.5285654067993164,0.07977338058541401,0.07977338058541401,0.07977338058541401
qwen3.5:4b,state_202,RGOCG8-50_8mm,8 mm round pin,round_pin,RGOCG16-50_16mm,round_pin,False,True,False,../vlm_four_scene_20260925/input_crops/state_202/RGOCG16-50_16mm.png,c85b3a16f2ee10630cb2f8f1de795a4f7653eeb4dbefbe4387be155ffc8f6a9d,qwen3.5-4b/responses/state_202/RGOCG8-50_8mm/RGOCG16-50_16mm.json,0.053381700010504574,A,-0.1419171690940857,0.8676931253170184,0.8676931253170184,0.8676931253170184,-2.954623222351074,0.052098286348300715,0.052098286348300715,0.052098286348300715,-2.5285654067993164,0.07977338058541401,0.07977338058541401,0.07977338058541401
qwen3.5:4b,state_202,USB_Male,USB connector + cable,USB_Male,RGOCG16-50_16mm,round_pin,False,False,False,../vlm_four_scene_20260925/input_crops/state_202/RGOCG16-50_16mm.png,c85b3a16f2ee10630cb2f8f1de795a4f7653eeb4dbefbe4387be155ffc8f6a9d,qwen3.5-4b/responses/state_202/USB_Male/RGOCG16-50_16mm.json,0.36438049998832867,C,-3.236800193786621,0.039289412682741776,0.039289412682741776,0.039289412682741776,-2.009646415710449,0.13403605933588883,0.13403605933588883,0.13403605933588883,-0.19111160933971405,0.8260403891837427,0.8260403891837427,0.8260403891837427
qwen3.5:4b,state_202,DSUB_Male,DSUB connector,DSUB_Male,RGOCG16-50_16mm,round_pin,False,False,False,../vlm_four_scene_20260925/input_crops/state_202/RGOCG16-50_16mm.png,c85b3a16f2ee10630cb2f8f1de795a4f7653eeb4dbefbe4387be155ffc8f6a9d,qwen3.5-4b/responses/state_202/DSUB_Male/RGOCG16-50_16mm.json,0.36028830002760515,C,-3.298973560333252,0.036921045183599496,0.036921045183599496,0.036921045183599496,-2.691235065460205,0.06779715371917035,0.06779715371917035,0.06779715371917035,-0.11192943900823593,0.8941073443755575,0.8941073443755575,0.8941073443755575
qwen3.5:4b,state_202,Gear_Large,Large gear,gear,RGOCG12-50_12mm,round_pin,False,False,False,../vlm_four_scene_20260925/input_crops/state_202/RGOCG12-50_12mm.png,bbb4a034468a62ce3f34a1a319fc879384d925839ada0d367263cbcbbff41d70,qwen3.5-4b/responses/state_202/Gear_Large/RGOCG12-50_12mm.json,0.3366645000060089,C,-3.0874223709106445,0.0456193928572799,0.0456193928572799,0.0456193928572799,-2.8352346420288086,0.05870474961614502,0.05870474961614502,0.05870474961614502,-0.11105812340974808,0.8948867335490979,0.8948867335490979,0.8948867335490979
qwen3.5:4b,state_202,Gear_Medium,Medium gear,gear,RGOCG12-50_12mm,round_pin,False,False,False,../vlm_four_scene_20260925/input_crops/state_202/RGOCG12-50_12mm.png,bbb4a034468a62ce3f34a1a319fc879384d925839ada0d367263cbcbbff41d70,qwen3.5-4b/responses/state_202/Gear_Medium/RGOCG12-50_12mm.json,0.050628800003323704,C,-3.0874223709106445,0.0456193928572799,0.0456193928572799,0.0456193928572799,-2.8352346420288086,0.05870474961614502,0.05870474961614502,0.05870474961614502,-0.11105812340974808,0.8948867335490979,0.8948867335490979,0.8948867335490979
qwen3.5:4b,state_202,Gear_Small,Small gear,gear,RGOCG12-50_12mm,round_pin,False,False,False,../vlm_four_scene_20260925/input_crops/state_202/RGOCG12-50_12mm.png,bbb4a034468a62ce3f34a1a319fc879384d925839ada0d367263cbcbbff41d70,qwen3.5-4b/responses/state_202/Gear_Small/RGOCG12-50_12mm.json,0.04860549996374175,C,-3.0874223709106445,0.0456193928572799,0.0456193928572799,0.0456193928572799,-2.8352346420288086,0.05870474961614502,0.05870474961614502,0.05870474961614502,-0.11105812340974808,0.8948867335490979,0.8948867335490979,0.8948867335490979
qwen3.5:4b,state_202,Waterproof_Male,Waterproof connector,Waterproof_Male,RGOCG12-50_12mm,round_pin,False,False,False,../vlm_four_scene_20260925/input_crops/state_202/RGOCG12-50_12mm.png,bbb4a034468a62ce3f34a1a319fc879384d925839ada0d367263cbcbbff41d70,qwen3.5-4b/responses/state_202/Waterproof_Male/RGOCG12-50_12mm.json,0.3322123000398278,C,-2.6519877910614014,0.07051091270072891,0.07051091270072891,0.07051091270072891,-2.32055926322937,0.09821864016742804,0.09821864016742804,0.09821864016742804,-0.18572497367858887,0.8305019734781347,0.8305019734781347,0.8305019734781347
qwen3.5:4b,state_202,M12_Hex_Nut,M12 hex nut,hex_nut,RGOCG12-50_12mm,round_pin,False,False,False,../vlm_four_scene_20260925/input_crops/state_202/RGOCG12-50_12mm.png,bbb4a034468a62ce3f34a1a319fc879384d925839ada0d367263cbcbbff41d70,qwen3.5-4b/responses/state_202/M12_Hex_Nut/RGOCG12-50_12mm.json,0.33106140000745654,C,-3.1899101734161377,0.04117556943369449,0.04117556943369449,0.04117556943369449,-1.779261827468872,0.16876267727326918,0.16876267727326918,0.16876267727326918,-0.23658113181591034,0.789321840589829,0.789321840589829,0.789321840589829
qwen3.5:4b,state_202,M16_Hex_Nut,M16 hex nut,hex_nut,RGOCG12-50_12mm,round_pin,False,False,False,../vlm_four_scene_20260925/input_crops/state_202/RGOCG12-50_12mm.png,bbb4a034468a62ce3f34a1a319fc879384d925839ada0d367263cbcbbff41d70,qwen3.5-4b/responses/state_202/M16_Hex_Nut/RGOCG12-50_12mm.json,0.05035209999186918,C,-3.1899101734161377,0.04117556943369449,0.04117556943369449,0.04117556943369449,-1.779261827468872,0.16876267727326918,0.16876267727326918,0.16876267727326918,-0.23658113181591034,0.789321840589829,0.789321840589829,0.789321840589829
qwen3.5:4b,state_202,RGOCG16-50_16mm,16 mm round pin,round_pin,RGOCG12-50_12mm,round_pin,False,True,False,../vlm_four_scene_20260925/input_crops/state_202/RGOCG12-50_12mm.png,bbb4a034468a62ce3f34a1a319fc879384d925839ada0d367263cbcbbff41d70,qwen3.5-4b/responses/state_202/RGOCG16-50_16mm/RGOCG12-50_12mm.json,0.32559039996704087,A,-0.09236857295036316,0.9117690342043975,0.9117690342043975,0.9117690342043975,-3.38197660446167,0.03398022285097239,0.03398022285097239,0.03398022285097239,-2.9219508171081543,0.05382857510113824,0.05382857510113824,0.05382857510113824
qwen3.5:4b,state_202,RGOCG12-50_12mm,12 mm round pin,round_pin,RGOCG12-50_12mm,round_pin,True,True,False,../vlm_four_scene_20260925/input_crops/state_202/RGOCG12-50_12mm.png,bbb4a034468a62ce3f34a1a319fc879384d925839ada0d367263cbcbbff41d70,qwen3.5-4b/responses/state_202/RGOCG12-50_12mm/RGOCG12-50_12mm.json,0.0494870999827981,A,-0.09236857295036316,0.9117690342043975,0.9117690342043975,0.9117690342043975,-3.38197660446167,0.03398022285097239,0.03398022285097239,0.03398022285097239,-2.9219508171081543,0.05382857510113824,0.05382857510113824,0.05382857510113824
qwen3.5:4b,state_202,RGOCG8-50_8mm,8 mm round pin,round_pin,RGOCG12-50_12mm,round_pin,False,True,False,../vlm_four_scene_20260925/input_crops/state_202/RGOCG12-50_12mm.png,bbb4a034468a62ce3f34a1a319fc879384d925839ada0d367263cbcbbff41d70,qwen3.5-4b/responses/state_202/RGOCG8-50_8mm/RGOCG12-50_12mm.json,0.04749259998789057,A,-0.09236857295036316,0.9117690342043975,0.9117690342043975,0.9117690342043975,-3.38197660446167,0.03398022285097239,0.03398022285097239,0.03398022285097239,-2.9219508171081543,0.05382857510113824,0.05382857510113824,0.05382857510113824
qwen3.5:4b,state_202,USB_Male,USB connector + cable,USB_Male,RGOCG12-50_12mm,round_pin,False,False,False,../vlm_four_scene_20260925/input_crops/state_202/RGOCG12-50_12mm.png,bbb4a034468a62ce3f34a1a319fc879384d925839ada0d367263cbcbbff41d70,qwen3.5-4b/responses/state_202/USB_Male/RGOCG12-50_12mm.json,0.3294686999870464,C,-3.0656094551086426,0.046625417104896816,0.046625417104896816,0.046625417104896816,-1.7672086954116821,0.1708091042611268,0.1708091042611268,0.1708091042611268,-0.2468458116054535,0.7812611456467475,0.7812611456467475,0.7812611456467475
qwen3.5:4b,state_202,DSUB_Male,DSUB connector,DSUB_Male,RGOCG12-50_12mm,round_pin,False,False,False,../vlm_four_scene_20260925/input_crops/state_202/RGOCG12-50_12mm.png,bbb4a034468a62ce3f34a1a319fc879384d925839ada0d367263cbcbbff41d70,qwen3.5-4b/responses/state_202/DSUB_Male/RGOCG12-50_12mm.json,0.333197099971585,C,-3.424340009689331,0.03257077028976055,0.03257077028976055,0.03257077028976055,-2.9085586071014404,0.0545543074163219,0.0545543074163219,0.0545543074163219,-0.09224575012922287,0.9118810271269094,0.9118810271269094,0.9118810271269094
qwen3.5:4b,state_202,Gear_Large,Large gear,gear,RGOCG8-50_8mm,round_pin,False,False,False,../vlm_four_scene_20260925/input_crops/state_202/RGOCG8-50_8mm.png,ed49e017a0769fe65094309e267d7d685bb07b4725667e6832021ce33158fc67,qwen3.5-4b/responses/state_202/Gear_Large/RGOCG8-50_8mm.json,0.3599137000273913,C,-3.306284189224243,0.036652113352163666,0.036652113352163666,0.036652113352163666,-3.2190535068511963,0.03999289335206052,0.03999289335206052,0.03999289335206052,-0.08107974380254745,0.9221201551450381,0.9221201551450381,0.9221201551450381
qwen3.5:4b,state_202,Gear_Medium,Medium gear,gear,RGOCG8-50_8mm,round_pin,False,False,False,../vlm_four_scene_20260925/input_crops/state_202/RGOCG8-50_8mm.png,ed49e017a0769fe65094309e267d7d685bb07b4725667e6832021ce33158fc67,qwen3.5-4b/responses/state_202/Gear_Medium/RGOCG8-50_8mm.json,0.06664899998577312,C,-3.306284189224243,0.036652113352163666,0.036652113352163666,0.036652113352163666,-3.2190535068511963,0.03999289335206052,0.03999289335206052,0.03999289335206052,-0.08107974380254745,0.9221201551450381,0.9221201551450381,0.9221201551450381
qwen3.5:4b,state_202,Gear_Small,Small gear,gear,RGOCG8-50_8mm,round_pin,False,False,False,../vlm_four_scene_20260925/input_crops/state_202/RGOCG8-50_8mm.png,ed49e017a0769fe65094309e267d7d685bb07b4725667e6832021ce33158fc67,qwen3.5-4b/responses/state_202/Gear_Small/RGOCG8-50_8mm.json,0.05688069999450818,C,-3.306284189224243,0.036652113352163666,0.036652113352163666,0.036652113352163666,-3.2190535068511963,0.03999289335206052,0.03999289335206052,0.03999289335206052,-0.08107974380254745,0.9221201551450381,0.9221201551450381,0.9221201551450381
qwen3.5:4b,state_202,Waterproof_Male,Waterproof connector,Waterproof_Male,RGOCG8-50_8mm,round_pin,False,False,False,../vlm_four_scene_20260925/input_crops/state_202/RGOCG8-50_8mm.png,ed49e017a0769fe65094309e267d7d685bb07b4725667e6832021ce33158fc67,qwen3.5-4b/responses/state_202/Waterproof_Male/RGOCG8-50_8mm.json,0.34234299999661744,C,-2.7931771278381348,0.06122638053558513,0.06122638053558513,0.06122638053558513,-2.9078869819641113,0.0545909597674747,0.0545909597674747,0.0545909597674747,-0.12417830526828766,0.8832223436449332,0.8832223436449332,0.8832223436449332
qwen3.5:4b,state_202,M12_Hex_Nut,M12 hex nut,hex_nut,RGOCG8-50_8mm,round_pin,False,False,False,../vlm_four_scene_20260925/input_crops/state_202/RGOCG8-50_8mm.png,ed49e017a0769fe65094309e267d7d685bb07b4725667e6832021ce33158fc67,qwen3.5-4b/responses/state_202/M12_Hex_Nut/RGOCG8-50_8mm.json,0.3554644999676384,C,-3.1821415424346924,0.04149669296816944,0.04149669296816944,0.04149669296816944,-2.448218584060669,0.08644744827504305,0.08644744827504305,0.08644744827504305,-0.13825716078281403,0.8708747081254566,0.8708747081254566,0.8708747081254566
qwen3.5:4b,state_202,M16_Hex_Nut,M16 hex nut,hex_nut,RGOCG8-50_8mm,round_pin,False,False,False,../vlm_four_scene_20260925/input_crops/state_202/RGOCG8-50_8mm.png,ed49e017a0769fe65094309e267d7d685bb07b4725667e6832021ce33158fc67,qwen3.5-4b/responses/state_202/M16_Hex_Nut/RGOCG8-50_8mm.json,0.05273469997337088,C,-3.1821415424346924,0.04149669296816944,0.04149669296816944,0.04149669296816944,-2.448218584060669,0.08644744827504305,0.08644744827504305,0.08644744827504305,-0.13825716078281403,0.8708747081254566,0.8708747081254566,0.8708747081254566
qwen3.5:4b,state_202,RGOCG16-50_16mm,16 mm round pin,round_pin,RGOCG8-50_8mm,round_pin,False,True,False,../vlm_four_scene_20260925/input_crops/state_202/RGOCG8-50_8mm.png,ed49e017a0769fe65094309e267d7d685bb07b4725667e6832021ce33158fc67,qwen3.5-4b/responses/state_202/RGOCG16-50_16mm/RGOCG8-50_8mm.json,0.3417225000448525,A,-0.09345532953739166,0.9107787014234323,0.9107787014234323,0.9107787014234323,-3.4037561416625977,0.03324815036118572,0.03324815036118572,0.03324815036118572,-2.894679069519043,0.055316775085515676,0.055316775085515676,0.055316775085515676
qwen3.5:4b,state_202,RGOCG12-50_12mm,12 mm round pin,round_pin,RGOCG8-50_8mm,round_pin,False,True,False,../vlm_four_scene_20260925/input_crops/state_202/RGOCG8-50_8mm.png,ed49e017a0769fe65094309e267d7d685bb07b4725667e6832021ce33158fc67,qwen3.5-4b/responses/state_202/RGOCG12-50_12mm/RGOCG8-50_8mm.json,0.053489700017962605,A,-0.09345532953739166,0.9107787014234323,0.9107787014234323,0.9107787014234323,-3.4037561416625977,0.03324815036118572,0.03324815036118572,0.03324815036118572,-2.894679069519043,0.055316775085515676,0.055316775085515676,0.055316775085515676
qwen3.5:4b,state_202,RGOCG8-50_8mm,8 mm round pin,round_pin,RGOCG8-50_8mm,round_pin,True,True,False,../vlm_four_scene_20260925/input_crops/state_202/RGOCG8-50_8mm.png,ed49e017a0769fe65094309e267d7d685bb07b4725667e6832021ce33158fc67,qwen3.5-4b/responses/state_202/RGOCG8-50_8mm/RGOCG8-50_8mm.json,0.04982250003376976,A,-0.09345532953739166,0.9107787014234323,0.9107787014234323,0.9107787014234323,-3.4037561416625977,0.03324815036118572,0.03324815036118572,0.03324815036118572,-2.894679069519043,0.055316775085515676,0.055316775085515676,0.055316775085515676
qwen3.5:4b,state_202,USB_Male,USB connector + cable,USB_Male,RGOCG8-50_8mm,round_pin,False,False,False,../vlm_four_scene_20260925/input_crops/state_202/RGOCG8-50_8mm.png,ed49e017a0769fe65094309e267d7d685bb07b4725667e6832021ce33158fc67,qwen3.5-4b/responses/state_202/USB_Male/RGOCG8-50_8mm.json,0.34159289998933673,C,-3.1786437034606934,0.04164209586784142,0.04164209586784142,0.04164209586784142,-2.069823741912842,0.12620802492976518,0.12620802492976518,0.12620802492976518,-0.18489594757556915,0.8311907667671158,0.8311907667671158,0.8311907667671158
qwen3.5:4b,state_202,DSUB_Male,DSUB connector,DSUB_Male,RGOCG8-50_8mm,round_pin,False,False,False,../vlm_four_scene_20260925/input_crops/state_202/RGOCG8-50_8mm.png,ed49e017a0769fe65094309e267d7d685bb07b4725667e6832021ce33158fc67,qwen3.5-4b/responses/state_202/DSUB_Male/RGOCG8-50_8mm.json,0.3396358999889344,C,-3.4536020755767822,0.03163149189854026,0.03163149189854026,0.03163149189854026,-3.5705530643463135,0.02814028598685443,0.02814028598685443,0.02814028598685443,-0.06308579444885254,0.9388629210068403,0.9388629210068403,0.9388629210068403
qwen3.5:4b,state_202,Gear_Large,Large gear,gear,USB_Male,USB_Male,False,False,False,../vlm_four_scene_20260925/input_crops/state_202/USB_Male.png,a0c930dd9c5206a04601a466c9f68dc4c1e3f4ee1c0f97f37b0b950adec45985,qwen3.5-4b/responses/state_202/Gear_Large/USB_Male.json,0.50075609999476,C,-4.0082106590271,0.01816587111041678,0.01816587111041678,0.01816587111041678,-1.5286632776260376,0.21682530892935348,0.21682530892935348,0.21682530892935348,-0.2700764238834381,0.7633211561406031,0.7633211561406031,0.7633211561406031
qwen3.5:4b,state_202,Gear_Medium,Medium gear,gear,USB_Male,USB_Male,False,False,False,../vlm_four_scene_20260925/input_crops/state_202/USB_Male.png,a0c930dd9c5206a04601a466c9f68dc4c1e3f4ee1c0f97f37b0b950adec45985,qwen3.5-4b/responses/state_202/Gear_Medium/USB_Male.json,0.062210200005210936,C,-4.0082106590271,0.01816587111041678,0.01816587111041678,0.01816587111041678,-1.5286632776260376,0.21682530892935348,0.21682530892935348,0.21682530892935348,-0.2700764238834381,0.7633211561406031,0.7633211561406031,0.7633211561406031
qwen3.5:4b,state_202,Gear_Small,Small gear,gear,USB_Male,USB_Male,False,False,False,../vlm_four_scene_20260925/input_crops/state_202/USB_Male.png,a0c930dd9c5206a04601a466c9f68dc4c1e3f4ee1c0f97f37b0b950adec45985,qwen3.5-4b/responses/state_202/Gear_Small/USB_Male.json,0.059611600008793175,C,-4.0082106590271,0.01816587111041678,0.01816587111041678,0.01816587111041678,-1.5286632776260376,0.21682530892935348,0.21682530892935348,0.21682530892935348,-0.2700764238834381,0.7633211561406031,0.7633211561406031,0.7633211561406031
qwen3.5:4b,state_202,Waterproof_Male,Waterproof connector,Waterproof_Male,USB_Male,USB_Male,False,False,False,../vlm_four_scene_20260925/input_crops/state_202/USB_Male.png,a0c930dd9c5206a04601a466c9f68dc4c1e3f4ee1c0f97f37b0b950adec45985,qwen3.5-4b/responses/state_202/Waterproof_Male/USB_Male.json,0.4050885999458842,B,-0.9257944226264954,0.3962165306373739,0.3962165306373739,0.3962165306373739,-0.7529333233833313,0.4709829791128606,0.4709829791128606,0.4709829791128606,-2.0286386013031006,0.13151444292014006,0.13151444292014006,0.13151444292014006
qwen3.5:4b,state_202,M12_Hex_Nut,M12 hex nut,hex_nut,USB_Male,USB_Male,False,False,False,../vlm_four_scene_20260925/input_crops/state_202/USB_Male.png,a0c930dd9c5206a04601a466c9f68dc4c1e3f4ee1c0f97f37b0b950adec45985,qwen3.5-4b/responses/state_202/M12_Hex_Nut/USB_Male.json,0.40417940000770614,C,-3.333332061767578,0.03567403870910953,0.03567403870910953,0.03567403870910953,-1.6079636812210083,0.20029506368522582,0.20029506368522582,0.20029506368522582,-0.2719002962112427,0.7619302246330127,0.7619302246330127,0.7619302246330127
qwen3.5:4b,state_202,M16_Hex_Nut,M16 hex nut,hex_nut,USB_Male,USB_Male,False,False,False,../vlm_four_scene_20260925/input_crops/state_202/USB_Male.png,a0c930dd9c5206a04601a466c9f68dc4c1e3f4ee1c0f97f37b0b950adec45985,qwen3.5-4b/responses/state_202/M16_Hex_Nut/USB_Male.json,0.06307809997815639,C,-3.333332061767578,0.03567403870910953,0.03567403870910953,0.03567403870910953,-1.6079636812210083,0.20029506368522582,0.20029506368522582,0.20029506368522582,-0.2719002962112427,0.7619302246330127,0.7619302246330127,0.7619302246330127
qwen3.5:4b,state_202,RGOCG16-50_16mm,16 mm round pin,round_pin,USB_Male,USB_Male,False,False,False,../vlm_four_scene_20260925/input_crops/state_202/USB_Male.png,a0c930dd9c5206a04601a466c9f68dc4c1e3f4ee1c0f97f37b0b950adec45985,qwen3.5-4b/responses/state_202/RGOCG16-50_16mm/USB_Male.json,0.40306899999268353,B,-1.395599126815796,0.24768459742061796,0.24768459742061796,0.24768459742061796,-0.7944523692131042,0.45182860243647127,0.45182860243647127,0.45182860243647127,-1.2054555416107178,0.29955550842811357,0.29955550842811357,0.29955550842811357
qwen3.5:4b,state_202,RGOCG12-50_12mm,12 mm round pin,round_pin,USB_Male,USB_Male,False,False,False,../vlm_four_scene_20260925/input_crops/state_202/USB_Male.png,a0c930dd9c5206a04601a466c9f68dc4c1e3f4ee1c0f97f37b0b950adec45985,qwen3.5-4b/responses/state_202/RGOCG12-50_12mm/USB_Male.json,0.07716339995386079,B,-1.395599126815796,0.24768459742061796,0.24768459742061796,0.24768459742061796,-0.7944523692131042,0.45182860243647127,0.45182860243647127,0.45182860243647127,-1.2054555416107178,0.29955550842811357,0.29955550842811357,0.29955550842811357
qwen3.5:4b,state_202,RGOCG8-50_8mm,8 mm round pin,round_pin,USB_Male,USB_Male,False,False,False,../vlm_four_scene_20260925/input_crops/state_202/USB_Male.png,a0c930dd9c5206a04601a466c9f68dc4c1e3f4ee1c0f97f37b0b950adec45985,qwen3.5-4b/responses/state_202/RGOCG8-50_8mm/USB_Male.json,0.058447099989280105,B,-1.395599126815796,0.24768459742061796,0.24768459742061796,0.24768459742061796,-0.7944523692131042,0.45182860243647127,0.45182860243647127,0.45182860243647127,-1.2054555416107178,0.29955550842811357,0.29955550842811357,0.29955550842811357
qwen3.5:4b,state_202,USB_Male,USB connector + cable,USB_Male,USB_Male,USB_Male,True,True,False,../vlm_four_scene_20260925/input_crops/state_202/USB_Male.png,a0c930dd9c5206a04601a466c9f68dc4c1e3f4ee1c0f97f37b0b950adec45985,qwen3.5-4b/responses/state_202/USB_Male/USB_Male.json,0.4189233999932185,A,-0.10398382693529129,0.9012398731141236,0.9012398731141236,0.9012398731141236,-2.60634708404541,0.07380365048405794,0.07380365048405794,0.07380365048405794,-3.707982063293457,0.02452696723496377,0.02452696723496377,0.02452696723496377
qwen3.5:4b,state_202,DSUB_Male,DSUB connector,DSUB_Male,USB_Male,USB_Male,False,False,False,../vlm_four_scene_20260925/input_crops/state_202/USB_Male.png,a0c930dd9c5206a04601a466c9f68dc4c1e3f4ee1c0f97f37b0b950adec45985,qwen3.5-4b/responses/state_202/DSUB_Male/USB_Male.json,0.40106909995665774,A,-0.2827259600162506,0.7537263107066036,0.7537263107066036,0.7537263107066036,-1.7177808284759521,0.17946396765972522,0.17946396765972522,0.17946396765972522,-2.7348666191101074,0.0649026633015583,0.0649026633015583,0.0649026633015583
qwen3.5:4b,state_202,Gear_Large,Large gear,gear,DSUB_Male,DSUB_Male,False,False,False,../vlm_four_scene_20260925/input_crops/state_202/DSUB_Male.png,7cc2d3860523df277d6407a141d1e6f5ac1825291a509806faae51c8b11dadd5,qwen3.5-4b/responses/state_202/Gear_Large/DSUB_Male.json,0.3527616999926977,C,-3.6474342346191406,0.02605790154217645,0.02605790154217645,0.02605790154217645,-1.6281529664993286,0.1962917970300345,0.1962917970300345,0.1962917970300345,-0.2539081871509552,0.7757630237902882,0.7757630237902882,0.7757630237902882
qwen3.5:4b,state_202,Gear_Medium,Medium gear,gear,DSUB_Male,DSUB_Male,False,False,False,../vlm_four_scene_20260925/input_crops/state_202/DSUB_Male.png,7cc2d3860523df277d6407a141d1e6f5ac1825291a509806faae51c8b11dadd5,qwen3.5-4b/responses/state_202/Gear_Medium/DSUB_Male.json,0.05272010003682226,C,-3.6474342346191406,0.02605790154217645,0.02605790154217645,0.02605790154217645,-1.6281529664993286,0.1962917970300345,0.1962917970300345,0.1962917970300345,-0.2539081871509552,0.7757630237902882,0.7757630237902882,0.7757630237902882
qwen3.5:4b,state_202,Gear_Small,Small gear,gear,DSUB_Male,DSUB_Male,False,False,False,../vlm_four_scene_20260925/input_crops/state_202/DSUB_Male.png,7cc2d3860523df277d6407a141d1e6f5ac1825291a509806faae51c8b11dadd5,qwen3.5-4b/responses/state_202/Gear_Small/DSUB_Male.json,0.05040260002715513,C,-3.6474342346191406,0.02605790154217645,0.02605790154217645,0.02605790154217645,-1.6281529664993286,0.1962917970300345,0.1962917970300345,0.1962917970300345,-0.2539081871509552,0.7757630237902882,0.7757630237902882,0.7757630237902882
qwen3.5:4b,state_202,Waterproof_Male,Waterproof connector,Waterproof_Male,DSUB_Male,DSUB_Male,False,False,False,../vlm_four_scene_20260925/input_crops/state_202/DSUB_Male.png,7cc2d3860523df277d6407a141d1e6f5ac1825291a509806faae51c8b11dadd5,qwen3.5-4b/responses/state_202/Waterproof_Male/DSUB_Male.json,0.36759939999319613,A,-0.10648345947265625,0.8989899178055725,0.8989899178055725,0.8989899178055725,-2.832775115966797,0.058849313183845675,0.058849313183845675,0.058849313183845675,-3.185344696044922,0.04136398534120022,0.04136398534120022,0.04136398534120022
qwen3.5:4b,state_202,M12_Hex_Nut,M12 hex nut,hex_nut,DSUB_Male,DSUB_Male,False,False,False,../vlm_four_scene_20260925/input_crops/state_202/DSUB_Male.png,7cc2d3860523df277d6407a141d1e6f5ac1825291a509806faae51c8b11dadd5,qwen3.5-4b/responses/state_202/M12_Hex_Nut/DSUB_Male.json,0.35342279996257275,C,-3.2488040924072266,0.03882060593966667,0.03882060593966667,0.03882060593966667,-1.8713704347610474,0.1539125900545533,0.1539125900545533,0.1539125900545533,-0.21657763421535492,0.8052700159900587,0.8052700159900587,0.8052700159900587
qwen3.5:4b,state_202,M16_Hex_Nut,M16 hex nut,hex_nut,DSUB_Male,DSUB_Male,False,False,False,../vlm_four_scene_20260925/input_crops/state_202/DSUB_Male.png,7cc2d3860523df277d6407a141d1e6f5ac1825291a509806faae51c8b11dadd5,qwen3.5-4b/responses/state_202/M16_Hex_Nut/DSUB_Male.json,0.05323449999559671,C,-3.2488040924072266,0.03882060593966667,0.03882060593966667,0.03882060593966667,-1.8713704347610474,0.1539125900545533,0.1539125900545533,0.1539125900545533,-0.21657763421535492,0.8052700159900587,0.8052700159900587,0.8052700159900587
qwen3.5:4b,state_202,RGOCG16-50_16mm,16 mm round pin,round_pin,DSUB_Male,DSUB_Male,False,False,False,../vlm_four_scene_20260925/input_crops/state_202/DSUB_Male.png,7cc2d3860523df277d6407a141d1e6f5ac1825291a509806faae51c8b11dadd5,qwen3.5-4b/responses/state_202/RGOCG16-50_16mm/DSUB_Male.json,0.3534316999721341,C,-2.288602352142334,0.10140809566138487,0.10140809566138487,0.10140809566138487,-0.9478545188903809,0.3875716597532572,0.3875716597532572,0.3875716597532572,-0.6748403906822205,0.5092376932022445,0.5092376932022445,0.5092376932022445
qwen3.5:4b,state_202,RGOCG12-50_12mm,12 mm round pin,round_pin,DSUB_Male,DSUB_Male,False,False,False,../vlm_four_scene_20260925/input_crops/state_202/DSUB_Male.png,7cc2d3860523df277d6407a141d1e6f5ac1825291a509806faae51c8b11dadd5,qwen3.5-4b/responses/state_202/RGOCG12-50_12mm/DSUB_Male.json,0.05321330000879243,C,-2.288602352142334,0.10140809566138487,0.10140809566138487,0.10140809566138487,-0.9478545188903809,0.3875716597532572,0.3875716597532572,0.3875716597532572,-0.6748403906822205,0.5092376932022445,0.5092376932022445,0.5092376932022445
qwen3.5:4b,state_202,RGOCG8-50_8mm,8 mm round pin,round_pin,DSUB_Male,DSUB_Male,False,False,False,../vlm_four_scene_20260925/input_crops/state_202/DSUB_Male.png,7cc2d3860523df277d6407a141d1e6f5ac1825291a509806faae51c8b11dadd5,qwen3.5-4b/responses/state_202/RGOCG8-50_8mm/DSUB_Male.json,0.05084290000377223,C,-2.288602352142334,0.10140809566138487,0.10140809566138487,0.10140809566138487,-0.9478545188903809,0.3875716597532572,0.3875716597532572,0.3875716597532572,-0.6748403906822205,0.5092376932022445,0.5092376932022445,0.5092376932022445
qwen3.5:4b,state_202,USB_Male,USB connector + cable,USB_Male,DSUB_Male,DSUB_Male,False,False,False,../vlm_four_scene_20260925/input_crops/state_202/DSUB_Male.png,7cc2d3860523df277d6407a141d1e6f5ac1825291a509806faae51c8b11dadd5,qwen3.5-4b/responses/state_202/USB_Male/DSUB_Male.json,0.35505479999119416,C,-1.4946590662002563,0.2243250716937788,0.2243250716937788,0.2243250716937788,-1.3813587427139282,0.25123695465852974,0.25123695465852974,0.25123695465852974,-0.6472679376602173,0.5234739884606792,0.5234739884606792,0.5234739884606792
qwen3.5:4b,state_202,DSUB_Male,DSUB connector,DSUB_Male,DSUB_Male,DSUB_Male,True,True,False,../vlm_four_scene_20260925/input_crops/state_202/DSUB_Male.png,7cc2d3860523df277d6407a141d1e6f5ac1825291a509806faae51c8b11dadd5,qwen3.5-4b/responses/state_202/DSUB_Male/DSUB_Male.json,0.3549845999805257,A,-0.14967918395996094,0.8609841496477156,0.8609841496477156,0.8609841496477156,-2.5182018280029297,0.08060441711924116,0.08060441711924116,0.08060441711924116,-2.8894290924072266,0.05560795055209415,0.05560795055209415,0.05560795055209415
qwen3.5:4b,state_303,Gear_Large,Large gear,gear,Gear_Large,gear,True,True,False,../vlm_four_scene_20260925/input_crops/state_303/Gear_Large.png,3334a7c27ecbce20a0d57b4f0c942261acbbda26e713d210fcce89e35b38b28e,qwen3.5-4b/responses/state_303/Gear_Large/Gear_Large.json,0.36818340001627803,A,-0.10468505322933197,0.9006081215441512,0.9006081215441512,0.9006081215441512,-2.9457590579986572,0.05256214695203024,0.05256214695203024,0.05256214695203024,-3.0895960330963135,0.04552033940146919,0.04552033940146919,0.04552033940146919
qwen3.5:4b,state_303,Gear_Medium,Medium gear,gear,Gear_Large,gear,False,True,False,../vlm_four_scene_20260925/input_crops/state_303/Gear_Large.png,3334a7c27ecbce20a0d57b4f0c942261acbbda26e713d210fcce89e35b38b28e,qwen3.5-4b/responses/state_303/Gear_Medium/Gear_Large.json,0.05462280003121123,A,-0.10468505322933197,0.9006081215441512,0.9006081215441512,0.9006081215441512,-2.9457590579986572,0.05256214695203024,0.05256214695203024,0.05256214695203024,-3.0895960330963135,0.04552033940146919,0.04552033940146919,0.04552033940146919
qwen3.5:4b,state_303,Gear_Small,Small gear,gear,Gear_Large,gear,False,True,False,../vlm_four_scene_20260925/input_crops/state_303/Gear_Large.png,3334a7c27ecbce20a0d57b4f0c942261acbbda26e713d210fcce89e35b38b28e,qwen3.5-4b/responses/state_303/Gear_Small/Gear_Large.json,0.051001900050323457,A,-0.10468505322933197,0.9006081215441512,0.9006081215441512,0.9006081215441512,-2.9457590579986572,0.05256214695203024,0.05256214695203024,0.05256214695203024,-3.0895960330963135,0.04552033940146919,0.04552033940146919,0.04552033940146919
qwen3.5:4b,state_303,Waterproof_Male,Waterproof connector,Waterproof_Male,Gear_Large,gear,False,False,False,../vlm_four_scene_20260925/input_crops/state_303/Gear_Large.png,3334a7c27ecbce20a0d57b4f0c942261acbbda26e713d210fcce89e35b38b28e,qwen3.5-4b/responses/state_303/Waterproof_Male/Gear_Large.json,0.36008890002267435,C,-2.6099917888641357,0.0735351475676656,0.0735351475676656,0.0735351475676656,-1.1233412027359009,0.3251914468882832,0.3251914468882832,0.3251914468882832,-0.5108209848403931,0.6000027833618145,0.6000027833618145,0.6000027833618145
qwen3.5:4b,state_303,M12_Hex_Nut,M12 hex nut,hex_nut,Gear_Large,gear,False,False,False,../vlm_four_scene_20260925/input_crops/state_303/Gear_Large.png,3334a7c27ecbce20a0d57b4f0c942261acbbda26e713d210fcce89e35b38b28e,qwen3.5-4b/responses/state_303/M12_Hex_Nut/Gear_Large.json,0.3586454999749549,B,-3.083935260772705,0.04577875039175475,0.04577875039175475,0.04577875039175475,-0.33915361762046814,0.7123730076370203,0.7123730076370203,0.7123730076370203,-1.4294341802597046,0.2394443662708274,0.2394443662708274,0.2394443662708274
qwen3.5:4b,state_303,M16_Hex_Nut,M16 hex nut,hex_nut,Gear_Large,gear,False,False,False,../vlm_four_scene_20260925/input_crops/state_303/Gear_Large.png,3334a7c27ecbce20a0d57b4f0c942261acbbda26e713d210fcce89e35b38b28e,qwen3.5-4b/responses/state_303/M16_Hex_Nut/Gear_Large.json,0.051950199995189905,B,-3.083935260772705,0.04577875039175475,0.04577875039175475,0.04577875039175475,-0.33915361762046814,0.7123730076370203,0.7123730076370203,0.7123730076370203,-1.4294341802597046,0.2394443662708274,0.2394443662708274,0.2394443662708274
qwen3.5:4b,state_303,RGOCG16-50_16mm,16 mm round pin,round_pin,Gear_Large,gear,False,False,False,../vlm_four_scene_20260925/input_crops/state_303/Gear_Large.png,3334a7c27ecbce20a0d57b4f0c942261acbbda26e713d210fcce89e35b38b28e,qwen3.5-4b/responses/state_303/RGOCG16-50_16mm/Gear_Large.json,0.3566564000211656,C,-3.151097297668457,0.0428051311170195,0.0428051311170195,0.0428051311170195,-1.7387819290161133,0.17573432718649193,0.17573432718649193,0.17573432718649193,-0.248745858669281,0.779778122054355,0.779778122054355,0.779778122054355
qwen3.5:4b,state_303,RGOCG12-50_12mm,12 mm round pin,round_pin,Gear_Large,gear,False,False,False,../vlm_four_scene_20260925/input_crops/state_303/Gear_Large.png,3334a7c27ecbce20a0d57b4f0c942261acbbda26e713d210fcce89e35b38b28e,qwen3.5-4b/responses/state_303/RGOCG12-50_12mm/Gear_Large.json,0.06987529998878017,C,-3.151097297668457,0.0428051311170195,0.0428051311170195,0.0428051311170195,-1.7387819290161133,0.17573432718649193,0.17573432718649193,0.17573432718649193,-0.248745858669281,0.779778122054355,0.779778122054355,0.779778122054355
qwen3.5:4b,state_303,RGOCG8-50_8mm,8 mm round pin,round_pin,Gear_Large,gear,False,False,False,../vlm_four_scene_20260925/input_crops/state_303/Gear_Large.png,3334a7c27ecbce20a0d57b4f0c942261acbbda26e713d210fcce89e35b38b28e,qwen3.5-4b/responses/state_303/RGOCG8-50_8mm/Gear_Large.json,0.048906899988651276,C,-3.151097297668457,0.0428051311170195,0.0428051311170195,0.0428051311170195,-1.7387819290161133,0.17573432718649193,0.17573432718649193,0.17573432718649193,-0.248745858669281,0.779778122054355,0.779778122054355,0.779778122054355
qwen3.5:4b,state_303,USB_Male,USB connector + cable,USB_Male,Gear_Large,gear,False,False,False,../vlm_four_scene_20260925/input_crops/state_303/Gear_Large.png,3334a7c27ecbce20a0d57b4f0c942261acbbda26e713d210fcce89e35b38b28e,qwen3.5-4b/responses/state_303/USB_Male/Gear_Large.json,0.3745579999522306,C,-4.034885406494141,0.017687706893392826,0.017687706893392826,0.017687706893392826,-2.5169107913970947,0.0807085475759863,0.0807085475759863,0.0807085475759863,-0.10553175210952759,0.8998459003875808,0.8998459003875808,0.8998459003875808
qwen3.5:4b,state_303,DSUB_Male,DSUB connector,DSUB_Male,Gear_Large,gear,False,False,False,../vlm_four_scene_20260925/input_crops/state_303/Gear_Large.png,3334a7c27ecbce20a0d57b4f0c942261acbbda26e713d210fcce89e35b38b28e,qwen3.5-4b/responses/state_303/DSUB_Male/Gear_Large.json,0.35841939999954775,C,-3.5860824584960938,0.027706660082543317,0.027706660082543317,0.027706660082543317,-3.1394386291503906,0.043307102424284497,0.043307102424284497,0.043307102424284497,-0.0753154307603836,0.9274508936440118,0.9274508936440118,0.9274508936440118
qwen3.5:4b,state_303,Gear_Large,Large gear,gear,Gear_Medium,gear,False,True,False,../vlm_four_scene_20260925/input_crops/state_303/Gear_Medium.png,0264008996cc496e20e9692d5fd146e86bf33a1bb7ded63f53afc0e916d128ef,qwen3.5-4b/responses/state_303/Gear_Large/Gear_Medium.json,0.36975400004303083,A,-0.09378620237112045,0.910477399342678,0.910477399342678,0.910477399342678,-3.2180023193359375,0.0400349554859731,0.0400349554859731,0.0400349554859731,-3.0139617919921875,0.049096781707980354,0.049096781707980354,0.049096781707980354
qwen3.5:4b,state_303,Gear_Medium,Medium gear,gear,Gear_Medium,gear,True,True,False,../vlm_four_scene_20260925/input_crops/state_303/Gear_Medium.png,0264008996cc496e20e9692d5fd146e86bf33a1bb7ded63f53afc0e916d128ef,qwen3.5-4b/responses/state_303/Gear_Medium/Gear_Medium.json,0.05553149996558204,A,-0.09378620237112045,0.910477399342678,0.910477399342678,0.910477399342678,-3.2180023193359375,0.0400349554859731,0.0400349554859731,0.0400349554859731,-3.0139617919921875,0.049096781707980354,0.049096781707980354,0.049096781707980354
qwen3.5:4b,state_303,Gear_Small,Small gear,gear,Gear_Medium,gear,False,True,False,../vlm_four_scene_20260925/input_crops/state_303/Gear_Medium.png,0264008996cc496e20e9692d5fd146e86bf33a1bb7ded63f53afc0e916d128ef,qwen3.5-4b/responses/state_303/Gear_Small/Gear_Medium.json,0.051068799977656454,A,-0.09378620237112045,0.910477399342678,0.910477399342678,0.910477399342678,-3.2180023193359375,0.0400349554859731,0.0400349554859731,0.0400349554859731,-3.0139617919921875,0.049096781707980354,0.049096781707980354,0.049096781707980354
qwen3.5:4b,state_303,Waterproof_Male,Waterproof connector,Waterproof_Male,Gear_Medium,gear,False,False,False,../vlm_four_scene_20260925/input_crops/state_303/Gear_Medium.png,0264008996cc496e20e9692d5fd146e86bf33a1bb7ded63f53afc0e916d128ef,qwen3.5-4b/responses/state_303/Waterproof_Male/Gear_Medium.json,0.3482808999833651,C,-2.380291700363159,0.09252358441041285,0.09252358441041285,0.09252358441041285,-1.2797743082046509,0.27810005827240347,0.27810005827240347,0.27810005827240347,-0.46503522992134094,0.628112976429093,0.628112976429093,0.628112976429093
qwen3.5:4b,state_303,M12_Hex_Nut,M12 hex nut,hex_nut,Gear_Medium,gear,False,False,False,../vlm_four_scene_20260925/input_crops/state_303/Gear_Medium.png,0264008996cc496e20e9692d5fd146e86bf33a1bb7ded63f53afc0e916d128ef,qwen3.5-4b/responses/state_303/M12_Hex_Nut/Gear_Medium.json,0.35494259995175526,B,-3.3491642475128174,0.035113688193358944,0.035113688193358944,0.035113688193358944,-0.20424184203147888,0.8152651819561334,0.8152651819561334,0.8152651819561334,-1.90803062915802,0.14837229913877162,0.14837229913877162,0.14837229913877162
qwen3.5:4b,state_303,M16_Hex_Nut,M16 hex nut,hex_nut,Gear_Medium,gear,False,False,False,../vlm_four_scene_20260925/input_crops/state_303/Gear_Medium.png,0264008996cc496e20e9692d5fd146e86bf33a1bb7ded63f53afc0e916d128ef,qwen3.5-4b/responses/state_303/M16_Hex_Nut/Gear_Medium.json,0.051993300032336265,B,-3.3491642475128174,0.035113688193358944,0.035113688193358944,0.035113688193358944,-0.20424184203147888,0.8152651819561334,0.8152651819561334,0.8152651819561334,-1.90803062915802,0.14837229913877162,0.14837229913877162,0.14837229913877162
qwen3.5:4b,state_303,RGOCG16-50_16mm,16 mm round pin,round_pin,Gear_Medium,gear,False,False,False,../vlm_four_scene_20260925/input_crops/state_303/Gear_Medium.png,0264008996cc496e20e9692d5fd146e86bf33a1bb7ded63f53afc0e916d128ef,qwen3.5-4b/responses/state_303/RGOCG16-50_16mm/Gear_Medium.json,0.36081969999941066,C,-3.024031162261963,0.04860488871641073,0.04860488871641073,0.04860488871641073,-0.9010241627693176,0.40615347938654855,0.40615347938654855,0.40615347938654855,-0.609424889087677,0.543663445963099,0.543663445963099,0.543663445963099
qwen3.5:4b,state_303,RGOCG12-50_12mm,12 mm round pin,round_pin,Gear_Medium,gear,False,False,False,../vlm_four_scene_20260925/input_crops/state_303/Gear_Medium.png,0264008996cc496e20e9692d5fd146e86bf33a1bb7ded63f53afc0e916d128ef,qwen3.5-4b/responses/state_303/RGOCG12-50_12mm/Gear_Medium.json,0.054269100015517324,C,-3.024031162261963,0.04860488871641073,0.04860488871641073,0.04860488871641073,-0.9010241627693176,0.40615347938654855,0.40615347938654855,0.40615347938654855,-0.609424889087677,0.543663445963099,0.543663445963099,0.543663445963099
qwen3.5:4b,state_303,RGOCG8-50_8mm,8 mm round pin,round_pin,Gear_Medium,gear,False,False,False,../vlm_four_scene_20260925/input_crops/state_303/Gear_Medium.png,0264008996cc496e20e9692d5fd146e86bf33a1bb7ded63f53afc0e916d128ef,qwen3.5-4b/responses/state_303/RGOCG8-50_8mm/Gear_Medium.json,0.05583550001028925,C,-3.024031162261963,0.04860488871641073,0.04860488871641073,0.04860488871641073,-0.9010241627693176,0.40615347938654855,0.40615347938654855,0.40615347938654855,-0.609424889087677,0.543663445963099,0.543663445963099,0.543663445963099
qwen3.5:4b,state_303,USB_Male,USB connector + cable,USB_Male,Gear_Medium,gear,False,False,False,../vlm_four_scene_20260925/input_crops/state_303/Gear_Medium.png,0264008996cc496e20e9692d5fd146e86bf33a1bb7ded63f53afc0e916d128ef,qwen3.5-4b/responses/state_303/USB_Male/Gear_Medium.json,0.3465321999974549,C,-4.503546237945557,0.011069671162962695,0.011069671162962695,0.011069671162962695,-2.1770312786102295,0.11337761807854094,0.11337761807854094,0.11337761807854094,-0.13558068871498108,0.873208701997742,0.873208701997742,0.873208701997742
qwen3.5:4b,state_303,DSUB_Male,DSUB connector,DSUB_Male,Gear_Medium,gear,False,False,False,../vlm_four_scene_20260925/input_crops/state_303/Gear_Medium.png,0264008996cc496e20e9692d5fd146e86bf33a1bb7ded63f53afc0e916d128ef,qwen3.5-4b/responses/state_303/DSUB_Male/Gear_Medium.json,0.34512090001953766,C,-3.6559391021728516,0.02583722229491106,0.02583722229491106,0.02583722229491106,-2.214252471923828,0.10923514006997323,0.10923514006997323,0.10923514006997323,-0.14674943685531616,0.8635103141719646,0.8635103141719646,0.8635103141719646
qwen3.5:4b,state_303,Gear_Large,Large gear,gear,Gear_Small,gear,False,True,False,../vlm_four_scene_20260925/input_crops/state_303/Gear_Small.png,a6cd20966d20d444c579237af1aaf1ad2879b7d4ba783c937f1ca7244ee9e529,qwen3.5-4b/responses/state_303/Gear_Large/Gear_Small.json,0.3362282000016421,A,-0.09966948628425598,0.9051365286404947,0.9051365286404947,0.9051365286404947,-3.2742910385131836,0.03784368943928523,0.03784368943928523,0.03784368943928523,-2.868283271789551,0.056796346824723995,0.056796346824723995,0.056796346824723995
qwen3.5:4b,state_303,Gear_Medium,Medium gear,gear,Gear_Small,gear,False,True,False,../vlm_four_scene_20260925/input_crops/state_303/Gear_Small.png,a6cd20966d20d444c579237af1aaf1ad2879b7d4ba783c937f1ca7244ee9e529,qwen3.5-4b/responses/state_303/Gear_Medium/Gear_Small.json,0.050334000028669834,A,-0.09966948628425598,0.9051365286404947,0.9051365286404947,0.9051365286404947,-3.2742910385131836,0.03784368943928523,0.03784368943928523,0.03784368943928523,-2.868283271789551,0.056796346824723995,0.056796346824723995,0.056796346824723995
qwen3.5:4b,state_303,Gear_Small,Small gear,gear,Gear_Small,gear,True,True,False,../vlm_four_scene_20260925/input_crops/state_303/Gear_Small.png,a6cd20966d20d444c579237af1aaf1ad2879b7d4ba783c937f1ca7244ee9e529,qwen3.5-4b/responses/state_303/Gear_Small/Gear_Small.json,0.04773749999003485,A,-0.09966948628425598,0.9051365286404947,0.9051365286404947,0.9051365286404947,-3.2742910385131836,0.03784368943928523,0.03784368943928523,0.03784368943928523,-2.868283271789551,0.056796346824723995,0.056796346824723995,0.056796346824723995
qwen3.5:4b,state_303,Waterproof_Male,Waterproof connector,Waterproof_Male,Gear_Small,gear,False,False,False,../vlm_four_scene_20260925/input_crops/state_303/Gear_Small.png,a6cd20966d20d444c579237af1aaf1ad2879b7d4ba783c937f1ca7244ee9e529,qwen3.5-4b/responses/state_303/Waterproof_Male/Gear_Small.json,0.33175710000796244,A,-0.8991863131523132,0.40690061475400924,0.40690061475400924,0.40690061475400924,-1.6373225450515747,0.19450011103464762,0.19450011103464762,0.19450011103464762,-0.92097008228302,0.39813263227778345,0.39813263227778345,0.39813263227778345
qwen3.5:4b,state_303,M12_Hex_Nut,M12 hex nut,hex_nut,Gear_Small,gear,False,False,False,../vlm_four_scene_20260925/input_crops/state_303/Gear_Small.png,a6cd20966d20d444c579237af1aaf1ad2879b7d4ba783c937f1ca7244ee9e529,qwen3.5-4b/responses/state_303/M12_Hex_Nut/Gear_Small.json,0.3429173000040464,B,-2.3110697269439697,0.09915512589722053,0.09915512589722053,0.09915512589722053,-0.5980474352836609,0.5498842731864635,0.5498842731864635,0.5498842731864635,-1.0483437776565552,0.3505178040474266,0.3505178040474266,0.3505178040474266
qwen3.5:4b,state_303,M16_Hex_Nut,M16 hex nut,hex_nut,Gear_Small,gear,False,False,False,../vlm_four_scene_20260925/input_crops/state_303/Gear_Small.png,a6cd20966d20d444c579237af1aaf1ad2879b7d4ba783c937f1ca7244ee9e529,qwen3.5-4b/responses/state_303/M16_Hex_Nut/Gear_Small.json,0.05268749996321276,B,-2.3110697269439697,0.09915512589722053,0.09915512589722053,0.09915512589722053,-0.5980474352836609,0.5498842731864635,0.5498842731864635,0.5498842731864635,-1.0483437776565552,0.3505178040474266,0.3505178040474266,0.3505178040474266
qwen3.5:4b,state_303,RGOCG16-50_16mm,16 mm round pin,round_pin,Gear_Small,gear,False,False,False,../vlm_four_scene_20260925/input_crops/state_303/Gear_Small.png,a6cd20966d20d444c579237af1aaf1ad2879b7d4ba783c937f1ca7244ee9e529,qwen3.5-4b/responses/state_303/RGOCG16-50_16mm/Gear_Small.json,0.3331424000207335,C,-2.396756172180176,0.09101270451270128,0.09101270451270128,0.09101270451270128,-1.482460856437683,0.22707819341364352,0.22707819341364352,0.22707819341364352,-0.3837384879589081,0.6813095745421456,0.6813095745421456,0.6813095745421456
qwen3.5:4b,state_303,RGOCG12-50_12mm,12 mm round pin,round_pin,Gear_Small,gear,False,False,False,../vlm_four_scene_20260925/input_crops/state_303/Gear_Small.png,a6cd20966d20d444c579237af1aaf1ad2879b7d4ba783c937f1ca7244ee9e529,qwen3.5-4b/responses/state_303/RGOCG12-50_12mm/Gear_Small.json,0.052473500021733344,C,-2.396756172180176,0.09101270451270128,0.09101270451270128,0.09101270451270128,-1.482460856437683,0.22707819341364352,0.22707819341364352,0.22707819341364352,-0.3837384879589081,0.6813095745421456,0.6813095745421456,0.6813095745421456
qwen3.5:4b,state_303,RGOCG8-50_8mm,8 mm round pin,round_pin,Gear_Small,gear,False,False,False,../vlm_four_scene_20260925/input_crops/state_303/Gear_Small.png,a6cd20966d20d444c579237af1aaf1ad2879b7d4ba783c937f1ca7244ee9e529,qwen3.5-4b/responses/state_303/RGOCG8-50_8mm/Gear_Small.json,0.05182510003214702,C,-2.396756172180176,0.09101270451270128,0.09101270451270128,0.09101270451270128,-1.482460856437683,0.22707819341364352,0.22707819341364352,0.22707819341364352,-0.3837384879589081,0.6813095745421456,0.6813095745421456,0.6813095745421456
qwen3.5:4b,state_303,USB_Male,USB connector + cable,USB_Male,Gear_Small,gear,False,False,False,../vlm_four_scene_20260925/input_crops/state_303/Gear_Small.png,a6cd20966d20d444c579237af1aaf1ad2879b7d4ba783c937f1ca7244ee9e529,qwen3.5-4b/responses/state_303/USB_Male/Gear_Small.json,0.33544190000975505,C,-3.512770414352417,0.029814202222532907,0.029814202222532907,0.029814202222532907,-2.474177122116089,0.08423227462301353,0.08423227462301353,0.08423227462301353,-0.12163417041301727,0.8854722412021908,0.8854722412021908,0.8854722412021908
qwen3.5:4b,state_303,DSUB_Male,DSUB connector,DSUB_Male,Gear_Small,gear,False,False,False,../vlm_four_scene_20260925/input_crops/state_303/Gear_Small.png,a6cd20966d20d444c579237af1aaf1ad2879b7d4ba783c937f1ca7244ee9e529,qwen3.5-4b/responses/state_303/DSUB_Male/Gear_Small.json,0.3331649000174366,C,-2.6747512817382812,0.06892396891273302,0.06892396891273302,0.06892396891273302,-2.9391746520996094,0.05290937936756687,0.05290937936756687,0.05290937936756687,-0.1305542290210724,0.877608899786765,0.877608899786765,0.877608899786765
qwen3.5:4b,state_303,Gear_Large,Large gear,gear,Waterproof_Male,Waterproof_Male,False,False,False,../vlm_four_scene_20260925/input_crops/state_303/Waterproof_Male.png,501944f5a366194deaf0627005d87557bb79cd97c1413a8f7396ce4a6b8a3e7f,qwen3.5-4b/responses/state_303/Gear_Large/Waterproof_Male.json,0.3682079999707639,C,-2.6819145679473877,0.06843201091833992,0.06843201091833992,0.06843201091833992,-1.2394229173660278,0.28955126474103726,0.28955126474103726,0.28955126474103726,-0.44503891468048096,0.6407993390455832,0.6407993390455832,0.6407993390455832
qwen3.5:4b,state_303,Gear_Medium,Medium gear,gear,Waterproof_Male,Waterproof_Male,False,False,False,../vlm_four_scene_20260925/input_crops/state_303/Waterproof_Male.png,501944f5a366194deaf0627005d87557bb79cd97c1413a8f7396ce4a6b8a3e7f,qwen3.5-4b/responses/state_303/Gear_Medium/Waterproof_Male.json,0.05165590002434328,C,-2.6819145679473877,0.06843201091833992,0.06843201091833992,0.06843201091833992,-1.2394229173660278,0.28955126474103726,0.28955126474103726,0.28955126474103726,-0.44503891468048096,0.6407993390455832,0.6407993390455832,0.6407993390455832
qwen3.5:4b,state_303,Gear_Small,Small gear,gear,Waterproof_Male,Waterproof_Male,False,False,False,../vlm_four_scene_20260925/input_crops/state_303/Waterproof_Male.png,501944f5a366194deaf0627005d87557bb79cd97c1413a8f7396ce4a6b8a3e7f,qwen3.5-4b/responses/state_303/Gear_Small/Waterproof_Male.json,0.054474800010211766,C,-2.6819145679473877,0.06843201091833992,0.06843201091833992,0.06843201091833992,-1.2394229173660278,0.28955126474103726,0.28955126474103726,0.28955126474103726,-0.44503891468048096,0.6407993390455832,0.6407993390455832,0.6407993390455832
qwen3.5:4b,state_303,Waterproof_Male,Waterproof connector,Waterproof_Male,Waterproof_Male,Waterproof_Male,True,True,False,../vlm_four_scene_20260925/input_crops/state_303/Waterproof_Male.png,501944f5a366194deaf0627005d87557bb79cd97c1413a8f7396ce4a6b8a3e7f,qwen3.5-4b/responses/state_303/Waterproof_Male/Waterproof_Male.json,0.3714715999667533,A,-0.23521661758422852,0.7903996166278365,0.7903996166278365,0.7903996166278365,-2.2496304512023926,0.10543818191644834,0.10543818191644834,0.10543818191644834,-2.270542621612549,0.10325613586812385,0.10325613586812385,0.10325613586812385
qwen3.5:4b,state_303,M12_Hex_Nut,M12 hex nut,hex_nut,Waterproof_Male,Waterproof_Male,False,False,False,../vlm_four_scene_20260925/input_crops/state_303/Waterproof_Male.png,501944f5a366194deaf0627005d87557bb79cd97c1413a8f7396ce4a6b8a3e7f,qwen3.5-4b/responses/state_303/M12_Hex_Nut/Waterproof_Male.json,0.3708388999802992,C,-2.9973509311676025,0.049919132585304074,0.049919132585304074,0.049919132585304074,-1.4073336124420166,0.24479513242119108,0.24479513242119108,0.24479513242119108,-0.3511889576911926,0.7038507432779368,0.7038507432779368,0.7038507432779368
qwen3.5:4b,state_303,M16_Hex_Nut,M16 hex nut,hex_nut,Waterproof_Male,Waterproof_Male,False,False,False,../vlm_four_scene_20260925/input_crops/state_303/Waterproof_Male.png,501944f5a366194deaf0627005d87557bb79cd97c1413a8f7396ce4a6b8a3e7f,qwen3.5-4b/responses/state_303/M16_Hex_Nut/Waterproof_Male.json,0.051182499970309436,C,-2.9973509311676025,0.049919132585304074,0.049919132585304074,0.049919132585304074,-1.4073336124420166,0.24479513242119108,0.24479513242119108,0.24479513242119108,-0.3511889576911926,0.7038507432779368,0.7038507432779368,0.7038507432779368
qwen3.5:4b,state_303,RGOCG16-50_16mm,16 mm round pin,round_pin,Waterproof_Male,Waterproof_Male,False,False,False,../vlm_four_scene_20260925/input_crops/state_303/Waterproof_Male.png,501944f5a366194deaf0627005d87557bb79cd97c1413a8f7396ce4a6b8a3e7f,qwen3.5-4b/responses/state_303/RGOCG16-50_16mm/Waterproof_Male.json,0.35781229997519404,C,-2.997788429260254,0.0498972978366899,0.0498972978366899,0.0498972978366899,-1.408864140510559,0.24442075317203488,0.24442075317203488,0.24442075317203488,-0.35147005319595337,0.7036529218026452,0.7036529218026452,0.7036529218026452
qwen3.5:4b,state_303,RGOCG12-50_12mm,12 mm round pin,round_pin,Waterproof_Male,Waterproof_Male,False,False,False,../vlm_four_scene_20260925/input_crops/state_303/Waterproof_Male.png,501944f5a366194deaf0627005d87557bb79cd97c1413a8f7396ce4a6b8a3e7f,qwen3.5-4b/responses/state_303/RGOCG12-50_12mm/Waterproof_Male.json,0.051430299994535744,C,-2.997788429260254,0.0498972978366899,0.0498972978366899,0.0498972978366899,-1.408864140510559,0.24442075317203488,0.24442075317203488,0.24442075317203488,-0.35147005319595337,0.7036529218026452,0.7036529218026452,0.7036529218026452
qwen3.5:4b,state_303,RGOCG8-50_8mm,8 mm round pin,round_pin,Waterproof_Male,Waterproof_Male,False,False,False,../vlm_four_scene_20260925/input_crops/state_303/Waterproof_Male.png,501944f5a366194deaf0627005d87557bb79cd97c1413a8f7396ce4a6b8a3e7f,qwen3.5-4b/responses/state_303/RGOCG8-50_8mm/Waterproof_Male.json,0.04904010001337156,C,-2.997788429260254,0.0498972978366899,0.0498972978366899,0.0498972978366899,-1.408864140510559,0.24442075317203488,0.24442075317203488,0.24442075317203488,-0.35147005319595337,0.7036529218026452,0.7036529218026452,0.7036529218026452
qwen3.5:4b,state_303,USB_Male,USB connector + cable,USB_Male,Waterproof_Male,Waterproof_Male,False,False,False,../vlm_four_scene_20260925/input_crops/state_303/Waterproof_Male.png,501944f5a366194deaf0627005d87557bb79cd97c1413a8f7396ce4a6b8a3e7f,qwen3.5-4b/responses/state_303/USB_Male/Waterproof_Male.json,0.35550229996442795,C,-2.2567102909088135,0.10469433276299295,0.10469433276299295,0.10469433276299295,-1.1296387910842896,0.3231499599904594,0.3231499599904594,0.3231499599904594,-0.5594159960746765,0.5715427496116967,0.5715427496116967,0.5715427496116967
qwen3.5:4b,state_303,DSUB_Male,DSUB connector,DSUB_Male,Waterproof_Male,Waterproof_Male,False,False,False,../vlm_four_scene_20260925/input_crops/state_303/Waterproof_Male.png,501944f5a366194deaf0627005d87557bb79cd97c1413a8f7396ce4a6b8a3e7f,qwen3.5-4b/responses/state_303/DSUB_Male/Waterproof_Male.json,0.35506939998595044,C,-1.3625980615615845,0.25599482192526224,0.25599482192526224,0.25599482192526224,-1.108279824256897,0.3301263482688882,0.3301263482688882,0.3301263482688882,-0.8853718042373657,0.41256075292354016,0.41256075292354016,0.41256075292354016
qwen3.5:4b,state_303,Gear_Large,Large gear,gear,M12_Hex_Nut,hex_nut,False,False,False,../vlm_four_scene_20260925/input_crops/state_303/M12_Hex_Nut.png,baedfe7904344e7e4677127433e020ed849aa2b1eb60d26e01f65855ed1d0aca,qwen3.5-4b/responses/state_303/Gear_Large/M12_Hex_Nut.json,0.32904290000442415,A,-0.2513678967952728,0.7777361922672602,0.7777361922672602,0.7777361922672602,-2.564188241958618,0.07698164655575555,0.07698164655575555,0.07698164655575555,-1.93402898311615,0.1445645753359793,0.1445645753359793,0.1445645753359793
qwen3.5:4b,state_303,Gear_Medium,Medium gear,gear,M12_Hex_Nut,hex_nut,False,False,False,../vlm_four_scene_20260925/input_crops/state_303/M12_Hex_Nut.png,baedfe7904344e7e4677127433e020ed849aa2b1eb60d26e01f65855ed1d0aca,qwen3.5-4b/responses/state_303/Gear_Medium/M12_Hex_Nut.json,0.049092100001871586,A,-0.2513678967952728,0.7777361922672602,0.7777361922672602,0.7777361922672602,-2.564188241958618,0.07698164655575555,0.07698164655575555,0.07698164655575555,-1.93402898311615,0.1445645753359793,0.1445645753359793,0.1445645753359793
qwen3.5:4b,state_303,Gear_Small,Small gear,gear,M12_Hex_Nut,hex_nut,False,False,False,../vlm_four_scene_20260925/input_crops/state_303/M12_Hex_Nut.png,baedfe7904344e7e4677127433e020ed849aa2b1eb60d26e01f65855ed1d0aca,qwen3.5-4b/responses/state_303/Gear_Small/M12_Hex_Nut.json,0.047646199993323535,A,-0.2513678967952728,0.7777361922672602,0.7777361922672602,0.7777361922672602,-2.564188241958618,0.07698164655575555,0.07698164655575555,0.07698164655575555,-1.93402898311615,0.1445645753359793,0.1445645753359793,0.1445645753359793
qwen3.5:4b,state_303,Waterproof_Male,Waterproof connector,Waterproof_Male,M12_Hex_Nut,hex_nut,False,False,False,../vlm_four_scene_20260925/input_crops/state_303/M12_Hex_Nut.png,baedfe7904344e7e4677127433e020ed849aa2b1eb60d26e01f65855ed1d0aca,qwen3.5-4b/responses/state_303/Waterproof_Male/M12_Hex_Nut.json,0.3464957000105642,A,-0.3934492766857147,0.6747255410245753,0.6747255410245753,0.6747255410245753,-2.0279078483581543,0.13161058260950928,0.13161058260950928,0.13161058260950928,-1.6459670066833496,0.19282600856969773,0.19282600856969773,0.19282600856969773
qwen3.5:4b,state_303,M12_Hex_Nut,M12 hex nut,hex_nut,M12_Hex_Nut,hex_nut,True,True,False,../vlm_four_scene_20260925/input_crops/state_303/M12_Hex_Nut.png,baedfe7904344e7e4677127433e020ed849aa2b1eb60d26e01f65855ed1d0aca,qwen3.5-4b/responses/state_303/M12_Hex_Nut/M12_Hex_Nut.json,0.33583470003213733,A,-0.8973060250282288,0.40766642489384375,0.40766642489384375,0.40766642489384375,-1.510257363319397,0.22085313114961827,0.22085313114961827,0.22085313114961827,-0.992566704750061,0.3706241862863252,0.3706241862863252,0.3706241862863252
qwen3.5:4b,state_303,M16_Hex_Nut,M16 hex nut,hex_nut,M12_Hex_Nut,hex_nut,False,True,False,../vlm_four_scene_20260925/input_crops/state_303/M12_Hex_Nut.png,baedfe7904344e7e4677127433e020ed849aa2b1eb60d26e01f65855ed1d0aca,qwen3.5-4b/responses/state_303/M16_Hex_Nut/M12_Hex_Nut.json,0.05235380004160106,A,-0.8973060250282288,0.40766642489384375,0.40766642489384375,0.40766642489384375,-1.510257363319397,0.22085313114961827,0.22085313114961827,0.22085313114961827,-0.992566704750061,0.3706241862863252,0.3706241862863252,0.3706241862863252
qwen3.5:4b,state_303,RGOCG16-50_16mm,16 mm round pin,round_pin,M12_Hex_Nut,hex_nut,False,False,False,../vlm_four_scene_20260925/input_crops/state_303/M12_Hex_Nut.png,baedfe7904344e7e4677127433e020ed849aa2b1eb60d26e01f65855ed1d0aca,qwen3.5-4b/responses/state_303/RGOCG16-50_16mm/M12_Hex_Nut.json,0.3433530000038445,C,-0.966683030128479,0.3803425328178261,0.3803425328178261,0.3803425328178261,-1.8470978736877441,0.15769415122447794,0.15769415122447794,0.15769415122447794,-0.7747388482093811,0.46082411032774456,0.46082411032774456,0.46082411032774456
qwen3.5:4b,state_303,RGOCG12-50_12mm,12 mm round pin,round_pin,M12_Hex_Nut,hex_nut,False,False,False,../vlm_four_scene_20260925/input_crops/state_303/M12_Hex_Nut.png,baedfe7904344e7e4677127433e020ed849aa2b1eb60d26e01f65855ed1d0aca,qwen3.5-4b/responses/state_303/RGOCG12-50_12mm/M12_Hex_Nut.json,0.05104729998856783,C,-0.966683030128479,0.3803425328178261,0.3803425328178261,0.3803425328178261,-1.8470978736877441,0.15769415122447794,0.15769415122447794,0.15769415122447794,-0.7747388482093811,0.46082411032774456,0.46082411032774456,0.46082411032774456
qwen3.5:4b,state_303,RGOCG8-50_8mm,8 mm round pin,round_pin,M12_Hex_Nut,hex_nut,False,False,False,../vlm_four_scene_20260925/input_crops/state_303/M12_Hex_Nut.png,baedfe7904344e7e4677127433e020ed849aa2b1eb60d26e01f65855ed1d0aca,qwen3.5-4b/responses/state_303/RGOCG8-50_8mm/M12_Hex_Nut.json,0.04874820000259206,C,-0.966683030128479,0.3803425328178261,0.3803425328178261,0.3803425328178261,-1.8470978736877441,0.15769415122447794,0.15769415122447794,0.15769415122447794,-0.7747388482093811,0.46082411032774456,0.46082411032774456,0.46082411032774456
qwen3.5:4b,state_303,USB_Male,USB connector + cable,USB_Male,M12_Hex_Nut,hex_nut,False,False,False,../vlm_four_scene_20260925/input_crops/state_303/M12_Hex_Nut.png,baedfe7904344e7e4677127433e020ed849aa2b1eb60d26e01f65855ed1d0aca,qwen3.5-4b/responses/state_303/USB_Male/M12_Hex_Nut.json,0.3343967000255361,C,-2.1314234733581543,0.1186682524721499,0.1186682524721499,0.1186682524721499,-1.744431972503662,0.17474422030303724,0.17474422030303724,0.17474422030303724,-0.3487773537635803,0.7055502008805465,0.7055502008805465,0.7055502008805465
qwen3.5:4b,state_303,DSUB_Male,DSUB connector,DSUB_Male,M12_Hex_Nut,hex_nut,False,False,False,../vlm_four_scene_20260925/input_crops/state_303/M12_Hex_Nut.png,baedfe7904344e7e4677127433e020ed849aa2b1eb60d26e01f65855ed1d0aca,qwen3.5-4b/responses/state_303/DSUB_Male/M12_Hex_Nut.json,0.3324869999778457,A,-0.6752347946166992,0.5090368874543523,0.5090368874543523,0.5090368874543523,-1.797495722770691,0.16571336122443092,0.16571336122443092,0.16571336122443092,-1.1257085800170898,0.32442250658990496,0.32442250658990496,0.32442250658990496
qwen3.5:4b,state_303,Gear_Large,Large gear,gear,M16_Hex_Nut,hex_nut,False,False,False,../vlm_four_scene_20260925/input_crops/state_303/M16_Hex_Nut.png,833d5826b6258166aa076165f38a3b094d64d204a81c4b806c996e3191b00983,qwen3.5-4b/responses/state_303/Gear_Large/M16_Hex_Nut.json,0.3425137000158429,A,-0.3888198435306549,0.6778563792262631,0.6778563792262631,0.6778563792262631,-2.0213804244995117,0.13247247056024936,0.13247247056024936,0.13247247056024936,-1.665335774421692,0.18912714326211452,0.18912714326211452,0.18912714326211452
qwen3.5:4b,state_303,Gear_Medium,Medium gear,gear,M16_Hex_Nut,hex_nut,False,False,False,../vlm_four_scene_20260925/input_crops/state_303/M16_Hex_Nut.png,833d5826b6258166aa076165f38a3b094d64d204a81c4b806c996e3191b00983,qwen3.5-4b/responses/state_303/Gear_Medium/M16_Hex_Nut.json,0.04857839999021962,A,-0.3888198435306549,0.6778563792262631,0.6778563792262631,0.6778563792262631,-2.0213804244995117,0.13247247056024936,0.13247247056024936,0.13247247056024936,-1.665335774421692,0.18912714326211452,0.18912714326211452,0.18912714326211452
qwen3.5:4b,state_303,Gear_Small,Small gear,gear,M16_Hex_Nut,hex_nut,False,False,False,../vlm_four_scene_20260925/input_crops/state_303/M16_Hex_Nut.png,833d5826b6258166aa076165f38a3b094d64d204a81c4b806c996e3191b00983,qwen3.5-4b/responses/state_303/Gear_Small/M16_Hex_Nut.json,0.04707790003158152,A,-0.3888198435306549,0.6778563792262631,0.6778563792262631,0.6778563792262631,-2.0213804244995117,0.13247247056024936,0.13247247056024936,0.13247247056024936,-1.665335774421692,0.18912714326211452,0.18912714326211452,0.18912714326211452
qwen3.5:4b,state_303,Waterproof_Male,Waterproof connector,Waterproof_Male,M16_Hex_Nut,hex_nut,False,False,False,../vlm_four_scene_20260925/input_crops/state_303/M16_Hex_Nut.png,833d5826b6258166aa076165f38a3b094d64d204a81c4b806c996e3191b00983,qwen3.5-4b/responses/state_303/Waterproof_Male/M16_Hex_Nut.json,0.3282813999685459,C,-0.9558491110801697,0.3844855349807816,0.3844855349807816,0.3844855349807816,-1.734062671661377,0.17656562270845774,0.17656562270845774,0.17656562270845774,-0.8253254890441895,0.43809237498759374,0.43809237498759374,0.43809237498759374
qwen3.5:4b,state_303,M12_Hex_Nut,M12 hex nut,hex_nut,M16_Hex_Nut,hex_nut,False,True,False,../vlm_four_scene_20260925/input_crops/state_303/M16_Hex_Nut.png,833d5826b6258166aa076165f38a3b094d64d204a81c4b806c996e3191b00983,qwen3.5-4b/responses/state_303/M12_Hex_Nut/M16_Hex_Nut.json,0.3267414000001736,A,-0.8461264371871948,0.42907376125035207,0.42907376125035207,0.42907376125035207,-1.329208254814148,0.26468674281527316,0.26468674281527316,0.26468674281527316,-1.1871336698532104,0.3050945135599933,0.3050945135599933,0.3050945135599933
qwen3.5:4b,state_303,M16_Hex_Nut,M16 hex nut,hex_nut,M16_Hex_Nut,hex_nut,True,True,False,../vlm_four_scene_20260925/input_crops/state_303/M16_Hex_Nut.png,833d5826b6258166aa076165f38a3b094d64d204a81c4b806c996e3191b00983,qwen3.5-4b/responses/state_303/M16_Hex_Nut/M16_Hex_Nut.json,0.049305499996989965,A,-0.8461264371871948,0.42907376125035207,0.42907376125035207,0.42907376125035207,-1.329208254814148,0.26468674281527316,0.26468674281527316,0.26468674281527316,-1.1871336698532104,0.3050945135599933,0.3050945135599933,0.3050945135599933
qwen3.5:4b,state_303,RGOCG16-50_16mm,16 mm round pin,round_pin,M16_Hex_Nut,hex_nut,False,False,False,../vlm_four_scene_20260925/input_crops/state_303/M16_Hex_Nut.png,833d5826b6258166aa076165f38a3b094d64d204a81c4b806c996e3191b00983,qwen3.5-4b/responses/state_303/RGOCG16-50_16mm/M16_Hex_Nut.json,0.33220790000632405,C,-1.6463208198547363,0.19275779625599893,0.19275779625599893,0.19275779625599893,-1.3525415658950806,0.2585822210205571,0.2585822210205571,0.2585822210205571,-0.601686954498291,0.547886596305194,0.547886596305194,0.547886596305194
qwen3.5:4b,state_303,RGOCG12-50_12mm,12 mm round pin,round_pin,M16_Hex_Nut,hex_nut,False,False,False,../vlm_four_scene_20260925/input_crops/state_303/M16_Hex_Nut.png,833d5826b6258166aa076165f38a3b094d64d204a81c4b806c996e3191b00983,qwen3.5-4b/responses/state_303/RGOCG12-50_12mm/M16_Hex_Nut.json,0.05011229997035116,C,-1.6463208198547363,0.19275779625599893,0.19275779625599893,0.19275779625599893,-1.3525415658950806,0.2585822210205571,0.2585822210205571,0.2585822210205571,-0.601686954498291,0.547886596305194,0.547886596305194,0.547886596305194
qwen3.5:4b,state_303,RGOCG8-50_8mm,8 mm round pin,round_pin,M16_Hex_Nut,hex_nut,False,False,False,../vlm_four_scene_20260925/input_crops/state_303/M16_Hex_Nut.png,833d5826b6258166aa076165f38a3b094d64d204a81c4b806c996e3191b00983,qwen3.5-4b/responses/state_303/RGOCG8-50_8mm/M16_Hex_Nut.json,0.04824949998874217,C,-1.6463208198547363,0.19275779625599893,0.19275779625599893,0.19275779625599893,-1.3525415658950806,0.2585822210205571,0.2585822210205571,0.2585822210205571,-0.601686954498291,0.547886596305194,0.547886596305194,0.547886596305194
qwen3.5:4b,state_303,USB_Male,USB connector + cable,USB_Male,M16_Hex_Nut,hex_nut,False,False,False,../vlm_four_scene_20260925/input_crops/state_303/M16_Hex_Nut.png,833d5826b6258166aa076165f38a3b094d64d204a81c4b806c996e3191b00983,qwen3.5-4b/responses/state_303/USB_Male/M16_Hex_Nut.json,0.331960900046397,C,-2.8900060653686523,0.055575875522287564,0.055575875522287564,0.055575875522287564,-1.7172592878341675,0.17955758982435546,0.17955758982435546,0.17955758982435546,-0.2691144049167633,0.7640558389031893,0.7640558389031893,0.7640558389031893
qwen3.5:4b,state_303,DSUB_Male,DSUB connector,DSUB_Male,M16_Hex_Nut,hex_nut,False,False,False,../vlm_four_scene_20260925/input_crops/state_303/M16_Hex_Nut.png,833d5826b6258166aa076165f38a3b094d64d204a81c4b806c996e3191b00983,qwen3.5-4b/responses/state_303/DSUB_Male/M16_Hex_Nut.json,0.3293646999518387,C,-1.647326946258545,0.19256395507836127,0.19256395507836127,0.19256395507836127,-1.7853981256484985,0.1677302699829498,0.1677302699829498,0.1677302699829498,-0.4481235146522522,0.6388257748153683,0.6388257748153683,0.6388257748153683
qwen3.5:4b,state_303,Gear_Large,Large gear,gear,RGOCG16-50_16mm,round_pin,False,False,False,../vlm_four_scene_20260925/input_crops/state_303/RGOCG16-50_16mm.png,2e39713dfb973c1a397f75571d18003b6276e302abf6a15d46a7d8e0985e5dae,qwen3.5-4b/responses/state_303/Gear_Large/RGOCG16-50_16mm.json,0.3340526999672875,C,-3.118534803390503,0.04422191477463313,0.04422191477463313,0.04422191477463313,-2.8517825603485107,0.05774130172826215,0.05774130172826215,0.05774130172826215,-0.10857275873422623,0.8971136195909098,0.8971136195909098,0.8971136195909098
qwen3.5:4b,state_303,Gear_Medium,Medium gear,gear,RGOCG16-50_16mm,round_pin,False,False,False,../vlm_four_scene_20260925/input_crops/state_303/RGOCG16-50_16mm.png,2e39713dfb973c1a397f75571d18003b6276e302abf6a15d46a7d8e0985e5dae,qwen3.5-4b/responses/state_303/Gear_Medium/RGOCG16-50_16mm.json,0.05248020001454279,C,-3.118534803390503,0.04422191477463313,0.04422191477463313,0.04422191477463313,-2.8517825603485107,0.05774130172826215,0.05774130172826215,0.05774130172826215,-0.10857275873422623,0.8971136195909098,0.8971136195909098,0.8971136195909098
qwen3.5:4b,state_303,Gear_Small,Small gear,gear,RGOCG16-50_16mm,round_pin,False,False,False,../vlm_four_scene_20260925/input_crops/state_303/RGOCG16-50_16mm.png,2e39713dfb973c1a397f75571d18003b6276e302abf6a15d46a7d8e0985e5dae,qwen3.5-4b/responses/state_303/Gear_Small/RGOCG16-50_16mm.json,0.050773700000718236,C,-3.118534803390503,0.04422191477463313,0.04422191477463313,0.04422191477463313,-2.8517825603485107,0.05774130172826215,0.05774130172826215,0.05774130172826215,-0.10857275873422623,0.8971136195909098,0.8971136195909098,0.8971136195909098
qwen3.5:4b,state_303,Waterproof_Male,Waterproof connector,Waterproof_Male,RGOCG16-50_16mm,round_pin,False,False,False,../vlm_four_scene_20260925/input_crops/state_303/RGOCG16-50_16mm.png,2e39713dfb973c1a397f75571d18003b6276e302abf6a15d46a7d8e0985e5dae,qwen3.5-4b/responses/state_303/Waterproof_Male/RGOCG16-50_16mm.json,0.3324012000230141,C,-2.3208658695220947,0.09818853033045848,0.09818853033045848,0.09818853033045848,-2.6191389560699463,0.07286557628621057,0.07286557628621057,0.07286557628621057,-0.18852631747722626,0.8281787075775613,0.8281787075775613,0.8281787075775613
qwen3.5:4b,state_303,M12_Hex_Nut,M12 hex nut,hex_nut,RGOCG16-50_16mm,round_pin,False,False,False,../vlm_four_scene_20260925/input_crops/state_303/RGOCG16-50_16mm.png,2e39713dfb973c1a397f75571d18003b6276e302abf6a15d46a7d8e0985e5dae,qwen3.5-4b/responses/state_303/M12_Hex_Nut/RGOCG16-50_16mm.json,0.32978789997287095,C,-3.1356184482574463,0.043472859799487805,0.043472859799487805,0.043472859799487805,-2.2962324619293213,0.10063728518211047,0.10063728518211047,0.10063728518211047,-0.15658965706825256,0.8550548525548998,0.8550548525548998,0.8550548525548998
qwen3.5:4b,state_303,M16_Hex_Nut,M16 hex nut,hex_nut,RGOCG16-50_16mm,round_pin,False,False,False,../vlm_four_scene_20260925/input_crops/state_303/RGOCG16-50_16mm.png,2e39713dfb973c1a397f75571d18003b6276e302abf6a15d46a7d8e0985e5dae,qwen3.5-4b/responses/state_303/M16_Hex_Nut/RGOCG16-50_16mm.json,0.05157740000868216,C,-3.1356184482574463,0.043472859799487805,0.043472859799487805,0.043472859799487805,-2.2962324619293213,0.10063728518211047,0.10063728518211047,0.10063728518211047,-0.15658965706825256,0.8550548525548998,0.8550548525548998,0.8550548525548998
qwen3.5:4b,state_303,RGOCG16-50_16mm,16 mm round pin,round_pin,RGOCG16-50_16mm,round_pin,True,True,False,../vlm_four_scene_20260925/input_crops/state_303/RGOCG16-50_16mm.png,2e39713dfb973c1a397f75571d18003b6276e302abf6a15d46a7d8e0985e5dae,qwen3.5-4b/responses/state_303/RGOCG16-50_16mm/RGOCG16-50_16mm.json,0.33851779997348785,A,-0.09278913587331772,0.9113856585767511,0.9113856585767511,0.9113856585767511,-3.2577710151672363,0.03847406060932921,0.03847406060932921,0.03847406060932921,-3.000793933868408,0.04974755641509217,0.04974755641509217,0.04974755641509217
qwen3.5:4b,state_303,RGOCG12-50_12mm,12 mm round pin,round_pin,RGOCG16-50_16mm,round_pin,False,True,False,../vlm_four_scene_20260925/input_crops/state_303/RGOCG16-50_16mm.png,2e39713dfb973c1a397f75571d18003b6276e302abf6a15d46a7d8e0985e5dae,qwen3.5-4b/responses/state_303/RGOCG12-50_12mm/RGOCG16-50_16mm.json,0.05042669997783378,A,-0.09278913587331772,0.9113856585767511,0.9113856585767511,0.9113856585767511,-3.2577710151672363,0.03847406060932921,0.03847406060932921,0.03847406060932921,-3.000793933868408,0.04974755641509217,0.04974755641509217,0.04974755641509217
qwen3.5:4b,state_303,RGOCG8-50_8mm,8 mm round pin,round_pin,RGOCG16-50_16mm,round_pin,False,True,False,../vlm_four_scene_20260925/input_crops/state_303/RGOCG16-50_16mm.png,2e39713dfb973c1a397f75571d18003b6276e302abf6a15d46a7d8e0985e5dae,qwen3.5-4b/responses/state_303/RGOCG8-50_8mm/RGOCG16-50_16mm.json,0.04969000001437962,A,-0.09278913587331772,0.9113856585767511,0.9113856585767511,0.9113856585767511,-3.2577710151672363,0.03847406060932921,0.03847406060932921,0.03847406060932921,-3.000793933868408,0.04974755641509217,0.04974755641509217,0.04974755641509217
qwen3.5:4b,state_303,USB_Male,USB connector + cable,USB_Male,RGOCG16-50_16mm,round_pin,False,False,False,../vlm_four_scene_20260925/input_crops/state_303/RGOCG16-50_16mm.png,2e39713dfb973c1a397f75571d18003b6276e302abf6a15d46a7d8e0985e5dae,qwen3.5-4b/responses/state_303/USB_Male/RGOCG16-50_16mm.json,0.3387681999593042,C,-3.029195547103882,0.04835452141887792,0.04835452141887792,0.04835452141887792,-1.6965388059616089,0.18331692270257793,0.18331692270257793,0.18331692270257793,-0.264966756105423,0.7672314553135215,0.7672314553135215,0.7672314553135215
qwen3.5:4b,state_303,DSUB_Male,DSUB connector,DSUB_Male,RGOCG16-50_16mm,round_pin,False,False,False,../vlm_four_scene_20260925/input_crops/state_303/RGOCG16-50_16mm.png,2e39713dfb973c1a397f75571d18003b6276e302abf6a15d46a7d8e0985e5dae,qwen3.5-4b/responses/state_303/DSUB_Male/RGOCG16-50_16mm.json,0.3370122000342235,C,-3.4010796546936035,0.033337257796621445,0.033337257796621445,0.033337257796621445,-2.6993393898010254,0.06724992405456161,0.06724992405456161,0.06724992405456161,-0.10703909397125244,0.8984905467400929,0.8984905467400929,0.8984905467400929
qwen3.5:4b,state_303,Gear_Large,Large gear,gear,RGOCG12-50_12mm,round_pin,False,False,False,../vlm_four_scene_20260925/input_crops/state_303/RGOCG12-50_12mm.png,19c2e56726b6c4c558e00423b8424cb9c8381da2b6403a2430431ec5bf3f6612,qwen3.5-4b/responses/state_303/Gear_Large/RGOCG12-50_12mm.json,0.3411935999756679,C,-3.2038261890411377,0.04060653807370957,0.04060653807370957,0.04060653807370957,-2.979968309402466,0.05079444354565987,0.05079444354565987,0.05079444354565987,-0.09654930979013443,0.9079651249261339,0.9079651249261339,0.9079651249261339
qwen3.5:4b,state_303,Gear_Medium,Medium gear,gear,RGOCG12-50_12mm,round_pin,False,False,False,../vlm_four_scene_20260925/input_crops/state_303/RGOCG12-50_12mm.png,19c2e56726b6c4c558e00423b8424cb9c8381da2b6403a2430431ec5bf3f6612,qwen3.5-4b/responses/state_303/Gear_Medium/RGOCG12-50_12mm.json,0.0541483000270091,C,-3.2038261890411377,0.04060653807370957,0.04060653807370957,0.04060653807370957,-2.979968309402466,0.05079444354565987,0.05079444354565987,0.05079444354565987,-0.09654930979013443,0.9079651249261339,0.9079651249261339,0.9079651249261339
qwen3.5:4b,state_303,Gear_Small,Small gear,gear,RGOCG12-50_12mm,round_pin,False,False,False,../vlm_four_scene_20260925/input_crops/state_303/RGOCG12-50_12mm.png,19c2e56726b6c4c558e00423b8424cb9c8381da2b6403a2430431ec5bf3f6612,qwen3.5-4b/responses/state_303/Gear_Small/RGOCG12-50_12mm.json,0.05994880001526326,C,-3.2038261890411377,0.04060653807370957,0.04060653807370957,0.04060653807370957,-2.979968309402466,0.05079444354565987,0.05079444354565987,0.05079444354565987,-0.09654930979013443,0.9079651249261339,0.9079651249261339,0.9079651249261339
qwen3.5:4b,state_303,Waterproof_Male,Waterproof connector,Waterproof_Male,RGOCG12-50_12mm,round_pin,False,False,False,../vlm_four_scene_20260925/input_crops/state_303/RGOCG12-50_12mm.png,19c2e56726b6c4c558e00423b8424cb9c8381da2b6403a2430431ec5bf3f6612,qwen3.5-4b/responses/state_303/Waterproof_Male/RGOCG12-50_12mm.json,0.3407788999611512,C,-2.999675989151001,0.04980320253183592,0.04980320253183592,0.04980320253183592,-2.7234957218170166,0.06564487663865644,0.06564487663865644,0.06564487663865644,-0.1234247088432312,0.8838881877029735,0.8838881877029735,0.8838881877029735
qwen3.5:4b,state_303,M12_Hex_Nut,M12 hex nut,hex_nut,RGOCG12-50_12mm,round_pin,False,False,False,../vlm_four_scene_20260925/input_crops/state_303/RGOCG12-50_12mm.png,19c2e56726b6c4c558e00423b8424cb9c8381da2b6403a2430431ec5bf3f6612,qwen3.5-4b/responses/state_303/M12_Hex_Nut/RGOCG12-50_12mm.json,0.35957129998132586,C,-3.350545883178711,0.035065207368520444,0.035065207368520444,0.035065207368520444,-2.5133092403411865,0.0809997476018427,0.0809997476018427,0.0809997476018427,-0.12392223626375198,0.88344853847076,0.88344853847076,0.88344853847076
qwen3.5:4b,state_303,M16_Hex_Nut,M16 hex nut,hex_nut,RGOCG12-50_12mm,round_pin,False,False,False,../vlm_four_scene_20260925/input_crops/state_303/RGOCG12-50_12mm.png,19c2e56726b6c4c558e00423b8424cb9c8381da2b6403a2430431ec5bf3f6612,qwen3.5-4b/responses/state_303/M16_Hex_Nut/RGOCG12-50_12mm.json,0.05012580001493916,C,-3.350545883178711,0.035065207368520444,0.035065207368520444,0.035065207368520444,-2.5133092403411865,0.0809997476018427,0.0809997476018427,0.0809997476018427,-0.12392223626375198,0.88344853847076,0.88344853847076,0.88344853847076
qwen3.5:4b,state_303,RGOCG16-50_16mm,16 mm round pin,round_pin,RGOCG12-50_12mm,round_pin,False,True,False,../vlm_four_scene_20260925/input_crops/state_303/RGOCG12-50_12mm.png,19c2e56726b6c4c558e00423b8424cb9c8381da2b6403a2430431ec5bf3f6612,qwen3.5-4b/responses/state_303/RGOCG16-50_16mm/RGOCG12-50_12mm.json,0.32900339999468997,A,-0.14025919139385223,0.8691329344253139,0.8691329344253139,0.8691329344253139,-3.2452280521392822,0.03895967850607603,0.03895967850607603,0.03895967850607603,-2.3916687965393066,0.09147690009613219,0.09147690009613219,0.09147690009613219
qwen3.5:4b,state_303,RGOCG12-50_12mm,12 mm round pin,round_pin,RGOCG12-50_12mm,round_pin,True,True,False,../vlm_four_scene_20260925/input_crops/state_303/RGOCG12-50_12mm.png,19c2e56726b6c4c558e00423b8424cb9c8381da2b6403a2430431ec5bf3f6612,qwen3.5-4b/responses/state_303/RGOCG12-50_12mm/RGOCG12-50_12mm.json,0.05198350001592189,A,-0.14025919139385223,0.8691329344253139,0.8691329344253139,0.8691329344253139,-3.2452280521392822,0.03895967850607603,0.03895967850607603,0.03895967850607603,-2.3916687965393066,0.09147690009613219,0.09147690009613219,0.09147690009613219
qwen3.5:4b,state_303,RGOCG8-50_8mm,8 mm round pin,round_pin,RGOCG12-50_12mm,round_pin,False,True,False,../vlm_four_scene_20260925/input_crops/state_303/RGOCG12-50_12mm.png,19c2e56726b6c4c558e00423b8424cb9c8381da2b6403a2430431ec5bf3f6612,qwen3.5-4b/responses/state_303/RGOCG8-50_8mm/RGOCG12-50_12mm.json,0.049394299974665046,A,-0.14025919139385223,0.8691329344253139,0.8691329344253139,0.8691329344253139,-3.2452280521392822,0.03895967850607603,0.03895967850607603,0.03895967850607603,-2.3916687965393066,0.09147690009613219,0.09147690009613219,0.09147690009613219
qwen3.5:4b,state_303,USB_Male,USB connector + cable,USB_Male,RGOCG12-50_12mm,round_pin,False,False,False,../vlm_four_scene_20260925/input_crops/state_303/RGOCG12-50_12mm.png,19c2e56726b6c4c558e00423b8424cb9c8381da2b6403a2430431ec5bf3f6612,qwen3.5-4b/responses/state_303/USB_Male/RGOCG12-50_12mm.json,0.3332063999841921,C,-3.13677716255188,0.043422516347889406,0.043422516347889406,0.043422516347889406,-2.098693370819092,0.12261653797476502,0.12261653797476502,0.12261653797476502,-0.18228274583816528,0.8333656764241202,0.8333656764241202,0.8333656764241202
qwen3.5:4b,state_303,DSUB_Male,DSUB connector,DSUB_Male,RGOCG12-50_12mm,round_pin,False,False,False,../vlm_four_scene_20260925/input_crops/state_303/RGOCG12-50_12mm.png,19c2e56726b6c4c558e00423b8424cb9c8381da2b6403a2430431ec5bf3f6612,qwen3.5-4b/responses/state_303/DSUB_Male/RGOCG12-50_12mm.json,0.33260110003175214,C,-3.4012439250946045,0.03333178192168932,0.03333178192168932,0.03333178192168932,-3.0793938636779785,0.04598712266828234,0.04598712266828234,0.04598712266828234,-0.08341463655233383,0.919969615097553,0.919969615097553,0.919969615097553
qwen3.5:4b,state_303,Gear_Large,Large gear,gear,RGOCG8-50_8mm,round_pin,False,False,False,../vlm_four_scene_20260925/input_crops/state_303/RGOCG8-50_8mm.png,b1cf506f7c610c52669f86cfc92c532b4c1f5b8a237342f66910a94489e03314,qwen3.5-4b/responses/state_303/Gear_Large/RGOCG8-50_8mm.json,0.3298709999653511,C,-3.65278959274292,0.025918725149805477,0.025918725149805477,0.025918725149805477,-3.2139124870300293,0.04019902702412556,0.04019902702412556,0.04019902702412556,-0.0703788697719574,0.9320406309825542,0.9320406309825542,0.9320406309825542
qwen3.5:4b,state_303,Gear_Medium,Medium gear,gear,RGOCG8-50_8mm,round_pin,False,False,False,../vlm_four_scene_20260925/input_crops/state_303/RGOCG8-50_8mm.png,b1cf506f7c610c52669f86cfc92c532b4c1f5b8a237342f66910a94489e03314,qwen3.5-4b/responses/state_303/Gear_Medium/RGOCG8-50_8mm.json,0.049865500011947006,C,-3.65278959274292,0.025918725149805477,0.025918725149805477,0.025918725149805477,-3.2139124870300293,0.04019902702412556,0.04019902702412556,0.04019902702412556,-0.0703788697719574,0.9320406309825542,0.9320406309825542,0.9320406309825542
qwen3.5:4b,state_303,Gear_Small,Small gear,gear,RGOCG8-50_8mm,round_pin,False,False,False,../vlm_four_scene_20260925/input_crops/state_303/RGOCG8-50_8mm.png,b1cf506f7c610c52669f86cfc92c532b4c1f5b8a237342f66910a94489e03314,qwen3.5-4b/responses/state_303/Gear_Small/RGOCG8-50_8mm.json,0.04780820000451058,C,-3.65278959274292,0.025918725149805477,0.025918725149805477,0.025918725149805477,-3.2139124870300293,0.04019902702412556,0.04019902702412556,0.04019902702412556,-0.0703788697719574,0.9320406309825542,0.9320406309825542,0.9320406309825542
qwen3.5:4b,state_303,Waterproof_Male,Waterproof connector,Waterproof_Male,RGOCG8-50_8mm,round_pin,False,False,False,../vlm_four_scene_20260925/input_crops/state_303/RGOCG8-50_8mm.png,b1cf506f7c610c52669f86cfc92c532b4c1f5b8a237342f66910a94489e03314,qwen3.5-4b/responses/state_303/Waterproof_Male/RGOCG8-50_8mm.json,0.3307117000222206,C,-2.477659225463867,0.08393947920535615,0.08393947920535615,0.08393947920535615,-2.4619922637939453,0.08526491144580486,0.08526491144580486,0.08526491144580486,-0.18689528107643127,0.8295305993886597,0.8295305993886597,0.8295305993886597
qwen3.5:4b,state_303,M12_Hex_Nut,M12 hex nut,hex_nut,RGOCG8-50_8mm,round_pin,False,False,False,../vlm_four_scene_20260925/input_crops/state_303/RGOCG8-50_8mm.png,b1cf506f7c610c52669f86cfc92c532b4c1f5b8a237342f66910a94489e03314,qwen3.5-4b/responses/state_303/M12_Hex_Nut/RGOCG8-50_8mm.json,0.3304716999991797,C,-2.9846179485321045,0.05055881592957909,0.05055881592957909,0.05055881592957909,-2.2722785472869873,0.10307704637882124,0.10307704637882124,0.10307704637882124,-0.16883720457553864,0.8446463967627651,0.8446463967627651,0.8446463967627651
qwen3.5:4b,state_303,M16_Hex_Nut,M16 hex nut,hex_nut,RGOCG8-50_8mm,round_pin,False,False,False,../vlm_four_scene_20260925/input_crops/state_303/RGOCG8-50_8mm.png,b1cf506f7c610c52669f86cfc92c532b4c1f5b8a237342f66910a94489e03314,qwen3.5-4b/responses/state_303/M16_Hex_Nut/RGOCG8-50_8mm.json,0.0502750999876298,C,-2.9846179485321045,0.05055881592957909,0.05055881592957909,0.05055881592957909,-2.2722785472869873,0.10307704637882124,0.10307704637882124,0.10307704637882124,-0.16883720457553864,0.8446463967627651,0.8446463967627651,0.8446463967627651
qwen3.5:4b,state_303,RGOCG16-50_16mm,16 mm round pin,round_pin,RGOCG8-50_8mm,round_pin,False,True,False,../vlm_four_scene_20260925/input_crops/state_303/RGOCG8-50_8mm.png,b1cf506f7c610c52669f86cfc92c532b4c1f5b8a237342f66910a94489e03314,qwen3.5-4b/responses/state_303/RGOCG16-50_16mm/RGOCG8-50_8mm.json,0.33081159996800125,A,-0.07478504627943039,0.9279429296774504,0.9279429296774504,0.9279429296774504,-3.3903844356536865,0.033695720572930125,0.033695720572930125,0.033695720572930125,-3.2865312099456787,0.03738329956641726,0.03738329956641726,0.03738329956641726
qwen3.5:4b,state_303,RGOCG12-50_12mm,12 mm round pin,round_pin,RGOCG8-50_8mm,round_pin,False,True,False,../vlm_four_scene_20260925/input_crops/state_303/RGOCG8-50_8mm.png,b1cf506f7c610c52669f86cfc92c532b4c1f5b8a237342f66910a94489e03314,qwen3.5-4b/responses/state_303/RGOCG12-50_12mm/RGOCG8-50_8mm.json,0.05054840003140271,A,-0.07478504627943039,0.9279429296774504,0.9279429296774504,0.9279429296774504,-3.3903844356536865,0.033695720572930125,0.033695720572930125,0.033695720572930125,-3.2865312099456787,0.03738329956641726,0.03738329956641726,0.03738329956641726
qwen3.5:4b,state_303,RGOCG8-50_8mm,8 mm round pin,round_pin,RGOCG8-50_8mm,round_pin,True,True,False,../vlm_four_scene_20260925/input_crops/state_303/RGOCG8-50_8mm.png,b1cf506f7c610c52669f86cfc92c532b4c1f5b8a237342f66910a94489e03314,qwen3.5-4b/responses/state_303/RGOCG8-50_8mm/RGOCG8-50_8mm.json,0.06502189999446273,A,-0.07478504627943039,0.9279429296774504,0.9279429296774504,0.9279429296774504,-3.3903844356536865,0.033695720572930125,0.033695720572930125,0.033695720572930125,-3.2865312099456787,0.03738329956641726,0.03738329956641726,0.03738329956641726
qwen3.5:4b,state_303,USB_Male,USB connector + cable,USB_Male,RGOCG8-50_8mm,round_pin,False,False,False,../vlm_four_scene_20260925/input_crops/state_303/RGOCG8-50_8mm.png,b1cf506f7c610c52669f86cfc92c532b4c1f5b8a237342f66910a94489e03314,qwen3.5-4b/responses/state_303/USB_Male/RGOCG8-50_8mm.json,0.3343213999760337,C,-2.7458996772766113,0.06419052420219065,0.06419052420219065,0.06419052420219065,-1.7911094427108765,0.16677503963836648,0.16677503963836648,0.16677503963836648,-0.26476144790649414,0.7673889903928419,0.7673889903928419,0.7673889903928419
qwen3.5:4b,state_303,DSUB_Male,DSUB connector,DSUB_Male,RGOCG8-50_8mm,round_pin,False,False,False,../vlm_four_scene_20260925/input_crops/state_303/RGOCG8-50_8mm.png,b1cf506f7c610c52669f86cfc92c532b4c1f5b8a237342f66910a94489e03314,qwen3.5-4b/responses/state_303/DSUB_Male/RGOCG8-50_8mm.json,0.33243240002775565,C,-2.9534177780151367,0.052161125799612344,0.052161125799612344,0.052161125799612344,-2.8593225479125977,0.057307570251120744,0.057307570251120744,0.057307570251120744,-0.11759468913078308,0.8890563237901519,0.8890563237901519,0.8890563237901519
qwen3.5:4b,state_303,Gear_Large,Large gear,gear,USB_Male,USB_Male,False,False,True,../vlm_four_scene_20260925/input_crops/state_303/USB_Male.png,5a3874a9c4c9ea46017e36201d2d720bdf18ca97b04e8ef6860e4458139d0368,qwen3.5-4b/responses/state_303/Gear_Large/USB_Male.json,0.47894430003361776,C,-3.7936151027679443,0.022514063901162187,0.022514063901162187,0.022514063901162187,-1.935209035873413,0.1443940821255277,0.1443940821255277,0.1443940821255277,-0.1856572926044464,0.8305581846459718,0.8305581846459718,0.8305581846459718
qwen3.5:4b,state_303,Gear_Medium,Medium gear,gear,USB_Male,USB_Male,False,False,True,../vlm_four_scene_20260925/input_crops/state_303/USB_Male.png,5a3874a9c4c9ea46017e36201d2d720bdf18ca97b04e8ef6860e4458139d0368,qwen3.5-4b/responses/state_303/Gear_Medium/USB_Male.json,0.06113699998240918,C,-3.7936151027679443,0.022514063901162187,0.022514063901162187,0.022514063901162187,-1.935209035873413,0.1443940821255277,0.1443940821255277,0.1443940821255277,-0.1856572926044464,0.8305581846459718,0.8305581846459718,0.8305581846459718
qwen3.5:4b,state_303,Gear_Small,Small gear,gear,USB_Male,USB_Male,False,False,True,../vlm_four_scene_20260925/input_crops/state_303/USB_Male.png,5a3874a9c4c9ea46017e36201d2d720bdf18ca97b04e8ef6860e4458139d0368,qwen3.5-4b/responses/state_303/Gear_Small/USB_Male.json,0.05945669999346137,C,-3.7936151027679443,0.022514063901162187,0.022514063901162187,0.022514063901162187,-1.935209035873413,0.1443940821255277,0.1443940821255277,0.1443940821255277,-0.1856572926044464,0.8305581846459718,0.8305581846459718,0.8305581846459718
qwen3.5:4b,state_303,Waterproof_Male,Waterproof connector,Waterproof_Male,USB_Male,USB_Male,False,False,True,../vlm_four_scene_20260925/input_crops/state_303/USB_Male.png,5a3874a9c4c9ea46017e36201d2d720bdf18ca97b04e8ef6860e4458139d0368,qwen3.5-4b/responses/state_303/Waterproof_Male/USB_Male.json,0.38158370001474395,A,-0.846355676651001,0.42897541188459837,0.42897541188459837,0.42897541188459837,-1.106762170791626,0.3306277460431125,0.3306277460431125,0.3306277460431125,-1.4323982000350952,0.23873569920452184,0.23873569920452184,0.23873569920452184
qwen3.5:4b,state_303,M12_Hex_Nut,M12 hex nut,hex_nut,USB_Male,USB_Male,False,False,True,../vlm_four_scene_20260925/input_crops/state_303/USB_Male.png,5a3874a9c4c9ea46017e36201d2d720bdf18ca97b04e8ef6860e4458139d0368,qwen3.5-4b/responses/state_303/M12_Hex_Nut/USB_Male.json,0.3990745000191964,C,-3.1275320053100586,0.043825825796329154,0.043825825796329154,0.043825825796329154,-2.1258459091186523,0.1193319815486098,0.1193319815486098,0.1193319815486098,-0.18222524225711823,0.8334135993126919,0.8334135993126919,0.8334135993126919
qwen3.5:4b,state_303,M16_Hex_Nut,M16 hex nut,hex_nut,USB_Male,USB_Male,False,False,True,../vlm_four_scene_20260925/input_crops/state_303/USB_Male.png,5a3874a9c4c9ea46017e36201d2d720bdf18ca97b04e8ef6860e4458139d0368,qwen3.5-4b/responses/state_303/M16_Hex_Nut/USB_Male.json,0.07996110001113266,C,-3.1275320053100586,0.043825825796329154,0.043825825796329154,0.043825825796329154,-2.1258459091186523,0.1193319815486098,0.1193319815486098,0.1193319815486098,-0.18222524225711823,0.8334135993126919,0.8334135993126919,0.8334135993126919
qwen3.5:4b,state_303,RGOCG16-50_16mm,16 mm round pin,round_pin,USB_Male,USB_Male,False,False,True,../vlm_four_scene_20260925/input_crops/state_303/USB_Male.png,5a3874a9c4c9ea46017e36201d2d720bdf18ca97b04e8ef6860e4458139d0368,qwen3.5-4b/responses/state_303/RGOCG16-50_16mm/USB_Male.json,0.380985000054352,C,-1.7471027374267578,0.1742781422384553,0.1742781422384553,0.1742781422384553,-1.1832789182662964,0.30627284675208705,0.30627284675208705,0.30627284675208705,-0.6577548384666443,0.518013052861067,0.518013052861067,0.518013052861067
qwen3.5:4b,state_303,RGOCG12-50_12mm,12 mm round pin,round_pin,USB_Male,USB_Male,False,False,True,../vlm_four_scene_20260925/input_crops/state_303/USB_Male.png,5a3874a9c4c9ea46017e36201d2d720bdf18ca97b04e8ef6860e4458139d0368,qwen3.5-4b/responses/state_303/RGOCG12-50_12mm/USB_Male.json,0.06104510003933683,C,-1.7471027374267578,0.1742781422384553,0.1742781422384553,0.1742781422384553,-1.1832789182662964,0.30627284675208705,0.30627284675208705,0.30627284675208705,-0.6577548384666443,0.518013052861067,0.518013052861067,0.518013052861067
qwen3.5:4b,state_303,RGOCG8-50_8mm,8 mm round pin,round_pin,USB_Male,USB_Male,False,False,True,../vlm_four_scene_20260925/input_crops/state_303/USB_Male.png,5a3874a9c4c9ea46017e36201d2d720bdf18ca97b04e8ef6860e4458139d0368,qwen3.5-4b/responses/state_303/RGOCG8-50_8mm/USB_Male.json,0.05734280002070591,C,-1.7471027374267578,0.1742781422384553,0.1742781422384553,0.1742781422384553,-1.1832789182662964,0.30627284675208705,0.30627284675208705,0.30627284675208705,-0.6577548384666443,0.518013052861067,0.518013052861067,0.518013052861067
qwen3.5:4b,state_303,USB_Male,USB connector + cable,USB_Male,USB_Male,USB_Male,True,True,True,../vlm_four_scene_20260925/input_crops/state_303/USB_Male.png,5a3874a9c4c9ea46017e36201d2d720bdf18ca97b04e8ef6860e4458139d0368,qwen3.5-4b/responses/state_303/USB_Male/USB_Male.json,0.3803298000129871,A,-0.11036832630634308,0.8955042367772595,0.8955042367772595,0.8955042367772595,-2.613767147064209,0.07325804944676473,0.07325804944676473,0.07325804944676473,-3.5065035820007324,0.030001629503830587,0.030001629503830587,0.030001629503830587
qwen3.5:4b,state_303,DSUB_Male,DSUB connector,DSUB_Male,USB_Male,USB_Male,False,False,True,../vlm_four_scene_20260925/input_crops/state_303/USB_Male.png,5a3874a9c4c9ea46017e36201d2d720bdf18ca97b04e8ef6860e4458139d0368,qwen3.5-4b/responses/state_303/DSUB_Male/USB_Male.json,0.38182740000775084,A,-0.26692134141921997,0.7657333005912547,0.7657333005912547,0.7657333005912547,-1.9375394582748413,0.1440579747101467,0.1440579747101467,0.1440579747101467,-2.427874803543091,0.0882241270953795,0.0882241270953795,0.0882241270953795
qwen3.5:4b,state_303,Gear_Large,Large gear,gear,DSUB_Male,DSUB_Male,False,False,False,../vlm_four_scene_20260925/input_crops/state_303/DSUB_Male.png,951cf97dc3898e2a3029bf7b3818dace43fcdf8abc4c737bf166e9942e4e2383,qwen3.5-4b/responses/state_303/Gear_Large/DSUB_Male.json,0.3532230999553576,C,-3.9427437782287598,0.019394926296452803,0.019394926296452803,0.019394926296452803,-1.3334907293319702,0.26355565224587585,0.26355565224587585,0.26355565224587585,-0.33482784032821655,0.7154612493242648,0.7154612493242648,0.7154612493242648
qwen3.5:4b,state_303,Gear_Medium,Medium gear,gear,DSUB_Male,DSUB_Male,False,False,False,../vlm_four_scene_20260925/input_crops/state_303/DSUB_Male.png,951cf97dc3898e2a3029bf7b3818dace43fcdf8abc4c737bf166e9942e4e2383,qwen3.5-4b/responses/state_303/Gear_Medium/DSUB_Male.json,0.06503820000216365,C,-3.9427437782287598,0.019394926296452803,0.019394926296452803,0.019394926296452803,-1.3334907293319702,0.26355565224587585,0.26355565224587585,0.26355565224587585,-0.33482784032821655,0.7154612493242648,0.7154612493242648,0.7154612493242648
qwen3.5:4b,state_303,Gear_Small,Small gear,gear,DSUB_Male,DSUB_Male,False,False,False,../vlm_four_scene_20260925/input_crops/state_303/DSUB_Male.png,951cf97dc3898e2a3029bf7b3818dace43fcdf8abc4c737bf166e9942e4e2383,qwen3.5-4b/responses/state_303/Gear_Small/DSUB_Male.json,0.04872090002754703,C,-3.9427437782287598,0.019394926296452803,0.019394926296452803,0.019394926296452803,-1.3334907293319702,0.26355565224587585,0.26355565224587585,0.26355565224587585,-0.33482784032821655,0.7154612493242648,0.7154612493242648,0.7154612493242648
qwen3.5:4b,state_303,Waterproof_Male,Waterproof connector,Waterproof_Male,DSUB_Male,DSUB_Male,False,False,False,../vlm_four_scene_20260925/input_crops/state_303/DSUB_Male.png,951cf97dc3898e2a3029bf7b3818dace43fcdf8abc4c737bf166e9942e4e2383,qwen3.5-4b/responses/state_303/Waterproof_Male/DSUB_Male.json,0.3549195000086911,A,-0.11757618188858032,0.889072777923128,0.889072777923128,0.889072777923128,-2.7984461784362793,0.06090462405858791,0.06090462405858791,0.06090462405858791,-3.013301372528076,0.049129216887478566,0.049129216887478566,0.049129216887478566
qwen3.5:4b,state_303,M12_Hex_Nut,M12 hex nut,hex_nut,DSUB_Male,DSUB_Male,False,False,False,../vlm_four_scene_20260925/input_crops/state_303/DSUB_Male.png,951cf97dc3898e2a3029bf7b3818dace43fcdf8abc4c737bf166e9942e4e2383,qwen3.5-4b/responses/state_303/M12_Hex_Nut/DSUB_Male.json,0.3598990000318736,C,-2.9996135234832764,0.04980631361930396,0.04980631361930396,0.04980631361930396,-1.4576784372329712,0.2327760521394589,0.2327760521394589,0.2327760521394589,-0.33519038558006287,0.7152019092595374,0.7152019092595374,0.7152019092595374
qwen3.5:4b,state_303,M16_Hex_Nut,M16 hex nut,hex_nut,DSUB_Male,DSUB_Male,False,False,False,../vlm_four_scene_20260925/input_crops/state_303/DSUB_Male.png,951cf97dc3898e2a3029bf7b3818dace43fcdf8abc4c737bf166e9942e4e2383,qwen3.5-4b/responses/state_303/M16_Hex_Nut/DSUB_Male.json,0.05142370000248775,C,-2.9996135234832764,0.04980631361930396,0.04980631361930396,0.04980631361930396,-1.4576784372329712,0.2327760521394589,0.2327760521394589,0.2327760521394589,-0.33519038558006287,0.7152019092595374,0.7152019092595374,0.7152019092595374
qwen3.5:4b,state_303,RGOCG16-50_16mm,16 mm round pin,round_pin,DSUB_Male,DSUB_Male,False,False,False,../vlm_four_scene_20260925/input_crops/state_303/DSUB_Male.png,951cf97dc3898e2a3029bf7b3818dace43fcdf8abc4c737bf166e9942e4e2383,qwen3.5-4b/responses/state_303/RGOCG16-50_16mm/DSUB_Male.json,0.3520314000197686,C,-2.609644889831543,0.07356066126430087,0.07356066126430087,0.07356066126430087,-0.8358526825904846,0.43350468189943536,0.43350468189943536,0.43350468189943536,-0.7107191681861877,0.491290749704652,0.491290749704652,0.491290749704652
qwen3.5:4b,state_303,RGOCG12-50_12mm,12 mm round pin,round_pin,DSUB_Male,DSUB_Male,False,False,False,../vlm_four_scene_20260925/input_crops/state_303/DSUB_Male.png,951cf97dc3898e2a3029bf7b3818dace43fcdf8abc4c737bf166e9942e4e2383,qwen3.5-4b/responses/state_303/RGOCG12-50_12mm/DSUB_Male.json,0.05222800001502037,C,-2.609644889831543,0.07356066126430087,0.07356066126430087,0.07356066126430087,-0.8358526825904846,0.43350468189943536,0.43350468189943536,0.43350468189943536,-0.7107191681861877,0.491290749704652,0.491290749704652,0.491290749704652
qwen3.5:4b,state_303,RGOCG8-50_8mm,8 mm round pin,round_pin,DSUB_Male,DSUB_Male,False,False,False,../vlm_four_scene_20260925/input_crops/state_303/DSUB_Male.png,951cf97dc3898e2a3029bf7b3818dace43fcdf8abc4c737bf166e9942e4e2383,qwen3.5-4b/responses/state_303/RGOCG8-50_8mm/DSUB_Male.json,0.05148879997432232,C,-2.609644889831543,0.07356066126430087,0.07356066126430087,0.07356066126430087,-0.8358526825904846,0.43350468189943536,0.43350468189943536,0.43350468189943536,-0.7107191681861877,0.491290749704652,0.491290749704652,0.491290749704652
qwen3.5:4b,state_303,USB_Male,USB connector + cable,USB_Male,DSUB_Male,DSUB_Male,False,False,False,../vlm_four_scene_20260925/input_crops/state_303/DSUB_Male.png,951cf97dc3898e2a3029bf7b3818dace43fcdf8abc4c737bf166e9942e4e2383,qwen3.5-4b/responses/state_303/USB_Male/DSUB_Male.json,0.3580392999574542,C,-1.6299893856048584,0.19593165381186634,0.19593165381186634,0.19593165381186634,-1.0885330438613892,0.3367100704953155,0.3367100704953155,0.3367100704953155,-0.7628857493400574,0.46631880431265244,0.46631880431265244,0.46631880431265244
qwen3.5:4b,state_303,DSUB_Male,DSUB connector,DSUB_Male,DSUB_Male,DSUB_Male,True,True,False,../vlm_four_scene_20260925/input_crops/state_303/DSUB_Male.png,951cf97dc3898e2a3029bf7b3818dace43fcdf8abc4c737bf166e9942e4e2383,qwen3.5-4b/responses/state_303/DSUB_Male/DSUB_Male.json,0.3557342999847606,A,-0.1354566067457199,0.8733170581754468,0.8733170581754468,0.8733170581754468,-2.5118489265441895,0.0811181190595196,0.0811181190595196,0.0811181190595196,-3.1635937690734863,0.04227354640435838,0.04227354640435838,0.04227354640435838
