model,state,target,target_name,target_family,posthoc_identity,observed_family,own_object_match,same_family,assisted_fallback,crop_file,crop_sha256,response_file,elapsed_seconds,answer,logp_A,p_A,p_A_lower,p_A_upper,logp_B,p_B,p_B_lower,p_B_upper,logp_C,p_C,p_C_lower,p_C_upper
gemma4:12b,original,Gear_Large,Large gear,gear,Gear_Large,gear,True,True,False,../vlm_four_scene_20260925/input_crops/original/Gear_Large.png,8643de8c1b1dcf74dc92d04cdefcfdc0735be5d7df1bdc7bdc7e077aadca78b3,gemma4-12b/responses/original/Gear_Large/Gear_Large.json,9.890973400033545,A,-3.814704541582614e-06,0.9999961853027344,0.9999961853027344,0.9999961853027344,-14.444531440734863,5.331135261888831e-07,5.331135261888831e-07,5.331135261888831e-07,-15.242708206176758,2.3998049057563527e-07,2.3998049057563527e-07,2.3998049057563527e-07
gemma4:12b,original,Gear_Medium,Medium gear,gear,Gear_Large,gear,False,True,False,../vlm_four_scene_20260925/input_crops/original/Gear_Large.png,8643de8c1b1dcf74dc92d04cdefcfdc0735be5d7df1bdc7bdc7e077aadca78b3,gemma4-12b/responses/original/Gear_Medium/Gear_Large.json,0.47882250003749505,A,-2.7418175250204513e-06,0.9999972581862338,0.9999972581862338,0.9999972581862338,-14.459832191467285,5.250185763445791e-07,5.250185763445791e-07,5.250185763445791e-07,-15.461200714111328,1.9287939994395626e-07,1.9287939994395626e-07,1.9287939994395626e-07
gemma4:12b,original,Gear_Small,Small gear,gear,Gear_Large,gear,False,True,False,../vlm_four_scene_20260925/input_crops/original/Gear_Large.png,8643de8c1b1dcf74dc92d04cdefcfdc0735be5d7df1bdc7bdc7e077aadca78b3,gemma4-12b/responses/original/Gear_Small/Gear_Large.json,0.43858419999014586,A,-2.7418175250204513e-06,0.9999972581862338,0.9999972581862338,0.9999972581862338,-14.459832191467285,5.250185763445791e-07,5.250185763445791e-07,5.250185763445791e-07,-15.461200714111328,1.9287939994395626e-07,1.9287939994395626e-07,1.9287939994395626e-07
gemma4:12b,original,Waterproof_Male,Waterproof connector,Waterproof_Male,Gear_Large,gear,False,False,False,../vlm_four_scene_20260925/input_crops/original/Gear_Large.png,8643de8c1b1dcf74dc92d04cdefcfdc0735be5d7df1bdc7bdc7e077aadca78b3,gemma4-12b/responses/original/Waterproof_Male/Gear_Large.json,1.2319012999651022,B,-13.196645736694336,1.856819023555354e-06,1.856819023555354e-06,1.856819023555354e-06,-0.0007894770242273808,0.9992108345307646,0.9992108345307646,0.9992108345307646,-7.148506164550781,0.0007860374152641437,0.0007860374152641437,0.0007860374152641437
gemma4:12b,original,M12_Hex_Nut,M12 hex nut,hex_nut,Gear_Large,gear,False,False,False,../vlm_four_scene_20260925/input_crops/original/Gear_Large.png,8643de8c1b1dcf74dc92d04cdefcfdc0735be5d7df1bdc7bdc7e077aadca78b3,gemma4-12b/responses/original/M12_Hex_Nut/Gear_Large.json,1.1246958000119776,B,-16.312353134155273,8.234458534991162e-08,8.234458534991162e-08,8.234458534991162e-08,-9.536747711536009e-07,0.9999990463256836,0.9999990463256836,0.9999990463256836,-14.308238983154297,6.109571671145625e-07,6.109571671145625e-07,6.109571671145625e-07
gemma4:12b,original,M16_Hex_Nut,M16 hex nut,hex_nut,Gear_Large,gear,False,False,False,../vlm_four_scene_20260925/input_crops/original/Gear_Large.png,8643de8c1b1dcf74dc92d04cdefcfdc0735be5d7df1bdc7bdc7e077aadca78b3,gemma4-12b/responses/original/M16_Hex_Nut/Gear_Large.json,0.41555109998444095,B,-15.787223815917969,1.3921813520067376e-07,1.3921813520067376e-07,1.3921813520067376e-07,-1.3113030945532955e-06,0.9999986886977652,0.9999986886977652,0.9999986886977652,-13.821423530578613,9.941044746029857e-07,9.941044746029857e-07,9.941044746029857e-07
gemma4:12b,original,RGOCG16-50_16mm,16 mm round pin,round_pin,Gear_Large,gear,False,False,False,../vlm_four_scene_20260925/input_crops/original/Gear_Large.png,8643de8c1b1dcf74dc92d04cdefcfdc0735be5d7df1bdc7bdc7e077aadca78b3,gemma4-12b/responses/original/RGOCG16-50_16mm/Gear_Large.json,1.1782559999846853,B,-9.88609790802002,5.08770862322575e-05,5.08770862322575e-05,5.08770862322575e-05,-0.0032663585152477026,0.996738970230284,0.996738970230284,0.996738970230284,-5.742204666137695,0.003207688591586844,0.003207688591586844,0.003207688591586844
gemma4:12b,original,RGOCG12-50_12mm,12 mm round pin,round_pin,Gear_Large,gear,False,False,False,../vlm_four_scene_20260925/input_crops/original/Gear_Large.png,8643de8c1b1dcf74dc92d04cdefcfdc0735be5d7df1bdc7bdc7e077aadca78b3,gemma4-12b/responses/original/RGOCG12-50_12mm/Gear_Large.json,0.41445060004480183,B,-10.260255813598633,3.4996734053054725e-05,3.4996734053054725e-05,3.4996734053054725e-05,-0.0024157115258276463,0.9975872039571325,0.9975872039571325,0.9975872039571325,-6.042502403259277,0.0023756067433005263,0.0023756067433005263,0.0023756067433005263
gemma4:12b,original,RGOCG8-50_8mm,8 mm round pin,round_pin,Gear_Large,gear,False,False,False,../vlm_four_scene_20260925/input_crops/original/Gear_Large.png,8643de8c1b1dcf74dc92d04cdefcfdc0735be5d7df1bdc7bdc7e077aadca78b3,gemma4-12b/responses/original/RGOCG8-50_8mm/Gear_Large.json,0.403184000053443,B,-10.260255813598633,3.4996734053054725e-05,3.4996734053054725e-05,3.4996734053054725e-05,-0.0024157115258276463,0.9975872039571325,0.9975872039571325,0.9975872039571325,-6.042502403259277,0.0023756067433005263,0.0023756067433005263,0.0023756067433005263
gemma4:12b,original,USB_Male,USB connector + cable,USB_Male,Gear_Large,gear,False,False,False,../vlm_four_scene_20260925/input_crops/original/Gear_Large.png,8643de8c1b1dcf74dc92d04cdefcfdc0735be5d7df1bdc7bdc7e077aadca78b3,gemma4-12b/responses/original/USB_Male/Gear_Large.json,1.220245899981819,B,-15.845052719116211,1.313956654193467e-07,1.313956654193467e-07,1.313956654193467e-07,-3.0160405003698543e-05,0.9999698400498167,0.9999698400498167,0.9999698400498167,-10.417121887207031,2.991585689499699e-05,2.991585689499699e-05,2.991585689499699e-05
gemma4:12b,original,DSUB_Male,DSUB connector,DSUB_Male,Gear_Large,gear,False,False,False,../vlm_four_scene_20260925/input_crops/original/Gear_Large.png,8643de8c1b1dcf74dc92d04cdefcfdc0735be5d7df1bdc7bdc7e077aadca78b3,gemma4-12b/responses/original/DSUB_Male/Gear_Large.json,1.1227214999962598,B,-14.372984886169434,5.726535738815791e-07,5.726535738815791e-07,5.726535738815791e-07,-9.66834049904719e-05,0.9999033212686993,0.9999033212686993,0.9999033212686993,-9.25107192993164,9.600868230281344e-05,9.600868230281344e-05,9.600868230281344e-05
gemma4:12b,original,Gear_Large,Large gear,gear,Gear_Medium,gear,False,True,False,../vlm_four_scene_20260925/input_crops/original/Gear_Medium.png,32184c8966576de2b036c51d8d5e7cd940e019617b393dc6403bb6f08a234392,gemma4-12b/responses/original/Gear_Large/Gear_Medium.json,1.08936869999161,A,-2.622607780722319e-06,0.9999973773956583,0.9999973773956583,0.9999973773956583,-14.364591598510742,5.774802475507464e-07,5.774802475507464e-07,5.774802475507464e-07,-15.254558563232422,2.3715342005739394e-07,2.3715342005739394e-07,2.3715342005739394e-07
gemma4:12b,original,Gear_Medium,Medium gear,gear,Gear_Medium,gear,True,True,False,../vlm_four_scene_20260925/input_crops/original/Gear_Medium.png,32184c8966576de2b036c51d8d5e7cd940e019617b393dc6403bb6f08a234392,gemma4-12b/responses/original/Gear_Medium/Gear_Medium.json,0.41384509997442365,A,-3.814704541582614e-06,0.9999961853027344,0.9999961853027344,0.9999961853027344,-13.709123611450195,1.1122521753518716e-06,1.1122521753518716e-06,1.1122521753518716e-06,-14.826870918273926,3.6372384738313773e-07,3.6372384738313773e-07,3.6372384738313773e-07
gemma4:12b,original,Gear_Small,Small gear,gear,Gear_Medium,gear,False,True,False,../vlm_four_scene_20260925/input_crops/original/Gear_Medium.png,32184c8966576de2b036c51d8d5e7cd940e019617b393dc6403bb6f08a234392,gemma4-12b/responses/original/Gear_Small/Gear_Medium.json,0.46831299999030307,A,-3.814704541582614e-06,0.9999961853027344,0.9999961853027344,0.9999961853027344,-13.709123611450195,1.1122521753518716e-06,1.1122521753518716e-06,1.1122521753518716e-06,-14.826870918273926,3.6372384738313773e-07,3.6372384738313773e-07,3.6372384738313773e-07
gemma4:12b,original,Waterproof_Male,Waterproof connector,Waterproof_Male,Gear_Medium,gear,False,False,False,../vlm_four_scene_20260925/input_crops/original/Gear_Medium.png,32184c8966576de2b036c51d8d5e7cd940e019617b393dc6403bb6f08a234392,gemma4-12b/responses/original/Waterproof_Male/Gear_Medium.json,1.2194563000230119,B,-13.912230491638184,9.078102176060068e-07,9.078102176060068e-07,9.078102176060068e-07,-0.00023957976372912526,0.9997604489332107,0.9997604489332107,0.9997604489332107,-8.343289375305176,0.00023798822143052348,0.00023798822143052348,0.00023798822143052348
gemma4:12b,original,M12_Hex_Nut,M12 hex nut,hex_nut,Gear_Medium,gear,False,False,False,../vlm_four_scene_20260925/input_crops/original/Gear_Medium.png,32184c8966576de2b036c51d8d5e7cd940e019617b393dc6403bb6f08a234392,gemma4-12b/responses/original/M12_Hex_Nut/Gear_Medium.json,1.1598055000067689,B,-16.110883712768555,1.0072380068468244e-07,1.0072380068468244e-07,1.0072380068468244e-07,-1.1920935776288388e-06,0.9999988079071329,0.9999988079071329,0.9999988079071329,-13.95609188079834,8.688530044709508e-07,8.688530044709508e-07,8.688530044709508e-07
gemma4:12b,original,M16_Hex_Nut,M16 hex nut,hex_nut,Gear_Medium,gear,False,False,False,../vlm_four_scene_20260925/input_crops/original/Gear_Medium.png,32184c8966576de2b036c51d8d5e7cd940e019617b393dc6403bb6f08a234392,gemma4-12b/responses/original/M16_Hex_Nut/Gear_Medium.json,0.4119644000311382,B,-16.038915634155273,1.0823991545686524e-07,1.0823991545686524e-07,1.0823991545686524e-07,-1.4305124977909145e-06,0.9999985694885254,0.9999985694885254,0.9999985694885254,-13.909879684448242,9.099468147726926e-07,9.099468147726926e-07,9.099468147726926e-07
gemma4:12b,original,RGOCG16-50_16mm,16 mm round pin,round_pin,Gear_Medium,gear,False,False,False,../vlm_four_scene_20260925/input_crops/original/Gear_Medium.png,32184c8966576de2b036c51d8d5e7cd940e019617b393dc6403bb6f08a234392,gemma4-12b/responses/original/RGOCG16-50_16mm/Gear_Medium.json,1.1839250000193715,B,-10.805611610412598,2.0285349937388257e-05,2.0285349937388257e-05,2.0285349937388257e-05,-0.0004377727163955569,0.9995623230920988,0.9995623230920988,0.9995623230920988,-7.7831010818481445,0.00041671789251860263,0.00041671789251860263,0.00041671789251860263
gemma4:12b,original,RGOCG12-50_12mm,12 mm round pin,round_pin,Gear_Medium,gear,False,False,False,../vlm_four_scene_20260925/input_crops/original/Gear_Medium.png,32184c8966576de2b036c51d8d5e7cd940e019617b393dc6403bb6f08a234392,gemma4-12b/responses/original/RGOCG12-50_12mm/Gear_Medium.json,0.43886650004424155,B,-11.219813346862793,1.340593086765783e-05,1.340593086765783e-05,1.340593086765783e-05,-0.0004262044094502926,0.999573886402747,0.999573886402747,0.999573886402747,-7.795248985290527,0.0004116862675217926,0.0004116862675217926,0.0004116862675217926
gemma4:12b,original,RGOCG8-50_8mm,8 mm round pin,round_pin,Gear_Medium,gear,False,False,False,../vlm_four_scene_20260925/input_crops/original/Gear_Medium.png,32184c8966576de2b036c51d8d5e7cd940e019617b393dc6403bb6f08a234392,gemma4-12b/responses/original/RGOCG8-50_8mm/Gear_Medium.json,0.4295611000270583,B,-11.219813346862793,1.340593086765783e-05,1.340593086765783e-05,1.340593086765783e-05,-0.0004262044094502926,0.999573886402747,0.999573886402747,0.999573886402747,-7.795248985290527,0.0004116862675217926,0.0004116862675217926,0.0004116862675217926
gemma4:12b,original,USB_Male,USB connector + cable,USB_Male,Gear_Medium,gear,False,False,False,../vlm_four_scene_20260925/input_crops/original/Gear_Medium.png,32184c8966576de2b036c51d8d5e7cd940e019617b393dc6403bb6f08a234392,gemma4-12b/responses/original/USB_Male/Gear_Medium.json,1.2629033999983221,B,-16.56186866760254,6.416110393270192e-08,6.416110393270192e-08,6.416110393270192e-08,-3.087568256887607e-05,0.9999691247940801,0.9999691247940801,0.9999691247940801,-10.393097877502441,3.064325829569383e-05,3.064325829569383e-05,3.064325829569383e-05
gemma4:12b,original,DSUB_Male,DSUB connector,DSUB_Male,Gear_Medium,gear,False,False,False,../vlm_four_scene_20260925/input_crops/original/Gear_Medium.png,32184c8966576de2b036c51d8d5e7cd940e019617b393dc6403bb6f08a234392,gemma4-12b/responses/original/DSUB_Male/Gear_Medium.json,1.1572167999693193,B,-15.954066276550293,1.1782489249490763e-07,1.1782489249490763e-07,1.1782489249490763e-07,-2.8729851692332886e-05,0.9999712705610059,0.9999712705610059,0.9999712705610059,-10.467220306396484,2.845404277603478e-05,2.845404277603478e-05,2.845404277603478e-05
gemma4:12b,original,Gear_Large,Large gear,gear,Gear_Small,gear,False,True,False,../vlm_four_scene_20260925/input_crops/original/Gear_Small.png,12582ccd34fdba48126c0e1e0d71701e3ab31413538cfcbedfd42b8adf7e792c,gemma4-12b/responses/original/Gear_Large/Gear_Small.json,1.1235142000368796,A,-3.57628505298635e-06,0.9999964237213419,0.9999964237213419,0.9999964237213419,-13.831293106079102,9.843413436653562e-07,9.843413436653562e-07,9.843413436653562e-07,-14.982248306274414,3.113810896483383e-07,3.113810896483383e-07,3.113810896483383e-07
gemma4:12b,original,Gear_Medium,Medium gear,gear,Gear_Small,gear,False,True,False,../vlm_four_scene_20260925/input_crops/original/Gear_Small.png,12582ccd34fdba48126c0e1e0d71701e3ab31413538cfcbedfd42b8adf7e792c,gemma4-12b/responses/original/Gear_Medium/Gear_Small.json,0.45994859997881576,A,-3.099446303167497e-06,0.9999969005585001,0.9999969005585001,0.9999969005585001,-14.16434383392334,7.055107460674983e-07,7.055107460674983e-07,7.055107460674983e-07,-15.307219505310059,2.2498783445108682e-07,2.2498783445108682e-07,2.2498783445108682e-07
gemma4:12b,original,Gear_Small,Small gear,gear,Gear_Small,gear,True,True,False,../vlm_four_scene_20260925/input_crops/original/Gear_Small.png,12582ccd34fdba48126c0e1e0d71701e3ab31413538cfcbedfd42b8adf7e792c,gemma4-12b/responses/original/Gear_Small/Gear_Small.json,0.42779889999656007,A,-3.099446303167497e-06,0.9999969005585001,0.9999969005585001,0.9999969005585001,-14.16434383392334,7.055107460674983e-07,7.055107460674983e-07,7.055107460674983e-07,-15.307219505310059,2.2498783445108682e-07,2.2498783445108682e-07,2.2498783445108682e-07
gemma4:12b,original,Waterproof_Male,Waterproof connector,Waterproof_Male,Gear_Small,gear,False,False,False,../vlm_four_scene_20260925/input_crops/original/Gear_Small.png,12582ccd34fdba48126c0e1e0d71701e3ab31413538cfcbedfd42b8adf7e792c,gemma4-12b/responses/original/Waterproof_Male/Gear_Small.json,1.2311178999952972,B,-13.4783935546875,1.4009029643871677e-06,1.4009029643871677e-06,1.4009029643871677e-06,-0.0001512880262453109,0.9998487234172111,0.9998487234172111,0.9998487234172111,-8.808575630187988,0.00014944597073979194,0.00014944597073979194,0.00014944597073979194
gemma4:12b,original,M12_Hex_Nut,M12 hex nut,hex_nut,Gear_Small,gear,False,False,False,../vlm_four_scene_20260925/input_crops/original/Gear_Small.png,12582ccd34fdba48126c0e1e0d71701e3ab31413538cfcbedfd42b8adf7e792c,gemma4-12b/responses/original/M12_Hex_Nut/Gear_Small.json,1.1400348999886774,B,-15.833002090454102,1.3298864471475777e-07,1.3298864471475777e-07,1.3298864471475777e-07,-1.0728841743912199e-06,0.9999989271164011,0.9999989271164011,0.9999989271164011,-14.369230270385742,5.748077094738143e-07,5.748077094738143e-07,5.748077094738143e-07
gemma4:12b,original,M16_Hex_Nut,M16 hex nut,hex_nut,Gear_Small,gear,False,False,False,../vlm_four_scene_20260925/input_crops/original/Gear_Small.png,12582ccd34fdba48126c0e1e0d71701e3ab31413538cfcbedfd42b8adf7e792c,gemma4-12b/responses/original/M16_Hex_Nut/Gear_Small.json,0.4527399999788031,B,-15.947305679321289,1.186241578479373e-07,1.186241578479373e-07,1.186241578479373e-07,-9.536747711536009e-07,0.9999990463256836,0.9999990463256836,0.9999990463256836,-14.529245376586914,4.89811420232268e-07,4.89811420232268e-07,4.89811420232268e-07
gemma4:12b,original,RGOCG16-50_16mm,16 mm round pin,round_pin,Gear_Small,gear,False,False,False,../vlm_four_scene_20260925/input_crops/original/Gear_Small.png,12582ccd34fdba48126c0e1e0d71701e3ab31413538cfcbedfd42b8adf7e792c,gemma4-12b/responses/original/RGOCG16-50_16mm/Gear_Small.json,1.2297004999709316,B,-13.549345970153809,1.3049498198465245e-06,1.3049498198465245e-06,1.3049498198465245e-06,-1.1920999895664863e-05,0.9999880790711592,0.9999880790711592,0.9999880790711592,-11.499993324279785,1.013016122452705e-05,1.013016122452705e-05,1.013016122452705e-05
gemma4:12b,original,RGOCG12-50_12mm,12 mm round pin,round_pin,Gear_Small,gear,False,False,False,../vlm_four_scene_20260925/input_crops/original/Gear_Small.png,12582ccd34fdba48126c0e1e0d71701e3ab31413538cfcbedfd42b8adf7e792c,gemma4-12b/responses/original/RGOCG12-50_12mm/Gear_Small.json,0.410749799979385,B,-13.593384742736816,1.2487284770387135e-06,1.2487284770387135e-06,1.2487284770387135e-06,-1.1920999895664863e-05,0.9999880790711592,0.9999880790711592,0.9999880790711592,-11.466878890991211,1.0471231785142236e-05,1.0471231785142236e-05,1.0471231785142236e-05
gemma4:12b,original,RGOCG8-50_8mm,8 mm round pin,round_pin,Gear_Small,gear,False,False,False,../vlm_four_scene_20260925/input_crops/original/Gear_Small.png,12582ccd34fdba48126c0e1e0d71701e3ab31413538cfcbedfd42b8adf7e792c,gemma4-12b/responses/original/RGOCG8-50_8mm/Gear_Small.json,0.4284526000265032,B,-13.593384742736816,1.2487284770387135e-06,1.2487284770387135e-06,1.2487284770387135e-06,-1.1920999895664863e-05,0.9999880790711592,0.9999880790711592,0.9999880790711592,-11.466878890991211,1.0471231785142236e-05,1.0471231785142236e-05,1.0471231785142236e-05
gemma4:12b,original,USB_Male,USB connector + cable,USB_Male,Gear_Small,gear,False,False,False,../vlm_four_scene_20260925/input_crops/original/Gear_Small.png,12582ccd34fdba48126c0e1e0d71701e3ab31413538cfcbedfd42b8adf7e792c,gemma4-12b/responses/original/USB_Male/Gear_Small.json,1.2878235999960452,B,-16.11279296875,1.0053167663111236e-07,1.0053167663111236e-07,1.0053167663111236e-07,-3.421365181566216e-05,0.9999657869334646,0.9999657869334646,0.9999657869334646,-10.295032501220703,3.3800583198836725e-05,3.3800583198836725e-05,3.3800583198836725e-05
gemma4:12b,original,DSUB_Male,DSUB connector,DSUB_Male,Gear_Small,gear,False,False,False,../vlm_four_scene_20260925/input_crops/original/Gear_Small.png,12582ccd34fdba48126c0e1e0d71701e3ab31413538cfcbedfd42b8adf7e792c,gemma4-12b/responses/original/DSUB_Male/Gear_Small.json,1.2094881000230089,B,-15.67888355255127,1.5514843198456533e-07,1.5514843198456533e-07,1.5514843198456533e-07,-1.633180545468349e-05,0.9999836683279085,0.9999836683279085,0.9999836683279085,-11.03770923614502,1.6083619341006095e-05,1.6083619341006095e-05,1.6083619341006095e-05
gemma4:12b,original,Gear_Large,Large gear,gear,Waterproof_Male,Waterproof_Male,False,False,False,../vlm_four_scene_20260925/input_crops/original/Waterproof_Male.png,41b585482c19ce36d3222b4ce188fedb570a2c64e3d131c84b65485afb23e2f0,gemma4-12b/responses/original/Gear_Large/Waterproof_Male.json,1.047599200042896,B,-12.784993171691895,2.802515442681282e-06,2.802515442681282e-06,2.802515442681282e-06,-0.1842392235994339,0.8317368089522664,0.8317368089522664,0.8317368089522664,-1.782256007194519,0.1682581272202469,0.1682581272202469,0.1682581272202469
gemma4:12b,original,Gear_Medium,Medium gear,gear,Waterproof_Male,Waterproof_Male,False,False,False,../vlm_four_scene_20260925/input_crops/original/Waterproof_Male.png,41b585482c19ce36d3222b4ce188fedb570a2c64e3d131c84b65485afb23e2f0,gemma4-12b/responses/original/Gear_Medium/Waterproof_Male.json,0.41498559998581186,B,-13.20714282989502,1.8374297646769322e-06,1.8374297646769322e-06,1.8374297646769322e-06,-0.11270277202129364,0.8934161689377725,0.8934161689377725,0.8934161689377725,-2.238858699798584,0.10658007485275013,0.10658007485275013,0.10658007485275013
gemma4:12b,original,Gear_Small,Small gear,gear,Waterproof_Male,Waterproof_Male,False,False,False,../vlm_four_scene_20260925/input_crops/original/Waterproof_Male.png,41b585482c19ce36d3222b4ce188fedb570a2c64e3d131c84b65485afb23e2f0,gemma4-12b/responses/original/Gear_Small/Waterproof_Male.json,0.4103559000068344,B,-13.20714282989502,1.8374297646769322e-06,1.8374297646769322e-06,1.8374297646769322e-06,-0.11270277202129364,0.8934161689377725,0.8934161689377725,0.8934161689377725,-2.238858699798584,0.10658007485275013,0.10658007485275013,0.10658007485275013
gemma4:12b,original,Waterproof_Male,Waterproof connector,Waterproof_Male,Waterproof_Male,Waterproof_Male,True,True,False,../vlm_four_scene_20260925/input_crops/original/Waterproof_Male.png,41b585482c19ce36d3222b4ce188fedb570a2c64e3d131c84b65485afb23e2f0,gemma4-12b/responses/original/Waterproof_Male/Waterproof_Male.json,1.280579200014472,A,-3.57628505298635e-06,0.9999964237213419,0.9999964237213419,0.9999964237213419,-14.257976531982422,6.424502005950856e-07,6.424502005950856e-07,6.424502005950856e-07,-14.911901473999023,3.34074613903152e-07,3.34074613903152e-07,3.34074613903152e-07
gemma4:12b,original,M12_Hex_Nut,M12 hex nut,hex_nut,Waterproof_Male,Waterproof_Male,False,False,False,../vlm_four_scene_20260925/input_crops/original/Waterproof_Male.png,41b585482c19ce36d3222b4ce188fedb570a2c64e3d131c84b65485afb23e2f0,gemma4-12b/responses/original/M12_Hex_Nut/Waterproof_Male.json,1.1410349999787286,B,-12.520758628845215,3.6500903806839827e-06,3.6500903806839827e-06,3.6500903806839827e-06,-0.010945639573037624,0.9891140459758052,0.9891140459758052,0.9891140459758052,-4.520638942718506,0.010882068428406432,0.010882068428406432,0.010882068428406432
gemma4:12b,original,M16_Hex_Nut,M16 hex nut,hex_nut,Waterproof_Male,Waterproof_Male,False,False,False,../vlm_four_scene_20260925/input_crops/original/Waterproof_Male.png,41b585482c19ce36d3222b4ce188fedb570a2c64e3d131c84b65485afb23e2f0,gemma4-12b/responses/original/M16_Hex_Nut/Waterproof_Male.json,0.3931666999706067,B,-12.024736404418945,5.994091017488271e-06,5.994091017488271e-06,5.994091017488271e-06,-0.02483769878745079,0.9754682188560136,0.9754682188560136,0.9754682188560136,-3.708048105239868,0.024525347479794495,0.024525347479794495,0.024525347479794495
gemma4:12b,original,RGOCG16-50_16mm,16 mm round pin,round_pin,Waterproof_Male,Waterproof_Male,False,False,False,../vlm_four_scene_20260925/input_crops/original/Waterproof_Male.png,41b585482c19ce36d3222b4ce188fedb570a2c64e3d131c84b65485afb23e2f0,gemma4-12b/responses/original/RGOCG16-50_16mm/Waterproof_Male.json,1.1874896000372246,B,-13.882087707519531,9.355907326629883e-07,9.355907326629883e-07,9.355907326629883e-07,-0.0005021163378842175,0.9994980097014278,0.9994980097014278,0.9994980097014278,-7.5990071296691895,0.000500948563572926,0.000500948563572926,0.000500948563572926
gemma4:12b,original,RGOCG12-50_12mm,12 mm round pin,round_pin,Waterproof_Male,Waterproof_Male,False,False,False,../vlm_four_scene_20260925/input_crops/original/Waterproof_Male.png,41b585482c19ce36d3222b4ce188fedb570a2c64e3d131c84b65485afb23e2f0,gemma4-12b/responses/original/RGOCG12-50_12mm/Waterproof_Male.json,0.45277050003642216,B,-13.80458927154541,1.010981141366607e-06,1.010981141366607e-06,1.010981141366607e-06,-0.0007579814409837127,0.9992423057543812,0.9992423057543812,0.9992423057543812,-7.18707275390625,0.0007562997588886036,0.0007562997588886036,0.0007562997588886036
gemma4:12b,original,RGOCG8-50_8mm,8 mm round pin,round_pin,Waterproof_Male,Waterproof_Male,False,False,False,../vlm_four_scene_20260925/input_crops/original/Waterproof_Male.png,41b585482c19ce36d3222b4ce188fedb570a2c64e3d131c84b65485afb23e2f0,gemma4-12b/responses/original/RGOCG8-50_8mm/Waterproof_Male.json,0.45203890005359426,B,-13.80458927154541,1.010981141366607e-06,1.010981141366607e-06,1.010981141366607e-06,-0.0007579814409837127,0.9992423057543812,0.9992423057543812,0.9992423057543812,-7.18707275390625,0.0007562997588886036,0.0007562997588886036,0.0007562997588886036
gemma4:12b,original,USB_Male,USB connector + cable,USB_Male,Waterproof_Male,Waterproof_Male,False,False,False,../vlm_four_scene_20260925/input_crops/original/Waterproof_Male.png,41b585482c19ce36d3222b4ce188fedb570a2c64e3d131c84b65485afb23e2f0,gemma4-12b/responses/original/USB_Male/Waterproof_Male.json,1.1570357999880798,B,-14.825506210327148,3.64220563066923e-07,3.64220563066923e-07,3.64220563066923e-07,-0.0033204187639057636,0.99668508773017,0.99668508773017,0.99668508773017,-5.709559440612793,0.003314132295416077,0.003314132295416077,0.003314132295416077
gemma4:12b,original,DSUB_Male,DSUB connector,DSUB_Male,Waterproof_Male,Waterproof_Male,False,False,False,../vlm_four_scene_20260925/input_crops/original/Waterproof_Male.png,41b585482c19ce36d3222b4ce188fedb570a2c64e3d131c84b65485afb23e2f0,gemma4-12b/responses/original/DSUB_Male/Waterproof_Male.json,1.2020290999789722,A,-0.002363731386139989,0.997639060027076,0.997639060027076,0.997639060027076,-6.6343674659729,0.0013144098912498908,0.0013144098912498908,0.0013144098912498908,-6.862916469573975,0.0010458592636473302,0.0010458592636473302,0.0010458592636473302
gemma4:12b,original,Gear_Large,Large gear,gear,M12_Hex_Nut,hex_nut,False,False,False,../vlm_four_scene_20260925/input_crops/original/M12_Hex_Nut.png,38c0f98390b534a6792efcbe2e21a4c07ceeeea957ea1c15c814989186114245,gemma4-12b/responses/original/Gear_Large/M12_Hex_Nut.json,1.1290011000237428,B,-2.7342569828033447,0.06494224238470976,0.06494224238470976,0.06494224238470976,-0.13102364540100098,0.8771970324702294,0.8771970324702294,0.8771970324702294,-2.8497793674468994,0.057857084623032844,0.057857084623032844,0.057857084623032844
gemma4:12b,original,Gear_Medium,Medium gear,gear,M12_Hex_Nut,hex_nut,False,False,False,../vlm_four_scene_20260925/input_crops/original/M12_Hex_Nut.png,38c0f98390b534a6792efcbe2e21a4c07ceeeea957ea1c15c814989186114245,gemma4-12b/responses/original/Gear_Medium/M12_Hex_Nut.json,0.43394949997309595,B,-2.9083850383758545,0.054563777159737245,0.054563777159737245,0.054563777159737245,-0.10852133482694626,0.8971597538646954,0.8971597538646954,0.8971597538646954,-3.0308825969696045,0.048273013703133416,0.048273013703133416,0.048273013703133416
gemma4:12b,original,Gear_Small,Small gear,gear,M12_Hex_Nut,hex_nut,False,False,False,../vlm_four_scene_20260925/input_crops/original/M12_Hex_Nut.png,38c0f98390b534a6792efcbe2e21a4c07ceeeea957ea1c15c814989186114245,gemma4-12b/responses/original/Gear_Small/M12_Hex_Nut.json,0.4522927000070922,B,-2.9083850383758545,0.054563777159737245,0.054563777159737245,0.054563777159737245,-0.10852133482694626,0.8971597538646954,0.8971597538646954,0.8971597538646954,-3.0308825969696045,0.048273013703133416,0.048273013703133416,0.048273013703133416
gemma4:12b,original,Waterproof_Male,Waterproof connector,Waterproof_Male,M12_Hex_Nut,hex_nut,False,False,False,../vlm_four_scene_20260925/input_crops/original/M12_Hex_Nut.png,38c0f98390b534a6792efcbe2e21a4c07ceeeea957ea1c15c814989186114245,gemma4-12b/responses/original/Waterproof_Male/M12_Hex_Nut.json,1.2686888999887742,C,-1.2464807033538818,0.2875148685593328,0.2875148685593328,0.2875148685593328,-1.2562482357025146,0.2847202283676501,0.2847202283676501,0.2847202283676501,-0.8492105603218079,0.42775248347581263,0.42775248347581263,0.42775248347581263
gemma4:12b,original,M12_Hex_Nut,M12 hex nut,hex_nut,M12_Hex_Nut,hex_nut,True,True,False,../vlm_four_scene_20260925/input_crops/original/M12_Hex_Nut.png,38c0f98390b534a6792efcbe2e21a4c07ceeeea957ea1c15c814989186114245,gemma4-12b/responses/original/M12_Hex_Nut/M12_Hex_Nut.json,1.1600865000509657,A,-4.136647839914076e-05,0.9999586343771818,0.9999586343771818,0.9999586343771818,-10.184531211853027,3.7749768608921206e-05,3.7749768608921206e-05,3.7749768608921206e-05,-12.805335998535156,2.7460803273957136e-06,2.7460803273957136e-06,2.7460803273957136e-06
gemma4:12b,original,M16_Hex_Nut,M16 hex nut,hex_nut,M12_Hex_Nut,hex_nut,False,True,False,../vlm_four_scene_20260925/input_crops/original/M12_Hex_Nut.png,38c0f98390b534a6792efcbe2e21a4c07ceeeea957ea1c15c814989186114245,gemma4-12b/responses/original/M16_Hex_Nut/M12_Hex_Nut.json,0.4347719000070356,A,-4.7207991883624345e-05,0.999952793122396,0.999952793122396,0.999952793122396,-10.038971900939941,4.366464156241304e-05,4.366464156241304e-05,4.366464156241304e-05,-12.915520668029785,2.4595782445340665e-06,2.4595782445340665e-06,2.4595782445340665e-06
gemma4:12b,original,RGOCG16-50_16mm,16 mm round pin,round_pin,M12_Hex_Nut,hex_nut,False,False,False,../vlm_four_scene_20260925/input_crops/original/M12_Hex_Nut.png,38c0f98390b534a6792efcbe2e21a4c07ceeeea957ea1c15c814989186114245,gemma4-12b/responses/original/RGOCG16-50_16mm/M12_Hex_Nut.json,1.2219470999552868,B,-13.23773193359375,1.7820753718575647e-06,1.7820753718575647e-06,1.7820753718575647e-06,-7.534310861956328e-05,0.9999246597296012,0.9999246597296012,0.9999246597296012,-9.521931648254395,7.322807675917577e-05,7.322807675917577e-05,7.322807675917577e-05
gemma4:12b,original,RGOCG12-50_12mm,12 mm round pin,round_pin,M12_Hex_Nut,hex_nut,False,False,False,../vlm_four_scene_20260925/input_crops/original/M12_Hex_Nut.png,38c0f98390b534a6792efcbe2e21a4c07ceeeea957ea1c15c814989186114245,gemma4-12b/responses/original/RGOCG12-50_12mm/M12_Hex_Nut.json,0.4224957000114955,B,-12.977627754211426,2.3114679612294895e-06,2.3114679612294895e-06,2.3114679612294895e-06,-7.093204476404935e-05,0.999929070470854,0.999929070470854,0.999929070470854,-9.590402603149414,6.83818853038707e-05,6.83818853038707e-05,6.83818853038707e-05
gemma4:12b,original,RGOCG8-50_8mm,8 mm round pin,round_pin,M12_Hex_Nut,hex_nut,False,False,False,../vlm_four_scene_20260925/input_crops/original/M12_Hex_Nut.png,38c0f98390b534a6792efcbe2e21a4c07ceeeea957ea1c15c814989186114245,gemma4-12b/responses/original/RGOCG8-50_8mm/M12_Hex_Nut.json,0.45234969997545704,B,-12.977627754211426,2.3114679612294895e-06,2.3114679612294895e-06,2.3114679612294895e-06,-7.093204476404935e-05,0.999929070470854,0.999929070470854,0.999929070470854,-9.590402603149414,6.83818853038707e-05,6.83818853038707e-05,6.83818853038707e-05
gemma4:12b,original,USB_Male,USB connector + cable,USB_Male,M12_Hex_Nut,hex_nut,False,False,False,../vlm_four_scene_20260925/input_crops/original/M12_Hex_Nut.png,38c0f98390b534a6792efcbe2e21a4c07ceeeea957ea1c15c814989186114245,gemma4-12b/responses/original/USB_Male/M12_Hex_Nut.json,1.2789409999968484,B,-16.478933334350586,6.970921389156041e-08,6.970921389156041e-08,6.970921389156041e-08,-9.763717389432713e-05,0.9999023675924594,0.9999023675924594,0.9999023675924594,-9.236231803894043,9.744408770432552e-05,9.744408770432552e-05,9.744408770432552e-05
gemma4:12b,original,DSUB_Male,DSUB connector,DSUB_Male,M12_Hex_Nut,hex_nut,False,False,False,../vlm_four_scene_20260925/input_crops/original/M12_Hex_Nut.png,38c0f98390b534a6792efcbe2e21a4c07ceeeea957ea1c15c814989186114245,gemma4-12b/responses/original/DSUB_Male/M12_Hex_Nut.json,1.18143479997525,B,-12.045470237731934,5.8710900803264186e-06,5.8710900803264186e-06,5.8710900803264186e-06,-0.0037484001368284225,0.9962586163453657,0.9962586163453657,0.9962586163453657,-5.590000629425049,0.0037350255137687106,0.0037350255137687106,0.0037350255137687106
gemma4:12b,original,Gear_Large,Large gear,gear,M16_Hex_Nut,hex_nut,False,False,False,../vlm_four_scene_20260925/input_crops/original/M16_Hex_Nut.png,4ba340c5f9b0438cf39ee0b2a365c9fca0767eaad2c4a4642c4a0ade665bff5c,gemma4-12b/responses/original/Gear_Large/M16_Hex_Nut.json,1.1207107999944128,B,-8.86754322052002,0.00014088829430850217,0.00014088829430850217,0.00014088829430850217,-0.007511924486607313,0.9925162195022066,0.9925162195022066,0.9925162195022066,-4.914093971252441,0.007342367275519372,0.007342367275519372,0.007342367275519372
gemma4:12b,original,Gear_Medium,Medium gear,gear,M16_Hex_Nut,hex_nut,False,False,False,../vlm_four_scene_20260925/input_crops/original/M16_Hex_Nut.png,4ba340c5f9b0438cf39ee0b2a365c9fca0767eaad2c4a4642c4a0ade665bff5c,gemma4-12b/responses/original/Gear_Medium/M16_Hex_Nut.json,0.4636119999922812,B,-9.364494323730469,8.571400526385643e-05,8.571400526385643e-05,8.571400526385643e-05,-0.007650358602404594,0.992378830906799,0.992378830906799,0.992378830906799,-4.888210296630859,0.00753489564302835,0.00753489564302835,0.00753489564302835
gemma4:12b,original,Gear_Small,Small gear,gear,M16_Hex_Nut,hex_nut,False,False,False,../vlm_four_scene_20260925/input_crops/original/M16_Hex_Nut.png,4ba340c5f9b0438cf39ee0b2a365c9fca0767eaad2c4a4642c4a0ade665bff5c,gemma4-12b/responses/original/Gear_Small/M16_Hex_Nut.json,0.480071300000418,B,-9.364494323730469,8.571400526385643e-05,8.571400526385643e-05,8.571400526385643e-05,-0.007650358602404594,0.992378830906799,0.992378830906799,0.992378830906799,-4.888210296630859,0.00753489564302835,0.00753489564302835,0.00753489564302835
gemma4:12b,original,Waterproof_Male,Waterproof connector,Waterproof_Male,M16_Hex_Nut,hex_nut,False,False,False,../vlm_four_scene_20260925/input_crops/original/M16_Hex_Nut.png,4ba340c5f9b0438cf39ee0b2a365c9fca0767eaad2c4a4642c4a0ade665bff5c,gemma4-12b/responses/original/Waterproof_Male/M16_Hex_Nut.json,1.31168240000261,A,-0.38433706760406494,0.6809018785302143,0.6809018785302143,0.6809018785302143,-1.4527764320373535,0.2339199228960906,0.2339199228960906,0.2339199228960906,-2.4631409645080566,0.08516702381369855,0.08516702381369855,0.08516702381369855
gemma4:12b,original,M12_Hex_Nut,M12 hex nut,hex_nut,M16_Hex_Nut,hex_nut,False,True,False,../vlm_four_scene_20260925/input_crops/original/M16_Hex_Nut.png,4ba340c5f9b0438cf39ee0b2a365c9fca0767eaad2c4a4642c4a0ade665bff5c,gemma4-12b/responses/original/M12_Hex_Nut/M16_Hex_Nut.json,1.1569047999801114,A,-8.344684829353355e-06,0.9999916553499875,0.9999916553499875,0.9999916553499875,-12.056638717651367,5.805883734333112e-06,5.805883734333112e-06,5.805883734333112e-06,-13.843171119689941,9.727184886552816e-07,9.727184886552816e-07,9.727184886552816e-07
gemma4:12b,original,M16_Hex_Nut,M16 hex nut,hex_nut,M16_Hex_Nut,hex_nut,True,True,False,../vlm_four_scene_20260925/input_crops/original/M16_Hex_Nut.png,4ba340c5f9b0438cf39ee0b2a365c9fca0767eaad2c4a4642c4a0ade665bff5c,gemma4-12b/responses/original/M16_Hex_Nut/M16_Hex_Nut.json,0.41511659999378026,A,-1.0132840543519706e-05,0.9999898672107935,0.9999898672107935,0.9999898672107935,-11.816988945007324,7.378140285020704e-06,7.378140285020704e-06,7.378140285020704e-06,-13.601820945739746,1.2382382611216162e-06,1.2382382611216162e-06,1.2382382611216162e-06
gemma4:12b,original,RGOCG16-50_16mm,16 mm round pin,round_pin,M16_Hex_Nut,hex_nut,False,False,False,../vlm_four_scene_20260925/input_crops/original/M16_Hex_Nut.png,4ba340c5f9b0438cf39ee0b2a365c9fca0767eaad2c4a4642c4a0ade665bff5c,gemma4-12b/responses/original/RGOCG16-50_16mm/M16_Hex_Nut.json,1.2311247999896295,B,-14.94120979309082,3.2442553829688443e-07,3.2442553829688443e-07,3.2442553829688443e-07,-5.245222382654902e-06,0.9999947547913735,0.9999947547913735,0.9999947547913735,-12.234804153442383,4.858386585590667e-06,4.858386585590667e-06,4.858386585590667e-06
gemma4:12b,original,RGOCG12-50_12mm,12 mm round pin,round_pin,M16_Hex_Nut,hex_nut,False,False,False,../vlm_four_scene_20260925/input_crops/original/M16_Hex_Nut.png,4ba340c5f9b0438cf39ee0b2a365c9fca0767eaad2c4a4642c4a0ade665bff5c,gemma4-12b/responses/original/RGOCG12-50_12mm/M16_Hex_Nut.json,0.4799512000172399,B,-14.83859634399414,3.5948393638582295e-07,3.5948393638582295e-07,3.5948393638582295e-07,-4.887592695013154e-06,0.9999951124192492,0.9999951124192492,0.9999951124192492,-12.324538230895996,4.44141192522056e-06,4.44141192522056e-06,4.44141192522056e-06
gemma4:12b,original,RGOCG8-50_8mm,8 mm round pin,round_pin,M16_Hex_Nut,hex_nut,False,False,False,../vlm_four_scene_20260925/input_crops/original/M16_Hex_Nut.png,4ba340c5f9b0438cf39ee0b2a365c9fca0767eaad2c4a4642c4a0ade665bff5c,gemma4-12b/responses/original/RGOCG8-50_8mm/M16_Hex_Nut.json,0.4695048000430688,B,-14.83859634399414,3.5948393638582295e-07,3.5948393638582295e-07,3.5948393638582295e-07,-4.887592695013154e-06,0.9999951124192492,0.9999951124192492,0.9999951124192492,-12.324538230895996,4.44141192522056e-06,4.44141192522056e-06,4.44141192522056e-06
gemma4:12b,original,USB_Male,USB connector + cable,USB_Male,M16_Hex_Nut,hex_nut,False,False,False,../vlm_four_scene_20260925/input_crops/original/M16_Hex_Nut.png,4ba340c5f9b0438cf39ee0b2a365c9fca0767eaad2c4a4642c4a0ade665bff5c,gemma4-12b/responses/original/USB_Male/M16_Hex_Nut.json,1.278842400002759,B,-15.680276870727539,1.5493241138192494e-07,1.5493241138192494e-07,1.5493241138192494e-07,-5.0426799134584144e-05,0.9999495744722751,0.9999495744722751,0.9999495744722751,-9.90013313293457,5.016800259814982e-05,5.016800259814982e-05,5.016800259814982e-05
gemma4:12b,original,DSUB_Male,DSUB connector,DSUB_Male,M16_Hex_Nut,hex_nut,False,False,False,../vlm_four_scene_20260925/input_crops/original/M16_Hex_Nut.png,4ba340c5f9b0438cf39ee0b2a365c9fca0767eaad2c4a4642c4a0ade665bff5c,gemma4-12b/responses/original/DSUB_Male/M16_Hex_Nut.json,1.1749139999737963,B,-13.926512718200684,8.949368156518495e-07,8.949368156518495e-07,8.949368156518495e-07,-0.0011078889947384596,0.9988927244876962,0.9988927244876962,0.9988927244876962,-6.8071064949035645,0.0011058881680164087,0.0011058881680164087,0.0011058881680164087
gemma4:12b,original,Gear_Large,Large gear,gear,RGOCG16-50_16mm,round_pin,False,False,False,../vlm_four_scene_20260925/input_crops/original/RGOCG16-50_16mm.png,2bfbdaf2da2c79be29d256e75f2c8aaa2cb945a635fb500fdd25fd9e5a47a015,gemma4-12b/responses/original/Gear_Large/RGOCG16-50_16mm.json,1.0594671000144444,B,-11.930649757385254,6.5854376890975895e-06,6.5854376890975895e-06,6.5854376890975895e-06,-0.09335389733314514,0.9108710884001266,0.9108710884001266,0.9108710884001266,-2.4177825450897217,0.08911901591685518,0.08911901591685518,0.08911901591685518
gemma4:12b,original,Gear_Medium,Medium gear,gear,RGOCG16-50_16mm,round_pin,False,False,False,../vlm_four_scene_20260925/input_crops/original/RGOCG16-50_16mm.png,2bfbdaf2da2c79be29d256e75f2c8aaa2cb945a635fb500fdd25fd9e5a47a015,gemma4-12b/responses/original/Gear_Medium/RGOCG16-50_16mm.json,0.3991391999879852,B,-11.366059303283691,1.1581989412632075e-05,1.1581989412632075e-05,1.1581989412632075e-05,-0.1513851135969162,0.8595166233740635,0.8595166233740635,0.8595166233740635,-1.9627711772918701,0.1404686176201032,0.1404686176201032,0.1404686176201032
gemma4:12b,original,Gear_Small,Small gear,gear,RGOCG16-50_16mm,round_pin,False,False,False,../vlm_four_scene_20260925/input_crops/original/RGOCG16-50_16mm.png,2bfbdaf2da2c79be29d256e75f2c8aaa2cb945a635fb500fdd25fd9e5a47a015,gemma4-12b/responses/original/Gear_Small/RGOCG16-50_16mm.json,0.4349385999958031,B,-11.366059303283691,1.1581989412632075e-05,1.1581989412632075e-05,1.1581989412632075e-05,-0.1513851135969162,0.8595166233740635,0.8595166233740635,0.8595166233740635,-1.9627711772918701,0.1404686176201032,0.1404686176201032,0.1404686176201032
gemma4:12b,original,Waterproof_Male,Waterproof connector,Waterproof_Male,RGOCG16-50_16mm,round_pin,False,False,False,../vlm_four_scene_20260925/input_crops/original/RGOCG16-50_16mm.png,2bfbdaf2da2c79be29d256e75f2c8aaa2cb945a635fb500fdd25fd9e5a47a015,gemma4-12b/responses/original/Waterproof_Male/RGOCG16-50_16mm.json,1.111947700032033,C,-12.738707542419434,2.935280488648983e-06,2.935280488648983e-06,2.935280488648983e-06,-2.69691801071167,0.06741295891937717,0.06741295891937717,0.06741295891937717,-0.06979995965957642,0.9325803549397349,0.9325803549397349,0.9325803549397349
gemma4:12b,original,M12_Hex_Nut,M12 hex nut,hex_nut,RGOCG16-50_16mm,round_pin,False,False,False,../vlm_four_scene_20260925/input_crops/original/RGOCG16-50_16mm.png,2bfbdaf2da2c79be29d256e75f2c8aaa2cb945a635fb500fdd25fd9e5a47a015,gemma4-12b/responses/original/M12_Hex_Nut/RGOCG16-50_16mm.json,1.0761861000210047,B,-14.730334281921387,4.005872337998176e-07,4.005872337998176e-07,4.005872337998176e-07,-1.4186006410454866e-05,0.9999858140942105,0.9999858140942105,0.9999858140942105,-11.219062805175781,1.3415996354438417e-05,1.3415996354438417e-05,1.3415996354438417e-05
gemma4:12b,original,M16_Hex_Nut,M16 hex nut,hex_nut,RGOCG16-50_16mm,round_pin,False,False,False,../vlm_four_scene_20260925/input_crops/original/RGOCG16-50_16mm.png,2bfbdaf2da2c79be29d256e75f2c8aaa2cb945a635fb500fdd25fd9e5a47a015,gemma4-12b/responses/original/M16_Hex_Nut/RGOCG16-50_16mm.json,0.422980000032112,B,-14.962491035461426,3.1759430615381216e-07,3.1759430615381216e-07,3.1759430615381216e-07,-1.1563368389033712e-05,0.9999884366984665,0.9999884366984665,0.9999884366984665,-11.428922653198242,1.0876319519775807e-05,1.0876319519775807e-05,1.0876319519775807e-05
gemma4:12b,original,RGOCG16-50_16mm,16 mm round pin,round_pin,RGOCG16-50_16mm,round_pin,True,True,False,../vlm_four_scene_20260925/input_crops/original/RGOCG16-50_16mm.png,2bfbdaf2da2c79be29d256e75f2c8aaa2cb945a635fb500fdd25fd9e5a47a015,gemma4-12b/responses/original/RGOCG16-50_16mm/RGOCG16-50_16mm.json,1.169582900009118,A,-3.4570753086882178e-06,0.999996542930667,0.999996542930667,0.999996542930667,-15.289533615112305,2.2900233999804485e-07,2.2900233999804485e-07,2.2900233999804485e-07,-15.33342170715332,2.1916922093958498e-07,2.1916922093958498e-07,2.1916922093958498e-07
gemma4:12b,original,RGOCG12-50_12mm,12 mm round pin,round_pin,RGOCG16-50_16mm,round_pin,False,True,False,../vlm_four_scene_20260925/input_crops/original/RGOCG16-50_16mm.png,2bfbdaf2da2c79be29d256e75f2c8aaa2cb945a635fb500fdd25fd9e5a47a015,gemma4-12b/responses/original/RGOCG12-50_12mm/RGOCG16-50_16mm.json,0.4216844000038691,A,-4.291543518775143e-06,0.9999957084656899,0.9999957084656899,0.9999957084656899,-15.529584884643555,1.8013038545472528e-07,1.8013038545472528e-07,1.8013038545472528e-07,-15.714225769042969,1.4976090682562775e-07,1.4976090682562775e-07,1.4976090682562775e-07
gemma4:12b,original,RGOCG8-50_8mm,8 mm round pin,round_pin,RGOCG16-50_16mm,round_pin,False,True,False,../vlm_four_scene_20260925/input_crops/original/RGOCG16-50_16mm.png,2bfbdaf2da2c79be29d256e75f2c8aaa2cb945a635fb500fdd25fd9e5a47a015,gemma4-12b/responses/original/RGOCG8-50_8mm/RGOCG16-50_16mm.json,0.43406450003385544,A,-4.291543518775143e-06,0.9999957084656899,0.9999957084656899,0.9999957084656899,-15.529584884643555,1.8013038545472528e-07,1.8013038545472528e-07,1.8013038545472528e-07,-15.714225769042969,1.4976090682562775e-07,1.4976090682562775e-07,1.4976090682562775e-07
gemma4:12b,original,USB_Male,USB connector + cable,USB_Male,RGOCG16-50_16mm,round_pin,False,False,False,../vlm_four_scene_20260925/input_crops/original/RGOCG16-50_16mm.png,2bfbdaf2da2c79be29d256e75f2c8aaa2cb945a635fb500fdd25fd9e5a47a015,gemma4-12b/responses/original/USB_Male/RGOCG16-50_16mm.json,1.1099618999869563,B,-13.644638061523438,1.1863394768723707e-06,1.1863394768723707e-06,1.1863394768723707e-06,-0.00443630525842309,0.9955735206081985,0.9955735206081985,0.9955735206081985,-5.4207048416137695,0.004424027310092523,0.004424027310092523,0.004424027310092523
gemma4:12b,original,DSUB_Male,DSUB connector,DSUB_Male,RGOCG16-50_16mm,round_pin,False,False,False,../vlm_four_scene_20260925/input_crops/original/RGOCG16-50_16mm.png,2bfbdaf2da2c79be29d256e75f2c8aaa2cb945a635fb500fdd25fd9e5a47a015,gemma4-12b/responses/original/DSUB_Male/RGOCG16-50_16mm.json,1.154979099985212,C,-14.08458137512207,7.640891431107554e-07,7.640891431107554e-07,7.640891431107554e-07,-3.9876201152801514,0.01854379373817463,0.01854379373817463,0.01854379373817463,-0.018720360472798347,0.9814537771426017,0.9814537771426017,0.9814537771426017
gemma4:12b,original,Gear_Large,Large gear,gear,RGOCG12-50_12mm,round_pin,False,False,False,../vlm_four_scene_20260925/input_crops/original/RGOCG12-50_12mm.png,f7fe97d1f7e7adc98d48fb17d117f16f849894e3866bcd7707469350125ff6d1,gemma4-12b/responses/original/Gear_Large/RGOCG12-50_12mm.json,1.0969002000056207,C,-11.029011726379395,1.6224116880974174e-05,1.6224116880974174e-05,1.6224116880974174e-05,-0.9333931803703308,0.3932171872808423,0.3932171872808423,0.3932171872808423,-0.49961817264556885,0.6067622939291387,0.6067622939291387,0.6067622939291387
gemma4:12b,original,Gear_Medium,Medium gear,gear,RGOCG12-50_12mm,round_pin,False,False,False,../vlm_four_scene_20260925/input_crops/original/RGOCG12-50_12mm.png,f7fe97d1f7e7adc98d48fb17d117f16f849894e3866bcd7707469350125ff6d1,gemma4-12b/responses/original/Gear_Medium/RGOCG12-50_12mm.json,0.4271225000265986,C,-11.545249938964844,9.681923778580052e-06,9.681923778580052e-06,9.681923778580052e-06,-1.6543136835098267,0.19122325034981064,0.19122325034981064,0.19122325034981064,-0.21224947273731232,0.8087629081005406,0.8087629081005406,0.8087629081005406
gemma4:12b,original,Gear_Small,Small gear,gear,RGOCG12-50_12mm,round_pin,False,False,False,../vlm_four_scene_20260925/input_crops/original/RGOCG12-50_12mm.png,f7fe97d1f7e7adc98d48fb17d117f16f849894e3866bcd7707469350125ff6d1,gemma4-12b/responses/original/Gear_Small/RGOCG12-50_12mm.json,0.4396815999643877,C,-11.545249938964844,9.681923778580052e-06,9.681923778580052e-06,9.681923778580052e-06,-1.6543136835098267,0.19122325034981064,0.19122325034981064,0.19122325034981064,-0.21224947273731232,0.8087629081005406,0.8087629081005406,0.8087629081005406
gemma4:12b,original,Waterproof_Male,Waterproof connector,Waterproof_Male,RGOCG12-50_12mm,round_pin,False,False,False,../vlm_four_scene_20260925/input_crops/original/RGOCG12-50_12mm.png,f7fe97d1f7e7adc98d48fb17d117f16f849894e3866bcd7707469350125ff6d1,gemma4-12b/responses/original/Waterproof_Male/RGOCG12-50_12mm.json,1.2152088000439107,C,-13.099502563476562,2.0462482500160397e-06,2.0462482500160397e-06,2.0462482500160397e-06,-2.7992920875549316,0.06085312606611021,0.06085312606611021,0.06085312606611021,-0.06279037892818451,0.9391403166569583,0.9391403166569583,0.9391403166569583
gemma4:12b,original,M12_Hex_Nut,M12 hex nut,hex_nut,RGOCG12-50_12mm,round_pin,False,False,False,../vlm_four_scene_20260925/input_crops/original/RGOCG12-50_12mm.png,f7fe97d1f7e7adc98d48fb17d117f16f849894e3866bcd7707469350125ff6d1,gemma4-12b/responses/original/M12_Hex_Nut/RGOCG12-50_12mm.json,1.133798700000625,B,-13.656874656677246,1.1719111776409068e-06,1.1719111776409068e-06,1.1719111776409068e-06,-7.629685569554567e-05,0.9999237060548355,0.9999237060548355,0.9999237060548355,-9.502074241638184,7.469673001836629e-05,7.469673001836629e-05,7.469673001836629e-05
gemma4:12b,original,M16_Hex_Nut,M16 hex nut,hex_nut,RGOCG12-50_12mm,round_pin,False,False,False,../vlm_four_scene_20260925/input_crops/original/RGOCG12-50_12mm.png,f7fe97d1f7e7adc98d48fb17d117f16f849894e3866bcd7707469350125ff6d1,gemma4-12b/responses/original/M16_Hex_Nut/RGOCG12-50_12mm.json,0.38489780004601926,B,-13.83678150177002,9.789536871957945e-07,9.789536871957945e-07,9.789536871957945e-07,-6.19907514192164e-05,0.9999380111699677,0.9999380111699677,0.9999380111699677,-9.707430839538574,6.0829795008907816e-05,6.0829795008907816e-05,6.0829795008907816e-05
gemma4:12b,original,RGOCG16-50_16mm,16 mm round pin,round_pin,RGOCG12-50_12mm,round_pin,False,True,False,../vlm_four_scene_20260925/input_crops/original/RGOCG12-50_12mm.png,f7fe97d1f7e7adc98d48fb17d117f16f849894e3866bcd7707469350125ff6d1,gemma4-12b/responses/original/RGOCG16-50_16mm/RGOCG12-50_12mm.json,1.1742314000148326,A,-2.145769485650817e-06,0.9999978542328165,0.9999978542328165,0.9999978542328165,-15.068967819213867,2.8551598520320545e-07,2.8551598520320545e-07,2.8551598520320545e-07,-15.502601623535156,1.850570606395576e-07,1.850570606395576e-07,1.850570606395576e-07
gemma4:12b,original,RGOCG12-50_12mm,12 mm round pin,round_pin,RGOCG12-50_12mm,round_pin,True,True,False,../vlm_four_scene_20260925/input_crops/original/RGOCG12-50_12mm.png,f7fe97d1f7e7adc98d48fb17d117f16f849894e3866bcd7707469350125ff6d1,gemma4-12b/responses/original/RGOCG12-50_12mm/RGOCG12-50_12mm.json,0.422362899989821,A,-2.622607780722319e-06,0.9999973773956583,0.9999973773956583,0.9999973773956583,-15.018113136291504,3.0041134955618036e-07,3.0041134955618036e-07,3.0041134955618036e-07,-15.031867027282715,2.9630780911434604e-07,2.9630780911434604e-07,2.9630780911434604e-07
gemma4:12b,original,RGOCG8-50_8mm,8 mm round pin,round_pin,RGOCG12-50_12mm,round_pin,False,True,False,../vlm_four_scene_20260925/input_crops/original/RGOCG12-50_12mm.png,f7fe97d1f7e7adc98d48fb17d117f16f849894e3866bcd7707469350125ff6d1,gemma4-12b/responses/original/RGOCG8-50_8mm/RGOCG12-50_12mm.json,0.42733929998939857,A,-2.622607780722319e-06,0.9999973773956583,0.9999973773956583,0.9999973773956583,-15.018113136291504,3.0041134955618036e-07,3.0041134955618036e-07,3.0041134955618036e-07,-15.031867027282715,2.9630780911434604e-07,2.9630780911434604e-07,2.9630780911434604e-07
gemma4:12b,original,USB_Male,USB connector + cable,USB_Male,RGOCG12-50_12mm,round_pin,False,False,False,../vlm_four_scene_20260925/input_crops/original/RGOCG12-50_12mm.png,f7fe97d1f7e7adc98d48fb17d117f16f849894e3866bcd7707469350125ff6d1,gemma4-12b/responses/original/USB_Male/RGOCG12-50_12mm.json,1.2191010999958962,B,-13.264864921569824,1.7343724304243788e-06,1.7343724304243788e-06,1.7343724304243788e-06,-0.1382986456155777,0.8708385807832055,0.8708385807832055,0.8708385807832055,-2.0467286109924316,0.1291567351476528,0.1291567351476528,0.1291567351476528
gemma4:12b,original,DSUB_Male,DSUB connector,DSUB_Male,RGOCG12-50_12mm,round_pin,False,False,False,../vlm_four_scene_20260925/input_crops/original/RGOCG12-50_12mm.png,f7fe97d1f7e7adc98d48fb17d117f16f849894e3866bcd7707469350125ff6d1,gemma4-12b/responses/original/DSUB_Male/RGOCG12-50_12mm.json,1.1519334999611601,C,-12.757894515991211,2.8794981974579626e-06,2.8794981974579626e-06,2.8794981974579626e-06,-3.3663668632507324,0.03451480683996496,0.03451480683996496,0.03451480683996496,-0.03513572737574577,0.9654743660621626,0.9654743660621626,0.9654743660621626
gemma4:12b,original,Gear_Large,Large gear,gear,RGOCG8-50_8mm,round_pin,False,False,False,../vlm_four_scene_20260925/input_crops/original/RGOCG8-50_8mm.png,7881f6ce4519d317e7889c544a7333e26886e42475e8b63c0556e60bc0ac04ae,gemma4-12b/responses/original/Gear_Large/RGOCG8-50_8mm.json,1.1571764000109397,B,-12.688817024230957,3.085437719670161e-06,3.085437719670161e-06,3.085437719670161e-06,-0.03696070611476898,0.963714002672488,0.963714002672488,0.963714002672488,-3.31645131111145,0.036281354815685715,0.036281354815685715,0.036281354815685715
gemma4:12b,original,Gear_Medium,Medium gear,gear,RGOCG8-50_8mm,round_pin,False,False,False,../vlm_four_scene_20260925/input_crops/original/RGOCG8-50_8mm.png,7881f6ce4519d317e7889c544a7333e26886e42475e8b63c0556e60bc0ac04ae,gemma4-12b/responses/original/Gear_Medium/RGOCG8-50_8mm.json,0.4462717999704182,B,-12.500994682312012,3.722948179036399e-06,3.722948179036399e-06,3.722948179036399e-06,-0.06030143424868584,0.9414806962809201,0.9414806962809201,0.9414806962809201,-2.838508367538452,0.05851288061437164,0.05851288061437164,0.05851288061437164
gemma4:12b,original,Gear_Small,Small gear,gear,RGOCG8-50_8mm,round_pin,False,False,False,../vlm_four_scene_20260925/input_crops/original/RGOCG8-50_8mm.png,7881f6ce4519d317e7889c544a7333e26886e42475e8b63c0556e60bc0ac04ae,gemma4-12b/responses/original/Gear_Small/RGOCG8-50_8mm.json,0.45274709997465834,B,-12.500994682312012,3.722948179036399e-06,3.722948179036399e-06,3.722948179036399e-06,-0.06030143424868584,0.9414806962809201,0.9414806962809201,0.9414806962809201,-2.838508367538452,0.05851288061437164,0.05851288061437164,0.05851288061437164
gemma4:12b,original,Waterproof_Male,Waterproof connector,Waterproof_Male,RGOCG8-50_8mm,round_pin,False,False,False,../vlm_four_scene_20260925/input_crops/original/RGOCG8-50_8mm.png,7881f6ce4519d317e7889c544a7333e26886e42475e8b63c0556e60bc0ac04ae,gemma4-12b/responses/original/Waterproof_Male/RGOCG8-50_8mm.json,1.197528599994257,C,-12.13534164428711,5.366462363459966e-06,5.366462363459966e-06,5.366462363459966e-06,-1.3538265228271484,0.25825016738614515,0.25825016738614515,0.25825016738614515,-0.2987728416919708,0.741727879949775,0.741727879949775,0.741727879949775
gemma4:12b,original,M12_Hex_Nut,M12 hex nut,hex_nut,RGOCG8-50_8mm,round_pin,False,False,False,../vlm_four_scene_20260925/input_crops/original/RGOCG8-50_8mm.png,7881f6ce4519d317e7889c544a7333e26886e42475e8b63c0556e60bc0ac04ae,gemma4-12b/responses/original/M12_Hex_Nut/RGOCG8-50_8mm.json,1.1274993999977596,B,-13.829696655273438,9.859140512376107e-07,9.859140512376107e-07,9.859140512376107e-07,-0.00010610189929138869,0.9998939037293161,0.9998939037293161,0.9998939037293161,-9.162895202636719,0.0001048588704733706,0.0001048588704733706,0.0001048588704733706
gemma4:12b,original,M16_Hex_Nut,M16 hex nut,hex_nut,RGOCG8-50_8mm,round_pin,False,False,False,../vlm_four_scene_20260925/input_crops/original/RGOCG8-50_8mm.png,7881f6ce4519d317e7889c544a7333e26886e42475e8b63c0556e60bc0ac04ae,gemma4-12b/responses/original/M16_Hex_Nut/RGOCG8-50_8mm.json,0.4025252999854274,B,-14.265857696533203,6.374068447120148e-07,6.374068447120148e-07,6.374068447120148e-07,-8.762266952544451e-05,0.9999123811692285,0.9999123811692285,0.9999123811692285,-9.352256774902344,8.676937901159141e-05,8.676937901159141e-05,8.676937901159141e-05
gemma4:12b,original,RGOCG16-50_16mm,16 mm round pin,round_pin,RGOCG8-50_8mm,round_pin,False,True,False,../vlm_four_scene_20260925/input_crops/original/RGOCG8-50_8mm.png,7881f6ce4519d317e7889c544a7333e26886e42475e8b63c0556e60bc0ac04ae,gemma4-12b/responses/original/RGOCG16-50_16mm/RGOCG8-50_8mm.json,1.1122050999547355,A,-2.5033982637978625e-06,0.9999974966048697,0.9999974966048697,0.9999974966048697,-14.974324226379395,3.1385830012517215e-07,3.1385830012517215e-07,3.1385830012517215e-07,-15.113142967224121,2.73177801223335e-07,2.73177801223335e-07,2.73177801223335e-07
gemma4:12b,original,RGOCG12-50_12mm,12 mm round pin,round_pin,RGOCG8-50_8mm,round_pin,False,True,False,../vlm_four_scene_20260925/input_crops/original/RGOCG8-50_8mm.png,7881f6ce4519d317e7889c544a7333e26886e42475e8b63c0556e60bc0ac04ae,gemma4-12b/responses/original/RGOCG12-50_12mm/RGOCG8-50_8mm.json,0.41394290002062917,A,-2.861027041944908e-06,0.9999971389770508,0.9999971389770508,0.9999971389770508,-15.356480598449707,2.1417324391068422e-07,2.1417324391068422e-07,2.1417324391068422e-07,-15.29189682006836,2.284617994887833e-07,2.284617994887833e-07,2.284617994887833e-07
gemma4:12b,original,RGOCG8-50_8mm,8 mm round pin,round_pin,RGOCG8-50_8mm,round_pin,True,True,False,../vlm_four_scene_20260925/input_crops/original/RGOCG8-50_8mm.png,7881f6ce4519d317e7889c544a7333e26886e42475e8b63c0556e60bc0ac04ae,gemma4-12b/responses/original/RGOCG8-50_8mm/RGOCG8-50_8mm.json,0.4279880999820307,A,-2.861027041944908e-06,0.9999971389770508,0.9999971389770508,0.9999971389770508,-15.356480598449707,2.1417324391068422e-07,2.1417324391068422e-07,2.1417324391068422e-07,-15.29189682006836,2.284617994887833e-07,2.284617994887833e-07,2.284617994887833e-07
gemma4:12b,original,USB_Male,USB connector + cable,USB_Male,RGOCG8-50_8mm,round_pin,False,False,False,../vlm_four_scene_20260925/input_crops/original/RGOCG8-50_8mm.png,7881f6ce4519d317e7889c544a7333e26886e42475e8b63c0556e60bc0ac04ae,gemma4-12b/responses/original/USB_Male/RGOCG8-50_8mm.json,1.1375855000223964,B,-12.227826118469238,4.892407137351268e-06,4.892407137351268e-06,4.892407137351268e-06,-0.6774946451187134,0.5078878390165479,0.5078878390165479,0.5078878390165479,-0.7090802788734436,0.4920965810175872,0.4920965810175872,0.4920965810175872
gemma4:12b,original,DSUB_Male,DSUB connector,DSUB_Male,RGOCG8-50_8mm,round_pin,False,False,False,../vlm_four_scene_20260925/input_crops/original/RGOCG8-50_8mm.png,7881f6ce4519d317e7889c544a7333e26886e42475e8b63c0556e60bc0ac04ae,gemma4-12b/responses/original/DSUB_Male/RGOCG8-50_8mm.json,1.1332393999909982,C,-13.967936515808105,8.586224658615724e-07,8.586224658615724e-07,8.586224658615724e-07,-4.848805904388428,0.007837730963827306,0.007837730963827306,0.007837730963827306,-0.007870991714298725,0.9921599034293717,0.9921599034293717,0.9921599034293717
gemma4:12b,original,Gear_Large,Large gear,gear,USB_Male,USB_Male,False,False,False,../vlm_four_scene_20260925/input_crops/original/USB_Male.png,9655c4c73f92054fa731c1091211eb73e90cf928b613414b530d06f1a9f4647c,gemma4-12b/responses/original/Gear_Large/USB_Male.json,1.1409506000345573,B,-13.752557754516602,1.0649765748225204e-06,1.0649765748225204e-06,1.0649765748225204e-06,-0.36859917640686035,0.6917026056171834,0.6917026056171834,0.6917026056171834,-1.176759958267212,0.3082759491673407,0.3082759491673407,0.3082759491673407
gemma4:12b,original,Gear_Medium,Medium gear,gear,USB_Male,USB_Male,False,False,False,../vlm_four_scene_20260925/input_crops/original/USB_Male.png,9655c4c73f92054fa731c1091211eb73e90cf928b613414b530d06f1a9f4647c,gemma4-12b/responses/original/Gear_Medium/USB_Male.json,0.48335240001324564,B,-14.136104583740234,7.25717813919995e-07,7.25717813919995e-07,7.25717813919995e-07,-0.31988322734832764,0.7262338363732825,0.7262338363732825,0.7262338363732825,-1.2955378293991089,0.2737505936144656,0.2737505936144656,0.2737505936144656
gemma4:12b,original,Gear_Small,Small gear,gear,USB_Male,USB_Male,False,False,False,../vlm_four_scene_20260925/input_crops/original/USB_Male.png,9655c4c73f92054fa731c1091211eb73e90cf928b613414b530d06f1a9f4647c,gemma4-12b/responses/original/Gear_Small/USB_Male.json,0.49112760002026334,B,-14.136104583740234,7.25717813919995e-07,7.25717813919995e-07,7.25717813919995e-07,-0.31988322734832764,0.7262338363732825,0.7262338363732825,0.7262338363732825,-1.2955378293991089,0.2737505936144656,0.2737505936144656,0.2737505936144656
gemma4:12b,original,Waterproof_Male,Waterproof connector,Waterproof_Male,USB_Male,USB_Male,False,False,False,../vlm_four_scene_20260925/input_crops/original/USB_Male.png,9655c4c73f92054fa731c1091211eb73e90cf928b613414b530d06f1a9f4647c,gemma4-12b/responses/original/Waterproof_Male/USB_Male.json,1.2785334999789484,B,-1.6204065084457397,0.19781826794011345,0.19781826794011345,0.19781826794011345,-0.24248816072940826,0.7846730374801463,0.7846730374801463,0.7846730374801463,-4.045999050140381,0.01749222031821909,0.01749222031821909,0.01749222031821909
gemma4:12b,original,M12_Hex_Nut,M12 hex nut,hex_nut,USB_Male,USB_Male,False,False,False,../vlm_four_scene_20260925/input_crops/original/USB_Male.png,9655c4c73f92054fa731c1091211eb73e90cf928b613414b530d06f1a9f4647c,gemma4-12b/responses/original/M12_Hex_Nut/USB_Male.json,1.1731487999786623,B,-12.684637069702148,3.0983617010497693e-06,3.0983617010497693e-06,3.0983617010497693e-06,-0.16883650422096252,0.8446469883149414,0.8446469883149414,0.8446469883149414,-1.862130045890808,0.15534139342155678,0.15534139342155678,0.15534139342155678
gemma4:12b,original,M16_Hex_Nut,M16 hex nut,hex_nut,USB_Male,USB_Male,False,False,False,../vlm_four_scene_20260925/input_crops/original/USB_Male.png,9655c4c73f92054fa731c1091211eb73e90cf928b613414b530d06f1a9f4647c,gemma4-12b/responses/original/M16_Hex_Nut/USB_Male.json,0.4615563999977894,B,-12.797259330749512,2.7683493144628893e-06,2.7683493144628893e-06,2.7683493144628893e-06,-0.1475823074579239,0.8627914212301974,0.8627914212301974,0.8627914212301974,-1.9863417148590088,0.13719641210657432,0.13719641210657432,0.13719641210657432
gemma4:12b,original,RGOCG16-50_16mm,16 mm round pin,round_pin,USB_Male,USB_Male,False,False,False,../vlm_four_scene_20260925/input_crops/original/USB_Male.png,9655c4c73f92054fa731c1091211eb73e90cf928b613414b530d06f1a9f4647c,gemma4-12b/responses/original/RGOCG16-50_16mm/USB_Male.json,1.2558966999640688,B,-10.867368698120117,1.907048515139214e-05,1.907048515139214e-05,1.907048515139214e-05,-0.05168871954083443,0.9496244203660913,0.9496244203660913,0.9496244203660913,-2.988656520843506,0.05035504224980256,0.05035504224980256,0.05035504224980256
gemma4:12b,original,RGOCG12-50_12mm,12 mm round pin,round_pin,USB_Male,USB_Male,False,False,False,../vlm_four_scene_20260925/input_crops/original/USB_Male.png,9655c4c73f92054fa731c1091211eb73e90cf928b613414b530d06f1a9f4647c,gemma4-12b/responses/original/RGOCG12-50_12mm/USB_Male.json,0.4251335999579169,B,-10.736202239990234,2.1743357704017412e-05,2.1743357704017412e-05,2.1743357704017412e-05,-0.08039778470993042,0.922749217842458,0.922749217842458,0.922749217842458,-2.5610077381134033,0.07722687674970358,0.07722687674970358,0.07722687674970358
gemma4:12b,original,RGOCG8-50_8mm,8 mm round pin,round_pin,USB_Male,USB_Male,False,False,False,../vlm_four_scene_20260925/input_crops/original/USB_Male.png,9655c4c73f92054fa731c1091211eb73e90cf928b613414b530d06f1a9f4647c,gemma4-12b/responses/original/RGOCG8-50_8mm/USB_Male.json,0.44640849996358156,B,-10.736202239990234,2.1743357704017412e-05,2.1743357704017412e-05,2.1743357704017412e-05,-0.08039778470993042,0.922749217842458,0.922749217842458,0.922749217842458,-2.5610077381134033,0.07722687674970358,0.07722687674970358,0.07722687674970358
gemma4:12b,original,USB_Male,USB connector + cable,USB_Male,USB_Male,USB_Male,True,True,False,../vlm_four_scene_20260925/input_crops/original/USB_Male.png,9655c4c73f92054fa731c1091211eb73e90cf928b613414b530d06f1a9f4647c,gemma4-12b/responses/original/USB_Male/USB_Male.json,1.2105979999760166,A,-6.55653229841846e-06,0.9999934434891956,0.9999934434891956,0.9999934434891956,-13.729682922363281,1.089618500680179e-06,1.089618500680179e-06,1.089618500680179e-06,-14.093432426452637,7.573559925712907e-07,7.573559925712907e-07,7.573559925712907e-07
gemma4:12b,original,DSUB_Male,DSUB connector,DSUB_Male,USB_Male,USB_Male,False,False,False,../vlm_four_scene_20260925/input_crops/original/USB_Male.png,9655c4c73f92054fa731c1091211eb73e90cf928b613414b530d06f1a9f4647c,gemma4-12b/responses/original/DSUB_Male/USB_Male.json,1.1195010999799706,A,-3.445207767072134e-05,0.9999655485157953,0.9999655485157953,0.9999655485157953,-10.48829460144043,2.7860668318492904e-05,2.7860668318492904e-05,2.7860668318492904e-05,-12.487993240356445,3.7716679007201362e-06,3.7716679007201362e-06,3.7716679007201362e-06
gemma4:12b,original,Gear_Large,Large gear,gear,DSUB_Male,DSUB_Male,False,False,False,../vlm_four_scene_20260925/input_crops/original/DSUB_Male.png,c494876a69ee4e893be510f226d6b6c3e9653d4b052ec114fbb8385c85d6a131,gemma4-12b/responses/original/Gear_Large/DSUB_Male.json,1.0874299999559298,B,-14.075520515441895,7.710439081128817e-07,7.710439081128817e-07,7.710439081128817e-07,-0.20917971432209015,0.811249429400818,0.811249429400818,0.811249429400818,-1.667352557182312,0.18874609927064995,0.18874609927064995,0.18874609927064995
gemma4:12b,original,Gear_Medium,Medium gear,gear,DSUB_Male,DSUB_Male,False,False,False,../vlm_four_scene_20260925/input_crops/original/DSUB_Male.png,c494876a69ee4e893be510f226d6b6c3e9653d4b052ec114fbb8385c85d6a131,gemma4-12b/responses/original/Gear_Medium/DSUB_Male.json,0.42090720002306625,B,-13.939043045043945,8.837929289263964e-07,8.837929289263964e-07,8.837929289263964e-07,-0.17339672148227692,0.8408039836669666,0.8408039836669666,0.8408039836669666,-1.8376489877700806,0.15919124707467214,0.15919124707467214,0.15919124707467214
gemma4:12b,original,Gear_Small,Small gear,gear,DSUB_Male,DSUB_Male,False,False,False,../vlm_four_scene_20260925/input_crops/original/DSUB_Male.png,c494876a69ee4e893be510f226d6b6c3e9653d4b052ec114fbb8385c85d6a131,gemma4-12b/responses/original/Gear_Small/DSUB_Male.json,0.4344526000204496,B,-13.939043045043945,8.837929289263964e-07,8.837929289263964e-07,8.837929289263964e-07,-0.17339672148227692,0.8408039836669666,0.8408039836669666,0.8408039836669666,-1.8376489877700806,0.15919124707467214,0.15919124707467214,0.15919124707467214
gemma4:12b,original,Waterproof_Male,Waterproof connector,Waterproof_Male,DSUB_Male,DSUB_Male,False,False,False,../vlm_four_scene_20260925/input_crops/original/DSUB_Male.png,c494876a69ee4e893be510f226d6b6c3e9653d4b052ec114fbb8385c85d6a131,gemma4-12b/responses/original/Waterproof_Male/DSUB_Male.json,1.147320399992168,A,-4.529963462118758e-06,0.9999954700467981,0.9999954700467981,0.9999954700467981,-14.242575645446777,6.524210863998728e-07,6.524210863998728e-07,6.524210863998728e-07,-15.446280479431152,1.95778781798367e-07,1.95778781798367e-07,1.95778781798367e-07
gemma4:12b,original,M12_Hex_Nut,M12 hex nut,hex_nut,DSUB_Male,DSUB_Male,False,False,False,../vlm_four_scene_20260925/input_crops/original/DSUB_Male.png,c494876a69ee4e893be510f226d6b6c3e9653d4b052ec114fbb8385c85d6a131,gemma4-12b/responses/original/M12_Hex_Nut/DSUB_Male.json,1.0402954999590293,B,-13.885507583618164,9.323965931720038e-07,9.323965931720038e-07,9.323965931720038e-07,-0.0027442644350230694,0.99725949761648,0.99725949761648,0.99725949761648,-5.900166034698486,0.002738990013631627,0.002738990013631627,0.002738990013631627
gemma4:12b,original,M16_Hex_Nut,M16 hex nut,hex_nut,DSUB_Male,DSUB_Male,False,False,False,../vlm_four_scene_20260925/input_crops/original/DSUB_Male.png,c494876a69ee4e893be510f226d6b6c3e9653d4b052ec114fbb8385c85d6a131,gemma4-12b/responses/original/M16_Hex_Nut/DSUB_Male.json,0.3893480999977328,B,-14.046677589416504,7.936068976513919e-07,7.936068976513919e-07,7.936068976513919e-07,-0.001593368360772729,0.9984079003766491,0.9984079003766491,0.9984079003766491,-6.4434051513671875,0.0015909799189372752,0.0015909799189372752,0.0015909799189372752
gemma4:12b,original,RGOCG16-50_16mm,16 mm round pin,round_pin,DSUB_Male,DSUB_Male,False,False,False,../vlm_four_scene_20260925/input_crops/original/DSUB_Male.png,c494876a69ee4e893be510f226d6b6c3e9653d4b052ec114fbb8385c85d6a131,gemma4-12b/responses/original/RGOCG16-50_16mm/DSUB_Male.json,1.0800173999741673,C,-9.865096092224121,5.195689672647979e-05,5.195689672647979e-05,5.195689672647979e-05,-1.8586496114730835,0.1558829909042616,0.1558829909042616,0.1558829909042616,-0.1695283055305481,0.8440628624950876,0.8440628624950876,0.8440628624950876
gemma4:12b,original,RGOCG12-50_12mm,12 mm round pin,round_pin,DSUB_Male,DSUB_Male,False,False,False,../vlm_four_scene_20260925/input_crops/original/DSUB_Male.png,c494876a69ee4e893be510f226d6b6c3e9653d4b052ec114fbb8385c85d6a131,gemma4-12b/responses/original/RGOCG12-50_12mm/DSUB_Male.json,0.3802778000244871,C,-9.700493812561035,6.125323996436694e-05,6.125323996436694e-05,6.125323996436694e-05,-1.5781227350234985,0.20636213121086572,0.20636213121086572,0.20636213121086572,-0.23120836913585663,0.7935740924585827,0.7935740924585827,0.7935740924585827
gemma4:12b,original,RGOCG8-50_8mm,8 mm round pin,round_pin,DSUB_Male,DSUB_Male,False,False,False,../vlm_four_scene_20260925/input_crops/original/DSUB_Male.png,c494876a69ee4e893be510f226d6b6c3e9653d4b052ec114fbb8385c85d6a131,gemma4-12b/responses/original/RGOCG8-50_8mm/DSUB_Male.json,0.3926911999587901,C,-9.700493812561035,6.125323996436694e-05,6.125323996436694e-05,6.125323996436694e-05,-1.5781227350234985,0.20636213121086572,0.20636213121086572,0.20636213121086572,-0.23120836913585663,0.7935740924585827,0.7935740924585827,0.7935740924585827
gemma4:12b,original,USB_Male,USB connector + cable,USB_Male,DSUB_Male,DSUB_Male,False,False,False,../vlm_four_scene_20260925/input_crops/original/DSUB_Male.png,c494876a69ee4e893be510f226d6b6c3e9653d4b052ec114fbb8385c85d6a131,gemma4-12b/responses/original/USB_Male/DSUB_Male.json,1.0939361000200734,A,-0.0003383732109796256,0.9996616840307788,0.9996616840307788,0.9996616840307788,-8.076688766479492,0.000310698128064791,0.000310698128064791,0.000310698128064791,-10.524384498596191,2.6873107338879957e-05,2.6873107338879957e-05,2.6873107338879957e-05
gemma4:12b,original,DSUB_Male,DSUB connector,DSUB_Male,DSUB_Male,DSUB_Male,True,True,False,../vlm_four_scene_20260925/input_crops/original/DSUB_Male.png,c494876a69ee4e893be510f226d6b6c3e9653d4b052ec114fbb8385c85d6a131,gemma4-12b/responses/original/DSUB_Male/DSUB_Male.json,1.064066399994772,A,-4.291543518775143e-06,0.9999957084656899,0.9999957084656899,0.9999957084656899,-13.654257774353027,1.174981947456451e-06,1.174981947456451e-06,1.174981947456451e-06,-14.334918022155762,5.948729270720711e-07,5.948729270720711e-07,5.948729270720711e-07
gemma4:12b,state_101,Gear_Large,Large gear,gear,Gear_Large,gear,True,True,False,../vlm_four_scene_20260925/input_crops/state_101/Gear_Large.png,051e75a5b0096989b516c484271d98c52e09d06625bc3ea201ac2f884e2c93a0,gemma4-12b/responses/state_101/Gear_Large/Gear_Large.json,1.1379029999952763,A,-5.722062269342132e-06,0.9999942779541017,0.9999942779541017,0.9999942779541017,-14.201607704162598,6.797044917655427e-07,6.797044917655427e-07,6.797044917655427e-07,-15.154905319213867,2.620041956941139e-07,2.620041956941139e-07,2.620041956941139e-07
gemma4:12b,state_101,Gear_Medium,Medium gear,gear,Gear_Large,gear,False,True,False,../vlm_four_scene_20260925/input_crops/state_101/Gear_Large.png,051e75a5b0096989b516c484271d98c52e09d06625bc3ea201ac2f884e2c93a0,gemma4-12b/responses/state_101/Gear_Medium/Gear_Large.json,0.3900794999790378,A,-8.106264431262389e-06,0.9999918937684245,0.9999918937684245,0.9999918937684245,-14.134781837463379,7.266783896153111e-07,7.266783896153111e-07,7.266783896153111e-07,-15.200899124145508,2.502265513236956e-07,2.502265513236956e-07,2.502265513236956e-07
gemma4:12b,state_101,Gear_Small,Small gear,gear,Gear_Large,gear,False,True,False,../vlm_four_scene_20260925/input_crops/state_101/Gear_Large.png,051e75a5b0096989b516c484271d98c52e09d06625bc3ea201ac2f884e2c93a0,gemma4-12b/responses/state_101/Gear_Small/Gear_Large.json,0.3991054999642074,A,-8.106264431262389e-06,0.9999918937684245,0.9999918937684245,0.9999918937684245,-14.134781837463379,7.266783896153111e-07,7.266783896153111e-07,7.266783896153111e-07,-15.200899124145508,2.502265513236956e-07,2.502265513236956e-07,2.502265513236956e-07
gemma4:12b,state_101,Waterproof_Male,Waterproof connector,Waterproof_Male,Gear_Large,gear,False,False,False,../vlm_four_scene_20260925/input_crops/state_101/Gear_Large.png,051e75a5b0096989b516c484271d98c52e09d06625bc3ea201ac2f884e2c93a0,gemma4-12b/responses/state_101/Waterproof_Male/Gear_Large.json,1.1892452000174671,B,-13.514833450317383,1.3507731168047892e-06,1.3507731168047892e-06,1.3507731168047892e-06,-0.0004629968316294253,0.9995371103348637,0.9995371103348637,0.9995371103348637,-7.681829929351807,0.00046113029037711875,0.00046113029037711875,0.00046113029037711875
gemma4:12b,state_101,M12_Hex_Nut,M12 hex nut,hex_nut,Gear_Large,gear,False,False,False,../vlm_four_scene_20260925/input_crops/state_101/Gear_Large.png,051e75a5b0096989b516c484271d98c52e09d06625bc3ea201ac2f884e2c93a0,gemma4-12b/responses/state_101/M12_Hex_Nut/Gear_Large.json,1.1871926999883726,B,-16.481306076049805,6.954400800589484e-08,6.954400800589484e-08,6.954400800589484e-08,-5.960466182841628e-07,0.9999994039535594,0.9999994039535594,0.9999994039535594,-14.899715423583984,3.3817057006744624e-07,3.3817057006744624e-07,3.3817057006744624e-07
gemma4:12b,state_101,M16_Hex_Nut,M16 hex nut,hex_nut,Gear_Large,gear,False,False,False,../vlm_four_scene_20260925/input_crops/state_101/Gear_Large.png,051e75a5b0096989b516c484271d98c52e09d06625bc3ea201ac2f884e2c93a0,gemma4-12b/responses/state_101/M16_Hex_Nut/Gear_Large.json,0.4308391999802552,B,-16.41912078857422,7.400591691897465e-08,7.400591691897465e-08,7.400591691897465e-08,-4.768372718899627e-07,0.9999995231628418,0.9999995231628418,0.9999995231628418,-14.843067169189453,3.5788033392995394e-07,3.5788033392995394e-07,3.5788033392995394e-07
gemma4:12b,state_101,RGOCG16-50_16mm,16 mm round pin,round_pin,Gear_Large,gear,False,False,False,../vlm_four_scene_20260925/input_crops/state_101/Gear_Large.png,051e75a5b0096989b516c484271d98c52e09d06625bc3ea201ac2f884e2c93a0,gemma4-12b/responses/state_101/RGOCG16-50_16mm/Gear_Large.json,1.192468799999915,B,-12.70757007598877,3.028115509503237e-06,3.028115509503237e-06,3.028115509503237e-06,-3.767084490391426e-05,0.9999623298646334,0.9999623298646334,0.9999623298646334,-10.28013801574707,3.430779343520825e-05,3.430779343520825e-05,3.430779343520825e-05
gemma4:12b,state_101,RGOCG12-50_12mm,12 mm round pin,round_pin,Gear_Large,gear,False,False,False,../vlm_four_scene_20260925/input_crops/state_101/Gear_Large.png,051e75a5b0096989b516c484271d98c52e09d06625bc3ea201ac2f884e2c93a0,gemma4-12b/responses/state_101/RGOCG12-50_12mm/Gear_Large.json,0.42245950002688915,B,-12.640385627746582,3.2385475110116586e-06,3.2385475110116586e-06,3.2385475110116586e-06,-3.254466719226912e-05,0.9999674558623797,0.9999674558623797,0.9999674558623797,-10.457910537719727,2.8720180249138758e-05,2.8720180249138758e-05,2.8720180249138758e-05
gemma4:12b,state_101,RGOCG8-50_8mm,8 mm round pin,round_pin,Gear_Large,gear,False,False,False,../vlm_four_scene_20260925/input_crops/state_101/Gear_Large.png,051e75a5b0096989b516c484271d98c52e09d06625bc3ea201ac2f884e2c93a0,gemma4-12b/responses/state_101/RGOCG8-50_8mm/Gear_Large.json,0.4063231999753043,B,-12.640385627746582,3.2385475110116586e-06,3.2385475110116586e-06,3.2385475110116586e-06,-3.254466719226912e-05,0.9999674558623797,0.9999674558623797,0.9999674558623797,-10.457910537719727,2.8720180249138758e-05,2.8720180249138758e-05,2.8720180249138758e-05
gemma4:12b,state_101,USB_Male,USB connector + cable,USB_Male,Gear_Large,gear,False,False,False,../vlm_four_scene_20260925/input_crops/state_101/Gear_Large.png,051e75a5b0096989b516c484271d98c52e09d06625bc3ea201ac2f884e2c93a0,gemma4-12b/responses/state_101/USB_Male/Gear_Large.json,1.2275431999587454,B,-15.824559211730957,1.3411620494286266e-07,1.3411620494286266e-07,1.3411620494286266e-07,-4.0293551137438044e-05,0.9999597072606368,0.9999597072606368,0.9999597072606368,-10.126346588134766,4.0011382247760287e-05,4.0011382247760287e-05,4.0011382247760287e-05
gemma4:12b,state_101,DSUB_Male,DSUB connector,DSUB_Male,Gear_Large,gear,False,False,False,../vlm_four_scene_20260925/input_crops/state_101/Gear_Large.png,051e75a5b0096989b516c484271d98c52e09d06625bc3ea201ac2f884e2c93a0,gemma4-12b/responses/state_101/DSUB_Male/Gear_Large.json,1.1556706999544986,B,-15.310622215270996,2.2422356713313632e-07,2.2422356713313632e-07,2.2422356713313632e-07,-5.865269122296013e-05,0.9999413490288125,0.9999413490288125,0.9999413490288125,-9.752168655395508,5.8168379676630856e-05,5.8168379676630856e-05,5.8168379676630856e-05
gemma4:12b,state_101,Gear_Large,Large gear,gear,Gear_Medium,gear,False,True,False,../vlm_four_scene_20260925/input_crops/state_101/Gear_Medium.png,e7ecdd04abe922e5d362f2904407adcbef08b8607f7d1cce909e4ade3e9c65a5,gemma4-12b/responses/state_101/Gear_Large/Gear_Medium.json,1.0593272999976762,A,-5.245222382654902e-06,0.9999947547913735,0.9999947547913735,0.9999947547913735,-13.157623291015625,1.9307089497593847e-06,1.9307089497593847e-06,1.9307089497593847e-06,-14.320755004882812,6.033580683783629e-07,6.033580683783629e-07,6.033580683783629e-07
gemma4:12b,state_101,Gear_Medium,Medium gear,gear,Gear_Medium,gear,True,True,False,../vlm_four_scene_20260925/input_crops/state_101/Gear_Medium.png,e7ecdd04abe922e5d362f2904407adcbef08b8607f7d1cce909e4ade3e9c65a5,gemma4-12b/responses/state_101/Gear_Medium/Gear_Medium.json,0.3866466000326909,A,-6.437322554120328e-06,0.9999935626981654,0.9999935626981654,0.9999935626981654,-13.076128005981445,2.094641782713985e-06,2.094641782713985e-06,2.094641782713985e-06,-14.543169975280762,4.830382589855052e-07,4.830382589855052e-07,4.830382589855052e-07
gemma4:12b,state_101,Gear_Small,Small gear,gear,Gear_Medium,gear,False,True,False,../vlm_four_scene_20260925/input_crops/state_101/Gear_Medium.png,e7ecdd04abe922e5d362f2904407adcbef08b8607f7d1cce909e4ade3e9c65a5,gemma4-12b/responses/state_101/Gear_Small/Gear_Medium.json,0.39950579998549074,A,-6.437322554120328e-06,0.9999935626981654,0.9999935626981654,0.9999935626981654,-13.076128005981445,2.094641782713985e-06,2.094641782713985e-06,2.094641782713985e-06,-14.543169975280762,4.830382589855052e-07,4.830382589855052e-07,4.830382589855052e-07
gemma4:12b,state_101,Waterproof_Male,Waterproof connector,Waterproof_Male,Gear_Medium,gear,False,False,False,../vlm_four_scene_20260925/input_crops/state_101/Gear_Medium.png,e7ecdd04abe922e5d362f2904407adcbef08b8607f7d1cce909e4ade3e9c65a5,gemma4-12b/responses/state_101/Waterproof_Male/Gear_Medium.json,1.174440000031609,B,-14.123639106750488,7.348208516088691e-07,7.348208516088691e-07,7.348208516088691e-07,-0.00019689352484419942,0.9998031258574137,0.9998031258574137,0.9998031258574137,-8.538973808288574,0.00019569097359922882,0.00019569097359922882,0.00019569097359922882
gemma4:12b,state_101,M12_Hex_Nut,M12 hex nut,hex_nut,Gear_Medium,gear,False,False,False,../vlm_four_scene_20260925/input_crops/state_101/Gear_Medium.png,e7ecdd04abe922e5d362f2904407adcbef08b8607f7d1cce909e4ade3e9c65a5,gemma4-12b/responses/state_101/M12_Hex_Nut/Gear_Medium.json,1.1610396999749355,B,-16.249330520629883,8.770117667339055e-08,8.770117667339055e-08,8.770117667339055e-08,-1.0728841743912199e-06,0.9999989271164011,0.9999989271164011,0.9999989271164011,-14.4146089553833,5.493066692096305e-07,5.493066692096305e-07,5.493066692096305e-07
gemma4:12b,state_101,M16_Hex_Nut,M16 hex nut,hex_nut,Gear_Medium,gear,False,False,False,../vlm_four_scene_20260925/input_crops/state_101/Gear_Medium.png,e7ecdd04abe922e5d362f2904407adcbef08b8607f7d1cce909e4ade3e9c65a5,gemma4-12b/responses/state_101/M16_Hex_Nut/Gear_Medium.json,0.418670299986843,B,-16.300046920776367,8.336419629504934e-08,8.336419629504934e-08,8.336419629504934e-08,-1.0728841743912199e-06,0.9999989271164011,0.9999989271164011,0.9999989271164011,-14.256936073303223,6.431189913464854e-07,6.431189913464854e-07,6.431189913464854e-07
gemma4:12b,state_101,RGOCG16-50_16mm,16 mm round pin,round_pin,Gear_Medium,gear,False,False,False,../vlm_four_scene_20260925/input_crops/state_101/Gear_Medium.png,e7ecdd04abe922e5d362f2904407adcbef08b8607f7d1cce909e4ade3e9c65a5,gemma4-12b/responses/state_101/RGOCG16-50_16mm/Gear_Medium.json,1.1586888999445364,B,-12.707210540771484,3.0292044194099108e-06,3.0292044194099108e-06,3.0292044194099108e-06,-4.4466054532676935e-05,0.9999555349340676,0.9999555349340676,0.9999555349340676,-10.094606399536133,4.130172053028274e-05,4.130172053028274e-05,4.130172053028274e-05
gemma4:12b,state_101,RGOCG12-50_12mm,12 mm round pin,round_pin,Gear_Medium,gear,False,False,False,../vlm_four_scene_20260925/input_crops/state_101/Gear_Medium.png,e7ecdd04abe922e5d362f2904407adcbef08b8607f7d1cce909e4ade3e9c65a5,gemma4-12b/responses/state_101/RGOCG12-50_12mm/Gear_Medium.json,0.42876429995521903,B,-13.065412521362305,2.1172075702744344e-06,2.1172075702744344e-06,2.1172075702744344e-06,-4.983072358299978e-05,0.9999501705179469,0.9999501705179469,0.9999501705179469,-9.952256202697754,4.762007210663019e-05,4.762007210663019e-05,4.762007210663019e-05
gemma4:12b,state_101,RGOCG8-50_8mm,8 mm round pin,round_pin,Gear_Medium,gear,False,False,False,../vlm_four_scene_20260925/input_crops/state_101/Gear_Medium.png,e7ecdd04abe922e5d362f2904407adcbef08b8607f7d1cce909e4ade3e9c65a5,gemma4-12b/responses/state_101/RGOCG8-50_8mm/Gear_Medium.json,0.4226113999611698,B,-13.065412521362305,2.1172075702744344e-06,2.1172075702744344e-06,2.1172075702744344e-06,-4.983072358299978e-05,0.9999501705179469,0.9999501705179469,0.9999501705179469,-9.952256202697754,4.762007210663019e-05,4.762007210663019e-05,4.762007210663019e-05
gemma4:12b,state_101,USB_Male,USB connector + cable,USB_Male,Gear_Medium,gear,False,False,False,../vlm_four_scene_20260925/input_crops/state_101/Gear_Medium.png,e7ecdd04abe922e5d362f2904407adcbef08b8607f7d1cce909e4ade3e9c65a5,gemma4-12b/responses/state_101/USB_Male/Gear_Medium.json,1.2189714999985881,B,-15.969339370727539,1.1603901447248127e-07,1.1603901447248127e-07,1.1603901447248127e-07,-1.5258905477821827e-05,0.9999847412109387,0.9999847412109387,0.9999847412109387,-11.112289428710938,1.4927738540584265e-05,1.4927738540584265e-05,1.4927738540584265e-05
gemma4:12b,state_101,DSUB_Male,DSUB connector,DSUB_Male,Gear_Medium,gear,False,False,False,../vlm_four_scene_20260925/input_crops/state_101/Gear_Medium.png,e7ecdd04abe922e5d362f2904407adcbef08b8607f7d1cce909e4ade3e9c65a5,gemma4-12b/responses/state_101/DSUB_Male/Gear_Medium.json,1.120241399970837,B,-16.556066513061523,6.453445865673045e-08,6.453445865673045e-08,6.453445865673045e-08,-1.609338323760312e-05,0.9999839067462601,0.9999839067462601,0.9999839067462601,-11.059017181396484,1.574453587596381e-05,1.574453587596381e-05,1.574453587596381e-05
gemma4:12b,state_101,Gear_Large,Large gear,gear,Gear_Small,gear,False,True,False,../vlm_four_scene_20260925/input_crops/state_101/Gear_Small.png,ed6418c5d55144cdb439a1f7f42e39e3f0a71a284b9bf1a812a11671951db9fe,gemma4-12b/responses/state_101/Gear_Large/Gear_Small.json,1.0701327999704517,A,-4.887592695013154e-06,0.9999951124192492,0.9999951124192492,0.9999951124192492,-14.783782005310059,3.797388697515523e-07,3.797388697515523e-07,3.797388697515523e-07,-15.07259750366211,2.8448153077926714e-07,2.8448153077926714e-07,2.8448153077926714e-07
gemma4:12b,state_101,Gear_Medium,Medium gear,gear,Gear_Small,gear,False,True,False,../vlm_four_scene_20260925/input_crops/state_101/Gear_Small.png,ed6418c5d55144cdb439a1f7f42e39e3f0a71a284b9bf1a812a11671951db9fe,gemma4-12b/responses/state_101/Gear_Medium/Gear_Small.json,0.3871690999949351,A,-4.768382950715022e-06,0.999995231628418,0.999995231628418,0.999995231628418,-14.756834983825684,3.901108202008835e-07,3.901108202008835e-07,3.901108202008835e-07,-15.132553100585938,2.6792651264489657e-07,2.6792651264489657e-07,2.6792651264489657e-07
gemma4:12b,state_101,Gear_Small,Small gear,gear,Gear_Small,gear,True,True,False,../vlm_four_scene_20260925/input_crops/state_101/Gear_Small.png,ed6418c5d55144cdb439a1f7f42e39e3f0a71a284b9bf1a812a11671951db9fe,gemma4-12b/responses/state_101/Gear_Small/Gear_Small.json,0.4004922999884002,A,-4.768382950715022e-06,0.999995231628418,0.999995231628418,0.999995231628418,-14.756834983825684,3.901108202008835e-07,3.901108202008835e-07,3.901108202008835e-07,-15.132553100585938,2.6792651264489657e-07,2.6792651264489657e-07,2.6792651264489657e-07
gemma4:12b,state_101,Waterproof_Male,Waterproof connector,Waterproof_Male,Gear_Small,gear,False,False,False,../vlm_four_scene_20260925/input_crops/state_101/Gear_Small.png,ed6418c5d55144cdb439a1f7f42e39e3f0a71a284b9bf1a812a11671951db9fe,gemma4-12b/responses/state_101/Waterproof_Male/Gear_Small.json,1.1775456999894232,B,-13.05840015411377,2.1321063842241382e-06,2.1321063842241382e-06,2.1321063842241382e-06,-0.0001601108961040154,0.9998399019209615,0.9998399019209615,0.9998399019209615,-8.755635261535645,0.0001575708654484599,0.0001575708654484599,0.0001575708654484599
gemma4:12b,state_101,M12_Hex_Nut,M12 hex nut,hex_nut,Gear_Small,gear,False,False,False,../vlm_four_scene_20260925/input_crops/state_101/Gear_Small.png,ed6418c5d55144cdb439a1f7f42e39e3f0a71a284b9bf1a812a11671951db9fe,gemma4-12b/responses/state_101/M12_Hex_Nut/Gear_Small.json,1.1361986000556499,B,-16.349119186401367,7.937207852450767e-08,7.937207852450767e-08,7.937207852450767e-08,-4.768372718899627e-07,0.9999995231628418,0.9999995231628418,0.9999995231628418,-15.14065170288086,2.6576544499996164e-07,2.6576544499996164e-07,2.6576544499996164e-07
gemma4:12b,state_101,M16_Hex_Nut,M16 hex nut,hex_nut,Gear_Small,gear,False,False,False,../vlm_four_scene_20260925/input_crops/state_101/Gear_Small.png,ed6418c5d55144cdb439a1f7f42e39e3f0a71a284b9bf1a812a11671951db9fe,gemma4-12b/responses/state_101/M16_Hex_Nut/Gear_Small.json,0.3871746999793686,B,-16.650432586669922,5.8723104371828944e-08,5.8723104371828944e-08,5.8723104371828944e-08,-4.768372718899627e-07,0.9999995231628418,0.9999995231628418,0.9999995231628418,-15.295401573181152,2.2766249877986485e-07,2.2766249877986485e-07,2.2766249877986485e-07
gemma4:12b,state_101,RGOCG16-50_16mm,16 mm round pin,round_pin,Gear_Small,gear,False,False,False,../vlm_four_scene_20260925/input_crops/state_101/Gear_Small.png,ed6418c5d55144cdb439a1f7f42e39e3f0a71a284b9bf1a812a11671951db9fe,gemma4-12b/responses/state_101/RGOCG16-50_16mm/Gear_Small.json,1.0941498999600299,B,-13.42241382598877,1.481561696787708e-06,1.481561696787708e-06,1.481561696787708e-06,-2.4080565708572976e-05,0.999975919724226,0.999975919724226,0.999975919724226,-10.729933738708496,2.1880084056601168e-05,2.1880084056601168e-05,2.1880084056601168e-05
gemma4:12b,state_101,RGOCG12-50_12mm,12 mm round pin,round_pin,Gear_Small,gear,False,False,False,../vlm_four_scene_20260925/input_crops/state_101/Gear_Small.png,ed6418c5d55144cdb439a1f7f42e39e3f0a71a284b9bf1a812a11671951db9fe,gemma4-12b/responses/state_101/RGOCG12-50_12mm/Gear_Small.json,0.3832066999748349,B,-13.535895347595215,1.3226207836460229e-06,1.3226207836460229e-06,1.3226207836460229e-06,-2.3484506527893245e-05,0.999976515769231,0.999976515769231,0.999976515769231,-10.747288703918457,2.150363206336576e-05,2.150363206336576e-05,2.150363206336576e-05
gemma4:12b,state_101,RGOCG8-50_8mm,8 mm round pin,round_pin,Gear_Small,gear,False,False,False,../vlm_four_scene_20260925/input_crops/state_101/Gear_Small.png,ed6418c5d55144cdb439a1f7f42e39e3f0a71a284b9bf1a812a11671951db9fe,gemma4-12b/responses/state_101/RGOCG8-50_8mm/Gear_Small.json,0.4207848999649286,B,-13.535895347595215,1.3226207836460229e-06,1.3226207836460229e-06,1.3226207836460229e-06,-2.3484506527893245e-05,0.999976515769231,0.999976515769231,0.999976515769231,-10.747288703918457,2.150363206336576e-05,2.150363206336576e-05,2.150363206336576e-05
gemma4:12b,state_101,USB_Male,USB connector + cable,USB_Male,Gear_Small,gear,False,False,False,../vlm_four_scene_20260925/input_crops/state_101/Gear_Small.png,ed6418c5d55144cdb439a1f7f42e39e3f0a71a284b9bf1a812a11671951db9fe,gemma4-12b/responses/state_101/USB_Male/Gear_Small.json,1.1738390999962576,B,-15.984384536743164,1.1430625574188866e-07,1.1430625574188866e-07,1.1430625574188866e-07,-2.3246082491823472e-05,0.9999767541876963,0.9999767541876963,0.9999767541876963,-10.68120288848877,2.297272561592796e-05,2.297272561592796e-05,2.297272561592796e-05
gemma4:12b,state_101,DSUB_Male,DSUB connector,DSUB_Male,Gear_Small,gear,False,False,False,../vlm_four_scene_20260925/input_crops/state_101/Gear_Small.png,ed6418c5d55144cdb439a1f7f42e39e3f0a71a284b9bf1a812a11671951db9fe,gemma4-12b/responses/state_101/DSUB_Male/Gear_Small.json,1.1732450000126846,B,-15.69068717956543,1.53327883436967e-07,1.53327883436967e-07,1.53327883436967e-07,-3.802848732448183e-05,0.9999619722357492,0.9999619722357492,0.9999619722357492,-10.182097434997559,3.784175501384754e-05,3.784175501384754e-05,3.784175501384754e-05
gemma4:12b,state_101,Gear_Large,Large gear,gear,Waterproof_Male,Waterproof_Male,False,False,False,../vlm_four_scene_20260925/input_crops/state_101/Waterproof_Male.png,8e27ec495e8bd49a326cc5c753e41d2240a99cc4d77374a337104a466e01f88f,gemma4-12b/responses/state_101/Gear_Large/Waterproof_Male.json,1.0979811000288464,B,-13.744630813598633,1.0734521294394471e-06,1.0734521294394471e-06,1.0734521294394471e-06,-0.0027338049840182066,0.9972699284578849,0.9972699284578849,0.9972699284578849,-5.904127597808838,0.0027281607963107204,0.0027281607963107204,0.0027281607963107204
gemma4:12b,state_101,Gear_Medium,Medium gear,gear,Waterproof_Male,Waterproof_Male,False,False,False,../vlm_four_scene_20260925/input_crops/state_101/Waterproof_Male.png,8e27ec495e8bd49a326cc5c753e41d2240a99cc4d77374a337104a466e01f88f,gemma4-12b/responses/state_101/Gear_Medium/Waterproof_Male.json,0.4239940000115894,B,-13.921365737915039,8.995549122299445e-07,8.995549122299445e-07,8.995549122299445e-07,-0.0014954060316085815,0.9985057115308518,0.9985057115308518,0.9985057115308518,-6.507027626037598,0.0014929106233158383,0.0014929106233158383,0.0014929106233158383
gemma4:12b,state_101,Gear_Small,Small gear,gear,Waterproof_Male,Waterproof_Male,False,False,False,../vlm_four_scene_20260925/input_crops/state_101/Waterproof_Male.png,8e27ec495e8bd49a326cc5c753e41d2240a99cc4d77374a337104a466e01f88f,gemma4-12b/responses/state_101/Gear_Small/Waterproof_Male.json,0.3950300999567844,B,-13.921365737915039,8.995549122299445e-07,8.995549122299445e-07,8.995549122299445e-07,-0.0014954060316085815,0.9985057115308518,0.9985057115308518,0.9985057115308518,-6.507027626037598,0.0014929106233158383,0.0014929106233158383,0.0014929106233158383
gemma4:12b,state_101,Waterproof_Male,Waterproof connector,Waterproof_Male,Waterproof_Male,Waterproof_Male,True,True,False,../vlm_four_scene_20260925/input_crops/state_101/Waterproof_Male.png,8e27ec495e8bd49a326cc5c753e41d2240a99cc4d77374a337104a466e01f88f,gemma4-12b/responses/state_101/Waterproof_Male/Waterproof_Male.json,1.144486799952574,A,-3.695494797284482e-06,0.999996304512031,0.999996304512031,0.999996304512031,-15.175863265991211,2.565702666001269e-07,2.565702666001269e-07,2.565702666001269e-07,-16.11419677734375,1.003906484109873e-07,1.003906484109873e-07,1.003906484109873e-07
gemma4:12b,state_101,M12_Hex_Nut,M12 hex nut,hex_nut,Waterproof_Male,Waterproof_Male,False,False,False,../vlm_four_scene_20260925/input_crops/state_101/Waterproof_Male.png,8e27ec495e8bd49a326cc5c753e41d2240a99cc4d77374a337104a466e01f88f,gemma4-12b/responses/state_101/M12_Hex_Nut/Waterproof_Male.json,1.033327100041788,B,-14.89615249633789,3.393775962016392e-07,3.393775962016392e-07,3.393775962016392e-07,-0.0003581688506528735,0.9996418952841527,0.9996418952841527,0.9996418952841527,-7.936032772064209,0.00035762243745789737,0.00035762243745789737,0.00035762243745789737
gemma4:12b,state_101,M16_Hex_Nut,M16 hex nut,hex_nut,Waterproof_Male,Waterproof_Male,False,False,False,../vlm_four_scene_20260925/input_crops/state_101/Waterproof_Male.png,8e27ec495e8bd49a326cc5c753e41d2240a99cc4d77374a337104a466e01f88f,gemma4-12b/responses/state_101/M16_Hex_Nut/Waterproof_Male.json,0.38885129999835044,B,-14.702313423156738,4.119707755858777e-07,4.119707755858777e-07,4.119707755858777e-07,-0.00036031537456437945,0.9996397495312245,0.9996397495312245,0.9996397495312245,-7.929943084716797,0.00035980689085881554,0.00035980689085881554,0.00035980689085881554
gemma4:12b,state_101,RGOCG16-50_16mm,16 mm round pin,round_pin,Waterproof_Male,Waterproof_Male,False,False,False,../vlm_four_scene_20260925/input_crops/state_101/Waterproof_Male.png,8e27ec495e8bd49a326cc5c753e41d2240a99cc4d77374a337104a466e01f88f,gemma4-12b/responses/state_101/RGOCG16-50_16mm/Waterproof_Male.json,1.1009621999692172,B,-14.24984359741211,6.476965110732321e-07,6.476965110732321e-07,6.476965110732321e-07,-0.0005176214617677033,0.9994825124811095,0.9994825124811095,0.9994825124811095,-7.569504261016846,0.0005159481608405324,0.0005159481608405324,0.0005159481608405324
gemma4:12b,state_101,RGOCG12-50_12mm,12 mm round pin,round_pin,Waterproof_Male,Waterproof_Male,False,False,False,../vlm_four_scene_20260925/input_crops/state_101/Waterproof_Male.png,8e27ec495e8bd49a326cc5c753e41d2240a99cc4d77374a337104a466e01f88f,gemma4-12b/responses/state_101/RGOCG12-50_12mm/Waterproof_Male.json,0.38591579999774694,B,-14.166675567626953,7.038675993174398e-07,7.038675993174398e-07,7.038675993174398e-07,-0.0007378796581178904,0.999262392508131,0.999262392508131,0.999262392508131,-7.214188098907471,0.0007360679656192899,0.0007360679656192899,0.0007360679656192899
gemma4:12b,state_101,RGOCG8-50_8mm,8 mm round pin,round_pin,Waterproof_Male,Waterproof_Male,False,False,False,../vlm_four_scene_20260925/input_crops/state_101/Waterproof_Male.png,8e27ec495e8bd49a326cc5c753e41d2240a99cc4d77374a337104a466e01f88f,gemma4-12b/responses/state_101/RGOCG8-50_8mm/Waterproof_Male.json,0.3901002000202425,B,-14.166675567626953,7.038675993174398e-07,7.038675993174398e-07,7.038675993174398e-07,-0.0007378796581178904,0.999262392508131,0.999262392508131,0.999262392508131,-7.214188098907471,0.0007360679656192899,0.0007360679656192899,0.0007360679656192899
gemma4:12b,state_101,USB_Male,USB connector + cable,USB_Male,Waterproof_Male,Waterproof_Male,False,False,False,../vlm_four_scene_20260925/input_crops/state_101/Waterproof_Male.png,8e27ec495e8bd49a326cc5c753e41d2240a99cc4d77374a337104a466e01f88f,gemma4-12b/responses/state_101/USB_Male/Waterproof_Male.json,1.152646700036712,B,-5.470757961273193,0.004208041416490851,0.004208041416490851,0.004208041416490851,-0.005345719400793314,0.994668543530635,0.994668543530635,0.994668543530635,-6.79186487197876,0.0011228728063941275,0.0011228728063941275,0.0011228728063941275
gemma4:12b,state_101,DSUB_Male,DSUB connector,DSUB_Male,Waterproof_Male,Waterproof_Male,False,False,False,../vlm_four_scene_20260925/input_crops/state_101/Waterproof_Male.png,8e27ec495e8bd49a326cc5c753e41d2240a99cc4d77374a337104a466e01f88f,gemma4-12b/responses/state_101/DSUB_Male/Waterproof_Male.json,1.2080984999774955,A,-0.0005373610183596611,0.9994627833342147,0.9994627833342147,0.9994627833342147,-7.967105388641357,0.0003466810417946472,0.0003466810417946472,0.0003466810417946472,-8.571285247802734,0.00018946897866798968,0.00018946897866798968,0.00018946897866798968
gemma4:12b,state_101,Gear_Large,Large gear,gear,M12_Hex_Nut,hex_nut,False,False,False,../vlm_four_scene_20260925/input_crops/state_101/M12_Hex_Nut.png,fc0054b5fbb5338ab9f90350cd4862942de04ae395620638929e2b1b38c1e229,gemma4-12b/responses/state_101/Gear_Large/M12_Hex_Nut.json,1.1015929999994114,B,-3.0224008560180664,0.048684194198514816,0.048684194198514816,0.048684194198514816,-0.06039906293153763,0.9413887852472613,0.9413887852472613,0.9413887852472613,-4.61263370513916,0.009925642637456284,0.009925642637456284,0.009925642637456284
gemma4:12b,state_101,Gear_Medium,Medium gear,gear,M12_Hex_Nut,hex_nut,False,False,False,../vlm_four_scene_20260925/input_crops/state_101/M12_Hex_Nut.png,fc0054b5fbb5338ab9f90350cd4862942de04ae395620638929e2b1b38c1e229,gemma4-12b/responses/state_101/Gear_Medium/M12_Hex_Nut.json,0.3999976000050083,B,-3.2944495677948,0.03708845410936455,0.03708845410936455,0.03708845410936455,-0.046330224722623825,0.9547266357908081,0.9547266357908081,0.9547266357908081,-4.805645942687988,0.008183413290796769,0.008183413290796769,0.008183413290796769
gemma4:12b,state_101,Gear_Small,Small gear,gear,M12_Hex_Nut,hex_nut,False,False,False,../vlm_four_scene_20260925/input_crops/state_101/M12_Hex_Nut.png,fc0054b5fbb5338ab9f90350cd4862942de04ae395620638929e2b1b38c1e229,gemma4-12b/responses/state_101/Gear_Small/M12_Hex_Nut.json,0.40807559998938814,B,-3.2944495677948,0.03708845410936455,0.03708845410936455,0.03708845410936455,-0.046330224722623825,0.9547266357908081,0.9547266357908081,0.9547266357908081,-4.805645942687988,0.008183413290796769,0.008183413290796769,0.008183413290796769
gemma4:12b,state_101,Waterproof_Male,Waterproof connector,Waterproof_Male,M12_Hex_Nut,hex_nut,False,False,False,../vlm_four_scene_20260925/input_crops/state_101/M12_Hex_Nut.png,fc0054b5fbb5338ab9f90350cd4862942de04ae395620638929e2b1b38c1e229,gemma4-12b/responses/state_101/Waterproof_Male/M12_Hex_Nut.json,1.1419677000376396,A,-0.006204741075634956,0.9938144685794265,0.9938144685794265,0.9938144685794265,-6.6934967041015625,0.001238942972909817,0.001238942972909817,0.001238942972909817,-5.309502601623535,0.004944385435436221,0.004944385435436221,0.004944385435436221
gemma4:12b,state_101,M12_Hex_Nut,M12 hex nut,hex_nut,M12_Hex_Nut,hex_nut,True,True,False,../vlm_four_scene_20260925/input_crops/state_101/M12_Hex_Nut.png,fc0054b5fbb5338ab9f90350cd4862942de04ae395620638929e2b1b38c1e229,gemma4-12b/responses/state_101/M12_Hex_Nut/M12_Hex_Nut.json,1.1125440999749117,A,-3.349837061250582e-05,0.9999665021904517,0.9999665021904517,0.9999665021904517,-10.407428741455078,3.0207245611324648e-05,3.0207245611324648e-05,3.0207245611324648e-05,-13.06346607208252,2.1213326207231185e-06,2.1213326207231185e-06,2.1213326207231185e-06
gemma4:12b,state_101,M16_Hex_Nut,M16 hex nut,hex_nut,M12_Hex_Nut,hex_nut,False,True,False,../vlm_four_scene_20260925/input_crops/state_101/M12_Hex_Nut.png,fc0054b5fbb5338ab9f90350cd4862942de04ae395620638929e2b1b38c1e229,gemma4-12b/responses/state_101/M16_Hex_Nut/M12_Hex_Nut.json,0.3946005000034347,A,-3.314073182991706e-05,0.999966859817318,0.999966859817318,0.999966859817318,-10.426871299743652,2.962561202224459e-05,2.962561202224459e-05,2.962561202224459e-05,-13.025044441223145,2.204423705615014e-06,2.204423705615014e-06,2.204423705615014e-06
gemma4:12b,state_101,RGOCG16-50_16mm,16 mm round pin,round_pin,M12_Hex_Nut,hex_nut,False,False,False,../vlm_four_scene_20260925/input_crops/state_101/M12_Hex_Nut.png,fc0054b5fbb5338ab9f90350cd4862942de04ae395620638929e2b1b38c1e229,gemma4-12b/responses/state_101/RGOCG16-50_16mm/M12_Hex_Nut.json,1.114085500012152,B,-13.27871036529541,1.7105247463816364e-06,1.7105247463816364e-06,1.7105247463816364e-06,-0.00026497774524614215,0.999735057358256,0.999735057358256,0.999735057358256,-8.242683410644531,0.000263177088876256,0.000263177088876256,0.000263177088876256
gemma4:12b,state_101,RGOCG12-50_12mm,12 mm round pin,round_pin,M12_Hex_Nut,hex_nut,False,False,False,../vlm_four_scene_20260925/input_crops/state_101/M12_Hex_Nut.png,fc0054b5fbb5338ab9f90350cd4862942de04ae395620638929e2b1b38c1e229,gemma4-12b/responses/state_101/RGOCG12-50_12mm/M12_Hex_Nut.json,0.38104170002043247,B,-13.18668270111084,1.8754110402310732e-06,1.8754110402310732e-06,1.8754110402310732e-06,-0.00022252889175433666,0.999777495865963,0.999777495865963,0.999777495865963,-8.420230865478516,0.00022036377256932351,0.00022036377256932351,0.00022036377256932351
gemma4:12b,state_101,RGOCG8-50_8mm,8 mm round pin,round_pin,M12_Hex_Nut,hex_nut,False,False,False,../vlm_four_scene_20260925/input_crops/state_101/M12_Hex_Nut.png,fc0054b5fbb5338ab9f90350cd4862942de04ae395620638929e2b1b38c1e229,gemma4-12b/responses/state_101/RGOCG8-50_8mm/M12_Hex_Nut.json,0.38992879999568686,B,-13.18668270111084,1.8754110402310732e-06,1.8754110402310732e-06,1.8754110402310732e-06,-0.00022252889175433666,0.999777495865963,0.999777495865963,0.999777495865963,-8.420230865478516,0.00022036377256932351,0.00022036377256932351,0.00022036377256932351
gemma4:12b,state_101,USB_Male,USB connector + cable,USB_Male,M12_Hex_Nut,hex_nut,False,False,False,../vlm_four_scene_20260925/input_crops/state_101/M12_Hex_Nut.png,fc0054b5fbb5338ab9f90350cd4862942de04ae395620638929e2b1b38c1e229,gemma4-12b/responses/state_101/USB_Male/M12_Hex_Nut.json,1.152809499995783,B,-16.358680725097656,7.861677600574876e-08,7.861677600574876e-08,7.861677600574876e-08,-5.221503306529485e-05,0.9999477863301158,0.9999477863301158,0.9999477863301158,-9.86430835723877,5.1997841116308436e-05,5.1997841116308436e-05,5.1997841116308436e-05
gemma4:12b,state_101,DSUB_Male,DSUB connector,DSUB_Male,M12_Hex_Nut,hex_nut,False,False,False,../vlm_four_scene_20260925/input_crops/state_101/M12_Hex_Nut.png,fc0054b5fbb5338ab9f90350cd4862942de04ae395620638929e2b1b38c1e229,gemma4-12b/responses/state_101/DSUB_Male/M12_Hex_Nut.json,1.1795189999975264,B,-8.936305046081543,0.00013152612641989072,0.00013152612641989072,0.00013152612641989072,-0.17284506559371948,0.8412679460977163,0.8412679460977163,0.8412679460977163,-1.8413879871368408,0.15859714247316803,0.15859714247316803,0.15859714247316803
gemma4:12b,state_101,Gear_Large,Large gear,gear,M16_Hex_Nut,hex_nut,False,False,False,../vlm_four_scene_20260925/input_crops/state_101/M16_Hex_Nut.png,1c1870e789ce383e3b64a161e64f0093e715e0263666f4e81c66af34b957e0f0,gemma4-12b/responses/state_101/Gear_Large/M16_Hex_Nut.json,1.1676746999728493,A,-0.30689096450805664,0.7357308173055594,0.7357308173055594,0.7357308173055594,-2.068878650665283,0.12632735941160267,0.12632735941160267,0.12632735941160267,-1.9809670448303223,0.13793578270741724,0.13793578270741724,0.13793578270741724
gemma4:12b,state_101,Gear_Medium,Medium gear,gear,M16_Hex_Nut,hex_nut,False,False,False,../vlm_four_scene_20260925/input_crops/state_101/M16_Hex_Nut.png,1c1870e789ce383e3b64a161e64f0093e715e0263666f4e81c66af34b957e0f0,gemma4-12b/responses/state_101/Gear_Medium/M16_Hex_Nut.json,0.3925397000275552,A,-0.2363874614238739,0.7894747236641236,0.7894747236641236,0.7894747236641236,-2.440624475479126,0.08710643863900867,0.08710643863900867,0.08710643863900867,-2.0922300815582275,0.12341161075274937,0.12341161075274937,0.12341161075274937
gemma4:12b,state_101,Gear_Small,Small gear,gear,M16_Hex_Nut,hex_nut,False,False,False,../vlm_four_scene_20260925/input_crops/state_101/M16_Hex_Nut.png,1c1870e789ce383e3b64a161e64f0093e715e0263666f4e81c66af34b957e0f0,gemma4-12b/responses/state_101/Gear_Small/M16_Hex_Nut.json,0.3992749000317417,A,-0.2363874614238739,0.7894747236641236,0.7894747236641236,0.7894747236641236,-2.440624475479126,0.08710643863900867,0.08710643863900867,0.08710643863900867,-2.0922300815582275,0.12341161075274937,0.12341161075274937,0.12341161075274937
gemma4:12b,state_101,Waterproof_Male,Waterproof connector,Waterproof_Male,M16_Hex_Nut,hex_nut,False,False,False,../vlm_four_scene_20260925/input_crops/state_101/M16_Hex_Nut.png,1c1870e789ce383e3b64a161e64f0093e715e0263666f4e81c66af34b957e0f0,gemma4-12b/responses/state_101/Waterproof_Male/M16_Hex_Nut.json,1.1933761999825947,C,-0.8529564738273621,0.42615315701035733,0.42615315701035733,0.42615315701035733,-3.1678082942962646,0.042095758385983915,0.042095758385983915,0.042095758385983915,-0.6315896511077881,0.5317458384312455,0.5317458384312455,0.5317458384312455
gemma4:12b,state_101,M12_Hex_Nut,M12 hex nut,hex_nut,M16_Hex_Nut,hex_nut,False,True,False,../vlm_four_scene_20260925/input_crops/state_101/M16_Hex_Nut.png,1c1870e789ce383e3b64a161e64f0093e715e0263666f4e81c66af34b957e0f0,gemma4-12b/responses/state_101/M12_Hex_Nut/M16_Hex_Nut.json,1.166904899990186,A,-0.010959801264107227,0.9891000385474381,0.9891000385474381,0.9891000385474381,-4.583034515380859,0.01022382482313814,0.01022382482313814,0.01022382482313814,-7.3001508712768555,0.0006754368634842335,0.0006754368634842335,0.0006754368634842335
gemma4:12b,state_101,M16_Hex_Nut,M16 hex nut,hex_nut,M16_Hex_Nut,hex_nut,True,True,False,../vlm_four_scene_20260925/input_crops/state_101/M16_Hex_Nut.png,1c1870e789ce383e3b64a161e64f0093e715e0263666f4e81c66af34b957e0f0,gemma4-12b/responses/state_101/M16_Hex_Nut/M16_Hex_Nut.json,0.4364416999742389,A,-0.011071410961449146,0.9889896515517391,0.9889896515517391,0.9889896515517391,-4.571057319641113,0.010347013831032566,0.010347013831032566,0.010347013831032566,-7.318973064422607,0.0006628425584215615,0.0006628425584215615,0.0006628425584215615
gemma4:12b,state_101,RGOCG16-50_16mm,16 mm round pin,round_pin,M16_Hex_Nut,hex_nut,False,False,False,../vlm_four_scene_20260925/input_crops/state_101/M16_Hex_Nut.png,1c1870e789ce383e3b64a161e64f0093e715e0263666f4e81c66af34b957e0f0,gemma4-12b/responses/state_101/RGOCG16-50_16mm/M16_Hex_Nut.json,1.1845078999758698,B,-10.561211585998535,2.590145052505708e-05,2.590145052505708e-05,2.590145052505708e-05,-0.05571815371513367,0.9458056701421226,0.9458056701421226,0.9458056701421226,-2.9156711101531982,0.05416766636111807,0.05416766636111807,0.05416766636111807
gemma4:12b,state_101,RGOCG12-50_12mm,12 mm round pin,round_pin,M16_Hex_Nut,hex_nut,False,False,False,../vlm_four_scene_20260925/input_crops/state_101/M16_Hex_Nut.png,1c1870e789ce383e3b64a161e64f0093e715e0263666f4e81c66af34b957e0f0,gemma4-12b/responses/state_101/RGOCG12-50_12mm/M16_Hex_Nut.json,0.3923100999672897,B,-10.96562671661377,1.7285773831802318e-05,1.7285773831802318e-05,1.7285773831802318e-05,-0.0327187180519104,0.9678107489991141,0.9678107489991141,0.9678107489991141,-3.4366934299468994,0.0321708849375923,0.0321708849375923,0.0321708849375923
gemma4:12b,state_101,RGOCG8-50_8mm,8 mm round pin,round_pin,M16_Hex_Nut,hex_nut,False,False,False,../vlm_four_scene_20260925/input_crops/state_101/M16_Hex_Nut.png,1c1870e789ce383e3b64a161e64f0093e715e0263666f4e81c66af34b957e0f0,gemma4-12b/responses/state_101/RGOCG8-50_8mm/M16_Hex_Nut.json,0.4017430000239983,B,-10.96562671661377,1.7285773831802318e-05,1.7285773831802318e-05,1.7285773831802318e-05,-0.0327187180519104,0.9678107489991141,0.9678107489991141,0.9678107489991141,-3.4366934299468994,0.0321708849375923,0.0321708849375923,0.0321708849375923
gemma4:12b,state_101,USB_Male,USB connector + cable,USB_Male,M16_Hex_Nut,hex_nut,False,False,False,../vlm_four_scene_20260925/input_crops/state_101/M16_Hex_Nut.png,1c1870e789ce383e3b64a161e64f0093e715e0263666f4e81c66af34b957e0f0,gemma4-12b/responses/state_101/USB_Male/M16_Hex_Nut.json,1.1332351000164635,B,-14.074734687805176,7.716500538568467e-07,7.716500538568467e-07,7.716500538568467e-07,-0.002955090021714568,0.9970492719590638,0.9970492719590638,0.9970492719590638,-5.826235294342041,0.002949158822102344,0.002949158822102344,0.002949158822102344
gemma4:12b,state_101,DSUB_Male,DSUB connector,DSUB_Male,M16_Hex_Nut,hex_nut,False,False,False,../vlm_four_scene_20260925/input_crops/state_101/M16_Hex_Nut.png,1c1870e789ce383e3b64a161e64f0093e715e0263666f4e81c66af34b957e0f0,gemma4-12b/responses/state_101/DSUB_Male/M16_Hex_Nut.json,1.1179916000110097,A,-0.2713222801685333,0.7623707598322167,0.7623707598322167,0.7623707598322167,-1.8779926300048828,0.1528967181960785,0.1528967181960785,0.1528967181960785,-2.468294143676758,0.0847292717568295,0.0847292717568295,0.0847292717568295
gemma4:12b,state_101,Gear_Large,Large gear,gear,RGOCG16-50_16mm,round_pin,False,False,False,../vlm_four_scene_20260925/input_crops/state_101/RGOCG16-50_16mm.png,552c7b7003b70b464999fe0b15088e739e126bb17da93e39400520c81be1c324,gemma4-12b/responses/state_101/Gear_Large/RGOCG16-50_16mm.json,1.0682221000315621,B,-11.440556526184082,1.0750518992497746e-05,1.0750518992497746e-05,1.0750518992497746e-05,-0.4497401714324951,0.6377938471562945,0.6377938471562945,0.6377938471562945,-1.0155799388885498,0.36219231950159025,0.36219231950159025,0.36219231950159025
gemma4:12b,state_101,Gear_Medium,Medium gear,gear,RGOCG16-50_16mm,round_pin,False,False,False,../vlm_four_scene_20260925/input_crops/state_101/RGOCG16-50_16mm.png,552c7b7003b70b464999fe0b15088e739e126bb17da93e39400520c81be1c324,gemma4-12b/responses/state_101/Gear_Medium/RGOCG16-50_16mm.json,0.4133223999524489,B,-11.937697410583496,6.539188971994437e-06,6.539188971994437e-06,6.539188971994437e-06,-0.6171272993087769,0.5394920127482306,0.5394920127482306,0.5394920127482306,-0.7754448056221008,0.46049890293588946,0.46049890293588946,0.46049890293588946
gemma4:12b,state_101,Gear_Small,Small gear,gear,RGOCG16-50_16mm,round_pin,False,False,False,../vlm_four_scene_20260925/input_crops/state_101/RGOCG16-50_16mm.png,552c7b7003b70b464999fe0b15088e739e126bb17da93e39400520c81be1c324,gemma4-12b/responses/state_101/Gear_Small/RGOCG16-50_16mm.json,0.42010069999378175,B,-11.937697410583496,6.539188971994437e-06,6.539188971994437e-06,6.539188971994437e-06,-0.6171272993087769,0.5394920127482306,0.5394920127482306,0.5394920127482306,-0.7754448056221008,0.46049890293588946,0.46049890293588946,0.46049890293588946
gemma4:12b,state_101,Waterproof_Male,Waterproof connector,Waterproof_Male,RGOCG16-50_16mm,round_pin,False,False,False,../vlm_four_scene_20260925/input_crops/state_101/RGOCG16-50_16mm.png,552c7b7003b70b464999fe0b15088e739e126bb17da93e39400520c81be1c324,gemma4-12b/responses/state_101/Waterproof_Male/RGOCG16-50_16mm.json,1.0949554999824613,C,-13.599968910217285,1.2405336472787293e-06,1.2405336472787293e-06,1.2405336472787293e-06,-4.447137832641602,0.011712040864663233,0.011712040864663233,0.011712040864663233,-0.011784457601606846,0.9882847071625318,0.9882847071625318,0.9882847071625318
gemma4:12b,state_101,M12_Hex_Nut,M12 hex nut,hex_nut,RGOCG16-50_16mm,round_pin,False,False,False,../vlm_four_scene_20260925/input_crops/state_101/RGOCG16-50_16mm.png,552c7b7003b70b464999fe0b15088e739e126bb17da93e39400520c81be1c324,gemma4-12b/responses/state_101/M12_Hex_Nut/RGOCG16-50_16mm.json,1.0506122999940999,B,-14.004403114318848,8.278754518728592e-07,8.278754518728592e-07,8.278754518728592e-07,-6.80708180880174e-05,0.9999319314986775,0.9999319314986775,0.9999319314986775,-9.608068466186523,6.718446812871891e-05,6.718446812871891e-05,6.718446812871891e-05
gemma4:12b,state_101,M16_Hex_Nut,M16 hex nut,hex_nut,RGOCG16-50_16mm,round_pin,False,False,False,../vlm_four_scene_20260925/input_crops/state_101/RGOCG16-50_16mm.png,552c7b7003b70b464999fe0b15088e739e126bb17da93e39400520c81be1c324,gemma4-12b/responses/state_101/M16_Hex_Nut/RGOCG16-50_16mm.json,0.3893680999753997,B,-13.92253589630127,8.985029061324426e-07,8.985029061324426e-07,8.985029061324426e-07,-7.558154902653769e-05,0.9999244213071867,0.9999244213071867,0.9999244213071867,-9.504522323608398,7.451408995051798e-05,7.451408995051798e-05,7.451408995051798e-05
gemma4:12b,state_101,RGOCG16-50_16mm,16 mm round pin,round_pin,RGOCG16-50_16mm,round_pin,True,True,False,../vlm_four_scene_20260925/input_crops/state_101/RGOCG16-50_16mm.png,552c7b7003b70b464999fe0b15088e739e126bb17da93e39400520c81be1c324,gemma4-12b/responses/state_101/RGOCG16-50_16mm/RGOCG16-50_16mm.json,1.0967474000062793,A,-4.0531240301788785e-06,0.9999959468841837,0.9999959468841837,0.9999959468841837,-14.103212356567383,7.499852055324236e-07,7.499852055324236e-07,7.499852055324236e-07,-14.755667686462402,3.905664614153482e-07,3.905664614153482e-07,3.905664614153482e-07
gemma4:12b,state_101,RGOCG12-50_12mm,12 mm round pin,round_pin,RGOCG16-50_16mm,round_pin,False,True,False,../vlm_four_scene_20260925/input_crops/state_101/RGOCG16-50_16mm.png,552c7b7003b70b464999fe0b15088e739e126bb17da93e39400520c81be1c324,gemma4-12b/responses/state_101/RGOCG12-50_12mm/RGOCG16-50_16mm.json,0.38462329999310896,A,-4.410753263073275e-06,0.9999955892564643,0.9999955892564643,0.9999955892564643,-13.717040061950684,1.1034818468006932e-06,1.1034818468006932e-06,1.1034818468006932e-06,-14.731480598449707,4.001282971262811e-07,4.001282971262811e-07,4.001282971262811e-07
gemma4:12b,state_101,RGOCG8-50_8mm,8 mm round pin,round_pin,RGOCG16-50_16mm,round_pin,False,True,False,../vlm_four_scene_20260925/input_crops/state_101/RGOCG16-50_16mm.png,552c7b7003b70b464999fe0b15088e739e126bb17da93e39400520c81be1c324,gemma4-12b/responses/state_101/RGOCG8-50_8mm/RGOCG16-50_16mm.json,0.4253873000270687,A,-4.410753263073275e-06,0.9999955892564643,0.9999955892564643,0.9999955892564643,-13.717040061950684,1.1034818468006932e-06,1.1034818468006932e-06,1.1034818468006932e-06,-14.731480598449707,4.001282971262811e-07,4.001282971262811e-07,4.001282971262811e-07
gemma4:12b,state_101,USB_Male,USB connector + cable,USB_Male,RGOCG16-50_16mm,round_pin,False,False,False,../vlm_four_scene_20260925/input_crops/state_101/RGOCG16-50_16mm.png,552c7b7003b70b464999fe0b15088e739e126bb17da93e39400520c81be1c324,gemma4-12b/responses/state_101/USB_Male/RGOCG16-50_16mm.json,1.130536700016819,B,-12.842118263244629,2.6469083398805173e-06,2.6469083398805173e-06,2.6469083398805173e-06,-0.041646141558885574,0.9592091447781729,0.9592091447781729,0.9592091447781729,-3.199416399002075,0.04078599978423825,0.04078599978423825,0.04078599978423825
gemma4:12b,state_101,DSUB_Male,DSUB connector,DSUB_Male,RGOCG16-50_16mm,round_pin,False,False,False,../vlm_four_scene_20260925/input_crops/state_101/RGOCG16-50_16mm.png,552c7b7003b70b464999fe0b15088e739e126bb17da93e39400520c81be1c324,gemma4-12b/responses/state_101/DSUB_Male/RGOCG16-50_16mm.json,1.084451100032311,C,-14.645720481872559,4.359577587583943e-07,4.359577587583943e-07,4.359577587583943e-07,-6.517140865325928,0.0014778885498926506,0.0014778885498926506,0.0014778885498926506,-0.0014806616818532348,0.9985204339568313,0.9985204339568313,0.9985204339568313
gemma4:12b,state_101,Gear_Large,Large gear,gear,RGOCG12-50_12mm,round_pin,False,False,False,../vlm_four_scene_20260925/input_crops/state_101/RGOCG12-50_12mm.png,123f19e892e7db96ecab17804bf959635f80f30947116c2770dcab19b9e1892a,gemma4-12b/responses/state_101/Gear_Large/RGOCG12-50_12mm.json,1.1521147000021301,C,-12.401289939880371,4.113279400790466e-06,4.113279400790466e-06,4.113279400790466e-06,-3.0891549587249756,0.04554042168511852,0.04554042168511852,0.04554042168511852,-0.0466163232922554,0.9544535289355224,0.9544535289355224,0.9544535289355224
gemma4:12b,state_101,Gear_Medium,Medium gear,gear,RGOCG12-50_12mm,round_pin,False,False,False,../vlm_four_scene_20260925/input_crops/state_101/RGOCG12-50_12mm.png,123f19e892e7db96ecab17804bf959635f80f30947116c2770dcab19b9e1892a,gemma4-12b/responses/state_101/Gear_Medium/RGOCG12-50_12mm.json,0.3939094999805093,C,-12.141861915588379,5.331585400116737e-06,5.331585400116737e-06,5.331585400116737e-06,-2.6166982650756836,0.07304363584783702,0.07304363584783702,0.07304363584783702,-0.07585625350475311,0.9269494427166991,0.9269494427166991,0.9269494427166991
gemma4:12b,state_101,Gear_Small,Small gear,gear,RGOCG12-50_12mm,round_pin,False,False,False,../vlm_four_scene_20260925/input_crops/state_101/RGOCG12-50_12mm.png,123f19e892e7db96ecab17804bf959635f80f30947116c2770dcab19b9e1892a,gemma4-12b/responses/state_101/Gear_Small/RGOCG12-50_12mm.json,0.41922470001736656,C,-12.141861915588379,5.331585400116737e-06,5.331585400116737e-06,5.331585400116737e-06,-2.6166982650756836,0.07304363584783702,0.07304363584783702,0.07304363584783702,-0.07585625350475311,0.9269494427166991,0.9269494427166991,0.9269494427166991
gemma4:12b,state_101,Waterproof_Male,Waterproof connector,Waterproof_Male,RGOCG12-50_12mm,round_pin,False,False,False,../vlm_four_scene_20260925/input_crops/state_101/RGOCG12-50_12mm.png,123f19e892e7db96ecab17804bf959635f80f30947116c2770dcab19b9e1892a,gemma4-12b/responses/state_101/Waterproof_Male/RGOCG12-50_12mm.json,1.1514630999881774,C,-14.934989929199219,3.264497094970241e-07,3.264497094970241e-07,3.264497094970241e-07,-7.397697925567627,0.0006126615314075518,0.0006126615314075518,0.0006126615314075518,-0.0006147127714939415,0.999385476125694,0.999385476125694,0.999385476125694
gemma4:12b,state_101,M12_Hex_Nut,M12 hex nut,hex_nut,RGOCG12-50_12mm,round_pin,False,False,False,../vlm_four_scene_20260925/input_crops/state_101/RGOCG12-50_12mm.png,123f19e892e7db96ecab17804bf959635f80f30947116c2770dcab19b9e1892a,gemma4-12b/responses/state_101/M12_Hex_Nut/RGOCG12-50_12mm.json,1.0907834999961779,B,-13.275465965270996,1.716083385258699e-06,1.716083385258699e-06,1.716083385258699e-06,-0.00019283962319605052,0.9998071789691689,0.9998071789691689,0.9998071789691689,-8.56435775756836,0.00019078608000343186,0.00019078608000343186,0.00019078608000343186
gemma4:12b,state_101,M16_Hex_Nut,M16 hex nut,hex_nut,RGOCG12-50_12mm,round_pin,False,False,False,../vlm_four_scene_20260925/input_crops/state_101/RGOCG12-50_12mm.png,123f19e892e7db96ecab17804bf959635f80f30947116c2770dcab19b9e1892a,gemma4-12b/responses/state_101/M16_Hex_Nut/RGOCG12-50_12mm.json,0.3923110999749042,B,-13.712385177612305,1.108630400832268e-06,1.108630400832268e-06,1.108630400832268e-06,-0.00014246524369809777,0.9998575449039928,0.9998575449039928,0.9998575449039928,-8.867300033569336,0.00014092256066957913,0.00014092256066957913,0.00014092256066957913
gemma4:12b,state_101,RGOCG16-50_16mm,16 mm round pin,round_pin,RGOCG12-50_12mm,round_pin,False,True,False,../vlm_four_scene_20260925/input_crops/state_101/RGOCG12-50_12mm.png,123f19e892e7db96ecab17804bf959635f80f30947116c2770dcab19b9e1892a,gemma4-12b/responses/state_101/RGOCG16-50_16mm/RGOCG12-50_12mm.json,1.0958954999805428,A,-2.145769485650817e-06,0.9999978542328165,0.9999978542328165,0.9999978542328165,-14.857224464416504,3.528494125345496e-07,3.528494125345496e-07,3.528494125345496e-07,-15.185140609741211,2.54200983361853e-07,2.54200983361853e-07,2.54200983361853e-07
gemma4:12b,state_101,RGOCG12-50_12mm,12 mm round pin,round_pin,RGOCG12-50_12mm,round_pin,True,True,False,../vlm_four_scene_20260925/input_crops/state_101/RGOCG12-50_12mm.png,123f19e892e7db96ecab17804bf959635f80f30947116c2770dcab19b9e1892a,gemma4-12b/responses/state_101/RGOCG12-50_12mm/RGOCG12-50_12mm.json,0.39062249998096377,A,-2.861027041944908e-06,0.9999971389770508,0.9999971389770508,0.9999971389770508,-15.003205299377441,3.0492338171842994e-07,3.0492338171842994e-07,3.0492338171842994e-07,-14.859963417053223,3.5188429701192296e-07,3.5188429701192296e-07,3.5188429701192296e-07
gemma4:12b,state_101,RGOCG8-50_8mm,8 mm round pin,round_pin,RGOCG12-50_12mm,round_pin,False,True,False,../vlm_four_scene_20260925/input_crops/state_101/RGOCG12-50_12mm.png,123f19e892e7db96ecab17804bf959635f80f30947116c2770dcab19b9e1892a,gemma4-12b/responses/state_101/RGOCG8-50_8mm/RGOCG12-50_12mm.json,0.417868799995631,A,-2.861027041944908e-06,0.9999971389770508,0.9999971389770508,0.9999971389770508,-15.003205299377441,3.0492338171842994e-07,3.0492338171842994e-07,3.0492338171842994e-07,-14.859963417053223,3.5188429701192296e-07,3.5188429701192296e-07,3.5188429701192296e-07
gemma4:12b,state_101,USB_Male,USB connector + cable,USB_Male,RGOCG12-50_12mm,round_pin,False,False,False,../vlm_four_scene_20260925/input_crops/state_101/RGOCG12-50_12mm.png,123f19e892e7db96ecab17804bf959635f80f30947116c2770dcab19b9e1892a,gemma4-12b/responses/state_101/USB_Male/RGOCG12-50_12mm.json,1.1318362000165507,C,-12.457443237304688,3.888670481435957e-06,3.888670481435957e-06,3.888670481435957e-06,-2.608306884765625,0.073659151677367,0.073659151677367,0.073659151677367,-0.07652077823877335,0.9263336665067489,0.9263336665067489,0.9263336665067489
gemma4:12b,state_101,DSUB_Male,DSUB connector,DSUB_Male,RGOCG12-50_12mm,round_pin,False,False,False,../vlm_four_scene_20260925/input_crops/state_101/RGOCG12-50_12mm.png,123f19e892e7db96ecab17804bf959635f80f30947116c2770dcab19b9e1892a,gemma4-12b/responses/state_101/DSUB_Male/RGOCG12-50_12mm.json,1.1006019999622367,C,-15.510993003845215,1.8351067369922394e-07,1.8351067369922394e-07,1.8351067369922394e-07,-7.009366035461426,0.0009033811184889893,0.0009033811184889893,0.0009033811184889893,-0.0009048501378856599,0.9990955591155534,0.9990955591155534,0.9990955591155534
gemma4:12b,state_101,Gear_Large,Large gear,gear,RGOCG8-50_8mm,round_pin,False,False,False,../vlm_four_scene_20260925/input_crops/state_101/RGOCG8-50_8mm.png,3989b2e944636dc60976a725ca05eae1c3b96027dd47e7fd6182bc78c774ab48,gemma4-12b/responses/state_101/Gear_Large/RGOCG8-50_8mm.json,1.0352996000437997,C,-11.724254608154297,8.09507579125247e-06,8.09507579125247e-06,8.09507579125247e-06,-1.1643317937850952,0.3121311603461632,0.3121311603461632,0.3121311603461632,-0.3741726279258728,0.687858158052046,0.687858158052046,0.687858158052046
gemma4:12b,state_101,Gear_Medium,Medium gear,gear,RGOCG8-50_8mm,round_pin,False,False,False,../vlm_four_scene_20260925/input_crops/state_101/RGOCG8-50_8mm.png,3989b2e944636dc60976a725ca05eae1c3b96027dd47e7fd6182bc78c774ab48,gemma4-12b/responses/state_101/Gear_Medium/RGOCG8-50_8mm.json,0.38942919997498393,C,-11.114432334899902,1.4895784047247212e-05,1.4895784047247212e-05,1.4895784047247212e-05,-1.0651285648345947,0.3446835377364587,0.3446835377364587,0.3446835377364587,-0.42266491055488586,0.6552981798293214,0.6552981798293214,0.6552981798293214
gemma4:12b,state_101,Gear_Small,Small gear,gear,RGOCG8-50_8mm,round_pin,False,False,False,../vlm_four_scene_20260925/input_crops/state_101/RGOCG8-50_8mm.png,3989b2e944636dc60976a725ca05eae1c3b96027dd47e7fd6182bc78c774ab48,gemma4-12b/responses/state_101/Gear_Small/RGOCG8-50_8mm.json,0.40641280001727864,C,-11.114432334899902,1.4895784047247212e-05,1.4895784047247212e-05,1.4895784047247212e-05,-1.0651285648345947,0.3446835377364587,0.3446835377364587,0.3446835377364587,-0.42266491055488586,0.6552981798293214,0.6552981798293214,0.6552981798293214
gemma4:12b,state_101,Waterproof_Male,Waterproof connector,Waterproof_Male,RGOCG8-50_8mm,round_pin,False,False,False,../vlm_four_scene_20260925/input_crops/state_101/RGOCG8-50_8mm.png,3989b2e944636dc60976a725ca05eae1c3b96027dd47e7fd6182bc78c774ab48,gemma4-12b/responses/state_101/Waterproof_Male/RGOCG8-50_8mm.json,1.085694900015369,C,-13.320063591003418,1.641231651462592e-06,1.641231651462592e-06,1.641231651462592e-06,-3.9262616634368896,0.019717244645343687,0.019717244645343687,0.019717244645343687,-0.019919119775295258,0.9802779552018331,0.9802779552018331,0.9802779552018331
gemma4:12b,state_101,M12_Hex_Nut,M12 hex nut,hex_nut,RGOCG8-50_8mm,round_pin,False,False,False,../vlm_four_scene_20260925/input_crops/state_101/RGOCG8-50_8mm.png,3989b2e944636dc60976a725ca05eae1c3b96027dd47e7fd6182bc78c774ab48,gemma4-12b/responses/state_101/M12_Hex_Nut/RGOCG8-50_8mm.json,1.05099199997494,B,-13.30578327178955,1.664837108934494e-06,1.664837108934494e-06,1.664837108934494e-06,-0.00010169069719268009,0.999898314473131,0.999898314473131,0.999898314473131,-9.21359634399414,9.967493229106609e-05,9.967493229106609e-05,9.967493229106609e-05
gemma4:12b,state_101,M16_Hex_Nut,M16 hex nut,hex_nut,RGOCG8-50_8mm,round_pin,False,False,False,../vlm_four_scene_20260925/input_crops/state_101/RGOCG8-50_8mm.png,3989b2e944636dc60976a725ca05eae1c3b96027dd47e7fd6182bc78c774ab48,gemma4-12b/responses/state_101/M16_Hex_Nut/RGOCG8-50_8mm.json,0.387960700027179,B,-13.720410346984863,1.0997690585386967e-06,1.0997690585386967e-06,1.0997690585386967e-06,-9.775639773579314e-05,0.9999022483802652,0.9999022483802652,0.9999022483802652,-9.249597549438477,9.615034003421176e-05,9.615034003421176e-05,9.615034003421176e-05
gemma4:12b,state_101,RGOCG16-50_16mm,16 mm round pin,round_pin,RGOCG8-50_8mm,round_pin,False,True,False,../vlm_four_scene_20260925/input_crops/state_101/RGOCG8-50_8mm.png,3989b2e944636dc60976a725ca05eae1c3b96027dd47e7fd6182bc78c774ab48,gemma4-12b/responses/state_101/RGOCG16-50_16mm/RGOCG8-50_8mm.json,1.0971362999989651,A,-4.64917320641689e-06,0.9999953508376009,0.9999953508376009,0.9999953508376009,-14.899689674377441,3.381792778034098e-07,3.381792778034098e-07,3.381792778034098e-07,-14.479157447814941,5.149698674424425e-07,5.149698674424425e-07,5.149698674424425e-07
gemma4:12b,state_101,RGOCG12-50_12mm,12 mm round pin,round_pin,RGOCG8-50_8mm,round_pin,False,True,False,../vlm_four_scene_20260925/input_crops/state_101/RGOCG8-50_8mm.png,3989b2e944636dc60976a725ca05eae1c3b96027dd47e7fd6182bc78c774ab48,gemma4-12b/responses/state_101/RGOCG12-50_12mm/RGOCG8-50_8mm.json,0.3917290000244975,A,-3.933914285880746e-06,0.9999960660934519,0.9999960660934519,0.9999960660934519,-15.025211334228516,2.982865204846865e-07,2.982865204846865e-07,2.982865204846865e-07,-14.7260103225708,4.0232310693298467e-07,4.0232310693298467e-07,4.0232310693298467e-07
gemma4:12b,state_101,RGOCG8-50_8mm,8 mm round pin,round_pin,RGOCG8-50_8mm,round_pin,True,True,False,../vlm_four_scene_20260925/input_crops/state_101/RGOCG8-50_8mm.png,3989b2e944636dc60976a725ca05eae1c3b96027dd47e7fd6182bc78c774ab48,gemma4-12b/responses/state_101/RGOCG8-50_8mm/RGOCG8-50_8mm.json,0.3967811000184156,A,-3.933914285880746e-06,0.9999960660934519,0.9999960660934519,0.9999960660934519,-15.025211334228516,2.982865204846865e-07,2.982865204846865e-07,2.982865204846865e-07,-14.7260103225708,4.0232310693298467e-07,4.0232310693298467e-07,4.0232310693298467e-07
gemma4:12b,state_101,USB_Male,USB connector + cable,USB_Male,RGOCG8-50_8mm,round_pin,False,False,False,../vlm_four_scene_20260925/input_crops/state_101/RGOCG8-50_8mm.png,3989b2e944636dc60976a725ca05eae1c3b96027dd47e7fd6182bc78c774ab48,gemma4-12b/responses/state_101/USB_Male/RGOCG8-50_8mm.json,1.1039242999977432,C,-13.097928047180176,2.049472638992505e-06,2.049472638992505e-06,2.049472638992505e-06,-2.7062618732452393,0.06678599519125818,0.06678599519125818,0.06678599519125818,-0.06912557780742645,0.9332094823189779,0.9332094823189779,0.9332094823189779
gemma4:12b,state_101,DSUB_Male,DSUB connector,DSUB_Male,RGOCG8-50_8mm,round_pin,False,False,False,../vlm_four_scene_20260925/input_crops/state_101/RGOCG8-50_8mm.png,3989b2e944636dc60976a725ca05eae1c3b96027dd47e7fd6182bc78c774ab48,gemma4-12b/responses/state_101/DSUB_Male/RGOCG8-50_8mm.json,1.1987155000097118,C,-14.893744468688965,3.401958115839753e-07,3.401958115839753e-07,3.401958115839753e-07,-7.4594621658325195,0.000575965862318713,0.000575965862318713,0.000575965862318713,-0.0005771394935436547,0.9994230270194185,0.9994230270194185,0.9994230270194185
gemma4:12b,state_101,Gear_Large,Large gear,gear,USB_Male,USB_Male,False,False,True,../vlm_four_scene_20260925/input_crops/state_101/USB_Male.png,7543f2ca9e48d4553584300362014c6f331ab16c9b5e3b3c0e4184e22a6d517c,gemma4-12b/responses/state_101/Gear_Large/USB_Male.json,1.1517382999882102,B,-13.912336349487305,9.077141238551894e-07,9.077141238551894e-07,9.077141238551894e-07,-0.09736280143260956,0.9072268032353266,0.9072268032353266,0.9072268032353266,-2.3776447772979736,0.09276881162567262,0.09276881162567262,0.09276881162567262
gemma4:12b,state_101,Gear_Medium,Medium gear,gear,USB_Male,USB_Male,False,False,True,../vlm_four_scene_20260925/input_crops/state_101/USB_Male.png,7543f2ca9e48d4553584300362014c6f331ab16c9b5e3b3c0e4184e22a6d517c,gemma4-12b/responses/state_101/Gear_Medium/USB_Male.json,0.429810700006783,B,-14.169382095336914,7.019651378494241e-07,7.019651378494241e-07,7.019651378494241e-07,-0.024159923195838928,0.9761295915109501,0.9761295915109501,0.9761295915109501,-3.7352023124694824,0.02386834171708924,0.02386834171708924,0.02386834171708924
gemma4:12b,state_101,Gear_Small,Small gear,gear,USB_Male,USB_Male,False,False,True,../vlm_four_scene_20260925/input_crops/state_101/USB_Male.png,7543f2ca9e48d4553584300362014c6f331ab16c9b5e3b3c0e4184e22a6d517c,gemma4-12b/responses/state_101/Gear_Small/USB_Male.json,0.42288999998709187,B,-14.169382095336914,7.019651378494241e-07,7.019651378494241e-07,7.019651378494241e-07,-0.024159923195838928,0.9761295915109501,0.9761295915109501,0.9761295915109501,-3.7352023124694824,0.02386834171708924,0.02386834171708924,0.02386834171708924
gemma4:12b,state_101,Waterproof_Male,Waterproof connector,Waterproof_Male,USB_Male,USB_Male,False,False,True,../vlm_four_scene_20260925/input_crops/state_101/USB_Male.png,7543f2ca9e48d4553584300362014c6f331ab16c9b5e3b3c0e4184e22a6d517c,gemma4-12b/responses/state_101/Waterproof_Male/USB_Male.json,1.1829869999783114,B,-11.444701194763184,1.0706053864482823e-05,1.0706053864482823e-05,1.0706053864482823e-05,-0.004410441964864731,0.9955992697513983,0.9955992697513983,0.9955992697513983,-5.428654193878174,0.004388998570932468,0.004388998570932468,0.004388998570932468
gemma4:12b,state_101,M12_Hex_Nut,M12 hex nut,hex_nut,USB_Male,USB_Male,False,False,True,../vlm_four_scene_20260925/input_crops/state_101/USB_Male.png,7543f2ca9e48d4553584300362014c6f331ab16c9b5e3b3c0e4184e22a6d517c,gemma4-12b/responses/state_101/M12_Hex_Nut/USB_Male.json,1.1158801999990828,B,-12.82568359375,2.6907688327650844e-06,2.6907688327650844e-06,2.6907688327650844e-06,-0.0023819541092962027,0.9976208804923162,0.9976208804923162,0.9976208804923162,-6.04268217086792,0.0023751797245404284,0.0023751797245404284,0.0023751797245404284
gemma4:12b,state_101,M16_Hex_Nut,M16 hex nut,hex_nut,USB_Male,USB_Male,False,False,True,../vlm_four_scene_20260925/input_crops/state_101/USB_Male.png,7543f2ca9e48d4553584300362014c6f331ab16c9b5e3b3c0e4184e22a6d517c,gemma4-12b/responses/state_101/M16_Hex_Nut/USB_Male.json,0.42001990001881495,B,-12.653654098510742,3.195860758265509e-06,3.195860758265509e-06,3.195860758265509e-06,-0.0015354016795754433,0.9984657764465407,0.9984657764465407,0.9984657764465407,-6.482241630554199,0.0015303762931919004,0.0015303762931919004,0.0015303762931919004
gemma4:12b,state_101,RGOCG16-50_16mm,16 mm round pin,round_pin,USB_Male,USB_Male,False,False,True,../vlm_four_scene_20260925/input_crops/state_101/USB_Male.png,7543f2ca9e48d4553584300362014c6f331ab16c9b5e3b3c0e4184e22a6d517c,gemma4-12b/responses/state_101/RGOCG16-50_16mm/USB_Male.json,1.193617600016296,B,-11.773842811584473,7.703445885722596e-06,7.703445885722596e-06,7.703445885722596e-06,-0.00950289610773325,0.9905421137220708,0.9905421137220708,0.9905421137220708,-4.661909580230713,0.00944840268098396,0.00944840268098396,0.00944840268098396
gemma4:12b,state_101,RGOCG12-50_12mm,12 mm round pin,round_pin,USB_Male,USB_Male,False,False,True,../vlm_four_scene_20260925/input_crops/state_101/USB_Male.png,7543f2ca9e48d4553584300362014c6f331ab16c9b5e3b3c0e4184e22a6d517c,gemma4-12b/responses/state_101/RGOCG12-50_12mm/USB_Male.json,0.41593790001934394,B,-11.162623405456543,1.4194962561912169e-05,1.4194962561912169e-05,1.4194962561912169e-05,-0.014585671946406364,0.9855201836832176,0.9855201836832176,0.9855201836832176,-4.236181259155273,0.014462715887789789,0.014462715887789789,0.014462715887789789
gemma4:12b,state_101,RGOCG8-50_8mm,8 mm round pin,round_pin,USB_Male,USB_Male,False,False,True,../vlm_four_scene_20260925/input_crops/state_101/USB_Male.png,7543f2ca9e48d4553584300362014c6f331ab16c9b5e3b3c0e4184e22a6d517c,gemma4-12b/responses/state_101/RGOCG8-50_8mm/USB_Male.json,0.4206500999862328,B,-11.162623405456543,1.4194962561912169e-05,1.4194962561912169e-05,1.4194962561912169e-05,-0.014585671946406364,0.9855201836832176,0.9855201836832176,0.9855201836832176,-4.236181259155273,0.014462715887789789,0.014462715887789789,0.014462715887789789
gemma4:12b,state_101,USB_Male,USB connector + cable,USB_Male,USB_Male,USB_Male,True,True,True,../vlm_four_scene_20260925/input_crops/state_101/USB_Male.png,7543f2ca9e48d4553584300362014c6f331ab16c9b5e3b3c0e4184e22a6d517c,gemma4-12b/responses/state_101/USB_Male/USB_Male.json,1.1762282999698073,A,-7.152582838898525e-06,0.9999928474427408,0.9999928474427408,0.9999928474427408,-14.144245147705078,7.19834042735686e-07,7.19834042735686e-07,7.19834042735686e-07,-14.756587028503418,3.902075622483828e-07,3.902075622483828e-07,3.902075622483828e-07
gemma4:12b,state_101,DSUB_Male,DSUB connector,DSUB_Male,USB_Male,USB_Male,False,False,True,../vlm_four_scene_20260925/input_crops/state_101/USB_Male.png,7543f2ca9e48d4553584300362014c6f331ab16c9b5e3b3c0e4184e22a6d517c,gemma4-12b/responses/state_101/DSUB_Male/USB_Male.json,1.13488749996759,A,-8.106264431262389e-06,0.9999918937684245,0.9999918937684245,0.9999918937684245,-12.07965087890625,5.67380335772489e-06,5.67380335772489e-06,5.67380335772489e-06,-14.411639213562012,5.509403928659281e-07,5.509403928659281e-07,5.509403928659281e-07
gemma4:12b,state_101,Gear_Large,Large gear,gear,DSUB_Male,DSUB_Male,False,False,False,../vlm_four_scene_20260925/input_crops/state_101/DSUB_Male.png,4b33b962ebb9c6ee75c0ce865988e91fcba2f1bdbb964dd35e709db436634a24,gemma4-12b/responses/state_101/Gear_Large/DSUB_Male.json,1.0470876999897882,C,-13.63651180267334,1.196019255470947e-06,1.196019255470947e-06,1.196019255470947e-06,-1.0049574375152588,0.3660602149047604,0.3660602149047604,0.3660602149047604,-0.45581546425819397,0.6339308091975795,0.6339308091975795,0.6339308091975795
gemma4:12b,state_101,Gear_Medium,Medium gear,gear,DSUB_Male,DSUB_Male,False,False,False,../vlm_four_scene_20260925/input_crops/state_101/DSUB_Male.png,4b33b962ebb9c6ee75c0ce865988e91fcba2f1bdbb964dd35e709db436634a24,gemma4-12b/responses/state_101/Gear_Medium/DSUB_Male.json,0.4033560000243597,C,-13.86220932006836,9.543748481638693e-07,9.543748481638693e-07,9.543748481638693e-07,-0.8235248923301697,0.4388819132851489,0.4388819132851489,0.4388819132851489,-0.5778335928916931,0.5611126492070139,0.5611126492070139,0.5611126492070139
gemma4:12b,state_101,Gear_Small,Small gear,gear,DSUB_Male,DSUB_Male,False,False,False,../vlm_four_scene_20260925/input_crops/state_101/DSUB_Male.png,4b33b962ebb9c6ee75c0ce865988e91fcba2f1bdbb964dd35e709db436634a24,gemma4-12b/responses/state_101/Gear_Small/DSUB_Male.json,0.41244149999693036,C,-13.86220932006836,9.543748481638693e-07,9.543748481638693e-07,9.543748481638693e-07,-0.8235248923301697,0.4388819132851489,0.4388819132851489,0.4388819132851489,-0.5778335928916931,0.5611126492070139,0.5611126492070139,0.5611126492070139
gemma4:12b,state_101,Waterproof_Male,Waterproof connector,Waterproof_Male,DSUB_Male,DSUB_Male,False,False,False,../vlm_four_scene_20260925/input_crops/state_101/DSUB_Male.png,4b33b962ebb9c6ee75c0ce865988e91fcba2f1bdbb964dd35e709db436634a24,gemma4-12b/responses/state_101/Waterproof_Male/DSUB_Male.json,1.1399244999629445,A,-0.09972948580980301,0.9050822225074083,0.9050822225074083,0.9050822225074083,-2.6083507537841797,0.07365592039355248,0.07365592039355248,0.07365592039355248,-3.8509931564331055,0.021258612822502396,0.021258612822502396,0.021258612822502396
gemma4:12b,state_101,M12_Hex_Nut,M12 hex nut,hex_nut,DSUB_Male,DSUB_Male,False,False,False,../vlm_four_scene_20260925/input_crops/state_101/DSUB_Male.png,4b33b962ebb9c6ee75c0ce865988e91fcba2f1bdbb964dd35e709db436634a24,gemma4-12b/responses/state_101/M12_Hex_Nut/DSUB_Male.json,1.0782078999909572,B,-12.984572410583496,2.2954712207477447e-06,2.2954712207477447e-06,2.2954712207477447e-06,-0.00285029923543334,0.9971537590107781,0.9971537590107781,0.9971537590107781,-5.8626933097839355,0.002843574732238143,0.002843574732238143,0.002843574732238143
gemma4:12b,state_101,M16_Hex_Nut,M16 hex nut,hex_nut,DSUB_Male,DSUB_Male,False,False,False,../vlm_four_scene_20260925/input_crops/state_101/DSUB_Male.png,4b33b962ebb9c6ee75c0ce865988e91fcba2f1bdbb964dd35e709db436634a24,gemma4-12b/responses/state_101/M16_Hex_Nut/DSUB_Male.json,0.39926300005754456,B,-13.07475471496582,2.0975203115316287e-06,2.0975203115316287e-06,2.0975203115316287e-06,-0.006490446161478758,0.9935305712887492,0.9935305712887492,0.9935305712887492,-5.041074275970459,0.00646679746027062,0.00646679746027062,0.00646679746027062
gemma4:12b,state_101,RGOCG16-50_16mm,16 mm round pin,round_pin,DSUB_Male,DSUB_Male,False,False,False,../vlm_four_scene_20260925/input_crops/state_101/DSUB_Male.png,4b33b962ebb9c6ee75c0ce865988e91fcba2f1bdbb964dd35e709db436634a24,gemma4-12b/responses/state_101/RGOCG16-50_16mm/DSUB_Male.json,1.1198161999927834,B,-11.445381164550781,1.0698776545769406e-05,1.0698776545769406e-05,1.0698776545769406e-05,-0.15516701340675354,0.8562721566107606,0.8562721566107606,0.8562721566107606,-1.9399226903915405,0.1437150599032485,0.1437150599032485,0.1437150599032485
gemma4:12b,state_101,RGOCG12-50_12mm,12 mm round pin,round_pin,DSUB_Male,DSUB_Male,False,False,False,../vlm_four_scene_20260925/input_crops/state_101/DSUB_Male.png,4b33b962ebb9c6ee75c0ce865988e91fcba2f1bdbb964dd35e709db436634a24,gemma4-12b/responses/state_101/RGOCG12-50_12mm/DSUB_Male.json,0.41000590001931414,B,-11.215193748474121,1.3468004150721405e-05,1.3468004150721405e-05,1.3468004150721405e-05,-0.19710950553417206,0.8211007133171584,0.8211007133171584,0.8211007133171584,-1.7210180759429932,0.17888393774173336,0.17888393774173336,0.17888393774173336
gemma4:12b,state_101,RGOCG8-50_8mm,8 mm round pin,round_pin,DSUB_Male,DSUB_Male,False,False,False,../vlm_four_scene_20260925/input_crops/state_101/DSUB_Male.png,4b33b962ebb9c6ee75c0ce865988e91fcba2f1bdbb964dd35e709db436634a24,gemma4-12b/responses/state_101/RGOCG8-50_8mm/DSUB_Male.json,0.4067071999888867,B,-11.215193748474121,1.3468004150721405e-05,1.3468004150721405e-05,1.3468004150721405e-05,-0.19710950553417206,0.8211007133171584,0.8211007133171584,0.8211007133171584,-1.7210180759429932,0.17888393774173336,0.17888393774173336,0.17888393774173336
gemma4:12b,state_101,USB_Male,USB connector + cable,USB_Male,DSUB_Male,DSUB_Male,False,False,False,../vlm_four_scene_20260925/input_crops/state_101/DSUB_Male.png,4b33b962ebb9c6ee75c0ce865988e91fcba2f1bdbb964dd35e709db436634a24,gemma4-12b/responses/state_101/USB_Male/DSUB_Male.json,1.2063758000149392,B,-4.9962477684021,0.006763276828695203,0.006763276828695203,0.006763276828695203,-0.018174659460783005,0.9819895036219813,0.9819895036219813,0.9819895036219813,-4.487891674041748,0.011244325539832263,0.011244325539832263,0.011244325539832263
gemma4:12b,state_101,DSUB_Male,DSUB connector,DSUB_Male,DSUB_Male,DSUB_Male,True,True,False,../vlm_four_scene_20260925/input_crops/state_101/DSUB_Male.png,4b33b962ebb9c6ee75c0ce865988e91fcba2f1bdbb964dd35e709db436634a24,gemma4-12b/responses/state_101/DSUB_Male/DSUB_Male.json,1.1164706000126898,A,-3.433286474319175e-05,0.9999656677246228,0.9999656677246228,0.9999656677246228,-10.457979202270508,2.8718208258567294e-05,2.8718208258567294e-05,2.8718208258567294e-05,-12.37981128692627,4.202582725923018e-06,4.202582725923018e-06,4.202582725923018e-06
gemma4:12b,state_202,Gear_Large,Large gear,gear,Gear_Large,gear,True,True,False,../vlm_four_scene_20260925/input_crops/state_202/Gear_Large.png,5d23b69c2449fff305773def219e59a9d80d68f1142de6cae6476b6dda8231cf,gemma4-12b/responses/state_202/Gear_Large/Gear_Large.json,1.1613918999792077,A,-4.172333774477011e-06,0.9999958276749297,0.9999958276749297,0.9999958276749297,-13.383060455322266,1.541028580119537e-06,1.541028580119537e-06,1.541028580119537e-06,-14.83475112915039,3.608688903704567e-07,3.608688903704567e-07,3.608688903704567e-07
gemma4:12b,state_202,Gear_Medium,Medium gear,gear,Gear_Large,gear,False,True,False,../vlm_four_scene_20260925/input_crops/state_202/Gear_Large.png,5d23b69c2449fff305773def219e59a9d80d68f1142de6cae6476b6dda8231cf,gemma4-12b/responses/state_202/Gear_Medium/Gear_Large.json,0.4098295999574475,A,-4.291543518775143e-06,0.9999957084656899,0.9999957084656899,0.9999957084656899,-13.101458549499512,2.0422497288401123e-06,2.0422497288401123e-06,2.0422497288401123e-06,-15.024273872375488,2.985662838321574e-07,2.985662838321574e-07,2.985662838321574e-07
gemma4:12b,state_202,Gear_Small,Small gear,gear,Gear_Large,gear,False,True,False,../vlm_four_scene_20260925/input_crops/state_202/Gear_Large.png,5d23b69c2449fff305773def219e59a9d80d68f1142de6cae6476b6dda8231cf,gemma4-12b/responses/state_202/Gear_Small/Gear_Large.json,0.4382702999864705,A,-4.291543518775143e-06,0.9999957084656899,0.9999957084656899,0.9999957084656899,-13.101458549499512,2.0422497288401123e-06,2.0422497288401123e-06,2.0422497288401123e-06,-15.024273872375488,2.985662838321574e-07,2.985662838321574e-07,2.985662838321574e-07
gemma4:12b,state_202,Waterproof_Male,Waterproof connector,Waterproof_Male,Gear_Large,gear,False,False,False,../vlm_four_scene_20260925/input_crops/state_202/Gear_Large.png,5d23b69c2449fff305773def219e59a9d80d68f1142de6cae6476b6dda8231cf,gemma4-12b/responses/state_202/Waterproof_Male/Gear_Large.json,1.253538200049661,B,-13.880326271057129,9.372401685551784e-07,9.372401685551784e-07,9.372401685551784e-07,-0.0002982465084642172,0.9997017979626045,0.9997017979626045,0.9997017979626045,-8.12251091003418,0.00029678252986800314,0.00029678252986800314,0.00029678252986800314
gemma4:12b,state_202,M12_Hex_Nut,M12 hex nut,hex_nut,Gear_Large,gear,False,False,False,../vlm_four_scene_20260925/input_crops/state_202/Gear_Large.png,5d23b69c2449fff305773def219e59a9d80d68f1142de6cae6476b6dda8231cf,gemma4-12b/responses/state_202/M12_Hex_Nut/Gear_Large.json,1.1775505000259727,B,-15.69074535369873,1.5331896397968058e-07,1.5331896397968058e-07,1.5331896397968058e-07,-1.3113030945532955e-06,0.9999986886977652,0.9999986886977652,0.9999986886977652,-14.064963340759277,7.792270728850891e-07,7.792270728850891e-07,7.792270728850891e-07
gemma4:12b,state_202,M16_Hex_Nut,M16 hex nut,hex_nut,Gear_Large,gear,False,False,False,../vlm_four_scene_20260925/input_crops/state_202/Gear_Large.png,5d23b69c2449fff305773def219e59a9d80d68f1142de6cae6476b6dda8231cf,gemma4-12b/responses/state_202/M16_Hex_Nut/Gear_Large.json,0.3951971000060439,B,-16.360065460205078,7.850798793469526e-08,7.850798793469526e-08,7.850798793469526e-08,-7.152560215217818e-07,0.9999992847442343,0.9999992847442343,0.9999992847442343,-14.698714256286621,4.134561986921248e-07,4.134561986921248e-07,4.134561986921248e-07
gemma4:12b,state_202,RGOCG16-50_16mm,16 mm round pin,round_pin,Gear_Large,gear,False,False,False,../vlm_four_scene_20260925/input_crops/state_202/Gear_Large.png,5d23b69c2449fff305773def219e59a9d80d68f1142de6cae6476b6dda8231cf,gemma4-12b/responses/state_202/RGOCG16-50_16mm/Gear_Large.json,1.0952600000309758,B,-12.894063949584961,2.5129229772726636e-06,2.5129229772726636e-06,2.5129229772726636e-06,-5.92487704125233e-05,0.9999407529847613,0.9999407529847613,0.9999407529847613,-9.787959098815918,5.6123322622014205e-05,5.6123322622014205e-05,5.6123322622014205e-05
gemma4:12b,state_202,RGOCG12-50_12mm,12 mm round pin,round_pin,Gear_Large,gear,False,False,False,../vlm_four_scene_20260925/input_crops/state_202/Gear_Large.png,5d23b69c2449fff305773def219e59a9d80d68f1142de6cae6476b6dda8231cf,gemma4-12b/responses/state_202/RGOCG12-50_12mm/Gear_Large.json,0.39281460002530366,B,-12.255572319030762,4.7585273443384374e-06,4.7585273443384374e-06,4.7585273443384374e-06,-7.975419430295005e-05,0.9999202489859783,0.9999202489859783,0.9999202489859783,-9.512812614440918,7.389890004874998e-05,7.389890004874998e-05,7.389890004874998e-05
gemma4:12b,state_202,RGOCG8-50_8mm,8 mm round pin,round_pin,Gear_Large,gear,False,False,False,../vlm_four_scene_20260925/input_crops/state_202/Gear_Large.png,5d23b69c2449fff305773def219e59a9d80d68f1142de6cae6476b6dda8231cf,gemma4-12b/responses/state_202/RGOCG8-50_8mm/Gear_Large.json,0.4074276000028476,B,-12.255572319030762,4.7585273443384374e-06,4.7585273443384374e-06,4.7585273443384374e-06,-7.975419430295005e-05,0.9999202489859783,0.9999202489859783,0.9999202489859783,-9.512812614440918,7.389890004874998e-05,7.389890004874998e-05,7.389890004874998e-05
gemma4:12b,state_202,USB_Male,USB connector + cable,USB_Male,Gear_Large,gear,False,False,False,../vlm_four_scene_20260925/input_crops/state_202/Gear_Large.png,5d23b69c2449fff305773def219e59a9d80d68f1142de6cae6476b6dda8231cf,gemma4-12b/responses/state_202/USB_Male/Gear_Large.json,1.1867043999955058,B,-15.747939109802246,1.4479612624529826e-07,1.4479612624529826e-07,1.4479612624529826e-07,-2.7537724236026406e-05,0.9999724626549236,0.9999724626549236,0.9999724626549236,-10.503423690795898,2.7442334263965237e-05,2.7442334263965237e-05,2.7442334263965237e-05
gemma4:12b,state_202,DSUB_Male,DSUB connector,DSUB_Male,Gear_Large,gear,False,False,False,../vlm_four_scene_20260925/input_crops/state_202/Gear_Large.png,5d23b69c2449fff305773def219e59a9d80d68f1142de6cae6476b6dda8231cf,gemma4-12b/responses/state_202/DSUB_Male/Gear_Large.json,1.141148000024259,B,-14.795563697814941,3.7529115540555337e-07,3.7529115540555337e-07,3.7529115540555337e-07,-0.00012601216440089047,0.9998739957747984,0.9998739957747984,0.9998739957747984,-8.983785629272461,0.00012542712701550895,0.00012542712701550895,0.00012542712701550895
gemma4:12b,state_202,Gear_Large,Large gear,gear,Gear_Medium,gear,False,True,False,../vlm_four_scene_20260925/input_crops/state_202/Gear_Medium.png,108195e8929e844a87a358e143fc8be89d43ee37e14f292c33dbb8ab3199825e,gemma4-12b/responses/state_202/Gear_Large/Gear_Medium.json,1.0371710000326857,A,-3.814704541582614e-06,0.9999961853027344,0.9999961853027344,0.9999961853027344,-13.524560928344727,1.3376972019360288e-06,1.3376972019360288e-06,1.3376972019360288e-06,-14.480953216552734,5.140459304904225e-07,5.140459304904225e-07,5.140459304904225e-07
gemma4:12b,state_202,Gear_Medium,Medium gear,gear,Gear_Medium,gear,True,True,False,../vlm_four_scene_20260925/input_crops/state_202/Gear_Medium.png,108195e8929e844a87a358e143fc8be89d43ee37e14f292c33dbb8ab3199825e,gemma4-12b/responses/state_202/Gear_Medium/Gear_Medium.json,0.3988188999937847,A,-4.0531240301788785e-06,0.9999959468841837,0.9999959468841837,0.9999959468841837,-13.380927085876465,1.544319672717446e-06,1.544319672717446e-06,1.544319672717446e-06,-14.466757774353027,5.213950785776289e-07,5.213950785776289e-07,5.213950785776289e-07
gemma4:12b,state_202,Gear_Small,Small gear,gear,Gear_Medium,gear,False,True,False,../vlm_four_scene_20260925/input_crops/state_202/Gear_Medium.png,108195e8929e844a87a358e143fc8be89d43ee37e14f292c33dbb8ab3199825e,gemma4-12b/responses/state_202/Gear_Small/Gear_Medium.json,0.4098336999886669,A,-4.0531240301788785e-06,0.9999959468841837,0.9999959468841837,0.9999959468841837,-13.380927085876465,1.544319672717446e-06,1.544319672717446e-06,1.544319672717446e-06,-14.466757774353027,5.213950785776289e-07,5.213950785776289e-07,5.213950785776289e-07
gemma4:12b,state_202,Waterproof_Male,Waterproof connector,Waterproof_Male,Gear_Medium,gear,False,False,False,../vlm_four_scene_20260925/input_crops/state_202/Gear_Medium.png,108195e8929e844a87a358e143fc8be89d43ee37e14f292c33dbb8ab3199825e,gemma4-12b/responses/state_202/Waterproof_Male/Gear_Medium.json,1.2151780999847688,B,-13.64382266998291,1.1873072025300465e-06,1.1873072025300465e-06,1.1873072025300465e-06,-0.00018878573609981686,0.999811232082806,0.999811232082806,0.999811232082806,-8.58392333984375,0.00018708951985718002,0.00018708951985718002,0.00018708951985718002
gemma4:12b,state_202,M12_Hex_Nut,M12 hex nut,hex_nut,Gear_Medium,gear,False,False,False,../vlm_four_scene_20260925/input_crops/state_202/Gear_Medium.png,108195e8929e844a87a358e143fc8be89d43ee37e14f292c33dbb8ab3199825e,gemma4-12b/responses/state_202/M12_Hex_Nut/Gear_Medium.json,1.1462676000082865,B,-16.270708084106445,8.584623689035054e-08,8.584623689035054e-08,8.584623689035054e-08,-1.0728841743912199e-06,0.9999989271164011,0.9999989271164011,0.9999989271164011,-14.196480751037598,6.831982533566513e-07,6.831982533566513e-07,6.831982533566513e-07
gemma4:12b,state_202,M16_Hex_Nut,M16 hex nut,hex_nut,Gear_Medium,gear,False,False,False,../vlm_four_scene_20260925/input_crops/state_202/Gear_Medium.png,108195e8929e844a87a358e143fc8be89d43ee37e14f292c33dbb8ab3199825e,gemma4-12b/responses/state_202/M16_Hex_Nut/Gear_Medium.json,0.39803529996424913,B,-16.584749221801758,6.270972975746388e-08,6.270972975746388e-08,6.270972975746388e-08,-1.1920935776288388e-06,0.9999988079071329,0.9999988079071329,0.9999988079071329,-14.030217170715332,8.067781038669751e-07,8.067781038669751e-07,8.067781038669751e-07
gemma4:12b,state_202,RGOCG16-50_16mm,16 mm round pin,round_pin,Gear_Medium,gear,False,False,False,../vlm_four_scene_20260925/input_crops/state_202/Gear_Medium.png,108195e8929e844a87a358e143fc8be89d43ee37e14f292c33dbb8ab3199825e,gemma4-12b/responses/state_202/RGOCG16-50_16mm/Gear_Medium.json,1.1385710000176914,B,-13.33931827545166,1.6099325480741592e-06,1.6099325480741592e-06,1.6099325480741592e-06,-2.9802766221109778e-05,0.9999701976778769,0.9999701976778769,0.9999701976778769,-10.49326229095459,2.7722608372023297e-05,2.7722608372023297e-05,2.7722608372023297e-05
gemma4:12b,state_202,RGOCG12-50_12mm,12 mm round pin,round_pin,Gear_Medium,gear,False,False,False,../vlm_four_scene_20260925/input_crops/state_202/Gear_Medium.png,108195e8929e844a87a358e143fc8be89d43ee37e14f292c33dbb8ab3199825e,gemma4-12b/responses/state_202/RGOCG12-50_12mm/Gear_Medium.json,0.4300986000453122,B,-13.122559547424316,1.9996076984401853e-06,1.9996076984401853e-06,1.9996076984401853e-06,-3.4690503525780514e-05,0.9999653100981828,0.9999653100981828,0.9999653100981828,-10.338569641113281,3.236057681116103e-05,3.236057681116103e-05,3.236057681116103e-05
gemma4:12b,state_202,RGOCG8-50_8mm,8 mm round pin,round_pin,Gear_Medium,gear,False,False,False,../vlm_four_scene_20260925/input_crops/state_202/Gear_Medium.png,108195e8929e844a87a358e143fc8be89d43ee37e14f292c33dbb8ab3199825e,gemma4-12b/responses/state_202/RGOCG8-50_8mm/Gear_Medium.json,0.4305309999617748,B,-13.122559547424316,1.9996076984401853e-06,1.9996076984401853e-06,1.9996076984401853e-06,-3.4690503525780514e-05,0.9999653100981828,0.9999653100981828,0.9999653100981828,-10.338569641113281,3.236057681116103e-05,3.236057681116103e-05,3.236057681116103e-05
gemma4:12b,state_202,USB_Male,USB connector + cable,USB_Male,Gear_Medium,gear,False,False,False,../vlm_four_scene_20260925/input_crops/state_202/Gear_Medium.png,108195e8929e844a87a358e143fc8be89d43ee37e14f292c33dbb8ab3199825e,gemma4-12b/responses/state_202/USB_Male/Gear_Medium.json,1.2547887000255287,B,-16.092008590698242,1.0264303058730273e-07,1.0264303058730273e-07,1.0264303058730273e-07,-1.5139694369281642e-05,0.9999848604202353,0.9999848604202353,0.9999848604202353,-11.108366012573242,1.4986421314067677e-05,1.4986421314067677e-05,1.4986421314067677e-05
gemma4:12b,state_202,DSUB_Male,DSUB connector,DSUB_Male,Gear_Medium,gear,False,False,False,../vlm_four_scene_20260925/input_crops/state_202/Gear_Medium.png,108195e8929e844a87a358e143fc8be89d43ee37e14f292c33dbb8ab3199825e,gemma4-12b/responses/state_202/DSUB_Male/Gear_Medium.json,1.129669299989473,B,-16.01422691345215,1.1094548155514192e-07,1.1094548155514192e-07,1.1094548155514192e-07,-4.386998261907138e-05,0.9999561309796545,0.9999561309796545,0.9999561309796545,-10.038037300109863,4.370546964867212e-05,4.370546964867212e-05,4.370546964867212e-05
gemma4:12b,state_202,Gear_Large,Large gear,gear,Gear_Small,gear,False,True,False,../vlm_four_scene_20260925/input_crops/state_202/Gear_Small.png,1ba202f6a7dcb3dfb5dfcd5cb62a942310b21b59276bb4441319fd2102e2a13f,gemma4-12b/responses/state_202/Gear_Large/Gear_Small.json,1.058612200024072,A,-6.55653229841846e-06,0.9999934434891956,0.9999934434891956,0.9999934434891956,-12.319732666015625,4.462806784406206e-06,4.462806784406206e-06,4.462806784406206e-06,-14.059408187866211,7.835678440742864e-07,7.835678440742864e-07,7.835678440742864e-07
gemma4:12b,state_202,Gear_Medium,Medium gear,gear,Gear_Small,gear,False,True,False,../vlm_four_scene_20260925/input_crops/state_202/Gear_Small.png,1ba202f6a7dcb3dfb5dfcd5cb62a942310b21b59276bb4441319fd2102e2a13f,gemma4-12b/responses/state_202/Gear_Medium/Gear_Small.json,0.4049986000172794,A,-6.437322554120328e-06,0.9999935626981654,0.9999935626981654,0.9999935626981654,-12.333456993103027,4.4019761489588276e-06,4.4019761489588276e-06,4.4019761489588276e-06,-14.063464164733887,7.803961475364776e-07,7.803961475364776e-07,7.803961475364776e-07
gemma4:12b,state_202,Gear_Small,Small gear,gear,Gear_Small,gear,True,True,False,../vlm_four_scene_20260925/input_crops/state_202/Gear_Small.png,1ba202f6a7dcb3dfb5dfcd5cb62a942310b21b59276bb4441319fd2102e2a13f,gemma4-12b/responses/state_202/Gear_Small/Gear_Small.json,0.4007580000325106,A,-6.437322554120328e-06,0.9999935626981654,0.9999935626981654,0.9999935626981654,-12.333456993103027,4.4019761489588276e-06,4.4019761489588276e-06,4.4019761489588276e-06,-14.063464164733887,7.803961475364776e-07,7.803961475364776e-07,7.803961475364776e-07
gemma4:12b,state_202,Waterproof_Male,Waterproof connector,Waterproof_Male,Gear_Small,gear,False,False,False,../vlm_four_scene_20260925/input_crops/state_202/Gear_Small.png,1ba202f6a7dcb3dfb5dfcd5cb62a942310b21b59276bb4441319fd2102e2a13f,gemma4-12b/responses/state_202/Waterproof_Male/Gear_Small.json,1.145069899968803,B,-11.626803398132324,8.923668776374096e-06,8.923668776374096e-06,8.923668776374096e-06,-0.005265664309263229,0.9947481749993393,0.9947481749993393,0.9947481749993393,-5.251113414764404,0.005241678986166841,0.005241678986166841,0.005241678986166841
gemma4:12b,state_202,M12_Hex_Nut,M12 hex nut,hex_nut,Gear_Small,gear,False,False,False,../vlm_four_scene_20260925/input_crops/state_202/Gear_Small.png,1ba202f6a7dcb3dfb5dfcd5cb62a942310b21b59276bb4441319fd2102e2a13f,gemma4-12b/responses/state_202/M12_Hex_Nut/Gear_Small.json,1.0739147000131197,B,-13.113436698913574,2.0179332802096925e-06,2.0179332802096925e-06,2.0179332802096925e-06,-1.7285496141994372e-05,0.9999827146532513,0.9999827146532513,0.9999827146532513,-11.096640586853027,1.5163177730998954e-05,1.5163177730998954e-05,1.5163177730998954e-05
gemma4:12b,state_202,M16_Hex_Nut,M16 hex nut,hex_nut,Gear_Small,gear,False,False,False,../vlm_four_scene_20260925/input_crops/state_202/Gear_Small.png,1ba202f6a7dcb3dfb5dfcd5cb62a942310b21b59276bb4441319fd2102e2a13f,gemma4-12b/responses/state_202/M16_Hex_Nut/Gear_Small.json,0.4081997000030242,B,-13.062561988830566,2.123251349231799e-06,2.123251349231799e-06,2.123251349231799e-06,-1.811997572076507e-05,0.999981880188445,0.999981880188445,0.999981880188445,-11.048479080200195,1.591133069508868e-05,1.591133069508868e-05,1.591133069508868e-05
gemma4:12b,state_202,RGOCG16-50_16mm,16 mm round pin,round_pin,Gear_Small,gear,False,False,False,../vlm_four_scene_20260925/input_crops/state_202/Gear_Small.png,1ba202f6a7dcb3dfb5dfcd5cb62a942310b21b59276bb4441319fd2102e2a13f,gemma4-12b/responses/state_202/RGOCG16-50_16mm/Gear_Small.json,1.1504526999779046,B,-10.454706192016602,2.8812357239913752e-05,2.8812357239913752e-05,2.8812357239913752e-05,-0.0026421253569424152,0.9973613619842515,0.9973613619842515,0.9973613619842515,-5.9487481117248535,0.0026091047824209983,0.0026091047824209983,0.0026091047824209983
gemma4:12b,state_202,RGOCG12-50_12mm,12 mm round pin,round_pin,Gear_Small,gear,False,False,False,../vlm_four_scene_20260925/input_crops/state_202/Gear_Small.png,1ba202f6a7dcb3dfb5dfcd5cb62a942310b21b59276bb4441319fd2102e2a13f,gemma4-12b/responses/state_202/RGOCG12-50_12mm/Gear_Small.json,0.4011586999986321,B,-10.832599639892578,1.9745209758825894e-05,1.9745209758825894e-05,1.9745209758825894e-05,-0.0026553329080343246,0.9973481893700952,0.9973481893700952,0.9973481893700952,-5.940313339233398,0.0026312050620548515,0.0026312050620548515,0.0026312050620548515
gemma4:12b,state_202,RGOCG8-50_8mm,8 mm round pin,round_pin,Gear_Small,gear,False,False,False,../vlm_four_scene_20260925/input_crops/state_202/Gear_Small.png,1ba202f6a7dcb3dfb5dfcd5cb62a942310b21b59276bb4441319fd2102e2a13f,gemma4-12b/responses/state_202/RGOCG8-50_8mm/Gear_Small.json,0.3975246999762021,B,-10.832599639892578,1.9745209758825894e-05,1.9745209758825894e-05,1.9745209758825894e-05,-0.0026553329080343246,0.9973481893700952,0.9973481893700952,0.9973481893700952,-5.940313339233398,0.0026312050620548515,0.0026312050620548515,0.0026312050620548515
gemma4:12b,state_202,USB_Male,USB connector + cable,USB_Male,Gear_Small,gear,False,False,False,../vlm_four_scene_20260925/input_crops/state_202/Gear_Small.png,1ba202f6a7dcb3dfb5dfcd5cb62a942310b21b59276bb4441319fd2102e2a13f,gemma4-12b/responses/state_202/USB_Male/Gear_Small.json,1.123990699998103,B,-15.172744750976562,2.573716337170748e-07,2.573716337170748e-07,2.573716337170748e-07,-3.445207767072134e-05,0.9999655485157953,0.9999655485157953,0.9999655485157953,-10.285789489746094,3.411445068301389e-05,3.411445068301389e-05,3.411445068301389e-05
gemma4:12b,state_202,DSUB_Male,DSUB connector,DSUB_Male,Gear_Small,gear,False,False,False,../vlm_four_scene_20260925/input_crops/state_202/Gear_Small.png,1ba202f6a7dcb3dfb5dfcd5cb62a942310b21b59276bb4441319fd2102e2a13f,gemma4-12b/responses/state_202/DSUB_Male/Gear_Small.json,1.0839005999732763,B,-12.430379867553711,3.995348024371528e-06,3.995348024371528e-06,3.995348024371528e-06,-0.0044851601123809814,0.9955248831973413,0.9955248831973413,0.9955248831973413,-5.410178184509277,0.004470843505314053,0.004470843505314053,0.004470843505314053
gemma4:12b,state_202,Gear_Large,Large gear,gear,Waterproof_Male,Waterproof_Male,False,False,False,../vlm_four_scene_20260925/input_crops/state_202/Waterproof_Male.png,7cc62a5ff425def58574827d00781d4317eb510bf765d2165d2b375c4555a81c,gemma4-12b/responses/state_202/Gear_Large/Waterproof_Male.json,1.113386699988041,B,-12.384798049926758,4.181677609631128e-06,4.181677609631128e-06,4.181677609631128e-06,-0.01819032058119774,0.9819741246865451,0.9819741246865451,0.9819741246865451,-4.016212463378906,0.018021091385931862,0.018021091385931862,0.018021091385931862
gemma4:12b,state_202,Gear_Medium,Medium gear,gear,Waterproof_Male,Waterproof_Male,False,False,False,../vlm_four_scene_20260925/input_crops/state_202/Waterproof_Male.png,7cc62a5ff425def58574827d00781d4317eb510bf765d2165d2b375c4555a81c,gemma4-12b/responses/state_202/Gear_Medium/Waterproof_Male.json,0.4076268000062555,B,-12.661078453063965,3.1722214169045737e-06,3.1722214169045737e-06,3.1722214169045737e-06,-0.01007669698446989,0.9899739028243183,0.9899739028243183,0.9899739028243183,-4.602930068969727,0.010022426279550734,0.010022426279550734,0.010022426279550734
gemma4:12b,state_202,Gear_Small,Small gear,gear,Waterproof_Male,Waterproof_Male,False,False,False,../vlm_four_scene_20260925/input_crops/state_202/Waterproof_Male.png,7cc62a5ff425def58574827d00781d4317eb510bf765d2165d2b375c4555a81c,gemma4-12b/responses/state_202/Gear_Small/Waterproof_Male.json,0.4294967000023462,B,-12.661078453063965,3.1722214169045737e-06,3.1722214169045737e-06,3.1722214169045737e-06,-0.01007669698446989,0.9899739028243183,0.9899739028243183,0.9899739028243183,-4.602930068969727,0.010022426279550734,0.010022426279550734,0.010022426279550734
gemma4:12b,state_202,Waterproof_Male,Waterproof connector,Waterproof_Male,Waterproof_Male,Waterproof_Male,True,True,False,../vlm_four_scene_20260925/input_crops/state_202/Waterproof_Male.png,7cc62a5ff425def58574827d00781d4317eb510bf765d2165d2b375c4555a81c,gemma4-12b/responses/state_202/Waterproof_Male/Waterproof_Male.json,1.2066411999985576,A,-5.841272468387615e-06,0.9999941587445919,0.9999941587445919,0.9999941587445919,-12.6137113571167,3.3260958569568622e-06,3.3260958569568622e-06,3.3260958569568622e-06,-13.796144485473633,1.0195548112800588e-06,1.0195548112800588e-06,1.0195548112800588e-06
gemma4:12b,state_202,M12_Hex_Nut,M12 hex nut,hex_nut,Waterproof_Male,Waterproof_Male,False,False,False,../vlm_four_scene_20260925/input_crops/state_202/Waterproof_Male.png,7cc62a5ff425def58574827d00781d4317eb510bf765d2165d2b375c4555a81c,gemma4-12b/responses/state_202/M12_Hex_Nut/Waterproof_Male.json,1.1694534000125714,B,-12.057650566101074,5.80001203101527e-06,5.80001203101527e-06,5.80001203101527e-06,-0.04476305842399597,0.9562240242206966,0.9562240242206966,0.9562240242206966,-3.1288180351257324,0.04376950070329593,0.04376950070329593,0.04376950070329593
gemma4:12b,state_202,M16_Hex_Nut,M16 hex nut,hex_nut,Waterproof_Male,Waterproof_Male,False,False,False,../vlm_four_scene_20260925/input_crops/state_202/Waterproof_Male.png,7cc62a5ff425def58574827d00781d4317eb510bf765d2165d2b375c4555a81c,gemma4-12b/responses/state_202/M16_Hex_Nut/Waterproof_Male.json,0.3914995000232011,B,-11.748184204101562,7.903663244743159e-06,7.903663244743159e-06,7.903663244743159e-06,-0.052776552736759186,0.948591949078044,0.948591949078044,0.948591949078044,-2.9681265354156494,0.05139951535710075,0.05139951535710075,0.05139951535710075
gemma4:12b,state_202,RGOCG16-50_16mm,16 mm round pin,round_pin,Waterproof_Male,Waterproof_Male,False,False,False,../vlm_four_scene_20260925/input_crops/state_202/Waterproof_Male.png,7cc62a5ff425def58574827d00781d4317eb510bf765d2165d2b375c4555a81c,gemma4-12b/responses/state_202/RGOCG16-50_16mm/Waterproof_Male.json,1.1570311000104994,B,-11.792859077453613,7.558339177269394e-06,7.558339177269394e-06,7.558339177269394e-06,-0.09935154020786285,0.9054243590032185,0.9054243590032185,0.9054243590032185,-2.3584401607513428,0.09456761849290966,0.09456761849290966,0.09456761849290966
gemma4:12b,state_202,RGOCG12-50_12mm,12 mm round pin,round_pin,Waterproof_Male,Waterproof_Male,False,False,False,../vlm_four_scene_20260925/input_crops/state_202/Waterproof_Male.png,7cc62a5ff425def58574827d00781d4317eb510bf765d2165d2b375c4555a81c,gemma4-12b/responses/state_202/RGOCG12-50_12mm/Waterproof_Male.json,0.39099839999107644,B,-12.208402633666992,4.988363620892886e-06,4.988363620892886e-06,4.988363620892886e-06,-0.08027402311563492,0.9228634258239283,0.9228634258239283,0.9228634258239283,-2.5622477531433105,0.07713117361074956,0.07713117361074956,0.07713117361074956
gemma4:12b,state_202,RGOCG8-50_8mm,8 mm round pin,round_pin,Waterproof_Male,Waterproof_Male,False,False,False,../vlm_four_scene_20260925/input_crops/state_202/Waterproof_Male.png,7cc62a5ff425def58574827d00781d4317eb510bf765d2165d2b375c4555a81c,gemma4-12b/responses/state_202/RGOCG8-50_8mm/Waterproof_Male.json,0.3975751000107266,B,-12.208402633666992,4.988363620892886e-06,4.988363620892886e-06,4.988363620892886e-06,-0.08027402311563492,0.9228634258239283,0.9228634258239283,0.9228634258239283,-2.5622477531433105,0.07713117361074956,0.07713117361074956,0.07713117361074956
gemma4:12b,state_202,USB_Male,USB connector + cable,USB_Male,Waterproof_Male,Waterproof_Male,False,False,False,../vlm_four_scene_20260925/input_crops/state_202/Waterproof_Male.png,7cc62a5ff425def58574827d00781d4317eb510bf765d2165d2b375c4555a81c,gemma4-12b/responses/state_202/USB_Male/Waterproof_Male.json,1.2469134000129998,B,-13.773069381713867,1.0433546805340528e-06,1.0433546805340528e-06,1.0433546805340528e-06,-0.1300966441631317,0.8780105722231052,0.8780105722231052,0.8780105722231052,-2.1038506031036377,0.12198580382573192,0.12198580382573192,0.12198580382573192
gemma4:12b,state_202,DSUB_Male,DSUB connector,DSUB_Male,Waterproof_Male,Waterproof_Male,False,False,False,../vlm_four_scene_20260925/input_crops/state_202/Waterproof_Male.png,7cc62a5ff425def58574827d00781d4317eb510bf765d2165d2b375c4555a81c,gemma4-12b/responses/state_202/DSUB_Male/Waterproof_Male.json,1.1676259000087157,A,-0.0010091984877362847,0.9989913105817924,0.9989913105817924,0.9989913105817924,-7.378896713256836,0.0006242892762660925,0.0006242892762660925,0.0006242892762660925,-7.866323471069336,0.0003834415077057477,0.0003834415077057477,0.0003834415077057477
gemma4:12b,state_202,Gear_Large,Large gear,gear,M12_Hex_Nut,hex_nut,False,False,False,../vlm_four_scene_20260925/input_crops/state_202/M12_Hex_Nut.png,3718dec057ac940d14b25b665ed81c8e846d2ffe0ea118f40903b6a5da604056,gemma4-12b/responses/state_202/Gear_Large/M12_Hex_Nut.json,1.1802765000029467,B,-12.31962776184082,4.463274976026435e-06,4.463274976026435e-06,4.463274976026435e-06,-0.0005575183895416558,0.9994426369949577,0.9994426369949577,0.9994426369949577,-7.500706195831299,0.0005526939221538783,0.0005526939221538783,0.0005526939221538783
gemma4:12b,state_202,Gear_Medium,Medium gear,gear,M12_Hex_Nut,hex_nut,False,False,False,../vlm_four_scene_20260925/input_crops/state_202/M12_Hex_Nut.png,3718dec057ac940d14b25b665ed81c8e846d2ffe0ea118f40903b6a5da604056,gemma4-12b/responses/state_202/Gear_Medium/M12_Hex_Nut.json,0.38958940003067255,B,-12.141493797302246,5.333548415485357e-06,5.333548415485357e-06,5.333548415485357e-06,-0.0005926457233726978,0.9994075298564168,0.9994075298564168,0.9994075298564168,-7.440802097320557,0.0005868143265300718,0.0005868143265300718,0.0005868143265300718
gemma4:12b,state_202,Gear_Small,Small gear,gear,M12_Hex_Nut,hex_nut,False,False,False,../vlm_four_scene_20260925/input_crops/state_202/M12_Hex_Nut.png,3718dec057ac940d14b25b665ed81c8e846d2ffe0ea118f40903b6a5da604056,gemma4-12b/responses/state_202/Gear_Small/M12_Hex_Nut.json,0.402045700000599,B,-12.141493797302246,5.333548415485357e-06,5.333548415485357e-06,5.333548415485357e-06,-0.0005926457233726978,0.9994075298564168,0.9994075298564168,0.9994075298564168,-7.440802097320557,0.0005868143265300718,0.0005868143265300718,0.0005868143265300718
gemma4:12b,state_202,Waterproof_Male,Waterproof connector,Waterproof_Male,M12_Hex_Nut,hex_nut,False,False,False,../vlm_four_scene_20260925/input_crops/state_202/M12_Hex_Nut.png,3718dec057ac940d14b25b665ed81c8e846d2ffe0ea118f40903b6a5da604056,gemma4-12b/responses/state_202/Waterproof_Male/M12_Hex_Nut.json,1.1458831999916583,A,-0.16255487501621246,0.8499694468584557,0.8499694468584557,0.8499694468584557,-2.818972587585449,0.05966721406454551,0.05966721406454551,0.05966721406454551,-2.404055595397949,0.09035078302581967,0.09035078302581967,0.09035078302581967
gemma4:12b,state_202,M12_Hex_Nut,M12 hex nut,hex_nut,M12_Hex_Nut,hex_nut,True,True,False,../vlm_four_scene_20260925/input_crops/state_202/M12_Hex_Nut.png,3718dec057ac940d14b25b665ed81c8e846d2ffe0ea118f40903b6a5da604056,gemma4-12b/responses/state_202/M12_Hex_Nut/M12_Hex_Nut.json,1.111350599967409,A,-7.987054232216906e-06,0.9999920129776643,0.9999920129776643,0.9999920129776643,-12.339376449584961,4.375995813306158e-06,4.375995813306158e-06,4.375995813306158e-06,-13.613996505737305,1.223253426376824e-06,1.223253426376824e-06,1.223253426376824e-06
gemma4:12b,state_202,M16_Hex_Nut,M16 hex nut,hex_nut,M12_Hex_Nut,hex_nut,False,True,False,../vlm_four_scene_20260925/input_crops/state_202/M12_Hex_Nut.png,3718dec057ac940d14b25b665ed81c8e846d2ffe0ea118f40903b6a5da604056,gemma4-12b/responses/state_202/M16_Hex_Nut/M12_Hex_Nut.json,0.4118550000130199,A,-1.0967314665322192e-05,0.9999890327454755,0.9999890327454755,0.9999890327454755,-11.859715461730957,7.069537752528472e-06,7.069537752528472e-06,7.069537752528472e-06,-13.436821937561035,1.4603682360669675e-06,1.4603682360669675e-06,1.4603682360669675e-06
gemma4:12b,state_202,RGOCG16-50_16mm,16 mm round pin,round_pin,M12_Hex_Nut,hex_nut,False,False,False,../vlm_four_scene_20260925/input_crops/state_202/M12_Hex_Nut.png,3718dec057ac940d14b25b665ed81c8e846d2ffe0ea118f40903b6a5da604056,gemma4-12b/responses/state_202/RGOCG16-50_16mm/M12_Hex_Nut.json,1.0993422999745235,B,-14.060491561889648,7.827194066969072e-07,7.827194066969072e-07,7.827194066969072e-07,-9.89442014542874e-06,0.9999901056288042,0.9999901056288042,0.9999901056288042,-11.620144844055176,8.98328576870537e-06,8.98328576870537e-06,8.98328576870537e-06
gemma4:12b,state_202,RGOCG12-50_12mm,12 mm round pin,round_pin,M12_Hex_Nut,hex_nut,False,False,False,../vlm_four_scene_20260925/input_crops/state_202/M12_Hex_Nut.png,3718dec057ac940d14b25b665ed81c8e846d2ffe0ea118f40903b6a5da604056,gemma4-12b/responses/state_202/RGOCG12-50_12mm/M12_Hex_Nut.json,0.39329099998576567,B,-13.933442115783691,8.887568789918548e-07,8.887568789918548e-07,8.887568789918548e-07,-1.2278632311790716e-05,0.9999877214430704,0.9999877214430704,0.9999877214430704,-11.395309448242188,1.1248121193958599e-05,1.1248121193958599e-05,1.1248121193958599e-05
gemma4:12b,state_202,RGOCG8-50_8mm,8 mm round pin,round_pin,M12_Hex_Nut,hex_nut,False,False,False,../vlm_four_scene_20260925/input_crops/state_202/M12_Hex_Nut.png,3718dec057ac940d14b25b665ed81c8e846d2ffe0ea118f40903b6a5da604056,gemma4-12b/responses/state_202/RGOCG8-50_8mm/M12_Hex_Nut.json,0.4042819000314921,B,-13.933442115783691,8.887568789918548e-07,8.887568789918548e-07,8.887568789918548e-07,-1.2278632311790716e-05,0.9999877214430704,0.9999877214430704,0.9999877214430704,-11.395309448242188,1.1248121193958599e-05,1.1248121193958599e-05,1.1248121193958599e-05
gemma4:12b,state_202,USB_Male,USB connector + cable,USB_Male,M12_Hex_Nut,hex_nut,False,False,False,../vlm_four_scene_20260925/input_crops/state_202/M12_Hex_Nut.png,3718dec057ac940d14b25b665ed81c8e846d2ffe0ea118f40903b6a5da604056,gemma4-12b/responses/state_202/USB_Male/M12_Hex_Nut.json,1.1842994999606162,B,-15.784976959228516,1.3953129007436063e-07,1.3953129007436063e-07,1.3953129007436063e-07,-1.3947584193374496e-05,0.9999860525130737,0.9999860525130737,0.9999860525130737,-11.19086742401123,1.37996486811724e-05,1.37996486811724e-05,1.37996486811724e-05
gemma4:12b,state_202,DSUB_Male,DSUB connector,DSUB_Male,M12_Hex_Nut,hex_nut,False,False,False,../vlm_four_scene_20260925/input_crops/state_202/M12_Hex_Nut.png,3718dec057ac940d14b25b665ed81c8e846d2ffe0ea118f40903b6a5da604056,gemma4-12b/responses/state_202/DSUB_Male/M12_Hex_Nut.json,1.1331854999880306,B,-14.638909339904785,4.389372643443459e-07,4.389372643443459e-07,4.389372643443459e-07,-0.0002185941266361624,0.9997814297633192,0.9997814297633192,0.9997814297633192,-8.431347846984863,0.0002179275593440485,0.0002179275593440485,0.0002179275593440485
gemma4:12b,state_202,Gear_Large,Large gear,gear,M16_Hex_Nut,hex_nut,False,False,False,../vlm_four_scene_20260925/input_crops/state_202/M16_Hex_Nut.png,0ba075552bcc00319db0033a5921c1693c2dd389f4f45ec5db2d02ec76429ef3,gemma4-12b/responses/state_202/Gear_Large/M16_Hex_Nut.json,1.0302800000063144,B,-12.87747859954834,2.554948222837121e-06,2.554948222837121e-06,2.554948222837121e-06,-0.0003541142796166241,0.9996459484114447,0.9996459484114447,0.9996459484114447,-7.953571319580078,0.00035140494164334954,0.00035140494164334954,0.00035140494164334954
gemma4:12b,state_202,Gear_Medium,Medium gear,gear,M16_Hex_Nut,hex_nut,False,False,False,../vlm_four_scene_20260925/input_crops/state_202/M16_Hex_Nut.png,0ba075552bcc00319db0033a5921c1693c2dd389f4f45ec5db2d02ec76429ef3,gemma4-12b/responses/state_202/Gear_Medium/M16_Hex_Nut.json,0.39161600003717467,B,-13.038171768188477,2.1756746269904715e-06,2.1756746269904715e-06,2.1756746269904715e-06,-0.00028441421454772353,0.9997156262273408,0.9997156262273408,0.9997156262273408,-8.173402786254883,0.00028205660329747305,0.00028205660329747305,0.00028205660329747305
gemma4:12b,state_202,Gear_Small,Small gear,gear,M16_Hex_Nut,hex_nut,False,False,False,../vlm_four_scene_20260925/input_crops/state_202/M16_Hex_Nut.png,0ba075552bcc00319db0033a5921c1693c2dd389f4f45ec5db2d02ec76429ef3,gemma4-12b/responses/state_202/Gear_Small/M16_Hex_Nut.json,0.3967729999567382,B,-13.038171768188477,2.1756746269904715e-06,2.1756746269904715e-06,2.1756746269904715e-06,-0.00028441421454772353,0.9997156262273408,0.9997156262273408,0.9997156262273408,-8.173402786254883,0.00028205660329747305,0.00028205660329747305,0.00028205660329747305
gemma4:12b,state_202,Waterproof_Male,Waterproof connector,Waterproof_Male,M16_Hex_Nut,hex_nut,False,False,False,../vlm_four_scene_20260925/input_crops/state_202/M16_Hex_Nut.png,0ba075552bcc00319db0033a5921c1693c2dd389f4f45ec5db2d02ec76429ef3,gemma4-12b/responses/state_202/Waterproof_Male/M16_Hex_Nut.json,1.1715924000018276,A,-0.0006784117431379855,0.9993218183260785,0.9993218183260785,0.9993218183260785,-8.289606094360352,0.00025111335823258896,0.00025111335823258896,0.00025111335823258896,-7.761581897735596,0.0004257825032876596,0.0004257825032876596,0.0004257825032876596
gemma4:12b,state_202,M12_Hex_Nut,M12 hex nut,hex_nut,M16_Hex_Nut,hex_nut,False,True,False,../vlm_four_scene_20260925/input_crops/state_202/M16_Hex_Nut.png,0ba075552bcc00319db0033a5921c1693c2dd389f4f45ec5db2d02ec76429ef3,gemma4-12b/responses/state_202/M12_Hex_Nut/M16_Hex_Nut.json,1.152700900041964,A,-3.242545426473953e-05,0.9999675750714346,0.9999675750714346,0.9999675750714346,-10.41275405883789,3.0046810005593124e-05,3.0046810005593124e-05,3.0046810005593124e-05,-13.557649612426758,1.2941588475487227e-06,1.2941588475487227e-06,1.2941588475487227e-06
gemma4:12b,state_202,M16_Hex_Nut,M16 hex nut,hex_nut,M16_Hex_Nut,hex_nut,True,True,False,../vlm_four_scene_20260925/input_crops/state_202/M16_Hex_Nut.png,0ba075552bcc00319db0033a5921c1693c2dd389f4f45ec5db2d02ec76429ef3,gemma4-12b/responses/state_202/M16_Hex_Nut/M16_Hex_Nut.json,0.42985549999866635,A,-3.5167358873877674e-05,0.9999648332594905,0.9999648332594905,0.9999648332594905,-10.333943367004395,3.251063254165212e-05,3.251063254165212e-05,3.251063254165212e-05,-13.568233489990234,1.2805338585535327e-06,1.2805338585535327e-06,1.2805338585535327e-06
gemma4:12b,state_202,RGOCG16-50_16mm,16 mm round pin,round_pin,M16_Hex_Nut,hex_nut,False,False,False,../vlm_four_scene_20260925/input_crops/state_202/M16_Hex_Nut.png,0ba075552bcc00319db0033a5921c1693c2dd389f4f45ec5db2d02ec76429ef3,gemma4-12b/responses/state_202/RGOCG16-50_16mm/M16_Hex_Nut.json,1.1761130000231788,B,-13.638322830200195,1.1938551918575051e-06,1.1938551918575051e-06,1.1938551918575051e-06,-9.536788638797589e-06,0.9999904632568363,0.9999904632568363,0.9999904632568363,-11.702593803405762,8.272334499910062e-06,8.272334499910062e-06,8.272334499910062e-06
gemma4:12b,state_202,RGOCG12-50_12mm,12 mm round pin,round_pin,M16_Hex_Nut,hex_nut,False,False,False,../vlm_four_scene_20260925/input_crops/state_202/M16_Hex_Nut.png,0ba075552bcc00319db0033a5921c1693c2dd389f4f45ec5db2d02ec76429ef3,gemma4-12b/responses/state_202/RGOCG12-50_12mm/M16_Hex_Nut.json,0.390640799945686,B,-13.459122657775879,1.4281614249182553e-06,1.4281614249182553e-06,1.4281614249182553e-06,-1.23978434203309e-05,0.9999876022334326,0.9999876022334326,0.9999876022334326,-11.431811332702637,1.084494665338967e-05,1.084494665338967e-05,1.084494665338967e-05
gemma4:12b,state_202,RGOCG8-50_8mm,8 mm round pin,round_pin,M16_Hex_Nut,hex_nut,False,False,False,../vlm_four_scene_20260925/input_crops/state_202/M16_Hex_Nut.png,0ba075552bcc00319db0033a5921c1693c2dd389f4f45ec5db2d02ec76429ef3,gemma4-12b/responses/state_202/RGOCG8-50_8mm/M16_Hex_Nut.json,0.3997123999870382,B,-13.459122657775879,1.4281614249182553e-06,1.4281614249182553e-06,1.4281614249182553e-06,-1.23978434203309e-05,0.9999876022334326,0.9999876022334326,0.9999876022334326,-11.431811332702637,1.084494665338967e-05,1.084494665338967e-05,1.084494665338967e-05
gemma4:12b,state_202,USB_Male,USB connector + cable,USB_Male,M16_Hex_Nut,hex_nut,False,False,False,../vlm_four_scene_20260925/input_crops/state_202/M16_Hex_Nut.png,0ba075552bcc00319db0033a5921c1693c2dd389f4f45ec5db2d02ec76429ef3,gemma4-12b/responses/state_202/USB_Male/M16_Hex_Nut.json,1.148269600002095,B,-16.901615142822266,4.5679549084731076e-08,4.5679549084731076e-08,4.5679549084731076e-08,-1.0490472959645558e-05,0.9999895095820652,0.9999895095820652,0.9999895095820652,-11.476072311401367,1.0375406505092227e-05,1.0375406505092227e-05,1.0375406505092227e-05
gemma4:12b,state_202,DSUB_Male,DSUB connector,DSUB_Male,M16_Hex_Nut,hex_nut,False,False,False,../vlm_four_scene_20260925/input_crops/state_202/M16_Hex_Nut.png,0ba075552bcc00319db0033a5921c1693c2dd389f4f45ec5db2d02ec76429ef3,gemma4-12b/responses/state_202/DSUB_Male/M16_Hex_Nut.json,1.1276442999951541,B,-13.315999984741211,1.6479145397964988e-06,1.6479145397964988e-06,1.6479145397964988e-06,-0.0003027181955985725,0.9996973276189314,0.9996973276189314,0.9996973276189314,-8.108495712280273,0.0003009712802317011,0.0003009712802317011,0.0003009712802317011
gemma4:12b,state_202,Gear_Large,Large gear,gear,RGOCG16-50_16mm,round_pin,False,False,False,../vlm_four_scene_20260925/input_crops/state_202/RGOCG16-50_16mm.png,c85b3a16f2ee10630cb2f8f1de795a4f7653eeb4dbefbe4387be155ffc8f6a9d,gemma4-12b/responses/state_202/Gear_Large/RGOCG16-50_16mm.json,1.054505399952177,C,-10.899312019348145,1.8470937272940478e-05,1.8470937272940478e-05,1.8470937272940478e-05,-1.2730414867401123,0.27997877374497826,0.27997877374497826,0.27997877374497826,-0.328503280878067,0.7200005659878802,0.7200005659878802,0.7200005659878802
gemma4:12b,state_202,Gear_Medium,Medium gear,gear,RGOCG16-50_16mm,round_pin,False,False,False,../vlm_four_scene_20260925/input_crops/state_202/RGOCG16-50_16mm.png,c85b3a16f2ee10630cb2f8f1de795a4f7653eeb4dbefbe4387be155ffc8f6a9d,gemma4-12b/responses/state_202/Gear_Medium/RGOCG16-50_16mm.json,0.38640369998756796,C,-11.18886661529541,1.3827286778581891e-05,1.3827286778581891e-05,1.3827286778581891e-05,-1.279884934425354,0.27806929481563336,0.27806929481563336,0.27806929481563336,-0.3258501887321472,0.7219133300822792,0.7219133300822792,0.7219133300822792
gemma4:12b,state_202,Gear_Small,Small gear,gear,RGOCG16-50_16mm,round_pin,False,False,False,../vlm_four_scene_20260925/input_crops/state_202/RGOCG16-50_16mm.png,c85b3a16f2ee10630cb2f8f1de795a4f7653eeb4dbefbe4387be155ffc8f6a9d,gemma4-12b/responses/state_202/Gear_Small/RGOCG16-50_16mm.json,0.41742479999084026,C,-11.18886661529541,1.3827286778581891e-05,1.3827286778581891e-05,1.3827286778581891e-05,-1.279884934425354,0.27806929481563336,0.27806929481563336,0.27806929481563336,-0.3258501887321472,0.7219133300822792,0.7219133300822792,0.7219133300822792
gemma4:12b,state_202,Waterproof_Male,Waterproof connector,Waterproof_Male,RGOCG16-50_16mm,round_pin,False,False,False,../vlm_four_scene_20260925/input_crops/state_202/RGOCG16-50_16mm.png,c85b3a16f2ee10630cb2f8f1de795a4f7653eeb4dbefbe4387be155ffc8f6a9d,gemma4-12b/responses/state_202/Waterproof_Male/RGOCG16-50_16mm.json,1.1518493000185117,C,-12.989789009094238,2.2835278479709324e-06,2.2835278479709324e-06,2.2835278479709324e-06,-2.2151970863342285,0.10913200370225963,0.10913200370225963,0.10913200370225963,-0.1155666932463646,0.8908611558332211,0.8908611558332211,0.8908611558332211
gemma4:12b,state_202,M12_Hex_Nut,M12 hex nut,hex_nut,RGOCG16-50_16mm,round_pin,False,False,False,../vlm_four_scene_20260925/input_crops/state_202/RGOCG16-50_16mm.png,c85b3a16f2ee10630cb2f8f1de795a4f7653eeb4dbefbe4387be155ffc8f6a9d,gemma4-12b/responses/state_202/M12_Hex_Nut/RGOCG16-50_16mm.json,1.14785310003208,B,-14.502681732177734,5.029969491477278e-07,5.029969491477278e-07,5.029969491477278e-07,-5.340718780644238e-05,0.999946594238332,0.999946594238332,0.999946594238332,-9.853930473327637,5.2540278482663486e-05,5.2540278482663486e-05,5.2540278482663486e-05
gemma4:12b,state_202,M16_Hex_Nut,M16 hex nut,hex_nut,RGOCG16-50_16mm,round_pin,False,False,False,../vlm_four_scene_20260925/input_crops/state_202/RGOCG16-50_16mm.png,c85b3a16f2ee10630cb2f8f1de795a4f7653eeb4dbefbe4387be155ffc8f6a9d,gemma4-12b/responses/state_202/M16_Hex_Nut/RGOCG16-50_16mm.json,0.3921089000068605,B,-14.726079940795898,4.0229509888731074e-07,4.0229509888731074e-07,4.0229509888731074e-07,-3.612106593209319e-05,0.9999638795864257,0.9999638795864257,0.9999638795864257,-10.246854782104492,3.546888296351316e-05,3.546888296351316e-05,3.546888296351316e-05
gemma4:12b,state_202,RGOCG16-50_16mm,16 mm round pin,round_pin,RGOCG16-50_16mm,round_pin,True,True,False,../vlm_four_scene_20260925/input_crops/state_202/RGOCG16-50_16mm.png,c85b3a16f2ee10630cb2f8f1de795a4f7653eeb4dbefbe4387be155ffc8f6a9d,gemma4-12b/responses/state_202/RGOCG16-50_16mm/RGOCG16-50_16mm.json,1.0930217000423,A,-4.172333774477011e-06,0.9999958276749297,0.9999958276749297,0.9999958276749297,-14.977180480957031,3.129631199585222e-07,3.129631199585222e-07,3.129631199585222e-07,-15.180521011352539,2.5537800640866933e-07,2.5537800640866933e-07,2.5537800640866933e-07
gemma4:12b,state_202,RGOCG12-50_12mm,12 mm round pin,round_pin,RGOCG16-50_16mm,round_pin,False,True,False,../vlm_four_scene_20260925/input_crops/state_202/RGOCG16-50_16mm.png,c85b3a16f2ee10630cb2f8f1de795a4f7653eeb4dbefbe4387be155ffc8f6a9d,gemma4-12b/responses/state_202/RGOCG12-50_12mm/RGOCG16-50_16mm.json,0.4057459000032395,A,-3.099446303167497e-06,0.9999969005585001,0.9999969005585001,0.9999969005585001,-15.002184867858887,3.052346939572764e-07,3.052346939572764e-07,3.052346939572764e-07,-15.439148902893066,1.9717998361561437e-07,1.9717998361561437e-07,1.9717998361561437e-07
gemma4:12b,state_202,RGOCG8-50_8mm,8 mm round pin,round_pin,RGOCG16-50_16mm,round_pin,False,True,False,../vlm_four_scene_20260925/input_crops/state_202/RGOCG16-50_16mm.png,c85b3a16f2ee10630cb2f8f1de795a4f7653eeb4dbefbe4387be155ffc8f6a9d,gemma4-12b/responses/state_202/RGOCG8-50_8mm/RGOCG16-50_16mm.json,0.39632699999492615,A,-3.099446303167497e-06,0.9999969005585001,0.9999969005585001,0.9999969005585001,-15.002184867858887,3.052346939572764e-07,3.052346939572764e-07,3.052346939572764e-07,-15.439148902893066,1.9717998361561437e-07,1.9717998361561437e-07,1.9717998361561437e-07
gemma4:12b,state_202,USB_Male,USB connector + cable,USB_Male,RGOCG16-50_16mm,round_pin,False,False,False,../vlm_four_scene_20260925/input_crops/state_202/RGOCG16-50_16mm.png,c85b3a16f2ee10630cb2f8f1de795a4f7653eeb4dbefbe4387be155ffc8f6a9d,gemma4-12b/responses/state_202/USB_Male/RGOCG16-50_16mm.json,1.1579346000216901,B,-13.276345252990723,1.714575117409889e-06,1.714575117409889e-06,1.714575117409889e-06,-0.01481576543301344,0.9852934479942352,0.9852934479942352,0.9852934479942352,-4.219746112823486,0.014702376776021547,0.014702376776021547,0.014702376776021547
gemma4:12b,state_202,DSUB_Male,DSUB connector,DSUB_Male,RGOCG16-50_16mm,round_pin,False,False,False,../vlm_four_scene_20260925/input_crops/state_202/RGOCG16-50_16mm.png,c85b3a16f2ee10630cb2f8f1de795a4f7653eeb4dbefbe4387be155ffc8f6a9d,gemma4-12b/responses/state_202/DSUB_Male/RGOCG16-50_16mm.json,1.129011899989564,C,-13.715592384338379,1.105080489646421e-06,1.105080489646421e-06,1.105080489646421e-06,-6.266657829284668,0.0018985633141469379,0.0018985633141469379,0.0018985633141469379,-0.0019024218199774623,0.998099386637415,0.998099386637415,0.998099386637415
gemma4:12b,state_202,Gear_Large,Large gear,gear,RGOCG12-50_12mm,round_pin,False,False,False,../vlm_four_scene_20260925/input_crops/state_202/RGOCG12-50_12mm.png,bbb4a034468a62ce3f34a1a319fc879384d925839ada0d367263cbcbbff41d70,gemma4-12b/responses/state_202/Gear_Large/RGOCG12-50_12mm.json,1.0291693999897689,B,-11.907744407653809,6.73802024991772e-06,6.73802024991772e-06,6.73802024991772e-06,-0.03799479827284813,0.9627179486742682,0.9627179486742682,0.9627179486742682,-3.289463520050049,0.03727384070146312,0.03727384070146312,0.03727384070146312
gemma4:12b,state_202,Gear_Medium,Medium gear,gear,RGOCG12-50_12mm,round_pin,False,False,False,../vlm_four_scene_20260925/input_crops/state_202/RGOCG12-50_12mm.png,bbb4a034468a62ce3f34a1a319fc879384d925839ada0d367263cbcbbff41d70,gemma4-12b/responses/state_202/Gear_Medium/RGOCG12-50_12mm.json,0.4157962999888696,B,-11.643863677978516,8.772719767128821e-06,8.772719767128821e-06,8.772719767128821e-06,-0.037596963346004486,0.9631010276950046,0.9631010276950046,0.9631010276950046,-3.2998554706573486,0.036888498486419244,0.036888498486419244,0.036888498486419244
gemma4:12b,state_202,Gear_Small,Small gear,gear,RGOCG12-50_12mm,round_pin,False,False,False,../vlm_four_scene_20260925/input_crops/state_202/RGOCG12-50_12mm.png,bbb4a034468a62ce3f34a1a319fc879384d925839ada0d367263cbcbbff41d70,gemma4-12b/responses/state_202/Gear_Small/RGOCG12-50_12mm.json,0.45380680001107976,B,-11.643863677978516,8.772719767128821e-06,8.772719767128821e-06,8.772719767128821e-06,-0.037596963346004486,0.9631010276950046,0.9631010276950046,0.9631010276950046,-3.2998554706573486,0.036888498486419244,0.036888498486419244,0.036888498486419244
gemma4:12b,state_202,Waterproof_Male,Waterproof connector,Waterproof_Male,RGOCG12-50_12mm,round_pin,False,False,False,../vlm_four_scene_20260925/input_crops/state_202/RGOCG12-50_12mm.png,bbb4a034468a62ce3f34a1a319fc879384d925839ada0d367263cbcbbff41d70,gemma4-12b/responses/state_202/Waterproof_Male/RGOCG12-50_12mm.json,1.14903760002926,B,-12.464344024658203,3.861927971667319e-06,3.861927971667319e-06,3.861927971667319e-06,-0.3174767792224884,0.7279835849229047,0.7279835849229047,0.7279835849229047,-1.3019251823425293,0.2720076243603183,0.2720076243603183,0.2720076243603183
gemma4:12b,state_202,M12_Hex_Nut,M12 hex nut,hex_nut,RGOCG12-50_12mm,round_pin,False,False,False,../vlm_four_scene_20260925/input_crops/state_202/RGOCG12-50_12mm.png,bbb4a034468a62ce3f34a1a319fc879384d925839ada0d367263cbcbbff41d70,gemma4-12b/responses/state_202/M12_Hex_Nut/RGOCG12-50_12mm.json,1.0593023999826983,B,-14.641529083251953,4.3778886627714714e-07,4.3778886627714714e-07,4.3778886627714714e-07,-2.5391900635440834e-05,0.9999746084217361,0.9999746084217361,0.9999746084217361,-10.61833667755127,2.446329621084378e-05,2.446329621084378e-05,2.446329621084378e-05
gemma4:12b,state_202,M16_Hex_Nut,M16 hex nut,hex_nut,RGOCG12-50_12mm,round_pin,False,False,False,../vlm_four_scene_20260925/input_crops/state_202/RGOCG12-50_12mm.png,bbb4a034468a62ce3f34a1a319fc879384d925839ada0d367263cbcbbff41d70,gemma4-12b/responses/state_202/M16_Hex_Nut/RGOCG12-50_12mm.json,0.3880631999927573,B,-14.25370979309082,6.451972241004188e-07,6.451972241004188e-07,6.451972241004188e-07,-2.837221290974412e-05,0.9999716281895776,0.9999716281895776,0.9999716281895776,-10.502523422241211,2.7467050858687446e-05,2.7467050858687446e-05,2.7467050858687446e-05
gemma4:12b,state_202,RGOCG16-50_16mm,16 mm round pin,round_pin,RGOCG12-50_12mm,round_pin,False,True,False,../vlm_four_scene_20260925/input_crops/state_202/RGOCG12-50_12mm.png,bbb4a034468a62ce3f34a1a319fc879384d925839ada0d367263cbcbbff41d70,gemma4-12b/responses/state_202/RGOCG16-50_16mm/RGOCG12-50_12mm.json,1.0979840999934822,A,-3.4570753086882178e-06,0.999996542930667,0.999996542930667,0.999996542930667,-15.293329238891602,2.2813478077659863e-07,2.2813478077659863e-07,2.2813478077659863e-07,-15.42236042022705,2.0051828041283338e-07,2.0051828041283338e-07,2.0051828041283338e-07
gemma4:12b,state_202,RGOCG12-50_12mm,12 mm round pin,round_pin,RGOCG12-50_12mm,round_pin,True,True,False,../vlm_four_scene_20260925/input_crops/state_202/RGOCG12-50_12mm.png,bbb4a034468a62ce3f34a1a319fc879384d925839ada0d367263cbcbbff41d70,gemma4-12b/responses/state_202/RGOCG12-50_12mm/RGOCG12-50_12mm.json,0.3965097999898717,A,-4.0531240301788785e-06,0.9999959468841837,0.9999959468841837,0.9999959468841837,-15.162147521972656,2.6011356262282224e-07,2.6011356262282224e-07,2.6011356262282224e-07,-15.364039421081543,2.1256044944016835e-07,2.1256044944016835e-07,2.1256044944016835e-07
gemma4:12b,state_202,RGOCG8-50_8mm,8 mm round pin,round_pin,RGOCG12-50_12mm,round_pin,False,True,False,../vlm_four_scene_20260925/input_crops/state_202/RGOCG12-50_12mm.png,bbb4a034468a62ce3f34a1a319fc879384d925839ada0d367263cbcbbff41d70,gemma4-12b/responses/state_202/RGOCG8-50_8mm/RGOCG12-50_12mm.json,0.39723360002972186,A,-4.0531240301788785e-06,0.9999959468841837,0.9999959468841837,0.9999959468841837,-15.162147521972656,2.6011356262282224e-07,2.6011356262282224e-07,2.6011356262282224e-07,-15.364039421081543,2.1256044944016835e-07,2.1256044944016835e-07,2.1256044944016835e-07
gemma4:12b,state_202,USB_Male,USB connector + cable,USB_Male,RGOCG12-50_12mm,round_pin,False,False,False,../vlm_four_scene_20260925/input_crops/state_202/RGOCG12-50_12mm.png,bbb4a034468a62ce3f34a1a319fc879384d925839ada0d367263cbcbbff41d70,gemma4-12b/responses/state_202/USB_Male/RGOCG12-50_12mm.json,1.122229399974458,B,-14.51122760772705,4.98716715042089e-07,4.98716715042089e-07,4.98716715042089e-07,-0.0012715194607153535,0.998729288577639,0.998729288577639,0.998729288577639,-6.668868064880371,0.0012698353089910283,0.0012698353089910283,0.0012698353089910283
gemma4:12b,state_202,DSUB_Male,DSUB connector,DSUB_Male,RGOCG12-50_12mm,round_pin,False,False,False,../vlm_four_scene_20260925/input_crops/state_202/RGOCG12-50_12mm.png,bbb4a034468a62ce3f34a1a319fc879384d925839ada0d367263cbcbbff41d70,gemma4-12b/responses/state_202/DSUB_Male/RGOCG12-50_12mm.json,1.0801000999636017,C,-13.440908432006836,1.4544126264522034e-06,1.4544126264522034e-06,1.4544126264522034e-06,-3.823695421218872,0.02184691797382964,0.02184691797382964,0.02184691797382964,-0.022093942388892174,0.9781483411430532,0.9781483411430532,0.9781483411430532
gemma4:12b,state_202,Gear_Large,Large gear,gear,RGOCG8-50_8mm,round_pin,False,False,False,../vlm_four_scene_20260925/input_crops/state_202/RGOCG8-50_8mm.png,ed49e017a0769fe65094309e267d7d685bb07b4725667e6832021ce33158fc67,gemma4-12b/responses/state_202/Gear_Large/RGOCG8-50_8mm.json,1.1228407000307925,C,-12.038406372070312,5.912709495860234e-06,5.912709495860234e-06,5.912709495860234e-06,-2.0914840698242188,0.1235037116123734,0.1235037116123734,0.1235037116123734,-0.13183297216892242,0.8764873806399568,0.8764873806399568,0.8764873806399568
gemma4:12b,state_202,Gear_Medium,Medium gear,gear,RGOCG8-50_8mm,round_pin,False,False,False,../vlm_four_scene_20260925/input_crops/state_202/RGOCG8-50_8mm.png,ed49e017a0769fe65094309e267d7d685bb07b4725667e6832021ce33158fc67,gemma4-12b/responses/state_202/Gear_Medium/RGOCG8-50_8mm.json,0.38831969996681437,C,-12.389227867126465,4.1631945108317465e-06,4.1631945108317465e-06,4.1631945108317465e-06,-2.0846359729766846,0.12435237955403064,0.12435237955403064,0.12435237955403064,-0.1327994465827942,0.8756406872321504,0.8756406872321504,0.8756406872321504
gemma4:12b,state_202,Gear_Small,Small gear,gear,RGOCG8-50_8mm,round_pin,False,False,False,../vlm_four_scene_20260925/input_crops/state_202/RGOCG8-50_8mm.png,ed49e017a0769fe65094309e267d7d685bb07b4725667e6832021ce33158fc67,gemma4-12b/responses/state_202/Gear_Small/RGOCG8-50_8mm.json,0.41817310004262254,C,-12.389227867126465,4.1631945108317465e-06,4.1631945108317465e-06,4.1631945108317465e-06,-2.0846359729766846,0.12435237955403064,0.12435237955403064,0.12435237955403064,-0.1327994465827942,0.8756406872321504,0.8756406872321504,0.8756406872321504
gemma4:12b,state_202,Waterproof_Male,Waterproof connector,Waterproof_Male,RGOCG8-50_8mm,round_pin,False,False,False,../vlm_four_scene_20260925/input_crops/state_202/RGOCG8-50_8mm.png,ed49e017a0769fe65094309e267d7d685bb07b4725667e6832021ce33158fc67,gemma4-12b/responses/state_202/Waterproof_Male/RGOCG8-50_8mm.json,1.135837799985893,C,-14.076885223388672,7.69992376044451e-07,7.69992376044451e-07,7.69992376044451e-07,-5.174337387084961,0.0056599660383024894,0.0056599660383024894,0.0056599660383024894,-0.0056800320744514465,0.9943360688087969,0.9943360688087969,0.9943360688087969
gemma4:12b,state_202,M12_Hex_Nut,M12 hex nut,hex_nut,RGOCG8-50_8mm,round_pin,False,False,False,../vlm_four_scene_20260925/input_crops/state_202/RGOCG8-50_8mm.png,ed49e017a0769fe65094309e267d7d685bb07b4725667e6832021ce33158fc67,gemma4-12b/responses/state_202/M12_Hex_Nut/RGOCG8-50_8mm.json,1.0980217999895103,B,-13.75568675994873,1.0616494653212155e-06,1.0616494653212155e-06,1.0616494653212155e-06,-0.0001954627368832007,0.999804556364713,0.999804556364713,0.999804556364713,-8.546685218811035,0.00019418772370412358,0.00019418772370412358,0.00019418772370412358
gemma4:12b,state_202,M16_Hex_Nut,M16 hex nut,hex_nut,RGOCG8-50_8mm,round_pin,False,False,False,../vlm_four_scene_20260925/input_crops/state_202/RGOCG8-50_8mm.png,ed49e017a0769fe65094309e267d7d685bb07b4725667e6832021ce33158fc67,gemma4-12b/responses/state_202/M16_Hex_Nut/RGOCG8-50_8mm.json,0.39522859995486215,B,-14.179288864135742,6.950452649098579e-07,6.950452649098579e-07,6.950452649098579e-07,-8.666890789754689e-05,0.9999133348477438,0.9999133348477438,0.9999133348477438,-9.36426067352295,8.573403469882335e-05,8.573403469882335e-05,8.573403469882335e-05
gemma4:12b,state_202,RGOCG16-50_16mm,16 mm round pin,round_pin,RGOCG8-50_8mm,round_pin,False,True,False,../vlm_four_scene_20260925/input_crops/state_202/RGOCG8-50_8mm.png,ed49e017a0769fe65094309e267d7d685bb07b4725667e6832021ce33158fc67,gemma4-12b/responses/state_202/RGOCG16-50_16mm/RGOCG8-50_8mm.json,1.0857800000230782,A,-2.5033982637978625e-06,0.9999974966048697,0.9999974966048697,0.9999974966048697,-15.293517112731934,2.2809192424515745e-07,2.2809192424515745e-07,2.2809192424515745e-07,-15.261635780334473,2.354809589829209e-07,2.354809589829209e-07,2.354809589829209e-07
gemma4:12b,state_202,RGOCG12-50_12mm,12 mm round pin,round_pin,RGOCG8-50_8mm,round_pin,False,True,False,../vlm_four_scene_20260925/input_crops/state_202/RGOCG8-50_8mm.png,ed49e017a0769fe65094309e267d7d685bb07b4725667e6832021ce33158fc67,gemma4-12b/responses/state_202/RGOCG12-50_12mm/RGOCG8-50_8mm.json,0.3960744999931194,A,-2.622607780722319e-06,0.9999973773956583,0.9999973773956583,0.9999973773956583,-15.23404598236084,2.4206828471186647e-07,2.4206828471186647e-07,2.4206828471186647e-07,-15.087790489196777,2.8019207433194684e-07,2.8019207433194684e-07,2.8019207433194684e-07
gemma4:12b,state_202,RGOCG8-50_8mm,8 mm round pin,round_pin,RGOCG8-50_8mm,round_pin,True,True,False,../vlm_four_scene_20260925/input_crops/state_202/RGOCG8-50_8mm.png,ed49e017a0769fe65094309e267d7d685bb07b4725667e6832021ce33158fc67,gemma4-12b/responses/state_202/RGOCG8-50_8mm/RGOCG8-50_8mm.json,0.4223521999665536,A,-2.622607780722319e-06,0.9999973773956583,0.9999973773956583,0.9999973773956583,-15.23404598236084,2.4206828471186647e-07,2.4206828471186647e-07,2.4206828471186647e-07,-15.087790489196777,2.8019207433194684e-07,2.8019207433194684e-07,2.8019207433194684e-07
gemma4:12b,state_202,USB_Male,USB connector + cable,USB_Male,RGOCG8-50_8mm,round_pin,False,False,False,../vlm_four_scene_20260925/input_crops/state_202/RGOCG8-50_8mm.png,ed49e017a0769fe65094309e267d7d685bb07b4725667e6832021ce33158fc67,gemma4-12b/responses/state_202/USB_Male/RGOCG8-50_8mm.json,1.2588460000115447,B,-12.756309509277344,2.8840658403495733e-06,2.8840658403495733e-06,2.8840658403495733e-06,-0.05077701434493065,0.9504905926711944,0.9504905926711944,0.9504905926711944,-3.0056910514831543,0.04950453232473669,0.04950453232473669,0.04950453232473669
gemma4:12b,state_202,DSUB_Male,DSUB connector,DSUB_Male,RGOCG8-50_8mm,round_pin,False,False,False,../vlm_four_scene_20260925/input_crops/state_202/RGOCG8-50_8mm.png,ed49e017a0769fe65094309e267d7d685bb07b4725667e6832021ce33158fc67,gemma4-12b/responses/state_202/DSUB_Male/RGOCG8-50_8mm.json,1.1169241999741644,C,-15.020153045654297,2.9979916224713086e-07,2.9979916224713086e-07,2.9979916224713086e-07,-4.720615863800049,0.008909689703064667,0.008909689703064667,0.008909689703064667,-0.008951796218752861,0.9910881518179205,0.9910881518179205,0.9910881518179205
gemma4:12b,state_202,Gear_Large,Large gear,gear,USB_Male,USB_Male,False,False,False,../vlm_four_scene_20260925/input_crops/state_202/USB_Male.png,a0c930dd9c5206a04601a466c9f68dc4c1e3f4ee1c0f97f37b0b950adec45985,gemma4-12b/responses/state_202/Gear_Large/USB_Male.json,1.1281034999992698,B,-14.20620346069336,6.765879024368529e-07,6.765879024368529e-07,6.765879024368529e-07,-0.015737881883978844,0.984385311464977,0.984385311464977,0.984385311464977,-4.159881114959717,0.015609413535435147,0.015609413535435147,0.015609413535435147
gemma4:12b,state_202,Gear_Medium,Medium gear,gear,USB_Male,USB_Male,False,False,False,../vlm_four_scene_20260925/input_crops/state_202/USB_Male.png,a0c930dd9c5206a04601a466c9f68dc4c1e3f4ee1c0f97f37b0b950adec45985,gemma4-12b/responses/state_202/Gear_Medium/USB_Male.json,0.43991419998928905,B,-13.982001304626465,8.466306510586076e-07,8.466306510586076e-07,8.466306510586076e-07,-0.01360044814646244,0.9864916200860612,0.9864916200860612,0.9864916200860612,-4.304958343505859,0.013501447953075686,0.013501447953075686,0.013501447953075686
gemma4:12b,state_202,Gear_Small,Small gear,gear,USB_Male,USB_Male,False,False,False,../vlm_four_scene_20260925/input_crops/state_202/USB_Male.png,a0c930dd9c5206a04601a466c9f68dc4c1e3f4ee1c0f97f37b0b950adec45985,gemma4-12b/responses/state_202/Gear_Small/USB_Male.json,0.45800550002604723,B,-13.982001304626465,8.466306510586076e-07,8.466306510586076e-07,8.466306510586076e-07,-0.01360044814646244,0.9864916200860612,0.9864916200860612,0.9864916200860612,-4.304958343505859,0.013501447953075686,0.013501447953075686,0.013501447953075686
gemma4:12b,state_202,Waterproof_Male,Waterproof connector,Waterproof_Male,USB_Male,USB_Male,False,False,False,../vlm_four_scene_20260925/input_crops/state_202/USB_Male.png,a0c930dd9c5206a04601a466c9f68dc4c1e3f4ee1c0f97f37b0b950adec45985,gemma4-12b/responses/state_202/Waterproof_Male/USB_Male.json,1.183632900007069,B,-6.547929763793945,0.0014330793421647333,0.0014330793421647333,0.0014330793421647333,-0.020388755947351456,0.9798176893026183,0.9798176893026183,0.9798176893026183,-3.9768993854522705,0.0187436662159,0.0187436662159,0.0187436662159
gemma4:12b,state_202,M12_Hex_Nut,M12 hex nut,hex_nut,USB_Male,USB_Male,False,False,False,../vlm_four_scene_20260925/input_crops/state_202/USB_Male.png,a0c930dd9c5206a04601a466c9f68dc4c1e3f4ee1c0f97f37b0b950adec45985,gemma4-12b/responses/state_202/M12_Hex_Nut/USB_Male.json,1.1383262000163086,B,-13.439220428466797,1.4568697533503477e-06,1.4568697533503477e-06,1.4568697533503477e-06,-0.002801882801577449,0.9972020388085537,0.9972020388085537,0.9972020388085537,-5.879793167114258,0.002795363388324668,0.002795363388324668,0.002795363388324668
gemma4:12b,state_202,M16_Hex_Nut,M16 hex nut,hex_nut,USB_Male,USB_Male,False,False,False,../vlm_four_scene_20260925/input_crops/state_202/USB_Male.png,a0c930dd9c5206a04601a466c9f68dc4c1e3f4ee1c0f97f37b0b950adec45985,gemma4-12b/responses/state_202/M16_Hex_Nut/USB_Male.json,0.43839930003741756,B,-13.137542724609375,1.9698705567447193e-06,1.9698705567447193e-06,1.9698705567447193e-06,-0.004555453080683947,0.995454907257719,0.995454907257719,0.995454907257719,-5.39452600479126,0.004541372477518343,0.004541372477518343,0.004541372477518343
gemma4:12b,state_202,RGOCG16-50_16mm,16 mm round pin,round_pin,USB_Male,USB_Male,False,False,False,../vlm_four_scene_20260925/input_crops/state_202/USB_Male.png,a0c930dd9c5206a04601a466c9f68dc4c1e3f4ee1c0f97f37b0b950adec45985,gemma4-12b/responses/state_202/RGOCG16-50_16mm/USB_Male.json,1.176313999982085,B,-9.20105266571045,0.0001009330970848753,0.0001009330970848753,0.0001009330970848753,-0.006940193008631468,0.9930838345135206,0.9930838345135206,0.9930838345135206,-4.98891019821167,0.00681308536046823,0.00681308536046823,0.00681308536046823
gemma4:12b,state_202,RGOCG12-50_12mm,12 mm round pin,round_pin,USB_Male,USB_Male,False,False,False,../vlm_four_scene_20260925/input_crops/state_202/USB_Male.png,a0c930dd9c5206a04601a466c9f68dc4c1e3f4ee1c0f97f37b0b950adec45985,gemma4-12b/responses/state_202/RGOCG12-50_12mm/USB_Male.json,0.42059080000035465,B,-9.483721733093262,7.608025917714686e-05,7.608025917714686e-05,7.608025917714686e-05,-0.005559791345149279,0.9944556356911425,0.9944556356911425,0.9944556356911425,-5.209051132202148,0.005466858553412421,0.005466858553412421,0.005466858553412421
gemma4:12b,state_202,RGOCG8-50_8mm,8 mm round pin,round_pin,USB_Male,USB_Male,False,False,False,../vlm_four_scene_20260925/input_crops/state_202/USB_Male.png,a0c930dd9c5206a04601a466c9f68dc4c1e3f4ee1c0f97f37b0b950adec45985,gemma4-12b/responses/state_202/RGOCG8-50_8mm/USB_Male.json,0.425403900037054,B,-9.483721733093262,7.608025917714686e-05,7.608025917714686e-05,7.608025917714686e-05,-0.005559791345149279,0.9944556356911425,0.9944556356911425,0.9944556356911425,-5.209051132202148,0.005466858553412421,0.005466858553412421,0.005466858553412421
gemma4:12b,state_202,USB_Male,USB connector + cable,USB_Male,USB_Male,USB_Male,True,True,False,../vlm_four_scene_20260925/input_crops/state_202/USB_Male.png,a0c930dd9c5206a04601a466c9f68dc4c1e3f4ee1c0f97f37b0b950adec45985,gemma4-12b/responses/state_202/USB_Male/USB_Male.json,1.2136811999953352,A,-5.006802894058637e-06,0.9999949932096399,0.9999949932096399,0.9999949932096399,-14.327977180480957,5.990162081709351e-07,5.990162081709351e-07,5.990162081709351e-07,-14.641098976135254,4.379772028836986e-07,4.379772028836986e-07,4.379772028836986e-07
gemma4:12b,state_202,DSUB_Male,DSUB connector,DSUB_Male,USB_Male,USB_Male,False,False,False,../vlm_four_scene_20260925/input_crops/state_202/USB_Male.png,a0c930dd9c5206a04601a466c9f68dc4c1e3f4ee1c0f97f37b0b950adec45985,gemma4-12b/responses/state_202/DSUB_Male/USB_Male.json,1.1249182000174187,A,-4.1604907892178744e-05,0.99995839595758,0.99995839595758,0.99995839595758,-10.369986534118652,3.1359712378795665e-05,3.1359712378795665e-05,3.1359712378795665e-05,-11.871593475341797,6.986062428836468e-06,6.986062428836468e-06,6.986062428836468e-06
gemma4:12b,state_202,Gear_Large,Large gear,gear,DSUB_Male,DSUB_Male,False,False,False,../vlm_four_scene_20260925/input_crops/state_202/DSUB_Male.png,7cc2d3860523df277d6407a141d1e6f5ac1825291a509806faae51c8b11dadd5,gemma4-12b/responses/state_202/Gear_Large/DSUB_Male.json,1.0443190999794751,B,-14.572904586791992,4.6888674159865583e-07,4.6888674159865583e-07,4.6888674159865583e-07,-0.0002957423566840589,0.9997043013707759,0.9997043013707759,0.9997043013707759,-8.128880500793457,0.0002948981543297688,0.0002948981543297688,0.0002948981543297688
gemma4:12b,state_202,Gear_Medium,Medium gear,gear,DSUB_Male,DSUB_Male,False,False,False,../vlm_four_scene_20260925/input_crops/state_202/DSUB_Male.png,7cc2d3860523df277d6407a141d1e6f5ac1825291a509806faae51c8b11dadd5,gemma4-12b/responses/state_202/Gear_Medium/DSUB_Male.json,0.39666179998312145,B,-14.114141464233398,7.418331648817066e-07,7.418331648817066e-07,7.418331648817066e-07,-0.0004331215168349445,0.9995669722667488,0.9995669722667488,0.9995669722667488,-7.7470293045043945,0.00043202404804252583,0.00043202404804252583,0.00043202404804252583
gemma4:12b,state_202,Gear_Small,Small gear,gear,DSUB_Male,DSUB_Male,False,False,False,../vlm_four_scene_20260925/input_crops/state_202/DSUB_Male.png,7cc2d3860523df277d6407a141d1e6f5ac1825291a509806faae51c8b11dadd5,gemma4-12b/responses/state_202/Gear_Small/DSUB_Male.json,0.4040419000084512,B,-14.114141464233398,7.418331648817066e-07,7.418331648817066e-07,7.418331648817066e-07,-0.0004331215168349445,0.9995669722667488,0.9995669722667488,0.9995669722667488,-7.7470293045043945,0.00043202404804252583,0.00043202404804252583,0.00043202404804252583
gemma4:12b,state_202,Waterproof_Male,Waterproof connector,Waterproof_Male,DSUB_Male,DSUB_Male,False,False,False,../vlm_four_scene_20260925/input_crops/state_202/DSUB_Male.png,7cc2d3860523df277d6407a141d1e6f5ac1825291a509806faae51c8b11dadd5,gemma4-12b/responses/state_202/Waterproof_Male/DSUB_Male.json,1.1465626999852248,A,-3.695494797284482e-06,0.999996304512031,0.999996304512031,0.999996304512031,-15.441619873046875,1.966933592259415e-07,1.966933592259415e-07,1.966933592259415e-07,-15.807096481323242,1.364788087913536e-07,1.364788087913536e-07,1.364788087913536e-07
gemma4:12b,state_202,M12_Hex_Nut,M12 hex nut,hex_nut,DSUB_Male,DSUB_Male,False,False,False,../vlm_four_scene_20260925/input_crops/state_202/DSUB_Male.png,7cc2d3860523df277d6407a141d1e6f5ac1825291a509806faae51c8b11dadd5,gemma4-12b/responses/state_202/M12_Hex_Nut/DSUB_Male.json,1.1092032000306062,B,-13.515613555908203,1.3497197820540226e-06,1.3497197820540226e-06,1.3497197820540226e-06,-0.002359728328883648,0.9976430536413479,0.9976430536413479,0.9976430536413479,-6.051218509674072,0.002354990678550903,0.002354990678550903,0.002354990678550903
gemma4:12b,state_202,M16_Hex_Nut,M16 hex nut,hex_nut,DSUB_Male,DSUB_Male,False,False,False,../vlm_four_scene_20260925/input_crops/state_202/DSUB_Male.png,7cc2d3860523df277d6407a141d1e6f5ac1825291a509806faae51c8b11dadd5,gemma4-12b/responses/state_202/M16_Hex_Nut/DSUB_Male.json,0.39268960000481457,B,-13.490470886230469,1.3840855539652576e-06,1.3840855539652576e-06,1.3840855539652576e-06,-0.0016624433919787407,0.9983389377016011,0.9983389377016011,0.9983389377016011,-6.401324272155762,0.001659358375432743,0.001659358375432743,0.001659358375432743
gemma4:12b,state_202,RGOCG16-50_16mm,16 mm round pin,round_pin,DSUB_Male,DSUB_Male,False,False,False,../vlm_four_scene_20260925/input_crops/state_202/DSUB_Male.png,7cc2d3860523df277d6407a141d1e6f5ac1825291a509806faae51c8b11dadd5,gemma4-12b/responses/state_202/RGOCG16-50_16mm/DSUB_Male.json,1.0964512000209652,B,-13.31155014038086,1.6552638425173577e-06,1.6552638425173577e-06,1.6552638425173577e-06,-0.004482585471123457,0.9955274463200781,0.9955274463200781,0.9955274463200781,-5.410396099090576,0.004469869349468777,0.004469869349468777,0.004469869349468777
gemma4:12b,state_202,RGOCG12-50_12mm,12 mm round pin,round_pin,DSUB_Male,DSUB_Male,False,False,False,../vlm_four_scene_20260925/input_crops/state_202/DSUB_Male.png,7cc2d3860523df277d6407a141d1e6f5ac1825291a509806faae51c8b11dadd5,gemma4-12b/responses/state_202/RGOCG12-50_12mm/DSUB_Male.json,0.39445869997143745,B,-13.313769340515137,1.6515945537247606e-06,1.6515945537247606e-06,1.6515945537247606e-06,-0.006155442446470261,0.9938634634780522,0.9938634634780522,0.9938634634780522,-5.093997478485107,0.006133452471731657,0.006133452471731657,0.006133452471731657
gemma4:12b,state_202,RGOCG8-50_8mm,8 mm round pin,round_pin,DSUB_Male,DSUB_Male,False,False,False,../vlm_four_scene_20260925/input_crops/state_202/DSUB_Male.png,7cc2d3860523df277d6407a141d1e6f5ac1825291a509806faae51c8b11dadd5,gemma4-12b/responses/state_202/RGOCG8-50_8mm/DSUB_Male.json,0.3982861000113189,B,-13.313769340515137,1.6515945537247606e-06,1.6515945537247606e-06,1.6515945537247606e-06,-0.006155442446470261,0.9938634634780522,0.9938634634780522,0.9938634634780522,-5.093997478485107,0.006133452471731657,0.006133452471731657,0.006133452471731657
gemma4:12b,state_202,USB_Male,USB connector + cable,USB_Male,DSUB_Male,DSUB_Male,False,False,False,../vlm_four_scene_20260925/input_crops/state_202/DSUB_Male.png,7cc2d3860523df277d6407a141d1e6f5ac1825291a509806faae51c8b11dadd5,gemma4-12b/responses/state_202/USB_Male/DSUB_Male.json,1.1621183999814093,B,-12.721338272094727,2.9867095183258508e-06,2.9867095183258508e-06,2.9867095183258508e-06,-5.757974577136338e-05,0.9999424219119104,0.9999424219119104,0.9999424219119104,-9.816646575927734,5.453616077105914e-05,5.453616077105914e-05,5.453616077105914e-05
gemma4:12b,state_202,DSUB_Male,DSUB connector,DSUB_Male,DSUB_Male,DSUB_Male,True,True,False,../vlm_four_scene_20260925/input_crops/state_202/DSUB_Male.png,7cc2d3860523df277d6407a141d1e6f5ac1825291a509806faae51c8b11dadd5,gemma4-12b/responses/state_202/DSUB_Male/DSUB_Male.json,1.1027824999764562,A,-4.291543518775143e-06,0.9999957084656899,0.9999957084656899,0.9999957084656899,-14.534041404724121,4.87467895177084e-07,4.87467895177084e-07,4.87467895177084e-07,-15.057343482971191,2.8885428418216484e-07,2.8885428418216484e-07,2.8885428418216484e-07
gemma4:12b,state_303,Gear_Large,Large gear,gear,Gear_Large,gear,True,True,False,../vlm_four_scene_20260925/input_crops/state_303/Gear_Large.png,3334a7c27ecbce20a0d57b4f0c942261acbbda26e713d210fcce89e35b38b28e,gemma4-12b/responses/state_303/Gear_Large/Gear_Large.json,1.044558199995663,A,-6.318112355074845e-06,0.9999936819076042,0.9999936819076042,0.9999936819076042,-12.672453880310059,3.136340510205887e-06,3.136340510205887e-06,3.136340510205887e-06,-13.648119926452637,1.1822159859388455e-06,1.1822159859388455e-06,1.1822159859388455e-06
gemma4:12b,state_303,Gear_Medium,Medium gear,gear,Gear_Large,gear,False,True,False,../vlm_four_scene_20260925/input_crops/state_303/Gear_Large.png,3334a7c27ecbce20a0d57b4f0c942261acbbda26e713d210fcce89e35b38b28e,gemma4-12b/responses/state_303/Gear_Medium/Gear_Large.json,0.3892564999987371,A,-5.364432581700385e-06,0.9999946355818068,0.9999946355818068,0.9999946355818068,-12.897953987121582,2.503166601202109e-06,2.503166601202109e-06,2.503166601202109e-06,-13.900211334228516,9.187871662020647e-07,9.187871662020647e-07,9.187871662020647e-07
gemma4:12b,state_303,Gear_Small,Small gear,gear,Gear_Large,gear,False,True,False,../vlm_four_scene_20260925/input_crops/state_303/Gear_Large.png,3334a7c27ecbce20a0d57b4f0c942261acbbda26e713d210fcce89e35b38b28e,gemma4-12b/responses/state_303/Gear_Small/Gear_Large.json,0.4359006999875419,A,-5.364432581700385e-06,0.9999946355818068,0.9999946355818068,0.9999946355818068,-12.897953987121582,2.503166601202109e-06,2.503166601202109e-06,2.503166601202109e-06,-13.900211334228516,9.187871662020647e-07,9.187871662020647e-07,9.187871662020647e-07
gemma4:12b,state_303,Waterproof_Male,Waterproof connector,Waterproof_Male,Gear_Large,gear,False,False,False,../vlm_four_scene_20260925/input_crops/state_303/Gear_Large.png,3334a7c27ecbce20a0d57b4f0c942261acbbda26e713d210fcce89e35b38b28e,gemma4-12b/responses/state_303/Waterproof_Male/Gear_Large.json,1.0874476000317372,B,-12.914772987365723,2.4614179112851804e-06,2.4614179112851804e-06,2.4614179112851804e-06,-0.0003635351895354688,0.9996365308813749,0.9996365308813749,0.9996365308813749,-7.9283952713012695,0.0003603642360133691,0.0003603642360133691,0.0003603642360133691
gemma4:12b,state_303,M12_Hex_Nut,M12 hex nut,hex_nut,Gear_Large,gear,False,False,False,../vlm_four_scene_20260925/input_crops/state_303/Gear_Large.png,3334a7c27ecbce20a0d57b4f0c942261acbbda26e713d210fcce89e35b38b28e,gemma4-12b/responses/state_303/M12_Hex_Nut/Gear_Large.json,1.0420948000391945,B,-15.227179527282715,2.4373615534096757e-07,2.4373615534096757e-07,2.4373615534096757e-07,-1.1920935776288388e-06,0.9999988079071329,0.9999988079071329,0.9999988079071329,-14.030657768249512,8.064227177206601e-07,8.064227177206601e-07,8.064227177206601e-07
gemma4:12b,state_303,M16_Hex_Nut,M16 hex nut,hex_nut,Gear_Large,gear,False,False,False,../vlm_four_scene_20260925/input_crops/state_303/Gear_Large.png,3334a7c27ecbce20a0d57b4f0c942261acbbda26e713d210fcce89e35b38b28e,gemma4-12b/responses/state_303/M16_Hex_Nut/Gear_Large.json,0.3921493000234477,B,-15.62259578704834,1.641318469905955e-07,1.641318469905955e-07,1.641318469905955e-07,-7.152560215217818e-07,0.9999992847442343,0.9999992847442343,0.9999992847442343,-14.322545051574707,6.022789953477253e-07,6.022789953477253e-07,6.022789953477253e-07
gemma4:12b,state_303,RGOCG16-50_16mm,16 mm round pin,round_pin,Gear_Large,gear,False,False,False,../vlm_four_scene_20260925/input_crops/state_303/Gear_Large.png,3334a7c27ecbce20a0d57b4f0c942261acbbda26e713d210fcce89e35b38b28e,gemma4-12b/responses/state_303/RGOCG16-50_16mm/Gear_Large.json,1.131253800005652,B,-12.493687629699707,3.7502515894976877e-06,3.7502515894976877e-06,3.7502515894976877e-06,-3.755163197638467e-05,0.9999624490730773,0.9999624490730773,0.9999624490730773,-10.299297332763672,3.365673636473054e-05,3.365673636473054e-05,3.365673636473054e-05
gemma4:12b,state_303,RGOCG12-50_12mm,12 mm round pin,round_pin,Gear_Large,gear,False,False,False,../vlm_four_scene_20260925/input_crops/state_303/Gear_Large.png,3334a7c27ecbce20a0d57b4f0c942261acbbda26e713d210fcce89e35b38b28e,gemma4-12b/responses/state_303/RGOCG12-50_12mm/Gear_Large.json,0.45035050000296906,B,-12.446682929992676,3.930739703820103e-06,3.930739703820103e-06,3.930739703820103e-06,-4.3512336560525e-05,0.9999564886100875,0.9999564886100875,0.9999564886100875,-10.146315574645996,3.922032013652061e-05,3.922032013652061e-05,3.922032013652061e-05
gemma4:12b,state_303,RGOCG8-50_8mm,8 mm round pin,round_pin,Gear_Large,gear,False,False,False,../vlm_four_scene_20260925/input_crops/state_303/Gear_Large.png,3334a7c27ecbce20a0d57b4f0c942261acbbda26e713d210fcce89e35b38b28e,gemma4-12b/responses/state_303/RGOCG8-50_8mm/Gear_Large.json,0.47333579999394715,B,-12.446682929992676,3.930739703820103e-06,3.930739703820103e-06,3.930739703820103e-06,-4.3512336560525e-05,0.9999564886100875,0.9999564886100875,0.9999564886100875,-10.146315574645996,3.922032013652061e-05,3.922032013652061e-05,3.922032013652061e-05
gemma4:12b,state_303,USB_Male,USB connector + cable,USB_Male,Gear_Large,gear,False,False,False,../vlm_four_scene_20260925/input_crops/state_303/Gear_Large.png,3334a7c27ecbce20a0d57b4f0c942261acbbda26e713d210fcce89e35b38b28e,gemma4-12b/responses/state_303/USB_Male/Gear_Large.json,1.2204962000250816,B,-15.943167686462402,1.1911604076813399e-07,1.1911604076813399e-07,1.1911604076813399e-07,-3.6240282497601584e-05,0.9999637603741734,0.9999637603741734,0.9999637603741734,-10.234333038330078,3.59158075257966e-05,3.59158075257966e-05,3.59158075257966e-05
gemma4:12b,state_303,DSUB_Male,DSUB connector,DSUB_Male,Gear_Large,gear,False,False,False,../vlm_four_scene_20260925/input_crops/state_303/Gear_Large.png,3334a7c27ecbce20a0d57b4f0c942261acbbda26e713d210fcce89e35b38b28e,gemma4-12b/responses/state_303/DSUB_Male/Gear_Large.json,1.096267800021451,B,-13.9752836227417,8.523371923508163e-07,8.523371923508163e-07,8.523371923508163e-07,-0.00011361290671629831,0.9998863935469856,0.9998863935469856,0.9998863935469856,-9.09143352508545,0.00011262649983151669,0.00011262649983151669,0.00011262649983151669
gemma4:12b,state_303,Gear_Large,Large gear,gear,Gear_Medium,gear,False,True,False,../vlm_four_scene_20260925/input_crops/state_303/Gear_Medium.png,0264008996cc496e20e9692d5fd146e86bf33a1bb7ded63f53afc0e916d128ef,gemma4-12b/responses/state_303/Gear_Large/Gear_Medium.json,1.0639805000391789,A,-3.814704541582614e-06,0.9999961853027344,0.9999961853027344,0.9999961853027344,-13.869312286376953,9.476199739932107e-07,9.476199739932107e-07,9.476199739932107e-07,-14.75186538696289,3.920543389615587e-07,3.920543389615587e-07,3.920543389615587e-07
gemma4:12b,state_303,Gear_Medium,Medium gear,gear,Gear_Medium,gear,True,True,False,../vlm_four_scene_20260925/input_crops/state_303/Gear_Medium.png,0264008996cc496e20e9692d5fd146e86bf33a1bb7ded63f53afc0e916d128ef,gemma4-12b/responses/state_303/Gear_Medium/Gear_Medium.json,0.40026580000994727,A,-2.3841887468734058e-06,0.9999976158140953,0.9999976158140953,0.9999976158140953,-14.110151290893555,7.447991212035498e-07,7.447991212035498e-07,7.447991212035498e-07,-15.021190643310547,2.9948825266645765e-07,2.9948825266645765e-07,2.9948825266645765e-07
gemma4:12b,state_303,Gear_Small,Small gear,gear,Gear_Medium,gear,False,True,False,../vlm_four_scene_20260925/input_crops/state_303/Gear_Medium.png,0264008996cc496e20e9692d5fd146e86bf33a1bb7ded63f53afc0e916d128ef,gemma4-12b/responses/state_303/Gear_Small/Gear_Medium.json,0.3994821000378579,A,-2.3841887468734058e-06,0.9999976158140953,0.9999976158140953,0.9999976158140953,-14.110151290893555,7.447991212035498e-07,7.447991212035498e-07,7.447991212035498e-07,-15.021190643310547,2.9948825266645765e-07,2.9948825266645765e-07,2.9948825266645765e-07
gemma4:12b,state_303,Waterproof_Male,Waterproof connector,Waterproof_Male,Gear_Medium,gear,False,False,False,../vlm_four_scene_20260925/input_crops/state_303/Gear_Medium.png,0264008996cc496e20e9692d5fd146e86bf33a1bb7ded63f53afc0e916d128ef,gemma4-12b/responses/state_303/Waterproof_Male/Gear_Medium.json,1.1756025000358932,B,-14.01163101196289,8.219132259807243e-07,8.219132259807243e-07,8.219132259807243e-07,-6.377900717779994e-05,0.9999362230266599,0.9999362230266599,0.9999362230266599,-9.67890453338623,6.259003152292526e-05,6.259003152292526e-05,6.259003152292526e-05
gemma4:12b,state_303,M12_Hex_Nut,M12 hex nut,hex_nut,Gear_Medium,gear,False,False,False,../vlm_four_scene_20260925/input_crops/state_303/Gear_Medium.png,0264008996cc496e20e9692d5fd146e86bf33a1bb7ded63f53afc0e916d128ef,gemma4-12b/responses/state_303/M12_Hex_Nut/Gear_Medium.json,1.1421772000030614,B,-15.995258331298828,1.1307004632483703e-07,1.1307004632483703e-07,1.1307004632483703e-07,-3.576279254957626e-07,0.9999996423721385,0.9999996423721385,0.9999996423721385,-15.608842849731445,1.6640473561634025e-07,1.6640473561634025e-07,1.6640473561634025e-07
gemma4:12b,state_303,M16_Hex_Nut,M16 hex nut,hex_nut,Gear_Medium,gear,False,False,False,../vlm_four_scene_20260925/input_crops/state_303/Gear_Medium.png,0264008996cc496e20e9692d5fd146e86bf33a1bb7ded63f53afc0e916d128ef,gemma4-12b/responses/state_303/M16_Hex_Nut/Gear_Medium.json,0.3960220000008121,B,-15.960488319396973,1.1707064049849547e-07,1.1707064049849547e-07,1.1707064049849547e-07,-5.960466182841628e-07,0.9999994039535594,0.9999994039535594,0.9999994039535594,-15.042104721069336,2.9328977570902437e-07,2.9328977570902437e-07,2.9328977570902437e-07
gemma4:12b,state_303,RGOCG16-50_16mm,16 mm round pin,round_pin,Gear_Medium,gear,False,False,False,../vlm_four_scene_20260925/input_crops/state_303/Gear_Medium.png,0264008996cc496e20e9692d5fd146e86bf33a1bb7ded63f53afc0e916d128ef,gemma4-12b/responses/state_303/RGOCG16-50_16mm/Gear_Medium.json,1.1023752999608405,B,-11.493907928466797,1.0191995216566012e-05,1.0191995216566012e-05,1.0191995216566012e-05,-0.00011563969746930525,0.9998843669885428,0.9998843669885428,0.9998843669885428,-9.160894393920898,0.00010506888304277363,0.00010506888304277363,0.00010506888304277363
gemma4:12b,state_303,RGOCG12-50_12mm,12 mm round pin,round_pin,Gear_Medium,gear,False,False,False,../vlm_four_scene_20260925/input_crops/state_303/Gear_Medium.png,0264008996cc496e20e9692d5fd146e86bf33a1bb7ded63f53afc0e916d128ef,gemma4-12b/responses/state_303/RGOCG12-50_12mm/Gear_Medium.json,0.40289769996888936,B,-11.783533096313477,7.6291578192666605e-06,7.6291578192666605e-06,7.6291578192666605e-06,-0.0001044327873387374,0.9998955726655749,0.9998955726655749,0.9998955726655749,-9.24911880493164,9.619638250174336e-05,9.619638250174336e-05,9.619638250174336e-05
gemma4:12b,state_303,RGOCG8-50_8mm,8 mm round pin,round_pin,Gear_Medium,gear,False,False,False,../vlm_four_scene_20260925/input_crops/state_303/Gear_Medium.png,0264008996cc496e20e9692d5fd146e86bf33a1bb7ded63f53afc0e916d128ef,gemma4-12b/responses/state_303/RGOCG8-50_8mm/Gear_Medium.json,0.39784539997344837,B,-11.783533096313477,7.6291578192666605e-06,7.6291578192666605e-06,7.6291578192666605e-06,-0.0001044327873387374,0.9998955726655749,0.9998955726655749,0.9998955726655749,-9.24911880493164,9.619638250174336e-05,9.619638250174336e-05,9.619638250174336e-05
gemma4:12b,state_303,USB_Male,USB connector + cable,USB_Male,Gear_Medium,gear,False,False,False,../vlm_four_scene_20260925/input_crops/state_303/Gear_Medium.png,0264008996cc496e20e9692d5fd146e86bf33a1bb7ded63f53afc0e916d128ef,gemma4-12b/responses/state_303/USB_Male/Gear_Medium.json,1.1635291999555193,B,-16.226259231567383,8.974807739704801e-08,8.974807739704801e-08,8.974807739704801e-08,-2.4438202672172338e-05,0.9999755620959383,0.9999755620959383,0.9999755620959383,-10.630187034606934,2.4175108353027547e-05,2.4175108353027547e-05,2.4175108353027547e-05
gemma4:12b,state_303,DSUB_Male,DSUB connector,DSUB_Male,Gear_Medium,gear,False,False,False,../vlm_four_scene_20260925/input_crops/state_303/Gear_Medium.png,0264008996cc496e20e9692d5fd146e86bf33a1bb7ded63f53afc0e916d128ef,gemma4-12b/responses/state_303/DSUB_Male/Gear_Medium.json,1.133704799984116,B,-15.188338279724121,2.533894307379797e-07,2.533894307379797e-07,2.533894307379797e-07,-9.63257480179891e-05,0.9999036788911579,0.9999036788911579,0.9999036788911579,-9.25292682647705,9.58307611933198e-05,9.58307611933198e-05,9.58307611933198e-05
gemma4:12b,state_303,Gear_Large,Large gear,gear,Gear_Small,gear,False,True,False,../vlm_four_scene_20260925/input_crops/state_303/Gear_Small.png,a6cd20966d20d444c579237af1aaf1ad2879b7d4ba783c937f1ca7244ee9e529,gemma4-12b/responses/state_303/Gear_Large/Gear_Small.json,1.0237087999703363,A,-3.57628505298635e-06,0.9999964237213419,0.9999964237213419,0.9999964237213419,-13.915115356445312,9.051950818279625e-07,9.051950818279625e-07,9.051950818279625e-07,-14.485509872436523,5.117089285770931e-07,5.117089285770931e-07,5.117089285770931e-07
gemma4:12b,state_303,Gear_Medium,Medium gear,gear,Gear_Small,gear,False,True,False,../vlm_four_scene_20260925/input_crops/state_303/Gear_Small.png,a6cd20966d20d444c579237af1aaf1ad2879b7d4ba783c937f1ca7244ee9e529,gemma4-12b/responses/state_303/Gear_Medium/Gear_Small.json,0.4063107999972999,A,-2.98023678624304e-06,0.9999970197676546,0.9999970197676546,0.9999970197676546,-13.995466232299805,8.353072361389711e-07,8.353072361389711e-07,8.353072361389711e-07,-14.655678749084473,4.316379196583686e-07,4.316379196583686e-07,4.316379196583686e-07
gemma4:12b,state_303,Gear_Small,Small gear,gear,Gear_Small,gear,True,True,False,../vlm_four_scene_20260925/input_crops/state_303/Gear_Small.png,a6cd20966d20d444c579237af1aaf1ad2879b7d4ba783c937f1ca7244ee9e529,gemma4-12b/responses/state_303/Gear_Small/Gear_Small.json,0.4149420000030659,A,-2.98023678624304e-06,0.9999970197676546,0.9999970197676546,0.9999970197676546,-13.995466232299805,8.353072361389711e-07,8.353072361389711e-07,8.353072361389711e-07,-14.655678749084473,4.316379196583686e-07,4.316379196583686e-07,4.316379196583686e-07
gemma4:12b,state_303,Waterproof_Male,Waterproof connector,Waterproof_Male,Gear_Small,gear,False,False,False,../vlm_four_scene_20260925/input_crops/state_303/Gear_Small.png,a6cd20966d20d444c579237af1aaf1ad2879b7d4ba783c937f1ca7244ee9e529,gemma4-12b/responses/state_303/Waterproof_Male/Gear_Small.json,1.1948463000007905,B,-14.144363403320312,7.197489233511175e-07,7.197489233511175e-07,7.197489233511175e-07,-0.00015140726463869214,0.9998486041968627,0.9998486041968627,0.9998486041968627,-8.802563667297363,0.00015034714055547888,0.00015034714055547888,0.00015034714055547888
gemma4:12b,state_303,M12_Hex_Nut,M12 hex nut,hex_nut,Gear_Small,gear,False,False,False,../vlm_four_scene_20260925/input_crops/state_303/Gear_Small.png,a6cd20966d20d444c579237af1aaf1ad2879b7d4ba783c937f1ca7244ee9e529,gemma4-12b/responses/state_303/M12_Hex_Nut/Gear_Small.json,1.1259021000005305,B,-16.121440887451172,9.966603525767542e-08,9.966603525767542e-08,9.966603525767542e-08,-3.576279254957626e-07,0.9999996423721385,0.9999996423721385,0.9999996423721385,-15.405304908752441,2.0396755318800472e-07,2.0396755318800472e-07,2.0396755318800472e-07
gemma4:12b,state_303,M16_Hex_Nut,M16 hex nut,hex_nut,Gear_Small,gear,False,False,False,../vlm_four_scene_20260925/input_crops/state_303/Gear_Small.png,a6cd20966d20d444c579237af1aaf1ad2879b7d4ba783c937f1ca7244ee9e529,gemma4-12b/responses/state_303/M16_Hex_Nut/Gear_Small.json,0.4038130000117235,B,-15.97175407409668,1.1575915270084888e-07,1.1575915270084888e-07,1.1575915270084888e-07,-3.576279254957626e-07,0.9999996423721385,0.9999996423721385,0.9999996423721385,-15.289100646972656,2.2910151218281789e-07,2.2910151218281789e-07,2.2910151218281789e-07
gemma4:12b,state_303,RGOCG16-50_16mm,16 mm round pin,round_pin,Gear_Small,gear,False,False,False,../vlm_four_scene_20260925/input_crops/state_303/Gear_Small.png,a6cd20966d20d444c579237af1aaf1ad2879b7d4ba783c937f1ca7244ee9e529,gemma4-12b/responses/state_303/RGOCG16-50_16mm/Gear_Small.json,1.0955044000293128,B,-13.670475959777832,1.1560795678325257e-06,1.1560795678325257e-06,1.1560795678325257e-06,-1.9312092263135128e-05,0.9999806880942141,0.9999806880942141,0.9999806880942141,-10.938675880432129,1.7757974409355496e-05,1.7757974409355496e-05,1.7757974409355496e-05
gemma4:12b,state_303,RGOCG12-50_12mm,12 mm round pin,round_pin,Gear_Small,gear,False,False,False,../vlm_four_scene_20260925/input_crops/state_303/Gear_Small.png,a6cd20966d20d444c579237af1aaf1ad2879b7d4ba783c937f1ca7244ee9e529,gemma4-12b/responses/state_303/RGOCG12-50_12mm/Gear_Small.json,0.38697059999685735,B,-13.864583015441895,9.521121395550652e-07,9.521121395550652e-07,9.521121395550652e-07,-1.2993897144042421e-05,0.9999870061872763,0.9999870061872763,0.9999870061872763,-11.36233139038086,1.1625246639895049e-05,1.1625246639895049e-05,1.1625246639895049e-05
gemma4:12b,state_303,RGOCG8-50_8mm,8 mm round pin,round_pin,Gear_Small,gear,False,False,False,../vlm_four_scene_20260925/input_crops/state_303/Gear_Small.png,a6cd20966d20d444c579237af1aaf1ad2879b7d4ba783c937f1ca7244ee9e529,gemma4-12b/responses/state_303/RGOCG8-50_8mm/Gear_Small.json,0.3981686000479385,B,-13.864583015441895,9.521121395550652e-07,9.521121395550652e-07,9.521121395550652e-07,-1.2993897144042421e-05,0.9999870061872763,0.9999870061872763,0.9999870061872763,-11.36233139038086,1.1625246639895049e-05,1.1625246639895049e-05,1.1625246639895049e-05
gemma4:12b,state_303,USB_Male,USB connector + cable,USB_Male,Gear_Small,gear,False,False,False,../vlm_four_scene_20260925/input_crops/state_303/Gear_Small.png,a6cd20966d20d444c579237af1aaf1ad2879b7d4ba783c937f1ca7244ee9e529,gemma4-12b/responses/state_303/USB_Male/Gear_Small.json,1.177375800034497,B,-16.75227165222168,5.303723344460546e-08,5.303723344460546e-08,5.303723344460546e-08,-1.8835246009984985e-05,0.9999811649313721,0.9999811649313721,0.9999811649313721,-10.882904052734375,1.8776507835353374e-05,1.8776507835353374e-05,1.8776507835353374e-05
gemma4:12b,state_303,DSUB_Male,DSUB connector,DSUB_Male,Gear_Small,gear,False,False,False,../vlm_four_scene_20260925/input_crops/state_303/Gear_Small.png,a6cd20966d20d444c579237af1aaf1ad2879b7d4ba783c937f1ca7244ee9e529,gemma4-12b/responses/state_303/DSUB_Male/Gear_Small.json,1.1207127999514341,B,-15.447729110717773,1.954953758547171e-07,1.954953758547171e-07,1.954953758547171e-07,-6.604412919841707e-05,0.9999339580516671,0.9999339580516671,0.9999339580516671,-9.632850646972656,6.553995200644859e-05,6.553995200644859e-05,6.553995200644859e-05
gemma4:12b,state_303,Gear_Large,Large gear,gear,Waterproof_Male,Waterproof_Male,False,False,False,../vlm_four_scene_20260925/input_crops/state_303/Waterproof_Male.png,501944f5a366194deaf0627005d87557bb79cd97c1413a8f7396ce4a6b8a3e7f,gemma4-12b/responses/state_303/Gear_Large/Waterproof_Male.json,1.0215267000021413,B,-13.110132217407227,2.024612533071072e-06,2.024612533071072e-06,2.024612533071072e-06,-0.0032924911938607693,0.9967129231114559,0.9967129231114559,0.9967129231114559,-5.718464374542236,0.0032847511788973356,0.0032847511788973356,0.0032847511788973356
gemma4:12b,state_303,Gear_Medium,Medium gear,gear,Waterproof_Male,Waterproof_Male,False,False,False,../vlm_four_scene_20260925/input_crops/state_303/Waterproof_Male.png,501944f5a366194deaf0627005d87557bb79cd97c1413a8f7396ce4a6b8a3e7f,gemma4-12b/responses/state_303/Gear_Medium/Waterproof_Male.json,0.39073590002954006,B,-13.34196949005127,1.6056699244601075e-06,1.6056699244601075e-06,1.6056699244601075e-06,-0.002880844520404935,0.9971233011302233,0.9971233011302233,0.9971233011302233,-5.8518524169921875,0.0028745693220155544,0.0028745693220155544,0.0028745693220155544
gemma4:12b,state_303,Gear_Small,Small gear,gear,Waterproof_Male,Waterproof_Male,False,False,False,../vlm_four_scene_20260925/input_crops/state_303/Waterproof_Male.png,501944f5a366194deaf0627005d87557bb79cd97c1413a8f7396ce4a6b8a3e7f,gemma4-12b/responses/state_303/Gear_Small/Waterproof_Male.json,0.40819300001021475,B,-13.34196949005127,1.6056699244601075e-06,1.6056699244601075e-06,1.6056699244601075e-06,-0.002880844520404935,0.9971233011302233,0.9971233011302233,0.9971233011302233,-5.8518524169921875,0.0028745693220155544,0.0028745693220155544,0.0028745693220155544
gemma4:12b,state_303,Waterproof_Male,Waterproof connector,Waterproof_Male,Waterproof_Male,Waterproof_Male,True,True,False,../vlm_four_scene_20260925/input_crops/state_303/Waterproof_Male.png,501944f5a366194deaf0627005d87557bb79cd97c1413a8f7396ce4a6b8a3e7f,gemma4-12b/responses/state_303/Waterproof_Male/Waterproof_Male.json,1.1158950999961235,A,-6.07969241173123e-06,0.9999939203260696,0.9999939203260696,0.9999939203260696,-12.858128547668457,2.604868021254092e-06,2.604868021254092e-06,2.604868021254092e-06,-13.089362144470215,2.067103627083619e-06,2.067103627083619e-06,2.067103627083619e-06
gemma4:12b,state_303,M12_Hex_Nut,M12 hex nut,hex_nut,Waterproof_Male,Waterproof_Male,False,False,False,../vlm_four_scene_20260925/input_crops/state_303/Waterproof_Male.png,501944f5a366194deaf0627005d87557bb79cd97c1413a8f7396ce4a6b8a3e7f,gemma4-12b/responses/state_303/M12_Hex_Nut/Waterproof_Male.json,1.1324832000536844,B,-13.449543952941895,1.441907089395501e-06,1.441907089395501e-06,1.441907089395501e-06,-0.0020817117765545845,0.9979204534826632,0.9979204534826632,0.9979204534826632,-6.176436424255371,0.0020778191430101648,0.0020778191430101648,0.0020778191430101648
gemma4:12b,state_303,M16_Hex_Nut,M16 hex nut,hex_nut,Waterproof_Male,Waterproof_Male,False,False,False,../vlm_four_scene_20260925/input_crops/state_303/Waterproof_Male.png,501944f5a366194deaf0627005d87557bb79cd97c1413a8f7396ce4a6b8a3e7f,gemma4-12b/responses/state_303/M16_Hex_Nut/Waterproof_Male.json,0.3865280000027269,B,-13.52588939666748,1.33592129345808e-06,1.33592129345808e-06,1.33592129345808e-06,-0.0010896895546466112,0.9989109039414211,0.9989109039414211,0.9989109039414211,-6.82371187210083,0.0010876761054117725,0.0010876761054117725,0.0010876761054117725
gemma4:12b,state_303,RGOCG16-50_16mm,16 mm round pin,round_pin,Waterproof_Male,Waterproof_Male,False,False,False,../vlm_four_scene_20260925/input_crops/state_303/Waterproof_Male.png,501944f5a366194deaf0627005d87557bb79cd97c1413a8f7396ce4a6b8a3e7f,gemma4-12b/responses/state_303/RGOCG16-50_16mm/Waterproof_Male.json,1.095468699990306,B,-13.727418899536133,1.0920882165301938e-06,1.0920882165301938e-06,1.0920882165301938e-06,-0.0005164287867955863,0.9994837045395981,0.9994837045395981,0.9994837045395981,-7.57136869430542,0.0005149871061038987,0.0005149871061038987,0.0005149871061038987
gemma4:12b,state_303,RGOCG12-50_12mm,12 mm round pin,round_pin,Waterproof_Male,Waterproof_Male,False,False,False,../vlm_four_scene_20260925/input_crops/state_303/Waterproof_Male.png,501944f5a366194deaf0627005d87557bb79cd97c1413a8f7396ce4a6b8a3e7f,gemma4-12b/responses/state_303/RGOCG12-50_12mm/Waterproof_Male.json,0.3904048000113107,B,-13.245071411132812,1.769043750836609e-06,1.769043750836609e-06,1.769043750836609e-06,-0.0005407006829045713,0.9994594454693669,0.9994594454693669,0.9994594454693669,-7.5267486572265625,0.0005384862168064702,0.0005384862168064702,0.0005384862168064702
gemma4:12b,state_303,RGOCG8-50_8mm,8 mm round pin,round_pin,Waterproof_Male,Waterproof_Male,False,False,False,../vlm_four_scene_20260925/input_crops/state_303/Waterproof_Male.png,501944f5a366194deaf0627005d87557bb79cd97c1413a8f7396ce4a6b8a3e7f,gemma4-12b/responses/state_303/RGOCG8-50_8mm/Waterproof_Male.json,0.4198878000024706,B,-13.245071411132812,1.769043750836609e-06,1.769043750836609e-06,1.769043750836609e-06,-0.0005407006829045713,0.9994594454693669,0.9994594454693669,0.9994594454693669,-7.5267486572265625,0.0005384862168064702,0.0005384862168064702,0.0005384862168064702
gemma4:12b,state_303,USB_Male,USB connector + cable,USB_Male,Waterproof_Male,Waterproof_Male,False,False,False,../vlm_four_scene_20260925/input_crops/state_303/Waterproof_Male.png,501944f5a366194deaf0627005d87557bb79cd97c1413a8f7396ce4a6b8a3e7f,gemma4-12b/responses/state_303/USB_Male/Waterproof_Male.json,1.1750364999752492,B,-15.425199508666992,1.9994979864777037e-07,1.9994979864777037e-07,1.9994979864777037e-07,-0.00018342031398788095,0.9998165965064895,0.9998165965064895,0.9998165965064895,-8.605321884155273,0.00018312860650616133,0.00018312860650616133,0.00018312860650616133
gemma4:12b,state_303,DSUB_Male,DSUB connector,DSUB_Male,Waterproof_Male,Waterproof_Male,False,False,False,../vlm_four_scene_20260925/input_crops/state_303/Waterproof_Male.png,501944f5a366194deaf0627005d87557bb79cd97c1413a8f7396ce4a6b8a3e7f,gemma4-12b/responses/state_303/DSUB_Male/Waterproof_Male.json,1.1328500999952666,A,-0.03301739692687988,0.9675217275378708,0.9675217275378708,0.9675217275378708,-3.7058212757110596,0.024580022100703716,0.024580022100703716,0.024580022100703716,-4.841493129730225,0.007895256603862292,0.007895256603862292,0.007895256603862292
gemma4:12b,state_303,Gear_Large,Large gear,gear,M12_Hex_Nut,hex_nut,False,False,False,../vlm_four_scene_20260925/input_crops/state_303/M12_Hex_Nut.png,baedfe7904344e7e4677127433e020ed849aa2b1eb60d26e01f65855ed1d0aca,gemma4-12b/responses/state_303/Gear_Large/M12_Hex_Nut.json,1.0387077000341378,B,-8.303361892700195,0.000247682743037187,0.000247682743037187,0.000247682743037187,-0.006832823157310486,0.9931904675016631,0.9931904675016631,0.9931904675016631,-5.026621341705322,0.006560940340534486,0.006560940340534486,0.006560940340534486
gemma4:12b,state_303,Gear_Medium,Medium gear,gear,M12_Hex_Nut,hex_nut,False,False,False,../vlm_four_scene_20260925/input_crops/state_303/M12_Hex_Nut.png,baedfe7904344e7e4677127433e020ed849aa2b1eb60d26e01f65855ed1d0aca,gemma4-12b/responses/state_303/Gear_Medium/M12_Hex_Nut.json,0.41779249999672174,B,-8.191915512084961,0.0002768830032096671,0.0002768830032096671,0.0002768830032096671,-0.006328178569674492,0.9936918021828568,0.9936918021828568,0.9936918021828568,-5.110875606536865,0.00603080000315197,0.00603080000315197,0.00603080000315197
gemma4:12b,state_303,Gear_Small,Small gear,gear,M12_Hex_Nut,hex_nut,False,False,False,../vlm_four_scene_20260925/input_crops/state_303/M12_Hex_Nut.png,baedfe7904344e7e4677127433e020ed849aa2b1eb60d26e01f65855ed1d0aca,gemma4-12b/responses/state_303/Gear_Small/M12_Hex_Nut.json,0.4311508000246249,B,-8.191915512084961,0.0002768830032096671,0.0002768830032096671,0.0002768830032096671,-0.006328178569674492,0.9936918021828568,0.9936918021828568,0.9936918021828568,-5.110875606536865,0.00603080000315197,0.00603080000315197,0.00603080000315197
gemma4:12b,state_303,Waterproof_Male,Waterproof connector,Waterproof_Male,M12_Hex_Nut,hex_nut,False,False,False,../vlm_four_scene_20260925/input_crops/state_303/M12_Hex_Nut.png,baedfe7904344e7e4677127433e020ed849aa2b1eb60d26e01f65855ed1d0aca,gemma4-12b/responses/state_303/Waterproof_Male/M12_Hex_Nut.json,1.2706429000245407,A,-0.04511430487036705,0.9558882129099717,0.9558882129099717,0.9558882129099717,-4.667959213256836,0.009391415860556905,0.009391415860556905,0.009391415860556905,-3.360564947128296,0.03471564090204734,0.03471564090204734,0.03471564090204734
gemma4:12b,state_303,M12_Hex_Nut,M12 hex nut,hex_nut,M12_Hex_Nut,hex_nut,True,True,False,../vlm_four_scene_20260925/input_crops/state_303/M12_Hex_Nut.png,baedfe7904344e7e4677127433e020ed849aa2b1eb60d26e01f65855ed1d0aca,gemma4-12b/responses/state_303/M12_Hex_Nut/M12_Hex_Nut.json,1.1597706999746151,A,-2.849142583727371e-05,0.9999715089800395,0.9999715089800395,0.9999715089800395,-10.634933471679688,2.4060634608626672e-05,2.4060634608626672e-05,2.4060634608626672e-05,-12.63547134399414,3.254501822324682e-06,3.254501822324682e-06,3.254501822324682e-06
gemma4:12b,state_303,M16_Hex_Nut,M16 hex nut,hex_nut,M12_Hex_Nut,hex_nut,False,True,False,../vlm_four_scene_20260925/input_crops/state_303/M12_Hex_Nut.png,baedfe7904344e7e4677127433e020ed849aa2b1eb60d26e01f65855ed1d0aca,gemma4-12b/responses/state_303/M16_Hex_Nut/M12_Hex_Nut.json,0.3871810000273399,A,-2.8729851692332886e-05,0.9999712705610059,0.9999712705610059,0.9999712705610059,-10.618416786193848,2.446133656788456e-05,2.446133656788456e-05,2.446133656788456e-05,-12.67209529876709,3.1374653456858807e-06,3.1374653456858807e-06,3.1374653456858807e-06
gemma4:12b,state_303,RGOCG16-50_16mm,16 mm round pin,round_pin,M12_Hex_Nut,hex_nut,False,False,False,../vlm_four_scene_20260925/input_crops/state_303/M12_Hex_Nut.png,baedfe7904344e7e4677127433e020ed849aa2b1eb60d26e01f65855ed1d0aca,gemma4-12b/responses/state_303/RGOCG16-50_16mm/M12_Hex_Nut.json,1.10139079997316,B,-14.249885559082031,6.476693332162431e-07,6.476693332162431e-07,6.476693332162431e-07,-1.0848104466276709e-05,0.9999891519543742,0.9999891519543742,0.9999891519543742,-11.508749008178711,1.0041851903413815e-05,1.0041851903413815e-05,1.0041851903413815e-05
gemma4:12b,state_303,RGOCG12-50_12mm,12 mm round pin,round_pin,M12_Hex_Nut,hex_nut,False,False,False,../vlm_four_scene_20260925/input_crops/state_303/M12_Hex_Nut.png,baedfe7904344e7e4677127433e020ed849aa2b1eb60d26e01f65855ed1d0aca,gemma4-12b/responses/state_303/RGOCG12-50_12mm/M12_Hex_Nut.json,0.3883586000301875,B,-13.593469619750977,1.2486224931919457e-06,1.2486224931919457e-06,1.2486224931919457e-06,-1.3351529560168274e-05,0.9999866485595711,0.9999866485595711,0.9999866485595711,-11.334329605102539,1.1955374818455163e-05,1.1955374818455163e-05,1.1955374818455163e-05
gemma4:12b,state_303,RGOCG8-50_8mm,8 mm round pin,round_pin,M12_Hex_Nut,hex_nut,False,False,False,../vlm_four_scene_20260925/input_crops/state_303/M12_Hex_Nut.png,baedfe7904344e7e4677127433e020ed849aa2b1eb60d26e01f65855ed1d0aca,gemma4-12b/responses/state_303/RGOCG8-50_8mm/M12_Hex_Nut.json,0.4093681999947876,B,-13.593469619750977,1.2486224931919457e-06,1.2486224931919457e-06,1.2486224931919457e-06,-1.3351529560168274e-05,0.9999866485595711,0.9999866485595711,0.9999866485595711,-11.334329605102539,1.1955374818455163e-05,1.1955374818455163e-05,1.1955374818455163e-05
gemma4:12b,state_303,USB_Male,USB connector + cable,USB_Male,M12_Hex_Nut,hex_nut,False,False,False,../vlm_four_scene_20260925/input_crops/state_303/M12_Hex_Nut.png,baedfe7904344e7e4677127433e020ed849aa2b1eb60d26e01f65855ed1d0aca,gemma4-12b/responses/state_303/USB_Male/M12_Hex_Nut.json,1.1662056000204757,B,-15.886548042297363,1.2605493382151253e-07,1.2605493382151253e-07,1.2605493382151253e-07,-6.020250293659046e-05,0.9999397993091977,0.9999397993091977,0.9999397993091977,-9.718989372253418,6.013073964319749e-05,6.013073964319749e-05,6.013073964319749e-05
gemma4:12b,state_303,DSUB_Male,DSUB connector,DSUB_Male,M12_Hex_Nut,hex_nut,False,False,False,../vlm_four_scene_20260925/input_crops/state_303/M12_Hex_Nut.png,baedfe7904344e7e4677127433e020ed849aa2b1eb60d26e01f65855ed1d0aca,gemma4-12b/responses/state_303/DSUB_Male/M12_Hex_Nut.json,1.1170656000031158,A,-0.26056626439094543,0.770615090344525,0.770615090344525,0.770615090344525,-1.8545660972595215,0.1565208427654897,0.1565208427654897,0.1565208427654897,-2.6191935539245605,0.07286159809067157,0.07286159809067157,0.07286159809067157
gemma4:12b,state_303,Gear_Large,Large gear,gear,M16_Hex_Nut,hex_nut,False,False,False,../vlm_four_scene_20260925/input_crops/state_303/M16_Hex_Nut.png,833d5826b6258166aa076165f38a3b094d64d204a81c4b806c996e3191b00983,gemma4-12b/responses/state_303/Gear_Large/M16_Hex_Nut.json,1.0654426999972202,B,-3.9485650062561035,0.019282351986170152,0.019282351986170152,0.019282351986170152,-0.29362544417381287,0.7455556913799963,0.7455556913799963,0.7455556913799963,-1.4475065469741821,0.23515590789272706,0.23515590789272706,0.23515590789272706
gemma4:12b,state_303,Gear_Medium,Medium gear,gear,M16_Hex_Nut,hex_nut,False,False,False,../vlm_four_scene_20260925/input_crops/state_303/M16_Hex_Nut.png,833d5826b6258166aa076165f38a3b094d64d204a81c4b806c996e3191b00983,gemma4-12b/responses/state_303/Gear_Medium/M16_Hex_Nut.json,0.3946224999963306,B,-3.945706367492676,0.019337552126047233,0.019337552126047233,0.019337552126047233,-0.2270316481590271,0.7968955616135859,0.7968955616135859,0.7968955616135859,-1.694116473197937,0.1837615155490906,0.1837615155490906,0.1837615155490906
gemma4:12b,state_303,Gear_Small,Small gear,gear,M16_Hex_Nut,hex_nut,False,False,False,../vlm_four_scene_20260925/input_crops/state_303/M16_Hex_Nut.png,833d5826b6258166aa076165f38a3b094d64d204a81c4b806c996e3191b00983,gemma4-12b/responses/state_303/Gear_Small/M16_Hex_Nut.json,0.45273820002330467,B,-3.945706367492676,0.019337552126047233,0.019337552126047233,0.019337552126047233,-0.2270316481590271,0.7968955616135859,0.7968955616135859,0.7968955616135859,-1.694116473197937,0.1837615155490906,0.1837615155490906,0.1837615155490906
gemma4:12b,state_303,Waterproof_Male,Waterproof connector,Waterproof_Male,M16_Hex_Nut,hex_nut,False,False,False,../vlm_four_scene_20260925/input_crops/state_303/M16_Hex_Nut.png,833d5826b6258166aa076165f38a3b094d64d204a81c4b806c996e3191b00983,gemma4-12b/responses/state_303/Waterproof_Male/M16_Hex_Nut.json,1.2373213999671862,C,-3.483304500579834,0.030705775944220234,0.030705775944220234,0.030705775944220234,-1.447221279144287,0.23522299987739606,0.23522299987739606,0.23522299987739606,-0.3091559112071991,0.7340663119389874,0.7340663119389874,0.7340663119389874
gemma4:12b,state_303,M12_Hex_Nut,M12 hex nut,hex_nut,M16_Hex_Nut,hex_nut,False,True,False,../vlm_four_scene_20260925/input_crops/state_303/M16_Hex_Nut.png,833d5826b6258166aa076165f38a3b094d64d204a81c4b806c996e3191b00983,gemma4-12b/responses/state_303/M12_Hex_Nut/M16_Hex_Nut.json,1.1686466000392102,A,-3.9697482861811295e-05,0.9999603033050728,0.9999603033050728,0.9999603033050728,-10.21191120147705,3.6730201892716794e-05,3.6730201892716794e-05,3.6730201892716794e-05,-13.177353858947754,1.8929883141482798e-06,1.8929883141482798e-06,1.8929883141482798e-06
gemma4:12b,state_303,M16_Hex_Nut,M16 hex nut,hex_nut,M16_Hex_Nut,hex_nut,True,True,False,../vlm_four_scene_20260925/input_crops/state_303/M16_Hex_Nut.png,833d5826b6258166aa076165f38a3b094d64d204a81c4b806c996e3191b00983,gemma4-12b/responses/state_303/M16_Hex_Nut/M16_Hex_Nut.json,0.3918361000251025,A,-3.886298509314656e-05,0.9999611377700629,0.9999611377700629,0.9999611377700629,-10.271997451782227,3.458821808092819e-05,3.458821808092819e-05,3.458821808092819e-05,-12.792619705200195,2.7812232607228577e-06,2.7812232607228577e-06,2.7812232607228577e-06
gemma4:12b,state_303,RGOCG16-50_16mm,16 mm round pin,round_pin,M16_Hex_Nut,hex_nut,False,False,False,../vlm_four_scene_20260925/input_crops/state_303/M16_Hex_Nut.png,833d5826b6258166aa076165f38a3b094d64d204a81c4b806c996e3191b00983,gemma4-12b/responses/state_303/RGOCG16-50_16mm/M16_Hex_Nut.json,1.1080728000379167,B,-13.654218673706055,1.1750278909089813e-06,1.1750278909089813e-06,1.1750278909089813e-06,-4.0174338209908456e-05,0.999959826468768,0.999959826468768,0.999959826468768,-10.163150787353516,3.856556464296778e-05,3.856556464296778e-05,3.856556464296778e-05
gemma4:12b,state_303,RGOCG12-50_12mm,12 mm round pin,round_pin,M16_Hex_Nut,hex_nut,False,False,False,../vlm_four_scene_20260925/input_crops/state_303/M16_Hex_Nut.png,833d5826b6258166aa076165f38a3b094d64d204a81c4b806c996e3191b00983,gemma4-12b/responses/state_303/RGOCG12-50_12mm/M16_Hex_Nut.json,0.39363970002159476,B,-13.540765762329102,1.3161947333616588e-06,1.3161947333616588e-06,1.3161947333616588e-06,-3.850534267257899e-05,0.9999614953986486,0.9999614953986486,0.9999614953986486,-10.212617874145508,3.67042548320514e-05,3.67042548320514e-05,3.67042548320514e-05
gemma4:12b,state_303,RGOCG8-50_8mm,8 mm round pin,round_pin,M16_Hex_Nut,hex_nut,False,False,False,../vlm_four_scene_20260925/input_crops/state_303/M16_Hex_Nut.png,833d5826b6258166aa076165f38a3b094d64d204a81c4b806c996e3191b00983,gemma4-12b/responses/state_303/RGOCG8-50_8mm/M16_Hex_Nut.json,0.3951952999923378,B,-13.540765762329102,1.3161947333616588e-06,1.3161947333616588e-06,1.3161947333616588e-06,-3.850534267257899e-05,0.9999614953986486,0.9999614953986486,0.9999614953986486,-10.212617874145508,3.67042548320514e-05,3.67042548320514e-05,3.67042548320514e-05
gemma4:12b,state_303,USB_Male,USB connector + cable,USB_Male,M16_Hex_Nut,hex_nut,False,False,False,../vlm_four_scene_20260925/input_crops/state_303/M16_Hex_Nut.png,833d5826b6258166aa076165f38a3b094d64d204a81c4b806c996e3191b00983,gemma4-12b/responses/state_303/USB_Male/M16_Hex_Nut.json,1.1896664000232704,B,-16.29779815673828,8.355187364368836e-08,8.355187364368836e-08,8.355187364368836e-08,-0.00015307644207496196,0.9998469352735257,0.9998469352735257,0.9998469352735257,-8.785338401794434,0.0001529593433237476,0.0001529593433237476,0.0001529593433237476
gemma4:12b,state_303,DSUB_Male,DSUB connector,DSUB_Male,M16_Hex_Nut,hex_nut,False,False,False,../vlm_four_scene_20260925/input_crops/state_303/M16_Hex_Nut.png,833d5826b6258166aa076165f38a3b094d64d204a81c4b806c996e3191b00983,gemma4-12b/responses/state_303/DSUB_Male/M16_Hex_Nut.json,1.1282177000539377,B,-10.701671600341797,2.2507283267817768e-05,2.2507283267817768e-05,2.2507283267817768e-05,-0.014635085128247738,0.985471487198307,0.985471487198307,0.985471487198307,-4.233285903930664,0.014504651267412145,0.014504651267412145,0.014504651267412145
gemma4:12b,state_303,Gear_Large,Large gear,gear,RGOCG16-50_16mm,round_pin,False,False,False,../vlm_four_scene_20260925/input_crops/state_303/RGOCG16-50_16mm.png,2e39713dfb973c1a397f75571d18003b6276e302abf6a15d46a7d8e0985e5dae,gemma4-12b/responses/state_303/Gear_Large/RGOCG16-50_16mm.json,1.048015399952419,C,-11.798248291015625,7.517715237135677e-06,7.517715237135677e-06,7.517715237135677e-06,-1.2710058689117432,0.2805492840017996,0.2805492840017996,0.2805492840017996,-0.3292810022830963,0.7194408238260218,0.7194408238260218,0.7194408238260218
gemma4:12b,state_303,Gear_Medium,Medium gear,gear,RGOCG16-50_16mm,round_pin,False,False,False,../vlm_four_scene_20260925/input_crops/state_303/RGOCG16-50_16mm.png,2e39713dfb973c1a397f75571d18003b6276e302abf6a15d46a7d8e0985e5dae,gemma4-12b/responses/state_303/Gear_Medium/RGOCG16-50_16mm.json,0.38622300000861287,C,-12.062947273254395,5.769372282322704e-06,5.769372282322704e-06,5.769372282322704e-06,-1.2870680093765259,0.27607905879404787,0.27607905879404787,0.27607905879404787,-0.3230854272842407,0.7239120098893159,0.7239120098893159,0.7239120098893159
gemma4:12b,state_303,Gear_Small,Small gear,gear,RGOCG16-50_16mm,round_pin,False,False,False,../vlm_four_scene_20260925/input_crops/state_303/RGOCG16-50_16mm.png,2e39713dfb973c1a397f75571d18003b6276e302abf6a15d46a7d8e0985e5dae,gemma4-12b/responses/state_303/Gear_Small/RGOCG16-50_16mm.json,0.39192839997122064,C,-12.062947273254395,5.769372282322704e-06,5.769372282322704e-06,5.769372282322704e-06,-1.2870680093765259,0.27607905879404787,0.27607905879404787,0.27607905879404787,-0.3230854272842407,0.7239120098893159,0.7239120098893159,0.7239120098893159
gemma4:12b,state_303,Waterproof_Male,Waterproof connector,Waterproof_Male,RGOCG16-50_16mm,round_pin,False,False,False,../vlm_four_scene_20260925/input_crops/state_303/RGOCG16-50_16mm.png,2e39713dfb973c1a397f75571d18003b6276e302abf6a15d46a7d8e0985e5dae,gemma4-12b/responses/state_303/Waterproof_Male/RGOCG16-50_16mm.json,1.1119875999866053,C,-13.200267791748047,1.8501056882018913e-06,1.8501056882018913e-06,1.8501056882018913e-06,-3.6280479431152344,0.026567996062422296,0.026567996062422296,0.026567996062422296,-0.026931773871183395,0.9734276524592409,0.9734276524592409,0.9734276524592409
gemma4:12b,state_303,M12_Hex_Nut,M12 hex nut,hex_nut,RGOCG16-50_16mm,round_pin,False,False,False,../vlm_four_scene_20260925/input_crops/state_303/RGOCG16-50_16mm.png,2e39713dfb973c1a397f75571d18003b6276e302abf6a15d46a7d8e0985e5dae,gemma4-12b/responses/state_303/M12_Hex_Nut/RGOCG16-50_16mm.json,1.0877881000051275,B,-14.344573020935059,5.891570673985971e-07,5.891570673985971e-07,5.891570673985971e-07,-6.830925849499181e-05,0.9999316930745293,0.9999316930745293,0.9999316930745293,-9.603924751281738,6.746343899938195e-05,6.746343899938195e-05,6.746343899938195e-05
gemma4:12b,state_303,M16_Hex_Nut,M16 hex nut,hex_nut,RGOCG16-50_16mm,round_pin,False,False,False,../vlm_four_scene_20260925/input_crops/state_303/RGOCG16-50_16mm.png,2e39713dfb973c1a397f75571d18003b6276e302abf6a15d46a7d8e0985e5dae,gemma4-12b/responses/state_303/M16_Hex_Nut/RGOCG16-50_16mm.json,0.39565869997022673,B,-14.425102233886719,5.435727776191213e-07,5.435727776191213e-07,5.435727776191213e-07,-5.006915671401657e-05,0.9999499320967253,0.9999499320967253,0.9999499320967253,-9.919780731201172,4.91919418605966e-05,4.91919418605966e-05,4.91919418605966e-05
gemma4:12b,state_303,RGOCG16-50_16mm,16 mm round pin,round_pin,RGOCG16-50_16mm,round_pin,True,True,False,../vlm_four_scene_20260925/input_crops/state_303/RGOCG16-50_16mm.png,2e39713dfb973c1a397f75571d18003b6276e302abf6a15d46a7d8e0985e5dae,gemma4-12b/responses/state_303/RGOCG16-50_16mm/RGOCG16-50_16mm.json,1.1113096000044607,A,-2.3841887468734058e-06,0.9999976158140953,0.9999976158140953,0.9999976158140953,-15.1625394821167,2.6001162845172033e-07,2.6001162845172033e-07,2.6001162845172033e-07,-15.00277042388916,3.0505601426017353e-07,3.0505601426017353e-07,3.0505601426017353e-07
gemma4:12b,state_303,RGOCG12-50_12mm,12 mm round pin,round_pin,RGOCG16-50_16mm,round_pin,False,True,False,../vlm_four_scene_20260925/input_crops/state_303/RGOCG16-50_16mm.png,2e39713dfb973c1a397f75571d18003b6276e302abf6a15d46a7d8e0985e5dae,gemma4-12b/responses/state_303/RGOCG12-50_12mm/RGOCG16-50_16mm.json,0.39015499997185543,A,-2.5033982637978625e-06,0.9999974966048697,0.9999974966048697,0.9999974966048697,-15.031176567077637,2.9651246851144734e-07,2.9651246851144734e-07,2.9651246851144734e-07,-14.884044647216797,3.435117060155448e-07,3.435117060155448e-07,3.435117060155448e-07
gemma4:12b,state_303,RGOCG8-50_8mm,8 mm round pin,round_pin,RGOCG16-50_16mm,round_pin,False,True,False,../vlm_four_scene_20260925/input_crops/state_303/RGOCG16-50_16mm.png,2e39713dfb973c1a397f75571d18003b6276e302abf6a15d46a7d8e0985e5dae,gemma4-12b/responses/state_303/RGOCG8-50_8mm/RGOCG16-50_16mm.json,0.41237519995775074,A,-2.5033982637978625e-06,0.9999974966048697,0.9999974966048697,0.9999974966048697,-15.031176567077637,2.9651246851144734e-07,2.9651246851144734e-07,2.9651246851144734e-07,-14.884044647216797,3.435117060155448e-07,3.435117060155448e-07,3.435117060155448e-07
gemma4:12b,state_303,USB_Male,USB connector + cable,USB_Male,RGOCG16-50_16mm,round_pin,False,False,False,../vlm_four_scene_20260925/input_crops/state_303/RGOCG16-50_16mm.png,2e39713dfb973c1a397f75571d18003b6276e302abf6a15d46a7d8e0985e5dae,gemma4-12b/responses/state_303/USB_Male/RGOCG16-50_16mm.json,1.1871392999892123,B,-13.83000373840332,9.856113401460746e-07,9.856113401460746e-07,9.856113401460746e-07,-0.014133259654045105,0.9859661460004967,0.9859661460004967,0.9859661460004967,-4.2664594650268555,0.014031373882632082,0.014031373882632082,0.014031373882632082
gemma4:12b,state_303,DSUB_Male,DSUB connector,DSUB_Male,RGOCG16-50_16mm,round_pin,False,False,False,../vlm_four_scene_20260925/input_crops/state_303/RGOCG16-50_16mm.png,2e39713dfb973c1a397f75571d18003b6276e302abf6a15d46a7d8e0985e5dae,gemma4-12b/responses/state_303/DSUB_Male/RGOCG16-50_16mm.json,1.1671011000289582,C,-12.87452220916748,2.562512823633521e-06,2.562512823633521e-06,2.562512823633521e-06,-4.528425693511963,0.010797661527677664,0.010797661527677664,0.010797661527677664,-0.010861820541322231,0.9891969560320668,0.9891969560320668,0.9891969560320668
gemma4:12b,state_303,Gear_Large,Large gear,gear,RGOCG12-50_12mm,round_pin,False,False,False,../vlm_four_scene_20260925/input_crops/state_303/RGOCG12-50_12mm.png,19c2e56726b6c4c558e00423b8424cb9c8381da2b6403a2430431ec5bf3f6612,gemma4-12b/responses/state_303/Gear_Large/RGOCG12-50_12mm.json,1.0854348999564536,B,-12.448149681091309,3.9249785131902936e-06,3.9249785131902936e-06,3.9249785131902936e-06,-0.23149795830249786,0.7933443152705775,0.7933443152705775,0.7933443152705775,-1.5767356157302856,0.2066485787269654,0.2066485787269654,0.2066485787269654
gemma4:12b,state_303,Gear_Medium,Medium gear,gear,RGOCG12-50_12mm,round_pin,False,False,False,../vlm_four_scene_20260925/input_crops/state_303/RGOCG12-50_12mm.png,19c2e56726b6c4c558e00423b8424cb9c8381da2b6403a2430431ec5bf3f6612,gemma4-12b/responses/state_303/Gear_Medium/RGOCG12-50_12mm.json,0.39381429995410144,B,-12.189810752868652,5.081974184510023e-06,5.081974184510023e-06,5.081974184510023e-06,-0.13556212186813354,0.8732249148804885,0.8732249148804885,0.8732249148804885,-2.0653984546661377,0.1267677692942537,0.1267677692942537,0.1267677692942537
gemma4:12b,state_303,Gear_Small,Small gear,gear,RGOCG12-50_12mm,round_pin,False,False,False,../vlm_four_scene_20260925/input_crops/state_303/RGOCG12-50_12mm.png,19c2e56726b6c4c558e00423b8424cb9c8381da2b6403a2430431ec5bf3f6612,gemma4-12b/responses/state_303/Gear_Small/RGOCG12-50_12mm.json,0.3978503000107594,B,-12.189810752868652,5.081974184510023e-06,5.081974184510023e-06,5.081974184510023e-06,-0.13556212186813354,0.8732249148804885,0.8732249148804885,0.8732249148804885,-2.0653984546661377,0.1267677692942537,0.1267677692942537,0.1267677692942537
gemma4:12b,state_303,Waterproof_Male,Waterproof connector,Waterproof_Male,RGOCG12-50_12mm,round_pin,False,False,False,../vlm_four_scene_20260925/input_crops/state_303/RGOCG12-50_12mm.png,19c2e56726b6c4c558e00423b8424cb9c8381da2b6403a2430431ec5bf3f6612,gemma4-12b/responses/state_303/Waterproof_Male/RGOCG12-50_12mm.json,1.1922113000182435,C,-13.043177604675293,2.164810769592015e-06,2.164810769592015e-06,2.164810769592015e-06,-3.4142839908599854,0.03289995493857302,0.03289995493857302,0.03289995493857302,-0.033459823578596115,0.9670937648175311,0.9670937648175311,0.9670937648175311
gemma4:12b,state_303,M12_Hex_Nut,M12 hex nut,hex_nut,RGOCG12-50_12mm,round_pin,False,False,False,../vlm_four_scene_20260925/input_crops/state_303/RGOCG12-50_12mm.png,19c2e56726b6c4c558e00423b8424cb9c8381da2b6403a2430431ec5bf3f6612,gemma4-12b/responses/state_303/M12_Hex_Nut/RGOCG12-50_12mm.json,1.1302294000051916,B,-14.080714225769043,7.670497107352101e-07,7.670497107352101e-07,7.670497107352101e-07,-2.8849064619862475e-05,0.9999711513515104,0.9999711513515104,0.9999711513515104,-10.492453575134277,2.774503715202628e-05,2.774503715202628e-05,2.774503715202628e-05
gemma4:12b,state_303,M16_Hex_Nut,M16 hex nut,hex_nut,RGOCG12-50_12mm,round_pin,False,False,False,../vlm_four_scene_20260925/input_crops/state_303/RGOCG12-50_12mm.png,19c2e56726b6c4c558e00423b8424cb9c8381da2b6403a2430431ec5bf3f6612,gemma4-12b/responses/state_303/M16_Hex_Nut/RGOCG12-50_12mm.json,0.38881400000536814,B,-14.196317672729492,6.83309677257073e-07,6.83309677257073e-07,6.83309677257073e-07,-2.7776150091085583e-05,0.9999722242356626,0.9999722242356626,0.9999722242356626,-10.528712272644043,2.6757057901355793e-05,2.6757057901355793e-05,2.6757057901355793e-05
gemma4:12b,state_303,RGOCG16-50_16mm,16 mm round pin,round_pin,RGOCG12-50_12mm,round_pin,False,True,False,../vlm_four_scene_20260925/input_crops/state_303/RGOCG12-50_12mm.png,19c2e56726b6c4c558e00423b8424cb9c8381da2b6403a2430431ec5bf3f6612,gemma4-12b/responses/state_303/RGOCG16-50_16mm/RGOCG12-50_12mm.json,1.1159992999746464,A,-3.695494797284482e-06,0.999996304512031,0.999996304512031,0.999996304512031,-14.397323608398438,5.58884162268404e-07,5.58884162268404e-07,5.58884162268404e-07,-14.82084846496582,3.6592096665438017e-07,3.6592096665438017e-07,3.6592096665438017e-07
gemma4:12b,state_303,RGOCG12-50_12mm,12 mm round pin,round_pin,RGOCG12-50_12mm,round_pin,True,True,False,../vlm_four_scene_20260925/input_crops/state_303/RGOCG12-50_12mm.png,19c2e56726b6c4c558e00423b8424cb9c8381da2b6403a2430431ec5bf3f6612,gemma4-12b/responses/state_303/RGOCG12-50_12mm/RGOCG12-50_12mm.json,0.40060039999661967,A,-2.98023678624304e-06,0.9999970197676546,0.9999970197676546,0.9999970197676546,-15.12407398223877,2.7020795188186105e-07,2.7020795188186105e-07,2.7020795188186105e-07,-14.963191986083984,3.1737176623105305e-07,3.1737176623105305e-07,3.1737176623105305e-07
gemma4:12b,state_303,RGOCG8-50_8mm,8 mm round pin,round_pin,RGOCG12-50_12mm,round_pin,False,True,False,../vlm_four_scene_20260925/input_crops/state_303/RGOCG12-50_12mm.png,19c2e56726b6c4c558e00423b8424cb9c8381da2b6403a2430431ec5bf3f6612,gemma4-12b/responses/state_303/RGOCG8-50_8mm/RGOCG12-50_12mm.json,0.42971729999408126,A,-2.98023678624304e-06,0.9999970197676546,0.9999970197676546,0.9999970197676546,-15.12407398223877,2.7020795188186105e-07,2.7020795188186105e-07,2.7020795188186105e-07,-14.963191986083984,3.1737176623105305e-07,3.1737176623105305e-07,3.1737176623105305e-07
gemma4:12b,state_303,USB_Male,USB connector + cable,USB_Male,RGOCG12-50_12mm,round_pin,False,False,False,../vlm_four_scene_20260925/input_crops/state_303/RGOCG12-50_12mm.png,19c2e56726b6c4c558e00423b8424cb9c8381da2b6403a2430431ec5bf3f6612,gemma4-12b/responses/state_303/USB_Male/RGOCG12-50_12mm.json,1.2490916999522597,B,-13.530313491821289,1.330024105017837e-06,1.330024105017837e-06,1.330024105017837e-06,-0.01521740760654211,0.9848977920535941,0.9848977920535941,0.9848977920535941,-4.193068981170654,0.0150998724657967,0.0150998724657967,0.0150998724657967
gemma4:12b,state_303,DSUB_Male,DSUB connector,DSUB_Male,RGOCG12-50_12mm,round_pin,False,False,False,../vlm_four_scene_20260925/input_crops/state_303/RGOCG12-50_12mm.png,19c2e56726b6c4c558e00423b8424cb9c8381da2b6403a2430431ec5bf3f6612,gemma4-12b/responses/state_303/DSUB_Male/RGOCG12-50_12mm.json,1.173072499979753,C,-14.164413452148438,7.054616313712286e-07,7.054616313712286e-07,7.054616313712286e-07,-3.224064588546753,0.03979298698811182,0.03979298698811182,0.03979298698811182,-0.040609199553728104,0.9602043049046227,0.9602043049046227,0.9602043049046227
gemma4:12b,state_303,Gear_Large,Large gear,gear,RGOCG8-50_8mm,round_pin,False,False,False,../vlm_four_scene_20260925/input_crops/state_303/RGOCG8-50_8mm.png,b1cf506f7c610c52669f86cfc92c532b4c1f5b8a237342f66910a94489e03314,gemma4-12b/responses/state_303/Gear_Large/RGOCG8-50_8mm.json,1.0863741000066511,B,-11.450979232788086,1.0639051393323936e-05,1.0639051393323936e-05,1.0639051393323936e-05,-0.44692081212997437,0.639594554399938,0.639594554399938,0.639594554399938,-1.0205655097961426,0.3603910778504742,0.3603910778504742,0.3603910778504742
gemma4:12b,state_303,Gear_Medium,Medium gear,gear,RGOCG8-50_8mm,round_pin,False,False,False,../vlm_four_scene_20260925/input_crops/state_303/RGOCG8-50_8mm.png,b1cf506f7c610c52669f86cfc92c532b4c1f5b8a237342f66910a94489e03314,gemma4-12b/responses/state_303/Gear_Medium/RGOCG8-50_8mm.json,0.4319377000210807,B,-11.584990501403809,9.304703793683142e-06,9.304703793683142e-06,9.304703793683142e-06,-0.3653295040130615,0.6939679479769918,0.6939679479769918,0.6939679479769918,-1.1841084957122803,0.3060188750652611,0.3060188750652611,0.3060188750652611
gemma4:12b,state_303,Gear_Small,Small gear,gear,RGOCG8-50_8mm,round_pin,False,False,False,../vlm_four_scene_20260925/input_crops/state_303/RGOCG8-50_8mm.png,b1cf506f7c610c52669f86cfc92c532b4c1f5b8a237342f66910a94489e03314,gemma4-12b/responses/state_303/Gear_Small/RGOCG8-50_8mm.json,0.4189401000039652,B,-11.584990501403809,9.304703793683142e-06,9.304703793683142e-06,9.304703793683142e-06,-0.3653295040130615,0.6939679479769918,0.6939679479769918,0.6939679479769918,-1.1841084957122803,0.3060188750652611,0.3060188750652611,0.3060188750652611
gemma4:12b,state_303,Waterproof_Male,Waterproof connector,Waterproof_Male,RGOCG8-50_8mm,round_pin,False,False,False,../vlm_four_scene_20260925/input_crops/state_303/RGOCG8-50_8mm.png,b1cf506f7c610c52669f86cfc92c532b4c1f5b8a237342f66910a94489e03314,gemma4-12b/responses/state_303/Waterproof_Male/RGOCG8-50_8mm.json,1.230749399983324,C,-13.06542682647705,2.117177283593828e-06,2.117177283593828e-06,2.117177283593828e-06,-2.5635769367218018,0.07702872022615853,0.07702872022615853,0.07702872022615853,-0.08016236126422882,0.9229664802161658,0.9229664802161658,0.9229664802161658
gemma4:12b,state_303,M12_Hex_Nut,M12 hex nut,hex_nut,RGOCG8-50_8mm,round_pin,False,False,False,../vlm_four_scene_20260925/input_crops/state_303/RGOCG8-50_8mm.png,b1cf506f7c610c52669f86cfc92c532b4c1f5b8a237342f66910a94489e03314,gemma4-12b/responses/state_303/M12_Hex_Nut/RGOCG8-50_8mm.json,1.1593341000261717,B,-14.60303020477295,4.5497188788473017e-07,4.5497188788473017e-07,4.5497188788473017e-07,-6.628256232943386e-05,0.9999337196343111,0.9999337196343111,0.9999337196343111,-9.632184028625488,6.55836567064876e-05,6.55836567064876e-05,6.55836567064876e-05
gemma4:12b,state_303,M16_Hex_Nut,M16 hex nut,hex_nut,RGOCG8-50_8mm,round_pin,False,False,False,../vlm_four_scene_20260925/input_crops/state_303/RGOCG8-50_8mm.png,b1cf506f7c610c52669f86cfc92c532b4c1f5b8a237342f66910a94489e03314,gemma4-12b/responses/state_303/M16_Hex_Nut/RGOCG8-50_8mm.json,0.399627499980852,B,-14.775629997253418,3.828471562520101e-07,3.828471562520101e-07,3.828471562520101e-07,-6.962064799154177e-05,0.9999303817754696,0.9999303817754696,0.9999303817754696,-9.581686019897461,6.898054705206822e-05,6.898054705206822e-05,6.898054705206822e-05
gemma4:12b,state_303,RGOCG16-50_16mm,16 mm round pin,round_pin,RGOCG8-50_8mm,round_pin,False,True,False,../vlm_four_scene_20260925/input_crops/state_303/RGOCG8-50_8mm.png,b1cf506f7c610c52669f86cfc92c532b4c1f5b8a237342f66910a94489e03314,gemma4-12b/responses/state_303/RGOCG16-50_16mm/RGOCG8-50_8mm.json,1.1251881000353023,A,-2.98023678624304e-06,0.9999970197676546,0.9999970197676546,0.9999970197676546,-15.751240730285645,1.443188527105604e-07,1.443188527105604e-07,1.443188527105604e-07,-15.758143424987793,1.4332609402743036e-07,1.4332609402743036e-07,1.4332609402743036e-07
gemma4:12b,state_303,RGOCG12-50_12mm,12 mm round pin,round_pin,RGOCG8-50_8mm,round_pin,False,True,False,../vlm_four_scene_20260925/input_crops/state_303/RGOCG8-50_8mm.png,b1cf506f7c610c52669f86cfc92c532b4c1f5b8a237342f66910a94489e03314,gemma4-12b/responses/state_303/RGOCG12-50_12mm/RGOCG8-50_8mm.json,0.3910050999838859,A,-3.218656047465629e-06,0.9999967813491324,0.9999967813491324,0.9999967813491324,-15.514044761657715,1.829514972366323e-07,1.829514972366323e-07,1.829514972366323e-07,-15.467299461364746,1.9170665699969696e-07,1.9170665699969696e-07,1.9170665699969696e-07
gemma4:12b,state_303,RGOCG8-50_8mm,8 mm round pin,round_pin,RGOCG8-50_8mm,round_pin,True,True,False,../vlm_four_scene_20260925/input_crops/state_303/RGOCG8-50_8mm.png,b1cf506f7c610c52669f86cfc92c532b4c1f5b8a237342f66910a94489e03314,gemma4-12b/responses/state_303/RGOCG8-50_8mm/RGOCG8-50_8mm.json,0.3985289999982342,A,-3.218656047465629e-06,0.9999967813491324,0.9999967813491324,0.9999967813491324,-15.514044761657715,1.829514972366323e-07,1.829514972366323e-07,1.829514972366323e-07,-15.467299461364746,1.9170665699969696e-07,1.9170665699969696e-07,1.9170665699969696e-07
gemma4:12b,state_303,USB_Male,USB connector + cable,USB_Male,RGOCG8-50_8mm,round_pin,False,False,False,../vlm_four_scene_20260925/input_crops/state_303/RGOCG8-50_8mm.png,b1cf506f7c610c52669f86cfc92c532b4c1f5b8a237342f66910a94489e03314,gemma4-12b/responses/state_303/USB_Male/RGOCG8-50_8mm.json,1.206632699992042,B,-13.088790893554688,2.068284799263804e-06,2.068284799263804e-06,2.068284799263804e-06,-0.007725019007921219,0.9923047422666358,0.9923047422666358,0.9923047422666358,-4.8675336837768555,0.007692313589838622,0.007692313589838622,0.007692313589838622
gemma4:12b,state_303,DSUB_Male,DSUB connector,DSUB_Male,RGOCG8-50_8mm,round_pin,False,False,False,../vlm_four_scene_20260925/input_crops/state_303/RGOCG8-50_8mm.png,b1cf506f7c610c52669f86cfc92c532b4c1f5b8a237342f66910a94489e03314,gemma4-12b/responses/state_303/DSUB_Male/RGOCG8-50_8mm.json,1.127136100025382,C,-13.990521430969238,8.394478933984744e-07,8.394478933984744e-07,8.394478933984744e-07,-5.345585823059082,0.004769156504966596,0.004769156504966596,0.004769156504966596,-0.004782531410455704,0.9952288866831743,0.9952288866831743,0.9952288866831743
gemma4:12b,state_303,Gear_Large,Large gear,gear,USB_Male,USB_Male,False,False,True,../vlm_four_scene_20260925/input_crops/state_303/USB_Male.png,5a3874a9c4c9ea46017e36201d2d720bdf18ca97b04e8ef6860e4458139d0368,gemma4-12b/responses/state_303/Gear_Large/USB_Male.json,1.1906437000143342,B,-14.181478500366211,6.935250336001693e-07,6.935250336001693e-07,6.935250336001693e-07,-0.005448854528367519,0.9945659635533944,0.9945659635533944,0.9945659635533944,-5.215438365936279,0.005432051728038659,0.005432051728038659,0.005432051728038659
gemma4:12b,state_303,Gear_Medium,Medium gear,gear,USB_Male,USB_Male,False,False,True,../vlm_four_scene_20260925/input_crops/state_303/USB_Male.png,5a3874a9c4c9ea46017e36201d2d720bdf18ca97b04e8ef6860e4458139d0368,gemma4-12b/responses/state_303/Gear_Medium/USB_Male.json,0.418489099945873,B,-14.285063743591309,6.252815906772888e-07,6.252815906772888e-07,6.252815906772888e-07,-0.005495541263371706,0.9945195315996964,0.9945195315996964,0.9945195315996964,-5.2068562507629395,0.005478870837729596,0.005478870837729596,0.005478870837729596
gemma4:12b,state_303,Gear_Small,Small gear,gear,USB_Male,USB_Male,False,False,True,../vlm_four_scene_20260925/input_crops/state_303/USB_Male.png,5a3874a9c4c9ea46017e36201d2d720bdf18ca97b04e8ef6860e4458139d0368,gemma4-12b/responses/state_303/Gear_Small/USB_Male.json,0.43635690002702177,B,-14.285063743591309,6.252815906772888e-07,6.252815906772888e-07,6.252815906772888e-07,-0.005495541263371706,0.9945195315996964,0.9945195315996964,0.9945195315996964,-5.2068562507629395,0.005478870837729596,0.005478870837729596,0.005478870837729596
gemma4:12b,state_303,Waterproof_Male,Waterproof connector,Waterproof_Male,USB_Male,USB_Male,False,False,True,../vlm_four_scene_20260925/input_crops/state_303/USB_Male.png,5a3874a9c4c9ea46017e36201d2d720bdf18ca97b04e8ef6860e4458139d0368,gemma4-12b/responses/state_303/Waterproof_Male/USB_Male.json,1.2311853999854065,B,-1.8185687065124512,0.16225782337827813,0.16225782337827813,0.16225782337827813,-0.1892084777355194,0.8276139496261028,0.8276139496261028,0.8276139496261028,-4.592909336090088,0.010123363222544446,0.010123363222544446,0.010123363222544446
gemma4:12b,state_303,M12_Hex_Nut,M12 hex nut,hex_nut,USB_Male,USB_Male,False,False,True,../vlm_four_scene_20260925/input_crops/state_303/USB_Male.png,5a3874a9c4c9ea46017e36201d2d720bdf18ca97b04e8ef6860e4458139d0368,gemma4-12b/responses/state_303/M12_Hex_Nut/USB_Male.json,1.1865453000064008,B,-11.910238265991211,6.721237517516549e-06,6.721237517516549e-06,6.721237517516549e-06,-0.006243486423045397,0.9937759636385283,0.9937759636385283,0.9937759636385283,-5.080561637878418,0.006216416660250329,0.006216416660250329,0.006216416660250329
gemma4:12b,state_303,M16_Hex_Nut,M16 hex nut,hex_nut,USB_Male,USB_Male,False,False,True,../vlm_four_scene_20260925/input_crops/state_303/USB_Male.png,5a3874a9c4c9ea46017e36201d2d720bdf18ca97b04e8ef6860e4458139d0368,gemma4-12b/responses/state_303/M16_Hex_Nut/USB_Male.json,0.47845369996502995,B,-11.90827751159668,6.734429142057273e-06,6.734429142057273e-06,6.734429142057273e-06,-0.00434776209294796,0.9956616757418861,0.9956616757418861,0.9956616757418861,-5.442013740539551,0.004330753470082703,0.004330753470082703,0.004330753470082703
gemma4:12b,state_303,RGOCG16-50_16mm,16 mm round pin,round_pin,USB_Male,USB_Male,False,False,True,../vlm_four_scene_20260925/input_crops/state_303/USB_Male.png,5a3874a9c4c9ea46017e36201d2d720bdf18ca97b04e8ef6860e4458139d0368,gemma4-12b/responses/state_303/RGOCG16-50_16mm/USB_Male.json,1.2827529000351205,B,-9.10704517364502,0.00011088186821929375,0.00011088186821929375,0.00011088186821929375,-0.1456955522298813,0.8644208341231895,0.8644208341231895,0.8644208341231895,-1.9990261793136597,0.1354671397268889,0.1354671397268889,0.1354671397268889
gemma4:12b,state_303,RGOCG12-50_12mm,12 mm round pin,round_pin,USB_Male,USB_Male,False,False,True,../vlm_four_scene_20260925/input_crops/state_303/USB_Male.png,5a3874a9c4c9ea46017e36201d2d720bdf18ca97b04e8ef6860e4458139d0368,gemma4-12b/responses/state_303/RGOCG12-50_12mm/USB_Male.json,0.4234426000039093,B,-9.305569648742676,9.091644602823371e-05,9.091644602823371e-05,9.091644602823371e-05,-0.19030486047267914,0.82670706521575,0.82670706521575,0.82670706521575,-1.7533046007156372,0.17320063774750433,0.17320063774750433,0.17320063774750433
gemma4:12b,state_303,RGOCG8-50_8mm,8 mm round pin,round_pin,USB_Male,USB_Male,False,False,True,../vlm_four_scene_20260925/input_crops/state_303/USB_Male.png,5a3874a9c4c9ea46017e36201d2d720bdf18ca97b04e8ef6860e4458139d0368,gemma4-12b/responses/state_303/RGOCG8-50_8mm/USB_Male.json,0.4576953999930993,B,-9.305569648742676,9.091644602823371e-05,9.091644602823371e-05,9.091644602823371e-05,-0.19030486047267914,0.82670706521575,0.82670706521575,0.82670706521575,-1.7533046007156372,0.17320063774750433,0.17320063774750433,0.17320063774750433
gemma4:12b,state_303,USB_Male,USB connector + cable,USB_Male,USB_Male,USB_Male,True,True,True,../vlm_four_scene_20260925/input_crops/state_303/USB_Male.png,5a3874a9c4c9ea46017e36201d2d720bdf18ca97b04e8ef6860e4458139d0368,gemma4-12b/responses/state_303/USB_Male/USB_Male.json,1.22805309999967,A,-3.814704541582614e-06,0.9999961853027344,0.9999961853027344,0.9999961853027344,-15.45234489440918,1.9459509084594698e-07,1.9459509084594698e-07,1.9459509084594698e-07,-15.339269638061523,2.1789127479068015e-07,2.1789127479068015e-07,2.1789127479068015e-07
gemma4:12b,state_303,DSUB_Male,DSUB connector,DSUB_Male,USB_Male,USB_Male,False,False,True,../vlm_four_scene_20260925/input_crops/state_303/USB_Male.png,5a3874a9c4c9ea46017e36201d2d720bdf18ca97b04e8ef6860e4458139d0368,gemma4-12b/responses/state_303/DSUB_Male/USB_Male.json,1.1883366000256501,A,-1.3589951777248643e-05,0.9999864101405658,0.9999864101405658,0.9999864101405658,-11.421372413635254,1.095874912777517e-05,1.095874912777517e-05,1.095874912777517e-05,-13.671733856201172,1.1546262537299908e-06,1.1546262537299908e-06,1.1546262537299908e-06
gemma4:12b,state_303,Gear_Large,Large gear,gear,DSUB_Male,DSUB_Male,False,False,False,../vlm_four_scene_20260925/input_crops/state_303/DSUB_Male.png,951cf97dc3898e2a3029bf7b3818dace43fcdf8abc4c737bf166e9942e4e2383,gemma4-12b/responses/state_303/Gear_Large/DSUB_Male.json,1.0942825000383891,B,-15.047063827514648,2.9183892093696005e-07,2.9183892093696005e-07,2.9183892093696005e-07,-0.0007666903547942638,0.9992336034771583,0.9992336034771583,0.9992336034771583,-7.174464225769043,0.0007658959555069884,0.0007658959555069884,0.0007658959555069884
gemma4:12b,state_303,Gear_Medium,Medium gear,gear,DSUB_Male,DSUB_Male,False,False,False,../vlm_four_scene_20260925/input_crops/state_303/DSUB_Male.png,951cf97dc3898e2a3029bf7b3818dace43fcdf8abc4c737bf166e9942e4e2383,gemma4-12b/responses/state_303/Gear_Medium/DSUB_Male.json,0.38672219996806234,B,-15.023445129394531,2.988138211024536e-07,2.988138211024536e-07,2.988138211024536e-07,-0.0005514353979378939,0.9994487166146182,0.9994487166146182,0.9994487166146182,-7.504595756530762,0.0005505483609456722,0.0005505483609456722,0.0005505483609456722
gemma4:12b,state_303,Gear_Small,Small gear,gear,DSUB_Male,DSUB_Male,False,False,False,../vlm_four_scene_20260925/input_crops/state_303/DSUB_Male.png,951cf97dc3898e2a3029bf7b3818dace43fcdf8abc4c737bf166e9942e4e2383,gemma4-12b/responses/state_303/Gear_Small/DSUB_Male.json,0.3918714000028558,B,-15.023445129394531,2.988138211024536e-07,2.988138211024536e-07,2.988138211024536e-07,-0.0005514353979378939,0.9994487166146182,0.9994487166146182,0.9994487166146182,-7.504595756530762,0.0005505483609456722,0.0005505483609456722,0.0005505483609456722
gemma4:12b,state_303,Waterproof_Male,Waterproof connector,Waterproof_Male,DSUB_Male,DSUB_Male,False,False,False,../vlm_four_scene_20260925/input_crops/state_303/DSUB_Male.png,951cf97dc3898e2a3029bf7b3818dace43fcdf8abc4c737bf166e9942e4e2383,gemma4-12b/responses/state_303/Waterproof_Male/DSUB_Male.json,1.1542730000219308,A,-6.9141628955549095e-06,0.9999930858610072,0.9999930858610072,0.9999930858610072,-15.420157432556152,2.0096050664298965e-07,2.0096050664298965e-07,2.0096050664298965e-07,-15.882426261901855,1.265755768274592e-07,1.265755768274592e-07,1.265755768274592e-07
gemma4:12b,state_303,M12_Hex_Nut,M12 hex nut,hex_nut,DSUB_Male,DSUB_Male,False,False,False,../vlm_four_scene_20260925/input_crops/state_303/DSUB_Male.png,951cf97dc3898e2a3029bf7b3818dace43fcdf8abc4c737bf166e9942e4e2383,gemma4-12b/responses/state_303/M12_Hex_Nut/DSUB_Male.json,1.0795344000216573,B,-15.216361999511719,2.463870904012379e-07,2.463870904012379e-07,2.463870904012379e-07,-8.941096166381612e-05,0.9999105930353771,0.9999105930353771,0.9999105930353771,-9.324479103088379,8.921341805297676e-05,8.921341805297676e-05,8.921341805297676e-05
gemma4:12b,state_303,M16_Hex_Nut,M16 hex nut,hex_nut,DSUB_Male,DSUB_Male,False,False,False,../vlm_four_scene_20260925/input_crops/state_303/DSUB_Male.png,951cf97dc3898e2a3029bf7b3818dace43fcdf8abc4c737bf166e9942e4e2383,gemma4-12b/responses/state_303/M16_Hex_Nut/DSUB_Male.json,0.3907710000057705,B,-14.995580673217773,3.072571944297756e-07,3.072571944297756e-07,3.072571944297756e-07,-7.593919872306287e-05,0.9999240636845849,0.9999240636845849,0.9999240636845849,-9.49136734008789,7.550079740662698e-05,7.550079740662698e-05,7.550079740662698e-05
gemma4:12b,state_303,RGOCG16-50_16mm,16 mm round pin,round_pin,DSUB_Male,DSUB_Male,False,False,False,../vlm_four_scene_20260925/input_crops/state_303/DSUB_Male.png,951cf97dc3898e2a3029bf7b3818dace43fcdf8abc4c737bf166e9942e4e2383,gemma4-12b/responses/state_303/RGOCG16-50_16mm/DSUB_Male.json,1.20351160003338,B,-13.44000244140625,1.4557309077061827e-06,1.4557309077061827e-06,1.4557309077061827e-06,-0.018587429076433182,0.9815842518355646,0.9815842518355646,0.9815842518355646,-3.9947361946105957,0.018412303034859183,0.018412303034859183,0.018412303034859183
gemma4:12b,state_303,RGOCG12-50_12mm,12 mm round pin,round_pin,DSUB_Male,DSUB_Male,False,False,False,../vlm_four_scene_20260925/input_crops/state_303/DSUB_Male.png,951cf97dc3898e2a3029bf7b3818dace43fcdf8abc4c737bf166e9942e4e2383,gemma4-12b/responses/state_303/RGOCG12-50_12mm/DSUB_Male.json,0.39333950000582263,B,-13.054947853088379,2.139479777544055e-06,2.139479777544055e-06,2.139479777544055e-06,-0.026767807081341743,0.9735872753526268,0.9735872753526268,0.9735872753526268,-3.634075403213501,0.02640834016938908,0.02640834016938908,0.02640834016938908
gemma4:12b,state_303,RGOCG8-50_8mm,8 mm round pin,round_pin,DSUB_Male,DSUB_Male,False,False,False,../vlm_four_scene_20260925/input_crops/state_303/DSUB_Male.png,951cf97dc3898e2a3029bf7b3818dace43fcdf8abc4c737bf166e9942e4e2383,gemma4-12b/responses/state_303/RGOCG8-50_8mm/DSUB_Male.json,0.394881600048393,B,-13.054947853088379,2.139479777544055e-06,2.139479777544055e-06,2.139479777544055e-06,-0.026767807081341743,0.9735872753526268,0.9735872753526268,0.9735872753526268,-3.634075403213501,0.02640834016938908,0.02640834016938908,0.02640834016938908
gemma4:12b,state_303,USB_Male,USB connector + cable,USB_Male,DSUB_Male,DSUB_Male,False,False,False,../vlm_four_scene_20260925/input_crops/state_303/DSUB_Male.png,951cf97dc3898e2a3029bf7b3818dace43fcdf8abc4c737bf166e9942e4e2383,gemma4-12b/responses/state_303/USB_Male/DSUB_Male.json,1.188739400007762,B,-12.003992080688477,6.119733056021555e-06,6.119733056021555e-06,6.119733056021555e-06,-0.00010789022780954838,0.9998921155921318,0.9998921155921318,0.9998921155921318,-9.194440841674805,0.00010160266003916221,0.00010160266003916221,0.00010160266003916221
gemma4:12b,state_303,DSUB_Male,DSUB connector,DSUB_Male,DSUB_Male,DSUB_Male,True,True,False,../vlm_four_scene_20260925/input_crops/state_303/DSUB_Male.png,951cf97dc3898e2a3029bf7b3818dace43fcdf8abc4c737bf166e9942e4e2383,gemma4-12b/responses/state_303/DSUB_Male/DSUB_Male.json,1.102922399993986,A,-3.218656047465629e-06,0.9999967813491324,0.9999967813491324,0.9999967813491324,-14.535039901733398,4.869814028626108e-07,4.869814028626108e-07,4.869814028626108e-07,-15.156158447265625,2.616760765174216e-07,2.616760765174216e-07,2.616760765174216e-07
