model,state,target,target_name,posthoc_identity,own_object_match,same_family,assisted_fallback,crop_file,crop_sha256,response_file,elapsed_seconds,answer,logp_A,p_A,p_A_lower,p_A_upper,logp_B,p_B,p_B_lower,p_B_upper,logp_C,p_C,p_C_lower,p_C_upper
gemma4:12b,original,Gear_Large,Large gear,Gear_Large,True,True,False,input_crops/original/Gear_Large.png,8643de8c1b1dcf74dc92d04cdefcfdc0735be5d7df1bdc7bdc7e077aadca78b3,raw/gemma4-12b/original/Gear_Large/Gear_Large.json,45.50528959999792,A,-1.8716033082455397e-05,0.9999812841420614,0.9999812841420614,0.9999812841420614,-10.91783332824707,1.813197999386215e-05,1.813197999386215e-05,1.813197999386215e-05,-17.868648529052734,1.7367789419794183e-08,1.7367789419794183e-08,1.7367789419794183e-08
gemma4:12b,original,Gear_Medium,Medium gear,Gear_Large,False,True,False,input_crops/original/Gear_Large.png,8643de8c1b1dcf74dc92d04cdefcfdc0735be5d7df1bdc7bdc7e077aadca78b3,raw/gemma4-12b/original/Gear_Medium/Gear_Large.json,1.3527894000289962,A,-4.506212644628249e-05,0.9999549388888361,0.9999549388888361,0.9999549388888361,-10.026500701904297,4.421260175644052e-05,4.421260175644052e-05,4.421260175644052e-05,-17.144014358520508,3.5846698774987785e-08,3.5846698774987785e-08,3.5846698774987785e-08
gemma4:12b,original,Gear_Small,Small gear,Gear_Large,False,True,False,input_crops/original/Gear_Large.png,8643de8c1b1dcf74dc92d04cdefcfdc0735be5d7df1bdc7bdc7e077aadca78b3,raw/gemma4-12b/original/Gear_Small/Gear_Large.json,1.311079500010237,A,-4.08896230510436e-05,0.9999591112129183,0.9999591112129183,0.9999591112129183,-10.11134147644043,4.061628447053556e-05,4.061628447053556e-05,4.061628447053556e-05,-17.464672088623047,2.601293068221675e-08,2.601293068221675e-08,2.601293068221675e-08
gemma4:12b,original,Waterproof_Male,Waterproof connector,Gear_Large,False,False,False,input_crops/original/Gear_Large.png,8643de8c1b1dcf74dc92d04cdefcfdc0735be5d7df1bdc7bdc7e077aadca78b3,raw/gemma4-12b/original/Waterproof_Male/Gear_Large.json,6.076636799960397,B,-8.319380760192871,0.0002437467551956252,0.0002437467551956252,0.0002437467551956252,-0.0002873952907975763,0.999712646003273,0.999712646003273,0.999712646003273,-12.134696960449219,5.369923150449193e-06,5.369923150449193e-06,5.369923150449193e-06
gemma4:12b,original,M12_Hex_Nut,M12 hex nut,Gear_Large,False,False,False,input_crops/original/Gear_Large.png,8643de8c1b1dcf74dc92d04cdefcfdc0735be5d7df1bdc7bdc7e077aadca78b3,raw/gemma4-12b/original/M12_Hex_Nut/Gear_Large.json,8.702050900028553,B,-10.55313777923584,2.611142031864372e-05,2.611142031864372e-05,2.611142031864372e-05,-3.0160405003698543e-05,0.9999698400498167,0.9999698400498167,0.9999698400498167,-14.113578796386719,7.422506880035887e-07,7.422506880035887e-07,7.422506880035887e-07
gemma4:12b,original,M16_Hex_Nut,M16 hex nut,Gear_Large,False,False,False,input_crops/original/Gear_Large.png,8643de8c1b1dcf74dc92d04cdefcfdc0735be5d7df1bdc7bdc7e077aadca78b3,raw/gemma4-12b/original/M16_Hex_Nut/Gear_Large.json,0.8787165000103414,B,-11.821124076843262,7.347693695952618e-06,7.347693695952618e-06,7.347693695952618e-06,-9.775209946383256e-06,0.9999902248378308,0.9999902248378308,0.9999902248378308,-15.327409744262695,2.2049082690500954e-07,2.2049082690500954e-07,2.2049082690500954e-07
gemma4:12b,original,RGOCG16-50_16mm,16 mm round pin,Gear_Large,False,False,False,input_crops/original/Gear_Large.png,8643de8c1b1dcf74dc92d04cdefcfdc0735be5d7df1bdc7bdc7e077aadca78b3,raw/gemma4-12b/original/RGOCG16-50_16mm/Gear_Large.json,5.104103500023484,A,-0.10312032699584961,0.9020184297834221,0.9020184297834221,0.9020184297834221,-2.326962947845459,0.09759168851515834,0.09759168851515834,0.09759168851515834,-7.994990825653076,0.000337147234413927,0.000337147234413927,0.000337147234413927
gemma4:12b,original,RGOCG12-50_12mm,12 mm round pin,Gear_Large,False,False,False,input_crops/original/Gear_Large.png,8643de8c1b1dcf74dc92d04cdefcfdc0735be5d7df1bdc7bdc7e077aadca78b3,raw/gemma4-12b/original/RGOCG12-50_12mm/Gear_Large.json,0.8952866999898106,A,-0.030520811676979065,0.9699402457740719,0.9699402457740719,0.9699402457740719,-3.510634660720825,0.029877946059538054,0.029877946059538054,0.029877946059538054,-8.874185562133789,0.00013995556730340226,0.00013995556730340226,0.00013995556730340226
gemma4:12b,original,RGOCG8-50_8mm,8 mm round pin,Gear_Large,False,False,False,input_crops/original/Gear_Large.png,8643de8c1b1dcf74dc92d04cdefcfdc0735be5d7df1bdc7bdc7e077aadca78b3,raw/gemma4-12b/original/RGOCG8-50_8mm/Gear_Large.json,0.8497373000136577,A,-0.051539160311222076,0.9497664560839338,0.9497664560839338,0.9497664560839338,-2.998528242111206,0.04986039682612651,0.04986039682612651,0.04986039682612651,-8.277139663696289,0.00025426343984222846,0.00025426343984222846,0.00025426343984222846
gemma4:12b,original,USB_Male,USB connector + cable,Gear_Large,False,False,False,input_crops/original/Gear_Large.png,8643de8c1b1dcf74dc92d04cdefcfdc0735be5d7df1bdc7bdc7e077aadca78b3,raw/gemma4-12b/original/USB_Male/Gear_Large.json,1.045925399987027,B,-13.079198837280273,2.0882193573072277e-06,2.0882193573072277e-06,2.0882193573072277e-06,-3.4570753086882178e-06,0.999996542930667,0.999996542930667,0.999996542930667,,,0.0,0.0001
gemma4:12b,original,DSUB_Male,DSUB connector,Gear_Large,False,False,False,input_crops/original/Gear_Large.png,8643de8c1b1dcf74dc92d04cdefcfdc0735be5d7df1bdc7bdc7e077aadca78b3,raw/gemma4-12b/original/DSUB_Male/Gear_Large.json,0.8926776999724098,B,-11.205408096313477,1.3600444304416992e-05,1.3600444304416992e-05,1.3600444304416992e-05,-2.0384995877975598e-05,0.9999796152118946,0.9999796152118946,0.9999796152118946,-15.396634101867676,2.0574380609679276e-07,2.0574380609679276e-07,2.0574380609679276e-07
gemma4:12b,original,Gear_Large,Large gear,Gear_Medium,False,True,False,input_crops/original/Gear_Medium.png,32184c8966576de2b036c51d8d5e7cd940e019617b393dc6403bb6f08a234392,raw/gemma4-12b/original/Gear_Large/Gear_Medium.json,1.2488480000174604,A,-3.886298509314656e-05,0.9999611377700629,0.9999611377700629,0.9999611377700629,-10.1798734664917,3.792600753795854e-05,3.792600753795854e-05,3.792600753795854e-05,-16.841894149780273,4.8490683522227505e-08,4.8490683522227505e-08,4.8490683522227505e-08
gemma4:12b,original,Gear_Medium,Medium gear,Gear_Medium,True,True,False,input_crops/original/Gear_Medium.png,32184c8966576de2b036c51d8d5e7cd940e019617b393dc6403bb6f08a234392,raw/gemma4-12b/original/Gear_Medium/Gear_Medium.json,1.1916203000000678,A,-8.178091957233846e-05,0.9999182224243959,0.9999182224243959,0.9999182224243959,-9.42690658569336,8.052792126273242e-05,8.052792126273242e-05,8.052792126273242e-05,-16.518798828125,6.698488579686592e-08,6.698488579686592e-08,6.698488579686592e-08
gemma4:12b,original,Gear_Small,Small gear,Gear_Medium,False,True,False,input_crops/original/Gear_Medium.png,32184c8966576de2b036c51d8d5e7cd940e019617b393dc6403bb6f08a234392,raw/gemma4-12b/original/Gear_Small/Gear_Medium.json,1.189797000028193,A,-2.4557415599701926e-05,0.9999754428859312,0.9999754428859312,0.9999754428859312,-10.639921188354492,2.3940925765249434e-05,2.3940925765249434e-05,2.3940925765249434e-05,-17.7297306060791,1.995610738090106e-08,1.995610738090106e-08,1.995610738090106e-08
gemma4:12b,original,Waterproof_Male,Waterproof connector,Gear_Medium,False,False,False,input_crops/original/Gear_Medium.png,32184c8966576de2b036c51d8d5e7cd940e019617b393dc6403bb6f08a234392,raw/gemma4-12b/original/Waterproof_Male/Gear_Medium.json,1.34863259998383,B,-9.92548942565918,4.8911920134429594e-05,4.8911920134429594e-05,4.8911920134429594e-05,-5.817582496092655e-05,0.9999418258672196,0.9999418258672196,0.9999418258672196,-14.553360939025879,4.781406317585852e-07,4.781406317585852e-07,4.781406317585852e-07
gemma4:12b,original,M12_Hex_Nut,M12 hex nut,Gear_Medium,False,False,False,input_crops/original/Gear_Medium.png,32184c8966576de2b036c51d8d5e7cd940e019617b393dc6403bb6f08a234392,raw/gemma4-12b/original/M12_Hex_Nut/Gear_Medium.json,0.8406168000074103,B,-12.509842872619629,3.690152131844223e-06,3.690152131844223e-06,3.690152131844223e-06,-4.410753263073275e-06,0.9999955892564643,0.9999955892564643,0.9999955892564643,-16.871620178222656,4.7070461444096676e-08,4.7070461444096676e-08,4.7070461444096676e-08
gemma4:12b,original,M16_Hex_Nut,M16 hex nut,Gear_Medium,False,False,False,input_crops/original/Gear_Medium.png,32184c8966576de2b036c51d8d5e7cd940e019617b393dc6403bb6f08a234392,raw/gemma4-12b/original/M16_Hex_Nut/Gear_Medium.json,0.8914432000019588,B,-13.234978675842285,1.7869886453392494e-06,1.7869886453392494e-06,1.7869886453392494e-06,-2.622607780722319e-06,0.9999973773956583,0.9999973773956583,0.9999973773956583,-18.18440818786621,1.266519460715553e-08,1.266519460715553e-08,1.266519460715553e-08
gemma4:12b,original,RGOCG16-50_16mm,16 mm round pin,Gear_Medium,False,False,False,input_crops/original/Gear_Medium.png,32184c8966576de2b036c51d8d5e7cd940e019617b393dc6403bb6f08a234392,raw/gemma4-12b/original/RGOCG16-50_16mm/Gear_Medium.json,1.0989097999990918,B,-5.217370986938477,0.005421563768673697,0.005421563768673697,0.005421563768673697,-0.005866116378456354,0.9941510556880384,0.9941510556880384,0.9941510556880384,-8.46787166595459,0.00021011161552282332,0.00021011161552282332,0.00021011161552282332
gemma4:12b,original,RGOCG12-50_12mm,12 mm round pin,Gear_Medium,False,False,False,input_crops/original/Gear_Medium.png,32184c8966576de2b036c51d8d5e7cd940e019617b393dc6403bb6f08a234392,raw/gemma4-12b/original/RGOCG12-50_12mm/Gear_Medium.json,0.9967531000147574,B,-4.450195789337158,0.011676280655334713,0.011676280655334713,0.011676280655334713,-0.012180720455944538,0.9878931642256576,0.9878931642256576,0.9878931642256576,-8.174357414245605,0.00028178747264926064,0.00028178747264926064,0.00028178747264926064
gemma4:12b,original,RGOCG8-50_8mm,8 mm round pin,Gear_Medium,False,False,False,input_crops/original/Gear_Medium.png,32184c8966576de2b036c51d8d5e7cd940e019617b393dc6403bb6f08a234392,raw/gemma4-12b/original/RGOCG8-50_8mm/Gear_Medium.json,0.9035482000326738,B,-3.3588788509368896,0.034774224186602025,0.034774224186602025,0.034774224186602025,-0.035747285932302475,0.9648841024612358,0.9648841024612358,0.9648841024612358,-8.401079177856445,0.00022462478323790182,0.00022462478323790182,0.00022462478323790182
gemma4:12b,original,USB_Male,USB connector + cable,Gear_Medium,False,False,False,input_crops/original/Gear_Medium.png,32184c8966576de2b036c51d8d5e7cd940e019617b393dc6403bb6f08a234392,raw/gemma4-12b/original/USB_Male/Gear_Medium.json,1.0574308999930508,B,-12.440999984741211,3.9531414760869805e-06,3.9531414760869805e-06,3.9531414760869805e-06,-6.55653229841846e-06,0.9999934434891956,0.9999934434891956,0.9999934434891956,,,0.0,0.0001000166326590908
gemma4:12b,original,DSUB_Male,DSUB connector,Gear_Medium,False,False,False,input_crops/original/Gear_Medium.png,32184c8966576de2b036c51d8d5e7cd940e019617b393dc6403bb6f08a234392,raw/gemma4-12b/original/DSUB_Male/Gear_Medium.json,0.9064987000310794,B,-11.003805160522461,1.6638268898542897e-05,1.6638268898542897e-05,1.6638268898542897e-05,-2.527268952690065e-05,0.9999747276298249,0.9999747276298249,0.9999747276298249,-15.913504600524902,1.2270231717513922e-07,1.2270231717513922e-07,1.2270231717513922e-07
gemma4:12b,original,Gear_Large,Large gear,Gear_Small,False,True,False,input_crops/original/Gear_Small.png,12582ccd34fdba48126c0e1e0d71701e3ab31413538cfcbedfd42b8adf7e792c,raw/gemma4-12b/original/Gear_Large/Gear_Small.json,1.356882799998857,A,-6.437322554120328e-06,0.9999935626981654,0.9999935626981654,0.9999935626981654,-12.051159858703613,5.8377806519469986e-06,5.8377806519469986e-06,5.8377806519469986e-06,-16.99027442932129,4.1803974035245385e-08,4.1803974035245385e-08,4.1803974035245385e-08
gemma4:12b,original,Gear_Medium,Medium gear,Gear_Small,False,True,False,input_crops/original/Gear_Small.png,12582ccd34fdba48126c0e1e0d71701e3ab31413538cfcbedfd42b8adf7e792c,raw/gemma4-12b/original/Gear_Medium/Gear_Small.json,1.1694347000448033,A,-3.218656047465629e-06,0.9999967813491324,0.9999967813491324,0.9999967813491324,-12.772740364074707,2.837065359737191e-06,2.837065359737191e-06,2.837065359737191e-06,-17.60931968688965,2.2509696007611815e-08,2.2509696007611815e-08,2.2509696007611815e-08
gemma4:12b,original,Gear_Small,Small gear,Gear_Small,True,True,False,input_crops/original/Gear_Small.png,12582ccd34fdba48126c0e1e0d71701e3ab31413538cfcbedfd42b8adf7e792c,raw/gemma4-12b/original/Gear_Small/Gear_Small.json,1.2394977000076324,A,-5.1260126383567695e-06,0.9999948740004996,0.9999948740004996,0.9999948740004996,-12.247957229614258,4.794902278965858e-06,4.794902278965858e-06,4.794902278965858e-06,-17.498126983642578,2.5157067055187803e-08,2.5157067055187803e-08,2.5157067055187803e-08
gemma4:12b,original,Waterproof_Male,Waterproof connector,Gear_Small,False,False,False,input_crops/original/Gear_Small.png,12582ccd34fdba48126c0e1e0d71701e3ab31413538cfcbedfd42b8adf7e792c,raw/gemma4-12b/original/Waterproof_Male/Gear_Small.json,1.3780507000046782,B,-7.221798896789551,0.0007304871652160435,0.0007304871652160435,0.0007304871652160435,-0.0007666903547942638,0.9992336034771583,0.9992336034771583,0.9992336034771583,-12.32565975189209,4.436433580674908e-06,4.436433580674908e-06,4.436433580674908e-06
gemma4:12b,original,M12_Hex_Nut,M12 hex nut,Gear_Small,False,False,False,input_crops/original/Gear_Small.png,12582ccd34fdba48126c0e1e0d71701e3ab31413538cfcbedfd42b8adf7e792c,raw/gemma4-12b/original/M12_Hex_Nut/Gear_Small.json,0.8456609999993816,B,-11.380629539489746,1.1414460522643318e-05,1.1414460522643318e-05,1.1414460522643318e-05,-1.4782061043661088e-05,0.9999852180482105,0.9999852180482105,0.9999852180482105,-16.280996322631836,8.496755810767525e-08,8.496755810767525e-08,8.496755810767525e-08
gemma4:12b,original,M16_Hex_Nut,M16 hex nut,Gear_Small,False,False,False,input_crops/original/Gear_Small.png,12582ccd34fdba48126c0e1e0d71701e3ab31413538cfcbedfd42b8adf7e792c,raw/gemma4-12b/original/M16_Hex_Nut/Gear_Small.json,0.8984464999521151,B,-11.77015209197998,7.73192967498245e-06,7.73192967498245e-06,7.73192967498245e-06,-1.0490472959645558e-05,0.9999895095820652,0.9999895095820652,0.9999895095820652,-16.669395446777344,5.7620038058753476e-08,5.7620038058753476e-08,5.7620038058753476e-08
gemma4:12b,original,RGOCG16-50_16mm,16 mm round pin,Gear_Small,False,False,False,input_crops/original/Gear_Small.png,12582ccd34fdba48126c0e1e0d71701e3ab31413538cfcbedfd42b8adf7e792c,raw/gemma4-12b/original/RGOCG16-50_16mm/Gear_Small.json,1.0831335000111721,B,-7.272765636444092,0.0006941894607998138,0.0006941894607998138,0.0006941894607998138,-0.0008205560734495521,0.9991797804906224,0.9991797804906224,0.9991797804906224,-11.928141593933105,6.601975774666751e-06,6.601975774666751e-06,6.601975774666751e-06
gemma4:12b,original,RGOCG12-50_12mm,12 mm round pin,Gear_Small,False,False,False,input_crops/original/Gear_Small.png,12582ccd34fdba48126c0e1e0d71701e3ab31413538cfcbedfd42b8adf7e792c,raw/gemma4-12b/original/RGOCG12-50_12mm/Gear_Small.json,1.004622999986168,B,-7.395686149597168,0.0006138953097811879,0.0006138953097811879,0.0006138953097811879,-0.0008392278105020523,0.9991611242426658,0.9991611242426658,0.9991611242426658,-11.506878852844238,1.0060649297864095e-05,1.0060649297864095e-05,1.0060649297864095e-05
gemma4:12b,original,RGOCG8-50_8mm,8 mm round pin,Gear_Small,False,False,False,input_crops/original/Gear_Small.png,12582ccd34fdba48126c0e1e0d71701e3ab31413538cfcbedfd42b8adf7e792c,raw/gemma4-12b/original/RGOCG8-50_8mm/Gear_Small.json,0.8936251000268385,B,-5.043381690979004,0.006451893076665565,0.006451893076665565,0.006451893076665565,-0.007043672259896994,0.9929810762586465,0.9929810762586465,0.9929810762586465,-9.774876594543457,5.686238005008696e-05,5.686238005008696e-05,5.686238005008696e-05
gemma4:12b,original,USB_Male,USB connector + cable,Gear_Small,False,False,False,input_crops/original/Gear_Small.png,12582ccd34fdba48126c0e1e0d71701e3ab31413538cfcbedfd42b8adf7e792c,raw/gemma4-12b/original/USB_Male/Gear_Small.json,1.108788400015328,B,-13.01244831085205,2.232366530279718e-06,2.232366530279718e-06,2.232366530279718e-06,-4.529963462118758e-06,0.9999954700467981,0.9999954700467981,0.9999954700467981,,,0.0,0.0001
gemma4:12b,original,DSUB_Male,DSUB connector,Gear_Small,False,False,False,input_crops/original/Gear_Small.png,12582ccd34fdba48126c0e1e0d71701e3ab31413538cfcbedfd42b8adf7e792c,raw/gemma4-12b/original/DSUB_Male/Gear_Small.json,1.0015235000173561,B,-10.471052169799805,2.8345219402152723e-05,2.8345219402152723e-05,2.8345219402152723e-05,-3.480972009128891e-05,0.99996519088576,0.99996519088576,0.99996519088576,-15.315858840942383,2.2305246124313595e-07,2.2305246124313595e-07,2.2305246124313595e-07
gemma4:12b,original,Gear_Large,Large gear,Waterproof_Male,False,False,False,input_crops/original/Waterproof_Male.png,41b585482c19ce36d3222b4ce188fedb570a2c64e3d131c84b65485afb23e2f0,raw/gemma4-12b/original/Gear_Large/Waterproof_Male.json,1.2966121000354178,A,-0.0014694991987198591,0.9985315799865423,0.9985315799865423,0.9985315799865423,-6.524474143981934,0.0014670904225629461,0.0014670904225629461,0.0014670904225629461,-15.294306755065918,2.279118842986704e-07,2.279118842986704e-07,2.279118842986704e-07
gemma4:12b,original,Gear_Medium,Medium gear,Waterproof_Male,False,False,False,input_crops/original/Waterproof_Male.png,41b585482c19ce36d3222b4ce188fedb570a2c64e3d131c84b65485afb23e2f0,raw/gemma4-12b/original/Gear_Medium/Waterproof_Male.json,1.2217991999932565,A,-0.008974589407444,0.9910655620161144,0.9910655620161144,0.9910655620161144,-4.718430995941162,0.008929177479084968,0.008929177479084968,0.008929177479084968,-13.210705757141113,1.8308947848475878e-06,1.8308947848475878e-06,1.8308947848475878e-06
gemma4:12b,original,Gear_Small,Small gear,Waterproof_Male,False,False,False,input_crops/original/Waterproof_Male.png,41b585482c19ce36d3222b4ce188fedb570a2c64e3d131c84b65485afb23e2f0,raw/gemma4-12b/original/Gear_Small/Waterproof_Male.json,1.1729654999799095,A,-0.02200692892074585,0.9782334569256336,0.9782334569256336,0.9782334569256336,-3.8279666900634766,0.021753802915026054,0.021753802915026054,0.021753802915026054,-12.136112213134766,5.362328727570624e-06,5.362328727570624e-06,5.362328727570624e-06
gemma4:12b,original,Waterproof_Male,Waterproof connector,Waterproof_Male,True,True,False,input_crops/original/Waterproof_Male.png,41b585482c19ce36d3222b4ce188fedb570a2c64e3d131c84b65485afb23e2f0,raw/gemma4-12b/original/Waterproof_Male/Waterproof_Male.json,1.2870722999796271,A,-2.3841887468734058e-06,0.9999976158140953,0.9999976158140953,0.9999976158140953,-13.849722862243652,9.66366319152396e-07,9.66366319152396e-07,9.66366319152396e-07,-17.834693908691406,1.7967632203456594e-08,1.7967632203456594e-08,1.7967632203456594e-08
gemma4:12b,original,M12_Hex_Nut,M12 hex nut,Waterproof_Male,False,False,False,input_crops/original/Waterproof_Male.png,41b585482c19ce36d3222b4ce188fedb570a2c64e3d131c84b65485afb23e2f0,raw/gemma4-12b/original/M12_Hex_Nut/Waterproof_Male.json,0.8822005999973044,B,-5.825632095336914,0.002950938288401994,0.002950938288401994,0.002950938288401994,-0.0032957205548882484,0.9967097043707835,0.9967097043707835,0.9967097043707835,-8.972334861755371,0.00012687161837119697,0.00012687161837119697,0.00012687161837119697
gemma4:12b,original,M16_Hex_Nut,M16 hex nut,Waterproof_Male,False,False,False,input_crops/original/Waterproof_Male.png,41b585482c19ce36d3222b4ce188fedb570a2c64e3d131c84b65485afb23e2f0,raw/gemma4-12b/original/M16_Hex_Nut/Waterproof_Male.json,0.8611019999952987,B,-7.475398063659668,0.0005668600763250273,0.0005668600763250273,0.0005668600763250273,-0.0006209154962562025,0.9993792772318791,0.9993792772318791,0.9993792772318791,-11.094036102294922,1.5202721466422076e-05,1.5202721466422076e-05,1.5202721466422076e-05
gemma4:12b,original,RGOCG16-50_16mm,16 mm round pin,Waterproof_Male,False,False,False,input_crops/original/Waterproof_Male.png,41b585482c19ce36d3222b4ce188fedb570a2c64e3d131c84b65485afb23e2f0,raw/gemma4-12b/original/RGOCG16-50_16mm/Waterproof_Male.json,1.0176067000138573,A,-0.007805091328918934,0.9922252893038195,0.9922252893038195,0.9922252893038195,-4.881158828735352,0.007588215488404171,0.007588215488404171,0.007588215488404171,-9.591296195983887,6.832080703477153e-05,6.832080703477153e-05,6.832080703477153e-05
gemma4:12b,original,RGOCG12-50_12mm,12 mm round pin,Waterproof_Male,False,False,False,input_crops/original/Waterproof_Male.png,41b585482c19ce36d3222b4ce188fedb570a2c64e3d131c84b65485afb23e2f0,raw/gemma4-12b/original/RGOCG12-50_12mm/Waterproof_Male.json,0.9474113000323996,A,-0.003099052933976054,0.9969057441737913,0.9969057441737913,0.9969057441737913,-5.828148365020752,0.002943522266116985,0.002943522266116985,0.002943522266116985,-9.112356185913086,0.00011029453430625316,0.00011029453430625316,0.00011029453430625316
gemma4:12b,original,RGOCG8-50_8mm,8 mm round pin,Waterproof_Male,False,False,False,input_crops/original/Waterproof_Male.png,41b585482c19ce36d3222b4ce188fedb570a2c64e3d131c84b65485afb23e2f0,raw/gemma4-12b/original/RGOCG8-50_8mm/Waterproof_Male.json,0.9170805999892764,A,-0.0003390886995475739,0.9996609687845279,0.9996609687845279,0.9996609687845279,-8.018861770629883,0.0003291945085063653,0.0003291945085063653,0.0003291945085063653,-12.337143898010254,4.3857763633788765e-06,4.3857763633788765e-06,4.3857763633788765e-06
gemma4:12b,original,USB_Male,USB connector + cable,Waterproof_Male,False,False,False,input_crops/original/Waterproof_Male.png,41b585482c19ce36d3222b4ce188fedb570a2c64e3d131c84b65485afb23e2f0,raw/gemma4-12b/original/USB_Male/Waterproof_Male.json,1.0580475000315346,B,-8.218863487243652,0.00026952120519434345,0.00026952120519434345,0.00026952120519434345,-0.0005693268030881882,0.9994308352326643,0.9994308352326643,0.9994308352326643,-14.064901351928711,7.792753777572488e-07,7.792753777572488e-07,7.792753777572488e-07
gemma4:12b,original,DSUB_Male,DSUB connector,Waterproof_Male,False,False,False,input_crops/original/Waterproof_Male.png,41b585482c19ce36d3222b4ce188fedb570a2c64e3d131c84b65485afb23e2f0,raw/gemma4-12b/original/DSUB_Male/Waterproof_Male.json,0.910571499960497,B,-3.1047604084014893,0.044835259423980055,0.044835259423980055,0.044835259423980055,-0.046122726052999496,0.954924760852222,0.954924760852222,0.954924760852222,-9.186355590820312,0.0001024274729494549,0.0001024274729494549,0.0001024274729494549
gemma4:12b,original,Gear_Large,Large gear,M12_Hex_Nut,False,False,False,input_crops/original/M12_Hex_Nut.png,38c0f98390b534a6792efcbe2e21a4c07ceeeea957ea1c15c814989186114245,raw/gemma4-12b/original/Gear_Large/M12_Hex_Nut.json,1.2513189999735914,A,-2.7180087272427045e-05,0.9999728202821028,0.9999728202821028,0.9999728202821028,-10.521023750305176,2.696357301948611e-05,2.696357301948611e-05,2.696357301948611e-05,-17.21928596496582,3.3247509830469635e-08,3.3247509830469635e-08,3.3247509830469635e-08
gemma4:12b,original,Gear_Medium,Medium gear,M12_Hex_Nut,False,False,False,input_crops/original/M12_Hex_Nut.png,38c0f98390b534a6792efcbe2e21a4c07ceeeea957ea1c15c814989186114245,raw/gemma4-12b/original/Gear_Medium/M12_Hex_Nut.json,1.18261999997776,A,-4.6373490476980805e-05,0.9999536275847567,0.9999536275847567,0.9999536275847567,-9.982780456542969,4.618846545414164e-05,4.618846545414164e-05,4.618846545414164e-05,-17.763776779174805,1.9288114125364735e-08,1.9288114125364735e-08,1.9288114125364735e-08
gemma4:12b,original,Gear_Small,Small gear,M12_Hex_Nut,False,False,False,input_crops/original/M12_Hex_Nut.png,38c0f98390b534a6792efcbe2e21a4c07ceeeea957ea1c15c814989186114245,raw/gemma4-12b/original/Gear_Small/M12_Hex_Nut.json,1.235007699986454,A,-2.8133788873674348e-05,0.9999718666068776,0.9999718666068776,0.9999718666068776,-10.489511489868164,2.7826785613544136e-05,2.7826785613544136e-05,2.7826785613544136e-05,-16.82884979248047,4.9127356792866164e-08,4.9127356792866164e-08,4.9127356792866164e-08
gemma4:12b,original,Waterproof_Male,Waterproof connector,M12_Hex_Nut,False,False,False,input_crops/original/M12_Hex_Nut.png,38c0f98390b534a6792efcbe2e21a4c07ceeeea957ea1c15c814989186114245,raw/gemma4-12b/original/Waterproof_Male/M12_Hex_Nut.json,1.3121411000029184,B,-2.7752139568328857,0.06233613802010945,0.06233613802010945,0.06233613802010945,-0.06447284668684006,0.937561571819386,0.937561571819386,0.937561571819386,-10.283910751342773,3.417860305551353e-05,3.417860305551353e-05,3.417860305551353e-05
gemma4:12b,original,M12_Hex_Nut,M12 hex nut,M12_Hex_Nut,True,True,False,input_crops/original/M12_Hex_Nut.png,38c0f98390b534a6792efcbe2e21a4c07ceeeea957ea1c15c814989186114245,raw/gemma4-12b/original/M12_Hex_Nut/M12_Hex_Nut.json,0.8665858999593183,A,-1.6808651707833633e-05,0.9999831914895567,0.9999831914895567,0.9999831914895567,-11.011344909667969,1.651329226312594e-05,1.651329226312594e-05,1.651329226312594e-05,-17.66277503967285,2.1338027238065926e-08,2.1338027238065926e-08,2.1338027238065926e-08
gemma4:12b,original,M16_Hex_Nut,M16 hex nut,M12_Hex_Nut,False,True,False,input_crops/original/M12_Hex_Nut.png,38c0f98390b534a6792efcbe2e21a4c07ceeeea957ea1c15c814989186114245,raw/gemma4-12b/original/M16_Hex_Nut/M12_Hex_Nut.json,0.8700535999960266,A,-1.9550514480215497e-05,0.9999804496766298,0.9999804496766298,0.9999804496766298,-10.860031127929688,1.9210930809561864e-05,1.9210930809561864e-05,1.9210930809561864e-05,-17.252248764038086,3.2169444482214696e-08,3.2169444482214696e-08,3.2169444482214696e-08
gemma4:12b,original,RGOCG16-50_16mm,16 mm round pin,M12_Hex_Nut,False,False,False,input_crops/original/M12_Hex_Nut.png,38c0f98390b534a6792efcbe2e21a4c07ceeeea957ea1c15c814989186114245,raw/gemma4-12b/original/RGOCG16-50_16mm/M12_Hex_Nut.json,1.0720314999925904,B,-8.737488746643066,0.00016045632887696566,0.00016045632887696566,0.00016045632887696566,-0.00019784738833550364,0.9998021721821684,0.9998021721821684,0.9998021721821684,-13.077945709228516,2.0908378038438447e-06,2.0908378038438447e-06,2.0908378038438447e-06
gemma4:12b,original,RGOCG12-50_12mm,12 mm round pin,M12_Hex_Nut,False,False,False,input_crops/original/M12_Hex_Nut.png,38c0f98390b534a6792efcbe2e21a4c07ceeeea957ea1c15c814989186114245,raw/gemma4-12b/original/RGOCG12-50_12mm/M12_Hex_Nut.json,0.9381150999688543,B,-8.638994216918945,0.0001770649015954659,0.0001770649015954659,0.0001770649015954659,-0.00020869763102382421,0.9997913241448119,0.9997913241448119,0.9997913241448119,-13.526091575622559,1.3356512255888418e-06,1.3356512255888418e-06,1.3356512255888418e-06
gemma4:12b,original,RGOCG8-50_8mm,8 mm round pin,M12_Hex_Nut,False,False,False,input_crops/original/M12_Hex_Nut.png,38c0f98390b534a6792efcbe2e21a4c07ceeeea957ea1c15c814989186114245,raw/gemma4-12b/original/RGOCG8-50_8mm/M12_Hex_Nut.json,0.8908948000171222,B,-9.035676002502441,0.00011908464651059297,0.00011908464651059297,0.00011908464651059297,-0.0001443728688172996,0.9998556375524438,0.9998556375524438,0.9998556375524438,-12.747498512268066,2.909589615672324e-06,2.909589615672324e-06,2.909589615672324e-06
gemma4:12b,original,USB_Male,USB connector + cable,M12_Hex_Nut,False,False,False,input_crops/original/M12_Hex_Nut.png,38c0f98390b534a6792efcbe2e21a4c07ceeeea957ea1c15c814989186114245,raw/gemma4-12b/original/USB_Male/M12_Hex_Nut.json,1.0128198000020348,B,-10.97392463684082,1.7142931326961446e-05,1.7142931326961446e-05,1.7142931326961446e-05,-2.0504208805505186e-05,0.9999794960014043,0.9999794960014043,0.9999794960014043,-16.084251403808594,1.0344234797750872e-07,1.0344234797750872e-07,1.0344234797750872e-07
gemma4:12b,original,DSUB_Male,DSUB connector,M12_Hex_Nut,False,False,False,input_crops/original/M12_Hex_Nut.png,38c0f98390b534a6792efcbe2e21a4c07ceeeea957ea1c15c814989186114245,raw/gemma4-12b/original/DSUB_Male/M12_Hex_Nut.json,0.9250160999945365,B,-9.171582221984863,0.00010395190455560394,0.00010395190455560394,0.00010395190455560394,-0.00011146689939778298,0.9998885393128062,0.9998885393128062,0.9998885393128062,-13.401331901550293,1.5131274326587608e-06,1.5131274326587608e-06,1.5131274326587608e-06
gemma4:12b,original,Gear_Large,Large gear,M16_Hex_Nut,False,False,False,input_crops/original/M16_Hex_Nut.png,4ba340c5f9b0438cf39ee0b2a365c9fca0767eaad2c4a4642c4a0ade665bff5c,raw/gemma4-12b/original/Gear_Large/M16_Hex_Nut.json,1.2017522000242025,A,-2.837221290974412e-05,0.9999716281895776,0.9999716281895776,0.9999716281895776,-10.476922035217285,2.8179324146775267e-05,2.8179324146775267e-05,2.8179324146775267e-05,-17.22158432006836,3.31711829932912e-08,3.31711829932912e-08,3.31711829932912e-08
gemma4:12b,original,Gear_Medium,Medium gear,M16_Hex_Nut,False,False,False,input_crops/original/M16_Hex_Nut.png,4ba340c5f9b0438cf39ee0b2a365c9fca0767eaad2c4a4642c4a0ade665bff5c,raw/gemma4-12b/original/Gear_Medium/M16_Hex_Nut.json,1.1983197000226937,A,-0.0001326887431787327,0.9998673200595832,0.9998673200595832,0.9998673200595832,-8.929240226745605,0.00013245862482885512,0.00013245862482885512,0.00013245862482885512,-17.121173858642578,3.66748772957331e-08,3.66748772957331e-08,3.66748772957331e-08
gemma4:12b,original,Gear_Small,Small gear,M16_Hex_Nut,False,False,False,input_crops/original/M16_Hex_Nut.png,4ba340c5f9b0438cf39ee0b2a365c9fca0767eaad2c4a4642c4a0ade665bff5c,raw/gemma4-12b/original/Gear_Small/M16_Hex_Nut.json,1.3290123000042513,A,-0.00039293139707297087,0.9996071457903584,0.9996071457903584,0.9996071457903584,-7.8436384201049805,0.0003922393098607269,0.0003922393098607269,0.0003922393098607269,-16.57468605041504,6.334397441964545e-08,6.334397441964545e-08,6.334397441964545e-08
gemma4:12b,original,Waterproof_Male,Waterproof connector,M16_Hex_Nut,False,False,False,input_crops/original/M16_Hex_Nut.png,4ba340c5f9b0438cf39ee0b2a365c9fca0767eaad2c4a4642c4a0ade665bff5c,raw/gemma4-12b/original/Waterproof_Male/M16_Hex_Nut.json,1.4842330000246875,B,-2.8382227420806885,0.058529595769705504,0.058529595769705504,0.058529595769705504,-0.060400329530239105,0.9413875928862036,0.9413875928862036,0.9413875928862036,-10.434053421020508,2.9413599544812472e-05,2.9413599544812472e-05,2.9413599544812472e-05
gemma4:12b,original,M12_Hex_Nut,M12 hex nut,M16_Hex_Nut,False,True,False,input_crops/original/M16_Hex_Nut.png,4ba340c5f9b0438cf39ee0b2a365c9fca0767eaad2c4a4642c4a0ade665bff5c,raw/gemma4-12b/original/M12_Hex_Nut/M16_Hex_Nut.json,0.9688157000346109,A,-0.0003778456011787057,0.9996222257734806,0.9996222257734806,0.9996222257734806,-7.882386207580566,0.0003773315901662918,0.0003773315901662918,0.0003773315901662918,-15.856973648071289,1.2983860626191564e-07,1.2983860626191564e-07,1.2983860626191564e-07
gemma4:12b,original,M16_Hex_Nut,M16 hex nut,M16_Hex_Nut,True,True,False,input_crops/original/M16_Hex_Nut.png,4ba340c5f9b0438cf39ee0b2a365c9fca0767eaad2c4a4642c4a0ade665bff5c,raw/gemma4-12b/original/M16_Hex_Nut/M16_Hex_Nut.json,0.8402140000252984,A,-0.000521378533449024,0.9994787573607201,0.9994787573607201,0.9994787573607201,-7.559964656829834,0.0005208936535927191,0.0005208936535927191,0.0005208936535927191,-16.306650161743164,8.28155358809637e-08,8.28155358809637e-08,8.28155358809637e-08
gemma4:12b,original,RGOCG16-50_16mm,16 mm round pin,M16_Hex_Nut,False,False,False,input_crops/original/M16_Hex_Nut.png,4ba340c5f9b0438cf39ee0b2a365c9fca0767eaad2c4a4642c4a0ade665bff5c,raw/gemma4-12b/original/RGOCG16-50_16mm/M16_Hex_Nut.json,1.089432900014799,B,-9.621039390563965,6.631865083766258e-05,6.631865083766258e-05,6.631865083766258e-05,-7.999263470992446e-05,0.9999200105646155,0.9999200105646155,0.9999200105646155,-14.219207763671875,6.678463107075621e-07,6.678463107075621e-07,6.678463107075621e-07
gemma4:12b,original,RGOCG12-50_12mm,12 mm round pin,M16_Hex_Nut,False,False,False,input_crops/original/M16_Hex_Nut.png,4ba340c5f9b0438cf39ee0b2a365c9fca0767eaad2c4a4642c4a0ade665bff5c,raw/gemma4-12b/original/RGOCG12-50_12mm/M16_Hex_Nut.json,1.0055652000010014,B,-10.592580795288086,2.5101554153228492e-05,2.5101554153228492e-05,2.5101554153228492e-05,-3.4571290598250926e-05,0.999965429306982,0.999965429306982,0.999965429306982,-14.755292892456055,3.9071287081913673e-07,3.9071287081913673e-07,3.9071287081913673e-07
gemma4:12b,original,RGOCG8-50_8mm,8 mm round pin,M16_Hex_Nut,False,False,False,input_crops/original/M16_Hex_Nut.png,4ba340c5f9b0438cf39ee0b2a365c9fca0767eaad2c4a4642c4a0ade665bff5c,raw/gemma4-12b/original/RGOCG8-50_8mm/M16_Hex_Nut.json,0.8775578999775462,B,-9.134661674499512,0.00010786159564471839,0.00010786159564471839,0.00010786159564471839,-0.00013447711535263807,0.9998655319262894,0.9998655319262894,0.9998655319262894,-12.977681159973145,2.3113445188186287e-06,2.3113445188186287e-06,2.3113445188186287e-06
gemma4:12b,original,USB_Male,USB connector + cable,M16_Hex_Nut,False,False,False,input_crops/original/M16_Hex_Nut.png,4ba340c5f9b0438cf39ee0b2a365c9fca0767eaad2c4a4642c4a0ade665bff5c,raw/gemma4-12b/original/USB_Male/M16_Hex_Nut.json,1.118031699967105,B,-11.409842491149902,1.1085833886589128e-05,1.1085833886589128e-05,1.1085833886589128e-05,-1.4782061043661088e-05,0.9999852180482105,0.9999852180482105,0.9999852180482105,-17.035551071166992,3.995343958606805e-08,3.995343958606805e-08,3.995343958606805e-08
gemma4:12b,original,DSUB_Male,DSUB connector,M16_Hex_Nut,False,False,False,input_crops/original/M16_Hex_Nut.png,4ba340c5f9b0438cf39ee0b2a365c9fca0767eaad2c4a4642c4a0ade665bff5c,raw/gemma4-12b/original/DSUB_Male/M16_Hex_Nut.json,0.9858981000143103,B,-10.996204376220703,1.676521462397627e-05,1.676521462397627e-05,1.676521462397627e-05,-1.9312092263135128e-05,0.9999806880942141,0.9999806880942141,0.9999806880942141,-15.20988941192627,2.479870246955239e-07,2.479870246955239e-07,2.479870246955239e-07
gemma4:12b,original,Gear_Large,Large gear,RGOCG16-50_16mm,False,False,False,input_crops/original/RGOCG16-50_16mm.png,2bfbdaf2da2c79be29d256e75f2c8aaa2cb945a635fb500fdd25fd9e5a47a015,raw/gemma4-12b/original/Gear_Large/RGOCG16-50_16mm.json,1.2537292999913916,B,-11.865842819213867,7.026352608002703e-06,7.026352608002703e-06,7.026352608002703e-06,-1.025205165205989e-05,0.9999897480009,0.9999897480009,0.9999897480009,-15.519947052001953,1.8187484486409242e-07,1.8187484486409242e-07,1.8187484486409242e-07
gemma4:12b,original,Gear_Medium,Medium gear,RGOCG16-50_16mm,False,False,False,input_crops/original/RGOCG16-50_16mm.png,2bfbdaf2da2c79be29d256e75f2c8aaa2cb945a635fb500fdd25fd9e5a47a015,raw/gemma4-12b/original/Gear_Medium/RGOCG16-50_16mm.json,1.185241000028327,B,-11.321403503417969,1.211091430295672e-05,1.211091430295672e-05,1.211091430295672e-05,-1.5258905477821827e-05,0.9999847412109387,0.9999847412109387,0.9999847412109387,-13.953531265258789,8.710806538353956e-07,8.710806538353956e-07,8.710806538353956e-07
gemma4:12b,original,Gear_Small,Small gear,RGOCG16-50_16mm,False,False,False,input_crops/original/RGOCG16-50_16mm.png,2bfbdaf2da2c79be29d256e75f2c8aaa2cb945a635fb500fdd25fd9e5a47a015,raw/gemma4-12b/original/Gear_Small/RGOCG16-50_16mm.json,1.213103800022509,B,-10.448694229125977,2.8986097800029675e-05,2.8986097800029675e-05,2.8986097800029675e-05,-3.2067811844171956e-05,0.9999679327023226,0.9999679327023226,0.9999679327023226,-14.32586669921875,6.002817556414067e-07,6.002817556414067e-07,6.002817556414067e-07
gemma4:12b,original,Waterproof_Male,Waterproof connector,RGOCG16-50_16mm,False,False,False,input_crops/original/RGOCG16-50_16mm.png,2bfbdaf2da2c79be29d256e75f2c8aaa2cb945a635fb500fdd25fd9e5a47a015,raw/gemma4-12b/original/Waterproof_Male/RGOCG16-50_16mm.json,1.2898193000000902,B,-6.714871883392334,0.001212741374281557,0.001212741374281557,0.001212741374281557,-0.0013785322662442923,0.9986224174728948,0.9986224174728948,0.9986224174728948,-8.88212776184082,0.00013884841467121445,0.00013884841467121445,0.00013884841467121445
gemma4:12b,original,M12_Hex_Nut,M12 hex nut,RGOCG16-50_16mm,False,False,False,input_crops/original/RGOCG16-50_16mm.png,2bfbdaf2da2c79be29d256e75f2c8aaa2cb945a635fb500fdd25fd9e5a47a015,raw/gemma4-12b/original/M12_Hex_Nut/RGOCG16-50_16mm.json,0.8504670000402257,B,-10.979716300964355,1.704393218823314e-05,1.704393218823314e-05,1.704393218823314e-05,-1.9669725588755682e-05,0.9999803304678591,0.9999803304678591,0.9999803304678591,-13.567801475524902,1.281087187218163e-06,1.281087187218163e-06,1.281087187218163e-06
gemma4:12b,original,M16_Hex_Nut,M16 hex nut,RGOCG16-50_16mm,False,False,False,input_crops/original/RGOCG16-50_16mm.png,2bfbdaf2da2c79be29d256e75f2c8aaa2cb945a635fb500fdd25fd9e5a47a015,raw/gemma4-12b/original/M16_Hex_Nut/RGOCG16-50_16mm.json,0.852722099982202,B,-11.623626708984375,8.952061571801646e-06,8.952061571801646e-06,8.952061571801646e-06,-1.0728893357736524e-05,0.9999892711641967,0.9999892711641967,0.9999892711641967,-14.90744400024414,3.355670665398906e-07,3.355670665398906e-07,3.355670665398906e-07
gemma4:12b,original,RGOCG16-50_16mm,16 mm round pin,RGOCG16-50_16mm,True,True,False,input_crops/original/RGOCG16-50_16mm.png,2bfbdaf2da2c79be29d256e75f2c8aaa2cb945a635fb500fdd25fd9e5a47a015,raw/gemma4-12b/original/RGOCG16-50_16mm/RGOCG16-50_16mm.json,1.0216165999881923,A,-4.768382950715022e-06,0.999995231628418,0.999995231628418,0.999995231628418,-14.193755149841309,6.850629193468613e-07,6.850629193468613e-07,6.850629193468613e-07,-17.33466339111328,2.9624521452808496e-08,2.9624521452808496e-08,2.9624521452808496e-08
gemma4:12b,original,RGOCG12-50_12mm,12 mm round pin,RGOCG16-50_16mm,False,True,False,input_crops/original/RGOCG16-50_16mm.png,2bfbdaf2da2c79be29d256e75f2c8aaa2cb945a635fb500fdd25fd9e5a47a015,raw/gemma4-12b/original/RGOCG12-50_12mm/RGOCG16-50_16mm.json,1.0306022000149824,A,-2.3841887468734058e-06,0.9999976158140953,0.9999976158140953,0.9999976158140953,-13.883516311645508,9.342550981557236e-07,9.342550981557236e-07,9.342550981557236e-07,-17.634353637695312,2.1953184292022395e-08,2.1953184292022395e-08,2.1953184292022395e-08
gemma4:12b,original,RGOCG8-50_8mm,8 mm round pin,RGOCG16-50_16mm,False,True,False,input_crops/original/RGOCG16-50_16mm.png,2bfbdaf2da2c79be29d256e75f2c8aaa2cb945a635fb500fdd25fd9e5a47a015,raw/gemma4-12b/original/RGOCG8-50_8mm/RGOCG16-50_16mm.json,0.887182499980554,A,-2.7418175250204513e-06,0.9999972581862338,0.9999972581862338,0.9999972581862338,-13.958592414855957,8.666831220053413e-07,8.666831220053413e-07,8.666831220053413e-07,-17.62790298461914,2.2095254397650746e-08,2.2095254397650746e-08,2.2095254397650746e-08
gemma4:12b,original,USB_Male,USB connector + cable,RGOCG16-50_16mm,False,False,False,input_crops/original/RGOCG16-50_16mm.png,2bfbdaf2da2c79be29d256e75f2c8aaa2cb945a635fb500fdd25fd9e5a47a015,raw/gemma4-12b/original/USB_Male/RGOCG16-50_16mm.json,1.0309973999974318,B,-11.573650360107422,9.410821004295931e-06,9.410821004295931e-06,9.410821004295931e-06,-1.3232318451628089e-05,0.9999867677690951,0.9999867677690951,0.9999867677690951,-16.34819984436035,7.944508216569445e-08,7.944508216569445e-08,7.944508216569445e-08
gemma4:12b,original,DSUB_Male,DSUB connector,RGOCG16-50_16mm,False,False,False,input_crops/original/RGOCG16-50_16mm.png,2bfbdaf2da2c79be29d256e75f2c8aaa2cb945a635fb500fdd25fd9e5a47a015,raw/gemma4-12b/original/DSUB_Male/RGOCG16-50_16mm.json,0.9424446999910288,B,-12.911291122436523,2.470003173675065e-06,2.470003173675065e-06,2.470003173675065e-06,-3.337865791763761e-06,0.9999966621397789,0.9999966621397789,0.9999966621397789,-16.454410552978516,7.143981049848247e-08,7.143981049848247e-08,7.143981049848247e-08
gemma4:12b,original,Gear_Large,Large gear,RGOCG12-50_12mm,False,False,False,input_crops/original/RGOCG12-50_12mm.png,f7fe97d1f7e7adc98d48fb17d117f16f849894e3866bcd7707469350125ff6d1,raw/gemma4-12b/original/Gear_Large/RGOCG12-50_12mm.json,1.2666737999534234,B,-11.266998291015625,1.2788064397346624e-05,1.2788064397346624e-05,1.2788064397346624e-05,-1.5139694369281642e-05,0.9999848604202353,0.9999848604202353,0.9999848604202353,-14.033236503601074,8.043458459524071e-07,8.043458459524071e-07,8.043458459524071e-07
gemma4:12b,original,Gear_Medium,Medium gear,RGOCG12-50_12mm,False,False,False,input_crops/original/RGOCG12-50_12mm.png,f7fe97d1f7e7adc98d48fb17d117f16f849894e3866bcd7707469350125ff6d1,raw/gemma4-12b/original/Gear_Medium/RGOCG12-50_12mm.json,1.1409763999981806,B,-11.362175941467285,1.1627053912320882e-05,1.1627053912320882e-05,1.1627053912320882e-05,-1.3828373084834311e-05,0.9999861717225267,0.9999861717225267,0.9999861717225267,-14.226784706115723,6.628051998708416e-07,6.628051998708416e-07,6.628051998708416e-07
gemma4:12b,original,Gear_Small,Small gear,RGOCG12-50_12mm,False,False,False,input_crops/original/RGOCG12-50_12mm.png,f7fe97d1f7e7adc98d48fb17d117f16f849894e3866bcd7707469350125ff6d1,raw/gemma4-12b/original/Gear_Small/RGOCG12-50_12mm.json,1.2152581999544054,B,-11.627396583557129,8.918376955790756e-06,8.918376955790756e-06,8.918376955790756e-06,-1.0848104466276709e-05,0.9999891519543742,0.9999891519543742,0.9999891519543742,-14.734766960144043,3.988154891802043e-07,3.988154891802043e-07,3.988154891802043e-07
gemma4:12b,original,Waterproof_Male,Waterproof connector,RGOCG12-50_12mm,False,False,False,input_crops/original/RGOCG12-50_12mm.png,f7fe97d1f7e7adc98d48fb17d117f16f849894e3866bcd7707469350125ff6d1,raw/gemma4-12b/original/Waterproof_Male/RGOCG12-50_12mm.json,1.3445332000264898,B,-8.219942092895508,0.00026923065482193146,0.00026923065482193146,0.00026923065482193146,-0.0003265675622969866,0.9996734857550853,0.9996734857550853,0.9996734857550853,-10.040719985961914,4.3588378732883336e-05,4.3588378732883336e-05,4.3588378732883336e-05
gemma4:12b,original,M12_Hex_Nut,M12 hex nut,RGOCG12-50_12mm,False,False,False,input_crops/original/RGOCG12-50_12mm.png,f7fe97d1f7e7adc98d48fb17d117f16f849894e3866bcd7707469350125ff6d1,raw/gemma4-12b/original/M12_Hex_Nut/RGOCG12-50_12mm.json,0.8472676000092179,B,-11.491400718688965,1.021758074737234e-05,1.021758074737234e-05,1.021758074737234e-05,-1.1563368389033712e-05,0.9999884366984665,0.9999884366984665,0.9999884366984665,-14.209941864013672,6.740632659708608e-07,6.740632659708608e-07,6.740632659708608e-07
gemma4:12b,original,M16_Hex_Nut,M16 hex nut,RGOCG12-50_12mm,False,False,False,input_crops/original/RGOCG12-50_12mm.png,f7fe97d1f7e7adc98d48fb17d117f16f849894e3866bcd7707469350125ff6d1,raw/gemma4-12b/original/M16_Hex_Nut/RGOCG12-50_12mm.json,0.8112662999774329,B,-12.703423500061035,3.040697889249282e-06,3.040697889249282e-06,3.040697889249282e-06,-4.410753263073275e-06,0.9999955892564643,0.9999955892564643,0.9999955892564643,-16.187559127807617,9.328942049979896e-08,9.328942049979896e-08,9.328942049979896e-08
gemma4:12b,original,RGOCG16-50_16mm,16 mm round pin,RGOCG12-50_12mm,False,True,False,input_crops/original/RGOCG12-50_12mm.png,f7fe97d1f7e7adc98d48fb17d117f16f849894e3866bcd7707469350125ff6d1,raw/gemma4-12b/original/RGOCG16-50_16mm/RGOCG12-50_12mm.json,1.0342118000262417,A,-2.861027041944908e-06,0.9999971389770508,0.9999971389770508,0.9999971389770508,-13.382229804992676,1.54230916780418e-06,1.54230916780418e-06,1.54230916780418e-06,-16.695358276367188,5.614331177637695e-08,5.614331177637695e-08,5.614331177637695e-08
gemma4:12b,original,RGOCG12-50_12mm,12 mm round pin,RGOCG12-50_12mm,True,True,False,input_crops/original/RGOCG12-50_12mm.png,f7fe97d1f7e7adc98d48fb17d117f16f849894e3866bcd7707469350125ff6d1,raw/gemma4-12b/original/RGOCG12-50_12mm/RGOCG12-50_12mm.json,0.8929492000024766,A,-3.4570753086882178e-06,0.999996542930667,0.999996542930667,0.999996542930667,-12.933598518371582,2.4155138519185957e-06,2.4155138519185957e-06,2.4155138519185957e-06,-16.97918128967285,4.2270293046027577e-08,4.2270293046027577e-08,4.2270293046027577e-08
gemma4:12b,original,RGOCG8-50_8mm,8 mm round pin,RGOCG12-50_12mm,False,True,False,input_crops/original/RGOCG12-50_12mm.png,f7fe97d1f7e7adc98d48fb17d117f16f849894e3866bcd7707469350125ff6d1,raw/gemma4-12b/original/RGOCG8-50_8mm/RGOCG12-50_12mm.json,0.8265348999993876,A,-3.337865791763761e-06,0.9999966621397789,0.9999966621397789,0.9999966621397789,-12.822927474975586,2.69819514045473e-06,2.69819514045473e-06,2.69819514045473e-06,-16.892215728759766,4.611093428881116e-08,4.611093428881116e-08,4.611093428881116e-08
gemma4:12b,original,USB_Male,USB connector + cable,RGOCG12-50_12mm,False,False,False,input_crops/original/RGOCG12-50_12mm.png,f7fe97d1f7e7adc98d48fb17d117f16f849894e3866bcd7707469350125ff6d1,raw/gemma4-12b/original/USB_Male/RGOCG12-50_12mm.json,1.0010813000262715,B,-11.112674713134766,1.4921988223266581e-05,1.4921988223266581e-05,1.4921988223266581e-05,-1.6451016563223675e-05,0.999983549118754,0.999983549118754,0.999983549118754,-16.13241958618164,9.85778164266653e-08,9.85778164266653e-08,9.85778164266653e-08
gemma4:12b,original,DSUB_Male,DSUB connector,RGOCG12-50_12mm,False,False,False,input_crops/original/RGOCG12-50_12mm.png,f7fe97d1f7e7adc98d48fb17d117f16f849894e3866bcd7707469350125ff6d1,raw/gemma4-12b/original/DSUB_Male/RGOCG12-50_12mm.json,0.860019400017336,B,-12.244384765625,4.812062528625816e-06,4.812062528625816e-06,4.812062528625816e-06,-5.722062269342132e-06,0.9999942779541017,0.9999942779541017,0.9999942779541017,-15.766318321228027,1.4215919422120545e-07,1.4215919422120545e-07,1.4215919422120545e-07
gemma4:12b,original,Gear_Large,Large gear,RGOCG8-50_8mm,False,False,False,input_crops/original/RGOCG8-50_8mm.png,7881f6ce4519d317e7889c544a7333e26886e42475e8b63c0556e60bc0ac04ae,raw/gemma4-12b/original/Gear_Large/RGOCG8-50_8mm.json,1.2263230999815278,B,-11.664040565490723,8.597487354370125e-06,8.597487354370125e-06,8.597487354370125e-06,-1.1086525773862377e-05,0.9999889135356814,0.9999889135356814,0.9999889135356814,-14.522058486938477,4.933443209351796e-07,4.933443209351796e-07,4.933443209351796e-07
gemma4:12b,original,Gear_Medium,Medium gear,RGOCG8-50_8mm,False,False,False,input_crops/original/RGOCG8-50_8mm.png,7881f6ce4519d317e7889c544a7333e26886e42475e8b63c0556e60bc0ac04ae,raw/gemma4-12b/original/Gear_Medium/RGOCG8-50_8mm.json,1.1261956000234932,B,-12.023672103881836,6.0004739278426135e-06,6.0004739278426135e-06,6.0004739278426135e-06,-7.867844033171423e-06,0.9999921321869182,0.9999921321869182,0.9999921321869182,-15.123857498168945,2.702664539311357e-07,2.702664539311357e-07,2.702664539311357e-07
gemma4:12b,original,Gear_Small,Small gear,RGOCG8-50_8mm,False,False,False,input_crops/original/RGOCG8-50_8mm.png,7881f6ce4519d317e7889c544a7333e26886e42475e8b63c0556e60bc0ac04ae,raw/gemma4-12b/original/Gear_Small/RGOCG8-50_8mm.json,1.1785298000322655,B,-11.939278602600098,6.528857428826208e-06,6.528857428826208e-06,6.528857428826208e-06,-7.867844033171423e-06,0.9999921321869182,0.9999921321869182,0.9999921321869182,-15.39306354522705,2.0647973907324758e-07,2.0647973907324758e-07,2.0647973907324758e-07
gemma4:12b,original,Waterproof_Male,Waterproof connector,RGOCG8-50_8mm,False,False,False,input_crops/original/RGOCG8-50_8mm.png,7881f6ce4519d317e7889c544a7333e26886e42475e8b63c0556e60bc0ac04ae,raw/gemma4-12b/original/Waterproof_Male/RGOCG8-50_8mm.json,1.298327700002119,B,-7.929365158081055,0.0003600148929439497,0.0003600148929439497,0.0003600148929439497,-0.0004139207012485713,0.9995861649521066,0.9995861649521066,0.9995861649521066,-10.676783561706543,2.3074474262162175e-05,2.3074474262162175e-05,2.3074474262162175e-05
gemma4:12b,original,M12_Hex_Nut,M12 hex nut,RGOCG8-50_8mm,False,False,False,input_crops/original/RGOCG8-50_8mm.png,7881f6ce4519d317e7889c544a7333e26886e42475e8b63c0556e60bc0ac04ae,raw/gemma4-12b/original/M12_Hex_Nut/RGOCG8-50_8mm.json,0.8457664999878034,B,-12.045577049255371,5.870463013740265e-06,5.870463013740265e-06,5.870463013740265e-06,-6.7949526965094265e-06,0.9999932050703891,0.9999932050703891,0.9999932050703891,-15.29561710357666,2.2761343587892366e-07,2.2761343587892366e-07,2.2761343587892366e-07
gemma4:12b,original,M16_Hex_Nut,M16 hex nut,RGOCG8-50_8mm,False,False,False,input_crops/original/RGOCG8-50_8mm.png,7881f6ce4519d317e7889c544a7333e26886e42475e8b63c0556e60bc0ac04ae,raw/gemma4-12b/original/M16_Hex_Nut/RGOCG8-50_8mm.json,0.8384742999915034,B,-11.971979141235352,6.318813269595776e-06,6.318813269595776e-06,6.318813269595776e-06,-7.510213436034974e-06,0.9999924898147655,0.9999924898147655,0.9999924898147655,-15.021803855895996,2.993046589974556e-07,2.993046589974556e-07,2.993046589974556e-07
gemma4:12b,original,RGOCG16-50_16mm,16 mm round pin,RGOCG8-50_8mm,False,True,False,input_crops/original/RGOCG8-50_8mm.png,7881f6ce4519d317e7889c544a7333e26886e42475e8b63c0556e60bc0ac04ae,raw/gemma4-12b/original/RGOCG16-50_16mm/RGOCG8-50_8mm.json,1.0630998999695294,A,-3.57628505298635e-06,0.9999964237213419,0.9999964237213419,0.9999964237213419,-13.168720245361328,1.9094023982482902e-06,1.9094023982482902e-06,1.9094023982482902e-06,-17.352825164794922,2.9091343978700416e-08,2.9091343978700416e-08,2.9091343978700416e-08
gemma4:12b,original,RGOCG12-50_12mm,12 mm round pin,RGOCG8-50_8mm,False,True,False,input_crops/original/RGOCG8-50_8mm.png,7881f6ce4519d317e7889c544a7333e26886e42475e8b63c0556e60bc0ac04ae,raw/gemma4-12b/original/RGOCG12-50_12mm/RGOCG8-50_8mm.json,0.8903023999882862,A,-2.7418175250204513e-06,0.9999972581862338,0.9999972581862338,0.9999972581862338,-13.540166854858398,1.3169832483205497e-06,1.3169832483205497e-06,1.3169832483205497e-06,-16.979528427124023,4.225562199082297e-08,4.225562199082297e-08,4.225562199082297e-08
gemma4:12b,original,RGOCG8-50_8mm,8 mm round pin,RGOCG8-50_8mm,True,True,False,input_crops/original/RGOCG8-50_8mm.png,7881f6ce4519d317e7889c544a7333e26886e42475e8b63c0556e60bc0ac04ae,raw/gemma4-12b/original/RGOCG8-50_8mm/RGOCG8-50_8mm.json,0.8260220999945886,A,-3.4570753086882178e-06,0.999996542930667,0.999996542930667,0.999996542930667,-13.18789005279541,1.8731481258939942e-06,1.8731481258939942e-06,1.8731481258939942e-06,-17.160560607910156,3.5258450429916325e-08,3.5258450429916325e-08,3.5258450429916325e-08
gemma4:12b,original,USB_Male,USB connector + cable,RGOCG8-50_8mm,False,False,False,input_crops/original/RGOCG8-50_8mm.png,7881f6ce4519d317e7889c544a7333e26886e42475e8b63c0556e60bc0ac04ae,raw/gemma4-12b/original/USB_Male/RGOCG8-50_8mm.json,1.0017817000043578,B,-11.412327766418457,1.1058316745797732e-05,1.1058316745797732e-05,1.1058316745797732e-05,-1.5497327694902197e-05,0.999984502792388,0.999984502792388,0.999984502792388,-16.666048049926758,5.781323837133912e-08,5.781323837133912e-08,5.781323837133912e-08
gemma4:12b,original,DSUB_Male,DSUB connector,RGOCG8-50_8mm,False,False,False,input_crops/original/RGOCG8-50_8mm.png,7881f6ce4519d317e7889c544a7333e26886e42475e8b63c0556e60bc0ac04ae,raw/gemma4-12b/original/DSUB_Male/RGOCG8-50_8mm.json,0.8840372999547981,B,-12.39893627166748,4.122972097988895e-06,4.122972097988895e-06,4.122972097988895e-06,-5.841272468387615e-06,0.9999941587445919,0.9999941587445919,0.9999941587445919,-16.158029556274414,9.60852944325258e-08,9.60852944325258e-08,9.60852944325258e-08
gemma4:12b,original,Gear_Large,Large gear,USB_Male,False,False,False,input_crops/original/USB_Male.png,9655c4c73f92054fa731c1091211eb73e90cf928b613414b530d06f1a9f4647c,raw/gemma4-12b/original/Gear_Large/USB_Male.json,1.2861403999850154,B,-10.388399124145508,3.0787582214191106e-05,3.0787582214191106e-05,3.0787582214191106e-05,-3.707477662828751e-05,0.9999629259106327,0.9999629259106327,0.9999629259106327,-12.845258712768555,2.638608896656975e-06,2.638608896656975e-06,2.638608896656975e-06
gemma4:12b,original,Gear_Medium,Medium gear,USB_Male,False,False,False,input_crops/original/USB_Male.png,9655c4c73f92054fa731c1091211eb73e90cf928b613414b530d06f1a9f4647c,raw/gemma4-12b/original/Gear_Medium/USB_Male.json,1.2722608000040054,B,-10.24917221069336,3.538678152896778e-05,3.538678152896778e-05,3.538678152896778e-05,-4.875778904533945e-05,0.9999512433995963,0.9999512433995963,0.9999512433995963,-11.839756965637207,7.212052553934484e-06,7.212052553934484e-06,7.212052553934484e-06
gemma4:12b,original,Gear_Small,Small gear,USB_Male,False,False,False,input_crops/original/USB_Male.png,9655c4c73f92054fa731c1091211eb73e90cf928b613414b530d06f1a9f4647c,raw/gemma4-12b/original/Gear_Small/USB_Male.json,1.246951499953866,B,-9.94489860534668,4.7971733528182895e-05,4.7971733528182895e-05,4.7971733528182895e-05,-5.69836629438214e-05,0.9999430179605943,0.9999430179605943,0.9999430179605943,-12.502117156982422,3.718771608492026e-06,3.718771608492026e-06,3.718771608492026e-06
gemma4:12b,original,Waterproof_Male,Waterproof connector,USB_Male,False,False,False,input_crops/original/USB_Male.png,9655c4c73f92054fa731c1091211eb73e90cf928b613414b530d06f1a9f4647c,raw/gemma4-12b/original/Waterproof_Male/USB_Male.json,1.3796287999721244,A,-7.355483830906451e-05,0.9999264478667818,0.9999264478667818,0.9999264478667818,-9.52018928527832,7.335577786746507e-05,7.335577786746507e-05,7.335577786746507e-05,-17.660276412963867,2.139140966644786e-08,2.139140966644786e-08,2.139140966644786e-08
gemma4:12b,original,M12_Hex_Nut,M12 hex nut,USB_Male,False,False,False,input_crops/original/USB_Male.png,9655c4c73f92054fa731c1091211eb73e90cf928b613414b530d06f1a9f4647c,raw/gemma4-12b/original/M12_Hex_Nut/USB_Male.json,0.8752581999870017,B,-11.123231887817383,1.476528282556034e-05,1.476528282556034e-05,1.476528282556034e-05,-2.1696325347875245e-05,0.9999783039100157,0.9999783039100157,0.9999783039100157,-12.756851196289062,2.8825040023947714e-06,2.8825040023947714e-06,2.8825040023947714e-06
gemma4:12b,original,M16_Hex_Nut,M16 hex nut,USB_Male,False,False,False,input_crops/original/USB_Male.png,9655c4c73f92054fa731c1091211eb73e90cf928b613414b530d06f1a9f4647c,raw/gemma4-12b/original/M16_Hex_Nut/USB_Male.json,0.9167084000073373,B,-12.135472297668457,5.365761262807888e-06,5.365761262807888e-06,5.365761262807888e-06,-7.74863383412594e-06,0.9999922513961864,0.9999922513961864,0.9999922513961864,-14.212482452392578,6.723529222303669e-07,6.723529222303669e-07,6.723529222303669e-07
gemma4:12b,original,RGOCG16-50_16mm,16 mm round pin,USB_Male,False,False,False,input_crops/original/USB_Male.png,9655c4c73f92054fa731c1091211eb73e90cf928b613414b530d06f1a9f4647c,raw/gemma4-12b/original/RGOCG16-50_16mm/USB_Male.json,1.0577057999907993,B,-4.619840145111084,0.009854371204700972,0.009854371204700972,0.009854371204700972,-0.011815699748694897,0.9882538315086591,0.9882538315086591,0.9882538315086591,-6.576791286468506,0.001392309657834566,0.001392309657834566,0.001392309657834566
gemma4:12b,original,RGOCG12-50_12mm,12 mm round pin,USB_Male,False,False,False,input_crops/original/USB_Male.png,9655c4c73f92054fa731c1091211eb73e90cf928b613414b530d06f1a9f4647c,raw/gemma4-12b/original/RGOCG12-50_12mm/USB_Male.json,0.986810400034301,B,-3.100154161453247,0.04504225807833581,0.04504225807833581,0.04504225807833581,-0.04769064858555794,0.9534286859740333,0.9534286859740333,0.9534286859740333,-6.602479934692383,0.001356998593384768,0.001356998593384768,0.001356998593384768
gemma4:12b,original,RGOCG8-50_8mm,8 mm round pin,USB_Male,False,False,False,input_crops/original/USB_Male.png,9655c4c73f92054fa731c1091211eb73e90cf928b613414b530d06f1a9f4647c,raw/gemma4-12b/original/RGOCG8-50_8mm/USB_Male.json,0.8827069000108168,B,-2.913837432861328,0.054267083502498877,0.054267083502498877,0.054267083502498877,-0.05947495251893997,0.9422591345134824,0.9422591345134824,0.9422591345134824,-5.714315414428711,0.0032984077913012543,0.0032984077913012543,0.0032984077913012543
gemma4:12b,original,USB_Male,USB connector + cable,USB_Male,True,True,False,input_crops/original/USB_Male.png,9655c4c73f92054fa731c1091211eb73e90cf928b613414b530d06f1a9f4647c,raw/gemma4-12b/original/USB_Male/USB_Male.json,1.0540001000044867,A,-6.9141628955549095e-06,0.9999930858610072,0.9999930858610072,0.9999930858610072,-12.091570854187012,5.6065732486074685e-06,5.6065732486074685e-06,5.6065732486074685e-06,-16.65315818786621,5.856326653435542e-08,5.856326653435542e-08,5.856326653435542e-08
gemma4:12b,original,DSUB_Male,DSUB connector,USB_Male,False,False,False,input_crops/original/USB_Male.png,9655c4c73f92054fa731c1091211eb73e90cf928b613414b530d06f1a9f4647c,raw/gemma4-12b/original/DSUB_Male/USB_Male.json,0.9315478000207804,A,-0.2657800018787384,0.766607761218001,0.766607761218001,0.766607761218001,-1.4550538063049316,0.2333878058278549,0.2333878058278549,0.2333878058278549,-12.918322563171387,2.4526964097922018e-06,2.4526964097922018e-06,2.4526964097922018e-06
gemma4:12b,original,Gear_Large,Large gear,DSUB_Male,False,False,False,input_crops/original/DSUB_Male.png,c494876a69ee4e893be510f226d6b6c3e9653d4b052ec114fbb8385c85d6a131,raw/gemma4-12b/original/Gear_Large/DSUB_Male.json,1.2255859000142664,B,-8.311201095581055,0.0002457486983531703,0.0002457486983531703,0.0002457486983531703,-0.00026748180971480906,0.9997325539603551,0.9997325539603551,0.9997325539603551,-11.69611644744873,8.326091267970447e-06,8.326091267970447e-06,8.326091267970447e-06
gemma4:12b,original,Gear_Medium,Medium gear,DSUB_Male,False,False,False,input_crops/original/DSUB_Male.png,c494876a69ee4e893be510f226d6b6c3e9653d4b052ec114fbb8385c85d6a131,raw/gemma4-12b/original/Gear_Medium/DSUB_Male.json,1.142644100007601,B,-8.989018440246582,0.0001247725048196699,0.0001247725048196699,0.0001247725048196699,-0.0001432998396921903,0.9998567104272394,0.9998567104272394,0.9998567104272394,-12.024444580078125,5.995840494405825e-06,5.995840494405825e-06,5.995840494405825e-06
gemma4:12b,original,Gear_Small,Small gear,DSUB_Male,False,False,False,input_crops/original/DSUB_Male.png,c494876a69ee4e893be510f226d6b6c3e9653d4b052ec114fbb8385c85d6a131,raw/gemma4-12b/original/Gear_Small/DSUB_Male.json,1.1501643999945372,B,-8.4540376663208,0.00021303849810265027,0.00021303849810265027,0.00021303849810265027,-0.0002520998241379857,0.9997479319503525,0.9997479319503525,0.9997479319503525,-10.470805168151855,2.835222158279602e-05,2.835222158279602e-05,2.835222158279602e-05
gemma4:12b,original,Waterproof_Male,Waterproof connector,DSUB_Male,False,False,False,input_crops/original/DSUB_Male.png,c494876a69ee4e893be510f226d6b6c3e9653d4b052ec114fbb8385c85d6a131,raw/gemma4-12b/original/Waterproof_Male/DSUB_Male.json,1.2685233000083826,A,-6.198902156029362e-06,0.9999938011170572,0.9999938011170572,0.9999938011170572,-12.125082015991211,5.4218036777956545e-06,5.4218036777956545e-06,5.4218036777956545e-06,-18.03251838684082,1.4742691229348902e-08,1.4742691229348902e-08,1.4742691229348902e-08
gemma4:12b,original,M12_Hex_Nut,M12 hex nut,DSUB_Male,False,False,False,input_crops/original/DSUB_Male.png,c494876a69ee4e893be510f226d6b6c3e9653d4b052ec114fbb8385c85d6a131,raw/gemma4-12b/original/M12_Hex_Nut/DSUB_Male.json,0.8082059000153095,B,-9.695319175720215,6.15710247377978e-05,6.15710247377978e-05,6.15710247377978e-05,-7.105126132955775e-05,0.9999289512627515,0.9999289512627515,0.9999289512627515,-12.461949348449707,3.87118712060714e-06,3.87118712060714e-06,3.87118712060714e-06
gemma4:12b,original,M16_Hex_Nut,M16 hex nut,DSUB_Male,False,False,False,input_crops/original/DSUB_Male.png,c494876a69ee4e893be510f226d6b6c3e9653d4b052ec114fbb8385c85d6a131,raw/gemma4-12b/original/M16_Hex_Nut/DSUB_Male.json,0.8289166000322439,B,-9.565328598022461,7.011816988408443e-05,7.011816988408443e-05,7.011816988408443e-05,-7.510467548854649e-05,0.999924898144797,0.999924898144797,0.999924898144797,-13.1165132522583,2.0117345410921593e-06,2.0117345410921593e-06,2.0117345410921593e-06
gemma4:12b,original,RGOCG16-50_16mm,16 mm round pin,DSUB_Male,False,False,False,input_crops/original/DSUB_Male.png,c494876a69ee4e893be510f226d6b6c3e9653d4b052ec114fbb8385c85d6a131,raw/gemma4-12b/original/RGOCG16-50_16mm/DSUB_Male.json,1.0090512000024319,A,-0.0006175755988806486,0.9993826150616784,0.9993826150616784,0.9993826150616784,-7.394679546356201,0.0006145135699087477,0.0006145135699087477,0.0006145135699087477,-13.589152336120605,1.2540248039050116e-06,1.2540248039050116e-06,1.2540248039050116e-06
gemma4:12b,original,RGOCG12-50_12mm,12 mm round pin,DSUB_Male,False,False,False,input_crops/original/DSUB_Male.png,c494876a69ee4e893be510f226d6b6c3e9653d4b052ec114fbb8385c85d6a131,raw/gemma4-12b/original/RGOCG12-50_12mm/DSUB_Male.json,0.8946265000267886,A,-0.0006357663660310209,0.9993644356905825,0.9993644356905825,0.9993644356905825,-7.364574909210205,0.0006332945569566166,0.0006332945569566166,0.0006332945569566166,-13.428326606750488,1.4728273947428203e-06,1.4728273947428203e-06,1.4728273947428203e-06
gemma4:12b,original,RGOCG8-50_8mm,8 mm round pin,DSUB_Male,False,False,False,input_crops/original/DSUB_Male.png,c494876a69ee4e893be510f226d6b6c3e9653d4b052ec114fbb8385c85d6a131,raw/gemma4-12b/original/RGOCG8-50_8mm/DSUB_Male.json,0.8194598999689333,A,-0.0011369490530341864,0.9988636970286632,0.9988636970286632,0.9988636970286632,-6.78502082824707,0.001130584155290209,0.001130584155290209,0.001130584155290209,-12.625337600708008,3.2876497810979294e-06,3.2876497810979294e-06,3.2876497810979294e-06
gemma4:12b,original,USB_Male,USB connector + cable,DSUB_Male,False,False,False,input_crops/original/DSUB_Male.png,c494876a69ee4e893be510f226d6b6c3e9653d4b052ec114fbb8385c85d6a131,raw/gemma4-12b/original/USB_Male/DSUB_Male.json,0.9973306999891065,A,-0.007927524857223034,0.992103815097187,0.992103815097187,0.992103815097187,-4.842239856719971,0.007889363203319687,0.007889363203319687,0.007889363203319687,-14.410985946655273,5.513004215767902e-07,5.513004215767902e-07,5.513004215767902e-07
gemma4:12b,original,DSUB_Male,DSUB connector,DSUB_Male,True,True,False,input_crops/original/DSUB_Male.png,c494876a69ee4e893be510f226d6b6c3e9653d4b052ec114fbb8385c85d6a131,raw/gemma4-12b/original/DSUB_Male/DSUB_Male.json,0.8546311999671161,A,-3.540578472893685e-05,0.9999645948420485,0.9999645948420485,0.9999645948420485,-10.253863334655762,3.5221166514186236e-05,3.5221166514186236e-05,3.5221166514186236e-05,-17.813907623291016,1.8345021204046568e-08,1.8345021204046568e-08,1.8345021204046568e-08
gemma4:12b,state_101,Gear_Large,Large gear,Gear_Large,True,True,False,input_crops/state_101/Gear_Large.png,051e75a5b0096989b516c484271d98c52e09d06625bc3ea201ac2f884e2c93a0,raw/gemma4-12b/state_101/Gear_Large/Gear_Large.json,1.1578491000109352,A,-4.7207991883624345e-05,0.999952793122396,0.999952793122396,0.999952793122396,-9.976250648498535,4.649105411520362e-05,4.649105411520362e-05,4.649105411520362e-05,-16.55516815185547,6.459245996000092e-08,6.459245996000092e-08,6.459245996000092e-08
gemma4:12b,state_101,Gear_Medium,Medium gear,Gear_Large,False,True,False,input_crops/state_101/Gear_Large.png,051e75a5b0096989b516c484271d98c52e09d06625bc3ea201ac2f884e2c93a0,raw/gemma4-12b/state_101/Gear_Medium/Gear_Large.json,1.1657216999446973,A,-5.6268367188749835e-05,0.9999437332158462,0.9999437332158462,0.9999437332158462,-9.810379028320312,5.4879042145260203e-05,5.4879042145260203e-05,5.4879042145260203e-05,-16.544788360595703,6.52664078797822e-08,6.52664078797822e-08,6.52664078797822e-08
gemma4:12b,state_101,Gear_Small,Small gear,Gear_Large,False,True,False,input_crops/state_101/Gear_Large.png,051e75a5b0096989b516c484271d98c52e09d06625bc3ea201ac2f884e2c93a0,raw/gemma4-12b/state_101/Gear_Small/Gear_Large.json,1.1704848000081256,A,-0.00010693645162973553,0.9998930692658689,0.9998930692658689,0.9998930692658689,-9.159479141235352,0.00010521768733466701,0.00010521768733466701,0.00010521768733466701,-16.075695037841797,1.0433123596567974e-07,1.0433123596567974e-07,1.0433123596567974e-07
gemma4:12b,state_101,Waterproof_Male,Waterproof connector,Gear_Large,False,False,False,input_crops/state_101/Gear_Large.png,051e75a5b0096989b516c484271d98c52e09d06625bc3ea201ac2f884e2c93a0,raw/gemma4-12b/state_101/Waterproof_Male/Gear_Large.json,1.223368400009349,B,-9.766008377075195,5.7368890605460524e-05,5.7368890605460524e-05,5.7368890605460524e-05,-6.413665687432513e-05,0.999935865399837,0.999935865399837,0.999935865399837,-12.923757553100586,2.4394021892080373e-06,2.4394021892080373e-06,2.4394021892080373e-06
gemma4:12b,state_101,M12_Hex_Nut,M12 hex nut,Gear_Large,False,False,False,input_crops/state_101/Gear_Large.png,051e75a5b0096989b516c484271d98c52e09d06625bc3ea201ac2f884e2c93a0,raw/gemma4-12b/state_101/M12_Hex_Nut/Gear_Large.json,0.8214853000245057,B,-14.625884056091309,4.4469194359358735e-07,4.4469194359358735e-07,4.4469194359358735e-07,-7.152560215217818e-07,0.9999992847442343,0.9999992847442343,0.9999992847442343,-18.608373641967773,8.288692155317356e-09,8.288692155317356e-09,8.288692155317356e-09
gemma4:12b,state_101,M16_Hex_Nut,M16 hex nut,Gear_Large,False,False,False,input_crops/state_101/Gear_Large.png,051e75a5b0096989b516c484271d98c52e09d06625bc3ea201ac2f884e2c93a0,raw/gemma4-12b/state_101/M16_Hex_Nut/Gear_Large.json,0.7997697999817319,B,-14.577401161193848,4.6678309063505775e-07,4.6678309063505775e-07,4.6678309063505775e-07,-5.960466182841628e-07,0.9999994039535594,0.9999994039535594,0.9999994039535594,-18.311199188232422,1.115699492471473e-08,1.115699492471473e-08,1.115699492471473e-08
gemma4:12b,state_101,RGOCG16-50_16mm,16 mm round pin,Gear_Large,False,False,False,input_crops/state_101/Gear_Large.png,051e75a5b0096989b516c484271d98c52e09d06625bc3ea201ac2f884e2c93a0,raw/gemma4-12b/state_101/RGOCG16-50_16mm/Gear_Large.json,1.0340253000031225,B,-8.321404457092285,0.0002432539844204109,0.0002432539844204109,0.0002432539844204109,-0.00030605707434006035,0.9996939897563486,0.9996939897563486,0.9996939897563486,-10.816376686096191,2.0068147806302572e-05,2.0068147806302572e-05,2.0068147806302572e-05
gemma4:12b,state_101,RGOCG12-50_12mm,12 mm round pin,Gear_Large,False,False,False,input_crops/state_101/Gear_Large.png,051e75a5b0096989b516c484271d98c52e09d06625bc3ea201ac2f884e2c93a0,raw/gemma4-12b/state_101/RGOCG12-50_12mm/Gear_Large.json,0.8790684000123292,B,-8.42970085144043,0.00021828678080016445,0.00021828678080016445,0.00021828678080016445,-0.0002606850757729262,0.9997393488996291,0.9997393488996291,0.9997393488996291,-11.159687995910645,1.4236691806768141e-05,1.4236691806768141e-05,1.4236691806768141e-05
gemma4:12b,state_101,RGOCG8-50_8mm,8 mm round pin,Gear_Large,False,False,False,input_crops/state_101/Gear_Large.png,051e75a5b0096989b516c484271d98c52e09d06625bc3ea201ac2f884e2c93a0,raw/gemma4-12b/state_101/RGOCG8-50_8mm/Gear_Large.json,0.8199646000284702,B,-8.035971641540527,0.0003236099447818801,0.0003236099447818801,0.0003236099447818801,-0.0003919773444067687,0.9996080994686758,0.9996080994686758,0.9996080994686758,-10.642650604248047,2.3875670117371885e-05,2.3875670117371885e-05,2.3875670117371885e-05
gemma4:12b,state_101,USB_Male,USB connector + cable,Gear_Large,False,False,False,input_crops/state_101/Gear_Large.png,051e75a5b0096989b516c484271d98c52e09d06625bc3ea201ac2f884e2c93a0,raw/gemma4-12b/state_101/USB_Male/Gear_Large.json,1.0053770000231452,B,-13.96856689453125,8.580813790905912e-07,8.580813790905912e-07,8.580813790905912e-07,-1.6689314179529902e-06,0.9999983310699747,0.9999983310699747,0.9999983310699747,,,0.0,0.0001
gemma4:12b,state_101,DSUB_Male,DSUB connector,Gear_Large,False,False,False,input_crops/state_101/Gear_Large.png,051e75a5b0096989b516c484271d98c52e09d06625bc3ea201ac2f884e2c93a0,raw/gemma4-12b/state_101/DSUB_Male/Gear_Large.json,0.8902398999780416,B,-13.501188278198242,1.3693309731083823e-06,1.3693309731083823e-06,1.3693309731083823e-06,-1.7881409348774469e-06,0.9999982118606638,0.9999982118606638,0.9999982118606638,-17.494714736938477,2.5243055798300744e-08,2.5243055798300744e-08,2.5243055798300744e-08
gemma4:12b,state_101,Gear_Large,Large gear,Gear_Medium,False,True,False,input_crops/state_101/Gear_Medium.png,e7ecdd04abe922e5d362f2904407adcbef08b8607f7d1cce909e4ade3e9c65a5,raw/gemma4-12b/state_101/Gear_Large/Gear_Medium.json,1.2587499000364915,A,-3.1471747206524014e-05,0.9999685287480237,0.9999685287480237,0.9999685287480237,-10.384713172912598,3.090127314169975e-05,3.090127314169975e-05,3.090127314169975e-05,-16.8940486907959,4.602649211010511e-08,4.602649211010511e-08,4.602649211010511e-08
gemma4:12b,state_101,Gear_Medium,Medium gear,Gear_Medium,True,True,False,input_crops/state_101/Gear_Medium.png,e7ecdd04abe922e5d362f2904407adcbef08b8607f7d1cce909e4ade3e9c65a5,raw/gemma4-12b/state_101/Gear_Medium/Gear_Medium.json,1.183242000057362,A,-2.098105505865533e-05,0.9999790191650422,0.9999790191650422,0.9999790191650422,-10.834616661071777,1.970542339101669e-05,1.970542339101669e-05,1.970542339101669e-05,-17.5291805267334,2.4387856164083762e-08,2.4387856164083762e-08,2.4387856164083762e-08
gemma4:12b,state_101,Gear_Small,Small gear,Gear_Medium,False,True,False,input_crops/state_101/Gear_Medium.png,e7ecdd04abe922e5d362f2904407adcbef08b8607f7d1cce909e4ade3e9c65a5,raw/gemma4-12b/state_101/Gear_Small/Gear_Medium.json,1.1490349000087008,A,-2.95643403660506e-05,0.9999704360966547,0.9999704360966547,0.9999704360966547,-10.473281860351562,2.8282088741337823e-05,2.8282088741337823e-05,2.8282088741337823e-05,-16.85400390625,4.79070143323188e-08,4.79070143323188e-08,4.79070143323188e-08
gemma4:12b,state_101,Waterproof_Male,Waterproof connector,Gear_Medium,False,False,False,input_crops/state_101/Gear_Medium.png,e7ecdd04abe922e5d362f2904407adcbef08b8607f7d1cce909e4ade3e9c65a5,raw/gemma4-12b/state_101/Waterproof_Male/Gear_Medium.json,1.2700625999714248,B,-9.342127799987793,8.765273004281524e-05,8.765273004281524e-05,8.765273004281524e-05,-0.00010371745884185657,0.9998962879196278,0.9998962879196278,0.9998962879196278,-12.92152214050293,2.444861359067761e-06,2.444861359067761e-06,2.444861359067761e-06
gemma4:12b,state_101,M12_Hex_Nut,M12 hex nut,Gear_Medium,False,False,False,input_crops/state_101/Gear_Medium.png,e7ecdd04abe922e5d362f2904407adcbef08b8607f7d1cce909e4ade3e9c65a5,raw/gemma4-12b/state_101/M12_Hex_Nut/Gear_Medium.json,0.8240074999630451,B,-12.538814544677734,3.584776085150337e-06,3.584776085150337e-06,3.584776085150337e-06,-4.768382950715022e-06,0.999995231628418,0.999995231628418,0.999995231628418,-16.64671516418457,5.894180921772534e-08,5.894180921772534e-08,5.894180921772534e-08
gemma4:12b,state_101,M16_Hex_Nut,M16 hex nut,Gear_Medium,False,False,False,input_crops/state_101/Gear_Medium.png,e7ecdd04abe922e5d362f2904407adcbef08b8607f7d1cce909e4ade3e9c65a5,raw/gemma4-12b/state_101/M16_Hex_Nut/Gear_Medium.json,0.8203815000015311,B,-12.361509323120117,4.280206409048957e-06,4.280206409048957e-06,4.280206409048957e-06,-5.722062269342132e-06,0.9999942779541017,0.9999942779541017,0.9999942779541017,-17.199609756469727,3.3908173125552624e-08,3.3908173125552624e-08,3.3908173125552624e-08
gemma4:12b,state_101,RGOCG16-50_16mm,16 mm round pin,Gear_Medium,False,False,False,input_crops/state_101/Gear_Medium.png,e7ecdd04abe922e5d362f2904407adcbef08b8607f7d1cce909e4ade3e9c65a5,raw/gemma4-12b/state_101/RGOCG16-50_16mm/Gear_Medium.json,0.9989582999842241,B,-6.05769681930542,0.0023397836309225757,0.0023397836309225757,0.0023397836309225757,-0.00266991532407701,0.9973336457298994,0.9973336457298994,0.9973336457298994,-9.26192569732666,9.49722611090266e-05,9.49722611090266e-05,9.49722611090266e-05
gemma4:12b,state_101,RGOCG12-50_12mm,12 mm round pin,Gear_Medium,False,False,False,input_crops/state_101/Gear_Medium.png,e7ecdd04abe922e5d362f2904407adcbef08b8607f7d1cce909e4ade3e9c65a5,raw/gemma4-12b/state_101/RGOCG12-50_12mm/Gear_Medium.json,0.8941200000117533,B,-3.9070780277252197,0.020099144485664036,0.020099144485664036,0.020099144485664036,-0.02204732783138752,0.9781939381578835,0.9781939381578835,0.9781939381578835,-8.102465629577637,0.00030279164490138084,0.00030279164490138084,0.00030279164490138084
gemma4:12b,state_101,RGOCG8-50_8mm,8 mm round pin,Gear_Medium,False,False,False,input_crops/state_101/Gear_Medium.png,e7ecdd04abe922e5d362f2904407adcbef08b8607f7d1cce909e4ade3e9c65a5,raw/gemma4-12b/state_101/RGOCG8-50_8mm/Gear_Medium.json,0.8462301000254229,B,-2.490851879119873,0.08283936738107706,0.08283936738107706,0.08283936738107706,-0.08768028020858765,0.9160537104096833,0.9160537104096833,0.9160537104096833,-7.359926700592041,0.0006362450942180602,0.0006362450942180602,0.0006362450942180602
gemma4:12b,state_101,USB_Male,USB connector + cable,Gear_Medium,False,False,False,input_crops/state_101/Gear_Medium.png,e7ecdd04abe922e5d362f2904407adcbef08b8607f7d1cce909e4ade3e9c65a5,raw/gemma4-12b/state_101/USB_Male/Gear_Medium.json,1.0150686000124551,B,-12.596129417419434,3.385092188956678e-06,3.385092188956678e-06,3.385092188956678e-06,-4.410753263073275e-06,0.9999955892564643,0.9999955892564643,0.9999955892564643,-18.692325592041016,7.621248831399583e-09,7.621248831399583e-09,7.621248831399583e-09
gemma4:12b,state_101,DSUB_Male,DSUB connector,Gear_Medium,False,False,False,input_crops/state_101/Gear_Medium.png,e7ecdd04abe922e5d362f2904407adcbef08b8607f7d1cce909e4ade3e9c65a5,raw/gemma4-12b/state_101/DSUB_Male/Gear_Medium.json,0.8780932999798097,B,-11.310222625732422,1.2247084788634525e-05,1.2247084788634525e-05,1.2247084788634525e-05,-1.7285496141994372e-05,0.9999827146532513,0.9999827146532513,0.9999827146532513,-15.726038932800293,1.480021653123761e-07,1.480021653123761e-07,1.480021653123761e-07
gemma4:12b,state_101,Gear_Large,Large gear,Gear_Small,False,True,False,input_crops/state_101/Gear_Small.png,ed6418c5d55144cdb439a1f7f42e39e3f0a71a284b9bf1a812a11671951db9fe,raw/gemma4-12b/state_101/Gear_Large/Gear_Small.json,1.1888488999684341,A,-4.64917320641689e-06,0.9999953508376009,0.9999953508376009,0.9999953508376009,-12.33455753326416,4.397134262252641e-06,4.397134262252641e-06,4.397134262252641e-06,-17.533676147460938,2.427846369018942e-08,2.427846369018942e-08,2.427846369018942e-08
gemma4:12b,state_101,Gear_Medium,Medium gear,Gear_Small,False,True,False,input_crops/state_101/Gear_Small.png,ed6418c5d55144cdb439a1f7f42e39e3f0a71a284b9bf1a812a11671951db9fe,raw/gemma4-12b/state_101/Gear_Medium/Gear_Small.json,1.1216483999742195,A,-7.271793037944008e-06,0.9999927282334015,0.9999927282334015,0.9999927282334015,-11.918563842773438,6.665511635435213e-06,6.665511635435213e-06,6.665511635435213e-06,-17.0216064453125,4.0514477996808156e-08,4.0514477996808156e-08,4.0514477996808156e-08
gemma4:12b,state_101,Gear_Small,Small gear,Gear_Small,True,True,False,input_crops/state_101/Gear_Small.png,ed6418c5d55144cdb439a1f7f42e39e3f0a71a284b9bf1a812a11671951db9fe,raw/gemma4-12b/state_101/Gear_Small/Gear_Small.json,1.1643394000129774,A,-4.887592695013154e-06,0.9999951124192492,0.9999951124192492,0.9999951124192492,-12.280045509338379,4.643484473982066e-06,4.643484473982066e-06,4.643484473982066e-06,-17.028629302978516,4.0230947347443403e-08,4.0230947347443403e-08,4.0230947347443403e-08
gemma4:12b,state_101,Waterproof_Male,Waterproof connector,Gear_Small,False,False,False,input_crops/state_101/Gear_Small.png,ed6418c5d55144cdb439a1f7f42e39e3f0a71a284b9bf1a812a11671951db9fe,raw/gemma4-12b/state_101/Waterproof_Male/Gear_Small.json,1.2803769999882206,B,-10.72358226776123,2.201949704490943e-05,2.201949704490943e-05,2.201949704490943e-05,-2.467662670824211e-05,0.9999753236777572,0.9999753236777572,0.9999753236777572,-13.884926795959473,9.329382748921266e-07,9.329382748921266e-07,9.329382748921266e-07
gemma4:12b,state_101,M12_Hex_Nut,M12 hex nut,Gear_Small,False,False,False,input_crops/state_101/Gear_Small.png,ed6418c5d55144cdb439a1f7f42e39e3f0a71a284b9bf1a812a11671951db9fe,raw/gemma4-12b/state_101/M12_Hex_Nut/Gear_Small.json,0.8166356000001542,B,-14.691267967224121,4.1654640406490775e-07,4.1654640406490775e-07,4.1654640406490775e-07,-4.768372718899627e-07,0.9999995231628418,0.9999995231628418,0.9999995231628418,-19.0585994720459,5.283910057787942e-09,5.283910057787942e-09,5.283910057787942e-09
gemma4:12b,state_101,M16_Hex_Nut,M16 hex nut,Gear_Small,False,False,False,input_crops/state_101/Gear_Small.png,ed6418c5d55144cdb439a1f7f42e39e3f0a71a284b9bf1a812a11671951db9fe,raw/gemma4-12b/state_101/M16_Hex_Nut/Gear_Small.json,0.8429420999600552,B,-14.084073066711426,7.644776347771068e-07,7.644776347771068e-07,7.644776347771068e-07,-8.344653679159819e-07,0.9999991655349802,0.9999991655349802,0.9999991655349802,-18.577524185180664,8.54837880710524e-09,8.54837880710524e-09,8.54837880710524e-09
gemma4:12b,state_101,RGOCG16-50_16mm,16 mm round pin,Gear_Small,False,False,False,input_crops/state_101/Gear_Small.png,ed6418c5d55144cdb439a1f7f42e39e3f0a71a284b9bf1a812a11671951db9fe,raw/gemma4-12b/state_101/RGOCG16-50_16mm/Gear_Small.json,1.021558600012213,B,-11.531782150268555,9.813199897471479e-06,9.813199897471479e-06,9.813199897471479e-06,-1.1682578588079195e-05,0.999988317489653,0.999988317489653,0.999988317489653,-14.803339004516602,3.7238446641279495e-07,3.7238446641279495e-07,3.7238446641279495e-07
gemma4:12b,state_101,RGOCG12-50_12mm,12 mm round pin,Gear_Small,False,False,False,input_crops/state_101/Gear_Small.png,ed6418c5d55144cdb439a1f7f42e39e3f0a71a284b9bf1a812a11671951db9fe,raw/gemma4-12b/state_101/RGOCG12-50_12mm/Gear_Small.json,0.8968598000355996,B,-10.897165298461914,1.851063181107553e-05,1.851063181107553e-05,1.851063181107553e-05,-2.1338690203265287e-05,0.999978661537465,0.999978661537465,0.999978661537465,-14.117166519165039,7.395924696296465e-07,7.395924696296465e-07,7.395924696296465e-07
gemma4:12b,state_101,RGOCG8-50_8mm,8 mm round pin,Gear_Small,False,False,False,input_crops/state_101/Gear_Small.png,ed6418c5d55144cdb439a1f7f42e39e3f0a71a284b9bf1a812a11671951db9fe,raw/gemma4-12b/state_101/RGOCG8-50_8mm/Gear_Small.json,0.8274847999564372,B,-12.177690505981445,5.143943750911936e-06,5.143943750911936e-06,5.143943750911936e-06,-6.198902156029362e-06,0.9999938011170572,0.9999938011170572,0.9999938011170572,-15.681234359741211,1.547841362973753e-07,1.547841362973753e-07,1.547841362973753e-07
gemma4:12b,state_101,USB_Male,USB connector + cable,Gear_Small,False,False,False,input_crops/state_101/Gear_Small.png,ed6418c5d55144cdb439a1f7f42e39e3f0a71a284b9bf1a812a11671951db9fe,raw/gemma4-12b/state_101/USB_Male/Gear_Small.json,0.9925231000524946,B,-14.970771789550781,3.1497524467234006e-07,3.1497524467234006e-07,3.1497524467234006e-07,-1.1920935776288388e-06,0.9999988079071329,0.9999988079071329,0.9999988079071329,,,0.0,0.0001
gemma4:12b,state_101,DSUB_Male,DSUB connector,Gear_Small,False,False,False,input_crops/state_101/Gear_Small.png,ed6418c5d55144cdb439a1f7f42e39e3f0a71a284b9bf1a812a11671951db9fe,raw/gemma4-12b/state_101/DSUB_Male/Gear_Small.json,0.878519400022924,B,-13.952274322509766,8.721762407478177e-07,8.721762407478177e-07,8.721762407478177e-07,-1.0728841743912199e-06,0.9999989271164011,0.9999989271164011,0.9999989271164011,-17.81692123413086,1.8289819669038697e-08,1.8289819669038697e-08,1.8289819669038697e-08
gemma4:12b,state_101,Gear_Large,Large gear,Waterproof_Male,False,False,False,input_crops/state_101/Waterproof_Male.png,8e27ec495e8bd49a326cc5c753e41d2240a99cc4d77374a337104a466e01f88f,raw/gemma4-12b/state_101/Gear_Large/Waterproof_Male.json,1.1873367999796756,B,-4.797342300415039,0.008251648334964425,0.008251648334964425,0.008251648334964425,-0.008630696684122086,0.9914064408607444,0.9914064408607444,0.9914064408607444,-8.602439880371094,0.00018365714510238648,0.00018365714510238648,0.00018365714510238648
gemma4:12b,state_101,Gear_Medium,Medium gear,Waterproof_Male,False,False,False,input_crops/state_101/Waterproof_Male.png,8e27ec495e8bd49a326cc5c753e41d2240a99cc4d77374a337104a466e01f88f,raw/gemma4-12b/state_101/Gear_Medium/Waterproof_Male.json,1.1180295999511145,B,-4.339961051940918,0.013037035960796443,0.013037035960796443,0.013037035960796443,-0.013266738504171371,0.9868208767867356,0.9868208767867356,0.9868208767867356,-9.397686958312988,8.291563123307261e-05,8.291563123307261e-05,8.291563123307261e-05
gemma4:12b,state_101,Gear_Small,Small gear,Waterproof_Male,False,False,False,input_crops/state_101/Waterproof_Male.png,8e27ec495e8bd49a326cc5c753e41d2240a99cc4d77374a337104a466e01f88f,raw/gemma4-12b/state_101/Gear_Small/Waterproof_Male.json,1.1438117999932729,B,-4.234020233154297,0.014494003987890587,0.014494003987890587,0.014494003987890587,-0.015108056366443634,0.9850054977372931,0.9850054977372931,0.9850054977372931,-8.22539234161377,0.0002677672723124003,0.0002677672723124003,0.0002677672723124003
gemma4:12b,state_101,Waterproof_Male,Waterproof connector,Waterproof_Male,True,True,False,input_crops/state_101/Waterproof_Male.png,8e27ec495e8bd49a326cc5c753e41d2240a99cc4d77374a337104a466e01f88f,raw/gemma4-12b/state_101/Waterproof_Male/Waterproof_Male.json,1.2629945000517182,A,-1.7881409348774469e-06,0.9999982118606638,0.9999982118606638,0.9999982118606638,-13.717962265014648,1.102464681549088e-06,1.102464681549088e-06,1.102464681549088e-06,-18.108659744262695,1.3661833821553053e-08,1.3661833821553053e-08,1.3661833821553053e-08
gemma4:12b,state_101,M12_Hex_Nut,M12 hex nut,Waterproof_Male,False,False,False,input_crops/state_101/Waterproof_Male.png,8e27ec495e8bd49a326cc5c753e41d2240a99cc4d77374a337104a466e01f88f,raw/gemma4-12b/state_101/M12_Hex_Nut/Waterproof_Male.json,0.8209583999705501,B,-6.5029191970825195,0.0014990567573804454,0.0014990567573804454,0.0014990567573804454,-0.0016806531930342317,0.9983207583136816,0.9983207583136816,0.9983207583136816,-9.164777755737305,0.00010466165377533497,0.00010466165377533497,0.00010466165377533497
gemma4:12b,state_101,M16_Hex_Nut,M16 hex nut,Waterproof_Male,False,False,False,input_crops/state_101/Waterproof_Male.png,8e27ec495e8bd49a326cc5c753e41d2240a99cc4d77374a337104a466e01f88f,raw/gemma4-12b/state_101/M16_Hex_Nut/Waterproof_Male.json,0.8212449999991804,B,-8.342529296875,0.0002381691799068741,0.0002381691799068741,0.0002381691799068741,-0.0002553192898631096,0.999744713301333,0.999744713301333,0.999744713301333,-11.539901733398438,9.733843411906131e-06,9.733843411906131e-06,9.733843411906131e-06
gemma4:12b,state_101,RGOCG16-50_16mm,16 mm round pin,Waterproof_Male,False,False,False,input_crops/state_101/Waterproof_Male.png,8e27ec495e8bd49a326cc5c753e41d2240a99cc4d77374a337104a466e01f88f,raw/gemma4-12b/state_101/RGOCG16-50_16mm/Waterproof_Male.json,0.9982185999979265,A,-0.00014174988609738648,0.9998582601599431,0.9998582601599431,0.9998582601599431,-8.88332748413086,0.00013868193501784061,0.00013868193501784061,0.00013868193501784061,-14.326590538024902,5.998474056307094e-07,5.998474056307094e-07,5.998474056307094e-07
gemma4:12b,state_101,RGOCG12-50_12mm,12 mm round pin,Waterproof_Male,False,False,False,input_crops/state_101/Waterproof_Male.png,8e27ec495e8bd49a326cc5c753e41d2240a99cc4d77374a337104a466e01f88f,raw/gemma4-12b/state_101/RGOCG12-50_12mm/Waterproof_Male.json,0.8854895000113174,A,-0.0002915688091889024,0.9997084736928655,0.9997084736928655,0.9997084736928655,-8.168564796447754,0.00028342449652792143,0.00028342449652792143,0.00028342449652792143,-13.122936248779297,1.9988545853690166e-06,1.9988545853690166e-06,1.9988545853690166e-06
gemma4:12b,state_101,RGOCG8-50_8mm,8 mm round pin,Waterproof_Male,False,False,False,input_crops/state_101/Waterproof_Male.png,8e27ec495e8bd49a326cc5c753e41d2240a99cc4d77374a337104a466e01f88f,raw/gemma4-12b/state_101/RGOCG8-50_8mm/Waterproof_Male.json,0.820053800009191,A,-0.0001450882264180109,0.9998549222983697,0.9998549222983697,0.9998549222983697,-8.850326538085938,0.00014333492432193,0.00014333492432193,0.00014333492432193,-15.078079223632812,2.829263491202129e-07,2.829263491202129e-07,2.829263491202129e-07
gemma4:12b,state_101,USB_Male,USB connector + cable,Waterproof_Male,False,False,False,input_crops/state_101/Waterproof_Male.png,8e27ec495e8bd49a326cc5c753e41d2240a99cc4d77374a337104a466e01f88f,raw/gemma4-12b/state_101/USB_Male/Waterproof_Male.json,0.9946953000035137,B,-6.227768898010254,0.0019738508501171677,0.0019738508501171677,0.0019738508501171677,-0.0020649279467761517,0.9979372025502433,0.9979372025502433,0.9979372025502433,-11.192312240600586,1.377972511624499e-05,1.377972511624499e-05,1.377972511624499e-05
gemma4:12b,state_101,DSUB_Male,DSUB connector,Waterproof_Male,False,False,False,input_crops/state_101/Waterproof_Male.png,8e27ec495e8bd49a326cc5c753e41d2240a99cc4d77374a337104a466e01f88f,raw/gemma4-12b/state_101/DSUB_Male/Waterproof_Male.json,0.8571132999495603,A,-0.002467096783220768,0.9975359439988996,0.9975359439988996,0.9975359439988996,-6.007025718688965,0.0024613981946550135,0.0024613981946550135,0.0024613981946550135,-16.28793716430664,8.437985368044597e-08,8.437985368044597e-08,8.437985368044597e-08
gemma4:12b,state_101,Gear_Large,Large gear,M12_Hex_Nut,False,False,False,input_crops/state_101/M12_Hex_Nut.png,fc0054b5fbb5338ab9f90350cd4862942de04ae395620638929e2b1b38c1e229,raw/gemma4-12b/state_101/Gear_Large/M12_Hex_Nut.json,1.173333500046283,A,-5.221503306529485e-05,0.9999477863301158,0.9999477863301158,0.9999477863301158,-9.881980895996094,5.108697957826208e-05,5.108697957826208e-05,5.108697957826208e-05,-16.350969314575195,7.922536576636731e-08,7.922536576636731e-08,7.922536576636731e-08
gemma4:12b,state_101,Gear_Medium,Medium gear,M12_Hex_Nut,False,False,False,input_crops/state_101/M12_Hex_Nut.png,fc0054b5fbb5338ab9f90350cd4862942de04ae395620638929e2b1b38c1e229,raw/gemma4-12b/state_101/Gear_Medium/M12_Hex_Nut.json,1.1124012999935076,A,-4.1128048906102777e-05,0.9999588727968405,0.9999588727968405,0.9999588727968405,-10.126638412475586,3.9999707656058393e-05,3.9999707656058393e-05,3.9999707656058393e-05,-15.662164688110352,1.577641425135852e-07,1.577641425135852e-07,1.577641425135852e-07
gemma4:12b,state_101,Gear_Small,Small gear,M12_Hex_Nut,False,False,False,input_crops/state_101/M12_Hex_Nut.png,fc0054b5fbb5338ab9f90350cd4862942de04ae395620638929e2b1b38c1e229,raw/gemma4-12b/state_101/Gear_Small/M12_Hex_Nut.json,1.165730300010182,A,-4.005512528237887e-05,0.9999599456769135,0.9999599456769135,0.9999599456769135,-10.150096893310547,3.9072295648214665e-05,3.9072295648214665e-05,3.9072295648214665e-05,-16.39842987060547,7.555311858872026e-08,7.555311858872026e-08,7.555311858872026e-08
gemma4:12b,state_101,Waterproof_Male,Waterproof connector,M12_Hex_Nut,False,False,False,input_crops/state_101/M12_Hex_Nut.png,fc0054b5fbb5338ab9f90350cd4862942de04ae395620638929e2b1b38c1e229,raw/gemma4-12b/state_101/Waterproof_Male/M12_Hex_Nut.json,1.2710872000316158,A,-6.80708180880174e-05,0.9999319314986775,0.9999319314986775,0.9999319314986775,-9.603132247924805,6.751692519245364e-05,6.751692519245364e-05,6.751692519245364e-05,-16.096309661865234,1.0220250365590903e-07,1.0220250365590903e-07,1.0220250365590903e-07
gemma4:12b,state_101,M12_Hex_Nut,M12 hex nut,M12_Hex_Nut,True,True,False,input_crops/state_101/M12_Hex_Nut.png,fc0054b5fbb5338ab9f90350cd4862942de04ae395620638929e2b1b38c1e229,raw/gemma4-12b/state_101/M12_Hex_Nut/M12_Hex_Nut.json,0.8036335000069812,A,-0.001957901520654559,0.9980440139182436,0.9980440139182436,0.9980440139182436,-6.237360000610352,0.001955009941072137,0.001955009941072137,0.001955009941072137,-14.626908302307129,4.4423670273231924e-07,4.4423670273231924e-07,4.4423670273231924e-07
gemma4:12b,state_101,M16_Hex_Nut,M16 hex nut,M12_Hex_Nut,False,True,False,input_crops/state_101/M12_Hex_Nut.png,fc0054b5fbb5338ab9f90350cd4862942de04ae395620638929e2b1b38c1e229,raw/gemma4-12b/state_101/M16_Hex_Nut/M12_Hex_Nut.json,0.8153762000147253,A,-0.0005852504400536418,0.9994149207855803,0.9994149207855803,0.9994149207855803,-7.445059299468994,0.0005843214494243458,0.0005843214494243458,0.0005843214494243458,-15.666287422180176,1.571150618211552e-07,1.571150618211552e-07,1.571150618211552e-07
gemma4:12b,state_101,RGOCG16-50_16mm,16 mm round pin,M12_Hex_Nut,False,False,False,input_crops/state_101/M12_Hex_Nut.png,fc0054b5fbb5338ab9f90350cd4862942de04ae395620638929e2b1b38c1e229,raw/gemma4-12b/state_101/RGOCG16-50_16mm/M12_Hex_Nut.json,1.0251782000414096,B,-6.668707847595215,0.0012700387748557692,0.0012700387748557692,0.0012700387748557692,-0.0013599698431789875,0.998640954496736,0.998640954496736,0.998640954496736,-10.973045349121094,1.7158011524902188e-05,1.7158011524902188e-05,1.7158011524902188e-05
gemma4:12b,state_101,RGOCG12-50_12mm,12 mm round pin,M12_Hex_Nut,False,False,False,input_crops/state_101/M12_Hex_Nut.png,fc0054b5fbb5338ab9f90350cd4862942de04ae395620638929e2b1b38c1e229,raw/gemma4-12b/state_101/RGOCG12-50_12mm/M12_Hex_Nut.json,0.9033383000059985,B,-7.6700263023376465,0.0004666055507249522,0.0004666055507249522,0.0004666055507249522,-0.000492574879899621,0.9995075464151901,0.9995075464151901,0.9995075464151901,-11.8508939743042,7.132177472465351e-06,7.132177472465351e-06,7.132177472465351e-06
gemma4:12b,state_101,RGOCG8-50_8mm,8 mm round pin,M12_Hex_Nut,False,False,False,input_crops/state_101/M12_Hex_Nut.png,fc0054b5fbb5338ab9f90350cd4862942de04ae395620638929e2b1b38c1e229,raw/gemma4-12b/state_101/RGOCG8-50_8mm/M12_Hex_Nut.json,0.8176370999426581,B,-8.282264709472656,0.0002529636616302052,0.0002529636616302052,0.0002529636616302052,-0.0003163122746627778,0.9996837377467905,0.9996837377467905,0.9996837377467905,-12.678153991699219,3.118513875113713e-06,3.118513875113713e-06,3.118513875113713e-06
gemma4:12b,state_101,USB_Male,USB connector + cable,M12_Hex_Nut,False,False,False,input_crops/state_101/M12_Hex_Nut.png,fc0054b5fbb5338ab9f90350cd4862942de04ae395620638929e2b1b38c1e229,raw/gemma4-12b/state_101/USB_Male/M12_Hex_Nut.json,0.9944615999702364,B,-11.30379581451416,1.2326047959450734e-05,1.2326047959450734e-05,1.2326047959450734e-05,-1.657022767176386e-05,0.9999834299096138,0.9999834299096138,0.9999834299096138,-16.92279052734375,4.4722436445769255e-08,4.4722436445769255e-08,4.4722436445769255e-08
gemma4:12b,state_101,DSUB_Male,DSUB connector,M12_Hex_Nut,False,False,False,input_crops/state_101/M12_Hex_Nut.png,fc0054b5fbb5338ab9f90350cd4862942de04ae395620638929e2b1b38c1e229,raw/gemma4-12b/state_101/DSUB_Male/M12_Hex_Nut.json,0.8366928999894299,B,-7.723513603210449,0.0004423037904739642,0.0004423037904739642,0.0004423037904739642,-0.0004567950963973999,0.9995433092185985,0.9995433092185985,0.9995433092185985,-11.855447769165039,7.099772837373036e-06,7.099772837373036e-06,7.099772837373036e-06
gemma4:12b,state_101,Gear_Large,Large gear,M16_Hex_Nut,False,False,False,input_crops/state_101/M16_Hex_Nut.png,1c1870e789ce383e3b64a161e64f0093e715e0263666f4e81c66af34b957e0f0,raw/gemma4-12b/state_101/Gear_Large/M16_Hex_Nut.json,1.1731723000411876,A,-5.6864446378313005e-05,0.9999431371703736,0.9999431371703736,0.9999431371703736,-9.782203674316406,5.644726749393318e-05,5.644726749393318e-05,5.644726749393318e-05,-16.757314682006836,5.2770438389756833e-08,5.2770438389756833e-08,5.2770438389756833e-08
gemma4:12b,state_101,Gear_Medium,Medium gear,M16_Hex_Nut,False,False,False,input_crops/state_101/M16_Hex_Nut.png,1c1870e789ce383e3b64a161e64f0093e715e0263666f4e81c66af34b957e0f0,raw/gemma4-12b/state_101/Gear_Medium/M16_Hex_Nut.json,1.1571160000166856,A,-9.775639773579314e-05,0.9999022483802652,0.9999022483802652,0.9999022483802652,-9.237259864807129,9.734396072368171e-05,9.734396072368171e-05,9.734396072368171e-05,-16.637351989746094,5.949628342767934e-08,5.949628342767934e-08,5.949628342767934e-08
gemma4:12b,state_101,Gear_Small,Small gear,M16_Hex_Nut,False,False,False,input_crops/state_101/M16_Hex_Nut.png,1c1870e789ce383e3b64a161e64f0093e715e0263666f4e81c66af34b957e0f0,raw/gemma4-12b/state_101/Gear_Small/M16_Hex_Nut.json,1.1585105000413023,A,-7.689294579904526e-05,0.9999231100103877,0.9999231100103877,0.9999231100103877,-9.477649688720703,7.654362725883582e-05,7.654362725883582e-05,7.654362725883582e-05,-16.10245132446289,1.0157673396198319e-07,1.0157673396198319e-07,1.0157673396198319e-07
gemma4:12b,state_101,Waterproof_Male,Waterproof connector,M16_Hex_Nut,False,False,False,input_crops/state_101/M16_Hex_Nut.png,1c1870e789ce383e3b64a161e64f0093e715e0263666f4e81c66af34b957e0f0,raw/gemma4-12b/state_101/Waterproof_Male/M16_Hex_Nut.json,1.267561900021974,A,-0.1866428256034851,0.8297400453652308,0.8297400453652308,0.8297400453652308,-1.7709553241729736,0.17017034330569777,0.17017034330569777,0.17017034330569777,-9.509536743164062,7.414138028298352e-05,7.414138028298352e-05,7.414138028298352e-05
gemma4:12b,state_101,M12_Hex_Nut,M12 hex nut,M16_Hex_Nut,False,True,False,input_crops/state_101/M16_Hex_Nut.png,1c1870e789ce383e3b64a161e64f0093e715e0263666f4e81c66af34b957e0f0,raw/gemma4-12b/state_101/M12_Hex_Nut/M16_Hex_Nut.json,0.7880805999739096,A,-0.06582063436508179,0.936298789057975,0.936298789057975,0.936298789057975,-2.753602981567383,0.06369794474225055,0.06369794474225055,0.06369794474225055,-13.207969665527344,1.835911140188542e-06,1.835911140188542e-06,1.835911140188542e-06
gemma4:12b,state_101,M16_Hex_Nut,M16 hex nut,M16_Hex_Nut,True,True,False,input_crops/state_101/M16_Hex_Nut.png,1c1870e789ce383e3b64a161e64f0093e715e0263666f4e81c66af34b957e0f0,raw/gemma4-12b/state_101/M16_Hex_Nut/M16_Hex_Nut.json,0.8243935000500642,A,-0.09977024793624878,0.9050453301833206,0.9050453301833206,0.9050453301833206,-2.3544394969940186,0.09494670953911298,0.09494670953911298,0.09494670953911298,-12.277653694152832,4.654604123432906e-06,4.654604123432906e-06,4.654604123432906e-06
gemma4:12b,state_101,RGOCG16-50_16mm,16 mm round pin,M16_Hex_Nut,False,False,False,input_crops/state_101/M16_Hex_Nut.png,1c1870e789ce383e3b64a161e64f0093e715e0263666f4e81c66af34b957e0f0,raw/gemma4-12b/state_101/RGOCG16-50_16mm/M16_Hex_Nut.json,0.9951789000188,B,-6.250730514526367,0.001929044426408151,0.001929044426408151,0.001929044426408151,-0.00217632669955492,0.9978260397823394,0.9978260397823394,0.9978260397823394,-8.401689529418945,0.00022448772498159165,0.00022448772498159165,0.00022448772498159165
gemma4:12b,state_101,RGOCG12-50_12mm,12 mm round pin,M16_Hex_Nut,False,False,False,input_crops/state_101/M16_Hex_Nut.png,1c1870e789ce383e3b64a161e64f0093e715e0263666f4e81c66af34b957e0f0,raw/gemma4-12b/state_101/RGOCG12-50_12mm/M16_Hex_Nut.json,0.8776958999806084,B,-7.658412456512451,0.0004720562260375184,0.0004720562260375184,0.0004720562260375184,-0.0005276999436318874,0.9994724392654954,0.9994724392654954,0.9994724392654954,-9.986372947692871,4.602283149816972e-05,4.602283149816972e-05,4.602283149816972e-05
gemma4:12b,state_101,RGOCG8-50_8mm,8 mm round pin,M16_Hex_Nut,False,False,False,input_crops/state_101/M16_Hex_Nut.png,1c1870e789ce383e3b64a161e64f0093e715e0263666f4e81c66af34b957e0f0,raw/gemma4-12b/state_101/RGOCG8-50_8mm/M16_Hex_Nut.json,0.8218904999666847,B,-7.830667972564697,0.0003973599660656489,0.0003973599660656489,0.0003973599660656489,-0.0004887583199888468,0.9995113611029017,0.9995113611029017,0.9995113611029017,-9.417821884155273,8.126282653600564e-05,8.126282653600564e-05,8.126282653600564e-05
gemma4:12b,state_101,USB_Male,USB connector + cable,M16_Hex_Nut,False,False,False,input_crops/state_101/M16_Hex_Nut.png,1c1870e789ce383e3b64a161e64f0093e715e0263666f4e81c66af34b957e0f0,raw/gemma4-12b/state_101/USB_Male/M16_Hex_Nut.json,0.9940082000102848,B,-11.598855972290039,9.17657999518294e-06,9.17657999518294e-06,9.17657999518294e-06,-1.0728893357736524e-05,0.9999892711641967,0.9999892711641967,0.9999892711641967,-16.026559829711914,1.0958560309183782e-07,1.0958560309183782e-07,1.0958560309183782e-07
gemma4:12b,state_101,DSUB_Male,DSUB connector,M16_Hex_Nut,False,False,False,input_crops/state_101/M16_Hex_Nut.png,1c1870e789ce383e3b64a161e64f0093e715e0263666f4e81c66af34b957e0f0,raw/gemma4-12b/state_101/DSUB_Male/M16_Hex_Nut.json,0.8680406999774277,B,-9.596733093261719,6.795036177392517e-05,6.795036177392517e-05,6.795036177392517e-05,-7.224344153655693e-05,0.9999277591679581,0.9999277591679581,0.9999277591679581,-12.937089920043945,2.407095028116182e-06,2.407095028116182e-06,2.407095028116182e-06
gemma4:12b,state_101,Gear_Large,Large gear,RGOCG16-50_16mm,False,False,False,input_crops/state_101/RGOCG16-50_16mm.png,552c7b7003b70b464999fe0b15088e739e126bb17da93e39400520c81be1c324,raw/gemma4-12b/state_101/Gear_Large/RGOCG16-50_16mm.json,1.2211422000546008,B,-11.370849609375,1.1526640812408141e-05,1.1526640812408141e-05,1.1526640812408141e-05,-1.4424427718040533e-05,0.9999855756763135,0.9999855756763135,0.9999855756763135,-13.888781547546387,9.293489520150324e-07,9.293489520150324e-07,9.293489520150324e-07
gemma4:12b,state_101,Gear_Medium,Medium gear,RGOCG16-50_16mm,False,False,False,input_crops/state_101/RGOCG16-50_16mm.png,552c7b7003b70b464999fe0b15088e739e126bb17da93e39400520c81be1c324,raw/gemma4-12b/state_101/Gear_Medium/RGOCG16-50_16mm.json,1.1344147000345401,B,-11.387361526489258,1.1337876593037197e-05,1.1337876593037197e-05,1.1337876593037197e-05,-1.3947584193374496e-05,0.9999860525130737,0.9999860525130737,0.9999860525130737,-14.020611763000488,8.145648741721106e-07,8.145648741721106e-07,8.145648741721106e-07
gemma4:12b,state_101,Gear_Small,Small gear,RGOCG16-50_16mm,False,False,False,input_crops/state_101/RGOCG16-50_16mm.png,552c7b7003b70b464999fe0b15088e739e126bb17da93e39400520c81be1c324,raw/gemma4-12b/state_101/Gear_Small/RGOCG16-50_16mm.json,1.1515384999802336,B,-10.887460708618164,1.8691144384085503e-05,1.8691144384085503e-05,1.8691144384085503e-05,-2.1219479094725102e-05,0.9999787807460369,0.9999787807460369,0.9999787807460369,-13.983957290649414,8.449762718373082e-07,8.449762718373082e-07,8.449762718373082e-07
gemma4:12b,state_101,Waterproof_Male,Waterproof connector,RGOCG16-50_16mm,False,False,False,input_crops/state_101/RGOCG16-50_16mm.png,552c7b7003b70b464999fe0b15088e739e126bb17da93e39400520c81be1c324,raw/gemma4-12b/state_101/Waterproof_Male/RGOCG16-50_16mm.json,1.267008299997542,B,-7.029848575592041,0.0008850657910127436,0.0008850657910127436,0.0008850657910127436,-0.0009734598570503294,0.999027013801288,0.999027013801288,0.999027013801288,-9.587183952331543,6.860233730361796e-05,6.860233730361796e-05,6.860233730361796e-05
gemma4:12b,state_101,M12_Hex_Nut,M12 hex nut,RGOCG16-50_16mm,False,False,False,input_crops/state_101/RGOCG16-50_16mm.png,552c7b7003b70b464999fe0b15088e739e126bb17da93e39400520c81be1c324,raw/gemma4-12b/state_101/M12_Hex_Nut/RGOCG16-50_16mm.json,0.798734899959527,B,-11.101799964904785,1.5085146633677758e-05,1.5085146633677758e-05,1.5085146633677758e-05,-1.7047073924914002e-05,0.9999829530713756,0.9999829530713756,0.9999829530713756,-13.924379348754883,8.968480845066813e-07,8.968480845066813e-07,8.968480845066813e-07
gemma4:12b,state_101,M16_Hex_Nut,M16 hex nut,RGOCG16-50_16mm,False,False,False,input_crops/state_101/RGOCG16-50_16mm.png,552c7b7003b70b464999fe0b15088e739e126bb17da93e39400520c81be1c324,raw/gemma4-12b/state_101/M16_Hex_Nut/RGOCG16-50_16mm.json,0.801652499998454,B,-11.51619815826416,9.96732656129501e-06,9.96732656129501e-06,9.96732656129501e-06,-1.1324947081448045e-05,0.9999886751170455,0.9999886751170455,0.9999886751170455,-14.721173286437988,4.042738724965533e-07,4.042738724965533e-07,4.042738724965533e-07
gemma4:12b,state_101,RGOCG16-50_16mm,16 mm round pin,RGOCG16-50_16mm,True,True,False,input_crops/state_101/RGOCG16-50_16mm.png,552c7b7003b70b464999fe0b15088e739e126bb17da93e39400520c81be1c324,raw/gemma4-12b/state_101/RGOCG16-50_16mm/RGOCG16-50_16mm.json,1.016675499966368,A,-5.364432581700385e-06,0.9999946355818068,0.9999946355818068,0.9999946355818068,-12.627551078796387,3.280380688301919e-06,3.280380688301919e-06,3.280380688301919e-06,-16.80647087097168,5.02391682241405e-08,5.02391682241405e-08,5.02391682241405e-08
gemma4:12b,state_101,RGOCG12-50_12mm,12 mm round pin,RGOCG16-50_16mm,False,True,False,input_crops/state_101/RGOCG16-50_16mm.png,552c7b7003b70b464999fe0b15088e739e126bb17da93e39400520c81be1c324,raw/gemma4-12b/state_101/RGOCG12-50_12mm/RGOCG16-50_16mm.json,0.8765174999716692,A,-3.218656047465629e-06,0.9999967813491324,0.9999967813491324,0.9999967813491324,-13.182465553283691,1.8833366257613568e-06,1.8833366257613568e-06,1.8833366257613568e-06,-16.858545303344727,4.768994283362836e-08,4.768994283362836e-08,4.768994283362836e-08
gemma4:12b,state_101,RGOCG8-50_8mm,8 mm round pin,RGOCG16-50_16mm,False,True,False,input_crops/state_101/RGOCG16-50_16mm.png,552c7b7003b70b464999fe0b15088e739e126bb17da93e39400520c81be1c324,raw/gemma4-12b/state_101/RGOCG8-50_8mm/RGOCG16-50_16mm.json,0.8313775999704376,A,-2.98023678624304e-06,0.9999970197676546,0.9999970197676546,0.9999970197676546,-13.181306838989258,1.8855201396209153e-06,1.8855201396209153e-06,1.8855201396209153e-06,-17.531932830810547,2.432082565461669e-08,2.432082565461669e-08,2.432082565461669e-08
gemma4:12b,state_101,USB_Male,USB connector + cable,RGOCG16-50_16mm,False,False,False,input_crops/state_101/RGOCG16-50_16mm.png,552c7b7003b70b464999fe0b15088e739e126bb17da93e39400520c81be1c324,raw/gemma4-12b/state_101/USB_Male/RGOCG16-50_16mm.json,0.9874852999928407,B,-11.914741516113281,6.691038152527418e-06,6.691038152527418e-06,6.691038152527418e-06,-8.106264431262389e-06,0.9999918937684245,0.9999918937684245,0.9999918937684245,-16.98794937133789,4.190128378037652e-08,4.190128378037652e-08,4.190128378037652e-08
gemma4:12b,state_101,DSUB_Male,DSUB connector,RGOCG16-50_16mm,False,False,False,input_crops/state_101/RGOCG16-50_16mm.png,552c7b7003b70b464999fe0b15088e739e126bb17da93e39400520c81be1c324,raw/gemma4-12b/state_101/DSUB_Male/RGOCG16-50_16mm.json,0.8380103000090457,B,-12.281449317932129,4.636970483839964e-06,4.636970483839964e-06,4.636970483839964e-06,-5.483642325998517e-06,0.9999945163727091,0.9999945163727091,0.9999945163727091,-16.68964958190918,5.646473336508467e-08,5.646473336508467e-08,5.646473336508467e-08
gemma4:12b,state_101,Gear_Large,Large gear,RGOCG12-50_12mm,False,False,False,input_crops/state_101/RGOCG12-50_12mm.png,123f19e892e7db96ecab17804bf959635f80f30947116c2770dcab19b9e1892a,raw/gemma4-12b/state_101/Gear_Large/RGOCG12-50_12mm.json,1.20362699998077,B,-9.901305198669434,5.0109236846707215e-05,5.0109236846707215e-05,5.0109236846707215e-05,-6.282526737777516e-05,0.9999371767060881,0.9999371767060881,0.9999371767060881,-11.52829360961914,9.847493426620752e-06,9.847493426620752e-06,9.847493426620752e-06
gemma4:12b,state_101,Gear_Medium,Medium gear,RGOCG12-50_12mm,False,False,False,input_crops/state_101/RGOCG12-50_12mm.png,123f19e892e7db96ecab17804bf959635f80f30947116c2770dcab19b9e1892a,raw/gemma4-12b/state_101/Gear_Medium/RGOCG12-50_12mm.json,1.15112210001098,B,-9.1082124710083,0.00011075251162038236,0.00011075251162038236,0.00011075251162038236,-0.00013578860671259463,0.999864220612143,0.999864220612143,0.999864220612143,-10.805941581726074,2.0278657458048908e-05,2.0278657458048908e-05,2.0278657458048908e-05
gemma4:12b,state_101,Gear_Small,Small gear,RGOCG12-50_12mm,False,False,False,input_crops/state_101/RGOCG12-50_12mm.png,123f19e892e7db96ecab17804bf959635f80f30947116c2770dcab19b9e1892a,raw/gemma4-12b/state_101/Gear_Small/RGOCG12-50_12mm.json,1.1610131000052206,B,-9.333941459655762,8.837323022808137e-05,8.837323022808137e-05,8.837323022808137e-05,-0.0001019291375996545,0.9998980760569984,0.9998980760569984,0.9998980760569984,-11.57779312133789,9.371914864959064e-06,9.371914864959064e-06,9.371914864959064e-06
gemma4:12b,state_101,Waterproof_Male,Waterproof connector,RGOCG12-50_12mm,False,False,False,input_crops/state_101/RGOCG12-50_12mm.png,123f19e892e7db96ecab17804bf959635f80f30947116c2770dcab19b9e1892a,raw/gemma4-12b/state_101/Waterproof_Male/RGOCG12-50_12mm.json,1.2669854999985546,B,-6.997417449951172,0.0009142399899165673,0.0009142399899165673,0.0009142399899165673,-0.0010469669941812754,0.9989535808845419,0.9989535808845419,0.9989535808845419,-9.142354965209961,0.00010703496885015729,0.00010703496885015729,0.00010703496885015729
gemma4:12b,state_101,M12_Hex_Nut,M12 hex nut,RGOCG12-50_12mm,False,False,False,input_crops/state_101/RGOCG12-50_12mm.png,123f19e892e7db96ecab17804bf959635f80f30947116c2770dcab19b9e1892a,raw/gemma4-12b/state_101/M12_Hex_Nut/RGOCG12-50_12mm.json,0.7996735999477096,B,-10.099578857421875,4.109685921856493e-05,4.109685921856493e-05,4.109685921856493e-05,-4.553898543235846e-05,0.9999544620514516,0.9999544620514516,0.9999544620514516,-13.132368087768555,1.9800903405296654e-06,1.9800903405296654e-06,1.9800903405296654e-06
gemma4:12b,state_101,M16_Hex_Nut,M16 hex nut,RGOCG12-50_12mm,False,False,False,input_crops/state_101/RGOCG12-50_12mm.png,123f19e892e7db96ecab17804bf959635f80f30947116c2770dcab19b9e1892a,raw/gemma4-12b/state_101/M16_Hex_Nut/RGOCG12-50_12mm.json,0.8253135000122711,B,-11.921343803405762,6.6470075077845425e-06,6.6470075077845425e-06,6.6470075077845425e-06,-8.583106136939023e-06,0.9999914169306978,0.9999914169306978,0.9999914169306978,-14.481964111328125,5.13526546710384e-07,5.13526546710384e-07,5.13526546710384e-07
gemma4:12b,state_101,RGOCG16-50_16mm,16 mm round pin,RGOCG12-50_12mm,False,True,False,input_crops/state_101/RGOCG12-50_12mm.png,123f19e892e7db96ecab17804bf959635f80f30947116c2770dcab19b9e1892a,raw/gemma4-12b/state_101/RGOCG16-50_16mm/RGOCG12-50_12mm.json,1.010495099995751,A,-4.172333774477011e-06,0.9999958276749297,0.9999958276749297,0.9999958276749297,-12.706222534179688,3.032198772320815e-06,3.032198772320815e-06,3.032198772320815e-06,-17.563112258911133,2.3574216132866027e-08,2.3574216132866027e-08,2.3574216132866027e-08
gemma4:12b,state_101,RGOCG12-50_12mm,12 mm round pin,RGOCG12-50_12mm,True,True,False,input_crops/state_101/RGOCG12-50_12mm.png,123f19e892e7db96ecab17804bf959635f80f30947116c2770dcab19b9e1892a,raw/gemma4-12b/state_101/RGOCG12-50_12mm/RGOCG12-50_12mm.json,0.9072297000093386,A,-2.98023678624304e-06,0.9999970197676546,0.9999970197676546,0.9999970197676546,-13.060847282409668,2.126895225149409e-06,2.126895225149409e-06,2.126895225149409e-06,-17.53173828125,2.432555772085571e-08,2.432555772085571e-08,2.432555772085571e-08
gemma4:12b,state_101,RGOCG8-50_8mm,8 mm round pin,RGOCG12-50_12mm,False,True,False,input_crops/state_101/RGOCG12-50_12mm.png,123f19e892e7db96ecab17804bf959635f80f30947116c2770dcab19b9e1892a,raw/gemma4-12b/state_101/RGOCG8-50_8mm/RGOCG12-50_12mm.json,0.8209346000221558,A,-4.291543518775143e-06,0.9999957084656899,0.9999957084656899,0.9999957084656899,-13.121217727661133,2.0022926125010964e-06,2.0022926125010964e-06,2.0022926125010964e-06,-17.462553024291992,2.606811220171741e-08,2.606811220171741e-08,2.606811220171741e-08
gemma4:12b,state_101,USB_Male,USB connector + cable,RGOCG12-50_12mm,False,False,False,input_crops/state_101/RGOCG12-50_12mm.png,123f19e892e7db96ecab17804bf959635f80f30947116c2770dcab19b9e1892a,raw/gemma4-12b/state_101/USB_Male/RGOCG12-50_12mm.json,0.9943451000144705,B,-9.900439262390137,5.015264704534103e-05,5.015264704534103e-05,5.015264704534103e-05,-5.9010340919485316e-05,0.9999409914001565,0.9999409914001565,0.9999409914001565,-14.473249435424805,5.18021320936554e-07,5.18021320936554e-07,5.18021320936554e-07
gemma4:12b,state_101,DSUB_Male,DSUB connector,RGOCG12-50_12mm,False,False,False,input_crops/state_101/RGOCG12-50_12mm.png,123f19e892e7db96ecab17804bf959635f80f30947116c2770dcab19b9e1892a,raw/gemma4-12b/state_101/DSUB_Male/RGOCG12-50_12mm.json,0.8800701000145636,B,-11.070460319519043,1.556539589383125e-05,1.556539589383125e-05,1.556539589383125e-05,-2.1219479094725102e-05,0.9999787807460369,0.9999787807460369,0.9999787807460369,-15.086174011230469,2.8064536491485443e-07,2.8064536491485443e-07,2.8064536491485443e-07
gemma4:12b,state_101,Gear_Large,Large gear,RGOCG8-50_8mm,False,False,False,input_crops/state_101/RGOCG8-50_8mm.png,3989b2e944636dc60976a725ca05eae1c3b96027dd47e7fd6182bc78c774ab48,raw/gemma4-12b/state_101/Gear_Large/RGOCG8-50_8mm.json,1.1689687999896705,B,-10.990681648254395,1.6858060488881424e-05,1.6858060488881424e-05,1.6858060488881424e-05,-1.978893851628527e-05,0.9999802112572834,0.9999802112572834,0.9999802112572834,-13.402594566345215,1.511218065618262e-06,1.511218065618262e-06,1.511218065618262e-06
gemma4:12b,state_101,Gear_Medium,Medium gear,RGOCG8-50_8mm,False,False,False,input_crops/state_101/RGOCG8-50_8mm.png,3989b2e944636dc60976a725ca05eae1c3b96027dd47e7fd6182bc78c774ab48,raw/gemma4-12b/state_101/Gear_Medium/RGOCG8-50_8mm.json,1.1174064999795519,B,-10.183012962341309,3.780712570685443e-05,3.780712570685443e-05,3.780712570685443e-05,-4.780406743520871e-05,0.999952197075161,0.999952197075161,0.999952197075161,-11.79651927947998,7.5307246970145155e-06,7.5307246970145155e-06,7.5307246970145155e-06
gemma4:12b,state_101,Gear_Small,Small gear,RGOCG8-50_8mm,False,False,False,input_crops/state_101/RGOCG8-50_8mm.png,3989b2e944636dc60976a725ca05eae1c3b96027dd47e7fd6182bc78c774ab48,raw/gemma4-12b/state_101/Gear_Small/RGOCG8-50_8mm.json,1.1445551000069827,B,-9.944528579711914,4.798948758385776e-05,4.798948758385776e-05,4.798948758385776e-05,-5.5314641940640286e-05,0.999944686887886,0.999944686887886,0.999944686887886,-12.102593421936035,5.545113758094546e-06,5.545113758094546e-06,5.545113758094546e-06
gemma4:12b,state_101,Waterproof_Male,Waterproof connector,RGOCG8-50_8mm,False,False,False,input_crops/state_101/RGOCG8-50_8mm.png,3989b2e944636dc60976a725ca05eae1c3b96027dd47e7fd6182bc78c774ab48,raw/gemma4-12b/state_101/Waterproof_Male/RGOCG8-50_8mm.json,1.2724641999811865,B,-7.447070598602295,0.0005831473852924242,0.0005831473852924242,0.0005831473852924242,-0.000666065257973969,0.999334156514249,0.999334156514249,0.999334156514249,-9.683692932128906,6.229104190671629e-05,6.229104190671629e-05,6.229104190671629e-05
gemma4:12b,state_101,M12_Hex_Nut,M12 hex nut,RGOCG8-50_8mm,False,False,False,input_crops/state_101/RGOCG8-50_8mm.png,3989b2e944636dc60976a725ca05eae1c3b96027dd47e7fd6182bc78c774ab48,raw/gemma4-12b/state_101/M12_Hex_Nut/RGOCG8-50_8mm.json,0.8437987000215799,B,-11.079111099243164,1.543132383268595e-05,1.543132383268595e-05,1.543132383268595e-05,-1.8000764612224884e-05,0.9999819993974005,0.9999819993974005,0.9999819993974005,-14.341132164001465,5.911877642440565e-07,5.911877642440565e-07,5.911877642440565e-07
gemma4:12b,state_101,M16_Hex_Nut,M16 hex nut,RGOCG8-50_8mm,False,False,False,input_crops/state_101/RGOCG8-50_8mm.png,3989b2e944636dc60976a725ca05eae1c3b96027dd47e7fd6182bc78c774ab48,raw/gemma4-12b/state_101/M16_Hex_Nut/RGOCG8-50_8mm.json,0.8525580000132322,B,-12.06696605682373,5.746232950914431e-06,5.746232950914431e-06,5.746232950914431e-06,-6.9141628955549095e-06,0.9999930858610072,0.9999930858610072,0.9999930858610072,-14.71068000793457,4.0853836596129936e-07,4.0853836596129936e-07,4.0853836596129936e-07
gemma4:12b,state_101,RGOCG16-50_16mm,16 mm round pin,RGOCG8-50_8mm,False,True,False,input_crops/state_101/RGOCG8-50_8mm.png,3989b2e944636dc60976a725ca05eae1c3b96027dd47e7fd6182bc78c774ab48,raw/gemma4-12b/state_101/RGOCG16-50_16mm/RGOCG8-50_8mm.json,1.0491505000391044,A,-2.98023678624304e-06,0.9999970197676546,0.9999970197676546,0.9999970197676546,-13.098893165588379,2.0474956094087865e-06,2.0474956094087865e-06,2.0474956094087865e-06,-17.149682998657227,3.564407159242572e-08,3.564407159242572e-08,3.564407159242572e-08
gemma4:12b,state_101,RGOCG12-50_12mm,12 mm round pin,RGOCG8-50_8mm,False,True,False,input_crops/state_101/RGOCG8-50_8mm.png,3989b2e944636dc60976a725ca05eae1c3b96027dd47e7fd6182bc78c774ab48,raw/gemma4-12b/state_101/RGOCG12-50_12mm/RGOCG8-50_8mm.json,0.9149832000257447,A,-4.172333774477011e-06,0.9999958276749297,0.9999958276749297,0.9999958276749297,-12.90881633758545,2.476123470196262e-06,2.476123470196262e-06,2.476123470196262e-06,-17.067075729370117,3.8713567019351986e-08,3.8713567019351986e-08,3.8713567019351986e-08
gemma4:12b,state_101,RGOCG8-50_8mm,8 mm round pin,RGOCG8-50_8mm,True,True,False,input_crops/state_101/RGOCG8-50_8mm.png,3989b2e944636dc60976a725ca05eae1c3b96027dd47e7fd6182bc78c774ab48,raw/gemma4-12b/state_101/RGOCG8-50_8mm/RGOCG8-50_8mm.json,0.831268000009004,A,-2.622607780722319e-06,0.9999973773956583,0.9999973773956583,0.9999973773956583,-13.683794975280762,1.1407838144508294e-06,1.1407838144508294e-06,1.1407838144508294e-06,-17.447080612182617,2.647458522673975e-08,2.647458522673975e-08,2.647458522673975e-08
gemma4:12b,state_101,USB_Male,USB connector + cable,RGOCG8-50_8mm,False,False,False,input_crops/state_101/RGOCG8-50_8mm.png,3989b2e944636dc60976a725ca05eae1c3b96027dd47e7fd6182bc78c774ab48,raw/gemma4-12b/state_101/USB_Male/RGOCG8-50_8mm.json,1.0167310000397265,B,-10.75623893737793,2.1312028264597675e-05,2.1312028264597675e-05,2.1312028264597675e-05,-2.288844552822411e-05,0.9999771118164102,0.9999771118164102,0.9999771118164102,-15.522733688354492,1.8136873131450168e-07,1.8136873131450168e-07,1.8136873131450168e-07
gemma4:12b,state_101,DSUB_Male,DSUB connector,RGOCG8-50_8mm,False,False,False,input_crops/state_101/RGOCG8-50_8mm.png,3989b2e944636dc60976a725ca05eae1c3b96027dd47e7fd6182bc78c774ab48,raw/gemma4-12b/state_101/DSUB_Male/RGOCG8-50_8mm.json,0.8835160000016913,B,-12.504247665405273,3.710857168142067e-06,3.710857168142067e-06,3.710857168142067e-06,-5.1260126383567695e-06,0.9999948740004996,0.9999948740004996,0.9999948740004996,-16.2395076751709,8.856689673463414e-08,8.856689673463414e-08,8.856689673463414e-08
gemma4:12b,state_101,Gear_Large,Large gear,USB_Male,False,False,True,input_crops/state_101/USB_Male.png,7543f2ca9e48d4553584300362014c6f331ab16c9b5e3b3c0e4184e22a6d517c,raw/gemma4-12b/state_101/Gear_Large/USB_Male.json,1.248823200003244,B,-12.694825172424316,3.066955530073254e-06,3.066955530073254e-06,3.066955530073254e-06,-3.933914285880746e-06,0.9999960660934519,0.9999960660934519,0.9999960660934519,-15.565265655517578,1.738165063260316e-07,1.738165063260316e-07,1.738165063260316e-07
gemma4:12b,state_101,Gear_Medium,Medium gear,USB_Male,False,False,True,input_crops/state_101/USB_Male.png,7543f2ca9e48d4553584300362014c6f331ab16c9b5e3b3c0e4184e22a6d517c,raw/gemma4-12b/state_101/Gear_Medium/USB_Male.json,1.2366236000088975,B,-12.420734405517578,4.034071454530635e-06,4.034071454530635e-06,4.034071454530635e-06,-6.7949526965094265e-06,0.9999932050703891,0.9999932050703891,0.9999932050703891,-13.48199462890625,1.3958672812153472e-06,1.3958672812153472e-06,1.3958672812153472e-06
gemma4:12b,state_101,Gear_Small,Small gear,USB_Male,False,False,True,input_crops/state_101/USB_Male.png,7543f2ca9e48d4553584300362014c6f331ab16c9b5e3b3c0e4184e22a6d517c,raw/gemma4-12b/state_101/Gear_Small/USB_Male.json,1.1990498999948613,B,-12.489975929260254,3.764197265045046e-06,3.764197265045046e-06,3.764197265045046e-06,-4.768382950715022e-06,0.999995231628418,0.999995231628418,0.999995231628418,-14.908196449279785,3.353146643960622e-07,3.353146643960622e-07,3.353146643960622e-07
gemma4:12b,state_101,Waterproof_Male,Waterproof connector,USB_Male,False,False,True,input_crops/state_101/USB_Male.png,7543f2ca9e48d4553584300362014c6f331ab16c9b5e3b3c0e4184e22a6d517c,raw/gemma4-12b/state_101/Waterproof_Male/USB_Male.json,1.339136399968993,A,-0.00011552047362783924,0.9998844861986051,0.9998844861986051,0.9998844861986051,-9.070084571838379,0.00011505680766900376,0.00011505680766900376,0.00011505680766900376,-16.678775787353516,5.70820695861798e-08,5.70820695861798e-08,5.70820695861798e-08
gemma4:12b,state_101,M12_Hex_Nut,M12 hex nut,USB_Male,False,False,True,input_crops/state_101/USB_Male.png,7543f2ca9e48d4553584300362014c6f331ab16c9b5e3b3c0e4184e22a6d517c,raw/gemma4-12b/state_101/M12_Hex_Nut/USB_Male.json,0.8496970999985933,B,-13.389772415161133,1.530719892628294e-06,1.530719892628294e-06,1.530719892628294e-06,-2.145769485650817e-06,0.9999978542328165,0.9999978542328165,0.9999978542328165,-15.295379638671875,2.2766749249982364e-07,2.2766749249982364e-07,2.2766749249982364e-07
gemma4:12b,state_101,M16_Hex_Nut,M16 hex nut,USB_Male,False,False,True,input_crops/state_101/USB_Male.png,7543f2ca9e48d4553584300362014c6f331ab16c9b5e3b3c0e4184e22a6d517c,raw/gemma4-12b/state_101/M16_Hex_Nut/USB_Male.json,0.85791739996057,B,-13.280152320861816,1.7080600231398764e-06,1.7080600231398764e-06,1.7080600231398764e-06,-2.5033982637978625e-06,0.9999974966048697,0.9999974966048697,0.9999974966048697,-15.240208625793457,2.4058109141458275e-07,2.4058109141458275e-07,2.4058109141458275e-07
gemma4:12b,state_101,RGOCG16-50_16mm,16 mm round pin,USB_Male,False,False,True,input_crops/state_101/USB_Male.png,7543f2ca9e48d4553584300362014c6f331ab16c9b5e3b3c0e4184e22a6d517c,raw/gemma4-12b/state_101/RGOCG16-50_16mm/USB_Male.json,1.0394890999887139,B,-0.7863406538963318,0.4555086128511557,0.4555086128511557,0.4555086128511557,-0.6095962524414062,0.5435702899536898,0.5435702899536898,0.5435702899536898,-7.14216423034668,0.0007910382535662639,0.0007910382535662639,0.0007910382535662639
gemma4:12b,state_101,RGOCG12-50_12mm,12 mm round pin,USB_Male,False,False,True,input_crops/state_101/USB_Male.png,7543f2ca9e48d4553584300362014c6f331ab16c9b5e3b3c0e4184e22a6d517c,raw/gemma4-12b/state_101/RGOCG12-50_12mm/USB_Male.json,0.9196343999938108,A,-0.43989840149879456,0.644101857542312,0.644101857542312,0.644101857542312,-1.0357427597045898,0.3549626310467097,0.3549626310467097,0.3549626310467097,-7.05693244934082,0.0008614164839110839,0.0008614164839110839,0.0008614164839110839
gemma4:12b,state_101,RGOCG8-50_8mm,8 mm round pin,USB_Male,False,False,True,input_crops/state_101/USB_Male.png,7543f2ca9e48d4553584300362014c6f331ab16c9b5e3b3c0e4184e22a6d517c,raw/gemma4-12b/state_101/RGOCG8-50_8mm/USB_Male.json,0.874914100044407,A,-0.1831788271665573,0.8326192474822188,0.8326192474822188,0.8326192474822188,-1.7945947647094727,0.1661947866954551,0.1661947866954551,0.1661947866954551,-6.78959846496582,0.00112542057925174,0.00112542057925174,0.00112542057925174
gemma4:12b,state_101,USB_Male,USB connector + cable,USB_Male,True,True,True,input_crops/state_101/USB_Male.png,7543f2ca9e48d4553584300362014c6f331ab16c9b5e3b3c0e4184e22a6d517c,raw/gemma4-12b/state_101/USB_Male/USB_Male.json,1.0980583000346087,A,-4.529963462118758e-06,0.9999954700467981,0.9999954700467981,0.9999954700467981,-12.471095085144043,3.835943671818683e-06,3.835943671818683e-06,3.835943671818683e-06,-17.081253051757812,3.81685846227712e-08,3.81685846227712e-08,3.81685846227712e-08
gemma4:12b,state_101,DSUB_Male,DSUB connector,USB_Male,False,False,True,input_crops/state_101/USB_Male.png,7543f2ca9e48d4553584300362014c6f331ab16c9b5e3b3c0e4184e22a6d517c,raw/gemma4-12b/state_101/DSUB_Male/USB_Male.json,0.9493777999887243,B,-4.5338311195373535,0.010739453029638676,0.010739453029638676,0.010739453029638676,-0.0109334671869874,0.9891260859270978,0.9891260859270978,0.9891260859270978,-9.44399356842041,7.916363105823547e-05,7.916363105823547e-05,7.916363105823547e-05
gemma4:12b,state_101,Gear_Large,Large gear,DSUB_Male,False,False,False,input_crops/state_101/DSUB_Male.png,4b33b962ebb9c6ee75c0ce865988e91fcba2f1bdbb964dd35e709db436634a24,raw/gemma4-12b/state_101/Gear_Large/DSUB_Male.json,1.2835642999853007,B,-6.848511695861816,0.0010610336591551615,0.0010610336591551615,0.0010610336591551615,-0.0011815252946689725,0.9988191724315212,0.9988191724315212,0.9988191724315212,-9.529717445373535,7.26601515542177e-05,7.26601515542177e-05,7.26601515542177e-05
gemma4:12b,state_101,Gear_Medium,Medium gear,DSUB_Male,False,False,False,input_crops/state_101/DSUB_Male.png,4b33b962ebb9c6ee75c0ce865988e91fcba2f1bdbb964dd35e709db436634a24,raw/gemma4-12b/state_101/Gear_Medium/DSUB_Male.json,1.2267533999984153,B,-7.407883167266846,0.000606453096506758,0.000606453096506758,0.000606453096506758,-0.0006449513603001833,0.999355256576123,0.999355256576123,0.999355256576123,-10.600366592407227,2.4906877385543862e-05,2.4906877385543862e-05,2.4906877385543862e-05
gemma4:12b,state_101,Gear_Small,Small gear,DSUB_Male,False,False,False,input_crops/state_101/DSUB_Male.png,4b33b962ebb9c6ee75c0ce865988e91fcba2f1bdbb964dd35e709db436634a24,raw/gemma4-12b/state_101/Gear_Small/DSUB_Male.json,1.160151100018993,B,-6.10444974899292,0.0022329096929001127,0.0022329096929001127,0.0022329096929001127,-0.002347361296415329,0.9976553916016758,0.9976553916016758,0.9976553916016758,-9.319072723388672,8.969704582497079e-05,8.969704582497079e-05,8.969704582497079e-05
gemma4:12b,state_101,Waterproof_Male,Waterproof connector,DSUB_Male,False,False,False,input_crops/state_101/DSUB_Male.png,4b33b962ebb9c6ee75c0ce865988e91fcba2f1bdbb964dd35e709db436634a24,raw/gemma4-12b/state_101/Waterproof_Male/DSUB_Male.json,1.320412100001704,A,-1.025205165205989e-05,0.9999897480009,0.9999897480009,0.9999897480009,-11.555633544921875,9.581910644256275e-06,9.581910644256275e-06,9.581910644256275e-06,-17.56382179260254,2.3557495364946848e-08,2.3557495364946848e-08,2.3557495364946848e-08
gemma4:12b,state_101,M12_Hex_Nut,M12 hex nut,DSUB_Male,False,False,False,input_crops/state_101/DSUB_Male.png,4b33b962ebb9c6ee75c0ce865988e91fcba2f1bdbb964dd35e709db436634a24,raw/gemma4-12b/state_101/M12_Hex_Nut/DSUB_Male.json,0.8420703000156209,B,-5.728876113891602,0.003250728630098888,0.003250728630098888,0.003250728630098888,-0.003543986938893795,0.9964622855707325,0.9964622855707325,0.9964622855707325,-8.632946968078613,0.00017813890121483704,0.00017813890121483704,0.00017813890121483704
gemma4:12b,state_101,M16_Hex_Nut,M16 hex nut,DSUB_Male,False,False,False,input_crops/state_101/DSUB_Male.png,4b33b962ebb9c6ee75c0ce865988e91fcba2f1bdbb964dd35e709db436634a24,raw/gemma4-12b/state_101/M16_Hex_Nut/DSUB_Male.json,0.8540029000141658,B,-8.149166107177734,0.0002889762343900406,0.0002889762343900406,0.0002889762343900406,-0.0003167892573401332,0.9996832609150785,0.9996832609150785,0.9996832609150785,-11.132246017456055,1.463278472671042e-05,1.463278472671042e-05,1.463278472671042e-05
gemma4:12b,state_101,RGOCG16-50_16mm,16 mm round pin,DSUB_Male,False,False,False,input_crops/state_101/DSUB_Male.png,4b33b962ebb9c6ee75c0ce865988e91fcba2f1bdbb964dd35e709db436634a24,raw/gemma4-12b/state_101/RGOCG16-50_16mm/DSUB_Male.json,1.0605304000200704,A,-0.0010593181941658258,0.998941242685285,0.998941242685285,0.998941242685285,-6.85445499420166,0.0010547463218380888,0.0010547463218380888,0.0010547463218380888,-13.555153846740723,1.2973927987062296e-06,1.2973927987062296e-06,1.2973927987062296e-06
gemma4:12b,state_101,RGOCG12-50_12mm,12 mm round pin,DSUB_Male,False,False,False,input_crops/state_101/DSUB_Male.png,4b33b962ebb9c6ee75c0ce865988e91fcba2f1bdbb964dd35e709db436634a24,raw/gemma4-12b/state_101/RGOCG12-50_12mm/DSUB_Male.json,0.9139840999851003,A,-0.0004843454225920141,0.9995157718537173,0.9995157718537173,0.9995157718537173,-7.643806457519531,0.0004790016779561424,0.0004790016779561424,0.0004790016779561424,-12.814050674438477,2.7222531014115494e-06,2.7222531014115494e-06,2.7222531014115494e-06
gemma4:12b,state_101,RGOCG8-50_8mm,8 mm round pin,DSUB_Male,False,False,False,input_crops/state_101/DSUB_Male.png,4b33b962ebb9c6ee75c0ce865988e91fcba2f1bdbb964dd35e709db436634a24,raw/gemma4-12b/state_101/RGOCG8-50_8mm/DSUB_Male.json,0.825064399978146,A,-0.0010979239596053958,0.998902678538386,0.998902678538386,0.998902678538386,-6.820408821105957,0.0010912746949444598,0.0010912746949444598,0.0010912746949444598,-12.539886474609375,3.5809355151451514e-06,3.5809355151451514e-06,3.5809355151451514e-06
gemma4:12b,state_101,USB_Male,USB connector + cable,DSUB_Male,False,False,False,input_crops/state_101/DSUB_Male.png,4b33b962ebb9c6ee75c0ce865988e91fcba2f1bdbb964dd35e709db436634a24,raw/gemma4-12b/state_101/USB_Male/DSUB_Male.json,1.0104338000528514,A,-0.008447163738310337,0.9915884133037908,0.9915884133037908,0.9915884133037908,-4.77943754196167,0.008400722692924687,0.008400722692924687,0.008400722692924687,-14.668220520019531,4.2625822172959306e-07,4.2625822172959306e-07,4.2625822172959306e-07
gemma4:12b,state_101,DSUB_Male,DSUB connector,DSUB_Male,True,True,False,input_crops/state_101/DSUB_Male.png,4b33b962ebb9c6ee75c0ce865988e91fcba2f1bdbb964dd35e709db436634a24,raw/gemma4-12b/state_101/DSUB_Male/DSUB_Male.json,0.85343970003305,A,-2.4080565708572976e-05,0.999975919724226,0.999975919724226,0.999975919724226,-10.652409553527832,2.3643801898968696e-05,2.3643801898968696e-05,2.3643801898968696e-05,-17.799074172973633,1.861916941987157e-08,1.861916941987157e-08,1.861916941987157e-08
gemma4:12b,state_202,Gear_Large,Large gear,Gear_Large,True,True,False,input_crops/state_202/Gear_Large.png,5d23b69c2449fff305773def219e59a9d80d68f1142de6cae6476b6dda8231cf,raw/gemma4-12b/state_202/Gear_Large/Gear_Large.json,1.1977290000068024,A,-1.6689440599293448e-05,0.9999833106986686,0.9999833106986686,0.9999833106986686,-11.047843933105469,1.592143994064202e-05,1.592143994064202e-05,1.592143994064202e-05,-16.716588973999023,5.496391411760018e-08,5.496391411760018e-08,5.496391411760018e-08
gemma4:12b,state_202,Gear_Medium,Medium gear,Gear_Large,False,True,False,input_crops/state_202/Gear_Large.png,5d23b69c2449fff305773def219e59a9d80d68f1142de6cae6476b6dda8231cf,raw/gemma4-12b/state_202/Gear_Medium/Gear_Large.json,1.1851449999958277,A,-9.775209946383256e-06,0.9999902248378308,0.9999902248378308,0.9999902248378308,-11.59499740600586,9.212056838215125e-06,9.212056838215125e-06,9.212056838215125e-06,-17.518205642700195,2.4656984180363426e-08,2.4656984180363426e-08,2.4656984180363426e-08
gemma4:12b,state_202,Gear_Small,Small gear,Gear_Large,False,True,False,input_crops/state_202/Gear_Large.png,5d23b69c2449fff305773def219e59a9d80d68f1142de6cae6476b6dda8231cf,raw/gemma4-12b/state_202/Gear_Small/Gear_Large.json,1.1351125999935903,A,-6.318112355074845e-06,0.9999936819076042,0.9999936819076042,0.9999936819076042,-12.094786643981934,5.588572646159415e-06,5.588572646159415e-06,5.588572646159415e-06,-17.22722816467285,3.298449729919465e-08,3.298449729919465e-08,3.298449729919465e-08
gemma4:12b,state_202,Waterproof_Male,Waterproof connector,Gear_Large,False,False,False,input_crops/state_202/Gear_Large.png,5d23b69c2449fff305773def219e59a9d80d68f1142de6cae6476b6dda8231cf,raw/gemma4-12b/state_202/Waterproof_Male/Gear_Large.json,1.3132715999963693,B,-11.010887145996094,1.6520853178851296e-05,1.6520853178851296e-05,1.6520853178851296e-05,-1.9669725588755682e-05,0.9999803304678591,0.9999803304678591,0.9999803304678591,-15.4363374710083,1.9773512170939973e-07,1.9773512170939973e-07,1.9773512170939973e-07
gemma4:12b,state_202,M12_Hex_Nut,M12 hex nut,Gear_Large,False,False,False,input_crops/state_202/Gear_Large.png,5d23b69c2449fff305773def219e59a9d80d68f1142de6cae6476b6dda8231cf,raw/gemma4-12b/state_202/M12_Hex_Nut/Gear_Large.json,0.8520092999679036,B,-14.20096206665039,6.801434761797955e-07,6.801434761797955e-07,6.801434761797955e-07,-1.4305124977909145e-06,0.9999985694885254,0.9999985694885254,0.9999985694885254,,,0.0,0.0001
gemma4:12b,state_202,M16_Hex_Nut,M16 hex nut,Gear_Large,False,False,False,input_crops/state_202/Gear_Large.png,5d23b69c2449fff305773def219e59a9d80d68f1142de6cae6476b6dda8231cf,raw/gemma4-12b/state_202/M16_Hex_Nut/Gear_Large.json,0.8582181000383571,B,-13.723033905029297,1.096887532156817e-06,1.096887532156817e-06,1.096887532156817e-06,-1.7881409348774469e-06,0.9999982118606638,0.9999982118606638,0.9999982118606638,-18.581096649169922,8.517894516087576e-09,8.517894516087576e-09,8.517894516087576e-09
gemma4:12b,state_202,RGOCG16-50_16mm,16 mm round pin,Gear_Large,False,False,False,input_crops/state_202/Gear_Large.png,5d23b69c2449fff305773def219e59a9d80d68f1142de6cae6476b6dda8231cf,raw/gemma4-12b/state_202/RGOCG16-50_16mm/Gear_Large.json,1.0341298999846913,B,-8.23885440826416,0.0002641867262945152,0.0002641867262945152,0.0002641867262945152,-0.0003520869940984994,0.9996479749812535,0.9996479749812535,0.9996479749812535,-10.782571792602539,2.0758146361409266e-05,2.0758146361409266e-05,2.0758146361409266e-05
gemma4:12b,state_202,RGOCG12-50_12mm,12 mm round pin,Gear_Large,False,False,False,input_crops/state_202/Gear_Large.png,5d23b69c2449fff305773def219e59a9d80d68f1142de6cae6476b6dda8231cf,raw/gemma4-12b/state_202/RGOCG12-50_12mm/Gear_Large.json,0.8990877000032924,B,-6.49448823928833,0.0015117486689389095,0.0015117486689389095,0.0015117486689389095,-0.0021099040750414133,0.9978923202079453,0.9978923202079453,0.9978923202079453,-10.036836624145508,4.375797727160253e-05,4.375797727160253e-05,4.375797727160253e-05
gemma4:12b,state_202,RGOCG8-50_8mm,8 mm round pin,Gear_Large,False,False,False,input_crops/state_202/Gear_Large.png,5d23b69c2449fff305773def219e59a9d80d68f1142de6cae6476b6dda8231cf,raw/gemma4-12b/state_202/RGOCG8-50_8mm/Gear_Large.json,0.8267062000231817,B,-7.214601039886475,0.0007357640757415637,0.0007357640757415637,0.0007357640757415637,-0.0009521605097688735,0.9990482926512105,0.9990482926512105,0.9990482926512105,-10.689868927001953,2.2774503232934015e-05,2.2774503232934015e-05,2.2774503232934015e-05
gemma4:12b,state_202,USB_Male,USB connector + cable,Gear_Large,False,False,False,input_crops/state_202/Gear_Large.png,5d23b69c2449fff305773def219e59a9d80d68f1142de6cae6476b6dda8231cf,raw/gemma4-12b/state_202/USB_Male/Gear_Large.json,1.004186300036963,B,-13.384654998779297,1.5385733011247635e-06,1.5385733011247635e-06,1.5385733011247635e-06,-3.4570753086882178e-06,0.999996542930667,0.999996542930667,0.999996542930667,,,0.0,0.0001
gemma4:12b,state_202,DSUB_Male,DSUB connector,Gear_Large,False,False,False,input_crops/state_202/Gear_Large.png,5d23b69c2449fff305773def219e59a9d80d68f1142de6cae6476b6dda8231cf,raw/gemma4-12b/state_202/DSUB_Male/Gear_Large.json,0.8701284999842755,B,-13.0621919631958,2.1240371520346902e-06,2.1240371520346902e-06,2.1240371520346902e-06,-3.218656047465629e-06,0.9999967813491324,0.9999967813491324,0.9999967813491324,-17.966894149780273,1.574262004938403e-08,1.574262004938403e-08,1.574262004938403e-08
gemma4:12b,state_202,Gear_Large,Large gear,Gear_Medium,False,True,False,input_crops/state_202/Gear_Medium.png,108195e8929e844a87a358e143fc8be89d43ee37e14f292c33dbb8ab3199825e,raw/gemma4-12b/state_202/Gear_Large/Gear_Medium.json,1.2182664000429213,A,-6.9141628955549095e-06,0.9999930858610072,0.9999930858610072,0.9999930858610072,-11.932936668395996,6.570394586810202e-06,6.570394586810202e-06,6.570394586810202e-06,-17.026752471923828,4.0306524939785615e-08,4.0306524939785615e-08,4.0306524939785615e-08
gemma4:12b,state_202,Gear_Medium,Medium gear,Gear_Medium,True,True,False,input_crops/state_202/Gear_Medium.png,108195e8929e844a87a358e143fc8be89d43ee37e14f292c33dbb8ab3199825e,raw/gemma4-12b/state_202/Gear_Medium/Gear_Medium.json,1.1375690000131726,A,-1.3470740668708459e-05,0.9999865293500613,0.9999865293500613,0.9999865293500613,-11.290366172790527,1.24926988938953e-05,1.24926988938953e-05,1.24926988938953e-05,-16.261728286743164,8.662059026679148e-08,8.662059026679148e-08,8.662059026679148e-08
gemma4:12b,state_202,Gear_Small,Small gear,Gear_Medium,False,True,False,input_crops/state_202/Gear_Medium.png,108195e8929e844a87a358e143fc8be89d43ee37e14f292c33dbb8ab3199825e,raw/gemma4-12b/state_202/Gear_Small/Gear_Medium.json,1.1888213999918662,A,-1.2040211004205048e-05,0.9999879598614788,0.9999879598614788,0.9999879598614788,-11.4315185546875,1.0848122280199286e-05,1.0848122280199286e-05,1.0848122280199286e-05,-16.307430267333984,8.275095621117198e-08,8.275095621117198e-08,8.275095621117198e-08
gemma4:12b,state_202,Waterproof_Male,Waterproof connector,Gear_Medium,False,False,False,input_crops/state_202/Gear_Medium.png,108195e8929e844a87a358e143fc8be89d43ee37e14f292c33dbb8ab3199825e,raw/gemma4-12b/state_202/Waterproof_Male/Gear_Medium.json,1.2701308999676257,B,-10.023637771606445,4.433936071801141e-05,4.433936071801141e-05,4.433936071801141e-05,-5.018836964154616e-05,0.9999498128897736,0.9999498128897736,0.9999498128897736,-13.773211479187012,1.0432064330034046e-06,1.0432064330034046e-06,1.0432064330034046e-06
gemma4:12b,state_202,M12_Hex_Nut,M12 hex nut,Gear_Medium,False,False,False,input_crops/state_202/Gear_Medium.png,108195e8929e844a87a358e143fc8be89d43ee37e14f292c33dbb8ab3199825e,raw/gemma4-12b/state_202/M12_Hex_Nut/Gear_Medium.json,0.8147176999482326,B,-13.27208423614502,1.72189653813946e-06,1.72189653813946e-06,1.72189653813946e-06,-2.3841887468734058e-06,0.9999976158140953,0.9999976158140953,0.9999976158140953,-18.205467224121094,1.2401266603342113e-08,1.2401266603342113e-08,1.2401266603342113e-08
gemma4:12b,state_202,M16_Hex_Nut,M16 hex nut,Gear_Medium,False,False,False,input_crops/state_202/Gear_Medium.png,108195e8929e844a87a358e143fc8be89d43ee37e14f292c33dbb8ab3199825e,raw/gemma4-12b/state_202/M16_Hex_Nut/Gear_Medium.json,0.9031599000445567,B,-13.528423309326172,1.3325404707452465e-06,1.3325404707452465e-06,1.3325404707452465e-06,-1.7881409348774469e-06,0.9999982118606638,0.9999982118606638,0.9999982118606638,-18.23107147216797,1.208777202014903e-08,1.208777202014903e-08,1.208777202014903e-08
gemma4:12b,state_202,RGOCG16-50_16mm,16 mm round pin,Gear_Medium,False,False,False,input_crops/state_202/Gear_Medium.png,108195e8929e844a87a358e143fc8be89d43ee37e14f292c33dbb8ab3199825e,raw/gemma4-12b/state_202/RGOCG16-50_16mm/Gear_Medium.json,1.0846247000154108,B,-9.330313682556152,8.869441084251173e-05,8.869441084251173e-05,8.869441084251173e-05,-0.00011242067557759583,0.9998875856433898,0.9998875856433898,0.9998875856433898,-13.153665542602539,1.9383653511025504e-06,1.9383653511025504e-06,1.9383653511025504e-06
gemma4:12b,state_202,RGOCG12-50_12mm,12 mm round pin,Gear_Medium,False,False,False,input_crops/state_202/Gear_Medium.png,108195e8929e844a87a358e143fc8be89d43ee37e14f292c33dbb8ab3199825e,raw/gemma4-12b/state_202/RGOCG12-50_12mm/Gear_Medium.json,0.89841400005389,B,-8.380269050598145,0.0002293482308749915,0.0002293482308749915,0.0002293482308749915,-0.00027869053883478045,0.9997213482917661,0.9997213482917661,0.9997213482917661,-12.075105667114258,5.699650691957822e-06,5.699650691957822e-06,5.699650691957822e-06
gemma4:12b,state_202,RGOCG8-50_8mm,8 mm round pin,Gear_Medium,False,False,False,input_crops/state_202/Gear_Medium.png,108195e8929e844a87a358e143fc8be89d43ee37e14f292c33dbb8ab3199825e,raw/gemma4-12b/state_202/RGOCG8-50_8mm/Gear_Medium.json,0.8186653999728151,B,-8.257782936096191,0.00025923309090758294,0.00025923309090758294,0.00025923309090758294,-0.00032632905640639365,0.9996737241831287,0.9996737241831287,0.9996737241831287,-12.74940013885498,2.9040619201742777e-06,2.9040619201742777e-06,2.9040619201742777e-06
gemma4:12b,state_202,USB_Male,USB connector + cable,Gear_Medium,False,False,False,input_crops/state_202/Gear_Medium.png,108195e8929e844a87a358e143fc8be89d43ee37e14f292c33dbb8ab3199825e,raw/gemma4-12b/state_202/USB_Male/Gear_Medium.json,1.0050980999949388,B,-13.08617115020752,2.073710278184932e-06,2.073710278184932e-06,2.073710278184932e-06,-2.7418175250204513e-06,0.9999972581862338,0.9999972581862338,0.9999972581862338,,,0.0,0.0001
gemma4:12b,state_202,DSUB_Male,DSUB connector,Gear_Medium,False,False,False,input_crops/state_202/Gear_Medium.png,108195e8929e844a87a358e143fc8be89d43ee37e14f292c33dbb8ab3199825e,raw/gemma4-12b/state_202/DSUB_Male/Gear_Medium.json,0.8803299000137486,B,-13.345160484313965,1.6005544070773878e-06,1.6005544070773878e-06,1.6005544070773878e-06,-2.861027041944908e-06,0.9999971389770508,0.9999971389770508,0.9999971389770508,-17.669824600219727,2.1188132489919072e-08,2.1188132489919072e-08,2.1188132489919072e-08
gemma4:12b,state_202,Gear_Large,Large gear,Gear_Small,False,True,False,input_crops/state_202/Gear_Small.png,1ba202f6a7dcb3dfb5dfcd5cb62a942310b21b59276bb4441319fd2102e2a13f,raw/gemma4-12b/state_202/Gear_Large/Gear_Small.json,1.2066097000497393,A,-0.00169683329295367,0.9983046055147378,0.9983046055147378,0.9983046055147378,-6.3806538581848145,0.0016940149488832359,0.0016940149488832359,0.0016940149488832359,-15.21218204498291,2.474191326778397e-07,2.474191326778397e-07,2.474191326778397e-07
gemma4:12b,state_202,Gear_Medium,Medium gear,Gear_Small,False,True,False,input_crops/state_202/Gear_Small.png,1ba202f6a7dcb3dfb5dfcd5cb62a942310b21b59276bb4441319fd2102e2a13f,raw/gemma4-12b/state_202/Gear_Medium/Gear_Small.json,1.1157951999921352,A,-0.000325732835335657,0.9996743202098447,0.9996743202098447,0.9996743202098447,-8.031834602355957,0.0003249515049340082,0.0003249515049340082,0.0003249515049340082,-16.707685470581055,5.545547055478767e-08,5.545547055478767e-08,5.545547055478767e-08
gemma4:12b,state_202,Gear_Small,Small gear,Gear_Small,True,True,False,input_crops/state_202/Gear_Small.png,1ba202f6a7dcb3dfb5dfcd5cb62a942310b21b59276bb4441319fd2102e2a13f,raw/gemma4-12b/state_202/Gear_Small/Gear_Small.json,1.1508036999730393,A,-0.0024944634642452,0.9975086451244511,0.9975086451244511,0.9975086451244511,-5.995458126068115,0.002490035961928828,0.002490035961928828,0.002490035961928828,-15.177083015441895,2.5625750594197697e-07,2.5625750594197697e-07,2.5625750594197697e-07
gemma4:12b,state_202,Waterproof_Male,Waterproof connector,Gear_Small,False,False,False,input_crops/state_202/Gear_Small.png,1ba202f6a7dcb3dfb5dfcd5cb62a942310b21b59276bb4441319fd2102e2a13f,raw/gemma4-12b/state_202/Waterproof_Male/Gear_Small.json,1.2679537999792956,B,-6.425090312957764,0.0016203869293845066,0.0016203869293845066,0.0016203869293845066,-0.0016720556886866689,0.9983293414176381,0.9983293414176381,0.9983293414176381,-10.025110244750977,4.427412024431893e-05,4.427412024431893e-05,4.427412024431893e-05
gemma4:12b,state_202,M12_Hex_Nut,M12 hex nut,Gear_Small,False,False,False,input_crops/state_202/Gear_Small.png,1ba202f6a7dcb3dfb5dfcd5cb62a942310b21b59276bb4441319fd2102e2a13f,raw/gemma4-12b/state_202/M12_Hex_Nut/Gear_Small.json,0.8292418000055477,B,-9.78781509399414,5.6131405233039455e-05,5.6131405233039455e-05,5.6131405233039455e-05,-6.139466859167442e-05,0.9999386072160225,0.9999386072160225,0.9999386072160225,-12.860250473022461,2.5993465459069584e-06,2.5993465459069584e-06,2.5993465459069584e-06
gemma4:12b,state_202,M16_Hex_Nut,M16 hex nut,Gear_Small,False,False,False,input_crops/state_202/Gear_Small.png,1ba202f6a7dcb3dfb5dfcd5cb62a942310b21b59276bb4441319fd2102e2a13f,raw/gemma4-12b/state_202/M16_Hex_Nut/Gear_Small.json,0.8032625000341795,B,-8.729321479797363,0.000161772184690342,0.000161772184690342,0.000161772184690342,-0.00017781645874492824,0.9998221993496645,0.9998221993496645,0.9998221993496645,-11.164224624633789,1.4172251503181544e-05,1.4172251503181544e-05,1.4172251503181544e-05
gemma4:12b,state_202,RGOCG16-50_16mm,16 mm round pin,Gear_Small,False,False,False,input_crops/state_202/Gear_Small.png,1ba202f6a7dcb3dfb5dfcd5cb62a942310b21b59276bb4441319fd2102e2a13f,raw/gemma4-12b/state_202/RGOCG16-50_16mm/Gear_Small.json,1.0146341000217944,B,-5.836853504180908,0.0029180097014925802,0.0029180097014925802,0.0029180097014925802,-0.003074898384511471,0.9969298242737212,0.9969298242737212,0.9969298242737212,-9.753467559814453,5.809287355945649e-05,5.809287355945649e-05,5.809287355945649e-05
gemma4:12b,state_202,RGOCG12-50_12mm,12 mm round pin,Gear_Small,False,False,False,input_crops/state_202/Gear_Small.png,1ba202f6a7dcb3dfb5dfcd5cb62a942310b21b59276bb4441319fd2102e2a13f,raw/gemma4-12b/state_202/RGOCG12-50_12mm/Gear_Small.json,0.8850818000501022,B,-5.30598783493042,0.0049617943729375665,0.0049617943729375665,0.0049617943729375665,-0.0051282187923789024,0.9948849080728805,0.9948849080728805,0.9948849080728805,-9.04511547088623,0.00011796583953386541,0.00011796583953386541,0.00011796583953386541
gemma4:12b,state_202,RGOCG8-50_8mm,8 mm round pin,Gear_Small,False,False,False,input_crops/state_202/Gear_Small.png,1ba202f6a7dcb3dfb5dfcd5cb62a942310b21b59276bb4441319fd2102e2a13f,raw/gemma4-12b/state_202/RGOCG8-50_8mm/Gear_Small.json,0.8210872000199743,B,-2.7555904388427734,0.06357147351825222,0.06357147351825222,0.06357147351825222,-0.06642922013998032,0.9357291442903327,0.9357291442903327,0.9357291442903327,-7.30997371673584,0.0006688346309980513,0.0006688346309980513,0.0006688346309980513
gemma4:12b,state_202,USB_Male,USB connector + cable,Gear_Small,False,False,False,input_crops/state_202/Gear_Small.png,1ba202f6a7dcb3dfb5dfcd5cb62a942310b21b59276bb4441319fd2102e2a13f,raw/gemma4-12b/state_202/USB_Male/Gear_Small.json,1.0011944000143558,B,-13.672215461730957,1.1540703132241157e-06,1.1540703132241157e-06,1.1540703132241157e-06,-1.6689314179529902e-06,0.9999983310699747,0.9999983310699747,0.9999983310699747,-19.4484920501709,3.57789195207463e-09,3.57789195207463e-09,3.57789195207463e-09
gemma4:12b,state_202,DSUB_Male,DSUB connector,Gear_Small,False,False,False,input_crops/state_202/Gear_Small.png,1ba202f6a7dcb3dfb5dfcd5cb62a942310b21b59276bb4441319fd2102e2a13f,raw/gemma4-12b/state_202/DSUB_Male/Gear_Small.json,0.8479940000106581,B,-11.69577693939209,8.328918522947012e-06,8.328918522947012e-06,8.328918522947012e-06,-9.417578439752106e-06,0.9999905824659056,0.9999905824659056,0.9999905824659056,-14.573699951171875,4.685139540568072e-07,4.685139540568072e-07,4.685139540568072e-07
gemma4:12b,state_202,Gear_Large,Large gear,Waterproof_Male,False,False,False,input_crops/state_202/Waterproof_Male.png,7cc62a5ff425def58574827d00781d4317eb510bf765d2165d2b375c4555a81c,raw/gemma4-12b/state_202/Gear_Large/Waterproof_Male.json,1.1769743000040762,A,-0.036679454147815704,0.9639850872510686,0.9639850872510686,0.9639850872510686,-3.3241055011749268,0.03600471052479389,0.03600471052479389,0.03600471052479389,-12.116630554199219,5.4678200232135225e-06,5.4678200232135225e-06,5.4678200232135225e-06
gemma4:12b,state_202,Gear_Medium,Medium gear,Waterproof_Male,False,False,False,input_crops/state_202/Waterproof_Male.png,7cc62a5ff425def58574827d00781d4317eb510bf765d2165d2b375c4555a81c,raw/gemma4-12b/state_202/Gear_Medium/Waterproof_Male.json,1.1418011999921873,A,-0.26938802003860474,0.7638468102697358,0.7638468102697358,0.7638468102697358,-1.4437196254730225,0.23604811314583637,0.23604811314583637,0.23604811314583637,-9.318746566772461,8.972630588134228e-05,8.972630588134228e-05,8.972630588134228e-05
gemma4:12b,state_202,Gear_Small,Small gear,Waterproof_Male,False,False,False,input_crops/state_202/Waterproof_Male.png,7cc62a5ff425def58574827d00781d4317eb510bf765d2165d2b375c4555a81c,raw/gemma4-12b/state_202/Gear_Small/Waterproof_Male.json,1.1569514000439085,B,-2.245924234390259,0.10582968372606191,0.10582968372606191,0.10582968372606191,-0.11224588006734848,0.8938244568615159,0.8938244568615159,0.8938244568615159,-8.066922187805176,0.00031374745227033074,0.00031374745227033074,0.00031374745227033074
gemma4:12b,state_202,Waterproof_Male,Waterproof connector,Waterproof_Male,True,True,False,input_crops/state_202/Waterproof_Male.png,7cc62a5ff425def58574827d00781d4317eb510bf765d2165d2b375c4555a81c,raw/gemma4-12b/state_202/Waterproof_Male/Waterproof_Male.json,1.2622880000271834,A,-1.585496102052275e-05,0.9999841451646687,0.9999841451646687,0.9999841451646687,-11.092076301574707,1.5232544985432653e-05,1.5232544985432653e-05,1.5232544985432653e-05,-17.41145133972168,2.743486081474597e-08,2.743486081474597e-08,2.743486081474597e-08
gemma4:12b,state_202,M12_Hex_Nut,M12 hex nut,Waterproof_Male,False,False,False,input_crops/state_202/Waterproof_Male.png,7cc62a5ff425def58574827d00781d4317eb510bf765d2165d2b375c4555a81c,raw/gemma4-12b/state_202/M12_Hex_Nut/Waterproof_Male.json,0.7852652000146918,B,-5.346660137176514,0.004764035683982724,0.004764035683982724,0.004764035683982724,-0.005284958519041538,0.9947289823045288,0.9947289823045288,0.9947289823045288,-7.722339153289795,0.00044282355928706757,0.00044282355928706757,0.00044282355928706757
gemma4:12b,state_202,M16_Hex_Nut,M16 hex nut,Waterproof_Male,False,False,False,input_crops/state_202/Waterproof_Male.png,7cc62a5ff425def58574827d00781d4317eb510bf765d2165d2b375c4555a81c,raw/gemma4-12b/state_202/M16_Hex_Nut/Waterproof_Male.json,0.821040999959223,B,-6.400080680847168,0.001661423222733241,0.001661423222733241,0.001661423222733241,-0.0018870743224397302,0.9981147050828435,0.9981147050828435,0.9981147050828435,-8.658994674682617,0.00017355870218417987,0.00017355870218417987,0.00017355870218417987
gemma4:12b,state_202,RGOCG16-50_16mm,16 mm round pin,Waterproof_Male,False,False,False,input_crops/state_202/Waterproof_Male.png,7cc62a5ff425def58574827d00781d4317eb510bf765d2165d2b375c4555a81c,raw/gemma4-12b/state_202/RGOCG16-50_16mm/Waterproof_Male.json,0.990201500011608,A,-0.007232171483337879,0.9927939177370524,0.9927939177370524,0.9927939177370524,-4.947189807891846,0.007103342664618203,0.007103342664618203,0.007103342664618203,-9.382611274719238,8.417511095938117e-05,8.417511095938117e-05,8.417511095938117e-05
gemma4:12b,state_202,RGOCG12-50_12mm,12 mm round pin,Waterproof_Male,False,False,False,input_crops/state_202/Waterproof_Male.png,7cc62a5ff425def58574827d00781d4317eb510bf765d2165d2b375c4555a81c,raw/gemma4-12b/state_202/RGOCG12-50_12mm/Waterproof_Male.json,0.9316955999820493,A,-0.004793132189661264,0.9952183365374075,0.9952183365374075,0.9952183365374075,-5.372774124145508,0.0046412380642402475,0.0046412380642402475,0.0046412380642402475,-9.026203155517578,0.00012021807707672423,0.00012021807707672423,0.00012021807707672423
gemma4:12b,state_202,RGOCG8-50_8mm,8 mm round pin,Waterproof_Male,False,False,False,input_crops/state_202/Waterproof_Male.png,7cc62a5ff425def58574827d00781d4317eb510bf765d2165d2b375c4555a81c,raw/gemma4-12b/state_202/RGOCG8-50_8mm/Waterproof_Male.json,0.8473675000132062,A,-0.002635431941598654,0.9973680377604369,0.9973680377604369,0.9973680377604369,-5.95247220993042,0.002599406290260231,0.002599406290260231,0.002599406290260231,-10.462164878845215,2.8598254346263783e-05,2.8598254346263783e-05,2.8598254346263783e-05
gemma4:12b,state_202,USB_Male,USB connector + cable,Waterproof_Male,False,False,False,input_crops/state_202/Waterproof_Male.png,7cc62a5ff425def58574827d00781d4317eb510bf765d2165d2b375c4555a81c,raw/gemma4-12b/state_202/USB_Male/Waterproof_Male.json,1.017717300041113,B,-9.721797943115234,5.9962095135817484e-05,5.9962095135817484e-05,5.9962095135817484e-05,-6.890534132253379e-05,0.999931097032596,0.999931097032596,0.999931097032596,-14.777885437011719,3.8198464059613346e-07,3.8198464059613346e-07,3.8198464059613346e-07
gemma4:12b,state_202,DSUB_Male,DSUB connector,Waterproof_Male,False,False,False,input_crops/state_202/Waterproof_Male.png,7cc62a5ff425def58574827d00781d4317eb510bf765d2165d2b375c4555a81c,raw/gemma4-12b/state_202/DSUB_Male/Waterproof_Male.json,0.8607924999669194,B,-1.0223718881607056,0.3597406628293335,0.3597406628293335,0.3597406628293335,-0.44632577896118164,0.6399752476257009,0.6399752476257009,0.6399752476257009,-8.302955627441406,0.00024778338837385213,0.00024778338837385213,0.00024778338837385213
gemma4:12b,state_202,Gear_Large,Large gear,M12_Hex_Nut,False,False,False,input_crops/state_202/M12_Hex_Nut.png,3718dec057ac940d14b25b665ed81c8e846d2ffe0ea118f40903b6a5da604056,raw/gemma4-12b/state_202/Gear_Large/M12_Hex_Nut.json,1.1924855000106618,A,-0.07188758254051208,0.9306355096105865,0.9306355096105865,0.9306355096105865,-2.6684679985046387,0.06935840113207012,0.06935840113207012,0.06935840113207012,-13.132046699523926,1.9807268205615365e-06,1.9807268205615365e-06,1.9807268205615365e-06
gemma4:12b,state_202,Gear_Medium,Medium gear,M12_Hex_Nut,False,False,False,input_crops/state_202/M12_Hex_Nut.png,3718dec057ac940d14b25b665ed81c8e846d2ffe0ea118f40903b6a5da604056,raw/gemma4-12b/state_202/Gear_Medium/M12_Hex_Nut.json,1.1658171000308357,A,-0.22992707788944244,0.7945915436831084,0.7945915436831084,0.7945915436831084,-1.5828609466552734,0.20538665658800934,0.20538665658800934,0.20538665658800934,-12.101783752441406,5.549605285629763e-06,5.549605285629763e-06,5.549605285629763e-06
gemma4:12b,state_202,Gear_Small,Small gear,M12_Hex_Nut,False,False,False,input_crops/state_202/M12_Hex_Nut.png,3718dec057ac940d14b25b665ed81c8e846d2ffe0ea118f40903b6a5da604056,raw/gemma4-12b/state_202/Gear_Small/M12_Hex_Nut.json,1.161498500034213,A,-0.1897011399269104,0.8272063159451505,0.8272063159451505,0.8272063159451505,-1.7557107210159302,0.17278439714029956,0.17278439714029956,0.17278439714029956,-12.657899856567383,3.1823206710104593e-06,3.1823206710104593e-06,3.1823206710104593e-06
gemma4:12b,state_202,Waterproof_Male,Waterproof connector,M12_Hex_Nut,False,False,False,input_crops/state_202/M12_Hex_Nut.png,3718dec057ac940d14b25b665ed81c8e846d2ffe0ea118f40903b6a5da604056,raw/gemma4-12b/state_202/Waterproof_Male/M12_Hex_Nut.json,1.2817642000154592,A,-0.016277529299259186,0.9838542337862416,0.9838542337862416,0.9838542337862416,-4.1264190673828125,0.016140573767144697,0.016140573767144697,0.016140573767144697,-12.974963188171387,2.317635233164375e-06,2.317635233164375e-06,2.317635233164375e-06
gemma4:12b,state_202,M12_Hex_Nut,M12 hex nut,M12_Hex_Nut,True,True,False,input_crops/state_202/M12_Hex_Nut.png,3718dec057ac940d14b25b665ed81c8e846d2ffe0ea118f40903b6a5da604056,raw/gemma4-12b/state_202/M12_Hex_Nut/M12_Hex_Nut.json,0.8363620000309311,A,-2.5511113562970422e-05,0.9999744892118427,0.9999744892118427,0.9999744892118427,-10.585474967956543,2.528055669016034e-05,2.528055669016034e-05,2.528055669016034e-05,-17.28689193725586,3.1074075914519277e-08,3.1074075914519277e-08,3.1074075914519277e-08
gemma4:12b,state_202,M16_Hex_Nut,M16 hex nut,M12_Hex_Nut,False,True,False,input_crops/state_202/M12_Hex_Nut.png,3718dec057ac940d14b25b665ed81c8e846d2ffe0ea118f40903b6a5da604056,raw/gemma4-12b/state_202/M16_Hex_Nut/M12_Hex_Nut.json,0.8492832000483759,A,-3.790927439695224e-05,0.9999620914441505,0.9999620914441505,0.9999620914441505,-10.201022148132324,3.7132344523220895e-05,3.7132344523220895e-05,3.7132344523220895e-05,-16.869384765625,4.717580104145201e-08,4.717580104145201e-08,4.717580104145201e-08
gemma4:12b,state_202,RGOCG16-50_16mm,16 mm round pin,M12_Hex_Nut,False,False,False,input_crops/state_202/M12_Hex_Nut.png,3718dec057ac940d14b25b665ed81c8e846d2ffe0ea118f40903b6a5da604056,raw/gemma4-12b/state_202/RGOCG16-50_16mm/M12_Hex_Nut.json,1.017859299958218,B,-9.775301933288574,5.683819941955615e-05,5.683819941955615e-05,5.683819941955615e-05,-7.736981933703646e-05,0.9999226331736303,0.9999226331736303,0.9999226331736303,-14.36977481842041,5.744947842744423e-07,5.744947842744423e-07,5.744947842744423e-07
gemma4:12b,state_202,RGOCG12-50_12mm,12 mm round pin,M12_Hex_Nut,False,False,False,input_crops/state_202/M12_Hex_Nut.png,3718dec057ac940d14b25b665ed81c8e846d2ffe0ea118f40903b6a5da604056,raw/gemma4-12b/state_202/RGOCG12-50_12mm/M12_Hex_Nut.json,0.878794000018388,B,-9.383758544921875,8.407859473845246e-05,8.407859473845246e-05,8.407859473845246e-05,-0.00010502889927010983,0.9998949766160716,0.9998949766160716,0.9998949766160716,-14.010696411132812,8.226817458376858e-07,8.226817458376858e-07,8.226817458376858e-07
gemma4:12b,state_202,RGOCG8-50_8mm,8 mm round pin,M12_Hex_Nut,False,False,False,input_crops/state_202/M12_Hex_Nut.png,3718dec057ac940d14b25b665ed81c8e846d2ffe0ea118f40903b6a5da604056,raw/gemma4-12b/state_202/RGOCG8-50_8mm/M12_Hex_Nut.json,0.8348820999963209,B,-10.349403381347656,3.201188296792145e-05,3.201188296792145e-05,3.201188296792145e-05,-4.005512528237887e-05,0.9999599456769135,0.9999599456769135,0.9999599456769135,-14.968352317810059,3.1573824102770694e-07,3.1573824102770694e-07,3.1573824102770694e-07
gemma4:12b,state_202,USB_Male,USB connector + cable,M12_Hex_Nut,False,False,False,input_crops/state_202/M12_Hex_Nut.png,3718dec057ac940d14b25b665ed81c8e846d2ffe0ea118f40903b6a5da604056,raw/gemma4-12b/state_202/USB_Male/M12_Hex_Nut.json,1.0134240999468602,B,-11.094832420349121,1.5190620083759628e-05,1.5190620083759628e-05,1.5190620083759628e-05,-1.8477610865375027e-05,0.9999815225598446,0.9999815225598446,0.9999815225598446,-16.721466064453125,5.469650276147723e-08,5.469650276147723e-08,5.469650276147723e-08
gemma4:12b,state_202,DSUB_Male,DSUB connector,M12_Hex_Nut,False,False,False,input_crops/state_202/M12_Hex_Nut.png,3718dec057ac940d14b25b665ed81c8e846d2ffe0ea118f40903b6a5da604056,raw/gemma4-12b/state_202/DSUB_Male/M12_Hex_Nut.json,0.8627567000221461,B,-9.918320655822754,4.9263818263437896e-05,4.9263818263437896e-05,4.9263818263437896e-05,-5.579150456469506e-05,0.9999442100517524,0.9999442100517524,0.9999442100517524,-14.185918807983398,6.904523958875114e-07,6.904523958875114e-07,6.904523958875114e-07
gemma4:12b,state_202,Gear_Large,Large gear,M16_Hex_Nut,False,False,False,input_crops/state_202/M16_Hex_Nut.png,0ba075552bcc00319db0033a5921c1693c2dd389f4f45ec5db2d02ec76429ef3,raw/gemma4-12b/state_202/Gear_Large/M16_Hex_Nut.json,1.2418501999927685,A,-7.880044722696766e-05,0.9999212026574468,0.9999212026574468,0.9999212026574468,-9.453620910644531,7.8405152614442e-05,7.8405152614442e-05,7.8405152614442e-05,-16.632217407226562,5.980255762673597e-08,5.980255762673597e-08,5.980255762673597e-08
gemma4:12b,state_202,Gear_Medium,Medium gear,M16_Hex_Nut,False,False,False,input_crops/state_202/M16_Hex_Nut.png,0ba075552bcc00319db0033a5921c1693c2dd389f4f45ec5db2d02ec76429ef3,raw/gemma4-12b/state_202/Gear_Medium/M16_Hex_Nut.json,1.1328625000314787,A,-0.0009684482356533408,0.9990320205589925,0.9990320205589925,0.9990320205589925,-6.94077730178833,0.0009675172519094782,0.0009675172519094782,0.0009675172519094782,-16.298749923706055,8.347238956142083e-08,8.347238956142083e-08,8.347238956142083e-08
gemma4:12b,state_202,Gear_Small,Small gear,M16_Hex_Nut,False,False,False,input_crops/state_202/M16_Hex_Nut.png,0ba075552bcc00319db0033a5921c1693c2dd389f4f45ec5db2d02ec76429ef3,raw/gemma4-12b/state_202/Gear_Small/M16_Hex_Nut.json,1.1761240999912843,A,-0.0007162870606407523,0.9992839694116963,0.9992839694116963,0.9992839694116963,-7.2438154220581055,0.0007145801274767531,0.0007145801274767531,0.0007145801274767531,-14.817992210388184,3.669676241389867e-07,3.669676241389867e-07,3.669676241389867e-07
gemma4:12b,state_202,Waterproof_Male,Waterproof connector,M16_Hex_Nut,False,False,False,input_crops/state_202/M16_Hex_Nut.png,0ba075552bcc00319db0033a5921c1693c2dd389f4f45ec5db2d02ec76429ef3,raw/gemma4-12b/state_202/Waterproof_Male/M16_Hex_Nut.json,1.273564199975226,A,-0.0003579303447622806,0.9996421337046616,0.9996421337046616,0.9996421337046616,-7.941684246063232,0.00035560704388747885,0.00035560704388747885,0.00035560704388747885,-15.20936107635498,2.4811807967934503e-07,2.4811807967934503e-07,2.4811807967934503e-07
gemma4:12b,state_202,M12_Hex_Nut,M12 hex nut,M16_Hex_Nut,False,True,False,input_crops/state_202/M16_Hex_Nut.png,0ba075552bcc00319db0033a5921c1693c2dd389f4f45ec5db2d02ec76429ef3,raw/gemma4-12b/state_202/M12_Hex_Nut/M16_Hex_Nut.json,0.8163802000344731,A,-2.8729851692332886e-05,0.9999712705610059,0.9999712705610059,0.9999712705610059,-10.475857734680176,2.8209331382125886e-05,2.8209331382125886e-05,2.8209331382125886e-05,-17.162521362304688,3.5189385000590705e-08,3.5189385000590705e-08,3.5189385000590705e-08
gemma4:12b,state_202,M16_Hex_Nut,M16 hex nut,M16_Hex_Nut,True,True,False,input_crops/state_202/M16_Hex_Nut.png,0ba075552bcc00319db0033a5921c1693c2dd389f4f45ec5db2d02ec76429ef3,raw/gemma4-12b/state_202/M16_Hex_Nut/M16_Hex_Nut.json,0.8201657999888994,A,-3.7313202483346686e-05,0.9999626874936456,0.9999626874936456,0.9999626874936456,-10.211971282958984,3.672799515404809e-05,3.672799515404809e-05,3.672799515404809e-05,-16.884258270263672,4.6479323913301744e-08,4.6479323913301744e-08,4.6479323913301744e-08
gemma4:12b,state_202,RGOCG16-50_16mm,16 mm round pin,M16_Hex_Nut,False,False,False,input_crops/state_202/M16_Hex_Nut.png,0ba075552bcc00319db0033a5921c1693c2dd389f4f45ec5db2d02ec76429ef3,raw/gemma4-12b/state_202/RGOCG16-50_16mm/M16_Hex_Nut.json,0.9930362000013702,B,-8.328304290771484,0.0002415813494734316,0.0002415813494734316,0.0002415813494734316,-0.00032883326639421284,0.9996712207933386,0.9996712207933386,0.9996712207933386,-13.728384971618652,1.0910336900488677e-06,1.0910336900488677e-06,1.0910336900488677e-06
gemma4:12b,state_202,RGOCG12-50_12mm,12 mm round pin,M16_Hex_Nut,False,False,False,input_crops/state_202/M16_Hex_Nut.png,0ba075552bcc00319db0033a5921c1693c2dd389f4f45ec5db2d02ec76429ef3,raw/gemma4-12b/state_202/RGOCG12-50_12mm/M16_Hex_Nut.json,0.8697191000101157,B,-8.647435188293457,0.00017557659205560613,0.00017557659205560613,0.00017557659205560613,-0.0002128708438249305,0.9997871518115655,0.9997871518115655,0.9997871518115655,-13.544706344604492,1.3110183653746815e-06,1.3110183653746815e-06,1.3110183653746815e-06
gemma4:12b,state_202,RGOCG8-50_8mm,8 mm round pin,M16_Hex_Nut,False,False,False,input_crops/state_202/M16_Hex_Nut.png,0ba075552bcc00319db0033a5921c1693c2dd389f4f45ec5db2d02ec76429ef3,raw/gemma4-12b/state_202/RGOCG8-50_8mm/M16_Hex_Nut.json,0.8273741999873891,B,-8.446518898010254,0.00021464632206460294,0.00021464632206460294,0.00021464632206460294,-0.00023779120238032192,0.9997622370677068,0.9997622370677068,0.9997622370677068,-13.121378898620605,2.0019699270840523e-06,2.0019699270840523e-06,2.0019699270840523e-06
gemma4:12b,state_202,USB_Male,USB connector + cable,M16_Hex_Nut,False,False,False,input_crops/state_202/M16_Hex_Nut.png,0ba075552bcc00319db0033a5921c1693c2dd389f4f45ec5db2d02ec76429ef3,raw/gemma4-12b/state_202/USB_Male/M16_Hex_Nut.json,0.990856199990958,B,-9.304441452026367,9.101907554635807e-05,9.101907554635807e-05,9.101907554635807e-05,-0.00012040862930007279,0.999879598619528,0.999879598619528,0.999879598619528,-15.453682899475098,1.9433489573859625e-07,1.9433489573859625e-07,1.9433489573859625e-07
gemma4:12b,state_202,DSUB_Male,DSUB connector,M16_Hex_Nut,False,False,False,input_crops/state_202/M16_Hex_Nut.png,0ba075552bcc00319db0033a5921c1693c2dd389f4f45ec5db2d02ec76429ef3,raw/gemma4-12b/state_202/DSUB_Male/M16_Hex_Nut.json,0.9048200999968685,B,-4.6647210121154785,0.009421876446249868,0.009421876446249868,0.009421876446249868,-0.009520106017589569,0.9905250667282738,0.9905250667282738,0.9905250667282738,-10.409270286560059,3.0151668795347295e-05,3.0151668795347295e-05,3.0151668795347295e-05
gemma4:12b,state_202,Gear_Large,Large gear,RGOCG16-50_16mm,False,False,False,input_crops/state_202/RGOCG16-50_16mm.png,c85b3a16f2ee10630cb2f8f1de795a4f7653eeb4dbefbe4387be155ffc8f6a9d,raw/gemma4-12b/state_202/Gear_Large/RGOCG16-50_16mm.json,1.176068499975372,B,-11.008915901184082,1.6553451944487895e-05,1.6553451944487895e-05,1.6553451944487895e-05,-1.8835246009984985e-05,0.9999811649313721,0.9999811649313721,0.9999811649313721,-14.718541145324707,4.0533938004532196e-07,4.0533938004532196e-07,4.0533938004532196e-07
gemma4:12b,state_202,Gear_Medium,Medium gear,RGOCG16-50_16mm,False,False,False,input_crops/state_202/RGOCG16-50_16mm.png,c85b3a16f2ee10630cb2f8f1de795a4f7653eeb4dbefbe4387be155ffc8f6a9d,raw/gemma4-12b/state_202/Gear_Medium/RGOCG16-50_16mm.json,1.123836199985817,B,-11.578744888305664,9.362999229442529e-06,9.362999229442529e-06,9.362999229442529e-06,-1.1920999895664863e-05,0.9999880790711592,0.9999880790711592,0.9999880790711592,-14.169563293457031,7.01837954609088e-07,7.01837954609088e-07,7.01837954609088e-07
gemma4:12b,state_202,Gear_Small,Small gear,RGOCG16-50_16mm,False,False,False,input_crops/state_202/RGOCG16-50_16mm.png,c85b3a16f2ee10630cb2f8f1de795a4f7653eeb4dbefbe4387be155ffc8f6a9d,raw/gemma4-12b/state_202/Gear_Small/RGOCG16-50_16mm.json,1.180202899966389,B,-11.431363105773926,1.0849808740097846e-05,1.0849808740097846e-05,1.0849808740097846e-05,-1.2993897144042421e-05,0.9999870061872763,0.9999870061872763,0.9999870061872763,-15.166559219360352,2.5896854788448495e-07,2.5896854788448495e-07,2.5896854788448495e-07
gemma4:12b,state_202,Waterproof_Male,Waterproof connector,RGOCG16-50_16mm,False,False,False,input_crops/state_202/RGOCG16-50_16mm.png,c85b3a16f2ee10630cb2f8f1de795a4f7653eeb4dbefbe4387be155ffc8f6a9d,raw/gemma4-12b/state_202/Waterproof_Male/RGOCG16-50_16mm.json,1.267960800032597,B,-7.5382981300354,0.0005323027614465741,0.0005323027614465741,0.0005323027614465741,-0.0005928843165747821,0.9994072914046025,0.9994072914046025,0.9994072914046025,-10.007392883300781,4.5065530988481194e-05,4.5065530988481194e-05,4.5065530988481194e-05
gemma4:12b,state_202,M12_Hex_Nut,M12 hex nut,RGOCG16-50_16mm,False,False,False,input_crops/state_202/RGOCG16-50_16mm.png,c85b3a16f2ee10630cb2f8f1de795a4f7653eeb4dbefbe4387be155ffc8f6a9d,raw/gemma4-12b/state_202/M12_Hex_Nut/RGOCG16-50_16mm.json,0.8232457999838516,B,-9.874848365783691,5.14526615722228e-05,5.14526615722228e-05,5.14526615722228e-05,-5.722209607483819e-05,0.999942779541078,0.999942779541078,0.999942779541078,-13.184305191040039,1.8798751535004378e-06,1.8798751535004378e-06,1.8798751535004378e-06
gemma4:12b,state_202,M16_Hex_Nut,M16 hex nut,RGOCG16-50_16mm,False,False,False,input_crops/state_202/RGOCG16-50_16mm.png,c85b3a16f2ee10630cb2f8f1de795a4f7653eeb4dbefbe4387be155ffc8f6a9d,raw/gemma4-12b/state_202/M16_Hex_Nut/RGOCG16-50_16mm.json,0.8200229999492876,B,-10.85252571105957,1.9355659298176146e-05,1.9355659298176146e-05,1.9355659298176146e-05,-2.217317342001479e-05,0.999977827072403,0.999977827072403,0.999977827072403,-14.379717826843262,5.688108821662069e-07,5.688108821662069e-07,5.688108821662069e-07
gemma4:12b,state_202,RGOCG16-50_16mm,16 mm round pin,RGOCG16-50_16mm,True,True,False,input_crops/state_202/RGOCG16-50_16mm.png,c85b3a16f2ee10630cb2f8f1de795a4f7653eeb4dbefbe4387be155ffc8f6a9d,raw/gemma4-12b/state_202/RGOCG16-50_16mm/RGOCG16-50_16mm.json,0.9931619000271894,A,-4.887592695013154e-06,0.9999951124192492,0.9999951124192492,0.9999951124192492,-13.651272773742676,1.1784945091780585e-06,1.1784945091780585e-06,1.1784945091780585e-06,-17.244857788085938,3.2408088893972327e-08,3.2408088893972327e-08,3.2408088893972327e-08
gemma4:12b,state_202,RGOCG12-50_12mm,12 mm round pin,RGOCG16-50_16mm,False,True,False,input_crops/state_202/RGOCG16-50_16mm.png,c85b3a16f2ee10630cb2f8f1de795a4f7653eeb4dbefbe4387be155ffc8f6a9d,raw/gemma4-12b/state_202/RGOCG12-50_12mm/RGOCG16-50_16mm.json,0.9217701999587007,A,-2.5033982637978625e-06,0.9999974966048697,0.9999974966048697,0.9999974966048697,-13.523348808288574,1.3393196346365178e-06,1.3393196346365178e-06,1.3393196346365178e-06,-17.646495819091797,2.168823652320584e-08,2.168823652320584e-08,2.168823652320584e-08
gemma4:12b,state_202,RGOCG8-50_8mm,8 mm round pin,RGOCG16-50_16mm,False,True,False,input_crops/state_202/RGOCG16-50_16mm.png,c85b3a16f2ee10630cb2f8f1de795a4f7653eeb4dbefbe4387be155ffc8f6a9d,raw/gemma4-12b/state_202/RGOCG8-50_8mm/RGOCG16-50_16mm.json,0.8339231999707408,A,-3.4570753086882178e-06,0.999996542930667,0.999996542930667,0.999996542930667,-13.41354751586914,1.4947560886018752e-06,1.4947560886018752e-06,1.4947560886018752e-06,-17.3499698638916,2.9174527219518633e-08,2.9174527219518633e-08,2.9174527219518633e-08
gemma4:12b,state_202,USB_Male,USB connector + cable,RGOCG16-50_16mm,False,False,False,input_crops/state_202/RGOCG16-50_16mm.png,c85b3a16f2ee10630cb2f8f1de795a4f7653eeb4dbefbe4387be155ffc8f6a9d,raw/gemma4-12b/state_202/USB_Male/RGOCG16-50_16mm.json,0.9850281000253744,B,-10.700739860534668,2.252826397234967e-05,2.252826397234967e-05,2.252826397234967e-05,-2.5511113562970422e-05,0.9999744892118427,0.9999744892118427,0.9999744892118427,-16.36677360534668,7.79831074124827e-08,7.79831074124827e-08,7.79831074124827e-08
gemma4:12b,state_202,DSUB_Male,DSUB connector,RGOCG16-50_16mm,False,False,False,input_crops/state_202/RGOCG16-50_16mm.png,c85b3a16f2ee10630cb2f8f1de795a4f7653eeb4dbefbe4387be155ffc8f6a9d,raw/gemma4-12b/state_202/DSUB_Male/RGOCG16-50_16mm.json,0.855859299947042,B,-12.399187088012695,4.1219381188707065e-06,4.1219381188707065e-06,4.1219381188707065e-06,-6.198902156029362e-06,0.9999938011170572,0.9999938011170572,0.9999938011170572,-16.268922805786133,8.599963320276449e-08,8.599963320276449e-08,8.599963320276449e-08
gemma4:12b,state_202,Gear_Large,Large gear,RGOCG12-50_12mm,False,False,False,input_crops/state_202/RGOCG12-50_12mm.png,bbb4a034468a62ce3f34a1a319fc879384d925839ada0d367263cbcbbff41d70,raw/gemma4-12b/state_202/Gear_Large/RGOCG12-50_12mm.json,1.1910377999884076,B,-12.019880294799805,6.02326977080803e-06,6.02326977080803e-06,6.02326977080803e-06,-9.655998837843072e-06,0.9999903440477812,0.9999903440477812,0.9999903440477812,-14.972491264343262,3.1443411803899766e-07,3.1443411803899766e-07,3.1443411803899766e-07
gemma4:12b,state_202,Gear_Medium,Medium gear,RGOCG12-50_12mm,False,False,False,input_crops/state_202/RGOCG12-50_12mm.png,bbb4a034468a62ce3f34a1a319fc879384d925839ada0d367263cbcbbff41d70,raw/gemma4-12b/state_202/Gear_Medium/RGOCG12-50_12mm.json,1.1085689999745227,B,-11.941085815429688,6.517069049182159e-06,6.517069049182159e-06,6.517069049182159e-06,-8.225474630307872e-06,0.9999917745591989,0.9999917745591989,0.9999917745591989,-14.47819995880127,5.154631815666292e-07,5.154631815666292e-07,5.154631815666292e-07
gemma4:12b,state_202,Gear_Small,Small gear,RGOCG12-50_12mm,False,False,False,input_crops/state_202/RGOCG12-50_12mm.png,bbb4a034468a62ce3f34a1a319fc879384d925839ada0d367263cbcbbff41d70,raw/gemma4-12b/state_202/Gear_Small/RGOCG12-50_12mm.json,1.161103499995079,B,-11.53657341003418,9.766294764698567e-06,9.766294764698567e-06,9.766294764698567e-06,-1.2517053619376384e-05,0.9999874830247186,0.9999874830247186,0.9999874830247186,-14.630961418151855,4.424398038931601e-07,4.424398038931601e-07,4.424398038931601e-07
gemma4:12b,state_202,Waterproof_Male,Waterproof connector,RGOCG12-50_12mm,False,False,False,input_crops/state_202/RGOCG12-50_12mm.png,bbb4a034468a62ce3f34a1a319fc879384d925839ada0d367263cbcbbff41d70,raw/gemma4-12b/state_202/Waterproof_Male/RGOCG12-50_12mm.json,1.2687470000237226,B,-8.36186695098877,0.0002336077920965626,0.0002336077920965626,0.0002336077920965626,-0.0002637853322084993,0.9997362494560833,0.9997362494560833,0.9997362494560833,-10.823426246643066,1.9927173669957234e-05,1.9927173669957234e-05,1.9927173669957234e-05
gemma4:12b,state_202,M12_Hex_Nut,M12 hex nut,RGOCG12-50_12mm,False,False,False,input_crops/state_202/RGOCG12-50_12mm.png,bbb4a034468a62ce3f34a1a319fc879384d925839ada0d367263cbcbbff41d70,raw/gemma4-12b/state_202/M12_Hex_Nut/RGOCG12-50_12mm.json,0.8145530999754556,B,-12.22231674194336,4.9194356371130716e-06,4.9194356371130716e-06,4.9194356371130716e-06,-5.722062269342132e-06,0.9999942779541017,0.9999942779541017,0.9999942779541017,-16.909666061401367,4.53132632016997e-08,4.53132632016997e-08,4.53132632016997e-08
gemma4:12b,state_202,M16_Hex_Nut,M16 hex nut,RGOCG12-50_12mm,False,False,False,input_crops/state_202/RGOCG12-50_12mm.png,bbb4a034468a62ce3f34a1a319fc879384d925839ada0d367263cbcbbff41d70,raw/gemma4-12b/state_202/M16_Hex_Nut/RGOCG12-50_12mm.json,0.806378900015261,B,-13.677387237548828,1.1481171278254821e-06,1.1481171278254821e-06,1.1481171278254821e-06,-1.5497220147153712e-06,0.9999984502791861,0.9999984502791861,0.9999984502791861,-17.083784103393555,3.807210011936629e-08,3.807210011936629e-08,3.807210011936629e-08
gemma4:12b,state_202,RGOCG16-50_16mm,16 mm round pin,RGOCG12-50_12mm,False,True,False,input_crops/state_202/RGOCG12-50_12mm.png,bbb4a034468a62ce3f34a1a319fc879384d925839ada0d367263cbcbbff41d70,raw/gemma4-12b/state_202/RGOCG16-50_16mm/RGOCG12-50_12mm.json,1.0658890000195242,A,-3.218656047465629e-06,0.9999967813491324,0.9999967813491324,0.9999967813491324,-13.392447471618652,1.5266306024744365e-06,1.5266306024744365e-06,1.5266306024744365e-06,-16.772977828979492,5.1950326788434225e-08,5.1950326788434225e-08,5.1950326788434225e-08
gemma4:12b,state_202,RGOCG12-50_12mm,12 mm round pin,RGOCG12-50_12mm,True,True,False,input_crops/state_202/RGOCG12-50_12mm.png,bbb4a034468a62ce3f34a1a319fc879384d925839ada0d367263cbcbbff41d70,raw/gemma4-12b/state_202/RGOCG12-50_12mm/RGOCG12-50_12mm.json,0.9530845999834128,A,-3.099446303167497e-06,0.9999969005585001,0.9999969005585001,0.9999969005585001,-13.91405963897705,9.061512167033737e-07,9.061512167033737e-07,9.061512167033737e-07,-17.529542922973633,2.437901969795028e-08,2.437901969795028e-08,2.437901969795028e-08
gemma4:12b,state_202,RGOCG8-50_8mm,8 mm round pin,RGOCG12-50_12mm,False,True,False,input_crops/state_202/RGOCG12-50_12mm.png,bbb4a034468a62ce3f34a1a319fc879384d925839ada0d367263cbcbbff41d70,raw/gemma4-12b/state_202/RGOCG8-50_8mm/RGOCG12-50_12mm.json,0.8562146000331268,A,-2.98023678624304e-06,0.9999970197676546,0.9999970197676546,0.9999970197676546,-14.241299629211426,6.532541176660852e-07,6.532541176660852e-07,6.532541176660852e-07,-17.1820125579834,3.451014293564651e-08,3.451014293564651e-08,3.451014293564651e-08
gemma4:12b,state_202,USB_Male,USB connector + cable,RGOCG12-50_12mm,False,False,False,input_crops/state_202/RGOCG12-50_12mm.png,bbb4a034468a62ce3f34a1a319fc879384d925839ada0d367263cbcbbff41d70,raw/gemma4-12b/state_202/USB_Male/RGOCG12-50_12mm.json,0.9978460000129417,B,-10.224872589111328,3.625719951361274e-05,3.625719951361274e-05,3.625719951361274e-05,-3.814770025201142e-05,0.9999618530273623,0.9999618530273623,0.9999618530273623,-14.381426811218262,5.678396234256511e-07,5.678396234256511e-07,5.678396234256511e-07
gemma4:12b,state_202,DSUB_Male,DSUB connector,RGOCG12-50_12mm,False,False,False,input_crops/state_202/RGOCG12-50_12mm.png,bbb4a034468a62ce3f34a1a319fc879384d925839ada0d367263cbcbbff41d70,raw/gemma4-12b/state_202/DSUB_Male/RGOCG12-50_12mm.json,0.8646835000254214,B,-12.728804588317871,2.9644928421674146e-06,2.9644928421674146e-06,2.9644928421674146e-06,-4.0531240301788785e-06,0.9999959468841837,0.9999959468841837,0.9999959468841837,-16.267410278320312,8.61298084320217e-08,8.61298084320217e-08,8.61298084320217e-08
gemma4:12b,state_202,Gear_Large,Large gear,RGOCG8-50_8mm,False,False,False,input_crops/state_202/RGOCG8-50_8mm.png,ed49e017a0769fe65094309e267d7d685bb07b4725667e6832021ce33158fc67,raw/gemma4-12b/state_202/Gear_Large/RGOCG8-50_8mm.json,1.177820699987933,B,-10.734179496765137,2.178738344487771e-05,2.178738344487771e-05,2.178738344487771e-05,-2.789536301861517e-05,0.9999721050260534,0.9999721050260534,0.9999721050260534,-13.089720726013184,2.066362534754499e-06,2.066362534754499e-06,2.066362534754499e-06
gemma4:12b,state_202,Gear_Medium,Medium gear,RGOCG8-50_8mm,False,False,False,input_crops/state_202/RGOCG8-50_8mm.png,ed49e017a0769fe65094309e267d7d685bb07b4725667e6832021ce33158fc67,raw/gemma4-12b/state_202/Gear_Medium/RGOCG8-50_8mm.json,1.156719200022053,B,-10.146403312683105,3.921687917357091e-05,3.921687917357091e-05,3.921687917357091e-05,-4.911543510388583e-05,0.9999508857710393,0.9999508857710393,0.9999508857710393,-12.744586944580078,2.9180734273853842e-06,2.9180734273853842e-06,2.9180734273853842e-06
gemma4:12b,state_202,Gear_Small,Small gear,RGOCG8-50_8mm,False,False,False,input_crops/state_202/RGOCG8-50_8mm.png,ed49e017a0769fe65094309e267d7d685bb07b4725667e6832021ce33158fc67,raw/gemma4-12b/state_202/Gear_Small/RGOCG8-50_8mm.json,1.1685519000166096,B,-10.308370590209961,3.3352741329006654e-05,3.3352741329006654e-05,3.3352741329006654e-05,-3.767084490391426e-05,0.9999623298646334,0.9999623298646334,0.9999623298646334,-13.0989990234375,2.047278877399084e-06,2.047278877399084e-06,2.047278877399084e-06
gemma4:12b,state_202,Waterproof_Male,Waterproof connector,RGOCG8-50_8mm,False,False,False,input_crops/state_202/RGOCG8-50_8mm.png,ed49e017a0769fe65094309e267d7d685bb07b4725667e6832021ce33158fc67,raw/gemma4-12b/state_202/Waterproof_Male/RGOCG8-50_8mm.json,1.2689351000008173,B,-8.0198392868042,0.00032887287277747905,0.00032887287277747905,0.00032887287277747905,-0.00037617605994455516,0.9996238946853983,0.9996238946853983,0.9996238946853983,-10.623255729675293,2.434325546704788e-05,2.434325546704788e-05,2.434325546704788e-05
gemma4:12b,state_202,M12_Hex_Nut,M12 hex nut,RGOCG8-50_8mm,False,False,False,input_crops/state_202/RGOCG8-50_8mm.png,ed49e017a0769fe65094309e267d7d685bb07b4725667e6832021ce33158fc67,raw/gemma4-12b/state_202/M12_Hex_Nut/RGOCG8-50_8mm.json,0.7918380000046454,B,-11.490169525146484,1.0230168314083645e-05,1.0230168314083645e-05,1.0230168314083645e-05,-1.23978434203309e-05,0.9999876022334326,0.9999876022334326,0.9999876022334326,-14.386234283447266,5.651163015976017e-07,5.651163015976017e-07,5.651163015976017e-07
gemma4:12b,state_202,M16_Hex_Nut,M16 hex nut,RGOCG8-50_8mm,False,False,False,input_crops/state_202/RGOCG8-50_8mm.png,ed49e017a0769fe65094309e267d7d685bb07b4725667e6832021ce33158fc67,raw/gemma4-12b/state_202/M16_Hex_Nut/RGOCG8-50_8mm.json,0.8131405999884009,B,-13.053101539611816,2.1434335767433734e-06,2.1434335767433734e-06,2.1434335767433734e-06,-3.099446303167497e-06,0.9999969005585001,0.9999969005585001,0.9999969005585001,-15.773032188415527,1.4120795309818093e-07,1.4120795309818093e-07,1.4120795309818093e-07
gemma4:12b,state_202,RGOCG16-50_16mm,16 mm round pin,RGOCG8-50_8mm,False,True,False,input_crops/state_202/RGOCG8-50_8mm.png,ed49e017a0769fe65094309e267d7d685bb07b4725667e6832021ce33158fc67,raw/gemma4-12b/state_202/RGOCG16-50_16mm/RGOCG8-50_8mm.json,1.016245800012257,A,-2.3841887468734058e-06,0.9999976158140953,0.9999976158140953,0.9999976158140953,-13.705191612243652,1.1166341593559643e-06,1.1166341593559643e-06,1.1166341593559643e-06,-18.167966842651367,1.2875148678078465e-08,1.2875148678078465e-08,1.2875148678078465e-08
gemma4:12b,state_202,RGOCG12-50_12mm,12 mm round pin,RGOCG8-50_8mm,False,True,False,input_crops/state_202/RGOCG8-50_8mm.png,ed49e017a0769fe65094309e267d7d685bb07b4725667e6832021ce33158fc67,raw/gemma4-12b/state_202/RGOCG12-50_12mm/RGOCG8-50_8mm.json,0.8747132000280544,A,-3.814704541582614e-06,0.9999961853027344,0.9999961853027344,0.9999961853027344,-12.991279602050781,2.2801265730326757e-06,2.2801265730326757e-06,2.2801265730326757e-06,-17.392457962036133,2.796092150813418e-08,2.796092150813418e-08,2.796092150813418e-08
gemma4:12b,state_202,RGOCG8-50_8mm,8 mm round pin,RGOCG8-50_8mm,True,True,False,input_crops/state_202/RGOCG8-50_8mm.png,ed49e017a0769fe65094309e267d7d685bb07b4725667e6832021ce33158fc67,raw/gemma4-12b/state_202/RGOCG8-50_8mm/RGOCG8-50_8mm.json,0.8261806000373326,A,-3.4570753086882178e-06,0.999996542930667,0.999996542930667,0.999996542930667,-12.920347213745117,2.447735580266725e-06,2.447735580266725e-06,2.447735580266725e-06,-17.490324020385742,2.5354134580508154e-08,2.5354134580508154e-08,2.5354134580508154e-08
gemma4:12b,state_202,USB_Male,USB connector + cable,RGOCG8-50_8mm,False,False,False,input_crops/state_202/RGOCG8-50_8mm.png,ed49e017a0769fe65094309e267d7d685bb07b4725667e6832021ce33158fc67,raw/gemma4-12b/state_202/USB_Male/RGOCG8-50_8mm.json,1.0196686999988742,B,-11.273188591003418,1.2709146955790896e-05,1.2709146955790896e-05,1.2709146955790896e-05,-2.062341991404537e-05,0.9999793767927472,0.9999793767927472,0.9999793767927472,-16.041765213012695,1.0793191632457323e-07,1.0793191632457323e-07,1.0793191632457323e-07
gemma4:12b,state_202,DSUB_Male,DSUB connector,RGOCG8-50_8mm,False,False,False,input_crops/state_202/RGOCG8-50_8mm.png,ed49e017a0769fe65094309e267d7d685bb07b4725667e6832021ce33158fc67,raw/gemma4-12b/state_202/DSUB_Male/RGOCG8-50_8mm.json,0.8793631999869831,B,-12.474626541137695,3.82242109679038e-06,3.82242109679038e-06,3.82242109679038e-06,-5.960482212685747e-06,0.999994039535551,0.999994039535551,0.999994039535551,-15.678206443786621,1.5525351992165014e-07,1.5525351992165014e-07,1.5525351992165014e-07
gemma4:12b,state_202,Gear_Large,Large gear,USB_Male,False,False,False,input_crops/state_202/USB_Male.png,a0c930dd9c5206a04601a466c9f68dc4c1e3f4ee1c0f97f37b0b950adec45985,raw/gemma4-12b/state_202/Gear_Large/USB_Male.json,1.2809680000063963,B,-11.543926239013672,9.694748226601055e-06,9.694748226601055e-06,9.694748226601055e-06,-1.23978434203309e-05,0.9999876022334326,0.9999876022334326,0.9999876022334326,-13.587626457214355,1.255939754521031e-06,1.255939754521031e-06,1.255939754521031e-06
gemma4:12b,state_202,Gear_Medium,Medium gear,USB_Male,False,False,False,input_crops/state_202/USB_Male.png,a0c930dd9c5206a04601a466c9f68dc4c1e3f4ee1c0f97f37b0b950adec45985,raw/gemma4-12b/state_202/Gear_Medium/USB_Male.json,1.2567150999675505,B,-9.647392272949219,6.459379057347959e-05,6.459379057347959e-05,6.459379057347959e-05,-0.00010276368993800133,0.9998972415900691,0.9998972415900691,0.9998972415900691,-10.585454940795898,2.5281062993000245e-05,2.5281062993000245e-05,2.5281062993000245e-05
gemma4:12b,state_202,Gear_Small,Small gear,USB_Male,False,False,False,input_crops/state_202/USB_Male.png,a0c930dd9c5206a04601a466c9f68dc4c1e3f4ee1c0f97f37b0b950adec45985,raw/gemma4-12b/state_202/Gear_Small/USB_Male.json,1.2304068999947049,B,-10.294285774230957,3.3825832432549346e-05,3.3825832432549346e-05,3.3825832432549346e-05,-4.3631553126033396e-05,0.9999563693987163,0.9999563693987163,0.9999563693987163,-12.002284049987793,6.130194679805161e-06,6.130194679805161e-06,6.130194679805161e-06
gemma4:12b,state_202,Waterproof_Male,Waterproof connector,USB_Male,False,False,False,input_crops/state_202/USB_Male.png,a0c930dd9c5206a04601a466c9f68dc4c1e3f4ee1c0f97f37b0b950adec45985,raw/gemma4-12b/state_202/Waterproof_Male/USB_Male.json,1.3855859000468627,A,-7.546232518507168e-05,0.9999245405220246,0.9999245405220246,0.9999245405220246,-9.494612693786621,7.525616778404128e-05,7.525616778404128e-05,7.525616778404128e-05,-17.466909408569336,2.59547964901834e-08,2.59547964901834e-08,2.59547964901834e-08
gemma4:12b,state_202,M12_Hex_Nut,M12 hex nut,USB_Male,False,False,False,input_crops/state_202/USB_Male.png,a0c930dd9c5206a04601a466c9f68dc4c1e3f4ee1c0f97f37b0b950adec45985,raw/gemma4-12b/state_202/M12_Hex_Nut/USB_Male.json,0.8792029999895021,B,-10.035226821899414,4.38284756907311e-05,4.38284756907311e-05,4.38284756907311e-05,-5.841425809194334e-05,0.9999415874479876,0.9999415874479876,0.9999415874479876,-11.656360626220703,8.663769731656897e-06,8.663769731656897e-06,8.663769731656897e-06
gemma4:12b,state_202,M16_Hex_Nut,M16 hex nut,USB_Male,False,False,False,input_crops/state_202/USB_Male.png,a0c930dd9c5206a04601a466c9f68dc4c1e3f4ee1c0f97f37b0b950adec45985,raw/gemma4-12b/state_202/M16_Hex_Nut/USB_Male.json,0.9310905000311323,B,-11.111580848693848,1.4938319786201342e-05,1.4938319786201342e-05,1.4938319786201342e-05,-2.6107174562639557e-05,0.9999738931662266,0.9999738931662266,0.9999738931662266,-11.623600006103516,8.952300620826879e-06,8.952300620826879e-06,8.952300620826879e-06
gemma4:12b,state_202,RGOCG16-50_16mm,16 mm round pin,USB_Male,False,False,False,input_crops/state_202/USB_Male.png,a0c930dd9c5206a04601a466c9f68dc4c1e3f4ee1c0f97f37b0b950adec45985,raw/gemma4-12b/state_202/RGOCG16-50_16mm/USB_Male.json,1.0523797000059858,B,-3.365264654159546,0.03455287034696274,0.03455287034696274,0.03455287034696274,-0.03615748882293701,0.9644883853809728,0.9644883853809728,0.9644883853809728,-7.104104995727539,0.0008217248134957238,0.0008217248134957238,0.0008217248134957238
gemma4:12b,state_202,RGOCG12-50_12mm,12 mm round pin,USB_Male,False,False,False,input_crops/state_202/USB_Male.png,a0c930dd9c5206a04601a466c9f68dc4c1e3f4ee1c0f97f37b0b950adec45985,raw/gemma4-12b/state_202/RGOCG12-50_12mm/USB_Male.json,0.9773955999989994,B,-4.6344380378723145,0.009711563035800794,0.009711563035800794,0.009711563035800794,-0.011883312836289406,0.9881870148746487,0.9881870148746487,0.9881870148746487,-6.329834461212158,0.0017823287892294855,0.0017823287892294855,0.0017823287892294855
gemma4:12b,state_202,RGOCG8-50_8mm,8 mm round pin,USB_Male,False,False,False,input_crops/state_202/USB_Male.png,a0c930dd9c5206a04601a466c9f68dc4c1e3f4ee1c0f97f37b0b950adec45985,raw/gemma4-12b/state_202/RGOCG8-50_8mm/USB_Male.json,0.8722805000143126,B,-4.439492702484131,0.011801924088163608,0.011801924088163608,0.011801924088163608,-0.013879207894206047,0.9862166642559842,0.9862166642559842,0.9862166642559842,-6.281492710113525,0.0018706062363107632,0.0018706062363107632,0.0018706062363107632
gemma4:12b,state_202,USB_Male,USB connector + cable,USB_Male,True,True,False,input_crops/state_202/USB_Male.png,a0c930dd9c5206a04601a466c9f68dc4c1e3f4ee1c0f97f37b0b950adec45985,raw/gemma4-12b/state_202/USB_Male/USB_Male.json,1.071207000000868,A,-7.271793037944008e-06,0.9999927282334015,0.9999927282334015,0.9999927282334015,-12.014141082763672,6.057937982121334e-06,6.057937982121334e-06,6.057937982121334e-06,-16.644725799560547,5.905918267845482e-08,5.905918267845482e-08,5.905918267845482e-08
gemma4:12b,state_202,DSUB_Male,DSUB connector,USB_Male,False,False,False,input_crops/state_202/USB_Male.png,a0c930dd9c5206a04601a466c9f68dc4c1e3f4ee1c0f97f37b0b950adec45985,raw/gemma4-12b/state_202/DSUB_Male/USB_Male.json,0.9568437999696471,A,-0.0007588165462948382,0.999241471282173,0.999241471282173,0.999241471282173,-7.1848320960998535,0.0007579962677855014,0.0007579962677855014,0.0007579962677855014,-16.08536720275879,1.0332699148352543e-07,1.0332699148352543e-07,1.0332699148352543e-07
gemma4:12b,state_202,Gear_Large,Large gear,DSUB_Male,False,False,False,input_crops/state_202/DSUB_Male.png,7cc2d3860523df277d6407a141d1e6f5ac1825291a509806faae51c8b11dadd5,raw/gemma4-12b/state_202/Gear_Large/DSUB_Male.json,1.2327954999636859,B,-10.120610237121582,4.024156114314274e-05,4.024156114314274e-05,4.024156114314274e-05,-4.613506098394282e-05,0.9999538660032217,0.9999538660032217,0.9999538660032217,-13.299866676330566,1.6747164738962786e-06,1.6747164738962786e-06,1.6747164738962786e-06
gemma4:12b,state_202,Gear_Medium,Medium gear,DSUB_Male,False,False,False,input_crops/state_202/DSUB_Male.png,7cc2d3860523df277d6407a141d1e6f5ac1825291a509806faae51c8b11dadd5,raw/gemma4-12b/state_202/Gear_Medium/DSUB_Male.json,1.14835769997444,B,-10.094869613647461,4.129085076521757e-05,4.129085076521757e-05,4.129085076521757e-05,-4.6015844418434426e-05,0.9999539852142943,0.9999539852142943,0.9999539852142943,-13.792289733886719,1.0234925263876557e-06,1.0234925263876557e-06,1.0234925263876557e-06
gemma4:12b,state_202,Gear_Small,Small gear,DSUB_Male,False,False,False,input_crops/state_202/DSUB_Male.png,7cc2d3860523df277d6407a141d1e6f5ac1825291a509806faae51c8b11dadd5,raw/gemma4-12b/state_202/Gear_Small/DSUB_Male.json,1.1677187000168487,B,-10.729172706604004,2.1896741840767525e-05,2.1896741840767525e-05,2.1896741840767525e-05,-2.5511113562970422e-05,0.9999744892118427,0.9999744892118427,0.9999744892118427,-14.544672966003418,4.82312802277479e-07,4.82312802277479e-07,4.82312802277479e-07
gemma4:12b,state_202,Waterproof_Male,Waterproof connector,DSUB_Male,False,False,False,input_crops/state_202/DSUB_Male.png,7cc2d3860523df277d6407a141d1e6f5ac1825291a509806faae51c8b11dadd5,raw/gemma4-12b/state_202/Waterproof_Male/DSUB_Male.json,1.25915299996268,A,-2.98023678624304e-06,0.9999970197676546,0.9999970197676546,0.9999970197676546,-13.920014381408691,9.007713533510968e-07,9.007713533510968e-07,9.007713533510968e-07,-18.297597885131836,1.1309781285789626e-08,1.1309781285789626e-08,1.1309781285789626e-08
gemma4:12b,state_202,M12_Hex_Nut,M12 hex nut,DSUB_Male,False,False,False,input_crops/state_202/DSUB_Male.png,7cc2d3860523df277d6407a141d1e6f5ac1825291a509806faae51c8b11dadd5,raw/gemma4-12b/state_202/M12_Hex_Nut/DSUB_Male.json,0.8116850999649614,B,-9.775026321411133,5.6853866861375914e-05,5.6853866861375914e-05,5.6853866861375914e-05,-6.47327397018671e-05,0.9999352693554168,0.9999352693554168,0.9999352693554168,-13.568613052368164,1.2800479083072103e-06,1.2800479083072103e-06,1.2800479083072103e-06
gemma4:12b,state_202,M16_Hex_Nut,M16 hex nut,DSUB_Male,False,False,False,input_crops/state_202/DSUB_Male.png,7cc2d3860523df277d6407a141d1e6f5ac1825291a509806faae51c8b11dadd5,raw/gemma4-12b/state_202/M16_Hex_Nut/DSUB_Male.json,0.8198608999955468,B,-10.279458999633789,3.433109689057736e-05,3.433109689057736e-05,3.433109689057736e-05,-3.922062387573533e-05,0.9999607801452429,0.9999607801452429,0.9999607801452429,-13.500128746032715,1.3707825922024047e-06,1.3707825922024047e-06,1.3707825922024047e-06
gemma4:12b,state_202,RGOCG16-50_16mm,16 mm round pin,DSUB_Male,False,False,False,input_crops/state_202/DSUB_Male.png,7cc2d3860523df277d6407a141d1e6f5ac1825291a509806faae51c8b11dadd5,raw/gemma4-12b/state_202/RGOCG16-50_16mm/DSUB_Male.json,0.9956350999418646,A,-0.0006168598774820566,0.9993833303414573,0.9993833303414573,0.9993833303414573,-7.399659156799316,0.0006114611379870028,0.0006114611379870028,0.0006114611379870028,-13.272561073303223,1.7210756696133553e-06,1.7210756696133553e-06,1.7210756696133553e-06
gemma4:12b,state_202,RGOCG12-50_12mm,12 mm round pin,DSUB_Male,False,False,False,input_crops/state_202/DSUB_Male.png,7cc2d3860523df277d6407a141d1e6f5ac1825291a509806faae51c8b11dadd5,raw/gemma4-12b/state_202/RGOCG12-50_12mm/DSUB_Male.json,0.9013198000029661,A,-0.00025078817270696163,0.9997492432720181,0.9997492432720181,0.9997492432720181,-8.314043998718262,0.00024505105074980896,0.00024505105074980896,0.00024505105074980896,-14.087162971496582,7.621191173489051e-07,7.621191173489051e-07,7.621191173489051e-07
gemma4:12b,state_202,RGOCG8-50_8mm,8 mm round pin,DSUB_Male,False,False,False,input_crops/state_202/DSUB_Male.png,7cc2d3860523df277d6407a141d1e6f5ac1825291a509806faae51c8b11dadd5,raw/gemma4-12b/state_202/RGOCG8-50_8mm/DSUB_Male.json,0.8280669000232592,A,-0.00010037925676442683,0.9998996257810646,0.9998996257810646,0.9998996257810646,-9.244780540466309,9.661461439397674e-05,9.661461439397674e-05,9.661461439397674e-05,-14.628470420837402,4.435432940814103e-07,4.435432940814103e-07,4.435432940814103e-07
gemma4:12b,state_202,USB_Male,USB connector + cable,DSUB_Male,False,False,False,input_crops/state_202/DSUB_Male.png,7cc2d3860523df277d6407a141d1e6f5ac1825291a509806faae51c8b11dadd5,raw/gemma4-12b/state_202/USB_Male/DSUB_Male.json,0.9872834999696352,B,-7.439117908477783,0.000587803465386099,0.000587803465386099,0.000587803465386099,-0.0006805589655414224,0.9993196725621857,0.9993196725621857,0.9993196725621857,-13.325706481933594,1.6319964414095444e-06,1.6319964414095444e-06,1.6319964414095444e-06
gemma4:12b,state_202,DSUB_Male,DSUB connector,DSUB_Male,True,True,False,input_crops/state_202/DSUB_Male.png,7cc2d3860523df277d6407a141d1e6f5ac1825291a509806faae51c8b11dadd5,raw/gemma4-12b/state_202/DSUB_Male/DSUB_Male.json,0.8437064999598078,A,-4.291543518775143e-06,0.9999957084656899,0.9999957084656899,0.9999957084656899,-12.668164253234863,3.1498231384246555e-06,3.1498231384246555e-06,3.1498231384246555e-06,-17.46661949157715,2.5962322317594585e-08,2.5962322317594585e-08,2.5962322317594585e-08
gemma4:12b,state_303,Gear_Large,Large gear,Gear_Large,True,True,False,input_crops/state_303/Gear_Large.png,3334a7c27ecbce20a0d57b4f0c942261acbbda26e713d210fcce89e35b38b28e,raw/gemma4-12b/state_303/Gear_Large/Gear_Large.json,1.208593400020618,A,-0.0019831042736768723,0.9980188607784208,0.9980188607784208,0.9980188607784208,-6.224685192108154,0.0019799470202005423,0.0019799470202005423,0.0019799470202005423,-15.786148071289062,1.393679789442131e-07,1.393679789442131e-07,1.393679789442131e-07
gemma4:12b,state_303,Gear_Medium,Medium gear,Gear_Large,False,True,False,input_crops/state_303/Gear_Large.png,3334a7c27ecbce20a0d57b4f0c942261acbbda26e713d210fcce89e35b38b28e,raw/gemma4-12b/state_303/Gear_Medium/Gear_Large.json,1.1196750000235625,A,-0.0006318299565464258,0.9993683696059685,0.9993683696059685,0.9993683696059685,-7.372865200042725,0.000628066063707312,0.000628066063707312,0.000628066063707312,-14.620050430297852,4.4729369141911193e-07,4.4729369141911193e-07,4.4729369141911193e-07
gemma4:12b,state_303,Gear_Small,Small gear,Gear_Large,False,True,False,input_crops/state_303/Gear_Large.png,3334a7c27ecbce20a0d57b4f0c942261acbbda26e713d210fcce89e35b38b28e,raw/gemma4-12b/state_303/Gear_Small/Gear_Large.json,1.2056963999639265,A,-0.0005151167861185968,0.9994850158637554,0.9994850158637554,0.9994850158637554,-7.574986457824707,0.0005131273706085322,0.0005131273706085322,0.0005131273706085322,-14.894620895385742,3.398977855106515e-07,3.398977855106515e-07,3.398977855106515e-07
gemma4:12b,state_303,Waterproof_Male,Waterproof connector,Gear_Large,False,False,False,input_crops/state_303/Gear_Large.png,3334a7c27ecbce20a0d57b4f0c942261acbbda26e713d210fcce89e35b38b28e,raw/gemma4-12b/state_303/Waterproof_Male/Gear_Large.json,1.299095100024715,B,-8.935805320739746,0.0001315918697838155,0.0001315918697838155,0.0001315918697838155,-0.00014473055489361286,0.9998552799180679,0.9998552799180679,0.9998552799180679,-12.161603927612305,5.227361358247248e-06,5.227361358247248e-06,5.227361358247248e-06
gemma4:12b,state_303,M12_Hex_Nut,M12 hex nut,Gear_Large,False,False,False,input_crops/state_303/Gear_Large.png,3334a7c27ecbce20a0d57b4f0c942261acbbda26e713d210fcce89e35b38b28e,raw/gemma4-12b/state_303/M12_Hex_Nut/Gear_Large.json,0.8228022999828681,B,-13.790393829345703,1.0254348111275711e-06,1.0254348111275711e-06,1.0254348111275711e-06,-1.4305124977909145e-06,0.9999985694885254,0.9999985694885254,0.9999985694885254,-17.41655921936035,2.7295084132936746e-08,2.7295084132936746e-08,2.7295084132936746e-08
gemma4:12b,state_303,M16_Hex_Nut,M16 hex nut,Gear_Large,False,False,False,input_crops/state_303/Gear_Large.png,3334a7c27ecbce20a0d57b4f0c942261acbbda26e713d210fcce89e35b38b28e,raw/gemma4-12b/state_303/M16_Hex_Nut/Gear_Large.json,0.8129834999563172,B,-13.81081485748291,1.0047067425595347e-06,1.0047067425595347e-06,1.0047067425595347e-06,-1.1920935776288388e-06,0.9999988079071329,0.9999988079071329,0.9999988079071329,-17.828824996948242,1.8073392697024847e-08,1.8073392697024847e-08,1.8073392697024847e-08
gemma4:12b,state_303,RGOCG16-50_16mm,16 mm round pin,Gear_Large,False,False,False,input_crops/state_303/Gear_Large.png,3334a7c27ecbce20a0d57b4f0c942261acbbda26e713d210fcce89e35b38b28e,raw/gemma4-12b/state_303/RGOCG16-50_16mm/Gear_Large.json,0.9977086000144482,B,-8.084744453430176,0.0003082052954294311,0.0003082052954294311,0.0003082052954294311,-0.0004610886098816991,0.9995390176751352,0.9995390176751352,0.9995390176751352,-11.473798751831055,1.0399022445799056e-05,1.0399022445799056e-05,1.0399022445799056e-05
gemma4:12b,state_303,RGOCG12-50_12mm,12 mm round pin,Gear_Large,False,False,False,input_crops/state_303/Gear_Large.png,3334a7c27ecbce20a0d57b4f0c942261acbbda26e713d210fcce89e35b38b28e,raw/gemma4-12b/state_303/RGOCG12-50_12mm/Gear_Large.json,0.913794299995061,B,-7.195928573608398,0.0007496316738415343,0.0007496316738415343,0.0007496316738415343,-0.0009488195064477623,0.9990516304804501,0.9990516304804501,0.9990516304804501,-10.063326835632324,4.261403769417818e-05,4.261403769417818e-05,4.261403769417818e-05
gemma4:12b,state_303,RGOCG8-50_8mm,8 mm round pin,Gear_Large,False,False,False,input_crops/state_303/Gear_Large.png,3334a7c27ecbce20a0d57b4f0c942261acbbda26e713d210fcce89e35b38b28e,raw/gemma4-12b/state_303/RGOCG8-50_8mm/Gear_Large.json,0.8387388000264764,B,-7.876067638397217,0.00037972333416639757,0.00037972333416639757,0.00037972333416639757,-0.00043526821536943316,0.9995648265000975,0.9995648265000975,0.9995648265000975,-11.114784240722656,1.4890543056328196e-05,1.4890543056328196e-05,1.4890543056328196e-05
gemma4:12b,state_303,USB_Male,USB connector + cable,Gear_Large,False,False,False,input_crops/state_303/Gear_Large.png,3334a7c27ecbce20a0d57b4f0c942261acbbda26e713d210fcce89e35b38b28e,raw/gemma4-12b/state_303/USB_Male/Gear_Large.json,0.9896146999672055,B,-13.606703758239746,1.232206912816888e-06,1.232206912816888e-06,1.232206912816888e-06,-2.5033982637978625e-06,0.9999974966048697,0.9999974966048697,0.9999974966048697,,,0.0,0.0001
gemma4:12b,state_303,DSUB_Male,DSUB connector,Gear_Large,False,False,False,input_crops/state_303/Gear_Large.png,3334a7c27ecbce20a0d57b4f0c942261acbbda26e713d210fcce89e35b38b28e,raw/gemma4-12b/state_303/DSUB_Male/Gear_Large.json,0.8771603999775834,B,-13.534351348876953,1.3246644857714457e-06,1.3246644857714457e-06,1.3246644857714457e-06,-1.9073504518019035e-06,0.9999980926513672,0.9999980926513672,0.9999980926513672,-16.87425422668457,4.6946638716653e-08,4.6946638716653e-08,4.6946638716653e-08
gemma4:12b,state_303,Gear_Large,Large gear,Gear_Medium,False,True,False,input_crops/state_303/Gear_Medium.png,0264008996cc496e20e9692d5fd146e86bf33a1bb7ded63f53afc0e916d128ef,raw/gemma4-12b/state_303/Gear_Large/Gear_Medium.json,1.1900407999637537,A,-1.4424427718040533e-05,0.9999855756763135,0.9999855756763135,0.9999855756763135,-11.159747123718262,1.4235850047279828e-05,1.4235850047279828e-05,1.4235850047279828e-05,-16.949214935302734,4.355614962207995e-08,4.355614962207995e-08,4.355614962207995e-08
gemma4:12b,state_303,Gear_Medium,Medium gear,Gear_Medium,True,True,False,input_crops/state_303/Gear_Medium.png,0264008996cc496e20e9692d5fd146e86bf33a1bb7ded63f53afc0e916d128ef,raw/gemma4-12b/state_303/Gear_Medium/Gear_Medium.json,1.1218418999924324,A,-1.752391835907474e-05,0.9999824762351839,0.9999824762351839,0.9999824762351839,-10.972731590270996,1.7163395847513468e-05,1.7163395847513468e-05,1.7163395847513468e-05,-17.008169174194336,4.106255611224213e-08,4.106255611224213e-08,4.106255611224213e-08
gemma4:12b,state_303,Gear_Small,Small gear,Gear_Medium,False,True,False,input_crops/state_303/Gear_Medium.png,0264008996cc496e20e9692d5fd146e86bf33a1bb7ded63f53afc0e916d128ef,raw/gemma4-12b/state_303/Gear_Small/Gear_Medium.json,1.1730273999855854,A,-3.278309304732829e-05,0.9999672174443124,0.9999672174443124,0.9999672174443124,-10.332619667053223,3.255369535919699e-05,3.255369535919699e-05,3.255369535919699e-05,-16.99915313720703,4.143445162956776e-08,4.143445162956776e-08,4.143445162956776e-08
gemma4:12b,state_303,Waterproof_Male,Waterproof connector,Gear_Medium,False,False,False,input_crops/state_303/Gear_Medium.png,0264008996cc496e20e9692d5fd146e86bf33a1bb7ded63f53afc0e916d128ef,raw/gemma4-12b/state_303/Waterproof_Male/Gear_Medium.json,1.2907358000520617,B,-11.32823657989502,1.2028441591384076e-05,1.2028441591384076e-05,1.2028441591384076e-05,-1.4901272152201273e-05,0.9999850988388712,0.9999850988388712,0.9999850988388712,-15.105703353881836,2.7521771712216394e-07,2.7521771712216394e-07,2.7521771712216394e-07
gemma4:12b,state_303,M12_Hex_Nut,M12 hex nut,Gear_Medium,False,False,False,input_crops/state_303/Gear_Medium.png,0264008996cc496e20e9692d5fd146e86bf33a1bb7ded63f53afc0e916d128ef,raw/gemma4-12b/state_303/M12_Hex_Nut/Gear_Medium.json,0.8353180999984033,B,-13.640262603759766,1.1915416277430743e-06,1.1915416277430743e-06,1.1915416277430743e-06,-1.5497220147153712e-06,0.9999984502791861,0.9999984502791861,0.9999984502791861,-17.372709274291992,2.8518601616213075e-08,2.8518601616213075e-08,2.8518601616213075e-08
gemma4:12b,state_303,M16_Hex_Nut,M16 hex nut,Gear_Medium,False,False,False,input_crops/state_303/Gear_Medium.png,0264008996cc496e20e9692d5fd146e86bf33a1bb7ded63f53afc0e916d128ef,raw/gemma4-12b/state_303/M16_Hex_Nut/Gear_Medium.json,0.8110392999951728,B,-13.97931957244873,8.489041347929354e-07,8.489041347929354e-07,8.489041347929354e-07,-1.3113030945532955e-06,0.9999986886977652,0.9999986886977652,0.9999986886977652,-17.817659378051758,1.8276324131273006e-08,1.8276324131273006e-08,1.8276324131273006e-08
gemma4:12b,state_303,RGOCG16-50_16mm,16 mm round pin,Gear_Medium,False,False,False,input_crops/state_303/Gear_Medium.png,0264008996cc496e20e9692d5fd146e86bf33a1bb7ded63f53afc0e916d128ef,raw/gemma4-12b/state_303/RGOCG16-50_16mm/Gear_Medium.json,0.9863632000051439,B,-6.310476779937744,0.0018171666440396767,0.0018171666440396767,0.0018171666440396767,-0.001986090326681733,0.9980158806456522,0.9980158806456522,0.9980158806456522,-9.945262908935547,4.7954260436442664e-05,4.7954260436442664e-05,4.7954260436442664e-05
gemma4:12b,state_303,RGOCG12-50_12mm,12 mm round pin,Gear_Medium,False,False,False,input_crops/state_303/Gear_Medium.png,0264008996cc496e20e9692d5fd146e86bf33a1bb7ded63f53afc0e916d128ef,raw/gemma4-12b/state_303/RGOCG12-50_12mm/Gear_Medium.json,0.8830137000186369,B,-5.7186126708984375,0.003284264098383503,0.003284264098383503,0.003284264098383503,-0.003381718648597598,0.9966239929217895,0.9966239929217895,0.9966239929217895,-9.837594985961914,5.340559800373681e-05,5.340559800373681e-05,5.340559800373681e-05
gemma4:12b,state_303,RGOCG8-50_8mm,8 mm round pin,Gear_Medium,False,False,False,input_crops/state_303/Gear_Medium.png,0264008996cc496e20e9692d5fd146e86bf33a1bb7ded63f53afc0e916d128ef,raw/gemma4-12b/state_303/RGOCG8-50_8mm/Gear_Medium.json,0.8278827000176534,B,-5.59620475769043,0.003711924670801454,0.003711924670801454,0.003711924670801454,-0.00383748859167099,0.9961698651580237,0.9961698651580237,0.9961698651580237,-9.497285842895508,7.505526546674911e-05,7.505526546674911e-05,7.505526546674911e-05
gemma4:12b,state_303,USB_Male,USB connector + cable,Gear_Medium,False,False,False,input_crops/state_303/Gear_Medium.png,0264008996cc496e20e9692d5fd146e86bf33a1bb7ded63f53afc0e916d128ef,raw/gemma4-12b/state_303/USB_Male/Gear_Medium.json,0.9975491999648511,B,-13.463872909545898,1.421393386252157e-06,1.421393386252157e-06,1.421393386252157e-06,-2.98023678624304e-06,0.9999970197676546,0.9999970197676546,0.9999970197676546,,,0.0,0.0001
gemma4:12b,state_303,DSUB_Male,DSUB connector,Gear_Medium,False,False,False,input_crops/state_303/Gear_Medium.png,0264008996cc496e20e9692d5fd146e86bf33a1bb7ded63f53afc0e916d128ef,raw/gemma4-12b/state_303/DSUB_Male/Gear_Medium.json,0.8685904000303708,B,-13.564048767089844,1.2859037658667602e-06,1.2859037658667602e-06,1.2859037658667602e-06,-2.0265599687263602e-06,0.9999979734420847,0.9999979734420847,0.9999979734420847,-17.642345428466797,2.177843823342819e-08,2.177843823342819e-08,2.177843823342819e-08
gemma4:12b,state_303,Gear_Large,Large gear,Gear_Small,False,True,False,input_crops/state_303/Gear_Small.png,a6cd20966d20d444c579237af1aaf1ad2879b7d4ba783c937f1ca7244ee9e529,raw/gemma4-12b/state_303/Gear_Large/Gear_Small.json,1.1857955000014044,A,-5.483642325998517e-06,0.9999945163727091,0.9999945163727091,0.9999945163727091,-12.198789596557617,5.036548174383406e-06,5.036548174383406e-06,5.036548174383406e-06,-17.41084861755371,2.7451401397721436e-08,2.7451401397721436e-08,2.7451401397721436e-08
gemma4:12b,state_303,Gear_Medium,Medium gear,Gear_Small,False,True,False,input_crops/state_303/Gear_Small.png,a6cd20966d20d444c579237af1aaf1ad2879b7d4ba783c937f1ca7244ee9e529,raw/gemma4-12b/state_303/Gear_Medium/Gear_Small.json,1.1440370000200346,A,-8.583106136939023e-06,0.9999914169306978,0.9999914169306978,0.9999914169306978,-11.708067893981934,8.227174708745e-06,8.227174708745e-06,8.227174708745e-06,-16.66381072998047,5.7942729885665585e-08,5.7942729885665585e-08,5.7942729885665585e-08
gemma4:12b,state_303,Gear_Small,Small gear,Gear_Small,True,True,False,input_crops/state_303/Gear_Small.png,a6cd20966d20d444c579237af1aaf1ad2879b7d4ba783c937f1ca7244ee9e529,raw/gemma4-12b/state_303/Gear_Small/Gear_Small.json,1.1496109999716282,A,-1.4543638826580718e-05,0.9999854564669316,0.9999854564669316,0.9999854564669316,-11.158510208129883,1.4253469486750382e-05,1.4253469486750382e-05,1.4253469486750382e-05,-16.807044982910156,5.021033359582806e-08,5.021033359582806e-08,5.021033359582806e-08
gemma4:12b,state_303,Waterproof_Male,Waterproof connector,Gear_Small,False,False,False,input_crops/state_303/Gear_Small.png,a6cd20966d20d444c579237af1aaf1ad2879b7d4ba783c937f1ca7244ee9e529,raw/gemma4-12b/state_303/Waterproof_Male/Gear_Small.json,1.260375900019426,B,-10.2691650390625,3.468632506391744e-05,3.468632506391744e-05,3.468632506391744e-05,-3.922062387573533e-05,0.9999607801452429,0.9999607801452429,0.9999607801452429,-13.00390911102295,2.251510776114191e-06,2.251510776114191e-06,2.251510776114191e-06
gemma4:12b,state_303,M12_Hex_Nut,M12 hex nut,Gear_Small,False,False,False,input_crops/state_303/Gear_Small.png,a6cd20966d20d444c579237af1aaf1ad2879b7d4ba783c937f1ca7244ee9e529,raw/gemma4-12b/state_303/M12_Hex_Nut/Gear_Small.json,0.8200307000079192,B,-12.800048828125,2.760637771980001e-06,2.760637771980001e-06,2.760637771980001e-06,-3.4570753086882178e-06,0.999996542930667,0.999996542930667,0.999996542930667,-16.332380294799805,8.071186109803864e-08,8.071186109803864e-08,8.071186109803864e-08
gemma4:12b,state_303,M16_Hex_Nut,M16 hex nut,Gear_Small,False,False,False,input_crops/state_303/Gear_Small.png,a6cd20966d20d444c579237af1aaf1ad2879b7d4ba783c937f1ca7244ee9e529,raw/gemma4-12b/state_303/M16_Hex_Nut/Gear_Small.json,0.82360050000716,B,-12.250727653503418,4.781636751198221e-06,4.781636751198221e-06,4.781636751198221e-06,-5.722062269342132e-06,0.9999942779541017,0.9999942779541017,0.9999942779541017,-15.874763488769531,1.2754922240515482e-07,1.2754922240515482e-07,1.2754922240515482e-07
gemma4:12b,state_303,RGOCG16-50_16mm,16 mm round pin,Gear_Small,False,False,False,input_crops/state_303/Gear_Small.png,a6cd20966d20d444c579237af1aaf1ad2879b7d4ba783c937f1ca7244ee9e529,raw/gemma4-12b/state_303/RGOCG16-50_16mm/Gear_Small.json,1.0683291000314057,B,-10.68675422668457,2.284554957197209e-05,2.284554957197209e-05,2.284554957197209e-05,-2.5987963454099372e-05,0.9999740123742301,0.9999740123742301,0.9999740123742301,-13.769000053405762,1.047609083681652e-06,1.047609083681652e-06,1.047609083681652e-06
gemma4:12b,state_303,RGOCG12-50_12mm,12 mm round pin,Gear_Small,False,False,False,input_crops/state_303/Gear_Small.png,a6cd20966d20d444c579237af1aaf1ad2879b7d4ba783c937f1ca7244ee9e529,raw/gemma4-12b/state_303/RGOCG12-50_12mm/Gear_Small.json,0.9320607999688946,B,-10.547834396362305,2.625026703117203e-05,2.625026703117203e-05,2.625026703117203e-05,-3.3856013033073395e-05,0.9999661445600753,0.9999661445600753,0.9999661445600753,-12.871393203735352,2.5705434976377196e-06,2.5705434976377196e-06,2.5705434976377196e-06
gemma4:12b,state_303,RGOCG8-50_8mm,8 mm round pin,Gear_Small,False,False,False,input_crops/state_303/Gear_Small.png,a6cd20966d20d444c579237af1aaf1ad2879b7d4ba783c937f1ca7244ee9e529,raw/gemma4-12b/state_303/RGOCG8-50_8mm/Gear_Small.json,0.8420041999779642,B,-9.655080795288086,6.409906406667995e-05,6.409906406667995e-05,6.409906406667995e-05,-6.950143142603338e-05,0.9999305009837425,0.9999305009837425,0.9999305009837425,-12.83826732635498,2.657121068515819e-06,2.657121068515819e-06,2.657121068515819e-06
gemma4:12b,state_303,USB_Male,USB connector + cable,Gear_Small,False,False,False,input_crops/state_303/Gear_Small.png,a6cd20966d20d444c579237af1aaf1ad2879b7d4ba783c937f1ca7244ee9e529,raw/gemma4-12b/state_303/USB_Male/Gear_Small.json,0.9997603999800049,B,-14.150778770446777,7.151462494762626e-07,7.151462494762626e-07,7.151462494762626e-07,-1.0728841743912199e-06,0.9999989271164011,0.9999989271164011,0.9999989271164011,-19.4212589263916,3.6766680121706848e-09,3.6766680121706848e-09,3.6766680121706848e-09
gemma4:12b,state_303,DSUB_Male,DSUB connector,Gear_Small,False,False,False,input_crops/state_303/Gear_Small.png,a6cd20966d20d444c579237af1aaf1ad2879b7d4ba783c937f1ca7244ee9e529,raw/gemma4-12b/state_303/DSUB_Male/Gear_Small.json,0.8737584000336938,B,-13.047815322875977,2.1547942321771073e-06,2.1547942321771073e-06,2.1547942321771073e-06,-2.861027041944908e-06,0.9999971389770508,0.9999971389770508,0.9999971389770508,-15.583827018737793,1.7061999261694338e-07,1.7061999261694338e-07,1.7061999261694338e-07
gemma4:12b,state_303,Gear_Large,Large gear,Waterproof_Male,False,False,False,input_crops/state_303/Waterproof_Male.png,501944f5a366194deaf0627005d87557bb79cd97c1413a8f7396ce4a6b8a3e7f,raw/gemma4-12b/state_303/Gear_Large/Waterproof_Male.json,1.185684600030072,A,-0.017568107694387436,0.9825853117659594,0.9825853117659594,0.9825853117659594,-4.051307201385498,0.01739961496620526,0.01739961496620526,0.01739961496620526,-12.632221221923828,3.2650965582916155e-06,3.2650965582916155e-06,3.2650965582916155e-06
gemma4:12b,state_303,Gear_Medium,Medium gear,Waterproof_Male,False,False,False,input_crops/state_303/Waterproof_Male.png,501944f5a366194deaf0627005d87557bb79cd97c1413a8f7396ce4a6b8a3e7f,raw/gemma4-12b/state_303/Gear_Medium/Waterproof_Male.json,1.1275971999857575,A,-0.01553342491388321,0.9845865964795266,0.9845865964795266,0.9845865964795266,-4.172884941101074,0.015407745505473887,0.015407745505473887,0.015407745505473887,-13.099260330200195,2.046743979472563e-06,2.046743979472563e-06,2.046743979472563e-06
gemma4:12b,state_303,Gear_Small,Small gear,Waterproof_Male,False,False,False,input_crops/state_303/Waterproof_Male.png,501944f5a366194deaf0627005d87557bb79cd97c1413a8f7396ce4a6b8a3e7f,raw/gemma4-12b/state_303/Gear_Small/Waterproof_Male.json,1.1507516999845393,B,-3.0572993755340576,0.04701449241559064,0.04701449241559064,0.04701449241559064,-0.048803992569446564,0.9523677825672355,0.9523677825672355,0.9523677825672355,-7.556370258331299,0.0005227693218893216,0.0005227693218893216,0.0005227693218893216
gemma4:12b,state_303,Waterproof_Male,Waterproof connector,Waterproof_Male,True,True,False,input_crops/state_303/Waterproof_Male.png,501944f5a366194deaf0627005d87557bb79cd97c1413a8f7396ce4a6b8a3e7f,raw/gemma4-12b/state_303/Waterproof_Male/Waterproof_Male.json,1.2534089999971911,A,-3.4570753086882178e-06,0.999996542930667,0.999996542930667,0.999996542930667,-13.169244766235352,1.9084011394470253e-06,1.9084011394470253e-06,1.9084011394470253e-06,-17.419288635253906,2.7220686074297245e-08,2.7220686074297245e-08,2.7220686074297245e-08
gemma4:12b,state_303,M12_Hex_Nut,M12 hex nut,Waterproof_Male,False,False,False,input_crops/state_303/Waterproof_Male.png,501944f5a366194deaf0627005d87557bb79cd97c1413a8f7396ce4a6b8a3e7f,raw/gemma4-12b/state_303/M12_Hex_Nut/Waterproof_Male.json,0.820716300047934,B,-4.596109390258789,0.010091019689991699,0.010091019689991699,0.010091019689991699,-0.010514326393604279,0.9895407559159926,0.9895407559159926,0.9895407559159926,-8.140128135681152,0.0002915998314985859,0.0002915998314985859,0.0002915998314985859
gemma4:12b,state_303,M16_Hex_Nut,M16 hex nut,Waterproof_Male,False,False,False,input_crops/state_303/Waterproof_Male.png,501944f5a366194deaf0627005d87557bb79cd97c1413a8f7396ce4a6b8a3e7f,raw/gemma4-12b/state_303/M16_Hex_Nut/Waterproof_Male.json,0.8317854999913834,B,-5.583034038543701,0.003761136756020114,0.003761136756020114,0.003761136756020114,-0.003951359074562788,0.9960564372726025,0.9960564372726025,0.9960564372726025,-9.073991775512695,0.00011460813438706822,0.00011460813438706822,0.00011460813438706822
gemma4:12b,state_303,RGOCG16-50_16mm,16 mm round pin,Waterproof_Male,False,False,False,input_crops/state_303/Waterproof_Male.png,501944f5a366194deaf0627005d87557bb79cd97c1413a8f7396ce4a6b8a3e7f,raw/gemma4-12b/state_303/RGOCG16-50_16mm/Waterproof_Male.json,1.0010757999843918,A,-0.01464131474494934,0.9854653481077935,0.9854653481077935,0.9854653481077935,-4.265518665313721,0.01404458080671682,0.01404458080671682,0.01404458080671682,-7.849112033843994,0.00039009820851186534,0.00039009820851186534,0.00039009820851186534
gemma4:12b,state_303,RGOCG12-50_12mm,12 mm round pin,Waterproof_Male,False,False,False,input_crops/state_303/Waterproof_Male.png,501944f5a366194deaf0627005d87557bb79cd97c1413a8f7396ce4a6b8a3e7f,raw/gemma4-12b/state_303/RGOCG12-50_12mm/Waterproof_Male.json,0.8762931000092067,A,-0.0025174091570079327,0.9974857568601465,0.9974857568601465,0.9974857568601465,-6.047627925872803,0.002363461668732641,0.002363461668732641,0.002363461668732641,-9.272381782531738,9.398439665244502e-05,9.398439665244502e-05,9.398439665244502e-05
gemma4:12b,state_303,RGOCG8-50_8mm,8 mm round pin,Waterproof_Male,False,False,False,input_crops/state_303/Waterproof_Male.png,501944f5a366194deaf0627005d87557bb79cd97c1413a8f7396ce4a6b8a3e7f,raw/gemma4-12b/state_303/RGOCG8-50_8mm/Waterproof_Male.json,0.8251486999797635,A,-0.007940742187201977,0.9920907022203483,0.9920907022203483,0.9920907022203483,-4.884789943695068,0.007560711770427262,0.007560711770427262,0.007560711770427262,-8.429811477661133,0.00021826263389424018,0.00021826263389424018,0.00021826263389424018
gemma4:12b,state_303,USB_Male,USB connector + cable,Waterproof_Male,False,False,False,input_crops/state_303/Waterproof_Male.png,501944f5a366194deaf0627005d87557bb79cd97c1413a8f7396ce4a6b8a3e7f,raw/gemma4-12b/state_303/USB_Male/Waterproof_Male.json,0.9845676000113599,B,-8.942533493041992,0.00013070946881195476,0.00013070946881195476,0.00013070946881195476,-0.00015057266864459962,0.9998494386668507,0.9998494386668507,0.9998494386668507,-13.167608261108398,1.9115268045819397e-06,1.9115268045819397e-06,1.9115268045819397e-06
gemma4:12b,state_303,DSUB_Male,DSUB connector,Waterproof_Male,False,False,False,input_crops/state_303/Waterproof_Male.png,501944f5a366194deaf0627005d87557bb79cd97c1413a8f7396ce4a6b8a3e7f,raw/gemma4-12b/state_303/DSUB_Male/Waterproof_Male.json,0.8719949999940582,A,-0.6458954811096191,0.5241929270083178,0.5241929270083178,0.5241929270083178,-0.7433362007141113,0.47552481998011686,0.47552481998011686,0.47552481998011686,-8.476578712463379,0.0002082901054088478,0.0002082901054088478,0.0002082901054088478
gemma4:12b,state_303,Gear_Large,Large gear,M12_Hex_Nut,False,False,False,input_crops/state_303/M12_Hex_Nut.png,baedfe7904344e7e4677127433e020ed849aa2b1eb60d26e01f65855ed1d0aca,raw/gemma4-12b/state_303/Gear_Large/M12_Hex_Nut.json,1.1887671000440605,A,-3.039883085875772e-05,0.999969601631181,0.999969601631181,0.999969601631181,-10.409056663513184,3.0158110574735496e-05,3.0158110574735496e-05,3.0158110574735496e-05,-17.87396240234375,1.7275743963011973e-08,1.7275743963011973e-08,1.7275743963011973e-08
gemma4:12b,state_303,Gear_Medium,Medium gear,M12_Hex_Nut,False,False,False,input_crops/state_303/M12_Hex_Nut.png,baedfe7904344e7e4677127433e020ed849aa2b1eb60d26e01f65855ed1d0aca,raw/gemma4-12b/state_303/Gear_Medium/M12_Hex_Nut.json,1.1225060999859124,A,-4.0770406485535204e-05,0.9999592304246162,0.9999592304246162,0.9999592304246162,-10.110060691833496,4.06683385103669e-05,4.06683385103669e-05,4.06683385103669e-05,-17.120346069335938,3.6705248935906036e-08,3.6705248935906036e-08,3.6705248935906036e-08
gemma4:12b,state_303,Gear_Small,Small gear,M12_Hex_Nut,False,False,False,input_crops/state_303/M12_Hex_Nut.png,baedfe7904344e7e4677127433e020ed849aa2b1eb60d26e01f65855ed1d0aca,raw/gemma4-12b/state_303/Gear_Small/M12_Hex_Nut.json,1.1817704999702983,A,-4.0293551137438044e-05,0.9999597072606368,0.9999597072606368,0.9999597072606368,-10.124085426330566,4.010195682032289e-05,4.010195682032289e-05,4.010195682032289e-05,-16.791120529174805,5.101630603358848e-08,5.101630603358848e-08,5.101630603358848e-08
gemma4:12b,state_303,Waterproof_Male,Waterproof connector,M12_Hex_Nut,False,False,False,input_crops/state_303/M12_Hex_Nut.png,baedfe7904344e7e4677127433e020ed849aa2b1eb60d26e01f65855ed1d0aca,raw/gemma4-12b/state_303/Waterproof_Male/M12_Hex_Nut.json,1.2718576000188477,A,-0.00018485108739696443,0.9998151659965127,0.9998151659965127,0.9998151659965127,-8.604788780212402,0.00018322625911552505,0.00018322625911552505,0.00018322625911552505,-15.695510864257812,1.525900590195276e-07,1.525900590195276e-07,1.525900590195276e-07
gemma4:12b,state_303,M12_Hex_Nut,M12 hex nut,M12_Hex_Nut,True,True,False,input_crops/state_303/M12_Hex_Nut.png,baedfe7904344e7e4677127433e020ed849aa2b1eb60d26e01f65855ed1d0aca,raw/gemma4-12b/state_303/M12_Hex_Nut/M12_Hex_Nut.json,0.8438987999688834,A,-0.00014151143841445446,0.9998584985738569,0.9998584985738569,0.9998584985738569,-8.865320205688477,0.00014120183945497326,0.00014120183945497326,0.00014120183945497326,-16.95344352722168,4.337235730498669e-08,4.337235730498669e-08,4.337235730498669e-08
gemma4:12b,state_303,M16_Hex_Nut,M16 hex nut,M12_Hex_Nut,False,True,False,input_crops/state_303/M12_Hex_Nut.png,baedfe7904344e7e4677127433e020ed849aa2b1eb60d26e01f65855ed1d0aca,raw/gemma4-12b/state_303/M16_Hex_Nut/M12_Hex_Nut.json,0.8125025000190362,A,-0.00019510503625497222,0.9998049139954949,0.9998049139954949,0.9998049139954949,-8.545609474182129,0.0001943967325047893,0.0001943967325047893,0.0001943967325047893,-16.460952758789062,7.09739620548749e-08,7.09739620548749e-08,7.09739620548749e-08
gemma4:12b,state_303,RGOCG16-50_16mm,16 mm round pin,M12_Hex_Nut,False,False,False,input_crops/state_303/M12_Hex_Nut.png,baedfe7904344e7e4677127433e020ed849aa2b1eb60d26e01f65855ed1d0aca,raw/gemma4-12b/state_303/RGOCG16-50_16mm/M12_Hex_Nut.json,1.0040753000066616,B,-7.382450580596924,0.0006220745727086936,0.0006220745727086936,0.0006220745727086936,-0.0006813939544372261,0.9993188381417041,0.9993188381417041,0.9993188381417041,-11.418621063232422,1.0988942003145825e-05,1.0988942003145825e-05,1.0988942003145825e-05
gemma4:12b,state_303,RGOCG12-50_12mm,12 mm round pin,M12_Hex_Nut,False,False,False,input_crops/state_303/M12_Hex_Nut.png,baedfe7904344e7e4677127433e020ed849aa2b1eb60d26e01f65855ed1d0aca,raw/gemma4-12b/state_303/RGOCG12-50_12mm/M12_Hex_Nut.json,0.8794803000055254,B,-8.376595497131348,0.00023019230328696447,0.00023019230328696447,0.00023019230328696447,-0.0002556770050432533,0.9997443556775367,0.9997443556775367,0.9997443556775367,-12.185596466064453,5.103436273189378e-06,5.103436273189378e-06,5.103436273189378e-06
gemma4:12b,state_303,RGOCG8-50_8mm,8 mm round pin,M12_Hex_Nut,False,False,False,input_crops/state_303/M12_Hex_Nut.png,baedfe7904344e7e4677127433e020ed849aa2b1eb60d26e01f65855ed1d0aca,raw/gemma4-12b/state_303/RGOCG8-50_8mm/M12_Hex_Nut.json,0.8515517999767326,B,-8.396781921386719,0.00022559213052200026,0.00022559213052200026,0.00022559213052200026,-0.00024458777625113726,0.9997554421329005,0.9997554421329005,0.9997554421329005,-12.556882858276367,3.5205868683912907e-06,3.5205868683912907e-06,3.5205868683912907e-06
gemma4:12b,state_303,USB_Male,USB connector + cable,M12_Hex_Nut,False,False,False,input_crops/state_303/M12_Hex_Nut.png,baedfe7904344e7e4677127433e020ed849aa2b1eb60d26e01f65855ed1d0aca,raw/gemma4-12b/state_303/USB_Male/M12_Hex_Nut.json,1.0211612999555655,B,-9.160375595092773,0.00010512340679837595,0.00010512340679837595,0.00010512340679837595,-0.00011385135439923033,0.9998861551264203,0.9998861551264203,0.9998861551264203,-14.030191421508789,8.067988780304639e-07,8.067988780304639e-07,8.067988780304639e-07
gemma4:12b,state_303,DSUB_Male,DSUB connector,M12_Hex_Nut,False,False,False,input_crops/state_303/M12_Hex_Nut.png,baedfe7904344e7e4677127433e020ed849aa2b1eb60d26e01f65855ed1d0aca,raw/gemma4-12b/state_303/DSUB_Male/M12_Hex_Nut.json,0.8661394999944605,B,-5.668395519256592,0.003453401749939589,0.003453401749939589,0.003453401749939589,-0.003514557844027877,0.996491610985373,0.996491610985373,0.996491610985373,-10.11392593383789,4.0511448943508344e-05,4.0511448943508344e-05,4.0511448943508344e-05
gemma4:12b,state_303,Gear_Large,Large gear,M16_Hex_Nut,False,False,False,input_crops/state_303/M16_Hex_Nut.png,833d5826b6258166aa076165f38a3b094d64d204a81c4b806c996e3191b00983,raw/gemma4-12b/state_303/Gear_Large/M16_Hex_Nut.json,1.1781639999826439,A,-2.0861843950115144e-05,0.9999791383736566,0.9999791383736566,0.9999791383736566,-10.818852424621582,2.0018525770583656e-05,2.0018525770583656e-05,2.0018525770583656e-05,-17.26517105102539,3.1756416071684415e-08,3.1756416071684415e-08,3.1756416071684415e-08
gemma4:12b,state_303,Gear_Medium,Medium gear,M16_Hex_Nut,False,False,False,input_crops/state_303/M16_Hex_Nut.png,833d5826b6258166aa076165f38a3b094d64d204a81c4b806c996e3191b00983,raw/gemma4-12b/state_303/Gear_Medium/M16_Hex_Nut.json,1.1437309000175446,A,-5.3168758313404396e-05,0.99994683265512,0.99994683265512,0.99994683265512,-9.854743957519531,5.249755517640328e-05,5.249755517640328e-05,5.249755517640328e-05,-16.598201751708984,6.187177419065849e-08,6.187177419065849e-08,6.187177419065849e-08
gemma4:12b,state_303,Gear_Small,Small gear,M16_Hex_Nut,False,False,False,input_crops/state_303/M16_Hex_Nut.png,833d5826b6258166aa076165f38a3b094d64d204a81c4b806c996e3191b00983,raw/gemma4-12b/state_303/Gear_Small/M16_Hex_Nut.json,1.151910200016573,A,-7.140891102608293e-05,0.9999285936385295,0.9999285936385295,0.9999285936385295,-9.56103229522705,7.042006682933823e-05,7.042006682933823e-05,7.042006682933823e-05,-17.046663284301758,3.951192608917202e-08,3.951192608917202e-08,3.951192608917202e-08
gemma4:12b,state_303,Waterproof_Male,Waterproof connector,M16_Hex_Nut,False,False,False,input_crops/state_303/M16_Hex_Nut.png,833d5826b6258166aa076165f38a3b094d64d204a81c4b806c996e3191b00983,raw/gemma4-12b/state_303/Waterproof_Male/M16_Hex_Nut.json,1.2818192999693565,A,-0.059759777039289474,0.9419907942242108,0.9419907942242108,0.9419907942242108,-2.8474109172821045,0.05799427864911654,0.05799427864911654,0.05799427864911654,-12.11716079711914,5.464921518882418e-06,5.464921518882418e-06,5.464921518882418e-06
gemma4:12b,state_303,M12_Hex_Nut,M12 hex nut,M16_Hex_Nut,False,True,False,input_crops/state_303/M16_Hex_Nut.png,833d5826b6258166aa076165f38a3b094d64d204a81c4b806c996e3191b00983,raw/gemma4-12b/state_303/M12_Hex_Nut/M16_Hex_Nut.json,0.808496399957221,A,-0.00044635956874117255,0.9995537400348709,0.9995537400348709,0.9995537400348709,-7.717229843139648,0.00044509187201534746,0.00044509187201534746,0.00044509187201534746,-16.910747528076172,4.526428490659101e-08,4.526428490659101e-08,4.526428490659101e-08
gemma4:12b,state_303,M16_Hex_Nut,M16 hex nut,M16_Hex_Nut,True,True,False,input_crops/state_303/M16_Hex_Nut.png,833d5826b6258166aa076165f38a3b094d64d204a81c4b806c996e3191b00983,raw/gemma4-12b/state_303/M16_Hex_Nut/M16_Hex_Nut.json,0.8065524999983609,A,-0.0001305426994804293,0.999869465820847,0.999869465820847,0.999869465820847,-8.946708679199219,0.0001301648701387018,0.0001301648701387018,0.0001301648701387018,-16.921722412109375,4.477023068178723e-08,4.477023068178723e-08,4.477023068178723e-08
gemma4:12b,state_303,RGOCG16-50_16mm,16 mm round pin,M16_Hex_Nut,False,False,False,input_crops/state_303/M16_Hex_Nut.png,833d5826b6258166aa076165f38a3b094d64d204a81c4b806c996e3191b00983,raw/gemma4-12b/state_303/RGOCG16-50_16mm/M16_Hex_Nut.json,1.0171652999706566,B,-7.589239597320557,0.0005058655692867556,0.0005058655692867556,0.0005058655692867556,-0.0005858468357473612,0.9994143247390029,0.9994143247390029,0.9994143247390029,-11.923474311828613,6.632861077198173e-06,6.632861077198173e-06,6.632861077198173e-06
gemma4:12b,state_303,RGOCG12-50_12mm,12 mm round pin,M16_Hex_Nut,False,False,False,input_crops/state_303/M16_Hex_Nut.png,833d5826b6258166aa076165f38a3b094d64d204a81c4b806c996e3191b00983,raw/gemma4-12b/state_303/RGOCG12-50_12mm/M16_Hex_Nut.json,0.9497198000317439,B,-8.763958930969238,0.00015626474106695778,0.00015626474106695778,0.00015626474106695778,-0.000176504923729226,0.9998235106523484,0.9998235106523484,0.9998235106523484,-13.06776237487793,2.1122382834567883e-06,2.1122382834567883e-06,2.1122382834567883e-06
gemma4:12b,state_303,RGOCG8-50_8mm,8 mm round pin,M16_Hex_Nut,False,False,False,input_crops/state_303/M16_Hex_Nut.png,833d5826b6258166aa076165f38a3b094d64d204a81c4b806c996e3191b00983,raw/gemma4-12b/state_303/RGOCG8-50_8mm/M16_Hex_Nut.json,0.8565917999949306,B,-8.036012649536133,0.0003235966744587831,0.0003235966744587831,0.0003235966744587831,-0.0003706903662532568,0.9996293783309318,0.9996293783309318,0.9996293783309318,-11.88400650024414,6.899880259245733e-06,6.899880259245733e-06,6.899880259245733e-06
gemma4:12b,state_303,USB_Male,USB connector + cable,M16_Hex_Nut,False,False,False,input_crops/state_303/M16_Hex_Nut.png,833d5826b6258166aa076165f38a3b094d64d204a81c4b806c996e3191b00983,raw/gemma4-12b/state_303/USB_Male/M16_Hex_Nut.json,1.008846300013829,B,-10.863656044006348,1.914141886122786e-05,1.914141886122786e-05,1.914141886122786e-05,-2.6107174562639557e-05,0.9999738931662266,0.9999738931662266,0.9999738931662266,-16.637680053710938,5.9476768042366956e-08,5.9476768042366956e-08,5.9476768042366956e-08
gemma4:12b,state_303,DSUB_Male,DSUB connector,M16_Hex_Nut,False,False,False,input_crops/state_303/M16_Hex_Nut.png,833d5826b6258166aa076165f38a3b094d64d204a81c4b806c996e3191b00983,raw/gemma4-12b/state_303/DSUB_Male/M16_Hex_Nut.json,0.8631885999930091,B,-9.75969123840332,5.773244494545063e-05,5.773244494545063e-05,5.773244494545063e-05,-6.49711728328839e-05,0.999935030937748,0.999935030937748,0.999935030937748,-14.158244132995605,7.0982730208659e-07,7.0982730208659e-07,7.0982730208659e-07
gemma4:12b,state_303,Gear_Large,Large gear,RGOCG16-50_16mm,False,False,False,input_crops/state_303/RGOCG16-50_16mm.png,2e39713dfb973c1a397f75571d18003b6276e302abf6a15d46a7d8e0985e5dae,raw/gemma4-12b/state_303/Gear_Large/RGOCG16-50_16mm.json,1.1651491000084206,B,-11.372368812561035,1.1509142797846802e-05,1.1509142797846802e-05,1.1509142797846802e-05,-1.3470740668708459e-05,0.9999865293500613,0.9999865293500613,0.9999865293500613,-13.826820373535156,9.88753899963377e-07,9.88753899963377e-07,9.88753899963377e-07
gemma4:12b,state_303,Gear_Medium,Medium gear,RGOCG16-50_16mm,False,False,False,input_crops/state_303/RGOCG16-50_16mm.png,2e39713dfb973c1a397f75571d18003b6276e302abf6a15d46a7d8e0985e5dae,raw/gemma4-12b/state_303/Gear_Medium/RGOCG16-50_16mm.json,1.1293021999881603,B,-10.942756652832031,1.768565581572638e-05,1.768565581572638e-05,1.768565581572638e-05,-2.014657366089523e-05,0.99997985362928,0.99997985362928,0.99997985362928,-13.897004127502441,9.217386370399552e-07,9.217386370399552e-07,9.217386370399552e-07
gemma4:12b,state_303,Gear_Small,Small gear,RGOCG16-50_16mm,False,False,False,input_crops/state_303/RGOCG16-50_16mm.png,2e39713dfb973c1a397f75571d18003b6276e302abf6a15d46a7d8e0985e5dae,raw/gemma4-12b/state_303/Gear_Small/RGOCG16-50_16mm.json,1.1582340999739245,B,-10.182561874389648,3.782418389282953e-05,3.782418389282953e-05,3.782418389282953e-05,-4.184333738521673e-05,0.999958157538035,0.999958157538035,0.999958157538035,-13.18697738647461,1.8748584654683116e-06,1.8748584654683116e-06,1.8748584654683116e-06
gemma4:12b,state_303,Waterproof_Male,Waterproof connector,RGOCG16-50_16mm,False,False,False,input_crops/state_303/RGOCG16-50_16mm.png,2e39713dfb973c1a397f75571d18003b6276e302abf6a15d46a7d8e0985e5dae,raw/gemma4-12b/state_303/Waterproof_Male/RGOCG16-50_16mm.json,1.2663813999970444,B,-7.161599636077881,0.0007758125423672976,0.0007758125423672976,0.0007758125423672976,-0.0008550960919819772,0.9991452693984973,0.9991452693984973,0.9991452693984973,-9.673161506652832,6.295052190935089e-05,6.295052190935089e-05,6.295052190935089e-05
gemma4:12b,state_303,M12_Hex_Nut,M12 hex nut,RGOCG16-50_16mm,False,False,False,input_crops/state_303/RGOCG16-50_16mm.png,2e39713dfb973c1a397f75571d18003b6276e302abf6a15d46a7d8e0985e5dae,raw/gemma4-12b/state_303/M12_Hex_Nut/RGOCG16-50_16mm.json,0.8141346999909729,B,-11.671492576599121,8.533656911075525e-06,8.533656911075525e-06,8.533656911075525e-06,-9.775209946383256e-06,0.9999902248378308,0.9999902248378308,0.9999902248378308,-14.387226104736328,5.645560850821384e-07,5.645560850821384e-07,5.645560850821384e-07
gemma4:12b,state_303,M16_Hex_Nut,M16 hex nut,RGOCG16-50_16mm,False,False,False,input_crops/state_303/RGOCG16-50_16mm.png,2e39713dfb973c1a397f75571d18003b6276e302abf6a15d46a7d8e0985e5dae,raw/gemma4-12b/state_303/M16_Hex_Nut/RGOCG16-50_16mm.json,0.8199310000054538,B,-12.489279747009277,3.7668187447780966e-06,3.7668187447780966e-06,3.7668187447780966e-06,-4.64917320641689e-06,0.9999953508376009,0.9999953508376009,0.9999953508376009,-15.46818733215332,1.915365217991857e-07,1.915365217991857e-07,1.915365217991857e-07
gemma4:12b,state_303,RGOCG16-50_16mm,16 mm round pin,RGOCG16-50_16mm,True,True,False,input_crops/state_303/RGOCG16-50_16mm.png,2e39713dfb973c1a397f75571d18003b6276e302abf6a15d46a7d8e0985e5dae,raw/gemma4-12b/state_303/RGOCG16-50_16mm/RGOCG16-50_16mm.json,1.007283200044185,A,-3.57628505298635e-06,0.9999964237213419,0.9999964237213419,0.9999964237213419,-12.716506958007812,3.001174163581805e-06,3.001174163581805e-06,3.001174163581805e-06,-17.21358299255371,3.343766116032675e-08,3.343766116032675e-08,3.343766116032675e-08
gemma4:12b,state_303,RGOCG12-50_12mm,12 mm round pin,RGOCG16-50_16mm,False,True,False,input_crops/state_303/RGOCG16-50_16mm.png,2e39713dfb973c1a397f75571d18003b6276e302abf6a15d46a7d8e0985e5dae,raw/gemma4-12b/state_303/RGOCG12-50_12mm/RGOCG16-50_16mm.json,0.9042354000266641,A,-3.218656047465629e-06,0.9999967813491324,0.9999967813491324,0.9999967813491324,-12.949421882629395,2.377593104479207e-06,2.377593104479207e-06,2.377593104479207e-06,-17.470947265625,2.585020603480734e-08,2.585020603480734e-08,2.585020603480734e-08
gemma4:12b,state_303,RGOCG8-50_8mm,8 mm round pin,RGOCG16-50_16mm,False,True,False,input_crops/state_303/RGOCG16-50_16mm.png,2e39713dfb973c1a397f75571d18003b6276e302abf6a15d46a7d8e0985e5dae,raw/gemma4-12b/state_303/RGOCG8-50_8mm/RGOCG16-50_16mm.json,0.8463476999895647,A,-2.3841887468734058e-06,0.9999976158140953,0.9999976158140953,0.9999976158140953,-13.274422645568848,1.7178747431820831e-06,1.7178747431820831e-06,1.7178747431820831e-06,-18.026355743408203,1.4833825704844434e-08,1.4833825704844434e-08,1.4833825704844434e-08
gemma4:12b,state_303,USB_Male,USB connector + cable,RGOCG16-50_16mm,False,False,False,input_crops/state_303/RGOCG16-50_16mm.png,2e39713dfb973c1a397f75571d18003b6276e302abf6a15d46a7d8e0985e5dae,raw/gemma4-12b/state_303/USB_Male/RGOCG16-50_16mm.json,1.0085398000082932,B,-11.545409202575684,9.680381923223184e-06,9.680381923223184e-06,9.680381923223184e-06,-1.180178969661938e-05,0.9999881982799442,0.9999881982799442,0.9999881982799442,-16.331851959228516,8.075451531215877e-08,8.075451531215877e-08,8.075451531215877e-08
gemma4:12b,state_303,DSUB_Male,DSUB connector,RGOCG16-50_16mm,False,False,False,input_crops/state_303/RGOCG16-50_16mm.png,2e39713dfb973c1a397f75571d18003b6276e302abf6a15d46a7d8e0985e5dae,raw/gemma4-12b/state_303/DSUB_Male/RGOCG16-50_16mm.json,0.8925622000242583,B,-12.293047904968262,4.583498875100697e-06,4.583498875100697e-06,4.583498875100697e-06,-5.245222382654902e-06,0.9999947547913735,0.9999947547913735,0.9999947547913735,-15.579357147216797,1.713843490778053e-07,1.713843490778053e-07,1.713843490778053e-07
gemma4:12b,state_303,Gear_Large,Large gear,RGOCG12-50_12mm,False,False,False,input_crops/state_303/RGOCG12-50_12mm.png,19c2e56726b6c4c558e00423b8424cb9c8381da2b6403a2430431ec5bf3f6612,raw/gemma4-12b/state_303/Gear_Large/RGOCG12-50_12mm.json,1.1957138999714516,B,-11.415337562561035,1.1025083504441614e-05,1.1025083504441614e-05,1.1025083504441614e-05,-1.3232318451628089e-05,0.9999867677690951,0.9999867677690951,0.9999867677690951,-13.56915283203125,1.279357150923696e-06,1.279357150923696e-06,1.279357150923696e-06
gemma4:12b,state_303,Gear_Medium,Medium gear,RGOCG12-50_12mm,False,False,False,input_crops/state_303/RGOCG12-50_12mm.png,19c2e56726b6c4c558e00423b8424cb9c8381da2b6403a2430431ec5bf3f6612,raw/gemma4-12b/state_303/Gear_Medium/RGOCG12-50_12mm.json,1.142807999975048,B,-12.003979682922363,6.119808927510976e-06,6.119808927510976e-06,6.119808927510976e-06,-7.391003236989491e-06,0.9999926090240764,0.9999926090240764,0.9999926090240764,-14.795038223266602,3.754884131783666e-07,3.754884131783666e-07,3.754884131783666e-07
gemma4:12b,state_303,Gear_Small,Small gear,RGOCG12-50_12mm,False,False,False,input_crops/state_303/RGOCG12-50_12mm.png,19c2e56726b6c4c558e00423b8424cb9c8381da2b6403a2430431ec5bf3f6612,raw/gemma4-12b/state_303/Gear_Small/RGOCG12-50_12mm.json,1.1643701000139117,B,-11.422011375427246,1.0951749142394254e-05,1.0951749142394254e-05,1.0951749142394254e-05,-1.3828373084834311e-05,0.9999861717225267,0.9999861717225267,0.9999861717225267,-14.083243370056152,7.651121825183803e-07,7.651121825183803e-07,7.651121825183803e-07
gemma4:12b,state_303,Waterproof_Male,Waterproof connector,RGOCG12-50_12mm,False,False,False,input_crops/state_303/RGOCG12-50_12mm.png,19c2e56726b6c4c558e00423b8424cb9c8381da2b6403a2430431ec5bf3f6612,raw/gemma4-12b/state_303/Waterproof_Male/RGOCG12-50_12mm.json,1.2853715000092052,B,-7.868627548217773,0.00038255904591050785,0.00038255904591050785,0.00038255904591050785,-0.0004663362633436918,0.9995337724545112,0.9995337724545112,0.9995337724545112,-9.708832740783691,6.074457739084375e-05,6.074457739084375e-05,6.074457739084375e-05
gemma4:12b,state_303,M12_Hex_Nut,M12 hex nut,RGOCG12-50_12mm,False,False,False,input_crops/state_303/RGOCG12-50_12mm.png,19c2e56726b6c4c558e00423b8424cb9c8381da2b6403a2430431ec5bf3f6612,raw/gemma4-12b/state_303/M12_Hex_Nut/RGOCG12-50_12mm.json,0.819652899983339,B,-11.441329002380371,1.0742217679174555e-05,1.0742217679174555e-05,1.0742217679174555e-05,-1.2040211004205048e-05,0.9999879598614788,0.9999879598614788,0.9999879598614788,-14.552703857421875,4.784549124145516e-07,4.784549124145516e-07,4.784549124145516e-07
gemma4:12b,state_303,M16_Hex_Nut,M16 hex nut,RGOCG12-50_12mm,False,False,False,input_crops/state_303/RGOCG12-50_12mm.png,19c2e56726b6c4c558e00423b8424cb9c8381da2b6403a2430431ec5bf3f6612,raw/gemma4-12b/state_303/M16_Hex_Nut/RGOCG12-50_12mm.json,0.8257008999935351,B,-13.055750846862793,2.1377624781848253e-06,2.1377624781848253e-06,2.1377624781848253e-06,-2.622607780722319e-06,0.9999973773956583,0.9999973773956583,0.9999973773956583,-15.609681129455566,1.6626530035151824e-07,1.6626530035151824e-07,1.6626530035151824e-07
gemma4:12b,state_303,RGOCG16-50_16mm,16 mm round pin,RGOCG12-50_12mm,False,True,False,input_crops/state_303/RGOCG12-50_12mm.png,19c2e56726b6c4c558e00423b8424cb9c8381da2b6403a2430431ec5bf3f6612,raw/gemma4-12b/state_303/RGOCG16-50_16mm/RGOCG12-50_12mm.json,1.0418495000340044,A,-3.814704541582614e-06,0.9999961853027344,0.9999961853027344,0.9999961853027344,-13.404230117797852,1.5087484108900115e-06,1.5087484108900115e-06,1.5087484108900115e-06,-17.01979637145996,4.0587878604299027e-08,4.0587878604299027e-08,4.0587878604299027e-08
gemma4:12b,state_303,RGOCG12-50_12mm,12 mm round pin,RGOCG12-50_12mm,True,True,False,input_crops/state_303/RGOCG12-50_12mm.png,19c2e56726b6c4c558e00423b8424cb9c8381da2b6403a2430431ec5bf3f6612,raw/gemma4-12b/state_303/RGOCG12-50_12mm/RGOCG12-50_12mm.json,0.9265029999660328,A,-3.4570753086882178e-06,0.999996542930667,0.999996542930667,0.999996542930667,-13.250664710998535,1.7591765794114283e-06,1.7591765794114283e-06,1.7591765794114283e-06,-16.826519012451172,4.924199540176303e-08,4.924199540176303e-08,4.924199540176303e-08
gemma4:12b,state_303,RGOCG8-50_8mm,8 mm round pin,RGOCG12-50_12mm,False,True,False,input_crops/state_303/RGOCG12-50_12mm.png,19c2e56726b6c4c558e00423b8424cb9c8381da2b6403a2430431ec5bf3f6612,raw/gemma4-12b/state_303/RGOCG8-50_8mm/RGOCG12-50_12mm.json,0.8578593999845907,A,-2.98023678624304e-06,0.9999970197676546,0.9999970197676546,0.9999970197676546,-13.475069999694824,1.40556668820704e-06,1.40556668820704e-06,1.40556668820704e-06,-16.656766891479492,5.835230993167058e-08,5.835230993167058e-08,5.835230993167058e-08
gemma4:12b,state_303,USB_Male,USB connector + cable,RGOCG12-50_12mm,False,False,False,input_crops/state_303/RGOCG12-50_12mm.png,19c2e56726b6c4c558e00423b8424cb9c8381da2b6403a2430431ec5bf3f6612,raw/gemma4-12b/state_303/USB_Male/RGOCG12-50_12mm.json,1.0381261000293307,B,-12.030263900756836,5.961050102234629e-06,5.961050102234629e-06,5.961050102234629e-06,-7.510213436034974e-06,0.9999924898147655,0.9999924898147655,0.9999924898147655,-17.05119514465332,3.933326868887753e-08,3.933326868887753e-08,3.933326868887753e-08
gemma4:12b,state_303,DSUB_Male,DSUB connector,RGOCG12-50_12mm,False,False,False,input_crops/state_303/RGOCG12-50_12mm.png,19c2e56726b6c4c558e00423b8424cb9c8381da2b6403a2430431ec5bf3f6612,raw/gemma4-12b/state_303/DSUB_Male/RGOCG12-50_12mm.json,0.8884706000098959,B,-12.913459777832031,2.464652392063349e-06,2.464652392063349e-06,2.464652392063349e-06,-3.337865791763761e-06,0.9999966621397789,0.9999966621397789,0.9999966621397789,-16.0750732421875,1.0439612884777587e-07,1.0439612884777587e-07,1.0439612884777587e-07
gemma4:12b,state_303,Gear_Large,Large gear,RGOCG8-50_8mm,False,False,False,input_crops/state_303/RGOCG8-50_8mm.png,b1cf506f7c610c52669f86cfc92c532b4c1f5b8a237342f66910a94489e03314,raw/gemma4-12b/state_303/Gear_Large/RGOCG8-50_8mm.json,1.189161200018134,B,-12.348237991333008,4.337389054060507e-06,4.337389054060507e-06,4.337389054060507e-06,-5.722062269342132e-06,0.9999942779541017,0.9999942779541017,0.9999942779541017,-14.618553161621094,4.4796391187742544e-07,4.4796391187742544e-07,4.4796391187742544e-07
gemma4:12b,state_303,Gear_Medium,Medium gear,RGOCG8-50_8mm,False,False,False,input_crops/state_303/RGOCG8-50_8mm.png,b1cf506f7c610c52669f86cfc92c532b4c1f5b8a237342f66910a94489e03314,raw/gemma4-12b/state_303/Gear_Medium/RGOCG8-50_8mm.json,1.1390733000007458,B,-12.692108154296875,3.0752998345244795e-06,3.0752998345244795e-06,3.0752998345244795e-06,-3.933914285880746e-06,0.9999960660934519,0.9999960660934519,0.9999960660934519,-15.555604934692383,1.7550383635752291e-07,1.7550383635752291e-07,1.7550383635752291e-07
gemma4:12b,state_303,Gear_Small,Small gear,RGOCG8-50_8mm,False,False,False,input_crops/state_303/RGOCG8-50_8mm.png,b1cf506f7c610c52669f86cfc92c532b4c1f5b8a237342f66910a94489e03314,raw/gemma4-12b/state_303/Gear_Small/RGOCG8-50_8mm.json,1.1617469999473542,B,-12.136322021484375,5.361203784245608e-06,5.361203784245608e-06,5.361203784245608e-06,-6.6757424974639434e-06,0.9999933242797853,0.9999933242797853,0.9999933242797853,-14.937484741210938,3.2563629392191987e-07,3.2563629392191987e-07,3.2563629392191987e-07
gemma4:12b,state_303,Waterproof_Male,Waterproof connector,RGOCG8-50_8mm,False,False,False,input_crops/state_303/RGOCG8-50_8mm.png,b1cf506f7c610c52669f86cfc92c532b4c1f5b8a237342f66910a94489e03314,raw/gemma4-12b/state_303/Waterproof_Male/RGOCG8-50_8mm.json,1.3159444999764673,B,-8.44949722290039,0.00021400798663802475,0.00021400798663802475,0.00021400798663802475,-0.00023206780315376818,0.9997679591224959,0.9997679591224959,0.9997679591224959,-11.269681930541992,1.2753791850413996e-05,1.2753791850413996e-05,1.2753791850413996e-05
gemma4:12b,state_303,M12_Hex_Nut,M12 hex nut,RGOCG8-50_8mm,False,False,False,input_crops/state_303/RGOCG8-50_8mm.png,b1cf506f7c610c52669f86cfc92c532b4c1f5b8a237342f66910a94489e03314,raw/gemma4-12b/state_303/M12_Hex_Nut/RGOCG8-50_8mm.json,0.8448079000227153,B,-11.26445198059082,1.2820668271210481e-05,1.2820668271210481e-05,1.2820668271210481e-05,-1.4901272152201273e-05,0.9999850988388712,0.9999850988388712,0.9999850988388712,-13.682167053222656,1.1426424340193349e-06,1.1426424340193349e-06,1.1426424340193349e-06
gemma4:12b,state_303,M16_Hex_Nut,M16 hex nut,RGOCG8-50_8mm,False,False,False,input_crops/state_303/RGOCG8-50_8mm.png,b1cf506f7c610c52669f86cfc92c532b4c1f5b8a237342f66910a94489e03314,raw/gemma4-12b/state_303/M16_Hex_Nut/RGOCG8-50_8mm.json,0.8214916000142694,B,-12.378449440002441,4.20830989916193e-06,4.20830989916193e-06,4.20830989916193e-06,-4.887592695013154e-06,0.9999951124192492,0.9999951124192492,0.9999951124192492,-15.686590194702148,1.5395735403980636e-07,1.5395735403980636e-07,1.5395735403980636e-07
gemma4:12b,state_303,RGOCG16-50_16mm,16 mm round pin,RGOCG8-50_8mm,False,True,False,input_crops/state_303/RGOCG8-50_8mm.png,b1cf506f7c610c52669f86cfc92c532b4c1f5b8a237342f66910a94489e03314,raw/gemma4-12b/state_303/RGOCG16-50_16mm/RGOCG8-50_8mm.json,0.9910091999918222,A,-1.5497220147153712e-06,0.9999984502791861,0.9999984502791861,0.9999984502791861,-14.146020889282227,7.185569377371623e-07,7.185569377371623e-07,7.185569377371623e-07,-17.97871208190918,1.5557669851115732e-08,1.5557669851115732e-08,1.5557669851115732e-08
gemma4:12b,state_303,RGOCG12-50_12mm,12 mm round pin,RGOCG8-50_8mm,False,True,False,input_crops/state_303/RGOCG8-50_8mm.png,b1cf506f7c610c52669f86cfc92c532b4c1f5b8a237342f66910a94489e03314,raw/gemma4-12b/state_303/RGOCG12-50_12mm/RGOCG8-50_8mm.json,0.8815216000075452,A,-2.3841887468734058e-06,0.9999976158140953,0.9999976158140953,0.9999976158140953,-13.589761734008789,1.2532608366414432e-06,1.2532608366414432e-06,1.2532608366414432e-06,-17.662248611450195,2.1349263135007e-08,2.1349263135007e-08,2.1349263135007e-08
gemma4:12b,state_303,RGOCG8-50_8mm,8 mm round pin,RGOCG8-50_8mm,True,True,False,input_crops/state_303/RGOCG8-50_8mm.png,b1cf506f7c610c52669f86cfc92c532b4c1f5b8a237342f66910a94489e03314,raw/gemma4-12b/state_303/RGOCG8-50_8mm/RGOCG8-50_8mm.json,0.8342316999915056,A,-5.006802894058637e-06,0.9999949932096399,0.9999949932096399,0.9999949932096399,-13.743175506591797,1.0750154691386135e-06,1.0750154691386135e-06,1.0750154691386135e-06,-16.88315773010254,4.653050443387404e-08,4.653050443387404e-08,4.653050443387404e-08
gemma4:12b,state_303,USB_Male,USB connector + cable,RGOCG8-50_8mm,False,False,False,input_crops/state_303/RGOCG8-50_8mm.png,b1cf506f7c610c52669f86cfc92c532b4c1f5b8a237342f66910a94489e03314,raw/gemma4-12b/state_303/USB_Male/RGOCG8-50_8mm.json,1.0336281000054441,B,-11.523918151855469,9.8906751191314e-06,9.8906751191314e-06,9.8906751191314e-06,-1.1086525773862377e-05,0.9999889135356814,0.9999889135356814,0.9999889135356814,-16.12203025817871,9.960731232045462e-08,9.960731232045462e-08,9.960731232045462e-08
gemma4:12b,state_303,DSUB_Male,DSUB connector,RGOCG8-50_8mm,False,False,False,input_crops/state_303/RGOCG8-50_8mm.png,b1cf506f7c610c52669f86cfc92c532b4c1f5b8a237342f66910a94489e03314,raw/gemma4-12b/state_303/DSUB_Male/RGOCG8-50_8mm.json,0.861933600041084,B,-12.813309669494629,2.7242710519814385e-06,2.7242710519814385e-06,2.7242710519814385e-06,-3.57628505298635e-06,0.9999964237213419,0.9999964237213419,0.9999964237213419,-16.01142120361328,1.1125719947484903e-07,1.1125719947484903e-07,1.1125719947484903e-07
gemma4:12b,state_303,Gear_Large,Large gear,USB_Male,False,False,True,input_crops/state_303/USB_Male.png,5a3874a9c4c9ea46017e36201d2d720bdf18ca97b04e8ef6860e4458139d0368,raw/gemma4-12b/state_303/Gear_Large/USB_Male.json,1.269593300006818,B,-11.272294044494629,1.2720520965361693e-05,1.2720520965361693e-05,1.2720520965361693e-05,-1.8477610865375027e-05,0.9999815225598446,0.9999815225598446,0.9999815225598446,-12.806343078613281,2.743316196689164e-06,2.743316196689164e-06,2.743316196689164e-06
gemma4:12b,state_303,Gear_Medium,Medium gear,USB_Male,False,False,True,input_crops/state_303/USB_Male.png,5a3874a9c4c9ea46017e36201d2d720bdf18ca97b04e8ef6860e4458139d0368,raw/gemma4-12b/state_303/Gear_Medium/USB_Male.json,1.234030999999959,B,-10.413710594177246,3.0018082911418606e-05,3.0018082911418606e-05,3.0018082911418606e-05,-5.2572679123841226e-05,0.9999474287027952,0.9999474287027952,0.9999474287027952,-10.946053504943848,1.7627444833227456e-05,1.7627444833227456e-05,1.7627444833227456e-05
gemma4:12b,state_303,Gear_Small,Small gear,USB_Male,False,False,True,input_crops/state_303/USB_Male.png,5a3874a9c4c9ea46017e36201d2d720bdf18ca97b04e8ef6860e4458139d0368,raw/gemma4-12b/state_303/Gear_Small/USB_Male.json,1.2921629999764264,B,-11.01347827911377,1.647810086143988e-05,1.647810086143988e-05,1.647810086143988e-05,-2.3484506527893245e-05,0.999976515769231,0.999976515769231,0.999976515769231,-12.519981384277344,3.6529284964167485e-06,3.6529284964167485e-06,3.6529284964167485e-06
gemma4:12b,state_303,Waterproof_Male,Waterproof connector,USB_Male,False,False,True,input_crops/state_303/USB_Male.png,5a3874a9c4c9ea46017e36201d2d720bdf18ca97b04e8ef6860e4458139d0368,raw/gemma4-12b/state_303/Waterproof_Male/USB_Male.json,1.3788707999628969,A,-8.559592970414087e-05,0.9999144077335229,0.9999144077335229,0.9999144077335229,-9.373373985290527,8.495626313188617e-05,8.495626313188617e-05,8.495626313188617e-05,-17.068065643310547,3.867526288170363e-08,3.867526288170363e-08,3.867526288170363e-08
gemma4:12b,state_303,M12_Hex_Nut,M12 hex nut,USB_Male,False,False,True,input_crops/state_303/USB_Male.png,5a3874a9c4c9ea46017e36201d2d720bdf18ca97b04e8ef6860e4458139d0368,raw/gemma4-12b/state_303/M12_Hex_Nut/USB_Male.json,0.8656929000280797,B,-11.80015754699707,7.503375687643639e-06,7.503375687643639e-06,7.503375687643639e-06,-1.0967314665322192e-05,0.9999890327454755,0.9999890327454755,0.9999890327454755,-13.580190658569336,1.2653134770121768e-06,1.2653134770121768e-06,1.2653134770121768e-06
gemma4:12b,state_303,M16_Hex_Nut,M16 hex nut,USB_Male,False,False,True,input_crops/state_303/USB_Male.png,5a3874a9c4c9ea46017e36201d2d720bdf18ca97b04e8ef6860e4458139d0368,raw/gemma4-12b/state_303/M16_Hex_Nut/USB_Male.json,0.8886159000103362,B,-13.085941314697266,2.0741869452202446e-06,2.0741869452202446e-06,2.0741869452202446e-06,-3.218656047465629e-06,0.9999967813491324,0.9999967813491324,0.9999967813491324,-14.79638385772705,3.7498348283212254e-07,3.7498348283212254e-07,3.7498348283212254e-07
gemma4:12b,state_303,RGOCG16-50_16mm,16 mm round pin,USB_Male,False,False,True,input_crops/state_303/USB_Male.png,5a3874a9c4c9ea46017e36201d2d720bdf18ca97b04e8ef6860e4458139d0368,raw/gemma4-12b/state_303/RGOCG16-50_16mm/USB_Male.json,1.0724476000177674,B,-2.1808407306671143,0.11294653309825199,0.11294653309825199,0.11294653309825199,-0.12109116464853287,0.8859531883001603,0.8859531883001603,0.8859531883001603,-7.191182613372803,0.0007531978517324062,0.0007531978517324062,0.0007531978517324062
gemma4:12b,state_303,RGOCG12-50_12mm,12 mm round pin,USB_Male,False,False,True,input_crops/state_303/USB_Male.png,5a3874a9c4c9ea46017e36201d2d720bdf18ca97b04e8ef6860e4458139d0368,raw/gemma4-12b/state_303/RGOCG12-50_12mm/USB_Male.json,0.9469000999815762,B,-2.776291608810425,0.06226899754123256,0.06226899754123256,0.06226899754123256,-0.06557920575141907,0.9365248656661743,0.9365248656661743,0.9365248656661743,-6.955243110656738,0.000953622077045767,0.000953622077045767,0.000953622077045767
gemma4:12b,state_303,RGOCG8-50_8mm,8 mm round pin,USB_Male,False,False,True,input_crops/state_303/USB_Male.png,5a3874a9c4c9ea46017e36201d2d720bdf18ca97b04e8ef6860e4458139d0368,raw/gemma4-12b/state_303/RGOCG8-50_8mm/USB_Male.json,0.922286199987866,B,-1.4221025705337524,0.24120633003826056,0.24120633003826056,0.24120633003826056,-0.27807101607322693,0.7572430431773901,0.7572430431773901,0.7572430431773901,-6.604710102081299,0.0013539756314834503,0.0013539756314834503,0.0013539756314834503
gemma4:12b,state_303,USB_Male,USB connector + cable,USB_Male,True,True,True,input_crops/state_303/USB_Male.png,5a3874a9c4c9ea46017e36201d2d720bdf18ca97b04e8ef6860e4458139d0368,raw/gemma4-12b/state_303/USB_Male/USB_Male.json,1.099130899994634,A,-8.583106136939023e-06,0.9999914169306978,0.9999914169306978,0.9999914169306978,-11.953851699829102,6.434401682772446e-06,6.434401682772446e-06,6.434401682772446e-06,-16.04054069519043,1.0806416183166958e-07,1.0806416183166958e-07,1.0806416183166958e-07
gemma4:12b,state_303,DSUB_Male,DSUB connector,USB_Male,False,False,True,input_crops/state_303/USB_Male.png,5a3874a9c4c9ea46017e36201d2d720bdf18ca97b04e8ef6860e4458139d0368,raw/gemma4-12b/state_303/DSUB_Male/USB_Male.json,0.9054645999567583,B,-6.2680792808532715,0.0018958665154843741,0.0018958665154843741,0.0018958665154843741,-0.002004186622798443,0.997997820418159,0.997997820418159,0.997997820418159,-9.575318336486816,6.942119480094367e-05,6.942119480094367e-05,6.942119480094367e-05
gemma4:12b,state_303,Gear_Large,Large gear,DSUB_Male,False,False,False,input_crops/state_303/DSUB_Male.png,951cf97dc3898e2a3029bf7b3818dace43fcdf8abc4c737bf166e9942e4e2383,raw/gemma4-12b/state_303/Gear_Large/DSUB_Male.json,1.2634071999927983,B,-9.312522888183594,9.028647491799463e-05,9.028647491799463e-05,9.028647491799463e-05,-0.00010061770444735885,0.9998993873573441,0.9998993873573441,0.9998993873573441,-12.522918701171875,3.64221443083589e-06,3.64221443083589e-06,3.64221443083589e-06
gemma4:12b,state_303,Gear_Medium,Medium gear,DSUB_Male,False,False,False,input_crops/state_303/DSUB_Male.png,951cf97dc3898e2a3029bf7b3818dace43fcdf8abc4c737bf166e9942e4e2383,raw/gemma4-12b/state_303/Gear_Medium/DSUB_Male.json,1.1379492999985814,B,-9.680276870727539,6.250419579673008e-05,6.250419579673008e-05,6.250419579673008e-05,-7.057438779156655e-05,0.9999294281025219,0.9999294281025219,0.9999294281025219,-13.44609260559082,1.4468922093507797e-06,1.4468922093507797e-06,1.4468922093507797e-06
gemma4:12b,state_303,Gear_Small,Small gear,DSUB_Male,False,False,False,input_crops/state_303/DSUB_Male.png,951cf97dc3898e2a3029bf7b3818dace43fcdf8abc4c737bf166e9942e4e2383,raw/gemma4-12b/state_303/Gear_Small/DSUB_Male.json,1.1919714999967255,B,-8.569278717041016,0.00018984953567406597,0.00018984953567406597,0.00018984953567406597,-0.00020404750830493867,0.999795973307972,0.999795973307972,0.999795973307972,-12.240266799926758,4.831919293734975e-06,4.831919293734975e-06,4.831919293734975e-06
gemma4:12b,state_303,Waterproof_Male,Waterproof connector,DSUB_Male,False,False,False,input_crops/state_303/DSUB_Male.png,951cf97dc3898e2a3029bf7b3818dace43fcdf8abc4c737bf166e9942e4e2383,raw/gemma4-12b/state_303/Waterproof_Male/DSUB_Male.json,1.2485618999926373,A,-1.9073504518019035e-06,0.9999980926513672,0.9999980926513672,0.9999980926513672,-13.993927955627441,8.365931585732488e-07,8.365931585732488e-07,8.365931585732488e-07,-18.386138916015625,1.0351453254637849e-08,1.0351453254637849e-08,1.0351453254637849e-08
gemma4:12b,state_303,M12_Hex_Nut,M12 hex nut,DSUB_Male,False,False,False,input_crops/state_303/DSUB_Male.png,951cf97dc3898e2a3029bf7b3818dace43fcdf8abc4c737bf166e9942e4e2383,raw/gemma4-12b/state_303/M12_Hex_Nut/DSUB_Male.json,0.8044336999882944,B,-10.631882667541504,2.413415097725827e-05,2.413415097725827e-05,2.413415097725827e-05,-2.8849064619862475e-05,0.9999711513515104,0.9999711513515104,0.9999711513515104,-13.175278663635254,1.8969207134615098e-06,1.8969207134615098e-06,1.8969207134615098e-06
gemma4:12b,state_303,M16_Hex_Nut,M16 hex nut,DSUB_Male,False,False,False,input_crops/state_303/DSUB_Male.png,951cf97dc3898e2a3029bf7b3818dace43fcdf8abc4c737bf166e9942e4e2383,raw/gemma4-12b/state_303/M16_Hex_Nut/DSUB_Male.json,0.8223272999748588,B,-11.55986499786377,9.541450902388485e-06,9.541450902388485e-06,9.541450902388485e-06,-1.1324947081448045e-05,0.9999886751170455,0.9999886751170455,0.9999886751170455,-14.949434280395508,3.217682469839132e-07,3.217682469839132e-07,3.217682469839132e-07
gemma4:12b,state_303,RGOCG16-50_16mm,16 mm round pin,DSUB_Male,False,False,False,input_crops/state_303/DSUB_Male.png,951cf97dc3898e2a3029bf7b3818dace43fcdf8abc4c737bf166e9942e4e2383,raw/gemma4-12b/state_303/RGOCG16-50_16mm/DSUB_Male.json,1.0115491999895312,A,-3.635949542513117e-05,0.9999636411655733,0.9999636411655733,0.9999636411655733,-10.270037651062012,3.4656070562587926e-05,3.4656070562587926e-05,3.4656070562587926e-05,-16.066072463989258,1.0534001673872853e-07,1.0534001673872853e-07,1.0534001673872853e-07
gemma4:12b,state_303,RGOCG12-50_12mm,12 mm round pin,DSUB_Male,False,False,False,input_crops/state_303/DSUB_Male.png,951cf97dc3898e2a3029bf7b3818dace43fcdf8abc4c737bf166e9942e4e2383,raw/gemma4-12b/state_303/RGOCG12-50_12mm/DSUB_Male.json,0.9247851999825798,A,-0.0001150435782619752,0.9998849630389968,0.9998849630389968,0.9998849630389968,-9.08328628540039,0.00011354784302608547,0.00011354784302608547,0.00011354784302608547,-15.15041446685791,2.631834638312315e-07,2.631834638312315e-07,2.631834638312315e-07
gemma4:12b,state_303,RGOCG8-50_8mm,8 mm round pin,DSUB_Male,False,False,False,input_crops/state_303/DSUB_Male.png,951cf97dc3898e2a3029bf7b3818dace43fcdf8abc4c737bf166e9942e4e2383,raw/gemma4-12b/state_303/RGOCG8-50_8mm/DSUB_Male.json,0.8199353000381961,A,-2.8133788873674348e-05,0.9999718666068776,0.9999718666068776,0.9999718666068776,-10.52901840209961,2.674886803143206e-05,2.674886803143206e-05,2.674886803143206e-05,-15.90396785736084,1.2387809529529587e-07,1.2387809529529587e-07,1.2387809529529587e-07
gemma4:12b,state_303,USB_Male,USB connector + cable,DSUB_Male,False,False,False,input_crops/state_303/DSUB_Male.png,951cf97dc3898e2a3029bf7b3818dace43fcdf8abc4c737bf166e9942e4e2383,raw/gemma4-12b/state_303/USB_Male/DSUB_Male.json,1.0025835999986157,B,-9.241820335388184,9.690103719208182e-05,9.690103719208182e-05,9.690103719208182e-05,-0.00010681722778826952,0.9998931884769687,0.9998931884769687,0.9998931884769687,-14.423629760742188,5.443737635066446e-07,5.443737635066446e-07,5.443737635066446e-07
gemma4:12b,state_303,DSUB_Male,DSUB connector,DSUB_Male,True,True,False,input_crops/state_303/DSUB_Male.png,951cf97dc3898e2a3029bf7b3818dace43fcdf8abc4c737bf166e9942e4e2383,raw/gemma4-12b/state_303/DSUB_Male/DSUB_Male.json,0.8570074000163004,A,-4.768382950715022e-06,0.999995231628418,0.999995231628418,0.999995231628418,-12.38794994354248,4.168518156163315e-06,4.168518156163315e-06,4.168518156163315e-06,-17.792478561401367,1.8742380107421667e-08,1.8742380107421667e-08,1.8742380107421667e-08
