{
  "frame": "camera",
  "object_count": 3,
  "objects": [
    {
      "object_id": "object_001",
      "frame": "camera",
      "center_mm": [
        -311.789,
        -254.062,
        678.532
      ],
      "dimensions_mm": [
        217.229,
        50.085,
        38.394
      ],
      "rpy_deg": [
        -166.814,
        -30.874,
        -169.55
      ],
      "yaw_deg": -162.694,
      "yaw_confidence": 0.923456,
      "rotation_matrix": [
        [
          -0.844066,
          -0.291711,
          -0.449952
        ],
        [
          -0.155676,
          0.936252,
          -0.314955
        ],
        [
          0.513145,
          -0.195796,
          -0.835671
        ]
      ],
      "point_count": 671
    },
    {
      "object_id": "object_002",
      "frame": "camera",
      "center_mm": [
        99.045,
        -54.676,
        367.995
      ],
      "dimensions_mm": [
        48.929,
        46.432,
        36.823
      ],
      "rpy_deg": [
        -177.022,
        -33.196,
        -150.437
      ],
      "yaw_deg": -148.806,
      "yaw_confidence": 0.440972,
      "rotation_matrix": [
        [
          -0.727863,
          -0.517454,
          -0.449952
        ],
        [
          -0.412859,
          0.854606,
          -0.314955
        ],
        [
          0.547506,
          -0.043477,
          -0.835671
        ]
      ],
      "point_count": 486
    },
    {
      "object_id": "object_003",
      "frame": "camera",
      "center_mm": [
        107.495,
        -169.275,
        443.53
      ],
      "dimensions_mm": [
        123.823,
        21.194,
        3.71
      ],
      "rpy_deg": [
        18.876,
        -27.973,
        178.901
      ],
      "yaw_deg": -171.988,
      "yaw_confidence": 0.993634,
      "rotation_matrix": [
        [
          -0.883007,
          0.133575,
          0.449952
        ],
        [
          0.016939,
          -0.948956,
          0.314955
        ],
        [
          0.469055,
          0.285729,
          0.835671
        ]
      ],
      "point_count": 129
    }
  ]
}