{
  "frame": "camera",
  "object_count": 2,
  "objects": [
    {
      "object_id": "object_001",
      "frame": "camera",
      "center_mm": [
        -300.075,
        -247.858,
        669.554
      ],
      "dimensions_mm": [
        191.316,
        45.076,
        39.414
      ],
      "rpy_deg": [
        -165.097,
        -30.187,
        -172.813
      ],
      "yaw_deg": -165.191,
      "yaw_confidence": 0.924594,
      "rotation_matrix": [
        [
          -0.857597,
          -0.2492,
          -0.449919
        ],
        [
          -0.108143,
          0.942593,
          -0.315948
        ],
        [
          0.502825,
          -0.2223,
          -0.835314
        ]
      ],
      "point_count": 695
    },
    {
      "object_id": "object_002",
      "frame": "camera",
      "center_mm": [
        103.144,
        -61.356,
        368.331
      ],
      "dimensions_mm": [
        49.477,
        63.737,
        38.857
      ],
      "rpy_deg": [
        -173.811,
        -32.838,
        -156.231
      ],
      "yaw_deg": -152.866,
      "yaw_confidence": 0.439323,
      "rotation_matrix": [
        [
          -0.768943,
          -0.454203,
          -0.449919
        ],
        [
          -0.338647,
          0.886281,
          -0.315948
        ],
        [
          0.542259,
          -0.090582,
          -0.835314
        ]
      ],
      "point_count": 469
    }
  ]
}