{
  "frame": "camera",
  "object_count": 2,
  "objects": [
    {
      "object_id": "object_001",
      "frame": "camera",
      "center_mm": [
        -315.81,
        -253.451,
        679.494
      ],
      "dimensions_mm": [
        200.652,
        44.993,
        38.102
      ],
      "rpy_deg": [
        -167.144,
        -31.04,
        -168.766
      ],
      "yaw_deg": -162.054,
      "yaw_confidence": 0.931625,
      "rotation_matrix": [
        [
          -0.840394,
          -0.302469,
          -0.449722
        ],
        [
          -0.166925,
          0.933899,
          -0.31618
        ],
        [
          0.515629,
          -0.190646,
          -0.835333
        ]
      ],
      "point_count": 681
    },
    {
      "object_id": "object_002",
      "frame": "camera",
      "center_mm": [
        99.745,
        -54.431,
        367.889
      ],
      "dimensions_mm": [
        47.425,
        47.013,
        38.109
      ],
      "rpy_deg": [
        -177.089,
        -33.237,
        -150.191
      ],
      "yaw_deg": -148.595,
      "yaw_confidence": 0.401698,
      "rotation_matrix": [
        [
          -0.725745,
          -0.520619,
          -0.449722
        ],
        [
          -0.415787,
          0.852732,
          -0.31618
        ],
        [
          0.548102,
          -0.042477,
          -0.835333
        ]
      ],
      "point_count": 486
    }
  ]
}