model,state,target,target_name,target_family,posthoc_identity,observed_family,own_object_match,same_family,assisted_fallback,crop_file,crop_sha256,response_file,elapsed_seconds,answer,logp_A,p_A,p_A_lower,p_A_upper,logp_B,p_B,p_B_lower,p_B_upper,logp_C,p_C,p_C_lower,p_C_upper
qwen3.5:9b,original,Gear_Large,Large gear,gear,Gear_Large,gear,True,True,False,../vlm_four_scene_20260925/input_crops/original/Gear_Large.png,8643de8c1b1dcf74dc92d04cdefcfdc0735be5d7df1bdc7bdc7e077aadca78b3,qwen3.5-9b/responses/original/Gear_Large/Gear_Large.json,5.581010999972932,A,-0.027331450954079628,0.9730386734728668,0.9730386734728668,0.9730386734728668,-5.209752082824707,0.005463027898212884,0.005463027898212884,0.005463027898212884,-3.866847276687622,0.020924233864380335,0.020924233864380335,0.020924233864380335
qwen3.5:9b,original,Gear_Medium,Medium gear,gear,Gear_Large,gear,False,True,False,../vlm_four_scene_20260925/input_crops/original/Gear_Large.png,8643de8c1b1dcf74dc92d04cdefcfdc0735be5d7df1bdc7bdc7e077aadca78b3,qwen3.5-9b/responses/original/Gear_Medium/Gear_Large.json,0.07458439999027178,A,-0.027331450954079628,0.9730386734728668,0.9730386734728668,0.9730386734728668,-5.209752082824707,0.005463027898212884,0.005463027898212884,0.005463027898212884,-3.866847276687622,0.020924233864380335,0.020924233864380335,0.020924233864380335
qwen3.5:9b,original,Gear_Small,Small gear,gear,Gear_Large,gear,False,True,False,../vlm_four_scene_20260925/input_crops/original/Gear_Large.png,8643de8c1b1dcf74dc92d04cdefcfdc0735be5d7df1bdc7bdc7e077aadca78b3,qwen3.5-9b/responses/original/Gear_Small/Gear_Large.json,0.05677470000227913,A,-0.027331450954079628,0.9730386734728668,0.9730386734728668,0.9730386734728668,-5.209752082824707,0.005463027898212884,0.005463027898212884,0.005463027898212884,-3.866847276687622,0.020924233864380335,0.020924233864380335,0.020924233864380335
qwen3.5:9b,original,Waterproof_Male,Waterproof connector,Waterproof_Male,Gear_Large,gear,False,False,False,../vlm_four_scene_20260925/input_crops/original/Gear_Large.png,8643de8c1b1dcf74dc92d04cdefcfdc0735be5d7df1bdc7bdc7e077aadca78b3,qwen3.5-9b/responses/original/Waterproof_Male/Gear_Large.json,0.41332859999965876,B,-4.5976881980896,0.010075100479078433,0.010075100479078433,0.010075100479078433,-0.27666589617729187,0.758307808329581,0.758307808329581,0.758307808329581,-1.4660923480987549,0.23082571168643634,0.23082571168643634,0.23082571168643634
qwen3.5:9b,original,M12_Hex_Nut,M12 hex nut,hex_nut,Gear_Large,gear,False,False,False,../vlm_four_scene_20260925/input_crops/original/Gear_Large.png,8643de8c1b1dcf74dc92d04cdefcfdc0735be5d7df1bdc7bdc7e077aadca78b3,qwen3.5-9b/responses/original/M12_Hex_Nut/Gear_Large.json,0.40429109998513013,B,-5.143418788909912,0.0058376977024109915,0.0058376977024109915,0.0058376977024109915,-0.032382261008024216,0.9681364305286136,0.9681364305286136,0.9681364305286136,-3.674809694290161,0.025354230118396427,0.025354230118396427,0.025354230118396427
qwen3.5:9b,original,M16_Hex_Nut,M16 hex nut,hex_nut,Gear_Large,gear,False,False,False,../vlm_four_scene_20260925/input_crops/original/Gear_Large.png,8643de8c1b1dcf74dc92d04cdefcfdc0735be5d7df1bdc7bdc7e077aadca78b3,qwen3.5-9b/responses/original/M16_Hex_Nut/Gear_Large.json,0.05792470002779737,B,-5.143418788909912,0.0058376977024109915,0.0058376977024109915,0.0058376977024109915,-0.032382261008024216,0.9681364305286136,0.9681364305286136,0.9681364305286136,-3.674809694290161,0.025354230118396427,0.025354230118396427,0.025354230118396427
qwen3.5:9b,original,RGOCG16-50_16mm,16 mm round pin,round_pin,Gear_Large,gear,False,False,False,../vlm_four_scene_20260925/input_crops/original/Gear_Large.png,8643de8c1b1dcf74dc92d04cdefcfdc0735be5d7df1bdc7bdc7e077aadca78b3,qwen3.5-9b/responses/original/RGOCG16-50_16mm/Gear_Large.json,0.4074826000141911,B,-4.146862983703613,0.01581394736524107,0.01581394736524107,0.01581394736524107,-0.22404934465885162,0.799275693409853,0.799275693409853,0.799275693409853,-1.6907488107681274,0.1843814055052528,0.1843814055052528,0.1843814055052528
qwen3.5:9b,original,RGOCG12-50_12mm,12 mm round pin,round_pin,Gear_Large,gear,False,False,False,../vlm_four_scene_20260925/input_crops/original/Gear_Large.png,8643de8c1b1dcf74dc92d04cdefcfdc0735be5d7df1bdc7bdc7e077aadca78b3,qwen3.5-9b/responses/original/RGOCG12-50_12mm/Gear_Large.json,0.061570099962409586,B,-4.146862983703613,0.01581394736524107,0.01581394736524107,0.01581394736524107,-0.22404934465885162,0.799275693409853,0.799275693409853,0.799275693409853,-1.6907488107681274,0.1843814055052528,0.1843814055052528,0.1843814055052528
qwen3.5:9b,original,RGOCG8-50_8mm,8 mm round pin,round_pin,Gear_Large,gear,False,False,False,../vlm_four_scene_20260925/input_crops/original/Gear_Large.png,8643de8c1b1dcf74dc92d04cdefcfdc0735be5d7df1bdc7bdc7e077aadca78b3,qwen3.5-9b/responses/original/RGOCG8-50_8mm/Gear_Large.json,0.05952619999879971,B,-4.146862983703613,0.01581394736524107,0.01581394736524107,0.01581394736524107,-0.22404934465885162,0.799275693409853,0.799275693409853,0.799275693409853,-1.6907488107681274,0.1843814055052528,0.1843814055052528,0.1843814055052528
qwen3.5:9b,original,USB_Male,USB connector + cable,USB_Male,Gear_Large,gear,False,False,False,../vlm_four_scene_20260925/input_crops/original/Gear_Large.png,8643de8c1b1dcf74dc92d04cdefcfdc0735be5d7df1bdc7bdc7e077aadca78b3,qwen3.5-9b/responses/original/USB_Male/Gear_Large.json,0.41162899998016655,B,-4.969284534454346,0.006948117395434548,0.006948117395434548,0.006948117395434548,-0.5711710453033447,0.5648635704051425,0.5648635704051425,0.5648635704051425,-0.8493807315826416,0.4276796984895069,0.4276796984895069,0.4276796984895069
qwen3.5:9b,original,DSUB_Male,DSUB connector,DSUB_Male,Gear_Large,gear,False,False,False,../vlm_four_scene_20260925/input_crops/original/Gear_Large.png,8643de8c1b1dcf74dc92d04cdefcfdc0735be5d7df1bdc7bdc7e077aadca78b3,qwen3.5-9b/responses/original/DSUB_Male/Gear_Large.json,0.43188889999873936,C,-4.530998229980469,0.010769919848163658,0.010769919848163658,0.010769919848163658,-1.4887754917144775,0.22564879525665868,0.22564879525665868,0.22564879525665868,-0.2704412341117859,0.7630427395630242,0.7630427395630242,0.7630427395630242
qwen3.5:9b,original,Gear_Large,Large gear,gear,Gear_Medium,gear,False,True,False,../vlm_four_scene_20260925/input_crops/original/Gear_Medium.png,32184c8966576de2b036c51d8d5e7cd940e019617b393dc6403bb6f08a234392,qwen3.5-9b/responses/original/Gear_Large/Gear_Medium.json,0.4217355999862775,A,-0.010285701602697372,0.9897670153276775,0.9897670153276775,0.9897670153276775,-6.37214994430542,0.0017084821327772697,0.0017084821327772697,0.0017084821327772697,-4.799220561981201,0.008236164127287641,0.008236164127287641,0.008236164127287641
qwen3.5:9b,original,Gear_Medium,Medium gear,gear,Gear_Medium,gear,True,True,False,../vlm_four_scene_20260925/input_crops/original/Gear_Medium.png,32184c8966576de2b036c51d8d5e7cd940e019617b393dc6403bb6f08a234392,qwen3.5-9b/responses/original/Gear_Medium/Gear_Medium.json,0.05899319995660335,A,-0.010285701602697372,0.9897670153276775,0.9897670153276775,0.9897670153276775,-6.37214994430542,0.0017084821327772697,0.0017084821327772697,0.0017084821327772697,-4.799220561981201,0.008236164127287641,0.008236164127287641,0.008236164127287641
qwen3.5:9b,original,Gear_Small,Small gear,gear,Gear_Medium,gear,False,True,False,../vlm_four_scene_20260925/input_crops/original/Gear_Medium.png,32184c8966576de2b036c51d8d5e7cd940e019617b393dc6403bb6f08a234392,qwen3.5-9b/responses/original/Gear_Small/Gear_Medium.json,0.05536430003121495,A,-0.010285701602697372,0.9897670153276775,0.9897670153276775,0.9897670153276775,-6.37214994430542,0.0017084821327772697,0.0017084821327772697,0.0017084821327772697,-4.799220561981201,0.008236164127287641,0.008236164127287641,0.008236164127287641
qwen3.5:9b,original,Waterproof_Male,Waterproof connector,Waterproof_Male,Gear_Medium,gear,False,False,False,../vlm_four_scene_20260925/input_crops/original/Gear_Medium.png,32184c8966576de2b036c51d8d5e7cd940e019617b393dc6403bb6f08a234392,qwen3.5-9b/responses/original/Waterproof_Male/Gear_Medium.json,0.3952751999604516,B,-5.051268577575684,0.006401207864626405,0.006401207864626405,0.006401207864626405,-0.25298574566841125,0.7764789499332774,0.7764789499332774,0.7764789499332774,-1.5306289196014404,0.2163995266056891,0.2163995266056891,0.2163995266056891
qwen3.5:9b,original,M12_Hex_Nut,M12 hex nut,hex_nut,Gear_Medium,gear,False,False,False,../vlm_four_scene_20260925/input_crops/original/Gear_Medium.png,32184c8966576de2b036c51d8d5e7cd940e019617b393dc6403bb6f08a234392,qwen3.5-9b/responses/original/M12_Hex_Nut/Gear_Medium.json,0.4116846999968402,B,-4.896438121795654,0.007473154186307637,0.007473154186307637,0.007473154186307637,-0.03049776889383793,0.9699625961543217,0.9699625961543217,0.9699625961543217,-3.82414174079895,0.02183716944221565,0.02183716944221565,0.02183716944221565
qwen3.5:9b,original,M16_Hex_Nut,M16 hex nut,hex_nut,Gear_Medium,gear,False,False,False,../vlm_four_scene_20260925/input_crops/original/Gear_Medium.png,32184c8966576de2b036c51d8d5e7cd940e019617b393dc6403bb6f08a234392,qwen3.5-9b/responses/original/M16_Hex_Nut/Gear_Medium.json,0.05724310001824051,B,-4.896438121795654,0.007473154186307637,0.007473154186307637,0.007473154186307637,-0.03049776889383793,0.9699625961543217,0.9699625961543217,0.9699625961543217,-3.82414174079895,0.02183716944221565,0.02183716944221565,0.02183716944221565
qwen3.5:9b,original,RGOCG16-50_16mm,16 mm round pin,round_pin,Gear_Medium,gear,False,False,False,../vlm_four_scene_20260925/input_crops/original/Gear_Medium.png,32184c8966576de2b036c51d8d5e7cd940e019617b393dc6403bb6f08a234392,qwen3.5-9b/responses/original/RGOCG16-50_16mm/Gear_Medium.json,0.4178410000167787,B,-4.332668781280518,0.013132453036368166,0.013132453036368166,0.013132453036368166,-0.1560521423816681,0.8555145806402135,0.8555145806402135,0.8555145806402135,-2.0341362953186035,0.13079340060545774,0.13079340060545774,0.13079340060545774
qwen3.5:9b,original,RGOCG12-50_12mm,12 mm round pin,round_pin,Gear_Medium,gear,False,False,False,../vlm_four_scene_20260925/input_crops/original/Gear_Medium.png,32184c8966576de2b036c51d8d5e7cd940e019617b393dc6403bb6f08a234392,qwen3.5-9b/responses/original/RGOCG12-50_12mm/Gear_Medium.json,0.057507799996528774,B,-4.332668781280518,0.013132453036368166,0.013132453036368166,0.013132453036368166,-0.1560521423816681,0.8555145806402135,0.8555145806402135,0.8555145806402135,-2.0341362953186035,0.13079340060545774,0.13079340060545774,0.13079340060545774
qwen3.5:9b,original,RGOCG8-50_8mm,8 mm round pin,round_pin,Gear_Medium,gear,False,False,False,../vlm_four_scene_20260925/input_crops/original/Gear_Medium.png,32184c8966576de2b036c51d8d5e7cd940e019617b393dc6403bb6f08a234392,qwen3.5-9b/responses/original/RGOCG8-50_8mm/Gear_Medium.json,0.05452419997891411,B,-4.332668781280518,0.013132453036368166,0.013132453036368166,0.013132453036368166,-0.1560521423816681,0.8555145806402135,0.8555145806402135,0.8555145806402135,-2.0341362953186035,0.13079340060545774,0.13079340060545774,0.13079340060545774
qwen3.5:9b,original,USB_Male,USB connector + cable,USB_Male,Gear_Medium,gear,False,False,False,../vlm_four_scene_20260925/input_crops/original/Gear_Medium.png,32184c8966576de2b036c51d8d5e7cd940e019617b393dc6403bb6f08a234392,qwen3.5-9b/responses/original/USB_Male/Gear_Medium.json,0.42948579997755587,B,-5.3394317626953125,0.00479859667736721,0.00479859667736721,0.00479859667736721,-0.2030925452709198,0.8162027022300629,0.8162027022300629,0.8162027022300629,-1.7228507995605469,0.17855639316525543,0.17855639316525543,0.17855639316525543
qwen3.5:9b,original,DSUB_Male,DSUB connector,DSUB_Male,Gear_Medium,gear,False,False,False,../vlm_four_scene_20260925/input_crops/original/Gear_Medium.png,32184c8966576de2b036c51d8d5e7cd940e019617b393dc6403bb6f08a234392,qwen3.5-9b/responses/original/DSUB_Male/Gear_Medium.json,0.4237278000218794,B,-4.577153205871582,0.010284131468482208,0.010284131468482208,0.010284131468482208,-0.5802469849586487,0.5597600971664222,0.5597600971664222,0.5597600971664222,-0.8459864258766174,0.4291338406357977,0.4291338406357977,0.4291338406357977
qwen3.5:9b,original,Gear_Large,Large gear,gear,Gear_Small,gear,False,True,False,../vlm_four_scene_20260925/input_crops/original/Gear_Small.png,12582ccd34fdba48126c0e1e0d71701e3ab31413538cfcbedfd42b8adf7e792c,qwen3.5-9b/responses/original/Gear_Large/Gear_Small.json,0.41632670001126826,A,-0.006075622048228979,0.9939427972216879,0.9939427972216879,0.9939427972216879,-6.7255730628967285,0.0011998328027987035,0.0011998328027987035,0.0011998328027987035,-5.392591953277588,0.004550164224938336,0.004550164224938336,0.004550164224938336
qwen3.5:9b,original,Gear_Medium,Medium gear,gear,Gear_Small,gear,False,True,False,../vlm_four_scene_20260925/input_crops/original/Gear_Small.png,12582ccd34fdba48126c0e1e0d71701e3ab31413538cfcbedfd42b8adf7e792c,qwen3.5-9b/responses/original/Gear_Medium/Gear_Small.json,0.05772199999773875,A,-0.006075622048228979,0.9939427972216879,0.9939427972216879,0.9939427972216879,-6.7255730628967285,0.0011998328027987035,0.0011998328027987035,0.0011998328027987035,-5.392591953277588,0.004550164224938336,0.004550164224938336,0.004550164224938336
qwen3.5:9b,original,Gear_Small,Small gear,gear,Gear_Small,gear,True,True,False,../vlm_four_scene_20260925/input_crops/original/Gear_Small.png,12582ccd34fdba48126c0e1e0d71701e3ab31413538cfcbedfd42b8adf7e792c,qwen3.5-9b/responses/original/Gear_Small/Gear_Small.json,0.05944919999456033,A,-0.006075622048228979,0.9939427972216879,0.9939427972216879,0.9939427972216879,-6.7255730628967285,0.0011998328027987035,0.0011998328027987035,0.0011998328027987035,-5.392591953277588,0.004550164224938336,0.004550164224938336,0.004550164224938336
qwen3.5:9b,original,Waterproof_Male,Waterproof connector,Waterproof_Male,Gear_Small,gear,False,False,False,../vlm_four_scene_20260925/input_crops/original/Gear_Small.png,12582ccd34fdba48126c0e1e0d71701e3ab31413538cfcbedfd42b8adf7e792c,qwen3.5-9b/responses/original/Waterproof_Male/Gear_Small.json,0.4143016000161879,C,-3.3316619396209717,0.03573366849186641,0.03573366849186641,0.03573366849186641,-0.9692541360855103,0.379365887932743,0.379365887932743,0.379365887932743,-0.5376517176628113,0.5841183178227201,0.5841183178227201,0.5841183178227201
qwen3.5:9b,original,M12_Hex_Nut,M12 hex nut,hex_nut,Gear_Small,gear,False,False,False,../vlm_four_scene_20260925/input_crops/original/Gear_Small.png,12582ccd34fdba48126c0e1e0d71701e3ab31413538cfcbedfd42b8adf7e792c,qwen3.5-9b/responses/original/M12_Hex_Nut/Gear_Small.json,0.41289989999495447,B,-4.455792427062988,0.0116111152661538,0.0116111152661538,0.0116111152661538,-0.026348955929279327,0.9739951489177349,0.9739951489177349,0.9739951489177349,-4.272366523742676,0.013948734052705752,0.013948734052705752,0.013948734052705752
qwen3.5:9b,original,M16_Hex_Nut,M16 hex nut,hex_nut,Gear_Small,gear,False,False,False,../vlm_four_scene_20260925/input_crops/original/Gear_Small.png,12582ccd34fdba48126c0e1e0d71701e3ab31413538cfcbedfd42b8adf7e792c,qwen3.5-9b/responses/original/M16_Hex_Nut/Gear_Small.json,0.058554999995976686,B,-4.455792427062988,0.0116111152661538,0.0116111152661538,0.0116111152661538,-0.026348955929279327,0.9739951489177349,0.9739951489177349,0.9739951489177349,-4.272366523742676,0.013948734052705752,0.013948734052705752,0.013948734052705752
qwen3.5:9b,original,RGOCG16-50_16mm,16 mm round pin,round_pin,Gear_Small,gear,False,False,False,../vlm_four_scene_20260925/input_crops/original/Gear_Small.png,12582ccd34fdba48126c0e1e0d71701e3ab31413538cfcbedfd42b8adf7e792c,qwen3.5-9b/responses/original/RGOCG16-50_16mm/Gear_Small.json,0.40515840001171455,B,-3.4219069480895996,0.032650113464500835,0.032650113464500835,0.032650113464500835,-0.317469984292984,0.7279885315368505,0.7279885315368505,0.7279885315368505,-1.4325881004333496,0.23869036750455552,0.23869036750455552,0.23869036750455552
qwen3.5:9b,original,RGOCG12-50_12mm,12 mm round pin,round_pin,Gear_Small,gear,False,False,False,../vlm_four_scene_20260925/input_crops/original/Gear_Small.png,12582ccd34fdba48126c0e1e0d71701e3ab31413538cfcbedfd42b8adf7e792c,qwen3.5-9b/responses/original/RGOCG12-50_12mm/Gear_Small.json,0.057463200006168336,B,-3.4219069480895996,0.032650113464500835,0.032650113464500835,0.032650113464500835,-0.317469984292984,0.7279885315368505,0.7279885315368505,0.7279885315368505,-1.4325881004333496,0.23869036750455552,0.23869036750455552,0.23869036750455552
qwen3.5:9b,original,RGOCG8-50_8mm,8 mm round pin,round_pin,Gear_Small,gear,False,False,False,../vlm_four_scene_20260925/input_crops/original/Gear_Small.png,12582ccd34fdba48126c0e1e0d71701e3ab31413538cfcbedfd42b8adf7e792c,qwen3.5-9b/responses/original/RGOCG8-50_8mm/Gear_Small.json,0.05465210002148524,B,-3.4219069480895996,0.032650113464500835,0.032650113464500835,0.032650113464500835,-0.317469984292984,0.7279885315368505,0.7279885315368505,0.7279885315368505,-1.4325881004333496,0.23869036750455552,0.23869036750455552,0.23869036750455552
qwen3.5:9b,original,USB_Male,USB connector + cable,USB_Male,Gear_Small,gear,False,False,False,../vlm_four_scene_20260925/input_crops/original/Gear_Small.png,12582ccd34fdba48126c0e1e0d71701e3ab31413538cfcbedfd42b8adf7e792c,qwen3.5-9b/responses/original/USB_Male/Gear_Small.json,0.42304079997120425,B,-4.896756172180176,0.007470777724682393,0.007470777724682393,0.007470777724682393,-0.5743511915206909,0.5630700749587989,0.5630700749587989,0.5630700749587989,-0.8473938703536987,0.42853028341813465,0.42853028341813465,0.42853028341813465
qwen3.5:9b,original,DSUB_Male,DSUB connector,DSUB_Male,Gear_Small,gear,False,False,False,../vlm_four_scene_20260925/input_crops/original/Gear_Small.png,12582ccd34fdba48126c0e1e0d71701e3ab31413538cfcbedfd42b8adf7e792c,qwen3.5-9b/responses/original/DSUB_Male/Gear_Small.json,0.4047300000092946,C,-3.5278921127319336,0.0293667524754925,0.0293667524754925,0.0293667524754925,-1.8794889450073242,0.15266810762218752,0.15266810762218752,0.15266810762218752,-0.20264916121959686,0.8165646737311436,0.8165646737311436,0.8165646737311436
qwen3.5:9b,original,Gear_Large,Large gear,gear,Waterproof_Male,Waterproof_Male,False,False,False,../vlm_four_scene_20260925/input_crops/original/Waterproof_Male.png,41b585482c19ce36d3222b4ce188fedb570a2c64e3d131c84b65485afb23e2f0,qwen3.5-9b/responses/original/Gear_Large/Waterproof_Male.json,0.4219357999972999,C,-4.952951431274414,0.007062533555678058,0.007062533555678058,0.007062533555678058,-1.0005247592926025,0.367686443659178,0.367686443659178,0.367686443659178,-0.4707014858722687,0.6245639917617307,0.6245639917617307,0.6245639917617307
qwen3.5:9b,original,Gear_Medium,Medium gear,gear,Waterproof_Male,Waterproof_Male,False,False,False,../vlm_four_scene_20260925/input_crops/original/Waterproof_Male.png,41b585482c19ce36d3222b4ce188fedb570a2c64e3d131c84b65485afb23e2f0,qwen3.5-9b/responses/original/Gear_Medium/Waterproof_Male.json,0.05967490002512932,C,-4.952951431274414,0.007062533555678058,0.007062533555678058,0.007062533555678058,-1.0005247592926025,0.367686443659178,0.367686443659178,0.367686443659178,-0.4707014858722687,0.6245639917617307,0.6245639917617307,0.6245639917617307
qwen3.5:9b,original,Gear_Small,Small gear,gear,Waterproof_Male,Waterproof_Male,False,False,False,../vlm_four_scene_20260925/input_crops/original/Waterproof_Male.png,41b585482c19ce36d3222b4ce188fedb570a2c64e3d131c84b65485afb23e2f0,qwen3.5-9b/responses/original/Gear_Small/Waterproof_Male.json,0.05608020001091063,C,-4.952951431274414,0.007062533555678058,0.007062533555678058,0.007062533555678058,-1.0005247592926025,0.367686443659178,0.367686443659178,0.367686443659178,-0.4707014858722687,0.6245639917617307,0.6245639917617307,0.6245639917617307
qwen3.5:9b,original,Waterproof_Male,Waterproof connector,Waterproof_Male,Waterproof_Male,Waterproof_Male,True,True,False,../vlm_four_scene_20260925/input_crops/original/Waterproof_Male.png,41b585482c19ce36d3222b4ce188fedb570a2c64e3d131c84b65485afb23e2f0,qwen3.5-9b/responses/original/Waterproof_Male/Waterproof_Male.json,0.4231489999801852,A,-0.003505525877699256,0.9965006113046954,0.9965006113046954,0.9965006113046954,-7.961357116699219,0.0003486795973172599,0.0003486795973172599,0.0003486795973172599,-5.837972640991211,0.0029147458760970433,0.0029147458760970433,0.0029147458760970433
qwen3.5:9b,original,M12_Hex_Nut,M12 hex nut,hex_nut,Waterproof_Male,Waterproof_Male,False,False,False,../vlm_four_scene_20260925/input_crops/original/Waterproof_Male.png,41b585482c19ce36d3222b4ce188fedb570a2c64e3d131c84b65485afb23e2f0,qwen3.5-9b/responses/original/M12_Hex_Nut/Waterproof_Male.json,0.4213888000231236,C,-3.8833119869232178,0.020582543055927924,0.020582543055927924,0.020582543055927924,-1.094510793685913,0.3347033058746484,0.3347033058746484,0.3347033058746484,-0.4399622678756714,0.6440607224039212,0.6440607224039212,0.6440607224039212
qwen3.5:9b,original,M16_Hex_Nut,M16 hex nut,hex_nut,Waterproof_Male,Waterproof_Male,False,False,False,../vlm_four_scene_20260925/input_crops/original/Waterproof_Male.png,41b585482c19ce36d3222b4ce188fedb570a2c64e3d131c84b65485afb23e2f0,qwen3.5-9b/responses/original/M16_Hex_Nut/Waterproof_Male.json,0.05865720001747832,C,-3.8833119869232178,0.020582543055927924,0.020582543055927924,0.020582543055927924,-1.094510793685913,0.3347033058746484,0.3347033058746484,0.3347033058746484,-0.4399622678756714,0.6440607224039212,0.6440607224039212,0.6440607224039212
qwen3.5:9b,original,RGOCG16-50_16mm,16 mm round pin,round_pin,Waterproof_Male,Waterproof_Male,False,False,False,../vlm_four_scene_20260925/input_crops/original/Waterproof_Male.png,41b585482c19ce36d3222b4ce188fedb570a2c64e3d131c84b65485afb23e2f0,qwen3.5-9b/responses/original/RGOCG16-50_16mm/Waterproof_Male.json,0.42531189997680485,C,-2.585300922393799,0.07537339464574787,0.07537339464574787,0.07537339464574787,-1.4312254190444946,0.23901584813888893,0.23901584813888893,0.23901584813888893,-0.37979185581207275,0.6840037658048659,0.6840037658048659,0.6840037658048659
qwen3.5:9b,original,RGOCG12-50_12mm,12 mm round pin,round_pin,Waterproof_Male,Waterproof_Male,False,False,False,../vlm_four_scene_20260925/input_crops/original/Waterproof_Male.png,41b585482c19ce36d3222b4ce188fedb570a2c64e3d131c84b65485afb23e2f0,qwen3.5-9b/responses/original/RGOCG12-50_12mm/Waterproof_Male.json,0.07616009999765083,C,-2.585300922393799,0.07537339464574787,0.07537339464574787,0.07537339464574787,-1.4312254190444946,0.23901584813888893,0.23901584813888893,0.23901584813888893,-0.37979185581207275,0.6840037658048659,0.6840037658048659,0.6840037658048659
qwen3.5:9b,original,RGOCG8-50_8mm,8 mm round pin,round_pin,Waterproof_Male,Waterproof_Male,False,False,False,../vlm_four_scene_20260925/input_crops/original/Waterproof_Male.png,41b585482c19ce36d3222b4ce188fedb570a2c64e3d131c84b65485afb23e2f0,qwen3.5-9b/responses/original/RGOCG8-50_8mm/Waterproof_Male.json,0.05593899998348206,C,-2.585300922393799,0.07537339464574787,0.07537339464574787,0.07537339464574787,-1.4312254190444946,0.23901584813888893,0.23901584813888893,0.23901584813888893,-0.37979185581207275,0.6840037658048659,0.6840037658048659,0.6840037658048659
qwen3.5:9b,original,USB_Male,USB connector + cable,USB_Male,Waterproof_Male,Waterproof_Male,False,False,False,../vlm_four_scene_20260925/input_crops/original/Waterproof_Male.png,41b585482c19ce36d3222b4ce188fedb570a2c64e3d131c84b65485afb23e2f0,qwen3.5-9b/responses/original/USB_Male/Waterproof_Male.json,0.4211264999466948,B,-3.309950351715088,0.03651798676414488,0.03651798676414488,0.03651798676414488,-0.6570249199867249,0.5183912981885235,0.5183912981885235,0.5183912981885235,-0.8119168281555176,0.44400616648993246,0.44400616648993246,0.44400616648993246
qwen3.5:9b,original,DSUB_Male,DSUB connector,DSUB_Male,Waterproof_Male,Waterproof_Male,False,False,False,../vlm_four_scene_20260925/input_crops/original/Waterproof_Male.png,41b585482c19ce36d3222b4ce188fedb570a2c64e3d131c84b65485afb23e2f0,qwen3.5-9b/responses/original/DSUB_Male/Waterproof_Male.json,0.42657209996832535,A,-0.38309749960899353,0.681746426035514,0.681746426035514,0.681746426035514,-1.9795140027999878,0.13813635488178844,0.13813635488178844,0.13813635488178844,-1.7263611555099487,0.17793069552144555,0.17793069552144555,0.17793069552144555
qwen3.5:9b,original,Gear_Large,Large gear,gear,M12_Hex_Nut,hex_nut,False,False,False,../vlm_four_scene_20260925/input_crops/original/M12_Hex_Nut.png,38c0f98390b534a6792efcbe2e21a4c07ceeeea957ea1c15c814989186114245,qwen3.5-9b/responses/original/Gear_Large/M12_Hex_Nut.json,0.40249449998373166,A,-0.449579656124115,0.637896231049225,0.637896231049225,0.637896231049225,-2.3906404972076416,0.0915710141117605,0.0915710141117605,0.0915710141117605,-1.3128266334533691,0.26905845088380664,0.26905845088380664,0.26905845088380664
qwen3.5:9b,original,Gear_Medium,Medium gear,gear,M12_Hex_Nut,hex_nut,False,False,False,../vlm_four_scene_20260925/input_crops/original/M12_Hex_Nut.png,38c0f98390b534a6792efcbe2e21a4c07ceeeea957ea1c15c814989186114245,qwen3.5-9b/responses/original/Gear_Medium/M12_Hex_Nut.json,0.05887560005066916,A,-0.449579656124115,0.637896231049225,0.637896231049225,0.637896231049225,-2.3906404972076416,0.0915710141117605,0.0915710141117605,0.0915710141117605,-1.3128266334533691,0.26905845088380664,0.26905845088380664,0.26905845088380664
qwen3.5:9b,original,Gear_Small,Small gear,gear,M12_Hex_Nut,hex_nut,False,False,False,../vlm_four_scene_20260925/input_crops/original/M12_Hex_Nut.png,38c0f98390b534a6792efcbe2e21a4c07ceeeea957ea1c15c814989186114245,qwen3.5-9b/responses/original/Gear_Small/M12_Hex_Nut.json,0.05519450001884252,A,-0.449579656124115,0.637896231049225,0.637896231049225,0.637896231049225,-2.3906404972076416,0.0915710141117605,0.0915710141117605,0.0915710141117605,-1.3128266334533691,0.26905845088380664,0.26905845088380664,0.26905845088380664
qwen3.5:9b,original,Waterproof_Male,Waterproof connector,Waterproof_Male,M12_Hex_Nut,hex_nut,False,False,False,../vlm_four_scene_20260925/input_crops/original/M12_Hex_Nut.png,38c0f98390b534a6792efcbe2e21a4c07ceeeea957ea1c15c814989186114245,qwen3.5-9b/responses/original/Waterproof_Male/M12_Hex_Nut.json,0.40600720001384616,C,-0.9509522318840027,0.38637293160332825,0.38637293160332825,0.38637293160332825,-3.3391129970550537,0.035468404352022746,0.035468404352022746,0.035468404352022746,-0.5507199764251709,0.5765345696182229,0.5765345696182229,0.5765345696182229
qwen3.5:9b,original,M12_Hex_Nut,M12 hex nut,hex_nut,M12_Hex_Nut,hex_nut,True,True,False,../vlm_four_scene_20260925/input_crops/original/M12_Hex_Nut.png,38c0f98390b534a6792efcbe2e21a4c07ceeeea957ea1c15c814989186114245,qwen3.5-9b/responses/original/M12_Hex_Nut/M12_Hex_Nut.json,0.40430059999926016,A,-0.05485590919852257,0.9466215375830486,0.9466215375830486,0.9466215375830486,-4.501797199249268,0.011089049387874477,0.011089049387874477,0.011089049387874477,-3.1792876720428467,0.04161528829895,0.04161528829895,0.04161528829895
qwen3.5:9b,original,M16_Hex_Nut,M16 hex nut,hex_nut,M12_Hex_Nut,hex_nut,False,True,False,../vlm_four_scene_20260925/input_crops/original/M12_Hex_Nut.png,38c0f98390b534a6792efcbe2e21a4c07ceeeea957ea1c15c814989186114245,qwen3.5-9b/responses/original/M16_Hex_Nut/M12_Hex_Nut.json,0.0700028000283055,A,-0.05485590919852257,0.9466215375830486,0.9466215375830486,0.9466215375830486,-4.501797199249268,0.011089049387874477,0.011089049387874477,0.011089049387874477,-3.1792876720428467,0.04161528829895,0.04161528829895,0.04161528829895
qwen3.5:9b,original,RGOCG16-50_16mm,16 mm round pin,round_pin,M12_Hex_Nut,hex_nut,False,False,False,../vlm_four_scene_20260925/input_crops/original/M12_Hex_Nut.png,38c0f98390b534a6792efcbe2e21a4c07ceeeea957ea1c15c814989186114245,qwen3.5-9b/responses/original/RGOCG16-50_16mm/M12_Hex_Nut.json,0.4110380000201985,A,-0.7002828121185303,0.49644488330685654,0.49644488330685654,0.49644488330685654,-3.0308492183685303,0.04827462501569199,0.04827462501569199,0.04827462501569199,-0.7894036769866943,0.45411551408815637,0.45411551408815637,0.45411551408815637
qwen3.5:9b,original,RGOCG12-50_12mm,12 mm round pin,round_pin,M12_Hex_Nut,hex_nut,False,False,False,../vlm_four_scene_20260925/input_crops/original/M12_Hex_Nut.png,38c0f98390b534a6792efcbe2e21a4c07ceeeea957ea1c15c814989186114245,qwen3.5-9b/responses/original/RGOCG12-50_12mm/M12_Hex_Nut.json,0.07815890002530068,A,-0.7002828121185303,0.49644488330685654,0.49644488330685654,0.49644488330685654,-3.0308492183685303,0.04827462501569199,0.04827462501569199,0.04827462501569199,-0.7894036769866943,0.45411551408815637,0.45411551408815637,0.45411551408815637
qwen3.5:9b,original,RGOCG8-50_8mm,8 mm round pin,round_pin,M12_Hex_Nut,hex_nut,False,False,False,../vlm_four_scene_20260925/input_crops/original/M12_Hex_Nut.png,38c0f98390b534a6792efcbe2e21a4c07ceeeea957ea1c15c814989186114245,qwen3.5-9b/responses/original/RGOCG8-50_8mm/M12_Hex_Nut.json,0.05559890001313761,A,-0.7002828121185303,0.49644488330685654,0.49644488330685654,0.49644488330685654,-3.0308492183685303,0.04827462501569199,0.04827462501569199,0.04827462501569199,-0.7894036769866943,0.45411551408815637,0.45411551408815637,0.45411551408815637
qwen3.5:9b,original,USB_Male,USB connector + cable,USB_Male,M12_Hex_Nut,hex_nut,False,False,False,../vlm_four_scene_20260925/input_crops/original/M12_Hex_Nut.png,38c0f98390b534a6792efcbe2e21a4c07ceeeea957ea1c15c814989186114245,qwen3.5-9b/responses/original/USB_Male/M12_Hex_Nut.json,0.40669740003068,C,-3.6857943534851074,0.025077246611236736,0.025077246611236736,0.025077246611236736,-2.3127551078796387,0.09898815248478665,0.09898815248478665,0.09898815248478665,-0.1331706941127777,0.8753156681248657,0.8753156681248657,0.8753156681248657
qwen3.5:9b,original,DSUB_Male,DSUB connector,DSUB_Male,M12_Hex_Nut,hex_nut,False,False,False,../vlm_four_scene_20260925/input_crops/original/M12_Hex_Nut.png,38c0f98390b534a6792efcbe2e21a4c07ceeeea957ea1c15c814989186114245,qwen3.5-9b/responses/original/DSUB_Male/M12_Hex_Nut.json,0.4040073999785818,C,-2.6237590312957764,0.07252970830748626,0.07252970830748626,0.07252970830748626,-3.130934476852417,0.04367696306545252,0.04367696306545252,0.04367696306545252,-0.12456014752388,0.8828851564133098,0.8828851564133098,0.8828851564133098
qwen3.5:9b,original,Gear_Large,Large gear,gear,M16_Hex_Nut,hex_nut,False,False,False,../vlm_four_scene_20260925/input_crops/original/M16_Hex_Nut.png,4ba340c5f9b0438cf39ee0b2a365c9fca0767eaad2c4a4642c4a0ade665bff5c,qwen3.5-9b/responses/original/Gear_Large/M16_Hex_Nut.json,0.3972184000303969,A,-0.6127740144729614,0.5418456945529572,0.5418456945529572,0.5418456945529572,-1.9441300630569458,0.14311166732742311,0.14311166732742311,0.14311166732742311,-1.1600075960159302,0.3134837996456254,0.3134837996456254,0.3134837996456254
qwen3.5:9b,original,Gear_Medium,Medium gear,gear,M16_Hex_Nut,hex_nut,False,False,False,../vlm_four_scene_20260925/input_crops/original/M16_Hex_Nut.png,4ba340c5f9b0438cf39ee0b2a365c9fca0767eaad2c4a4642c4a0ade665bff5c,qwen3.5-9b/responses/original/Gear_Medium/M16_Hex_Nut.json,0.06056149996584281,A,-0.6127740144729614,0.5418456945529572,0.5418456945529572,0.5418456945529572,-1.9441300630569458,0.14311166732742311,0.14311166732742311,0.14311166732742311,-1.1600075960159302,0.3134837996456254,0.3134837996456254,0.3134837996456254
qwen3.5:9b,original,Gear_Small,Small gear,gear,M16_Hex_Nut,hex_nut,False,False,False,../vlm_four_scene_20260925/input_crops/original/M16_Hex_Nut.png,4ba340c5f9b0438cf39ee0b2a365c9fca0767eaad2c4a4642c4a0ade665bff5c,qwen3.5-9b/responses/original/Gear_Small/M16_Hex_Nut.json,0.05681069998536259,A,-0.6127740144729614,0.5418456945529572,0.5418456945529572,0.5418456945529572,-1.9441300630569458,0.14311166732742311,0.14311166732742311,0.14311166732742311,-1.1600075960159302,0.3134837996456254,0.3134837996456254,0.3134837996456254
qwen3.5:9b,original,Waterproof_Male,Waterproof connector,Waterproof_Male,M16_Hex_Nut,hex_nut,False,False,False,../vlm_four_scene_20260925/input_crops/original/M16_Hex_Nut.png,4ba340c5f9b0438cf39ee0b2a365c9fca0767eaad2c4a4642c4a0ade665bff5c,qwen3.5-9b/responses/original/Waterproof_Male/M16_Hex_Nut.json,0.3986935000284575,A,-0.6714767217636108,0.5109534842618393,0.5109534842618393,0.5109534842618393,-3.094892740249634,0.0452798689072352,0.0452798689072352,0.0452798689072352,-0.8152030110359192,0.44254947581370135,0.44254947581370135,0.44254947581370135
qwen3.5:9b,original,M12_Hex_Nut,M12 hex nut,hex_nut,M16_Hex_Nut,hex_nut,False,True,False,../vlm_four_scene_20260925/input_crops/original/M16_Hex_Nut.png,4ba340c5f9b0438cf39ee0b2a365c9fca0767eaad2c4a4642c4a0ade665bff5c,qwen3.5-9b/responses/original/M12_Hex_Nut/M16_Hex_Nut.json,0.40304559998912737,A,-0.13111919164657593,0.877113223591023,0.877113223591023,0.877113223591023,-3.3788037300109863,0.034088209054625465,0.034088209054625465,0.034088209054625465,-2.4314541816711426,0.08790890407223675,0.08790890407223675,0.08790890407223675
qwen3.5:9b,original,M16_Hex_Nut,M16 hex nut,hex_nut,M16_Hex_Nut,hex_nut,True,True,False,../vlm_four_scene_20260925/input_crops/original/M16_Hex_Nut.png,4ba340c5f9b0438cf39ee0b2a365c9fca0767eaad2c4a4642c4a0ade665bff5c,qwen3.5-9b/responses/original/M16_Hex_Nut/M16_Hex_Nut.json,0.055340200022328645,A,-0.13111919164657593,0.877113223591023,0.877113223591023,0.877113223591023,-3.3788037300109863,0.034088209054625465,0.034088209054625465,0.034088209054625465,-2.4314541816711426,0.08790890407223675,0.08790890407223675,0.08790890407223675
qwen3.5:9b,original,RGOCG16-50_16mm,16 mm round pin,round_pin,M16_Hex_Nut,hex_nut,False,False,False,../vlm_four_scene_20260925/input_crops/original/M16_Hex_Nut.png,4ba340c5f9b0438cf39ee0b2a365c9fca0767eaad2c4a4642c4a0ade665bff5c,qwen3.5-9b/responses/original/RGOCG16-50_16mm/M16_Hex_Nut.json,0.39131759997690096,C,-1.6831810474395752,0.185782053546034,0.185782053546034,0.185782053546034,-1.9329636096954346,0.14471867266314226,0.14471867266314226,0.14471867266314226,-0.4032089412212372,0.6681724759644057,0.6681724759644057,0.6681724759644057
qwen3.5:9b,original,RGOCG12-50_12mm,12 mm round pin,round_pin,M16_Hex_Nut,hex_nut,False,False,False,../vlm_four_scene_20260925/input_crops/original/M16_Hex_Nut.png,4ba340c5f9b0438cf39ee0b2a365c9fca0767eaad2c4a4642c4a0ade665bff5c,qwen3.5-9b/responses/original/RGOCG12-50_12mm/M16_Hex_Nut.json,0.055320399987977,C,-1.6831810474395752,0.185782053546034,0.185782053546034,0.185782053546034,-1.9329636096954346,0.14471867266314226,0.14471867266314226,0.14471867266314226,-0.4032089412212372,0.6681724759644057,0.6681724759644057,0.6681724759644057
qwen3.5:9b,original,RGOCG8-50_8mm,8 mm round pin,round_pin,M16_Hex_Nut,hex_nut,False,False,False,../vlm_four_scene_20260925/input_crops/original/M16_Hex_Nut.png,4ba340c5f9b0438cf39ee0b2a365c9fca0767eaad2c4a4642c4a0ade665bff5c,qwen3.5-9b/responses/original/RGOCG8-50_8mm/M16_Hex_Nut.json,0.05631750001339242,C,-1.6831810474395752,0.185782053546034,0.185782053546034,0.185782053546034,-1.9329636096954346,0.14471867266314226,0.14471867266314226,0.14471867266314226,-0.4032089412212372,0.6681724759644057,0.6681724759644057,0.6681724759644057
qwen3.5:9b,original,USB_Male,USB connector + cable,USB_Male,M16_Hex_Nut,hex_nut,False,False,False,../vlm_four_scene_20260925/input_crops/original/M16_Hex_Nut.png,4ba340c5f9b0438cf39ee0b2a365c9fca0767eaad2c4a4642c4a0ade665bff5c,qwen3.5-9b/responses/original/USB_Male/M16_Hex_Nut.json,0.39551010000286624,C,-3.9611098766326904,0.01904196832339175,0.01904196832339175,0.01904196832339175,-2.437645673751831,0.0873662982919264,0.0873662982919264,0.0873662982919264,-0.11344993114471436,0.8927488942073825,0.8927488942073825,0.8927488942073825
qwen3.5:9b,original,DSUB_Male,DSUB connector,DSUB_Male,M16_Hex_Nut,hex_nut,False,False,False,../vlm_four_scene_20260925/input_crops/original/M16_Hex_Nut.png,4ba340c5f9b0438cf39ee0b2a365c9fca0767eaad2c4a4642c4a0ade665bff5c,qwen3.5-9b/responses/original/DSUB_Male/M16_Hex_Nut.json,0.3927792999893427,C,-3.231116533279419,0.03951335617248661,0.03951335617248661,0.03951335617248661,-3.4935638904571533,0.03039236387464279,0.03039236387464279,0.03039236387464279,-0.07323957234621048,0.9293781500489515,0.9293781500489515,0.9293781500489515
qwen3.5:9b,original,Gear_Large,Large gear,gear,RGOCG16-50_16mm,round_pin,False,False,False,../vlm_four_scene_20260925/input_crops/original/RGOCG16-50_16mm.png,2bfbdaf2da2c79be29d256e75f2c8aaa2cb945a635fb500fdd25fd9e5a47a015,qwen3.5-9b/responses/original/Gear_Large/RGOCG16-50_16mm.json,0.420936000009533,C,-4.3946051597595215,0.01234375317384047,0.01234375317384047,0.01234375317384047,-2.1073811054229736,0.1215558920112791,0.1215558920112791,0.1215558920112791,-0.1445820927619934,0.8653838677351333,0.8653838677351333,0.8653838677351333
qwen3.5:9b,original,Gear_Medium,Medium gear,gear,RGOCG16-50_16mm,round_pin,False,False,False,../vlm_four_scene_20260925/input_crops/original/RGOCG16-50_16mm.png,2bfbdaf2da2c79be29d256e75f2c8aaa2cb945a635fb500fdd25fd9e5a47a015,qwen3.5-9b/responses/original/Gear_Medium/RGOCG16-50_16mm.json,0.05695910000940785,C,-4.3946051597595215,0.01234375317384047,0.01234375317384047,0.01234375317384047,-2.1073811054229736,0.1215558920112791,0.1215558920112791,0.1215558920112791,-0.1445820927619934,0.8653838677351333,0.8653838677351333,0.8653838677351333
qwen3.5:9b,original,Gear_Small,Small gear,gear,RGOCG16-50_16mm,round_pin,False,False,False,../vlm_four_scene_20260925/input_crops/original/RGOCG16-50_16mm.png,2bfbdaf2da2c79be29d256e75f2c8aaa2cb945a635fb500fdd25fd9e5a47a015,qwen3.5-9b/responses/original/Gear_Small/RGOCG16-50_16mm.json,0.054782799968961626,C,-4.3946051597595215,0.01234375317384047,0.01234375317384047,0.01234375317384047,-2.1073811054229736,0.1215558920112791,0.1215558920112791,0.1215558920112791,-0.1445820927619934,0.8653838677351333,0.8653838677351333,0.8653838677351333
qwen3.5:9b,original,Waterproof_Male,Waterproof connector,Waterproof_Male,RGOCG16-50_16mm,round_pin,False,False,False,../vlm_four_scene_20260925/input_crops/original/RGOCG16-50_16mm.png,2bfbdaf2da2c79be29d256e75f2c8aaa2cb945a635fb500fdd25fd9e5a47a015,qwen3.5-9b/responses/original/Waterproof_Male/RGOCG16-50_16mm.json,0.40946250001434237,C,-4.27024507522583,0.013978356984526187,0.013978356984526187,0.013978356984526187,-4.540062427520752,0.010672740260011554,0.010672740260011554,0.010672740260011554,-0.02536436729133129,0.9749546057324057,0.9749546057324057,0.9749546057324057
qwen3.5:9b,original,M12_Hex_Nut,M12 hex nut,hex_nut,RGOCG16-50_16mm,round_pin,False,False,False,../vlm_four_scene_20260925/input_crops/original/RGOCG16-50_16mm.png,2bfbdaf2da2c79be29d256e75f2c8aaa2cb945a635fb500fdd25fd9e5a47a015,qwen3.5-9b/responses/original/M12_Hex_Nut/RGOCG16-50_16mm.json,0.41124599997419864,C,-3.4586100578308105,0.031473477944231,0.031473477944231,0.031473477944231,-2.4944355487823486,0.08254302975855624,0.08254302975855624,0.08254302975855624,-0.12162724137306213,0.8854783766959857,0.8854783766959857,0.8854783766959857
qwen3.5:9b,original,M16_Hex_Nut,M16 hex nut,hex_nut,RGOCG16-50_16mm,round_pin,False,False,False,../vlm_four_scene_20260925/input_crops/original/RGOCG16-50_16mm.png,2bfbdaf2da2c79be29d256e75f2c8aaa2cb945a635fb500fdd25fd9e5a47a015,qwen3.5-9b/responses/original/M16_Hex_Nut/RGOCG16-50_16mm.json,0.057863399968482554,C,-3.4586100578308105,0.031473477944231,0.031473477944231,0.031473477944231,-2.4944355487823486,0.08254302975855624,0.08254302975855624,0.08254302975855624,-0.12162724137306213,0.8854783766959857,0.8854783766959857,0.8854783766959857
qwen3.5:9b,original,RGOCG16-50_16mm,16 mm round pin,round_pin,RGOCG16-50_16mm,round_pin,True,True,False,../vlm_four_scene_20260925/input_crops/original/RGOCG16-50_16mm.png,2bfbdaf2da2c79be29d256e75f2c8aaa2cb945a635fb500fdd25fd9e5a47a015,qwen3.5-9b/responses/original/RGOCG16-50_16mm/RGOCG16-50_16mm.json,0.43680120003409684,A,-0.00551759684458375,0.9944975971352898,0.9944975971352898,0.9944975971352898,-7.281737804412842,0.0006879889340342399,0.0006879889340342399,0.0006879889340342399,-5.388856410980225,0.004567193342552697,0.004567193342552697,0.004567193342552697
qwen3.5:9b,original,RGOCG12-50_12mm,12 mm round pin,round_pin,RGOCG16-50_16mm,round_pin,False,True,False,../vlm_four_scene_20260925/input_crops/original/RGOCG16-50_16mm.png,2bfbdaf2da2c79be29d256e75f2c8aaa2cb945a635fb500fdd25fd9e5a47a015,qwen3.5-9b/responses/original/RGOCG12-50_12mm/RGOCG16-50_16mm.json,0.05572340002981946,A,-0.00551759684458375,0.9944975971352898,0.9944975971352898,0.9944975971352898,-7.281737804412842,0.0006879889340342399,0.0006879889340342399,0.0006879889340342399,-5.388856410980225,0.004567193342552697,0.004567193342552697,0.004567193342552697
qwen3.5:9b,original,RGOCG8-50_8mm,8 mm round pin,round_pin,RGOCG16-50_16mm,round_pin,False,True,False,../vlm_four_scene_20260925/input_crops/original/RGOCG16-50_16mm.png,2bfbdaf2da2c79be29d256e75f2c8aaa2cb945a635fb500fdd25fd9e5a47a015,qwen3.5-9b/responses/original/RGOCG8-50_8mm/RGOCG16-50_16mm.json,0.05778509995434433,A,-0.00551759684458375,0.9944975971352898,0.9944975971352898,0.9944975971352898,-7.281737804412842,0.0006879889340342399,0.0006879889340342399,0.0006879889340342399,-5.388856410980225,0.004567193342552697,0.004567193342552697,0.004567193342552697
qwen3.5:9b,original,USB_Male,USB connector + cable,USB_Male,RGOCG16-50_16mm,round_pin,False,False,False,../vlm_four_scene_20260925/input_crops/original/RGOCG16-50_16mm.png,2bfbdaf2da2c79be29d256e75f2c8aaa2cb945a635fb500fdd25fd9e5a47a015,qwen3.5-9b/responses/original/USB_Male/RGOCG16-50_16mm.json,0.4299989000428468,C,-4.36435604095459,0.012722845529302362,0.012722845529302362,0.012722845529302362,-1.9600379467010498,0.14085307591006938,0.14085307591006938,0.14085307591006938,-0.16764335334300995,0.8456553810733322,0.8456553810733322,0.8456553810733322
qwen3.5:9b,original,DSUB_Male,DSUB connector,DSUB_Male,RGOCG16-50_16mm,round_pin,False,False,False,../vlm_four_scene_20260925/input_crops/original/RGOCG16-50_16mm.png,2bfbdaf2da2c79be29d256e75f2c8aaa2cb945a635fb500fdd25fd9e5a47a015,qwen3.5-9b/responses/original/DSUB_Male/RGOCG16-50_16mm.json,0.4260816000169143,C,-4.381424427032471,0.012507529862560462,0.012507529862560462,0.012507529862560462,-2.5376477241516113,0.07905213368118244,0.07905213368118244,0.07905213368118244,-0.09685559570789337,0.9076870705787919,0.9076870705787919,0.9076870705787919
qwen3.5:9b,original,Gear_Large,Large gear,gear,RGOCG12-50_12mm,round_pin,False,False,False,../vlm_four_scene_20260925/input_crops/original/RGOCG12-50_12mm.png,f7fe97d1f7e7adc98d48fb17d117f16f849894e3866bcd7707469350125ff6d1,qwen3.5-9b/responses/original/Gear_Large/RGOCG12-50_12mm.json,0.4183622000273317,C,-4.509699821472168,0.0110017621729604,0.0110017621729604,0.0110017621729604,-3.1324872970581055,0.04360919322548729,0.04360919322548729,0.04360919322548729,-0.056565314531326294,0.9450047599364171,0.9450047599364171,0.9450047599364171
qwen3.5:9b,original,Gear_Medium,Medium gear,gear,RGOCG12-50_12mm,round_pin,False,False,False,../vlm_four_scene_20260925/input_crops/original/RGOCG12-50_12mm.png,f7fe97d1f7e7adc98d48fb17d117f16f849894e3866bcd7707469350125ff6d1,qwen3.5-9b/responses/original/Gear_Medium/RGOCG12-50_12mm.json,0.05728450004244223,C,-4.509699821472168,0.0110017621729604,0.0110017621729604,0.0110017621729604,-3.1324872970581055,0.04360919322548729,0.04360919322548729,0.04360919322548729,-0.056565314531326294,0.9450047599364171,0.9450047599364171,0.9450047599364171
qwen3.5:9b,original,Gear_Small,Small gear,gear,RGOCG12-50_12mm,round_pin,False,False,False,../vlm_four_scene_20260925/input_crops/original/RGOCG12-50_12mm.png,f7fe97d1f7e7adc98d48fb17d117f16f849894e3866bcd7707469350125ff6d1,qwen3.5-9b/responses/original/Gear_Small/RGOCG12-50_12mm.json,0.05480870004976168,C,-4.509699821472168,0.0110017621729604,0.0110017621729604,0.0110017621729604,-3.1324872970581055,0.04360919322548729,0.04360919322548729,0.04360919322548729,-0.056565314531326294,0.9450047599364171,0.9450047599364171,0.9450047599364171
qwen3.5:9b,original,Waterproof_Male,Waterproof connector,Waterproof_Male,RGOCG12-50_12mm,round_pin,False,False,False,../vlm_four_scene_20260925/input_crops/original/RGOCG12-50_12mm.png,f7fe97d1f7e7adc98d48fb17d117f16f849894e3866bcd7707469350125ff6d1,qwen3.5-9b/responses/original/Waterproof_Male/RGOCG12-50_12mm.json,0.42874760000268,C,-4.061587810516357,0.017221652673509703,0.017221652673509703,0.017221652673509703,-5.087121486663818,0.006175771366216014,0.006175771366216014,0.006175771366216014,-0.02414477989077568,0.9761443734510591,0.9761443734510591,0.9761443734510591
qwen3.5:9b,original,M12_Hex_Nut,M12 hex nut,hex_nut,RGOCG12-50_12mm,round_pin,False,False,False,../vlm_four_scene_20260925/input_crops/original/RGOCG12-50_12mm.png,f7fe97d1f7e7adc98d48fb17d117f16f849894e3866bcd7707469350125ff6d1,qwen3.5-9b/responses/original/M12_Hex_Nut/RGOCG12-50_12mm.json,0.4246466000331566,C,-3.244140863418579,0.03900205806222346,0.03900205806222346,0.03900205806222346,-2.91280198097229,0.05432330355818248,0.05432330355818248,0.05432330355818248,-0.09876272827386856,0.9059576406570223,0.9059576406570223,0.9059576406570223
qwen3.5:9b,original,M16_Hex_Nut,M16 hex nut,hex_nut,RGOCG12-50_12mm,round_pin,False,False,False,../vlm_four_scene_20260925/input_crops/original/RGOCG12-50_12mm.png,f7fe97d1f7e7adc98d48fb17d117f16f849894e3866bcd7707469350125ff6d1,qwen3.5-9b/responses/original/M16_Hex_Nut/RGOCG12-50_12mm.json,0.05622259998926893,C,-3.244140863418579,0.03900205806222346,0.03900205806222346,0.03900205806222346,-2.91280198097229,0.05432330355818248,0.05432330355818248,0.05432330355818248,-0.09876272827386856,0.9059576406570223,0.9059576406570223,0.9059576406570223
qwen3.5:9b,original,RGOCG16-50_16mm,16 mm round pin,round_pin,RGOCG12-50_12mm,round_pin,False,True,False,../vlm_four_scene_20260925/input_crops/original/RGOCG12-50_12mm.png,f7fe97d1f7e7adc98d48fb17d117f16f849894e3866bcd7707469350125ff6d1,qwen3.5-9b/responses/original/RGOCG16-50_16mm/RGOCG12-50_12mm.json,0.4417343999957666,A,-0.004781932570040226,0.9952294826666328,0.9952294826666328,0.9952294826666328,-7.832815170288086,0.00039650767100161337,0.00039650767100161337,0.00039650767100161337,-5.46305513381958,0.0042405803936152965,0.0042405803936152965,0.0042405803936152965
qwen3.5:9b,original,RGOCG12-50_12mm,12 mm round pin,round_pin,RGOCG12-50_12mm,round_pin,True,True,False,../vlm_four_scene_20260925/input_crops/original/RGOCG12-50_12mm.png,f7fe97d1f7e7adc98d48fb17d117f16f849894e3866bcd7707469350125ff6d1,qwen3.5-9b/responses/original/RGOCG12-50_12mm/RGOCG12-50_12mm.json,0.05880650004837662,A,-0.004781932570040226,0.9952294826666328,0.9952294826666328,0.9952294826666328,-7.832815170288086,0.00039650767100161337,0.00039650767100161337,0.00039650767100161337,-5.46305513381958,0.0042405803936152965,0.0042405803936152965,0.0042405803936152965
qwen3.5:9b,original,RGOCG8-50_8mm,8 mm round pin,round_pin,RGOCG12-50_12mm,round_pin,False,True,False,../vlm_four_scene_20260925/input_crops/original/RGOCG12-50_12mm.png,f7fe97d1f7e7adc98d48fb17d117f16f849894e3866bcd7707469350125ff6d1,qwen3.5-9b/responses/original/RGOCG8-50_8mm/RGOCG12-50_12mm.json,0.057033499993849546,A,-0.004781932570040226,0.9952294826666328,0.9952294826666328,0.9952294826666328,-7.832815170288086,0.00039650767100161337,0.00039650767100161337,0.00039650767100161337,-5.46305513381958,0.0042405803936152965,0.0042405803936152965,0.0042405803936152965
qwen3.5:9b,original,USB_Male,USB connector + cable,USB_Male,RGOCG12-50_12mm,round_pin,False,False,False,../vlm_four_scene_20260925/input_crops/original/RGOCG12-50_12mm.png,f7fe97d1f7e7adc98d48fb17d117f16f849894e3866bcd7707469350125ff6d1,qwen3.5-9b/responses/original/USB_Male/RGOCG12-50_12mm.json,0.42386529996292666,C,-3.9725341796875,0.01882566501632938,0.01882566501632938,0.01882566501632938,-2.0711421966552734,0.12604173500772056,0.12604173500772056,0.12604173500772056,-0.15753932297229767,0.8542432215654773,0.8542432215654773,0.8542432215654773
qwen3.5:9b,original,DSUB_Male,DSUB connector,DSUB_Male,RGOCG12-50_12mm,round_pin,False,False,False,../vlm_four_scene_20260925/input_crops/original/RGOCG12-50_12mm.png,f7fe97d1f7e7adc98d48fb17d117f16f849894e3866bcd7707469350125ff6d1,qwen3.5-9b/responses/original/DSUB_Male/RGOCG12-50_12mm.json,0.4372874000109732,C,-4.1048383712768555,0.01649268431445446,0.01649268431445446,0.01649268431445446,-3.318162202835083,0.03621933441623202,0.03621933441623202,0.03621933441623202,-0.054831668734550476,0.9466444844064452,0.9466444844064452,0.9466444844064452
qwen3.5:9b,original,Gear_Large,Large gear,gear,RGOCG8-50_8mm,round_pin,False,False,False,../vlm_four_scene_20260925/input_crops/original/RGOCG8-50_8mm.png,7881f6ce4519d317e7889c544a7333e26886e42475e8b63c0556e60bc0ac04ae,qwen3.5-9b/responses/original/Gear_Large/RGOCG8-50_8mm.json,0.4241990000009537,C,-4.740347862243652,0.008735606869067089,0.008735606869067089,0.008735606869067089,-3.7437314987182617,0.02366562989745546,0.02366562989745546,0.02366562989745546,-0.0332612618803978,0.9672858116637332,0.9672858116637332,0.9672858116637332
qwen3.5:9b,original,Gear_Medium,Medium gear,gear,RGOCG8-50_8mm,round_pin,False,False,False,../vlm_four_scene_20260925/input_crops/original/RGOCG8-50_8mm.png,7881f6ce4519d317e7889c544a7333e26886e42475e8b63c0556e60bc0ac04ae,qwen3.5-9b/responses/original/Gear_Medium/RGOCG8-50_8mm.json,0.058949299971573055,C,-4.740347862243652,0.008735606869067089,0.008735606869067089,0.008735606869067089,-3.7437314987182617,0.02366562989745546,0.02366562989745546,0.02366562989745546,-0.0332612618803978,0.9672858116637332,0.9672858116637332,0.9672858116637332
qwen3.5:9b,original,Gear_Small,Small gear,gear,RGOCG8-50_8mm,round_pin,False,False,False,../vlm_four_scene_20260925/input_crops/original/RGOCG8-50_8mm.png,7881f6ce4519d317e7889c544a7333e26886e42475e8b63c0556e60bc0ac04ae,qwen3.5-9b/responses/original/Gear_Small/RGOCG8-50_8mm.json,0.05765630002133548,C,-4.740347862243652,0.008735606869067089,0.008735606869067089,0.008735606869067089,-3.7437314987182617,0.02366562989745546,0.02366562989745546,0.02366562989745546,-0.0332612618803978,0.9672858116637332,0.9672858116637332,0.9672858116637332
qwen3.5:9b,original,Waterproof_Male,Waterproof connector,Waterproof_Male,RGOCG8-50_8mm,round_pin,False,False,False,../vlm_four_scene_20260925/input_crops/original/RGOCG8-50_8mm.png,7881f6ce4519d317e7889c544a7333e26886e42475e8b63c0556e60bc0ac04ae,qwen3.5-9b/responses/original/Waterproof_Male/RGOCG8-50_8mm.json,0.43560069997329265,C,-4.160787105560303,0.01559527795780851,0.01559527795780851,0.01559527795780851,-4.851598262786865,0.007815875737958436,0.007815875737958436,0.007815875737958436,-0.02460418827831745,0.9756960275332671,0.9756960275332671,0.9756960275332671
qwen3.5:9b,original,M12_Hex_Nut,M12 hex nut,hex_nut,RGOCG8-50_8mm,round_pin,False,False,False,../vlm_four_scene_20260925/input_crops/original/RGOCG8-50_8mm.png,7881f6ce4519d317e7889c544a7333e26886e42475e8b63c0556e60bc0ac04ae,qwen3.5-9b/responses/original/M12_Hex_Nut/RGOCG8-50_8mm.json,0.4276945000165142,C,-3.952667236328125,0.019203413364886363,0.019203413364886363,0.019203413364886363,-3.355421304702759,0.0348946657706698,0.0348946657706698,0.0348946657706698,-0.05601710453629494,0.9455229630202433,0.9455229630202433,0.9455229630202433
qwen3.5:9b,original,M16_Hex_Nut,M16 hex nut,hex_nut,RGOCG8-50_8mm,round_pin,False,False,False,../vlm_four_scene_20260925/input_crops/original/RGOCG8-50_8mm.png,7881f6ce4519d317e7889c544a7333e26886e42475e8b63c0556e60bc0ac04ae,qwen3.5-9b/responses/original/M16_Hex_Nut/RGOCG8-50_8mm.json,0.06262709997827187,C,-3.952667236328125,0.019203413364886363,0.019203413364886363,0.019203413364886363,-3.355421304702759,0.0348946657706698,0.0348946657706698,0.0348946657706698,-0.05601710453629494,0.9455229630202433,0.9455229630202433,0.9455229630202433
qwen3.5:9b,original,RGOCG16-50_16mm,16 mm round pin,round_pin,RGOCG8-50_8mm,round_pin,False,True,False,../vlm_four_scene_20260925/input_crops/original/RGOCG8-50_8mm.png,7881f6ce4519d317e7889c544a7333e26886e42475e8b63c0556e60bc0ac04ae,qwen3.5-9b/responses/original/RGOCG16-50_16mm/RGOCG8-50_8mm.json,0.4446532999863848,A,-0.00582744600251317,0.9941895006264415,0.9941895006264415,0.9941895006264415,-7.6482415199279785,0.0004768819795924197,0.0004768819795924197,0.0004768819795924197,-5.278503894805908,0.005100055306974225,0.005100055306974225,0.005100055306974225
qwen3.5:9b,original,RGOCG12-50_12mm,12 mm round pin,round_pin,RGOCG8-50_8mm,round_pin,False,True,False,../vlm_four_scene_20260925/input_crops/original/RGOCG8-50_8mm.png,7881f6ce4519d317e7889c544a7333e26886e42475e8b63c0556e60bc0ac04ae,qwen3.5-9b/responses/original/RGOCG12-50_12mm/RGOCG8-50_8mm.json,0.05609319999348372,A,-0.00582744600251317,0.9941895006264415,0.9941895006264415,0.9941895006264415,-7.6482415199279785,0.0004768819795924197,0.0004768819795924197,0.0004768819795924197,-5.278503894805908,0.005100055306974225,0.005100055306974225,0.005100055306974225
qwen3.5:9b,original,RGOCG8-50_8mm,8 mm round pin,round_pin,RGOCG8-50_8mm,round_pin,True,True,False,../vlm_four_scene_20260925/input_crops/original/RGOCG8-50_8mm.png,7881f6ce4519d317e7889c544a7333e26886e42475e8b63c0556e60bc0ac04ae,qwen3.5-9b/responses/original/RGOCG8-50_8mm/RGOCG8-50_8mm.json,0.05692350002937019,A,-0.00582744600251317,0.9941895006264415,0.9941895006264415,0.9941895006264415,-7.6482415199279785,0.0004768819795924197,0.0004768819795924197,0.0004768819795924197,-5.278503894805908,0.005100055306974225,0.005100055306974225,0.005100055306974225
qwen3.5:9b,original,USB_Male,USB connector + cable,USB_Male,RGOCG8-50_8mm,round_pin,False,False,False,../vlm_four_scene_20260925/input_crops/original/RGOCG8-50_8mm.png,7881f6ce4519d317e7889c544a7333e26886e42475e8b63c0556e60bc0ac04ae,qwen3.5-9b/responses/original/USB_Male/RGOCG8-50_8mm.json,0.4379942999803461,C,-3.8373970985412598,0.021549619945205,0.021549619945205,0.021549619945205,-3.28416109085083,0.03747200752123071,0.03747200752123071,0.03747200752123071,-0.0613502636551857,0.9404937612946992,0.9404937612946992,0.9404937612946992
qwen3.5:9b,original,DSUB_Male,DSUB connector,DSUB_Male,RGOCG8-50_8mm,round_pin,False,False,False,../vlm_four_scene_20260925/input_crops/original/RGOCG8-50_8mm.png,7881f6ce4519d317e7889c544a7333e26886e42475e8b63c0556e60bc0ac04ae,qwen3.5-9b/responses/original/DSUB_Male/RGOCG8-50_8mm.json,0.43387170002097264,C,-4.340327739715576,0.013032256315464152,0.013032256315464152,0.013032256315464152,-3.649583101272583,0.026001966706269457,0.026001966706269457,0.026001966706269457,-0.040459923446178436,0.9603476511645309,0.9603476511645309,0.9603476511645309
qwen3.5:9b,original,Gear_Large,Large gear,gear,USB_Male,USB_Male,False,False,False,../vlm_four_scene_20260925/input_crops/original/USB_Male.png,9655c4c73f92054fa731c1091211eb73e90cf928b613414b530d06f1a9f4647c,qwen3.5-9b/responses/original/Gear_Large/USB_Male.json,0.7350358000257984,B,-4.410277843475342,0.012151801562052537,0.012151801562052537,0.012151801562052537,-0.5743004083633423,0.5630986701610851,0.5630986701610851,0.5630986701610851,-0.8577076196670532,0.4241332434629693,0.4241332434629693,0.4241332434629693
qwen3.5:9b,original,Gear_Medium,Medium gear,gear,USB_Male,USB_Male,False,False,False,../vlm_four_scene_20260925/input_crops/original/USB_Male.png,9655c4c73f92054fa731c1091211eb73e90cf928b613414b530d06f1a9f4647c,qwen3.5-9b/responses/original/Gear_Medium/USB_Male.json,0.06589259998872876,B,-4.410277843475342,0.012151801562052537,0.012151801562052537,0.012151801562052537,-0.5743004083633423,0.5630986701610851,0.5630986701610851,0.5630986701610851,-0.8577076196670532,0.4241332434629693,0.4241332434629693,0.4241332434629693
qwen3.5:9b,original,Gear_Small,Small gear,gear,USB_Male,USB_Male,False,False,False,../vlm_four_scene_20260925/input_crops/original/USB_Male.png,9655c4c73f92054fa731c1091211eb73e90cf928b613414b530d06f1a9f4647c,qwen3.5-9b/responses/original/Gear_Small/USB_Male.json,0.06473709997953847,B,-4.410277843475342,0.012151801562052537,0.012151801562052537,0.012151801562052537,-0.5743004083633423,0.5630986701610851,0.5630986701610851,0.5630986701610851,-0.8577076196670532,0.4241332434629693,0.4241332434629693,0.4241332434629693
qwen3.5:9b,original,Waterproof_Male,Waterproof connector,Waterproof_Male,USB_Male,USB_Male,False,False,False,../vlm_four_scene_20260925/input_crops/original/USB_Male.png,9655c4c73f92054fa731c1091211eb73e90cf928b613414b530d06f1a9f4647c,qwen3.5-9b/responses/original/Waterproof_Male/USB_Male.json,0.6285835999879055,B,-1.9140511751174927,0.1474817005277523,0.1474817005277523,0.1474817005277523,-0.36819857358932495,0.691979759140425,0.691979759140425,0.691979759140425,-1.8401433229446411,0.1587946655568442,0.1587946655568442,0.1587946655568442
qwen3.5:9b,original,M12_Hex_Nut,M12 hex nut,hex_nut,USB_Male,USB_Male,False,False,False,../vlm_four_scene_20260925/input_crops/original/USB_Male.png,9655c4c73f92054fa731c1091211eb73e90cf928b613414b530d06f1a9f4647c,qwen3.5-9b/responses/original/M12_Hex_Nut/USB_Male.json,0.6351471999660134,C,-3.5394530296325684,0.029029200853217047,0.029029200853217047,0.029029200853217047,-1.3208881616592407,0.26689814796395006,0.26689814796395006,0.26689814796395006,-0.3528324067592621,0.7026949504333159,0.7026949504333159,0.7026949504333159
qwen3.5:9b,original,M16_Hex_Nut,M16 hex nut,hex_nut,USB_Male,USB_Male,False,False,False,../vlm_four_scene_20260925/input_crops/original/USB_Male.png,9655c4c73f92054fa731c1091211eb73e90cf928b613414b530d06f1a9f4647c,qwen3.5-9b/responses/original/M16_Hex_Nut/USB_Male.json,0.06914849998429418,C,-3.5394530296325684,0.029029200853217047,0.029029200853217047,0.029029200853217047,-1.3208881616592407,0.26689814796395006,0.26689814796395006,0.26689814796395006,-0.3528324067592621,0.7026949504333159,0.7026949504333159,0.7026949504333159
qwen3.5:9b,original,RGOCG16-50_16mm,16 mm round pin,round_pin,USB_Male,USB_Male,False,False,False,../vlm_four_scene_20260925/input_crops/original/USB_Male.png,9655c4c73f92054fa731c1091211eb73e90cf928b613414b530d06f1a9f4647c,qwen3.5-9b/responses/original/RGOCG16-50_16mm/USB_Male.json,0.6430219000321813,B,-3.1261279582977295,0.04388740253430307,0.04388740253430307,0.04388740253430307,-0.45362749695777893,0.6353193475631648,0.6353193475631648,0.6353193475631648,-1.1411789655685425,0.31944218838188826,0.31944218838188826,0.31944218838188826
qwen3.5:9b,original,RGOCG12-50_12mm,12 mm round pin,round_pin,USB_Male,USB_Male,False,False,False,../vlm_four_scene_20260925/input_crops/original/USB_Male.png,9655c4c73f92054fa731c1091211eb73e90cf928b613414b530d06f1a9f4647c,qwen3.5-9b/responses/original/RGOCG12-50_12mm/USB_Male.json,0.06622280000010505,B,-3.1261279582977295,0.04388740253430307,0.04388740253430307,0.04388740253430307,-0.45362749695777893,0.6353193475631648,0.6353193475631648,0.6353193475631648,-1.1411789655685425,0.31944218838188826,0.31944218838188826,0.31944218838188826
qwen3.5:9b,original,RGOCG8-50_8mm,8 mm round pin,round_pin,USB_Male,USB_Male,False,False,False,../vlm_four_scene_20260925/input_crops/original/USB_Male.png,9655c4c73f92054fa731c1091211eb73e90cf928b613414b530d06f1a9f4647c,qwen3.5-9b/responses/original/RGOCG8-50_8mm/USB_Male.json,0.06501209997804835,B,-3.1261279582977295,0.04388740253430307,0.04388740253430307,0.04388740253430307,-0.45362749695777893,0.6353193475631648,0.6353193475631648,0.6353193475631648,-1.1411789655685425,0.31944218838188826,0.31944218838188826,0.31944218838188826
qwen3.5:9b,original,USB_Male,USB connector + cable,USB_Male,USB_Male,USB_Male,True,True,False,../vlm_four_scene_20260925/input_crops/original/USB_Male.png,9655c4c73f92054fa731c1091211eb73e90cf928b613414b530d06f1a9f4647c,qwen3.5-9b/responses/original/USB_Male/USB_Male.json,0.6276634000241756,A,-0.013790005818009377,0.9863046407538004,0.9863046407538004,0.9863046407538004,-5.35888671875,0.004706142452432305,0.004706142452432305,0.004706142452432305,-4.771272659301758,0.008469594390021248,0.008469594390021248,0.008469594390021248
qwen3.5:9b,original,DSUB_Male,DSUB connector,DSUB_Male,USB_Male,USB_Male,False,False,False,../vlm_four_scene_20260925/input_crops/original/USB_Male.png,9655c4c73f92054fa731c1091211eb73e90cf928b613414b530d06f1a9f4647c,qwen3.5-9b/responses/original/DSUB_Male/USB_Male.json,0.6356088000466116,A,-0.31447264552116394,0.7301738331964931,0.7301738331964931,0.7301738331964931,-1.8678059577941895,0.15446218686739419,0.15446218686739419,0.15446218686739419,-2.176403522491455,0.11344881391649521,0.11344881391649521,0.11344881391649521
qwen3.5:9b,original,Gear_Large,Large gear,gear,DSUB_Male,DSUB_Male,False,False,False,../vlm_four_scene_20260925/input_crops/original/DSUB_Male.png,c494876a69ee4e893be510f226d6b6c3e9653d4b052ec114fbb8385c85d6a131,qwen3.5-9b/responses/original/Gear_Large/DSUB_Male.json,0.4432937999954447,B,-5.505701541900635,0.0040635368393312785,0.0040635368393312785,0.0040635368393312785,-0.23555044829845428,0.7901358009966243,0.7901358009966243,0.7901358009966243,-1.5848013162612915,0.20498851695602216,0.20498851695602216,0.20498851695602216
qwen3.5:9b,original,Gear_Medium,Medium gear,gear,DSUB_Male,DSUB_Male,False,False,False,../vlm_four_scene_20260925/input_crops/original/DSUB_Male.png,c494876a69ee4e893be510f226d6b6c3e9653d4b052ec114fbb8385c85d6a131,qwen3.5-9b/responses/original/Gear_Medium/DSUB_Male.json,0.05868479999480769,B,-5.505701541900635,0.0040635368393312785,0.0040635368393312785,0.0040635368393312785,-0.23555044829845428,0.7901358009966243,0.7901358009966243,0.7901358009966243,-1.5848013162612915,0.20498851695602216,0.20498851695602216,0.20498851695602216
qwen3.5:9b,original,Gear_Small,Small gear,gear,DSUB_Male,DSUB_Male,False,False,False,../vlm_four_scene_20260925/input_crops/original/DSUB_Male.png,c494876a69ee4e893be510f226d6b6c3e9653d4b052ec114fbb8385c85d6a131,qwen3.5-9b/responses/original/Gear_Small/DSUB_Male.json,0.05574680003337562,B,-5.505701541900635,0.0040635368393312785,0.0040635368393312785,0.0040635368393312785,-0.23555044829845428,0.7901358009966243,0.7901358009966243,0.7901358009966243,-1.5848013162612915,0.20498851695602216,0.20498851695602216,0.20498851695602216
qwen3.5:9b,original,Waterproof_Male,Waterproof connector,Waterproof_Male,DSUB_Male,DSUB_Male,False,False,False,../vlm_four_scene_20260925/input_crops/original/DSUB_Male.png,c494876a69ee4e893be510f226d6b6c3e9653d4b052ec114fbb8385c85d6a131,qwen3.5-9b/responses/original/Waterproof_Male/DSUB_Male.json,0.4407721000025049,A,-0.0682980939745903,0.9339820176644191,0.9339820176644191,0.9339820176644191,-3.3553807735443115,0.03489608012055954,0.03489608012055954,0.03489608012055954,-3.5061471462249756,0.030012325063943652,0.030012325063943652,0.030012325063943652
qwen3.5:9b,original,M12_Hex_Nut,M12 hex nut,hex_nut,DSUB_Male,DSUB_Male,False,False,False,../vlm_four_scene_20260925/input_crops/original/DSUB_Male.png,c494876a69ee4e893be510f226d6b6c3e9653d4b052ec114fbb8385c85d6a131,qwen3.5-9b/responses/original/M12_Hex_Nut/DSUB_Male.json,0.45814309996785596,C,-4.162578105926514,0.015567371806697849,0.015567371806697849,0.015567371806697849,-0.7512089610099792,0.4717958250596036,0.4717958250596036,0.4717958250596036,-0.6700608730316162,0.5116774294821641,0.5116774294821641,0.5116774294821641
qwen3.5:9b,original,M16_Hex_Nut,M16 hex nut,hex_nut,DSUB_Male,DSUB_Male,False,False,False,../vlm_four_scene_20260925/input_crops/original/DSUB_Male.png,c494876a69ee4e893be510f226d6b6c3e9653d4b052ec114fbb8385c85d6a131,qwen3.5-9b/responses/original/M16_Hex_Nut/DSUB_Male.json,0.06342429999494925,C,-4.162578105926514,0.015567371806697849,0.015567371806697849,0.015567371806697849,-0.7512089610099792,0.4717958250596036,0.4717958250596036,0.4717958250596036,-0.6700608730316162,0.5116774294821641,0.5116774294821641,0.5116774294821641
qwen3.5:9b,original,RGOCG16-50_16mm,16 mm round pin,round_pin,DSUB_Male,DSUB_Male,False,False,False,../vlm_four_scene_20260925/input_crops/original/DSUB_Male.png,c494876a69ee4e893be510f226d6b6c3e9653d4b052ec114fbb8385c85d6a131,qwen3.5-9b/responses/original/RGOCG16-50_16mm/DSUB_Male.json,0.45291890000225976,B,-3.8991541862487793,0.020259039575438908,0.020259039575438908,0.020259039575438908,-0.22348929941654205,0.7997234493293239,0.7997234493293239,0.7997234493293239,-1.723071575164795,0.1785169766209278,0.1785169766209278,0.1785169766209278
qwen3.5:9b,original,RGOCG12-50_12mm,12 mm round pin,round_pin,DSUB_Male,DSUB_Male,False,False,False,../vlm_four_scene_20260925/input_crops/original/DSUB_Male.png,c494876a69ee4e893be510f226d6b6c3e9653d4b052ec114fbb8385c85d6a131,qwen3.5-9b/responses/original/RGOCG12-50_12mm/DSUB_Male.json,0.056814500014297664,B,-3.8991541862487793,0.020259039575438908,0.020259039575438908,0.020259039575438908,-0.22348929941654205,0.7997234493293239,0.7997234493293239,0.7997234493293239,-1.723071575164795,0.1785169766209278,0.1785169766209278,0.1785169766209278
qwen3.5:9b,original,RGOCG8-50_8mm,8 mm round pin,round_pin,DSUB_Male,DSUB_Male,False,False,False,../vlm_four_scene_20260925/input_crops/original/DSUB_Male.png,c494876a69ee4e893be510f226d6b6c3e9653d4b052ec114fbb8385c85d6a131,qwen3.5-9b/responses/original/RGOCG8-50_8mm/DSUB_Male.json,0.05502550001256168,B,-3.8991541862487793,0.020259039575438908,0.020259039575438908,0.020259039575438908,-0.22348929941654205,0.7997234493293239,0.7997234493293239,0.7997234493293239,-1.723071575164795,0.1785169766209278,0.1785169766209278,0.1785169766209278
qwen3.5:9b,original,USB_Male,USB connector + cable,USB_Male,DSUB_Male,DSUB_Male,False,False,False,../vlm_four_scene_20260925/input_crops/original/DSUB_Male.png,c494876a69ee4e893be510f226d6b6c3e9653d4b052ec114fbb8385c85d6a131,qwen3.5-9b/responses/original/USB_Male/DSUB_Male.json,0.45064380002440885,B,-2.0905275344848633,0.12362190379556047,0.12362190379556047,0.12362190379556047,-0.7927827835083008,0.4525835991025605,0.4525835991025605,0.4525835991025605,-0.8635721206665039,0.4216531928702681,0.4216531928702681,0.4216531928702681
qwen3.5:9b,original,DSUB_Male,DSUB connector,DSUB_Male,DSUB_Male,DSUB_Male,True,True,False,../vlm_four_scene_20260925/input_crops/original/DSUB_Male.png,c494876a69ee4e893be510f226d6b6c3e9653d4b052ec114fbb8385c85d6a131,qwen3.5-9b/responses/original/DSUB_Male/DSUB_Male.json,0.44684430002234876,A,-0.010649622417986393,0.9894068840421235,0.9894068840421235,0.9894068840421235,-6.159905433654785,0.0021124530292498103,0.0021124530292498103,0.0021124530292498103,-4.836968421936035,0.007931061274705857,0.007931061274705857,0.007931061274705857
qwen3.5:9b,state_101,Gear_Large,Large gear,gear,Gear_Large,gear,True,True,False,../vlm_four_scene_20260925/input_crops/state_101/Gear_Large.png,051e75a5b0096989b516c484271d98c52e09d06625bc3ea201ac2f884e2c93a0,qwen3.5-9b/responses/state_101/Gear_Large/Gear_Large.json,0.46160830004373565,A,-0.039415035396814346,0.9613516313805877,0.9613516313805877,0.9613516313805877,-4.320367336273193,0.01329499890999565,0.01329499890999565,0.01329499890999565,-3.7041451930999756,0.024621254793373605,0.024621254793373605,0.024621254793373605
qwen3.5:9b,state_101,Gear_Medium,Medium gear,gear,Gear_Large,gear,False,True,False,../vlm_four_scene_20260925/input_crops/state_101/Gear_Large.png,051e75a5b0096989b516c484271d98c52e09d06625bc3ea201ac2f884e2c93a0,qwen3.5-9b/responses/state_101/Gear_Medium/Gear_Large.json,0.05963060003705323,A,-0.039415035396814346,0.9613516313805877,0.9613516313805877,0.9613516313805877,-4.320367336273193,0.01329499890999565,0.01329499890999565,0.01329499890999565,-3.7041451930999756,0.024621254793373605,0.024621254793373605,0.024621254793373605
qwen3.5:9b,state_101,Gear_Small,Small gear,gear,Gear_Large,gear,False,True,False,../vlm_four_scene_20260925/input_crops/state_101/Gear_Large.png,051e75a5b0096989b516c484271d98c52e09d06625bc3ea201ac2f884e2c93a0,qwen3.5-9b/responses/state_101/Gear_Small/Gear_Large.json,0.058290200016926974,A,-0.039415035396814346,0.9613516313805877,0.9613516313805877,0.9613516313805877,-4.320367336273193,0.01329499890999565,0.01329499890999565,0.01329499890999565,-3.7041451930999756,0.024621254793373605,0.024621254793373605,0.024621254793373605
qwen3.5:9b,state_101,Waterproof_Male,Waterproof connector,Waterproof_Male,Gear_Large,gear,False,False,False,../vlm_four_scene_20260925/input_crops/state_101/Gear_Large.png,051e75a5b0096989b516c484271d98c52e09d06625bc3ea201ac2f884e2c93a0,qwen3.5-9b/responses/state_101/Waterproof_Male/Gear_Large.json,0.4543833999778144,C,-4.154386043548584,0.015695424479206615,0.015695424479206615,0.015695424479206615,-0.7455728054046631,0.4744624474338533,0.4744624474338533,0.4744624474338533,-0.6748616695404053,0.5092268573208766,0.5092268573208766,0.5092268573208766
qwen3.5:9b,state_101,M12_Hex_Nut,M12 hex nut,hex_nut,Gear_Large,gear,False,False,False,../vlm_four_scene_20260925/input_crops/state_101/Gear_Large.png,051e75a5b0096989b516c484271d98c52e09d06625bc3ea201ac2f884e2c93a0,qwen3.5-9b/responses/state_101/M12_Hex_Nut/Gear_Large.json,0.4882002000231296,B,-4.88801908493042,0.0075363365409907715,0.0075363365409907715,0.0075363365409907715,-0.038688089698553085,0.9620507358882567,0.9620507358882567,0.9620507358882567,-3.51948881149292,0.029614569926993767,0.029614569926993767,0.029614569926993767
qwen3.5:9b,state_101,M16_Hex_Nut,M16 hex nut,hex_nut,Gear_Large,gear,False,False,False,../vlm_four_scene_20260925/input_crops/state_101/Gear_Large.png,051e75a5b0096989b516c484271d98c52e09d06625bc3ea201ac2f884e2c93a0,qwen3.5-9b/responses/state_101/M16_Hex_Nut/Gear_Large.json,0.05699469998944551,B,-4.88801908493042,0.0075363365409907715,0.0075363365409907715,0.0075363365409907715,-0.038688089698553085,0.9620507358882567,0.9620507358882567,0.9620507358882567,-3.51948881149292,0.029614569926993767,0.029614569926993767,0.029614569926993767
qwen3.5:9b,state_101,RGOCG16-50_16mm,16 mm round pin,round_pin,Gear_Large,gear,False,False,False,../vlm_four_scene_20260925/input_crops/state_101/Gear_Large.png,051e75a5b0096989b516c484271d98c52e09d06625bc3ea201ac2f884e2c93a0,qwen3.5-9b/responses/state_101/RGOCG16-50_16mm/Gear_Large.json,0.4772346999961883,B,-4.037570953369141,0.017640269453663905,0.017640269453663905,0.017640269453663905,-0.35968953371047974,0.6978929646790247,0.6978929646790247,0.6978929646790247,-1.2596739530563354,0.28374652610695644,0.28374652610695644,0.28374652610695644
qwen3.5:9b,state_101,RGOCG12-50_12mm,12 mm round pin,round_pin,Gear_Large,gear,False,False,False,../vlm_four_scene_20260925/input_crops/state_101/Gear_Large.png,051e75a5b0096989b516c484271d98c52e09d06625bc3ea201ac2f884e2c93a0,qwen3.5-9b/responses/state_101/RGOCG12-50_12mm/Gear_Large.json,0.05779019999317825,B,-4.037570953369141,0.017640269453663905,0.017640269453663905,0.017640269453663905,-0.35968953371047974,0.6978929646790247,0.6978929646790247,0.6978929646790247,-1.2596739530563354,0.28374652610695644,0.28374652610695644,0.28374652610695644
qwen3.5:9b,state_101,RGOCG8-50_8mm,8 mm round pin,round_pin,Gear_Large,gear,False,False,False,../vlm_four_scene_20260925/input_crops/state_101/Gear_Large.png,051e75a5b0096989b516c484271d98c52e09d06625bc3ea201ac2f884e2c93a0,qwen3.5-9b/responses/state_101/RGOCG8-50_8mm/Gear_Large.json,0.055255699960980564,B,-4.037570953369141,0.017640269453663905,0.017640269453663905,0.017640269453663905,-0.35968953371047974,0.6978929646790247,0.6978929646790247,0.6978929646790247,-1.2596739530563354,0.28374652610695644,0.28374652610695644,0.28374652610695644
qwen3.5:9b,state_101,USB_Male,USB connector + cable,USB_Male,Gear_Large,gear,False,False,False,../vlm_four_scene_20260925/input_crops/state_101/Gear_Large.png,051e75a5b0096989b516c484271d98c52e09d06625bc3ea201ac2f884e2c93a0,qwen3.5-9b/responses/state_101/USB_Male/Gear_Large.json,0.48733969999011606,B,-4.73783016204834,0.0087576282181325,0.0087576282181325,0.0087576282181325,-0.37841325998306274,0.6849473808258505,0.6849473808258505,0.6849473808258505,-1.1859389543533325,0.3054592325285919,0.3054592325285919,0.3054592325285919
qwen3.5:9b,state_101,DSUB_Male,DSUB connector,DSUB_Male,Gear_Large,gear,False,False,False,../vlm_four_scene_20260925/input_crops/state_101/Gear_Large.png,051e75a5b0096989b516c484271d98c52e09d06625bc3ea201ac2f884e2c93a0,qwen3.5-9b/responses/state_101/DSUB_Male/Gear_Large.json,0.4736861999845132,C,-3.8042054176330566,0.022276890960285196,0.022276890960285196,0.022276890960285196,-1.869985818862915,0.15412584747940522,0.15412584747940522,0.15412584747940522,-0.19539868831634521,0.8225066688786385,0.8225066688786385,0.8225066688786385
qwen3.5:9b,state_101,Gear_Large,Large gear,gear,Gear_Medium,gear,False,True,False,../vlm_four_scene_20260925/input_crops/state_101/Gear_Medium.png,e7ecdd04abe922e5d362f2904407adcbef08b8607f7d1cce909e4ade3e9c65a5,qwen3.5-9b/responses/state_101/Gear_Large/Gear_Medium.json,0.481952200003434,A,-0.006121438462287188,0.9938972593701386,0.9938972593701386,0.9938972593701386,-6.695832252502441,0.0012360527380861188,0.0012360527380861188,0.0012360527380861188,-5.364254951477051,0.004680946473947093,0.004680946473947093,0.004680946473947093
qwen3.5:9b,state_101,Gear_Medium,Medium gear,gear,Gear_Medium,gear,True,True,False,../vlm_four_scene_20260925/input_crops/state_101/Gear_Medium.png,e7ecdd04abe922e5d362f2904407adcbef08b8607f7d1cce909e4ade3e9c65a5,qwen3.5-9b/responses/state_101/Gear_Medium/Gear_Medium.json,0.06116949999704957,A,-0.006121438462287188,0.9938972593701386,0.9938972593701386,0.9938972593701386,-6.695832252502441,0.0012360527380861188,0.0012360527380861188,0.0012360527380861188,-5.364254951477051,0.004680946473947093,0.004680946473947093,0.004680946473947093
qwen3.5:9b,state_101,Gear_Small,Small gear,gear,Gear_Medium,gear,False,True,False,../vlm_four_scene_20260925/input_crops/state_101/Gear_Medium.png,e7ecdd04abe922e5d362f2904407adcbef08b8607f7d1cce909e4ade3e9c65a5,qwen3.5-9b/responses/state_101/Gear_Small/Gear_Medium.json,0.05906599998706952,A,-0.006121438462287188,0.9938972593701386,0.9938972593701386,0.9938972593701386,-6.695832252502441,0.0012360527380861188,0.0012360527380861188,0.0012360527380861188,-5.364254951477051,0.004680946473947093,0.004680946473947093,0.004680946473947093
qwen3.5:9b,state_101,Waterproof_Male,Waterproof connector,Waterproof_Male,Gear_Medium,gear,False,False,False,../vlm_four_scene_20260925/input_crops/state_101/Gear_Medium.png,e7ecdd04abe922e5d362f2904407adcbef08b8607f7d1cce909e4ade3e9c65a5,qwen3.5-9b/responses/state_101/Waterproof_Male/Gear_Medium.json,0.46453160000965,B,-5.116979122161865,0.005994103025312641,0.005994103025312641,0.005994103025312641,-0.29397717118263245,0.7452935054184039,0.7452935054184039,0.7452935054184039,-1.3942465782165527,0.24801982953367,0.24801982953367,0.24801982953367
qwen3.5:9b,state_101,M12_Hex_Nut,M12 hex nut,hex_nut,Gear_Medium,gear,False,False,False,../vlm_four_scene_20260925/input_crops/state_101/Gear_Medium.png,e7ecdd04abe922e5d362f2904407adcbef08b8607f7d1cce909e4ade3e9c65a5,qwen3.5-9b/responses/state_101/M12_Hex_Nut/Gear_Medium.json,0.4739970000227913,B,-5.832170486450195,0.002931706839601115,0.002931706839601115,0.002931706839601115,-0.022653859108686447,0.9776008128318405,0.9776008128318405,0.9776008128318405,-3.9578230381011963,0.01910465916949781,0.01910465916949781,0.01910465916949781
qwen3.5:9b,state_101,M16_Hex_Nut,M16 hex nut,hex_nut,Gear_Medium,gear,False,False,False,../vlm_four_scene_20260925/input_crops/state_101/Gear_Medium.png,e7ecdd04abe922e5d362f2904407adcbef08b8607f7d1cce909e4ade3e9c65a5,qwen3.5-9b/responses/state_101/M16_Hex_Nut/Gear_Medium.json,0.05640600004699081,B,-5.832170486450195,0.002931706839601115,0.002931706839601115,0.002931706839601115,-0.022653859108686447,0.9776008128318405,0.9776008128318405,0.9776008128318405,-3.9578230381011963,0.01910465916949781,0.01910465916949781,0.01910465916949781
qwen3.5:9b,state_101,RGOCG16-50_16mm,16 mm round pin,round_pin,Gear_Medium,gear,False,False,False,../vlm_four_scene_20260925/input_crops/state_101/Gear_Medium.png,e7ecdd04abe922e5d362f2904407adcbef08b8607f7d1cce909e4ade3e9c65a5,qwen3.5-9b/responses/state_101/RGOCG16-50_16mm/Gear_Medium.json,0.46133540000300854,B,-4.648591995239258,0.009575074193861775,0.009575074193861775,0.009575074193861775,-0.17297162115573883,0.8411614856967091,0.8411614856967091,0.8411614856967091,-1.9051494598388672,0.1488004012760897,0.1488004012760897,0.1488004012760897
qwen3.5:9b,state_101,RGOCG12-50_12mm,12 mm round pin,round_pin,Gear_Medium,gear,False,False,False,../vlm_four_scene_20260925/input_crops/state_101/Gear_Medium.png,e7ecdd04abe922e5d362f2904407adcbef08b8607f7d1cce909e4ade3e9c65a5,qwen3.5-9b/responses/state_101/RGOCG12-50_12mm/Gear_Medium.json,0.060146500007249415,B,-4.648591995239258,0.009575074193861775,0.009575074193861775,0.009575074193861775,-0.17297162115573883,0.8411614856967091,0.8411614856967091,0.8411614856967091,-1.9051494598388672,0.1488004012760897,0.1488004012760897,0.1488004012760897
qwen3.5:9b,state_101,RGOCG8-50_8mm,8 mm round pin,round_pin,Gear_Medium,gear,False,False,False,../vlm_four_scene_20260925/input_crops/state_101/Gear_Medium.png,e7ecdd04abe922e5d362f2904407adcbef08b8607f7d1cce909e4ade3e9c65a5,qwen3.5-9b/responses/state_101/RGOCG8-50_8mm/Gear_Medium.json,0.05717970000114292,B,-4.648591995239258,0.009575074193861775,0.009575074193861775,0.009575074193861775,-0.17297162115573883,0.8411614856967091,0.8411614856967091,0.8411614856967091,-1.9051494598388672,0.1488004012760897,0.1488004012760897,0.1488004012760897
qwen3.5:9b,state_101,USB_Male,USB connector + cable,USB_Male,Gear_Medium,gear,False,False,False,../vlm_four_scene_20260925/input_crops/state_101/Gear_Medium.png,e7ecdd04abe922e5d362f2904407adcbef08b8607f7d1cce909e4ade3e9c65a5,qwen3.5-9b/responses/state_101/USB_Male/Gear_Medium.json,0.4720909000025131,B,-5.892958164215088,0.0027588036200778027,0.0027588036200778027,0.0027588036200778027,-0.27671289443969727,0.758272170017697,0.758272170017697,0.758272170017697,-1.4338974952697754,0.238378032099649,0.238378032099649,0.238378032099649
qwen3.5:9b,state_101,DSUB_Male,DSUB connector,DSUB_Male,Gear_Medium,gear,False,False,False,../vlm_four_scene_20260925/input_crops/state_101/Gear_Medium.png,e7ecdd04abe922e5d362f2904407adcbef08b8607f7d1cce909e4ade3e9c65a5,qwen3.5-9b/responses/state_101/DSUB_Male/Gear_Medium.json,0.46971010003471747,B,-4.908164978027344,0.007386029429756012,0.007386029429756012,0.007386029429756012,-0.6589528918266296,0.5173928171944697,0.5173928171944697,0.5173928171944697,-0.7449780702590942,0.47474471085426306,0.47474471085426306,0.47474471085426306
qwen3.5:9b,state_101,Gear_Large,Large gear,gear,Gear_Small,gear,False,True,False,../vlm_four_scene_20260925/input_crops/state_101/Gear_Small.png,ed6418c5d55144cdb439a1f7f42e39e3f0a71a284b9bf1a812a11671951db9fe,qwen3.5-9b/responses/state_101/Gear_Large/Gear_Small.json,0.4743159000063315,A,-0.004811878316104412,0.9951996802234997,0.9951996802234997,0.9951996802234997,-7.346433162689209,0.0006448884752619353,0.0006448884752619353,0.0006448884752619353,-5.565892696380615,0.0038261634180082166,0.0038261634180082166,0.0038261634180082166
qwen3.5:9b,state_101,Gear_Medium,Medium gear,gear,Gear_Small,gear,False,True,False,../vlm_four_scene_20260925/input_crops/state_101/Gear_Small.png,ed6418c5d55144cdb439a1f7f42e39e3f0a71a284b9bf1a812a11671951db9fe,qwen3.5-9b/responses/state_101/Gear_Medium/Gear_Small.json,0.05771239998284727,A,-0.004811878316104412,0.9951996802234997,0.9951996802234997,0.9951996802234997,-7.346433162689209,0.0006448884752619353,0.0006448884752619353,0.0006448884752619353,-5.565892696380615,0.0038261634180082166,0.0038261634180082166,0.0038261634180082166
qwen3.5:9b,state_101,Gear_Small,Small gear,gear,Gear_Small,gear,True,True,False,../vlm_four_scene_20260925/input_crops/state_101/Gear_Small.png,ed6418c5d55144cdb439a1f7f42e39e3f0a71a284b9bf1a812a11671951db9fe,qwen3.5-9b/responses/state_101/Gear_Small/Gear_Small.json,0.058753799996338785,A,-0.004811878316104412,0.9951996802234997,0.9951996802234997,0.9951996802234997,-7.346433162689209,0.0006448884752619353,0.0006448884752619353,0.0006448884752619353,-5.565892696380615,0.0038261634180082166,0.0038261634180082166,0.0038261634180082166
qwen3.5:9b,state_101,Waterproof_Male,Waterproof connector,Waterproof_Male,Gear_Small,gear,False,False,False,../vlm_four_scene_20260925/input_crops/state_101/Gear_Small.png,ed6418c5d55144cdb439a1f7f42e39e3f0a71a284b9bf1a812a11671951db9fe,qwen3.5-9b/responses/state_101/Waterproof_Male/Gear_Small.json,0.4620697000063956,C,-3.9406216144561768,0.01943612921061355,0.01943612921061355,0.01943612921061355,-1.8158676624298096,0.16269668133250412,0.16269668133250412,0.16269668133250412,-0.2030480057001114,0.8162390563577054,0.8162390563577054,0.8162390563577054
qwen3.5:9b,state_101,M12_Hex_Nut,M12 hex nut,hex_nut,Gear_Small,gear,False,False,False,../vlm_four_scene_20260925/input_crops/state_101/Gear_Small.png,ed6418c5d55144cdb439a1f7f42e39e3f0a71a284b9bf1a812a11671951db9fe,qwen3.5-9b/responses/state_101/M12_Hex_Nut/Gear_Small.json,0.47137499996460974,B,-4.193278789520264,0.015096704718796844,0.015096704718796844,0.015096704718796844,-0.04639577865600586,0.9546640517558647,0.9546640517558647,0.9546640517558647,-3.527005672454834,0.029392795888954354,0.029392795888954354,0.029392795888954354
qwen3.5:9b,state_101,M16_Hex_Nut,M16 hex nut,hex_nut,Gear_Small,gear,False,False,False,../vlm_four_scene_20260925/input_crops/state_101/Gear_Small.png,ed6418c5d55144cdb439a1f7f42e39e3f0a71a284b9bf1a812a11671951db9fe,qwen3.5-9b/responses/state_101/M16_Hex_Nut/Gear_Small.json,0.05918079998809844,B,-4.193278789520264,0.015096704718796844,0.015096704718796844,0.015096704718796844,-0.04639577865600586,0.9546640517558647,0.9546640517558647,0.9546640517558647,-3.527005672454834,0.029392795888954354,0.029392795888954354,0.029392795888954354
qwen3.5:9b,state_101,RGOCG16-50_16mm,16 mm round pin,round_pin,Gear_Small,gear,False,False,False,../vlm_four_scene_20260925/input_crops/state_101/Gear_Small.png,ed6418c5d55144cdb439a1f7f42e39e3f0a71a284b9bf1a812a11671951db9fe,qwen3.5-9b/responses/state_101/RGOCG16-50_16mm/Gear_Small.json,0.4764432000229135,B,-4.391480922698975,0.012382378290565146,0.012382378290565146,0.012382378290565146,-0.34929805994033813,0.7051829121659853,0.7051829121659853,0.7051829121659853,-1.2687660455703735,0.2811783690932472,0.2811783690932472,0.2811783690932472
qwen3.5:9b,state_101,RGOCG12-50_12mm,12 mm round pin,round_pin,Gear_Small,gear,False,False,False,../vlm_four_scene_20260925/input_crops/state_101/Gear_Small.png,ed6418c5d55144cdb439a1f7f42e39e3f0a71a284b9bf1a812a11671951db9fe,qwen3.5-9b/responses/state_101/RGOCG12-50_12mm/Gear_Small.json,0.05651460000080988,B,-4.391480922698975,0.012382378290565146,0.012382378290565146,0.012382378290565146,-0.34929805994033813,0.7051829121659853,0.7051829121659853,0.7051829121659853,-1.2687660455703735,0.2811783690932472,0.2811783690932472,0.2811783690932472
qwen3.5:9b,state_101,RGOCG8-50_8mm,8 mm round pin,round_pin,Gear_Small,gear,False,False,False,../vlm_four_scene_20260925/input_crops/state_101/Gear_Small.png,ed6418c5d55144cdb439a1f7f42e39e3f0a71a284b9bf1a812a11671951db9fe,qwen3.5-9b/responses/state_101/RGOCG8-50_8mm/Gear_Small.json,0.059145000006537884,B,-4.391480922698975,0.012382378290565146,0.012382378290565146,0.012382378290565146,-0.34929805994033813,0.7051829121659853,0.7051829121659853,0.7051829121659853,-1.2687660455703735,0.2811783690932472,0.2811783690932472,0.2811783690932472
qwen3.5:9b,state_101,USB_Male,USB connector + cable,USB_Male,Gear_Small,gear,False,False,False,../vlm_four_scene_20260925/input_crops/state_101/Gear_Small.png,ed6418c5d55144cdb439a1f7f42e39e3f0a71a284b9bf1a812a11671951db9fe,qwen3.5-9b/responses/state_101/USB_Male/Gear_Small.json,0.4592477999976836,B,-5.1453657150268555,0.00582634319307336,0.00582634319307336,0.00582634319307336,-0.5971649885177612,0.5503697309487695,0.5503697309487695,0.5503697309487695,-0.8154457211494446,0.4424420776140279,0.4424420776140279,0.4424420776140279
qwen3.5:9b,state_101,DSUB_Male,DSUB connector,DSUB_Male,Gear_Small,gear,False,False,False,../vlm_four_scene_20260925/input_crops/state_101/Gear_Small.png,ed6418c5d55144cdb439a1f7f42e39e3f0a71a284b9bf1a812a11671951db9fe,qwen3.5-9b/responses/state_101/DSUB_Male/Gear_Small.json,0.4651474999845959,C,-4.38071870803833,0.012516359779307764,0.012516359779307764,0.012516359779307764,-2.9148333072662354,0.05421306720419853,0.05421306720419853,0.05421306720419853,-0.07044243812561035,0.9319813845772231,0.9319813845772231,0.9319813845772231
qwen3.5:9b,state_101,Gear_Large,Large gear,gear,Waterproof_Male,Waterproof_Male,False,False,False,../vlm_four_scene_20260925/input_crops/state_101/Waterproof_Male.png,8e27ec495e8bd49a326cc5c753e41d2240a99cc4d77374a337104a466e01f88f,qwen3.5-9b/responses/state_101/Gear_Large/Waterproof_Male.json,0.49773610004922375,B,-5.257414817810059,0.005208752903449485,0.005208752903449485,0.005208752903449485,-0.3737400472164154,0.6881557765894403,0.6881557765894403,0.6881557765894403,-1.1848515272140503,0.30579157785590233,0.30579157785590233,0.30579157785590233
qwen3.5:9b,state_101,Gear_Medium,Medium gear,gear,Waterproof_Male,Waterproof_Male,False,False,False,../vlm_four_scene_20260925/input_crops/state_101/Waterproof_Male.png,8e27ec495e8bd49a326cc5c753e41d2240a99cc4d77374a337104a466e01f88f,qwen3.5-9b/responses/state_101/Gear_Medium/Waterproof_Male.json,0.06179419998079538,B,-5.257414817810059,0.005208752903449485,0.005208752903449485,0.005208752903449485,-0.3737400472164154,0.6881557765894403,0.6881557765894403,0.6881557765894403,-1.1848515272140503,0.30579157785590233,0.30579157785590233,0.30579157785590233
qwen3.5:9b,state_101,Gear_Small,Small gear,gear,Waterproof_Male,Waterproof_Male,False,False,False,../vlm_four_scene_20260925/input_crops/state_101/Waterproof_Male.png,8e27ec495e8bd49a326cc5c753e41d2240a99cc4d77374a337104a466e01f88f,qwen3.5-9b/responses/state_101/Gear_Small/Waterproof_Male.json,0.05827539996244013,B,-5.257414817810059,0.005208752903449485,0.005208752903449485,0.005208752903449485,-0.3737400472164154,0.6881557765894403,0.6881557765894403,0.6881557765894403,-1.1848515272140503,0.30579157785590233,0.30579157785590233,0.30579157785590233
qwen3.5:9b,state_101,Waterproof_Male,Waterproof connector,Waterproof_Male,Waterproof_Male,Waterproof_Male,True,True,False,../vlm_four_scene_20260925/input_crops/state_101/Waterproof_Male.png,8e27ec495e8bd49a326cc5c753e41d2240a99cc4d77374a337104a466e01f88f,qwen3.5-9b/responses/state_101/Waterproof_Male/Waterproof_Male.json,0.49306750000687316,A,-0.004373503848910332,0.9956360459918868,0.9956360459918868,0.9956360459918868,-7.308021545410156,0.0006701415860713547,0.0006701415860713547,0.0006701415860713547,-5.661844253540039,0.0034761001729467856,0.0034761001729467856,0.0034761001729467856
qwen3.5:9b,state_101,M12_Hex_Nut,M12 hex nut,hex_nut,Waterproof_Male,Waterproof_Male,False,False,False,../vlm_four_scene_20260925/input_crops/state_101/Waterproof_Male.png,8e27ec495e8bd49a326cc5c753e41d2240a99cc4d77374a337104a466e01f88f,qwen3.5-9b/responses/state_101/M12_Hex_Nut/Waterproof_Male.json,0.4927675999933854,C,-4.098970890045166,0.016589739285795914,0.016589739285795914,0.016589739285795914,-1.216570496559143,0.2962443979576623,0.2962443979576623,0.2962443979576623,-0.3767496943473816,0.6860877840556534,0.6860877840556534,0.6860877840556534
qwen3.5:9b,state_101,M16_Hex_Nut,M16 hex nut,hex_nut,Waterproof_Male,Waterproof_Male,False,False,False,../vlm_four_scene_20260925/input_crops/state_101/Waterproof_Male.png,8e27ec495e8bd49a326cc5c753e41d2240a99cc4d77374a337104a466e01f88f,qwen3.5-9b/responses/state_101/M16_Hex_Nut/Waterproof_Male.json,0.059073699987493455,C,-4.098970890045166,0.016589739285795914,0.016589739285795914,0.016589739285795914,-1.216570496559143,0.2962443979576623,0.2962443979576623,0.2962443979576623,-0.3767496943473816,0.6860877840556534,0.6860877840556534,0.6860877840556534
qwen3.5:9b,state_101,RGOCG16-50_16mm,16 mm round pin,round_pin,Waterproof_Male,Waterproof_Male,False,False,False,../vlm_four_scene_20260925/input_crops/state_101/Waterproof_Male.png,8e27ec495e8bd49a326cc5c753e41d2240a99cc4d77374a337104a466e01f88f,qwen3.5-9b/responses/state_101/RGOCG16-50_16mm/Waterproof_Male.json,0.44625929999165237,B,-3.1355724334716797,0.043474860239842705,0.043474860239842705,0.043474860239842705,-0.5257664918899536,0.5911021157054716,0.5911021157054716,0.5911021157054716,-1.0106812715530396,0.3639709320451198,0.3639709320451198,0.3639709320451198
qwen3.5:9b,state_101,RGOCG12-50_12mm,12 mm round pin,round_pin,Waterproof_Male,Waterproof_Male,False,False,False,../vlm_four_scene_20260925/input_crops/state_101/Waterproof_Male.png,8e27ec495e8bd49a326cc5c753e41d2240a99cc4d77374a337104a466e01f88f,qwen3.5-9b/responses/state_101/RGOCG12-50_12mm/Waterproof_Male.json,0.0570890000090003,B,-3.1355724334716797,0.043474860239842705,0.043474860239842705,0.043474860239842705,-0.5257664918899536,0.5911021157054716,0.5911021157054716,0.5911021157054716,-1.0106812715530396,0.3639709320451198,0.3639709320451198,0.3639709320451198
qwen3.5:9b,state_101,RGOCG8-50_8mm,8 mm round pin,round_pin,Waterproof_Male,Waterproof_Male,False,False,False,../vlm_four_scene_20260925/input_crops/state_101/Waterproof_Male.png,8e27ec495e8bd49a326cc5c753e41d2240a99cc4d77374a337104a466e01f88f,qwen3.5-9b/responses/state_101/RGOCG8-50_8mm/Waterproof_Male.json,0.0563636000151746,B,-3.1355724334716797,0.043474860239842705,0.043474860239842705,0.043474860239842705,-0.5257664918899536,0.5911021157054716,0.5911021157054716,0.5911021157054716,-1.0106812715530396,0.3639709320451198,0.3639709320451198,0.3639709320451198
qwen3.5:9b,state_101,USB_Male,USB connector + cable,USB_Male,Waterproof_Male,Waterproof_Male,False,False,False,../vlm_four_scene_20260925/input_crops/state_101/Waterproof_Male.png,8e27ec495e8bd49a326cc5c753e41d2240a99cc4d77374a337104a466e01f88f,qwen3.5-9b/responses/state_101/USB_Male/Waterproof_Male.json,0.4551281000021845,B,-3.8873701095581055,0.020499185823401534,0.020499185823401534,0.020499185823401534,-0.266053169965744,0.7663983770422249,0.7663983770422249,0.7663983770422249,-1.552962303161621,0.21162016132740466,0.21162016132740466,0.21162016132740466
qwen3.5:9b,state_101,DSUB_Male,DSUB connector,DSUB_Male,Waterproof_Male,Waterproof_Male,False,False,False,../vlm_four_scene_20260925/input_crops/state_101/Waterproof_Male.png,8e27ec495e8bd49a326cc5c753e41d2240a99cc4d77374a337104a466e01f88f,qwen3.5-9b/responses/state_101/DSUB_Male/Waterproof_Male.json,0.4539179999846965,A,-0.294297456741333,0.745054836894706,0.745054836894706,0.745054836894706,-1.9442838430404663,0.1430896613096658,0.1430896613096658,0.1430896613096658,-2.216904878616333,0.1089457879627667,0.1089457879627667,0.1089457879627667
qwen3.5:9b,state_101,Gear_Large,Large gear,gear,M12_Hex_Nut,hex_nut,False,False,False,../vlm_four_scene_20260925/input_crops/state_101/M12_Hex_Nut.png,fc0054b5fbb5338ab9f90350cd4862942de04ae395620638929e2b1b38c1e229,qwen3.5-9b/responses/state_101/Gear_Large/M12_Hex_Nut.json,0.43231940001714975,A,-0.34506362676620483,0.7081752931304853,0.7081752931304853,0.7081752931304853,-2.5692458152770996,0.07659328913500442,0.07659328913500442,0.07659328913500442,-1.5426000356674194,0.21382442691723927,0.21382442691723927,0.21382442691723927
qwen3.5:9b,state_101,Gear_Medium,Medium gear,gear,M12_Hex_Nut,hex_nut,False,False,False,../vlm_four_scene_20260925/input_crops/state_101/M12_Hex_Nut.png,fc0054b5fbb5338ab9f90350cd4862942de04ae395620638929e2b1b38c1e229,qwen3.5-9b/responses/state_101/Gear_Medium/M12_Hex_Nut.json,0.05909049999900162,A,-0.34506362676620483,0.7081752931304853,0.7081752931304853,0.7081752931304853,-2.5692458152770996,0.07659328913500442,0.07659328913500442,0.07659328913500442,-1.5426000356674194,0.21382442691723927,0.21382442691723927,0.21382442691723927
qwen3.5:9b,state_101,Gear_Small,Small gear,gear,M12_Hex_Nut,hex_nut,False,False,False,../vlm_four_scene_20260925/input_crops/state_101/M12_Hex_Nut.png,fc0054b5fbb5338ab9f90350cd4862942de04ae395620638929e2b1b38c1e229,qwen3.5-9b/responses/state_101/Gear_Small/M12_Hex_Nut.json,0.056125600007362664,A,-0.34506362676620483,0.7081752931304853,0.7081752931304853,0.7081752931304853,-2.5692458152770996,0.07659328913500442,0.07659328913500442,0.07659328913500442,-1.5426000356674194,0.21382442691723927,0.21382442691723927,0.21382442691723927
qwen3.5:9b,state_101,Waterproof_Male,Waterproof connector,Waterproof_Male,M12_Hex_Nut,hex_nut,False,False,False,../vlm_four_scene_20260925/input_crops/state_101/M12_Hex_Nut.png,fc0054b5fbb5338ab9f90350cd4862942de04ae395620638929e2b1b38c1e229,qwen3.5-9b/responses/state_101/Waterproof_Male/M12_Hex_Nut.json,0.44411589996889234,A,-0.14440682530403137,0.865535554658295,0.865535554658295,0.865535554658295,-4.201627254486084,0.014971195043882996,0.014971195043882996,0.014971195043882996,-2.134355068206787,0.11832087466878329,0.11832087466878329,0.11832087466878329
qwen3.5:9b,state_101,M12_Hex_Nut,M12 hex nut,hex_nut,M12_Hex_Nut,hex_nut,True,True,False,../vlm_four_scene_20260925/input_crops/state_101/M12_Hex_Nut.png,fc0054b5fbb5338ab9f90350cd4862942de04ae395620638929e2b1b38c1e229,qwen3.5-9b/responses/state_101/M12_Hex_Nut/M12_Hex_Nut.json,0.4733678000047803,A,-0.04144513979554176,0.9594019668858315,0.9594019668858315,0.9594019668858315,-4.9316086769104,0.007214887517914995,0.007214887517914995,0.007214887517914995,-3.417948007583618,0.032779629525248884,0.032779629525248884,0.032779629525248884
qwen3.5:9b,state_101,M16_Hex_Nut,M16 hex nut,hex_nut,M12_Hex_Nut,hex_nut,False,True,False,../vlm_four_scene_20260925/input_crops/state_101/M12_Hex_Nut.png,fc0054b5fbb5338ab9f90350cd4862942de04ae395620638929e2b1b38c1e229,qwen3.5-9b/responses/state_101/M16_Hex_Nut/M12_Hex_Nut.json,0.055537500011269,A,-0.04144513979554176,0.9594019668858315,0.9594019668858315,0.9594019668858315,-4.9316086769104,0.007214887517914995,0.007214887517914995,0.007214887517914995,-3.417948007583618,0.032779629525248884,0.032779629525248884,0.032779629525248884
qwen3.5:9b,state_101,RGOCG16-50_16mm,16 mm round pin,round_pin,M12_Hex_Nut,hex_nut,False,False,False,../vlm_four_scene_20260925/input_crops/state_101/M12_Hex_Nut.png,fc0054b5fbb5338ab9f90350cd4862942de04ae395620638929e2b1b38c1e229,qwen3.5-9b/responses/state_101/RGOCG16-50_16mm/M12_Hex_Nut.json,0.4469047000166029,A,-0.2920028865337372,0.7467663804038952,0.7467663804038952,0.7467663804038952,-3.8125336170196533,0.022092134980843264,0.022092134980843264,0.022092134980843264,-1.470160722732544,0.22988853390399824,0.22988853390399824,0.22988853390399824
qwen3.5:9b,state_101,RGOCG12-50_12mm,12 mm round pin,round_pin,M12_Hex_Nut,hex_nut,False,False,False,../vlm_four_scene_20260925/input_crops/state_101/M12_Hex_Nut.png,fc0054b5fbb5338ab9f90350cd4862942de04ae395620638929e2b1b38c1e229,qwen3.5-9b/responses/state_101/RGOCG12-50_12mm/M12_Hex_Nut.json,0.05554680002387613,A,-0.2920028865337372,0.7467663804038952,0.7467663804038952,0.7467663804038952,-3.8125336170196533,0.022092134980843264,0.022092134980843264,0.022092134980843264,-1.470160722732544,0.22988853390399824,0.22988853390399824,0.22988853390399824
qwen3.5:9b,state_101,RGOCG8-50_8mm,8 mm round pin,round_pin,M12_Hex_Nut,hex_nut,False,False,False,../vlm_four_scene_20260925/input_crops/state_101/M12_Hex_Nut.png,fc0054b5fbb5338ab9f90350cd4862942de04ae395620638929e2b1b38c1e229,qwen3.5-9b/responses/state_101/RGOCG8-50_8mm/M12_Hex_Nut.json,0.054492699971888214,A,-0.2920028865337372,0.7467663804038952,0.7467663804038952,0.7467663804038952,-3.8125336170196533,0.022092134980843264,0.022092134980843264,0.022092134980843264,-1.470160722732544,0.22988853390399824,0.22988853390399824,0.22988853390399824
qwen3.5:9b,state_101,USB_Male,USB connector + cable,USB_Male,M12_Hex_Nut,hex_nut,False,False,False,../vlm_four_scene_20260925/input_crops/state_101/M12_Hex_Nut.png,fc0054b5fbb5338ab9f90350cd4862942de04ae395620638929e2b1b38c1e229,qwen3.5-9b/responses/state_101/USB_Male/M12_Hex_Nut.json,0.4306882000528276,C,-3.9033844470977783,0.020173519566988818,0.020173519566988818,0.020173519566988818,-3.1672775745391846,0.042118105366116036,0.042118105366116036,0.042118105366116036,-0.06512393057346344,0.9369513392651057,0.9369513392651057,0.9369513392651057
qwen3.5:9b,state_101,DSUB_Male,DSUB connector,DSUB_Male,M12_Hex_Nut,hex_nut,False,False,False,../vlm_four_scene_20260925/input_crops/state_101/M12_Hex_Nut.png,fc0054b5fbb5338ab9f90350cd4862942de04ae395620638929e2b1b38c1e229,qwen3.5-9b/responses/state_101/DSUB_Male/M12_Hex_Nut.json,0.4779086000053212,C,-2.7042810916900635,0.06691841476250358,0.06691841476250358,0.06691841476250358,-3.3241825103759766,0.03600193793756108,0.03600193793756108,0.03600193793756108,-0.10991868376731873,0.8959069841153735,0.8959069841153735,0.8959069841153735
qwen3.5:9b,state_101,Gear_Large,Large gear,gear,M16_Hex_Nut,hex_nut,False,False,False,../vlm_four_scene_20260925/input_crops/state_101/M16_Hex_Nut.png,1c1870e789ce383e3b64a161e64f0093e715e0263666f4e81c66af34b957e0f0,qwen3.5-9b/responses/state_101/Gear_Large/M16_Hex_Nut.json,0.45748270000331104,A,-0.22783251106739044,0.7962576130052365,0.7962576130052365,0.7962576130052365,-3.4205129146575928,0.03269566055393578,0.03269566055393578,0.03269566055393578,-1.775542974472046,0.16939144929209993,0.16939144929209993,0.16939144929209993
qwen3.5:9b,state_101,Gear_Medium,Medium gear,gear,M16_Hex_Nut,hex_nut,False,False,False,../vlm_four_scene_20260925/input_crops/state_101/M16_Hex_Nut.png,1c1870e789ce383e3b64a161e64f0093e715e0263666f4e81c66af34b957e0f0,qwen3.5-9b/responses/state_101/Gear_Medium/M16_Hex_Nut.json,0.06024389999220148,A,-0.22783251106739044,0.7962576130052365,0.7962576130052365,0.7962576130052365,-3.4205129146575928,0.03269566055393578,0.03269566055393578,0.03269566055393578,-1.775542974472046,0.16939144929209993,0.16939144929209993,0.16939144929209993
qwen3.5:9b,state_101,Gear_Small,Small gear,gear,M16_Hex_Nut,hex_nut,False,False,False,../vlm_four_scene_20260925/input_crops/state_101/M16_Hex_Nut.png,1c1870e789ce383e3b64a161e64f0093e715e0263666f4e81c66af34b957e0f0,qwen3.5-9b/responses/state_101/Gear_Small/M16_Hex_Nut.json,0.05727249995106831,A,-0.22783251106739044,0.7962576130052365,0.7962576130052365,0.7962576130052365,-3.4205129146575928,0.03269566055393578,0.03269566055393578,0.03269566055393578,-1.775542974472046,0.16939144929209993,0.16939144929209993,0.16939144929209993
qwen3.5:9b,state_101,Waterproof_Male,Waterproof connector,Waterproof_Male,M16_Hex_Nut,hex_nut,False,False,False,../vlm_four_scene_20260925/input_crops/state_101/M16_Hex_Nut.png,1c1870e789ce383e3b64a161e64f0093e715e0263666f4e81c66af34b957e0f0,qwen3.5-9b/responses/state_101/Waterproof_Male/M16_Hex_Nut.json,0.4604643999482505,A,-0.5374433994293213,0.5842400129940595,0.5842400129940595,0.5842400129940595,-3.4781038761138916,0.030865881116422515,0.030865881116422515,0.030865881116422515,-0.9578172564506531,0.38372955573764495,0.38372955573764495,0.38372955573764495
qwen3.5:9b,state_101,M12_Hex_Nut,M12 hex nut,hex_nut,M16_Hex_Nut,hex_nut,False,True,False,../vlm_four_scene_20260925/input_crops/state_101/M16_Hex_Nut.png,1c1870e789ce383e3b64a161e64f0093e715e0263666f4e81c66af34b957e0f0,qwen3.5-9b/responses/state_101/M12_Hex_Nut/M16_Hex_Nut.json,0.4475994000094943,A,-0.12877482175827026,0.8791719136436369,0.8791719136436369,0.8791719136436369,-3.4034483432769775,0.03325838566331567,0.03325838566331567,0.03325838566331567,-2.448404550552368,0.08643137344110756,0.08643137344110756,0.08643137344110756
qwen3.5:9b,state_101,M16_Hex_Nut,M16 hex nut,hex_nut,M16_Hex_Nut,hex_nut,True,True,False,../vlm_four_scene_20260925/input_crops/state_101/M16_Hex_Nut.png,1c1870e789ce383e3b64a161e64f0093e715e0263666f4e81c66af34b957e0f0,qwen3.5-9b/responses/state_101/M16_Hex_Nut/M16_Hex_Nut.json,0.06148069998016581,A,-0.12877482175827026,0.8791719136436369,0.8791719136436369,0.8791719136436369,-3.4034483432769775,0.03325838566331567,0.03325838566331567,0.03325838566331567,-2.448404550552368,0.08643137344110756,0.08643137344110756,0.08643137344110756
qwen3.5:9b,state_101,RGOCG16-50_16mm,16 mm round pin,round_pin,M16_Hex_Nut,hex_nut,False,False,False,../vlm_four_scene_20260925/input_crops/state_101/M16_Hex_Nut.png,1c1870e789ce383e3b64a161e64f0093e715e0263666f4e81c66af34b957e0f0,qwen3.5-9b/responses/state_101/RGOCG16-50_16mm/M16_Hex_Nut.json,0.4905045999912545,A,-0.622451901435852,0.5366270665476914,0.5366270665476914,0.5366270665476914,-3.2089061737060547,0.0404007805480229,0.0404007805480229,0.0404007805480229,-0.8635865449905396,0.42164711085184803,0.42164711085184803,0.42164711085184803
qwen3.5:9b,state_101,RGOCG12-50_12mm,12 mm round pin,round_pin,M16_Hex_Nut,hex_nut,False,False,False,../vlm_four_scene_20260925/input_crops/state_101/M16_Hex_Nut.png,1c1870e789ce383e3b64a161e64f0093e715e0263666f4e81c66af34b957e0f0,qwen3.5-9b/responses/state_101/RGOCG12-50_12mm/M16_Hex_Nut.json,0.058565500017721206,A,-0.622451901435852,0.5366270665476914,0.5366270665476914,0.5366270665476914,-3.2089061737060547,0.0404007805480229,0.0404007805480229,0.0404007805480229,-0.8635865449905396,0.42164711085184803,0.42164711085184803,0.42164711085184803
qwen3.5:9b,state_101,RGOCG8-50_8mm,8 mm round pin,round_pin,M16_Hex_Nut,hex_nut,False,False,False,../vlm_four_scene_20260925/input_crops/state_101/M16_Hex_Nut.png,1c1870e789ce383e3b64a161e64f0093e715e0263666f4e81c66af34b957e0f0,qwen3.5-9b/responses/state_101/RGOCG8-50_8mm/M16_Hex_Nut.json,0.057571400015149266,A,-0.622451901435852,0.5366270665476914,0.5366270665476914,0.5366270665476914,-3.2089061737060547,0.0404007805480229,0.0404007805480229,0.0404007805480229,-0.8635865449905396,0.42164711085184803,0.42164711085184803,0.42164711085184803
qwen3.5:9b,state_101,USB_Male,USB connector + cable,USB_Male,M16_Hex_Nut,hex_nut,False,False,False,../vlm_four_scene_20260925/input_crops/state_101/M16_Hex_Nut.png,1c1870e789ce383e3b64a161e64f0093e715e0263666f4e81c66af34b957e0f0,qwen3.5-9b/responses/state_101/USB_Male/M16_Hex_Nut.json,0.4740631000022404,C,-3.5822246074676514,0.027813754694342406,0.027813754694342406,0.027813754694342406,-2.9417731761932373,0.05277207154660413,0.05277207154660413,0.05277207154660413,-0.08480904251337051,0.9186876979464568,0.9186876979464568,0.9186876979464568
qwen3.5:9b,state_101,DSUB_Male,DSUB connector,DSUB_Male,M16_Hex_Nut,hex_nut,False,False,False,../vlm_four_scene_20260925/input_crops/state_101/M16_Hex_Nut.png,1c1870e789ce383e3b64a161e64f0093e715e0263666f4e81c66af34b957e0f0,qwen3.5-9b/responses/state_101/DSUB_Male/M16_Hex_Nut.json,0.4391605000128038,C,-2.164383888244629,0.11482065516456154,0.11482065516456154,0.11482065516456154,-3.0846874713897705,0.0457443280777122,0.0457443280777122,0.0457443280777122,-0.17714610695838928,0.8376573880085861,0.8376573880085861,0.8376573880085861
qwen3.5:9b,state_101,Gear_Large,Large gear,gear,RGOCG16-50_16mm,round_pin,False,False,False,../vlm_four_scene_20260925/input_crops/state_101/RGOCG16-50_16mm.png,552c7b7003b70b464999fe0b15088e739e126bb17da93e39400520c81be1c324,qwen3.5-9b/responses/state_101/Gear_Large/RGOCG16-50_16mm.json,0.47574030002579093,C,-3.9551002979278564,0.01915674707124923,0.01915674707124923,0.01915674707124923,-3.2210419178009033,0.03991345005414564,0.03991345005414564,0.03991345005414564,-0.06169058382511139,0.9401737467548312,0.9401737467548312,0.9401737467548312
qwen3.5:9b,state_101,Gear_Medium,Medium gear,gear,RGOCG16-50_16mm,round_pin,False,False,False,../vlm_four_scene_20260925/input_crops/state_101/RGOCG16-50_16mm.png,552c7b7003b70b464999fe0b15088e739e126bb17da93e39400520c81be1c324,qwen3.5-9b/responses/state_101/Gear_Medium/RGOCG16-50_16mm.json,0.05845940002473071,C,-3.9551002979278564,0.01915674707124923,0.01915674707124923,0.01915674707124923,-3.2210419178009033,0.03991345005414564,0.03991345005414564,0.03991345005414564,-0.06169058382511139,0.9401737467548312,0.9401737467548312,0.9401737467548312
qwen3.5:9b,state_101,Gear_Small,Small gear,gear,RGOCG16-50_16mm,round_pin,False,False,False,../vlm_four_scene_20260925/input_crops/state_101/RGOCG16-50_16mm.png,552c7b7003b70b464999fe0b15088e739e126bb17da93e39400520c81be1c324,qwen3.5-9b/responses/state_101/Gear_Small/RGOCG16-50_16mm.json,0.05754660000093281,C,-3.9551002979278564,0.01915674707124923,0.01915674707124923,0.01915674707124923,-3.2210419178009033,0.03991345005414564,0.03991345005414564,0.03991345005414564,-0.06169058382511139,0.9401737467548312,0.9401737467548312,0.9401737467548312
qwen3.5:9b,state_101,Waterproof_Male,Waterproof connector,Waterproof_Male,RGOCG16-50_16mm,round_pin,False,False,False,../vlm_four_scene_20260925/input_crops/state_101/RGOCG16-50_16mm.png,552c7b7003b70b464999fe0b15088e739e126bb17da93e39400520c81be1c324,qwen3.5-9b/responses/state_101/Waterproof_Male/RGOCG16-50_16mm.json,0.4781313000130467,C,-4.152263164520264,0.015728779358334336,0.015728779358334336,0.015728779358334336,-5.511382579803467,0.004040517182211489,0.004040517182211489,0.004040517182211489,-0.020480679348111153,0.9797276252680526,0.9797276252680526,0.9797276252680526
qwen3.5:9b,state_101,M12_Hex_Nut,M12 hex nut,hex_nut,RGOCG16-50_16mm,round_pin,False,False,False,../vlm_four_scene_20260925/input_crops/state_101/RGOCG16-50_16mm.png,552c7b7003b70b464999fe0b15088e739e126bb17da93e39400520c81be1c324,qwen3.5-9b/responses/state_101/M12_Hex_Nut/RGOCG16-50_16mm.json,0.46671549999155104,C,-2.9208412170410156,0.05388833644114631,0.05388833644114631,0.05388833644114631,-3.0644989013671875,0.04667722589920997,0.04667722589920997,0.04667722589920997,-0.1072407141327858,0.8983094111918257,0.8983094111918257,0.8983094111918257
qwen3.5:9b,state_101,M16_Hex_Nut,M16 hex nut,hex_nut,RGOCG16-50_16mm,round_pin,False,False,False,../vlm_four_scene_20260925/input_crops/state_101/RGOCG16-50_16mm.png,552c7b7003b70b464999fe0b15088e739e126bb17da93e39400520c81be1c324,qwen3.5-9b/responses/state_101/M16_Hex_Nut/RGOCG16-50_16mm.json,0.054764000000432134,C,-2.9208412170410156,0.05388833644114631,0.05388833644114631,0.05388833644114631,-3.0644989013671875,0.04667722589920997,0.04667722589920997,0.04667722589920997,-0.1072407141327858,0.8983094111918257,0.8983094111918257,0.8983094111918257
qwen3.5:9b,state_101,RGOCG16-50_16mm,16 mm round pin,round_pin,RGOCG16-50_16mm,round_pin,True,True,False,../vlm_four_scene_20260925/input_crops/state_101/RGOCG16-50_16mm.png,552c7b7003b70b464999fe0b15088e739e126bb17da93e39400520c81be1c324,qwen3.5-9b/responses/state_101/RGOCG16-50_16mm/RGOCG16-50_16mm.json,0.4420459999819286,A,-0.013470490463078022,0.9866198305824748,0.9866198305824748,0.9866198305824748,-6.6390790939331055,0.001308231447548981,0.001308231447548981,0.001308231447548981,-4.450428485870361,0.011673563941402725,0.011673563941402725,0.011673563941402725
qwen3.5:9b,state_101,RGOCG12-50_12mm,12 mm round pin,round_pin,RGOCG16-50_16mm,round_pin,False,True,False,../vlm_four_scene_20260925/input_crops/state_101/RGOCG16-50_16mm.png,552c7b7003b70b464999fe0b15088e739e126bb17da93e39400520c81be1c324,qwen3.5-9b/responses/state_101/RGOCG12-50_12mm/RGOCG16-50_16mm.json,0.058807399997022,A,-0.013470490463078022,0.9866198305824748,0.9866198305824748,0.9866198305824748,-6.6390790939331055,0.001308231447548981,0.001308231447548981,0.001308231447548981,-4.450428485870361,0.011673563941402725,0.011673563941402725,0.011673563941402725
qwen3.5:9b,state_101,RGOCG8-50_8mm,8 mm round pin,round_pin,RGOCG16-50_16mm,round_pin,False,True,False,../vlm_four_scene_20260925/input_crops/state_101/RGOCG16-50_16mm.png,552c7b7003b70b464999fe0b15088e739e126bb17da93e39400520c81be1c324,qwen3.5-9b/responses/state_101/RGOCG8-50_8mm/RGOCG16-50_16mm.json,0.05578130000503734,A,-0.013470490463078022,0.9866198305824748,0.9866198305824748,0.9866198305824748,-6.6390790939331055,0.001308231447548981,0.001308231447548981,0.001308231447548981,-4.450428485870361,0.011673563941402725,0.011673563941402725,0.011673563941402725
qwen3.5:9b,state_101,USB_Male,USB connector + cable,USB_Male,RGOCG16-50_16mm,round_pin,False,False,False,../vlm_four_scene_20260925/input_crops/state_101/RGOCG16-50_16mm.png,552c7b7003b70b464999fe0b15088e739e126bb17da93e39400520c81be1c324,qwen3.5-9b/responses/state_101/USB_Male/RGOCG16-50_16mm.json,0.4396540999878198,C,-4.022183895111084,0.017913800328409328,0.017913800328409328,0.017913800328409328,-3.3695292472839355,0.03440583016976607,0.03440583016976607,0.03440583016976607,-0.0545097216963768,0.9469493028594695,0.9469493028594695,0.9469493028594695
qwen3.5:9b,state_101,DSUB_Male,DSUB connector,DSUB_Male,RGOCG16-50_16mm,round_pin,False,False,False,../vlm_four_scene_20260925/input_crops/state_101/RGOCG16-50_16mm.png,552c7b7003b70b464999fe0b15088e739e126bb17da93e39400520c81be1c324,qwen3.5-9b/responses/state_101/DSUB_Male/RGOCG16-50_16mm.json,0.44358520000241697,C,-3.9797346591949463,0.01869059805816393,0.01869059805816393,0.01869059805816393,-3.5533201694488525,0.028629427131549406,0.028629427131549406,0.028629427131549406,-0.04941971227526665,0.9517815714457103,0.9517815714457103,0.9517815714457103
qwen3.5:9b,state_101,Gear_Large,Large gear,gear,RGOCG12-50_12mm,round_pin,False,False,False,../vlm_four_scene_20260925/input_crops/state_101/RGOCG12-50_12mm.png,123f19e892e7db96ecab17804bf959635f80f30947116c2770dcab19b9e1892a,qwen3.5-9b/responses/state_101/Gear_Large/RGOCG12-50_12mm.json,0.43743609997909516,C,-4.491344928741455,0.011205562986821157,0.011205562986821157,0.011205562986821157,-4.968058109283447,0.0069566439690321585,0.0069566439690321585,0.0069566439690321585,-0.0186143908649683,0.9815577869253095,0.9815577869253095,0.9815577869253095
qwen3.5:9b,state_101,Gear_Medium,Medium gear,gear,RGOCG12-50_12mm,round_pin,False,False,False,../vlm_four_scene_20260925/input_crops/state_101/RGOCG12-50_12mm.png,123f19e892e7db96ecab17804bf959635f80f30947116c2770dcab19b9e1892a,qwen3.5-9b/responses/state_101/Gear_Medium/RGOCG12-50_12mm.json,0.05813540000235662,C,-4.491344928741455,0.011205562986821157,0.011205562986821157,0.011205562986821157,-4.968058109283447,0.0069566439690321585,0.0069566439690321585,0.0069566439690321585,-0.0186143908649683,0.9815577869253095,0.9815577869253095,0.9815577869253095
qwen3.5:9b,state_101,Gear_Small,Small gear,gear,RGOCG12-50_12mm,round_pin,False,False,False,../vlm_four_scene_20260925/input_crops/state_101/RGOCG12-50_12mm.png,123f19e892e7db96ecab17804bf959635f80f30947116c2770dcab19b9e1892a,qwen3.5-9b/responses/state_101/Gear_Small/RGOCG12-50_12mm.json,0.0555943000363186,C,-4.491344928741455,0.011205562986821157,0.011205562986821157,0.011205562986821157,-4.968058109283447,0.0069566439690321585,0.0069566439690321585,0.0069566439690321585,-0.0186143908649683,0.9815577869253095,0.9815577869253095,0.9815577869253095
qwen3.5:9b,state_101,Waterproof_Male,Waterproof connector,Waterproof_Male,RGOCG12-50_12mm,round_pin,False,False,False,../vlm_four_scene_20260925/input_crops/state_101/RGOCG12-50_12mm.png,123f19e892e7db96ecab17804bf959635f80f30947116c2770dcab19b9e1892a,qwen3.5-9b/responses/state_101/Waterproof_Male/RGOCG12-50_12mm.json,0.43806450004922226,C,-4.252425670623779,0.01422967550643122,0.01422967550643122,0.01422967550643122,-5.451119899749756,0.0042914959533587775,0.0042914959533587775,0.0042914959533587775,-0.019261803478002548,0.9809225196958296,0.9809225196958296,0.9809225196958296
qwen3.5:9b,state_101,M12_Hex_Nut,M12 hex nut,hex_nut,RGOCG12-50_12mm,round_pin,False,False,False,../vlm_four_scene_20260925/input_crops/state_101/RGOCG12-50_12mm.png,123f19e892e7db96ecab17804bf959635f80f30947116c2770dcab19b9e1892a,qwen3.5-9b/responses/state_101/M12_Hex_Nut/RGOCG12-50_12mm.json,0.4334474999923259,C,-2.9188005924224854,0.053998414583024415,0.053998414583024415,0.053998414583024415,-4.247473239898682,0.01430032177961189,0.01430032177961189,0.01430032177961189,-0.07172036916017532,0.9307911373311658,0.9307911373311658,0.9307911373311658
qwen3.5:9b,state_101,M16_Hex_Nut,M16 hex nut,hex_nut,RGOCG12-50_12mm,round_pin,False,False,False,../vlm_four_scene_20260925/input_crops/state_101/RGOCG12-50_12mm.png,123f19e892e7db96ecab17804bf959635f80f30947116c2770dcab19b9e1892a,qwen3.5-9b/responses/state_101/M16_Hex_Nut/RGOCG12-50_12mm.json,0.055721000011544675,C,-2.9188005924224854,0.053998414583024415,0.053998414583024415,0.053998414583024415,-4.247473239898682,0.01430032177961189,0.01430032177961189,0.01430032177961189,-0.07172036916017532,0.9307911373311658,0.9307911373311658,0.9307911373311658
qwen3.5:9b,state_101,RGOCG16-50_16mm,16 mm round pin,round_pin,RGOCG12-50_12mm,round_pin,False,True,False,../vlm_four_scene_20260925/input_crops/state_101/RGOCG12-50_12mm.png,123f19e892e7db96ecab17804bf959635f80f30947116c2770dcab19b9e1892a,qwen3.5-9b/responses/state_101/RGOCG16-50_16mm/RGOCG12-50_12mm.json,0.4407280999585055,A,-0.025132689625024796,0.9751805071073577,0.9751805071073577,0.9751805071073577,-5.879003047943115,0.0027975729313142817,0.0027975729313142817,0.0027975729313142817,-3.8400092124938965,0.021493403336330794,0.021493403336330794,0.021493403336330794
qwen3.5:9b,state_101,RGOCG12-50_12mm,12 mm round pin,round_pin,RGOCG12-50_12mm,round_pin,True,True,False,../vlm_four_scene_20260925/input_crops/state_101/RGOCG12-50_12mm.png,123f19e892e7db96ecab17804bf959635f80f30947116c2770dcab19b9e1892a,qwen3.5-9b/responses/state_101/RGOCG12-50_12mm/RGOCG12-50_12mm.json,0.06334300001617521,A,-0.025132689625024796,0.9751805071073577,0.9751805071073577,0.9751805071073577,-5.879003047943115,0.0027975729313142817,0.0027975729313142817,0.0027975729313142817,-3.8400092124938965,0.021493403336330794,0.021493403336330794,0.021493403336330794
qwen3.5:9b,state_101,RGOCG8-50_8mm,8 mm round pin,round_pin,RGOCG12-50_12mm,round_pin,False,True,False,../vlm_four_scene_20260925/input_crops/state_101/RGOCG12-50_12mm.png,123f19e892e7db96ecab17804bf959635f80f30947116c2770dcab19b9e1892a,qwen3.5-9b/responses/state_101/RGOCG8-50_8mm/RGOCG12-50_12mm.json,0.0590861999662593,A,-0.025132689625024796,0.9751805071073577,0.9751805071073577,0.9751805071073577,-5.879003047943115,0.0027975729313142817,0.0027975729313142817,0.0027975729313142817,-3.8400092124938965,0.021493403336330794,0.021493403336330794,0.021493403336330794
qwen3.5:9b,state_101,USB_Male,USB connector + cable,USB_Male,RGOCG12-50_12mm,round_pin,False,False,False,../vlm_four_scene_20260925/input_crops/state_101/RGOCG12-50_12mm.png,123f19e892e7db96ecab17804bf959635f80f30947116c2770dcab19b9e1892a,qwen3.5-9b/responses/state_101/USB_Male/RGOCG12-50_12mm.json,0.4523822999908589,C,-3.9871129989624023,0.01855319998340087,0.01855319998340087,0.01855319998340087,-3.026728391647339,0.04847396682485034,0.04847396682485034,0.04847396682485034,-0.07009017467498779,0.9323097453870307,0.9323097453870307,0.9323097453870307
qwen3.5:9b,state_101,DSUB_Male,DSUB connector,DSUB_Male,RGOCG12-50_12mm,round_pin,False,False,False,../vlm_four_scene_20260925/input_crops/state_101/RGOCG12-50_12mm.png,123f19e892e7db96ecab17804bf959635f80f30947116c2770dcab19b9e1892a,qwen3.5-9b/responses/state_101/DSUB_Male/RGOCG12-50_12mm.json,0.43914019997464493,C,-4.294971942901611,0.013636954305282807,0.013636954305282807,0.013636954305282807,-4.965622425079346,0.0069736088089703465,0.0069736088089703465,0.0069736088089703465,-0.021479101851582527,0.9787499313167514,0.9787499313167514,0.9787499313167514
qwen3.5:9b,state_101,Gear_Large,Large gear,gear,RGOCG8-50_8mm,round_pin,False,False,False,../vlm_four_scene_20260925/input_crops/state_101/RGOCG8-50_8mm.png,3989b2e944636dc60976a725ca05eae1c3b96027dd47e7fd6182bc78c774ab48,qwen3.5-9b/responses/state_101/Gear_Large/RGOCG8-50_8mm.json,0.4464881999883801,C,-4.624002456665039,0.009813439485956208,0.009813439485956208,0.009813439485956208,-2.882780075073242,0.05597892070601699,0.05597892070601699,0.05597892070601699,-0.06885340064764023,0.9334635151947662,0.9334635151947662,0.9334635151947662
qwen3.5:9b,state_101,Gear_Medium,Medium gear,gear,RGOCG8-50_8mm,round_pin,False,False,False,../vlm_four_scene_20260925/input_crops/state_101/RGOCG8-50_8mm.png,3989b2e944636dc60976a725ca05eae1c3b96027dd47e7fd6182bc78c774ab48,qwen3.5-9b/responses/state_101/Gear_Medium/RGOCG8-50_8mm.json,0.056166900030802935,C,-4.624002456665039,0.009813439485956208,0.009813439485956208,0.009813439485956208,-2.882780075073242,0.05597892070601699,0.05597892070601699,0.05597892070601699,-0.06885340064764023,0.9334635151947662,0.9334635151947662,0.9334635151947662
qwen3.5:9b,state_101,Gear_Small,Small gear,gear,RGOCG8-50_8mm,round_pin,False,False,False,../vlm_four_scene_20260925/input_crops/state_101/RGOCG8-50_8mm.png,3989b2e944636dc60976a725ca05eae1c3b96027dd47e7fd6182bc78c774ab48,qwen3.5-9b/responses/state_101/Gear_Small/RGOCG8-50_8mm.json,0.0719309999840334,C,-4.624002456665039,0.009813439485956208,0.009813439485956208,0.009813439485956208,-2.882780075073242,0.05597892070601699,0.05597892070601699,0.05597892070601699,-0.06885340064764023,0.9334635151947662,0.9334635151947662,0.9334635151947662
qwen3.5:9b,state_101,Waterproof_Male,Waterproof connector,Waterproof_Male,RGOCG8-50_8mm,round_pin,False,False,False,../vlm_four_scene_20260925/input_crops/state_101/RGOCG8-50_8mm.png,3989b2e944636dc60976a725ca05eae1c3b96027dd47e7fd6182bc78c774ab48,qwen3.5-9b/responses/state_101/Waterproof_Male/RGOCG8-50_8mm.json,0.42720889998599887,C,-4.117869853973389,0.016279154510946952,0.016279154510946952,0.016279154510946952,-5.13618803024292,0.005880061662875971,0.005880061662875971,0.005880061662875971,-0.023043962195515633,0.9772195221132467,0.9772195221132467,0.9772195221132467
qwen3.5:9b,state_101,M12_Hex_Nut,M12 hex nut,hex_nut,RGOCG8-50_8mm,round_pin,False,False,False,../vlm_four_scene_20260925/input_crops/state_101/RGOCG8-50_8mm.png,3989b2e944636dc60976a725ca05eae1c3b96027dd47e7fd6182bc78c774ab48,qwen3.5-9b/responses/state_101/M12_Hex_Nut/RGOCG8-50_8mm.json,0.4417167999781668,C,-3.3754923343658447,0.034201275702524514,0.034201275702524514,0.034201275702524514,-3.7183172702789307,0.024274781393098556,0.024274781393098556,0.024274781393098556,-0.061460670083761215,0.9403899304693178,0.9403899304693178,0.9403899304693178
qwen3.5:9b,state_101,M16_Hex_Nut,M16 hex nut,hex_nut,RGOCG8-50_8mm,round_pin,False,False,False,../vlm_four_scene_20260925/input_crops/state_101/RGOCG8-50_8mm.png,3989b2e944636dc60976a725ca05eae1c3b96027dd47e7fd6182bc78c774ab48,qwen3.5-9b/responses/state_101/M16_Hex_Nut/RGOCG8-50_8mm.json,0.05815399996936321,C,-3.3754923343658447,0.034201275702524514,0.034201275702524514,0.034201275702524514,-3.7183172702789307,0.024274781393098556,0.024274781393098556,0.024274781393098556,-0.061460670083761215,0.9403899304693178,0.9403899304693178,0.9403899304693178
qwen3.5:9b,state_101,RGOCG16-50_16mm,16 mm round pin,round_pin,RGOCG8-50_8mm,round_pin,False,True,False,../vlm_four_scene_20260925/input_crops/state_101/RGOCG8-50_8mm.png,3989b2e944636dc60976a725ca05eae1c3b96027dd47e7fd6182bc78c774ab48,qwen3.5-9b/responses/state_101/RGOCG16-50_16mm/RGOCG8-50_8mm.json,0.4472461999976076,A,-0.010608116164803505,0.989447951467025,0.989447951467025,0.989447951467025,-6.822005748748779,0.0010895333989500956,0.0010895333989500956,0.0010895333989500956,-4.685555934906006,0.00922760323926962,0.00922760323926962,0.00922760323926962
qwen3.5:9b,state_101,RGOCG12-50_12mm,12 mm round pin,round_pin,RGOCG8-50_8mm,round_pin,False,True,False,../vlm_four_scene_20260925/input_crops/state_101/RGOCG8-50_8mm.png,3989b2e944636dc60976a725ca05eae1c3b96027dd47e7fd6182bc78c774ab48,qwen3.5-9b/responses/state_101/RGOCG12-50_12mm/RGOCG8-50_8mm.json,0.05850119999377057,A,-0.010608116164803505,0.989447951467025,0.989447951467025,0.989447951467025,-6.822005748748779,0.0010895333989500956,0.0010895333989500956,0.0010895333989500956,-4.685555934906006,0.00922760323926962,0.00922760323926962,0.00922760323926962
qwen3.5:9b,state_101,RGOCG8-50_8mm,8 mm round pin,round_pin,RGOCG8-50_8mm,round_pin,True,True,False,../vlm_four_scene_20260925/input_crops/state_101/RGOCG8-50_8mm.png,3989b2e944636dc60976a725ca05eae1c3b96027dd47e7fd6182bc78c774ab48,qwen3.5-9b/responses/state_101/RGOCG8-50_8mm/RGOCG8-50_8mm.json,0.05578230001265183,A,-0.010608116164803505,0.989447951467025,0.989447951467025,0.989447951467025,-6.822005748748779,0.0010895333989500956,0.0010895333989500956,0.0010895333989500956,-4.685555934906006,0.00922760323926962,0.00922760323926962,0.00922760323926962
qwen3.5:9b,state_101,USB_Male,USB connector + cable,USB_Male,RGOCG8-50_8mm,round_pin,False,False,False,../vlm_four_scene_20260925/input_crops/state_101/RGOCG8-50_8mm.png,3989b2e944636dc60976a725ca05eae1c3b96027dd47e7fd6182bc78c774ab48,qwen3.5-9b/responses/state_101/USB_Male/RGOCG8-50_8mm.json,0.4694935000152327,C,-4.145224571228027,0.0158398783709334,0.0158398783709334,0.0158398783709334,-3.137192487716675,0.0434044856286963,0.0434044856286963,0.0434044856286963,-0.06181611865758896,0.9400557296088189,0.9400557296088189,0.9400557296088189
qwen3.5:9b,state_101,DSUB_Male,DSUB connector,DSUB_Male,RGOCG8-50_8mm,round_pin,False,False,False,../vlm_four_scene_20260925/input_crops/state_101/RGOCG8-50_8mm.png,3989b2e944636dc60976a725ca05eae1c3b96027dd47e7fd6182bc78c774ab48,qwen3.5-9b/responses/state_101/DSUB_Male/RGOCG8-50_8mm.json,0.44491379999089986,C,-4.6231207847595215,0.009822095535184453,0.009822095535184453,0.009822095535184453,-4.732385158538818,0.00880544359382349,0.00880544359382349,0.00880544359382349,-0.019519170746207237,0.9806700948309574,0.9806700948309574,0.9806700948309574
qwen3.5:9b,state_101,Gear_Large,Large gear,gear,USB_Male,USB_Male,False,False,True,../vlm_four_scene_20260925/input_crops/state_101/USB_Male.png,7543f2ca9e48d4553584300362014c6f331ab16c9b5e3b3c0e4184e22a6d517c,qwen3.5-9b/responses/state_101/Gear_Large/USB_Male.json,0.6628298000432551,B,-4.786401748657227,0.008342421569869241,0.008342421569869241,0.008342421569869241,-0.207939013838768,0.8122565716116901,0.8122565716116901,0.8122565716116901,-1.721094012260437,0.17887035446998975,0.17887035446998975,0.17887035446998975
qwen3.5:9b,state_101,Gear_Medium,Medium gear,gear,USB_Male,USB_Male,False,False,True,../vlm_four_scene_20260925/input_crops/state_101/USB_Male.png,7543f2ca9e48d4553584300362014c6f331ab16c9b5e3b3c0e4184e22a6d517c,qwen3.5-9b/responses/state_101/Gear_Medium/USB_Male.json,0.06725699995877221,B,-4.786401748657227,0.008342421569869241,0.008342421569869241,0.008342421569869241,-0.207939013838768,0.8122565716116901,0.8122565716116901,0.8122565716116901,-1.721094012260437,0.17887035446998975,0.17887035446998975,0.17887035446998975
qwen3.5:9b,state_101,Gear_Small,Small gear,gear,USB_Male,USB_Male,False,False,True,../vlm_four_scene_20260925/input_crops/state_101/USB_Male.png,7543f2ca9e48d4553584300362014c6f331ab16c9b5e3b3c0e4184e22a6d517c,qwen3.5-9b/responses/state_101/Gear_Small/USB_Male.json,0.0657471000449732,B,-4.786401748657227,0.008342421569869241,0.008342421569869241,0.008342421569869241,-0.207939013838768,0.8122565716116901,0.8122565716116901,0.8122565716116901,-1.721094012260437,0.17887035446998975,0.17887035446998975,0.17887035446998975
qwen3.5:9b,state_101,Waterproof_Male,Waterproof connector,Waterproof_Male,USB_Male,USB_Male,False,False,True,../vlm_four_scene_20260925/input_crops/state_101/USB_Male.png,7543f2ca9e48d4553584300362014c6f331ab16c9b5e3b3c0e4184e22a6d517c,qwen3.5-9b/responses/state_101/Waterproof_Male/USB_Male.json,0.5556343999924138,B,-1.204992413520813,0.2996942731289875,0.2996942731289875,0.2996942731289875,-0.5021783113479614,0.6052108850556163,0.6052108850556163,0.6052108850556163,-2.3709068298339844,0.09339599359143766,0.09339599359143766,0.09339599359143766
qwen3.5:9b,state_101,M12_Hex_Nut,M12 hex nut,hex_nut,USB_Male,USB_Male,False,False,True,../vlm_four_scene_20260925/input_crops/state_101/USB_Male.png,7543f2ca9e48d4553584300362014c6f331ab16c9b5e3b3c0e4184e22a6d517c,qwen3.5-9b/responses/state_101/M12_Hex_Nut/USB_Male.json,0.5527994000003673,B,-4.4945831298828125,0.011169335807071438,0.011169335807071438,0.011169335807071438,-0.25660690665245056,0.773672279424665,0.773672279424665,0.773672279424665,-1.5401972532272339,0.21433881823324882,0.21433881823324882,0.21433881823324882
qwen3.5:9b,state_101,M16_Hex_Nut,M16 hex nut,hex_nut,USB_Male,USB_Male,False,False,True,../vlm_four_scene_20260925/input_crops/state_101/USB_Male.png,7543f2ca9e48d4553584300362014c6f331ab16c9b5e3b3c0e4184e22a6d517c,qwen3.5-9b/responses/state_101/M16_Hex_Nut/USB_Male.json,0.08329599996795878,B,-4.4945831298828125,0.011169335807071438,0.011169335807071438,0.011169335807071438,-0.25660690665245056,0.773672279424665,0.773672279424665,0.773672279424665,-1.5401972532272339,0.21433881823324882,0.21433881823324882,0.21433881823324882
qwen3.5:9b,state_101,RGOCG16-50_16mm,16 mm round pin,round_pin,USB_Male,USB_Male,False,False,True,../vlm_four_scene_20260925/input_crops/state_101/USB_Male.png,7543f2ca9e48d4553584300362014c6f331ab16c9b5e3b3c0e4184e22a6d517c,qwen3.5-9b/responses/state_101/RGOCG16-50_16mm/USB_Male.json,0.5587586999754421,B,-3.787403106689453,0.02265435647514248,0.02265435647514248,0.02265435647514248,-0.23367701470851898,0.791617455404036,0.791617455404036,0.791617455404036,-1.6895066499710083,0.18461057916468968,0.18461057916468968,0.18461057916468968
qwen3.5:9b,state_101,RGOCG12-50_12mm,12 mm round pin,round_pin,USB_Male,USB_Male,False,False,True,../vlm_four_scene_20260925/input_crops/state_101/USB_Male.png,7543f2ca9e48d4553584300362014c6f331ab16c9b5e3b3c0e4184e22a6d517c,qwen3.5-9b/responses/state_101/RGOCG12-50_12mm/USB_Male.json,0.06548500002827495,B,-3.787403106689453,0.02265435647514248,0.02265435647514248,0.02265435647514248,-0.23367701470851898,0.791617455404036,0.791617455404036,0.791617455404036,-1.6895066499710083,0.18461057916468968,0.18461057916468968,0.18461057916468968
qwen3.5:9b,state_101,RGOCG8-50_8mm,8 mm round pin,round_pin,USB_Male,USB_Male,False,False,True,../vlm_four_scene_20260925/input_crops/state_101/USB_Male.png,7543f2ca9e48d4553584300362014c6f331ab16c9b5e3b3c0e4184e22a6d517c,qwen3.5-9b/responses/state_101/RGOCG8-50_8mm/USB_Male.json,0.0601666999864392,B,-3.787403106689453,0.02265435647514248,0.02265435647514248,0.02265435647514248,-0.23367701470851898,0.791617455404036,0.791617455404036,0.791617455404036,-1.6895066499710083,0.18461057916468968,0.18461057916468968,0.18461057916468968
qwen3.5:9b,state_101,USB_Male,USB connector + cable,USB_Male,USB_Male,USB_Male,True,True,True,../vlm_four_scene_20260925/input_crops/state_101/USB_Male.png,7543f2ca9e48d4553584300362014c6f331ab16c9b5e3b3c0e4184e22a6d517c,qwen3.5-9b/responses/state_101/USB_Male/USB_Male.json,0.5577697000117041,A,-0.008980964310467243,0.991059244089405,0.991059244089405,0.991059244089405,-5.7254743576049805,0.0032618056466258457,0.0032618056466258457,0.0032618056466258457,-5.22567892074585,0.005376708361627074,0.005376708361627074,0.005376708361627074
qwen3.5:9b,state_101,DSUB_Male,DSUB connector,DSUB_Male,USB_Male,USB_Male,False,False,True,../vlm_four_scene_20260925/input_crops/state_101/USB_Male.png,7543f2ca9e48d4553584300362014c6f331ab16c9b5e3b3c0e4184e22a6d517c,qwen3.5-9b/responses/state_101/DSUB_Male/USB_Male.json,0.5543971000006422,A,-0.19520406424999237,0.8226667640498193,0.8226667640498193,0.8226667640498193,-2.2467195987701416,0.1057455440305859,0.1057455440305859,0.1057455440305859,-2.6669580936431885,0.0694632048210105,0.0694632048210105,0.0694632048210105
qwen3.5:9b,state_101,Gear_Large,Large gear,gear,DSUB_Male,DSUB_Male,False,False,False,../vlm_four_scene_20260925/input_crops/state_101/DSUB_Male.png,4b33b962ebb9c6ee75c0ce865988e91fcba2f1bdbb964dd35e709db436634a24,qwen3.5-9b/responses/state_101/Gear_Large/DSUB_Male.json,0.4672673000022769,B,-5.642000675201416,0.0035457673763029784,0.0035457673763029784,0.0035457673763029784,-0.2791982591152191,0.7563899271507601,0.7563899271507601,0.7563899271507601,-1.4307122230529785,0.23913854159426456,0.23913854159426456,0.23913854159426456
qwen3.5:9b,state_101,Gear_Medium,Medium gear,gear,DSUB_Male,DSUB_Male,False,False,False,../vlm_four_scene_20260925/input_crops/state_101/DSUB_Male.png,4b33b962ebb9c6ee75c0ce865988e91fcba2f1bdbb964dd35e709db436634a24,qwen3.5-9b/responses/state_101/Gear_Medium/DSUB_Male.json,0.05771280004410073,B,-5.642000675201416,0.0035457673763029784,0.0035457673763029784,0.0035457673763029784,-0.2791982591152191,0.7563899271507601,0.7563899271507601,0.7563899271507601,-1.4307122230529785,0.23913854159426456,0.23913854159426456,0.23913854159426456
qwen3.5:9b,state_101,Gear_Small,Small gear,gear,DSUB_Male,DSUB_Male,False,False,False,../vlm_four_scene_20260925/input_crops/state_101/DSUB_Male.png,4b33b962ebb9c6ee75c0ce865988e91fcba2f1bdbb964dd35e709db436634a24,qwen3.5-9b/responses/state_101/Gear_Small/DSUB_Male.json,0.05456800002139062,B,-5.642000675201416,0.0035457673763029784,0.0035457673763029784,0.0035457673763029784,-0.2791982591152191,0.7563899271507601,0.7563899271507601,0.7563899271507601,-1.4307122230529785,0.23913854159426456,0.23913854159426456,0.23913854159426456
qwen3.5:9b,state_101,Waterproof_Male,Waterproof connector,Waterproof_Male,DSUB_Male,DSUB_Male,False,False,False,../vlm_four_scene_20260925/input_crops/state_101/DSUB_Male.png,4b33b962ebb9c6ee75c0ce865988e91fcba2f1bdbb964dd35e709db436634a24,qwen3.5-9b/responses/state_101/Waterproof_Male/DSUB_Male.json,0.48010789998807013,B,-3.8742544651031494,0.020769816726140984,0.020769816726140984,0.020769816726140984,-0.08371569216251373,0.9196926947700335,0.9196926947700335,0.9196926947700335,-2.848877191543579,0.05790930544325697,0.05790930544325697,0.05790930544325697
qwen3.5:9b,state_101,M12_Hex_Nut,M12 hex nut,hex_nut,DSUB_Male,DSUB_Male,False,False,False,../vlm_four_scene_20260925/input_crops/state_101/DSUB_Male.png,4b33b962ebb9c6ee75c0ce865988e91fcba2f1bdbb964dd35e709db436634a24,qwen3.5-9b/responses/state_101/M12_Hex_Nut/DSUB_Male.json,0.48446340003283694,B,-4.895413398742676,0.007480816024641546,0.007480816024641546,0.007480816024641546,-0.39635199308395386,0.6727698439225429,0.6727698439225429,0.6727698439225429,-1.1436854600906372,0.31864251089886386,0.31864251089886386,0.31864251089886386
qwen3.5:9b,state_101,M16_Hex_Nut,M16 hex nut,hex_nut,DSUB_Male,DSUB_Male,False,False,False,../vlm_four_scene_20260925/input_crops/state_101/DSUB_Male.png,4b33b962ebb9c6ee75c0ce865988e91fcba2f1bdbb964dd35e709db436634a24,qwen3.5-9b/responses/state_101/M16_Hex_Nut/DSUB_Male.json,0.059079800033941865,B,-4.895413398742676,0.007480816024641546,0.007480816024641546,0.007480816024641546,-0.39635199308395386,0.6727698439225429,0.6727698439225429,0.6727698439225429,-1.1436854600906372,0.31864251089886386,0.31864251089886386,0.31864251089886386
qwen3.5:9b,state_101,RGOCG16-50_16mm,16 mm round pin,round_pin,DSUB_Male,DSUB_Male,False,False,False,../vlm_four_scene_20260925/input_crops/state_101/DSUB_Male.png,4b33b962ebb9c6ee75c0ce865988e91fcba2f1bdbb964dd35e709db436634a24,qwen3.5-9b/responses/state_101/RGOCG16-50_16mm/DSUB_Male.json,0.4674453000188805,B,-4.308131694793701,0.013458671024833758,0.013458671024833758,0.013458671024833758,-0.14411123096942902,0.865791439881897,0.865791439881897,0.865791439881897,-2.1251771450042725,0.11941181318685941,0.11941181318685941,0.11941181318685941
qwen3.5:9b,state_101,RGOCG12-50_12mm,12 mm round pin,round_pin,DSUB_Male,DSUB_Male,False,False,False,../vlm_four_scene_20260925/input_crops/state_101/DSUB_Male.png,4b33b962ebb9c6ee75c0ce865988e91fcba2f1bdbb964dd35e709db436634a24,qwen3.5-9b/responses/state_101/RGOCG12-50_12mm/DSUB_Male.json,0.060673800006043166,B,-4.308131694793701,0.013458671024833758,0.013458671024833758,0.013458671024833758,-0.14411123096942902,0.865791439881897,0.865791439881897,0.865791439881897,-2.1251771450042725,0.11941181318685941,0.11941181318685941,0.11941181318685941
qwen3.5:9b,state_101,RGOCG8-50_8mm,8 mm round pin,round_pin,DSUB_Male,DSUB_Male,False,False,False,../vlm_four_scene_20260925/input_crops/state_101/DSUB_Male.png,4b33b962ebb9c6ee75c0ce865988e91fcba2f1bdbb964dd35e709db436634a24,qwen3.5-9b/responses/state_101/RGOCG8-50_8mm/DSUB_Male.json,0.055073499970603734,B,-4.308131694793701,0.013458671024833758,0.013458671024833758,0.013458671024833758,-0.14411123096942902,0.865791439881897,0.865791439881897,0.865791439881897,-2.1251771450042725,0.11941181318685941,0.11941181318685941,0.11941181318685941
qwen3.5:9b,state_101,USB_Male,USB connector + cable,USB_Male,DSUB_Male,DSUB_Male,False,False,False,../vlm_four_scene_20260925/input_crops/state_101/DSUB_Male.png,4b33b962ebb9c6ee75c0ce865988e91fcba2f1bdbb964dd35e709db436634a24,qwen3.5-9b/responses/state_101/USB_Male/DSUB_Male.json,0.4540525999618694,B,-3.698716640472412,0.024755276012271586,0.024755276012271586,0.024755276012271586,-0.5061829686164856,0.6027920693822731,0.6027920693822731,0.6027920693822731,-0.9923260807991028,0.3707133780727598,0.3707133780727598,0.3707133780727598
qwen3.5:9b,state_101,DSUB_Male,DSUB connector,DSUB_Male,DSUB_Male,DSUB_Male,True,True,False,../vlm_four_scene_20260925/input_crops/state_101/DSUB_Male.png,4b33b962ebb9c6ee75c0ce865988e91fcba2f1bdbb964dd35e709db436634a24,qwen3.5-9b/responses/state_101/DSUB_Male/DSUB_Male.json,0.45275460003176704,A,-0.010176106356084347,0.9898754950321332,0.9898754950321332,0.9898754950321332,-6.1356377601623535,0.002164344444965957,0.002164344444965957,0.002164344444965957,-4.93228006362915,0.007210045163986144,0.007210045163986144,0.007210045163986144
qwen3.5:9b,state_202,Gear_Large,Large gear,gear,Gear_Large,gear,True,True,False,../vlm_four_scene_20260925/input_crops/state_202/Gear_Large.png,5d23b69c2449fff305773def219e59a9d80d68f1142de6cae6476b6dda8231cf,qwen3.5-9b/responses/state_202/Gear_Large/Gear_Large.json,0.4750319000449963,A,-0.00891090091317892,0.991128683499512,0.991128683499512,0.991128683499512,-6.334341049194336,0.0017743146395265237,0.0017743146395265237,0.0017743146395265237,-4.989284515380859,0.006810535582885188,0.006810535582885188,0.006810535582885188
qwen3.5:9b,state_202,Gear_Medium,Medium gear,gear,Gear_Large,gear,False,True,False,../vlm_four_scene_20260925/input_crops/state_202/Gear_Large.png,5d23b69c2449fff305773def219e59a9d80d68f1142de6cae6476b6dda8231cf,qwen3.5-9b/responses/state_202/Gear_Medium/Gear_Large.json,0.05923720001010224,A,-0.00891090091317892,0.991128683499512,0.991128683499512,0.991128683499512,-6.334341049194336,0.0017743146395265237,0.0017743146395265237,0.0017743146395265237,-4.989284515380859,0.006810535582885188,0.006810535582885188,0.006810535582885188
qwen3.5:9b,state_202,Gear_Small,Small gear,gear,Gear_Large,gear,False,True,False,../vlm_four_scene_20260925/input_crops/state_202/Gear_Large.png,5d23b69c2449fff305773def219e59a9d80d68f1142de6cae6476b6dda8231cf,qwen3.5-9b/responses/state_202/Gear_Small/Gear_Large.json,0.05476190004264936,A,-0.00891090091317892,0.991128683499512,0.991128683499512,0.991128683499512,-6.334341049194336,0.0017743146395265237,0.0017743146395265237,0.0017743146395265237,-4.989284515380859,0.006810535582885188,0.006810535582885188,0.006810535582885188
qwen3.5:9b,state_202,Waterproof_Male,Waterproof connector,Waterproof_Male,Gear_Large,gear,False,False,False,../vlm_four_scene_20260925/input_crops/state_202/Gear_Large.png,5d23b69c2449fff305773def219e59a9d80d68f1142de6cae6476b6dda8231cf,qwen3.5-9b/responses/state_202/Waterproof_Male/Gear_Large.json,0.4763306000386365,B,-4.822660446166992,0.008045354409129296,0.008045354409129296,0.008045354409129296,-0.2951374053955078,0.7444292918368122,0.7444292918368122,0.7444292918368122,-1.4011460542678833,0.24631451232199147,0.24631451232199147,0.24631451232199147
qwen3.5:9b,state_202,M12_Hex_Nut,M12 hex nut,hex_nut,Gear_Large,gear,False,False,False,../vlm_four_scene_20260925/input_crops/state_202/Gear_Large.png,5d23b69c2449fff305773def219e59a9d80d68f1142de6cae6476b6dda8231cf,qwen3.5-9b/responses/state_202/M12_Hex_Nut/Gear_Large.json,0.4791647999663837,B,-5.056232929229736,0.006369508765614454,0.006369508765614454,0.006369508765614454,-0.025664038956165314,0.9746624832351719,0.9746624832351719,0.9746624832351719,-3.9974658489227295,0.01836211234526419,0.01836211234526419,0.01836211234526419
qwen3.5:9b,state_202,M16_Hex_Nut,M16 hex nut,hex_nut,Gear_Large,gear,False,False,False,../vlm_four_scene_20260925/input_crops/state_202/Gear_Large.png,5d23b69c2449fff305773def219e59a9d80d68f1142de6cae6476b6dda8231cf,qwen3.5-9b/responses/state_202/M16_Hex_Nut/Gear_Large.json,0.05748809996293858,B,-5.056232929229736,0.006369508765614454,0.006369508765614454,0.006369508765614454,-0.025664038956165314,0.9746624832351719,0.9746624832351719,0.9746624832351719,-3.9974658489227295,0.01836211234526419,0.01836211234526419,0.01836211234526419
qwen3.5:9b,state_202,RGOCG16-50_16mm,16 mm round pin,round_pin,Gear_Large,gear,False,False,False,../vlm_four_scene_20260925/input_crops/state_202/Gear_Large.png,5d23b69c2449fff305773def219e59a9d80d68f1142de6cae6476b6dda8231cf,qwen3.5-9b/responses/state_202/RGOCG16-50_16mm/Gear_Large.json,0.47608529997523874,B,-4.206841468811035,0.01489333518961188,0.01489333518961188,0.01489333518961188,-0.15741261839866638,0.8543514649459639,0.8543514649459639,0.8543514649459639,-2.0399694442749023,0.13003268406067175,0.13003268406067175,0.13003268406067175
qwen3.5:9b,state_202,RGOCG12-50_12mm,12 mm round pin,round_pin,Gear_Large,gear,False,False,False,../vlm_four_scene_20260925/input_crops/state_202/Gear_Large.png,5d23b69c2449fff305773def219e59a9d80d68f1142de6cae6476b6dda8231cf,qwen3.5-9b/responses/state_202/RGOCG12-50_12mm/Gear_Large.json,0.057472200016491115,B,-4.206841468811035,0.01489333518961188,0.01489333518961188,0.01489333518961188,-0.15741261839866638,0.8543514649459639,0.8543514649459639,0.8543514649459639,-2.0399694442749023,0.13003268406067175,0.13003268406067175,0.13003268406067175
qwen3.5:9b,state_202,RGOCG8-50_8mm,8 mm round pin,round_pin,Gear_Large,gear,False,False,False,../vlm_four_scene_20260925/input_crops/state_202/Gear_Large.png,5d23b69c2449fff305773def219e59a9d80d68f1142de6cae6476b6dda8231cf,qwen3.5-9b/responses/state_202/RGOCG8-50_8mm/Gear_Large.json,0.058949200029019266,B,-4.206841468811035,0.01489333518961188,0.01489333518961188,0.01489333518961188,-0.15741261839866638,0.8543514649459639,0.8543514649459639,0.8543514649459639,-2.0399694442749023,0.13003268406067175,0.13003268406067175,0.13003268406067175
qwen3.5:9b,state_202,USB_Male,USB connector + cable,USB_Male,Gear_Large,gear,False,False,False,../vlm_four_scene_20260925/input_crops/state_202/Gear_Large.png,5d23b69c2449fff305773def219e59a9d80d68f1142de6cae6476b6dda8231cf,qwen3.5-9b/responses/state_202/USB_Male/Gear_Large.json,0.4894348999951035,B,-5.265664100646973,0.005165961170741317,0.005165961170741317,0.005165961170741317,-0.2876978814601898,0.7499881433374146,0.7499881433374146,0.7499881433374146,-1.4094210863113403,0.24428466196116397,0.24428466196116397,0.24428466196116397
qwen3.5:9b,state_202,DSUB_Male,DSUB connector,DSUB_Male,Gear_Large,gear,False,False,False,../vlm_four_scene_20260925/input_crops/state_202/Gear_Large.png,5d23b69c2449fff305773def219e59a9d80d68f1142de6cae6476b6dda8231cf,qwen3.5-9b/responses/state_202/DSUB_Male/Gear_Large.json,0.4757969999918714,C,-4.397857189178467,0.012303676126567534,0.012303676126567534,0.012303676126567534,-0.769585907459259,0.46320483827159614,0.46320483827159614,0.46320483827159614,-0.6469605565071106,0.5236349192311495,0.5236349192311495,0.5236349192311495
qwen3.5:9b,state_202,Gear_Large,Large gear,gear,Gear_Medium,gear,False,True,False,../vlm_four_scene_20260925/input_crops/state_202/Gear_Medium.png,108195e8929e844a87a358e143fc8be89d43ee37e14f292c33dbb8ab3199825e,qwen3.5-9b/responses/state_202/Gear_Large/Gear_Medium.json,0.44258100003935397,A,-0.004052494652569294,0.9959557056229545,0.9959557056229545,0.9959557056229545,-7.28212308883667,0.0006877239136715776,0.0006877239136715776,0.0006877239136715776,-5.761847972869873,0.003145293806916674,0.003145293806916674,0.003145293806916674
qwen3.5:9b,state_202,Gear_Medium,Medium gear,gear,Gear_Medium,gear,True,True,False,../vlm_four_scene_20260925/input_crops/state_202/Gear_Medium.png,108195e8929e844a87a358e143fc8be89d43ee37e14f292c33dbb8ab3199825e,qwen3.5-9b/responses/state_202/Gear_Medium/Gear_Medium.json,0.05805799999507144,A,-0.004052494652569294,0.9959557056229545,0.9959557056229545,0.9959557056229545,-7.28212308883667,0.0006877239136715776,0.0006877239136715776,0.0006877239136715776,-5.761847972869873,0.003145293806916674,0.003145293806916674,0.003145293806916674
qwen3.5:9b,state_202,Gear_Small,Small gear,gear,Gear_Medium,gear,False,True,False,../vlm_four_scene_20260925/input_crops/state_202/Gear_Medium.png,108195e8929e844a87a358e143fc8be89d43ee37e14f292c33dbb8ab3199825e,qwen3.5-9b/responses/state_202/Gear_Small/Gear_Medium.json,0.05691470002057031,A,-0.004052494652569294,0.9959557056229545,0.9959557056229545,0.9959557056229545,-7.28212308883667,0.0006877239136715776,0.0006877239136715776,0.0006877239136715776,-5.761847972869873,0.003145293806916674,0.003145293806916674,0.003145293806916674
qwen3.5:9b,state_202,Waterproof_Male,Waterproof connector,Waterproof_Male,Gear_Medium,gear,False,False,False,../vlm_four_scene_20260925/input_crops/state_202/Gear_Medium.png,108195e8929e844a87a358e143fc8be89d43ee37e14f292c33dbb8ab3199825e,qwen3.5-9b/responses/state_202/Waterproof_Male/Gear_Medium.json,0.45814929995685816,B,-4.989319801330566,0.006810295270908976,0.006810295270908976,0.006810295270908976,-0.6274821758270264,0.5339344631020293,0.5339344631020293,0.5339344631020293,-0.7805221080780029,0.45816673629285987,0.45816673629285987,0.45816673629285987
qwen3.5:9b,state_202,M12_Hex_Nut,M12 hex nut,hex_nut,Gear_Medium,gear,False,False,False,../vlm_four_scene_20260925/input_crops/state_202/Gear_Medium.png,108195e8929e844a87a358e143fc8be89d43ee37e14f292c33dbb8ab3199825e,qwen3.5-9b/responses/state_202/M12_Hex_Nut/Gear_Medium.json,0.4514513000031002,B,-5.639779090881348,0.0035536533539475296,0.0035536533539475296,0.0035536533539475296,-0.018559498712420464,0.9816116682239007,0.9816116682239007,0.9816116682239007,-4.240263938903809,0.014403789620914013,0.014403789620914013,0.014403789620914013
qwen3.5:9b,state_202,M16_Hex_Nut,M16 hex nut,hex_nut,Gear_Medium,gear,False,False,False,../vlm_four_scene_20260925/input_crops/state_202/Gear_Medium.png,108195e8929e844a87a358e143fc8be89d43ee37e14f292c33dbb8ab3199825e,qwen3.5-9b/responses/state_202/M16_Hex_Nut/Gear_Medium.json,0.05830129998503253,B,-5.639779090881348,0.0035536533539475296,0.0035536533539475296,0.0035536533539475296,-0.018559498712420464,0.9816116682239007,0.9816116682239007,0.9816116682239007,-4.240263938903809,0.014403789620914013,0.014403789620914013,0.014403789620914013
qwen3.5:9b,state_202,RGOCG16-50_16mm,16 mm round pin,round_pin,Gear_Medium,gear,False,False,False,../vlm_four_scene_20260925/input_crops/state_202/Gear_Medium.png,108195e8929e844a87a358e143fc8be89d43ee37e14f292c33dbb8ab3199825e,qwen3.5-9b/responses/state_202/RGOCG16-50_16mm/Gear_Medium.json,0.46338819997617975,B,-5.288112640380859,0.005051284859759969,0.005051284859759969,0.005051284859759969,-0.08163624256849289,0.9216071391762629,0.9216071391762629,0.9216071391762629,-2.6174027919769287,0.07299219276506316,0.07299219276506316,0.07299219276506316
qwen3.5:9b,state_202,RGOCG12-50_12mm,12 mm round pin,round_pin,Gear_Medium,gear,False,False,False,../vlm_four_scene_20260925/input_crops/state_202/Gear_Medium.png,108195e8929e844a87a358e143fc8be89d43ee37e14f292c33dbb8ab3199825e,qwen3.5-9b/responses/state_202/RGOCG12-50_12mm/Gear_Medium.json,0.05788780003786087,B,-5.288112640380859,0.005051284859759969,0.005051284859759969,0.005051284859759969,-0.08163624256849289,0.9216071391762629,0.9216071391762629,0.9216071391762629,-2.6174027919769287,0.07299219276506316,0.07299219276506316,0.07299219276506316
qwen3.5:9b,state_202,RGOCG8-50_8mm,8 mm round pin,round_pin,Gear_Medium,gear,False,False,False,../vlm_four_scene_20260925/input_crops/state_202/Gear_Medium.png,108195e8929e844a87a358e143fc8be89d43ee37e14f292c33dbb8ab3199825e,qwen3.5-9b/responses/state_202/RGOCG8-50_8mm/Gear_Medium.json,0.05610290000913665,B,-5.288112640380859,0.005051284859759969,0.005051284859759969,0.005051284859759969,-0.08163624256849289,0.9216071391762629,0.9216071391762629,0.9216071391762629,-2.6174027919769287,0.07299219276506316,0.07299219276506316,0.07299219276506316
qwen3.5:9b,state_202,USB_Male,USB connector + cable,USB_Male,Gear_Medium,gear,False,False,False,../vlm_four_scene_20260925/input_crops/state_202/Gear_Medium.png,108195e8929e844a87a358e143fc8be89d43ee37e14f292c33dbb8ab3199825e,qwen3.5-9b/responses/state_202/USB_Male/Gear_Medium.json,0.48468470002990216,B,-5.296844959259033,0.005007367459064187,0.005007367459064187,0.005007367459064187,-0.33516186475753784,0.7152223076971497,0.7152223076971497,0.7152223076971497,-1.2755190134048462,0.2792859774325075,0.2792859774325075,0.2792859774325075
qwen3.5:9b,state_202,DSUB_Male,DSUB connector,DSUB_Male,Gear_Medium,gear,False,False,False,../vlm_four_scene_20260925/input_crops/state_202/Gear_Medium.png,108195e8929e844a87a358e143fc8be89d43ee37e14f292c33dbb8ab3199825e,qwen3.5-9b/responses/state_202/DSUB_Male/Gear_Medium.json,0.45717380003770813,C,-4.8129401206970215,0.008123939188569724,0.008123939188569724,0.008123939188569724,-0.7920183539390564,0.45292969965616436,0.45292969965616436,0.45292969965616436,-0.6194833517074585,0.5382224374777387,0.5382224374777387,0.5382224374777387
qwen3.5:9b,state_202,Gear_Large,Large gear,gear,Gear_Small,gear,False,True,False,../vlm_four_scene_20260925/input_crops/state_202/Gear_Small.png,1ba202f6a7dcb3dfb5dfcd5cb62a942310b21b59276bb4441319fd2102e2a13f,qwen3.5-9b/responses/state_202/Gear_Large/Gear_Small.json,0.4260257999994792,A,-0.160151407122612,0.8520147780939012,0.8520147780939012,0.8520147780939012,-2.81813907623291,0.05971696809723771,0.05971696809723771,0.05971696809723771,-2.4413955211639404,0.08703930148161042,0.08703930148161042,0.08703930148161042
qwen3.5:9b,state_202,Gear_Medium,Medium gear,gear,Gear_Small,gear,False,True,False,../vlm_four_scene_20260925/input_crops/state_202/Gear_Small.png,1ba202f6a7dcb3dfb5dfcd5cb62a942310b21b59276bb4441319fd2102e2a13f,qwen3.5-9b/responses/state_202/Gear_Medium/Gear_Small.json,0.05781349999597296,A,-0.160151407122612,0.8520147780939012,0.8520147780939012,0.8520147780939012,-2.81813907623291,0.05971696809723771,0.05971696809723771,0.05971696809723771,-2.4413955211639404,0.08703930148161042,0.08703930148161042,0.08703930148161042
qwen3.5:9b,state_202,Gear_Small,Small gear,gear,Gear_Small,gear,True,True,False,../vlm_four_scene_20260925/input_crops/state_202/Gear_Small.png,1ba202f6a7dcb3dfb5dfcd5cb62a942310b21b59276bb4441319fd2102e2a13f,qwen3.5-9b/responses/state_202/Gear_Small/Gear_Small.json,0.0559835999738425,A,-0.160151407122612,0.8520147780939012,0.8520147780939012,0.8520147780939012,-2.81813907623291,0.05971696809723771,0.05971696809723771,0.05971696809723771,-2.4413955211639404,0.08703930148161042,0.08703930148161042,0.08703930148161042
qwen3.5:9b,state_202,Waterproof_Male,Waterproof connector,Waterproof_Male,Gear_Small,gear,False,False,False,../vlm_four_scene_20260925/input_crops/state_202/Gear_Small.png,1ba202f6a7dcb3dfb5dfcd5cb62a942310b21b59276bb4441319fd2102e2a13f,qwen3.5-9b/responses/state_202/Waterproof_Male/Gear_Small.json,0.4293074000161141,C,-2.566263198852539,0.07682207856313343,0.07682207856313343,0.07682207856313343,-2.0958938598632812,0.12296028525382273,0.12296028525382273,0.12296028525382273,-0.22436513006687164,0.79902333365675,0.79902333365675,0.79902333365675
qwen3.5:9b,state_202,M12_Hex_Nut,M12 hex nut,hex_nut,Gear_Small,gear,False,False,False,../vlm_four_scene_20260925/input_crops/state_202/Gear_Small.png,1ba202f6a7dcb3dfb5dfcd5cb62a942310b21b59276bb4441319fd2102e2a13f,qwen3.5-9b/responses/state_202/M12_Hex_Nut/Gear_Small.json,0.435822699975688,B,-3.3173768520355225,0.03624779047200585,0.03624779047200585,0.03624779047200585,-0.13793157041072845,0.8711583027110432,0.8711583027110432,0.8711583027110432,-2.393523931503296,0.09130735541312555,0.09130735541312555,0.09130735541312555
qwen3.5:9b,state_202,M16_Hex_Nut,M16 hex nut,hex_nut,Gear_Small,gear,False,False,False,../vlm_four_scene_20260925/input_crops/state_202/Gear_Small.png,1ba202f6a7dcb3dfb5dfcd5cb62a942310b21b59276bb4441319fd2102e2a13f,qwen3.5-9b/responses/state_202/M16_Hex_Nut/Gear_Small.json,0.05769779998809099,B,-3.3173768520355225,0.03624779047200585,0.03624779047200585,0.03624779047200585,-0.13793157041072845,0.8711583027110432,0.8711583027110432,0.8711583027110432,-2.393523931503296,0.09130735541312555,0.09130735541312555,0.09130735541312555
qwen3.5:9b,state_202,RGOCG16-50_16mm,16 mm round pin,round_pin,Gear_Small,gear,False,False,False,../vlm_four_scene_20260925/input_crops/state_202/Gear_Small.png,1ba202f6a7dcb3dfb5dfcd5cb62a942310b21b59276bb4441319fd2102e2a13f,qwen3.5-9b/responses/state_202/RGOCG16-50_16mm/Gear_Small.json,0.44965640001464635,C,-2.4775359630584717,0.08394982642516914,0.08394982642516914,0.08394982642516914,-0.9027106165885925,0.4054690975514109,0.4054690975514109,0.4054690975514109,-0.6762396097183228,0.5085256563919145,0.5085256563919145,0.5085256563919145
qwen3.5:9b,state_202,RGOCG12-50_12mm,12 mm round pin,round_pin,Gear_Small,gear,False,False,False,../vlm_four_scene_20260925/input_crops/state_202/Gear_Small.png,1ba202f6a7dcb3dfb5dfcd5cb62a942310b21b59276bb4441319fd2102e2a13f,qwen3.5-9b/responses/state_202/RGOCG12-50_12mm/Gear_Small.json,0.059349399991333485,C,-2.4775359630584717,0.08394982642516914,0.08394982642516914,0.08394982642516914,-0.9027106165885925,0.4054690975514109,0.4054690975514109,0.4054690975514109,-0.6762396097183228,0.5085256563919145,0.5085256563919145,0.5085256563919145
qwen3.5:9b,state_202,RGOCG8-50_8mm,8 mm round pin,round_pin,Gear_Small,gear,False,False,False,../vlm_four_scene_20260925/input_crops/state_202/Gear_Small.png,1ba202f6a7dcb3dfb5dfcd5cb62a942310b21b59276bb4441319fd2102e2a13f,qwen3.5-9b/responses/state_202/RGOCG8-50_8mm/Gear_Small.json,0.056283899990376085,C,-2.4775359630584717,0.08394982642516914,0.08394982642516914,0.08394982642516914,-0.9027106165885925,0.4054690975514109,0.4054690975514109,0.4054690975514109,-0.6762396097183228,0.5085256563919145,0.5085256563919145,0.5085256563919145
qwen3.5:9b,state_202,USB_Male,USB connector + cable,USB_Male,Gear_Small,gear,False,False,False,../vlm_four_scene_20260925/input_crops/state_202/Gear_Small.png,1ba202f6a7dcb3dfb5dfcd5cb62a942310b21b59276bb4441319fd2102e2a13f,qwen3.5-9b/responses/state_202/USB_Male/Gear_Small.json,0.43527640000684187,C,-4.584901332855225,0.010204756612275816,0.010204756612275816,0.010204756612275816,-0.7673107981681824,0.4642598796149156,0.4642598796149156,0.4642598796149156,-0.6451088190078735,0.5246054519555956,0.5246054519555956,0.5246054519555956
qwen3.5:9b,state_202,DSUB_Male,DSUB connector,DSUB_Male,Gear_Small,gear,False,False,False,../vlm_four_scene_20260925/input_crops/state_202/Gear_Small.png,1ba202f6a7dcb3dfb5dfcd5cb62a942310b21b59276bb4441319fd2102e2a13f,qwen3.5-9b/responses/state_202/DSUB_Male/Gear_Small.json,0.42259989999001846,C,-3.5459506511688232,0.02884119156065168,0.02884119156065168,0.02884119156065168,-3.300326108932495,0.03687114143188634,0.03687114143188634,0.03687114143188634,-0.06915170699357986,0.9331850986332586,0.9331850986332586,0.9331850986332586
qwen3.5:9b,state_202,Gear_Large,Large gear,gear,Waterproof_Male,Waterproof_Male,False,False,False,../vlm_four_scene_20260925/input_crops/state_202/Waterproof_Male.png,7cc62a5ff425def58574827d00781d4317eb510bf765d2165d2b375c4555a81c,qwen3.5-9b/responses/state_202/Gear_Large/Waterproof_Male.json,0.4566668000188656,B,-5.144193649291992,0.005833176053788259,0.005833176053788259,0.005833176053788259,-0.1682378500699997,0.8451527911259645,0.8451527911259645,0.8451527911259645,-1.9081097841262817,0.14836055519894412,0.14836055519894412,0.14836055519894412
qwen3.5:9b,state_202,Gear_Medium,Medium gear,gear,Waterproof_Male,Waterproof_Male,False,False,False,../vlm_four_scene_20260925/input_crops/state_202/Waterproof_Male.png,7cc62a5ff425def58574827d00781d4317eb510bf765d2165d2b375c4555a81c,qwen3.5-9b/responses/state_202/Gear_Medium/Waterproof_Male.json,0.059537299966905266,B,-5.144193649291992,0.005833176053788259,0.005833176053788259,0.005833176053788259,-0.1682378500699997,0.8451527911259645,0.8451527911259645,0.8451527911259645,-1.9081097841262817,0.14836055519894412,0.14836055519894412,0.14836055519894412
qwen3.5:9b,state_202,Gear_Small,Small gear,gear,Waterproof_Male,Waterproof_Male,False,False,False,../vlm_four_scene_20260925/input_crops/state_202/Waterproof_Male.png,7cc62a5ff425def58574827d00781d4317eb510bf765d2165d2b375c4555a81c,qwen3.5-9b/responses/state_202/Gear_Small/Waterproof_Male.json,0.057826300035230815,B,-5.144193649291992,0.005833176053788259,0.005833176053788259,0.005833176053788259,-0.1682378500699997,0.8451527911259645,0.8451527911259645,0.8451527911259645,-1.9081097841262817,0.14836055519894412,0.14836055519894412,0.14836055519894412
qwen3.5:9b,state_202,Waterproof_Male,Waterproof connector,Waterproof_Male,Waterproof_Male,Waterproof_Male,True,True,False,../vlm_four_scene_20260925/input_crops/state_202/Waterproof_Male.png,7cc62a5ff425def58574827d00781d4317eb510bf765d2165d2b375c4555a81c,qwen3.5-9b/responses/state_202/Waterproof_Male/Waterproof_Male.json,0.451903700013645,A,-0.00994617398828268,0.9901031256173517,0.9901031256173517,0.9901031256173517,-6.107877254486084,0.002225269483571312,0.002225269483571312,0.002225269483571312,-4.933064937591553,0.007204388407480026,0.007204388407480026,0.007204388407480026
qwen3.5:9b,state_202,M12_Hex_Nut,M12 hex nut,hex_nut,Waterproof_Male,Waterproof_Male,False,False,False,../vlm_four_scene_20260925/input_crops/state_202/Waterproof_Male.png,7cc62a5ff425def58574827d00781d4317eb510bf765d2165d2b375c4555a81c,qwen3.5-9b/responses/state_202/M12_Hex_Nut/Waterproof_Male.json,0.4550057000014931,B,-3.434607982635498,0.03223804562879159,0.03223804562879159,0.03223804562879159,-0.675076961517334,0.5091172366647061,0.5091172366647061,0.5091172366647061,-0.7828956246376038,0.457080559496439,0.457080559496439,0.457080559496439
qwen3.5:9b,state_202,M16_Hex_Nut,M16 hex nut,hex_nut,Waterproof_Male,Waterproof_Male,False,False,False,../vlm_four_scene_20260925/input_crops/state_202/Waterproof_Male.png,7cc62a5ff425def58574827d00781d4317eb510bf765d2165d2b375c4555a81c,qwen3.5-9b/responses/state_202/M16_Hex_Nut/Waterproof_Male.json,0.05726299999514595,B,-3.434607982635498,0.03223804562879159,0.03223804562879159,0.03223804562879159,-0.675076961517334,0.5091172366647061,0.5091172366647061,0.5091172366647061,-0.7828956246376038,0.457080559496439,0.457080559496439,0.457080559496439
qwen3.5:9b,state_202,RGOCG16-50_16mm,16 mm round pin,round_pin,Waterproof_Male,Waterproof_Male,False,False,False,../vlm_four_scene_20260925/input_crops/state_202/Waterproof_Male.png,7cc62a5ff425def58574827d00781d4317eb510bf765d2165d2b375c4555a81c,qwen3.5-9b/responses/state_202/RGOCG16-50_16mm/Waterproof_Male.json,0.44898129999637604,B,-2.9688949584960938,0.05136003395433,0.05136003395433,0.05136003395433,-0.5556144714355469,0.5737196185455048,0.5737196185455048,0.5737196185455048,-0.984641969203949,0.37357295361806436,0.37357295361806436,0.37357295361806436
qwen3.5:9b,state_202,RGOCG12-50_12mm,12 mm round pin,round_pin,Waterproof_Male,Waterproof_Male,False,False,False,../vlm_four_scene_20260925/input_crops/state_202/Waterproof_Male.png,7cc62a5ff425def58574827d00781d4317eb510bf765d2165d2b375c4555a81c,qwen3.5-9b/responses/state_202/RGOCG12-50_12mm/Waterproof_Male.json,0.05743849999271333,B,-2.9688949584960938,0.05136003395433,0.05136003395433,0.05136003395433,-0.5556144714355469,0.5737196185455048,0.5737196185455048,0.5737196185455048,-0.984641969203949,0.37357295361806436,0.37357295361806436,0.37357295361806436
qwen3.5:9b,state_202,RGOCG8-50_8mm,8 mm round pin,round_pin,Waterproof_Male,Waterproof_Male,False,False,False,../vlm_four_scene_20260925/input_crops/state_202/Waterproof_Male.png,7cc62a5ff425def58574827d00781d4317eb510bf765d2165d2b375c4555a81c,qwen3.5-9b/responses/state_202/RGOCG8-50_8mm/Waterproof_Male.json,0.05649190000258386,B,-2.9688949584960938,0.05136003395433,0.05136003395433,0.05136003395433,-0.5556144714355469,0.5737196185455048,0.5737196185455048,0.5737196185455048,-0.984641969203949,0.37357295361806436,0.37357295361806436,0.37357295361806436
qwen3.5:9b,state_202,USB_Male,USB connector + cable,USB_Male,Waterproof_Male,Waterproof_Male,False,False,False,../vlm_four_scene_20260925/input_crops/state_202/Waterproof_Male.png,7cc62a5ff425def58574827d00781d4317eb510bf765d2165d2b375c4555a81c,qwen3.5-9b/responses/state_202/USB_Male/Waterproof_Male.json,0.4535718999686651,C,-3.4110050201416016,0.0330080099853057,0.0330080099853057,0.0330080099853057,-1.0765247344970703,0.3407777633652753,0.3407777633652753,0.3407777633652753,-0.47051626443862915,0.624679685113798,0.624679685113798,0.624679685113798
qwen3.5:9b,state_202,DSUB_Male,DSUB connector,DSUB_Male,Waterproof_Male,Waterproof_Male,False,False,False,../vlm_four_scene_20260925/input_crops/state_202/Waterproof_Male.png,7cc62a5ff425def58574827d00781d4317eb510bf765d2165d2b375c4555a81c,qwen3.5-9b/responses/state_202/DSUB_Male/Waterproof_Male.json,0.44699470000341535,A,-0.31999221444129944,0.7261546905716522,0.7261546905716522,0.7261546905716522,-2.3559439182281494,0.09480397708495923,0.09480397708495923,0.09480397708495923,-1.7394201755523682,0.1756222011466986,0.1756222011466986,0.1756222011466986
qwen3.5:9b,state_202,Gear_Large,Large gear,gear,M12_Hex_Nut,hex_nut,False,False,False,../vlm_four_scene_20260925/input_crops/state_202/M12_Hex_Nut.png,3718dec057ac940d14b25b665ed81c8e846d2ffe0ea118f40903b6a5da604056,qwen3.5-9b/responses/state_202/Gear_Large/M12_Hex_Nut.json,0.4325825000414625,C,-1.8838822841644287,0.15199885604796237,0.15199885604796237,0.15199885604796237,-1.6462074518203735,0.192779650067207,0.192779650067207,0.192779650067207,-0.4246269762516022,0.6540137022763014,0.6540137022763014,0.6540137022763014
qwen3.5:9b,state_202,Gear_Medium,Medium gear,gear,M12_Hex_Nut,hex_nut,False,False,False,../vlm_four_scene_20260925/input_crops/state_202/M12_Hex_Nut.png,3718dec057ac940d14b25b665ed81c8e846d2ffe0ea118f40903b6a5da604056,qwen3.5-9b/responses/state_202/Gear_Medium/M12_Hex_Nut.json,0.05592059995979071,C,-1.8838822841644287,0.15199885604796237,0.15199885604796237,0.15199885604796237,-1.6462074518203735,0.192779650067207,0.192779650067207,0.192779650067207,-0.4246269762516022,0.6540137022763014,0.6540137022763014,0.6540137022763014
qwen3.5:9b,state_202,Gear_Small,Small gear,gear,M12_Hex_Nut,hex_nut,False,False,False,../vlm_four_scene_20260925/input_crops/state_202/M12_Hex_Nut.png,3718dec057ac940d14b25b665ed81c8e846d2ffe0ea118f40903b6a5da604056,qwen3.5-9b/responses/state_202/Gear_Small/M12_Hex_Nut.json,0.05400860001100227,C,-1.8838822841644287,0.15199885604796237,0.15199885604796237,0.15199885604796237,-1.6462074518203735,0.192779650067207,0.192779650067207,0.192779650067207,-0.4246269762516022,0.6540137022763014,0.6540137022763014,0.6540137022763014
qwen3.5:9b,state_202,Waterproof_Male,Waterproof connector,Waterproof_Male,M12_Hex_Nut,hex_nut,False,False,False,../vlm_four_scene_20260925/input_crops/state_202/M12_Hex_Nut.png,3718dec057ac940d14b25b665ed81c8e846d2ffe0ea118f40903b6a5da604056,qwen3.5-9b/responses/state_202/Waterproof_Male/M12_Hex_Nut.json,0.4271115000010468,A,-0.5220263004302979,0.5933170904230666,0.5933170904230666,0.5933170904230666,-3.5284502506256104,0.029350366351405473,0.029350366351405473,0.029350366351405473,-0.9784318804740906,0.3759000931998735,0.3759000931998735,0.3759000931998735
qwen3.5:9b,state_202,M12_Hex_Nut,M12 hex nut,hex_nut,M12_Hex_Nut,hex_nut,True,True,False,../vlm_four_scene_20260925/input_crops/state_202/M12_Hex_Nut.png,3718dec057ac940d14b25b665ed81c8e846d2ffe0ea118f40903b6a5da604056,qwen3.5-9b/responses/state_202/M12_Hex_Nut/M12_Hex_Nut.json,0.42326650000177324,A,-0.1221032589673996,0.885056973714847,0.885056973714847,0.885056973714847,-3.5054001808166504,0.030034751607473195,0.030034751607473195,0.030034751607473195,-2.4801907539367676,0.08372725276572483,0.08372725276572483,0.08372725276572483
qwen3.5:9b,state_202,M16_Hex_Nut,M16 hex nut,hex_nut,M12_Hex_Nut,hex_nut,False,True,False,../vlm_four_scene_20260925/input_crops/state_202/M12_Hex_Nut.png,3718dec057ac940d14b25b665ed81c8e846d2ffe0ea118f40903b6a5da604056,qwen3.5-9b/responses/state_202/M16_Hex_Nut/M12_Hex_Nut.json,0.05710969999199733,A,-0.1221032589673996,0.885056973714847,0.885056973714847,0.885056973714847,-3.5054001808166504,0.030034751607473195,0.030034751607473195,0.030034751607473195,-2.4801907539367676,0.08372725276572483,0.08372725276572483,0.08372725276572483
qwen3.5:9b,state_202,RGOCG16-50_16mm,16 mm round pin,round_pin,M12_Hex_Nut,hex_nut,False,False,False,../vlm_four_scene_20260925/input_crops/state_202/M12_Hex_Nut.png,3718dec057ac940d14b25b665ed81c8e846d2ffe0ea118f40903b6a5da604056,qwen3.5-9b/responses/state_202/RGOCG16-50_16mm/M12_Hex_Nut.json,0.42599800002062693,C,-0.8391695618629456,0.43206918121284216,0.43206918121284216,0.43206918121284216,-3.171420097351074,0.04194399103911966,0.04194399103911966,0.04194399103911966,-0.6454688310623169,0.5244166216616953,0.5244166216616953,0.5244166216616953
qwen3.5:9b,state_202,RGOCG12-50_12mm,12 mm round pin,round_pin,M12_Hex_Nut,hex_nut,False,False,False,../vlm_four_scene_20260925/input_crops/state_202/M12_Hex_Nut.png,3718dec057ac940d14b25b665ed81c8e846d2ffe0ea118f40903b6a5da604056,qwen3.5-9b/responses/state_202/RGOCG12-50_12mm/M12_Hex_Nut.json,0.05687390000093728,C,-0.8391695618629456,0.43206918121284216,0.43206918121284216,0.43206918121284216,-3.171420097351074,0.04194399103911966,0.04194399103911966,0.04194399103911966,-0.6454688310623169,0.5244166216616953,0.5244166216616953,0.5244166216616953
qwen3.5:9b,state_202,RGOCG8-50_8mm,8 mm round pin,round_pin,M12_Hex_Nut,hex_nut,False,False,False,../vlm_four_scene_20260925/input_crops/state_202/M12_Hex_Nut.png,3718dec057ac940d14b25b665ed81c8e846d2ffe0ea118f40903b6a5da604056,qwen3.5-9b/responses/state_202/RGOCG8-50_8mm/M12_Hex_Nut.json,0.057171299995388836,C,-0.8391695618629456,0.43206918121284216,0.43206918121284216,0.43206918121284216,-3.171420097351074,0.04194399103911966,0.04194399103911966,0.04194399103911966,-0.6454688310623169,0.5244166216616953,0.5244166216616953,0.5244166216616953
qwen3.5:9b,state_202,USB_Male,USB connector + cable,USB_Male,M12_Hex_Nut,hex_nut,False,False,False,../vlm_four_scene_20260925/input_crops/state_202/M12_Hex_Nut.png,3718dec057ac940d14b25b665ed81c8e846d2ffe0ea118f40903b6a5da604056,qwen3.5-9b/responses/state_202/USB_Male/M12_Hex_Nut.json,0.4242025999701582,C,-3.596644163131714,0.02741557042968623,0.02741557042968623,0.02741557042968623,-2.916306257247925,0.054133272848826616,0.054133272848826616,0.054133272848826616,-0.08579518646001816,0.9177821861901184,0.9177821861901184,0.9177821861901184
qwen3.5:9b,state_202,DSUB_Male,DSUB connector,DSUB_Male,M12_Hex_Nut,hex_nut,False,False,False,../vlm_four_scene_20260925/input_crops/state_202/M12_Hex_Nut.png,3718dec057ac940d14b25b665ed81c8e846d2ffe0ea118f40903b6a5da604056,qwen3.5-9b/responses/state_202/DSUB_Male/M12_Hex_Nut.json,0.46236309997038916,C,-2.0854005813598633,0.12425733502270857,0.12425733502270857,0.12425733502270857,-3.551342725753784,0.02868609622322711,0.02868609622322711,0.02868609622322711,-0.1676834523677826,0.8456214717971263,0.8456214717971263,0.8456214717971263
qwen3.5:9b,state_202,Gear_Large,Large gear,gear,M16_Hex_Nut,hex_nut,False,False,False,../vlm_four_scene_20260925/input_crops/state_202/M16_Hex_Nut.png,0ba075552bcc00319db0033a5921c1693c2dd389f4f45ec5db2d02ec76429ef3,qwen3.5-9b/responses/state_202/Gear_Large/M16_Hex_Nut.json,0.44282619998557493,B,-2.636998414993286,0.07157578826014996,0.07157578826014996,0.07157578826014996,-0.5084659457206726,0.6014174785659973,0.6014174785659973,0.6014174785659973,-1.1204140186309814,0.3261447366693365,0.3261447366693365,0.3261447366693365
qwen3.5:9b,state_202,Gear_Medium,Medium gear,gear,M16_Hex_Nut,hex_nut,False,False,False,../vlm_four_scene_20260925/input_crops/state_202/M16_Hex_Nut.png,0ba075552bcc00319db0033a5921c1693c2dd389f4f45ec5db2d02ec76429ef3,qwen3.5-9b/responses/state_202/Gear_Medium/M16_Hex_Nut.json,0.060496299993246794,B,-2.636998414993286,0.07157578826014996,0.07157578826014996,0.07157578826014996,-0.5084659457206726,0.6014174785659973,0.6014174785659973,0.6014174785659973,-1.1204140186309814,0.3261447366693365,0.3261447366693365,0.3261447366693365
qwen3.5:9b,state_202,Gear_Small,Small gear,gear,M16_Hex_Nut,hex_nut,False,False,False,../vlm_four_scene_20260925/input_crops/state_202/M16_Hex_Nut.png,0ba075552bcc00319db0033a5921c1693c2dd389f4f45ec5db2d02ec76429ef3,qwen3.5-9b/responses/state_202/Gear_Small/M16_Hex_Nut.json,0.056195200013462454,B,-2.636998414993286,0.07157578826014996,0.07157578826014996,0.07157578826014996,-0.5084659457206726,0.6014174785659973,0.6014174785659973,0.6014174785659973,-1.1204140186309814,0.3261447366693365,0.3261447366693365,0.3261447366693365
qwen3.5:9b,state_202,Waterproof_Male,Waterproof connector,Waterproof_Male,M16_Hex_Nut,hex_nut,False,False,False,../vlm_four_scene_20260925/input_crops/state_202/M16_Hex_Nut.png,0ba075552bcc00319db0033a5921c1693c2dd389f4f45ec5db2d02ec76429ef3,qwen3.5-9b/responses/state_202/Waterproof_Male/M16_Hex_Nut.json,0.44040089996997267,C,-0.8293313384056091,0.4363409532349248,0.4363409532349248,0.4363409532349248,-2.159979820251465,0.1153274482934865,0.1153274482934865,0.1153274482934865,-0.8070210814476013,0.4461852379564079,0.4461852379564079,0.4461852379564079
qwen3.5:9b,state_202,M12_Hex_Nut,M12 hex nut,hex_nut,M16_Hex_Nut,hex_nut,False,True,False,../vlm_four_scene_20260925/input_crops/state_202/M16_Hex_Nut.png,0ba075552bcc00319db0033a5921c1693c2dd389f4f45ec5db2d02ec76429ef3,qwen3.5-9b/responses/state_202/M12_Hex_Nut/M16_Hex_Nut.json,0.4370383000350557,A,-0.06332707405090332,0.9386364198610315,0.9386364198610315,0.9386364198610315,-4.073185920715332,0.017023067878230637,0.017023067878230637,0.017023067878230637,-3.136500597000122,0.04343452718089664,0.04343452718089664,0.04343452718089664
qwen3.5:9b,state_202,M16_Hex_Nut,M16 hex nut,hex_nut,M16_Hex_Nut,hex_nut,True,True,False,../vlm_four_scene_20260925/input_crops/state_202/M16_Hex_Nut.png,0ba075552bcc00319db0033a5921c1693c2dd389f4f45ec5db2d02ec76429ef3,qwen3.5-9b/responses/state_202/M16_Hex_Nut/M16_Hex_Nut.json,0.05473199998959899,A,-0.06332707405090332,0.9386364198610315,0.9386364198610315,0.9386364198610315,-4.073185920715332,0.017023067878230637,0.017023067878230637,0.017023067878230637,-3.136500597000122,0.04343452718089664,0.04343452718089664,0.04343452718089664
qwen3.5:9b,state_202,RGOCG16-50_16mm,16 mm round pin,round_pin,M16_Hex_Nut,hex_nut,False,False,False,../vlm_four_scene_20260925/input_crops/state_202/M16_Hex_Nut.png,0ba075552bcc00319db0033a5921c1693c2dd389f4f45ec5db2d02ec76429ef3,qwen3.5-9b/responses/state_202/RGOCG16-50_16mm/M16_Hex_Nut.json,0.4297389999846928,C,-2.2141056060791016,0.10925118415922895,0.10925118415922895,0.10925118415922895,-0.8302172422409058,0.4359545682861814,0.4359545682861814,0.4359545682861814,-0.7903708219528198,0.45367653086908943,0.45367653086908943,0.45367653086908943
qwen3.5:9b,state_202,RGOCG12-50_12mm,12 mm round pin,round_pin,M16_Hex_Nut,hex_nut,False,False,False,../vlm_four_scene_20260925/input_crops/state_202/M16_Hex_Nut.png,0ba075552bcc00319db0033a5921c1693c2dd389f4f45ec5db2d02ec76429ef3,qwen3.5-9b/responses/state_202/RGOCG12-50_12mm/M16_Hex_Nut.json,0.059718400007113814,C,-2.2141056060791016,0.10925118415922895,0.10925118415922895,0.10925118415922895,-0.8302172422409058,0.4359545682861814,0.4359545682861814,0.4359545682861814,-0.7903708219528198,0.45367653086908943,0.45367653086908943,0.45367653086908943
qwen3.5:9b,state_202,RGOCG8-50_8mm,8 mm round pin,round_pin,M16_Hex_Nut,hex_nut,False,False,False,../vlm_four_scene_20260925/input_crops/state_202/M16_Hex_Nut.png,0ba075552bcc00319db0033a5921c1693c2dd389f4f45ec5db2d02ec76429ef3,qwen3.5-9b/responses/state_202/RGOCG8-50_8mm/M16_Hex_Nut.json,0.05422430002363399,C,-2.2141056060791016,0.10925118415922895,0.10925118415922895,0.10925118415922895,-0.8302172422409058,0.4359545682861814,0.4359545682861814,0.4359545682861814,-0.7903708219528198,0.45367653086908943,0.45367653086908943,0.45367653086908943
qwen3.5:9b,state_202,USB_Male,USB connector + cable,USB_Male,M16_Hex_Nut,hex_nut,False,False,False,../vlm_four_scene_20260925/input_crops/state_202/M16_Hex_Nut.png,0ba075552bcc00319db0033a5921c1693c2dd389f4f45ec5db2d02ec76429ef3,qwen3.5-9b/responses/state_202/USB_Male/M16_Hex_Nut.json,0.43400389997987077,C,-4.269338130950928,0.01399104032603844,0.01399104032603844,0.01399104032603844,-1.0974289178848267,0.3337280237475874,0.3337280237475874,0.3337280237475874,-0.4283061921596527,0.651611865805676,0.651611865805676,0.651611865805676
qwen3.5:9b,state_202,DSUB_Male,DSUB connector,DSUB_Male,M16_Hex_Nut,hex_nut,False,False,False,../vlm_four_scene_20260925/input_crops/state_202/M16_Hex_Nut.png,0ba075552bcc00319db0033a5921c1693c2dd389f4f45ec5db2d02ec76429ef3,qwen3.5-9b/responses/state_202/DSUB_Male/M16_Hex_Nut.json,0.44286559999454767,C,-3.582589864730835,0.027803597373554416,0.027803597373554416,0.027803597373554416,-1.6719777584075928,0.1878751263462441,0.1878751263462441,0.1878751263462441,-0.24467253684997559,0.7829608871056117,0.7829608871056117,0.7829608871056117
qwen3.5:9b,state_202,Gear_Large,Large gear,gear,RGOCG16-50_16mm,round_pin,False,False,False,../vlm_four_scene_20260925/input_crops/state_202/RGOCG16-50_16mm.png,c85b3a16f2ee10630cb2f8f1de795a4f7653eeb4dbefbe4387be155ffc8f6a9d,qwen3.5-9b/responses/state_202/Gear_Large/RGOCG16-50_16mm.json,0.4500881999847479,C,-4.607367992401123,0.009978046069950912,0.009978046069950912,0.009978046069950912,-2.471312999725342,0.08447387198383431,0.08447387198383431,0.08447387198383431,-0.10033369064331055,0.9045355326268131,0.9045355326268131,0.9045355326268131
qwen3.5:9b,state_202,Gear_Medium,Medium gear,gear,RGOCG16-50_16mm,round_pin,False,False,False,../vlm_four_scene_20260925/input_crops/state_202/RGOCG16-50_16mm.png,c85b3a16f2ee10630cb2f8f1de795a4f7653eeb4dbefbe4387be155ffc8f6a9d,qwen3.5-9b/responses/state_202/Gear_Medium/RGOCG16-50_16mm.json,0.05595270002959296,C,-4.607367992401123,0.009978046069950912,0.009978046069950912,0.009978046069950912,-2.471312999725342,0.08447387198383431,0.08447387198383431,0.08447387198383431,-0.10033369064331055,0.9045355326268131,0.9045355326268131,0.9045355326268131
qwen3.5:9b,state_202,Gear_Small,Small gear,gear,RGOCG16-50_16mm,round_pin,False,False,False,../vlm_four_scene_20260925/input_crops/state_202/RGOCG16-50_16mm.png,c85b3a16f2ee10630cb2f8f1de795a4f7653eeb4dbefbe4387be155ffc8f6a9d,qwen3.5-9b/responses/state_202/Gear_Small/RGOCG16-50_16mm.json,0.05572589999064803,C,-4.607367992401123,0.009978046069950912,0.009978046069950912,0.009978046069950912,-2.471312999725342,0.08447387198383431,0.08447387198383431,0.08447387198383431,-0.10033369064331055,0.9045355326268131,0.9045355326268131,0.9045355326268131
qwen3.5:9b,state_202,Waterproof_Male,Waterproof connector,Waterproof_Male,RGOCG16-50_16mm,round_pin,False,False,False,../vlm_four_scene_20260925/input_crops/state_202/RGOCG16-50_16mm.png,c85b3a16f2ee10630cb2f8f1de795a4f7653eeb4dbefbe4387be155ffc8f6a9d,qwen3.5-9b/responses/state_202/Waterproof_Male/RGOCG16-50_16mm.json,0.4406719999969937,C,-4.2743425369262695,0.013921198384704368,0.013921198384704368,0.013921198384704368,-4.029004096984863,0.017792040279872176,0.017792040279872176,0.017792040279872176,-0.03286468982696533,0.967669486256603,0.967669486256603,0.967669486256603
qwen3.5:9b,state_202,M12_Hex_Nut,M12 hex nut,hex_nut,RGOCG16-50_16mm,round_pin,False,False,False,../vlm_four_scene_20260925/input_crops/state_202/RGOCG16-50_16mm.png,c85b3a16f2ee10630cb2f8f1de795a4f7653eeb4dbefbe4387be155ffc8f6a9d,qwen3.5-9b/responses/state_202/M12_Hex_Nut/RGOCG16-50_16mm.json,0.44472230004612356,C,-3.8025426864624023,0.02231396225252586,0.02231396225252586,0.02231396225252586,-1.5701513290405273,0.208013701461235,0.208013701461235,0.208013701461235,-0.2632322311401367,0.7685633922318982,0.7685633922318982,0.7685633922318982
qwen3.5:9b,state_202,M16_Hex_Nut,M16 hex nut,hex_nut,RGOCG16-50_16mm,round_pin,False,False,False,../vlm_four_scene_20260925/input_crops/state_202/RGOCG16-50_16mm.png,c85b3a16f2ee10630cb2f8f1de795a4f7653eeb4dbefbe4387be155ffc8f6a9d,qwen3.5-9b/responses/state_202/M16_Hex_Nut/RGOCG16-50_16mm.json,0.05740920000243932,C,-3.8025426864624023,0.02231396225252586,0.02231396225252586,0.02231396225252586,-1.5701513290405273,0.208013701461235,0.208013701461235,0.208013701461235,-0.2632322311401367,0.7685633922318982,0.7685633922318982,0.7685633922318982
qwen3.5:9b,state_202,RGOCG16-50_16mm,16 mm round pin,round_pin,RGOCG16-50_16mm,round_pin,True,True,False,../vlm_four_scene_20260925/input_crops/state_202/RGOCG16-50_16mm.png,c85b3a16f2ee10630cb2f8f1de795a4f7653eeb4dbefbe4387be155ffc8f6a9d,qwen3.5-9b/responses/state_202/RGOCG16-50_16mm/RGOCG16-50_16mm.json,0.4416444000089541,A,-0.009347599931061268,0.9906959530701865,0.9906959530701865,0.9906959530701865,-7.1854166984558105,0.0007575532708826804,0.0007575532708826804,0.0007575532708826804,-4.794618129730225,0.00827415787946008,0.00827415787946008,0.00827415787946008
qwen3.5:9b,state_202,RGOCG12-50_12mm,12 mm round pin,round_pin,RGOCG16-50_16mm,round_pin,False,True,False,../vlm_four_scene_20260925/input_crops/state_202/RGOCG16-50_16mm.png,c85b3a16f2ee10630cb2f8f1de795a4f7653eeb4dbefbe4387be155ffc8f6a9d,qwen3.5-9b/responses/state_202/RGOCG12-50_12mm/RGOCG16-50_16mm.json,0.05936370004201308,A,-0.009347599931061268,0.9906959530701865,0.9906959530701865,0.9906959530701865,-7.1854166984558105,0.0007575532708826804,0.0007575532708826804,0.0007575532708826804,-4.794618129730225,0.00827415787946008,0.00827415787946008,0.00827415787946008
qwen3.5:9b,state_202,RGOCG8-50_8mm,8 mm round pin,round_pin,RGOCG16-50_16mm,round_pin,False,True,False,../vlm_four_scene_20260925/input_crops/state_202/RGOCG16-50_16mm.png,c85b3a16f2ee10630cb2f8f1de795a4f7653eeb4dbefbe4387be155ffc8f6a9d,qwen3.5-9b/responses/state_202/RGOCG8-50_8mm/RGOCG16-50_16mm.json,0.0538306999951601,A,-0.009347599931061268,0.9906959530701865,0.9906959530701865,0.9906959530701865,-7.1854166984558105,0.0007575532708826804,0.0007575532708826804,0.0007575532708826804,-4.794618129730225,0.00827415787946008,0.00827415787946008,0.00827415787946008
qwen3.5:9b,state_202,USB_Male,USB connector + cable,USB_Male,RGOCG16-50_16mm,round_pin,False,False,False,../vlm_four_scene_20260925/input_crops/state_202/RGOCG16-50_16mm.png,c85b3a16f2ee10630cb2f8f1de795a4f7653eeb4dbefbe4387be155ffc8f6a9d,qwen3.5-9b/responses/state_202/USB_Male/RGOCG16-50_16mm.json,0.4495500999619253,C,-4.16939115524292,0.015461671016066457,0.015461671016066457,0.015461671016066457,-1.5015424489974976,0.22278625855011794,0.22278625855011794,0.22278625855011794,-0.27320989966392517,0.7609330512734852,0.7609330512734852,0.7609330512734852
qwen3.5:9b,state_202,DSUB_Male,DSUB connector,DSUB_Male,RGOCG16-50_16mm,round_pin,False,False,False,../vlm_four_scene_20260925/input_crops/state_202/RGOCG16-50_16mm.png,c85b3a16f2ee10630cb2f8f1de795a4f7653eeb4dbefbe4387be155ffc8f6a9d,qwen3.5-9b/responses/state_202/DSUB_Male/RGOCG16-50_16mm.json,0.44603619998088107,C,-4.453991413116455,0.011632045889197317,0.011632045889197317,0.011632045889197317,-2.8691506385803223,0.0567471049181355,0.0567471049181355,0.0567471049181355,-0.07168246060609818,0.930826422946139,0.930826422946139,0.930826422946139
qwen3.5:9b,state_202,Gear_Large,Large gear,gear,RGOCG12-50_12mm,round_pin,False,False,False,../vlm_four_scene_20260925/input_crops/state_202/RGOCG12-50_12mm.png,bbb4a034468a62ce3f34a1a319fc879384d925839ada0d367263cbcbbff41d70,qwen3.5-9b/responses/state_202/Gear_Large/RGOCG12-50_12mm.json,0.442649100034032,C,-4.692840576171875,0.00916062770248402,0.00916062770248402,0.00916062770248402,-1.4201585054397583,0.2416757069467404,0.2416757069467404,0.2416757069467404,-0.2899895906448364,0.7482713565603352,0.7482713565603352,0.7482713565603352
qwen3.5:9b,state_202,Gear_Medium,Medium gear,gear,RGOCG12-50_12mm,round_pin,False,False,False,../vlm_four_scene_20260925/input_crops/state_202/RGOCG12-50_12mm.png,bbb4a034468a62ce3f34a1a319fc879384d925839ada0d367263cbcbbff41d70,qwen3.5-9b/responses/state_202/Gear_Medium/RGOCG12-50_12mm.json,0.05753679998451844,C,-4.692840576171875,0.00916062770248402,0.00916062770248402,0.00916062770248402,-1.4201585054397583,0.2416757069467404,0.2416757069467404,0.2416757069467404,-0.2899895906448364,0.7482713565603352,0.7482713565603352,0.7482713565603352
qwen3.5:9b,state_202,Gear_Small,Small gear,gear,RGOCG12-50_12mm,round_pin,False,False,False,../vlm_four_scene_20260925/input_crops/state_202/RGOCG12-50_12mm.png,bbb4a034468a62ce3f34a1a319fc879384d925839ada0d367263cbcbbff41d70,qwen3.5-9b/responses/state_202/Gear_Small/RGOCG12-50_12mm.json,0.05433630000334233,C,-4.692840576171875,0.00916062770248402,0.00916062770248402,0.00916062770248402,-1.4201585054397583,0.2416757069467404,0.2416757069467404,0.2416757069467404,-0.2899895906448364,0.7482713565603352,0.7482713565603352,0.7482713565603352
qwen3.5:9b,state_202,Waterproof_Male,Waterproof connector,Waterproof_Male,RGOCG12-50_12mm,round_pin,False,False,False,../vlm_four_scene_20260925/input_crops/state_202/RGOCG12-50_12mm.png,bbb4a034468a62ce3f34a1a319fc879384d925839ada0d367263cbcbbff41d70,qwen3.5-9b/responses/state_202/Waterproof_Male/RGOCG12-50_12mm.json,0.4364540000096895,C,-4.455353260040283,0.011616215604943848,0.011616215604943848,0.011616215604943848,-4.155989170074463,0.015670282885851195,0.015670282885851195,0.015670282885851195,-0.028359122574329376,0.9720392228841969,0.9720392228841969,0.9720392228841969
qwen3.5:9b,state_202,M12_Hex_Nut,M12 hex nut,hex_nut,RGOCG12-50_12mm,round_pin,False,False,False,../vlm_four_scene_20260925/input_crops/state_202/RGOCG12-50_12mm.png,bbb4a034468a62ce3f34a1a319fc879384d925839ada0d367263cbcbbff41d70,qwen3.5-9b/responses/state_202/M12_Hex_Nut/RGOCG12-50_12mm.json,0.43011409998871386,C,-3.8052592277526855,0.022253427712232855,0.022253427712232855,0.022253427712232855,-1.1385798454284668,0.32027353692666516,0.32027353692666516,0.32027353692666516,-0.42075300216674805,0.6565522483661365,0.6565522483661365,0.6565522483661365
qwen3.5:9b,state_202,M16_Hex_Nut,M16 hex nut,hex_nut,RGOCG12-50_12mm,round_pin,False,False,False,../vlm_four_scene_20260925/input_crops/state_202/RGOCG12-50_12mm.png,bbb4a034468a62ce3f34a1a319fc879384d925839ada0d367263cbcbbff41d70,qwen3.5-9b/responses/state_202/M16_Hex_Nut/RGOCG12-50_12mm.json,0.05685779999475926,C,-3.8052592277526855,0.022253427712232855,0.022253427712232855,0.022253427712232855,-1.1385798454284668,0.32027353692666516,0.32027353692666516,0.32027353692666516,-0.42075300216674805,0.6565522483661365,0.6565522483661365,0.6565522483661365
qwen3.5:9b,state_202,RGOCG16-50_16mm,16 mm round pin,round_pin,RGOCG12-50_12mm,round_pin,False,True,False,../vlm_four_scene_20260925/input_crops/state_202/RGOCG12-50_12mm.png,bbb4a034468a62ce3f34a1a319fc879384d925839ada0d367263cbcbbff41d70,qwen3.5-9b/responses/state_202/RGOCG16-50_16mm/RGOCG12-50_12mm.json,0.4325739000341855,A,-0.007474811747670174,0.992553055181084,0.992553055181084,0.992553055181084,-7.054718017578125,0.0008633261455613045,0.0008633261455613045,0.0008633261455613045,-5.067138671875,0.0063004219485003655,0.0063004219485003655,0.0063004219485003655
qwen3.5:9b,state_202,RGOCG12-50_12mm,12 mm round pin,round_pin,RGOCG12-50_12mm,round_pin,True,True,False,../vlm_four_scene_20260925/input_crops/state_202/RGOCG12-50_12mm.png,bbb4a034468a62ce3f34a1a319fc879384d925839ada0d367263cbcbbff41d70,qwen3.5-9b/responses/state_202/RGOCG12-50_12mm/RGOCG12-50_12mm.json,0.05694849998690188,A,-0.007474811747670174,0.992553055181084,0.992553055181084,0.992553055181084,-7.054718017578125,0.0008633261455613045,0.0008633261455613045,0.0008633261455613045,-5.067138671875,0.0063004219485003655,0.0063004219485003655,0.0063004219485003655
qwen3.5:9b,state_202,RGOCG8-50_8mm,8 mm round pin,round_pin,RGOCG12-50_12mm,round_pin,False,True,False,../vlm_four_scene_20260925/input_crops/state_202/RGOCG12-50_12mm.png,bbb4a034468a62ce3f34a1a319fc879384d925839ada0d367263cbcbbff41d70,qwen3.5-9b/responses/state_202/RGOCG8-50_8mm/RGOCG12-50_12mm.json,0.0552521999925375,A,-0.007474811747670174,0.992553055181084,0.992553055181084,0.992553055181084,-7.054718017578125,0.0008633261455613045,0.0008633261455613045,0.0008633261455613045,-5.067138671875,0.0063004219485003655,0.0063004219485003655,0.0063004219485003655
qwen3.5:9b,state_202,USB_Male,USB connector + cable,USB_Male,RGOCG12-50_12mm,round_pin,False,False,False,../vlm_four_scene_20260925/input_crops/state_202/RGOCG12-50_12mm.png,bbb4a034468a62ce3f34a1a319fc879384d925839ada0d367263cbcbbff41d70,qwen3.5-9b/responses/state_202/USB_Male/RGOCG12-50_12mm.json,0.4311213999753818,C,-4.404739856719971,0.012219284766230774,0.012219284766230774,0.012219284766230774,-1.1639524698257446,0.312249581632338,0.312249581632338,0.312249581632338,-0.39354389905929565,0.6746616999128142,0.6746616999128142,0.6746616999128142
qwen3.5:9b,state_202,DSUB_Male,DSUB connector,DSUB_Male,RGOCG12-50_12mm,round_pin,False,False,False,../vlm_four_scene_20260925/input_crops/state_202/RGOCG12-50_12mm.png,bbb4a034468a62ce3f34a1a319fc879384d925839ada0d367263cbcbbff41d70,qwen3.5-9b/responses/state_202/DSUB_Male/RGOCG12-50_12mm.json,0.43410640000365674,C,-4.651834487915039,0.00954407736656861,0.00954407736656861,0.00954407736656861,-2.8505210876464844,0.05781418676574916,0.05781418676574916,0.05781418676574916,-0.07061398029327393,0.9318215241820821,0.9318215241820821,0.9318215241820821
qwen3.5:9b,state_202,Gear_Large,Large gear,gear,RGOCG8-50_8mm,round_pin,False,False,False,../vlm_four_scene_20260925/input_crops/state_202/RGOCG8-50_8mm.png,ed49e017a0769fe65094309e267d7d685bb07b4725667e6832021ce33158fc67,qwen3.5-9b/responses/state_202/Gear_Large/RGOCG8-50_8mm.json,0.46049819997278973,C,-4.7106218338012695,0.008999179847973512,0.008999179847973512,0.008999179847973512,-2.1769609451293945,0.11338559260150387,0.11338559260150387,0.11338559260150387,-0.13098233938217163,0.8772332667357111,0.8772332667357111,0.8772332667357111
qwen3.5:9b,state_202,Gear_Medium,Medium gear,gear,RGOCG8-50_8mm,round_pin,False,False,False,../vlm_four_scene_20260925/input_crops/state_202/RGOCG8-50_8mm.png,ed49e017a0769fe65094309e267d7d685bb07b4725667e6832021ce33158fc67,qwen3.5-9b/responses/state_202/Gear_Medium/RGOCG8-50_8mm.json,0.05824199999915436,C,-4.7106218338012695,0.008999179847973512,0.008999179847973512,0.008999179847973512,-2.1769609451293945,0.11338559260150387,0.11338559260150387,0.11338559260150387,-0.13098233938217163,0.8772332667357111,0.8772332667357111,0.8772332667357111
qwen3.5:9b,state_202,Gear_Small,Small gear,gear,RGOCG8-50_8mm,round_pin,False,False,False,../vlm_four_scene_20260925/input_crops/state_202/RGOCG8-50_8mm.png,ed49e017a0769fe65094309e267d7d685bb07b4725667e6832021ce33158fc67,qwen3.5-9b/responses/state_202/Gear_Small/RGOCG8-50_8mm.json,0.05668960005277768,C,-4.7106218338012695,0.008999179847973512,0.008999179847973512,0.008999179847973512,-2.1769609451293945,0.11338559260150387,0.11338559260150387,0.11338559260150387,-0.13098233938217163,0.8772332667357111,0.8772332667357111,0.8772332667357111
qwen3.5:9b,state_202,Waterproof_Male,Waterproof connector,Waterproof_Male,RGOCG8-50_8mm,round_pin,False,False,False,../vlm_four_scene_20260925/input_crops/state_202/RGOCG8-50_8mm.png,ed49e017a0769fe65094309e267d7d685bb07b4725667e6832021ce33158fc67,qwen3.5-9b/responses/state_202/Waterproof_Male/RGOCG8-50_8mm.json,0.44482880004215986,C,-4.552671432495117,0.01053901248382408,0.01053901248382408,0.01053901248382408,-5.444223403930664,0.004321194527595945,0.004321194527595945,0.004321194527595945,-0.015424947254359722,0.9846934079223338,0.9846934079223338,0.9846934079223338
qwen3.5:9b,state_202,M12_Hex_Nut,M12 hex nut,hex_nut,RGOCG8-50_8mm,round_pin,False,False,False,../vlm_four_scene_20260925/input_crops/state_202/RGOCG8-50_8mm.png,ed49e017a0769fe65094309e267d7d685bb07b4725667e6832021ce33158fc67,qwen3.5-9b/responses/state_202/M12_Hex_Nut/RGOCG8-50_8mm.json,0.44124350004130974,C,-3.255742073059082,0.03855220149583239,0.03855220149583239,0.03855220149583239,-2.5174989700317383,0.08066109049065898,0.08066109049065898,0.08066109049065898,-0.12769412994384766,0.8801225411093228,0.8801225411093228,0.8801225411093228
qwen3.5:9b,state_202,M16_Hex_Nut,M16 hex nut,hex_nut,RGOCG8-50_8mm,round_pin,False,False,False,../vlm_four_scene_20260925/input_crops/state_202/RGOCG8-50_8mm.png,ed49e017a0769fe65094309e267d7d685bb07b4725667e6832021ce33158fc67,qwen3.5-9b/responses/state_202/M16_Hex_Nut/RGOCG8-50_8mm.json,0.05896660004509613,C,-3.255742073059082,0.03855220149583239,0.03855220149583239,0.03855220149583239,-2.5174989700317383,0.08066109049065898,0.08066109049065898,0.08066109049065898,-0.12769412994384766,0.8801225411093228,0.8801225411093228,0.8801225411093228
qwen3.5:9b,state_202,RGOCG16-50_16mm,16 mm round pin,round_pin,RGOCG8-50_8mm,round_pin,False,True,False,../vlm_four_scene_20260925/input_crops/state_202/RGOCG8-50_8mm.png,ed49e017a0769fe65094309e267d7d685bb07b4725667e6832021ce33158fc67,qwen3.5-9b/responses/state_202/RGOCG16-50_16mm/RGOCG8-50_8mm.json,0.44391420000465587,A,-0.005271835718303919,0.994742036020402,0.994742036020402,0.994742036020402,-7.336048126220703,0.0006516205615726264,0.0006516205615726264,0.0006516205615726264,-5.420627593994141,0.004424369068871258,0.004424369068871258,0.004424369068871258
qwen3.5:9b,state_202,RGOCG12-50_12mm,12 mm round pin,round_pin,RGOCG8-50_8mm,round_pin,False,True,False,../vlm_four_scene_20260925/input_crops/state_202/RGOCG8-50_8mm.png,ed49e017a0769fe65094309e267d7d685bb07b4725667e6832021ce33158fc67,qwen3.5-9b/responses/state_202/RGOCG12-50_12mm/RGOCG8-50_8mm.json,0.05871040001511574,A,-0.005271835718303919,0.994742036020402,0.994742036020402,0.994742036020402,-7.336048126220703,0.0006516205615726264,0.0006516205615726264,0.0006516205615726264,-5.420627593994141,0.004424369068871258,0.004424369068871258,0.004424369068871258
qwen3.5:9b,state_202,RGOCG8-50_8mm,8 mm round pin,round_pin,RGOCG8-50_8mm,round_pin,True,True,False,../vlm_four_scene_20260925/input_crops/state_202/RGOCG8-50_8mm.png,ed49e017a0769fe65094309e267d7d685bb07b4725667e6832021ce33158fc67,qwen3.5-9b/responses/state_202/RGOCG8-50_8mm/RGOCG8-50_8mm.json,0.05666189995827153,A,-0.005271835718303919,0.994742036020402,0.994742036020402,0.994742036020402,-7.336048126220703,0.0006516205615726264,0.0006516205615726264,0.0006516205615726264,-5.420627593994141,0.004424369068871258,0.004424369068871258,0.004424369068871258
qwen3.5:9b,state_202,USB_Male,USB connector + cable,USB_Male,RGOCG8-50_8mm,round_pin,False,False,False,../vlm_four_scene_20260925/input_crops/state_202/RGOCG8-50_8mm.png,ed49e017a0769fe65094309e267d7d685bb07b4725667e6832021ce33158fc67,qwen3.5-9b/responses/state_202/USB_Male/RGOCG8-50_8mm.json,0.43654339999193326,C,-3.960498094558716,0.0190536214224803,0.0190536214224803,0.0190536214224803,-1.8232890367507935,0.16149371770252696,0.16149371770252696,0.16149371770252696,-0.19998468458652496,0.818743292374012,0.818743292374012,0.818743292374012
qwen3.5:9b,state_202,DSUB_Male,DSUB connector,DSUB_Male,RGOCG8-50_8mm,round_pin,False,False,False,../vlm_four_scene_20260925/input_crops/state_202/RGOCG8-50_8mm.png,ed49e017a0769fe65094309e267d7d685bb07b4725667e6832021ce33158fc67,qwen3.5-9b/responses/state_202/DSUB_Male/RGOCG8-50_8mm.json,0.432942199986428,C,-4.447613716125488,0.011706468623826984,0.011706468623826984,0.011706468623826984,-3.944890022277832,0.019353344689406846,0.019353344689406846,0.019353344689406846,-0.03197754546999931,0.9685283296834659,0.9685283296834659,0.9685283296834659
qwen3.5:9b,state_202,Gear_Large,Large gear,gear,USB_Male,USB_Male,False,False,False,../vlm_four_scene_20260925/input_crops/state_202/USB_Male.png,a0c930dd9c5206a04601a466c9f68dc4c1e3f4ee1c0f97f37b0b950adec45985,qwen3.5-9b/responses/state_202/Gear_Large/USB_Male.json,0.7332552000298165,B,-4.4984893798828125,0.01112579069349548,0.01112579069349548,0.01112579069349548,-0.2951853573322296,0.7443935958663684,0.7443935958663684,0.7443935958663684,-1.4109423160552979,0.24391333137856883,0.24391333137856883,0.24391333137856883
qwen3.5:9b,state_202,Gear_Medium,Medium gear,gear,USB_Male,USB_Male,False,False,False,../vlm_four_scene_20260925/input_crops/state_202/USB_Male.png,a0c930dd9c5206a04601a466c9f68dc4c1e3f4ee1c0f97f37b0b950adec45985,qwen3.5-9b/responses/state_202/Gear_Medium/USB_Male.json,0.06847490003565326,B,-4.4984893798828125,0.01112579069349548,0.01112579069349548,0.01112579069349548,-0.2951853573322296,0.7443935958663684,0.7443935958663684,0.7443935958663684,-1.4109423160552979,0.24391333137856883,0.24391333137856883,0.24391333137856883
qwen3.5:9b,state_202,Gear_Small,Small gear,gear,USB_Male,USB_Male,False,False,False,../vlm_four_scene_20260925/input_crops/state_202/USB_Male.png,a0c930dd9c5206a04601a466c9f68dc4c1e3f4ee1c0f97f37b0b950adec45985,qwen3.5-9b/responses/state_202/Gear_Small/USB_Male.json,0.06540819996735081,B,-4.4984893798828125,0.01112579069349548,0.01112579069349548,0.01112579069349548,-0.2951853573322296,0.7443935958663684,0.7443935958663684,0.7443935958663684,-1.4109423160552979,0.24391333137856883,0.24391333137856883,0.24391333137856883
qwen3.5:9b,state_202,Waterproof_Male,Waterproof connector,Waterproof_Male,USB_Male,USB_Male,False,False,False,../vlm_four_scene_20260925/input_crops/state_202/USB_Male.png,a0c930dd9c5206a04601a466c9f68dc4c1e3f4ee1c0f97f37b0b950adec45985,qwen3.5-9b/responses/state_202/Waterproof_Male/USB_Male.json,0.6358262000139803,B,-2.4804224967956543,0.0837078518209042,0.0837078518209042,0.0837078518209042,-0.2733970582485199,0.7607906494469153,0.7607906494469153,0.7607906494469153,-1.8698458671569824,0.15414741916415012,0.15414741916415012,0.15414741916415012
qwen3.5:9b,state_202,M12_Hex_Nut,M12 hex nut,hex_nut,USB_Male,USB_Male,False,False,False,../vlm_four_scene_20260925/input_crops/state_202/USB_Male.png,a0c930dd9c5206a04601a466c9f68dc4c1e3f4ee1c0f97f37b0b950adec45985,qwen3.5-9b/responses/state_202/M12_Hex_Nut/USB_Male.json,0.6374330999678932,B,-4.485527992248535,0.011270934983127152,0.011270934983127152,0.011270934983127152,-0.5067985653877258,0.6024211067240545,0.6024211067240545,0.6024211067240545,-0.9543903470039368,0.3850468179572302,0.3850468179572302,0.3850468179572302
qwen3.5:9b,state_202,M16_Hex_Nut,M16 hex nut,hex_nut,USB_Male,USB_Male,False,False,False,../vlm_four_scene_20260925/input_crops/state_202/USB_Male.png,a0c930dd9c5206a04601a466c9f68dc4c1e3f4ee1c0f97f37b0b950adec45985,qwen3.5-9b/responses/state_202/M16_Hex_Nut/USB_Male.json,0.0670051000197418,B,-4.485527992248535,0.011270934983127152,0.011270934983127152,0.011270934983127152,-0.5067985653877258,0.6024211067240545,0.6024211067240545,0.6024211067240545,-0.9543903470039368,0.3850468179572302,0.3850468179572302,0.3850468179572302
qwen3.5:9b,state_202,RGOCG16-50_16mm,16 mm round pin,round_pin,USB_Male,USB_Male,False,False,False,../vlm_four_scene_20260925/input_crops/state_202/USB_Male.png,a0c930dd9c5206a04601a466c9f68dc4c1e3f4ee1c0f97f37b0b950adec45985,qwen3.5-9b/responses/state_202/RGOCG16-50_16mm/USB_Male.json,0.6322151999920607,B,-3.2876241207122803,0.0373424652740135,0.0373424652740135,0.0373424652740135,-0.3338584303855896,0.7161551608609532,0.7161551608609532,0.7161551608609532,-1.406000018119812,0.24512180759755625,0.24512180759755625,0.24512180759755625
qwen3.5:9b,state_202,RGOCG12-50_12mm,12 mm round pin,round_pin,USB_Male,USB_Male,False,False,False,../vlm_four_scene_20260925/input_crops/state_202/USB_Male.png,a0c930dd9c5206a04601a466c9f68dc4c1e3f4ee1c0f97f37b0b950adec45985,qwen3.5-9b/responses/state_202/RGOCG12-50_12mm/USB_Male.json,0.06723419995978475,B,-3.2876241207122803,0.0373424652740135,0.0373424652740135,0.0373424652740135,-0.3338584303855896,0.7161551608609532,0.7161551608609532,0.7161551608609532,-1.406000018119812,0.24512180759755625,0.24512180759755625,0.24512180759755625
qwen3.5:9b,state_202,RGOCG8-50_8mm,8 mm round pin,round_pin,USB_Male,USB_Male,False,False,False,../vlm_four_scene_20260925/input_crops/state_202/USB_Male.png,a0c930dd9c5206a04601a466c9f68dc4c1e3f4ee1c0f97f37b0b950adec45985,qwen3.5-9b/responses/state_202/RGOCG8-50_8mm/USB_Male.json,0.06379909999668598,B,-3.2876241207122803,0.0373424652740135,0.0373424652740135,0.0373424652740135,-0.3338584303855896,0.7161551608609532,0.7161551608609532,0.7161551608609532,-1.406000018119812,0.24512180759755625,0.24512180759755625,0.24512180759755625
qwen3.5:9b,state_202,USB_Male,USB connector + cable,USB_Male,USB_Male,USB_Male,True,True,False,../vlm_four_scene_20260925/input_crops/state_202/USB_Male.png,a0c930dd9c5206a04601a466c9f68dc4c1e3f4ee1c0f97f37b0b950adec45985,qwen3.5-9b/responses/state_202/USB_Male/USB_Male.json,0.6359477999503724,A,-0.015530579723417759,0.9845893978199085,0.9845893978199085,0.9845893978199085,-5.060629844665527,0.006341564054491291,0.006341564054491291,0.006341564054491291,-4.763857841491699,0.008532628293004024,0.008532628293004024,0.008532628293004024
qwen3.5:9b,state_202,DSUB_Male,DSUB connector,DSUB_Male,USB_Male,USB_Male,False,False,False,../vlm_four_scene_20260925/input_crops/state_202/USB_Male.png,a0c930dd9c5206a04601a466c9f68dc4c1e3f4ee1c0f97f37b0b950adec45985,qwen3.5-9b/responses/state_202/DSUB_Male/USB_Male.json,0.6533136999933049,A,-0.20928242802619934,0.8111661072462046,0.8111661072462046,0.8111661072462046,-2.266174793243408,0.10370812733965443,0.10370812733965443,0.10370812733965443,-2.4837212562561035,0.08343217469904189,0.08343217469904189,0.08343217469904189
qwen3.5:9b,state_202,Gear_Large,Large gear,gear,DSUB_Male,DSUB_Male,False,False,False,../vlm_four_scene_20260925/input_crops/state_202/DSUB_Male.png,7cc2d3860523df277d6407a141d1e6f5ac1825291a509806faae51c8b11dadd5,qwen3.5-9b/responses/state_202/Gear_Large/DSUB_Male.json,0.4565129000111483,B,-5.887330055236816,0.002774374242981805,0.002774374242981805,0.002774374242981805,-0.3765479028224945,0.6862262447254294,0.6862262447254294,0.6862262447254294,-1.1699458360671997,0.31038375241491,0.31038375241491,0.31038375241491
qwen3.5:9b,state_202,Gear_Medium,Medium gear,gear,DSUB_Male,DSUB_Male,False,False,False,../vlm_four_scene_20260925/input_crops/state_202/DSUB_Male.png,7cc2d3860523df277d6407a141d1e6f5ac1825291a509806faae51c8b11dadd5,qwen3.5-9b/responses/state_202/Gear_Medium/DSUB_Male.json,0.059401199978310615,B,-5.887330055236816,0.002774374242981805,0.002774374242981805,0.002774374242981805,-0.3765479028224945,0.6862262447254294,0.6862262447254294,0.6862262447254294,-1.1699458360671997,0.31038375241491,0.31038375241491,0.31038375241491
qwen3.5:9b,state_202,Gear_Small,Small gear,gear,DSUB_Male,DSUB_Male,False,False,False,../vlm_four_scene_20260925/input_crops/state_202/DSUB_Male.png,7cc2d3860523df277d6407a141d1e6f5ac1825291a509806faae51c8b11dadd5,qwen3.5-9b/responses/state_202/Gear_Small/DSUB_Male.json,0.055205099983140826,B,-5.887330055236816,0.002774374242981805,0.002774374242981805,0.002774374242981805,-0.3765479028224945,0.6862262447254294,0.6862262447254294,0.6862262447254294,-1.1699458360671997,0.31038375241491,0.31038375241491,0.31038375241491
qwen3.5:9b,state_202,Waterproof_Male,Waterproof connector,Waterproof_Male,DSUB_Male,DSUB_Male,False,False,False,../vlm_four_scene_20260925/input_crops/state_202/DSUB_Male.png,7cc2d3860523df277d6407a141d1e6f5ac1825291a509806faae51c8b11dadd5,qwen3.5-9b/responses/state_202/Waterproof_Male/DSUB_Male.json,0.44748199998866767,A,-0.0011608779896050692,0.9988397955685835,0.9988397955685835,0.9988397955685835,-8.689356803894043,0.00016836828522771816,0.00016836828522771816,0.00016836828522771816,-7.011218547821045,0.0009017091429573679,0.0009017091429573679,0.0009017091429573679
qwen3.5:9b,state_202,M12_Hex_Nut,M12 hex nut,hex_nut,DSUB_Male,DSUB_Male,False,False,False,../vlm_four_scene_20260925/input_crops/state_202/DSUB_Male.png,7cc2d3860523df277d6407a141d1e6f5ac1825291a509806faae51c8b11dadd5,qwen3.5-9b/responses/state_202/M12_Hex_Nut/DSUB_Male.json,0.44638519996078685,B,-4.466534614562988,0.011487054026427362,0.011487054026427362,0.011487054026427362,-0.488104909658432,0.613788477325504,0.613788477325504,0.613788477325504,-0.9842883348464966,0.3737050852112372,0.3737050852112372,0.3737050852112372
qwen3.5:9b,state_202,M16_Hex_Nut,M16 hex nut,hex_nut,DSUB_Male,DSUB_Male,False,False,False,../vlm_four_scene_20260925/input_crops/state_202/DSUB_Male.png,7cc2d3860523df277d6407a141d1e6f5ac1825291a509806faae51c8b11dadd5,qwen3.5-9b/responses/state_202/M16_Hex_Nut/DSUB_Male.json,0.057577500003390014,B,-4.466534614562988,0.011487054026427362,0.011487054026427362,0.011487054026427362,-0.488104909658432,0.613788477325504,0.613788477325504,0.613788477325504,-0.9842883348464966,0.3737050852112372,0.3737050852112372,0.3737050852112372
qwen3.5:9b,state_202,RGOCG16-50_16mm,16 mm round pin,round_pin,DSUB_Male,DSUB_Male,False,False,False,../vlm_four_scene_20260925/input_crops/state_202/DSUB_Male.png,7cc2d3860523df277d6407a141d1e6f5ac1825291a509806faae51c8b11dadd5,qwen3.5-9b/responses/state_202/RGOCG16-50_16mm/DSUB_Male.json,0.46819340001093224,B,-3.814879894256592,0.02204036146868004,0.02204036146868004,0.02204036146868004,-0.644277036190033,0.5250419912844655,0.5250419912844655,0.5250419912844655,-0.7942480444908142,0.45192093162243324,0.45192093162243324,0.45192093162243324
qwen3.5:9b,state_202,RGOCG12-50_12mm,12 mm round pin,round_pin,DSUB_Male,DSUB_Male,False,False,False,../vlm_four_scene_20260925/input_crops/state_202/DSUB_Male.png,7cc2d3860523df277d6407a141d1e6f5ac1825291a509806faae51c8b11dadd5,qwen3.5-9b/responses/state_202/RGOCG12-50_12mm/DSUB_Male.json,0.05586429999675602,B,-3.814879894256592,0.02204036146868004,0.02204036146868004,0.02204036146868004,-0.644277036190033,0.5250419912844655,0.5250419912844655,0.5250419912844655,-0.7942480444908142,0.45192093162243324,0.45192093162243324,0.45192093162243324
qwen3.5:9b,state_202,RGOCG8-50_8mm,8 mm round pin,round_pin,DSUB_Male,DSUB_Male,False,False,False,../vlm_four_scene_20260925/input_crops/state_202/DSUB_Male.png,7cc2d3860523df277d6407a141d1e6f5ac1825291a509806faae51c8b11dadd5,qwen3.5-9b/responses/state_202/RGOCG8-50_8mm/DSUB_Male.json,0.05540299997664988,B,-3.814879894256592,0.02204036146868004,0.02204036146868004,0.02204036146868004,-0.644277036190033,0.5250419912844655,0.5250419912844655,0.5250419912844655,-0.7942480444908142,0.45192093162243324,0.45192093162243324,0.45192093162243324
qwen3.5:9b,state_202,USB_Male,USB connector + cable,USB_Male,DSUB_Male,DSUB_Male,False,False,False,../vlm_four_scene_20260925/input_crops/state_202/DSUB_Male.png,7cc2d3860523df277d6407a141d1e6f5ac1825291a509806faae51c8b11dadd5,qwen3.5-9b/responses/state_202/USB_Male/DSUB_Male.json,0.45665760000701994,B,-3.540339469909668,0.02900347960222943,0.02900347960222943,0.02900347960222943,-0.6758280396461487,0.5087349934084886,0.5087349934084886,0.5087349934084886,-0.7738332748413086,0.46124160937890274,0.46124160937890274,0.46124160937890274
qwen3.5:9b,state_202,DSUB_Male,DSUB connector,DSUB_Male,DSUB_Male,DSUB_Male,True,True,False,../vlm_four_scene_20260925/input_crops/state_202/DSUB_Male.png,7cc2d3860523df277d6407a141d1e6f5ac1825291a509806faae51c8b11dadd5,qwen3.5-9b/responses/state_202/DSUB_Male/DSUB_Male.json,0.4464371999492869,A,-0.007043672259896994,0.9929810762586465,0.9929810762586465,0.9929810762586465,-6.594213485717773,0.0013682626457293362,0.0013682626457293362,0.0013682626457293362,-5.221147537231445,0.005401127573882454,0.005401127573882454,0.005401127573882454
qwen3.5:9b,state_303,Gear_Large,Large gear,gear,Gear_Large,gear,True,True,False,../vlm_four_scene_20260925/input_crops/state_303/Gear_Large.png,3334a7c27ecbce20a0d57b4f0c942261acbbda26e713d210fcce89e35b38b28e,qwen3.5-9b/responses/state_303/Gear_Large/Gear_Large.json,0.4726232999819331,A,-0.02477702498435974,0.9755274060181831,0.9755274060181831,0.9755274060181831,-5.015915393829346,0.006631558769943169,0.006631558769943169,0.006631558769943169,-4.0491204261779785,0.017437705645531248,0.017437705645531248,0.017437705645531248
qwen3.5:9b,state_303,Gear_Medium,Medium gear,gear,Gear_Large,gear,False,True,False,../vlm_four_scene_20260925/input_crops/state_303/Gear_Large.png,3334a7c27ecbce20a0d57b4f0c942261acbbda26e713d210fcce89e35b38b28e,qwen3.5-9b/responses/state_303/Gear_Medium/Gear_Large.json,0.0589324000175111,A,-0.02477702498435974,0.9755274060181831,0.9755274060181831,0.9755274060181831,-5.015915393829346,0.006631558769943169,0.006631558769943169,0.006631558769943169,-4.0491204261779785,0.017437705645531248,0.017437705645531248,0.017437705645531248
qwen3.5:9b,state_303,Gear_Small,Small gear,gear,Gear_Large,gear,False,True,False,../vlm_four_scene_20260925/input_crops/state_303/Gear_Large.png,3334a7c27ecbce20a0d57b4f0c942261acbbda26e713d210fcce89e35b38b28e,qwen3.5-9b/responses/state_303/Gear_Small/Gear_Large.json,0.056119300017599016,A,-0.02477702498435974,0.9755274060181831,0.9755274060181831,0.9755274060181831,-5.015915393829346,0.006631558769943169,0.006631558769943169,0.006631558769943169,-4.0491204261779785,0.017437705645531248,0.017437705645531248,0.017437705645531248
qwen3.5:9b,state_303,Waterproof_Male,Waterproof connector,Waterproof_Male,Gear_Large,gear,False,False,False,../vlm_four_scene_20260925/input_crops/state_303/Gear_Large.png,3334a7c27ecbce20a0d57b4f0c942261acbbda26e713d210fcce89e35b38b28e,qwen3.5-9b/responses/state_303/Waterproof_Male/Gear_Large.json,0.4759776999708265,B,-4.421356678009033,0.012017916776375676,0.012017916776375676,0.012017916776375676,-0.4679418206214905,0.6262899597582563,0.6262899597582563,0.6262899597582563,-1.0185781717300415,0.36110800891440603,0.36110800891440603,0.36110800891440603
qwen3.5:9b,state_303,M12_Hex_Nut,M12 hex nut,hex_nut,Gear_Large,gear,False,False,False,../vlm_four_scene_20260925/input_crops/state_303/Gear_Large.png,3334a7c27ecbce20a0d57b4f0c942261acbbda26e713d210fcce89e35b38b28e,qwen3.5-9b/responses/state_303/M12_Hex_Nut/Gear_Large.json,0.475822500011418,B,-5.070352077484131,0.006280208631457861,0.006280208631457861,0.006280208631457861,-0.04445218667387962,0.9565213334667378,0.9565213334667378,0.9565213334667378,-3.3100104331970215,0.03651579277529257,0.03651579277529257,0.03651579277529257
qwen3.5:9b,state_303,M16_Hex_Nut,M16 hex nut,hex_nut,Gear_Large,gear,False,False,False,../vlm_four_scene_20260925/input_crops/state_303/Gear_Large.png,3334a7c27ecbce20a0d57b4f0c942261acbbda26e713d210fcce89e35b38b28e,qwen3.5-9b/responses/state_303/M16_Hex_Nut/Gear_Large.json,0.05857379996450618,B,-5.070352077484131,0.006280208631457861,0.006280208631457861,0.006280208631457861,-0.04445218667387962,0.9565213334667378,0.9565213334667378,0.9565213334667378,-3.3100104331970215,0.03651579277529257,0.03651579277529257,0.03651579277529257
qwen3.5:9b,state_303,RGOCG16-50_16mm,16 mm round pin,round_pin,Gear_Large,gear,False,False,False,../vlm_four_scene_20260925/input_crops/state_303/Gear_Large.png,3334a7c27ecbce20a0d57b4f0c942261acbbda26e713d210fcce89e35b38b28e,qwen3.5-9b/responses/state_303/RGOCG16-50_16mm/Gear_Large.json,0.4754998999997042,B,-3.9841959476470947,0.01860739963296222,0.01860739963296222,0.01860739963296222,-0.34085673093795776,0.7111607882472,0.7111607882472,0.7111607882472,-1.3119488954544067,0.2692947173849635,0.2692947173849635,0.2692947173849635
qwen3.5:9b,state_303,RGOCG12-50_12mm,12 mm round pin,round_pin,Gear_Large,gear,False,False,False,../vlm_four_scene_20260925/input_crops/state_303/Gear_Large.png,3334a7c27ecbce20a0d57b4f0c942261acbbda26e713d210fcce89e35b38b28e,qwen3.5-9b/responses/state_303/RGOCG12-50_12mm/Gear_Large.json,0.0778576000011526,B,-3.9841959476470947,0.01860739963296222,0.01860739963296222,0.01860739963296222,-0.34085673093795776,0.7111607882472,0.7111607882472,0.7111607882472,-1.3119488954544067,0.2692947173849635,0.2692947173849635,0.2692947173849635
qwen3.5:9b,state_303,RGOCG8-50_8mm,8 mm round pin,round_pin,Gear_Large,gear,False,False,False,../vlm_four_scene_20260925/input_crops/state_303/Gear_Large.png,3334a7c27ecbce20a0d57b4f0c942261acbbda26e713d210fcce89e35b38b28e,qwen3.5-9b/responses/state_303/RGOCG8-50_8mm/Gear_Large.json,0.054969799995888025,B,-3.9841959476470947,0.01860739963296222,0.01860739963296222,0.01860739963296222,-0.34085673093795776,0.7111607882472,0.7111607882472,0.7111607882472,-1.3119488954544067,0.2692947173849635,0.2692947173849635,0.2692947173849635
qwen3.5:9b,state_303,USB_Male,USB connector + cable,USB_Male,Gear_Large,gear,False,False,False,../vlm_four_scene_20260925/input_crops/state_303/Gear_Large.png,3334a7c27ecbce20a0d57b4f0c942261acbbda26e713d210fcce89e35b38b28e,qwen3.5-9b/responses/state_303/USB_Male/Gear_Large.json,0.47028400003910065,B,-5.622426509857178,0.003615856543813342,0.003615856543813342,0.003615856543813342,-0.4792647063732147,0.6192385466062015,0.6192385466062015,0.6192385466062015,-0.9766058325767517,0.3765871318665189,0.3765871318665189,0.3765871318665189
qwen3.5:9b,state_303,DSUB_Male,DSUB connector,DSUB_Male,Gear_Large,gear,False,False,False,../vlm_four_scene_20260925/input_crops/state_303/Gear_Large.png,3334a7c27ecbce20a0d57b4f0c942261acbbda26e713d210fcce89e35b38b28e,qwen3.5-9b/responses/state_303/DSUB_Male/Gear_Large.json,0.4736286000115797,C,-4.2330780029296875,0.01450766711241719,0.01450766711241719,0.01450766711241719,-2.074728012084961,0.12559058196872258,0.12559058196872258,0.12559058196872258,-0.15192221105098724,0.8590551031356848,0.8590551031356848,0.8590551031356848
qwen3.5:9b,state_303,Gear_Large,Large gear,gear,Gear_Medium,gear,False,True,False,../vlm_four_scene_20260925/input_crops/state_303/Gear_Medium.png,0264008996cc496e20e9692d5fd146e86bf33a1bb7ded63f53afc0e916d128ef,qwen3.5-9b/responses/state_303/Gear_Large/Gear_Medium.json,0.458456699969247,A,-0.0045176115818321705,0.9954925774761932,0.9954925774761932,0.9954925774761932,-7.861306190490723,0.00038537017562355905,0.00038537017562355905,0.00038537017562355905,-5.553145408630371,0.0038752488122302414,0.0038752488122302414,0.0038752488122302414
qwen3.5:9b,state_303,Gear_Medium,Medium gear,gear,Gear_Medium,gear,True,True,False,../vlm_four_scene_20260925/input_crops/state_303/Gear_Medium.png,0264008996cc496e20e9692d5fd146e86bf33a1bb7ded63f53afc0e916d128ef,qwen3.5-9b/responses/state_303/Gear_Medium/Gear_Medium.json,0.05819630000041798,A,-0.0045176115818321705,0.9954925774761932,0.9954925774761932,0.9954925774761932,-7.861306190490723,0.00038537017562355905,0.00038537017562355905,0.00038537017562355905,-5.553145408630371,0.0038752488122302414,0.0038752488122302414,0.0038752488122302414
qwen3.5:9b,state_303,Gear_Small,Small gear,gear,Gear_Medium,gear,False,True,False,../vlm_four_scene_20260925/input_crops/state_303/Gear_Medium.png,0264008996cc496e20e9692d5fd146e86bf33a1bb7ded63f53afc0e916d128ef,qwen3.5-9b/responses/state_303/Gear_Small/Gear_Medium.json,0.05759550002403557,A,-0.0045176115818321705,0.9954925774761932,0.9954925774761932,0.9954925774761932,-7.861306190490723,0.00038537017562355905,0.00038537017562355905,0.00038537017562355905,-5.553145408630371,0.0038752488122302414,0.0038752488122302414,0.0038752488122302414
qwen3.5:9b,state_303,Waterproof_Male,Waterproof connector,Waterproof_Male,Gear_Medium,gear,False,False,False,../vlm_four_scene_20260925/input_crops/state_303/Gear_Medium.png,0264008996cc496e20e9692d5fd146e86bf33a1bb7ded63f53afc0e916d128ef,qwen3.5-9b/responses/state_303/Waterproof_Male/Gear_Medium.json,0.45903420000104234,B,-4.683091640472412,0.009250370812047187,0.009250370812047187,0.009250370812047187,-0.2811940908432007,0.7548818056144468,0.7548818056144468,0.7548818056144468,-1.4518064260482788,0.2341469367068417,0.2341469367068417,0.2341469367068417
qwen3.5:9b,state_303,M12_Hex_Nut,M12 hex nut,hex_nut,Gear_Medium,gear,False,False,False,../vlm_four_scene_20260925/input_crops/state_303/Gear_Medium.png,0264008996cc496e20e9692d5fd146e86bf33a1bb7ded63f53afc0e916d128ef,qwen3.5-9b/responses/state_303/M12_Hex_Nut/Gear_Medium.json,0.4683841999503784,B,-5.667105674743652,0.0034578589751835293,0.0034578589751835293,0.0034578589751835293,-0.02089780941605568,0.9793190366403829,0.9793190366403829,0.9793190366403829,-4.106049537658691,0.01647272102154157,0.01647272102154157,0.01647272102154157
qwen3.5:9b,state_303,M16_Hex_Nut,M16 hex nut,hex_nut,Gear_Medium,gear,False,False,False,../vlm_four_scene_20260925/input_crops/state_303/Gear_Medium.png,0264008996cc496e20e9692d5fd146e86bf33a1bb7ded63f53afc0e916d128ef,qwen3.5-9b/responses/state_303/M16_Hex_Nut/Gear_Medium.json,0.057824900024570525,B,-5.667105674743652,0.0034578589751835293,0.0034578589751835293,0.0034578589751835293,-0.02089780941605568,0.9793190366403829,0.9793190366403829,0.9793190366403829,-4.106049537658691,0.01647272102154157,0.01647272102154157,0.01647272102154157
qwen3.5:9b,state_303,RGOCG16-50_16mm,16 mm round pin,round_pin,Gear_Medium,gear,False,False,False,../vlm_four_scene_20260925/input_crops/state_303/Gear_Medium.png,0264008996cc496e20e9692d5fd146e86bf33a1bb7ded63f53afc0e916d128ef,qwen3.5-9b/responses/state_303/RGOCG16-50_16mm/Gear_Medium.json,0.4558266999665648,B,-5.229156970977783,0.0053580403827655975,0.0053580403827655975,0.0053580403827655975,-0.1333393156528473,0.8751680834921832,0.8751680834921832,0.8751680834921832,-2.1276724338531494,0.11911421766879295,0.11911421766879295,0.11911421766879295
qwen3.5:9b,state_303,RGOCG12-50_12mm,12 mm round pin,round_pin,Gear_Medium,gear,False,False,False,../vlm_four_scene_20260925/input_crops/state_303/Gear_Medium.png,0264008996cc496e20e9692d5fd146e86bf33a1bb7ded63f53afc0e916d128ef,qwen3.5-9b/responses/state_303/RGOCG12-50_12mm/Gear_Medium.json,0.058936099987477064,B,-5.229156970977783,0.0053580403827655975,0.0053580403827655975,0.0053580403827655975,-0.1333393156528473,0.8751680834921832,0.8751680834921832,0.8751680834921832,-2.1276724338531494,0.11911421766879295,0.11911421766879295,0.11911421766879295
qwen3.5:9b,state_303,RGOCG8-50_8mm,8 mm round pin,round_pin,Gear_Medium,gear,False,False,False,../vlm_four_scene_20260925/input_crops/state_303/Gear_Medium.png,0264008996cc496e20e9692d5fd146e86bf33a1bb7ded63f53afc0e916d128ef,qwen3.5-9b/responses/state_303/RGOCG8-50_8mm/Gear_Medium.json,0.05912490002810955,B,-5.229156970977783,0.0053580403827655975,0.0053580403827655975,0.0053580403827655975,-0.1333393156528473,0.8751680834921832,0.8751680834921832,0.8751680834921832,-2.1276724338531494,0.11911421766879295,0.11911421766879295,0.11911421766879295
qwen3.5:9b,state_303,USB_Male,USB connector + cable,USB_Male,Gear_Medium,gear,False,False,False,../vlm_four_scene_20260925/input_crops/state_303/Gear_Medium.png,0264008996cc496e20e9692d5fd146e86bf33a1bb7ded63f53afc0e916d128ef,qwen3.5-9b/responses/state_303/USB_Male/Gear_Medium.json,0.4593915999867022,C,-5.1921305656433105,0.00556014792619221,0.00556014792619221,0.00556014792619221,-0.7077710628509521,0.492741263668412,0.492741263668412,0.492741263668412,-0.6920697689056396,0.5005389961353721,0.5005389961353721,0.5005389961353721
qwen3.5:9b,state_303,DSUB_Male,DSUB connector,DSUB_Male,Gear_Medium,gear,False,False,False,../vlm_four_scene_20260925/input_crops/state_303/Gear_Medium.png,0264008996cc496e20e9692d5fd146e86bf33a1bb7ded63f53afc0e916d128ef,qwen3.5-9b/responses/state_303/DSUB_Male/Gear_Medium.json,0.46718509995844215,C,-4.600440502166748,0.010047408864305047,0.010047408864305047,0.010047408864305047,-0.8965449333190918,0.4079768145324312,0.4079768145324312,0.4079768145324312,-0.5431209206581116,0.580932376391019,0.580932376391019,0.580932376391019
qwen3.5:9b,state_303,Gear_Large,Large gear,gear,Gear_Small,gear,False,True,False,../vlm_four_scene_20260925/input_crops/state_303/Gear_Small.png,a6cd20966d20d444c579237af1aaf1ad2879b7d4ba783c937f1ca7244ee9e529,qwen3.5-9b/responses/state_303/Gear_Large/Gear_Small.json,0.4471198000246659,A,-0.0316489040851593,0.9688466804837486,0.9688466804837486,0.9688466804837486,-4.695817947387695,0.009133393676265218,0.009133393676265218,0.009133393676265218,-3.8416216373443604,0.02145877476415801,0.02145877476415801,0.02145877476415801
qwen3.5:9b,state_303,Gear_Medium,Medium gear,gear,Gear_Small,gear,False,True,False,../vlm_four_scene_20260925/input_crops/state_303/Gear_Small.png,a6cd20966d20d444c579237af1aaf1ad2879b7d4ba783c937f1ca7244ee9e529,qwen3.5-9b/responses/state_303/Gear_Medium/Gear_Small.json,0.06208860001061112,A,-0.0316489040851593,0.9688466804837486,0.9688466804837486,0.9688466804837486,-4.695817947387695,0.009133393676265218,0.009133393676265218,0.009133393676265218,-3.8416216373443604,0.02145877476415801,0.02145877476415801,0.02145877476415801
qwen3.5:9b,state_303,Gear_Small,Small gear,gear,Gear_Small,gear,True,True,False,../vlm_four_scene_20260925/input_crops/state_303/Gear_Small.png,a6cd20966d20d444c579237af1aaf1ad2879b7d4ba783c937f1ca7244ee9e529,qwen3.5-9b/responses/state_303/Gear_Small/Gear_Small.json,0.06639210000867024,A,-0.0316489040851593,0.9688466804837486,0.9688466804837486,0.9688466804837486,-4.695817947387695,0.009133393676265218,0.009133393676265218,0.009133393676265218,-3.8416216373443604,0.02145877476415801,0.02145877476415801,0.02145877476415801
qwen3.5:9b,state_303,Waterproof_Male,Waterproof connector,Waterproof_Male,Gear_Small,gear,False,False,False,../vlm_four_scene_20260925/input_crops/state_303/Gear_Small.png,a6cd20966d20d444c579237af1aaf1ad2879b7d4ba783c937f1ca7244ee9e529,qwen3.5-9b/responses/state_303/Waterproof_Male/Gear_Small.json,0.4584324999595992,C,-2.925657272338867,0.05362943118438216,0.05362943118438216,0.05362943118438216,-1.818355679512024,0.16229239235762052,0.16229239235762052,0.16229239235762052,-0.2446194738149643,0.7830024344888821,0.7830024344888821,0.7830024344888821
qwen3.5:9b,state_303,M12_Hex_Nut,M12 hex nut,hex_nut,Gear_Small,gear,False,False,False,../vlm_four_scene_20260925/input_crops/state_303/Gear_Small.png,a6cd20966d20d444c579237af1aaf1ad2879b7d4ba783c937f1ca7244ee9e529,qwen3.5-9b/responses/state_303/M12_Hex_Nut/Gear_Small.json,0.43007659999420866,B,-3.625262975692749,0.026642090192916905,0.026642090192916905,0.026642090192916905,-0.06563165038824081,0.936475751247625,0.936475751247625,0.936475751247625,-3.315305471420288,0.03632295125895935,0.03632295125895935,0.03632295125895935
qwen3.5:9b,state_303,M16_Hex_Nut,M16 hex nut,hex_nut,Gear_Small,gear,False,False,False,../vlm_four_scene_20260925/input_crops/state_303/Gear_Small.png,a6cd20966d20d444c579237af1aaf1ad2879b7d4ba783c937f1ca7244ee9e529,qwen3.5-9b/responses/state_303/M16_Hex_Nut/Gear_Small.json,0.06254439998883754,B,-3.625262975692749,0.026642090192916905,0.026642090192916905,0.026642090192916905,-0.06563165038824081,0.936475751247625,0.936475751247625,0.936475751247625,-3.315305471420288,0.03632295125895935,0.03632295125895935,0.03632295125895935
qwen3.5:9b,state_303,RGOCG16-50_16mm,16 mm round pin,round_pin,Gear_Small,gear,False,False,False,../vlm_four_scene_20260925/input_crops/state_303/Gear_Small.png,a6cd20966d20d444c579237af1aaf1ad2879b7d4ba783c937f1ca7244ee9e529,qwen3.5-9b/responses/state_303/RGOCG16-50_16mm/Gear_Small.json,0.44243199995253235,B,-4.246811389923096,0.014309789580018722,0.014309789580018722,0.014309789580018722,-0.27176520228385925,0.7620331637325176,0.7620331637325176,0.7620331637325176,-1.5016865730285645,0.22275415201018695,0.22275415201018695,0.22275415201018695
qwen3.5:9b,state_303,RGOCG12-50_12mm,12 mm round pin,round_pin,Gear_Small,gear,False,False,False,../vlm_four_scene_20260925/input_crops/state_303/Gear_Small.png,a6cd20966d20d444c579237af1aaf1ad2879b7d4ba783c937f1ca7244ee9e529,qwen3.5-9b/responses/state_303/RGOCG12-50_12mm/Gear_Small.json,0.058767200040165335,B,-4.246811389923096,0.014309789580018722,0.014309789580018722,0.014309789580018722,-0.27176520228385925,0.7620331637325176,0.7620331637325176,0.7620331637325176,-1.5016865730285645,0.22275415201018695,0.22275415201018695,0.22275415201018695
qwen3.5:9b,state_303,RGOCG8-50_8mm,8 mm round pin,round_pin,Gear_Small,gear,False,False,False,../vlm_four_scene_20260925/input_crops/state_303/Gear_Small.png,a6cd20966d20d444c579237af1aaf1ad2879b7d4ba783c937f1ca7244ee9e529,qwen3.5-9b/responses/state_303/RGOCG8-50_8mm/Gear_Small.json,0.056313299981411546,B,-4.246811389923096,0.014309789580018722,0.014309789580018722,0.014309789580018722,-0.27176520228385925,0.7620331637325176,0.7620331637325176,0.7620331637325176,-1.5016865730285645,0.22275415201018695,0.22275415201018695,0.22275415201018695
qwen3.5:9b,state_303,USB_Male,USB connector + cable,USB_Male,Gear_Small,gear,False,False,False,../vlm_four_scene_20260925/input_crops/state_303/Gear_Small.png,a6cd20966d20d444c579237af1aaf1ad2879b7d4ba783c937f1ca7244ee9e529,qwen3.5-9b/responses/state_303/USB_Male/Gear_Small.json,0.4343565999879502,C,-5.187779426574707,0.005584393612986177,0.005584393612986177,0.005584393612986177,-0.8340462446212769,0.43428848895291433,0.43428848895291433,0.43428848895291433,-0.5809487700462341,0.5593674036869363,0.5593674036869363,0.5593674036869363
qwen3.5:9b,state_303,DSUB_Male,DSUB connector,DSUB_Male,Gear_Small,gear,False,False,False,../vlm_four_scene_20260925/input_crops/state_303/Gear_Small.png,a6cd20966d20d444c579237af1aaf1ad2879b7d4ba783c937f1ca7244ee9e529,qwen3.5-9b/responses/state_303/DSUB_Male/Gear_Small.json,0.43008419999387115,C,-4.072119235992432,0.017041235812679658,0.017041235812679658,0.017041235812679658,-2.8055942058563232,0.06047082837457053,0.06047082837457053,0.06047082837457053,-0.08154939115047455,0.921687185539176,0.921687185539176,0.921687185539176
qwen3.5:9b,state_303,Gear_Large,Large gear,gear,Waterproof_Male,Waterproof_Male,False,False,False,../vlm_four_scene_20260925/input_crops/state_303/Waterproof_Male.png,501944f5a366194deaf0627005d87557bb79cd97c1413a8f7396ce4a6b8a3e7f,qwen3.5-9b/responses/state_303/Gear_Large/Waterproof_Male.json,0.4751884999568574,C,-4.415780544281006,0.012085117473365553,0.012085117473365553,0.012085117473365553,-0.805854320526123,0.4467061332768554,0.4467061332768554,0.4467061332768554,-0.6152586936950684,0.5405010530073447,0.5405010530073447,0.5405010530073447
qwen3.5:9b,state_303,Gear_Medium,Medium gear,gear,Waterproof_Male,Waterproof_Male,False,False,False,../vlm_four_scene_20260925/input_crops/state_303/Waterproof_Male.png,501944f5a366194deaf0627005d87557bb79cd97c1413a8f7396ce4a6b8a3e7f,qwen3.5-9b/responses/state_303/Gear_Medium/Waterproof_Male.json,0.06006019999040291,C,-4.415780544281006,0.012085117473365553,0.012085117473365553,0.012085117473365553,-0.805854320526123,0.4467061332768554,0.4467061332768554,0.4467061332768554,-0.6152586936950684,0.5405010530073447,0.5405010530073447,0.5405010530073447
qwen3.5:9b,state_303,Gear_Small,Small gear,gear,Waterproof_Male,Waterproof_Male,False,False,False,../vlm_four_scene_20260925/input_crops/state_303/Waterproof_Male.png,501944f5a366194deaf0627005d87557bb79cd97c1413a8f7396ce4a6b8a3e7f,qwen3.5-9b/responses/state_303/Gear_Small/Waterproof_Male.json,0.05773950001457706,C,-4.415780544281006,0.012085117473365553,0.012085117473365553,0.012085117473365553,-0.805854320526123,0.4467061332768554,0.4467061332768554,0.4467061332768554,-0.6152586936950684,0.5405010530073447,0.5405010530073447,0.5405010530073447
qwen3.5:9b,state_303,Waterproof_Male,Waterproof connector,Waterproof_Male,Waterproof_Male,Waterproof_Male,True,True,False,../vlm_four_scene_20260925/input_crops/state_303/Waterproof_Male.png,501944f5a366194deaf0627005d87557bb79cd97c1413a8f7396ce4a6b8a3e7f,qwen3.5-9b/responses/state_303/Waterproof_Male/Waterproof_Male.json,0.47411220002686605,A,-0.006716164294630289,0.9933063387305981,0.9933063387305981,0.9933063387305981,-6.609642505645752,0.0013473137203758299,0.0013473137203758299,0.0013473137203758299,-5.278666019439697,0.005099228529397594,0.005099228529397594,0.005099228529397594
qwen3.5:9b,state_303,M12_Hex_Nut,M12 hex nut,hex_nut,Waterproof_Male,Waterproof_Male,False,False,False,../vlm_four_scene_20260925/input_crops/state_303/Waterproof_Male.png,501944f5a366194deaf0627005d87557bb79cd97c1413a8f7396ce4a6b8a3e7f,qwen3.5-9b/responses/state_303/M12_Hex_Nut/Waterproof_Male.json,0.46856369997840375,C,-3.8342812061309814,0.021616870961491796,0.021616870961491796,0.021616870961491796,-0.9458381533622742,0.38835393429832477,0.38835393429832477,0.38835393429832477,-0.5293665528297424,0.5889779379461731,0.5889779379461731,0.5889779379461731
qwen3.5:9b,state_303,M16_Hex_Nut,M16 hex nut,hex_nut,Waterproof_Male,Waterproof_Male,False,False,False,../vlm_four_scene_20260925/input_crops/state_303/Waterproof_Male.png,501944f5a366194deaf0627005d87557bb79cd97c1413a8f7396ce4a6b8a3e7f,qwen3.5-9b/responses/state_303/M16_Hex_Nut/Waterproof_Male.json,0.0605947999865748,C,-3.8342812061309814,0.021616870961491796,0.021616870961491796,0.021616870961491796,-0.9458381533622742,0.38835393429832477,0.38835393429832477,0.38835393429832477,-0.5293665528297424,0.5889779379461731,0.5889779379461731,0.5889779379461731
qwen3.5:9b,state_303,RGOCG16-50_16mm,16 mm round pin,round_pin,Waterproof_Male,Waterproof_Male,False,False,False,../vlm_four_scene_20260925/input_crops/state_303/Waterproof_Male.png,501944f5a366194deaf0627005d87557bb79cd97c1413a8f7396ce4a6b8a3e7f,qwen3.5-9b/responses/state_303/RGOCG16-50_16mm/Waterproof_Male.json,0.4712396999821067,C,-3.4219141006469727,0.032649879933526214,0.032649879933526214,0.032649879933526214,-0.9739371538162231,0.3775934641383541,0.3775934641383541,0.3775934641383541,-0.5296927690505981,0.5887858351243208,0.5887858351243208,0.5887858351243208
qwen3.5:9b,state_303,RGOCG12-50_12mm,12 mm round pin,round_pin,Waterproof_Male,Waterproof_Male,False,False,False,../vlm_four_scene_20260925/input_crops/state_303/Waterproof_Male.png,501944f5a366194deaf0627005d87557bb79cd97c1413a8f7396ce4a6b8a3e7f,qwen3.5-9b/responses/state_303/RGOCG12-50_12mm/Waterproof_Male.json,0.059927300026174635,C,-3.4219141006469727,0.032649879933526214,0.032649879933526214,0.032649879933526214,-0.9739371538162231,0.3775934641383541,0.3775934641383541,0.3775934641383541,-0.5296927690505981,0.5887858351243208,0.5887858351243208,0.5887858351243208
qwen3.5:9b,state_303,RGOCG8-50_8mm,8 mm round pin,round_pin,Waterproof_Male,Waterproof_Male,False,False,False,../vlm_four_scene_20260925/input_crops/state_303/Waterproof_Male.png,501944f5a366194deaf0627005d87557bb79cd97c1413a8f7396ce4a6b8a3e7f,qwen3.5-9b/responses/state_303/RGOCG8-50_8mm/Waterproof_Male.json,0.08009050000691786,C,-3.4219141006469727,0.032649879933526214,0.032649879933526214,0.032649879933526214,-0.9739371538162231,0.3775934641383541,0.3775934641383541,0.3775934641383541,-0.5296927690505981,0.5887858351243208,0.5887858351243208,0.5887858351243208
qwen3.5:9b,state_303,USB_Male,USB connector + cable,USB_Male,Waterproof_Male,Waterproof_Male,False,False,False,../vlm_four_scene_20260925/input_crops/state_303/Waterproof_Male.png,501944f5a366194deaf0627005d87557bb79cd97c1413a8f7396ce4a6b8a3e7f,qwen3.5-9b/responses/state_303/USB_Male/Waterproof_Male.json,0.47494379995623603,C,-3.777479410171509,0.022880290630447664,0.022880290630447664,0.022880290630447664,-0.9221861958503723,0.3976487520683441,0.3976487520683441,0.3976487520683441,-0.5474188923835754,0.5784409034383592,0.5784409034383592,0.5784409034383592
qwen3.5:9b,state_303,DSUB_Male,DSUB connector,DSUB_Male,Waterproof_Male,Waterproof_Male,False,False,False,../vlm_four_scene_20260925/input_crops/state_303/Waterproof_Male.png,501944f5a366194deaf0627005d87557bb79cd97c1413a8f7396ce4a6b8a3e7f,qwen3.5-9b/responses/state_303/DSUB_Male/Waterproof_Male.json,0.4688758999691345,A,-0.6547567248344421,0.5195684453130878,0.5195684453130878,0.5195684453130878,-1.9264260530471802,0.1456678785466302,0.1456678785466302,0.1456678785466302,-1.1004334688186646,0.33272682573058554,0.33272682573058554,0.33272682573058554
qwen3.5:9b,state_303,Gear_Large,Large gear,gear,M12_Hex_Nut,hex_nut,False,False,False,../vlm_four_scene_20260925/input_crops/state_303/M12_Hex_Nut.png,baedfe7904344e7e4677127433e020ed849aa2b1eb60d26e01f65855ed1d0aca,qwen3.5-9b/responses/state_303/Gear_Large/M12_Hex_Nut.json,0.43214790005004033,A,-0.06688909977674484,0.9352989204445218,0.9352989204445218,0.9352989204445218,-4.164196491241455,0.015542198176584808,0.015542198176584808,0.015542198176584808,-3.027549982070923,0.048434157433660516,0.048434157433660516,0.048434157433660516
qwen3.5:9b,state_303,Gear_Medium,Medium gear,gear,M12_Hex_Nut,hex_nut,False,False,False,../vlm_four_scene_20260925/input_crops/state_303/M12_Hex_Nut.png,baedfe7904344e7e4677127433e020ed849aa2b1eb60d26e01f65855ed1d0aca,qwen3.5-9b/responses/state_303/Gear_Medium/M12_Hex_Nut.json,0.08117819996550679,A,-0.06688909977674484,0.9352989204445218,0.9352989204445218,0.9352989204445218,-4.164196491241455,0.015542198176584808,0.015542198176584808,0.015542198176584808,-3.027549982070923,0.048434157433660516,0.048434157433660516,0.048434157433660516
qwen3.5:9b,state_303,Gear_Small,Small gear,gear,M12_Hex_Nut,hex_nut,False,False,False,../vlm_four_scene_20260925/input_crops/state_303/M12_Hex_Nut.png,baedfe7904344e7e4677127433e020ed849aa2b1eb60d26e01f65855ed1d0aca,qwen3.5-9b/responses/state_303/Gear_Small/M12_Hex_Nut.json,0.05857689998811111,A,-0.06688909977674484,0.9352989204445218,0.9352989204445218,0.9352989204445218,-4.164196491241455,0.015542198176584808,0.015542198176584808,0.015542198176584808,-3.027549982070923,0.048434157433660516,0.048434157433660516,0.048434157433660516
qwen3.5:9b,state_303,Waterproof_Male,Waterproof connector,Waterproof_Male,M12_Hex_Nut,hex_nut,False,False,False,../vlm_four_scene_20260925/input_crops/state_303/M12_Hex_Nut.png,baedfe7904344e7e4677127433e020ed849aa2b1eb60d26e01f65855ed1d0aca,qwen3.5-9b/responses/state_303/Waterproof_Male/M12_Hex_Nut.json,0.4559125999803655,A,-0.04359741881489754,0.9573392866892767,0.9573392866892767,0.9573392866892767,-4.846175193786621,0.007858376910616579,0.007858376910616579,0.007858376910616579,-3.380114793777466,0.03404354652298074,0.03404354652298074,0.03404354652298074
qwen3.5:9b,state_303,M12_Hex_Nut,M12 hex nut,hex_nut,M12_Hex_Nut,hex_nut,True,True,False,../vlm_four_scene_20260925/input_crops/state_303/M12_Hex_Nut.png,baedfe7904344e7e4677127433e020ed849aa2b1eb60d26e01f65855ed1d0aca,qwen3.5-9b/responses/state_303/M12_Hex_Nut/M12_Hex_Nut.json,0.433299700031057,A,-0.14913208782672882,0.8614553196226454,0.8614553196226454,0.8614553196226454,-3.358318567276001,0.03479371307537701,0.03479371307537701,0.03479371307537701,-2.2791178226470947,0.10237447933863918,0.10237447933863918,0.10237447933863918
qwen3.5:9b,state_303,M16_Hex_Nut,M16 hex nut,hex_nut,M12_Hex_Nut,hex_nut,False,True,False,../vlm_four_scene_20260925/input_crops/state_303/M12_Hex_Nut.png,baedfe7904344e7e4677127433e020ed849aa2b1eb60d26e01f65855ed1d0aca,qwen3.5-9b/responses/state_303/M16_Hex_Nut/M12_Hex_Nut.json,0.059583199967164546,A,-0.14913208782672882,0.8614553196226454,0.8614553196226454,0.8614553196226454,-3.358318567276001,0.03479371307537701,0.03479371307537701,0.03479371307537701,-2.2791178226470947,0.10237447933863918,0.10237447933863918,0.10237447933863918
qwen3.5:9b,state_303,RGOCG16-50_16mm,16 mm round pin,round_pin,M12_Hex_Nut,hex_nut,False,False,False,../vlm_four_scene_20260925/input_crops/state_303/M12_Hex_Nut.png,baedfe7904344e7e4677127433e020ed849aa2b1eb60d26e01f65855ed1d0aca,qwen3.5-9b/responses/state_303/RGOCG16-50_16mm/M12_Hex_Nut.json,0.4302375999977812,C,-1.2417070865631104,0.2888906354429184,0.2888906354429184,0.2888906354429184,-2.7955057621002197,0.061083972560522524,0.061083972560522524,0.061083972560522524,-0.4324953556060791,0.648887866818319,0.648887866818319,0.648887866818319
qwen3.5:9b,state_303,RGOCG12-50_12mm,12 mm round pin,round_pin,M12_Hex_Nut,hex_nut,False,False,False,../vlm_four_scene_20260925/input_crops/state_303/M12_Hex_Nut.png,baedfe7904344e7e4677127433e020ed849aa2b1eb60d26e01f65855ed1d0aca,qwen3.5-9b/responses/state_303/RGOCG12-50_12mm/M12_Hex_Nut.json,0.06278619996737689,C,-1.2417070865631104,0.2888906354429184,0.2888906354429184,0.2888906354429184,-2.7955057621002197,0.061083972560522524,0.061083972560522524,0.061083972560522524,-0.4324953556060791,0.648887866818319,0.648887866818319,0.648887866818319
qwen3.5:9b,state_303,RGOCG8-50_8mm,8 mm round pin,round_pin,M12_Hex_Nut,hex_nut,False,False,False,../vlm_four_scene_20260925/input_crops/state_303/M12_Hex_Nut.png,baedfe7904344e7e4677127433e020ed849aa2b1eb60d26e01f65855ed1d0aca,qwen3.5-9b/responses/state_303/RGOCG8-50_8mm/M12_Hex_Nut.json,0.08311509998748079,C,-1.2417070865631104,0.2888906354429184,0.2888906354429184,0.2888906354429184,-2.7955057621002197,0.061083972560522524,0.061083972560522524,0.061083972560522524,-0.4324953556060791,0.648887866818319,0.648887866818319,0.648887866818319
qwen3.5:9b,state_303,USB_Male,USB connector + cable,USB_Male,M12_Hex_Nut,hex_nut,False,False,False,../vlm_four_scene_20260925/input_crops/state_303/M12_Hex_Nut.png,baedfe7904344e7e4677127433e020ed849aa2b1eb60d26e01f65855ed1d0aca,qwen3.5-9b/responses/state_303/USB_Male/M12_Hex_Nut.json,0.42987869994249195,C,-4.44552755355835,0.011730915711897105,0.011730915711897105,0.011730915711897105,-3.354356288909912,0.03493184893761707,0.03493184893761707,0.03493184893761707,-0.04825157672166824,0.9528940309638336,0.9528940309638336,0.9528940309638336
qwen3.5:9b,state_303,DSUB_Male,DSUB connector,DSUB_Male,M12_Hex_Nut,hex_nut,False,False,False,../vlm_four_scene_20260925/input_crops/state_303/M12_Hex_Nut.png,baedfe7904344e7e4677127433e020ed849aa2b1eb60d26e01f65855ed1d0aca,qwen3.5-9b/responses/state_303/DSUB_Male/M12_Hex_Nut.json,0.45005360001232475,C,-1.7100205421447754,0.18086207728398582,0.18086207728398582,0.18086207728398582,-3.378601551055908,0.03409510166986001,0.03409510166986001,0.03409510166986001,-0.2439771294593811,0.7835055532535341,0.7835055532535341,0.7835055532535341
qwen3.5:9b,state_303,Gear_Large,Large gear,gear,M16_Hex_Nut,hex_nut,False,False,False,../vlm_four_scene_20260925/input_crops/state_303/M16_Hex_Nut.png,833d5826b6258166aa076165f38a3b094d64d204a81c4b806c996e3191b00983,qwen3.5-9b/responses/state_303/Gear_Large/M16_Hex_Nut.json,0.4362958000274375,C,-1.4447944164276123,0.2357945470586571,0.2357945470586571,0.2357945470586571,-1.5231214761734009,0.21803024742249855,0.21803024742249855,0.21803024742249855,-0.6078326106071472,0.5445297991234612,0.5445297991234612,0.5445297991234612
qwen3.5:9b,state_303,Gear_Medium,Medium gear,gear,M16_Hex_Nut,hex_nut,False,False,False,../vlm_four_scene_20260925/input_crops/state_303/M16_Hex_Nut.png,833d5826b6258166aa076165f38a3b094d64d204a81c4b806c996e3191b00983,qwen3.5-9b/responses/state_303/Gear_Medium/M16_Hex_Nut.json,0.06075870001222938,C,-1.4447944164276123,0.2357945470586571,0.2357945470586571,0.2357945470586571,-1.5231214761734009,0.21803024742249855,0.21803024742249855,0.21803024742249855,-0.6078326106071472,0.5445297991234612,0.5445297991234612,0.5445297991234612
qwen3.5:9b,state_303,Gear_Small,Small gear,gear,M16_Hex_Nut,hex_nut,False,False,False,../vlm_four_scene_20260925/input_crops/state_303/M16_Hex_Nut.png,833d5826b6258166aa076165f38a3b094d64d204a81c4b806c996e3191b00983,qwen3.5-9b/responses/state_303/Gear_Small/M16_Hex_Nut.json,0.05903549998765811,C,-1.4447944164276123,0.2357945470586571,0.2357945470586571,0.2357945470586571,-1.5231214761734009,0.21803024742249855,0.21803024742249855,0.21803024742249855,-0.6078326106071472,0.5445297991234612,0.5445297991234612,0.5445297991234612
qwen3.5:9b,state_303,Waterproof_Male,Waterproof connector,Waterproof_Male,M16_Hex_Nut,hex_nut,False,False,False,../vlm_four_scene_20260925/input_crops/state_303/M16_Hex_Nut.png,833d5826b6258166aa076165f38a3b094d64d204a81c4b806c996e3191b00983,qwen3.5-9b/responses/state_303/Waterproof_Male/M16_Hex_Nut.json,0.43543250003131106,C,-1.1559879779815674,0.31474642070730835,0.31474642070730835,0.31474642070730835,-3.116553544998169,0.04430961666577073,0.04430961666577073,0.04430961666577073,-0.44692352414131165,0.6395928198146072,0.6395928198146072,0.6395928198146072
qwen3.5:9b,state_303,M12_Hex_Nut,M12 hex nut,hex_nut,M16_Hex_Nut,hex_nut,False,True,False,../vlm_four_scene_20260925/input_crops/state_303/M16_Hex_Nut.png,833d5826b6258166aa076165f38a3b094d64d204a81c4b806c996e3191b00983,qwen3.5-9b/responses/state_303/M12_Hex_Nut/M16_Hex_Nut.json,0.43874450004659593,A,-0.16495837271213531,0.847929000337853,0.847929000337853,0.847929000337853,-3.1485321521759033,0.04291507345492397,0.04291507345492397,0.04291507345492397,-2.2323336601257324,0.10727778789665325,0.10727778789665325,0.10727778789665325
qwen3.5:9b,state_303,M16_Hex_Nut,M16 hex nut,hex_nut,M16_Hex_Nut,hex_nut,True,True,False,../vlm_four_scene_20260925/input_crops/state_303/M16_Hex_Nut.png,833d5826b6258166aa076165f38a3b094d64d204a81c4b806c996e3191b00983,qwen3.5-9b/responses/state_303/M16_Hex_Nut/M16_Hex_Nut.json,0.060872199945151806,A,-0.16495837271213531,0.847929000337853,0.847929000337853,0.847929000337853,-3.1485321521759033,0.04291507345492397,0.04291507345492397,0.04291507345492397,-2.2323336601257324,0.10727778789665325,0.10727778789665325,0.10727778789665325
qwen3.5:9b,state_303,RGOCG16-50_16mm,16 mm round pin,round_pin,M16_Hex_Nut,hex_nut,False,False,False,../vlm_four_scene_20260925/input_crops/state_303/M16_Hex_Nut.png,833d5826b6258166aa076165f38a3b094d64d204a81c4b806c996e3191b00983,qwen3.5-9b/responses/state_303/RGOCG16-50_16mm/M16_Hex_Nut.json,0.4341605000081472,C,-1.5769861936569214,0.20659680364168345,0.20659680364168345,0.20659680364168345,-1.6730461120605469,0.18767451644895217,0.18767451644895217,0.18767451644895217,-0.5038508176803589,0.6041995120175877,0.6041995120175877,0.6041995120175877
qwen3.5:9b,state_303,RGOCG12-50_12mm,12 mm round pin,round_pin,M16_Hex_Nut,hex_nut,False,False,False,../vlm_four_scene_20260925/input_crops/state_303/M16_Hex_Nut.png,833d5826b6258166aa076165f38a3b094d64d204a81c4b806c996e3191b00983,qwen3.5-9b/responses/state_303/RGOCG12-50_12mm/M16_Hex_Nut.json,0.06154029996832833,C,-1.5769861936569214,0.20659680364168345,0.20659680364168345,0.20659680364168345,-1.6730461120605469,0.18767451644895217,0.18767451644895217,0.18767451644895217,-0.5038508176803589,0.6041995120175877,0.6041995120175877,0.6041995120175877
qwen3.5:9b,state_303,RGOCG8-50_8mm,8 mm round pin,round_pin,M16_Hex_Nut,hex_nut,False,False,False,../vlm_four_scene_20260925/input_crops/state_303/M16_Hex_Nut.png,833d5826b6258166aa076165f38a3b094d64d204a81c4b806c996e3191b00983,qwen3.5-9b/responses/state_303/RGOCG8-50_8mm/M16_Hex_Nut.json,0.05835870001465082,C,-1.5769861936569214,0.20659680364168345,0.20659680364168345,0.20659680364168345,-1.6730461120605469,0.18767451644895217,0.18767451644895217,0.18767451644895217,-0.5038508176803589,0.6041995120175877,0.6041995120175877,0.6041995120175877
qwen3.5:9b,state_303,USB_Male,USB connector + cable,USB_Male,M16_Hex_Nut,hex_nut,False,False,False,../vlm_four_scene_20260925/input_crops/state_303/M16_Hex_Nut.png,833d5826b6258166aa076165f38a3b094d64d204a81c4b806c996e3191b00983,qwen3.5-9b/responses/state_303/USB_Male/M16_Hex_Nut.json,0.43893390003358945,C,-4.244421005249023,0.01434403639694614,0.01434403639694614,0.01434403639694614,-1.4477975368499756,0.23508748985925756,0.23508748985925756,0.23508748985925756,-0.2879502475261688,0.7497988956609999,0.7497988956609999,0.7497988956609999
qwen3.5:9b,state_303,DSUB_Male,DSUB connector,DSUB_Male,M16_Hex_Nut,hex_nut,False,False,False,../vlm_four_scene_20260925/input_crops/state_303/M16_Hex_Nut.png,833d5826b6258166aa076165f38a3b094d64d204a81c4b806c996e3191b00983,qwen3.5-9b/responses/state_303/DSUB_Male/M16_Hex_Nut.json,0.4326205999823287,C,-2.7292563915252686,0.06526780532073034,0.06526780532073034,0.06526780532073034,-2.3472373485565186,0.09563299824489664,0.09563299824489664,0.09563299824489664,-0.17688627541065216,0.8378750661027793,0.8378750661027793,0.8378750661027793
qwen3.5:9b,state_303,Gear_Large,Large gear,gear,RGOCG16-50_16mm,round_pin,False,False,False,../vlm_four_scene_20260925/input_crops/state_303/RGOCG16-50_16mm.png,2e39713dfb973c1a397f75571d18003b6276e302abf6a15d46a7d8e0985e5dae,qwen3.5-9b/responses/state_303/Gear_Large/RGOCG16-50_16mm.json,0.43863150000106543,C,-4.251987934112549,0.014235905718439499,0.014235905718439499,0.014235905718439499,-2.742922306060791,0.06438192801999214,0.06438192801999214,0.06438192801999214,-0.08257712423801422,0.920740423714796,0.920740423714796,0.920740423714796
qwen3.5:9b,state_303,Gear_Medium,Medium gear,gear,RGOCG16-50_16mm,round_pin,False,False,False,../vlm_four_scene_20260925/input_crops/state_303/RGOCG16-50_16mm.png,2e39713dfb973c1a397f75571d18003b6276e302abf6a15d46a7d8e0985e5dae,qwen3.5-9b/responses/state_303/Gear_Medium/RGOCG16-50_16mm.json,0.060226399975363165,C,-4.251987934112549,0.014235905718439499,0.014235905718439499,0.014235905718439499,-2.742922306060791,0.06438192801999214,0.06438192801999214,0.06438192801999214,-0.08257712423801422,0.920740423714796,0.920740423714796,0.920740423714796
qwen3.5:9b,state_303,Gear_Small,Small gear,gear,RGOCG16-50_16mm,round_pin,False,False,False,../vlm_four_scene_20260925/input_crops/state_303/RGOCG16-50_16mm.png,2e39713dfb973c1a397f75571d18003b6276e302abf6a15d46a7d8e0985e5dae,qwen3.5-9b/responses/state_303/Gear_Small/RGOCG16-50_16mm.json,0.06997620000038296,C,-4.251987934112549,0.014235905718439499,0.014235905718439499,0.014235905718439499,-2.742922306060791,0.06438192801999214,0.06438192801999214,0.06438192801999214,-0.08257712423801422,0.920740423714796,0.920740423714796,0.920740423714796
qwen3.5:9b,state_303,Waterproof_Male,Waterproof connector,Waterproof_Male,RGOCG16-50_16mm,round_pin,False,False,False,../vlm_four_scene_20260925/input_crops/state_303/RGOCG16-50_16mm.png,2e39713dfb973c1a397f75571d18003b6276e302abf6a15d46a7d8e0985e5dae,qwen3.5-9b/responses/state_303/Waterproof_Male/RGOCG16-50_16mm.json,0.43231369997374713,C,-4.368357181549072,0.01267204134070596,0.01267204134070596,0.01267204134070596,-5.374056339263916,0.004635290812269153,0.004635290812269153,0.004635290812269153,-0.017853377386927605,0.9823050499331816,0.9823050499331816,0.9823050499331816
qwen3.5:9b,state_303,M12_Hex_Nut,M12 hex nut,hex_nut,RGOCG16-50_16mm,round_pin,False,False,False,../vlm_four_scene_20260925/input_crops/state_303/RGOCG16-50_16mm.png,2e39713dfb973c1a397f75571d18003b6276e302abf6a15d46a7d8e0985e5dae,qwen3.5-9b/responses/state_303/M12_Hex_Nut/RGOCG16-50_16mm.json,0.4336586999706924,C,-3.580692768096924,0.02785639354843088,0.02785639354843088,0.02785639354843088,-3.8261399269104004,0.02179357827965468,0.02179357827965468,0.02179357827965468,-0.05154844745993614,0.9497576355025716,0.9497576355025716,0.9497576355025716
qwen3.5:9b,state_303,M16_Hex_Nut,M16 hex nut,hex_nut,RGOCG16-50_16mm,round_pin,False,False,False,../vlm_four_scene_20260925/input_crops/state_303/RGOCG16-50_16mm.png,2e39713dfb973c1a397f75571d18003b6276e302abf6a15d46a7d8e0985e5dae,qwen3.5-9b/responses/state_303/M16_Hex_Nut/RGOCG16-50_16mm.json,0.06189690000610426,C,-3.580692768096924,0.02785639354843088,0.02785639354843088,0.02785639354843088,-3.8261399269104004,0.02179357827965468,0.02179357827965468,0.02179357827965468,-0.05154844745993614,0.9497576355025716,0.9497576355025716,0.9497576355025716
qwen3.5:9b,state_303,RGOCG16-50_16mm,16 mm round pin,round_pin,RGOCG16-50_16mm,round_pin,True,True,False,../vlm_four_scene_20260925/input_crops/state_303/RGOCG16-50_16mm.png,2e39713dfb973c1a397f75571d18003b6276e302abf6a15d46a7d8e0985e5dae,qwen3.5-9b/responses/state_303/RGOCG16-50_16mm/RGOCG16-50_16mm.json,0.43684109998866916,A,-0.006002584006637335,0.9940153955082371,0.9940153955082371,0.9940153955082371,-7.442417621612549,0.0005858670790873206,0.0005858670790873206,0.0005858670790873206,-5.250364303588867,0.0052456070575713585,0.0052456070575713585,0.0052456070575713585
qwen3.5:9b,state_303,RGOCG12-50_12mm,12 mm round pin,round_pin,RGOCG16-50_16mm,round_pin,False,True,False,../vlm_four_scene_20260925/input_crops/state_303/RGOCG16-50_16mm.png,2e39713dfb973c1a397f75571d18003b6276e302abf6a15d46a7d8e0985e5dae,qwen3.5-9b/responses/state_303/RGOCG12-50_12mm/RGOCG16-50_16mm.json,0.06134270003531128,A,-0.006002584006637335,0.9940153955082371,0.9940153955082371,0.9940153955082371,-7.442417621612549,0.0005858670790873206,0.0005858670790873206,0.0005858670790873206,-5.250364303588867,0.0052456070575713585,0.0052456070575713585,0.0052456070575713585
qwen3.5:9b,state_303,RGOCG8-50_8mm,8 mm round pin,round_pin,RGOCG16-50_16mm,round_pin,False,True,False,../vlm_four_scene_20260925/input_crops/state_303/RGOCG16-50_16mm.png,2e39713dfb973c1a397f75571d18003b6276e302abf6a15d46a7d8e0985e5dae,qwen3.5-9b/responses/state_303/RGOCG8-50_8mm/RGOCG16-50_16mm.json,0.05857059999834746,A,-0.006002584006637335,0.9940153955082371,0.9940153955082371,0.9940153955082371,-7.442417621612549,0.0005858670790873206,0.0005858670790873206,0.0005858670790873206,-5.250364303588867,0.0052456070575713585,0.0052456070575713585,0.0052456070575713585
qwen3.5:9b,state_303,USB_Male,USB connector + cable,USB_Male,RGOCG16-50_16mm,round_pin,False,False,False,../vlm_four_scene_20260925/input_crops/state_303/RGOCG16-50_16mm.png,2e39713dfb973c1a397f75571d18003b6276e302abf6a15d46a7d8e0985e5dae,qwen3.5-9b/responses/state_303/USB_Male/RGOCG16-50_16mm.json,0.4296699999831617,C,-4.253548622131348,0.014213705239464983,0.014213705239464983,0.014213705239464983,-3.169081449508667,0.04204219805431726,0.04204219805431726,0.04204219805431726,-0.05839617922902107,0.9432761669750738,0.9432761669750738,0.9432761669750738
qwen3.5:9b,state_303,DSUB_Male,DSUB connector,DSUB_Male,RGOCG16-50_16mm,round_pin,False,False,False,../vlm_four_scene_20260925/input_crops/state_303/RGOCG16-50_16mm.png,2e39713dfb973c1a397f75571d18003b6276e302abf6a15d46a7d8e0985e5dae,qwen3.5-9b/responses/state_303/DSUB_Male/RGOCG16-50_16mm.json,0.44377800001529977,C,-4.462157249450684,0.011537447270312891,0.011537447270312891,0.011537447270312891,-4.612734794616699,0.009924639310141595,0.009924639310141595,0.009924639310141595,-0.022204242646694183,0.9780404570787858,0.9780404570787858,0.9780404570787858
qwen3.5:9b,state_303,Gear_Large,Large gear,gear,RGOCG12-50_12mm,round_pin,False,False,False,../vlm_four_scene_20260925/input_crops/state_303/RGOCG12-50_12mm.png,19c2e56726b6c4c558e00423b8424cb9c8381da2b6403a2430431ec5bf3f6612,qwen3.5-9b/responses/state_303/Gear_Large/RGOCG12-50_12mm.json,0.4376992000034079,C,-4.459031581878662,0.011573565913138949,0.011573565913138949,0.011573565913138949,-2.3926408290863037,0.09138802477379111,0.09138802477379111,0.09138802477379111,-0.10932321846485138,0.8964406245050522,0.8964406245050522,0.8964406245050522
qwen3.5:9b,state_303,Gear_Medium,Medium gear,gear,RGOCG12-50_12mm,round_pin,False,False,False,../vlm_four_scene_20260925/input_crops/state_303/RGOCG12-50_12mm.png,19c2e56726b6c4c558e00423b8424cb9c8381da2b6403a2430431ec5bf3f6612,qwen3.5-9b/responses/state_303/Gear_Medium/RGOCG12-50_12mm.json,0.06115750002209097,C,-4.459031581878662,0.011573565913138949,0.011573565913138949,0.011573565913138949,-2.3926408290863037,0.09138802477379111,0.09138802477379111,0.09138802477379111,-0.10932321846485138,0.8964406245050522,0.8964406245050522,0.8964406245050522
qwen3.5:9b,state_303,Gear_Small,Small gear,gear,RGOCG12-50_12mm,round_pin,False,False,False,../vlm_four_scene_20260925/input_crops/state_303/RGOCG12-50_12mm.png,19c2e56726b6c4c558e00423b8424cb9c8381da2b6403a2430431ec5bf3f6612,qwen3.5-9b/responses/state_303/Gear_Small/RGOCG12-50_12mm.json,0.05916970001999289,C,-4.459031581878662,0.011573565913138949,0.011573565913138949,0.011573565913138949,-2.3926408290863037,0.09138802477379111,0.09138802477379111,0.09138802477379111,-0.10932321846485138,0.8964406245050522,0.8964406245050522,0.8964406245050522
qwen3.5:9b,state_303,Waterproof_Male,Waterproof connector,Waterproof_Male,RGOCG12-50_12mm,round_pin,False,False,False,../vlm_four_scene_20260925/input_crops/state_303/RGOCG12-50_12mm.png,19c2e56726b6c4c558e00423b8424cb9c8381da2b6403a2430431ec5bf3f6612,qwen3.5-9b/responses/state_303/Waterproof_Male/RGOCG12-50_12mm.json,0.4348566000116989,C,-4.104686260223389,0.01649519322485169,0.01649519322485169,0.01649519322485169,-4.416917324066162,0.01207138716176953,0.01207138716176953,0.01207138716176953,-0.029735028743743896,0.9707027077910471,0.9707027077910471,0.9707027077910471
qwen3.5:9b,state_303,M12_Hex_Nut,M12 hex nut,hex_nut,RGOCG12-50_12mm,round_pin,False,False,False,../vlm_four_scene_20260925/input_crops/state_303/RGOCG12-50_12mm.png,19c2e56726b6c4c558e00423b8424cb9c8381da2b6403a2430431ec5bf3f6612,qwen3.5-9b/responses/state_303/M12_Hex_Nut/RGOCG12-50_12mm.json,0.46712340001249686,C,-3.4653007984161377,0.03126359997047598,0.03126359997047598,0.03126359997047598,-1.9963067770004272,0.1358360307342249,0.1358360307342249,0.1358360307342249,-0.18368084728717804,0.8322013607697121,0.8322013607697121,0.8322013607697121
qwen3.5:9b,state_303,M16_Hex_Nut,M16 hex nut,hex_nut,RGOCG12-50_12mm,round_pin,False,False,False,../vlm_four_scene_20260925/input_crops/state_303/RGOCG12-50_12mm.png,19c2e56726b6c4c558e00423b8424cb9c8381da2b6403a2430431ec5bf3f6612,qwen3.5-9b/responses/state_303/M16_Hex_Nut/RGOCG12-50_12mm.json,0.06537169998046011,C,-3.4653007984161377,0.03126359997047598,0.03126359997047598,0.03126359997047598,-1.9963067770004272,0.1358360307342249,0.1358360307342249,0.1358360307342249,-0.18368084728717804,0.8322013607697121,0.8322013607697121,0.8322013607697121
qwen3.5:9b,state_303,RGOCG16-50_16mm,16 mm round pin,round_pin,RGOCG12-50_12mm,round_pin,False,True,False,../vlm_four_scene_20260925/input_crops/state_303/RGOCG12-50_12mm.png,19c2e56726b6c4c558e00423b8424cb9c8381da2b6403a2430431ec5bf3f6612,qwen3.5-9b/responses/state_303/RGOCG16-50_16mm/RGOCG12-50_12mm.json,0.4513894999981858,A,-0.006878254469484091,0.9931453465804453,0.9931453465804453,0.9931453465804453,-7.16618013381958,0.0007722670610026589,0.0007722670610026589,0.0007722670610026589,-5.145588397979736,0.005825045910213379,0.005825045910213379,0.005825045910213379
qwen3.5:9b,state_303,RGOCG12-50_12mm,12 mm round pin,round_pin,RGOCG12-50_12mm,round_pin,True,True,False,../vlm_four_scene_20260925/input_crops/state_303/RGOCG12-50_12mm.png,19c2e56726b6c4c558e00423b8424cb9c8381da2b6403a2430431ec5bf3f6612,qwen3.5-9b/responses/state_303/RGOCG12-50_12mm/RGOCG12-50_12mm.json,0.06387809995794669,A,-0.006878254469484091,0.9931453465804453,0.9931453465804453,0.9931453465804453,-7.16618013381958,0.0007722670610026589,0.0007722670610026589,0.0007722670610026589,-5.145588397979736,0.005825045910213379,0.005825045910213379,0.005825045910213379
qwen3.5:9b,state_303,RGOCG8-50_8mm,8 mm round pin,round_pin,RGOCG12-50_12mm,round_pin,False,True,False,../vlm_four_scene_20260925/input_crops/state_303/RGOCG12-50_12mm.png,19c2e56726b6c4c558e00423b8424cb9c8381da2b6403a2430431ec5bf3f6612,qwen3.5-9b/responses/state_303/RGOCG8-50_8mm/RGOCG12-50_12mm.json,0.05996490002144128,A,-0.006878254469484091,0.9931453465804453,0.9931453465804453,0.9931453465804453,-7.16618013381958,0.0007722670610026589,0.0007722670610026589,0.0007722670610026589,-5.145588397979736,0.005825045910213379,0.005825045910213379,0.005825045910213379
qwen3.5:9b,state_303,USB_Male,USB connector + cable,USB_Male,RGOCG12-50_12mm,round_pin,False,False,False,../vlm_four_scene_20260925/input_crops/state_303/RGOCG12-50_12mm.png,19c2e56726b6c4c558e00423b8424cb9c8381da2b6403a2430431ec5bf3f6612,qwen3.5-9b/responses/state_303/USB_Male/RGOCG12-50_12mm.json,0.44711549999192357,C,-4.147733688354492,0.015800184080468956,0.015800184080468956,0.015800184080468956,-2.227912664413452,0.10775311246671768,0.10775311246671768,0.10775311246671768,-0.13261206448078156,0.8758047819984628,0.8758047819984628,0.8758047819984628
qwen3.5:9b,state_303,DSUB_Male,DSUB connector,DSUB_Male,RGOCG12-50_12mm,round_pin,False,False,False,../vlm_four_scene_20260925/input_crops/state_303/RGOCG12-50_12mm.png,19c2e56726b6c4c558e00423b8424cb9c8381da2b6403a2430431ec5bf3f6612,qwen3.5-9b/responses/state_303/DSUB_Male/RGOCG12-50_12mm.json,0.43580979999387637,C,-4.753954887390137,0.008617546294912362,0.008617546294912362,0.008617546294912362,-3.1981899738311768,0.04083605144702981,0.04083605144702981,0.04083605144702981,-0.05126488581299782,0.9500269885291761,0.9500269885291761,0.9500269885291761
qwen3.5:9b,state_303,Gear_Large,Large gear,gear,RGOCG8-50_8mm,round_pin,False,False,False,../vlm_four_scene_20260925/input_crops/state_303/RGOCG8-50_8mm.png,b1cf506f7c610c52669f86cfc92c532b4c1f5b8a237342f66910a94489e03314,qwen3.5-9b/responses/state_303/Gear_Large/RGOCG8-50_8mm.json,0.4443938999902457,C,-4.932530879974365,0.007208236993578105,0.007208236993578105,0.007208236993578105,-1.0768028497695923,0.34068300104278293,0.34068300104278293,0.34068300104278293,-0.4286591708660126,0.6513819012809131,0.6513819012809131,0.6513819012809131
qwen3.5:9b,state_303,Gear_Medium,Medium gear,gear,RGOCG8-50_8mm,round_pin,False,False,False,../vlm_four_scene_20260925/input_crops/state_303/RGOCG8-50_8mm.png,b1cf506f7c610c52669f86cfc92c532b4c1f5b8a237342f66910a94489e03314,qwen3.5-9b/responses/state_303/Gear_Medium/RGOCG8-50_8mm.json,0.062437399988994,C,-4.932530879974365,0.007208236993578105,0.007208236993578105,0.007208236993578105,-1.0768028497695923,0.34068300104278293,0.34068300104278293,0.34068300104278293,-0.4286591708660126,0.6513819012809131,0.6513819012809131,0.6513819012809131
qwen3.5:9b,state_303,Gear_Small,Small gear,gear,RGOCG8-50_8mm,round_pin,False,False,False,../vlm_four_scene_20260925/input_crops/state_303/RGOCG8-50_8mm.png,b1cf506f7c610c52669f86cfc92c532b4c1f5b8a237342f66910a94489e03314,qwen3.5-9b/responses/state_303/Gear_Small/RGOCG8-50_8mm.json,0.061618699983228,C,-4.932530879974365,0.007208236993578105,0.007208236993578105,0.007208236993578105,-1.0768028497695923,0.34068300104278293,0.34068300104278293,0.34068300104278293,-0.4286591708660126,0.6513819012809131,0.6513819012809131,0.6513819012809131
qwen3.5:9b,state_303,Waterproof_Male,Waterproof connector,Waterproof_Male,RGOCG8-50_8mm,round_pin,False,False,False,../vlm_four_scene_20260925/input_crops/state_303/RGOCG8-50_8mm.png,b1cf506f7c610c52669f86cfc92c532b4c1f5b8a237342f66910a94489e03314,qwen3.5-9b/responses/state_303/Waterproof_Male/RGOCG8-50_8mm.json,0.4402655000449158,C,-4.486573696136475,0.011259155082811802,0.011259155082811802,0.011259155082811802,-3.3149869441986084,0.036334522950558626,0.036334522950558626,0.036334522950558626,-0.04934275150299072,0.9518548241092414,0.9518548241092414,0.9518548241092414
qwen3.5:9b,state_303,M12_Hex_Nut,M12 hex nut,hex_nut,RGOCG8-50_8mm,round_pin,False,False,False,../vlm_four_scene_20260925/input_crops/state_303/RGOCG8-50_8mm.png,b1cf506f7c610c52669f86cfc92c532b4c1f5b8a237342f66910a94489e03314,qwen3.5-9b/responses/state_303/M12_Hex_Nut/RGOCG8-50_8mm.json,0.44924789998913184,C,-3.776881217956543,0.022893981536667458,0.022893981536667458,0.022893981536667458,-0.8752927780151367,0.41673998950854824,0.41673998950854824,0.41673998950854824,-0.5802545547485352,0.5597558599161374,0.5597558599161374,0.5597558599161374
qwen3.5:9b,state_303,M16_Hex_Nut,M16 hex nut,hex_nut,RGOCG8-50_8mm,round_pin,False,False,False,../vlm_four_scene_20260925/input_crops/state_303/RGOCG8-50_8mm.png,b1cf506f7c610c52669f86cfc92c532b4c1f5b8a237342f66910a94489e03314,qwen3.5-9b/responses/state_303/M16_Hex_Nut/RGOCG8-50_8mm.json,0.0626736999838613,C,-3.776881217956543,0.022893981536667458,0.022893981536667458,0.022893981536667458,-0.8752927780151367,0.41673998950854824,0.41673998950854824,0.41673998950854824,-0.5802545547485352,0.5597558599161374,0.5597558599161374,0.5597558599161374
qwen3.5:9b,state_303,RGOCG16-50_16mm,16 mm round pin,round_pin,RGOCG8-50_8mm,round_pin,False,True,False,../vlm_four_scene_20260925/input_crops/state_303/RGOCG8-50_8mm.png,b1cf506f7c610c52669f86cfc92c532b4c1f5b8a237342f66910a94489e03314,qwen3.5-9b/responses/state_303/RGOCG16-50_16mm/RGOCG8-50_8mm.json,0.4582502999692224,A,-0.0018092658137902617,0.9981923699209605,0.9981923699209605,0.9981923699209605,-8.60745906829834,0.00018273764487950064,0.00018273764487950064,0.00018273764487950064,-6.482670783996582,0.001529719667844128,0.001529719667844128,0.001529719667844128
qwen3.5:9b,state_303,RGOCG12-50_12mm,12 mm round pin,round_pin,RGOCG8-50_8mm,round_pin,False,True,False,../vlm_four_scene_20260925/input_crops/state_303/RGOCG8-50_8mm.png,b1cf506f7c610c52669f86cfc92c532b4c1f5b8a237342f66910a94489e03314,qwen3.5-9b/responses/state_303/RGOCG12-50_12mm/RGOCG8-50_8mm.json,0.06096309999702498,A,-0.0018092658137902617,0.9981923699209605,0.9981923699209605,0.9981923699209605,-8.60745906829834,0.00018273764487950064,0.00018273764487950064,0.00018273764487950064,-6.482670783996582,0.001529719667844128,0.001529719667844128,0.001529719667844128
qwen3.5:9b,state_303,RGOCG8-50_8mm,8 mm round pin,round_pin,RGOCG8-50_8mm,round_pin,True,True,False,../vlm_four_scene_20260925/input_crops/state_303/RGOCG8-50_8mm.png,b1cf506f7c610c52669f86cfc92c532b4c1f5b8a237342f66910a94489e03314,qwen3.5-9b/responses/state_303/RGOCG8-50_8mm/RGOCG8-50_8mm.json,0.060104999982286245,A,-0.0018092658137902617,0.9981923699209605,0.9981923699209605,0.9981923699209605,-8.60745906829834,0.00018273764487950064,0.00018273764487950064,0.00018273764487950064,-6.482670783996582,0.001529719667844128,0.001529719667844128,0.001529719667844128
qwen3.5:9b,state_303,USB_Male,USB connector + cable,USB_Male,RGOCG8-50_8mm,round_pin,False,False,False,../vlm_four_scene_20260925/input_crops/state_303/RGOCG8-50_8mm.png,b1cf506f7c610c52669f86cfc92c532b4c1f5b8a237342f66910a94489e03314,qwen3.5-9b/responses/state_303/USB_Male/RGOCG8-50_8mm.json,0.43736749998060986,C,-4.228365421295166,0.01457619702759234,0.01457619702759234,0.01457619702759234,-1.665188193321228,0.18915505691375778,0.18915505691375778,0.18915505691375778,-0.2286132574081421,0.7956361804097664,0.7956361804097664,0.7956361804097664
qwen3.5:9b,state_303,DSUB_Male,DSUB connector,DSUB_Male,RGOCG8-50_8mm,round_pin,False,False,False,../vlm_four_scene_20260925/input_crops/state_303/RGOCG8-50_8mm.png,b1cf506f7c610c52669f86cfc92c532b4c1f5b8a237342f66910a94489e03314,qwen3.5-9b/responses/state_303/DSUB_Male/RGOCG8-50_8mm.json,0.43604890001006424,C,-4.45176362991333,0.011657988452120764,0.011657988452120764,0.011657988452120764,-2.2814106941223145,0.10214001671422414,0.10214001671422414,0.10214001671422414,-0.12149295955896378,0.8855972883224091,0.8855972883224091,0.8855972883224091
qwen3.5:9b,state_303,Gear_Large,Large gear,gear,USB_Male,USB_Male,False,False,True,../vlm_four_scene_20260925/input_crops/state_303/USB_Male.png,5a3874a9c4c9ea46017e36201d2d720bdf18ca97b04e8ef6860e4458139d0368,qwen3.5-9b/responses/state_303/Gear_Large/USB_Male.json,0.7059111999697052,B,-4.232480049133301,0.01451634462115987,0.01451634462115987,0.01451634462115987,-0.49913489818573,0.6070555975163457,0.6070555975163457,0.6070555975163457,-0.9734963178634644,0.3777599576083305,0.3777599576083305,0.3777599576083305
qwen3.5:9b,state_303,Gear_Medium,Medium gear,gear,USB_Male,USB_Male,False,False,True,../vlm_four_scene_20260925/input_crops/state_303/USB_Male.png,5a3874a9c4c9ea46017e36201d2d720bdf18ca97b04e8ef6860e4458139d0368,qwen3.5-9b/responses/state_303/Gear_Medium/USB_Male.json,0.09524950000923127,B,-4.232480049133301,0.01451634462115987,0.01451634462115987,0.01451634462115987,-0.49913489818573,0.6070555975163457,0.6070555975163457,0.6070555975163457,-0.9734963178634644,0.3777599576083305,0.3777599576083305,0.3777599576083305
qwen3.5:9b,state_303,Gear_Small,Small gear,gear,USB_Male,USB_Male,False,False,True,../vlm_four_scene_20260925/input_crops/state_303/USB_Male.png,5a3874a9c4c9ea46017e36201d2d720bdf18ca97b04e8ef6860e4458139d0368,qwen3.5-9b/responses/state_303/Gear_Small/USB_Male.json,0.08847369998693466,B,-4.232480049133301,0.01451634462115987,0.01451634462115987,0.01451634462115987,-0.49913489818573,0.6070555975163457,0.6070555975163457,0.6070555975163457,-0.9734963178634644,0.3777599576083305,0.3777599576083305,0.3777599576083305
qwen3.5:9b,state_303,Waterproof_Male,Waterproof connector,Waterproof_Male,USB_Male,USB_Male,False,False,True,../vlm_four_scene_20260925/input_crops/state_303/USB_Male.png,5a3874a9c4c9ea46017e36201d2d720bdf18ca97b04e8ef6860e4458139d0368,qwen3.5-9b/responses/state_303/Waterproof_Male/USB_Male.json,0.5917285000323318,B,-1.0817797183990479,0.3389916787378252,0.3389916787378252,0.3389916787378252,-0.7179415822029114,0.48775522737938304,0.48775522737938304,0.48775522737938304,-1.7653276920318604,0.1711306991292417,0.1711306991292417,0.1711306991292417
qwen3.5:9b,state_303,M12_Hex_Nut,M12 hex nut,hex_nut,USB_Male,USB_Male,False,False,True,../vlm_four_scene_20260925/input_crops/state_303/USB_Male.png,5a3874a9c4c9ea46017e36201d2d720bdf18ca97b04e8ef6860e4458139d0368,qwen3.5-9b/responses/state_303/M12_Hex_Nut/USB_Male.json,0.5936373999575153,C,-3.8388004302978516,0.02151939988853548,0.02151939988853548,0.02151939988853548,-0.985406756401062,0.37328735902941235,0.37328735902941235,0.37328735902941235,-0.5037707686424255,0.6042478795431055,0.6042478795431055,0.6042478795431055
qwen3.5:9b,state_303,M16_Hex_Nut,M16 hex nut,hex_nut,USB_Male,USB_Male,False,False,True,../vlm_four_scene_20260925/input_crops/state_303/USB_Male.png,5a3874a9c4c9ea46017e36201d2d720bdf18ca97b04e8ef6860e4458139d0368,qwen3.5-9b/responses/state_303/M16_Hex_Nut/USB_Male.json,0.07131159998243675,C,-3.8388004302978516,0.02151939988853548,0.02151939988853548,0.02151939988853548,-0.985406756401062,0.37328735902941235,0.37328735902941235,0.37328735902941235,-0.5037707686424255,0.6042478795431055,0.6042478795431055,0.6042478795431055
qwen3.5:9b,state_303,RGOCG16-50_16mm,16 mm round pin,round_pin,USB_Male,USB_Male,False,False,True,../vlm_four_scene_20260925/input_crops/state_303/USB_Male.png,5a3874a9c4c9ea46017e36201d2d720bdf18ca97b04e8ef6860e4458139d0368,qwen3.5-9b/responses/state_303/RGOCG16-50_16mm/USB_Male.json,0.6024961000075564,B,-3.1681363582611084,0.042081950549635316,0.042081950549635316,0.042081950549635316,-0.3168542981147766,0.7284368820210463,0.7284368820210463,0.7284368820210463,-1.475772738456726,0.2286020092118802,0.2286020092118802,0.2286020092118802
qwen3.5:9b,state_303,RGOCG12-50_12mm,12 mm round pin,round_pin,USB_Male,USB_Male,False,False,True,../vlm_four_scene_20260925/input_crops/state_303/USB_Male.png,5a3874a9c4c9ea46017e36201d2d720bdf18ca97b04e8ef6860e4458139d0368,qwen3.5-9b/responses/state_303/RGOCG12-50_12mm/USB_Male.json,0.08600289997411892,B,-3.1681363582611084,0.042081950549635316,0.042081950549635316,0.042081950549635316,-0.3168542981147766,0.7284368820210463,0.7284368820210463,0.7284368820210463,-1.475772738456726,0.2286020092118802,0.2286020092118802,0.2286020092118802
qwen3.5:9b,state_303,RGOCG8-50_8mm,8 mm round pin,round_pin,USB_Male,USB_Male,False,False,True,../vlm_four_scene_20260925/input_crops/state_303/USB_Male.png,5a3874a9c4c9ea46017e36201d2d720bdf18ca97b04e8ef6860e4458139d0368,qwen3.5-9b/responses/state_303/RGOCG8-50_8mm/USB_Male.json,0.0703619999694638,B,-3.1681363582611084,0.042081950549635316,0.042081950549635316,0.042081950549635316,-0.3168542981147766,0.7284368820210463,0.7284368820210463,0.7284368820210463,-1.475772738456726,0.2286020092118802,0.2286020092118802,0.2286020092118802
qwen3.5:9b,state_303,USB_Male,USB connector + cable,USB_Male,USB_Male,USB_Male,True,True,True,../vlm_four_scene_20260925/input_crops/state_303/USB_Male.png,5a3874a9c4c9ea46017e36201d2d720bdf18ca97b04e8ef6860e4458139d0368,qwen3.5-9b/responses/state_303/USB_Male/USB_Male.json,0.5933551999623887,A,-0.019750341773033142,0.9804434185196651,0.9804434185196651,0.9804434185196651,-5.043327331542969,0.006452243807467249,0.006452243807467249,0.006452243807467249,-4.373462677001953,0.01260750916580007,0.01260750916580007,0.01260750916580007
qwen3.5:9b,state_303,DSUB_Male,DSUB connector,DSUB_Male,USB_Male,USB_Male,False,False,True,../vlm_four_scene_20260925/input_crops/state_303/USB_Male.png,5a3874a9c4c9ea46017e36201d2d720bdf18ca97b04e8ef6860e4458139d0368,qwen3.5-9b/responses/state_303/DSUB_Male/USB_Male.json,0.6105479000252672,A,-0.14641492068767548,0.8637992206522298,0.8637992206522298,0.8637992206522298,-2.8070805072784424,0.060381017256090665,0.060381017256090665,0.060381017256090665,-2.6047756671905518,0.07391971795568501,0.07391971795568501,0.07391971795568501
qwen3.5:9b,state_303,Gear_Large,Large gear,gear,DSUB_Male,DSUB_Male,False,False,False,../vlm_four_scene_20260925/input_crops/state_303/DSUB_Male.png,951cf97dc3898e2a3029bf7b3818dace43fcdf8abc4c737bf166e9942e4e2383,qwen3.5-9b/responses/state_303/Gear_Large/DSUB_Male.json,0.4643820999772288,B,-5.566758155822754,0.003822853461274192,0.003822853461274192,0.003822853461274192,-0.5354356169700623,0.5854142182240246,0.5854142182240246,0.5854142182240246,-0.8918160796165466,0.4099106460017345,0.4099106460017345,0.4099106460017345
qwen3.5:9b,state_303,Gear_Medium,Medium gear,gear,DSUB_Male,DSUB_Male,False,False,False,../vlm_four_scene_20260925/input_crops/state_303/DSUB_Male.png,951cf97dc3898e2a3029bf7b3818dace43fcdf8abc4c737bf166e9942e4e2383,qwen3.5-9b/responses/state_303/Gear_Medium/DSUB_Male.json,0.06217799999285489,B,-5.566758155822754,0.003822853461274192,0.003822853461274192,0.003822853461274192,-0.5354356169700623,0.5854142182240246,0.5854142182240246,0.5854142182240246,-0.8918160796165466,0.4099106460017345,0.4099106460017345,0.4099106460017345
qwen3.5:9b,state_303,Gear_Small,Small gear,gear,DSUB_Male,DSUB_Male,False,False,False,../vlm_four_scene_20260925/input_crops/state_303/DSUB_Male.png,951cf97dc3898e2a3029bf7b3818dace43fcdf8abc4c737bf166e9942e4e2383,qwen3.5-9b/responses/state_303/Gear_Small/DSUB_Male.json,0.08342500001890585,B,-5.566758155822754,0.003822853461274192,0.003822853461274192,0.003822853461274192,-0.5354356169700623,0.5854142182240246,0.5854142182240246,0.5854142182240246,-0.8918160796165466,0.4099106460017345,0.4099106460017345,0.4099106460017345
qwen3.5:9b,state_303,Waterproof_Male,Waterproof connector,Waterproof_Male,DSUB_Male,DSUB_Male,False,False,False,../vlm_four_scene_20260925/input_crops/state_303/DSUB_Male.png,951cf97dc3898e2a3029bf7b3818dace43fcdf8abc4c737bf166e9942e4e2383,qwen3.5-9b/responses/state_303/Waterproof_Male/DSUB_Male.json,0.4582976999809034,A,-0.00391766894608736,0.9960899951072237,0.9960899951072237,0.9960899951072237,-7.391511917114258,0.0006164632072963606,0.0006164632072963606,0.0006164632072963606,-5.7809600830078125,0.003085751408128097,0.003085751408128097,0.003085751408128097
qwen3.5:9b,state_303,M12_Hex_Nut,M12 hex nut,hex_nut,DSUB_Male,DSUB_Male,False,False,False,../vlm_four_scene_20260925/input_crops/state_303/DSUB_Male.png,951cf97dc3898e2a3029bf7b3818dace43fcdf8abc4c737bf166e9942e4e2383,qwen3.5-9b/responses/state_303/M12_Hex_Nut/DSUB_Male.json,0.4608635000186041,C,-3.7222115993499756,0.024180431240738008,0.024180431240738008,0.024180431240738008,-0.8617858290672302,0.4224070615406796,0.4224070615406796,0.4224070615406796,-0.5935114622116089,0.5523841989540237,0.5523841989540237,0.5523841989540237
qwen3.5:9b,state_303,M16_Hex_Nut,M16 hex nut,hex_nut,DSUB_Male,DSUB_Male,False,False,False,../vlm_four_scene_20260925/input_crops/state_303/DSUB_Male.png,951cf97dc3898e2a3029bf7b3818dace43fcdf8abc4c737bf166e9942e4e2383,qwen3.5-9b/responses/state_303/M16_Hex_Nut/DSUB_Male.json,0.08792999997967854,C,-3.7222115993499756,0.024180431240738008,0.024180431240738008,0.024180431240738008,-0.8617858290672302,0.4224070615406796,0.4224070615406796,0.4224070615406796,-0.5935114622116089,0.5523841989540237,0.5523841989540237,0.5523841989540237
qwen3.5:9b,state_303,RGOCG16-50_16mm,16 mm round pin,round_pin,DSUB_Male,DSUB_Male,False,False,False,../vlm_four_scene_20260925/input_crops/state_303/DSUB_Male.png,951cf97dc3898e2a3029bf7b3818dace43fcdf8abc4c737bf166e9942e4e2383,qwen3.5-9b/responses/state_303/RGOCG16-50_16mm/DSUB_Male.json,0.4572516999905929,B,-4.214890480041504,0.01477393971975178,0.01477393971975178,0.01477393971975178,-0.6239939332008362,0.5358002082498511,0.5358002082498511,0.5358002082498511,-0.8016882538795471,0.448571022729126,0.448571022729126,0.448571022729126
qwen3.5:9b,state_303,RGOCG12-50_12mm,12 mm round pin,round_pin,DSUB_Male,DSUB_Male,False,False,False,../vlm_four_scene_20260925/input_crops/state_303/DSUB_Male.png,951cf97dc3898e2a3029bf7b3818dace43fcdf8abc4c737bf166e9942e4e2383,qwen3.5-9b/responses/state_303/RGOCG12-50_12mm/DSUB_Male.json,0.08158860000548884,B,-4.214890480041504,0.01477393971975178,0.01477393971975178,0.01477393971975178,-0.6239939332008362,0.5358002082498511,0.5358002082498511,0.5358002082498511,-0.8016882538795471,0.448571022729126,0.448571022729126,0.448571022729126
qwen3.5:9b,state_303,RGOCG8-50_8mm,8 mm round pin,round_pin,DSUB_Male,DSUB_Male,False,False,False,../vlm_four_scene_20260925/input_crops/state_303/DSUB_Male.png,951cf97dc3898e2a3029bf7b3818dace43fcdf8abc4c737bf166e9942e4e2383,qwen3.5-9b/responses/state_303/RGOCG8-50_8mm/DSUB_Male.json,0.06116390001261607,B,-4.214890480041504,0.01477393971975178,0.01477393971975178,0.01477393971975178,-0.6239939332008362,0.5358002082498511,0.5358002082498511,0.5358002082498511,-0.8016882538795471,0.448571022729126,0.448571022729126,0.448571022729126
qwen3.5:9b,state_303,USB_Male,USB connector + cable,USB_Male,DSUB_Male,DSUB_Male,False,False,False,../vlm_four_scene_20260925/input_crops/state_303/DSUB_Male.png,951cf97dc3898e2a3029bf7b3818dace43fcdf8abc4c737bf166e9942e4e2383,qwen3.5-9b/responses/state_303/USB_Male/DSUB_Male.json,0.4586373000056483,C,-3.4297001361846924,0.03239665390076835,0.03239665390076835,0.03239665390076835,-1.5167208909988403,0.21943024421157672,0.21943024421157672,0.21943024421157672,-0.29188260436058044,0.746856208489221,0.746856208489221,0.746856208489221
qwen3.5:9b,state_303,DSUB_Male,DSUB connector,DSUB_Male,DSUB_Male,DSUB_Male,True,True,False,../vlm_four_scene_20260925/input_crops/state_303/DSUB_Male.png,951cf97dc3898e2a3029bf7b3818dace43fcdf8abc4c737bf166e9942e4e2383,qwen3.5-9b/responses/state_303/DSUB_Male/DSUB_Male.json,0.4602022999897599,A,-0.020866161212325096,0.9793500308192242,0.9793500308192242,0.9793500308192242,-5.294424057006836,0.005019504491580398,0.005019504491580398,0.005019504491580398,-4.198633193969727,0.015016086878746022,0.015016086878746022,0.015016086878746022
