model,state,target,target_name,posthoc_identity,own_object_match,same_family,assisted_fallback,crop_file,crop_sha256,response_file,elapsed_seconds,answer,logp_A,p_A,p_A_lower,p_A_upper,logp_B,p_B,p_B_lower,p_B_upper,logp_C,p_C,p_C_lower,p_C_upper
gpt-6-sol,original,Gear_Large,Large gear,Gear_Large,True,True,False,input_crops/original/Gear_Large.png,8643de8c1b1dcf74dc92d04cdefcfdc0735be5d7df1bdc7bdc7e077aadca78b3,raw/gpt6-sol/original/Gear_Large/Gear_Large.json,2.6098190000047907,A,-0.000305,0.9996950465077716,0.9996950465077716,0.9996950465077716,,,0.0,0.00040495349222836587,,,0.0,0.00040495349222836587
gpt-6-sol,original,Gear_Medium,Medium gear,Gear_Large,False,True,False,input_crops/original/Gear_Large.png,8643de8c1b1dcf74dc92d04cdefcfdc0735be5d7df1bdc7bdc7e077aadca78b3,raw/gpt6-sol/original/Gear_Medium/Gear_Large.json,3.9810299999662675,A,-0.000553,0.9994471528763185,0.9994471528763185,0.9994471528763185,,,0.0,0.0006528471236815325,,,0.0,0.0006528471236815325
gpt-6-sol,original,Gear_Small,Small gear,Gear_Large,False,True,False,input_crops/original/Gear_Large.png,8643de8c1b1dcf74dc92d04cdefcfdc0735be5d7df1bdc7bdc7e077aadca78b3,raw/gpt6-sol/original/Gear_Small/Gear_Large.json,2.7907552999677137,A,-0.015091,0.985022298495291,0.985022298495291,0.985022298495291,,,0.0,0.015077701504709006,,,0.0,0.015077701504709006
gpt-6-sol,original,Waterproof_Male,Waterproof connector,Gear_Large,False,False,False,input_crops/original/Gear_Large.png,8643de8c1b1dcf74dc92d04cdefcfdc0735be5d7df1bdc7bdc7e077aadca78b3,raw/gpt6-sol/original/Waterproof_Male/Gear_Large.json,1.9686394999735057,B,,,0.0,0.00861950159961412,-0.008556,0.9914804984003859,0.9914804984003859,0.9914804984003859,,,0.0,0.00861950159961412
gpt-6-sol,original,M12_Hex_Nut,M12 hex nut,Gear_Large,False,False,False,input_crops/original/Gear_Large.png,8643de8c1b1dcf74dc92d04cdefcfdc0735be5d7df1bdc7bdc7e077aadca78b3,raw/gpt6-sol/original/M12_Hex_Nut/Gear_Large.json,1.8956719000125304,B,,,0.0,0.000137999278009182,-3.8e-05,0.9999620007219908,0.9999620007219908,0.9999620007219908,,,0.0,0.000137999278009182
gpt-6-sol,original,M16_Hex_Nut,M16 hex nut,Gear_Large,False,False,False,input_crops/original/Gear_Large.png,8643de8c1b1dcf74dc92d04cdefcfdc0735be5d7df1bdc7bdc7e077aadca78b3,raw/gpt6-sol/original/M16_Hex_Nut/Gear_Large.json,2.1741422000341117,B,,,0.0,0.00022999155036619302,-0.00013,0.9998700084496338,0.9998700084496338,0.9998700084496338,,,0.0,0.00022999155036619302
gpt-6-sol,original,RGOCG16-50_16mm,16 mm round pin,Gear_Large,False,False,False,input_crops/original/Gear_Large.png,8643de8c1b1dcf74dc92d04cdefcfdc0735be5d7df1bdc7bdc7e077aadca78b3,raw/gpt6-sol/original/RGOCG16-50_16mm/Gear_Large.json,1.4915360999875702,B,,,0.0,0.000137999278009182,-3.8e-05,0.9999620007219908,0.9999620007219908,0.9999620007219908,,,0.0,0.000137999278009182
gpt-6-sol,original,RGOCG12-50_12mm,12 mm round pin,Gear_Large,False,False,False,input_crops/original/Gear_Large.png,8643de8c1b1dcf74dc92d04cdefcfdc0735be5d7df1bdc7bdc7e077aadca78b3,raw/gpt6-sol/original/RGOCG12-50_12mm/Gear_Large.json,2.795968900027219,B,,,0.0,0.0028432304479431123,-0.002747,0.9972567695520569,0.9972567695520569,0.9972567695520569,,,0.0,0.0028432304479431123
gpt-6-sol,original,RGOCG8-50_8mm,8 mm round pin,Gear_Large,False,False,False,input_crops/original/Gear_Large.png,8643de8c1b1dcf74dc92d04cdefcfdc0735be5d7df1bdc7bdc7e077aadca78b3,raw/gpt6-sol/original/RGOCG8-50_8mm/Gear_Large.json,1.361460399988573,B,,,0.0,0.0001,0.0,1.0,1.0,1.0,,,0.0,0.0001
gpt-6-sol,original,USB_Male,USB connector + cable,Gear_Large,False,False,False,input_crops/original/Gear_Large.png,8643de8c1b1dcf74dc92d04cdefcfdc0735be5d7df1bdc7bdc7e077aadca78b3,raw/gpt6-sol/original/USB_Male/Gear_Large.json,1.4625735000008717,B,,,0.0,0.001236353860410111,-0.001137,0.9988636461395899,0.9988636461395899,0.9988636461395899,,,0.0,0.001236353860410111
gpt-6-sol,original,DSUB_Male,DSUB connector,Gear_Large,False,False,False,input_crops/original/Gear_Large.png,8643de8c1b1dcf74dc92d04cdefcfdc0735be5d7df1bdc7bdc7e077aadca78b3,raw/gpt6-sol/original/DSUB_Male/Gear_Large.json,1.463176499994006,B,,,0.0,0.00926276368195179,-0.009205,0.9908372363180482,0.9908372363180482,0.9908372363180482,,,0.0,0.00926276368195179
gpt-6-sol,original,Gear_Large,Large gear,Gear_Medium,False,True,False,input_crops/original/Gear_Medium.png,32184c8966576de2b036c51d8d5e7cd940e019617b393dc6403bb6f08a234392,raw/gpt6-sol/original/Gear_Large/Gear_Medium.json,1.1021718999836594,A,-0.160767,0.8514904452694115,0.8514904452694115,0.8514904452694115,-2.515011,0.0808620227195616,0.0808620227195616,0.0808620227195616,-2.693615,0.06763599278364192,0.06763599278364192,0.06763599278364192
gpt-6-sol,original,Gear_Medium,Medium gear,Gear_Medium,True,True,False,input_crops/original/Gear_Medium.png,32184c8966576de2b036c51d8d5e7cd940e019617b393dc6403bb6f08a234392,raw/gpt6-sol/original/Gear_Medium/Gear_Medium.json,1.2971686000237241,A,-0.109436,0.8963395282562532,0.8963395282562532,0.8963395282562532,-3.690964,0.024947940631770606,0.024947940631770606,0.024947940631770606,-2.541817,0.07872322965171609,0.07872322965171609,0.07872322965171609
gpt-6-sol,original,Gear_Small,Small gear,Gear_Medium,False,True,False,input_crops/original/Gear_Medium.png,32184c8966576de2b036c51d8d5e7cd940e019617b393dc6403bb6f08a234392,raw/gpt6-sol/original/Gear_Small/Gear_Medium.json,1.4853320999536663,A,-0.16964,0.8439685906063994,0.8439685906063994,0.8439685906063994,,,0.0,0.018815348993969427,-1.98547,0.13731606039963118,0.13731606039963118,0.13731606039963118
gpt-6-sol,original,Waterproof_Male,Waterproof connector,Gear_Medium,False,False,False,input_crops/original/Gear_Medium.png,32184c8966576de2b036c51d8d5e7cd940e019617b393dc6403bb6f08a234392,raw/gpt6-sol/original/Waterproof_Male/Gear_Medium.json,1.319294999993872,B,,,0.0,0.011463937083418096,-0.011429,0.9886360629165819,0.9886360629165819,0.9886360629165819,,,0.0,0.011463937083418096
gpt-6-sol,original,M12_Hex_Nut,M12 hex nut,Gear_Medium,False,False,False,input_crops/original/Gear_Medium.png,32184c8966576de2b036c51d8d5e7cd940e019617b393dc6403bb6f08a234392,raw/gpt6-sol/original/M12_Hex_Nut/Gear_Medium.json,1.3658618000335991,B,,,0.0,0.0008507180700808691,-0.000751,0.9992492819299191,0.9992492819299191,0.9992492819299191,,,0.0,0.0008507180700808691
gpt-6-sol,original,M16_Hex_Nut,M16 hex nut,Gear_Medium,False,False,False,input_crops/original/Gear_Medium.png,32184c8966576de2b036c51d8d5e7cd940e019617b393dc6403bb6f08a234392,raw/gpt6-sol/original/M16_Hex_Nut/Gear_Medium.json,1.4183443000074476,B,,,0.0,0.0018684344737967095,-0.00177,0.9982315655262033,0.9982315655262033,0.9982315655262033,,,0.0,0.0018684344737967095
gpt-6-sol,original,RGOCG16-50_16mm,16 mm round pin,Gear_Medium,False,False,False,input_crops/original/Gear_Medium.png,32184c8966576de2b036c51d8d5e7cd940e019617b393dc6403bb6f08a234392,raw/gpt6-sol/original/RGOCG16-50_16mm/Gear_Medium.json,1.3771553999977186,B,,,0.0,0.002107981302753703,-0.00201,0.9979920186972463,0.9979920186972463,0.9979920186972463,,,0.0,0.002107981302753703
gpt-6-sol,original,RGOCG12-50_12mm,12 mm round pin,Gear_Medium,False,False,False,input_crops/original/Gear_Medium.png,32184c8966576de2b036c51d8d5e7cd940e019617b393dc6403bb6f08a234392,raw/gpt6-sol/original/RGOCG12-50_12mm/Gear_Medium.json,1.490574800001923,B,,,0.0,0.000519911812346685,-0.00042,0.9995800881876533,0.9995800881876533,0.9995800881876533,,,0.0,0.000519911812346685
gpt-6-sol,original,RGOCG8-50_8mm,8 mm round pin,Gear_Medium,False,False,False,input_crops/original/Gear_Medium.png,32184c8966576de2b036c51d8d5e7cd940e019617b393dc6403bb6f08a234392,raw/gpt6-sol/original/RGOCG8-50_8mm/Gear_Medium.json,1.4238585000275634,B,,,0.0,0.0041169105444922695,-0.004025,0.9959830894555077,0.9959830894555077,0.9959830894555077,,,0.0,0.0041169105444922695
gpt-6-sol,original,USB_Male,USB connector + cable,Gear_Medium,False,False,False,input_crops/original/Gear_Medium.png,32184c8966576de2b036c51d8d5e7cd940e019617b393dc6403bb6f08a234392,raw/gpt6-sol/original/USB_Male/Gear_Medium.json,1.2462805000250228,B,,,0.0,0.014547616928153217,-0.014553,0.9855523830718468,0.9855523830718468,0.9855523830718468,,,0.0,0.014547616928153217
gpt-6-sol,original,DSUB_Male,DSUB connector,Gear_Medium,False,False,False,input_crops/original/Gear_Medium.png,32184c8966576de2b036c51d8d5e7cd940e019617b393dc6403bb6f08a234392,raw/gpt6-sol/original/DSUB_Male/Gear_Medium.json,1.6723979000234976,B,,,0.0,0.00031397710363335597,-0.000214,0.9997860228963666,0.9997860228963666,0.9997860228963666,,,0.0,0.00031397710363335597
gpt-6-sol,original,Gear_Large,Large gear,Gear_Small,False,True,False,input_crops/original/Gear_Small.png,12582ccd34fdba48126c0e1e0d71701e3ab31413538cfcbedfd42b8adf7e792c,raw/gpt6-sol/original/Gear_Large/Gear_Small.json,1.8349965999950655,A,-0.136372,0.8725179954156729,0.8725179954156729,0.8725179954156729,-2.864906,0.05698848779811982,0.05698848779811982,0.05698848779811982,-2.652275,0.07049066424424057,0.07049066424424057,0.07049066424424057
gpt-6-sol,original,Gear_Medium,Medium gear,Gear_Small,False,True,False,input_crops/original/Gear_Small.png,12582ccd34fdba48126c0e1e0d71701e3ab31413538cfcbedfd42b8adf7e792c,raw/gpt6-sol/original/Gear_Medium/Gear_Small.json,1.157340599980671,A,-0.012573,0.9875057099457824,0.9875057099457824,0.9875057099457824,,,0.0,0.012594290054217649,,,0.0,0.012594290054217649
gpt-6-sol,original,Gear_Small,Small gear,Gear_Small,True,True,False,input_crops/original/Gear_Small.png,12582ccd34fdba48126c0e1e0d71701e3ab31413538cfcbedfd42b8adf7e792c,raw/gpt6-sol/original/Gear_Small/Gear_Small.json,1.5383905000053346,A,-0.039856,0.9609278027935042,0.9609278027935042,0.9609278027935042,,,0.0,0.004626594147737595,-3.365475,0.03454560305875823,0.03454560305875823,0.03454560305875823
gpt-6-sol,original,Waterproof_Male,Waterproof connector,Gear_Small,False,False,False,input_crops/original/Gear_Small.png,12582ccd34fdba48126c0e1e0d71701e3ab31413538cfcbedfd42b8adf7e792c,raw/gpt6-sol/original/Waterproof_Male/Gear_Small.json,1.3863532000104897,B,,,0.0,0.0007392224440773254,-0.297848,0.7424141781269156,0.7424141781269156,0.7424141781269156,-1.358887,0.2569465994290071,0.2569465994290071,0.2569465994290071
gpt-6-sol,original,M12_Hex_Nut,M12 hex nut,Gear_Small,False,False,False,input_crops/original/Gear_Small.png,12582ccd34fdba48126c0e1e0d71701e3ab31413538cfcbedfd42b8adf7e792c,raw/gpt6-sol/original/M12_Hex_Nut/Gear_Small.json,1.4986828000401147,A,-0.062481,0.9394309118312344,0.9394309118312344,0.9394309118312344,,,0.0,0.0018644178475397788,-2.833534,0.05880467032122579,0.05880467032122579,0.05880467032122579
gpt-6-sol,original,M16_Hex_Nut,M16 hex nut,Gear_Small,False,False,False,input_crops/original/Gear_Small.png,12582ccd34fdba48126c0e1e0d71701e3ab31413538cfcbedfd42b8adf7e792c,raw/gpt6-sol/original/M16_Hex_Nut/Gear_Small.json,1.2864232999854721,A,-0.141891,0.8677158323571623,0.8677158323571623,0.8677158323571623,,,0.0,0.0032246412597984994,-2.046707,0.12915952638303915,0.12915952638303915,0.12915952638303915
gpt-6-sol,original,RGOCG16-50_16mm,16 mm round pin,Gear_Small,False,False,False,input_crops/original/Gear_Small.png,12582ccd34fdba48126c0e1e0d71701e3ab31413538cfcbedfd42b8adf7e792c,raw/gpt6-sol/original/RGOCG16-50_16mm/Gear_Small.json,1.4816344000282697,B,,,0.0,0.004336998486648491,-0.004246,0.9957630015133515,0.9957630015133515,0.9957630015133515,,,0.0,0.004336998486648491
gpt-6-sol,original,RGOCG12-50_12mm,12 mm round pin,Gear_Small,False,False,False,input_crops/original/Gear_Small.png,12582ccd34fdba48126c0e1e0d71701e3ab31413538cfcbedfd42b8adf7e792c,raw/gpt6-sol/original/RGOCG12-50_12mm/Gear_Small.json,1.9006538999965414,B,,,0.0,0.0013211492204268204,-0.350273,0.70449573612768,0.70449573612768,0.70449573612768,-1.223213,0.29428311465189316,0.29428311465189316,0.29428311465189316
gpt-6-sol,original,RGOCG8-50_8mm,8 mm round pin,Gear_Small,False,False,False,input_crops/original/Gear_Small.png,12582ccd34fdba48126c0e1e0d71701e3ab31413538cfcbedfd42b8adf7e792c,raw/gpt6-sol/original/RGOCG8-50_8mm/Gear_Small.json,1.927814299997408,B,,,0.0,0.005418804801042632,-0.005333,0.9946811951989574,0.9946811951989574,0.9946811951989574,,,0.0,0.005418804801042632
gpt-6-sol,original,USB_Male,USB connector + cable,Gear_Small,False,False,False,input_crops/original/Gear_Small.png,12582ccd34fdba48126c0e1e0d71701e3ab31413538cfcbedfd42b8adf7e792c,raw/gpt6-sol/original/USB_Male/Gear_Small.json,1.2765249000512995,C,,,0.0,0.0001,-3.253662,0.03863247635137055,0.03863247635137055,0.03863247635137055,-0.039391,0.9613747381262149,0.9613747381262149,0.9613747381262149
gpt-6-sol,original,DSUB_Male,DSUB connector,Gear_Small,False,False,False,input_crops/original/Gear_Small.png,12582ccd34fdba48126c0e1e0d71701e3ab31413538cfcbedfd42b8adf7e792c,raw/gpt6-sol/original/DSUB_Male/Gear_Small.json,1.1609322999720462,B,,,0.0,0.019958176567634222,-0.020058,0.9801418234323658,0.9801418234323658,0.9801418234323658,,,0.0,0.019958176567634222
gpt-6-sol,original,Gear_Large,Large gear,Waterproof_Male,False,False,False,input_crops/original/Waterproof_Male.png,41b585482c19ce36d3222b4ce188fedb570a2c64e3d131c84b65485afb23e2f0,raw/gpt6-sol/original/Gear_Large/Waterproof_Male.json,1.3610597000224516,A,-0.424179,0.6543067505175691,0.6543067505175691,0.6543067505175691,-1.234447,0.2909956384695833,0.2909956384695833,0.2909956384695833,-2.906021,0.05469292061276883,0.05469292061276883,0.05469292061276883
gpt-6-sol,original,Gear_Medium,Medium gear,Waterproof_Male,False,False,False,input_crops/original/Waterproof_Male.png,41b585482c19ce36d3222b4ce188fedb570a2c64e3d131c84b65485afb23e2f0,raw/gpt6-sol/original/Gear_Medium/Waterproof_Male.json,1.2266110999626108,B,-2.035282,0.13064363580358787,0.13064363580358787,0.13064363580358787,-0.158875,0.8531029901783144,0.8531029901783144,0.8531029901783144,,,0.0,0.016353374018097788
gpt-6-sol,original,Gear_Small,Small gear,Waterproof_Male,False,False,False,input_crops/original/Waterproof_Male.png,41b585482c19ce36d3222b4ce188fedb570a2c64e3d131c84b65485afb23e2f0,raw/gpt6-sol/original/Gear_Small/Waterproof_Male.json,1.9061061999527737,A,-0.335423,0.7150355623303744,0.7150355623303744,0.7150355623303744,-1.715225,0.17992323343094177,0.17992323343094177,0.17992323343094177,-2.253437,0.10503758925332177,0.10503758925332177,0.10503758925332177
gpt-6-sol,original,Waterproof_Male,Waterproof connector,Waterproof_Male,True,True,False,input_crops/original/Waterproof_Male.png,41b585482c19ce36d3222b4ce188fedb570a2c64e3d131c84b65485afb23e2f0,raw/gpt6-sol/original/Waterproof_Male/Waterproof_Male.json,1.2816694999928586,C,-1.708122,0.1812057777217463,0.1812057777217463,0.1812057777217463,,,0.0,0.004882083022345951,-0.20578,0.8140121392559078,0.8140121392559078,0.8140121392559078
gpt-6-sol,original,M12_Hex_Nut,M12 hex nut,Waterproof_Male,False,False,False,input_crops/original/Waterproof_Male.png,41b585482c19ce36d3222b4ce188fedb570a2c64e3d131c84b65485afb23e2f0,raw/gpt6-sol/original/M12_Hex_Nut/Waterproof_Male.json,1.2879801000235602,B,,,0.0,0.007158967616679124,-0.007084,0.9929410323833209,0.9929410323833209,0.9929410323833209,,,0.0,0.007158967616679124
gpt-6-sol,original,M16_Hex_Nut,M16 hex nut,Waterproof_Male,False,False,False,input_crops/original/Waterproof_Male.png,41b585482c19ce36d3222b4ce188fedb570a2c64e3d131c84b65485afb23e2f0,raw/gpt6-sol/original/M16_Hex_Nut/Waterproof_Male.json,1.6356681999750435,B,-4.107277,0.016452513781179158,0.016452513781179158,0.016452513781179158,-0.028507,0.971895490853889,0.971895490853889,0.971895490853889,,,0.0,0.011751995364931777
gpt-6-sol,original,RGOCG16-50_16mm,16 mm round pin,Waterproof_Male,False,False,False,input_crops/original/Waterproof_Male.png,41b585482c19ce36d3222b4ce188fedb570a2c64e3d131c84b65485afb23e2f0,raw/gpt6-sol/original/RGOCG16-50_16mm/Waterproof_Male.json,1.162443000008352,B,,,0.0,0.002941953981233325,-0.002846,0.9971580460187667,0.9971580460187667,0.9971580460187667,,,0.0,0.002941953981233325
gpt-6-sol,original,RGOCG12-50_12mm,12 mm round pin,Waterproof_Male,False,False,False,input_crops/original/Waterproof_Male.png,41b585482c19ce36d3222b4ce188fedb570a2c64e3d131c84b65485afb23e2f0,raw/gpt6-sol/original/RGOCG12-50_12mm/Waterproof_Male.json,1.3046252999920398,B,,,0.0,0.00528252414228837,-0.005196,0.9948174758577116,0.9948174758577116,0.9948174758577116,,,0.0,0.00528252414228837
gpt-6-sol,original,RGOCG8-50_8mm,8 mm round pin,Waterproof_Male,False,False,False,input_crops/original/Waterproof_Male.png,41b585482c19ce36d3222b4ce188fedb570a2c64e3d131c84b65485afb23e2f0,raw/gpt6-sol/original/RGOCG8-50_8mm/Waterproof_Male.json,1.2619051999645308,B,,,0.0,0.013158981803069857,-0.013145,0.9869410181969301,0.9869410181969301,0.9869410181969301,,,0.0,0.013158981803069857
gpt-6-sol,original,USB_Male,USB connector + cable,Waterproof_Male,False,False,False,input_crops/original/Waterproof_Male.png,41b585482c19ce36d3222b4ce188fedb570a2c64e3d131c84b65485afb23e2f0,raw/gpt6-sol/original/USB_Male/Waterproof_Male.json,1.3169753000256605,B,,,0.0,0.004346320027327833,-0.065598,0.9365072645504471,0.9365072645504471,0.9365072645504471,-2.82605,0.05924641542222504,0.05924641542222504,0.05924641542222504
gpt-6-sol,original,DSUB_Male,DSUB connector,Waterproof_Male,False,False,False,input_crops/original/Waterproof_Male.png,41b585482c19ce36d3222b4ce188fedb570a2c64e3d131c84b65485afb23e2f0,raw/gpt6-sol/original/DSUB_Male/Waterproof_Male.json,1.1598392999731004,B,,,0.0,0.00036236213681962716,-0.028118,0.9722736317434659,0.9722736317434659,0.9722736317434659,-3.594879,0.027464006119714432,0.027464006119714432,0.027464006119714432
gpt-6-sol,original,Gear_Large,Large gear,M12_Hex_Nut,False,False,False,input_crops/original/M12_Hex_Nut.png,38c0f98390b534a6792efcbe2e21a4c07ceeeea957ea1c15c814989186114245,raw/gpt6-sol/original/Gear_Large/M12_Hex_Nut.json,1.1858487000572495,C,,,0.0,0.011048622727083412,,,0.0,0.011048622727083412,-0.011009,0.9890513772729166,0.9890513772729166,0.9890513772729166
gpt-6-sol,original,Gear_Medium,Medium gear,M12_Hex_Nut,False,False,False,input_crops/original/M12_Hex_Nut.png,38c0f98390b534a6792efcbe2e21a4c07ceeeea957ea1c15c814989186114245,raw/gpt6-sol/original/Gear_Medium/M12_Hex_Nut.json,1.4847737000091001,C,,,0.0,0.010588606891258633,,,0.0,0.010588606891258633,-0.010544,0.9895113931087414,0.9895113931087414,0.9895113931087414
gpt-6-sol,original,Gear_Small,Small gear,M12_Hex_Nut,False,False,False,input_crops/original/M12_Hex_Nut.png,38c0f98390b534a6792efcbe2e21a4c07ceeeea957ea1c15c814989186114245,raw/gpt6-sol/original/Gear_Small/M12_Hex_Nut.json,1.254572499950882,C,,,0.0,0.009375712688676329,,,0.0,0.009375712688676329,-0.009319,0.9907242873113237,0.9907242873113237,0.9907242873113237
gpt-6-sol,original,Waterproof_Male,Waterproof connector,M12_Hex_Nut,False,False,False,input_crops/original/M12_Hex_Nut.png,38c0f98390b534a6792efcbe2e21a4c07ceeeea957ea1c15c814989186114245,raw/gpt6-sol/original/Waterproof_Male/M12_Hex_Nut.json,1.1651912000379525,C,,,0.0,0.0019672545071114486,,,0.0,0.0019672545071114486,-0.001869,0.9981327454928886,0.9981327454928886,0.9981327454928886
gpt-6-sol,original,M12_Hex_Nut,M12 hex nut,M12_Hex_Nut,True,True,False,input_crops/original/M12_Hex_Nut.png,38c0f98390b534a6792efcbe2e21a4c07ceeeea957ea1c15c814989186114245,raw/gpt6-sol/original/M12_Hex_Nut/M12_Hex_Nut.json,1.4178598999860696,C,-1.766338,0.17095789172936368,0.17095789172936368,0.17095789172936368,,,0.0,0.00364457187103685,-0.191769,0.8254975363995994,0.8254975363995994,0.8254975363995994
gpt-6-sol,original,M16_Hex_Nut,M16 hex nut,M12_Hex_Nut,False,True,False,input_crops/original/M12_Hex_Nut.png,38c0f98390b534a6792efcbe2e21a4c07ceeeea957ea1c15c814989186114245,raw/gpt6-sol/original/M16_Hex_Nut/M12_Hex_Nut.json,1.3472502999939024,C,-1.695591,0.183490753940908,0.183490753940908,0.183490753940908,,,0.0,0.010557227981318317,-0.215607,0.8060520180777737,0.8060520180777737,0.8060520180777737
gpt-6-sol,original,RGOCG16-50_16mm,16 mm round pin,M12_Hex_Nut,False,False,False,input_crops/original/M12_Hex_Nut.png,38c0f98390b534a6792efcbe2e21a4c07ceeeea957ea1c15c814989186114245,raw/gpt6-sol/original/RGOCG16-50_16mm/M12_Hex_Nut.json,1.369007800007239,C,,,0.0,0.0006779419448894707,-2.355576,0.0948388636135312,0.0948388636135312,0.0948388636135312,-0.100281,0.9045831944415793,0.9045831944415793,0.9045831944415793
gpt-6-sol,original,RGOCG12-50_12mm,12 mm round pin,M12_Hex_Nut,False,False,False,input_crops/original/M12_Hex_Nut.png,38c0f98390b534a6792efcbe2e21a4c07ceeeea957ea1c15c814989186114245,raw/gpt6-sol/original/RGOCG12-50_12mm/M12_Hex_Nut.json,1.4590693999780342,C,,,0.0,0.0010357506157285922,-1.451622,0.234190123483356,0.234190123483356,0.234190123483356,-0.268044,0.7648741259009154,0.7648741259009154,0.7648741259009154
gpt-6-sol,original,RGOCG8-50_8mm,8 mm round pin,M12_Hex_Nut,False,False,False,input_crops/original/M12_Hex_Nut.png,38c0f98390b534a6792efcbe2e21a4c07ceeeea957ea1c15c814989186114245,raw/gpt6-sol/original/RGOCG8-50_8mm/M12_Hex_Nut.json,1.406267200014554,C,,,0.0,0.0024597119748578475,-0.863213,0.42180464443899157,0.42180464443899157,0.42180464443899157,-0.551933,0.5758356435861506,0.5758356435861506,0.5758356435861506
gpt-6-sol,original,USB_Male,USB connector + cable,M12_Hex_Nut,False,False,False,input_crops/original/M12_Hex_Nut.png,38c0f98390b534a6792efcbe2e21a4c07ceeeea957ea1c15c814989186114245,raw/gpt6-sol/original/USB_Male/M12_Hex_Nut.json,1.3018157000187784,B,,,0.0,0.00010682343388058726,-0.466766,0.6270267975175954,0.6270267975175954,0.6270267975175954,-0.986267,0.3729663790485241,0.3729663790485241,0.3729663790485241
gpt-6-sol,original,DSUB_Male,DSUB connector,M12_Hex_Nut,False,False,False,input_crops/original/M12_Hex_Nut.png,38c0f98390b534a6792efcbe2e21a4c07ceeeea957ea1c15c814989186114245,raw/gpt6-sol/original/DSUB_Male/M12_Hex_Nut.json,2.104730599967297,C,,,0.0,0.0001,-3.37064,0.03436763501706836,0.03436763501706836,0.03436763501706836,-0.034966,0.9656382473998455,0.9656382473998455,0.9656382473998455
gpt-6-sol,original,Gear_Large,Large gear,M16_Hex_Nut,False,False,False,input_crops/original/M16_Hex_Nut.png,4ba340c5f9b0438cf39ee0b2a365c9fca0767eaad2c4a4642c4a0ade665bff5c,raw/gpt6-sol/original/Gear_Large/M16_Hex_Nut.json,1.334970100026112,C,,,0.0,0.008156414703210057,-3.524208,0.029475142440011936,0.029475142440011936,0.029475142440011936,-0.038254,0.962468442856778,0.962468442856778,0.962468442856778
gpt-6-sol,original,Gear_Medium,Medium gear,M16_Hex_Nut,False,False,False,input_crops/original/M16_Hex_Nut.png,4ba340c5f9b0438cf39ee0b2a365c9fca0767eaad2c4a4642c4a0ade665bff5c,raw/gpt6-sol/original/Gear_Medium/M16_Hex_Nut.json,1.7518168999813497,C,-3.938103,0.019485143024155598,0.019485143024155598,0.019485143024155598,,,0.0,0.01360442924722972,-0.033546,0.9670104277286147,0.9670104277286147,0.9670104277286147
gpt-6-sol,original,Gear_Small,Small gear,M16_Hex_Nut,False,False,False,input_crops/original/M16_Hex_Nut.png,4ba340c5f9b0438cf39ee0b2a365c9fca0767eaad2c4a4642c4a0ade665bff5c,raw/gpt6-sol/original/Gear_Small/M16_Hex_Nut.json,1.401816500001587,C,,,0.0,0.009583184497564467,-3.182125,0.04149737943018068,0.04149737943018068,0.04149737943018068,-0.052326,0.9490194360722548,0.9490194360722548,0.9490194360722548
gpt-6-sol,original,Waterproof_Male,Waterproof connector,M16_Hex_Nut,False,False,False,input_crops/original/M16_Hex_Nut.png,4ba340c5f9b0438cf39ee0b2a365c9fca0767eaad2c4a4642c4a0ade665bff5c,raw/gpt6-sol/original/Waterproof_Male/M16_Hex_Nut.json,2.11995260004187,C,,,0.0,0.009546102612140294,,,0.0,0.009546102612140294,-0.009491,0.9905538973878597,0.9905538973878597,0.9905538973878597
gpt-6-sol,original,M12_Hex_Nut,M12 hex nut,M16_Hex_Nut,False,True,False,input_crops/original/M16_Hex_Nut.png,4ba340c5f9b0438cf39ee0b2a365c9fca0767eaad2c4a4642c4a0ade665bff5c,raw/gpt6-sol/original/M12_Hex_Nut/M16_Hex_Nut.json,1.3875283999950625,A,-0.608498,0.544167595287691,0.544167595287691,0.544167595287691,,,0.0,0.0012094790010398592,-0.788067,0.45472292571126915,0.45472292571126915,0.45472292571126915
gpt-6-sol,original,M16_Hex_Nut,M16 hex nut,M16_Hex_Nut,True,True,False,input_crops/original/M16_Hex_Nut.png,4ba340c5f9b0438cf39ee0b2a365c9fca0767eaad2c4a4642c4a0ade665bff5c,raw/gpt6-sol/original/M16_Hex_Nut/M16_Hex_Nut.json,1.4138350000139326,C,-1.618706,0.19815494575607023,0.19815494575607023,0.19815494575607023,-3.8699,0.020860455366452566,0.020860455366452566,0.020860455366452566,-0.247204,0.7809813570827664,0.7809813570827664,0.7809813570827664
gpt-6-sol,original,RGOCG16-50_16mm,16 mm round pin,M16_Hex_Nut,False,False,False,input_crops/original/M16_Hex_Nut.png,4ba340c5f9b0438cf39ee0b2a365c9fca0767eaad2c4a4642c4a0ade665bff5c,raw/gpt6-sol/original/RGOCG16-50_16mm/M16_Hex_Nut.json,1.6064814999699593,C,-3.89962,0.020249604833804936,0.020249604833804936,0.020249604833804936,,,0.0,0.005876716829754225,-0.026371,0.9739736783364409,0.9739736783364409,0.9739736783364409
gpt-6-sol,original,RGOCG12-50_12mm,12 mm round pin,M16_Hex_Nut,False,False,False,input_crops/original/M16_Hex_Nut.png,4ba340c5f9b0438cf39ee0b2a365c9fca0767eaad2c4a4642c4a0ade665bff5c,raw/gpt6-sol/original/RGOCG12-50_12mm/M16_Hex_Nut.json,1.563300000037998,C,-3.802368,0.022317860540133058,0.022317860540133058,0.022317860540133058,,,0.0,0.011631001990389921,-0.034435,0.966151137469477,0.966151137469477,0.966151137469477
gpt-6-sol,original,RGOCG8-50_8mm,8 mm round pin,M16_Hex_Nut,False,False,False,input_crops/original/M16_Hex_Nut.png,4ba340c5f9b0438cf39ee0b2a365c9fca0767eaad2c4a4642c4a0ade665bff5c,raw/gpt6-sol/original/RGOCG8-50_8mm/M16_Hex_Nut.json,1.6690857000066899,C,-3.710831,0.024457190899084786,0.024457190899084786,0.024457190899084786,-3.545147,0.028864379134071905,0.028864379134071905,0.028864379134071905,-0.05481,0.946664997216734,0.946664997216734,0.946664997216734
gpt-6-sol,original,USB_Male,USB connector + cable,M16_Hex_Nut,False,False,False,input_crops/original/M16_Hex_Nut.png,4ba340c5f9b0438cf39ee0b2a365c9fca0767eaad2c4a4642c4a0ade665bff5c,raw/gpt6-sol/original/USB_Male/M16_Hex_Nut.json,1.420799800020177,B,,,0.0,0.0016777540353789643,-0.001579,0.998422245964621,0.998422245964621,0.998422245964621,,,0.0,0.0016777540353789643
gpt-6-sol,original,DSUB_Male,DSUB connector,M16_Hex_Nut,False,False,False,input_crops/original/M16_Hex_Nut.png,4ba340c5f9b0438cf39ee0b2a365c9fca0767eaad2c4a4642c4a0ade665bff5c,raw/gpt6-sol/original/DSUB_Male/M16_Hex_Nut.json,2.4416170000331476,B,,,0.0,0.00010367427452174774,-0.629395,0.532914116537123,0.532914116537123,0.532914116537123,-0.76125,0.46708220918835536,0.46708220918835536,0.46708220918835536
gpt-6-sol,original,Gear_Large,Large gear,RGOCG16-50_16mm,False,False,False,input_crops/original/RGOCG16-50_16mm.png,2bfbdaf2da2c79be29d256e75f2c8aaa2cb945a635fb500fdd25fd9e5a47a015,raw/gpt6-sol/original/Gear_Large/RGOCG16-50_16mm.json,1.2489635999663733,B,,,0.0,0.0005808843380451622,-0.000481,0.9995191156619548,0.9995191156619548,0.9995191156619548,,,0.0,0.0005808843380451622
gpt-6-sol,original,Gear_Medium,Medium gear,RGOCG16-50_16mm,False,False,False,input_crops/original/RGOCG16-50_16mm.png,2bfbdaf2da2c79be29d256e75f2c8aaa2cb945a635fb500fdd25fd9e5a47a015,raw/gpt6-sol/original/Gear_Medium/RGOCG16-50_16mm.json,1.3666431999881752,B,,,0.0,0.00017199740806218546,-7.2e-05,0.9999280025919378,0.9999280025919378,0.9999280025919378,,,0.0,0.00017199740806218546
gpt-6-sol,original,Gear_Small,Small gear,RGOCG16-50_16mm,False,False,False,input_crops/original/RGOCG16-50_16mm.png,2bfbdaf2da2c79be29d256e75f2c8aaa2cb945a635fb500fdd25fd9e5a47a015,raw/gpt6-sol/original/Gear_Small/RGOCG16-50_16mm.json,1.4077643000055104,B,,,0.0,0.00010399999199995893,-4e-06,0.999996000008,0.999996000008,0.999996000008,,,0.0,0.00010399999199995893
gpt-6-sol,original,Waterproof_Male,Waterproof connector,RGOCG16-50_16mm,False,False,False,input_crops/original/RGOCG16-50_16mm.png,2bfbdaf2da2c79be29d256e75f2c8aaa2cb945a635fb500fdd25fd9e5a47a015,raw/gpt6-sol/original/Waterproof_Male/RGOCG16-50_16mm.json,1.6999644999741577,B,,,0.0,0.0009995951214726406,-0.0009,0.9991004048785274,0.9991004048785274,0.9991004048785274,,,0.0,0.0009995951214726406
gpt-6-sol,original,M12_Hex_Nut,M12 hex nut,RGOCG16-50_16mm,False,False,False,input_crops/original/RGOCG16-50_16mm.png,2bfbdaf2da2c79be29d256e75f2c8aaa2cb945a635fb500fdd25fd9e5a47a015,raw/gpt6-sol/original/M12_Hex_Nut/RGOCG16-50_16mm.json,1.3507770000142045,B,,,0.0,0.0005039184029888121,-0.000404,0.9995960815970112,0.9995960815970112,0.9995960815970112,,,0.0,0.0005039184029888121
gpt-6-sol,original,M16_Hex_Nut,M16 hex nut,RGOCG16-50_16mm,False,False,False,input_crops/original/RGOCG16-50_16mm.png,2bfbdaf2da2c79be29d256e75f2c8aaa2cb945a635fb500fdd25fd9e5a47a015,raw/gpt6-sol/original/M16_Hex_Nut/RGOCG16-50_16mm.json,3.2796357999905013,B,,,0.0,0.00010799996800004977,-8e-06,0.999992000032,0.999992000032,0.999992000032,,,0.0,0.00010799996800004977
gpt-6-sol,original,RGOCG16-50_16mm,16 mm round pin,RGOCG16-50_16mm,True,True,False,input_crops/original/RGOCG16-50_16mm.png,2bfbdaf2da2c79be29d256e75f2c8aaa2cb945a635fb500fdd25fd9e5a47a015,raw/gpt6-sol/original/RGOCG16-50_16mm/RGOCG16-50_16mm.json,1.4529815999558195,A,-0.000107,0.9998930057242958,0.9998930057242958,0.9998930057242958,,,0.0,0.0002069942757041531,,,0.0,0.0002069942757041531
gpt-6-sol,original,RGOCG12-50_12mm,12 mm round pin,RGOCG16-50_16mm,False,True,False,input_crops/original/RGOCG16-50_16mm.png,2bfbdaf2da2c79be29d256e75f2c8aaa2cb945a635fb500fdd25fd9e5a47a015,raw/gpt6-sol/original/RGOCG12-50_12mm/RGOCG16-50_16mm.json,1.5816150999744423,A,-0.000713,0.9992872541240996,0.9992872541240996,0.9992872541240996,,,0.0,0.0008127458759004224,,,0.0,0.0008127458759004224
gpt-6-sol,original,RGOCG8-50_8mm,8 mm round pin,RGOCG16-50_16mm,False,True,False,input_crops/original/RGOCG16-50_16mm.png,2bfbdaf2da2c79be29d256e75f2c8aaa2cb945a635fb500fdd25fd9e5a47a015,raw/gpt6-sol/original/RGOCG8-50_8mm/RGOCG16-50_16mm.json,2.219316400005482,A,-0.00016,0.9998400127993173,0.9998400127993173,0.9998400127993173,,,0.0,0.00025998720068266524,,,0.0,0.00025998720068266524
gpt-6-sol,original,USB_Male,USB connector + cable,RGOCG16-50_16mm,False,False,False,input_crops/original/RGOCG16-50_16mm.png,2bfbdaf2da2c79be29d256e75f2c8aaa2cb945a635fb500fdd25fd9e5a47a015,raw/gpt6-sol/original/USB_Male/RGOCG16-50_16mm.json,1.529783799953293,B,,,0.0,0.014025135719835335,-0.014023,0.9860748642801647,0.9860748642801647,0.9860748642801647,,,0.0,0.014025135719835335
gpt-6-sol,original,DSUB_Male,DSUB connector,RGOCG16-50_16mm,False,False,False,input_crops/original/RGOCG16-50_16mm.png,2bfbdaf2da2c79be29d256e75f2c8aaa2cb945a635fb500fdd25fd9e5a47a015,raw/gpt6-sol/original/DSUB_Male/RGOCG16-50_16mm.json,1.156778900010977,B,,,0.0,0.00014599894201617881,-4.6e-05,0.9999540010579838,0.9999540010579838,0.9999540010579838,,,0.0,0.00014599894201617881
gpt-6-sol,original,Gear_Large,Large gear,RGOCG12-50_12mm,False,False,False,input_crops/original/RGOCG12-50_12mm.png,f7fe97d1f7e7adc98d48fb17d117f16f849894e3866bcd7707469350125ff6d1,raw/gpt6-sol/original/Gear_Large/RGOCG12-50_12mm.json,5.3015843000030145,B,,,0.0,0.00011663578470079142,-0.084034,0.9193999959638427,0.9193999959638427,0.9193999959638427,-2.518463,0.0805833682514565,0.0805833682514565,0.0805833682514565
gpt-6-sol,original,Gear_Medium,Medium gear,RGOCG12-50_12mm,False,False,False,input_crops/original/RGOCG12-50_12mm.png,f7fe97d1f7e7adc98d48fb17d117f16f849894e3866bcd7707469350125ff6d1,raw/gpt6-sol/original/Gear_Medium/RGOCG12-50_12mm.json,1.8280680000316352,B,,,0.0,0.006405039293495241,-0.006325,0.9936949607065048,0.9936949607065048,0.9936949607065048,,,0.0,0.006405039293495241
gpt-6-sol,original,Gear_Small,Small gear,RGOCG12-50_12mm,False,False,False,input_crops/original/RGOCG12-50_12mm.png,f7fe97d1f7e7adc98d48fb17d117f16f849894e3866bcd7707469350125ff6d1,raw/gpt6-sol/original/Gear_Small/RGOCG12-50_12mm.json,1.1712149999802932,B,,,0.0,0.00010801397079253086,-0.150551,0.860233856961955,0.860233856961955,0.860233856961955,-1.967842,0.13975812906725246,0.13975812906725246,0.13975812906725246
gpt-6-sol,original,Waterproof_Male,Waterproof connector,RGOCG12-50_12mm,False,False,False,input_crops/original/RGOCG12-50_12mm.png,f7fe97d1f7e7adc98d48fb17d117f16f849894e3866bcd7707469350125ff6d1,raw/gpt6-sol/original/Waterproof_Male/RGOCG12-50_12mm.json,1.8696832000277936,C,,,0.0,0.00010151906765410992,-0.781944,0.45751573564755815,0.45751573564755815,0.45751573564755815,-0.611599,0.5424827452847878,0.5424827452847878,0.5424827452847878
gpt-6-sol,original,M12_Hex_Nut,M12 hex nut,RGOCG12-50_12mm,False,False,False,input_crops/original/RGOCG12-50_12mm.png,f7fe97d1f7e7adc98d48fb17d117f16f849894e3866bcd7707469350125ff6d1,raw/gpt6-sol/original/M12_Hex_Nut/RGOCG12-50_12mm.json,1.2774527000146918,B,,,0.0,0.0001,-0.120792,0.8862182738244865,0.8862182738244865,0.8862182738244865,-2.173431,0.11378654477509818,0.11378654477509818,0.11378654477509818
gpt-6-sol,original,M16_Hex_Nut,M16 hex nut,RGOCG12-50_12mm,False,False,False,input_crops/original/RGOCG12-50_12mm.png,f7fe97d1f7e7adc98d48fb17d117f16f849894e3866bcd7707469350125ff6d1,raw/gpt6-sol/original/M16_Hex_Nut/RGOCG12-50_12mm.json,1.233178200025577,B,,,0.0,0.00011744736617803611,-0.035164,0.965447069954052,0.965447069954052,0.965447069954052,-3.365768,0.034535482679769934,0.034535482679769934,0.034535482679769934
gpt-6-sol,original,RGOCG16-50_16mm,16 mm round pin,RGOCG12-50_12mm,False,True,False,input_crops/original/RGOCG12-50_12mm.png,f7fe97d1f7e7adc98d48fb17d117f16f849894e3866bcd7707469350125ff6d1,raw/gpt6-sol/original/RGOCG16-50_16mm/RGOCG12-50_12mm.json,1.464529599994421,A,-5.3e-05,0.9999470014044752,0.9999470014044752,0.9999470014044752,,,0.0,0.00015299859552476693,,,0.0,0.00015299859552476693
gpt-6-sol,original,RGOCG12-50_12mm,12 mm round pin,RGOCG12-50_12mm,True,True,False,input_crops/original/RGOCG12-50_12mm.png,f7fe97d1f7e7adc98d48fb17d117f16f849894e3866bcd7707469350125ff6d1,raw/gpt6-sol/original/RGOCG12-50_12mm/RGOCG12-50_12mm.json,1.2913413000060245,A,-3.4e-05,0.9999660005779935,0.9999660005779935,0.9999660005779935,,,0.0,0.0001339994220065476,,,0.0,0.0001339994220065476
gpt-6-sol,original,RGOCG8-50_8mm,8 mm round pin,RGOCG12-50_12mm,False,True,False,input_crops/original/RGOCG12-50_12mm.png,f7fe97d1f7e7adc98d48fb17d117f16f849894e3866bcd7707469350125ff6d1,raw/gpt6-sol/original/RGOCG8-50_8mm/RGOCG12-50_12mm.json,2.230329599988181,A,-3.8e-05,0.9999620007219908,0.9999620007219908,0.9999620007219908,,,0.0,0.000137999278009182,,,0.0,0.000137999278009182
gpt-6-sol,original,USB_Male,USB connector + cable,RGOCG12-50_12mm,False,False,False,input_crops/original/RGOCG12-50_12mm.png,f7fe97d1f7e7adc98d48fb17d117f16f849894e3866bcd7707469350125ff6d1,raw/gpt6-sol/original/USB_Male/RGOCG12-50_12mm.json,1.4641110000084154,B,,,0.0,0.0001033657731201009,-0.050747,0.9505191214518304,0.9505191214518304,0.9505191214518304,-3.006237,0.04947751277504952,0.04947751277504952,0.04947751277504952
gpt-6-sol,original,DSUB_Male,DSUB connector,RGOCG12-50_12mm,False,False,False,input_crops/original/RGOCG12-50_12mm.png,f7fe97d1f7e7adc98d48fb17d117f16f849894e3866bcd7707469350125ff6d1,raw/gpt6-sol/original/DSUB_Male/RGOCG12-50_12mm.json,1.5210238000145182,B,,,0.0,0.0025420134220568544,-0.002445,0.9975579865779431,0.9975579865779431,0.9975579865779431,,,0.0,0.0025420134220568544
gpt-6-sol,original,Gear_Large,Large gear,RGOCG8-50_8mm,False,False,False,input_crops/original/RGOCG8-50_8mm.png,7881f6ce4519d317e7889c544a7333e26886e42475e8b63c0556e60bc0ac04ae,raw/gpt6-sol/original/Gear_Large/RGOCG8-50_8mm.json,1.96292129997164,B,,,0.0,0.0003899579540645014,-0.00029,0.9997100420459355,0.9997100420459355,0.9997100420459355,,,0.0,0.0003899579540645014
gpt-6-sol,original,Gear_Medium,Medium gear,RGOCG8-50_8mm,False,False,False,input_crops/original/RGOCG8-50_8mm.png,7881f6ce4519d317e7889c544a7333e26886e42475e8b63c0556e60bc0ac04ae,raw/gpt6-sol/original/Gear_Medium/RGOCG8-50_8mm.json,1.2506194000015967,B,,,0.0,0.0001799968000853024,-8e-05,0.9999200031999147,0.9999200031999147,0.9999200031999147,,,0.0,0.0001799968000853024
gpt-6-sol,original,Gear_Small,Small gear,RGOCG8-50_8mm,False,False,False,input_crops/original/RGOCG8-50_8mm.png,7881f6ce4519d317e7889c544a7333e26886e42475e8b63c0556e60bc0ac04ae,raw/gpt6-sol/original/Gear_Small/RGOCG8-50_8mm.json,1.8092085999669507,B,,,0.0,0.0015409608175603994,-0.001442,0.9985590391824396,0.9985590391824396,0.9985590391824396,,,0.0,0.0015409608175603994
gpt-6-sol,original,Waterproof_Male,Waterproof connector,RGOCG8-50_8mm,False,False,False,input_crops/original/RGOCG8-50_8mm.png,7881f6ce4519d317e7889c544a7333e26886e42475e8b63c0556e60bc0ac04ae,raw/gpt6-sol/original/Waterproof_Male/RGOCG8-50_8mm.json,1.974405899993144,B,,,0.0,0.00014599894201617881,-4.6e-05,0.9999540010579838,0.9999540010579838,0.9999540010579838,,,0.0,0.00014599894201617881
gpt-6-sol,original,M12_Hex_Nut,M12 hex nut,RGOCG8-50_8mm,False,False,False,input_crops/original/RGOCG8-50_8mm.png,7881f6ce4519d317e7889c544a7333e26886e42475e8b63c0556e60bc0ac04ae,raw/gpt6-sol/original/M12_Hex_Nut/RGOCG8-50_8mm.json,1.1074382000369951,B,,,0.0,0.00010799996800004977,-8e-06,0.999992000032,0.999992000032,0.999992000032,,,0.0,0.00010799996800004977
gpt-6-sol,original,M16_Hex_Nut,M16 hex nut,RGOCG8-50_8mm,False,False,False,input_crops/original/RGOCG8-50_8mm.png,7881f6ce4519d317e7889c544a7333e26886e42475e8b63c0556e60bc0ac04ae,raw/gpt6-sol/original/M16_Hex_Nut/RGOCG8-50_8mm.json,1.4580763999838382,B,,,0.0,0.00013099951950491508,-3.1e-05,0.9999690004804951,0.9999690004804951,0.9999690004804951,,,0.0,0.00013099951950491508
gpt-6-sol,original,RGOCG16-50_16mm,16 mm round pin,RGOCG8-50_8mm,False,True,False,input_crops/original/RGOCG8-50_8mm.png,7881f6ce4519d317e7889c544a7333e26886e42475e8b63c0556e60bc0ac04ae,raw/gpt6-sol/original/RGOCG16-50_16mm/RGOCG8-50_8mm.json,1.254666599968914,A,8e-06,1.0,1.0,1.0,,,0.0,0.0001,,,0.0,0.0001
gpt-6-sol,original,RGOCG12-50_12mm,12 mm round pin,RGOCG8-50_8mm,False,True,False,input_crops/original/RGOCG8-50_8mm.png,7881f6ce4519d317e7889c544a7333e26886e42475e8b63c0556e60bc0ac04ae,raw/gpt6-sol/original/RGOCG12-50_12mm/RGOCG8-50_8mm.json,1.5049225999973714,A,-9.9e-05,0.9999010049003383,0.9999010049003383,0.9999010049003383,,,0.0,0.00019899509966171393,,,0.0,0.00019899509966171393
gpt-6-sol,original,RGOCG8-50_8mm,8 mm round pin,RGOCG8-50_8mm,True,True,False,input_crops/original/RGOCG8-50_8mm.png,7881f6ce4519d317e7889c544a7333e26886e42475e8b63c0556e60bc0ac04ae,raw/gpt6-sol/original/RGOCG8-50_8mm/RGOCG8-50_8mm.json,1.5644804000039585,A,-0.00042,0.9995800881876533,0.9995800881876533,0.9995800881876533,,,0.0,0.000519911812346685,,,0.0,0.000519911812346685
gpt-6-sol,original,USB_Male,USB connector + cable,RGOCG8-50_8mm,False,False,False,input_crops/original/RGOCG8-50_8mm.png,7881f6ce4519d317e7889c544a7333e26886e42475e8b63c0556e60bc0ac04ae,raw/gpt6-sol/original/USB_Male/RGOCG8-50_8mm.json,1.920299999997951,B,,,0.0,0.0032271004045124727,-0.003132,0.9968728995954875,0.9968728995954875,0.9968728995954875,,,0.0,0.0032271004045124727
gpt-6-sol,original,DSUB_Male,DSUB connector,RGOCG8-50_8mm,False,False,False,input_crops/original/RGOCG8-50_8mm.png,7881f6ce4519d317e7889c544a7333e26886e42475e8b63c0556e60bc0ac04ae,raw/gpt6-sol/original/DSUB_Male/RGOCG8-50_8mm.json,1.406203499995172,B,,,0.0,0.00011499988750053305,-1.5e-05,0.9999850001124995,0.9999850001124995,0.9999850001124995,,,0.0,0.00011499988750053305
gpt-6-sol,original,Gear_Large,Large gear,USB_Male,False,False,False,input_crops/original/USB_Male.png,9655c4c73f92054fa731c1091211eb73e90cf928b613414b530d06f1a9f4647c,raw/gpt6-sol/original/Gear_Large/USB_Male.json,1.3458943999721669,B,,,0.0,0.0001,8e-06,1.0,1.0,1.0,,,0.0,0.0001
gpt-6-sol,original,Gear_Medium,Medium gear,USB_Male,False,False,False,input_crops/original/USB_Male.png,9655c4c73f92054fa731c1091211eb73e90cf928b613414b530d06f1a9f4647c,raw/gpt6-sol/original/Gear_Medium/USB_Male.json,1.3308614999987185,B,,,0.0,0.0001,4e-06,1.0,1.0,1.0,,,0.0,0.0001
gpt-6-sol,original,Gear_Small,Small gear,USB_Male,False,False,False,input_crops/original/USB_Male.png,9655c4c73f92054fa731c1091211eb73e90cf928b613414b530d06f1a9f4647c,raw/gpt6-sol/original/Gear_Small/USB_Male.json,1.4796181000419892,B,,,0.0,0.0001,8e-06,1.0,1.0,1.0,,,0.0,0.0001
gpt-6-sol,original,Waterproof_Male,Waterproof connector,USB_Male,False,False,False,input_crops/original/USB_Male.png,9655c4c73f92054fa731c1091211eb73e90cf928b613414b530d06f1a9f4647c,raw/gpt6-sol/original/Waterproof_Male/USB_Male.json,1.5040731999906711,B,,,0.0,0.00012699963550323313,-2.7e-05,0.9999730003644968,0.9999730003644968,0.9999730003644968,,,0.0,0.00012699963550323313
gpt-6-sol,original,M12_Hex_Nut,M12 hex nut,USB_Male,False,False,False,input_crops/original/USB_Male.png,9655c4c73f92054fa731c1091211eb73e90cf928b613414b530d06f1a9f4647c,raw/gpt6-sol/original/M12_Hex_Nut/USB_Male.json,1.1473312000161968,B,,,0.0,0.0001,8e-06,1.0,1.0,1.0,,,0.0,0.0001
gpt-6-sol,original,M16_Hex_Nut,M16 hex nut,USB_Male,False,False,False,input_crops/original/USB_Male.png,9655c4c73f92054fa731c1091211eb73e90cf928b613414b530d06f1a9f4647c,raw/gpt6-sol/original/M16_Hex_Nut/USB_Male.json,1.3951296999584883,B,,,0.0,0.0001,0.0,1.0,1.0,1.0,,,0.0,0.0001
gpt-6-sol,original,RGOCG16-50_16mm,16 mm round pin,USB_Male,False,False,False,input_crops/original/USB_Male.png,9655c4c73f92054fa731c1091211eb73e90cf928b613414b530d06f1a9f4647c,raw/gpt6-sol/original/RGOCG16-50_16mm/USB_Male.json,1.3318755000364035,B,,,0.0,0.00010799996800004977,-8e-06,0.999992000032,0.999992000032,0.999992000032,,,0.0,0.00010799996800004977
gpt-6-sol,original,RGOCG12-50_12mm,12 mm round pin,USB_Male,False,False,False,input_crops/original/USB_Male.png,9655c4c73f92054fa731c1091211eb73e90cf928b613414b530d06f1a9f4647c,raw/gpt6-sol/original/RGOCG12-50_12mm/USB_Male.json,1.3460689999628812,B,,,0.0,0.0001,1.5e-05,1.0,1.0,1.0,,,0.0,0.0001
gpt-6-sol,original,RGOCG8-50_8mm,8 mm round pin,USB_Male,False,False,False,input_crops/original/USB_Male.png,9655c4c73f92054fa731c1091211eb73e90cf928b613414b530d06f1a9f4647c,raw/gpt6-sol/original/RGOCG8-50_8mm/USB_Male.json,1.3818047999520786,B,,,0.0,0.0001,8e-06,1.0,1.0,1.0,,,0.0,0.0001
gpt-6-sol,original,USB_Male,USB connector + cable,USB_Male,True,True,False,input_crops/original/USB_Male.png,9655c4c73f92054fa731c1091211eb73e90cf928b613414b530d06f1a9f4647c,raw/gpt6-sol/original/USB_Male/USB_Male.json,1.1617681999923661,A,-0.000183,0.9998170167434787,0.9998170167434787,0.9998170167434787,,,0.0,0.0002829832565213296,,,0.0,0.0002829832565213296
gpt-6-sol,original,DSUB_Male,DSUB connector,USB_Male,False,False,False,input_crops/original/USB_Male.png,9655c4c73f92054fa731c1091211eb73e90cf928b613414b530d06f1a9f4647c,raw/gpt6-sol/original/DSUB_Male/USB_Male.json,1.0641930000274442,B,,,0.0,0.0001,0.0,1.0,1.0,1.0,,,0.0,0.0001
gpt-6-sol,original,Gear_Large,Large gear,DSUB_Male,False,False,False,input_crops/original/DSUB_Male.png,c494876a69ee4e893be510f226d6b6c3e9653d4b052ec114fbb8385c85d6a131,raw/gpt6-sol/original/Gear_Large/DSUB_Male.json,1.505180299980566,B,,,0.0,0.000458935567210672,-0.000359,0.9996410644327893,0.9996410644327893,0.9996410644327893,,,0.0,0.000458935567210672
gpt-6-sol,original,Gear_Medium,Medium gear,DSUB_Male,False,False,False,input_crops/original/DSUB_Male.png,c494876a69ee4e893be510f226d6b6c3e9653d4b052ec114fbb8385c85d6a131,raw/gpt6-sol/original/Gear_Medium/DSUB_Male.json,1.828690700000152,B,,,0.0,0.00011499988750053305,-1.5e-05,0.9999850001124995,0.9999850001124995,0.9999850001124995,,,0.0,0.00011499988750053305
gpt-6-sol,original,Gear_Small,Small gear,DSUB_Male,False,False,False,input_crops/original/DSUB_Male.png,c494876a69ee4e893be510f226d6b6c3e9653d4b052ec114fbb8385c85d6a131,raw/gpt6-sol/original/Gear_Small/DSUB_Male.json,1.329301799996756,B,,,0.0,0.0001,8e-06,1.0,1.0,1.0,,,0.0,0.0001
gpt-6-sol,original,Waterproof_Male,Waterproof connector,DSUB_Male,False,False,False,input_crops/original/DSUB_Male.png,c494876a69ee4e893be510f226d6b6c3e9653d4b052ec114fbb8385c85d6a131,raw/gpt6-sol/original/Waterproof_Male/DSUB_Male.json,1.4691887999651954,A,-0.616554,0.5398013918211604,0.5398013918211604,0.5398013918211604,-1.513824,0.22006683132746424,0.22006683132746424,0.22006683132746424,-1.426575,0.24012996052789345,0.24012996052789345,0.24012996052789345
gpt-6-sol,original,M12_Hex_Nut,M12 hex nut,DSUB_Male,False,False,False,input_crops/original/DSUB_Male.png,c494876a69ee4e893be510f226d6b6c3e9653d4b052ec114fbb8385c85d6a131,raw/gpt6-sol/original/M12_Hex_Nut/DSUB_Male.json,1.1215975999948569,B,,,0.0,0.00013099951950491508,-3.1e-05,0.9999690004804951,0.9999690004804951,0.9999690004804951,,,0.0,0.00013099951950491508
gpt-6-sol,original,M16_Hex_Nut,M16 hex nut,DSUB_Male,False,False,False,input_crops/original/DSUB_Male.png,c494876a69ee4e893be510f226d6b6c3e9653d4b052ec114fbb8385c85d6a131,raw/gpt6-sol/original/M16_Hex_Nut/DSUB_Male.json,2.2096646000281908,B,,,0.0,0.00015299859552476693,-5.3e-05,0.9999470014044752,0.9999470014044752,0.9999470014044752,,,0.0,0.00015299859552476693
gpt-6-sol,original,RGOCG16-50_16mm,16 mm round pin,DSUB_Male,False,False,False,input_crops/original/DSUB_Male.png,c494876a69ee4e893be510f226d6b6c3e9653d4b052ec114fbb8385c85d6a131,raw/gpt6-sol/original/RGOCG16-50_16mm/DSUB_Male.json,0.9871692999731749,B,,,0.0,0.00016099813953786003,-6.1e-05,0.9999390018604621,0.9999390018604621,0.9999390018604621,,,0.0,0.00016099813953786003
gpt-6-sol,original,RGOCG12-50_12mm,12 mm round pin,DSUB_Male,False,False,False,input_crops/original/DSUB_Male.png,c494876a69ee4e893be510f226d6b6c3e9653d4b052ec114fbb8385c85d6a131,raw/gpt6-sol/original/RGOCG12-50_12mm/DSUB_Male.json,2.2648838000022806,B,,,0.0,0.0001109999395002669,-1.1e-05,0.9999890000604997,0.9999890000604997,0.9999890000604997,,,0.0,0.0001109999395002669
gpt-6-sol,original,RGOCG8-50_8mm,8 mm round pin,DSUB_Male,False,False,False,input_crops/original/DSUB_Male.png,c494876a69ee4e893be510f226d6b6c3e9653d4b052ec114fbb8385c85d6a131,raw/gpt6-sol/original/RGOCG8-50_8mm/DSUB_Male.json,1.0781926999916323,B,,,0.0,0.00015699837553085895,-5.7e-05,0.9999430016244691,0.9999430016244691,0.9999430016244691,,,0.0,0.00015699837553085895
gpt-6-sol,original,USB_Male,USB connector + cable,DSUB_Male,False,False,False,input_crops/original/DSUB_Male.png,c494876a69ee4e893be510f226d6b6c3e9653d4b052ec114fbb8385c85d6a131,raw/gpt6-sol/original/USB_Male/DSUB_Male.json,1.2453397000208497,B,,,0.0,0.0006948230226022755,-0.000595,0.9994051769773977,0.9994051769773977,0.9994051769773977,,,0.0,0.0006948230226022755
gpt-6-sol,original,DSUB_Male,DSUB connector,DSUB_Male,True,True,False,input_crops/original/DSUB_Male.png,c494876a69ee4e893be510f226d6b6c3e9653d4b052ec114fbb8385c85d6a131,raw/gpt6-sol/original/DSUB_Male/DSUB_Male.json,1.4546138000441715,C,-1.886662,0.15157692911099063,0.15157692911099063,0.15157692911099063,,,0.0,0.013278752452947861,-0.180031,0.8352443184360615,0.8352443184360615,0.8352443184360615
gpt-6-sol,state_101,Gear_Large,Large gear,Gear_Large,True,True,False,input_crops/state_101/Gear_Large.png,051e75a5b0096989b516c484271d98c52e09d06625bc3ea201ac2f884e2c93a0,raw/gpt6-sol/state_101/Gear_Large/Gear_Large.json,1.3926866999827325,A,-0.000916,0.9990844193999334,0.9990844193999334,0.9990844193999334,,,0.0,0.001015580600066579,,,0.0,0.001015580600066579
gpt-6-sol,state_101,Gear_Medium,Medium gear,Gear_Large,False,True,False,input_crops/state_101/Gear_Large.png,051e75a5b0096989b516c484271d98c52e09d06625bc3ea201ac2f884e2c93a0,raw/gpt6-sol/state_101/Gear_Medium/Gear_Large.json,1.2308322999742813,A,-0.001282,0.9987188214109463,0.9987188214109463,0.9987188214109463,,,0.0,0.0013811785890537442,,,0.0,0.0013811785890537442
gpt-6-sol,state_101,Gear_Small,Small gear,Gear_Large,False,True,False,input_crops/state_101/Gear_Large.png,051e75a5b0096989b516c484271d98c52e09d06625bc3ea201ac2f884e2c93a0,raw/gpt6-sol/state_101/Gear_Small/Gear_Large.json,1.1605340000241995,A,-0.021702,0.9785317940813931,0.9785317940813931,0.9785317940813931,,,0.0,0.0005746762551772755,-3.863541,0.020993529663429582,0.020993529663429582,0.020993529663429582
gpt-6-sol,state_101,Waterproof_Male,Waterproof connector,Gear_Large,False,False,False,input_crops/state_101/Gear_Large.png,051e75a5b0096989b516c484271d98c52e09d06625bc3ea201ac2f884e2c93a0,raw/gpt6-sol/state_101/Waterproof_Male/Gear_Large.json,1.5573763999855146,B,,,0.0,0.006900769383943695,-0.006824,0.9931992306160563,0.9931992306160563,0.9931992306160563,,,0.0,0.006900769383943695
gpt-6-sol,state_101,M12_Hex_Nut,M12 hex nut,Gear_Large,False,False,False,input_crops/state_101/Gear_Large.png,051e75a5b0096989b516c484271d98c52e09d06625bc3ea201ac2f884e2c93a0,raw/gpt6-sol/state_101/M12_Hex_Nut/Gear_Large.json,1.9669983999920078,B,,,0.0,0.0018185216477101362,-0.00172,0.9982814783522899,0.9982814783522899,0.9982814783522899,,,0.0,0.0018185216477101362
gpt-6-sol,state_101,M16_Hex_Nut,M16 hex nut,Gear_Large,False,False,False,input_crops/state_101/Gear_Large.png,051e75a5b0096989b516c484271d98c52e09d06625bc3ea201ac2f884e2c93a0,raw/gpt6-sol/state_101/M16_Hex_Nut/Gear_Large.json,1.3922484999638982,B,,,0.0,0.00017599711207317838,-7.6e-05,0.9999240028879268,0.9999240028879268,0.9999240028879268,,,0.0,0.00017599711207317838
gpt-6-sol,state_101,RGOCG16-50_16mm,16 mm round pin,Gear_Large,False,False,False,input_crops/state_101/Gear_Large.png,051e75a5b0096989b516c484271d98c52e09d06625bc3ea201ac2f884e2c93a0,raw/gpt6-sol/state_101/RGOCG16-50_16mm/Gear_Large.json,1.1671936999773607,B,,,0.0,0.0002259920623334354,-0.000126,0.9998740079376666,0.9998740079376666,0.9998740079376666,,,0.0,0.0002259920623334354
gpt-6-sol,state_101,RGOCG12-50_12mm,12 mm round pin,Gear_Large,False,False,False,input_crops/state_101/Gear_Large.png,051e75a5b0096989b516c484271d98c52e09d06625bc3ea201ac2f884e2c93a0,raw/gpt6-sol/state_101/RGOCG12-50_12mm/Gear_Large.json,1.132245899992995,B,,,0.0,0.0003209755812988545,-0.000221,0.9997790244187011,0.9997790244187011,0.9997790244187011,,,0.0,0.0003209755812988545
gpt-6-sol,state_101,RGOCG8-50_8mm,8 mm round pin,Gear_Large,False,False,False,input_crops/state_101/Gear_Large.png,051e75a5b0096989b516c484271d98c52e09d06625bc3ea201ac2f884e2c93a0,raw/gpt6-sol/state_101/RGOCG8-50_8mm/Gear_Large.json,1.3078897999948822,B,,,0.0,0.0002679858887901897,-0.000168,0.9998320141112098,0.9998320141112098,0.9998320141112098,,,0.0,0.0002679858887901897
gpt-6-sol,state_101,USB_Male,USB connector + cable,Gear_Large,False,False,False,input_crops/state_101/Gear_Large.png,051e75a5b0096989b516c484271d98c52e09d06625bc3ea201ac2f884e2c93a0,raw/gpt6-sol/state_101/USB_Male/Gear_Large.json,1.27892090001842,B,,,0.0,0.00012699963550323313,-2.7e-05,0.9999730003644968,0.9999730003644968,0.9999730003644968,,,0.0,0.00012699963550323313
gpt-6-sol,state_101,DSUB_Male,DSUB connector,Gear_Large,False,False,False,input_crops/state_101/Gear_Large.png,051e75a5b0096989b516c484271d98c52e09d06625bc3ea201ac2f884e2c93a0,raw/gpt6-sol/state_101/DSUB_Male/Gear_Large.json,1.3847726000240073,B,,,0.0,0.0008856911829153824,-0.000786,0.9992143088170846,0.9992143088170846,0.9992143088170846,,,0.0,0.0008856911829153824
gpt-6-sol,state_101,Gear_Large,Large gear,Gear_Medium,False,True,False,input_crops/state_101/Gear_Medium.png,e7ecdd04abe922e5d362f2904407adcbef08b8607f7d1cce909e4ade3e9c65a5,raw/gpt6-sol/state_101/Gear_Large/Gear_Medium.json,1.8513958999537863,A,-0.016708,0.9834308045082845,0.9834308045082845,0.9834308045082845,,,0.0,0.016669195491715538,,,0.0,0.016669195491715538
gpt-6-sol,state_101,Gear_Medium,Medium gear,Gear_Medium,True,True,False,input_crops/state_101/Gear_Medium.png,e7ecdd04abe922e5d362f2904407adcbef08b8607f7d1cce909e4ade3e9c65a5,raw/gpt6-sol/state_101/Gear_Medium/Gear_Medium.json,1.7118563000112772,A,-0.04369,0.9572506591862527,0.9572506591862527,0.9572506591862527,-3.282673,0.037527810782649045,0.037527810782649045,0.037527810782649045,,,0.0,0.005321530031098265
gpt-6-sol,state_101,Gear_Small,Small gear,Gear_Medium,False,True,False,input_crops/state_101/Gear_Medium.png,e7ecdd04abe922e5d362f2904407adcbef08b8607f7d1cce909e4ade3e9c65a5,raw/gpt6-sol/state_101/Gear_Small/Gear_Medium.json,1.1790551000158302,A,-0.010216,0.9898360060792979,0.9898360060792979,0.9898360060792979,,,0.0,0.010263993920702107,,,0.0,0.010263993920702107
gpt-6-sol,state_101,Waterproof_Male,Waterproof connector,Gear_Medium,False,False,False,input_crops/state_101/Gear_Medium.png,e7ecdd04abe922e5d362f2904407adcbef08b8607f7d1cce909e4ade3e9c65a5,raw/gpt6-sol/state_101/Waterproof_Male/Gear_Medium.json,1.5391808999702334,B,,,0.0,0.0014840413301370314,-0.001385,0.998615958669863,0.998615958669863,0.998615958669863,,,0.0,0.0014840413301370314
gpt-6-sol,state_101,M12_Hex_Nut,M12 hex nut,Gear_Medium,False,False,False,input_crops/state_101/Gear_Medium.png,e7ecdd04abe922e5d362f2904407adcbef08b8607f7d1cce909e4ade3e9c65a5,raw/gpt6-sol/state_101/M12_Hex_Nut/Gear_Medium.json,2.1203664999920875,B,-3.84771,0.021328522873969726,0.021328522873969726,0.021328522873969726,-0.038017,0.9626965749103156,0.9626965749103156,0.9626965749103156,,,0.0,0.016074902215714736
gpt-6-sol,state_101,M16_Hex_Nut,M16 hex nut,Gear_Medium,False,False,False,input_crops/state_101/Gear_Medium.png,e7ecdd04abe922e5d362f2904407adcbef08b8607f7d1cce909e4ade3e9c65a5,raw/gpt6-sol/state_101/M16_Hex_Nut/Gear_Medium.json,1.4938226999947801,A,-0.00592,0.9940974886720019,0.9940974886720019,0.9940974886720019,,,0.0,0.006002511327998128,,,0.0,0.006002511327998128
gpt-6-sol,state_101,RGOCG16-50_16mm,16 mm round pin,Gear_Medium,False,False,False,input_crops/state_101/Gear_Medium.png,e7ecdd04abe922e5d362f2904407adcbef08b8607f7d1cce909e4ade3e9c65a5,raw/gpt6-sol/state_101/RGOCG16-50_16mm/Gear_Medium.json,1.4917858999688178,B,,,0.0,0.00027498468839316494,-0.000175,0.9998250153116068,0.9998250153116068,0.9998250153116068,,,0.0,0.00027498468839316494
gpt-6-sol,state_101,RGOCG12-50_12mm,12 mm round pin,Gear_Medium,False,False,False,input_crops/state_101/Gear_Medium.png,e7ecdd04abe922e5d362f2904407adcbef08b8607f7d1cce909e4ade3e9c65a5,raw/gpt6-sol/state_101/RGOCG12-50_12mm/Gear_Medium.json,1.2714186999946833,B,,,0.0,0.00022999155036619302,-0.00013,0.9998700084496338,0.9998700084496338,0.9998700084496338,,,0.0,0.00022999155036619302
gpt-6-sol,state_101,RGOCG8-50_8mm,8 mm round pin,Gear_Medium,False,False,False,input_crops/state_101/Gear_Medium.png,e7ecdd04abe922e5d362f2904407adcbef08b8607f7d1cce909e4ade3e9c65a5,raw/gpt6-sol/state_101/RGOCG8-50_8mm/Gear_Medium.json,1.1756420999881811,B,,,0.0,0.00029098176066123517,-0.000191,0.9998090182393388,0.9998090182393388,0.9998090182393388,,,0.0,0.00029098176066123517
gpt-6-sol,state_101,USB_Male,USB connector + cable,Gear_Medium,False,False,False,input_crops/state_101/Gear_Medium.png,e7ecdd04abe922e5d362f2904407adcbef08b8607f7d1cce909e4ade3e9c65a5,raw/gpt6-sol/state_101/USB_Male/Gear_Medium.json,1.3582801999873482,B,,,0.0,0.0035500349057672295,-0.003456,0.9965499650942328,0.9965499650942328,0.9965499650942328,,,0.0,0.0035500349057672295
gpt-6-sol,state_101,DSUB_Male,DSUB connector,Gear_Medium,False,False,False,input_crops/state_101/Gear_Medium.png,e7ecdd04abe922e5d362f2904407adcbef08b8607f7d1cce909e4ade3e9c65a5,raw/gpt6-sol/state_101/DSUB_Male/Gear_Medium.json,1.3801469000172801,B,,,0.0,0.0007787695316655685,-0.000679,0.9993212304683344,0.9993212304683344,0.9993212304683344,,,0.0,0.0007787695316655685
gpt-6-sol,state_101,Gear_Large,Large gear,Gear_Small,False,True,False,input_crops/state_101/Gear_Small.png,ed6418c5d55144cdb439a1f7f42e39e3f0a71a284b9bf1a812a11671951db9fe,raw/gpt6-sol/state_101/Gear_Large/Gear_Small.json,2.165566999989096,A,-0.037743,0.9629603899128458,0.9629603899128458,0.9629603899128458,-3.816116,0.022013134082712753,0.022013134082712753,0.022013134082712753,,,0.0,0.015126476004441402
gpt-6-sol,state_101,Gear_Medium,Medium gear,Gear_Small,False,True,False,input_crops/state_101/Gear_Small.png,ed6418c5d55144cdb439a1f7f42e39e3f0a71a284b9bf1a812a11671951db9fe,raw/gpt6-sol/state_101/Gear_Medium/Gear_Small.json,1.6383461999939755,A,-0.026321,0.9740223782378451,0.9740223782378451,0.9740223782378451,-4.021149,0.017932348829010958,0.017932348829010958,0.017932348829010958,,,0.0,0.008145272933143943
gpt-6-sol,state_101,Gear_Small,Small gear,Gear_Small,True,True,False,input_crops/state_101/Gear_Small.png,ed6418c5d55144cdb439a1f7f42e39e3f0a71a284b9bf1a812a11671951db9fe,raw/gpt6-sol/state_101/Gear_Small/Gear_Small.json,1.165184399986174,A,-0.228668,0.795592626415215,0.795592626415215,0.795592626415215,-1.924149,0.14599994996198346,0.14599994996198346,0.14599994996198346,-2.840584,0.05839155533685028,0.05839155533685028,0.05839155533685028
gpt-6-sol,state_101,Waterproof_Male,Waterproof connector,Gear_Small,False,False,False,input_crops/state_101/Gear_Small.png,ed6418c5d55144cdb439a1f7f42e39e3f0a71a284b9bf1a812a11671951db9fe,raw/gpt6-sol/state_101/Waterproof_Male/Gear_Small.json,1.6350832000025548,B,,,0.0,0.0010305667539610818,-0.000931,0.9990694332460389,0.9990694332460389,0.9990694332460389,,,0.0,0.0010305667539610818
gpt-6-sol,state_101,M12_Hex_Nut,M12 hex nut,Gear_Small,False,False,False,input_crops/state_101/Gear_Small.png,ed6418c5d55144cdb439a1f7f42e39e3f0a71a284b9bf1a812a11671951db9fe,raw/gpt6-sol/state_101/M12_Hex_Nut/Gear_Small.json,1.3460011000279337,B,,,0.0,0.004814850033828877,-0.004726,0.9952851499661711,0.9952851499661711,0.9952851499661711,,,0.0,0.004814850033828877
gpt-6-sol,state_101,M16_Hex_Nut,M16 hex nut,Gear_Small,False,False,False,input_crops/state_101/Gear_Small.png,ed6418c5d55144cdb439a1f7f42e39e3f0a71a284b9bf1a812a11671951db9fe,raw/gpt6-sol/state_101/M16_Hex_Nut/Gear_Small.json,1.4168965999851935,B,,,0.0,0.001346222818581999,-0.001247,0.998753777181418,0.998753777181418,0.998753777181418,,,0.0,0.001346222818581999
gpt-6-sol,state_101,RGOCG16-50_16mm,16 mm round pin,Gear_Small,False,False,False,input_crops/state_101/Gear_Small.png,ed6418c5d55144cdb439a1f7f42e39e3f0a71a284b9bf1a812a11671951db9fe,raw/gpt6-sol/state_101/RGOCG16-50_16mm/Gear_Small.json,1.2765251999953762,B,,,0.0,0.00010799996800004977,-8e-06,0.999992000032,0.999992000032,0.999992000032,,,0.0,0.00010799996800004977
gpt-6-sol,state_101,RGOCG12-50_12mm,12 mm round pin,Gear_Small,False,False,False,input_crops/state_101/Gear_Small.png,ed6418c5d55144cdb439a1f7f42e39e3f0a71a284b9bf1a812a11671951db9fe,raw/gpt6-sol/state_101/RGOCG12-50_12mm/Gear_Small.json,1.362809699960053,B,,,0.0,0.00011499988750053305,-1.5e-05,0.9999850001124995,0.9999850001124995,0.9999850001124995,,,0.0,0.00011499988750053305
gpt-6-sol,state_101,RGOCG8-50_8mm,8 mm round pin,Gear_Small,False,False,False,input_crops/state_101/Gear_Small.png,ed6418c5d55144cdb439a1f7f42e39e3f0a71a284b9bf1a812a11671951db9fe,raw/gpt6-sol/state_101/RGOCG8-50_8mm/Gear_Small.json,2.1361670999904163,B,,,0.0,0.00010799996800004977,-8e-06,0.999992000032,0.999992000032,0.999992000032,,,0.0,0.00010799996800004977
gpt-6-sol,state_101,USB_Male,USB connector + cable,Gear_Small,False,False,False,input_crops/state_101/Gear_Small.png,ed6418c5d55144cdb439a1f7f42e39e3f0a71a284b9bf1a812a11671951db9fe,raw/gpt6-sol/state_101/USB_Male/Gear_Small.json,1.5877741999574937,C,,,0.0,0.0006108694617359522,,,0.0,0.0006108694617359522,-0.000511,0.999489130538264,0.999489130538264,0.999489130538264
gpt-6-sol,state_101,DSUB_Male,DSUB connector,Gear_Small,False,False,False,input_crops/state_101/Gear_Small.png,ed6418c5d55144cdb439a1f7f42e39e3f0a71a284b9bf1a812a11671951db9fe,raw/gpt6-sol/state_101/DSUB_Male/Gear_Small.json,1.3404531999840401,B,,,0.0,0.0005878809473667368,-0.000488,0.9995121190526333,0.9995121190526333,0.9995121190526333,,,0.0,0.0005878809473667368
gpt-6-sol,state_101,Gear_Large,Large gear,Waterproof_Male,False,False,False,input_crops/state_101/Waterproof_Male.png,8e27ec495e8bd49a326cc5c753e41d2240a99cc4d77374a337104a466e01f88f,raw/gpt6-sol/state_101/Gear_Large/Waterproof_Male.json,1.8476400999934413,B,,,0.0,0.013738380915902747,-0.031631,0.9688640269525081,0.9688640269525081,0.9688640269525081,-4.045692,0.017497592131589194,0.017497592131589194,0.017497592131589194
gpt-6-sol,state_101,Gear_Medium,Medium gear,Waterproof_Male,False,False,False,input_crops/state_101/Waterproof_Male.png,8e27ec495e8bd49a326cc5c753e41d2240a99cc4d77374a337104a466e01f88f,raw/gpt6-sol/state_101/Gear_Medium/Waterproof_Male.json,1.5535491000046022,B,,,0.0,0.01573510059855433,-0.296268,0.7435881196979783,0.7435881196979783,0.7435881196979783,-1.423885,0.2407767797034673,0.2407767797034673,0.2407767797034673
gpt-6-sol,state_101,Gear_Small,Small gear,Waterproof_Male,False,False,False,input_crops/state_101/Waterproof_Male.png,8e27ec495e8bd49a326cc5c753e41d2240a99cc4d77374a337104a466e01f88f,raw/gpt6-sol/state_101/Gear_Small/Waterproof_Male.json,1.3374765000189655,B,,,0.0,0.00144571784515225,-0.026199,0.9741412162169595,0.9741412162169595,0.9741412162169595,-3.708549,0.024513065937888226,0.024513065937888226,0.024513065937888226
gpt-6-sol,state_101,Waterproof_Male,Waterproof connector,Waterproof_Male,True,True,False,input_crops/state_101/Waterproof_Male.png,8e27ec495e8bd49a326cc5c753e41d2240a99cc4d77374a337104a466e01f88f,raw/gpt6-sol/state_101/Waterproof_Male/Waterproof_Male.json,1.1743760000099428,A,-0.048016,0.953118537058912,0.953118537058912,0.953118537058912,,,0.0,0.0006572269817809561,-3.07209,0.04632423595930705,0.04632423595930705,0.04632423595930705
gpt-6-sol,state_101,M12_Hex_Nut,M12 hex nut,Waterproof_Male,False,False,False,input_crops/state_101/Waterproof_Male.png,8e27ec495e8bd49a326cc5c753e41d2240a99cc4d77374a337104a466e01f88f,raw/gpt6-sol/state_101/M12_Hex_Nut/Waterproof_Male.json,1.6191281999927014,B,,,0.0,0.01774153343272201,-0.017799,0.982358466567278,0.982358466567278,0.982358466567278,,,0.0,0.01774153343272201
gpt-6-sol,state_101,M16_Hex_Nut,M16 hex nut,Waterproof_Male,False,False,False,input_crops/state_101/Waterproof_Male.png,8e27ec495e8bd49a326cc5c753e41d2240a99cc4d77374a337104a466e01f88f,raw/gpt6-sol/state_101/M16_Hex_Nut/Waterproof_Male.json,1.783261800010223,B,,,0.0,0.0007937592376995428,-0.000694,0.9993062407623005,0.9993062407623005,0.9993062407623005,,,0.0,0.0007937592376995428
gpt-6-sol,state_101,RGOCG16-50_16mm,16 mm round pin,Waterproof_Male,False,False,False,input_crops/state_101/Waterproof_Male.png,8e27ec495e8bd49a326cc5c753e41d2240a99cc4d77374a337104a466e01f88f,raw/gpt6-sol/state_101/RGOCG16-50_16mm/Waterproof_Male.json,1.3442784000071697,B,,,0.0,0.00011499988750053305,-1.5e-05,0.9999850001124995,0.9999850001124995,0.9999850001124995,,,0.0,0.00011499988750053305
gpt-6-sol,state_101,RGOCG12-50_12mm,12 mm round pin,Waterproof_Male,False,False,False,input_crops/state_101/Waterproof_Male.png,8e27ec495e8bd49a326cc5c753e41d2240a99cc4d77374a337104a466e01f88f,raw/gpt6-sol/state_101/RGOCG12-50_12mm/Waterproof_Male.json,1.528450999991037,B,,,0.0,0.00014599894201617881,-4.6e-05,0.9999540010579838,0.9999540010579838,0.9999540010579838,,,0.0,0.00014599894201617881
gpt-6-sol,state_101,RGOCG8-50_8mm,8 mm round pin,Waterproof_Male,False,False,False,input_crops/state_101/Waterproof_Male.png,8e27ec495e8bd49a326cc5c753e41d2240a99cc4d77374a337104a466e01f88f,raw/gpt6-sol/state_101/RGOCG8-50_8mm/Waterproof_Male.json,1.2668344000121579,B,,,0.0,0.0006038730133346548,-0.000504,0.9994961269866653,0.9994961269866653,0.9994961269866653,,,0.0,0.0006038730133346548
gpt-6-sol,state_101,USB_Male,USB connector + cable,Waterproof_Male,False,False,False,input_crops/state_101/Waterproof_Male.png,8e27ec495e8bd49a326cc5c753e41d2240a99cc4d77374a337104a466e01f88f,raw/gpt6-sol/state_101/USB_Male/Waterproof_Male.json,1.685668199963402,B,,,0.0,0.004089022206221993,-0.053135,0.948251989822337,0.948251989822337,0.948251989822337,-3.041588,0.04775898797144101,0.04775898797144101,0.04775898797144101
gpt-6-sol,state_101,DSUB_Male,DSUB connector,Waterproof_Male,False,False,False,input_crops/state_101/Waterproof_Male.png,8e27ec495e8bd49a326cc5c753e41d2240a99cc4d77374a337104a466e01f88f,raw/gpt6-sol/state_101/DSUB_Male/Waterproof_Male.json,1.3337875999859534,C,-3.699112,0.02474549071252527,0.02474549071252527,0.02474549071252527,-2.694206,0.06759603172156377,0.06759603172156377,0.06759603172156377,-0.096893,0.9076531198214186,0.9076531198214186,0.9076531198214186
gpt-6-sol,state_101,Gear_Large,Large gear,M12_Hex_Nut,False,False,False,input_crops/state_101/M12_Hex_Nut.png,fc0054b5fbb5338ab9f90350cd4862942de04ae395620638929e2b1b38c1e229,raw/gpt6-sol/state_101/Gear_Large/M12_Hex_Nut.json,2.1855291000101715,A,-0.51152,0.5995835188736266,0.5995835188736266,0.5995835188736266,-3.279991,0.03762859546301143,0.03762859546301143,0.03762859546301143,-1.013897,0.3628023802446993,0.3628023802446993,0.3628023802446993
gpt-6-sol,state_101,Gear_Medium,Medium gear,M12_Hex_Nut,False,False,False,input_crops/state_101/M12_Hex_Nut.png,fc0054b5fbb5338ab9f90350cd4862942de04ae395620638929e2b1b38c1e229,raw/gpt6-sol/state_101/Gear_Medium/M12_Hex_Nut.json,1.2312043000129052,A,-0.678631,0.5073110259857568,0.5073110259857568,0.5073110259857568,-3.515511,0.02973260571001456,0.02973260571001456,0.02973260571001456,-0.770096,0.46296862119016613,0.46296862119016613,0.46296862119016613
gpt-6-sol,state_101,Gear_Small,Small gear,M12_Hex_Nut,False,False,False,input_crops/state_101/M12_Hex_Nut.png,fc0054b5fbb5338ab9f90350cd4862942de04ae395620638929e2b1b38c1e229,raw/gpt6-sol/state_101/Gear_Small/M12_Hex_Nut.json,1.396755599998869,C,-1.075115,0.34125850831587895,0.34125850831587895,0.34125850831587895,,,0.0,0.01591636162418687,-0.441727,0.6429251300599341,0.6429251300599341,0.6429251300599341
gpt-6-sol,state_101,Waterproof_Male,Waterproof connector,M12_Hex_Nut,False,False,False,input_crops/state_101/M12_Hex_Nut.png,fc0054b5fbb5338ab9f90350cd4862942de04ae395620638929e2b1b38c1e229,raw/gpt6-sol/state_101/Waterproof_Male/M12_Hex_Nut.json,1.680496100045275,C,,,0.0,0.00013907665283653382,-3.416336,0.03283251314958171,0.03283251314958171,0.03283251314958171,-0.033424,0.9671284101975818,0.9671284101975818,0.9671284101975818
gpt-6-sol,state_101,M12_Hex_Nut,M12 hex nut,M12_Hex_Nut,True,True,False,input_crops/state_101/M12_Hex_Nut.png,fc0054b5fbb5338ab9f90350cd4862942de04ae395620638929e2b1b38c1e229,raw/gpt6-sol/state_101/M12_Hex_Nut/M12_Hex_Nut.json,1.1555932000046596,A,-0.628761,0.533252091213659,0.533252091213659,0.533252091213659,-2.50499,0.08167641474535711,0.08167641474535711,0.08167641474535711,-0.954346,0.38506389400861507,0.38506389400861507,0.38506389400861507
gpt-6-sol,state_101,M16_Hex_Nut,M16 hex nut,M12_Hex_Nut,False,True,False,input_crops/state_101/M12_Hex_Nut.png,fc0054b5fbb5338ab9f90350cd4862942de04ae395620638929e2b1b38c1e229,raw/gpt6-sol/state_101/M16_Hex_Nut/M12_Hex_Nut.json,1.5588172000134364,A,-0.270069,0.7633268229689271,0.7633268229689271,0.7633268229689271,-3.267929,0.03808521994750414,0.03808521994750414,0.03808521994750414,-1.616516,0.1985893806198191,0.1985893806198191,0.1985893806198191
gpt-6-sol,state_101,RGOCG16-50_16mm,16 mm round pin,M12_Hex_Nut,False,False,False,input_crops/state_101/M12_Hex_Nut.png,fc0054b5fbb5338ab9f90350cd4862942de04ae395620638929e2b1b38c1e229,raw/gpt6-sol/state_101/RGOCG16-50_16mm/M12_Hex_Nut.json,1.218307700008154,B,,,0.0,0.0029475302881542095,-0.274906,0.7596435263604464,0.7596435263604464,0.7596435263604464,-1.43755,0.2375089433513994,0.2375089433513994,0.2375089433513994
gpt-6-sol,state_101,RGOCG12-50_12mm,12 mm round pin,M12_Hex_Nut,False,False,False,input_crops/state_101/M12_Hex_Nut.png,fc0054b5fbb5338ab9f90350cd4862942de04ae395620638929e2b1b38c1e229,raw/gpt6-sol/state_101/RGOCG12-50_12mm/M12_Hex_Nut.json,1.2715748000191525,C,,,0.0,0.018962827562683093,,,0.0,0.018962827562683093,-0.019043,0.9811371724373169,0.9811371724373169,0.9811371724373169
gpt-6-sol,state_101,RGOCG8-50_8mm,8 mm round pin,M12_Hex_Nut,False,False,False,input_crops/state_101/M12_Hex_Nut.png,fc0054b5fbb5338ab9f90350cd4862942de04ae395620638929e2b1b38c1e229,raw/gpt6-sol/state_101/RGOCG8-50_8mm/M12_Hex_Nut.json,1.4543636000016704,C,,,0.0,0.004818415603246262,-0.87405,0.41725822676577135,0.41725822676577135,0.41725822676577135,-0.548141,0.5780233576309824,0.5780233576309824,0.5780233576309824
gpt-6-sol,state_101,USB_Male,USB connector + cable,M12_Hex_Nut,False,False,False,input_crops/state_101/M12_Hex_Nut.png,fc0054b5fbb5338ab9f90350cd4862942de04ae395620638929e2b1b38c1e229,raw/gpt6-sol/state_101/USB_Male/M12_Hex_Nut.json,1.2457470000372268,B,,,0.0,0.007916292668139546,-0.007847,0.9921837073318605,0.9921837073318605,0.9921837073318605,,,0.0,0.007916292668139546
gpt-6-sol,state_101,DSUB_Male,DSUB connector,M12_Hex_Nut,False,False,False,input_crops/state_101/M12_Hex_Nut.png,fc0054b5fbb5338ab9f90350cd4862942de04ae395620638929e2b1b38c1e229,raw/gpt6-sol/state_101/DSUB_Male/M12_Hex_Nut.json,1.337337499950081,B,,,0.0,0.00010704912700000282,-0.029854,0.9705872289399181,0.9705872289399181,0.9705872289399181,-3.526566,0.029405721933081837,0.029405721933081837,0.029405721933081837
gpt-6-sol,state_101,Gear_Large,Large gear,M16_Hex_Nut,False,False,False,input_crops/state_101/M16_Hex_Nut.png,1c1870e789ce383e3b64a161e64f0093e715e0263666f4e81c66af34b957e0f0,raw/gpt6-sol/state_101/Gear_Large/M16_Hex_Nut.json,2.339883300010115,B,-2.590233,0.0750025624522104,0.0750025624522104,0.0750025624522104,-0.096851,0.9076912420530123,0.9076912420530123,0.9076912420530123,,,0.0,0.0174061954947773
gpt-6-sol,state_101,Gear_Medium,Medium gear,M16_Hex_Nut,False,False,False,input_crops/state_101/M16_Hex_Nut.png,1c1870e789ce383e3b64a161e64f0093e715e0263666f4e81c66af34b957e0f0,raw/gpt6-sol/state_101/Gear_Medium/M16_Hex_Nut.json,1.4450105999712832,C,-1.669884,0.1882689035649361,0.1882689035649361,0.1882689035649361,-2.026924,0.1317401311827511,0.1317401311827511,0.1317401311827511,-0.38567,0.6799948869713724,0.6799948869713724,0.6799948869713724
gpt-6-sol,state_101,Gear_Small,Small gear,M16_Hex_Nut,False,False,False,input_crops/state_101/M16_Hex_Nut.png,1c1870e789ce383e3b64a161e64f0093e715e0263666f4e81c66af34b957e0f0,raw/gpt6-sol/state_101/Gear_Small/M16_Hex_Nut.json,1.2585135000408627,B,-1.991142,0.13653940837236983,0.13653940837236983,0.13653940837236983,-0.237656,0.7884738794612316,0.7884738794612316,0.7884738794612316,-2.590477,0.07498426405946677,0.07498426405946677,0.07498426405946677
gpt-6-sol,state_101,Waterproof_Male,Waterproof connector,M16_Hex_Nut,False,False,False,input_crops/state_101/M16_Hex_Nut.png,1c1870e789ce383e3b64a161e64f0093e715e0263666f4e81c66af34b957e0f0,raw/gpt6-sol/state_101/Waterproof_Male/M16_Hex_Nut.json,1.3013599999831058,C,,,0.0,0.009213220581568603,,,0.0,0.009213220581568603,-0.009155,0.9908867794184314,0.9908867794184314,0.9908867794184314
gpt-6-sol,state_101,M12_Hex_Nut,M12 hex nut,M16_Hex_Nut,False,True,False,input_crops/state_101/M16_Hex_Nut.png,1c1870e789ce383e3b64a161e64f0093e715e0263666f4e81c66af34b957e0f0,raw/gpt6-sol/state_101/M12_Hex_Nut/M16_Hex_Nut.json,1.4857441000058316,C,-0.807297,0.4460621441541621,0.4460621441541621,0.4460621441541621,-2.622585,0.07261491046012308,0.07261491046012308,0.07261491046012308,-0.731255,0.48130457365828117,0.48130457365828117,0.48130457365828117
gpt-6-sol,state_101,M16_Hex_Nut,M16 hex nut,M16_Hex_Nut,True,True,False,input_crops/state_101/M16_Hex_Nut.png,1c1870e789ce383e3b64a161e64f0093e715e0263666f4e81c66af34b957e0f0,raw/gpt6-sol/state_101/M16_Hex_Nut/M16_Hex_Nut.json,1.2725349999964237,A,-0.057373,0.9442418014806946,0.9442418014806946,0.9442418014806946,,,0.0,0.0020789176530518036,-2.922867,0.05377928086625357,0.05377928086625357,0.05377928086625357
gpt-6-sol,state_101,RGOCG16-50_16mm,16 mm round pin,M16_Hex_Nut,False,False,False,input_crops/state_101/M16_Hex_Nut.png,1c1870e789ce383e3b64a161e64f0093e715e0263666f4e81c66af34b957e0f0,raw/gpt6-sol/state_101/RGOCG16-50_16mm/M16_Hex_Nut.json,1.5504532999475487,C,,,0.0,0.0006075579627550342,-3.218872,0.04000015299502062,0.04000015299502062,0.04000015299502062,-0.041351,0.9594922890422244,0.9594922890422244,0.9594922890422244
gpt-6-sol,state_101,RGOCG12-50_12mm,12 mm round pin,M16_Hex_Nut,False,False,False,input_crops/state_101/M16_Hex_Nut.png,1c1870e789ce383e3b64a161e64f0093e715e0263666f4e81c66af34b957e0f0,raw/gpt6-sol/state_101/RGOCG12-50_12mm/M16_Hex_Nut.json,1.1820904999622144,C,,,0.0,0.01363562936282493,-3.826954,0.021775843933557488,0.021775843933557488,0.021775843933557488,-0.03595,0.9646885267036176,0.9646885267036176,0.9646885267036176
gpt-6-sol,state_101,RGOCG8-50_8mm,8 mm round pin,M16_Hex_Nut,False,False,False,input_crops/state_101/M16_Hex_Nut.png,1c1870e789ce383e3b64a161e64f0093e715e0263666f4e81c66af34b957e0f0,raw/gpt6-sol/state_101/RGOCG8-50_8mm/M16_Hex_Nut.json,1.2174740000045858,B,,,0.0,0.0011669279942565613,-0.215549,0.8060987704506279,0.8060987704506279,0.8060987704506279,-1.645924,0.19283430155511547,0.19283430155511547,0.19283430155511547
gpt-6-sol,state_101,USB_Male,USB connector + cable,M16_Hex_Nut,False,False,False,input_crops/state_101/M16_Hex_Nut.png,1c1870e789ce383e3b64a161e64f0093e715e0263666f4e81c66af34b957e0f0,raw/gpt6-sol/state_101/USB_Male/M16_Hex_Nut.json,1.5350766999763437,B,,,0.0,0.0014111397042770979,-0.001312,0.9986888602957229,0.9986888602957229,0.9986888602957229,,,0.0,0.0014111397042770979
gpt-6-sol,state_101,DSUB_Male,DSUB connector,M16_Hex_Nut,False,False,False,input_crops/state_101/M16_Hex_Nut.png,1c1870e789ce383e3b64a161e64f0093e715e0263666f4e81c66af34b957e0f0,raw/gpt6-sol/state_101/DSUB_Male/M16_Hex_Nut.json,1.4422564000124112,B,,,0.0,0.003725412265963357,-0.003632,0.9963745877340366,0.9963745877340366,0.9963745877340366,,,0.0,0.003725412265963357
gpt-6-sol,state_101,Gear_Large,Large gear,RGOCG16-50_16mm,False,False,False,input_crops/state_101/RGOCG16-50_16mm.png,552c7b7003b70b464999fe0b15088e739e126bb17da93e39400520c81be1c324,raw/gpt6-sol/state_101/Gear_Large/RGOCG16-50_16mm.json,1.3320656000287272,B,,,0.0,0.0007787695316655685,-0.000679,0.9993212304683344,0.9993212304683344,0.9993212304683344,,,0.0,0.0007787695316655685
gpt-6-sol,state_101,Gear_Medium,Medium gear,RGOCG16-50_16mm,False,False,False,input_crops/state_101/RGOCG16-50_16mm.png,552c7b7003b70b464999fe0b15088e739e126bb17da93e39400520c81be1c324,raw/gpt6-sol/state_101/Gear_Medium/RGOCG16-50_16mm.json,1.1260040000197478,B,,,0.0,0.0013352364666081695,-0.001236,0.9987647635333918,0.9987647635333918,0.9987647635333918,,,0.0,0.0013352364666081695
gpt-6-sol,state_101,Gear_Small,Small gear,RGOCG16-50_16mm,False,False,False,input_crops/state_101/RGOCG16-50_16mm.png,552c7b7003b70b464999fe0b15088e739e126bb17da93e39400520c81be1c324,raw/gpt6-sol/state_101/Gear_Small/RGOCG16-50_16mm.json,1.4089429999585263,B,,,0.0,0.00016099813953786003,-6.1e-05,0.9999390018604621,0.9999390018604621,0.9999390018604621,,,0.0,0.00016099813953786003
gpt-6-sol,state_101,Waterproof_Male,Waterproof connector,RGOCG16-50_16mm,False,False,False,input_crops/state_101/RGOCG16-50_16mm.png,552c7b7003b70b464999fe0b15088e739e126bb17da93e39400520c81be1c324,raw/gpt6-sol/state_101/Waterproof_Male/RGOCG16-50_16mm.json,1.2979096000199206,B,,,0.0,0.0051004558854690464,-0.005013,0.994999544114531,0.994999544114531,0.994999544114531,,,0.0,0.0051004558854690464
gpt-6-sol,state_101,M12_Hex_Nut,M12 hex nut,RGOCG16-50_16mm,False,False,False,input_crops/state_101/RGOCG16-50_16mm.png,552c7b7003b70b464999fe0b15088e739e126bb17da93e39400520c81be1c324,raw/gpt6-sol/state_101/M12_Hex_Nut/RGOCG16-50_16mm.json,1.487395000003744,B,,,0.0,0.0007637796007843422,-0.000664,0.9993362203992157,0.9993362203992157,0.9993362203992157,,,0.0,0.0007637796007843422
gpt-6-sol,state_101,M16_Hex_Nut,M16 hex nut,RGOCG16-50_16mm,False,False,False,input_crops/state_101/RGOCG16-50_16mm.png,552c7b7003b70b464999fe0b15088e739e126bb17da93e39400520c81be1c324,raw/gpt6-sol/state_101/M16_Hex_Nut/RGOCG16-50_16mm.json,1.712178000016138,B,,,0.0,0.00011499988750053305,-1.5e-05,0.9999850001124995,0.9999850001124995,0.9999850001124995,,,0.0,0.00011499988750053305
gpt-6-sol,state_101,RGOCG16-50_16mm,16 mm round pin,RGOCG16-50_16mm,True,True,False,input_crops/state_101/RGOCG16-50_16mm.png,552c7b7003b70b464999fe0b15088e739e126bb17da93e39400520c81be1c324,raw/gpt6-sol/state_101/RGOCG16-50_16mm/RGOCG16-50_16mm.json,1.4530893999617547,A,-9.9e-05,0.9999010049003383,0.9999010049003383,0.9999010049003383,,,0.0,0.00019899509966171393,,,0.0,0.00019899509966171393
gpt-6-sol,state_101,RGOCG12-50_12mm,12 mm round pin,RGOCG16-50_16mm,False,True,False,input_crops/state_101/RGOCG16-50_16mm.png,552c7b7003b70b464999fe0b15088e739e126bb17da93e39400520c81be1c324,raw/gpt6-sol/state_101/RGOCG12-50_12mm/RGOCG16-50_16mm.json,1.355538500007242,A,-6.9e-05,0.9999310023804453,0.9999310023804453,0.9999310023804453,,,0.0,0.0001689976195547004,,,0.0,0.0001689976195547004
gpt-6-sol,state_101,RGOCG8-50_8mm,8 mm round pin,RGOCG16-50_16mm,False,True,False,input_crops/state_101/RGOCG16-50_16mm.png,552c7b7003b70b464999fe0b15088e739e126bb17da93e39400520c81be1c324,raw/gpt6-sol/state_101/RGOCG8-50_8mm/RGOCG16-50_16mm.json,1.4753753999830224,A,-0.000202,0.9997980204006264,0.9997980204006264,0.9997980204006264,,,0.0,0.0003019795993736251,,,0.0,0.0003019795993736251
gpt-6-sol,state_101,USB_Male,USB connector + cable,RGOCG16-50_16mm,False,False,False,input_crops/state_101/RGOCG16-50_16mm.png,552c7b7003b70b464999fe0b15088e739e126bb17da93e39400520c81be1c324,raw/gpt6-sol/state_101/USB_Male/RGOCG16-50_16mm.json,1.5540846000076272,B,,,0.0,0.0001,-0.063179,0.9387754178487894,0.9387754178487894,0.9387754178487894,-2.793083,0.061232143913664654,0.061232143913664654,0.061232143913664654
gpt-6-sol,state_101,DSUB_Male,DSUB connector,RGOCG16-50_16mm,False,False,False,input_crops/state_101/RGOCG16-50_16mm.png,552c7b7003b70b464999fe0b15088e739e126bb17da93e39400520c81be1c324,raw/gpt6-sol/state_101/DSUB_Male/RGOCG16-50_16mm.json,1.388005999964662,B,,,0.0,0.00115943839845013,-0.00106,0.9989405616015499,0.9989405616015499,0.9989405616015499,,,0.0,0.00115943839845013
gpt-6-sol,state_101,Gear_Large,Large gear,RGOCG12-50_12mm,False,False,False,input_crops/state_101/RGOCG12-50_12mm.png,123f19e892e7db96ecab17804bf959635f80f30947116c2770dcab19b9e1892a,raw/gpt6-sol/state_101/Gear_Large/RGOCG12-50_12mm.json,1.2207167000160553,B,,,0.0,0.000500919610245798,-0.000401,0.9995990803897542,0.9995990803897542,0.9995990803897542,,,0.0,0.000500919610245798
gpt-6-sol,state_101,Gear_Medium,Medium gear,RGOCG12-50_12mm,False,False,False,input_crops/state_101/RGOCG12-50_12mm.png,123f19e892e7db96ecab17804bf959635f80f30947116c2770dcab19b9e1892a,raw/gpt6-sol/state_101/Gear_Medium/RGOCG12-50_12mm.json,1.5662408000207506,B,,,0.0,0.0025609668437437502,-0.002464,0.9975390331562562,0.9975390331562562,0.9975390331562562,,,0.0,0.0025609668437437502
gpt-6-sol,state_101,Gear_Small,Small gear,RGOCG12-50_12mm,False,False,False,input_crops/state_101/RGOCG12-50_12mm.png,123f19e892e7db96ecab17804bf959635f80f30947116c2770dcab19b9e1892a,raw/gpt6-sol/state_101/Gear_Small/RGOCG12-50_12mm.json,2.025412399962079,B,,,0.0,0.003994397090066226,-0.003902,0.9961056029099338,0.9961056029099338,0.9961056029099338,,,0.0,0.003994397090066226
gpt-6-sol,state_101,Waterproof_Male,Waterproof connector,RGOCG12-50_12mm,False,False,False,input_crops/state_101/RGOCG12-50_12mm.png,123f19e892e7db96ecab17804bf959635f80f30947116c2770dcab19b9e1892a,raw/gpt6-sol/state_101/Waterproof_Male/RGOCG12-50_12mm.json,1.5075303999474272,B,,,0.0,0.0018494678938697606,-0.001751,0.9982505321061302,0.9982505321061302,0.9982505321061302,,,0.0,0.0018494678938697606
gpt-6-sol,state_101,M12_Hex_Nut,M12 hex nut,RGOCG12-50_12mm,False,False,False,input_crops/state_101/RGOCG12-50_12mm.png,123f19e892e7db96ecab17804bf959635f80f30947116c2770dcab19b9e1892a,raw/gpt6-sol/state_101/M12_Hex_Nut/RGOCG12-50_12mm.json,1.3412438000086695,B,,,0.0,0.0003669643586721282,-0.000267,0.9997330356413279,0.9997330356413279,0.9997330356413279,,,0.0,0.0003669643586721282
gpt-6-sol,state_101,M16_Hex_Nut,M16 hex nut,RGOCG12-50_12mm,False,False,False,input_crops/state_101/RGOCG12-50_12mm.png,123f19e892e7db96ecab17804bf959635f80f30947116c2770dcab19b9e1892a,raw/gpt6-sol/state_101/M16_Hex_Nut/RGOCG12-50_12mm.json,1.1669662999920547,B,,,0.0,0.000137999278009182,-3.8e-05,0.9999620007219908,0.9999620007219908,0.9999620007219908,,,0.0,0.000137999278009182
gpt-6-sol,state_101,RGOCG16-50_16mm,16 mm round pin,RGOCG12-50_12mm,False,True,False,input_crops/state_101/RGOCG12-50_12mm.png,123f19e892e7db96ecab17804bf959635f80f30947116c2770dcab19b9e1892a,raw/gpt6-sol/state_101/RGOCG16-50_16mm/RGOCG12-50_12mm.json,1.2004759999690577,A,-0.000111,0.9998890061602721,0.9998890061602721,0.9998890061602721,,,0.0,0.000210993839727902,,,0.0,0.000210993839727902
gpt-6-sol,state_101,RGOCG12-50_12mm,12 mm round pin,RGOCG12-50_12mm,True,True,False,input_crops/state_101/RGOCG12-50_12mm.png,123f19e892e7db96ecab17804bf959635f80f30947116c2770dcab19b9e1892a,raw/gpt6-sol/state_101/RGOCG12-50_12mm/RGOCG12-50_12mm.json,1.4273953000083566,A,-8e-06,0.999992000032,0.999992000032,0.999992000032,,,0.0,0.00010799996800004977,,,0.0,0.00010799996800004977
gpt-6-sol,state_101,RGOCG8-50_8mm,8 mm round pin,RGOCG12-50_12mm,False,True,False,input_crops/state_101/RGOCG12-50_12mm.png,123f19e892e7db96ecab17804bf959635f80f30947116c2770dcab19b9e1892a,raw/gpt6-sol/state_101/RGOCG8-50_8mm/RGOCG12-50_12mm.json,1.291944099997636,A,-6.1e-05,0.9999390018604621,0.9999390018604621,0.9999390018604621,,,0.0,0.00016099813953786003,,,0.0,0.00016099813953786003
gpt-6-sol,state_101,USB_Male,USB connector + cable,RGOCG12-50_12mm,False,False,False,input_crops/state_101/RGOCG12-50_12mm.png,123f19e892e7db96ecab17804bf959635f80f30947116c2770dcab19b9e1892a,raw/gpt6-sol/state_101/USB_Male/RGOCG12-50_12mm.json,1.4902884000330232,B,,,0.0,0.00010069804629088122,-0.059723,0.9420254384937132,0.9420254384937132,0.9420254384937132,-2.847763,0.057973863459995896,0.057973863459995896,0.057973863459995896
gpt-6-sol,state_101,DSUB_Male,DSUB connector,RGOCG12-50_12mm,False,False,False,input_crops/state_101/RGOCG12-50_12mm.png,123f19e892e7db96ecab17804bf959635f80f30947116c2770dcab19b9e1892a,raw/gpt6-sol/state_101/DSUB_Male/RGOCG12-50_12mm.json,2.5339176999987103,B,,,0.0,0.003770248113597285,-0.003677,0.9963297518864027,0.9963297518864027,0.9963297518864027,,,0.0,0.003770248113597285
gpt-6-sol,state_101,Gear_Large,Large gear,RGOCG8-50_8mm,False,False,False,input_crops/state_101/RGOCG8-50_8mm.png,3989b2e944636dc60976a725ca05eae1c3b96027dd47e7fd6182bc78c774ab48,raw/gpt6-sol/state_101/Gear_Large/RGOCG8-50_8mm.json,1.8504444000427611,B,,,0.0,0.0002029946956820904,-0.000103,0.9998970053043179,0.9998970053043179,0.9998970053043179,,,0.0,0.0002029946956820904
gpt-6-sol,state_101,Gear_Medium,Medium gear,RGOCG8-50_8mm,False,False,False,input_crops/state_101/RGOCG8-50_8mm.png,3989b2e944636dc60976a725ca05eae1c3b96027dd47e7fd6182bc78c774ab48,raw/gpt6-sol/state_101/Gear_Medium/RGOCG8-50_8mm.json,1.207030899997335,B,,,0.0,0.00015699837553085895,-5.7e-05,0.9999430016244691,0.9999430016244691,0.9999430016244691,,,0.0,0.00015699837553085895
gpt-6-sol,state_101,Gear_Small,Small gear,RGOCG8-50_8mm,False,False,False,input_crops/state_101/RGOCG8-50_8mm.png,3989b2e944636dc60976a725ca05eae1c3b96027dd47e7fd6182bc78c774ab48,raw/gpt6-sol/state_101/Gear_Small/RGOCG8-50_8mm.json,2.2362569000106305,B,,,0.0,0.0004199488054609345,-0.00032,0.9996800511945391,0.9996800511945391,0.9996800511945391,,,0.0,0.0004199488054609345
gpt-6-sol,state_101,Waterproof_Male,Waterproof connector,RGOCG8-50_8mm,False,False,False,input_crops/state_101/RGOCG8-50_8mm.png,3989b2e944636dc60976a725ca05eae1c3b96027dd47e7fd6182bc78c774ab48,raw/gpt6-sol/state_101/Waterproof_Male/RGOCG8-50_8mm.json,1.2427673999918625,B,,,0.0,0.0001,-0.58416,0.5575740273380889,0.5575740273380889,0.5575740273380889,-0.815464,0.4424339903553249,0.4424339903553249,0.4424339903553249
gpt-6-sol,state_101,M12_Hex_Nut,M12 hex nut,RGOCG8-50_8mm,False,False,False,input_crops/state_101/RGOCG8-50_8mm.png,3989b2e944636dc60976a725ca05eae1c3b96027dd47e7fd6182bc78c774ab48,raw/gpt6-sol/state_101/M12_Hex_Nut/RGOCG8-50_8mm.json,1.1287714000209235,B,,,0.0,0.00021399350224694515,-0.000114,0.999886006497753,0.999886006497753,0.999886006497753,,,0.0,0.00021399350224694515
gpt-6-sol,state_101,M16_Hex_Nut,M16 hex nut,RGOCG8-50_8mm,False,False,False,input_crops/state_101/RGOCG8-50_8mm.png,3989b2e944636dc60976a725ca05eae1c3b96027dd47e7fd6182bc78c774ab48,raw/gpt6-sol/state_101/M16_Hex_Nut/RGOCG8-50_8mm.json,1.2059536000015214,B,,,0.0,0.00011899981950115315,-1.9e-05,0.9999810001804988,0.9999810001804988,0.9999810001804988,,,0.0,0.00011899981950115315
gpt-6-sol,state_101,RGOCG16-50_16mm,16 mm round pin,RGOCG8-50_8mm,False,True,False,input_crops/state_101/RGOCG8-50_8mm.png,3989b2e944636dc60976a725ca05eae1c3b96027dd47e7fd6182bc78c774ab48,raw/gpt6-sol/state_101/RGOCG16-50_16mm/RGOCG8-50_8mm.json,1.218174799985718,A,-3.1e-05,0.9999690004804951,0.9999690004804951,0.9999690004804951,,,0.0,0.00013099951950491508,,,0.0,0.00013099951950491508
gpt-6-sol,state_101,RGOCG12-50_12mm,12 mm round pin,RGOCG8-50_8mm,False,True,False,input_crops/state_101/RGOCG8-50_8mm.png,3989b2e944636dc60976a725ca05eae1c3b96027dd47e7fd6182bc78c774ab48,raw/gpt6-sol/state_101/RGOCG12-50_12mm/RGOCG8-50_8mm.json,1.0616753000067547,A,-5.3e-05,0.9999470014044752,0.9999470014044752,0.9999470014044752,,,0.0,0.00015299859552476693,,,0.0,0.00015299859552476693
gpt-6-sol,state_101,RGOCG8-50_8mm,8 mm round pin,RGOCG8-50_8mm,True,True,False,input_crops/state_101/RGOCG8-50_8mm.png,3989b2e944636dc60976a725ca05eae1c3b96027dd47e7fd6182bc78c774ab48,raw/gpt6-sol/state_101/RGOCG8-50_8mm/RGOCG8-50_8mm.json,1.3759803000139073,A,-6.1e-05,0.9999390018604621,0.9999390018604621,0.9999390018604621,,,0.0,0.00016099813953786003,,,0.0,0.00016099813953786003
gpt-6-sol,state_101,USB_Male,USB connector + cable,RGOCG8-50_8mm,False,False,False,input_crops/state_101/RGOCG8-50_8mm.png,3989b2e944636dc60976a725ca05eae1c3b96027dd47e7fd6182bc78c774ab48,raw/gpt6-sol/state_101/USB_Male/RGOCG8-50_8mm.json,1.9481440000236034,B,,,0.0,0.001811533652903663,-0.001713,0.9982884663470963,0.9982884663470963,0.9982884663470963,,,0.0,0.001811533652903663
gpt-6-sol,state_101,DSUB_Male,DSUB connector,RGOCG8-50_8mm,False,False,False,input_crops/state_101/RGOCG8-50_8mm.png,3989b2e944636dc60976a725ca05eae1c3b96027dd47e7fd6182bc78c774ab48,raw/gpt6-sol/state_101/DSUB_Male/RGOCG8-50_8mm.json,1.9643490000162274,B,,,0.0,0.00012299973550201616,-2.3e-05,0.999977000264498,0.999977000264498,0.999977000264498,,,0.0,0.00012299973550201616
gpt-6-sol,state_101,Gear_Large,Large gear,USB_Male,False,False,True,input_crops/state_101/USB_Male.png,7543f2ca9e48d4553584300362014c6f331ab16c9b5e3b3c0e4184e22a6d517c,raw/gpt6-sol/state_101/Gear_Large/USB_Male.json,1.7553361000027508,B,,,0.0,0.00011499988750053305,-1.5e-05,0.9999850001124995,0.9999850001124995,0.9999850001124995,,,0.0,0.00011499988750053305
gpt-6-sol,state_101,Gear_Medium,Medium gear,USB_Male,False,False,True,input_crops/state_101/USB_Male.png,7543f2ca9e48d4553584300362014c6f331ab16c9b5e3b3c0e4184e22a6d517c,raw/gpt6-sol/state_101/Gear_Medium/USB_Male.json,1.19191100000171,B,,,0.0,0.00011499988750053305,-1.5e-05,0.9999850001124995,0.9999850001124995,0.9999850001124995,,,0.0,0.00011499988750053305
gpt-6-sol,state_101,Gear_Small,Small gear,USB_Male,False,False,True,input_crops/state_101/USB_Male.png,7543f2ca9e48d4553584300362014c6f331ab16c9b5e3b3c0e4184e22a6d517c,raw/gpt6-sol/state_101/Gear_Small/USB_Male.json,1.3175371999968775,B,,,0.0,0.0001109999395002669,-1.1e-05,0.9999890000604997,0.9999890000604997,0.9999890000604997,,,0.0,0.0001109999395002669
gpt-6-sol,state_101,Waterproof_Male,Waterproof connector,USB_Male,False,False,True,input_crops/state_101/USB_Male.png,7543f2ca9e48d4553584300362014c6f331ab16c9b5e3b3c0e4184e22a6d517c,raw/gpt6-sol/state_101/Waterproof_Male/USB_Male.json,1.0986403999850154,B,,,0.0,0.00011499988750053305,-1.5e-05,0.9999850001124995,0.9999850001124995,0.9999850001124995,,,0.0,0.00011499988750053305
gpt-6-sol,state_101,M12_Hex_Nut,M12 hex nut,USB_Male,False,False,True,input_crops/state_101/USB_Male.png,7543f2ca9e48d4553584300362014c6f331ab16c9b5e3b3c0e4184e22a6d517c,raw/gpt6-sol/state_101/M12_Hex_Nut/USB_Male.json,1.3470242000184953,B,,,0.0,0.00010799996800004977,-8e-06,0.999992000032,0.999992000032,0.999992000032,,,0.0,0.00010799996800004977
gpt-6-sol,state_101,M16_Hex_Nut,M16 hex nut,USB_Male,False,False,True,input_crops/state_101/USB_Male.png,7543f2ca9e48d4553584300362014c6f331ab16c9b5e3b3c0e4184e22a6d517c,raw/gpt6-sol/state_101/M16_Hex_Nut/USB_Male.json,1.7131236999994144,B,,,0.0,0.00011499988750053305,-1.5e-05,0.9999850001124995,0.9999850001124995,0.9999850001124995,,,0.0,0.00011499988750053305
gpt-6-sol,state_101,RGOCG16-50_16mm,16 mm round pin,USB_Male,False,False,True,input_crops/state_101/USB_Male.png,7543f2ca9e48d4553584300362014c6f331ab16c9b5e3b3c0e4184e22a6d517c,raw/gpt6-sol/state_101/RGOCG16-50_16mm/USB_Male.json,1.5071601000381634,B,,,0.0,0.0001,0.0,1.0,1.0,1.0,,,0.0,0.0001
gpt-6-sol,state_101,RGOCG12-50_12mm,12 mm round pin,USB_Male,False,False,True,input_crops/state_101/USB_Male.png,7543f2ca9e48d4553584300362014c6f331ab16c9b5e3b3c0e4184e22a6d517c,raw/gpt6-sol/state_101/RGOCG12-50_12mm/USB_Male.json,1.5629231999628246,B,,,0.0,0.00011499988750053305,-1.5e-05,0.9999850001124995,0.9999850001124995,0.9999850001124995,,,0.0,0.00011499988750053305
gpt-6-sol,state_101,RGOCG8-50_8mm,8 mm round pin,USB_Male,False,False,True,input_crops/state_101/USB_Male.png,7543f2ca9e48d4553584300362014c6f331ab16c9b5e3b3c0e4184e22a6d517c,raw/gpt6-sol/state_101/RGOCG8-50_8mm/USB_Male.json,5.272383200004697,B,,,0.0,0.00010799996800004977,-8e-06,0.999992000032,0.999992000032,0.999992000032,,,0.0,0.00010799996800004977
gpt-6-sol,state_101,USB_Male,USB connector + cable,USB_Male,True,True,True,input_crops/state_101/USB_Male.png,7543f2ca9e48d4553584300362014c6f331ab16c9b5e3b3c0e4184e22a6d517c,raw/gpt6-sol/state_101/USB_Male/USB_Male.json,1.6195788999903016,A,-0.000553,0.9994471528763185,0.9994471528763185,0.9994471528763185,,,0.0,0.0006528471236815325,,,0.0,0.0006528471236815325
gpt-6-sol,state_101,DSUB_Male,DSUB connector,USB_Male,False,False,True,input_crops/state_101/USB_Male.png,7543f2ca9e48d4553584300362014c6f331ab16c9b5e3b3c0e4184e22a6d517c,raw/gpt6-sol/state_101/DSUB_Male/USB_Male.json,1.3769221999682486,B,,,0.0,0.0001,0.0,1.0,1.0,1.0,,,0.0,0.0001
gpt-6-sol,state_101,Gear_Large,Large gear,DSUB_Male,False,False,False,input_crops/state_101/DSUB_Male.png,4b33b962ebb9c6ee75c0ce865988e91fcba2f1bdbb964dd35e709db436634a24,raw/gpt6-sol/state_101/Gear_Large/DSUB_Male.json,1.1655879000318237,B,,,0.0,0.000137999278009182,-3.8e-05,0.9999620007219908,0.9999620007219908,0.9999620007219908,,,0.0,0.000137999278009182
gpt-6-sol,state_101,Gear_Medium,Medium gear,DSUB_Male,False,False,False,input_crops/state_101/DSUB_Male.png,4b33b962ebb9c6ee75c0ce865988e91fcba2f1bdbb964dd35e709db436634a24,raw/gpt6-sol/state_101/Gear_Medium/DSUB_Male.json,1.1513384000281803,B,,,0.0,0.00011899981950115315,-1.9e-05,0.9999810001804988,0.9999810001804988,0.9999810001804988,,,0.0,0.00011899981950115315
gpt-6-sol,state_101,Gear_Small,Small gear,DSUB_Male,False,False,False,input_crops/state_101/DSUB_Male.png,4b33b962ebb9c6ee75c0ce865988e91fcba2f1bdbb964dd35e709db436634a24,raw/gpt6-sol/state_101/Gear_Small/DSUB_Male.json,1.313023999973666,B,,,0.0,0.00011499988750053305,-1.5e-05,0.9999850001124995,0.9999850001124995,0.9999850001124995,,,0.0,0.00011499988750053305
gpt-6-sol,state_101,Waterproof_Male,Waterproof connector,DSUB_Male,False,False,False,input_crops/state_101/DSUB_Male.png,4b33b962ebb9c6ee75c0ce865988e91fcba2f1bdbb964dd35e709db436634a24,raw/gpt6-sol/state_101/Waterproof_Male/DSUB_Male.json,1.424659799959045,C,-1.104214,0.3314713163326129,0.3314713163326129,0.3314713163326129,-2.849373,0.05788060063654373,0.05788060063654373,0.05788060063654373,-0.493252,0.610637369058295,0.610637369058295,0.610637369058295
gpt-6-sol,state_101,M12_Hex_Nut,M12 hex nut,DSUB_Male,False,False,False,input_crops/state_101/DSUB_Male.png,4b33b962ebb9c6ee75c0ce865988e91fcba2f1bdbb964dd35e709db436634a24,raw/gpt6-sol/state_101/M12_Hex_Nut/DSUB_Male.json,1.167418800003361,B,,,0.0,0.000210993839727902,-0.000111,0.9998890061602721,0.9998890061602721,0.9998890061602721,,,0.0,0.000210993839727902
gpt-6-sol,state_101,M16_Hex_Nut,M16 hex nut,DSUB_Male,False,False,False,input_crops/state_101/DSUB_Male.png,4b33b962ebb9c6ee75c0ce865988e91fcba2f1bdbb964dd35e709db436634a24,raw/gpt6-sol/state_101/M16_Hex_Nut/DSUB_Male.json,1.2390279000392184,B,,,0.0,0.00013099951950491508,-3.1e-05,0.9999690004804951,0.9999690004804951,0.9999690004804951,,,0.0,0.00013099951950491508
gpt-6-sol,state_101,RGOCG16-50_16mm,16 mm round pin,DSUB_Male,False,False,False,input_crops/state_101/DSUB_Male.png,4b33b962ebb9c6ee75c0ce865988e91fcba2f1bdbb964dd35e709db436634a24,raw/gpt6-sol/state_101/RGOCG16-50_16mm/DSUB_Male.json,1.37790139997378,B,,,0.0,0.00012299973550201616,-2.3e-05,0.999977000264498,0.999977000264498,0.999977000264498,,,0.0,0.00012299973550201616
gpt-6-sol,state_101,RGOCG12-50_12mm,12 mm round pin,DSUB_Male,False,False,False,input_crops/state_101/DSUB_Male.png,4b33b962ebb9c6ee75c0ce865988e91fcba2f1bdbb964dd35e709db436634a24,raw/gpt6-sol/state_101/RGOCG12-50_12mm/DSUB_Male.json,2.056628200050909,B,,,0.0,0.00011499988750053305,-1.5e-05,0.9999850001124995,0.9999850001124995,0.9999850001124995,,,0.0,0.00011499988750053305
gpt-6-sol,state_101,RGOCG8-50_8mm,8 mm round pin,DSUB_Male,False,False,False,input_crops/state_101/DSUB_Male.png,4b33b962ebb9c6ee75c0ce865988e91fcba2f1bdbb964dd35e709db436634a24,raw/gpt6-sol/state_101/RGOCG8-50_8mm/DSUB_Male.json,1.3913328999769874,B,,,0.0,0.0001,8e-06,1.0,1.0,1.0,,,0.0,0.0001
gpt-6-sol,state_101,USB_Male,USB connector + cable,DSUB_Male,False,False,False,input_crops/state_101/DSUB_Male.png,4b33b962ebb9c6ee75c0ce865988e91fcba2f1bdbb964dd35e709db436634a24,raw/gpt6-sol/state_101/USB_Male/DSUB_Male.json,1.5774627999635413,B,,,0.0,0.0008471631861696304,-0.096024,0.908442213193956,0.908442213193956,0.908442213193956,-2.398979,0.0908106236198744,0.0908106236198744,0.0908106236198744
gpt-6-sol,state_101,DSUB_Male,DSUB connector,DSUB_Male,True,True,False,input_crops/state_101/DSUB_Male.png,4b33b962ebb9c6ee75c0ce865988e91fcba2f1bdbb964dd35e709db436634a24,raw/gpt6-sol/state_101/DSUB_Male/DSUB_Male.json,1.4193027000292204,A,-0.018616,0.9815562074675597,0.9815562074675597,0.9815562074675597,,,0.0,0.018543792532440328,,,0.0,0.018543792532440328
gpt-6-sol,state_202,Gear_Large,Large gear,Gear_Large,True,True,False,input_crops/state_202/Gear_Large.png,5d23b69c2449fff305773def219e59a9d80d68f1142de6cae6476b6dda8231cf,raw/gpt6-sol/state_202/Gear_Large/Gear_Large.json,1.5782070999848656,A,-0.004433,0.9955768112414015,0.9955768112414015,0.9955768112414015,,,0.0,0.004523188758598484,,,0.0,0.004523188758598484
gpt-6-sol,state_202,Gear_Medium,Medium gear,Gear_Large,False,True,False,input_crops/state_202/Gear_Large.png,5d23b69c2449fff305773def219e59a9d80d68f1142de6cae6476b6dda8231cf,raw/gpt6-sol/state_202/Gear_Medium/Gear_Large.json,1.1083136000088416,A,-0.000908,0.9990924121072594,0.9990924121072594,0.9990924121072594,,,0.0,0.0010075878927405912,,,0.0,0.0010075878927405912
gpt-6-sol,state_202,Gear_Small,Small gear,Gear_Large,False,True,False,input_crops/state_202/Gear_Large.png,5d23b69c2449fff305773def219e59a9d80d68f1142de6cae6476b6dda8231cf,raw/gpt6-sol/state_202/Gear_Small/Gear_Large.json,1.2151872999966145,A,-0.008297,0.9917373251070943,0.9917373251070943,0.9917373251070943,,,0.0,0.008362674892905663,,,0.0,0.008362674892905663
gpt-6-sol,state_202,Waterproof_Male,Waterproof connector,Gear_Large,False,False,False,input_crops/state_202/Gear_Large.png,5d23b69c2449fff305773def219e59a9d80d68f1142de6cae6476b6dda8231cf,raw/gpt6-sol/state_202/Waterproof_Male/Gear_Large.json,1.4251273999689147,B,,,0.0,0.00033997120230390133,-0.00024,0.9997600287976961,0.9997600287976961,0.9997600287976961,,,0.0,0.00033997120230390133
gpt-6-sol,state_202,M12_Hex_Nut,M12 hex nut,Gear_Large,False,False,False,input_crops/state_202/Gear_Large.png,5d23b69c2449fff305773def219e59a9d80d68f1142de6cae6476b6dda8231cf,raw/gpt6-sol/state_202/M12_Hex_Nut/Gear_Large.json,1.4203306999988854,B,,,0.0,0.00012699963550323313,-2.7e-05,0.9999730003644968,0.9999730003644968,0.9999730003644968,,,0.0,0.00012699963550323313
gpt-6-sol,state_202,M16_Hex_Nut,M16 hex nut,Gear_Large,False,False,False,input_crops/state_202/Gear_Large.png,5d23b69c2449fff305773def219e59a9d80d68f1142de6cae6476b6dda8231cf,raw/gpt6-sol/state_202/M16_Hex_Nut/Gear_Large.json,1.8701111000264063,B,,,0.0,0.0003439702344210204,-0.000244,0.999756029765579,0.999756029765579,0.999756029765579,,,0.0,0.0003439702344210204
gpt-6-sol,state_202,RGOCG16-50_16mm,16 mm round pin,Gear_Large,False,False,False,input_crops/state_202/Gear_Large.png,5d23b69c2449fff305773def219e59a9d80d68f1142de6cae6476b6dda8231cf,raw/gpt6-sol/state_202/RGOCG16-50_16mm/Gear_Large.json,1.2316421000286937,B,,,0.0,0.0001339994220065476,-3.4e-05,0.9999660005779935,0.9999660005779935,0.9999660005779935,,,0.0,0.0001339994220065476
gpt-6-sol,state_202,RGOCG12-50_12mm,12 mm round pin,Gear_Large,False,False,False,input_crops/state_202/Gear_Large.png,5d23b69c2449fff305773def219e59a9d80d68f1142de6cae6476b6dda8231cf,raw/gpt6-sol/state_202/RGOCG12-50_12mm/Gear_Large.json,1.280212199955713,B,,,0.0,0.00014199911801239241,-4.2e-05,0.9999580008819876,0.9999580008819876,0.9999580008819876,,,0.0,0.00014199911801239241
gpt-6-sol,state_202,RGOCG8-50_8mm,8 mm round pin,Gear_Large,False,False,False,input_crops/state_202/Gear_Large.png,5d23b69c2449fff305773def219e59a9d80d68f1142de6cae6476b6dda8231cf,raw/gpt6-sol/state_202/RGOCG8-50_8mm/Gear_Large.json,1.7889999999897555,B,,,0.0,0.0002559878326327091,-0.000156,0.9998440121673673,0.9998440121673673,0.9998440121673673,,,0.0,0.0002559878326327091
gpt-6-sol,state_202,USB_Male,USB connector + cable,Gear_Large,False,False,False,input_crops/state_202/Gear_Large.png,5d23b69c2449fff305773def219e59a9d80d68f1142de6cae6476b6dda8231cf,raw/gpt6-sol/state_202/USB_Male/Gear_Large.json,1.8606049999943934,B,,,0.0,0.005274565570647216,-0.005188,0.9948254344293528,0.9948254344293528,0.9948254344293528,,,0.0,0.005274565570647216
gpt-6-sol,state_202,DSUB_Male,DSUB connector,Gear_Large,False,False,False,input_crops/state_202/Gear_Large.png,5d23b69c2449fff305773def219e59a9d80d68f1142de6cae6476b6dda8231cf,raw/gpt6-sol/state_202/DSUB_Male/Gear_Large.json,2.5931532999966294,B,,,0.0,0.00015299859552476693,-5.3e-05,0.9999470014044752,0.9999470014044752,0.9999470014044752,,,0.0,0.00015299859552476693
gpt-6-sol,state_202,Gear_Large,Large gear,Gear_Medium,False,True,False,input_crops/state_202/Gear_Medium.png,108195e8929e844a87a358e143fc8be89d43ee37e14f292c33dbb8ab3199825e,raw/gpt6-sol/state_202/Gear_Large/Gear_Medium.json,4.013480000023264,A,-0.050453,0.9507986151570986,0.9507986151570986,0.9507986151570986,,,0.0,0.016607721453586365,-3.420574,0.03269366338931499,0.03269366338931499,0.03269366338931499
gpt-6-sol,state_202,Gear_Medium,Medium gear,Gear_Medium,True,True,False,input_crops/state_202/Gear_Medium.png,108195e8929e844a87a358e143fc8be89d43ee37e14f292c33dbb8ab3199825e,raw/gpt6-sol/state_202/Gear_Medium/Gear_Medium.json,1.2360511000151746,A,-0.168076,0.8452895902345428,0.8452895902345428,0.8452895902345428,,,0.0,0.008437392099253548,-1.921597,0.14637301766620375,0.14637301766620375,0.14637301766620375
gpt-6-sol,state_202,Gear_Small,Small gear,Gear_Medium,False,True,False,input_crops/state_202/Gear_Medium.png,108195e8929e844a87a358e143fc8be89d43ee37e14f292c33dbb8ab3199825e,raw/gpt6-sol/state_202/Gear_Small/Gear_Medium.json,1.5093224000302143,A,-0.160282,0.8519035182974795,0.8519035182974795,0.8519035182974795,,,0.0,0.017768491013372533,-2.036934,0.130427990689148,0.130427990689148,0.130427990689148
gpt-6-sol,state_202,Waterproof_Male,Waterproof connector,Gear_Medium,False,False,False,input_crops/state_202/Gear_Medium.png,108195e8929e844a87a358e143fc8be89d43ee37e14f292c33dbb8ab3199825e,raw/gpt6-sol/state_202/Waterproof_Male/Gear_Medium.json,1.740940599993337,C,,,0.0,0.013603991844969309,,,0.0,0.013603991844969309,-0.013596,0.9864960081550307,0.9864960081550307,0.9864960081550307
gpt-6-sol,state_202,M12_Hex_Nut,M12 hex nut,Gear_Medium,False,False,False,input_crops/state_202/Gear_Medium.png,108195e8929e844a87a358e143fc8be89d43ee37e14f292c33dbb8ab3199825e,raw/gpt6-sol/state_202/M12_Hex_Nut/Gear_Medium.json,1.3061115999589674,B,,,0.0,0.007064633737814419,-0.006989,0.9930353662621856,0.9930353662621856,0.9930353662621856,,,0.0,0.007064633737814419
gpt-6-sol,state_202,M16_Hex_Nut,M16 hex nut,Gear_Medium,False,False,False,input_crops/state_202/Gear_Medium.png,108195e8929e844a87a358e143fc8be89d43ee37e14f292c33dbb8ab3199825e,raw/gpt6-sol/state_202/M16_Hex_Nut/Gear_Medium.json,1.2168107000179589,B,-4.356037,0.012829128877124221,0.012829128877124221,0.012829128877124221,-0.024567,0.9757323126633788,0.9757323126633788,0.9757323126633788,,,0.0,0.011538558459497038
gpt-6-sol,state_202,RGOCG16-50_16mm,16 mm round pin,Gear_Medium,False,False,False,input_crops/state_202/Gear_Medium.png,108195e8929e844a87a358e143fc8be89d43ee37e14f292c33dbb8ab3199825e,raw/gpt6-sol/state_202/RGOCG16-50_16mm/Gear_Medium.json,1.639085199974943,B,-2.838875,0.05849143182507122,0.05849143182507122,0.05849143182507122,-0.714611,0.48938244454513985,0.48938244454513985,0.48938244454513985,-0.793816,0.45211622375563165,0.45211622375563165,0.45211622375563165
gpt-6-sol,state_202,RGOCG12-50_12mm,12 mm round pin,Gear_Medium,False,False,False,input_crops/state_202/Gear_Medium.png,108195e8929e844a87a358e143fc8be89d43ee37e14f292c33dbb8ab3199825e,raw/gpt6-sol/state_202/RGOCG12-50_12mm/Gear_Medium.json,1.4238735000253655,A,-0.24678,0.7813125633889445,0.7813125633889445,0.7813125633889445,,,0.0,0.011706590284043871,-1.574646,0.20708084632701168,0.20708084632701168,0.20708084632701168
gpt-6-sol,state_202,RGOCG8-50_8mm,8 mm round pin,Gear_Medium,False,False,False,input_crops/state_202/Gear_Medium.png,108195e8929e844a87a358e143fc8be89d43ee37e14f292c33dbb8ab3199825e,raw/gpt6-sol/state_202/RGOCG8-50_8mm/Gear_Medium.json,1.1001980999717489,B,,,0.0,0.000633857447375441,-0.000534,0.9994661425526246,0.9994661425526246,0.9994661425526246,,,0.0,0.000633857447375441
gpt-6-sol,state_202,USB_Male,USB connector + cable,Gear_Medium,False,False,False,input_crops/state_202/Gear_Medium.png,108195e8929e844a87a358e143fc8be89d43ee37e14f292c33dbb8ab3199825e,raw/gpt6-sol/state_202/USB_Male/Gear_Medium.json,1.2936061999644153,B,,,0.0,0.0001,-0.466995,0.626883224820665,0.626883224820665,0.626883224820665,-0.985832,0.3731286547158089,0.3731286547158089,0.3731286547158089
gpt-6-sol,state_202,DSUB_Male,DSUB connector,Gear_Medium,False,False,False,input_crops/state_202/Gear_Medium.png,108195e8929e844a87a358e143fc8be89d43ee37e14f292c33dbb8ab3199825e,raw/gpt6-sol/state_202/DSUB_Male/Gear_Medium.json,1.5860551000223495,C,,,0.0,0.00026859386395828845,-3.845398,0.021377891466956837,0.021377891466956837,0.021377891466956837,-0.021782,0.9784535146690849,0.9784535146690849,0.9784535146690849
gpt-6-sol,state_202,Gear_Large,Large gear,Gear_Small,False,True,False,input_crops/state_202/Gear_Small.png,1ba202f6a7dcb3dfb5dfcd5cb62a942310b21b59276bb4441319fd2102e2a13f,raw/gpt6-sol/state_202/Gear_Large/Gear_Small.json,1.9310178000014275,C,-3.253799,0.03862718406464033,0.03862718406464033,0.03862718406464033,-1.111179,0.32917064002032514,0.32917064002032514,0.32917064002032514,-0.458572,0.6321857625109522,0.6321857625109522,0.6321857625109522
gpt-6-sol,state_202,Gear_Medium,Medium gear,Gear_Small,False,True,False,input_crops/state_202/Gear_Small.png,1ba202f6a7dcb3dfb5dfcd5cb62a942310b21b59276bb4441319fd2102e2a13f,raw/gpt6-sol/state_202/Gear_Medium/Gear_Small.json,1.2556162999826483,C,-3.319874,0.03615738729784066,0.03615738729784066,0.03615738729784066,-2.757591,0.06344442202713725,0.06344442202713725,0.06344442202713725,-0.104923,0.9003938502435853,0.9003938502435853,0.9003938502435853
gpt-6-sol,state_202,Gear_Small,Small gear,Gear_Small,True,True,False,input_crops/state_202/Gear_Small.png,1ba202f6a7dcb3dfb5dfcd5cb62a942310b21b59276bb4441319fd2102e2a13f,raw/gpt6-sol/state_202/Gear_Small/Gear_Small.json,1.2834169000270776,C,-3.491447,0.030456769325290012,0.030456769325290012,0.030456769325290012,-2.766804,0.06286259287840995,0.06286259287840995,0.06286259287840995,-0.097977,0.9066697569185177,0.9066697569185177,0.9066697569185177
gpt-6-sol,state_202,Waterproof_Male,Waterproof connector,Gear_Small,False,False,False,input_crops/state_202/Gear_Small.png,1ba202f6a7dcb3dfb5dfcd5cb62a942310b21b59276bb4441319fd2102e2a13f,raw/gpt6-sol/state_202/Waterproof_Male/Gear_Small.json,1.3336978000006638,C,,,0.0,0.012643664105353346,,,0.0,0.012643664105353346,-0.012623,0.9874563358946467,0.9874563358946467,0.9874563358946467
gpt-6-sol,state_202,M12_Hex_Nut,M12 hex nut,Gear_Small,False,False,False,input_crops/state_202/Gear_Small.png,1ba202f6a7dcb3dfb5dfcd5cb62a942310b21b59276bb4441319fd2102e2a13f,raw/gpt6-sol/state_202/M12_Hex_Nut/Gear_Small.json,1.2689195000566542,C,,,0.0,0.01981195099183698,-3.629776,0.026522124699489478,0.026522124699489478,0.026522124699489478,-0.047337,0.9537659243086736,0.9537659243086736,0.9537659243086736
gpt-6-sol,state_202,M16_Hex_Nut,M16 hex nut,Gear_Small,False,False,False,input_crops/state_202/Gear_Small.png,1ba202f6a7dcb3dfb5dfcd5cb62a942310b21b59276bb4441319fd2102e2a13f,raw/gpt6-sol/state_202/M16_Hex_Nut/Gear_Small.json,1.2171489999745972,C,,,0.0,0.007556204593785709,-4.36964,0.012655795834508557,0.012655795834508557,0.012655795834508557,-0.020317,0.9798879995717057,0.9798879995717057,0.9798879995717057
gpt-6-sol,state_202,RGOCG16-50_16mm,16 mm round pin,Gear_Small,False,False,False,input_crops/state_202/Gear_Small.png,1ba202f6a7dcb3dfb5dfcd5cb62a942310b21b59276bb4441319fd2102e2a13f,raw/gpt6-sol/state_202/RGOCG16-50_16mm/Gear_Small.json,1.2250001999782398,B,,,0.0,0.012298325746028415,-0.039764,0.9610162122181324,0.9610162122181324,0.9610162122181324,-3.619896,0.026785462035839154,0.026785462035839154,0.026785462035839154
gpt-6-sol,state_202,RGOCG12-50_12mm,12 mm round pin,Gear_Small,False,False,False,input_crops/state_202/Gear_Small.png,1ba202f6a7dcb3dfb5dfcd5cb62a942310b21b59276bb4441319fd2102e2a13f,raw/gpt6-sol/state_202/RGOCG12-50_12mm/Gear_Small.json,1.4646805000375025,B,,,0.0,0.010544227981874831,-0.040703,0.9601142415363685,0.9601142415363685,0.9601142415363685,-3.525349,0.029441530481756628,0.029441530481756628,0.029441530481756628
gpt-6-sol,state_202,RGOCG8-50_8mm,8 mm round pin,Gear_Small,False,False,False,input_crops/state_202/Gear_Small.png,1ba202f6a7dcb3dfb5dfcd5cb62a942310b21b59276bb4441319fd2102e2a13f,raw/gpt6-sol/state_202/RGOCG8-50_8mm/Gear_Small.json,2.6999029999715276,B,,,0.0,0.0022641512221333146,-0.047199,0.9538975530884051,0.9538975530884051,0.9538975530884051,-3.124969,0.04393829568946165,0.04393829568946165,0.04393829568946165
gpt-6-sol,state_202,USB_Male,USB connector + cable,Gear_Small,False,False,False,input_crops/state_202/Gear_Small.png,1ba202f6a7dcb3dfb5dfcd5cb62a942310b21b59276bb4441319fd2102e2a13f,raw/gpt6-sol/state_202/USB_Male/Gear_Small.json,1.3375636000419036,C,,,0.0,0.010361982834772642,,,0.0,0.010361982834772642,-0.010315,0.9897380171652274,0.9897380171652274,0.9897380171652274
gpt-6-sol,state_202,DSUB_Male,DSUB connector,Gear_Small,False,False,False,input_crops/state_202/Gear_Small.png,1ba202f6a7dcb3dfb5dfcd5cb62a942310b21b59276bb4441319fd2102e2a13f,raw/gpt6-sol/state_202/DSUB_Male/Gear_Small.json,1.6878572999848984,C,,,0.0,0.005448644789296531,,,0.0,0.005448644789296531,-0.005363,0.9946513552107035,0.9946513552107035,0.9946513552107035
gpt-6-sol,state_202,Gear_Large,Large gear,Waterproof_Male,False,False,False,input_crops/state_202/Waterproof_Male.png,7cc62a5ff425def58574827d00781d4317eb510bf765d2165d2b375c4555a81c,raw/gpt6-sol/state_202/Gear_Large/Waterproof_Male.json,1.5432216000044718,B,-1.848732,0.1574366694988022,0.1574366694988022,0.1574366694988022,-0.184731,0.8313278809769469,0.8313278809769469,0.8313278809769469,,,0.0,0.011335449524250928
gpt-6-sol,state_202,Gear_Medium,Medium gear,Waterproof_Male,False,False,False,input_crops/state_202/Waterproof_Male.png,7cc62a5ff425def58574827d00781d4317eb510bf765d2165d2b375c4555a81c,raw/gpt6-sol/state_202/Gear_Medium/Waterproof_Male.json,1.4259441999602132,B,-2.414032,0.08945388838901334,0.08945388838901334,0.08945388838901334,-0.104107,0.9011288714732609,0.9011288714732609,0.9011288714732609,,,0.0,0.009517240137725713
gpt-6-sol,state_202,Gear_Small,Small gear,Waterproof_Male,False,False,False,input_crops/state_202/Waterproof_Male.png,7cc62a5ff425def58574827d00781d4317eb510bf765d2165d2b375c4555a81c,raw/gpt6-sol/state_202/Gear_Small/Waterproof_Male.json,1.3338756999582984,B,-2.823814,0.059379038624593074,0.059379038624593074,0.059379038624593074,-0.089931,0.9139942486986752,0.9139942486986752,0.9139942486986752,-3.625992,0.026622674539671785,0.026622674539671785,0.026622674539671785
gpt-6-sol,state_202,Waterproof_Male,Waterproof connector,Waterproof_Male,True,True,False,input_crops/state_202/Waterproof_Male.png,7cc62a5ff425def58574827d00781d4317eb510bf765d2165d2b375c4555a81c,raw/gpt6-sol/state_202/Waterproof_Male/Waterproof_Male.json,1.5052696999628097,C,-1.453381,0.23377854514541838,0.23377854514541838,0.23377854514541838,,,0.0,0.013503620276109417,-0.283932,0.7528178345784722,0.7528178345784722,0.7528178345784722
gpt-6-sol,state_202,M12_Hex_Nut,M12 hex nut,Waterproof_Male,False,False,False,input_crops/state_202/Waterproof_Male.png,7cc62a5ff425def58574827d00781d4317eb510bf765d2165d2b375c4555a81c,raw/gpt6-sol/state_202/M12_Hex_Nut/Waterproof_Male.json,1.4028145999764092,B,-1.716858,0.17962965855987068,0.17962965855987068,0.17962965855987068,-0.221439,0.8013648039100645,0.8013648039100645,0.8013648039100645,,,0.0,0.01910553753006484
gpt-6-sol,state_202,M16_Hex_Nut,M16 hex nut,Waterproof_Male,False,False,False,input_crops/state_202/Waterproof_Male.png,7cc62a5ff425def58574827d00781d4317eb510bf765d2165d2b375c4555a81c,raw/gpt6-sol/state_202/M16_Hex_Nut/Waterproof_Male.json,1.6682244000257924,B,-2.294647,0.10079696831875443,0.10079696831875443,0.10079696831875443,-0.114357,0.8919394766440848,0.8919394766440848,0.8919394766440848,,,0.0,0.007363555037160807
gpt-6-sol,state_202,RGOCG16-50_16mm,16 mm round pin,Waterproof_Male,False,False,False,input_crops/state_202/Waterproof_Male.png,7cc62a5ff425def58574827d00781d4317eb510bf765d2165d2b375c4555a81c,raw/gpt6-sol/state_202/RGOCG16-50_16mm/Waterproof_Male.json,1.2321815000032075,B,,,0.0,0.003017735113011188,-0.002922,0.9970822648869888,0.9970822648869888,0.9970822648869888,,,0.0,0.003017735113011188
gpt-6-sol,state_202,RGOCG12-50_12mm,12 mm round pin,Waterproof_Male,False,False,False,input_crops/state_202/Waterproof_Male.png,7cc62a5ff425def58574827d00781d4317eb510bf765d2165d2b375c4555a81c,raw/gpt6-sol/state_202/RGOCG12-50_12mm/Waterproof_Male.json,1.16311050002696,B,,,0.0,0.000648849327074441,-0.000549,0.9994511506729256,0.9994511506729256,0.9994511506729256,,,0.0,0.000648849327074441
gpt-6-sol,state_202,RGOCG8-50_8mm,8 mm round pin,Waterproof_Male,False,False,False,input_crops/state_202/Waterproof_Male.png,7cc62a5ff425def58574827d00781d4317eb510bf765d2165d2b375c4555a81c,raw/gpt6-sol/state_202/RGOCG8-50_8mm/Waterproof_Male.json,1.5887635999824852,B,,,0.0,0.00044294118222499836,-0.000343,0.999657058817775,0.999657058817775,0.999657058817775,,,0.0,0.00044294118222499836
gpt-6-sol,state_202,USB_Male,USB connector + cable,Waterproof_Male,False,False,False,input_crops/state_202/Waterproof_Male.png,7cc62a5ff425def58574827d00781d4317eb510bf765d2165d2b375c4555a81c,raw/gpt6-sol/state_202/USB_Male/Waterproof_Male.json,1.1735420000040904,C,,,0.0,0.011139113112144005,-0.936726,0.3919088467628825,0.3919088467628825,0.3919088467628825,-0.515751,0.5970520401249735,0.5970520401249735,0.5970520401249735
gpt-6-sol,state_202,DSUB_Male,DSUB connector,Waterproof_Male,False,False,False,input_crops/state_202/Waterproof_Male.png,7cc62a5ff425def58574827d00781d4317eb510bf765d2165d2b375c4555a81c,raw/gpt6-sol/state_202/DSUB_Male/Waterproof_Male.json,1.328396699973382,C,,,0.0,0.018447246753028345,-3.280506,0.037609221725513585,0.037609221725513585,0.037609221725513585,-0.057583,0.944043531521458,0.944043531521458,0.944043531521458
gpt-6-sol,state_202,Gear_Large,Large gear,M12_Hex_Nut,False,False,False,input_crops/state_202/M12_Hex_Nut.png,3718dec057ac940d14b25b665ed81c8e846d2ffe0ea118f40903b6a5da604056,raw/gpt6-sol/state_202/Gear_Large/M12_Hex_Nut.json,1.7221676000044681,A,-0.280483,0.7554187860524273,0.7554187860524273,0.7554187860524273,,,0.0,0.004828683268701795,-1.427731,0.23985253067887088,0.23985253067887088,0.23985253067887088
gpt-6-sol,state_202,Gear_Medium,Medium gear,M12_Hex_Nut,False,False,False,input_crops/state_202/M12_Hex_Nut.png,3718dec057ac940d14b25b665ed81c8e846d2ffe0ea118f40903b6a5da604056,raw/gpt6-sol/state_202/Gear_Medium/M12_Hex_Nut.json,1.2553833000129089,C,-1.37252,0.25346741617782603,0.25346741617782603,0.25346741617782603,,,0.0,0.0023153905792048343,-0.295288,0.7443171932429692,0.7443171932429692,0.7443171932429692
gpt-6-sol,state_202,Gear_Small,Small gear,M12_Hex_Nut,False,False,False,input_crops/state_202/M12_Hex_Nut.png,3718dec057ac940d14b25b665ed81c8e846d2ffe0ea118f40903b6a5da604056,raw/gpt6-sol/state_202/Gear_Small/M12_Hex_Nut.json,1.8832505000173114,A,-0.40044,0.6700251700928483,0.6700251700928483,0.6700251700928483,,,0.0,0.0031879170043109914,-1.118141,0.3268869129028407,0.3268869129028407,0.3268869129028407
gpt-6-sol,state_202,Waterproof_Male,Waterproof connector,M12_Hex_Nut,False,False,False,input_crops/state_202/M12_Hex_Nut.png,3718dec057ac940d14b25b665ed81c8e846d2ffe0ea118f40903b6a5da604056,raw/gpt6-sol/state_202/Waterproof_Male/M12_Hex_Nut.json,1.5558471000404097,C,,,0.0,0.0018384870776222528,,,0.0,0.0018384870776222528,-0.00174,0.9982615129223777,0.9982615129223777,0.9982615129223777
gpt-6-sol,state_202,M12_Hex_Nut,M12 hex nut,M12_Hex_Nut,True,True,False,input_crops/state_202/M12_Hex_Nut.png,3718dec057ac940d14b25b665ed81c8e846d2ffe0ea118f40903b6a5da604056,raw/gpt6-sol/state_202/M12_Hex_Nut/M12_Hex_Nut.json,2.1312604999984615,A,-0.296902,0.7431168342433653,0.7431168342433653,0.7431168342433653,,,0.0,0.002821567334062591,-1.369785,0.2541615984225722,0.2541615984225722,0.2541615984225722
gpt-6-sol,state_202,M16_Hex_Nut,M16 hex nut,M12_Hex_Nut,False,True,False,input_crops/state_202/M12_Hex_Nut.png,3718dec057ac940d14b25b665ed81c8e846d2ffe0ea118f40903b6a5da604056,raw/gpt6-sol/state_202/M16_Hex_Nut/M12_Hex_Nut.json,1.3200407000258565,A,-0.181614,0.8339231726427596,0.8339231726427596,0.8339231726427596,,,0.0,0.000801553405550559,-1.799538,0.16537527395168988,0.16537527395168988,0.16537527395168988
gpt-6-sol,state_202,RGOCG16-50_16mm,16 mm round pin,M12_Hex_Nut,False,False,False,input_crops/state_202/M12_Hex_Nut.png,3718dec057ac940d14b25b665ed81c8e846d2ffe0ea118f40903b6a5da604056,raw/gpt6-sol/state_202/RGOCG16-50_16mm/M12_Hex_Nut.json,1.7417766999569722,C,,,0.0,0.010022444467383772,,,0.0,0.010022444467383772,-0.009972,0.9900775555326162,0.9900775555326162,0.9900775555326162
gpt-6-sol,state_202,RGOCG12-50_12mm,12 mm round pin,M12_Hex_Nut,False,False,False,input_crops/state_202/M12_Hex_Nut.png,3718dec057ac940d14b25b665ed81c8e846d2ffe0ea118f40903b6a5da604056,raw/gpt6-sol/state_202/RGOCG12-50_12mm/M12_Hex_Nut.json,1.4248743000207469,C,-3.531719,0.029254583989308285,0.029254583989308285,0.029254583989308285,,,0.0,0.003828219185391124,-0.033539,0.9670171968253006,0.9670171968253006,0.9670171968253006
gpt-6-sol,state_202,RGOCG8-50_8mm,8 mm round pin,M12_Hex_Nut,False,False,False,input_crops/state_202/M12_Hex_Nut.png,3718dec057ac940d14b25b665ed81c8e846d2ffe0ea118f40903b6a5da604056,raw/gpt6-sol/state_202/RGOCG8-50_8mm/M12_Hex_Nut.json,1.393037700036075,C,,,0.0,0.009764990835423492,,,0.0,0.009764990835423492,-0.009712,0.9903350091645765,0.9903350091645765,0.9903350091645765
gpt-6-sol,state_202,USB_Male,USB connector + cable,M12_Hex_Nut,False,False,False,input_crops/state_202/M12_Hex_Nut.png,3718dec057ac940d14b25b665ed81c8e846d2ffe0ea118f40903b6a5da604056,raw/gpt6-sol/state_202/USB_Male/M12_Hex_Nut.json,1.260982799984049,C,,,0.0,0.0001,-0.710716,0.491292306207685,0.491292306207685,0.491292306207685,-0.67588,0.508708560044964,0.508708560044964,0.508708560044964
gpt-6-sol,state_202,DSUB_Male,DSUB connector,M12_Hex_Nut,False,False,False,input_crops/state_202/M12_Hex_Nut.png,3718dec057ac940d14b25b665ed81c8e846d2ffe0ea118f40903b6a5da604056,raw/gpt6-sol/state_202/DSUB_Male/M12_Hex_Nut.json,2.7040987000218593,C,,,0.0,0.00010131210809972693,-0.771111,0.46249894643991646,0.46249894643991646,0.46249894643991646,-0.620827,0.5374997414519838,0.5374997414519838,0.5374997414519838
gpt-6-sol,state_202,Gear_Large,Large gear,M16_Hex_Nut,False,False,False,input_crops/state_202/M16_Hex_Nut.png,0ba075552bcc00319db0033a5921c1693c2dd389f4f45ec5db2d02ec76429ef3,raw/gpt6-sol/state_202/Gear_Large/M16_Hex_Nut.json,1.7153050000197254,C,-3.498219,0.030251212883099725,0.030251212883099725,0.030251212883099725,-3.6166,0.02687389257217689,0.02687389257217689,0.02687389257217689,-0.058826,0.9428708144064559,0.9428708144064559,0.9428708144064559
gpt-6-sol,state_202,Gear_Medium,Medium gear,M16_Hex_Nut,False,False,False,input_crops/state_202/M16_Hex_Nut.png,0ba075552bcc00319db0033a5921c1693c2dd389f4f45ec5db2d02ec76429ef3,raw/gpt6-sol/state_202/Gear_Medium/M16_Hex_Nut.json,1.1821611999766901,B,-0.959305,0.3831590890257096,0.3831590890257096,0.3831590890257096,-0.575012,0.5626981163890447,0.5626981163890447,0.5626981163890447,-2.916306,0.05413328677450051,0.05413328677450051,0.05413328677450051
gpt-6-sol,state_202,Gear_Small,Small gear,M16_Hex_Nut,False,False,False,input_crops/state_202/M16_Hex_Nut.png,0ba075552bcc00319db0033a5921c1693c2dd389f4f45ec5db2d02ec76429ef3,raw/gpt6-sol/state_202/Gear_Small/M16_Hex_Nut.json,1.4144189999788068,C,-2.653854,0.07037944731427266,0.07037944731427266,0.07037944731427266,-3.34605,0.03522321136209101,0.03522321136209101,0.03522321136209101,-0.111599,0.8944028411388294,0.8944028411388294,0.8944028411388294
gpt-6-sol,state_202,Waterproof_Male,Waterproof connector,M16_Hex_Nut,False,False,False,input_crops/state_202/M16_Hex_Nut.png,0ba075552bcc00319db0033a5921c1693c2dd389f4f45ec5db2d02ec76429ef3,raw/gpt6-sol/state_202/Waterproof_Male/M16_Hex_Nut.json,1.376769000024069,C,-3.019104,0.048844963848716734,0.048844963848716734,0.048844963848716734,,,0.0,0.00029667340841678093,-0.050285,0.9509583627428665,0.9509583627428665,0.9509583627428665
gpt-6-sol,state_202,M12_Hex_Nut,M12 hex nut,M16_Hex_Nut,False,True,False,input_crops/state_202/M16_Hex_Nut.png,0ba075552bcc00319db0033a5921c1693c2dd389f4f45ec5db2d02ec76429ef3,raw/gpt6-sol/state_202/M12_Hex_Nut/M16_Hex_Nut.json,1.5388411999447271,A,-0.079857,0.923248361463022,0.923248361463022,0.923248361463022,-3.208015,0.04043680070907769,0.04043680070907769,0.04043680070907769,-3.315075,0.03633132362588364,0.03633132362588364,0.03633132362588364
gpt-6-sol,state_202,M16_Hex_Nut,M16 hex nut,M16_Hex_Nut,True,True,False,input_crops/state_202/M16_Hex_Nut.png,0ba075552bcc00319db0033a5921c1693c2dd389f4f45ec5db2d02ec76429ef3,raw/gpt6-sol/state_202/M16_Hex_Nut/M16_Hex_Nut.json,1.404116299992893,A,-0.009789,0.9902587563046437,0.9902587563046437,0.9902587563046437,,,0.0,0.009841243695356338,,,0.0,0.009841243695356338
gpt-6-sol,state_202,RGOCG16-50_16mm,16 mm round pin,M16_Hex_Nut,False,False,False,input_crops/state_202/M16_Hex_Nut.png,0ba075552bcc00319db0033a5921c1693c2dd389f4f45ec5db2d02ec76429ef3,raw/gpt6-sol/state_202/RGOCG16-50_16mm/M16_Hex_Nut.json,1.8911998000112362,C,-2.431969,0.08786365860474789,0.08786365860474789,0.08786365860474789,-3.74757,0.02357496346968447,0.02357496346968447,0.02357496346968447,-0.118153,0.8885600925197799,0.8885600925197799,0.8885600925197799
gpt-6-sol,state_202,RGOCG12-50_12mm,12 mm round pin,M16_Hex_Nut,False,False,False,input_crops/state_202/M16_Hex_Nut.png,0ba075552bcc00319db0033a5921c1693c2dd389f4f45ec5db2d02ec76429ef3,raw/gpt6-sol/state_202/RGOCG12-50_12mm/M16_Hex_Nut.json,1.4873577000107616,C,-2.293381,0.1009246580912173,0.1009246580912173,0.1009246580912173,-3.444462,0.031921931422736013,0.031921931422736013,0.031921931422736013,-0.14254,0.867152867483824,0.867152867483824,0.867152867483824
gpt-6-sol,state_202,RGOCG8-50_8mm,8 mm round pin,M16_Hex_Nut,False,False,False,input_crops/state_202/M16_Hex_Nut.png,0ba075552bcc00319db0033a5921c1693c2dd389f4f45ec5db2d02ec76429ef3,raw/gpt6-sol/state_202/RGOCG8-50_8mm/M16_Hex_Nut.json,2.2187748000142165,C,-2.125443,0.11938007117934737,0.11938007117934737,0.11938007117934737,-2.380157,0.09253604821025405,0.09253604821025405,0.09253604821025405,-0.238152,0.7880828933895804,0.7880828933895804,0.7880828933895804
gpt-6-sol,state_202,USB_Male,USB connector + cable,M16_Hex_Nut,False,False,False,input_crops/state_202/M16_Hex_Nut.png,0ba075552bcc00319db0033a5921c1693c2dd389f4f45ec5db2d02ec76429ef3,raw/gpt6-sol/state_202/USB_Male/M16_Hex_Nut.json,1.3482809999841265,B,,,0.0,0.00010142994896434879,-0.286175,0.7511311564921331,0.7511311564921331,0.7511311564921331,-1.390835,0.24886741355890252,0.24886741355890252,0.24886741355890252
gpt-6-sol,state_202,DSUB_Male,DSUB connector,M16_Hex_Nut,False,False,False,input_crops/state_202/M16_Hex_Nut.png,0ba075552bcc00319db0033a5921c1693c2dd389f4f45ec5db2d02ec76429ef3,raw/gpt6-sol/state_202/DSUB_Male/M16_Hex_Nut.json,1.425936100014951,B,,,0.0,0.004264305134262914,-0.004173,0.9958356948657371,0.9958356948657371,0.9958356948657371,,,0.0,0.004264305134262914
gpt-6-sol,state_202,Gear_Large,Large gear,RGOCG16-50_16mm,False,False,False,input_crops/state_202/RGOCG16-50_16mm.png,c85b3a16f2ee10630cb2f8f1de795a4f7653eeb4dbefbe4387be155ffc8f6a9d,raw/gpt6-sol/state_202/Gear_Large/RGOCG16-50_16mm.json,1.4569143000408076,B,,,0.0,0.0012513367027305988,-0.001152,0.9988486632972694,0.9988486632972694,0.9988486632972694,,,0.0,0.0012513367027305988
gpt-6-sol,state_202,Gear_Medium,Medium gear,RGOCG16-50_16mm,False,False,False,input_crops/state_202/RGOCG16-50_16mm.png,c85b3a16f2ee10630cb2f8f1de795a4f7653eeb4dbefbe4387be155ffc8f6a9d,raw/gpt6-sol/state_202/Gear_Medium/RGOCG16-50_16mm.json,1.6942073999671265,B,,,0.0,0.0003979556024103047,-0.000298,0.9997020443975897,0.9997020443975897,0.9997020443975897,,,0.0,0.0003979556024103047
gpt-6-sol,state_202,Gear_Small,Small gear,RGOCG16-50_16mm,False,False,False,input_crops/state_202/RGOCG16-50_16mm.png,c85b3a16f2ee10630cb2f8f1de795a4f7653eeb4dbefbe4387be155ffc8f6a9d,raw/gpt6-sol/state_202/Gear_Small/RGOCG16-50_16mm.json,1.7335598000208847,B,,,0.0,0.00014599894201617881,-4.6e-05,0.9999540010579838,0.9999540010579838,0.9999540010579838,,,0.0,0.00014599894201617881
gpt-6-sol,state_202,Waterproof_Male,Waterproof connector,RGOCG16-50_16mm,False,False,False,input_crops/state_202/RGOCG16-50_16mm.png,c85b3a16f2ee10630cb2f8f1de795a4f7653eeb4dbefbe4387be155ffc8f6a9d,raw/gpt6-sol/state_202/Waterproof_Male/RGOCG16-50_16mm.json,1.449494800006505,B,,,0.0,0.01434062919475677,-0.014343,0.9857593708052432,0.9857593708052432,0.9857593708052432,,,0.0,0.01434062919475677
gpt-6-sol,state_202,M12_Hex_Nut,M12 hex nut,RGOCG16-50_16mm,False,False,False,input_crops/state_202/RGOCG16-50_16mm.png,c85b3a16f2ee10630cb2f8f1de795a4f7653eeb4dbefbe4387be155ffc8f6a9d,raw/gpt6-sol/state_202/M12_Hex_Nut/RGOCG16-50_16mm.json,1.9198089999845251,B,,,0.0,0.00038196024173732236,-0.000282,0.9997180397582627,0.9997180397582627,0.9997180397582627,,,0.0,0.00038196024173732236
gpt-6-sol,state_202,M16_Hex_Nut,M16 hex nut,RGOCG16-50_16mm,False,False,False,input_crops/state_202/RGOCG16-50_16mm.png,c85b3a16f2ee10630cb2f8f1de795a4f7653eeb4dbefbe4387be155ffc8f6a9d,raw/gpt6-sol/state_202/M16_Hex_Nut/RGOCG16-50_16mm.json,1.4135143000166863,B,,,0.0,0.00013099951950491508,-3.1e-05,0.9999690004804951,0.9999690004804951,0.9999690004804951,,,0.0,0.00013099951950491508
gpt-6-sol,state_202,RGOCG16-50_16mm,16 mm round pin,RGOCG16-50_16mm,True,True,False,input_crops/state_202/RGOCG16-50_16mm.png,c85b3a16f2ee10630cb2f8f1de795a4f7653eeb4dbefbe4387be155ffc8f6a9d,raw/gpt6-sol/state_202/RGOCG16-50_16mm/RGOCG16-50_16mm.json,1.3691825999994762,A,-0.000179,0.9998210160195442,0.9998210160195442,0.9998210160195442,,,0.0,0.00027898398045579355,,,0.0,0.00027898398045579355
gpt-6-sol,state_202,RGOCG12-50_12mm,12 mm round pin,RGOCG16-50_16mm,False,True,False,input_crops/state_202/RGOCG16-50_16mm.png,c85b3a16f2ee10630cb2f8f1de795a4f7653eeb4dbefbe4387be155ffc8f6a9d,raw/gpt6-sol/state_202/RGOCG12-50_12mm/RGOCG16-50_16mm.json,1.7581419000052847,A,-0.000183,0.9998170167434787,0.9998170167434787,0.9998170167434787,,,0.0,0.0002829832565213296,,,0.0,0.0002829832565213296
gpt-6-sol,state_202,RGOCG8-50_8mm,8 mm round pin,RGOCG16-50_16mm,False,True,False,input_crops/state_202/RGOCG16-50_16mm.png,c85b3a16f2ee10630cb2f8f1de795a4f7653eeb4dbefbe4387be155ffc8f6a9d,raw/gpt6-sol/state_202/RGOCG8-50_8mm/RGOCG16-50_16mm.json,1.0846703000133857,A,-7.6e-05,0.9999240028879268,0.9999240028879268,0.9999240028879268,,,0.0,0.00017599711207317838,,,0.0,0.00017599711207317838
gpt-6-sol,state_202,USB_Male,USB connector + cable,RGOCG16-50_16mm,False,False,False,input_crops/state_202/RGOCG16-50_16mm.png,c85b3a16f2ee10630cb2f8f1de795a4f7653eeb4dbefbe4387be155ffc8f6a9d,raw/gpt6-sol/state_202/USB_Male/RGOCG16-50_16mm.json,1.5348982000141405,B,,,0.0,0.0024093293865492635,-0.002312,0.9976906706134507,0.9976906706134507,0.9976906706134507,,,0.0,0.0024093293865492635
gpt-6-sol,state_202,DSUB_Male,DSUB connector,RGOCG16-50_16mm,False,False,False,input_crops/state_202/RGOCG16-50_16mm.png,c85b3a16f2ee10630cb2f8f1de795a4f7653eeb4dbefbe4387be155ffc8f6a9d,raw/gpt6-sol/state_202/DSUB_Male/RGOCG16-50_16mm.json,1.524488199967891,B,,,0.0,0.0001,0.0,1.0,1.0,1.0,,,0.0,0.0001
gpt-6-sol,state_202,Gear_Large,Large gear,RGOCG12-50_12mm,False,False,False,input_crops/state_202/RGOCG12-50_12mm.png,bbb4a034468a62ce3f34a1a319fc879384d925839ada0d367263cbcbbff41d70,raw/gpt6-sol/state_202/Gear_Large/RGOCG12-50_12mm.json,1.311646500020288,B,,,0.0,0.0003289737815013293,-0.000229,0.9997710262184987,0.9997710262184987,0.9997710262184987,,,0.0,0.0003289737815013293
gpt-6-sol,state_202,Gear_Medium,Medium gear,RGOCG12-50_12mm,False,False,False,input_crops/state_202/RGOCG12-50_12mm.png,bbb4a034468a62ce3f34a1a319fc879384d925839ada0d367263cbcbbff41d70,raw/gpt6-sol/state_202/Gear_Medium/RGOCG12-50_12mm.json,1.5539788999594748,B,,,0.0,0.00011899981950115315,-1.9e-05,0.9999810001804988,0.9999810001804988,0.9999810001804988,,,0.0,0.00011899981950115315
gpt-6-sol,state_202,Gear_Small,Small gear,RGOCG12-50_12mm,False,False,False,input_crops/state_202/RGOCG12-50_12mm.png,bbb4a034468a62ce3f34a1a319fc879384d925839ada0d367263cbcbbff41d70,raw/gpt6-sol/state_202/Gear_Small/RGOCG12-50_12mm.json,1.475849999987986,B,,,0.0,0.0003669643586721282,-0.000267,0.9997330356413279,0.9997330356413279,0.9997330356413279,,,0.0,0.0003669643586721282
gpt-6-sol,state_202,Waterproof_Male,Waterproof connector,RGOCG12-50_12mm,False,False,False,input_crops/state_202/RGOCG12-50_12mm.png,bbb4a034468a62ce3f34a1a319fc879384d925839ada0d367263cbcbbff41d70,raw/gpt6-sol/state_202/Waterproof_Male/RGOCG12-50_12mm.json,1.6020722999819554,B,,,0.0,0.00021399350224694515,-0.000114,0.999886006497753,0.999886006497753,0.999886006497753,,,0.0,0.00021399350224694515
gpt-6-sol,state_202,M12_Hex_Nut,M12 hex nut,RGOCG12-50_12mm,False,False,False,input_crops/state_202/RGOCG12-50_12mm.png,bbb4a034468a62ce3f34a1a319fc879384d925839ada0d367263cbcbbff41d70,raw/gpt6-sol/state_202/M12_Hex_Nut/RGOCG12-50_12mm.json,2.5948366000084206,B,,,0.0,0.00010799996800004977,-8e-06,0.999992000032,0.999992000032,0.999992000032,,,0.0,0.00010799996800004977
gpt-6-sol,state_202,M16_Hex_Nut,M16 hex nut,RGOCG12-50_12mm,False,False,False,input_crops/state_202/RGOCG12-50_12mm.png,bbb4a034468a62ce3f34a1a319fc879384d925839ada0d367263cbcbbff41d70,raw/gpt6-sol/state_202/M16_Hex_Nut/RGOCG12-50_12mm.json,1.3333192999707535,B,,,0.0,0.00010399999199995893,-4e-06,0.999996000008,0.999996000008,0.999996000008,,,0.0,0.00010399999199995893
gpt-6-sol,state_202,RGOCG16-50_16mm,16 mm round pin,RGOCG12-50_12mm,False,True,False,input_crops/state_202/RGOCG12-50_12mm.png,bbb4a034468a62ce3f34a1a319fc879384d925839ada0d367263cbcbbff41d70,raw/gpt6-sol/state_202/RGOCG16-50_16mm/RGOCG12-50_12mm.json,1.2591960999998264,A,-2.7e-05,0.9999730003644968,0.9999730003644968,0.9999730003644968,,,0.0,0.00012699963550323313,,,0.0,0.00012699963550323313
gpt-6-sol,state_202,RGOCG12-50_12mm,12 mm round pin,RGOCG12-50_12mm,True,True,False,input_crops/state_202/RGOCG12-50_12mm.png,bbb4a034468a62ce3f34a1a319fc879384d925839ada0d367263cbcbbff41d70,raw/gpt6-sol/state_202/RGOCG12-50_12mm/RGOCG12-50_12mm.json,1.751425999973435,A,-8.4e-05,0.9999160035279012,0.9999160035279012,0.9999160035279012,,,0.0,0.00018399647209877958,,,0.0,0.00018399647209877958
gpt-6-sol,state_202,RGOCG8-50_8mm,8 mm round pin,RGOCG12-50_12mm,False,True,False,input_crops/state_202/RGOCG12-50_12mm.png,bbb4a034468a62ce3f34a1a319fc879384d925839ada0d367263cbcbbff41d70,raw/gpt6-sol/state_202/RGOCG8-50_8mm/RGOCG12-50_12mm.json,1.5727850999683142,A,-8.4e-05,0.9999160035279012,0.9999160035279012,0.9999160035279012,,,0.0,0.00018399647209877958,,,0.0,0.00018399647209877958
gpt-6-sol,state_202,USB_Male,USB connector + cable,RGOCG12-50_12mm,False,False,False,input_crops/state_202/RGOCG12-50_12mm.png,bbb4a034468a62ce3f34a1a319fc879384d925839ada0d367263cbcbbff41d70,raw/gpt6-sol/state_202/USB_Male/RGOCG12-50_12mm.json,1.8164312000153586,B,,,0.0,0.0001,-0.056419,0.9451430379807652,0.9451430379807652,0.9451430379807652,-2.902832,0.05486761473833698,0.05486761473833698,0.05486761473833698
gpt-6-sol,state_202,DSUB_Male,DSUB connector,RGOCG12-50_12mm,False,False,False,input_crops/state_202/RGOCG12-50_12mm.png,bbb4a034468a62ce3f34a1a319fc879384d925839ada0d367263cbcbbff41d70,raw/gpt6-sol/state_202/DSUB_Male/RGOCG12-50_12mm.json,1.2341981999925338,B,,,0.0,0.000210993839727902,-0.000111,0.9998890061602721,0.9998890061602721,0.9998890061602721,,,0.0,0.000210993839727902
gpt-6-sol,state_202,Gear_Large,Large gear,RGOCG8-50_8mm,False,False,False,input_crops/state_202/RGOCG8-50_8mm.png,ed49e017a0769fe65094309e267d7d685bb07b4725667e6832021ce33158fc67,raw/gpt6-sol/state_202/Gear_Large/RGOCG8-50_8mm.json,1.5355048999772407,B,,,0.0,0.017996913433190775,-0.018059,0.9821030865668092,0.9821030865668092,0.9821030865668092,,,0.0,0.017996913433190775
gpt-6-sol,state_202,Gear_Medium,Medium gear,RGOCG8-50_8mm,False,False,False,input_crops/state_202/RGOCG8-50_8mm.png,ed49e017a0769fe65094309e267d7d685bb07b4725667e6832021ce33158fc67,raw/gpt6-sol/state_202/Gear_Medium/RGOCG8-50_8mm.json,1.3080890999990515,B,,,0.0,0.0003209755812988545,-0.000221,0.9997790244187011,0.9997790244187011,0.9997790244187011,,,0.0,0.0003209755812988545
gpt-6-sol,state_202,Gear_Small,Small gear,RGOCG8-50_8mm,False,False,False,input_crops/state_202/RGOCG8-50_8mm.png,ed49e017a0769fe65094309e267d7d685bb07b4725667e6832021ce33158fc67,raw/gpt6-sol/state_202/Gear_Small/RGOCG8-50_8mm.json,1.3886339999735355,B,,,0.0,0.0007258041028793793,-0.000626,0.9993741958971206,0.9993741958971206,0.9993741958971206,,,0.0,0.0007258041028793793
gpt-6-sol,state_202,Waterproof_Male,Waterproof connector,RGOCG8-50_8mm,False,False,False,input_crops/state_202/RGOCG8-50_8mm.png,ed49e017a0769fe65094309e267d7d685bb07b4725667e6832021ce33158fc67,raw/gpt6-sol/state_202/Waterproof_Male/RGOCG8-50_8mm.json,1.3000147000420839,B,,,0.0,0.00016099813953786003,-6.1e-05,0.9999390018604621,0.9999390018604621,0.9999390018604621,,,0.0,0.00016099813953786003
gpt-6-sol,state_202,M12_Hex_Nut,M12 hex nut,RGOCG8-50_8mm,False,False,False,input_crops/state_202/RGOCG8-50_8mm.png,ed49e017a0769fe65094309e267d7d685bb07b4725667e6832021ce33158fc67,raw/gpt6-sol/state_202/M12_Hex_Nut/RGOCG8-50_8mm.json,1.831358099996578,B,,,0.0,0.0001,4e-06,1.0,1.0,1.0,,,0.0,0.0001
gpt-6-sol,state_202,M16_Hex_Nut,M16 hex nut,RGOCG8-50_8mm,False,False,False,input_crops/state_202/RGOCG8-50_8mm.png,ed49e017a0769fe65094309e267d7d685bb07b4725667e6832021ce33158fc67,raw/gpt6-sol/state_202/M16_Hex_Nut/RGOCG8-50_8mm.json,1.5633247999940068,B,,,0.0,0.0001,1.5e-05,1.0,1.0,1.0,,,0.0,0.0001
gpt-6-sol,state_202,RGOCG16-50_16mm,16 mm round pin,RGOCG8-50_8mm,False,True,False,input_crops/state_202/RGOCG8-50_8mm.png,ed49e017a0769fe65094309e267d7d685bb07b4725667e6832021ce33158fc67,raw/gpt6-sol/state_202/RGOCG16-50_16mm/RGOCG8-50_8mm.json,1.2003966000047512,A,-0.001175,0.998825690042207,0.998825690042207,0.998825690042207,,,0.0,0.0012743099577929961,,,0.0,0.0012743099577929961
gpt-6-sol,state_202,RGOCG12-50_12mm,12 mm round pin,RGOCG8-50_8mm,False,True,False,input_crops/state_202/RGOCG8-50_8mm.png,ed49e017a0769fe65094309e267d7d685bb07b4725667e6832021ce33158fc67,raw/gpt6-sol/state_202/RGOCG12-50_12mm/RGOCG8-50_8mm.json,1.1453089999849908,A,-1.5e-05,0.9999850001124995,0.9999850001124995,0.9999850001124995,,,0.0,0.00011499988750053305,,,0.0,0.00011499988750053305
gpt-6-sol,state_202,RGOCG8-50_8mm,8 mm round pin,RGOCG8-50_8mm,True,True,False,input_crops/state_202/RGOCG8-50_8mm.png,ed49e017a0769fe65094309e267d7d685bb07b4725667e6832021ce33158fc67,raw/gpt6-sol/state_202/RGOCG8-50_8mm/RGOCG8-50_8mm.json,1.0829575999523513,A,-8.4e-05,0.9999160035279012,0.9999160035279012,0.9999160035279012,,,0.0,0.00018399647209877958,,,0.0,0.00018399647209877958
gpt-6-sol,state_202,USB_Male,USB connector + cable,RGOCG8-50_8mm,False,False,False,input_crops/state_202/RGOCG8-50_8mm.png,ed49e017a0769fe65094309e267d7d685bb07b4725667e6832021ce33158fc67,raw/gpt6-sol/state_202/USB_Male/RGOCG8-50_8mm.json,1.953993300034199,B,,,0.0,0.007564004924662038,-0.007492,0.992535995075338,0.992535995075338,0.992535995075338,,,0.0,0.007564004924662038
gpt-6-sol,state_202,DSUB_Male,DSUB connector,RGOCG8-50_8mm,False,False,False,input_crops/state_202/RGOCG8-50_8mm.png,ed49e017a0769fe65094309e267d7d685bb07b4725667e6832021ce33158fc67,raw/gpt6-sol/state_202/DSUB_Male/RGOCG8-50_8mm.json,1.1813507999759167,B,,,0.0,0.0015519449065787394,-0.001453,0.9985480550934213,0.9985480550934213,0.9985480550934213,,,0.0,0.0015519449065787394
gpt-6-sol,state_202,Gear_Large,Large gear,USB_Male,False,False,False,input_crops/state_202/USB_Male.png,a0c930dd9c5206a04601a466c9f68dc4c1e3f4ee1c0f97f37b0b950adec45985,raw/gpt6-sol/state_202/Gear_Large/USB_Male.json,1.2740312000387348,B,,,0.0,0.00011499988750053305,-1.5e-05,0.9999850001124995,0.9999850001124995,0.9999850001124995,,,0.0,0.00011499988750053305
gpt-6-sol,state_202,Gear_Medium,Medium gear,USB_Male,False,False,False,input_crops/state_202/USB_Male.png,a0c930dd9c5206a04601a466c9f68dc4c1e3f4ee1c0f97f37b0b950adec45985,raw/gpt6-sol/state_202/Gear_Medium/USB_Male.json,1.237569099990651,B,,,0.0,0.0001,8e-06,1.0,1.0,1.0,,,0.0,0.0001
gpt-6-sol,state_202,Gear_Small,Small gear,USB_Male,False,False,False,input_crops/state_202/USB_Male.png,a0c930dd9c5206a04601a466c9f68dc4c1e3f4ee1c0f97f37b0b950adec45985,raw/gpt6-sol/state_202/Gear_Small/USB_Male.json,1.545535299985204,B,,,0.0,0.00011499988750053305,-1.5e-05,0.9999850001124995,0.9999850001124995,0.9999850001124995,,,0.0,0.00011499988750053305
gpt-6-sol,state_202,Waterproof_Male,Waterproof connector,USB_Male,False,False,False,input_crops/state_202/USB_Male.png,a0c930dd9c5206a04601a466c9f68dc4c1e3f4ee1c0f97f37b0b950adec45985,raw/gpt6-sol/state_202/Waterproof_Male/USB_Male.json,1.2239089999930002,B,,,0.0,0.00010399999199995893,-4e-06,0.999996000008,0.999996000008,0.999996000008,,,0.0,0.00010399999199995893
gpt-6-sol,state_202,M12_Hex_Nut,M12 hex nut,USB_Male,False,False,False,input_crops/state_202/USB_Male.png,a0c930dd9c5206a04601a466c9f68dc4c1e3f4ee1c0f97f37b0b950adec45985,raw/gpt6-sol/state_202/M12_Hex_Nut/USB_Male.json,1.4338430999778211,B,,,0.0,0.00010799996800004977,-8e-06,0.999992000032,0.999992000032,0.999992000032,,,0.0,0.00010799996800004977
gpt-6-sol,state_202,M16_Hex_Nut,M16 hex nut,USB_Male,False,False,False,input_crops/state_202/USB_Male.png,a0c930dd9c5206a04601a466c9f68dc4c1e3f4ee1c0f97f37b0b950adec45985,raw/gpt6-sol/state_202/M16_Hex_Nut/USB_Male.json,1.264937200001441,B,,,0.0,0.0001,8e-06,1.0,1.0,1.0,,,0.0,0.0001
gpt-6-sol,state_202,RGOCG16-50_16mm,16 mm round pin,USB_Male,False,False,False,input_crops/state_202/USB_Male.png,a0c930dd9c5206a04601a466c9f68dc4c1e3f4ee1c0f97f37b0b950adec45985,raw/gpt6-sol/state_202/RGOCG16-50_16mm/USB_Male.json,1.210665800026618,B,,,0.0,0.0001,1.5e-05,1.0,1.0,1.0,,,0.0,0.0001
gpt-6-sol,state_202,RGOCG12-50_12mm,12 mm round pin,USB_Male,False,False,False,input_crops/state_202/USB_Male.png,a0c930dd9c5206a04601a466c9f68dc4c1e3f4ee1c0f97f37b0b950adec45985,raw/gpt6-sol/state_202/RGOCG12-50_12mm/USB_Male.json,1.3045180999906734,B,,,0.0,0.0001,8e-06,1.0,1.0,1.0,,,0.0,0.0001
gpt-6-sol,state_202,RGOCG8-50_8mm,8 mm round pin,USB_Male,False,False,False,input_crops/state_202/USB_Male.png,a0c930dd9c5206a04601a466c9f68dc4c1e3f4ee1c0f97f37b0b950adec45985,raw/gpt6-sol/state_202/RGOCG8-50_8mm/USB_Male.json,1.2229662999743596,B,,,0.0,0.00011499988750053305,-1.5e-05,0.9999850001124995,0.9999850001124995,0.9999850001124995,,,0.0,0.00011499988750053305
gpt-6-sol,state_202,USB_Male,USB connector + cable,USB_Male,True,True,False,input_crops/state_202/USB_Male.png,a0c930dd9c5206a04601a466c9f68dc4c1e3f4ee1c0f97f37b0b950adec45985,raw/gpt6-sol/state_202/USB_Male/USB_Male.json,1.4409724000142887,A,-0.005875,0.994142224065531,0.994142224065531,0.994142224065531,,,0.0,0.005957775934469012,,,0.0,0.005957775934469012
gpt-6-sol,state_202,DSUB_Male,DSUB connector,USB_Male,False,False,False,input_crops/state_202/USB_Male.png,a0c930dd9c5206a04601a466c9f68dc4c1e3f4ee1c0f97f37b0b950adec45985,raw/gpt6-sol/state_202/DSUB_Male/USB_Male.json,1.3646391999791376,B,,,0.0,0.0001109999395002669,-1.1e-05,0.9999890000604997,0.9999890000604997,0.9999890000604997,,,0.0,0.0001109999395002669
gpt-6-sol,state_202,Gear_Large,Large gear,DSUB_Male,False,False,False,input_crops/state_202/DSUB_Male.png,7cc2d3860523df277d6407a141d1e6f5ac1825291a509806faae51c8b11dadd5,raw/gpt6-sol/state_202/Gear_Large/DSUB_Male.json,1.446174599986989,B,,,0.0,0.0001,4e-06,1.0,1.0,1.0,,,0.0,0.0001
gpt-6-sol,state_202,Gear_Medium,Medium gear,DSUB_Male,False,False,False,input_crops/state_202/DSUB_Male.png,7cc2d3860523df277d6407a141d1e6f5ac1825291a509806faae51c8b11dadd5,raw/gpt6-sol/state_202/Gear_Medium/DSUB_Male.json,1.568735499982722,B,,,0.0,0.0001,4e-06,1.0,1.0,1.0,,,0.0,0.0001
gpt-6-sol,state_202,Gear_Small,Small gear,DSUB_Male,False,False,False,input_crops/state_202/DSUB_Male.png,7cc2d3860523df277d6407a141d1e6f5ac1825291a509806faae51c8b11dadd5,raw/gpt6-sol/state_202/Gear_Small/DSUB_Male.json,1.4122776999720372,B,,,0.0,0.00010399999199995893,-4e-06,0.999996000008,0.999996000008,0.999996000008,,,0.0,0.00010399999199995893
gpt-6-sol,state_202,Waterproof_Male,Waterproof connector,DSUB_Male,False,False,False,input_crops/state_202/DSUB_Male.png,7cc2d3860523df277d6407a141d1e6f5ac1825291a509806faae51c8b11dadd5,raw/gpt6-sol/state_202/Waterproof_Male/DSUB_Male.json,1.6475612999638543,A,-0.007317,0.9927097040735702,0.9927097040735702,0.9927097040735702,,,0.0,0.007390295926429824,,,0.0,0.007390295926429824
gpt-6-sol,state_202,M12_Hex_Nut,M12 hex nut,DSUB_Male,False,False,False,input_crops/state_202/DSUB_Male.png,7cc2d3860523df277d6407a141d1e6f5ac1825291a509806faae51c8b11dadd5,raw/gpt6-sol/state_202/M12_Hex_Nut/DSUB_Male.json,1.577034600020852,B,,,0.0,0.0001,2.3e-05,1.0,1.0,1.0,,,0.0,0.0001
gpt-6-sol,state_202,M16_Hex_Nut,M16 hex nut,DSUB_Male,False,False,False,input_crops/state_202/DSUB_Male.png,7cc2d3860523df277d6407a141d1e6f5ac1825291a509806faae51c8b11dadd5,raw/gpt6-sol/state_202/M16_Hex_Nut/DSUB_Male.json,1.3064555000164546,B,,,0.0,0.0001,0.0,1.0,1.0,1.0,,,0.0,0.0001
gpt-6-sol,state_202,RGOCG16-50_16mm,16 mm round pin,DSUB_Male,False,False,False,input_crops/state_202/DSUB_Male.png,7cc2d3860523df277d6407a141d1e6f5ac1825291a509806faae51c8b11dadd5,raw/gpt6-sol/state_202/RGOCG16-50_16mm/DSUB_Male.json,1.3321381999994628,B,,,0.0,0.0006418531445330333,-0.000542,0.999458146855467,0.999458146855467,0.999458146855467,,,0.0,0.0006418531445330333
gpt-6-sol,state_202,RGOCG12-50_12mm,12 mm round pin,DSUB_Male,False,False,False,input_crops/state_202/DSUB_Male.png,7cc2d3860523df277d6407a141d1e6f5ac1825291a509806faae51c8b11dadd5,raw/gpt6-sol/state_202/RGOCG12-50_12mm/DSUB_Male.json,1.637494999973569,B,,,0.0,0.00014999875002087427,-5e-05,0.9999500012499791,0.9999500012499791,0.9999500012499791,,,0.0,0.00014999875002087427
gpt-6-sol,state_202,RGOCG8-50_8mm,8 mm round pin,DSUB_Male,False,False,False,input_crops/state_202/DSUB_Male.png,7cc2d3860523df277d6407a141d1e6f5ac1825291a509806faae51c8b11dadd5,raw/gpt6-sol/state_202/RGOCG8-50_8mm/DSUB_Male.json,1.659304200031329,B,,,0.0,0.004762098522977942,-0.004673,0.9953379014770221,0.9953379014770221,0.9953379014770221,,,0.0,0.004762098522977942
gpt-6-sol,state_202,USB_Male,USB connector + cable,DSUB_Male,False,False,False,input_crops/state_202/DSUB_Male.png,7cc2d3860523df277d6407a141d1e6f5ac1825291a509806faae51c8b11dadd5,raw/gpt6-sol/state_202/USB_Male/DSUB_Male.json,1.4915418999735266,B,,,0.0,0.0013272463165393655,-0.001228,0.9987727536834606,0.9987727536834606,0.9987727536834606,,,0.0,0.0013272463165393655
gpt-6-sol,state_202,DSUB_Male,DSUB connector,DSUB_Male,True,True,False,input_crops/state_202/DSUB_Male.png,7cc2d3860523df277d6407a141d1e6f5ac1825291a509806faae51c8b11dadd5,raw/gpt6-sol/state_202/DSUB_Male/DSUB_Male.json,1.3134477999992669,A,-0.204784,0.8148232992372204,0.8148232992372204,0.8148232992372204,-2.429085,0.08811742314874683,0.08811742314874683,0.08811742314874683,-2.332512,0.0970516468910521,0.0970516468910521,0.0970516468910521
gpt-6-sol,state_303,Gear_Large,Large gear,Gear_Large,True,True,False,input_crops/state_303/Gear_Large.png,3334a7c27ecbce20a0d57b4f0c942261acbbda26e713d210fcce89e35b38b28e,raw/gpt6-sol/state_303/Gear_Large/Gear_Large.json,1.4416375000146218,A,-0.008457,0.991578659828638,0.991578659828638,0.991578659828638,,,0.0,0.008521340171361979,,,0.0,0.008521340171361979
gpt-6-sol,state_303,Gear_Medium,Medium gear,Gear_Large,False,True,False,input_crops/state_303/Gear_Large.png,3334a7c27ecbce20a0d57b4f0c942261acbbda26e713d210fcce89e35b38b28e,raw/gpt6-sol/state_303/Gear_Medium/Gear_Large.json,1.3370595999876969,A,-0.028648,0.9717584632503518,0.9717584632503518,0.9717584632503518,,,0.0,0.012627642909482827,-4.15321,0.015713893840165364,0.015713893840165364,0.015713893840165364
gpt-6-sol,state_303,Gear_Small,Small gear,Gear_Large,False,True,False,input_crops/state_303/Gear_Large.png,3334a7c27ecbce20a0d57b4f0c942261acbbda26e713d210fcce89e35b38b28e,raw/gpt6-sol/state_303/Gear_Small/Gear_Large.json,2.433184400026221,A,-0.032516,0.968006961596015,0.968006961596015,0.968006961596015,-3.919701,0.019847028118694113,0.019847028118694113,0.019847028118694113,,,0.0,0.012246010285290942
gpt-6-sol,state_303,Waterproof_Male,Waterproof connector,Gear_Large,False,False,False,input_crops/state_303/Gear_Large.png,3334a7c27ecbce20a0d57b4f0c942261acbbda26e713d210fcce89e35b38b28e,raw/gpt6-sol/state_303/Waterproof_Male/Gear_Large.json,1.4187352000153624,B,,,0.0,0.0008097480096412979,-0.00071,0.9992902519903587,0.9992902519903587,0.9992902519903587,,,0.0,0.0008097480096412979
gpt-6-sol,state_303,M12_Hex_Nut,M12 hex nut,Gear_Large,False,False,False,input_crops/state_303/Gear_Large.png,3334a7c27ecbce20a0d57b4f0c942261acbbda26e713d210fcce89e35b38b28e,raw/gpt6-sol/state_303/M12_Hex_Nut/Gear_Large.json,1.894366100023035,B,,,0.0,0.0011104891116838877,-0.001011,0.9989895108883161,0.9989895108883161,0.9989895108883161,,,0.0,0.0011104891116838877
gpt-6-sol,state_303,M16_Hex_Nut,M16 hex nut,Gear_Large,False,False,False,input_crops/state_303/Gear_Large.png,3334a7c27ecbce20a0d57b4f0c942261acbbda26e713d210fcce89e35b38b28e,raw/gpt6-sol/state_303/M16_Hex_Nut/Gear_Large.json,1.1965889999992214,B,,,0.0,0.00019199576812979337,-9.2e-05,0.9999080042318702,0.9999080042318702,0.9999080042318702,,,0.0,0.00019199576812979337
gpt-6-sol,state_303,RGOCG16-50_16mm,16 mm round pin,Gear_Large,False,False,False,input_crops/state_303/Gear_Large.png,3334a7c27ecbce20a0d57b4f0c942261acbbda26e713d210fcce89e35b38b28e,raw/gpt6-sol/state_303/RGOCG16-50_16mm/Gear_Large.json,1.352876599994488,B,,,0.0,0.00037496219096589946,-0.000275,0.9997250378090341,0.9997250378090341,0.9997250378090341,,,0.0,0.00037496219096589946
gpt-6-sol,state_303,RGOCG12-50_12mm,12 mm round pin,Gear_Large,False,False,False,input_crops/state_303/Gear_Large.png,3334a7c27ecbce20a0d57b4f0c942261acbbda26e713d210fcce89e35b38b28e,raw/gpt6-sol/state_303/RGOCG12-50_12mm/Gear_Large.json,1.3965771999792196,B,,,0.0,0.001213379732347486,-0.001114,0.9988866202676525,0.9988866202676525,0.9988866202676525,,,0.0,0.001213379732347486
gpt-6-sol,state_303,RGOCG8-50_8mm,8 mm round pin,Gear_Large,False,False,False,input_crops/state_303/Gear_Large.png,3334a7c27ecbce20a0d57b4f0c942261acbbda26e713d210fcce89e35b38b28e,raw/gpt6-sol/state_303/RGOCG8-50_8mm/Gear_Large.json,1.467516299977433,B,,,0.0,0.00011499988750053305,-1.5e-05,0.9999850001124995,0.9999850001124995,0.9999850001124995,,,0.0,0.00011499988750053305
gpt-6-sol,state_303,USB_Male,USB connector + cable,Gear_Large,False,False,False,input_crops/state_303/Gear_Large.png,3334a7c27ecbce20a0d57b4f0c942261acbbda26e713d210fcce89e35b38b28e,raw/gpt6-sol/state_303/USB_Male/Gear_Large.json,1.2269062000559643,B,,,0.0,0.0002369906159285339,-0.000137,0.9998630093840715,0.9998630093840715,0.9998630093840715,,,0.0,0.0002369906159285339
gpt-6-sol,state_303,DSUB_Male,DSUB connector,Gear_Large,False,False,False,input_crops/state_303/Gear_Large.png,3334a7c27ecbce20a0d57b4f0c942261acbbda26e713d210fcce89e35b38b28e,raw/gpt6-sol/state_303/DSUB_Male/Gear_Large.json,1.320670799992513,B,,,0.0,0.002477170045542387,-0.00238,0.9976228299544576,0.9976228299544576,0.9976228299544576,,,0.0,0.002477170045542387
gpt-6-sol,state_303,Gear_Large,Large gear,Gear_Medium,False,True,False,input_crops/state_303/Gear_Medium.png,0264008996cc496e20e9692d5fd146e86bf33a1bb7ded63f53afc0e916d128ef,raw/gpt6-sol/state_303/Gear_Large/Gear_Medium.json,1.039552600006573,A,-0.18256,0.8331346543493972,0.8331346543493972,0.8331346543493972,-1.805038,0.16446820666655404,0.16446820666655404,0.16446820666655404,,,0.0,0.0024971389840488076
gpt-6-sol,state_303,Gear_Medium,Medium gear,Gear_Medium,True,True,False,input_crops/state_303/Gear_Medium.png,0264008996cc496e20e9692d5fd146e86bf33a1bb7ded63f53afc0e916d128ef,raw/gpt6-sol/state_303/Gear_Medium/Gear_Medium.json,1.2289931999985129,A,-0.029739,0.9706988528895003,0.9706988528895003,0.9706988528895003,,,0.0,0.009604011145964219,-3.922218,0.019797135964535466,0.019797135964535466,0.019797135964535466
gpt-6-sol,state_303,Gear_Small,Small gear,Gear_Medium,False,True,False,input_crops/state_303/Gear_Medium.png,0264008996cc496e20e9692d5fd146e86bf33a1bb7ded63f53afc0e916d128ef,raw/gpt6-sol/state_303/Gear_Small/Gear_Medium.json,2.3920363999786787,A,-0.019669,0.9805231727693182,0.9805231727693182,0.9805231727693182,,,0.0,0.01957682723068178,,,0.0,0.01957682723068178
gpt-6-sol,state_303,Waterproof_Male,Waterproof connector,Gear_Medium,False,False,False,input_crops/state_303/Gear_Medium.png,0264008996cc496e20e9692d5fd146e86bf33a1bb7ded63f53afc0e916d128ef,raw/gpt6-sol/state_303/Waterproof_Male/Gear_Medium.json,1.2740995000349358,B,,,0.0,0.00035196825066697847,-0.000252,0.999748031749333,0.999748031749333,0.999748031749333,,,0.0,0.00035196825066697847
gpt-6-sol,state_303,M12_Hex_Nut,M12 hex nut,Gear_Medium,False,False,False,input_crops/state_303/Gear_Medium.png,0264008996cc496e20e9692d5fd146e86bf33a1bb7ded63f53afc0e916d128ef,raw/gpt6-sol/state_303/M12_Hex_Nut/Gear_Medium.json,2.5456726000411436,B,,,0.0,0.0001,1.5e-05,1.0,1.0,1.0,,,0.0,0.0001
gpt-6-sol,state_303,M16_Hex_Nut,M16 hex nut,Gear_Medium,False,False,False,input_crops/state_303/Gear_Medium.png,0264008996cc496e20e9692d5fd146e86bf33a1bb7ded63f53afc0e916d128ef,raw/gpt6-sol/state_303/M16_Hex_Nut/Gear_Medium.json,1.298916800005827,B,,,0.0,0.00040495349222836587,-0.000305,0.9996950465077716,0.9996950465077716,0.9996950465077716,,,0.0,0.00040495349222836587
gpt-6-sol,state_303,RGOCG16-50_16mm,16 mm round pin,Gear_Medium,False,False,False,input_crops/state_303/Gear_Medium.png,0264008996cc496e20e9692d5fd146e86bf33a1bb7ded63f53afc0e916d128ef,raw/gpt6-sol/state_303/RGOCG16-50_16mm/Gear_Medium.json,1.2508469999884255,B,,,0.0,0.00012699963550323313,-2.7e-05,0.9999730003644968,0.9999730003644968,0.9999730003644968,,,0.0,0.00012699963550323313
gpt-6-sol,state_303,RGOCG12-50_12mm,12 mm round pin,Gear_Medium,False,False,False,input_crops/state_303/Gear_Medium.png,0264008996cc496e20e9692d5fd146e86bf33a1bb7ded63f53afc0e916d128ef,raw/gpt6-sol/state_303/RGOCG12-50_12mm/Gear_Medium.json,1.2734713000245392,B,,,0.0,0.00011499988750053305,-1.5e-05,0.9999850001124995,0.9999850001124995,0.9999850001124995,,,0.0,0.00011499988750053305
gpt-6-sol,state_303,RGOCG8-50_8mm,8 mm round pin,Gear_Medium,False,False,False,input_crops/state_303/Gear_Medium.png,0264008996cc496e20e9692d5fd146e86bf33a1bb7ded63f53afc0e916d128ef,raw/gpt6-sol/state_303/RGOCG8-50_8mm/Gear_Medium.json,1.1533437999896705,B,,,0.0,0.0001109999395002669,-1.1e-05,0.9999890000604997,0.9999890000604997,0.9999890000604997,,,0.0,0.0001109999395002669
gpt-6-sol,state_303,USB_Male,USB connector + cable,Gear_Medium,False,False,False,input_crops/state_303/Gear_Medium.png,0264008996cc496e20e9692d5fd146e86bf33a1bb7ded63f53afc0e916d128ef,raw/gpt6-sol/state_303/USB_Male/Gear_Medium.json,1.5266505999607034,B,,,0.0,0.0004199488054609345,-0.00032,0.9996800511945391,0.9996800511945391,0.9996800511945391,,,0.0,0.0004199488054609345
gpt-6-sol,state_303,DSUB_Male,DSUB connector,Gear_Medium,False,False,False,input_crops/state_303/Gear_Medium.png,0264008996cc496e20e9692d5fd146e86bf33a1bb7ded63f53afc0e916d128ef,raw/gpt6-sol/state_303/DSUB_Male/Gear_Medium.json,1.6612999000353739,B,,,0.0,0.0003439702344210204,-0.000244,0.999756029765579,0.999756029765579,0.999756029765579,,,0.0,0.0003439702344210204
gpt-6-sol,state_303,Gear_Large,Large gear,Gear_Small,False,True,False,input_crops/state_303/Gear_Small.png,a6cd20966d20d444c579237af1aaf1ad2879b7d4ba783c937f1ca7244ee9e529,raw/gpt6-sol/state_303/Gear_Large/Gear_Small.json,2.5758756999857724,C,,,0.0,0.015213535432078162,-1.634598,0.19503075790709734,0.19503075790709734,0.19503075790709734,-0.235905,0.7898557066608245,0.7898557066608245,0.7898557066608245
gpt-6-sol,state_303,Gear_Medium,Medium gear,Gear_Small,False,True,False,input_crops/state_303/Gear_Small.png,a6cd20966d20d444c579237af1aaf1ad2879b7d4ba783c937f1ca7244ee9e529,raw/gpt6-sol/state_303/Gear_Medium/Gear_Small.json,1.2351893999730237,C,-2.877876,0.056254119782600684,0.056254119782600684,0.056254119782600684,-2.091732,0.12347309511097784,0.12347309511097784,0.12347309511097784,-0.198128,0.8202648525168125,0.8202648525168125,0.8202648525168125
gpt-6-sol,state_303,Gear_Small,Small gear,Gear_Small,True,True,False,input_crops/state_303/Gear_Small.png,a6cd20966d20d444c579237af1aaf1ad2879b7d4ba783c937f1ca7244ee9e529,raw/gpt6-sol/state_303/Gear_Small/Gear_Small.json,1.190221199998632,C,-2.565578,0.07687473500121986,0.07687473500121986,0.07687473500121986,-2.340523,0.09627727204760334,0.09627727204760334,0.09627727204760334,-0.19014,0.8268433677684316,0.8268433677684316,0.8268433677684316
gpt-6-sol,state_303,Waterproof_Male,Waterproof connector,Gear_Small,False,False,False,input_crops/state_303/Gear_Small.png,a6cd20966d20d444c579237af1aaf1ad2879b7d4ba783c937f1ca7244ee9e529,raw/gpt6-sol/state_303/Waterproof_Male/Gear_Small.json,1.2007697999943048,C,,,0.0,0.01060344945083581,,,0.0,0.01060344945083581,-0.010559,0.9894965505491642,0.9894965505491642,0.9894965505491642
gpt-6-sol,state_303,M12_Hex_Nut,M12 hex nut,Gear_Small,False,False,False,input_crops/state_303/Gear_Small.png,a6cd20966d20d444c579237af1aaf1ad2879b7d4ba783c937f1ca7244ee9e529,raw/gpt6-sol/state_303/M12_Hex_Nut/Gear_Small.json,2.039221000042744,C,-1.51088,0.22071566269003226,0.22071566269003226,0.22071566269003226,-1.563618,0.20937717257060925,0.20937717257060925,0.20937717257060925,-0.562263,0.5699178792637143,0.5699178792637143,0.5699178792637143
gpt-6-sol,state_303,M16_Hex_Nut,M16 hex nut,Gear_Small,False,False,False,input_crops/state_303/Gear_Small.png,a6cd20966d20d444c579237af1aaf1ad2879b7d4ba783c937f1ca7244ee9e529,raw/gpt6-sol/state_303/M16_Hex_Nut/Gear_Small.json,1.4076575000071898,A,-0.710697,0.49130164085018174,0.49130164085018174,0.49130164085018174,-3.664997,0.025604248096341726,0.025604248096341726,0.025604248096341726,-0.727528,0.48310174274860346,0.48310174274860346,0.48310174274860346
gpt-6-sol,state_303,RGOCG16-50_16mm,16 mm round pin,Gear_Small,False,False,False,input_crops/state_303/Gear_Small.png,a6cd20966d20d444c579237af1aaf1ad2879b7d4ba783c937f1ca7244ee9e529,raw/gpt6-sol/state_303/RGOCG16-50_16mm/Gear_Small.json,1.2530731000006199,B,,,0.0,0.0027360598918342413,-0.071949,0.9305783540970681,0.9305783540970681,0.9305783540970681,-2.706268,0.06678558601109766,0.06678558601109766,0.06678558601109766
gpt-6-sol,state_303,RGOCG12-50_12mm,12 mm round pin,Gear_Small,False,False,False,input_crops/state_303/Gear_Small.png,a6cd20966d20d444c579237af1aaf1ad2879b7d4ba783c937f1ca7244ee9e529,raw/gpt6-sol/state_303/RGOCG12-50_12mm/Gear_Small.json,1.182046200032346,B,-3.89695,0.020303743521697098,0.020303743521697098,0.020303743521697098,-0.041656,0.9591996885179148,0.9591996885179148,0.9591996885179148,-3.886967,0.02050745090689549,0.02050745090689549,0.02050745090689549
gpt-6-sol,state_303,RGOCG8-50_8mm,8 mm round pin,Gear_Small,False,False,False,input_crops/state_303/Gear_Small.png,a6cd20966d20d444c579237af1aaf1ad2879b7d4ba783c937f1ca7244ee9e529,raw/gpt6-sol/state_303/RGOCG8-50_8mm/Gear_Small.json,1.0947119999909773,B,,,0.0,0.0035134637047457115,-0.020737,0.9794765330259088,0.9794765330259088,0.9794765330259088,-4.068092,0.01711000326934549,0.01711000326934549,0.01711000326934549
gpt-6-sol,state_303,USB_Male,USB connector + cable,Gear_Small,False,False,False,input_crops/state_303/Gear_Small.png,a6cd20966d20d444c579237af1aaf1ad2879b7d4ba783c937f1ca7244ee9e529,raw/gpt6-sol/state_303/USB_Male/Gear_Small.json,1.1801205999800004,C,,,0.0,0.012059904926993725,,,0.0,0.012059904926993725,-0.012032,0.9880400950730063,0.9880400950730063,0.9880400950730063
gpt-6-sol,state_303,DSUB_Male,DSUB connector,Gear_Small,False,False,False,input_crops/state_303/Gear_Small.png,a6cd20966d20d444c579237af1aaf1ad2879b7d4ba783c937f1ca7244ee9e529,raw/gpt6-sol/state_303/DSUB_Male/Gear_Small.json,1.2173144000116736,C,,,0.0,0.007185776662629773,,,0.0,0.007185776662629773,-0.007111,0.9929142233373702,0.9929142233373702,0.9929142233373702
gpt-6-sol,state_303,Gear_Large,Large gear,Waterproof_Male,False,False,False,input_crops/state_303/Waterproof_Male.png,501944f5a366194deaf0627005d87557bb79cd97c1413a8f7396ce4a6b8a3e7f,raw/gpt6-sol/state_303/Gear_Large/Waterproof_Male.json,1.3168137000175193,B,-3.463772,0.03131143226624638,0.03131143226624638,0.03131143226624638,-0.039894,0.9608912882307792,0.9608912882307792,0.9608912882307792,,,0.0,0.007897279502974485
gpt-6-sol,state_303,Gear_Medium,Medium gear,Waterproof_Male,False,False,False,input_crops/state_303/Waterproof_Male.png,501944f5a366194deaf0627005d87557bb79cd97c1413a8f7396ce4a6b8a3e7f,raw/gpt6-sol/state_303/Gear_Medium/Waterproof_Male.json,1.3313398999744095,B,,,0.0,0.009508460848850608,-0.009453,0.9905915391511494,0.9905915391511494,0.9905915391511494,,,0.0,0.009508460848850608
gpt-6-sol,state_303,Gear_Small,Small gear,Waterproof_Male,False,False,False,input_crops/state_303/Waterproof_Male.png,501944f5a366194deaf0627005d87557bb79cd97c1413a8f7396ce4a6b8a3e7f,raw/gpt6-sol/state_303/Gear_Small/Waterproof_Male.json,1.2293686000048183,A,-0.26284,0.7688649058551512,0.7688649058551512,0.7688649058551512,-1.585793,0.20478533394043263,0.20478533394043263,0.20478533394043263,-3.636513,0.026344045678113902,0.026344045678113902,0.026344045678113902
gpt-6-sol,state_303,Waterproof_Male,Waterproof connector,Waterproof_Male,True,True,False,input_crops/state_303/Waterproof_Male.png,501944f5a366194deaf0627005d87557bb79cd97c1413a8f7396ce4a6b8a3e7f,raw/gpt6-sol/state_303/Waterproof_Male/Waterproof_Male.json,1.3169905000249855,A,-0.027809,0.9725741107172853,0.9725741107172853,0.9725741107172853,,,0.0,0.00046116267211994123,-3.609524,0.02706472661059474,0.02706472661059474,0.02706472661059474
gpt-6-sol,state_303,M12_Hex_Nut,M12 hex nut,Waterproof_Male,False,False,False,input_crops/state_303/Waterproof_Male.png,501944f5a366194deaf0627005d87557bb79cd97c1413a8f7396ce4a6b8a3e7f,raw/gpt6-sol/state_303/M12_Hex_Nut/Waterproof_Male.json,1.5156501000165008,B,,,0.0,0.0027245498310097924,-0.002628,0.9973754501689902,0.9973754501689902,0.9973754501689902,,,0.0,0.0027245498310097924
gpt-6-sol,state_303,M16_Hex_Nut,M16 hex nut,Waterproof_Male,False,False,False,input_crops/state_303/Waterproof_Male.png,501944f5a366194deaf0627005d87557bb79cd97c1413a8f7396ce4a6b8a3e7f,raw/gpt6-sol/state_303/M16_Hex_Nut/Waterproof_Male.json,1.2701631999807432,B,,,0.0,0.0010915081306582918,-0.000992,0.9990084918693417,0.9990084918693417,0.9990084918693417,,,0.0,0.0010915081306582918
gpt-6-sol,state_303,RGOCG16-50_16mm,16 mm round pin,Waterproof_Male,False,False,False,input_crops/state_303/Waterproof_Male.png,501944f5a366194deaf0627005d87557bb79cd97c1413a8f7396ce4a6b8a3e7f,raw/gpt6-sol/state_303/RGOCG16-50_16mm/Waterproof_Male.json,1.3429166999994777,B,,,0.0,0.000137999278009182,-3.8e-05,0.9999620007219908,0.9999620007219908,0.9999620007219908,,,0.0,0.000137999278009182
gpt-6-sol,state_303,RGOCG12-50_12mm,12 mm round pin,Waterproof_Male,False,False,False,input_crops/state_303/Waterproof_Male.png,501944f5a366194deaf0627005d87557bb79cd97c1413a8f7396ce4a6b8a3e7f,raw/gpt6-sol/state_303/RGOCG12-50_12mm/Waterproof_Male.json,1.5319459000020288,B,,,0.0,0.0001689976195547004,-6.9e-05,0.9999310023804453,0.9999310023804453,0.9999310023804453,,,0.0,0.0001689976195547004
gpt-6-sol,state_303,RGOCG8-50_8mm,8 mm round pin,Waterproof_Male,False,False,False,input_crops/state_303/Waterproof_Male.png,501944f5a366194deaf0627005d87557bb79cd97c1413a8f7396ce4a6b8a3e7f,raw/gpt6-sol/state_303/RGOCG8-50_8mm/Waterproof_Male.json,1.2426361999823712,B,,,0.0,0.0007258041028793793,-0.000626,0.9993741958971206,0.9993741958971206,0.9993741958971206,,,0.0,0.0007258041028793793
gpt-6-sol,state_303,USB_Male,USB connector + cable,Waterproof_Male,False,False,False,input_crops/state_303/Waterproof_Male.png,501944f5a366194deaf0627005d87557bb79cd97c1413a8f7396ce4a6b8a3e7f,raw/gpt6-sol/state_303/USB_Male/Waterproof_Male.json,1.172046199964825,B,,,0.0,0.01121476940175382,-0.011177,0.9888852305982462,0.9888852305982462,0.9888852305982462,,,0.0,0.01121476940175382
gpt-6-sol,state_303,DSUB_Male,DSUB connector,Waterproof_Male,False,False,False,input_crops/state_303/Waterproof_Male.png,501944f5a366194deaf0627005d87557bb79cd97c1413a8f7396ce4a6b8a3e7f,raw/gpt6-sol/state_303/DSUB_Male/Waterproof_Male.json,1.1789644000236876,C,-1.316864,0.2679743532175409,0.2679743532175409,0.2679743532175409,-1.939507,0.14377481329136416,0.14377481329136416,0.14377481329136416,-0.530632,0.5882330888642339,0.5882330888642339,0.5882330888642339
gpt-6-sol,state_303,Gear_Large,Large gear,M12_Hex_Nut,False,False,False,input_crops/state_303/M12_Hex_Nut.png,baedfe7904344e7e4677127433e020ed849aa2b1eb60d26e01f65855ed1d0aca,raw/gpt6-sol/state_303/Gear_Large/M12_Hex_Nut.json,1.3916752000222914,A,-0.054581,0.946881808325021,0.946881808325021,0.946881808325021,,,0.0,0.003389533743801698,-2.999165,0.04982865793117735,0.04982865793117735,0.04982865793117735
gpt-6-sol,state_303,Gear_Medium,Medium gear,M12_Hex_Nut,False,False,False,input_crops/state_303/M12_Hex_Nut.png,baedfe7904344e7e4677127433e020ed849aa2b1eb60d26e01f65855ed1d0aca,raw/gpt6-sol/state_303/Gear_Medium/M12_Hex_Nut.json,2.1062257000012323,A,-0.072208,0.9303373655127258,0.9303373655127258,0.9303373655127258,,,0.0,0.011057494951196022,-2.835228,0.0587051395360781,0.0587051395360781,0.0587051395360781
gpt-6-sol,state_303,Gear_Small,Small gear,M12_Hex_Nut,False,False,False,input_crops/state_303/M12_Hex_Nut.png,baedfe7904344e7e4677127433e020ed849aa2b1eb60d26e01f65855ed1d0aca,raw/gpt6-sol/state_303/Gear_Small/M12_Hex_Nut.json,1.2203450999804772,A,-0.104481,0.9007919122906248,0.9007919122906248,0.9007919122906248,,,0.0,0.016201973225701837,-2.487637,0.08310611448367335,0.08310611448367335,0.08310611448367335
gpt-6-sol,state_303,Waterproof_Male,Waterproof connector,M12_Hex_Nut,False,False,False,input_crops/state_303/M12_Hex_Nut.png,baedfe7904344e7e4677127433e020ed849aa2b1eb60d26e01f65855ed1d0aca,raw/gpt6-sol/state_303/Waterproof_Male/M12_Hex_Nut.json,1.4549774000188336,C,-2.723888,0.0656191306358542,0.0656191306358542,0.0656191306358542,,,0.0,0.002392824481281541,-0.070328,0.9320880448828642,0.9320880448828642,0.9320880448828642
gpt-6-sol,state_303,M12_Hex_Nut,M12 hex nut,M12_Hex_Nut,True,True,False,input_crops/state_303/M12_Hex_Nut.png,baedfe7904344e7e4677127433e020ed849aa2b1eb60d26e01f65855ed1d0aca,raw/gpt6-sol/state_303/M12_Hex_Nut/M12_Hex_Nut.json,2.2053295000223443,A,-0.010422,0.9896321208629439,0.9896321208629439,0.9896321208629439,,,0.0,0.010467879137056057,,,0.0,0.010467879137056057
gpt-6-sol,state_303,M16_Hex_Nut,M16 hex nut,M12_Hex_Nut,False,True,False,input_crops/state_303/M12_Hex_Nut.png,baedfe7904344e7e4677127433e020ed849aa2b1eb60d26e01f65855ed1d0aca,raw/gpt6-sol/state_303/M16_Hex_Nut/M12_Hex_Nut.json,1.2888926000450738,A,-0.035027,0.9655793452632875,0.9655793452632875,0.9655793452632875,,,0.0,0.004903721132357608,-3.519409,0.029616933604354877,0.029616933604354877,0.029616933604354877
gpt-6-sol,state_303,RGOCG16-50_16mm,16 mm round pin,M12_Hex_Nut,False,False,False,input_crops/state_303/M12_Hex_Nut.png,baedfe7904344e7e4677127433e020ed849aa2b1eb60d26e01f65855ed1d0aca,raw/gpt6-sol/state_303/RGOCG16-50_16mm/M12_Hex_Nut.json,1.3061025000060908,C,-2.497231,0.08231260696340481,0.08231260696340481,0.08231260696340481,-0.834137,0.4342490767250872,0.4342490767250872,0.4342490767250872,-0.72686,0.4834245625225599,0.4834245625225599,0.4834245625225599
gpt-6-sol,state_303,RGOCG12-50_12mm,12 mm round pin,M12_Hex_Nut,False,False,False,input_crops/state_303/M12_Hex_Nut.png,baedfe7904344e7e4677127433e020ed849aa2b1eb60d26e01f65855ed1d0aca,raw/gpt6-sol/state_303/RGOCG12-50_12mm/M12_Hex_Nut.json,1.348800099978689,B,-3.601646,0.02727878459414336,0.02727878459414336,0.02727878459414336,-0.332188,0.7173524479163881,0.7173524479163881,0.7173524479163881,-1.365044,0.2553694394855391,0.2553694394855391,0.2553694394855391
gpt-6-sol,state_303,RGOCG8-50_8mm,8 mm round pin,M12_Hex_Nut,False,False,False,input_crops/state_303/M12_Hex_Nut.png,baedfe7904344e7e4677127433e020ed849aa2b1eb60d26e01f65855ed1d0aca,raw/gpt6-sol/state_303/RGOCG8-50_8mm/M12_Hex_Nut.json,1.751353300001938,C,-2.889568,0.055600226722005625,0.055600226722005625,0.055600226722005625,-3.506496,0.030001856977069814,0.030001856977069814,0.030001856977069814,-0.089474,0.9144120395282637,0.9144120395282637,0.9144120395282637
gpt-6-sol,state_303,USB_Male,USB connector + cable,M12_Hex_Nut,False,False,False,input_crops/state_303/M12_Hex_Nut.png,baedfe7904344e7e4677127433e020ed849aa2b1eb60d26e01f65855ed1d0aca,raw/gpt6-sol/state_303/USB_Male/M12_Hex_Nut.json,1.7247429999988526,B,,,0.0,0.00013554412493245173,-0.14558,0.8645207256493614,0.8645207256493614,0.8645207256493614,-1.999199,0.13544373022570605,0.13544373022570605,0.13544373022570605
gpt-6-sol,state_303,DSUB_Male,DSUB connector,M12_Hex_Nut,False,False,False,input_crops/state_303/M12_Hex_Nut.png,baedfe7904344e7e4677127433e020ed849aa2b1eb60d26e01f65855ed1d0aca,raw/gpt6-sol/state_303/DSUB_Male/M12_Hex_Nut.json,1.1235310000483878,C,,,0.0,0.003824048467576457,,,0.0,0.003824048467576457,-0.003731,0.9962759515324235,0.9962759515324235,0.9962759515324235
gpt-6-sol,state_303,Gear_Large,Large gear,M16_Hex_Nut,False,False,False,input_crops/state_303/M16_Hex_Nut.png,833d5826b6258166aa076165f38a3b094d64d204a81c4b806c996e3191b00983,raw/gpt6-sol/state_303/Gear_Large/M16_Hex_Nut.json,1.6717834000010043,C,,,0.0,0.016860945802331783,,,0.0,0.016860945802331783,-0.016903,0.9832390541976682,0.9832390541976682,0.9832390541976682
gpt-6-sol,state_303,Gear_Medium,Medium gear,M16_Hex_Nut,False,False,False,input_crops/state_303/M16_Hex_Nut.png,833d5826b6258166aa076165f38a3b094d64d204a81c4b806c996e3191b00983,raw/gpt6-sol/state_303/Gear_Medium/M16_Hex_Nut.json,1.1263752999948338,C,-3.892193,0.020400558521537722,0.020400558521537722,0.020400558521537722,,,0.0,0.0030250926740291837,-0.023602,0.976674348804433,0.976674348804433,0.976674348804433
gpt-6-sol,state_303,Gear_Small,Small gear,M16_Hex_Nut,False,False,False,input_crops/state_303/M16_Hex_Nut.png,833d5826b6258166aa076165f38a3b094d64d204a81c4b806c996e3191b00983,raw/gpt6-sol/state_303/Gear_Small/M16_Hex_Nut.json,1.2963332000072114,C,,,0.0,0.0071288590352608485,-4.246101,0.014319958721938296,0.014319958721938296,0.014319958721938296,-0.02158,0.9786511822428009,0.9786511822428009,0.9786511822428009
gpt-6-sol,state_303,Waterproof_Male,Waterproof connector,M16_Hex_Nut,False,False,False,input_crops/state_303/M16_Hex_Nut.png,833d5826b6258166aa076165f38a3b094d64d204a81c4b806c996e3191b00983,raw/gpt6-sol/state_303/Waterproof_Male/M16_Hex_Nut.json,1.7620022000046447,C,,,0.0,0.007359521448601647,,,0.0,0.007359521448601647,-0.007286,0.9927404785513984,0.9927404785513984,0.9927404785513984
gpt-6-sol,state_303,M12_Hex_Nut,M12 hex nut,M16_Hex_Nut,False,True,False,input_crops/state_303/M16_Hex_Nut.png,833d5826b6258166aa076165f38a3b094d64d204a81c4b806c996e3191b00983,raw/gpt6-sol/state_303/M12_Hex_Nut/M16_Hex_Nut.json,1.463865400000941,C,-0.828064,0.4368942954447541,0.4368942954447541,0.4368942954447541,,,0.0,0.002004059813785719,-0.577675,0.5612016447414602,0.5612016447414602,0.5612016447414602
gpt-6-sol,state_303,M16_Hex_Nut,M16 hex nut,M16_Hex_Nut,True,True,False,input_crops/state_303/M16_Hex_Nut.png,833d5826b6258166aa076165f38a3b094d64d204a81c4b806c996e3191b00983,raw/gpt6-sol/state_303/M16_Hex_Nut/M16_Hex_Nut.json,1.3655657999916002,C,-1.454636,0.23348533709779493,0.23348533709779493,0.23348533709779493,,,0.0,0.002122113978740636,-0.268543,0.7644925489234644,0.7644925489234644,0.7644925489234644
gpt-6-sol,state_303,RGOCG16-50_16mm,16 mm round pin,M16_Hex_Nut,False,False,False,input_crops/state_303/M16_Hex_Nut.png,833d5826b6258166aa076165f38a3b094d64d204a81c4b806c996e3191b00983,raw/gpt6-sol/state_303/RGOCG16-50_16mm/M16_Hex_Nut.json,1.6381862999987788,C,-2.876839,0.0563124855622416,0.0563124855622416,0.0563124855622416,,,0.0,0.0006045581351000861,-0.058495,0.9431829563026584,0.9431829563026584,0.9431829563026584
gpt-6-sol,state_303,RGOCG12-50_12mm,12 mm round pin,M16_Hex_Nut,False,False,False,input_crops/state_303/M16_Hex_Nut.png,833d5826b6258166aa076165f38a3b094d64d204a81c4b806c996e3191b00983,raw/gpt6-sol/state_303/RGOCG12-50_12mm/M16_Hex_Nut.json,1.20561959996121,C,-3.060486,0.046864913336557665,0.046864913336557665,0.046864913336557665,,,0.0,0.00022138687745111286,-0.048126,0.9530136997859913,0.9530136997859913,0.9530136997859913
gpt-6-sol,state_303,RGOCG8-50_8mm,8 mm round pin,M16_Hex_Nut,False,False,False,input_crops/state_303/M16_Hex_Nut.png,833d5826b6258166aa076165f38a3b094d64d204a81c4b806c996e3191b00983,raw/gpt6-sol/state_303/RGOCG8-50_8mm/M16_Hex_Nut.json,1.563762300007511,C,,,0.0,0.008131573173850947,,,0.0,0.008131573173850947,-0.008064,0.991968426826149,0.991968426826149,0.991968426826149
gpt-6-sol,state_303,USB_Male,USB connector + cable,M16_Hex_Nut,False,False,False,input_crops/state_303/M16_Hex_Nut.png,833d5826b6258166aa076165f38a3b094d64d204a81c4b806c996e3191b00983,raw/gpt6-sol/state_303/USB_Male/M16_Hex_Nut.json,1.1286925000022165,B,,,0.0,0.0020740489972720486,-0.001976,0.998025951002728,0.998025951002728,0.998025951002728,,,0.0,0.0020740489972720486
gpt-6-sol,state_303,DSUB_Male,DSUB connector,M16_Hex_Nut,False,False,False,input_crops/state_303/M16_Hex_Nut.png,833d5826b6258166aa076165f38a3b094d64d204a81c4b806c996e3191b00983,raw/gpt6-sol/state_303/DSUB_Male/M16_Hex_Nut.json,1.3344983999850228,B,,,0.0,0.00010028055133005634,-0.035622,0.9650049964385757,0.9650049964385757,0.9650049964385757,-3.352558,0.034994723010094195,0.034994723010094195,0.034994723010094195
gpt-6-sol,state_303,Gear_Large,Large gear,RGOCG16-50_16mm,False,False,False,input_crops/state_303/RGOCG16-50_16mm.png,2e39713dfb973c1a397f75571d18003b6276e302abf6a15d46a7d8e0985e5dae,raw/gpt6-sol/state_303/Gear_Large/RGOCG16-50_16mm.json,1.091699700045865,B,,,0.0,0.00096562513022026,-0.000866,0.9991343748697797,0.9991343748697797,0.9991343748697797,,,0.0,0.00096562513022026
gpt-6-sol,state_303,Gear_Medium,Medium gear,RGOCG16-50_16mm,False,False,False,input_crops/state_303/RGOCG16-50_16mm.png,2e39713dfb973c1a397f75571d18003b6276e302abf6a15d46a7d8e0985e5dae,raw/gpt6-sol/state_303/Gear_Medium/RGOCG16-50_16mm.json,1.3357270000269637,B,,,0.0,0.0001339994220065476,-3.4e-05,0.9999660005779935,0.9999660005779935,0.9999660005779935,,,0.0,0.0001339994220065476
gpt-6-sol,state_303,Gear_Small,Small gear,RGOCG16-50_16mm,False,False,False,input_crops/state_303/RGOCG16-50_16mm.png,2e39713dfb973c1a397f75571d18003b6276e302abf6a15d46a7d8e0985e5dae,raw/gpt6-sol/state_303/Gear_Small/RGOCG16-50_16mm.json,1.4602834999677725,B,,,0.0,0.002850211220897247,-0.002754,0.9972497887791028,0.9972497887791028,0.9972497887791028,,,0.0,0.002850211220897247
gpt-6-sol,state_303,Waterproof_Male,Waterproof connector,RGOCG16-50_16mm,False,False,False,input_crops/state_303/RGOCG16-50_16mm.png,2e39713dfb973c1a397f75571d18003b6276e302abf6a15d46a7d8e0985e5dae,raw/gpt6-sol/state_303/Waterproof_Male/RGOCG16-50_16mm.json,1.3432983999955468,B,,,0.0,0.00011107381848464151,-0.026539,0.9738100645024272,0.9738100645024272,0.9738100645024272,-3.642803,0.026178861679088165,0.026178861679088165,0.026178861679088165
gpt-6-sol,state_303,M12_Hex_Nut,M12 hex nut,RGOCG16-50_16mm,False,False,False,input_crops/state_303/RGOCG16-50_16mm.png,2e39713dfb973c1a397f75571d18003b6276e302abf6a15d46a7d8e0985e5dae,raw/gpt6-sol/state_303/M12_Hex_Nut/RGOCG16-50_16mm.json,1.1302747000008821,B,,,0.0,0.00010799996800004977,-8e-06,0.999992000032,0.999992000032,0.999992000032,,,0.0,0.00010799996800004977
gpt-6-sol,state_303,M16_Hex_Nut,M16 hex nut,RGOCG16-50_16mm,False,False,False,input_crops/state_303/RGOCG16-50_16mm.png,2e39713dfb973c1a397f75571d18003b6276e302abf6a15d46a7d8e0985e5dae,raw/gpt6-sol/state_303/M16_Hex_Nut/RGOCG16-50_16mm.json,1.1981892000185326,B,,,0.0,0.00010799996800004977,-8e-06,0.999992000032,0.999992000032,0.999992000032,,,0.0,0.00010799996800004977
gpt-6-sol,state_303,RGOCG16-50_16mm,16 mm round pin,RGOCG16-50_16mm,True,True,False,input_crops/state_303/RGOCG16-50_16mm.png,2e39713dfb973c1a397f75571d18003b6276e302abf6a15d46a7d8e0985e5dae,raw/gpt6-sol/state_303/RGOCG16-50_16mm/RGOCG16-50_16mm.json,2.8577009000000544,A,-0.000191,0.9998090182393388,0.9998090182393388,0.9998090182393388,,,0.0,0.00029098176066123517,,,0.0,0.00029098176066123517
gpt-6-sol,state_303,RGOCG12-50_12mm,12 mm round pin,RGOCG16-50_16mm,False,True,False,input_crops/state_303/RGOCG16-50_16mm.png,2e39713dfb973c1a397f75571d18003b6276e302abf6a15d46a7d8e0985e5dae,raw/gpt6-sol/state_303/RGOCG12-50_12mm/RGOCG16-50_16mm.json,1.2387259000097401,A,-6.9e-05,0.9999310023804453,0.9999310023804453,0.9999310023804453,,,0.0,0.0001689976195547004,,,0.0,0.0001689976195547004
gpt-6-sol,state_303,RGOCG8-50_8mm,8 mm round pin,RGOCG16-50_16mm,False,True,False,input_crops/state_303/RGOCG16-50_16mm.png,2e39713dfb973c1a397f75571d18003b6276e302abf6a15d46a7d8e0985e5dae,raw/gpt6-sol/state_303/RGOCG8-50_8mm/RGOCG16-50_16mm.json,2.1580885000294074,A,-0.000362,0.9996380655140944,0.9996380655140944,0.9996380655140944,,,0.0,0.0004619344859056017,,,0.0,0.0004619344859056017
gpt-6-sol,state_303,USB_Male,USB connector + cable,RGOCG16-50_16mm,False,False,False,input_crops/state_303/RGOCG16-50_16mm.png,2e39713dfb973c1a397f75571d18003b6276e302abf6a15d46a7d8e0985e5dae,raw/gpt6-sol/state_303/USB_Male/RGOCG16-50_16mm.json,2.118096099991817,B,,,0.0,0.0028462222137641932,-0.00275,0.9972537777862358,0.9972537777862358,0.9972537777862358,,,0.0,0.0028462222137641932
gpt-6-sol,state_303,DSUB_Male,DSUB connector,RGOCG16-50_16mm,False,False,False,input_crops/state_303/RGOCG16-50_16mm.png,2e39713dfb973c1a397f75571d18003b6276e302abf6a15d46a7d8e0985e5dae,raw/gpt6-sol/state_303/DSUB_Male/RGOCG16-50_16mm.json,1.0084328000084497,B,,,0.0,0.0001689976195547004,-6.9e-05,0.9999310023804453,0.9999310023804453,0.9999310023804453,,,0.0,0.0001689976195547004
gpt-6-sol,state_303,Gear_Large,Large gear,RGOCG12-50_12mm,False,False,False,input_crops/state_303/RGOCG12-50_12mm.png,19c2e56726b6c4c558e00423b8424cb9c8381da2b6403a2430431ec5bf3f6612,raw/gpt6-sol/state_303/Gear_Large/RGOCG12-50_12mm.json,1.496322599996347,B,,,0.0,0.0010765228908912294,-0.000977,0.9990234771091088,0.9990234771091088,0.9990234771091088,,,0.0,0.0010765228908912294
gpt-6-sol,state_303,Gear_Medium,Medium gear,RGOCG12-50_12mm,False,False,False,input_crops/state_303/RGOCG12-50_12mm.png,19c2e56726b6c4c558e00423b8424cb9c8381da2b6403a2430431ec5bf3f6612,raw/gpt6-sol/state_303/Gear_Medium/RGOCG12-50_12mm.json,1.5596470999880694,B,,,0.0,0.00029498098873571567,-0.000195,0.9998050190112643,0.9998050190112643,0.9998050190112643,,,0.0,0.00029498098873571567
gpt-6-sol,state_303,Gear_Small,Small gear,RGOCG12-50_12mm,False,False,False,input_crops/state_303/RGOCG12-50_12mm.png,19c2e56726b6c4c558e00423b8424cb9c8381da2b6403a2430431ec5bf3f6612,raw/gpt6-sol/state_303/Gear_Small/RGOCG12-50_12mm.json,1.3945748999831267,B,,,0.0,0.00014599894201617881,-4.6e-05,0.9999540010579838,0.9999540010579838,0.9999540010579838,,,0.0,0.00014599894201617881
gpt-6-sol,state_303,Waterproof_Male,Waterproof connector,RGOCG12-50_12mm,False,False,False,input_crops/state_303/RGOCG12-50_12mm.png,19c2e56726b6c4c558e00423b8424cb9c8381da2b6403a2430431ec5bf3f6612,raw/gpt6-sol/state_303/Waterproof_Male/RGOCG12-50_12mm.json,1.53100540000014,B,,,0.0,0.0018305009535744099,-0.001732,0.9982694990464256,0.9982694990464256,0.9982694990464256,,,0.0,0.0018305009535744099
gpt-6-sol,state_303,M12_Hex_Nut,M12 hex nut,RGOCG12-50_12mm,False,False,False,input_crops/state_303/RGOCG12-50_12mm.png,19c2e56726b6c4c558e00423b8424cb9c8381da2b6403a2430431ec5bf3f6612,raw/gpt6-sol/state_303/M12_Hex_Nut/RGOCG12-50_12mm.json,1.8878204000066034,B,,,0.0,0.00010799996800004977,-8e-06,0.999992000032,0.999992000032,0.999992000032,,,0.0,0.00010799996800004977
gpt-6-sol,state_303,M16_Hex_Nut,M16 hex nut,RGOCG12-50_12mm,False,False,False,input_crops/state_303/RGOCG12-50_12mm.png,19c2e56726b6c4c558e00423b8424cb9c8381da2b6403a2430431ec5bf3f6612,raw/gpt6-sol/state_303/M16_Hex_Nut/RGOCG12-50_12mm.json,1.3676291999872774,B,,,0.0,0.00010399999199995893,-4e-06,0.999996000008,0.999996000008,0.999996000008,,,0.0,0.00010399999199995893
gpt-6-sol,state_303,RGOCG16-50_16mm,16 mm round pin,RGOCG12-50_12mm,False,True,False,input_crops/state_303/RGOCG12-50_12mm.png,19c2e56726b6c4c558e00423b8424cb9c8381da2b6403a2430431ec5bf3f6612,raw/gpt6-sol/state_303/RGOCG16-50_16mm/RGOCG12-50_12mm.json,1.6752805999713019,A,-3.1e-05,0.9999690004804951,0.9999690004804951,0.9999690004804951,,,0.0,0.00013099951950491508,,,0.0,0.00013099951950491508
gpt-6-sol,state_303,RGOCG12-50_12mm,12 mm round pin,RGOCG12-50_12mm,True,True,False,input_crops/state_303/RGOCG12-50_12mm.png,19c2e56726b6c4c558e00423b8424cb9c8381da2b6403a2430431ec5bf3f6612,raw/gpt6-sol/state_303/RGOCG12-50_12mm/RGOCG12-50_12mm.json,1.4856375000090338,A,-8.8e-05,0.9999120038718864,0.9999120038718864,0.9999120038718864,,,0.0,0.0001879961281136099,,,0.0,0.0001879961281136099
gpt-6-sol,state_303,RGOCG8-50_8mm,8 mm round pin,RGOCG12-50_12mm,False,True,False,input_crops/state_303/RGOCG12-50_12mm.png,19c2e56726b6c4c558e00423b8424cb9c8381da2b6403a2430431ec5bf3f6612,raw/gpt6-sol/state_303/RGOCG8-50_8mm/RGOCG12-50_12mm.json,1.464505099982489,A,-8.4e-05,0.9999160035279012,0.9999160035279012,0.9999160035279012,,,0.0,0.00018399647209877958,,,0.0,0.00018399647209877958
gpt-6-sol,state_303,USB_Male,USB connector + cable,RGOCG12-50_12mm,False,False,False,input_crops/state_303/RGOCG12-50_12mm.png,19c2e56726b6c4c558e00423b8424cb9c8381da2b6403a2430431ec5bf3f6612,raw/gpt6-sol/state_303/USB_Male/RGOCG12-50_12mm.json,1.0857093000086024,B,,,0.0,0.00130427427902714,-0.001205,0.9987957257209729,0.9987957257209729,0.9987957257209729,,,0.0,0.00130427427902714
gpt-6-sol,state_303,DSUB_Male,DSUB connector,RGOCG12-50_12mm,False,False,False,input_crops/state_303/RGOCG12-50_12mm.png,19c2e56726b6c4c558e00423b8424cb9c8381da2b6403a2430431ec5bf3f6612,raw/gpt6-sol/state_303/DSUB_Male/RGOCG12-50_12mm.json,1.419738899974618,B,,,0.0,0.000477928567000807,-0.000378,0.9996220714329992,0.9996220714329992,0.9996220714329992,,,0.0,0.000477928567000807
gpt-6-sol,state_303,Gear_Large,Large gear,RGOCG8-50_8mm,False,False,False,input_crops/state_303/RGOCG8-50_8mm.png,b1cf506f7c610c52669f86cfc92c532b4c1f5b8a237342f66910a94489e03314,raw/gpt6-sol/state_303/Gear_Large/RGOCG8-50_8mm.json,1.6627996999886818,B,,,0.0,0.000137999278009182,-3.8e-05,0.9999620007219908,0.9999620007219908,0.9999620007219908,,,0.0,0.000137999278009182
gpt-6-sol,state_303,Gear_Medium,Medium gear,RGOCG8-50_8mm,False,False,False,input_crops/state_303/RGOCG8-50_8mm.png,b1cf506f7c610c52669f86cfc92c532b4c1f5b8a237342f66910a94489e03314,raw/gpt6-sol/state_303/Gear_Medium/RGOCG8-50_8mm.json,1.611538400000427,B,,,0.0,0.0007707749298434651,-0.000671,0.9993292250701565,0.9993292250701565,0.9993292250701565,,,0.0,0.0007707749298434651
gpt-6-sol,state_303,Gear_Small,Small gear,RGOCG8-50_8mm,False,False,False,input_crops/state_303/RGOCG8-50_8mm.png,b1cf506f7c610c52669f86cfc92c532b4c1f5b8a237342f66910a94489e03314,raw/gpt6-sol/state_303/Gear_Small/RGOCG8-50_8mm.json,1.703438600001391,B,,,0.0,0.00010799996800004977,-8e-06,0.999992000032,0.999992000032,0.999992000032,,,0.0,0.00010799996800004977
gpt-6-sol,state_303,Waterproof_Male,Waterproof connector,RGOCG8-50_8mm,False,False,False,input_crops/state_303/RGOCG8-50_8mm.png,b1cf506f7c610c52669f86cfc92c532b4c1f5b8a237342f66910a94489e03314,raw/gpt6-sol/state_303/Waterproof_Male/RGOCG8-50_8mm.json,1.0992492000223137,B,,,0.0,0.00010314421059599557,-0.084614,0.9188668985793697,0.9188668985793697,0.9188668985793697,-2.511703,0.08112995721003431,0.08112995721003431,0.08112995721003431
gpt-6-sol,state_303,M12_Hex_Nut,M12 hex nut,RGOCG8-50_8mm,False,False,False,input_crops/state_303/RGOCG8-50_8mm.png,b1cf506f7c610c52669f86cfc92c532b4c1f5b8a237342f66910a94489e03314,raw/gpt6-sol/state_303/M12_Hex_Nut/RGOCG8-50_8mm.json,1.388627499982249,B,,,0.0,0.0004969212059273808,-0.000397,0.9996030787940726,0.9996030787940726,0.9996030787940726,,,0.0,0.0004969212059273808
gpt-6-sol,state_303,M16_Hex_Nut,M16 hex nut,RGOCG8-50_8mm,False,False,False,input_crops/state_303/RGOCG8-50_8mm.png,b1cf506f7c610c52669f86cfc92c532b4c1f5b8a237342f66910a94489e03314,raw/gpt6-sol/state_303/M16_Hex_Nut/RGOCG8-50_8mm.json,2.699644700041972,B,,,0.0,0.0001,0.0,1.0,1.0,1.0,,,0.0,0.0001
gpt-6-sol,state_303,RGOCG16-50_16mm,16 mm round pin,RGOCG8-50_8mm,False,True,False,input_crops/state_303/RGOCG8-50_8mm.png,b1cf506f7c610c52669f86cfc92c532b4c1f5b8a237342f66910a94489e03314,raw/gpt6-sol/state_303/RGOCG16-50_16mm/RGOCG8-50_8mm.json,1.2995398999773897,A,-0.000259,0.9997410335376046,0.9997410335376046,0.9997410335376046,,,0.0,0.00035896646239542686,,,0.0,0.00035896646239542686
gpt-6-sol,state_303,RGOCG12-50_12mm,12 mm round pin,RGOCG8-50_8mm,False,True,False,input_crops/state_303/RGOCG8-50_8mm.png,b1cf506f7c610c52669f86cfc92c532b4c1f5b8a237342f66910a94489e03314,raw/gpt6-sol/state_303/RGOCG12-50_12mm/RGOCG8-50_8mm.json,1.1642309000017121,A,-8.4e-05,0.9999160035279012,0.9999160035279012,0.9999160035279012,,,0.0,0.00018399647209877958,,,0.0,0.00018399647209877958
gpt-6-sol,state_303,RGOCG8-50_8mm,8 mm round pin,RGOCG8-50_8mm,True,True,False,input_crops/state_303/RGOCG8-50_8mm.png,b1cf506f7c610c52669f86cfc92c532b4c1f5b8a237342f66910a94489e03314,raw/gpt6-sol/state_303/RGOCG8-50_8mm/RGOCG8-50_8mm.json,1.8906041999580339,A,-7.6e-05,0.9999240028879268,0.9999240028879268,0.9999240028879268,,,0.0,0.00017599711207317838,,,0.0,0.00017599711207317838
gpt-6-sol,state_303,USB_Male,USB connector + cable,RGOCG8-50_8mm,False,False,False,input_crops/state_303/RGOCG8-50_8mm.png,b1cf506f7c610c52669f86cfc92c532b4c1f5b8a237342f66910a94489e03314,raw/gpt6-sol/state_303/USB_Male/RGOCG8-50_8mm.json,1.4733685000101104,B,,,0.0,0.01703299758184652,-0.017078,0.9830670024181535,0.9830670024181535,0.9830670024181535,,,0.0,0.01703299758184652
gpt-6-sol,state_303,DSUB_Male,DSUB connector,RGOCG8-50_8mm,False,False,False,input_crops/state_303/RGOCG8-50_8mm.png,b1cf506f7c610c52669f86cfc92c532b4c1f5b8a237342f66910a94489e03314,raw/gpt6-sol/state_303/DSUB_Male/RGOCG8-50_8mm.json,1.5163298000115901,B,,,0.0,0.003949571329363255,-0.003857,0.9961504286706367,0.9961504286706367,0.9961504286706367,,,0.0,0.003949571329363255
gpt-6-sol,state_303,Gear_Large,Large gear,USB_Male,False,False,True,input_crops/state_303/USB_Male.png,5a3874a9c4c9ea46017e36201d2d720bdf18ca97b04e8ef6860e4458139d0368,raw/gpt6-sol/state_303/Gear_Large/USB_Male.json,1.4110211999504827,B,,,0.0,0.00010799996800004977,-8e-06,0.999992000032,0.999992000032,0.999992000032,,,0.0,0.00010799996800004977
gpt-6-sol,state_303,Gear_Medium,Medium gear,USB_Male,False,False,True,input_crops/state_303/USB_Male.png,5a3874a9c4c9ea46017e36201d2d720bdf18ca97b04e8ef6860e4458139d0368,raw/gpt6-sol/state_303/Gear_Medium/USB_Male.json,1.7346539999707602,B,,,0.0,0.0001,8e-06,1.0,1.0,1.0,,,0.0,0.0001
gpt-6-sol,state_303,Gear_Small,Small gear,USB_Male,False,False,True,input_crops/state_303/USB_Male.png,5a3874a9c4c9ea46017e36201d2d720bdf18ca97b04e8ef6860e4458139d0368,raw/gpt6-sol/state_303/Gear_Small/USB_Male.json,1.5934642999782227,B,,,0.0,0.0001,0.0,1.0,1.0,1.0,,,0.0,0.0001
gpt-6-sol,state_303,Waterproof_Male,Waterproof connector,USB_Male,False,False,True,input_crops/state_303/USB_Male.png,5a3874a9c4c9ea46017e36201d2d720bdf18ca97b04e8ef6860e4458139d0368,raw/gpt6-sol/state_303/Waterproof_Male/USB_Male.json,3.4793689000071026,B,,,0.0,0.00037496219096589946,-0.000275,0.9997250378090341,0.9997250378090341,0.9997250378090341,,,0.0,0.00037496219096589946
gpt-6-sol,state_303,M12_Hex_Nut,M12 hex nut,USB_Male,False,False,True,input_crops/state_303/USB_Male.png,5a3874a9c4c9ea46017e36201d2d720bdf18ca97b04e8ef6860e4458139d0368,raw/gpt6-sol/state_303/M12_Hex_Nut/USB_Male.json,2.1376781000290066,B,,,0.0,0.00011499988750053305,-1.5e-05,0.9999850001124995,0.9999850001124995,0.9999850001124995,,,0.0,0.00011499988750053305
gpt-6-sol,state_303,M16_Hex_Nut,M16 hex nut,USB_Male,False,False,True,input_crops/state_303/USB_Male.png,5a3874a9c4c9ea46017e36201d2d720bdf18ca97b04e8ef6860e4458139d0368,raw/gpt6-sol/state_303/M16_Hex_Nut/USB_Male.json,1.7626216000062414,B,,,0.0,0.00010799996800004977,-8e-06,0.999992000032,0.999992000032,0.999992000032,,,0.0,0.00010799996800004977
gpt-6-sol,state_303,RGOCG16-50_16mm,16 mm round pin,USB_Male,False,False,True,input_crops/state_303/USB_Male.png,5a3874a9c4c9ea46017e36201d2d720bdf18ca97b04e8ef6860e4458139d0368,raw/gpt6-sol/state_303/RGOCG16-50_16mm/USB_Male.json,1.3872014000080526,B,,,0.0,0.0001,1.1e-05,1.0,1.0,1.0,,,0.0,0.0001
gpt-6-sol,state_303,RGOCG12-50_12mm,12 mm round pin,USB_Male,False,False,True,input_crops/state_303/USB_Male.png,5a3874a9c4c9ea46017e36201d2d720bdf18ca97b04e8ef6860e4458139d0368,raw/gpt6-sol/state_303/RGOCG12-50_12mm/USB_Male.json,1.31600220000837,B,,,0.0,0.0001,0.0,1.0,1.0,1.0,,,0.0,0.0001
gpt-6-sol,state_303,RGOCG8-50_8mm,8 mm round pin,USB_Male,False,False,True,input_crops/state_303/USB_Male.png,5a3874a9c4c9ea46017e36201d2d720bdf18ca97b04e8ef6860e4458139d0368,raw/gpt6-sol/state_303/RGOCG8-50_8mm/USB_Male.json,1.6261905999854207,B,,,0.0,0.00011499988750053305,-1.5e-05,0.9999850001124995,0.9999850001124995,0.9999850001124995,,,0.0,0.00011499988750053305
gpt-6-sol,state_303,USB_Male,USB connector + cable,USB_Male,True,True,True,input_crops/state_303/USB_Male.png,5a3874a9c4c9ea46017e36201d2d720bdf18ca97b04e8ef6860e4458139d0368,raw/gpt6-sol/state_303/USB_Male/USB_Male.json,1.6391565999947488,B,-2.746712,0.06413840195366458,0.06413840195366458,0.06413840195366458,-0.06929,0.9330560545835727,0.9330560545835727,0.9330560545835727,,,0.0,0.0029055434627627383
gpt-6-sol,state_303,DSUB_Male,DSUB connector,USB_Male,False,False,True,input_crops/state_303/USB_Male.png,5a3874a9c4c9ea46017e36201d2d720bdf18ca97b04e8ef6860e4458139d0368,raw/gpt6-sol/state_303/DSUB_Male/USB_Male.json,2.2018786999979056,B,,,0.0,0.0001339994220065476,-3.4e-05,0.9999660005779935,0.9999660005779935,0.9999660005779935,,,0.0,0.0001339994220065476
gpt-6-sol,state_303,Gear_Large,Large gear,DSUB_Male,False,False,False,input_crops/state_303/DSUB_Male.png,951cf97dc3898e2a3029bf7b3818dace43fcdf8abc4c737bf166e9942e4e2383,raw/gpt6-sol/state_303/Gear_Large/DSUB_Male.json,3.140548299998045,B,,,0.0,0.0001,0.0,1.0,1.0,1.0,,,0.0,0.0001
gpt-6-sol,state_303,Gear_Medium,Medium gear,DSUB_Male,False,False,False,input_crops/state_303/DSUB_Male.png,951cf97dc3898e2a3029bf7b3818dace43fcdf8abc4c737bf166e9942e4e2383,raw/gpt6-sol/state_303/Gear_Medium/DSUB_Male.json,1.323977299965918,B,,,0.0,0.0001,0.0,1.0,1.0,1.0,,,0.0,0.0001
gpt-6-sol,state_303,Gear_Small,Small gear,DSUB_Male,False,False,False,input_crops/state_303/DSUB_Male.png,951cf97dc3898e2a3029bf7b3818dace43fcdf8abc4c737bf166e9942e4e2383,raw/gpt6-sol/state_303/Gear_Small/DSUB_Male.json,1.1813807000289671,B,,,0.0,0.00010799996800004977,-8e-06,0.999992000032,0.999992000032,0.999992000032,,,0.0,0.00010799996800004977
gpt-6-sol,state_303,Waterproof_Male,Waterproof connector,DSUB_Male,False,False,False,input_crops/state_303/DSUB_Male.png,951cf97dc3898e2a3029bf7b3818dace43fcdf8abc4c737bf166e9942e4e2383,raw/gpt6-sol/state_303/Waterproof_Male/DSUB_Male.json,1.61366629996337,A,-0.058456,0.9432197411552541,0.9432197411552541,0.9432197411552541,,,0.0,0.01463942926056595,-3.164368,0.04224082958418001,0.04224082958418001,0.04224082958418001
gpt-6-sol,state_303,M12_Hex_Nut,M12 hex nut,DSUB_Male,False,False,False,input_crops/state_303/DSUB_Male.png,951cf97dc3898e2a3029bf7b3818dace43fcdf8abc4c737bf166e9942e4e2383,raw/gpt6-sol/state_303/M12_Hex_Nut/DSUB_Male.json,1.2363903000368737,B,,,0.0,0.0001109999395002669,-1.1e-05,0.9999890000604997,0.9999890000604997,0.9999890000604997,,,0.0,0.0001109999395002669
gpt-6-sol,state_303,M16_Hex_Nut,M16 hex nut,DSUB_Male,False,False,False,input_crops/state_303/DSUB_Male.png,951cf97dc3898e2a3029bf7b3818dace43fcdf8abc4c737bf166e9942e4e2383,raw/gpt6-sol/state_303/M16_Hex_Nut/DSUB_Male.json,1.5248456000117585,B,,,0.0,0.0001,4e-06,1.0,1.0,1.0,,,0.0,0.0001
gpt-6-sol,state_303,RGOCG16-50_16mm,16 mm round pin,DSUB_Male,False,False,False,input_crops/state_303/DSUB_Male.png,951cf97dc3898e2a3029bf7b3818dace43fcdf8abc4c737bf166e9942e4e2383,raw/gpt6-sol/state_303/RGOCG16-50_16mm/DSUB_Male.json,1.195115500013344,B,,,0.0,0.00010399999199995893,-4e-06,0.999996000008,0.999996000008,0.999996000008,,,0.0,0.00010399999199995893
gpt-6-sol,state_303,RGOCG12-50_12mm,12 mm round pin,DSUB_Male,False,False,False,input_crops/state_303/DSUB_Male.png,951cf97dc3898e2a3029bf7b3818dace43fcdf8abc4c737bf166e9942e4e2383,raw/gpt6-sol/state_303/RGOCG12-50_12mm/DSUB_Male.json,13.651978000008967,B,,,0.0,0.00011499988750053305,-1.5e-05,0.9999850001124995,0.9999850001124995,0.9999850001124995,,,0.0,0.00011499988750053305
gpt-6-sol,state_303,RGOCG8-50_8mm,8 mm round pin,DSUB_Male,False,False,False,input_crops/state_303/DSUB_Male.png,951cf97dc3898e2a3029bf7b3818dace43fcdf8abc4c737bf166e9942e4e2383,raw/gpt6-sol/state_303/RGOCG8-50_8mm/DSUB_Male.json,2.241692100011278,B,,,0.0,0.00011499988750053305,-1.5e-05,0.9999850001124995,0.9999850001124995,0.9999850001124995,,,0.0,0.00011499988750053305
gpt-6-sol,state_303,USB_Male,USB connector + cable,DSUB_Male,False,False,False,input_crops/state_303/DSUB_Male.png,951cf97dc3898e2a3029bf7b3818dace43fcdf8abc4c737bf166e9942e4e2383,raw/gpt6-sol/state_303/USB_Male/DSUB_Male.json,1.5069951000041328,B,,,0.0,0.0001,4e-06,1.0,1.0,1.0,,,0.0,0.0001
gpt-6-sol,state_303,DSUB_Male,DSUB connector,DSUB_Male,True,True,False,input_crops/state_303/DSUB_Male.png,951cf97dc3898e2a3029bf7b3818dace43fcdf8abc4c737bf166e9942e4e2383,raw/gpt6-sol/state_303/DSUB_Male/DSUB_Male.json,13.7645932000014,B,-1.048912,0.35031868857567905,0.35031868857567905,0.35031868857567905,-0.507942,0.6017326712449468,0.6017326712449468,0.6017326712449468,-3.037506,0.04795433859971667,0.04795433859971667,0.04795433859971667
