model,state,target,target_name,posthoc_identity,own_object_match,same_family,assisted_fallback,crop_file,crop_sha256,response_file,elapsed_seconds,answer,p_A,p_B,p_C,logp_A,logp_B,logp_C,other_token_probability
qwen3.5:4b,original,Gear_Large,Large gear,Gear_Large,True,True,False,input_crops/original/Gear_Large.png,8643de8c1b1dcf74dc92d04cdefcfdc0735be5d7df1bdc7bdc7e077aadca78b3,raw/qwen3.5-4b/original/Gear_Large/Gear_Large.json,4.261548799986485,A,0.6104155105475253,0.14207664727122066,0.246117946932092,-0.49361538887023926,-1.9513885974884033,-1.4019443988800049,0.0013898952491619987
qwen3.5:4b,original,Gear_Medium,Medium gear,Gear_Large,False,True,False,input_crops/original/Gear_Large.png,8643de8c1b1dcf74dc92d04cdefcfdc0735be5d7df1bdc7bdc7e077aadca78b3,raw/qwen3.5-4b/original/Gear_Medium/Gear_Large.json,0.26677639997797087,A,0.49734177923198464,0.16163362153672473,0.33961077348227164,-0.6984778046607971,-1.8224231004714966,-1.0799551010131836,0.0014138257490189376
qwen3.5:4b,original,Gear_Small,Small gear,Gear_Large,False,True,False,input_crops/original/Gear_Large.png,8643de8c1b1dcf74dc92d04cdefcfdc0735be5d7df1bdc7bdc7e077aadca78b3,raw/qwen3.5-4b/original/Gear_Small/Gear_Large.json,0.25633170001674443,A,0.46311089382856313,0.16795686635278773,0.36795801516119186,-0.7697887420654297,-1.784048080444336,-0.9997864365577698,0.0009742246574573343
qwen3.5:4b,original,Waterproof_Male,Waterproof connector,Gear_Large,False,False,False,input_crops/original/Gear_Large.png,8643de8c1b1dcf74dc92d04cdefcfdc0735be5d7df1bdc7bdc7e077aadca78b3,raw/qwen3.5-4b/original/Waterproof_Male/Gear_Large.json,0.27619160001631826,C,0.0803495727985102,0.3068795954237572,0.6118881638988691,-2.5213685035705566,-1.1812998056411743,-0.49120575189590454,0.0008826678788634856
qwen3.5:4b,original,M12_Hex_Nut,M12 hex nut,Gear_Large,False,False,False,input_crops/original/Gear_Large.png,8643de8c1b1dcf74dc92d04cdefcfdc0735be5d7df1bdc7bdc7e077aadca78b3,raw/qwen3.5-4b/original/M12_Hex_Nut/Gear_Large.json,0.26835819997359067,C,0.11518332082603552,0.2659233494755795,0.6174135752584132,-2.1612303256988525,-1.3245471715927124,-0.4822161793708801,0.0014797544399717255
qwen3.5:4b,original,M16_Hex_Nut,M16 hex nut,Gear_Large,False,False,False,input_crops/original/Gear_Large.png,8643de8c1b1dcf74dc92d04cdefcfdc0735be5d7df1bdc7bdc7e077aadca78b3,raw/qwen3.5-4b/original/M16_Hex_Nut/Gear_Large.json,0.26944669999647886,C,0.12733949853467721,0.23367460408700524,0.6376357603881855,-2.060898542404175,-1.4538257122039795,-0.44998806715011597,0.0013501369901320892
qwen3.5:4b,original,RGOCG16-50_16mm,16 mm round pin,Gear_Large,False,False,False,input_crops/original/Gear_Large.png,8643de8c1b1dcf74dc92d04cdefcfdc0735be5d7df1bdc7bdc7e077aadca78b3,raw/qwen3.5-4b/original/RGOCG16-50_16mm/Gear_Large.json,0.2688741000019945,C,0.18821797024990736,0.2103707840176357,0.5998005779439446,-1.6701545715332031,-1.5588836669921875,-0.5111580491065979,0.0016106677885123766
qwen3.5:4b,original,RGOCG12-50_12mm,12 mm round pin,Gear_Large,False,False,False,input_crops/original/Gear_Large.png,8643de8c1b1dcf74dc92d04cdefcfdc0735be5d7df1bdc7bdc7e077aadca78b3,raw/qwen3.5-4b/original/RGOCG12-50_12mm/Gear_Large.json,0.2781812999746762,C,0.20766234992109728,0.2012594312300857,0.5895553253615066,-1.571841835975647,-1.6031605005264282,-0.5283867120742798,0.001522893487310495
qwen3.5:4b,original,RGOCG8-50_8mm,8 mm round pin,Gear_Large,False,False,False,input_crops/original/Gear_Large.png,8643de8c1b1dcf74dc92d04cdefcfdc0735be5d7df1bdc7bdc7e077aadca78b3,raw/qwen3.5-4b/original/RGOCG8-50_8mm/Gear_Large.json,0.27735450002364814,C,0.15487183643690802,0.2052093955322569,0.6382973707101339,-1.8651573657989502,-1.5837243795394897,-0.44895100593566895,0.0016213973207011012
qwen3.5:4b,original,USB_Male,USB connector + cable,Gear_Large,False,False,False,input_crops/original/Gear_Large.png,8643de8c1b1dcf74dc92d04cdefcfdc0735be5d7df1bdc7bdc7e077aadca78b3,raw/qwen3.5-4b/original/USB_Male/Gear_Large.json,0.2834069000091404,C,0.04035512038637085,0.13923718233774493,0.8185350853985431,-3.2100369930267334,-1.971576452255249,-0.20023901760578156,0.0018726118773411127
qwen3.5:4b,original,DSUB_Male,DSUB connector,Gear_Large,False,False,False,input_crops/original/Gear_Large.png,8643de8c1b1dcf74dc92d04cdefcfdc0735be5d7df1bdc7bdc7e077aadca78b3,raw/qwen3.5-4b/original/DSUB_Male/Gear_Large.json,0.3391208000248298,C,0.07201893309958247,0.11082175258105956,0.8155263657455778,-2.630826234817505,-2.1998322010040283,-0.20392152667045593,0.0016329485737801575
qwen3.5:4b,original,Gear_Large,Large gear,Gear_Medium,False,True,False,input_crops/original/Gear_Medium.png,32184c8966576de2b036c51d8d5e7cd940e019617b393dc6403bb6f08a234392,raw/qwen3.5-4b/original/Gear_Large/Gear_Medium.json,0.36688590003177524,A,0.8254046422493737,0.09513689259932996,0.07898508388894224,-0.19188153743743896,-2.352438449859619,-2.538496255874634,0.00047338126235407785
qwen3.5:4b,original,Gear_Medium,Medium gear,Gear_Medium,True,True,False,input_crops/original/Gear_Medium.png,32184c8966576de2b036c51d8d5e7cd940e019617b393dc6403bb6f08a234392,raw/qwen3.5-4b/original/Gear_Medium/Gear_Medium.json,0.28202450001845136,A,0.8425060462755548,0.0846243721809568,0.07244963671072385,-0.17137444019317627,-2.4695329666137695,-2.624863624572754,0.00041994483276464045
qwen3.5:4b,original,Gear_Small,Small gear,Gear_Medium,False,True,False,input_crops/original/Gear_Medium.png,32184c8966576de2b036c51d8d5e7cd940e019617b393dc6403bb6f08a234392,raw/qwen3.5-4b/original/Gear_Small/Gear_Medium.json,0.2633285000338219,A,0.8009448051659074,0.09749124716365566,0.10108176523093997,-0.22196324169635773,-2.3279926776885986,-2.291825532913208,0.00048218243949704753
qwen3.5:4b,original,Waterproof_Male,Waterproof connector,Gear_Medium,False,False,False,input_crops/original/Gear_Medium.png,32184c8966576de2b036c51d8d5e7cd940e019617b393dc6403bb6f08a234392,raw/qwen3.5-4b/original/Waterproof_Male/Gear_Medium.json,0.26101550000021234,C,0.06800005758353171,0.37596505204199104,0.5556615572617356,-2.688246726989746,-0.9782590866088867,-0.5875958800315857,0.00037333311274156955
qwen3.5:4b,original,M12_Hex_Nut,M12 hex nut,Gear_Medium,False,False,False,input_crops/original/Gear_Medium.png,32184c8966576de2b036c51d8d5e7cd940e019617b393dc6403bb6f08a234392,raw/qwen3.5-4b/original/M12_Hex_Nut/Gear_Medium.json,0.2702958000008948,C,0.0618094928462194,0.337370401089305,0.5997770543127914,-2.783698320388794,-1.086573839187622,-0.5111972689628601,0.0010430517516841764
qwen3.5:4b,original,M16_Hex_Nut,M16 hex nut,Gear_Medium,False,False,False,input_crops/original/Gear_Medium.png,32184c8966576de2b036c51d8d5e7cd940e019617b393dc6403bb6f08a234392,raw/qwen3.5-4b/original/M16_Hex_Nut/Gear_Medium.json,0.26117499999236315,C,0.08909369234149986,0.2043743955537839,0.7056382255376966,-2.4180667400360107,-1.5878016948699951,-0.34865260124206543,0.0008936865670196026
qwen3.5:4b,original,RGOCG16-50_16mm,16 mm round pin,Gear_Medium,False,False,False,input_crops/original/Gear_Medium.png,32184c8966576de2b036c51d8d5e7cd940e019617b393dc6403bb6f08a234392,raw/qwen3.5-4b/original/RGOCG16-50_16mm/Gear_Medium.json,0.2695825999835506,C,0.13466827479481752,0.2952453627535629,0.5688246546803403,-2.0049407482147217,-1.2199485301971436,-0.5641830563545227,0.001261707771279319
qwen3.5:4b,original,RGOCG12-50_12mm,12 mm round pin,Gear_Medium,False,False,False,input_crops/original/Gear_Medium.png,32184c8966576de2b036c51d8d5e7cd940e019617b393dc6403bb6f08a234392,raw/qwen3.5-4b/original/RGOCG12-50_12mm/Gear_Medium.json,0.26699410000583157,C,0.1378452760074517,0.31595502567973976,0.5454195738808808,-1.9816234111785889,-1.1521553993225098,-0.6061999201774597,0.0007801244319277645
qwen3.5:4b,original,RGOCG8-50_8mm,8 mm round pin,Gear_Medium,False,False,False,input_crops/original/Gear_Medium.png,32184c8966576de2b036c51d8d5e7cd940e019617b393dc6403bb6f08a234392,raw/qwen3.5-4b/original/RGOCG8-50_8mm/Gear_Medium.json,0.285447700007353,C,0.14548423834718324,0.23078708165626088,0.6226581883953927,-1.9276875257492065,-1.4662597179412842,-0.4737575650215149,0.001070491601163237
qwen3.5:4b,original,USB_Male,USB connector + cable,Gear_Medium,False,False,False,input_crops/original/Gear_Medium.png,32184c8966576de2b036c51d8d5e7cd940e019617b393dc6403bb6f08a234392,raw/qwen3.5-4b/original/USB_Male/Gear_Medium.json,0.3074656000244431,C,0.020088264777826013,0.2031855983862846,0.7756787576449431,-3.9076194763183594,-1.5936354398727417,-0.25401681661605835,0.0010473791909462182
qwen3.5:4b,original,DSUB_Male,DSUB connector,Gear_Medium,False,False,False,input_crops/original/Gear_Medium.png,32184c8966576de2b036c51d8d5e7cd940e019617b393dc6403bb6f08a234392,raw/qwen3.5-4b/original/DSUB_Male/Gear_Medium.json,0.2942310000071302,C,0.052187422513735184,0.3586822057160663,0.5879108813279114,-2.952913761138916,-1.0253185033798218,-0.5311799049377441,0.0012194904422870856
qwen3.5:4b,original,Gear_Large,Large gear,Gear_Small,False,True,False,input_crops/original/Gear_Small.png,12582ccd34fdba48126c0e1e0d71701e3ab31413538cfcbedfd42b8adf7e792c,raw/qwen3.5-4b/original/Gear_Large/Gear_Small.json,0.3451828000252135,A,0.8348908974973622,0.09176143605827368,0.07294193369053474,-0.18045422434806824,-2.3885631561279297,-2.618091583251953,0.0004057327538293798
qwen3.5:4b,original,Gear_Medium,Medium gear,Gear_Small,False,True,False,input_crops/original/Gear_Small.png,12582ccd34fdba48126c0e1e0d71701e3ab31413538cfcbedfd42b8adf7e792c,raw/qwen3.5-4b/original/Gear_Medium/Gear_Small.json,0.26635809999424964,A,0.772917684753256,0.12922271138142566,0.0973710350637934,-0.25758272409439087,-2.046217918395996,-2.329226493835449,0.0004885688015249245
qwen3.5:4b,original,Gear_Small,Small gear,Gear_Small,True,True,False,input_crops/original/Gear_Small.png,12582ccd34fdba48126c0e1e0d71701e3ab31413538cfcbedfd42b8adf7e792c,raw/qwen3.5-4b/original/Gear_Small/Gear_Small.json,0.2723759000073187,A,0.7839611796920684,0.11927896073882782,0.09624378712591646,-0.24339577555656433,-2.1262903213500977,-2.3408708572387695,0.0005160724431874097
qwen3.5:4b,original,Waterproof_Male,Waterproof connector,Gear_Small,False,False,False,input_crops/original/Gear_Small.png,12582ccd34fdba48126c0e1e0d71701e3ab31413538cfcbedfd42b8adf7e792c,raw/qwen3.5-4b/original/Waterproof_Male/Gear_Small.json,0.29789039999013767,C,0.21386414380419289,0.21408042174102862,0.5714727129683072,-1.5424143075942993,-1.5414035320281982,-0.5595385432243347,0.0005827214864713159
qwen3.5:4b,original,M12_Hex_Nut,M12 hex nut,Gear_Small,False,False,False,input_crops/original/Gear_Small.png,12582ccd34fdba48126c0e1e0d71701e3ab31413538cfcbedfd42b8adf7e792c,raw/qwen3.5-4b/original/M12_Hex_Nut/Gear_Small.json,0.2967670999933034,C,0.25808203920892336,0.26308392097712946,0.4783245800121259,-1.3544777631759644,-1.3352822065353394,-0.7374657392501831,0.000509459801821377
qwen3.5:4b,original,M16_Hex_Nut,M16 hex nut,Gear_Small,False,False,False,input_crops/original/Gear_Small.png,12582ccd34fdba48126c0e1e0d71701e3ab31413538cfcbedfd42b8adf7e792c,raw/qwen3.5-4b/original/M16_Hex_Nut/Gear_Small.json,0.30169460002798587,C,0.37006720705585733,0.23770649441140607,0.39176225621105126,-0.9940706491470337,-1.4367185831069946,-0.9371001124382019,0.00046404232168528736
qwen3.5:4b,original,RGOCG16-50_16mm,16 mm round pin,Gear_Small,False,False,False,input_crops/original/Gear_Small.png,12582ccd34fdba48126c0e1e0d71701e3ab31413538cfcbedfd42b8adf7e792c,raw/qwen3.5-4b/original/RGOCG16-50_16mm/Gear_Small.json,0.3086072000442073,C,0.2378215981059641,0.26050087985757153,0.500506865465046,-1.436234474182129,-1.345149040222168,-0.6921339631080627,0.0011706565714184602
qwen3.5:4b,original,RGOCG12-50_12mm,12 mm round pin,Gear_Small,False,False,False,input_crops/original/Gear_Small.png,12582ccd34fdba48126c0e1e0d71701e3ab31413538cfcbedfd42b8adf7e792c,raw/qwen3.5-4b/original/RGOCG12-50_12mm/Gear_Small.json,0.3107636999920942,C,0.18714362993855066,0.2522018378997949,0.5593848079050855,-1.675878882408142,-1.3775255680084229,-0.5809176564216614,0.0012697242565689049
qwen3.5:4b,original,RGOCG8-50_8mm,8 mm round pin,Gear_Small,False,False,False,input_crops/original/Gear_Small.png,12582ccd34fdba48126c0e1e0d71701e3ab31413538cfcbedfd42b8adf7e792c,raw/qwen3.5-4b/original/RGOCG8-50_8mm/Gear_Small.json,0.3198718000203371,C,0.33887713303113143,0.17801763940102025,0.4822031758372499,-1.0821176767349243,-1.7258726358413696,-0.7293897271156311,0.0009020517305984299
qwen3.5:4b,original,USB_Male,USB connector + cable,Gear_Small,False,False,False,input_crops/original/Gear_Small.png,12582ccd34fdba48126c0e1e0d71701e3ab31413538cfcbedfd42b8adf7e792c,raw/qwen3.5-4b/original/USB_Male/Gear_Small.json,0.335863399959635,C,0.05372102051557933,0.127207439893166,0.8176761880203947,-2.9239509105682373,-2.061936140060425,-0.2012888789176941,0.001395351570860015
qwen3.5:4b,original,DSUB_Male,DSUB connector,Gear_Small,False,False,False,input_crops/original/Gear_Small.png,12582ccd34fdba48126c0e1e0d71701e3ab31413538cfcbedfd42b8adf7e792c,raw/qwen3.5-4b/original/DSUB_Male/Gear_Small.json,0.327991199970711,C,0.2538499706474925,0.14656946776468122,0.5985845299258261,-1.3710118532180786,-1.9202557802200317,-0.5131875276565552,0.0009960316620001297
qwen3.5:4b,original,Gear_Large,Large gear,Waterproof_Male,False,False,False,input_crops/original/Waterproof_Male.png,41b585482c19ce36d3222b4ce188fedb570a2c64e3d131c84b65485afb23e2f0,raw/qwen3.5-4b/original/Gear_Large/Waterproof_Male.json,0.3977152000297792,C,0.13760058439571177,0.28921826183855476,0.5710635313299253,-1.9834001064300537,-1.2405736446380615,-0.5602548122406006,0.002117622435808153
qwen3.5:4b,original,Gear_Medium,Medium gear,Waterproof_Male,False,False,False,input_crops/original/Waterproof_Male.png,41b585482c19ce36d3222b4ce188fedb570a2c64e3d131c84b65485afb23e2f0,raw/qwen3.5-4b/original/Gear_Medium/Waterproof_Male.json,0.2819848000071943,C,0.16876967850993418,0.21970484075822388,0.6100753459399312,-1.7792203426361084,-1.515470266342163,-0.4941728115081787,0.0014501347919106955
qwen3.5:4b,original,Gear_Small,Small gear,Waterproof_Male,False,False,False,input_crops/original/Waterproof_Male.png,41b585482c19ce36d3222b4ce188fedb570a2c64e3d131c84b65485afb23e2f0,raw/qwen3.5-4b/original/Gear_Small/Waterproof_Male.json,0.28099380002822727,C,0.1505143778056554,0.30707332641347146,0.540545706745133,-1.893696665763855,-1.1806687116622925,-0.6151760816574097,0.0018665890357401071
qwen3.5:4b,original,Waterproof_Male,Waterproof connector,Waterproof_Male,True,True,False,input_crops/original/Waterproof_Male.png,41b585482c19ce36d3222b4ce188fedb570a2c64e3d131c84b65485afb23e2f0,raw/qwen3.5-4b/original/Waterproof_Male/Waterproof_Male.json,0.3017227000091225,A,0.8100212196257536,0.09824836102488271,0.09020523807363821,-0.2106948345899582,-2.3202567100524902,-2.405667781829834,0.00152518127572554
qwen3.5:4b,original,M12_Hex_Nut,M12 hex nut,Waterproof_Male,False,False,False,input_crops/original/Waterproof_Male.png,41b585482c19ce36d3222b4ce188fedb570a2c64e3d131c84b65485afb23e2f0,raw/qwen3.5-4b/original/M12_Hex_Nut/Waterproof_Male.json,0.2859020000323653,C,0.09043123251391852,0.28078656971341165,0.6240975266639054,-2.403165578842163,-1.270160436630249,-0.4714486300945282,0.004684671108764471
qwen3.5:4b,original,M16_Hex_Nut,M16 hex nut,Waterproof_Male,False,False,False,input_crops/original/Waterproof_Male.png,41b585482c19ce36d3222b4ce188fedb570a2c64e3d131c84b65485afb23e2f0,raw/qwen3.5-4b/original/M16_Hex_Nut/Waterproof_Male.json,0.29624639998655766,C,0.1113198127550373,0.2507329568368555,0.6346905770285164,-2.195348024368286,-1.3833668231964111,-0.4546176791191101,0.0032566533795908015
qwen3.5:4b,original,RGOCG16-50_16mm,16 mm round pin,Waterproof_Male,False,False,False,input_crops/original/Waterproof_Male.png,41b585482c19ce36d3222b4ce188fedb570a2c64e3d131c84b65485afb23e2f0,raw/qwen3.5-4b/original/RGOCG16-50_16mm/Waterproof_Male.json,0.28472439997131005,C,0.32814755585129296,0.21044668419350507,0.458308791720382,-1.1142919063568115,-1.5585229396820068,-0.7802121043205261,0.0030969682348198635
qwen3.5:4b,original,RGOCG12-50_12mm,12 mm round pin,Waterproof_Male,False,False,False,input_crops/original/Waterproof_Male.png,41b585482c19ce36d3222b4ce188fedb570a2c64e3d131c84b65485afb23e2f0,raw/qwen3.5-4b/original/RGOCG12-50_12mm/Waterproof_Male.json,0.28394399996614084,C,0.3780663703342484,0.2158615585186418,0.403974612419343,-0.9726855158805847,-1.5331180095672607,-0.9064032435417175,0.0020974587277666767
qwen3.5:4b,original,RGOCG8-50_8mm,8 mm round pin,Waterproof_Male,False,False,False,input_crops/original/Waterproof_Male.png,41b585482c19ce36d3222b4ce188fedb570a2c64e3d131c84b65485afb23e2f0,raw/qwen3.5-4b/original/RGOCG8-50_8mm/Waterproof_Male.json,0.28423190000467,C,0.34140227701003606,0.19967253218792408,0.45584309312950533,-1.0746937990188599,-1.6110765933990479,-0.7856066226959229,0.003082097672534534
qwen3.5:4b,original,USB_Male,USB connector + cable,Waterproof_Male,False,False,False,input_crops/original/Waterproof_Male.png,41b585482c19ce36d3222b4ce188fedb570a2c64e3d131c84b65485afb23e2f0,raw/qwen3.5-4b/original/USB_Male/Waterproof_Male.json,0.2981749000027776,C,0.19290677758751126,0.2790474649440172,0.5247501219310564,-1.6455482244491577,-1.2763733863830566,-0.6448330879211426,0.003295635537415076
qwen3.5:4b,original,DSUB_Male,DSUB connector,Waterproof_Male,False,False,False,input_crops/original/Waterproof_Male.png,41b585482c19ce36d3222b4ce188fedb570a2c64e3d131c84b65485afb23e2f0,raw/qwen3.5-4b/original/DSUB_Male/Waterproof_Male.json,0.3003037999733351,A,0.45931090204341724,0.24798911208390467,0.29114667983911025,-0.7780279517173767,-1.394370436668396,-1.2339280843734741,0.0015533060335678472
qwen3.5:4b,original,Gear_Large,Large gear,M12_Hex_Nut,False,False,False,input_crops/original/M12_Hex_Nut.png,38c0f98390b534a6792efcbe2e21a4c07ceeeea957ea1c15c814989186114245,raw/qwen3.5-4b/original/Gear_Large/M12_Hex_Nut.json,0.36314540001330897,A,0.5587233286099362,0.07592859485736483,0.3643985184750792,-0.5821008682250977,-2.5779619216918945,-1.009507179260254,0.0009495580576197593
qwen3.5:4b,original,Gear_Medium,Medium gear,M12_Hex_Nut,False,False,False,input_crops/original/M12_Hex_Nut.png,38c0f98390b534a6792efcbe2e21a4c07ceeeea957ea1c15c814989186114245,raw/qwen3.5-4b/original/Gear_Medium/M12_Hex_Nut.json,0.28465059999143705,C,0.44042806117806327,0.06283677579431925,0.4955267141340026,-0.8200081586837769,-2.767214775085449,-0.7021340131759644,0.0012084488936148219
qwen3.5:4b,original,Gear_Small,Small gear,M12_Hex_Nut,False,False,False,input_crops/original/M12_Hex_Nut.png,38c0f98390b534a6792efcbe2e21a4c07ceeeea957ea1c15c814989186114245,raw/qwen3.5-4b/original/Gear_Small/M12_Hex_Nut.json,0.29439409996848553,A,0.5019451856974617,0.07457249755349349,0.4225754817116553,-0.6892643570899963,-2.5959835052490234,-0.8613871932029724,0.0009068350373895306
qwen3.5:4b,original,Waterproof_Male,Waterproof connector,M12_Hex_Nut,False,False,False,input_crops/original/M12_Hex_Nut.png,38c0f98390b534a6792efcbe2e21a4c07ceeeea957ea1c15c814989186114245,raw/qwen3.5-4b/original/Waterproof_Male/M12_Hex_Nut.json,0.28975239995634183,C,0.3816928477997116,0.09119346385151914,0.5265367585411774,-0.9631390571594238,-2.3947720527648926,-0.6414341330528259,0.0005769298075918305
qwen3.5:4b,original,M12_Hex_Nut,M12 hex nut,M12_Hex_Nut,True,True,False,input_crops/original/M12_Hex_Nut.png,38c0f98390b534a6792efcbe2e21a4c07ceeeea957ea1c15c814989186114245,raw/qwen3.5-4b/original/M12_Hex_Nut/M12_Hex_Nut.json,0.3029577999841422,A,0.4906622950564832,0.07154780713462151,0.4371647253523842,-0.7119991779327393,-2.6373894214630127,-0.8274452090263367,0.0006251724565111694
qwen3.5:4b,original,M16_Hex_Nut,M16 hex nut,M12_Hex_Nut,False,True,False,input_crops/original/M12_Hex_Nut.png,38c0f98390b534a6792efcbe2e21a4c07ceeeea957ea1c15c814989186114245,raw/qwen3.5-4b/original/M16_Hex_Nut/M12_Hex_Nut.json,0.2842084000003524,A,0.516789433902735,0.06242948233745825,0.4198632719133723,-0.6601197719573975,-2.7737176418304443,-0.8678261637687683,0.0009178118464343576
qwen3.5:4b,original,RGOCG16-50_16mm,16 mm round pin,M12_Hex_Nut,False,False,False,input_crops/original/M12_Hex_Nut.png,38c0f98390b534a6792efcbe2e21a4c07ceeeea957ea1c15c814989186114245,raw/qwen3.5-4b/original/RGOCG16-50_16mm/M12_Hex_Nut.json,0.30985389999113977,C,0.2987367324598525,0.08688910527916688,0.6130813927783393,-1.2081925868988037,-2.443122625350952,-0.4892575740814209,0.0012927694826413427
qwen3.5:4b,original,RGOCG12-50_12mm,12 mm round pin,M12_Hex_Nut,False,False,False,input_crops/original/M12_Hex_Nut.png,38c0f98390b534a6792efcbe2e21a4c07ceeeea957ea1c15c814989186114245,raw/qwen3.5-4b/original/RGOCG12-50_12mm/M12_Hex_Nut.json,0.31871989998035133,C,0.2514210035316664,0.11077415042691455,0.6364843816245749,-1.3806264400482178,-2.2002618312835693,-0.45179539918899536,0.0013204644168441915
qwen3.5:4b,original,RGOCG8-50_8mm,8 mm round pin,M12_Hex_Nut,False,False,False,input_crops/original/M12_Hex_Nut.png,38c0f98390b534a6792efcbe2e21a4c07ceeeea957ea1c15c814989186114245,raw/qwen3.5-4b/original/RGOCG8-50_8mm/M12_Hex_Nut.json,0.2918626999598928,C,0.2980438473178784,0.09955227448715954,0.6013822417268009,-1.2105146646499634,-2.307072401046753,-0.5085245370864868,0.0010216364681612244
qwen3.5:4b,original,USB_Male,USB connector + cable,M12_Hex_Nut,False,False,False,input_crops/original/M12_Hex_Nut.png,38c0f98390b534a6792efcbe2e21a4c07ceeeea957ea1c15c814989186114245,raw/qwen3.5-4b/original/USB_Male/M12_Hex_Nut.json,0.30864240002119914,C,0.07704609554934752,0.05650289561851843,0.8648051044633588,-2.5633513927459717,-2.8734633922576904,-0.1452511101961136,0.0016459043687753194
qwen3.5:4b,original,DSUB_Male,DSUB connector,M12_Hex_Nut,False,False,False,input_crops/original/M12_Hex_Nut.png,38c0f98390b534a6792efcbe2e21a4c07ceeeea957ea1c15c814989186114245,raw/qwen3.5-4b/original/DSUB_Male/M12_Hex_Nut.json,0.3203934000339359,C,0.1733238416469171,0.07778684574577267,0.7475813714354025,-1.7525935173034668,-2.5537829399108887,-0.29091212153434753,0.0013079411719076894
qwen3.5:4b,original,Gear_Large,Large gear,M16_Hex_Nut,False,False,False,input_crops/original/M16_Hex_Nut.png,4ba340c5f9b0438cf39ee0b2a365c9fca0767eaad2c4a4642c4a0ade665bff5c,raw/qwen3.5-4b/original/Gear_Large/M16_Hex_Nut.json,0.36472429998684675,C,0.327529991319933,0.0603073693070948,0.6107219373437062,-1.116175651550293,-2.8083009719848633,-0.49311351776123047,0.00144070202926605
qwen3.5:4b,original,Gear_Medium,Medium gear,M16_Hex_Nut,False,False,False,input_crops/original/M16_Hex_Nut.png,4ba340c5f9b0438cf39ee0b2a365c9fca0767eaad2c4a4642c4a0ade665bff5c,raw/qwen3.5-4b/original/Gear_Medium/M16_Hex_Nut.json,0.275219900009688,C,0.32121532015737514,0.05357336721837999,0.6239731824232795,-1.1356436014175415,-2.9267032146453857,-0.47164788842201233,0.001238130200965415
qwen3.5:4b,original,Gear_Small,Small gear,M16_Hex_Nut,False,False,False,input_crops/original/M16_Hex_Nut.png,4ba340c5f9b0438cf39ee0b2a365c9fca0767eaad2c4a4642c4a0ade665bff5c,raw/qwen3.5-4b/original/Gear_Small/M16_Hex_Nut.json,0.28004639997379854,C,0.3198986802673168,0.05620511774072121,0.6223562334355768,-1.1397509574890137,-2.8787474632263184,-0.474242627620697,0.0015399685563851628
qwen3.5:4b,original,Waterproof_Male,Waterproof connector,M16_Hex_Nut,False,False,False,input_crops/original/M16_Hex_Nut.png,4ba340c5f9b0438cf39ee0b2a365c9fca0767eaad2c4a4642c4a0ade665bff5c,raw/qwen3.5-4b/original/Waterproof_Male/M16_Hex_Nut.json,0.275345699978061,C,0.409219299042399,0.08442349637883377,0.5056982720770985,-0.8935040831565857,-2.471909523010254,-0.6818150877952576,0.0006589325016687075
qwen3.5:4b,original,M12_Hex_Nut,M12 hex nut,M16_Hex_Nut,False,True,False,input_crops/original/M16_Hex_Nut.png,4ba340c5f9b0438cf39ee0b2a365c9fca0767eaad2c4a4642c4a0ade665bff5c,raw/qwen3.5-4b/original/M12_Hex_Nut/M16_Hex_Nut.json,0.2923728000023402,C,0.35114149765728675,0.05388854200922807,0.5939875900458449,-1.0465660095214844,-2.92083740234375,-0.520896852016449,0.0009823702876403662
qwen3.5:4b,original,M16_Hex_Nut,M16 hex nut,M16_Hex_Nut,True,True,False,input_crops/original/M16_Hex_Nut.png,4ba340c5f9b0438cf39ee0b2a365c9fca0767eaad2c4a4642c4a0ade665bff5c,raw/qwen3.5-4b/original/M16_Hex_Nut/M16_Hex_Nut.json,0.34388210001634434,C,0.4039860981527006,0.06530614346057509,0.5298783246788142,-0.9063748121261597,-2.7286691665649414,-0.6351078748703003,0.00082943370791011
qwen3.5:4b,original,RGOCG16-50_16mm,16 mm round pin,M16_Hex_Nut,False,False,False,input_crops/original/M16_Hex_Nut.png,4ba340c5f9b0438cf39ee0b2a365c9fca0767eaad2c4a4642c4a0ade665bff5c,raw/qwen3.5-4b/original/RGOCG16-50_16mm/M16_Hex_Nut.json,0.32651460001943633,C,0.3059276514527449,0.08084566993913479,0.6117715760163304,-1.1844066381454468,-2.5152132511138916,-0.49139630794525146,0.0014551025917899363
qwen3.5:4b,original,RGOCG12-50_12mm,12 mm round pin,M16_Hex_Nut,False,False,False,input_crops/original/M16_Hex_Nut.png,4ba340c5f9b0438cf39ee0b2a365c9fca0767eaad2c4a4642c4a0ade665bff5c,raw/qwen3.5-4b/original/RGOCG12-50_12mm/M16_Hex_Nut.json,0.3525289999670349,C,0.23904921566475287,0.08484423294866457,0.674155166512552,-1.4310858249664307,-2.4669382572174072,-0.39429497718811035,0.0019513848740304596
qwen3.5:4b,original,RGOCG8-50_8mm,8 mm round pin,M16_Hex_Nut,False,False,False,input_crops/original/M16_Hex_Nut.png,4ba340c5f9b0438cf39ee0b2a365c9fca0767eaad2c4a4642c4a0ade665bff5c,raw/qwen3.5-4b/original/RGOCG8-50_8mm/M16_Hex_Nut.json,0.33774729998549446,C,0.31895265852808236,0.08347748058003387,0.5962605367764974,-1.1427125930786133,-2.4831783771514893,-0.5170775651931763,0.0013093241153864232
qwen3.5:4b,original,USB_Male,USB connector + cable,M16_Hex_Nut,False,False,False,input_crops/original/M16_Hex_Nut.png,4ba340c5f9b0438cf39ee0b2a365c9fca0767eaad2c4a4642c4a0ade665bff5c,raw/qwen3.5-4b/original/USB_Male/M16_Hex_Nut.json,0.37283209996530786,C,0.09760693003018532,0.05673805436154766,0.8438032898924521,-2.3268067836761475,-2.869310140609741,-0.1698358803987503,0.0018517257158148226
qwen3.5:4b,original,DSUB_Male,DSUB connector,M16_Hex_Nut,False,False,False,input_crops/original/M16_Hex_Nut.png,4ba340c5f9b0438cf39ee0b2a365c9fca0767eaad2c4a4642c4a0ade665bff5c,raw/qwen3.5-4b/original/DSUB_Male/M16_Hex_Nut.json,0.3426264000008814,C,0.17814473701108055,0.08213728831410579,0.738290836785134,-1.725158929824829,-2.4993631839752197,-0.303417444229126,0.0014271378896797415
qwen3.5:4b,original,Gear_Large,Large gear,RGOCG16-50_16mm,False,False,False,input_crops/original/RGOCG16-50_16mm.png,2bfbdaf2da2c79be29d256e75f2c8aaa2cb945a635fb500fdd25fd9e5a47a015,raw/qwen3.5-4b/original/Gear_Large/RGOCG16-50_16mm.json,0.42399580002529547,C,0.04191646944800078,0.13410302531769058,0.8233865535332516,-3.172076463699341,-2.0091469287872314,-0.19432950019836426,0.0005939517010570272
qwen3.5:4b,original,Gear_Medium,Medium gear,RGOCG16-50_16mm,False,False,False,input_crops/original/RGOCG16-50_16mm.png,2bfbdaf2da2c79be29d256e75f2c8aaa2cb945a635fb500fdd25fd9e5a47a015,raw/qwen3.5-4b/original/Gear_Medium/RGOCG16-50_16mm.json,0.2967528000008315,C,0.06724917047811091,0.11771930976345442,0.8143147233902975,-2.699350595474243,-2.1394522190093994,-0.20540834963321686,0.0007167963681371514
qwen3.5:4b,original,Gear_Small,Small gear,RGOCG16-50_16mm,False,False,False,input_crops/original/RGOCG16-50_16mm.png,2bfbdaf2da2c79be29d256e75f2c8aaa2cb945a635fb500fdd25fd9e5a47a015,raw/qwen3.5-4b/original/Gear_Small/RGOCG16-50_16mm.json,0.3098527999827638,C,0.04089196501615886,0.09421198374100123,0.8640881207852127,-3.196821689605713,-2.3622078895568848,-0.14608052372932434,0.0008079304576271706
qwen3.5:4b,original,Waterproof_Male,Waterproof connector,RGOCG16-50_16mm,False,False,False,input_crops/original/RGOCG16-50_16mm.png,2bfbdaf2da2c79be29d256e75f2c8aaa2cb945a635fb500fdd25fd9e5a47a015,raw/qwen3.5-4b/original/Waterproof_Male/RGOCG16-50_16mm.json,0.29046519997064024,C,0.09916035056861879,0.0836852230670315,0.8165927574083662,-2.3110170364379883,-2.4806928634643555,-0.20261476933956146,0.0005616689559835297
qwen3.5:4b,original,M12_Hex_Nut,M12 hex nut,RGOCG16-50_16mm,False,False,False,input_crops/original/RGOCG16-50_16mm.png,2bfbdaf2da2c79be29d256e75f2c8aaa2cb945a635fb500fdd25fd9e5a47a015,raw/qwen3.5-4b/original/M12_Hex_Nut/RGOCG16-50_16mm.json,0.2969096999731846,C,0.07696733188008661,0.08502040303590763,0.8371095046313712,-2.5643742084503174,-2.4648640155792236,-0.17780038714408875,0.0009027604526344879
qwen3.5:4b,original,M16_Hex_Nut,M16 hex nut,RGOCG16-50_16mm,False,False,False,input_crops/original/RGOCG16-50_16mm.png,2bfbdaf2da2c79be29d256e75f2c8aaa2cb945a635fb500fdd25fd9e5a47a015,raw/qwen3.5-4b/original/M16_Hex_Nut/RGOCG16-50_16mm.json,0.2915948000154458,C,0.11589056611886607,0.07606742518316983,0.8066093922115375,-2.15510892868042,-2.5761351585388184,-0.21491575241088867,0.0014326164864266744
qwen3.5:4b,original,RGOCG16-50_16mm,16 mm round pin,RGOCG16-50_16mm,True,True,False,input_crops/original/RGOCG16-50_16mm.png,2bfbdaf2da2c79be29d256e75f2c8aaa2cb945a635fb500fdd25fd9e5a47a015,raw/qwen3.5-4b/original/RGOCG16-50_16mm/RGOCG16-50_16mm.json,0.3006584999966435,A,0.8207688964013089,0.0542577558036784,0.12422380375656873,-0.19751369953155518,-2.9140093326568604,-2.0856704711914062,0.0007495440384439611
qwen3.5:4b,original,RGOCG12-50_12mm,12 mm round pin,RGOCG16-50_16mm,False,True,False,input_crops/original/RGOCG16-50_16mm.png,2bfbdaf2da2c79be29d256e75f2c8aaa2cb945a635fb500fdd25fd9e5a47a015,raw/qwen3.5-4b/original/RGOCG12-50_12mm/RGOCG16-50_16mm.json,0.3023063000291586,A,0.8237968713825414,0.05344150920296992,0.1219181448680059,-0.19383129477500916,-2.9291675090789795,-2.104405403137207,0.0008434745464828142
qwen3.5:4b,original,RGOCG8-50_8mm,8 mm round pin,RGOCG16-50_16mm,False,True,False,input_crops/original/RGOCG16-50_16mm.png,2bfbdaf2da2c79be29d256e75f2c8aaa2cb945a635fb500fdd25fd9e5a47a015,raw/qwen3.5-4b/original/RGOCG8-50_8mm/RGOCG16-50_16mm.json,0.3014395000063814,A,0.82611286752557,0.05912456511555026,0.11406278886451077,-0.19102387130260468,-2.828108787536621,-2.171006202697754,0.0006997784943689744
qwen3.5:4b,original,USB_Male,USB connector + cable,RGOCG16-50_16mm,False,False,False,input_crops/original/RGOCG16-50_16mm.png,2bfbdaf2da2c79be29d256e75f2c8aaa2cb945a635fb500fdd25fd9e5a47a015,raw/qwen3.5-4b/original/USB_Male/RGOCG16-50_16mm.json,0.30284540000138804,C,0.1334639170617692,0.09661849357254085,0.7688364909363328,-2.0139241218566895,-2.3369851112365723,-0.262876957654953,0.001081098429357219
qwen3.5:4b,original,DSUB_Male,DSUB connector,RGOCG16-50_16mm,False,False,False,input_crops/original/RGOCG16-50_16mm.png,2bfbdaf2da2c79be29d256e75f2c8aaa2cb945a635fb500fdd25fd9e5a47a015,raw/qwen3.5-4b/original/DSUB_Male/RGOCG16-50_16mm.json,0.302180300001055,C,0.13789880684752528,0.11347727230213565,0.747578385966784,-1.981235146522522,-2.1761527061462402,-0.2909161150455475,0.001045534883554966
qwen3.5:4b,original,Gear_Large,Large gear,RGOCG12-50_12mm,False,False,False,input_crops/original/RGOCG12-50_12mm.png,f7fe97d1f7e7adc98d48fb17d117f16f849894e3866bcd7707469350125ff6d1,raw/qwen3.5-4b/original/Gear_Large/RGOCG12-50_12mm.json,0.355051199963782,C,0.05574482163437416,0.0664675955366987,0.8769008486464208,-2.8869707584381104,-2.711040735244751,-0.13136135041713715,0.000886734182506288
qwen3.5:4b,original,Gear_Medium,Medium gear,RGOCG12-50_12mm,False,False,False,input_crops/original/RGOCG12-50_12mm.png,f7fe97d1f7e7adc98d48fb17d117f16f849894e3866bcd7707469350125ff6d1,raw/qwen3.5-4b/original/Gear_Medium/RGOCG12-50_12mm.json,0.26558149995980784,C,0.06059426594524976,0.042589827273647796,0.895793976357853,-2.8035550117492676,-3.156139850616455,-0.11004482954740524,0.0010219304232494952
qwen3.5:4b,original,Gear_Small,Small gear,RGOCG12-50_12mm,False,False,False,input_crops/original/RGOCG12-50_12mm.png,f7fe97d1f7e7adc98d48fb17d117f16f849894e3866bcd7707469350125ff6d1,raw/qwen3.5-4b/original/Gear_Small/RGOCG12-50_12mm.json,0.26754700002493337,C,0.058250863717881955,0.05986061322970941,0.8808104343818237,-2.84299635887146,-2.8157365322113037,-0.12691284716129303,0.001078088670584898
qwen3.5:4b,original,Waterproof_Male,Waterproof connector,RGOCG12-50_12mm,False,False,False,input_crops/original/RGOCG12-50_12mm.png,f7fe97d1f7e7adc98d48fb17d117f16f849894e3866bcd7707469350125ff6d1,raw/qwen3.5-4b/original/Waterproof_Male/RGOCG12-50_12mm.json,0.2667430000146851,C,0.07999173694823411,0.061139543217424784,0.8581668716812848,-2.525831937789917,-2.7945964336395264,-0.15295670926570892,0.0007018481530562948
qwen3.5:4b,original,M12_Hex_Nut,M12 hex nut,RGOCG12-50_12mm,False,False,False,input_crops/original/RGOCG12-50_12mm.png,f7fe97d1f7e7adc98d48fb17d117f16f849894e3866bcd7707469350125ff6d1,raw/qwen3.5-4b/original/M12_Hex_Nut/RGOCG12-50_12mm.json,0.28853740001795813,C,0.0867447314173945,0.062112257168152205,0.849811965562073,-2.4447855949401855,-2.7788119316101074,-0.16274017095565796,0.0013310458523803081
qwen3.5:4b,original,M16_Hex_Nut,M16 hex nut,RGOCG12-50_12mm,False,False,False,input_crops/original/RGOCG12-50_12mm.png,f7fe97d1f7e7adc98d48fb17d117f16f849894e3866bcd7707469350125ff6d1,raw/qwen3.5-4b/original/M16_Hex_Nut/RGOCG12-50_12mm.json,0.2866583000286482,C,0.07795800778202766,0.06510977212163586,0.8556317697586902,-2.5515849590301514,-2.7316806316375732,-0.15591517090797424,0.0013004503376463639
qwen3.5:4b,original,RGOCG16-50_16mm,16 mm round pin,RGOCG12-50_12mm,False,True,False,input_crops/original/RGOCG12-50_12mm.png,f7fe97d1f7e7adc98d48fb17d117f16f849894e3866bcd7707469350125ff6d1,raw/qwen3.5-4b/original/RGOCG16-50_16mm/RGOCG12-50_12mm.json,0.29494579997844994,A,0.8212339304226303,0.04384550547548595,0.13443095346873224,-0.19694727659225464,-3.1270830631256104,-2.006704568862915,0.0004896106331515604
qwen3.5:4b,original,RGOCG12-50_12mm,12 mm round pin,RGOCG12-50_12mm,True,True,False,input_crops/original/RGOCG12-50_12mm.png,f7fe97d1f7e7adc98d48fb17d117f16f849894e3866bcd7707469350125ff6d1,raw/qwen3.5-4b/original/RGOCG12-50_12mm/RGOCG12-50_12mm.json,0.3180354000069201,A,0.7887711565504301,0.046367853499069134,0.16412638051326894,-0.2372790426015854,-3.0711488723754883,-1.807118535041809,0.0007346094372318035
qwen3.5:4b,original,RGOCG8-50_8mm,8 mm round pin,RGOCG12-50_12mm,False,True,False,input_crops/original/RGOCG12-50_12mm.png,f7fe97d1f7e7adc98d48fb17d117f16f849894e3866bcd7707469350125ff6d1,raw/qwen3.5-4b/original/RGOCG8-50_8mm/RGOCG12-50_12mm.json,0.30468300002394244,A,0.8534841594437667,0.03851872199273403,0.10732726525516635,-0.15842829644680023,-3.256610870361328,-2.23187255859375,0.0006698533083330238
qwen3.5:4b,original,USB_Male,USB connector + cable,RGOCG12-50_12mm,False,False,False,input_crops/original/RGOCG12-50_12mm.png,f7fe97d1f7e7adc98d48fb17d117f16f849894e3866bcd7707469350125ff6d1,raw/qwen3.5-4b/original/USB_Male/RGOCG12-50_12mm.json,0.2951251000049524,C,0.10537904779926094,0.0680232940324121,0.8253477221833482,-2.2501914501190186,-2.6879050731658936,-0.1919505000114441,0.0012499359849788005
qwen3.5:4b,original,DSUB_Male,DSUB connector,RGOCG12-50_12mm,False,False,False,input_crops/original/RGOCG12-50_12mm.png,f7fe97d1f7e7adc98d48fb17d117f16f849894e3866bcd7707469350125ff6d1,raw/qwen3.5-4b/original/DSUB_Male/RGOCG12-50_12mm.json,0.2933183999848552,C,0.12660146627821994,0.12189341089149398,0.750302380265809,-2.066711187362671,-2.1046082973480225,-0.2872789800167084,0.001202742564477166
qwen3.5:4b,original,Gear_Large,Large gear,RGOCG8-50_8mm,False,False,False,input_crops/original/RGOCG8-50_8mm.png,7881f6ce4519d317e7889c544a7333e26886e42475e8b63c0556e60bc0ac04ae,raw/qwen3.5-4b/original/Gear_Large/RGOCG8-50_8mm.json,0.346778099949006,C,0.06217424775031518,0.06074267153981591,0.8762028215699301,-2.7778143882751465,-2.8011088371276855,-0.13215768337249756,0.0008802591399388326
qwen3.5:4b,original,Gear_Medium,Medium gear,RGOCG8-50_8mm,False,False,False,input_crops/original/RGOCG8-50_8mm.png,7881f6ce4519d317e7889c544a7333e26886e42475e8b63c0556e60bc0ac04ae,raw/qwen3.5-4b/original/Gear_Medium/RGOCG8-50_8mm.json,0.25765129999490455,C,0.061176681609761314,0.04517498214392026,0.8925981507427128,-2.7939891815185547,-3.0972118377685547,-0.11361879855394363,0.001050185503605694
qwen3.5:4b,original,Gear_Small,Small gear,RGOCG8-50_8mm,False,False,False,input_crops/original/RGOCG8-50_8mm.png,7881f6ce4519d317e7889c544a7333e26886e42475e8b63c0556e60bc0ac04ae,raw/qwen3.5-4b/original/Gear_Small/RGOCG8-50_8mm.json,0.26672699995106086,C,0.0626743324733782,0.05177840797444939,0.8847526317266131,-2.769803285598755,-2.960782051086426,-0.1224471852183342,0.0007946278255592798
qwen3.5:4b,original,Waterproof_Male,Waterproof connector,RGOCG8-50_8mm,False,False,False,input_crops/original/RGOCG8-50_8mm.png,7881f6ce4519d317e7889c544a7333e26886e42475e8b63c0556e60bc0ac04ae,raw/qwen3.5-4b/original/Waterproof_Male/RGOCG8-50_8mm.json,0.27325230004498735,C,0.09815096451675202,0.05439394908849759,0.8467264717514128,-2.3212485313415527,-2.9115023612976074,-0.16637757420539856,0.0007286146433376217
qwen3.5:4b,original,M12_Hex_Nut,M12 hex nut,RGOCG8-50_8mm,False,False,False,input_crops/original/RGOCG8-50_8mm.png,7881f6ce4519d317e7889c544a7333e26886e42475e8b63c0556e60bc0ac04ae,raw/qwen3.5-4b/original/M12_Hex_Nut/RGOCG8-50_8mm.json,0.27256840001791716,C,0.057745197807248815,0.04028505082774439,0.9001584656646189,-2.851715087890625,-3.2117748260498047,-0.10518445819616318,0.0018112857003879101
qwen3.5:4b,original,M16_Hex_Nut,M16 hex nut,RGOCG8-50_8mm,False,False,False,input_crops/original/RGOCG8-50_8mm.png,7881f6ce4519d317e7889c544a7333e26886e42475e8b63c0556e60bc0ac04ae,raw/qwen3.5-4b/original/M16_Hex_Nut/RGOCG8-50_8mm.json,0.2705905999755487,C,0.06734791276069887,0.03699239800841099,0.8945394147507647,-2.697883367538452,-3.2970428466796875,-0.111446313560009,0.001120274480125416
qwen3.5:4b,original,RGOCG16-50_16mm,16 mm round pin,RGOCG8-50_8mm,False,True,False,input_crops/original/RGOCG8-50_8mm.png,7881f6ce4519d317e7889c544a7333e26886e42475e8b63c0556e60bc0ac04ae,raw/qwen3.5-4b/original/RGOCG16-50_16mm/RGOCG8-50_8mm.json,0.28832220000913367,A,0.7874722431217093,0.04127330570058214,0.1705658088809311,-0.23892715573310852,-3.1875393390655518,-1.7686340808868408,0.000688642296777453
qwen3.5:4b,original,RGOCG12-50_12mm,12 mm round pin,RGOCG8-50_8mm,False,True,False,input_crops/original/RGOCG8-50_8mm.png,7881f6ce4519d317e7889c544a7333e26886e42475e8b63c0556e60bc0ac04ae,raw/qwen3.5-4b/original/RGOCG12-50_12mm/RGOCG8-50_8mm.json,0.3219103000010364,A,0.7625306829135357,0.038732592989622595,0.1981013336652059,-0.2711125314235687,-3.2510738372802734,-1.6189765930175781,0.0006353904316358516
qwen3.5:4b,original,RGOCG8-50_8mm,8 mm round pin,RGOCG8-50_8mm,True,True,False,input_crops/original/RGOCG8-50_8mm.png,7881f6ce4519d317e7889c544a7333e26886e42475e8b63c0556e60bc0ac04ae,raw/qwen3.5-4b/original/RGOCG8-50_8mm/RGOCG8-50_8mm.json,0.3229871000512503,A,0.6939817635946619,0.04767350218391224,0.2572696273292702,-0.36530959606170654,-3.043379545211792,-1.3576306104660034,0.0010751068921557305
qwen3.5:4b,original,USB_Male,USB connector + cable,RGOCG8-50_8mm,False,False,False,input_crops/original/RGOCG8-50_8mm.png,7881f6ce4519d317e7889c544a7333e26886e42475e8b63c0556e60bc0ac04ae,raw/qwen3.5-4b/original/USB_Male/RGOCG8-50_8mm.json,0.35703579999972135,C,0.16085868650729188,0.049251609276319254,0.7888483462586829,-1.8272290229797363,-3.0108132362365723,-0.2371811866760254,0.0010413579577059906
qwen3.5:4b,original,DSUB_Male,DSUB connector,RGOCG8-50_8mm,False,False,False,input_crops/original/RGOCG8-50_8mm.png,7881f6ce4519d317e7889c544a7333e26886e42475e8b63c0556e60bc0ac04ae,raw/qwen3.5-4b/original/DSUB_Male/RGOCG8-50_8mm.json,0.3165370000060648,C,0.13431126485516545,0.07842275245422868,0.7863068039910752,-2.0075953006744385,-2.5456411838531494,-0.24040822684764862,0.0009591786995306606
qwen3.5:4b,original,Gear_Large,Large gear,USB_Male,False,False,False,input_crops/original/USB_Male.png,9655c4c73f92054fa731c1091211eb73e90cf928b613414b530d06f1a9f4647c,raw/qwen3.5-4b/original/Gear_Large/USB_Male.json,0.5348626000341028,B,0.01728446498213313,0.6500661970737219,0.3316567460848699,-4.057947158813477,-0.4306810796260834,-1.1036547422409058,0.0009925918592750271
qwen3.5:4b,original,Gear_Medium,Medium gear,USB_Male,False,False,False,input_crops/original/USB_Male.png,9655c4c73f92054fa731c1091211eb73e90cf928b613414b530d06f1a9f4647c,raw/qwen3.5-4b/original/Gear_Medium/USB_Male.json,0.24659140000585467,C,0.032662173717130885,0.33778215952072005,0.6284847940954016,-3.4215376377105713,-1.0853540897369385,-0.4644434452056885,0.0010708726667474355
qwen3.5:4b,original,Gear_Small,Small gear,USB_Male,False,False,False,input_crops/original/USB_Male.png,9655c4c73f92054fa731c1091211eb73e90cf928b613414b530d06f1a9f4647c,raw/qwen3.5-4b/original/Gear_Small/USB_Male.json,0.2361869000014849,B,0.012841545302516747,0.5667892827489556,0.41953108577790466,-4.355069637298584,-0.5677676796913147,-0.8686176538467407,0.0008380861706229759
qwen3.5:4b,original,Waterproof_Male,Waterproof connector,USB_Male,False,False,False,input_crops/original/USB_Male.png,9655c4c73f92054fa731c1091211eb73e90cf928b613414b530d06f1a9f4647c,raw/qwen3.5-4b/original/Waterproof_Male/USB_Male.json,0.2337808000156656,A,0.5799141494638945,0.19945045644458315,0.2193938612783572,-0.5448752045631409,-1.6121894121170044,-1.5168867111206055,0.0012415328131651915
qwen3.5:4b,original,M12_Hex_Nut,M12 hex nut,USB_Male,False,False,False,input_crops/original/USB_Male.png,9655c4c73f92054fa731c1091211eb73e90cf928b613414b530d06f1a9f4647c,raw/qwen3.5-4b/original/M12_Hex_Nut/USB_Male.json,0.22561069997027516,C,0.043991607200934514,0.28254328304582804,0.671532208093757,-3.1237564086914062,-1.2639235258102417,-0.3981932997703552,0.0019329016594804571
qwen3.5:4b,original,M16_Hex_Nut,M16 hex nut,USB_Male,False,False,False,input_crops/original/USB_Male.png,9655c4c73f92054fa731c1091211eb73e90cf928b613414b530d06f1a9f4647c,raw/qwen3.5-4b/original/M16_Hex_Nut/USB_Male.json,0.22919560002628714,C,0.040684974603276566,0.28392629643388895,0.6740320978943913,-3.2018964290618896,-1.2590405941009521,-0.3944775462150574,0.0013566310684431926
qwen3.5:4b,original,RGOCG16-50_16mm,16 mm round pin,USB_Male,False,False,False,input_crops/original/USB_Male.png,9655c4c73f92054fa731c1091211eb73e90cf928b613414b530d06f1a9f4647c,raw/qwen3.5-4b/original/RGOCG16-50_16mm/USB_Male.json,0.2354479999630712,B,0.14209351738147386,0.47679710084208987,0.38008649132708894,-1.9512698650360107,-0.7406642436981201,-0.9673564434051514,0.0010228904493473356
qwen3.5:4b,original,RGOCG12-50_12mm,12 mm round pin,USB_Male,False,False,False,input_crops/original/USB_Male.png,9655c4c73f92054fa731c1091211eb73e90cf928b613414b530d06f1a9f4647c,raw/qwen3.5-4b/original/RGOCG12-50_12mm/USB_Male.json,0.23337940004421398,B,0.1312903795671968,0.4735456994239137,0.3940618222366623,-2.030343770980835,-0.747506856918335,-0.9312474727630615,0.0011020987722272224
qwen3.5:4b,original,RGOCG8-50_8mm,8 mm round pin,USB_Male,False,False,False,input_crops/original/USB_Male.png,9655c4c73f92054fa731c1091211eb73e90cf928b613414b530d06f1a9f4647c,raw/qwen3.5-4b/original/RGOCG8-50_8mm/USB_Male.json,0.23073839995777234,B,0.1295867705760853,0.483776404835769,0.38563397377461817,-2.0434045791625977,-0.7261324524879456,-0.9528666138648987,0.0010028508135275782
qwen3.5:4b,original,USB_Male,USB connector + cable,USB_Male,True,True,False,input_crops/original/USB_Male.png,9655c4c73f92054fa731c1091211eb73e90cf928b613414b530d06f1a9f4647c,raw/qwen3.5-4b/original/USB_Male/USB_Male.json,0.2456880999961868,A,0.8700935810351655,0.07000736053450511,0.0582566275596112,-0.13915450870990753,-2.6591548919677734,-2.842897415161133,0.0016424308707181368
qwen3.5:4b,original,DSUB_Male,DSUB connector,USB_Male,False,False,False,input_crops/original/USB_Male.png,9655c4c73f92054fa731c1091211eb73e90cf928b613414b530d06f1a9f4647c,raw/qwen3.5-4b/original/DSUB_Male/USB_Male.json,0.2372245999868028,A,0.6951338732400051,0.15866667600256032,0.14270886294415996,-0.3636508285999298,-1.8409496545791626,-1.9469486474990845,0.0034905878132746038
qwen3.5:4b,original,Gear_Large,Large gear,DSUB_Male,False,False,False,input_crops/original/DSUB_Male.png,c494876a69ee4e893be510f226d6b6c3e9653d4b052ec114fbb8385c85d6a131,raw/qwen3.5-4b/original/Gear_Large/DSUB_Male.json,0.41080340003827587,C,0.049245961458293734,0.2766435353815897,0.6715162377346146,-3.01092791557312,-1.2850254774093628,-0.3982170820236206,0.002594265425502007
qwen3.5:4b,original,Gear_Medium,Medium gear,DSUB_Male,False,False,False,input_crops/original/DSUB_Male.png,c494876a69ee4e893be510f226d6b6c3e9653d4b052ec114fbb8385c85d6a131,raw/qwen3.5-4b/original/Gear_Medium/DSUB_Male.json,0.28012190002482384,C,0.04666348395586989,0.2093698710795664,0.7407475211370497,-3.064793348312378,-1.5636528730392456,-0.30009543895721436,0.003219123827514103
qwen3.5:4b,original,Gear_Small,Small gear,DSUB_Male,False,False,False,input_crops/original/DSUB_Male.png,c494876a69ee4e893be510f226d6b6c3e9653d4b052ec114fbb8385c85d6a131,raw/qwen3.5-4b/original/Gear_Small/DSUB_Male.json,0.28435609996085986,C,0.046330944637740075,0.24500962541727608,0.7066098542006619,-3.0719451904296875,-1.406457781791687,-0.34727659821510315,0.002049575744321963
qwen3.5:4b,original,Waterproof_Male,Waterproof connector,DSUB_Male,False,False,False,input_crops/original/DSUB_Male.png,c494876a69ee4e893be510f226d6b6c3e9653d4b052ec114fbb8385c85d6a131,raw/qwen3.5-4b/original/Waterproof_Male/DSUB_Male.json,0.28519610001239926,A,0.7652422212317157,0.1082937301481965,0.124803994233674,-0.2675628662109375,-2.2229080200195312,-2.0810108184814453,0.0016600543864138118
qwen3.5:4b,original,M12_Hex_Nut,M12 hex nut,DSUB_Male,False,False,False,input_crops/original/DSUB_Male.png,c494876a69ee4e893be510f226d6b6c3e9653d4b052ec114fbb8385c85d6a131,raw/qwen3.5-4b/original/M12_Hex_Nut/DSUB_Male.json,0.2853974999743514,C,0.07780352023318221,0.19466382824025338,0.7250498018343324,-2.5535686016082764,-1.6364811658859253,-0.32151493430137634,0.002482849692232003
qwen3.5:4b,original,M16_Hex_Nut,M16 hex nut,DSUB_Male,False,False,False,input_crops/original/DSUB_Male.png,c494876a69ee4e893be510f226d6b6c3e9653d4b052ec114fbb8385c85d6a131,raw/qwen3.5-4b/original/M16_Hex_Nut/DSUB_Male.json,0.2841476000030525,C,0.0895230816902933,0.14991181491149336,0.757116923357609,-2.4132587909698486,-1.8977080583572388,-0.27823758125305176,0.0034481800406043206
qwen3.5:4b,original,RGOCG16-50_16mm,16 mm round pin,DSUB_Male,False,False,False,input_crops/original/DSUB_Male.png,c494876a69ee4e893be510f226d6b6c3e9653d4b052ec114fbb8385c85d6a131,raw/qwen3.5-4b/original/RGOCG16-50_16mm/DSUB_Male.json,0.29719959996873513,C,0.38737994519401703,0.19282182504451004,0.41757411854573334,-0.9483492970466614,-1.6459887027740479,-0.8732932209968567,0.0022241112157396214
qwen3.5:4b,original,RGOCG12-50_12mm,12 mm round pin,DSUB_Male,False,False,False,input_crops/original/DSUB_Male.png,c494876a69ee4e893be510f226d6b6c3e9653d4b052ec114fbb8385c85d6a131,raw/qwen3.5-4b/original/RGOCG12-50_12mm/DSUB_Male.json,0.30091589997755364,C,0.3589801406031748,0.17447907467478377,0.4640925215856088,-1.0244882106781006,-1.74595046043396,-0.7676713466644287,0.002448263136432649
qwen3.5:4b,original,RGOCG8-50_8mm,8 mm round pin,DSUB_Male,False,False,False,input_crops/original/DSUB_Male.png,c494876a69ee4e893be510f226d6b6c3e9653d4b052ec114fbb8385c85d6a131,raw/qwen3.5-4b/original/RGOCG8-50_8mm/DSUB_Male.json,0.2994204999995418,A,0.40888059436488094,0.1956874931748023,0.3926919742653171,-0.8943321108818054,-1.6312363147735596,-0.9347297549247742,0.002739938194999625
qwen3.5:4b,original,USB_Male,USB connector + cable,DSUB_Male,False,False,False,input_crops/original/DSUB_Male.png,c494876a69ee4e893be510f226d6b6c3e9653d4b052ec114fbb8385c85d6a131,raw/qwen3.5-4b/original/USB_Male/DSUB_Male.json,0.3063829999882728,A,0.44191169363498023,0.14169597726870256,0.4137984277538152,-0.8166452050209045,-1.9540715217590332,-0.8823763132095337,0.0025939013425020363
qwen3.5:4b,original,DSUB_Male,DSUB connector,DSUB_Male,True,True,False,input_crops/original/DSUB_Male.png,c494876a69ee4e893be510f226d6b6c3e9653d4b052ec114fbb8385c85d6a131,raw/qwen3.5-4b/original/DSUB_Male/DSUB_Male.json,0.2942699000122957,A,0.7939588468329908,0.08332476860257543,0.11812202114783044,-0.23072364926338196,-2.4850094318389893,-2.1360371112823486,0.004594363416603353
qwen3.5:4b,state_101,Gear_Large,Large gear,Gear_Large,True,True,False,input_crops/state_101/Gear_Large.png,051e75a5b0096989b516c484271d98c52e09d06625bc3ea201ac2f884e2c93a0,raw/qwen3.5-4b/state_101/Gear_Large/Gear_Large.json,0.3622031999984756,A,0.753693156351122,0.12540414485600815,0.11995488531388179,-0.28276994824409485,-2.0762135982513428,-2.1206395626068115,0.000947813478988091
qwen3.5:4b,state_101,Gear_Medium,Medium gear,Gear_Large,False,True,False,input_crops/state_101/Gear_Large.png,051e75a5b0096989b516c484271d98c52e09d06625bc3ea201ac2f884e2c93a0,raw/qwen3.5-4b/state_101/Gear_Medium/Gear_Large.json,0.271209699974861,A,0.7244817512655805,0.12614145257583415,0.14809585598666622,-0.32229870557785034,-2.0703513622283936,-1.9098955392837524,0.0012809401719192648
qwen3.5:4b,state_101,Gear_Small,Small gear,Gear_Large,False,True,False,input_crops/state_101/Gear_Large.png,051e75a5b0096989b516c484271d98c52e09d06625bc3ea201ac2f884e2c93a0,raw/qwen3.5-4b/state_101/Gear_Small/Gear_Large.json,0.2645263999584131,A,0.7340821072169195,0.15812388912577216,0.10651509417592273,-0.3091343939304352,-1.8443764448165894,-2.239468574523926,0.0012789094813856483
qwen3.5:4b,state_101,Waterproof_Male,Waterproof connector,Gear_Large,False,False,False,input_crops/state_101/Gear_Large.png,051e75a5b0096989b516c484271d98c52e09d06625bc3ea201ac2f884e2c93a0,raw/qwen3.5-4b/state_101/Waterproof_Male/Gear_Large.json,0.27015890000620857,B,0.06355190933239868,0.5622962740995402,0.37343298920717566,-2.7558982372283936,-0.5757263898849487,-0.9850167036056519,0.0007188273608853546
qwen3.5:4b,state_101,M12_Hex_Nut,M12 hex nut,Gear_Large,False,False,False,input_crops/state_101/Gear_Large.png,051e75a5b0096989b516c484271d98c52e09d06625bc3ea201ac2f884e2c93a0,raw/qwen3.5-4b/state_101/M12_Hex_Nut/Gear_Large.json,0.2795224000001326,C,0.0832279971133427,0.43808597751090994,0.4774117803608578,-2.4861714839935303,-0.8253400921821594,-0.7393758893013,0.0012742450148894857
qwen3.5:4b,state_101,M16_Hex_Nut,M16 hex nut,Gear_Large,False,False,False,input_crops/state_101/Gear_Large.png,051e75a5b0096989b516c484271d98c52e09d06625bc3ea201ac2f884e2c93a0,raw/qwen3.5-4b/state_101/M16_Hex_Nut/Gear_Large.json,0.2818057000404224,C,0.11837979159289604,0.36435877332777117,0.5156877681902047,-2.133857250213623,-1.0096162557601929,-0.6622537970542908,0.001573666889128189
qwen3.5:4b,state_101,RGOCG16-50_16mm,16 mm round pin,Gear_Large,False,False,False,input_crops/state_101/Gear_Large.png,051e75a5b0096989b516c484271d98c52e09d06625bc3ea201ac2f884e2c93a0,raw/qwen3.5-4b/state_101/RGOCG16-50_16mm/Gear_Large.json,0.29346869996516034,C,0.20669708961323074,0.28245084167423706,0.5098930093467003,-1.5765008926391602,-1.2642507553100586,-0.6735543608665466,0.0009590593658318491
qwen3.5:4b,state_101,RGOCG12-50_12mm,12 mm round pin,Gear_Large,False,False,False,input_crops/state_101/Gear_Large.png,051e75a5b0096989b516c484271d98c52e09d06625bc3ea201ac2f884e2c93a0,raw/qwen3.5-4b/state_101/RGOCG12-50_12mm/Gear_Large.json,0.3056535999639891,C,0.23177754074668705,0.3260542377925978,0.44103444294524724,-1.461977243423462,-1.1206915378570557,-0.8186323046684265,0.0011337785154679203
qwen3.5:4b,state_101,RGOCG8-50_8mm,8 mm round pin,Gear_Large,False,False,False,input_crops/state_101/Gear_Large.png,051e75a5b0096989b516c484271d98c52e09d06625bc3ea201ac2f884e2c93a0,raw/qwen3.5-4b/state_101/RGOCG8-50_8mm/Gear_Large.json,0.31097690004389733,C,0.24363237943693486,0.3373564056249382,0.4176671155375358,-1.4120948314666748,-1.0866153240203857,-0.8730705380439758,0.0013440994005911033
qwen3.5:4b,state_101,USB_Male,USB connector + cable,Gear_Large,False,False,False,input_crops/state_101/Gear_Large.png,051e75a5b0096989b516c484271d98c52e09d06625bc3ea201ac2f884e2c93a0,raw/qwen3.5-4b/state_101/USB_Male/Gear_Large.json,0.31612149998545647,C,0.03671689693938049,0.20258417145837954,0.759328787153478,-3.304518222808838,-1.596599817276001,-0.2753204107284546,0.0013701444487620451
qwen3.5:4b,state_101,DSUB_Male,DSUB connector,Gear_Large,False,False,False,input_crops/state_101/Gear_Large.png,051e75a5b0096989b516c484271d98c52e09d06625bc3ea201ac2f884e2c93a0,raw/qwen3.5-4b/state_101/DSUB_Male/Gear_Large.json,0.30471870000474155,C,0.07259873793156991,0.4120874354876616,0.5137096558857532,-2.622807741165161,-0.886519730091095,-0.6660970449447632,0.0016041706950152834
qwen3.5:4b,state_101,Gear_Large,Large gear,Gear_Medium,False,True,False,input_crops/state_101/Gear_Medium.png,e7ecdd04abe922e5d362f2904407adcbef08b8607f7d1cce909e4ade3e9c65a5,raw/qwen3.5-4b/state_101/Gear_Large/Gear_Medium.json,0.35868419997859746,A,0.8600717771790488,0.07989544565069906,0.0596024508439654,-0.15073943138122559,-2.527036428451538,-2.820058584213257,0.00043032632628670076
qwen3.5:4b,state_101,Gear_Medium,Medium gear,Gear_Medium,True,True,False,input_crops/state_101/Gear_Medium.png,e7ecdd04abe922e5d362f2904407adcbef08b8607f7d1cce909e4ade3e9c65a5,raw/qwen3.5-4b/state_101/Gear_Medium/Gear_Medium.json,0.27586880000308156,A,0.8524430967284703,0.08098242672931875,0.06593488593350254,-0.1596488207578659,-2.5135231018066406,-2.719087600708008,0.0006395906087084402
qwen3.5:4b,state_101,Gear_Small,Small gear,Gear_Medium,False,True,False,input_crops/state_101/Gear_Medium.png,e7ecdd04abe922e5d362f2904407adcbef08b8607f7d1cce909e4ade3e9c65a5,raw/qwen3.5-4b/state_101/Gear_Small/Gear_Medium.json,0.2725588000030257,A,0.8452042381930959,0.0868126969395656,0.06729420748439464,-0.16817697882652283,-2.444002389907837,-2.698681116104126,0.000688857382943886
qwen3.5:4b,state_101,Waterproof_Male,Waterproof connector,Gear_Medium,False,False,False,input_crops/state_101/Gear_Medium.png,e7ecdd04abe922e5d362f2904407adcbef08b8607f7d1cce909e4ade3e9c65a5,raw/qwen3.5-4b/state_101/Waterproof_Male/Gear_Medium.json,0.2731785000069067,B,0.05114583598740536,0.6155334797588448,0.3326461983278454,-2.973074197769165,-0.48526594042778015,-1.1006758213043213,0.0006744859259044667
qwen3.5:4b,state_101,M12_Hex_Nut,M12 hex nut,Gear_Medium,False,False,False,input_crops/state_101/Gear_Medium.png,e7ecdd04abe922e5d362f2904407adcbef08b8607f7d1cce909e4ade3e9c65a5,raw/qwen3.5-4b/state_101/M12_Hex_Nut/Gear_Medium.json,0.2991790999658406,C,0.04899084356670003,0.4501446773891017,0.4993607607776638,-3.0161218643188477,-0.7981862425804138,-0.6944264769554138,0.001503718266534504
qwen3.5:4b,state_101,M16_Hex_Nut,M16 hex nut,Gear_Medium,False,False,False,input_crops/state_101/Gear_Medium.png,e7ecdd04abe922e5d362f2904407adcbef08b8607f7d1cce909e4ade3e9c65a5,raw/qwen3.5-4b/state_101/M16_Hex_Nut/Gear_Medium.json,0.2808233000105247,B,0.03642990435166173,0.6564224356039988,0.30552747919675255,-3.3123652935028076,-0.4209507405757904,-1.1857155561447144,0.0016201808475868607
qwen3.5:4b,state_101,RGOCG16-50_16mm,16 mm round pin,Gear_Medium,False,False,False,input_crops/state_101/Gear_Medium.png,e7ecdd04abe922e5d362f2904407adcbef08b8607f7d1cce909e4ade3e9c65a5,raw/qwen3.5-4b/state_101/RGOCG16-50_16mm/Gear_Medium.json,0.2789561999961734,C,0.1931584519306867,0.27345799395006454,0.5321915233017799,-1.6442444324493408,-1.296607255935669,-0.6307518482208252,0.001192030817468881
qwen3.5:4b,state_101,RGOCG12-50_12mm,12 mm round pin,Gear_Medium,False,False,False,input_crops/state_101/Gear_Medium.png,e7ecdd04abe922e5d362f2904407adcbef08b8607f7d1cce909e4ade3e9c65a5,raw/qwen3.5-4b/state_101/RGOCG12-50_12mm/Gear_Medium.json,0.2925505000166595,C,0.1946752690046142,0.34912558475993305,0.4550139564587287,-1.6364223957061768,-1.052323579788208,-0.7874271869659424,0.0011851897767241049
qwen3.5:4b,state_101,RGOCG8-50_8mm,8 mm round pin,Gear_Medium,False,False,False,input_crops/state_101/Gear_Medium.png,e7ecdd04abe922e5d362f2904407adcbef08b8607f7d1cce909e4ade3e9c65a5,raw/qwen3.5-4b/state_101/RGOCG8-50_8mm/Gear_Medium.json,0.3084069999749772,C,0.1865889307762609,0.33989327210688974,0.47250844830624095,-1.678847312927246,-1.079123616218567,-0.7496996521949768,0.0010093488106084347
qwen3.5:4b,state_101,USB_Male,USB connector + cable,Gear_Medium,False,False,False,input_crops/state_101/Gear_Medium.png,e7ecdd04abe922e5d362f2904407adcbef08b8607f7d1cce909e4ade3e9c65a5,raw/qwen3.5-4b/state_101/USB_Male/Gear_Medium.json,0.34081419999711215,C,0.018291506460034027,0.4601214847354165,0.5197615090350706,-4.001318454742432,-0.7762647271156311,-0.6543852090835571,0.0018254997694788777
qwen3.5:4b,state_101,DSUB_Male,DSUB connector,Gear_Medium,False,False,False,input_crops/state_101/Gear_Medium.png,e7ecdd04abe922e5d362f2904407adcbef08b8607f7d1cce909e4ade3e9c65a5,raw/qwen3.5-4b/state_101/DSUB_Male/Gear_Medium.json,0.3331095000030473,B,0.039423603451124785,0.5531570199812855,0.4063845923181345,-3.2333905696868896,-0.5921133756637573,-0.9004552960395813,0.001034784249455134
qwen3.5:4b,state_101,Gear_Large,Large gear,Gear_Small,False,True,False,input_crops/state_101/Gear_Small.png,ed6418c5d55144cdb439a1f7f42e39e3f0a71a284b9bf1a812a11671951db9fe,raw/qwen3.5-4b/state_101/Gear_Large/Gear_Small.json,0.3704180000349879,A,0.8248564640053259,0.08156754618923925,0.09274671856639678,-0.19254589080810547,-2.50632381439209,-2.377882957458496,0.0008292712390380874
qwen3.5:4b,state_101,Gear_Medium,Medium gear,Gear_Small,False,True,False,input_crops/state_101/Gear_Small.png,ed6418c5d55144cdb439a1f7f42e39e3f0a71a284b9bf1a812a11671951db9fe,raw/qwen3.5-4b/state_101/Gear_Medium/Gear_Small.json,0.28930489998310804,A,0.7801948773618902,0.08707898794253621,0.13147798154446336,-0.2482115477323532,-2.4409396648406982,-2.0289158821105957,0.001248153151110265
qwen3.5:4b,state_101,Gear_Small,Small gear,Gear_Small,True,True,False,input_crops/state_101/Gear_Small.png,ed6418c5d55144cdb439a1f7f42e39e3f0a71a284b9bf1a812a11671951db9fe,raw/qwen3.5-4b/state_101/Gear_Small/Gear_Small.json,0.275260399968829,A,0.7844674628007785,0.0869141130615176,0.12767082358131374,-0.24275018274784088,-2.4428348541259766,-2.058300018310547,0.0009476005563900936
qwen3.5:4b,state_101,Waterproof_Male,Waterproof connector,Gear_Small,False,False,False,input_crops/state_101/Gear_Small.png,ed6418c5d55144cdb439a1f7f42e39e3f0a71a284b9bf1a812a11671951db9fe,raw/qwen3.5-4b/state_101/Waterproof_Male/Gear_Small.json,0.28163949999725446,C,0.07718214776498102,0.29004497047828176,0.6320632726048891,-2.56158709526062,-1.2377192974090576,-0.45876577496528625,0.0007096091518481451
qwen3.5:4b,state_101,M12_Hex_Nut,M12 hex nut,Gear_Small,False,False,False,input_crops/state_101/Gear_Small.png,ed6418c5d55144cdb439a1f7f42e39e3f0a71a284b9bf1a812a11671951db9fe,raw/qwen3.5-4b/state_101/M12_Hex_Nut/Gear_Small.json,0.2801014000433497,C,0.16711716665810494,0.17927345034779787,0.6525970060003774,-1.789060115814209,-1.7188429832458496,-0.42679548263549805,0.0010123769937198102
qwen3.5:4b,state_101,M16_Hex_Nut,M16 hex nut,Gear_Small,False,False,False,input_crops/state_101/Gear_Small.png,ed6418c5d55144cdb439a1f7f42e39e3f0a71a284b9bf1a812a11671951db9fe,raw/qwen3.5-4b/state_101/M16_Hex_Nut/Gear_Small.json,0.2851799000054598,C,0.27925664741422335,0.1931478601314571,0.5262845854458376,-1.2756240367889404,-1.6442992687225342,-0.6419131755828857,0.0013109070084820207
qwen3.5:4b,state_101,RGOCG16-50_16mm,16 mm round pin,Gear_Small,False,False,False,input_crops/state_101/Gear_Small.png,ed6418c5d55144cdb439a1f7f42e39e3f0a71a284b9bf1a812a11671951db9fe,raw/qwen3.5-4b/state_101/RGOCG16-50_16mm/Gear_Small.json,0.3070513000129722,C,0.12280834634320897,0.2590369251272235,0.6164180545063526,-2.097130298614502,-1.3507846593856812,-0.48382988572120667,0.001736674023214979
qwen3.5:4b,state_101,RGOCG12-50_12mm,12 mm round pin,Gear_Small,False,False,False,input_crops/state_101/Gear_Small.png,ed6418c5d55144cdb439a1f7f42e39e3f0a71a284b9bf1a812a11671951db9fe,raw/qwen3.5-4b/state_101/RGOCG12-50_12mm/Gear_Small.json,0.2930366999935359,C,0.13471300785699958,0.20597150449155407,0.657448940479764,-2.004608631134033,-1.5800174474716187,-0.41938817501068115,0.0018665471716823312
qwen3.5:4b,state_101,RGOCG8-50_8mm,8 mm round pin,Gear_Small,False,False,False,input_crops/state_101/Gear_Small.png,ed6418c5d55144cdb439a1f7f42e39e3f0a71a284b9bf1a812a11671951db9fe,raw/qwen3.5-4b/state_101/RGOCG8-50_8mm/Gear_Small.json,0.2980761000071652,C,0.19853311738619697,0.17226761798566909,0.6268274779667302,-1.6167993545532227,-1.7587060928344727,-0.4670839309692383,0.0023717866614036964
qwen3.5:4b,state_101,USB_Male,USB connector + cable,Gear_Small,False,False,False,input_crops/state_101/Gear_Small.png,ed6418c5d55144cdb439a1f7f42e39e3f0a71a284b9bf1a812a11671951db9fe,raw/qwen3.5-4b/state_101/USB_Male/Gear_Small.json,0.29919609997887164,C,0.047759815954598474,0.12414824349138262,0.8261957182557879,-3.0415706634521484,-2.0862789154052734,-0.19092358648777008,0.001896222298231054
qwen3.5:4b,state_101,DSUB_Male,DSUB connector,Gear_Small,False,False,False,input_crops/state_101/Gear_Small.png,ed6418c5d55144cdb439a1f7f42e39e3f0a71a284b9bf1a812a11671951db9fe,raw/qwen3.5-4b/state_101/DSUB_Male/Gear_Small.json,0.3008152000256814,C,0.13151550901100587,0.11821307737558981,0.748273497384921,-2.028630495071411,-2.1352665424346924,-0.2899867296218872,0.001997916228483332
qwen3.5:4b,state_101,Gear_Large,Large gear,Waterproof_Male,False,False,False,input_crops/state_101/Waterproof_Male.png,8e27ec495e8bd49a326cc5c753e41d2240a99cc4d77374a337104a466e01f88f,raw/qwen3.5-4b/state_101/Gear_Large/Waterproof_Male.json,0.3590673999860883,C,0.1853370572145116,0.26694896413246355,0.5460746766128013,-1.6855791807174683,-1.3206977844238281,-0.6049995422363281,0.0016393020402235559
qwen3.5:4b,state_101,Gear_Medium,Medium gear,Waterproof_Male,False,False,False,input_crops/state_101/Waterproof_Male.png,8e27ec495e8bd49a326cc5c753e41d2240a99cc4d77374a337104a466e01f88f,raw/qwen3.5-4b/state_101/Gear_Medium/Waterproof_Male.json,0.27484050003113225,C,0.16597778937505064,0.25346902523265896,0.5786336662538567,-1.7959012985229492,-1.3725136518478394,-0.547085702419281,0.0019195191384336896
qwen3.5:4b,state_101,Gear_Small,Small gear,Waterproof_Male,False,False,False,input_crops/state_101/Waterproof_Male.png,8e27ec495e8bd49a326cc5c753e41d2240a99cc4d77374a337104a466e01f88f,raw/qwen3.5-4b/state_101/Gear_Small/Waterproof_Male.json,0.2635308000026271,C,0.14229307867017413,0.2576702912022269,0.5980316272398137,-1.9498664140701294,-1.3560744524002075,-0.5141116380691528,0.0020050028877852677
qwen3.5:4b,state_101,Waterproof_Male,Waterproof connector,Waterproof_Male,True,True,False,input_crops/state_101/Waterproof_Male.png,8e27ec495e8bd49a326cc5c753e41d2240a99cc4d77374a337104a466e01f88f,raw/qwen3.5-4b/state_101/Waterproof_Male/Waterproof_Male.json,0.278273000032641,A,0.7830064248338079,0.12099570535193664,0.09481695211170849,-0.244614377617836,-2.1120002269744873,-2.355807065963745,0.001180917702547024
qwen3.5:4b,state_101,M12_Hex_Nut,M12 hex nut,Waterproof_Male,False,False,False,input_crops/state_101/Waterproof_Male.png,8e27ec495e8bd49a326cc5c753e41d2240a99cc4d77374a337104a466e01f88f,raw/qwen3.5-4b/state_101/M12_Hex_Nut/Waterproof_Male.json,0.28468609997071326,C,0.08599928063235586,0.39402210617406247,0.5170271957218042,-2.453416347503662,-0.9313482642173767,-0.6596598029136658,0.0029514174717775177
qwen3.5:4b,state_101,M16_Hex_Nut,M16 hex nut,Waterproof_Male,False,False,False,input_crops/state_101/Waterproof_Male.png,8e27ec495e8bd49a326cc5c753e41d2240a99cc4d77374a337104a466e01f88f,raw/qwen3.5-4b/state_101/M16_Hex_Nut/Waterproof_Male.json,0.28886339999735355,C,0.11666931064018111,0.3411370677068787,0.5380039811487329,-2.148411750793457,-1.0754709243774414,-0.6198893189430237,0.004189640504207226
qwen3.5:4b,state_101,RGOCG16-50_16mm,16 mm round pin,Waterproof_Male,False,False,False,input_crops/state_101/Waterproof_Male.png,8e27ec495e8bd49a326cc5c753e41d2240a99cc4d77374a337104a466e01f88f,raw/qwen3.5-4b/state_101/RGOCG16-50_16mm/Waterproof_Male.json,0.29104630002984777,C,0.29385117295616636,0.20650813631654763,0.495795620955989,-1.2246818542480469,-1.5774154663085938,-0.7015914916992188,0.0038450697712970605
qwen3.5:4b,state_101,RGOCG12-50_12mm,12 mm round pin,Waterproof_Male,False,False,False,input_crops/state_101/Waterproof_Male.png,8e27ec495e8bd49a326cc5c753e41d2240a99cc4d77374a337104a466e01f88f,raw/qwen3.5-4b/state_101/RGOCG12-50_12mm/Waterproof_Male.json,0.28744780004490167,C,0.36205206560143277,0.1845713663284006,0.4506369142900568,-1.0159672498703003,-1.6897190809249878,-0.7970933318138123,0.002739653780109874
qwen3.5:4b,state_101,RGOCG8-50_8mm,8 mm round pin,Waterproof_Male,False,False,False,input_crops/state_101/Waterproof_Male.png,8e27ec495e8bd49a326cc5c753e41d2240a99cc4d77374a337104a466e01f88f,raw/qwen3.5-4b/state_101/RGOCG8-50_8mm/Waterproof_Male.json,0.30652000004192814,C,0.3183763841960803,0.19345011556012323,0.48497920590718757,-1.1445209980010986,-1.6427356004714966,-0.723649263381958,0.003194294336608894
qwen3.5:4b,state_101,USB_Male,USB connector + cable,Waterproof_Male,False,False,False,input_crops/state_101/Waterproof_Male.png,8e27ec495e8bd49a326cc5c753e41d2240a99cc4d77374a337104a466e01f88f,raw/qwen3.5-4b/state_101/USB_Male/Waterproof_Male.json,0.3033527000225149,C,0.16411076807528302,0.23292033649215793,0.5991323728379522,-1.8072136640548706,-1.4570587873458862,-0.5122727155685425,0.0038365225946068726
qwen3.5:4b,state_101,DSUB_Male,DSUB connector,Waterproof_Male,False,False,False,input_crops/state_101/Waterproof_Male.png,8e27ec495e8bd49a326cc5c753e41d2240a99cc4d77374a337104a466e01f88f,raw/qwen3.5-4b/state_101/DSUB_Male/Waterproof_Male.json,0.30520149995572865,A,0.43385144926177927,0.27749655000220314,0.28630902455064344,-0.8350530862808228,-1.2819467782974243,-1.2506835460662842,0.002342976185374157
qwen3.5:4b,state_101,Gear_Large,Large gear,M12_Hex_Nut,False,False,False,input_crops/state_101/M12_Hex_Nut.png,fc0054b5fbb5338ab9f90350cd4862942de04ae395620638929e2b1b38c1e229,raw/qwen3.5-4b/state_101/Gear_Large/M12_Hex_Nut.json,0.34167439996963367,C,0.38733155232309363,0.10361668168578093,0.5080512155592125,-0.9484742283821106,-2.267056941986084,-0.6771730184555054,0.0010005504319129388
qwen3.5:4b,state_101,Gear_Medium,Medium gear,M12_Hex_Nut,False,False,False,input_crops/state_101/M12_Hex_Nut.png,fc0054b5fbb5338ab9f90350cd4862942de04ae395620638929e2b1b38c1e229,raw/qwen3.5-4b/state_101/Gear_Medium/M12_Hex_Nut.json,0.2734789000242017,C,0.275610373906604,0.06319849143626391,0.6601568381001396,-1.2887670993804932,-2.761474847793579,-0.4152778387069702,0.0010342965569924978
qwen3.5:4b,state_101,Gear_Small,Small gear,M12_Hex_Nut,False,False,False,input_crops/state_101/M12_Hex_Nut.png,fc0054b5fbb5338ab9f90350cd4862942de04ae395620638929e2b1b38c1e229,raw/qwen3.5-4b/state_101/Gear_Small/M12_Hex_Nut.json,0.25533159996848553,C,0.3889988548256258,0.09100886384955487,0.5190448738574418,-0.9441788792610168,-2.3967983722686768,-0.6557649374008179,0.0009474074673775368
qwen3.5:4b,state_101,Waterproof_Male,Waterproof connector,M12_Hex_Nut,False,False,False,input_crops/state_101/M12_Hex_Nut.png,fc0054b5fbb5338ab9f90350cd4862942de04ae395620638929e2b1b38c1e229,raw/qwen3.5-4b/state_101/Waterproof_Male/M12_Hex_Nut.json,0.2770124999806285,C,0.39668627821328434,0.13132024513427124,0.4710990743360279,-0.9246095418930054,-2.030116319656372,-0.7526868581771851,0.000894402316416576
qwen3.5:4b,state_101,M12_Hex_Nut,M12 hex nut,M12_Hex_Nut,True,True,False,input_crops/state_101/M12_Hex_Nut.png,fc0054b5fbb5338ab9f90350cd4862942de04ae395620638929e2b1b38c1e229,raw/qwen3.5-4b/state_101/M12_Hex_Nut/M12_Hex_Nut.json,0.2950044000172056,A,0.6210907165976777,0.08123925890060846,0.2969172068729796,-0.4762781262397766,-2.5103566646575928,-1.2143019437789917,0.0007528176287342481
qwen3.5:4b,state_101,M16_Hex_Nut,M16 hex nut,M12_Hex_Nut,False,True,False,input_crops/state_101/M12_Hex_Nut.png,fc0054b5fbb5338ab9f90350cd4862942de04ae395620638929e2b1b38c1e229,raw/qwen3.5-4b/state_101/M16_Hex_Nut/M12_Hex_Nut.json,0.29221440001856536,A,0.7029058883794778,0.08489842201251681,0.21144669531589472,-0.3525322675704956,-2.4662997722625732,-1.553782343864441,0.0007489942921106163
qwen3.5:4b,state_101,RGOCG16-50_16mm,16 mm round pin,M12_Hex_Nut,False,False,False,input_crops/state_101/M12_Hex_Nut.png,fc0054b5fbb5338ab9f90350cd4862942de04ae395620638929e2b1b38c1e229,raw/qwen3.5-4b/state_101/RGOCG16-50_16mm/M12_Hex_Nut.json,0.2846311999601312,C,0.2721298323537318,0.13783768443041708,0.5882148109444426,-1.301476001739502,-1.9816784858703613,-0.5306630730628967,0.0018176722714084992
qwen3.5:4b,state_101,RGOCG12-50_12mm,12 mm round pin,M12_Hex_Nut,False,False,False,input_crops/state_101/M12_Hex_Nut.png,fc0054b5fbb5338ab9f90350cd4862942de04ae395620638929e2b1b38c1e229,raw/qwen3.5-4b/state_101/RGOCG12-50_12mm/M12_Hex_Nut.json,0.30747539998264983,C,0.19397317729303898,0.14927117628994602,0.654570215686618,-1.6400353908538818,-1.9019906520843506,-0.42377641797065735,0.002185430730397009
qwen3.5:4b,state_101,RGOCG8-50_8mm,8 mm round pin,M12_Hex_Nut,False,False,False,input_crops/state_101/M12_Hex_Nut.png,fc0054b5fbb5338ab9f90350cd4862942de04ae395620638929e2b1b38c1e229,raw/qwen3.5-4b/state_101/RGOCG8-50_8mm/M12_Hex_Nut.json,0.30203709995839745,C,0.21276048507816997,0.09962224644067397,0.6862283307444491,-1.5475882291793823,-2.3063697814941406,-0.37654486298561096,0.0013889377367068967
qwen3.5:4b,state_101,USB_Male,USB connector + cable,M12_Hex_Nut,False,False,False,input_crops/state_101/M12_Hex_Nut.png,fc0054b5fbb5338ab9f90350cd4862942de04ae395620638929e2b1b38c1e229,raw/qwen3.5-4b/state_101/USB_Male/M12_Hex_Nut.json,0.31470139999873936,C,0.0723502623106099,0.07779509907759859,0.8481823219207753,-2.6262362003326416,-2.5536768436431885,-0.16465966403484344,0.0016723166910161957
qwen3.5:4b,state_101,DSUB_Male,DSUB connector,M12_Hex_Nut,False,False,False,input_crops/state_101/M12_Hex_Nut.png,fc0054b5fbb5338ab9f90350cd4862942de04ae395620638929e2b1b38c1e229,raw/qwen3.5-4b/state_101/DSUB_Male/M12_Hex_Nut.json,0.32996910001384094,C,0.18281723499492294,0.10158556910609538,0.7146091380768826,-1.6992683410644531,-2.286853790283203,-0.3360195457935333,0.0009880578220990976
qwen3.5:4b,state_101,Gear_Large,Large gear,M16_Hex_Nut,False,False,False,input_crops/state_101/M16_Hex_Nut.png,1c1870e789ce383e3b64a161e64f0093e715e0263666f4e81c66af34b957e0f0,raw/qwen3.5-4b/state_101/Gear_Large/M16_Hex_Nut.json,0.35865960002411157,A,0.5468911492711814,0.06690608299822562,0.3850194618391135,-0.6035054922103882,-2.704465389251709,-0.954461395740509,0.0011833058914794137
qwen3.5:4b,state_101,Gear_Medium,Medium gear,M16_Hex_Nut,False,False,False,input_crops/state_101/M16_Hex_Nut.png,1c1870e789ce383e3b64a161e64f0093e715e0263666f4e81c66af34b957e0f0,raw/qwen3.5-4b/state_101/Gear_Medium/M16_Hex_Nut.json,0.26818819995969534,A,0.4799308651456833,0.04961759042199971,0.4691854094365391,-0.7341132164001465,-3.0034098625183105,-0.7567572593688965,0.001266134995777879
qwen3.5:4b,state_101,Gear_Small,Small gear,M16_Hex_Nut,False,False,False,input_crops/state_101/M16_Hex_Nut.png,1c1870e789ce383e3b64a161e64f0093e715e0263666f4e81c66af34b957e0f0,raw/qwen3.5-4b/state_101/Gear_Small/M16_Hex_Nut.json,0.28444479999598116,A,0.5769595356401199,0.0765978545868552,0.34548888585883286,-0.5499831438064575,-2.569186210632324,-1.062794804573059,0.0009537239141920173
qwen3.5:4b,state_101,Waterproof_Male,Waterproof connector,M16_Hex_Nut,False,False,False,input_crops/state_101/M16_Hex_Nut.png,1c1870e789ce383e3b64a161e64f0093e715e0263666f4e81c66af34b957e0f0,raw/qwen3.5-4b/state_101/Waterproof_Male/M16_Hex_Nut.json,0.2779378999839537,C,0.3798382518452335,0.09738600993134881,0.5220281465330664,-0.9680097699165344,-2.3290727138519287,-0.6500337719917297,0.0007475916903512125
qwen3.5:4b,state_101,M12_Hex_Nut,M12 hex nut,M16_Hex_Nut,False,True,False,input_crops/state_101/M16_Hex_Nut.png,1c1870e789ce383e3b64a161e64f0093e715e0263666f4e81c66af34b957e0f0,raw/qwen3.5-4b/state_101/M12_Hex_Nut/M16_Hex_Nut.json,0.2914977000327781,C,0.3126069784076001,0.05500481255190566,0.6314773571878105,-1.1628085374832153,-2.900334596633911,-0.45969319343566895,0.0009108518526836917
qwen3.5:4b,state_101,M16_Hex_Nut,M16 hex nut,M16_Hex_Nut,True,True,False,input_crops/state_101/M16_Hex_Nut.png,1c1870e789ce383e3b64a161e64f0093e715e0263666f4e81c66af34b957e0f0,raw/qwen3.5-4b/state_101/M16_Hex_Nut/M16_Hex_Nut.json,0.2847154999617487,A,0.6025005025449773,0.07850547613884494,0.31819323572433317,-0.5066667795181274,-2.5445868968963623,-1.1450964212417603,0.0008007855918445994
qwen3.5:4b,state_101,RGOCG16-50_16mm,16 mm round pin,M16_Hex_Nut,False,False,False,input_crops/state_101/M16_Hex_Nut.png,1c1870e789ce383e3b64a161e64f0093e715e0263666f4e81c66af34b957e0f0,raw/qwen3.5-4b/state_101/RGOCG16-50_16mm/M16_Hex_Nut.json,0.2988416999578476,C,0.2634123610098792,0.08558958847264035,0.6499305968417703,-1.3340345621109009,-2.4581916332244873,-0.43088969588279724,0.0010674536757100395
qwen3.5:4b,state_101,RGOCG12-50_12mm,12 mm round pin,M16_Hex_Nut,False,False,False,input_crops/state_101/M16_Hex_Nut.png,1c1870e789ce383e3b64a161e64f0093e715e0263666f4e81c66af34b957e0f0,raw/qwen3.5-4b/state_101/RGOCG12-50_12mm/M16_Hex_Nut.json,0.30028119997587055,C,0.19110383876913833,0.07435258816019095,0.7333195746512414,-1.6549383401870728,-2.5989367961883545,-0.3101736903190613,0.0012239984194293285
qwen3.5:4b,state_101,RGOCG8-50_8mm,8 mm round pin,M16_Hex_Nut,False,False,False,input_crops/state_101/M16_Hex_Nut.png,1c1870e789ce383e3b64a161e64f0093e715e0263666f4e81c66af34b957e0f0,raw/qwen3.5-4b/state_101/RGOCG8-50_8mm/M16_Hex_Nut.json,0.2944687000126578,C,0.2692158211667656,0.06740667486405223,0.6621865724344784,-1.3122419118881226,-2.6970112323760986,-0.4122079312801361,0.001190931534703732
qwen3.5:4b,state_101,USB_Male,USB connector + cable,M16_Hex_Nut,False,False,False,input_crops/state_101/M16_Hex_Nut.png,1c1870e789ce383e3b64a161e64f0093e715e0263666f4e81c66af34b957e0f0,raw/qwen3.5-4b/state_101/USB_Male/M16_Hex_Nut.json,0.3010708999936469,C,0.13786200524381423,0.06104045760472584,0.7996274175396887,-1.9815020561218262,-2.7962183952331543,-0.22360938787460327,0.0014701196117712367
qwen3.5:4b,state_101,DSUB_Male,DSUB connector,M16_Hex_Nut,False,False,False,input_crops/state_101/M16_Hex_Nut.png,1c1870e789ce383e3b64a161e64f0093e715e0263666f4e81c66af34b957e0f0,raw/qwen3.5-4b/state_101/DSUB_Male/M16_Hex_Nut.json,0.2951137000345625,C,0.20450819399426987,0.08035800224627493,0.7132852020307595,-1.5871472358703613,-2.521263599395752,-0.3378739356994629,0.0018486017286957201
qwen3.5:4b,state_101,Gear_Large,Large gear,RGOCG16-50_16mm,False,False,False,input_crops/state_101/RGOCG16-50_16mm.png,552c7b7003b70b464999fe0b15088e739e126bb17da93e39400520c81be1c324,raw/qwen3.5-4b/state_101/Gear_Large/RGOCG16-50_16mm.json,0.3612335000070743,C,0.045706912973588094,0.05625350039584275,0.8972467216169275,-3.085505723953247,-2.877887010574341,-0.10842440277338028,0.0007928650136416193
qwen3.5:4b,state_101,Gear_Medium,Medium gear,RGOCG16-50_16mm,False,False,False,input_crops/state_101/RGOCG16-50_16mm.png,552c7b7003b70b464999fe0b15088e739e126bb17da93e39400520c81be1c324,raw/qwen3.5-4b/state_101/Gear_Medium/RGOCG16-50_16mm.json,0.2656832000357099,C,0.06196929570447911,0.045158021704311074,0.8919787437178939,-2.781116247177124,-3.0975873470306396,-0.11431297659873962,0.0008939388733159026
qwen3.5:4b,state_101,Gear_Small,Small gear,RGOCG16-50_16mm,False,False,False,input_crops/state_101/RGOCG16-50_16mm.png,552c7b7003b70b464999fe0b15088e739e126bb17da93e39400520c81be1c324,raw/qwen3.5-4b/state_101/Gear_Small/RGOCG16-50_16mm.json,0.2769255000166595,C,0.06017597906523492,0.07153724880963258,0.8674141744991885,-2.8104820251464844,-2.6375370025634766,-0.14223870635032654,0.0008725976259440493
qwen3.5:4b,state_101,Waterproof_Male,Waterproof connector,RGOCG16-50_16mm,False,False,False,input_crops/state_101/RGOCG16-50_16mm.png,552c7b7003b70b464999fe0b15088e739e126bb17da93e39400520c81be1c324,raw/qwen3.5-4b/state_101/Waterproof_Male/RGOCG16-50_16mm.json,0.2838138999650255,C,0.10747258006022103,0.05554332901662837,0.8364566506930622,-2.2305195331573486,-2.890591859817505,-0.17858058214187622,0.0005274402300884384
qwen3.5:4b,state_101,M12_Hex_Nut,M12 hex nut,RGOCG16-50_16mm,False,False,False,input_crops/state_101/RGOCG16-50_16mm.png,552c7b7003b70b464999fe0b15088e739e126bb17da93e39400520c81be1c324,raw/qwen3.5-4b/state_101/M12_Hex_Nut/RGOCG16-50_16mm.json,0.28133269998943433,C,0.07822020333112877,0.05606590006257756,0.8649213365213755,-2.548227310180664,-2.881227493286133,-0.14511671662330627,0.0007925600849181258
qwen3.5:4b,state_101,M16_Hex_Nut,M16 hex nut,RGOCG16-50_16mm,False,False,False,input_crops/state_101/RGOCG16-50_16mm.png,552c7b7003b70b464999fe0b15088e739e126bb17da93e39400520c81be1c324,raw/qwen3.5-4b/state_101/M16_Hex_Nut/RGOCG16-50_16mm.json,0.3170885000145063,C,0.08132150232070395,0.05186291621471347,0.8659455725035975,-2.5093448162078857,-2.959151268005371,-0.1439332216978073,0.0008700089609851025
qwen3.5:4b,state_101,RGOCG16-50_16mm,16 mm round pin,RGOCG16-50_16mm,True,True,False,input_crops/state_101/RGOCG16-50_16mm.png,552c7b7003b70b464999fe0b15088e739e126bb17da93e39400520c81be1c324,raw/qwen3.5-4b/state_101/RGOCG16-50_16mm/RGOCG16-50_16mm.json,0.3162900999886915,A,0.8274818677355338,0.044620806913168665,0.12748309163811603,-0.1893680840730667,-3.1095550060272217,-2.0597715377807617,0.00041423371318161095
qwen3.5:4b,state_101,RGOCG12-50_12mm,12 mm round pin,RGOCG16-50_16mm,False,True,False,input_crops/state_101/RGOCG16-50_16mm.png,552c7b7003b70b464999fe0b15088e739e126bb17da93e39400520c81be1c324,raw/qwen3.5-4b/state_101/RGOCG12-50_12mm/RGOCG16-50_16mm.json,0.3067923000198789,A,0.7244012851877862,0.057071615846330796,0.21773466775217928,-0.3224097788333893,-2.86344838142395,-1.5244780778884888,0.0007924312137036482
qwen3.5:4b,state_101,RGOCG8-50_8mm,8 mm round pin,RGOCG16-50_16mm,False,True,False,input_crops/state_101/RGOCG16-50_16mm.png,552c7b7003b70b464999fe0b15088e739e126bb17da93e39400520c81be1c324,raw/qwen3.5-4b/state_101/RGOCG8-50_8mm/RGOCG16-50_16mm.json,0.2895227000117302,A,0.6874626262426403,0.05005570004614509,0.26122566475351844,-0.3747478127479553,-2.9946188926696777,-1.342370629310608,0.0012560089576960642
qwen3.5:4b,state_101,USB_Male,USB connector + cable,RGOCG16-50_16mm,False,False,False,input_crops/state_101/RGOCG16-50_16mm.png,552c7b7003b70b464999fe0b15088e739e126bb17da93e39400520c81be1c324,raw/qwen3.5-4b/state_101/USB_Male/RGOCG16-50_16mm.json,0.3027960000326857,C,0.08197465559326478,0.08839245647232441,0.8288800742905912,-2.501345157623291,-2.425968647003174,-0.18767979741096497,0.0007528136438196276
qwen3.5:4b,state_101,DSUB_Male,DSUB connector,RGOCG16-50_16mm,False,False,False,input_crops/state_101/RGOCG16-50_16mm.png,552c7b7003b70b464999fe0b15088e739e126bb17da93e39400520c81be1c324,raw/qwen3.5-4b/state_101/DSUB_Male/RGOCG16-50_16mm.json,0.29744160000700504,C,0.10422782931996626,0.15156700838033804,0.7435699805334646,-2.261176109313965,-1.8867274522781372,-0.29629239439964294,0.0006351817662311188
qwen3.5:4b,state_101,Gear_Large,Large gear,RGOCG12-50_12mm,False,False,False,input_crops/state_101/RGOCG12-50_12mm.png,123f19e892e7db96ecab17804bf959635f80f30947116c2770dcab19b9e1892a,raw/qwen3.5-4b/state_101/Gear_Large/RGOCG12-50_12mm.json,0.35404660005588084,C,0.08012980023494765,0.06998169439727799,0.8488181198998959,-2.5241074562072754,-2.6595215797424316,-0.16391034424304962,0.0010703854678785207
qwen3.5:4b,state_101,Gear_Medium,Medium gear,RGOCG12-50_12mm,False,False,False,input_crops/state_101/RGOCG12-50_12mm.png,123f19e892e7db96ecab17804bf959635f80f30947116c2770dcab19b9e1892a,raw/qwen3.5-4b/state_101/Gear_Medium/RGOCG12-50_12mm.json,0.260496900009457,C,0.06361489690276756,0.05533518936127415,0.8793347440014772,-2.7549076080322266,-2.894346237182617,-0.12858963012695312,0.001715169734481159
qwen3.5:4b,state_101,Gear_Small,Small gear,RGOCG12-50_12mm,False,False,False,input_crops/state_101/RGOCG12-50_12mm.png,123f19e892e7db96ecab17804bf959635f80f30947116c2770dcab19b9e1892a,raw/qwen3.5-4b/state_101/Gear_Small/RGOCG12-50_12mm.json,0.2771756000001915,C,0.08727804559127499,0.06442049838654902,0.8471263044967591,-2.4386563301086426,-2.742323398590088,-0.16590547561645508,0.0011751515254169176
qwen3.5:4b,state_101,Waterproof_Male,Waterproof connector,RGOCG12-50_12mm,False,False,False,input_crops/state_101/RGOCG12-50_12mm.png,123f19e892e7db96ecab17804bf959635f80f30947116c2770dcab19b9e1892a,raw/qwen3.5-4b/state_101/Waterproof_Male/RGOCG12-50_12mm.json,0.28430349996779114,C,0.12541655342125524,0.05244958177994284,0.8211854719892432,-2.0761146545410156,-2.9479029178619385,-0.19700628519058228,0.000948392809558718
qwen3.5:4b,state_101,M12_Hex_Nut,M12 hex nut,RGOCG12-50_12mm,False,False,False,input_crops/state_101/RGOCG12-50_12mm.png,123f19e892e7db96ecab17804bf959635f80f30947116c2770dcab19b9e1892a,raw/qwen3.5-4b/state_101/M12_Hex_Nut/RGOCG12-50_12mm.json,0.29806890001054853,C,0.07293810783419147,0.034937995838904154,0.8904970874048693,-2.6181440353393555,-3.354180335998535,-0.11597544699907303,0.001626808922035039
qwen3.5:4b,state_101,M16_Hex_Nut,M16 hex nut,RGOCG12-50_12mm,False,False,False,input_crops/state_101/RGOCG12-50_12mm.png,123f19e892e7db96ecab17804bf959635f80f30947116c2770dcab19b9e1892a,raw/qwen3.5-4b/state_101/M16_Hex_Nut/RGOCG12-50_12mm.json,0.2784667999949306,C,0.07863474960748698,0.031020652310643902,0.889155927619626,-2.5429415702819824,-3.47310209274292,-0.11748266220092773,0.0011886704622430244
qwen3.5:4b,state_101,RGOCG16-50_16mm,16 mm round pin,RGOCG12-50_12mm,False,True,False,input_crops/state_101/RGOCG12-50_12mm.png,123f19e892e7db96ecab17804bf959635f80f30947116c2770dcab19b9e1892a,raw/qwen3.5-4b/state_101/RGOCG16-50_16mm/RGOCG12-50_12mm.json,0.2876864999998361,A,0.6389315804747685,0.04534651572945389,0.3148632818475143,-0.4479579031467438,-3.0934219360351562,-1.1556167602539062,0.0008586219482633606
qwen3.5:4b,state_101,RGOCG12-50_12mm,12 mm round pin,RGOCG12-50_12mm,True,True,False,input_crops/state_101/RGOCG12-50_12mm.png,123f19e892e7db96ecab17804bf959635f80f30947116c2770dcab19b9e1892a,raw/qwen3.5-4b/state_101/RGOCG12-50_12mm/RGOCG12-50_12mm.json,0.2973059000214562,A,0.6596873424616883,0.05377116195495757,0.28513743468034336,-0.4159892797470093,-2.923017978668213,-1.2547839879989624,0.0014040609030108175
qwen3.5:4b,state_101,RGOCG8-50_8mm,8 mm round pin,RGOCG12-50_12mm,False,True,False,input_crops/state_101/RGOCG12-50_12mm.png,123f19e892e7db96ecab17804bf959635f80f30947116c2770dcab19b9e1892a,raw/qwen3.5-4b/state_101/RGOCG8-50_8mm/RGOCG12-50_12mm.json,0.3194346000091173,A,0.6318428433478668,0.054766273098092295,0.31218768583434653,-0.45911458134651184,-2.9046807289123535,-1.1641507148742676,0.0012031977196943489
qwen3.5:4b,state_101,USB_Male,USB connector + cable,RGOCG12-50_12mm,False,False,False,input_crops/state_101/RGOCG12-50_12mm.png,123f19e892e7db96ecab17804bf959635f80f30947116c2770dcab19b9e1892a,raw/qwen3.5-4b/state_101/USB_Male/RGOCG12-50_12mm.json,0.33793959999457,C,0.09914463010440454,0.045585112105264225,0.8538348641198107,-2.311175584793091,-3.0881741046905518,-0.15801747143268585,0.0014353936705204795
qwen3.5:4b,state_101,DSUB_Male,DSUB connector,RGOCG12-50_12mm,False,False,False,input_crops/state_101/RGOCG12-50_12mm.png,123f19e892e7db96ecab17804bf959635f80f30947116c2770dcab19b9e1892a,raw/qwen3.5-4b/state_101/DSUB_Male/RGOCG12-50_12mm.json,0.30157580005470663,C,0.12834949523868086,0.08274357390444666,0.7875627311284283,-2.0529983043670654,-2.492008924484253,-0.23881225287914276,0.0013441997284441287
qwen3.5:4b,state_101,Gear_Large,Large gear,RGOCG8-50_8mm,False,False,False,input_crops/state_101/RGOCG8-50_8mm.png,3989b2e944636dc60976a725ca05eae1c3b96027dd47e7fd6182bc78c774ab48,raw/qwen3.5-4b/state_101/Gear_Large/RGOCG8-50_8mm.json,0.3709726000088267,C,0.07077473427900417,0.18923187453777945,0.739134553115773,-2.6482532024383545,-1.664782166481018,-0.30227530002593994,0.0008588380674433571
qwen3.5:4b,state_101,Gear_Medium,Medium gear,RGOCG8-50_8mm,False,False,False,input_crops/state_101/RGOCG8-50_8mm.png,3989b2e944636dc60976a725ca05eae1c3b96027dd47e7fd6182bc78c774ab48,raw/qwen3.5-4b/state_101/Gear_Medium/RGOCG8-50_8mm.json,0.275094699987676,C,0.0492736313833435,0.042231508492347816,0.9076115468188182,-3.010366201400757,-3.164588689804077,-0.09693880379199982,0.0008833133054905185
qwen3.5:4b,state_101,Gear_Small,Small gear,RGOCG8-50_8mm,False,False,False,input_crops/state_101/RGOCG8-50_8mm.png,3989b2e944636dc60976a725ca05eae1c3b96027dd47e7fd6182bc78c774ab48,raw/qwen3.5-4b/state_101/Gear_Small/RGOCG8-50_8mm.json,0.3095493000000715,C,0.052420678291408666,0.06078145271418769,0.8855671877818189,-2.9484541416168213,-2.8004705905914307,-0.12152694910764694,0.0012306812125847388
qwen3.5:4b,state_101,Waterproof_Male,Waterproof connector,RGOCG8-50_8mm,False,False,False,input_crops/state_101/RGOCG8-50_8mm.png,3989b2e944636dc60976a725ca05eae1c3b96027dd47e7fd6182bc78c774ab48,raw/qwen3.5-4b/state_101/Waterproof_Male/RGOCG8-50_8mm.json,0.302222799975425,C,0.10027711249603982,0.0795378307166035,0.819269181123003,-2.2998178005218506,-2.531522512435913,-0.19934257864952087,0.0009158756643536936
qwen3.5:4b,state_101,M12_Hex_Nut,M12 hex nut,RGOCG8-50_8mm,False,False,False,input_crops/state_101/RGOCG8-50_8mm.png,3989b2e944636dc60976a725ca05eae1c3b96027dd47e7fd6182bc78c774ab48,raw/qwen3.5-4b/state_101/M12_Hex_Nut/RGOCG8-50_8mm.json,0.291638900001999,C,0.07764902410754786,0.07040768405752779,0.8507319116797271,-2.555556297302246,-2.6534528732299805,-0.16165822744369507,0.0012113801551972836
qwen3.5:4b,state_101,M16_Hex_Nut,M16 hex nut,RGOCG8-50_8mm,False,False,False,input_crops/state_101/RGOCG8-50_8mm.png,3989b2e944636dc60976a725ca05eae1c3b96027dd47e7fd6182bc78c774ab48,raw/qwen3.5-4b/state_101/M16_Hex_Nut/RGOCG8-50_8mm.json,0.3096803000080399,C,0.09024038671178776,0.05919136334687331,0.8496664147155147,-2.405278205871582,-2.826979637145996,-0.16291145980358124,0.0009018352258242102
qwen3.5:4b,state_101,RGOCG16-50_16mm,16 mm round pin,RGOCG8-50_8mm,False,True,False,input_crops/state_101/RGOCG8-50_8mm.png,3989b2e944636dc60976a725ca05eae1c3b96027dd47e7fd6182bc78c774ab48,raw/qwen3.5-4b/state_101/RGOCG16-50_16mm/RGOCG8-50_8mm.json,0.32222239999100566,A,0.6974309052820917,0.051527023048476873,0.2502124307972779,-0.3603518307209015,-2.965648889541626,-1.38544499874115,0.0008296408721535364
qwen3.5:4b,state_101,RGOCG12-50_12mm,12 mm round pin,RGOCG8-50_8mm,False,True,False,input_crops/state_101/RGOCG8-50_8mm.png,3989b2e944636dc60976a725ca05eae1c3b96027dd47e7fd6182bc78c774ab48,raw/qwen3.5-4b/state_101/RGOCG12-50_12mm/RGOCG8-50_8mm.json,0.31423289998201653,A,0.6489095068100339,0.05305068702672006,0.29714116649974787,-0.43246200680732727,-2.9365074634552,-1.213547945022583,0.0008986396634981242
qwen3.5:4b,state_101,RGOCG8-50_8mm,8 mm round pin,RGOCG8-50_8mm,True,True,False,input_crops/state_101/RGOCG8-50_8mm.png,3989b2e944636dc60976a725ca05eae1c3b96027dd47e7fd6182bc78c774ab48,raw/qwen3.5-4b/state_101/RGOCG8-50_8mm/RGOCG8-50_8mm.json,0.28887839999515563,A,0.6585484667279258,0.0474882069129982,0.29286132568247675,-0.4177171587944031,-3.047273874282837,-1.2280560731887817,0.0011020006765993795
qwen3.5:4b,state_101,USB_Male,USB connector + cable,RGOCG8-50_8mm,False,False,False,input_crops/state_101/RGOCG8-50_8mm.png,3989b2e944636dc60976a725ca05eae1c3b96027dd47e7fd6182bc78c774ab48,raw/qwen3.5-4b/state_101/USB_Male/RGOCG8-50_8mm.json,0.32828900002641603,C,0.11099807436108912,0.04797214987643264,0.8397872477009247,-2.198242425918579,-3.0371346473693848,-0.17460669577121735,0.0012425280615535605
qwen3.5:4b,state_101,DSUB_Male,DSUB connector,RGOCG8-50_8mm,False,False,False,input_crops/state_101/RGOCG8-50_8mm.png,3989b2e944636dc60976a725ca05eae1c3b96027dd47e7fd6182bc78c774ab48,raw/qwen3.5-4b/state_101/DSUB_Male/RGOCG8-50_8mm.json,0.2942513999878429,C,0.13614355795439462,0.09002761807525267,0.7720931816160146,-1.994045376777649,-2.4076387882232666,-0.2586500346660614,0.001735642354338096
qwen3.5:4b,state_101,Gear_Large,Large gear,USB_Male,False,False,True,input_crops/state_101/USB_Male.png,7543f2ca9e48d4553584300362014c6f331ab16c9b5e3b3c0e4184e22a6d517c,raw/qwen3.5-4b/state_101/Gear_Large/USB_Male.json,0.4964810000383295,B,0.01527815638913772,0.6068628975830006,0.37679755775385065,-4.181331157684326,-0.4994523823261261,-0.9760472178459167,0.0010613882740109215
qwen3.5:4b,state_101,Gear_Medium,Medium gear,USB_Male,False,False,True,input_crops/state_101/USB_Male.png,7543f2ca9e48d4553584300362014c6f331ab16c9b5e3b3c0e4184e22a6d517c,raw/qwen3.5-4b/state_101/Gear_Medium/USB_Male.json,0.2282577999867499,C,0.02130449624513955,0.3812279937180048,0.5962485244121495,-3.84883713722229,-0.9643576741218567,-0.5170977115631104,0.001218985624706237
qwen3.5:4b,state_101,Gear_Small,Small gear,USB_Male,False,False,True,input_crops/state_101/USB_Male.png,7543f2ca9e48d4553584300362014c6f331ab16c9b5e3b3c0e4184e22a6d517c,raw/qwen3.5-4b/state_101/Gear_Small/USB_Male.json,0.22607470001094043,C,0.012990117308095607,0.2631389043909159,0.7231004747220194,-4.343566417694092,-1.3350732326507568,-0.3242070972919464,0.0007705035789690173
qwen3.5:4b,state_101,Waterproof_Male,Waterproof connector,USB_Male,False,False,True,input_crops/state_101/USB_Male.png,7543f2ca9e48d4553584300362014c6f331ab16c9b5e3b3c0e4184e22a6d517c,raw/qwen3.5-4b/state_101/Waterproof_Male/USB_Male.json,0.23161980003351346,A,0.728931605195499,0.14652645692418156,0.12397857824684254,-0.3161753714084625,-1.9205492734909058,-2.087646484375,0.0005633596334768676
qwen3.5:4b,state_101,M12_Hex_Nut,M12 hex nut,USB_Male,False,False,True,input_crops/state_101/USB_Male.png,7543f2ca9e48d4553584300362014c6f331ab16c9b5e3b3c0e4184e22a6d517c,raw/qwen3.5-4b/state_101/M12_Hex_Nut/USB_Male.json,0.2922779999789782,B,0.014429720018195235,0.5963892406337773,0.3880778804178937,-4.238465309143066,-0.5168617367744446,-0.9465492367744446,0.0011031589301337963
qwen3.5:4b,state_101,M16_Hex_Nut,M16 hex nut,USB_Male,False,False,True,input_crops/state_101/USB_Male.png,7543f2ca9e48d4553584300362014c6f331ab16c9b5e3b3c0e4184e22a6d517c,raw/qwen3.5-4b/state_101/M16_Hex_Nut/USB_Male.json,0.2263571000075899,C,0.018978306714207444,0.41545614721783986,0.5643799949478464,-3.964458703994751,-0.8783782124519348,-0.5720275044441223,0.0011855511201063207
qwen3.5:4b,state_101,RGOCG16-50_16mm,16 mm round pin,USB_Male,False,False,True,input_crops/state_101/USB_Male.png,7543f2ca9e48d4553584300362014c6f331ab16c9b5e3b3c0e4184e22a6d517c,raw/qwen3.5-4b/state_101/RGOCG16-50_16mm/USB_Male.json,0.29709579999325797,C,0.17663595895904619,0.3408594271375219,0.48079609213187946,-1.7336643934249878,-1.0762851238250732,-0.732312023639679,0.0017085217715524514
qwen3.5:4b,state_101,RGOCG12-50_12mm,12 mm round pin,USB_Male,False,False,True,input_crops/state_101/USB_Male.png,7543f2ca9e48d4553584300362014c6f331ab16c9b5e3b3c0e4184e22a6d517c,raw/qwen3.5-4b/state_101/RGOCG12-50_12mm/USB_Male.json,0.29705160000594333,B,0.1245355605853721,0.5069745837248759,0.36743073117033204,-2.0831639766693115,-0.6792944073677063,-1.001220464706421,0.0010591245194200294
qwen3.5:4b,state_101,RGOCG8-50_8mm,8 mm round pin,USB_Male,False,False,True,input_crops/state_101/USB_Male.png,7543f2ca9e48d4553584300362014c6f331ab16c9b5e3b3c0e4184e22a6d517c,raw/qwen3.5-4b/state_101/RGOCG8-50_8mm/USB_Male.json,0.2992340999771841,B,0.09868059604349706,0.4918658275942712,0.4086111379118096,-2.3158669471740723,-0.7095493078231812,-0.8949913382530212,0.0008424384504220894
qwen3.5:4b,state_101,USB_Male,USB connector + cable,USB_Male,True,True,True,input_crops/state_101/USB_Male.png,7543f2ca9e48d4553584300362014c6f331ab16c9b5e3b3c0e4184e22a6d517c,raw/qwen3.5-4b/state_101/USB_Male/USB_Male.json,0.32262019999325275,A,0.9069645979948108,0.057117013015585916,0.0352193896929818,-0.09765186160802841,-2.8626532554626465,-3.346158504486084,0.0006989992966215386
qwen3.5:4b,state_101,DSUB_Male,DSUB connector,USB_Male,False,False,True,input_crops/state_101/USB_Male.png,7543f2ca9e48d4553584300362014c6f331ab16c9b5e3b3c0e4184e22a6d517c,raw/qwen3.5-4b/state_101/DSUB_Male/USB_Male.json,0.32367279997561127,A,0.7925171886722632,0.10892337410266033,0.0946999924090709,-0.23254108428955078,-2.2171106338500977,-2.357041358947754,0.0038594448160056416
qwen3.5:4b,state_101,Gear_Large,Large gear,DSUB_Male,False,False,False,input_crops/state_101/DSUB_Male.png,4b33b962ebb9c6ee75c0ce865988e91fcba2f1bdbb964dd35e709db436634a24,raw/qwen3.5-4b/state_101/Gear_Large/DSUB_Male.json,0.37796190002700314,C,0.049919251601932564,0.24606150411943034,0.7013759679990074,-2.9973485469818115,-1.4021737575531006,-0.3547112047672272,0.0026432762796297915
qwen3.5:4b,state_101,Gear_Medium,Medium gear,DSUB_Male,False,False,False,input_crops/state_101/DSUB_Male.png,4b33b962ebb9c6ee75c0ce865988e91fcba2f1bdbb964dd35e709db436634a24,raw/qwen3.5-4b/state_101/Gear_Medium/DSUB_Male.json,0.2695446999859996,C,0.06421408170854684,0.18228628936556707,0.7513063560200229,-2.745532751083374,-1.702176809310913,-0.2859417796134949,0.0021932729058631306
qwen3.5:4b,state_101,Gear_Small,Small gear,DSUB_Male,False,False,False,input_crops/state_101/DSUB_Male.png,4b33b962ebb9c6ee75c0ce865988e91fcba2f1bdbb964dd35e709db436634a24,raw/qwen3.5-4b/state_101/Gear_Small/DSUB_Male.json,0.2841269000200555,C,0.05166332079237618,0.22723254387935451,0.7188111627328846,-2.9630072116851807,-1.4817813634872437,-0.3301565945148468,0.0022929725953847457
qwen3.5:4b,state_101,Waterproof_Male,Waterproof connector,DSUB_Male,False,False,False,input_crops/state_101/DSUB_Male.png,4b33b962ebb9c6ee75c0ce865988e91fcba2f1bdbb964dd35e709db436634a24,raw/qwen3.5-4b/state_101/Waterproof_Male/DSUB_Male.json,0.3019543999689631,A,0.7316230640955116,0.15273039886733297,0.11419946960907298,-0.3124898374080658,-1.8790810108184814,-2.1698086261749268,0.001447067428082427
qwen3.5:4b,state_101,M12_Hex_Nut,M12 hex nut,DSUB_Male,False,False,False,input_crops/state_101/DSUB_Male.png,4b33b962ebb9c6ee75c0ce865988e91fcba2f1bdbb964dd35e709db436634a24,raw/qwen3.5-4b/state_101/M12_Hex_Nut/DSUB_Male.json,0.29732319997856393,C,0.07344841463790291,0.2109601672410082,0.7123499518282699,-2.6111719608306885,-1.5560859441757202,-0.3391859829425812,0.003241466292819073
qwen3.5:4b,state_101,M16_Hex_Nut,M16 hex nut,DSUB_Male,False,False,False,input_crops/state_101/DSUB_Male.png,4b33b962ebb9c6ee75c0ce865988e91fcba2f1bdbb964dd35e709db436634a24,raw/qwen3.5-4b/state_101/M16_Hex_Nut/DSUB_Male.json,0.2993972999975085,C,0.1146552355299007,0.2271713598061315,0.6547219837745711,-2.165825605392456,-1.4820506572723389,-0.42354458570480347,0.0034514208893966503
qwen3.5:4b,state_101,RGOCG16-50_16mm,16 mm round pin,DSUB_Male,False,False,False,input_crops/state_101/DSUB_Male.png,4b33b962ebb9c6ee75c0ce865988e91fcba2f1bdbb964dd35e709db436634a24,raw/qwen3.5-4b/state_101/RGOCG16-50_16mm/DSUB_Male.json,0.2952748000388965,C,0.30439787706243576,0.23298387437757717,0.4599870925899794,-1.1894196271896362,-1.456786036491394,-0.7765568494796753,0.002631155970007626
qwen3.5:4b,state_101,RGOCG12-50_12mm,12 mm round pin,DSUB_Male,False,False,False,input_crops/state_101/DSUB_Male.png,4b33b962ebb9c6ee75c0ce865988e91fcba2f1bdbb964dd35e709db436634a24,raw/qwen3.5-4b/state_101/RGOCG12-50_12mm/DSUB_Male.json,0.3004547000164166,C,0.29581287969448994,0.24256630492625406,0.45847690609452574,-1.21802818775177,-1.4164801836013794,-0.7798453569412231,0.003143909284730295
qwen3.5:4b,state_101,RGOCG8-50_8mm,8 mm round pin,DSUB_Male,False,False,False,input_crops/state_101/DSUB_Male.png,4b33b962ebb9c6ee75c0ce865988e91fcba2f1bdbb964dd35e709db436634a24,raw/qwen3.5-4b/state_101/RGOCG8-50_8mm/DSUB_Male.json,0.3062282000319101,C,0.23483215625251497,0.22581477196919503,0.5367626700670508,-1.4488842487335205,-1.4880402088165283,-0.6221992373466492,0.002590401711239254
qwen3.5:4b,state_101,USB_Male,USB connector + cable,DSUB_Male,False,False,False,input_crops/state_101/DSUB_Male.png,4b33b962ebb9c6ee75c0ce865988e91fcba2f1bdbb964dd35e709db436634a24,raw/qwen3.5-4b/state_101/USB_Male/DSUB_Male.json,0.31006109999725595,C,0.29186997638944784,0.16728108485527052,0.5371537096098151,-1.2314468622207642,-1.7880797386169434,-0.6214709877967834,0.0036952291454664943
qwen3.5:4b,state_101,DSUB_Male,DSUB connector,DSUB_Male,True,True,False,input_crops/state_101/DSUB_Male.png,4b33b962ebb9c6ee75c0ce865988e91fcba2f1bdbb964dd35e709db436634a24,raw/qwen3.5-4b/state_101/DSUB_Male/DSUB_Male.json,0.31912639999063686,A,0.7251843899942628,0.13782983038168548,0.1330154018907818,-0.3213293254375458,-1.9817354679107666,-2.0172903537750244,0.003970377733269914
qwen3.5:4b,state_202,Gear_Large,Large gear,Gear_Large,True,True,False,input_crops/state_202/Gear_Large.png,5d23b69c2449fff305773def219e59a9d80d68f1142de6cae6476b6dda8231cf,raw/qwen3.5-4b/state_202/Gear_Large/Gear_Large.json,0.38584020000416785,A,0.6775711105383179,0.13424822774206963,0.187206441041413,-0.3892407715320587,-2.0080647468566895,-1.6755433082580566,0.0009742206781994112
qwen3.5:4b,state_202,Gear_Medium,Medium gear,Gear_Large,False,True,False,input_crops/state_202/Gear_Large.png,5d23b69c2449fff305773def219e59a9d80d68f1142de6cae6476b6dda8231cf,raw/qwen3.5-4b/state_202/Gear_Medium/Gear_Large.json,0.26914989994838834,A,0.6895347216996923,0.13749957735615043,0.17157101497689378,-0.3717382252216339,-1.9841344356536865,-1.7627580165863037,0.0013946859672634426
qwen3.5:4b,state_202,Gear_Small,Small gear,Gear_Large,False,True,False,input_crops/state_202/Gear_Large.png,5d23b69c2449fff305773def219e59a9d80d68f1142de6cae6476b6dda8231cf,raw/qwen3.5-4b/state_202/Gear_Small/Gear_Large.json,0.2982851999695413,A,0.6605804022050445,0.17826818510924056,0.15987783382298518,-0.41463643312454224,-1.7244662046432495,-1.8333452939987183,0.0012735788627297184
qwen3.5:4b,state_202,Waterproof_Male,Waterproof connector,Gear_Large,False,False,False,input_crops/state_202/Gear_Large.png,5d23b69c2449fff305773def219e59a9d80d68f1142de6cae6476b6dda8231cf,raw/qwen3.5-4b/state_202/Waterproof_Male/Gear_Large.json,0.29686390003189445,B,0.08484546689256685,0.45940043376484774,0.4552397400857907,-2.466923713684082,-0.7778330445289612,-0.7869310975074768,0.0005143592567946609
qwen3.5:4b,state_202,M12_Hex_Nut,M12 hex nut,Gear_Large,False,False,False,input_crops/state_202/Gear_Large.png,5d23b69c2449fff305773def219e59a9d80d68f1142de6cae6476b6dda8231cf,raw/qwen3.5-4b/state_202/M12_Hex_Nut/Gear_Large.json,0.2756282999762334,C,0.07696061591137572,0.35083998885625833,0.5712078708532251,-2.5644614696502686,-1.0474250316619873,-0.5600020885467529,0.0009915243791408512
qwen3.5:4b,state_202,M16_Hex_Nut,M16 hex nut,Gear_Large,False,False,False,input_crops/state_202/Gear_Large.png,5d23b69c2449fff305773def219e59a9d80d68f1142de6cae6476b6dda8231cf,raw/qwen3.5-4b/state_202/M16_Hex_Nut/Gear_Large.json,0.2963692999910563,C,0.08359708118266183,0.25743578388410604,0.6578330461567924,-2.4817466735839844,-1.3569849729537964,-0.4188041090965271,0.0011340887764397234
qwen3.5:4b,state_202,RGOCG16-50_16mm,16 mm round pin,Gear_Large,False,False,False,input_crops/state_202/Gear_Large.png,5d23b69c2449fff305773def219e59a9d80d68f1142de6cae6476b6dda8231cf,raw/qwen3.5-4b/state_202/RGOCG16-50_16mm/Gear_Large.json,0.2997882000054233,C,0.17081572204971204,0.2978712234950021,0.5306707076132716,-1.7671699523925781,-1.2110940217971802,-0.6336135864257812,0.000642346842014252
qwen3.5:4b,state_202,RGOCG12-50_12mm,12 mm round pin,Gear_Large,False,False,False,input_crops/state_202/Gear_Large.png,5d23b69c2449fff305773def219e59a9d80d68f1142de6cae6476b6dda8231cf,raw/qwen3.5-4b/state_202/RGOCG12-50_12mm/Gear_Large.json,0.3164511999930255,C,0.16505516544941456,0.31269799438622126,0.5212669372326566,-1.8014755249023438,-1.1625174283981323,-0.6514930129051208,0.000979902931707577
qwen3.5:4b,state_202,RGOCG8-50_8mm,8 mm round pin,Gear_Large,False,False,False,input_crops/state_202/Gear_Large.png,5d23b69c2449fff305773def219e59a9d80d68f1142de6cae6476b6dda8231cf,raw/qwen3.5-4b/state_202/RGOCG8-50_8mm/Gear_Large.json,0.31710790004581213,C,0.16505207632920785,0.23516330866012253,0.5985345822242516,-1.8014942407608032,-1.4474750757217407,-0.5132709741592407,0.0012500327864179983
qwen3.5:4b,state_202,USB_Male,USB connector + cable,Gear_Large,False,False,False,input_crops/state_202/Gear_Large.png,5d23b69c2449fff305773def219e59a9d80d68f1142de6cae6476b6dda8231cf,raw/qwen3.5-4b/state_202/USB_Male/Gear_Large.json,0.3104174999753013,C,0.030553653856840723,0.3037383496231704,0.6640382978577272,-3.4882709980010986,-1.1915886402130127,-0.40941545367240906,0.0016696986622617427
qwen3.5:4b,state_202,DSUB_Male,DSUB connector,Gear_Large,False,False,False,input_crops/state_202/Gear_Large.png,5d23b69c2449fff305773def219e59a9d80d68f1142de6cae6476b6dda8231cf,raw/qwen3.5-4b/state_202/DSUB_Male/Gear_Large.json,0.32806849997723475,C,0.10242921665327837,0.2695774634241356,0.626896376966009,-2.278583288192749,-1.3108994960784912,-0.46697402000427246,0.0010969429565770294
qwen3.5:4b,state_202,Gear_Large,Large gear,Gear_Medium,False,True,False,input_crops/state_202/Gear_Medium.png,108195e8929e844a87a358e143fc8be89d43ee37e14f292c33dbb8ab3199825e,raw/qwen3.5-4b/state_202/Gear_Large/Gear_Medium.json,0.36576990003231913,A,0.8026625525058094,0.10493696054079178,0.09179760690975451,-0.21982088685035706,-2.2543954849243164,-2.388169050216675,0.0006028800436442827
qwen3.5:4b,state_202,Gear_Medium,Medium gear,Gear_Medium,True,True,False,input_crops/state_202/Gear_Medium.png,108195e8929e844a87a358e143fc8be89d43ee37e14f292c33dbb8ab3199825e,raw/qwen3.5-4b/state_202/Gear_Medium/Gear_Medium.json,0.2621501999674365,A,0.8012583872519058,0.09269118849411158,0.10544376279371842,-0.22157180309295654,-2.378481864929199,-2.249577522277832,0.000606661460264224
qwen3.5:4b,state_202,Gear_Small,Small gear,Gear_Medium,False,True,False,input_crops/state_202/Gear_Medium.png,108195e8929e844a87a358e143fc8be89d43ee37e14f292c33dbb8ab3199825e,raw/qwen3.5-4b/state_202/Gear_Small/Gear_Medium.json,0.2769470000057481,A,0.7943680887542294,0.10262621491742648,0.10222630820380635,-0.23020833730697632,-2.2766618728637695,-2.2805662155151367,0.0007793881245377055
qwen3.5:4b,state_202,Waterproof_Male,Waterproof connector,Gear_Medium,False,False,False,input_crops/state_202/Gear_Medium.png,108195e8929e844a87a358e143fc8be89d43ee37e14f292c33dbb8ab3199825e,raw/qwen3.5-4b/state_202/Waterproof_Male/Gear_Medium.json,0.3136782000074163,C,0.04094779893955259,0.42854550695614624,0.5300608754839411,-3.1954572200775146,-0.8473583459854126,-0.6347634196281433,0.00044581862036008335
qwen3.5:4b,state_202,M12_Hex_Nut,M12 hex nut,Gear_Medium,False,False,False,input_crops/state_202/Gear_Medium.png,108195e8929e844a87a358e143fc8be89d43ee37e14f292c33dbb8ab3199825e,raw/qwen3.5-4b/state_202/M12_Hex_Nut/Gear_Medium.json,0.3043483999790624,C,0.066029950975461,0.3070837959059645,0.6259372739145826,-2.717646837234497,-1.180634617805481,-0.4685051143169403,0.0009489792039918399
qwen3.5:4b,state_202,M16_Hex_Nut,M16 hex nut,Gear_Medium,False,False,False,input_crops/state_202/Gear_Medium.png,108195e8929e844a87a358e143fc8be89d43ee37e14f292c33dbb8ab3199825e,raw/qwen3.5-4b/state_202/M16_Hex_Nut/Gear_Medium.json,0.30580939998617396,C,0.05386762947582858,0.26268072615482124,0.6828850002943917,-2.9212255477905273,-1.3368159532546997,-0.3814288079738617,0.0005666440749585444
qwen3.5:4b,state_202,RGOCG16-50_16mm,16 mm round pin,Gear_Medium,False,False,False,input_crops/state_202/Gear_Medium.png,108195e8929e844a87a358e143fc8be89d43ee37e14f292c33dbb8ab3199825e,raw/qwen3.5-4b/state_202/RGOCG16-50_16mm/Gear_Medium.json,0.3677651000325568,C,0.07525287366096442,0.2762160362188619,0.6473140112107436,-2.5869011878967285,-1.286571979522705,-0.43492376804351807,0.0012170789094300138
qwen3.5:4b,state_202,RGOCG12-50_12mm,12 mm round pin,Gear_Medium,False,False,False,input_crops/state_202/Gear_Medium.png,108195e8929e844a87a358e143fc8be89d43ee37e14f292c33dbb8ab3199825e,raw/qwen3.5-4b/state_202/RGOCG12-50_12mm/Gear_Medium.json,0.33052580000367016,C,0.06221676124109846,0.2908560464923204,0.6459215871743645,-2.7771308422088623,-1.2349268198013306,-0.4370771646499634,0.0010056050922165882
qwen3.5:4b,state_202,RGOCG8-50_8mm,8 mm round pin,Gear_Medium,False,False,False,input_crops/state_202/Gear_Medium.png,108195e8929e844a87a358e143fc8be89d43ee37e14f292c33dbb8ab3199825e,raw/qwen3.5-4b/state_202/RGOCG8-50_8mm/Gear_Medium.json,0.3394349000300281,C,0.12386435658834608,0.2175177059332669,0.6573246706219046,-2.0885682106018066,-1.525475025177002,-0.4195772111415863,0.0012932668564824557
qwen3.5:4b,state_202,USB_Male,USB connector + cable,Gear_Medium,False,False,False,input_crops/state_202/Gear_Medium.png,108195e8929e844a87a358e143fc8be89d43ee37e14f292c33dbb8ab3199825e,raw/qwen3.5-4b/state_202/USB_Male/Gear_Medium.json,0.3369149999925867,C,0.02915874753469313,0.1153550302862215,0.8538812411915663,-3.5350003242492676,-2.159740686416626,-0.15796315670013428,0.0016049809875191556
qwen3.5:4b,state_202,DSUB_Male,DSUB connector,Gear_Medium,False,False,False,input_crops/state_202/Gear_Medium.png,108195e8929e844a87a358e143fc8be89d43ee37e14f292c33dbb8ab3199825e,raw/qwen3.5-4b/state_202/DSUB_Male/Gear_Medium.json,0.3461325000389479,C,0.036905907707013116,0.15522858487426863,0.8063578049696558,-3.2993836402893066,-1.8628565073013306,-0.21522770822048187,0.001507702449062398
qwen3.5:4b,state_202,Gear_Large,Large gear,Gear_Small,False,True,False,input_crops/state_202/Gear_Small.png,1ba202f6a7dcb3dfb5dfcd5cb62a942310b21b59276bb4441319fd2102e2a13f,raw/qwen3.5-4b/state_202/Gear_Large/Gear_Small.json,0.3859867000137456,A,0.7174407189554329,0.16794863750468458,0.11428420508358571,-0.3320649564266205,-1.7840970754623413,-2.169066905975342,0.0003264384562967626
qwen3.5:4b,state_202,Gear_Medium,Medium gear,Gear_Small,False,True,False,input_crops/state_202/Gear_Small.png,1ba202f6a7dcb3dfb5dfcd5cb62a942310b21b59276bb4441319fd2102e2a13f,raw/qwen3.5-4b/state_202/Gear_Medium/Gear_Small.json,0.31126580003183335,A,0.6792448678797771,0.1893692812646442,0.13095153449008679,-0.38677358627319336,-1.6640563011169434,-2.032927989959717,0.0004343163654919602
qwen3.5:4b,state_202,Gear_Small,Small gear,Gear_Small,True,True,False,input_crops/state_202/Gear_Small.png,1ba202f6a7dcb3dfb5dfcd5cb62a942310b21b59276bb4441319fd2102e2a13f,raw/qwen3.5-4b/state_202/Gear_Small/Gear_Small.json,0.27497219998622313,A,0.7646126243912581,0.13346716276953638,0.10146173570219719,-0.26838594675064087,-2.013899803161621,-2.2880735397338867,0.0004584771370083063
qwen3.5:4b,state_202,Waterproof_Male,Waterproof connector,Gear_Small,False,False,False,input_crops/state_202/Gear_Small.png,1ba202f6a7dcb3dfb5dfcd5cb62a942310b21b59276bb4441319fd2102e2a13f,raw/qwen3.5-4b/state_202/Waterproof_Male/Gear_Small.json,0.29677580000134185,C,0.10977764454076865,0.22567696072021917,0.6638077461686162,-2.2092983722686768,-1.4886506795883179,-0.4097627103328705,0.0007376485703960434
qwen3.5:4b,state_202,M12_Hex_Nut,M12 hex nut,Gear_Small,False,False,False,input_crops/state_202/Gear_Small.png,1ba202f6a7dcb3dfb5dfcd5cb62a942310b21b59276bb4441319fd2102e2a13f,raw/qwen3.5-4b/state_202/M12_Hex_Nut/Gear_Small.json,0.29045999998925254,C,0.1486700280409403,0.3142761877386497,0.5365313745673502,-1.906026005744934,-1.1574831008911133,-0.62263023853302,0.0005224096530598299
qwen3.5:4b,state_202,M16_Hex_Nut,M16 hex nut,Gear_Small,False,False,False,input_crops/state_202/Gear_Small.png,1ba202f6a7dcb3dfb5dfcd5cb62a942310b21b59276bb4441319fd2102e2a13f,raw/qwen3.5-4b/state_202/M16_Hex_Nut/Gear_Small.json,0.31839239998953417,C,0.3353840484327576,0.2498369143519249,0.41418667800639636,-1.0924789905548096,-1.3869469165802002,-0.8814384937286377,0.0005923592089212004
qwen3.5:4b,state_202,RGOCG16-50_16mm,16 mm round pin,Gear_Small,False,False,False,input_crops/state_202/Gear_Small.png,1ba202f6a7dcb3dfb5dfcd5cb62a942310b21b59276bb4441319fd2102e2a13f,raw/qwen3.5-4b/state_202/RGOCG16-50_16mm/Gear_Small.json,0.3108320000465028,C,0.14797319106846246,0.3244607189265685,0.527001384389362,-1.91072416305542,-1.1255908012390137,-0.6405521035194397,0.000564705615607064
qwen3.5:4b,state_202,RGOCG12-50_12mm,12 mm round pin,Gear_Small,False,False,False,input_crops/state_202/Gear_Small.png,1ba202f6a7dcb3dfb5dfcd5cb62a942310b21b59276bb4441319fd2102e2a13f,raw/qwen3.5-4b/state_202/RGOCG12-50_12mm/Gear_Small.json,0.31335179996676743,C,0.17952069151209404,0.2959739373181008,0.523972044878455,-1.717464804649353,-1.2174838781356812,-0.6463169455528259,0.0005333262913502779
qwen3.5:4b,state_202,RGOCG8-50_8mm,8 mm round pin,Gear_Small,False,False,False,input_crops/state_202/Gear_Small.png,1ba202f6a7dcb3dfb5dfcd5cb62a942310b21b59276bb4441319fd2102e2a13f,raw/qwen3.5-4b/state_202/RGOCG8-50_8mm/Gear_Small.json,0.3246538999956101,C,0.19476482259007735,0.3493421540084088,0.4551468684988011,-1.6359624862670898,-1.0517034530639648,-0.787135124206543,0.0007461549027127923
qwen3.5:4b,state_202,USB_Male,USB connector + cable,Gear_Small,False,False,False,input_crops/state_202/Gear_Small.png,1ba202f6a7dcb3dfb5dfcd5cb62a942310b21b59276bb4441319fd2102e2a13f,raw/qwen3.5-4b/state_202/USB_Male/Gear_Small.json,0.3267499999492429,C,0.06703653501638802,0.1341549909442848,0.7983278636364411,-2.702517509460449,-2.0087594985961914,-0.22523590922355652,0.0004806104028860503
qwen3.5:4b,state_202,DSUB_Male,DSUB connector,Gear_Small,False,False,False,input_crops/state_202/Gear_Small.png,1ba202f6a7dcb3dfb5dfcd5cb62a942310b21b59276bb4441319fd2102e2a13f,raw/qwen3.5-4b/state_202/DSUB_Male/Gear_Small.json,0.33277959999395534,C,0.15221156666021163,0.1261490616451909,0.720896015271382,-1.8824838399887085,-2.070291042327881,-0.3272603750228882,0.0007433564232154355
qwen3.5:4b,state_202,Gear_Large,Large gear,Waterproof_Male,False,False,False,input_crops/state_202/Waterproof_Male.png,7cc62a5ff425def58574827d00781d4317eb510bf765d2165d2b375c4555a81c,raw/qwen3.5-4b/state_202/Gear_Large/Waterproof_Male.json,0.4142656000331044,C,0.24264673408977827,0.1613630910301343,0.5943980690323752,-1.4161486625671387,-1.8240982294082642,-0.5202060341835022,0.0015921058477121885
qwen3.5:4b,state_202,Gear_Medium,Medium gear,Waterproof_Male,False,False,False,input_crops/state_202/Waterproof_Male.png,7cc62a5ff425def58574827d00781d4317eb510bf765d2165d2b375c4555a81c,raw/qwen3.5-4b/state_202/Gear_Medium/Waterproof_Male.json,0.3000832999823615,C,0.21054529998694588,0.1329867044113824,0.6543001481189356,-1.5580544471740723,-2.0175061225891113,-0.42418909072875977,0.0021678474827361294
qwen3.5:4b,state_202,Gear_Small,Small gear,Waterproof_Male,False,False,False,input_crops/state_202/Waterproof_Male.png,7cc62a5ff425def58574827d00781d4317eb510bf765d2165d2b375c4555a81c,raw/qwen3.5-4b/state_202/Gear_Small/Waterproof_Male.json,0.28421569999773055,C,0.24951519850579867,0.16813148900353095,0.580635012881606,-1.3882354497909546,-1.7830089330673218,-0.5436329245567322,0.0017182996090643332
qwen3.5:4b,state_202,Waterproof_Male,Waterproof connector,Waterproof_Male,True,True,False,input_crops/state_202/Waterproof_Male.png,7cc62a5ff425def58574827d00781d4317eb510bf765d2165d2b375c4555a81c,raw/qwen3.5-4b/state_202/Waterproof_Male/Waterproof_Male.json,0.29959940002299845,A,0.6959017021453745,0.1271136680598354,0.17577639814350243,-0.3625468611717224,-2.062673568725586,-1.7385425567626953,0.0012082316512876945
qwen3.5:4b,state_202,M12_Hex_Nut,M12 hex nut,Waterproof_Male,False,False,False,input_crops/state_202/Waterproof_Male.png,7cc62a5ff425def58574827d00781d4317eb510bf765d2165d2b375c4555a81c,raw/qwen3.5-4b/state_202/M12_Hex_Nut/Waterproof_Male.json,0.3073609000421129,C,0.12809453726157952,0.11743052378521719,0.7527507544649309,-2.0549867153167725,-2.1419084072113037,-0.2840211093425751,0.0017241844882723845
qwen3.5:4b,state_202,M16_Hex_Nut,M16 hex nut,Waterproof_Male,False,False,False,input_crops/state_202/Waterproof_Male.png,7cc62a5ff425def58574827d00781d4317eb510bf765d2165d2b375c4555a81c,raw/qwen3.5-4b/state_202/M16_Hex_Nut/Waterproof_Male.json,0.32045060000382364,C,0.1509001012375061,0.13037138951030613,0.716599704533305,-1.8911372423171997,-2.037368059158325,-0.333237886428833,0.002128804718882771
qwen3.5:4b,state_202,RGOCG16-50_16mm,16 mm round pin,Waterproof_Male,False,False,False,input_crops/state_202/Waterproof_Male.png,7cc62a5ff425def58574827d00781d4317eb510bf765d2165d2b375c4555a81c,raw/qwen3.5-4b/state_202/RGOCG16-50_16mm/Waterproof_Male.json,0.31441190000623465,C,0.23437115337414116,0.13938412215622306,0.6244928179562079,-1.4508492946624756,-1.9705216884613037,-0.4708154499530792,0.0017519065134278256
qwen3.5:4b,state_202,RGOCG12-50_12mm,12 mm round pin,Waterproof_Male,False,False,False,input_crops/state_202/Waterproof_Male.png,7cc62a5ff425def58574827d00781d4317eb510bf765d2165d2b375c4555a81c,raw/qwen3.5-4b/state_202/RGOCG12-50_12mm/Waterproof_Male.json,0.30905059998622164,C,0.24107737392036843,0.1347293248317394,0.6221769961059097,-1.4226373434066772,-2.0044875144958496,-0.4745306670665741,0.0020163051419824773
qwen3.5:4b,state_202,RGOCG8-50_8mm,8 mm round pin,Waterproof_Male,False,False,False,input_crops/state_202/Waterproof_Male.png,7cc62a5ff425def58574827d00781d4317eb510bf765d2165d2b375c4555a81c,raw/qwen3.5-4b/state_202/RGOCG8-50_8mm/Waterproof_Male.json,0.3209023000090383,C,0.25294134156760756,0.15760911046297496,0.5870807920871057,-1.3745976686477661,-1.8476372957229614,-0.5325928330421448,0.0023687558823117794
qwen3.5:4b,state_202,USB_Male,USB connector + cable,Waterproof_Male,False,False,False,input_crops/state_202/Waterproof_Male.png,7cc62a5ff425def58574827d00781d4317eb510bf765d2165d2b375c4555a81c,raw/qwen3.5-4b/state_202/USB_Male/Waterproof_Male.json,0.3203149000182748,C,0.1502298424224701,0.09604042264958675,0.7521040439243714,-1.8955888748168945,-2.3429861068725586,-0.2848806083202362,0.0016256910035717942
qwen3.5:4b,state_202,DSUB_Male,DSUB connector,Waterproof_Male,False,False,False,input_crops/state_202/Waterproof_Male.png,7cc62a5ff425def58574827d00781d4317eb510bf765d2165d2b375c4555a81c,raw/qwen3.5-4b/state_202/DSUB_Male/Waterproof_Male.json,0.34513049997622147,C,0.20742075524506537,0.13260275499682891,0.6573750379317884,-1.5730059146881104,-2.020397424697876,-0.41950058937072754,0.0026014518263173247
qwen3.5:4b,state_202,Gear_Large,Large gear,M12_Hex_Nut,False,False,False,input_crops/state_202/M12_Hex_Nut.png,3718dec057ac940d14b25b665ed81c8e846d2ffe0ea118f40903b6a5da604056,raw/qwen3.5-4b/state_202/Gear_Large/M12_Hex_Nut.json,0.3744035000563599,A,0.6411496412026078,0.06574087148153604,0.2922452926358109,-0.4444923996925354,-2.722034454345703,-1.2301617860794067,0.0008641946800452827
qwen3.5:4b,state_202,Gear_Medium,Medium gear,M12_Hex_Nut,False,False,False,input_crops/state_202/M12_Hex_Nut.png,3718dec057ac940d14b25b665ed81c8e846d2ffe0ea118f40903b6a5da604056,raw/qwen3.5-4b/state_202/Gear_Medium/M12_Hex_Nut.json,0.31521149998297915,A,0.6523000693260603,0.08022398308382572,0.2662938061079037,-0.42725059390068054,-2.522932767868042,-1.3231550455093384,0.0011821414822101861
qwen3.5:4b,state_202,Gear_Small,Small gear,M12_Hex_Nut,False,False,False,input_crops/state_202/M12_Hex_Nut.png,3718dec057ac940d14b25b665ed81c8e846d2ffe0ea118f40903b6a5da604056,raw/qwen3.5-4b/state_202/Gear_Small/M12_Hex_Nut.json,0.2817670000367798,A,0.6611332230303729,0.08385270885598163,0.2540591016304288,-0.413799911737442,-2.4786934852600098,-1.3701883554458618,0.0009549664832166904
qwen3.5:4b,state_202,Waterproof_Male,Waterproof connector,M12_Hex_Nut,False,False,False,input_crops/state_202/M12_Hex_Nut.png,3718dec057ac940d14b25b665ed81c8e846d2ffe0ea118f40903b6a5da604056,raw/qwen3.5-4b/state_202/Waterproof_Male/M12_Hex_Nut.json,0.3015381000004709,A,0.6706134099122717,0.07421297715361765,0.2545516687651545,-0.39956244826316833,-2.600816249847412,-1.3682514429092407,0.0006219441689561123
qwen3.5:4b,state_202,M12_Hex_Nut,M12 hex nut,M12_Hex_Nut,True,True,False,input_crops/state_202/M12_Hex_Nut.png,3718dec057ac940d14b25b665ed81c8e846d2ffe0ea118f40903b6a5da604056,raw/qwen3.5-4b/state_202/M12_Hex_Nut/M12_Hex_Nut.json,0.30056469998089597,A,0.5912167379174877,0.0846539150335929,0.3230961100546994,-0.5255725979804993,-2.469183921813965,-1.1298054456710815,0.001033236994219977
qwen3.5:4b,state_202,M16_Hex_Nut,M16 hex nut,M12_Hex_Nut,False,True,False,input_crops/state_202/M12_Hex_Nut.png,3718dec057ac940d14b25b665ed81c8e846d2ffe0ea118f40903b6a5da604056,raw/qwen3.5-4b/state_202/M16_Hex_Nut/M12_Hex_Nut.json,0.30005249998066574,A,0.6652587717422048,0.10113725813036886,0.23220952397065173,-0.4075791835784912,-2.291276693344116,-1.4601151943206787,0.0013944461567745314
qwen3.5:4b,state_202,RGOCG16-50_16mm,16 mm round pin,M12_Hex_Nut,False,False,False,input_crops/state_202/M12_Hex_Nut.png,3718dec057ac940d14b25b665ed81c8e846d2ffe0ea118f40903b6a5da604056,raw/qwen3.5-4b/state_202/RGOCG16-50_16mm/M12_Hex_Nut.json,0.32829090004088357,C,0.2567306342515473,0.11945461125682491,0.6223500385475984,-1.3597278594970703,-2.124818801879883,-0.4742525815963745,0.0014647159440294155
qwen3.5:4b,state_202,RGOCG12-50_12mm,12 mm round pin,M12_Hex_Nut,False,False,False,input_crops/state_202/M12_Hex_Nut.png,3718dec057ac940d14b25b665ed81c8e846d2ffe0ea118f40903b6a5da604056,raw/qwen3.5-4b/state_202/RGOCG12-50_12mm/M12_Hex_Nut.json,0.326749200001359,C,0.23154923575548128,0.12799245180877375,0.6393401543373507,-1.4629627466201782,-2.055783987045288,-0.4473186433315277,0.0011181580983943284
qwen3.5:4b,state_202,RGOCG8-50_8mm,8 mm round pin,M12_Hex_Nut,False,False,False,input_crops/state_202/M12_Hex_Nut.png,3718dec057ac940d14b25b665ed81c8e846d2ffe0ea118f40903b6a5da604056,raw/qwen3.5-4b/state_202/RGOCG8-50_8mm/M12_Hex_Nut.json,0.31030279997503385,C,0.2528671460229456,0.13485961026858567,0.61069578316437,-1.3748910427093506,-2.003520965576172,-0.4931563436985016,0.0015774605440987965
qwen3.5:4b,state_202,USB_Male,USB connector + cable,M12_Hex_Nut,False,False,False,input_crops/state_202/M12_Hex_Nut.png,3718dec057ac940d14b25b665ed81c8e846d2ffe0ea118f40903b6a5da604056,raw/qwen3.5-4b/state_202/USB_Male/M12_Hex_Nut.json,0.31999059999361634,C,0.1452312323945481,0.08916124495792291,0.7633849917830687,-1.9294281005859375,-2.417308807373047,-0.26999279856681824,0.002222530864460226
qwen3.5:4b,state_202,DSUB_Male,DSUB connector,M12_Hex_Nut,False,False,False,input_crops/state_202/M12_Hex_Nut.png,3718dec057ac940d14b25b665ed81c8e846d2ffe0ea118f40903b6a5da604056,raw/qwen3.5-4b/state_202/DSUB_Male/M12_Hex_Nut.json,0.3182503000134602,C,0.3292887368724914,0.08174958050318179,0.5873767652955031,-1.1108202934265137,-2.5040946006774902,-0.5320888161659241,0.0015849173288237095
qwen3.5:4b,state_202,Gear_Large,Large gear,M16_Hex_Nut,False,False,False,input_crops/state_202/M16_Hex_Nut.png,0ba075552bcc00319db0033a5921c1693c2dd389f4f45ec5db2d02ec76429ef3,raw/qwen3.5-4b/state_202/Gear_Large/M16_Hex_Nut.json,0.36987280001631007,C,0.36799692459830935,0.15940416030030585,0.47211564358838704,-0.9996806979179382,-1.8363124132156372,-0.7505313158035278,0.0004832715129976517
qwen3.5:4b,state_202,Gear_Medium,Medium gear,M16_Hex_Nut,False,False,False,input_crops/state_202/M16_Hex_Nut.png,0ba075552bcc00319db0033a5921c1693c2dd389f4f45ec5db2d02ec76429ef3,raw/qwen3.5-4b/state_202/Gear_Medium/M16_Hex_Nut.json,0.2721705000149086,C,0.3596717541527953,0.10379173471477425,0.5358306123568538,-1.0225634574890137,-2.265368938446045,-0.62393718957901,0.0007058987755765855
qwen3.5:4b,state_202,Gear_Small,Small gear,M16_Hex_Nut,False,False,False,input_crops/state_202/M16_Hex_Nut.png,0ba075552bcc00319db0033a5921c1693c2dd389f4f45ec5db2d02ec76429ef3,raw/qwen3.5-4b/state_202/Gear_Small/M16_Hex_Nut.json,0.2889045999618247,C,0.3594953617988555,0.18069357474825143,0.45910135106404815,-1.0230540037155151,-1.710952639579773,-0.7784842848777771,0.0007097123888449852
qwen3.5:4b,state_202,Waterproof_Male,Waterproof connector,M16_Hex_Nut,False,False,False,input_crops/state_202/M16_Hex_Nut.png,0ba075552bcc00319db0033a5921c1693c2dd389f4f45ec5db2d02ec76429ef3,raw/qwen3.5-4b/state_202/Waterproof_Male/M16_Hex_Nut.json,0.2952955999644473,C,0.3640616691591461,0.18613221629475893,0.44931872811775786,-1.0104320049285889,-1.681298017501831,-0.8000227808952332,0.0004873864283371221
qwen3.5:4b,state_202,M12_Hex_Nut,M12 hex nut,M16_Hex_Nut,False,True,False,input_crops/state_202/M16_Hex_Nut.png,0ba075552bcc00319db0033a5921c1693c2dd389f4f45ec5db2d02ec76429ef3,raw/qwen3.5-4b/state_202/M12_Hex_Nut/M16_Hex_Nut.json,0.3144157999777235,A,0.7894225751750417,0.07981336950153237,0.1303798132649896,-0.23645351827144623,-2.528064250946045,-2.0373034477233887,0.00038424205843634596
qwen3.5:4b,state_202,M16_Hex_Nut,M16 hex nut,M16_Hex_Nut,True,True,False,input_crops/state_202/M16_Hex_Nut.png,0ba075552bcc00319db0033a5921c1693c2dd389f4f45ec5db2d02ec76429ef3,raw/qwen3.5-4b/state_202/M16_Hex_Nut/M16_Hex_Nut.json,0.3142774000298232,A,0.7341122548264903,0.11282695288846754,0.15266565071531008,-0.30909332633018494,-2.1819000244140625,-1.8795050382614136,0.0003951415697320826
qwen3.5:4b,state_202,RGOCG16-50_16mm,16 mm round pin,M16_Hex_Nut,False,False,False,input_crops/state_202/M16_Hex_Nut.png,0ba075552bcc00319db0033a5921c1693c2dd389f4f45ec5db2d02ec76429ef3,raw/qwen3.5-4b/state_202/RGOCG16-50_16mm/M16_Hex_Nut.json,0.30707759998040274,C,0.19411571605830846,0.20490742813747098,0.6002392230535899,-1.63930082321167,-1.5851969718933105,-0.5104269981384277,0.0007376327506306568
qwen3.5:4b,state_202,RGOCG12-50_12mm,12 mm round pin,M16_Hex_Nut,False,False,False,input_crops/state_202/M16_Hex_Nut.png,0ba075552bcc00319db0033a5921c1693c2dd389f4f45ec5db2d02ec76429ef3,raw/qwen3.5-4b/state_202/RGOCG12-50_12mm/M16_Hex_Nut.json,0.33201730001019314,C,0.17025043053647348,0.23395888208270682,0.595252163930724,-1.7704848051071167,-1.452609896659851,-0.518770158290863,0.0005385234500956404
qwen3.5:4b,state_202,RGOCG8-50_8mm,8 mm round pin,M16_Hex_Nut,False,False,False,input_crops/state_202/M16_Hex_Nut.png,0ba075552bcc00319db0033a5921c1693c2dd389f4f45ec5db2d02ec76429ef3,raw/qwen3.5-4b/state_202/RGOCG8-50_8mm/M16_Hex_Nut.json,0.3292160999844782,C,0.19782406914186917,0.16115132655660303,0.6402767252599154,-1.6203771829605103,-1.8254114389419556,-0.4458548128604889,0.0007478790416124426
qwen3.5:4b,state_202,USB_Male,USB connector + cable,M16_Hex_Nut,False,False,False,input_crops/state_202/M16_Hex_Nut.png,0ba075552bcc00319db0033a5921c1693c2dd389f4f45ec5db2d02ec76429ef3,raw/qwen3.5-4b/state_202/USB_Male/M16_Hex_Nut.json,0.3346270999754779,C,0.08152024482715192,0.22852803340714142,0.6885440941619497,-2.506903886795044,-1.4760963916778564,-0.3731759190559387,0.0014076276037569002
qwen3.5:4b,state_202,DSUB_Male,DSUB connector,M16_Hex_Nut,False,False,False,input_crops/state_202/M16_Hex_Nut.png,0ba075552bcc00319db0033a5921c1693c2dd389f4f45ec5db2d02ec76429ef3,raw/qwen3.5-4b/state_202/DSUB_Male/M16_Hex_Nut.json,0.34753069997532293,C,0.2653068558062117,0.1895440665323916,0.5444158238067649,-1.3268681764602661,-1.6631337404251099,-0.6080419421195984,0.0007332538546318546
qwen3.5:4b,state_202,Gear_Large,Large gear,RGOCG16-50_16mm,False,False,False,input_crops/state_202/RGOCG16-50_16mm.png,c85b3a16f2ee10630cb2f8f1de795a4f7653eeb4dbefbe4387be155ffc8f6a9d,raw/qwen3.5-4b/state_202/Gear_Large/RGOCG16-50_16mm.json,0.3767655999981798,C,0.048184037742832274,0.07358295573029201,0.8776295753865571,-3.0327274799346924,-2.609341859817505,-0.13053067028522491,0.0006034311403186887
qwen3.5:4b,state_202,Gear_Medium,Medium gear,RGOCG16-50_16mm,False,False,False,input_crops/state_202/RGOCG16-50_16mm.png,c85b3a16f2ee10630cb2f8f1de795a4f7653eeb4dbefbe4387be155ffc8f6a9d,raw/qwen3.5-4b/state_202/Gear_Medium/RGOCG16-50_16mm.json,0.26983530004508793,C,0.060896609107762845,0.05442425200778886,0.8838280445587571,-2.7985777854919434,-2.910945415496826,-0.1234927549958229,0.0008510943256911929
qwen3.5:4b,state_202,Gear_Small,Small gear,RGOCG16-50_16mm,False,False,False,input_crops/state_202/RGOCG16-50_16mm.png,c85b3a16f2ee10630cb2f8f1de795a4f7653eeb4dbefbe4387be155ffc8f6a9d,raw/qwen3.5-4b/state_202/Gear_Small/RGOCG16-50_16mm.json,0.28891860001021996,C,0.04537014490595202,0.052019806274494124,0.9018152363492216,-3.0929009914398193,-2.9561307430267334,-0.10334561765193939,0.0007948124703323067
qwen3.5:4b,state_202,Waterproof_Male,Waterproof connector,RGOCG16-50_16mm,False,False,False,input_crops/state_202/RGOCG16-50_16mm.png,c85b3a16f2ee10630cb2f8f1de795a4f7653eeb4dbefbe4387be155ffc8f6a9d,raw/qwen3.5-4b/state_202/Waterproof_Male/RGOCG16-50_16mm.json,0.2943841000087559,C,0.0887993886946662,0.09360980401425234,0.8170748325981039,-2.4213755130767822,-2.3686201572418213,-0.20202459394931793,0.0005159746929775944
qwen3.5:4b,state_202,M12_Hex_Nut,M12 hex nut,RGOCG16-50_16mm,False,False,False,input_crops/state_202/RGOCG16-50_16mm.png,c85b3a16f2ee10630cb2f8f1de795a4f7653eeb4dbefbe4387be155ffc8f6a9d,raw/qwen3.5-4b/state_202/M12_Hex_Nut/RGOCG16-50_16mm.json,0.3129043999942951,C,0.07146086253958532,0.052109951160223246,0.8757058386345018,-2.6386053562164307,-2.954399347305298,-0.1327250450849533,0.0007233476656895999
qwen3.5:4b,state_202,M16_Hex_Nut,M16 hex nut,RGOCG16-50_16mm,False,False,False,input_crops/state_202/RGOCG16-50_16mm.png,c85b3a16f2ee10630cb2f8f1de795a4f7653eeb4dbefbe4387be155ffc8f6a9d,raw/qwen3.5-4b/state_202/M16_Hex_Nut/RGOCG16-50_16mm.json,0.3043383000185713,C,0.08555521101892398,0.05339518863992687,0.8603997259758248,-2.4585933685302734,-2.930034637451172,-0.1503582000732422,0.0006498743653242656
qwen3.5:4b,state_202,RGOCG16-50_16mm,16 mm round pin,RGOCG16-50_16mm,True,True,False,input_crops/state_202/RGOCG16-50_16mm.png,c85b3a16f2ee10630cb2f8f1de795a4f7653eeb4dbefbe4387be155ffc8f6a9d,raw/qwen3.5-4b/state_202/RGOCG16-50_16mm/RGOCG16-50_16mm.json,0.30707280000206083,A,0.8036398259658203,0.037213512817604814,0.15872216205295947,-0.21860408782958984,-3.291083335876465,-1.8406000137329102,0.00042449916361553264
qwen3.5:4b,state_202,RGOCG12-50_12mm,12 mm round pin,RGOCG16-50_16mm,False,True,False,input_crops/state_202/RGOCG16-50_16mm.png,c85b3a16f2ee10630cb2f8f1de795a4f7653eeb4dbefbe4387be155ffc8f6a9d,raw/qwen3.5-4b/state_202/RGOCG12-50_12mm/RGOCG16-50_16mm.json,0.32881939999060705,A,0.8061450115470139,0.04395824571610181,0.14927265324165548,-0.2154916375875473,-3.1245150566101074,-1.9019807577133179,0.0006240894952287412
qwen3.5:4b,state_202,RGOCG8-50_8mm,8 mm round pin,RGOCG16-50_16mm,False,True,False,input_crops/state_202/RGOCG16-50_16mm.png,c85b3a16f2ee10630cb2f8f1de795a4f7653eeb4dbefbe4387be155ffc8f6a9d,raw/qwen3.5-4b/state_202/RGOCG8-50_8mm/RGOCG16-50_16mm.json,0.3181217000237666,A,0.802025974665222,0.04433009488550995,0.15306234280987815,-0.22061428427696228,-3.11609148979187,-1.8769099712371826,0.0005815876393898689
qwen3.5:4b,state_202,USB_Male,USB connector + cable,RGOCG16-50_16mm,False,False,False,input_crops/state_202/RGOCG16-50_16mm.png,c85b3a16f2ee10630cb2f8f1de795a4f7653eeb4dbefbe4387be155ffc8f6a9d,raw/qwen3.5-4b/state_202/USB_Male/RGOCG16-50_16mm.json,0.32581609999760985,C,0.10754391381195821,0.07489941195347406,0.8167092760469756,-2.229856014251709,-2.591609239578247,-0.20247209072113037,0.0008473981875920522
qwen3.5:4b,state_202,DSUB_Male,DSUB connector,RGOCG16-50_16mm,False,False,False,input_crops/state_202/RGOCG16-50_16mm.png,c85b3a16f2ee10630cb2f8f1de795a4f7653eeb4dbefbe4387be155ffc8f6a9d,raw/qwen3.5-4b/state_202/DSUB_Male/RGOCG16-50_16mm.json,0.3242487000534311,C,0.1335556546152817,0.14423962543979607,0.7216054129270616,-2.0132369995117188,-1.936279296875,-0.3262768089771271,0.0005993070178605953
qwen3.5:4b,state_202,Gear_Large,Large gear,RGOCG12-50_12mm,False,False,False,input_crops/state_202/RGOCG12-50_12mm.png,bbb4a034468a62ce3f34a1a319fc879384d925839ada0d367263cbcbbff41d70,raw/qwen3.5-4b/state_202/Gear_Large/RGOCG12-50_12mm.json,0.3788742999895476,C,0.05239171578376944,0.12620919845840212,0.8206909312431342,-2.9490067958831787,-2.069814443588257,-0.19760869443416595,0.0007081545146943036
qwen3.5:4b,state_202,Gear_Medium,Medium gear,RGOCG12-50_12mm,False,False,False,input_crops/state_202/RGOCG12-50_12mm.png,bbb4a034468a62ce3f34a1a319fc879384d925839ada0d367263cbcbbff41d70,raw/qwen3.5-4b/state_202/Gear_Medium/RGOCG12-50_12mm.json,0.28063120000297204,C,0.06894316504293956,0.10362456260677491,0.826540949286202,-2.6744728088378906,-2.2669808864593506,-0.19050581753253937,0.0008913230640834602
qwen3.5:4b,state_202,Gear_Small,Small gear,RGOCG12-50_12mm,False,False,False,input_crops/state_202/RGOCG12-50_12mm.png,bbb4a034468a62ce3f34a1a319fc879384d925839ada0d367263cbcbbff41d70,raw/qwen3.5-4b/state_202/Gear_Small/RGOCG12-50_12mm.json,0.30449080001562834,C,0.06146205718822764,0.1276245341093546,0.8100470262457955,-2.789335250854492,-2.0586626529693604,-0.21066297590732574,0.0008663824566222944
qwen3.5:4b,state_202,Waterproof_Male,Waterproof connector,RGOCG12-50_12mm,False,False,False,input_crops/state_202/RGOCG12-50_12mm.png,bbb4a034468a62ce3f34a1a319fc879384d925839ada0d367263cbcbbff41d70,raw/qwen3.5-4b/state_202/Waterproof_Male/RGOCG12-50_12mm.json,0.2965367999859154,C,0.09893004123472907,0.119771131586591,0.780797419858496,-2.313342332839966,-2.1221725940704346,-0.24743954837322235,0.0005014073201838887
qwen3.5:4b,state_202,M12_Hex_Nut,M12 hex nut,RGOCG12-50_12mm,False,False,False,input_crops/state_202/RGOCG12-50_12mm.png,bbb4a034468a62ce3f34a1a319fc879384d925839ada0d367263cbcbbff41d70,raw/qwen3.5-4b/state_202/M12_Hex_Nut/RGOCG12-50_12mm.json,0.29309679998550564,C,0.07754349789758695,0.10530970237053033,0.816368516471657,-2.5569162368774414,-2.250849723815918,-0.20288941264152527,0.0007782832602256651
qwen3.5:4b,state_202,M16_Hex_Nut,M16 hex nut,RGOCG12-50_12mm,False,False,False,input_crops/state_202/RGOCG12-50_12mm.png,bbb4a034468a62ce3f34a1a319fc879384d925839ada0d367263cbcbbff41d70,raw/qwen3.5-4b/state_202/M16_Hex_Nut/RGOCG12-50_12mm.json,0.29421059996820986,C,0.10955098485999543,0.08070100490090541,0.8082165689499154,-2.211365222930908,-2.5170042514801025,-0.21292522549629211,0.0015314412891836993
qwen3.5:4b,state_202,RGOCG16-50_16mm,16 mm round pin,RGOCG12-50_12mm,False,True,False,input_crops/state_202/RGOCG12-50_12mm.png,bbb4a034468a62ce3f34a1a319fc879384d925839ada0d367263cbcbbff41d70,raw/qwen3.5-4b/state_202/RGOCG16-50_16mm/RGOCG12-50_12mm.json,0.30310560000361875,A,0.8295634431339391,0.0517572037200124,0.11800616121962443,-0.18685568869113922,-2.9611916542053223,-2.1370184421539307,0.0006731919264240105
qwen3.5:4b,state_202,RGOCG12-50_12mm,12 mm round pin,RGOCG12-50_12mm,True,True,False,input_crops/state_202/RGOCG12-50_12mm.png,bbb4a034468a62ce3f34a1a319fc879384d925839ada0d367263cbcbbff41d70,raw/qwen3.5-4b/state_202/RGOCG12-50_12mm/RGOCG12-50_12mm.json,0.3197558000101708,A,0.7724974840791579,0.05088918620381421,0.1758969259792609,-0.25812652707099915,-2.978104829788208,-1.7378571033477783,0.0007164037377670462
qwen3.5:4b,state_202,RGOCG8-50_8mm,8 mm round pin,RGOCG12-50_12mm,False,True,False,input_crops/state_202/RGOCG12-50_12mm.png,bbb4a034468a62ce3f34a1a319fc879384d925839ada0d367263cbcbbff41d70,raw/qwen3.5-4b/state_202/RGOCG8-50_8mm/RGOCG12-50_12mm.json,0.3192953999969177,A,0.8063648341658578,0.05070721509524143,0.14228001802386067,-0.21521899104118347,-2.981687068939209,-1.9499582052230835,0.0006479327150400449
qwen3.5:4b,state_202,USB_Male,USB connector + cable,RGOCG12-50_12mm,False,False,False,input_crops/state_202/RGOCG12-50_12mm.png,bbb4a034468a62ce3f34a1a319fc879384d925839ada0d367263cbcbbff41d70,raw/qwen3.5-4b/state_202/USB_Male/RGOCG12-50_12mm.json,0.3303493999992497,C,0.15295746165398366,0.07301699581841005,0.7727773237816246,-1.8775954246520996,-2.617063045501709,-0.2577643394470215,0.0012482187459816885
qwen3.5:4b,state_202,DSUB_Male,DSUB connector,RGOCG12-50_12mm,False,False,False,input_crops/state_202/RGOCG12-50_12mm.png,bbb4a034468a62ce3f34a1a319fc879384d925839ada0d367263cbcbbff41d70,raw/qwen3.5-4b/state_202/DSUB_Male/RGOCG12-50_12mm.json,0.31811049999669194,C,0.19601374705776098,0.12114283106913025,0.6818077473908066,-1.629570484161377,-2.1107850074768066,-0.38300755620002747,0.001035674482302129
qwen3.5:4b,state_202,Gear_Large,Large gear,RGOCG8-50_8mm,False,False,False,input_crops/state_202/RGOCG8-50_8mm.png,ed49e017a0769fe65094309e267d7d685bb07b4725667e6832021ce33158fc67,raw/qwen3.5-4b/state_202/Gear_Large/RGOCG8-50_8mm.json,0.3722587000229396,C,0.08162170521767839,0.0704422055618416,0.8468285258765149,-2.505660057067871,-2.6529626846313477,-0.16625705361366272,0.0011075633439651122
qwen3.5:4b,state_202,Gear_Medium,Medium gear,RGOCG8-50_8mm,False,False,False,input_crops/state_202/RGOCG8-50_8mm.png,ed49e017a0769fe65094309e267d7d685bb07b4725667e6832021ce33158fc67,raw/qwen3.5-4b/state_202/Gear_Medium/RGOCG8-50_8mm.json,0.27844919997733086,C,0.07087534107897284,0.0672089706013519,0.8612081462179705,-2.6468327045440674,-2.69994854927063,-0.14941905438899994,0.0007075421017047612
qwen3.5:4b,state_202,Gear_Small,Small gear,RGOCG8-50_8mm,False,False,False,input_crops/state_202/RGOCG8-50_8mm.png,ed49e017a0769fe65094309e267d7d685bb07b4725667e6832021ce33158fc67,raw/qwen3.5-4b/state_202/Gear_Small/RGOCG8-50_8mm.json,0.3107503000064753,C,0.0630397721035718,0.06851077832351908,0.8675358247063486,-2.7639894485473633,-2.6807641983032227,-0.14209847152233124,0.0009136248665605473
qwen3.5:4b,state_202,Waterproof_Male,Waterproof connector,RGOCG8-50_8mm,False,False,False,input_crops/state_202/RGOCG8-50_8mm.png,ed49e017a0769fe65094309e267d7d685bb07b4725667e6832021ce33158fc67,raw/qwen3.5-4b/state_202/Waterproof_Male/RGOCG8-50_8mm.json,0.28500949998851866,C,0.16353923894135286,0.10761804029668282,0.7280930257623512,-1.8107023239135742,-2.2291669845581055,-0.31732645630836487,0.000749694999613082
qwen3.5:4b,state_202,M12_Hex_Nut,M12 hex nut,RGOCG8-50_8mm,False,False,False,input_crops/state_202/RGOCG8-50_8mm.png,ed49e017a0769fe65094309e267d7d685bb07b4725667e6832021ce33158fc67,raw/qwen3.5-4b/state_202/M12_Hex_Nut/RGOCG8-50_8mm.json,0.3028747999924235,C,0.07762050086086798,0.040702496672594055,0.8806789569611234,-2.5559237003326416,-3.2014658451080322,-0.127062126994133,0.000998045505414602
qwen3.5:4b,state_202,M16_Hex_Nut,M16 hex nut,RGOCG8-50_8mm,False,False,False,input_crops/state_202/RGOCG8-50_8mm.png,ed49e017a0769fe65094309e267d7d685bb07b4725667e6832021ce33158fc67,raw/qwen3.5-4b/state_202/M16_Hex_Nut/RGOCG8-50_8mm.json,0.29884870001114905,C,0.08332798698474346,0.04657419881145392,0.8691275726906111,-2.484970808029175,-3.066708564758301,-0.1402653604745865,0.0009702415131914721
qwen3.5:4b,state_202,RGOCG16-50_16mm,16 mm round pin,RGOCG8-50_8mm,False,True,False,input_crops/state_202/RGOCG8-50_8mm.png,ed49e017a0769fe65094309e267d7d685bb07b4725667e6832021ce33158fc67,raw/qwen3.5-4b/state_202/RGOCG16-50_16mm/RGOCG8-50_8mm.json,0.3077701000147499,A,0.7539055401873733,0.04272147652356329,0.2025659873884238,-0.2824881970882416,-3.1530535221099854,-1.5966895818710327,0.0008069959006395955
qwen3.5:4b,state_202,RGOCG12-50_12mm,12 mm round pin,RGOCG8-50_8mm,False,True,False,input_crops/state_202/RGOCG8-50_8mm.png,ed49e017a0769fe65094309e267d7d685bb07b4725667e6832021ce33158fc67,raw/qwen3.5-4b/state_202/RGOCG12-50_12mm/RGOCG8-50_8mm.json,0.3270479000057094,A,0.6929019766695945,0.04703498716823112,0.2593084991394083,-0.36686673760414124,-3.05686354637146,-1.3497368097305298,0.0007545370227661774
qwen3.5:4b,state_202,RGOCG8-50_8mm,8 mm round pin,RGOCG8-50_8mm,True,True,False,input_crops/state_202/RGOCG8-50_8mm.png,ed49e017a0769fe65094309e267d7d685bb07b4725667e6832021ce33158fc67,raw/qwen3.5-4b/state_202/RGOCG8-50_8mm/RGOCG8-50_8mm.json,0.3131739000091329,A,0.7338775387336851,0.04944848896761559,0.2153934485622864,-0.3094131052494049,-3.006823778152466,-1.53528892993927,0.001280523736412964
qwen3.5:4b,state_202,USB_Male,USB connector + cable,RGOCG8-50_8mm,False,False,False,input_crops/state_202/RGOCG8-50_8mm.png,ed49e017a0769fe65094309e267d7d685bb07b4725667e6832021ce33158fc67,raw/qwen3.5-4b/state_202/USB_Male/RGOCG8-50_8mm.json,0.3197276000282727,C,0.11485589268129356,0.06609446484524635,0.8179065041875585,-2.164077043533325,-2.716670274734497,-0.20100724697113037,0.0011431382859015127
qwen3.5:4b,state_202,DSUB_Male,DSUB connector,RGOCG8-50_8mm,False,False,False,input_crops/state_202/RGOCG8-50_8mm.png,ed49e017a0769fe65094309e267d7d685bb07b4725667e6832021ce33158fc67,raw/qwen3.5-4b/state_202/DSUB_Male/RGOCG8-50_8mm.json,0.34361470001749694,C,0.1520921828973258,0.16149448776641712,0.6849806344469584,-1.8832684755325317,-1.8232842683792114,-0.3783647119998932,0.0014326948892986469
qwen3.5:4b,state_202,Gear_Large,Large gear,USB_Male,False,False,False,input_crops/state_202/USB_Male.png,a0c930dd9c5206a04601a466c9f68dc4c1e3f4ee1c0f97f37b0b950adec45985,raw/qwen3.5-4b/state_202/Gear_Large/USB_Male.json,0.5814156000269577,B,0.013721763826416529,0.8607168209686062,0.12463274937627146,-4.288772106170654,-0.14998972415924072,-2.082383871078491,0.0009286658287057659
qwen3.5:4b,state_202,Gear_Medium,Medium gear,USB_Male,False,False,False,input_crops/state_202/USB_Male.png,a0c930dd9c5206a04601a466c9f68dc4c1e3f4ee1c0f97f37b0b950adec45985,raw/qwen3.5-4b/state_202/Gear_Medium/USB_Male.json,0.25164980004774407,B,0.027701692979373048,0.6298397231969032,0.3411829021650444,-3.586261749267578,-0.4622898995876312,-1.0753365755081177,0.0012756816586794173
qwen3.5:4b,state_202,Gear_Small,Small gear,USB_Male,False,False,False,input_crops/state_202/USB_Male.png,a0c930dd9c5206a04601a466c9f68dc4c1e3f4ee1c0f97f37b0b950adec45985,raw/qwen3.5-4b/state_202/Gear_Small/USB_Male.json,0.24654480000026524,B,0.01606486512929442,0.7354267159425778,0.24770957793419035,-4.131120681762695,-0.30730438232421875,-1.395498275756836,0.0007988409939374552
qwen3.5:4b,state_202,Waterproof_Male,Waterproof connector,USB_Male,False,False,False,input_crops/state_202/USB_Male.png,a0c930dd9c5206a04601a466c9f68dc4c1e3f4ee1c0f97f37b0b950adec45985,raw/qwen3.5-4b/state_202/Waterproof_Male/USB_Male.json,0.2590389999677427,A,0.5608652113712705,0.22905133665040273,0.20847486885687147,-0.578274667263031,-1.4738091230392456,-1.5679367780685425,0.001608583121455287
qwen3.5:4b,state_202,M12_Hex_Nut,M12 hex nut,USB_Male,False,False,False,input_crops/state_202/USB_Male.png,a0c930dd9c5206a04601a466c9f68dc4c1e3f4ee1c0f97f37b0b950adec45985,raw/qwen3.5-4b/state_202/M12_Hex_Nut/USB_Male.json,0.24707350000971928,B,0.07203483487835265,0.47877514183625425,0.4467648735660147,-2.630605459213257,-0.736524224281311,-0.8057228326797485,0.002425149719378461
qwen3.5:4b,state_202,M16_Hex_Nut,M16 hex nut,USB_Male,False,False,False,input_crops/state_202/USB_Male.png,a0c930dd9c5206a04601a466c9f68dc4c1e3f4ee1c0f97f37b0b950adec45985,raw/qwen3.5-4b/state_202/M16_Hex_Nut/USB_Male.json,0.24699229997349903,C,0.05585409759882639,0.34837072557695575,0.594312301888321,-2.88501238822937,-1.0544880628585815,-0.5203503370285034,0.0014628749358969184
qwen3.5:4b,state_202,RGOCG16-50_16mm,16 mm round pin,USB_Male,False,False,False,input_crops/state_202/USB_Male.png,a0c930dd9c5206a04601a466c9f68dc4c1e3f4ee1c0f97f37b0b950adec45985,raw/qwen3.5-4b/state_202/RGOCG16-50_16mm/USB_Male.json,0.2716517000226304,B,0.1494493700303716,0.4970972180830906,0.35192031569578064,-1.9007976055145264,-0.6989696621894836,-1.044350504875183,0.0015330961907571439
qwen3.5:4b,state_202,RGOCG12-50_12mm,12 mm round pin,USB_Male,False,False,False,input_crops/state_202/USB_Male.png,a0c930dd9c5206a04601a466c9f68dc4c1e3f4ee1c0f97f37b0b950adec45985,raw/qwen3.5-4b/state_202/RGOCG12-50_12mm/USB_Male.json,0.24968929996248335,B,0.13606056897302282,0.5164633325271198,0.3462070824558091,-1.9946551322937012,-0.6607509851455688,-1.0607181787490845,0.0012690160440481657
qwen3.5:4b,state_202,RGOCG8-50_8mm,8 mm round pin,USB_Male,False,False,False,input_crops/state_202/USB_Male.png,a0c930dd9c5206a04601a466c9f68dc4c1e3f4ee1c0f97f37b0b950adec45985,raw/qwen3.5-4b/state_202/RGOCG8-50_8mm/USB_Male.json,0.2574382000020705,B,0.11527870782203944,0.5830922129145502,0.2999149287517857,-2.160402536392212,-0.5394099354743958,-1.2042564153671265,0.0017141505116247124
qwen3.5:4b,state_202,USB_Male,USB connector + cable,USB_Male,True,True,False,input_crops/state_202/USB_Male.png,a0c930dd9c5206a04601a466c9f68dc4c1e3f4ee1c0f97f37b0b950adec45985,raw/qwen3.5-4b/state_202/USB_Male/USB_Male.json,0.2781396000063978,A,0.889730987512076,0.060232389479663744,0.04887341036356972,-0.11683612316846848,-2.8095450401306152,-3.018521785736084,0.0011632126446905477
qwen3.5:4b,state_202,DSUB_Male,DSUB connector,USB_Male,False,False,False,input_crops/state_202/USB_Male.png,a0c930dd9c5206a04601a466c9f68dc4c1e3f4ee1c0f97f37b0b950adec45985,raw/qwen3.5-4b/state_202/DSUB_Male/USB_Male.json,0.24765830003889278,A,0.6141752073350786,0.23255416541770996,0.14704457800689882,-0.48747503757476807,-1.4586321115493774,-1.9170194864273071,0.00622604924031267
qwen3.5:4b,state_202,Gear_Large,Large gear,DSUB_Male,False,False,False,input_crops/state_202/DSUB_Male.png,7cc2d3860523df277d6407a141d1e6f5ac1825291a509806faae51c8b11dadd5,raw/qwen3.5-4b/state_202/Gear_Large/DSUB_Male.json,0.3988418999942951,C,0.02571978944791342,0.4776764087314638,0.4944042723006964,-3.660494565963745,-0.7388217449188232,-0.7044017314910889,0.002199529519926413
qwen3.5:4b,state_202,Gear_Medium,Medium gear,DSUB_Male,False,False,False,input_crops/state_202/DSUB_Male.png,7cc2d3860523df277d6407a141d1e6f5ac1825291a509806faae51c8b11dadd5,raw/qwen3.5-4b/state_202/Gear_Medium/DSUB_Male.json,0.283558500057552,C,0.0415397820889723,0.3542842115843157,0.602251002923234,-3.1811037063598633,-1.0376558303833008,-0.5070809721946716,0.0019250034034780095
qwen3.5:4b,state_202,Gear_Small,Small gear,DSUB_Male,False,False,False,input_crops/state_202/DSUB_Male.png,7cc2d3860523df277d6407a141d1e6f5ac1825291a509806faae51c8b11dadd5,raw/qwen3.5-4b/state_202/Gear_Small/DSUB_Male.json,0.28614660003222525,C,0.036724373608314244,0.3961609416598365,0.5645292402498728,-3.304314613342285,-0.9259347319602966,-0.5717630982398987,0.0025854444819763955
qwen3.5:4b,state_202,Waterproof_Male,Waterproof connector,DSUB_Male,False,False,False,input_crops/state_202/DSUB_Male.png,7cc2d3860523df277d6407a141d1e6f5ac1825291a509806faae51c8b11dadd5,raw/qwen3.5-4b/state_202/Waterproof_Male/DSUB_Male.json,0.2952750999829732,A,0.826397303048004,0.10818678806739955,0.06367401488332662,-0.1906796246767044,-2.223896026611328,-2.753978729248047,0.0017418940012698947
qwen3.5:4b,state_202,M12_Hex_Nut,M12 hex nut,DSUB_Male,False,False,False,input_crops/state_202/DSUB_Male.png,7cc2d3860523df277d6407a141d1e6f5ac1825291a509806faae51c8b11dadd5,raw/qwen3.5-4b/state_202/M12_Hex_Nut/DSUB_Male.json,0.31839999998919666,C,0.09045154477257783,0.28326573629583823,0.6235939795479901,-2.4029409885406494,-1.2613698244094849,-0.47225579619407654,0.002688739383593819
qwen3.5:4b,state_202,M16_Hex_Nut,M16 hex nut,DSUB_Male,False,False,False,input_crops/state_202/DSUB_Male.png,7cc2d3860523df277d6407a141d1e6f5ac1825291a509806faae51c8b11dadd5,raw/qwen3.5-4b/state_202/M16_Hex_Nut/DSUB_Male.json,0.3012419000151567,C,0.07644048541957482,0.32698740869393816,0.5949561586743286,-2.5712428092956543,-1.1178336143493652,-0.5192675590515137,0.0016159472121584084
qwen3.5:4b,state_202,RGOCG16-50_16mm,16 mm round pin,DSUB_Male,False,False,False,input_crops/state_202/DSUB_Male.png,7cc2d3860523df277d6407a141d1e6f5ac1825291a509806faae51c8b11dadd5,raw/qwen3.5-4b/state_202/RGOCG16-50_16mm/DSUB_Male.json,0.33502100000623614,C,0.3880866241267041,0.19242193642792174,0.4167581725209893,-0.9465267062187195,-1.6480647325515747,-0.8752491474151611,0.002733266924384914
qwen3.5:4b,state_202,RGOCG12-50_12mm,12 mm round pin,DSUB_Male,False,False,False,input_crops/state_202/DSUB_Male.png,7cc2d3860523df277d6407a141d1e6f5ac1825291a509806faae51c8b11dadd5,raw/qwen3.5-4b/state_202/RGOCG12-50_12mm/DSUB_Male.json,0.3081541999708861,A,0.4625632871711365,0.17437113773251522,0.3604907204180812,-0.7709718942642212,-1.746569275856018,-1.0202890634536743,0.0025748546782671244
qwen3.5:4b,state_202,RGOCG8-50_8mm,8 mm round pin,DSUB_Male,False,False,False,input_crops/state_202/DSUB_Male.png,7cc2d3860523df277d6407a141d1e6f5ac1825291a509806faae51c8b11dadd5,raw/qwen3.5-4b/state_202/RGOCG8-50_8mm/DSUB_Male.json,0.3104948000400327,C,0.39834863889622324,0.16483360389271584,0.4346541217252436,-0.920427680015564,-1.802818775177002,-0.8332046866416931,0.002163635485817439
qwen3.5:4b,state_202,USB_Male,USB connector + cable,DSUB_Male,False,False,False,input_crops/state_202/DSUB_Male.png,7cc2d3860523df277d6407a141d1e6f5ac1825291a509806faae51c8b11dadd5,raw/qwen3.5-4b/state_202/USB_Male/DSUB_Male.json,0.3230609999736771,C,0.22835810239141624,0.26262311474519395,0.5064152543970478,-1.4768402576446533,-1.3370352983474731,-0.6803982853889465,0.002603528466341931
qwen3.5:4b,state_202,DSUB_Male,DSUB connector,DSUB_Male,True,True,False,input_crops/state_202/DSUB_Male.png,7cc2d3860523df277d6407a141d1e6f5ac1825291a509806faae51c8b11dadd5,raw/qwen3.5-4b/state_202/DSUB_Male/DSUB_Male.json,0.32207980001112446,A,0.829964582890229,0.08867183787327282,0.07849254364379638,-0.18637225031852722,-2.4228129386901855,-2.5447516441345215,0.002871035592701743
qwen3.5:4b,state_303,Gear_Large,Large gear,Gear_Large,True,True,False,input_crops/state_303/Gear_Large.png,3334a7c27ecbce20a0d57b4f0c942261acbbda26e713d210fcce89e35b38b28e,raw/qwen3.5-4b/state_303/Gear_Large/Gear_Large.json,0.41232130001299083,A,0.6737596429396018,0.20375963638748743,0.12094321406536913,-0.39488184452056885,-1.590814232826233,-2.112434148788452,0.0015375066075417054
qwen3.5:4b,state_303,Gear_Medium,Medium gear,Gear_Large,False,True,False,input_crops/state_303/Gear_Large.png,3334a7c27ecbce20a0d57b4f0c942261acbbda26e713d210fcce89e35b38b28e,raw/qwen3.5-4b/state_303/Gear_Medium/Gear_Large.json,0.28846060001524165,A,0.6722821015334302,0.1974725314537266,0.12880699658275455,-0.3970772325992584,-1.622155785560608,-2.0494401454925537,0.0014383704300887645
qwen3.5:4b,state_303,Gear_Small,Small gear,Gear_Large,False,True,False,input_crops/state_303/Gear_Large.png,3334a7c27ecbce20a0d57b4f0c942261acbbda26e713d210fcce89e35b38b28e,raw/qwen3.5-4b/state_303/Gear_Small/Gear_Large.json,0.2888768000411801,A,0.6482561194131786,0.20743591313166598,0.14311473820360385,-0.43346941471099854,-1.5729328393936157,-1.9441086053848267,0.0011932292515515197
qwen3.5:4b,state_303,Waterproof_Male,Waterproof connector,Gear_Large,False,False,False,input_crops/state_303/Gear_Large.png,3334a7c27ecbce20a0d57b4f0c942261acbbda26e713d210fcce89e35b38b28e,raw/qwen3.5-4b/state_303/Waterproof_Male/Gear_Large.json,0.3006852000253275,B,0.048698891152421625,0.5068495266840742,0.44386219469774474,-3.022099018096924,-0.6795411109924316,-0.8122411370277405,0.0005893874657594278
qwen3.5:4b,state_303,M12_Hex_Nut,M12 hex nut,Gear_Large,False,False,False,input_crops/state_303/Gear_Large.png,3334a7c27ecbce20a0d57b4f0c942261acbbda26e713d210fcce89e35b38b28e,raw/qwen3.5-4b/state_303/M12_Hex_Nut/Gear_Large.json,0.29828329995507374,C,0.0490199128419355,0.2939904493656139,0.6557665451465986,-3.015528678894043,-1.2242079973220825,-0.42195042967796326,0.0012230926458519642
qwen3.5:4b,state_303,M16_Hex_Nut,M16 hex nut,Gear_Large,False,False,False,input_crops/state_303/Gear_Large.png,3334a7c27ecbce20a0d57b4f0c942261acbbda26e713d210fcce89e35b38b28e,raw/qwen3.5-4b/state_303/M16_Hex_Nut/Gear_Large.json,0.2984747000155039,C,0.09023875158775879,0.22404403287981758,0.6842572786289216,-2.4052963256835938,-1.4959126710891724,-0.37942129373550415,0.0014599369035019905
qwen3.5:4b,state_303,RGOCG16-50_16mm,16 mm round pin,Gear_Large,False,False,False,input_crops/state_303/Gear_Large.png,3334a7c27ecbce20a0d57b4f0c942261acbbda26e713d210fcce89e35b38b28e,raw/qwen3.5-4b/state_303/RGOCG16-50_16mm/Gear_Large.json,0.31883039994863793,C,0.22047191885349196,0.37774615540040685,0.4007465771142867,-1.511984944343567,-0.9735328555107117,-0.9144260287284851,0.0010353486318144256
qwen3.5:4b,state_303,RGOCG12-50_12mm,12 mm round pin,Gear_Large,False,False,False,input_crops/state_303/Gear_Large.png,3334a7c27ecbce20a0d57b4f0c942261acbbda26e713d210fcce89e35b38b28e,raw/qwen3.5-4b/state_303/RGOCG12-50_12mm/Gear_Large.json,0.3122451000381261,C,0.18821482904984765,0.31366397567685056,0.4970181437630374,-1.6701712608337402,-1.1594330072402954,-0.6991287469863892,0.0011030515102643523
qwen3.5:4b,state_303,RGOCG8-50_8mm,8 mm round pin,Gear_Large,False,False,False,input_crops/state_303/Gear_Large.png,3334a7c27ecbce20a0d57b4f0c942261acbbda26e713d210fcce89e35b38b28e,raw/qwen3.5-4b/state_303/RGOCG8-50_8mm/Gear_Large.json,0.32946720003383234,C,0.21183121542119265,0.22773469065155943,0.558384112396514,-1.5519654750823975,-1.4795739650726318,-0.5827081799507141,0.002049981530733991
qwen3.5:4b,state_303,USB_Male,USB connector + cable,Gear_Large,False,False,False,input_crops/state_303/Gear_Large.png,3334a7c27ecbce20a0d57b4f0c942261acbbda26e713d210fcce89e35b38b28e,raw/qwen3.5-4b/state_303/USB_Male/Gear_Large.json,0.32932389999041334,C,0.03399732135113374,0.1840719237000418,0.7805079185676375,-3.3814735412597656,-1.692428708076477,-0.24781039357185364,0.0014228363811870093
qwen3.5:4b,state_303,DSUB_Male,DSUB connector,Gear_Large,False,False,False,input_crops/state_303/Gear_Large.png,3334a7c27ecbce20a0d57b4f0c942261acbbda26e713d210fcce89e35b38b28e,raw/qwen3.5-4b/state_303/DSUB_Male/Gear_Large.json,0.34525270003359765,C,0.08695757783281345,0.2579833614673247,0.6535247553010783,-2.4423348903656006,-1.3548601865768433,-0.4253748655319214,0.0015343053987835198
qwen3.5:4b,state_303,Gear_Large,Large gear,Gear_Medium,False,True,False,input_crops/state_303/Gear_Medium.png,0264008996cc496e20e9692d5fd146e86bf33a1bb7ded63f53afc0e916d128ef,raw/qwen3.5-4b/state_303/Gear_Large/Gear_Medium.json,0.37249160005012527,A,0.9043536163776351,0.04816321455432532,0.046970953914529066,-0.1005348265171051,-3.0331597328186035,-3.0582258701324463,0.0005122151535104091
qwen3.5:4b,state_303,Gear_Medium,Medium gear,Gear_Medium,True,True,False,input_crops/state_303/Gear_Medium.png,0264008996cc496e20e9692d5fd146e86bf33a1bb7ded63f53afc0e916d128ef,raw/qwen3.5-4b/state_303/Gear_Medium/Gear_Medium.json,0.28623159998096526,A,0.8870468737447404,0.05056059997689094,0.061682506150943194,-0.11985745280981064,-2.9845826625823975,-2.785754919052124,0.0007100201274254925
qwen3.5:4b,state_303,Gear_Small,Small gear,Gear_Medium,False,True,False,input_crops/state_303/Gear_Medium.png,0264008996cc496e20e9692d5fd146e86bf33a1bb7ded63f53afc0e916d128ef,raw/qwen3.5-4b/state_303/Gear_Small/Gear_Medium.json,0.28155819996027276,A,0.8644474206563604,0.0688839831909056,0.06574874022269032,-0.14566479623317719,-2.6753315925598145,-2.721914768218994,0.0009198559300437337
qwen3.5:4b,state_303,Waterproof_Male,Waterproof connector,Gear_Medium,False,False,False,input_crops/state_303/Gear_Medium.png,0264008996cc496e20e9692d5fd146e86bf33a1bb7ded63f53afc0e916d128ef,raw/qwen3.5-4b/state_303/Waterproof_Male/Gear_Medium.json,0.3003757999977097,B,0.03324114365212383,0.5918140277926072,0.37380528960885,-3.4039669036865234,-0.5245628356933594,-0.9840202331542969,0.0011395389464190497
qwen3.5:4b,state_303,M12_Hex_Nut,M12 hex nut,Gear_Medium,False,False,False,input_crops/state_303/Gear_Medium.png,0264008996cc496e20e9692d5fd146e86bf33a1bb7ded63f53afc0e916d128ef,raw/qwen3.5-4b/state_303/M12_Hex_Nut/Gear_Medium.json,0.31609369994839653,B,0.03689263232262234,0.783690030544895,0.17799368210194452,-3.299743413925171,-0.2437417060136795,-1.7260072231292725,0.0014236550305380957
qwen3.5:4b,state_303,M16_Hex_Nut,M16 hex nut,Gear_Medium,False,False,False,input_crops/state_303/Gear_Medium.png,0264008996cc496e20e9692d5fd146e86bf33a1bb7ded63f53afc0e916d128ef,raw/qwen3.5-4b/state_303/M16_Hex_Nut/Gear_Medium.json,0.29807680001249537,B,0.032331159185795766,0.6516965599533334,0.3146323409462069,-3.4317238330841064,-0.42817622423171997,-1.1563504934310913,0.0013399399146638569
qwen3.5:4b,state_303,RGOCG16-50_16mm,16 mm round pin,Gear_Medium,False,False,False,input_crops/state_303/Gear_Medium.png,0264008996cc496e20e9692d5fd146e86bf33a1bb7ded63f53afc0e916d128ef,raw/qwen3.5-4b/state_303/RGOCG16-50_16mm/Gear_Medium.json,0.3109142000321299,B,0.06033752834481669,0.47522999741962885,0.4629586300227848,-2.8078010082244873,-0.7439563870429993,-0.7701175808906555,0.0014738442127696372
qwen3.5:4b,state_303,RGOCG12-50_12mm,12 mm round pin,Gear_Medium,False,False,False,input_crops/state_303/Gear_Medium.png,0264008996cc496e20e9692d5fd146e86bf33a1bb7ded63f53afc0e916d128ef,raw/qwen3.5-4b/state_303/RGOCG12-50_12mm/Gear_Medium.json,0.32286480005132034,C,0.10254577122190112,0.31260753739293695,0.5823192530750728,-2.2774460315704346,-1.162806749343872,-0.5407364368438721,0.0025274383100890585
qwen3.5:4b,state_303,RGOCG8-50_8mm,8 mm round pin,Gear_Medium,False,False,False,input_crops/state_303/Gear_Medium.png,0264008996cc496e20e9692d5fd146e86bf33a1bb7ded63f53afc0e916d128ef,raw/qwen3.5-4b/state_303/RGOCG8-50_8mm/Gear_Medium.json,0.32853309996426105,C,0.11825271099481907,0.35831796221430934,0.5214391241507247,-2.1349313259124756,-1.026334524154663,-0.6511627435684204,0.001990202640146932
qwen3.5:4b,state_303,USB_Male,USB connector + cable,Gear_Medium,False,False,False,input_crops/state_303/Gear_Medium.png,0264008996cc496e20e9692d5fd146e86bf33a1bb7ded63f53afc0e916d128ef,raw/qwen3.5-4b/state_303/USB_Male/Gear_Medium.json,0.32197910000104457,C,0.021667722004648757,0.25097260732984744,0.7258601717129458,-3.8319315910339355,-1.3824114799499512,-0.32039788365364075,0.001499498952557965
qwen3.5:4b,state_303,DSUB_Male,DSUB connector,Gear_Medium,False,False,False,input_crops/state_303/Gear_Medium.png,0264008996cc496e20e9692d5fd146e86bf33a1bb7ded63f53afc0e916d128ef,raw/qwen3.5-4b/state_303/DSUB_Male/Gear_Medium.json,0.3348932000226341,C,0.0420582088570887,0.366249695522416,0.5896239230922142,-3.168700695037842,-1.0044399499893188,-0.5282703638076782,0.002068172528281065
qwen3.5:4b,state_303,Gear_Large,Large gear,Gear_Small,False,True,False,input_crops/state_303/Gear_Small.png,a6cd20966d20d444c579237af1aaf1ad2879b7d4ba783c937f1ca7244ee9e529,raw/qwen3.5-4b/state_303/Gear_Large/Gear_Small.json,0.3869381999829784,A,0.6767629363036555,0.09848828341425739,0.22416246130933185,-0.39043423533439636,-2.3178176879882812,-1.4953842163085938,0.0005863189727552953
qwen3.5:4b,state_303,Gear_Medium,Medium gear,Gear_Small,False,True,False,input_crops/state_303/Gear_Small.png,a6cd20966d20d444c579237af1aaf1ad2879b7d4ba783c937f1ca7244ee9e529,raw/qwen3.5-4b/state_303/Gear_Medium/Gear_Small.json,0.29055749997496605,A,0.6349708494537268,0.09004702385457558,0.27436260219980574,-0.4541761875152588,-2.407423257827759,-1.293304681777954,0.000619524491891843
qwen3.5:4b,state_303,Gear_Small,Small gear,Gear_Small,True,True,False,input_crops/state_303/Gear_Small.png,a6cd20966d20d444c579237af1aaf1ad2879b7d4ba783c937f1ca7244ee9e529,raw/qwen3.5-4b/state_303/Gear_Small/Gear_Small.json,0.27154410001821816,A,0.6176970610405126,0.11093471116580159,0.2708418591953988,-0.48175713419914246,-2.1988134384155273,-1.3062201738357544,0.0005263685982870303
qwen3.5:4b,state_303,Waterproof_Male,Waterproof connector,Gear_Small,False,False,False,input_crops/state_303/Gear_Small.png,a6cd20966d20d444c579237af1aaf1ad2879b7d4ba783c937f1ca7244ee9e529,raw/qwen3.5-4b/state_303/Waterproof_Male/Gear_Small.json,0.2920538000180386,C,0.10630769078834039,0.11240139181619814,0.7807502189494722,-2.241417646408081,-2.1856789588928223,-0.2475000023841858,0.0005406984459892517
qwen3.5:4b,state_303,M12_Hex_Nut,M12 hex nut,Gear_Small,False,False,False,input_crops/state_303/Gear_Small.png,a6cd20966d20d444c579237af1aaf1ad2879b7d4ba783c937f1ca7244ee9e529,raw/qwen3.5-4b/state_303/M12_Hex_Nut/Gear_Small.json,0.3133471999899484,C,0.1861163298712371,0.12506274891881916,0.6881457069207242,-1.6813833713531494,-2.07893967628479,-0.37375468015670776,0.0006752142892195723
qwen3.5:4b,state_303,M16_Hex_Nut,M16 hex nut,Gear_Small,False,False,False,input_crops/state_303/Gear_Small.png,a6cd20966d20d444c579237af1aaf1ad2879b7d4ba783c937f1ca7244ee9e529,raw/qwen3.5-4b/state_303/M16_Hex_Nut/Gear_Small.json,0.30392149998806417,C,0.17805898340339263,0.1347401503719357,0.6863858639502135,-1.7256404161453247,-2.0044071674346924,-0.37631532549858093,0.0008150022744581875
qwen3.5:4b,state_303,RGOCG16-50_16mm,16 mm round pin,Gear_Small,False,False,False,input_crops/state_303/Gear_Small.png,a6cd20966d20d444c579237af1aaf1ad2879b7d4ba783c937f1ca7244ee9e529,raw/qwen3.5-4b/state_303/RGOCG16-50_16mm/Gear_Small.json,0.30435520003084093,C,0.17491770472531024,0.12810049272294308,0.6953928375793642,-1.7434396743774414,-2.0549402236938477,-0.3632783591747284,0.0015889649723824784
qwen3.5:4b,state_303,RGOCG12-50_12mm,12 mm round pin,Gear_Small,False,False,False,input_crops/state_303/Gear_Small.png,a6cd20966d20d444c579237af1aaf1ad2879b7d4ba783c937f1ca7244ee9e529,raw/qwen3.5-4b/state_303/RGOCG12-50_12mm/Gear_Small.json,0.31608959997538477,C,0.18728749068903527,0.1050950239128719,0.7060543358409183,-1.6751104593276978,-2.2528903484344482,-0.34806308150291443,0.0015631495571746257
qwen3.5:4b,state_303,RGOCG8-50_8mm,8 mm round pin,Gear_Small,False,False,False,input_crops/state_303/Gear_Small.png,a6cd20966d20d444c579237af1aaf1ad2879b7d4ba783c937f1ca7244ee9e529,raw/qwen3.5-4b/state_303/RGOCG8-50_8mm/Gear_Small.json,0.3130437000072561,C,0.24604147062093085,0.10359400576501786,0.6493763830192432,-1.4022551774978638,-2.267275810241699,-0.431742787361145,0.0009881405948081179
qwen3.5:4b,state_303,USB_Male,USB connector + cable,Gear_Small,False,False,False,input_crops/state_303/Gear_Small.png,a6cd20966d20d444c579237af1aaf1ad2879b7d4ba783c937f1ca7244ee9e529,raw/qwen3.5-4b/state_303/USB_Male/Gear_Small.json,0.3194610000355169,C,0.05232504296595431,0.0638918402403897,0.8828984506655781,-2.95028018951416,-2.750563621520996,-0.12454508990049362,0.0008846661280778045
qwen3.5:4b,state_303,DSUB_Male,DSUB connector,Gear_Small,False,False,False,input_crops/state_303/Gear_Small.png,a6cd20966d20d444c579237af1aaf1ad2879b7d4ba783c937f1ca7244ee9e529,raw/qwen3.5-4b/state_303/DSUB_Male/Gear_Small.json,0.3191127000027336,C,0.16108381496791715,0.08479248415487159,0.753152716987251,-1.8258304595947266,-2.467548370361328,-0.2834872603416443,0.0009709838899603085
qwen3.5:4b,state_303,Gear_Large,Large gear,Waterproof_Male,False,False,False,input_crops/state_303/Waterproof_Male.png,501944f5a366194deaf0627005d87557bb79cd97c1413a8f7396ce4a6b8a3e7f,raw/qwen3.5-4b/state_303/Gear_Large/Waterproof_Male.json,0.4062497999984771,C,0.12786925790512788,0.2890109884409759,0.5813181371600912,-2.0567469596862793,-1.24129056930542,-0.542457103729248,0.0018016164938050583
qwen3.5:4b,state_303,Gear_Medium,Medium gear,Waterproof_Male,False,False,False,input_crops/state_303/Waterproof_Male.png,501944f5a366194deaf0627005d87557bb79cd97c1413a8f7396ce4a6b8a3e7f,raw/qwen3.5-4b/state_303/Gear_Medium/Waterproof_Male.json,0.29082900000503287,C,0.09887436856541296,0.18809388785604675,0.7113444176784847,-2.3139052391052246,-1.670814037322998,-0.34059855341911316,0.001687325900055603
qwen3.5:4b,state_303,Gear_Small,Small gear,Waterproof_Male,False,False,False,input_crops/state_303/Waterproof_Male.png,501944f5a366194deaf0627005d87557bb79cd97c1413a8f7396ce4a6b8a3e7f,raw/qwen3.5-4b/state_303/Gear_Small/Waterproof_Male.json,0.30137739999918267,C,0.10842243801281926,0.2713047960196563,0.6185085199295507,-2.2217202186584473,-1.30451238155365,-0.4804443120956421,0.0017642460379737601
qwen3.5:4b,state_303,Waterproof_Male,Waterproof connector,Waterproof_Male,True,True,False,input_crops/state_303/Waterproof_Male.png,501944f5a366194deaf0627005d87557bb79cd97c1413a8f7396ce4a6b8a3e7f,raw/qwen3.5-4b/state_303/Waterproof_Male/Waterproof_Male.json,0.29796140000689775,A,0.7909752104943765,0.1178378379670199,0.09018341151094333,-0.23448865115642548,-2.1384458541870117,-2.405909776687622,0.0010035400276603434
qwen3.5:4b,state_303,M12_Hex_Nut,M12 hex nut,Waterproof_Male,False,False,False,input_crops/state_303/Waterproof_Male.png,501944f5a366194deaf0627005d87557bb79cd97c1413a8f7396ce4a6b8a3e7f,raw/qwen3.5-4b/state_303/M12_Hex_Nut/Waterproof_Male.json,0.28793329995824024,C,0.0658317955811658,0.36756632076099605,0.5625065559505548,-2.7206523418426514,-1.0008515119552612,-0.5753524899482727,0.0040953277072833805
qwen3.5:4b,state_303,M16_Hex_Nut,M16 hex nut,Waterproof_Male,False,False,False,input_crops/state_303/Waterproof_Male.png,501944f5a366194deaf0627005d87557bb79cd97c1413a8f7396ce4a6b8a3e7f,raw/qwen3.5-4b/state_303/M16_Hex_Nut/Waterproof_Male.json,0.32348819996695966,C,0.07495377177313403,0.23023667439879894,0.6923003705230083,-2.590883731842041,-1.4686474800109863,-0.367735356092453,0.002509183305058782
qwen3.5:4b,state_303,RGOCG16-50_16mm,16 mm round pin,Waterproof_Male,False,False,False,input_crops/state_303/Waterproof_Male.png,501944f5a366194deaf0627005d87557bb79cd97c1413a8f7396ce4a6b8a3e7f,raw/qwen3.5-4b/state_303/RGOCG16-50_16mm/Waterproof_Male.json,0.3207733000162989,C,0.13443890231128325,0.17561181729796604,0.6881405183302127,-2.006645441055298,-1.7394793033599854,-0.37376222014427185,0.0018087620605380383
qwen3.5:4b,state_303,RGOCG12-50_12mm,12 mm round pin,Waterproof_Male,False,False,False,input_crops/state_303/Waterproof_Male.png,501944f5a366194deaf0627005d87557bb79cd97c1413a8f7396ce4a6b8a3e7f,raw/qwen3.5-4b/state_303/RGOCG12-50_12mm/Waterproof_Male.json,0.3146880000131205,C,0.1599322563087249,0.18851347725371187,0.6502143048425207,-1.8330049514770508,-1.6685857772827148,-0.43045327067375183,0.0013399615950424604
qwen3.5:4b,state_303,RGOCG8-50_8mm,8 mm round pin,Waterproof_Male,False,False,False,input_crops/state_303/Waterproof_Male.png,501944f5a366194deaf0627005d87557bb79cd97c1413a8f7396ce4a6b8a3e7f,raw/qwen3.5-4b/state_303/RGOCG8-50_8mm/Waterproof_Male.json,0.31827679998241365,C,0.16493378883096785,0.15569339550677327,0.6765038330575173,-1.8022111654281616,-1.8598666191101074,-0.39081716537475586,0.0028689826047416656
qwen3.5:4b,state_303,USB_Male,USB connector + cable,Waterproof_Male,False,False,False,input_crops/state_303/Waterproof_Male.png,501944f5a366194deaf0627005d87557bb79cd97c1413a8f7396ce4a6b8a3e7f,raw/qwen3.5-4b/state_303/USB_Male/Waterproof_Male.json,0.32348020002245903,C,0.12591837722318092,0.2293237298099505,0.6427214190510728,-2.0721213817596436,-1.4726206064224243,-0.44204390048980713,0.0020364739157957557
qwen3.5:4b,state_303,DSUB_Male,DSUB connector,Waterproof_Male,False,False,False,input_crops/state_303/Waterproof_Male.png,501944f5a366194deaf0627005d87557bb79cd97c1413a8f7396ce4a6b8a3e7f,raw/qwen3.5-4b/state_303/DSUB_Male/Waterproof_Male.json,0.31702600000426173,C,0.2575741351844294,0.17409400180147022,0.5663964856619862,-1.356447696685791,-1.7481598854064941,-0.5684609413146973,0.0019353773521142426
qwen3.5:4b,state_303,Gear_Large,Large gear,M12_Hex_Nut,False,False,False,input_crops/state_303/M12_Hex_Nut.png,baedfe7904344e7e4677127433e020ed849aa2b1eb60d26e01f65855ed1d0aca,raw/qwen3.5-4b/state_303/Gear_Large/M12_Hex_Nut.json,0.36836980003863573,A,0.5054016114729819,0.07971259855213544,0.4136841244747376,-0.6824018955230713,-2.529327630996704,-0.8826525807380676,0.0012016655001449994
qwen3.5:4b,state_303,Gear_Medium,Medium gear,M12_Hex_Nut,False,False,False,input_crops/state_303/M12_Hex_Nut.png,baedfe7904344e7e4677127433e020ed849aa2b1eb60d26e01f65855ed1d0aca,raw/qwen3.5-4b/state_303/Gear_Medium/M12_Hex_Nut.json,0.3076038000290282,C,0.3981844157142091,0.06128630340981441,0.5390128405990562,-0.9208400249481201,-2.792198896408081,-0.6180158853530884,0.0015164402769203278
qwen3.5:4b,state_303,Gear_Small,Small gear,M12_Hex_Nut,False,False,False,input_crops/state_303/M12_Hex_Nut.png,baedfe7904344e7e4677127433e020ed849aa2b1eb60d26e01f65855ed1d0aca,raw/qwen3.5-4b/state_303/Gear_Small/M12_Hex_Nut.json,0.2691769999801181,A,0.47092473171062565,0.0849254080349353,0.44293407587102734,-0.7530570030212402,-2.465981960296631,-0.8143343329429626,0.0012157843834117443
qwen3.5:4b,state_303,Waterproof_Male,Waterproof connector,M12_Hex_Nut,False,False,False,input_crops/state_303/M12_Hex_Nut.png,baedfe7904344e7e4677127433e020ed849aa2b1eb60d26e01f65855ed1d0aca,raw/qwen3.5-4b/state_303/Waterproof_Male/M12_Hex_Nut.json,0.29707869997946545,A,0.5257204028082434,0.10701905636645156,0.3664678003060758,-0.6429857611656189,-2.234748363494873,-1.0038446187973022,0.0007927405192291737
qwen3.5:4b,state_303,M12_Hex_Nut,M12 hex nut,M12_Hex_Nut,True,True,False,input_crops/state_303/M12_Hex_Nut.png,baedfe7904344e7e4677127433e020ed849aa2b1eb60d26e01f65855ed1d0aca,raw/qwen3.5-4b/state_303/M12_Hex_Nut/M12_Hex_Nut.json,0.30131320003420115,C,0.3738367287608314,0.07140476272595274,0.5531116870884096,-0.9839361310005188,-2.639390707015991,-0.5921953320503235,0.0016468214248062107
qwen3.5:4b,state_303,M16_Hex_Nut,M16 hex nut,M12_Hex_Nut,False,True,False,input_crops/state_303/M12_Hex_Nut.png,baedfe7904344e7e4677127433e020ed849aa2b1eb60d26e01f65855ed1d0aca,raw/qwen3.5-4b/state_303/M16_Hex_Nut/M12_Hex_Nut.json,0.30967869999585673,A,0.5321689700870306,0.09049231242846584,0.3762682371011661,-0.6307942271232605,-2.4024903774261475,-0.9774529933929443,0.0010704803833374577
qwen3.5:4b,state_303,RGOCG16-50_16mm,16 mm round pin,M12_Hex_Nut,False,False,False,input_crops/state_303/M12_Hex_Nut.png,baedfe7904344e7e4677127433e020ed849aa2b1eb60d26e01f65855ed1d0aca,raw/qwen3.5-4b/state_303/RGOCG16-50_16mm/M12_Hex_Nut.json,0.3444371000514366,C,0.42746180001177536,0.10966157620956636,0.4608495731788038,-0.8498903512954712,-2.2103562355041504,-0.7746835947036743,0.0020270505998544186
qwen3.5:4b,state_303,RGOCG12-50_12mm,12 mm round pin,M12_Hex_Nut,False,False,False,input_crops/state_303/M12_Hex_Nut.png,baedfe7904344e7e4677127433e020ed849aa2b1eb60d26e01f65855ed1d0aca,raw/qwen3.5-4b/state_303/RGOCG12-50_12mm/M12_Hex_Nut.json,0.3234052999760024,C,0.3393276601810779,0.11318933917750419,0.546091602140401,-1.0807890892028809,-2.1786932945251465,-0.6049685478210449,0.0013913985010169938
qwen3.5:4b,state_303,RGOCG8-50_8mm,8 mm round pin,M12_Hex_Nut,False,False,False,input_crops/state_303/M12_Hex_Nut.png,baedfe7904344e7e4677127433e020ed849aa2b1eb60d26e01f65855ed1d0aca,raw/qwen3.5-4b/state_303/RGOCG8-50_8mm/M12_Hex_Nut.json,0.3251735999947414,C,0.3387734490211888,0.09323798475403322,0.5662231553010091,-1.0824236869812012,-2.3726000785827637,-0.5687670111656189,0.0017654109237689175
qwen3.5:4b,state_303,USB_Male,USB connector + cable,M12_Hex_Nut,False,False,False,input_crops/state_303/M12_Hex_Nut.png,baedfe7904344e7e4677127433e020ed849aa2b1eb60d26e01f65855ed1d0aca,raw/qwen3.5-4b/state_303/USB_Male/M12_Hex_Nut.json,0.34853319998364896,C,0.21526523062440098,0.07613884153995493,0.7063918679937455,-1.5358843803405762,-2.5751967430114746,-0.34758514165878296,0.0022040598418985313
qwen3.5:4b,state_303,DSUB_Male,DSUB connector,M12_Hex_Nut,False,False,False,input_crops/state_303/M12_Hex_Nut.png,baedfe7904344e7e4677127433e020ed849aa2b1eb60d26e01f65855ed1d0aca,raw/qwen3.5-4b/state_303/DSUB_Male/M12_Hex_Nut.json,0.338787000044249,C,0.31467476433367436,0.09898357407142594,0.58374893071179,-1.1562156677246094,-2.3128013610839844,-0.5382843017578125,0.0025927308831097395
qwen3.5:4b,state_303,Gear_Large,Large gear,M16_Hex_Nut,False,False,False,input_crops/state_303/M16_Hex_Nut.png,833d5826b6258166aa076165f38a3b094d64d204a81c4b806c996e3191b00983,raw/qwen3.5-4b/state_303/Gear_Large/M16_Hex_Nut.json,0.3842367000179365,A,0.4532645556316705,0.10407749684220056,0.4419142486213498,-0.7912793159484863,-2.2626194953918457,-0.8166394233703613,0.0007436989047790998
qwen3.5:4b,state_303,Gear_Medium,Medium gear,M16_Hex_Nut,False,False,False,input_crops/state_303/M16_Hex_Nut.png,833d5826b6258166aa076165f38a3b094d64d204a81c4b806c996e3191b00983,raw/qwen3.5-4b/state_303/Gear_Medium/M16_Hex_Nut.json,0.33328369999071583,C,0.29795159124025666,0.06851860287242177,0.6318786220906525,-1.2108242511749268,-2.680649995803833,-0.4590579569339752,0.0016511837966690646
qwen3.5:4b,state_303,Gear_Small,Small gear,M16_Hex_Nut,False,False,False,input_crops/state_303/M16_Hex_Nut.png,833d5826b6258166aa076165f38a3b094d64d204a81c4b806c996e3191b00983,raw/qwen3.5-4b/state_303/Gear_Small/M16_Hex_Nut.json,0.29290599998785183,C,0.4262001509102408,0.10753809358342127,0.4651841869861194,-0.8528462052345276,-2.229910135269165,-0.7653218507766724,0.0010775685202184526
qwen3.5:4b,state_303,Waterproof_Male,Waterproof connector,M16_Hex_Nut,False,False,False,input_crops/state_303/M16_Hex_Nut.png,833d5826b6258166aa076165f38a3b094d64d204a81c4b806c996e3191b00983,raw/qwen3.5-4b/state_303/Waterproof_Male/M16_Hex_Nut.json,0.3045206000097096,C,0.4344949239782766,0.11134516202037333,0.4535352083837999,-0.8335710167884827,-2.195120334625244,-0.7906823754310608,0.0006247056175501253
qwen3.5:4b,state_303,M12_Hex_Nut,M12 hex nut,M16_Hex_Nut,False,True,False,input_crops/state_303/M16_Hex_Nut.png,833d5826b6258166aa076165f38a3b094d64d204a81c4b806c996e3191b00983,raw/qwen3.5-4b/state_303/M12_Hex_Nut/M16_Hex_Nut.json,0.3084313999861479,C,0.38057538148891146,0.12419315367140166,0.49358636551366797,-0.9660710096359253,-2.0859172344207764,-0.7060574293136597,0.0016450993260189728
qwen3.5:4b,state_303,M16_Hex_Nut,M16 hex nut,M16_Hex_Nut,True,True,False,input_crops/state_303/M16_Hex_Nut.png,833d5826b6258166aa076165f38a3b094d64d204a81c4b806c996e3191b00983,raw/qwen3.5-4b/state_303/M16_Hex_Nut/M16_Hex_Nut.json,0.32636349997483194,C,0.3918238605967813,0.09077166495565091,0.5164405839377787,-0.9369428753852844,-2.3994081020355225,-0.6607950329780579,0.0009638905097890671
qwen3.5:4b,state_303,RGOCG16-50_16mm,16 mm round pin,M16_Hex_Nut,False,False,False,input_crops/state_303/M16_Hex_Nut.png,833d5826b6258166aa076165f38a3b094d64d204a81c4b806c996e3191b00983,raw/qwen3.5-4b/state_303/RGOCG16-50_16mm/M16_Hex_Nut.json,0.32359140005428344,C,0.34185905469918204,0.1782453627560036,0.478900065553007,-1.0733567476272583,-1.724594235420227,-0.7362633347511292,0.0009955169918073326
qwen3.5:4b,state_303,RGOCG12-50_12mm,12 mm round pin,M16_Hex_Nut,False,False,False,input_crops/state_303/M16_Hex_Nut.png,833d5826b6258166aa076165f38a3b094d64d204a81c4b806c996e3191b00983,raw/qwen3.5-4b/state_303/RGOCG12-50_12mm/M16_Hex_Nut.json,0.3164575000409968,C,0.26849722417115346,0.14268186710127212,0.5877105090293623,-1.3149147033691406,-1.9471378326416016,-0.5315207839012146,0.001110399698212139
qwen3.5:4b,state_303,RGOCG8-50_8mm,8 mm round pin,M16_Hex_Nut,False,False,False,input_crops/state_303/M16_Hex_Nut.png,833d5826b6258166aa076165f38a3b094d64d204a81c4b806c996e3191b00983,raw/qwen3.5-4b/state_303/RGOCG8-50_8mm/M16_Hex_Nut.json,0.33420209999894723,C,0.28524241830612085,0.15887460728505626,0.5546167433524558,-1.2544158697128296,-1.8396400213241577,-0.5894779562950134,0.0012662310563671397
qwen3.5:4b,state_303,USB_Male,USB connector + cable,M16_Hex_Nut,False,False,False,input_crops/state_303/M16_Hex_Nut.png,833d5826b6258166aa076165f38a3b094d64d204a81c4b806c996e3191b00983,raw/qwen3.5-4b/state_303/USB_Male/M16_Hex_Nut.json,0.3315059000160545,C,0.09981529782102347,0.0859338163401643,0.8125679471025212,-2.304433822631836,-2.4541778564453125,-0.20755574107170105,0.0016829387362909953
qwen3.5:4b,state_303,DSUB_Male,DSUB connector,M16_Hex_Nut,False,False,False,input_crops/state_303/M16_Hex_Nut.png,833d5826b6258166aa076165f38a3b094d64d204a81c4b806c996e3191b00983,raw/qwen3.5-4b/state_303/DSUB_Male/M16_Hex_Nut.json,0.33827430004021153,C,0.1917821699613307,0.14002396848575963,0.666094477264629,-1.6513950824737549,-1.9659416675567627,-0.40632376074790955,0.0020993842882806035
qwen3.5:4b,state_303,Gear_Large,Large gear,RGOCG16-50_16mm,False,False,False,input_crops/state_303/RGOCG16-50_16mm.png,2e39713dfb973c1a397f75571d18003b6276e302abf6a15d46a7d8e0985e5dae,raw/qwen3.5-4b/state_303/Gear_Large/RGOCG16-50_16mm.json,0.37845379998907447,C,0.049055630421231455,0.08692992533942284,0.863137127145246,-3.0148003101348877,-2.442652940750122,-0.1471817046403885,0.0008773170940996611
qwen3.5:4b,state_303,Gear_Medium,Medium gear,RGOCG16-50_16mm,False,False,False,input_crops/state_303/RGOCG16-50_16mm.png,2e39713dfb973c1a397f75571d18003b6276e302abf6a15d46a7d8e0985e5dae,raw/qwen3.5-4b/state_303/Gear_Medium/RGOCG16-50_16mm.json,0.29269830003613606,C,0.047860410497474935,0.04365701554852068,0.907646001049802,-3.039466619491577,-3.1313912868499756,-0.09690084308385849,0.0008365729042023595
qwen3.5:4b,state_303,Gear_Small,Small gear,RGOCG16-50_16mm,False,False,False,input_crops/state_303/RGOCG16-50_16mm.png,2e39713dfb973c1a397f75571d18003b6276e302abf6a15d46a7d8e0985e5dae,raw/qwen3.5-4b/state_303/Gear_Small/RGOCG16-50_16mm.json,0.2768212999799289,C,0.042402863287589694,0.0581875684490623,0.8987107283767506,-3.160539388656616,-2.844083547592163,-0.10679406672716141,0.0006988398865974688
qwen3.5:4b,state_303,Waterproof_Male,Waterproof connector,RGOCG16-50_16mm,False,False,False,input_crops/state_303/RGOCG16-50_16mm.png,2e39713dfb973c1a397f75571d18003b6276e302abf6a15d46a7d8e0985e5dae,raw/qwen3.5-4b/state_303/Waterproof_Male/RGOCG16-50_16mm.json,0.2975278000230901,C,0.09527465174375459,0.05868861409669905,0.8454420562690278,-2.3509914875030518,-2.8355095386505127,-0.16789564490318298,0.0005946778905185912
qwen3.5:4b,state_303,M12_Hex_Nut,M12 hex nut,RGOCG16-50_16mm,False,False,False,input_crops/state_303/RGOCG16-50_16mm.png,2e39713dfb973c1a397f75571d18003b6276e302abf6a15d46a7d8e0985e5dae,raw/qwen3.5-4b/state_303/M12_Hex_Nut/RGOCG16-50_16mm.json,0.2955338999745436,C,0.0870241747437954,0.04844225297985146,0.8632757107150346,-2.4415693283081055,-3.0273828506469727,-0.14702115952968597,0.001257861561318574
qwen3.5:4b,state_303,M16_Hex_Nut,M16 hex nut,RGOCG16-50_16mm,False,False,False,input_crops/state_303/RGOCG16-50_16mm.png,2e39713dfb973c1a397f75571d18003b6276e302abf6a15d46a7d8e0985e5dae,raw/qwen3.5-4b/state_303/M16_Hex_Nut/RGOCG16-50_16mm.json,0.3039744999841787,C,0.08407369170149034,0.058875528498785676,0.8561836488846266,-2.4760615825653076,-2.832329750061035,-0.15527038276195526,0.0008671309150973805
qwen3.5:4b,state_303,RGOCG16-50_16mm,16 mm round pin,RGOCG16-50_16mm,True,True,False,input_crops/state_303/RGOCG16-50_16mm.png,2e39713dfb973c1a397f75571d18003b6276e302abf6a15d46a7d8e0985e5dae,raw/qwen3.5-4b/state_303/RGOCG16-50_16mm/RGOCG16-50_16mm.json,0.307549899967853,A,0.709742486855967,0.05479129659422898,0.2342371114090523,-0.3428530693054199,-2.904223918914795,-1.4514213800430298,0.0012291051407518072
qwen3.5:4b,state_303,RGOCG12-50_12mm,12 mm round pin,RGOCG16-50_16mm,False,True,False,input_crops/state_303/RGOCG16-50_16mm.png,2e39713dfb973c1a397f75571d18003b6276e302abf6a15d46a7d8e0985e5dae,raw/qwen3.5-4b/state_303/RGOCG12-50_12mm/RGOCG16-50_16mm.json,0.319310899998527,A,0.7740518945436552,0.05082428007027442,0.17456268799998367,-0.2561163604259491,-2.9793810844421387,-1.7454713582992554,0.000561137386086763
qwen3.5:4b,state_303,RGOCG8-50_8mm,8 mm round pin,RGOCG16-50_16mm,False,True,False,input_crops/state_303/RGOCG16-50_16mm.png,2e39713dfb973c1a397f75571d18003b6276e302abf6a15d46a7d8e0985e5dae,raw/qwen3.5-4b/state_303/RGOCG8-50_8mm/RGOCG16-50_16mm.json,0.3066054999944754,A,0.7644736121274937,0.0478459894053746,0.18695645967798885,-0.2685677707195282,-3.0397679805755615,-1.6768795251846313,0.0007239387891428972
qwen3.5:4b,state_303,USB_Male,USB connector + cable,RGOCG16-50_16mm,False,False,False,input_crops/state_303/RGOCG16-50_16mm.png,2e39713dfb973c1a397f75571d18003b6276e302abf6a15d46a7d8e0985e5dae,raw/qwen3.5-4b/state_303/USB_Male/RGOCG16-50_16mm.json,0.31765769998310134,C,0.16462364316927397,0.07581123476397646,0.7586855824642003,-1.804093360900879,-2.5795087814331055,-0.2761678397655487,0.000879539602549384
qwen3.5:4b,state_303,DSUB_Male,DSUB connector,RGOCG16-50_16mm,False,False,False,input_crops/state_303/RGOCG16-50_16mm.png,2e39713dfb973c1a397f75571d18003b6276e302abf6a15d46a7d8e0985e5dae,raw/qwen3.5-4b/state_303/DSUB_Male/RGOCG16-50_16mm.json,0.3208109999541193,C,0.18503887504673,0.12618699353605847,0.6880629607432992,-1.6871893405914307,-2.069990396499634,-0.3738749325275421,0.0007111706739123536
qwen3.5:4b,state_303,Gear_Large,Large gear,RGOCG12-50_12mm,False,False,False,input_crops/state_303/RGOCG12-50_12mm.png,19c2e56726b6c4c558e00423b8424cb9c8381da2b6403a2430431ec5bf3f6612,raw/qwen3.5-4b/state_303/Gear_Large/RGOCG12-50_12mm.json,0.3689220999949612,C,0.05069949046622928,0.06103185728176659,0.8873890619596573,-2.981839418411255,-2.7963593006134033,-0.11947176605463028,0.0008795902923468546
qwen3.5:4b,state_303,Gear_Medium,Medium gear,RGOCG12-50_12mm,False,False,False,input_crops/state_303/RGOCG12-50_12mm.png,19c2e56726b6c4c558e00423b8424cb9c8381da2b6403a2430431ec5bf3f6612,raw/qwen3.5-4b/state_303/Gear_Medium/RGOCG12-50_12mm.json,0.2732317000045441,C,0.05782591811961858,0.03862225881092051,0.9024264802665432,-2.850318193435669,-3.2539265155792236,-0.10266805440187454,0.0011253428029177615
qwen3.5:4b,state_303,Gear_Small,Small gear,RGOCG12-50_12mm,False,False,False,input_crops/state_303/RGOCG12-50_12mm.png,19c2e56726b6c4c558e00423b8424cb9c8381da2b6403a2430431ec5bf3f6612,raw/qwen3.5-4b/state_303/Gear_Small/RGOCG12-50_12mm.json,0.30423319997498766,C,0.05461595524624364,0.05888195780489623,0.8857172717742113,-2.9074292182922363,-2.8322205543518066,-0.12135748565196991,0.0007848151746487897
qwen3.5:4b,state_303,Waterproof_Male,Waterproof connector,RGOCG12-50_12mm,False,False,False,input_crops/state_303/RGOCG12-50_12mm.png,19c2e56726b6c4c558e00423b8424cb9c8381da2b6403a2430431ec5bf3f6612,raw/qwen3.5-4b/state_303/Waterproof_Male/RGOCG12-50_12mm.json,0.2908604000112973,C,0.1418158560868546,0.07801118369277879,0.7794815881745402,-1.95322585105896,-2.550903081893921,-0.24912621080875397,0.0006913720458264772
qwen3.5:4b,state_303,M12_Hex_Nut,M12 hex nut,RGOCG12-50_12mm,False,False,False,input_crops/state_303/RGOCG12-50_12mm.png,19c2e56726b6c4c558e00423b8424cb9c8381da2b6403a2430431ec5bf3f6612,raw/qwen3.5-4b/state_303/M12_Hex_Nut/RGOCG12-50_12mm.json,0.29431789997033775,C,0.05993305829109988,0.04529164839732725,0.8936615600856461,-2.8145270347595215,-3.094632625579834,-0.11242814362049103,0.001113733225926783
qwen3.5:4b,state_303,M16_Hex_Nut,M16 hex nut,RGOCG12-50_12mm,False,False,False,input_crops/state_303/RGOCG12-50_12mm.png,19c2e56726b6c4c558e00423b8424cb9c8381da2b6403a2430431ec5bf3f6612,raw/qwen3.5-4b/state_303/M16_Hex_Nut/RGOCG12-50_12mm.json,0.29085959994699806,C,0.10596347133174983,0.05324063648371008,0.8394148944054327,-2.2446608543395996,-2.9329333305358887,-0.17505018413066864,0.0013809977791073846
qwen3.5:4b,state_303,RGOCG16-50_16mm,16 mm round pin,RGOCG12-50_12mm,False,True,False,input_crops/state_303/RGOCG12-50_12mm.png,19c2e56726b6c4c558e00423b8424cb9c8381da2b6403a2430431ec5bf3f6612,raw/qwen3.5-4b/state_303/RGOCG16-50_16mm/RGOCG12-50_12mm.json,0.32993659999920055,A,0.7116441175759514,0.051497375591896155,0.23615799386791256,-0.3401773273944855,-2.966224431991577,-1.4432542324066162,0.0007005129642398966
qwen3.5:4b,state_303,RGOCG12-50_12mm,12 mm round pin,RGOCG12-50_12mm,True,True,False,input_crops/state_303/RGOCG12-50_12mm.png,19c2e56726b6c4c558e00423b8424cb9c8381da2b6403a2430431ec5bf3f6612,raw/qwen3.5-4b/state_303/RGOCG12-50_12mm/RGOCG12-50_12mm.json,0.3190308000193909,A,0.729121496415175,0.04935588721794186,0.2209059772550948,-0.31591489911079407,-3.0086982250213623,-1.5100181102752686,0.0006166391117883308
qwen3.5:4b,state_303,RGOCG8-50_8mm,8 mm round pin,RGOCG12-50_12mm,False,True,False,input_crops/state_303/RGOCG12-50_12mm.png,19c2e56726b6c4c558e00423b8424cb9c8381da2b6403a2430431ec5bf3f6612,raw/qwen3.5-4b/state_303/RGOCG8-50_8mm/RGOCG12-50_12mm.json,0.30777309997938573,A,0.7054350872580687,0.045871825546536994,0.24752287561598055,-0.34894052147865295,-3.081904172897339,-1.3962522745132446,0.0011702115794137713
qwen3.5:4b,state_303,USB_Male,USB connector + cable,RGOCG12-50_12mm,False,False,False,input_crops/state_303/RGOCG12-50_12mm.png,19c2e56726b6c4c558e00423b8424cb9c8381da2b6403a2430431ec5bf3f6612,raw/qwen3.5-4b/state_303/USB_Male/RGOCG12-50_12mm.json,0.3430640999577008,C,0.11371319409528921,0.06344080635766648,0.8215351710506364,-2.1740758419036865,-2.75764799118042,-0.19658052921295166,0.0013108284964078454
qwen3.5:4b,state_303,DSUB_Male,DSUB connector,RGOCG12-50_12mm,False,False,False,input_crops/state_303/RGOCG12-50_12mm.png,19c2e56726b6c4c558e00423b8424cb9c8381da2b6403a2430431ec5bf3f6612,raw/qwen3.5-4b/state_303/DSUB_Male/RGOCG12-50_12mm.json,0.3157475999905728,C,0.13896482091356527,0.11998978174625168,0.7398650074034239,-1.9735344648361206,-2.1203486919403076,-0.30128753185272217,0.0011803899367591741
qwen3.5:4b,state_303,Gear_Large,Large gear,RGOCG8-50_8mm,False,False,False,input_crops/state_303/RGOCG8-50_8mm.png,b1cf506f7c610c52669f86cfc92c532b4c1f5b8a237342f66910a94489e03314,raw/qwen3.5-4b/state_303/Gear_Large/RGOCG8-50_8mm.json,0.37047860003076494,C,0.04838000637436482,0.10091070536402663,0.8497359138756886,-3.0286686420440674,-2.2935192584991455,-0.1628296673297882,0.000973374385919934
qwen3.5:4b,state_303,Gear_Medium,Medium gear,RGOCG8-50_8mm,False,False,False,input_crops/state_303/RGOCG8-50_8mm.png,b1cf506f7c610c52669f86cfc92c532b4c1f5b8a237342f66910a94489e03314,raw/qwen3.5-4b/state_303/Gear_Medium/RGOCG8-50_8mm.json,0.27254829998128116,C,0.049684852641809975,0.06712737856428984,0.8821914230569698,-3.0020551681518555,-2.7011632919311523,-0.12534621357917786,0.0009963457369303041
qwen3.5:4b,state_303,Gear_Small,Small gear,RGOCG8-50_8mm,False,False,False,input_crops/state_303/RGOCG8-50_8mm.png,b1cf506f7c610c52669f86cfc92c532b4c1f5b8a237342f66910a94489e03314,raw/qwen3.5-4b/state_303/Gear_Small/RGOCG8-50_8mm.json,0.292526800010819,C,0.05591482790262654,0.07817566319824408,0.8647140911952184,-2.883925676345825,-2.5487968921661377,-0.14535635709762573,0.0011954177039110725
qwen3.5:4b,state_303,Waterproof_Male,Waterproof connector,RGOCG8-50_8mm,False,False,False,input_crops/state_303/RGOCG8-50_8mm.png,b1cf506f7c610c52669f86cfc92c532b4c1f5b8a237342f66910a94489e03314,raw/qwen3.5-4b/state_303/Waterproof_Male/RGOCG8-50_8mm.json,0.3139932999620214,C,0.07805308059805077,0.0927030344765889,0.8285163102585247,-2.550366163253784,-2.378354072570801,-0.18811875581741333,0.0007275746668355954
qwen3.5:4b,state_303,M12_Hex_Nut,M12 hex nut,RGOCG8-50_8mm,False,False,False,input_crops/state_303/RGOCG8-50_8mm.png,b1cf506f7c610c52669f86cfc92c532b4c1f5b8a237342f66910a94489e03314,raw/qwen3.5-4b/state_303/M12_Hex_Nut/RGOCG8-50_8mm.json,0.3128495999844745,C,0.07455642664554857,0.08923661407456245,0.835080442825452,-2.5961990356445312,-2.416463851928711,-0.18022722005844116,0.0011265164544369544
qwen3.5:4b,state_303,M16_Hex_Nut,M16 hex nut,RGOCG8-50_8mm,False,False,False,input_crops/state_303/RGOCG8-50_8mm.png,b1cf506f7c610c52669f86cfc92c532b4c1f5b8a237342f66910a94489e03314,raw/qwen3.5-4b/state_303/M16_Hex_Nut/RGOCG8-50_8mm.json,0.3219810000155121,C,0.06868766110315239,0.06257137210329049,0.8674811181351,-2.6781857013702393,-2.7714474201202393,-0.1421615332365036,0.0012598486584571855
qwen3.5:4b,state_303,RGOCG16-50_16mm,16 mm round pin,RGOCG8-50_8mm,False,True,False,input_crops/state_303/RGOCG8-50_8mm.png,b1cf506f7c610c52669f86cfc92c532b4c1f5b8a237342f66910a94489e03314,raw/qwen3.5-4b/state_303/RGOCG16-50_16mm/RGOCG8-50_8mm.json,0.310780200001318,A,0.8498795010115366,0.06626089097427752,0.08339514442380372,-0.16266070306301117,-2.714155435562134,-2.4841651916503906,0.0004644635903821026
qwen3.5:4b,state_303,RGOCG12-50_12mm,12 mm round pin,RGOCG8-50_8mm,False,True,False,input_crops/state_303/RGOCG8-50_8mm.png,b1cf506f7c610c52669f86cfc92c532b4c1f5b8a237342f66910a94489e03314,raw/qwen3.5-4b/state_303/RGOCG12-50_12mm/RGOCG8-50_8mm.json,0.3541376999928616,A,0.8681664531569776,0.058263336556217765,0.07297886351796971,-0.14137181639671326,-2.8427822589874268,-2.6175854206085205,0.0005913467688349883
qwen3.5:4b,state_303,RGOCG8-50_8mm,8 mm round pin,RGOCG8-50_8mm,True,True,False,input_crops/state_303/RGOCG8-50_8mm.png,b1cf506f7c610c52669f86cfc92c532b4c1f5b8a237342f66910a94489e03314,raw/qwen3.5-4b/state_303/RGOCG8-50_8mm/RGOCG8-50_8mm.json,0.3230886999517679,A,0.8036292160382614,0.05478308041783697,0.14070376562019324,-0.2186172902584076,-2.90437388420105,-1.961098551750183,0.0008839379237083334
qwen3.5:4b,state_303,USB_Male,USB connector + cable,RGOCG8-50_8mm,False,False,False,input_crops/state_303/RGOCG8-50_8mm.png,b1cf506f7c610c52669f86cfc92c532b4c1f5b8a237342f66910a94489e03314,raw/qwen3.5-4b/state_303/USB_Male/RGOCG8-50_8mm.json,0.3284017000114545,C,0.20458944187859146,0.0723856154714296,0.7221933550884929,-1.5867500305175781,-2.6257476806640625,-0.32546237111091614,0.0008315875614860468
qwen3.5:4b,state_303,DSUB_Male,DSUB connector,RGOCG8-50_8mm,False,False,False,input_crops/state_303/RGOCG8-50_8mm.png,b1cf506f7c610c52669f86cfc92c532b4c1f5b8a237342f66910a94489e03314,raw/qwen3.5-4b/state_303/DSUB_Male/RGOCG8-50_8mm.json,0.3283203999744728,C,0.2593084991394083,0.14366581335349163,0.5961760999592045,-1.3497368097305298,-1.940265417098999,-0.5172191858291626,0.0008495875478955472
qwen3.5:4b,state_303,Gear_Large,Large gear,USB_Male,False,False,True,input_crops/state_303/USB_Male.png,5a3874a9c4c9ea46017e36201d2d720bdf18ca97b04e8ef6860e4458139d0368,raw/qwen3.5-4b/state_303/Gear_Large/USB_Male.json,0.5721883000223897,B,0.013178145051971275,0.7815577392693028,0.20392545906855516,-4.329195499420166,-0.2464662492275238,-1.5900007486343384,0.0013386566101707409
qwen3.5:4b,state_303,Gear_Medium,Medium gear,USB_Male,False,False,True,input_crops/state_303/USB_Male.png,5a3874a9c4c9ea46017e36201d2d720bdf18ca97b04e8ef6860e4458139d0368,raw/qwen3.5-4b/state_303/Gear_Medium/USB_Male.json,0.2553974000038579,C,0.022721744897071322,0.39224418702905745,0.5831371528667212,-3.784432888031006,-0.9358707070350647,-0.5393328666687012,0.0018969152071500739
qwen3.5:4b,state_303,Gear_Small,Small gear,USB_Male,False,False,True,input_crops/state_303/USB_Male.png,5a3874a9c4c9ea46017e36201d2d720bdf18ca97b04e8ef6860e4458139d0368,raw/qwen3.5-4b/state_303/Gear_Small/USB_Male.json,0.2547228999901563,B,0.016469775732823832,0.6323095572301596,0.3501221983618655,-4.106228351593018,-0.4583761990070343,-1.0494730472564697,0.0010984686751511763
qwen3.5:4b,state_303,Waterproof_Male,Waterproof connector,USB_Male,False,False,True,input_crops/state_303/USB_Male.png,5a3874a9c4c9ea46017e36201d2d720bdf18ca97b04e8ef6860e4458139d0368,raw/qwen3.5-4b/state_303/Waterproof_Male/USB_Male.json,0.24651660001836717,A,0.7028337044928189,0.16413334593963047,0.1323142035121654,-0.3526349663734436,-1.807076096534729,-2.022575855255127,0.0007187460553852443
qwen3.5:4b,state_303,M12_Hex_Nut,M12 hex nut,USB_Male,False,False,True,input_crops/state_303/USB_Male.png,5a3874a9c4c9ea46017e36201d2d720bdf18ca97b04e8ef6860e4458139d0368,raw/qwen3.5-4b/state_303/M12_Hex_Nut/USB_Male.json,0.26234120002482086,C,0.03774786422596161,0.1815791507236019,0.7789691090965495,-3.2768263816833496,-1.7060636281967163,-0.24978388845920563,0.0017038759538869908
qwen3.5:4b,state_303,M16_Hex_Nut,M16 hex nut,USB_Male,False,False,True,input_crops/state_303/USB_Male.png,5a3874a9c4c9ea46017e36201d2d720bdf18ca97b04e8ef6860e4458139d0368,raw/qwen3.5-4b/state_303/M16_Hex_Nut/USB_Male.json,0.2911195000051521,C,0.051454604773313234,0.28665425972791103,0.6601021854157307,-2.967055320739746,-1.2494784593582153,-0.41536062955856323,0.0017889500830450267
qwen3.5:4b,state_303,RGOCG16-50_16mm,16 mm round pin,USB_Male,False,False,True,input_crops/state_303/USB_Male.png,5a3874a9c4c9ea46017e36201d2d720bdf18ca97b04e8ef6860e4458139d0368,raw/qwen3.5-4b/state_303/RGOCG16-50_16mm/USB_Male.json,0.2634487999603152,B,0.14825103114597285,0.6175100742783488,0.23283957842246933,-1.9088482856750488,-0.48205989599227905,-1.4574055671691895,0.0013993161532090959
qwen3.5:4b,state_303,RGOCG12-50_12mm,12 mm round pin,USB_Male,False,False,True,input_crops/state_303/USB_Male.png,5a3874a9c4c9ea46017e36201d2d720bdf18ca97b04e8ef6860e4458139d0368,raw/qwen3.5-4b/state_303/RGOCG12-50_12mm/USB_Male.json,0.24525829998310655,B,0.1408495162640865,0.5171999242819721,0.3406727262153632,-1.9600632190704346,-0.6593257784843445,-1.0768330097198486,0.0012778332385781077
qwen3.5:4b,state_303,RGOCG8-50_8mm,8 mm round pin,USB_Male,False,False,True,input_crops/state_303/USB_Male.png,5a3874a9c4c9ea46017e36201d2d720bdf18ca97b04e8ef6860e4458139d0368,raw/qwen3.5-4b/state_303/RGOCG8-50_8mm/USB_Male.json,0.24995740002486855,B,0.12172221277791818,0.45165716476139134,0.4254937065870092,-2.106013774871826,-0.7948318719863892,-0.8545051217079163,0.0011269158736813
qwen3.5:4b,state_303,USB_Male,USB connector + cable,USB_Male,True,True,True,input_crops/state_303/USB_Male.png,5a3874a9c4c9ea46017e36201d2d720bdf18ca97b04e8ef6860e4458139d0368,raw/qwen3.5-4b/state_303/USB_Male/USB_Male.json,0.2719836999895051,A,0.9329738626041588,0.03867419147105189,0.027601688773259487,-0.0693780928850174,-3.2525827884674072,-3.5898783206939697,0.0007502571515297651
qwen3.5:4b,state_303,DSUB_Male,DSUB connector,USB_Male,False,False,True,input_crops/state_303/USB_Male.png,5a3874a9c4c9ea46017e36201d2d720bdf18ca97b04e8ef6860e4458139d0368,raw/qwen3.5-4b/state_303/DSUB_Male/USB_Male.json,0.3588317999965511,A,0.7905933274678498,0.11098841542021132,0.09691259868090042,-0.2349715679883957,-2.198329448699951,-2.3339457511901855,0.001505658431038448
qwen3.5:4b,state_303,Gear_Large,Large gear,DSUB_Male,False,False,False,input_crops/state_303/DSUB_Male.png,951cf97dc3898e2a3029bf7b3818dace43fcdf8abc4c737bf166e9942e4e2383,raw/qwen3.5-4b/state_303/Gear_Large/DSUB_Male.json,0.40364259999478236,B,0.029960942549839116,0.5731243980168089,0.3948523482773694,-3.5078606605529785,-0.5566524863243103,-0.9292433857917786,0.0020623111559825436
qwen3.5:4b,state_303,Gear_Medium,Medium gear,DSUB_Male,False,False,False,input_crops/state_303/DSUB_Male.png,951cf97dc3898e2a3029bf7b3818dace43fcdf8abc4c737bf166e9942e4e2383,raw/qwen3.5-4b/state_303/Gear_Medium/DSUB_Male.json,0.3086143000400625,C,0.046686163115152064,0.3808678913816282,0.5705238070935741,-3.064307451248169,-0.9653027057647705,-0.5612003803253174,0.001922138409645724
qwen3.5:4b,state_303,Gear_Small,Small gear,DSUB_Male,False,False,False,input_crops/state_303/DSUB_Male.png,951cf97dc3898e2a3029bf7b3818dace43fcdf8abc4c737bf166e9942e4e2383,raw/qwen3.5-4b/state_303/Gear_Small/DSUB_Male.json,0.31007409997982904,C,0.03335831928594351,0.44682687078824507,0.518421177927335,-3.4004480838775635,-0.8055840730667114,-0.656967282295227,0.001393631998476419
qwen3.5:4b,state_303,Waterproof_Male,Waterproof connector,DSUB_Male,False,False,False,input_crops/state_303/DSUB_Male.png,951cf97dc3898e2a3029bf7b3818dace43fcdf8abc4c737bf166e9942e4e2383,raw/qwen3.5-4b/state_303/Waterproof_Male/DSUB_Male.json,0.3264937000349164,A,0.8831476579092841,0.06393755559282369,0.05160606387217458,-0.12426286935806274,-2.7498483657836914,-2.964116096496582,0.0013087226257176843
qwen3.5:4b,state_303,M12_Hex_Nut,M12 hex nut,DSUB_Male,False,False,False,input_crops/state_303/DSUB_Male.png,951cf97dc3898e2a3029bf7b3818dace43fcdf8abc4c737bf166e9942e4e2383,raw/qwen3.5-4b/state_303/M12_Hex_Nut/DSUB_Male.json,0.3170633999980055,C,0.10708158718941971,0.31056436800346676,0.5797327776849279,-2.234164237976074,-1.169364094734192,-0.5451880097389221,0.0026212671221855777
qwen3.5:4b,state_303,M16_Hex_Nut,M16 hex nut,DSUB_Male,False,False,False,input_crops/state_303/DSUB_Male.png,951cf97dc3898e2a3029bf7b3818dace43fcdf8abc4c737bf166e9942e4e2383,raw/qwen3.5-4b/state_303/M16_Hex_Nut/DSUB_Male.json,0.32944729999871925,C,0.13401551276123413,0.3619039708828241,0.5014141782311108,-2.0097997188568115,-1.0163763761520386,-0.6903228163719177,0.002666338124830969
qwen3.5:4b,state_303,RGOCG16-50_16mm,16 mm round pin,DSUB_Male,False,False,False,input_crops/state_303/DSUB_Male.png,951cf97dc3898e2a3029bf7b3818dace43fcdf8abc4c737bf166e9942e4e2383,raw/qwen3.5-4b/state_303/RGOCG16-50_16mm/DSUB_Male.json,0.3223133999854326,A,0.5963614430827863,0.1693536723379293,0.231875841624281,-0.5169083476066589,-1.7757660150527954,-1.4615532159805298,0.0024090429550034376
qwen3.5:4b,state_303,RGOCG12-50_12mm,12 mm round pin,DSUB_Male,False,False,False,input_crops/state_303/DSUB_Male.png,951cf97dc3898e2a3029bf7b3818dace43fcdf8abc4c737bf166e9942e4e2383,raw/qwen3.5-4b/state_303/RGOCG12-50_12mm/DSUB_Male.json,0.3188808999839239,A,0.4886385795013504,0.2131278301896512,0.2955828034155103,-0.7161321640014648,-1.545863151550293,-1.218806266784668,0.0026507868934879664
qwen3.5:4b,state_303,RGOCG8-50_8mm,8 mm round pin,DSUB_Male,False,False,False,input_crops/state_303/DSUB_Male.png,951cf97dc3898e2a3029bf7b3818dace43fcdf8abc4c737bf166e9942e4e2383,raw/qwen3.5-4b/state_303/RGOCG8-50_8mm/DSUB_Male.json,0.31044349999865517,A,0.5044933078976562,0.13244322709875542,0.36117835526479797,-0.6842007040977478,-2.0216012001037598,-1.0183833837509155,0.0018851097387904137
qwen3.5:4b,state_303,USB_Male,USB connector + cable,DSUB_Male,False,False,False,input_crops/state_303/DSUB_Male.png,951cf97dc3898e2a3029bf7b3818dace43fcdf8abc4c737bf166e9942e4e2383,raw/qwen3.5-4b/state_303/USB_Male/DSUB_Male.json,0.3490341000142507,C,0.1802415137478591,0.264857784404844,0.552906696932371,-1.7134575843811035,-1.3285622596740723,-0.5925660133361816,0.001994004914925851
qwen3.5:4b,state_303,DSUB_Male,DSUB connector,DSUB_Male,True,True,False,input_crops/state_303/DSUB_Male.png,951cf97dc3898e2a3029bf7b3818dace43fcdf8abc4c737bf166e9942e4e2383,raw/qwen3.5-4b/state_303/DSUB_Male/DSUB_Male.json,0.32856019999599084,A,0.863619744678796,0.06562692744394566,0.06908276049823155,-0.14662271738052368,-2.723769187927246,-2.672450065612793,0.0016705673790267106
